method,seed,first_environment_step,last_environment_step,actual_demo_samples,actual_online_samples,actual_demo_samples_total,actual_online_samples_total,actual_demo_batch_count_mean,actual_online_batch_count_mean,actual_demo_batch_count_min,actual_demo_batch_count_max
pure,0,1,300,0,0,0,0,0.0,0.0,0,0
pure,0,301,600,0,6464,0,6464,0.0,64.0,0,0
pure,0,601,900,0,19200,0,25664,0.0,64.0,0,0
pure,0,901,1200,0,19200,0,44864,0.0,64.0,0,0
pure,0,1201,1500,0,19200,0,64064,0.0,64.0,0,0
pure,0,1501,1800,0,19200,0,83264,0.0,64.0,0,0
pure,0,1801,2100,0,19200,0,102464,0.0,64.0,0,0
pure,0,2101,2126,0,1664,0,104128,0.0,64.0,0,0
pure,0,2127,2426,0,19200,0,123328,0.0,64.0,0,0
pure,0,2427,2726,0,19200,0,142528,0.0,64.0,0,0
pure,0,2727,3026,0,19200,0,161728,0.0,64.0,0,0
pure,0,3027,3326,0,19200,0,180928,0.0,64.0,0,0
pure,0,3327,3626,0,19200,0,200128,0.0,64.0,0,0
pure,0,3627,3926,0,19200,0,219328,0.0,64.0,0,0
pure,0,3927,4226,0,19200,0,238528,0.0,64.0,0,0
pure,0,4227,4526,0,19200,0,257728,0.0,64.0,0,0
pure,0,4527,4826,0,19200,0,276928,0.0,64.0,0,0
pure,0,4827,4885,0,3776,0,280704,0.0,64.0,0,0
pure,0,4886,5185,0,19200,0,299904,0.0,64.0,0,0
pure,0,5186,5485,0,19200,0,319104,0.0,64.0,0,0
pure,0,5486,5785,0,19200,0,338304,0.0,64.0,0,0
pure,0,5786,6085,0,19200,0,357504,0.0,64.0,0,0
pure,0,6086,6385,0,19200,0,376704,0.0,64.0,0,0
pure,0,6386,6500,0,7360,0,384064,0.0,64.0,0,0
pure,0,6501,6800,0,19200,0,403264,0.0,64.0,0,0
pure,0,6801,7100,0,19200,0,422464,0.0,64.0,0,0
pure,0,7101,7400,0,19200,0,441664,0.0,64.0,0,0
pure,0,7401,7700,0,19200,0,460864,0.0,64.0,0,0
pure,0,7701,7779,0,5056,0,465920,0.0,64.0,0,0
pure,0,7780,8079,0,19200,0,485120,0.0,64.0,0,0
pure,0,8080,8172,0,5952,0,491072,0.0,64.0,0,0
pure,0,8173,8472,0,19200,0,510272,0.0,64.0,0,0
pure,0,8473,8551,0,5056,0,515328,0.0,64.0,0,0
pure,0,8552,8851,0,19200,0,534528,0.0,64.0,0,0
pure,0,8852,9151,0,19200,0,553728,0.0,64.0,0,0
pure,0,9152,9309,0,10112,0,563840,0.0,64.0,0,0
pure,0,9310,9609,0,19200,0,583040,0.0,64.0,0,0
pure,0,9610,9837,0,14592,0,597632,0.0,64.0,0,0
pure,0,9838,10037,0,12800,0,610432,0.0,64.0,0,0
pure,0,10038,10113,0,4864,0,615296,0.0,64.0,0,0
pure,0,10114,10413,0,19200,0,634496,0.0,64.0,0,0
pure,0,10414,10713,0,19200,0,653696,0.0,64.0,0,0
pure,0,10714,10808,0,6080,0,659776,0.0,64.0,0,0
pure,0,10809,10911,0,6592,0,666368,0.0,64.0,0,0
pure,0,10912,10924,0,832,0,667200,0.0,64.0,0,0
pure,0,10925,11224,0,19200,0,686400,0.0,64.0,0,0
pure,0,11225,11524,0,19200,0,705600,0.0,64.0,0,0
pure,0,11525,11824,0,19200,0,724800,0.0,64.0,0,0
pure,0,11825,12124,0,19200,0,744000,0.0,64.0,0,0
pure,0,12125,12424,0,19200,0,763200,0.0,64.0,0,0
pure,0,12425,12514,0,5760,0,768960,0.0,64.0,0,0
pure,0,12515,12539,0,1600,0,770560,0.0,64.0,0,0
pure,0,12540,12839,0,19200,0,789760,0.0,64.0,0,0
pure,0,12840,13139,0,19200,0,808960,0.0,64.0,0,0
pure,0,13140,13439,0,19200,0,828160,0.0,64.0,0,0
pure,0,13440,13478,0,2496,0,830656,0.0,64.0,0,0
pure,0,13479,13539,0,3904,0,834560,0.0,64.0,0,0
pure,0,13540,13839,0,19200,0,853760,0.0,64.0,0,0
pure,0,13840,14139,0,19200,0,872960,0.0,64.0,0,0
pure,0,14140,14291,0,9728,0,882688,0.0,64.0,0,0
pure,0,14292,14591,0,19200,0,901888,0.0,64.0,0,0
pure,0,14592,14891,0,19200,0,921088,0.0,64.0,0,0
pure,0,14892,15191,0,19200,0,940288,0.0,64.0,0,0
pure,0,15192,15253,0,3968,0,944256,0.0,64.0,0,0
pure,0,15254,15401,0,9472,0,953728,0.0,64.0,0,0
pure,0,15402,15472,0,4544,0,958272,0.0,64.0,0,0
pure,0,15473,15703,0,14784,0,973056,0.0,64.0,0,0
pure,0,15704,15756,0,3392,0,976448,0.0,64.0,0,0
pure,0,15757,16056,0,19200,0,995648,0.0,64.0,0,0
pure,0,16057,16356,0,19200,0,1014848,0.0,64.0,0,0
pure,0,16357,16372,0,1024,0,1015872,0.0,64.0,0,0
pure,0,16373,16672,0,19200,0,1035072,0.0,64.0,0,0
pure,0,16673,16972,0,19200,0,1054272,0.0,64.0,0,0
pure,0,16973,17272,0,19200,0,1073472,0.0,64.0,0,0
pure,0,17273,17375,0,6592,0,1080064,0.0,64.0,0,0
pure,0,17376,17437,0,3968,0,1084032,0.0,64.0,0,0
pure,0,17438,17483,0,2944,0,1086976,0.0,64.0,0,0
pure,0,17484,17686,0,12992,0,1099968,0.0,64.0,0,0
pure,0,17687,17792,0,6784,0,1106752,0.0,64.0,0,0
pure,0,17793,18092,0,19200,0,1125952,0.0,64.0,0,0
pure,0,18093,18197,0,6720,0,1132672,0.0,64.0,0,0
pure,0,18198,18497,0,19200,0,1151872,0.0,64.0,0,0
pure,0,18498,18637,0,8960,0,1160832,0.0,64.0,0,0
pure,0,18638,18755,0,7552,0,1168384,0.0,64.0,0,0
pure,0,18756,19055,0,19200,0,1187584,0.0,64.0,0,0
pure,0,19056,19298,0,15552,0,1203136,0.0,64.0,0,0
pure,0,19299,19598,0,19200,0,1222336,0.0,64.0,0,0
pure,0,19599,19831,0,14912,0,1237248,0.0,64.0,0,0
pure,0,19832,20131,0,19200,0,1256448,0.0,64.0,0,0
pure,0,20132,20431,0,19200,0,1275648,0.0,64.0,0,0
pure,0,20432,20731,0,19200,0,1294848,0.0,64.0,0,0
pure,0,20732,21031,0,19200,0,1314048,0.0,64.0,0,0
pure,0,21032,21106,0,4800,0,1318848,0.0,64.0,0,0
pure,0,21107,21406,0,19200,0,1338048,0.0,64.0,0,0
pure,0,21407,21419,0,832,0,1338880,0.0,64.0,0,0
pure,0,21420,21719,0,19200,0,1358080,0.0,64.0,0,0
pure,0,21720,21774,0,3520,0,1361600,0.0,64.0,0,0
pure,0,21775,21796,0,1408,0,1363008,0.0,64.0,0,0
pure,0,21797,22096,0,19200,0,1382208,0.0,64.0,0,0
pure,0,22097,22164,0,4352,0,1386560,0.0,64.0,0,0
pure,0,22165,22261,0,6208,0,1392768,0.0,64.0,0,0
pure,0,22262,22368,0,6848,0,1399616,0.0,64.0,0,0
pure,0,22369,22631,0,16832,0,1416448,0.0,64.0,0,0
pure,0,22632,22931,0,19200,0,1435648,0.0,64.0,0,0
pure,0,22932,22965,0,2176,0,1437824,0.0,64.0,0,0
pure,0,22966,23049,0,5376,0,1443200,0.0,64.0,0,0
pure,0,23050,23146,0,6208,0,1449408,0.0,64.0,0,0
pure,0,23147,23283,0,8768,0,1458176,0.0,64.0,0,0
pure,0,23284,23448,0,10560,0,1468736,0.0,64.0,0,0
pure,0,23449,23554,0,6784,0,1475520,0.0,64.0,0,0
pure,0,23555,23854,0,19200,0,1494720,0.0,64.0,0,0
pure,0,23855,23889,0,2240,0,1496960,0.0,64.0,0,0
pure,0,23890,23969,0,5120,0,1502080,0.0,64.0,0,0
pure,0,23970,24122,0,9792,0,1511872,0.0,64.0,0,0
pure,0,24123,24361,0,15296,0,1527168,0.0,64.0,0,0
pure,0,24362,24661,0,19200,0,1546368,0.0,64.0,0,0
pure,0,24662,24765,0,6656,0,1553024,0.0,64.0,0,0
pure,0,24766,24952,0,11968,0,1564992,0.0,64.0,0,0
pure,0,24953,24986,0,2176,0,1567168,0.0,64.0,0,0
pure,0,24987,25104,0,7552,0,1574720,0.0,64.0,0,0
pure,0,25105,25175,0,4544,0,1579264,0.0,64.0,0,0
pure,0,25176,25475,0,19200,0,1598464,0.0,64.0,0,0
pure,0,25476,25524,0,3136,0,1601600,0.0,64.0,0,0
pure,0,25525,25824,0,19200,0,1620800,0.0,64.0,0,0
pure,0,25825,26124,0,19200,0,1640000,0.0,64.0,0,0
pure,0,26125,26424,0,19200,0,1659200,0.0,64.0,0,0
pure,0,26425,26461,0,2368,0,1661568,0.0,64.0,0,0
pure,0,26462,26493,0,2048,0,1663616,0.0,64.0,0,0
pure,0,26494,26793,0,19200,0,1682816,0.0,64.0,0,0
pure,0,26794,26894,0,6464,0,1689280,0.0,64.0,0,0
pure,0,26895,27194,0,19200,0,1708480,0.0,64.0,0,0
pure,0,27195,27372,0,11392,0,1719872,0.0,64.0,0,0
pure,0,27373,27636,0,16896,0,1736768,0.0,64.0,0,0
pure,0,27637,27793,0,10048,0,1746816,0.0,64.0,0,0
pure,0,27794,27842,0,3136,0,1749952,0.0,64.0,0,0
pure,0,27843,28142,0,19200,0,1769152,0.0,64.0,0,0
pure,0,28143,28442,0,19200,0,1788352,0.0,64.0,0,0
pure,0,28443,28461,0,1216,0,1789568,0.0,64.0,0,0
pure,0,28462,28710,0,15936,0,1805504,0.0,64.0,0,0
pure,0,28711,28827,0,7488,0,1812992,0.0,64.0,0,0
pure,0,28828,28971,0,9216,0,1822208,0.0,64.0,0,0
pure,0,28972,29271,0,19200,0,1841408,0.0,64.0,0,0
pure,0,29272,29571,0,19200,0,1860608,0.0,64.0,0,0
pure,0,29572,29690,0,7616,0,1868224,0.0,64.0,0,0
pure,0,29691,29709,0,1216,0,1869440,0.0,64.0,0,0
pure,0,29710,30009,0,19200,0,1888640,0.0,64.0,0,0
pure,0,30010,30309,0,19200,0,1907840,0.0,64.0,0,0
pure,0,30310,30338,0,1856,0,1909696,0.0,64.0,0,0
pure,0,30339,30638,0,19200,0,1928896,0.0,64.0,0,0
pure,0,30639,30706,0,4352,0,1933248,0.0,64.0,0,0
pure,0,30707,30801,0,6080,0,1939328,0.0,64.0,0,0
pure,0,30802,31101,0,19200,0,1958528,0.0,64.0,0,0
pure,0,31102,31401,0,19200,0,1977728,0.0,64.0,0,0
pure,0,31402,31584,0,11712,0,1989440,0.0,64.0,0,0
pure,0,31585,31661,0,4928,0,1994368,0.0,64.0,0,0
pure,0,31662,31810,0,9536,0,2003904,0.0,64.0,0,0
pure,0,31811,31910,0,6400,0,2010304,0.0,64.0,0,0
pure,0,31911,31967,0,3648,0,2013952,0.0,64.0,0,0
pure,0,31968,32039,0,4608,0,2018560,0.0,64.0,0,0
pure,0,32040,32120,0,5184,0,2023744,0.0,64.0,0,0
pure,0,32121,32420,0,19200,0,2042944,0.0,64.0,0,0
pure,0,32421,32690,0,17280,0,2060224,0.0,64.0,0,0
pure,0,32691,32990,0,19200,0,2079424,0.0,64.0,0,0
pure,0,32991,33045,0,3520,0,2082944,0.0,64.0,0,0
pure,0,33046,33345,0,19200,0,2102144,0.0,64.0,0,0
pure,0,33346,33510,0,10560,0,2112704,0.0,64.0,0,0
pure,0,33511,33733,0,14272,0,2126976,0.0,64.0,0,0
pure,0,33734,33796,0,4032,0,2131008,0.0,64.0,0,0
pure,0,33797,34096,0,19200,0,2150208,0.0,64.0,0,0
pure,0,34097,34305,0,13376,0,2163584,0.0,64.0,0,0
pure,0,34306,34573,0,17152,0,2180736,0.0,64.0,0,0
pure,0,34574,34873,0,19200,0,2199936,0.0,64.0,0,0
pure,0,34874,35173,0,19200,0,2219136,0.0,64.0,0,0
pure,0,35174,35239,0,4224,0,2223360,0.0,64.0,0,0
pure,0,35240,35276,0,2368,0,2225728,0.0,64.0,0,0
pure,0,35277,35565,0,18496,0,2244224,0.0,64.0,0,0
pure,0,35566,35841,0,17664,0,2261888,0.0,64.0,0,0
pure,0,35842,36141,0,19200,0,2281088,0.0,64.0,0,0
pure,0,36142,36175,0,2176,0,2283264,0.0,64.0,0,0
pure,0,36176,36475,0,19200,0,2302464,0.0,64.0,0,0
pure,0,36476,36634,0,10176,0,2312640,0.0,64.0,0,0
pure,0,36635,36819,0,11840,0,2324480,0.0,64.0,0,0
pure,0,36820,36911,0,5888,0,2330368,0.0,64.0,0,0
pure,0,36912,36927,0,1024,0,2331392,0.0,64.0,0,0
pure,0,36928,37060,0,8512,0,2339904,0.0,64.0,0,0
pure,0,37061,37157,0,6208,0,2346112,0.0,64.0,0,0
pure,0,37158,37398,0,15424,0,2361536,0.0,64.0,0,0
pure,0,37399,37465,0,4288,0,2365824,0.0,64.0,0,0
pure,0,37466,37491,0,1664,0,2367488,0.0,64.0,0,0
pure,0,37492,37512,0,1344,0,2368832,0.0,64.0,0,0
pure,0,37513,37751,0,15296,0,2384128,0.0,64.0,0,0
pure,0,37752,37840,0,5696,0,2389824,0.0,64.0,0,0
pure,0,37841,37883,0,2752,0,2392576,0.0,64.0,0,0
pure,0,37884,37977,0,6016,0,2398592,0.0,64.0,0,0
pure,0,37978,38132,0,9920,0,2408512,0.0,64.0,0,0
pure,0,38133,38247,0,7360,0,2415872,0.0,64.0,0,0
pure,0,38248,38504,0,16448,0,2432320,0.0,64.0,0,0
pure,0,38505,38557,0,3392,0,2435712,0.0,64.0,0,0
pure,0,38558,38667,0,7040,0,2442752,0.0,64.0,0,0
pure,0,38668,38962,0,18880,0,2461632,0.0,64.0,0,0
pure,0,38963,39097,0,8640,0,2470272,0.0,64.0,0,0
pure,0,39098,39263,0,10624,0,2480896,0.0,64.0,0,0
pure,0,39264,39307,0,2816,0,2483712,0.0,64.0,0,0
pure,0,39308,39607,0,19200,0,2502912,0.0,64.0,0,0
pure,0,39608,39907,0,19200,0,2522112,0.0,64.0,0,0
pure,0,39908,40085,0,11392,0,2533504,0.0,64.0,0,0
pure,0,40086,40133,0,3072,0,2536576,0.0,64.0,0,0
pure,0,40134,40391,0,16512,0,2553088,0.0,64.0,0,0
pure,0,40392,40421,0,1920,0,2555008,0.0,64.0,0,0
pure,0,40422,40618,0,12608,0,2567616,0.0,64.0,0,0
pure,0,40619,40665,0,3008,0,2570624,0.0,64.0,0,0
pure,0,40666,40965,0,19200,0,2589824,0.0,64.0,0,0
pure,0,40966,41265,0,19200,0,2609024,0.0,64.0,0,0
pure,0,41266,41565,0,19200,0,2628224,0.0,64.0,0,0
pure,0,41566,41841,0,17664,0,2645888,0.0,64.0,0,0
pure,0,41842,41953,0,7168,0,2653056,0.0,64.0,0,0
pure,0,41954,42253,0,19200,0,2672256,0.0,64.0,0,0
pure,0,42254,42312,0,3776,0,2676032,0.0,64.0,0,0
pure,0,42313,42612,0,19200,0,2695232,0.0,64.0,0,0
pure,0,42613,42756,0,9216,0,2704448,0.0,64.0,0,0
pure,0,42757,42771,0,960,0,2705408,0.0,64.0,0,0
pure,0,42772,42786,0,960,0,2706368,0.0,64.0,0,0
pure,0,42787,43030,0,15616,0,2721984,0.0,64.0,0,0
pure,0,43031,43330,0,19200,0,2741184,0.0,64.0,0,0
pure,0,43331,43366,0,2304,0,2743488,0.0,64.0,0,0
pure,0,43367,43491,0,8000,0,2751488,0.0,64.0,0,0
pure,0,43492,43537,0,2944,0,2754432,0.0,64.0,0,0
pure,0,43538,43564,0,1728,0,2756160,0.0,64.0,0,0
pure,0,43565,43619,0,3520,0,2759680,0.0,64.0,0,0
pure,0,43620,43713,0,6016,0,2765696,0.0,64.0,0,0
pure,0,43714,43749,0,2304,0,2768000,0.0,64.0,0,0
pure,0,43750,43797,0,3072,0,2771072,0.0,64.0,0,0
pure,0,43798,43921,0,7936,0,2779008,0.0,64.0,0,0
pure,0,43922,44221,0,19200,0,2798208,0.0,64.0,0,0
pure,0,44222,44238,0,1088,0,2799296,0.0,64.0,0,0
pure,0,44239,44538,0,19200,0,2818496,0.0,64.0,0,0
pure,0,44539,44742,0,13056,0,2831552,0.0,64.0,0,0
pure,0,44743,44789,0,3008,0,2834560,0.0,64.0,0,0
pure,0,44790,44834,0,2880,0,2837440,0.0,64.0,0,0
pure,0,44835,45134,0,19200,0,2856640,0.0,64.0,0,0
pure,0,45135,45334,0,12800,0,2869440,0.0,64.0,0,0
pure,0,45335,45410,0,4864,0,2874304,0.0,64.0,0,0
pure,0,45411,45710,0,19200,0,2893504,0.0,64.0,0,0
pure,0,45711,45962,0,16128,0,2909632,0.0,64.0,0,0
pure,0,45963,46023,0,3904,0,2913536,0.0,64.0,0,0
pure,0,46024,46060,0,2368,0,2915904,0.0,64.0,0,0
pure,0,46061,46084,0,1536,0,2917440,0.0,64.0,0,0
pure,0,46085,46384,0,19200,0,2936640,0.0,64.0,0,0
pure,0,46385,46625,0,15424,0,2952064,0.0,64.0,0,0
pure,0,46626,46658,0,2112,0,2954176,0.0,64.0,0,0
pure,0,46659,46816,0,10112,0,2964288,0.0,64.0,0,0
pure,0,46817,46892,0,4864,0,2969152,0.0,64.0,0,0
pure,0,46893,46958,0,4224,0,2973376,0.0,64.0,0,0
pure,0,46959,47072,0,7296,0,2980672,0.0,64.0,0,0
pure,0,47073,47119,0,3008,0,2983680,0.0,64.0,0,0
pure,0,47120,47128,0,576,0,2984256,0.0,64.0,0,0
pure,0,47129,47231,0,6592,0,2990848,0.0,64.0,0,0
pure,0,47232,47505,0,17536,0,3008384,0.0,64.0,0,0
pure,0,47506,47565,0,3840,0,3012224,0.0,64.0,0,0
pure,0,47566,47821,0,16384,0,3028608,0.0,64.0,0,0
pure,0,47822,48121,0,19200,0,3047808,0.0,64.0,0,0
pure,0,48122,48282,0,10304,0,3058112,0.0,64.0,0,0
pure,0,48283,48293,0,704,0,3058816,0.0,64.0,0,0
pure,0,48294,48411,0,7552,0,3066368,0.0,64.0,0,0
pure,0,48412,48711,0,19200,0,3085568,0.0,64.0,0,0
pure,0,48712,49011,0,19200,0,3104768,0.0,64.0,0,0
pure,0,49012,49157,0,9344,0,3114112,0.0,64.0,0,0
pure,0,49158,49457,0,19200,0,3133312,0.0,64.0,0,0
pure,0,49458,49538,0,5184,0,3138496,0.0,64.0,0,0
pure,0,49539,49600,0,3968,0,3142464,0.0,64.0,0,0
pure,0,49601,49624,0,1536,0,3144000,0.0,64.0,0,0
pure,0,49625,49904,0,17920,0,3161920,0.0,64.0,0,0
pure,0,49905,50204,0,19200,0,3181120,0.0,64.0,0,0
pure,0,50205,50504,0,19200,0,3200320,0.0,64.0,0,0
pure,0,50505,50535,0,1984,0,3202304,0.0,64.0,0,0
pure,0,50536,50659,0,7936,0,3210240,0.0,64.0,0,0
pure,0,50660,50750,0,5824,0,3216064,0.0,64.0,0,0
pure,0,50751,50832,0,5248,0,3221312,0.0,64.0,0,0
pure,0,50833,51132,0,19200,0,3240512,0.0,64.0,0,0
pure,0,51133,51217,0,5440,0,3245952,0.0,64.0,0,0
pure,0,51218,51275,0,3712,0,3249664,0.0,64.0,0,0
pure,0,51276,51575,0,19200,0,3268864,0.0,64.0,0,0
pure,0,51576,51590,0,960,0,3269824,0.0,64.0,0,0
pure,0,51591,51609,0,1216,0,3271040,0.0,64.0,0,0
pure,0,51610,51764,0,9920,0,3280960,0.0,64.0,0,0
pure,0,51765,52064,0,19200,0,3300160,0.0,64.0,0,0
pure,0,52065,52117,0,3392,0,3303552,0.0,64.0,0,0
pure,0,52118,52360,0,15552,0,3319104,0.0,64.0,0,0
pure,0,52361,52481,0,7744,0,3326848,0.0,64.0,0,0
pure,0,52482,52535,0,3456,0,3330304,0.0,64.0,0,0
pure,0,52536,52603,0,4352,0,3334656,0.0,64.0,0,0
pure,0,52604,52625,0,1408,0,3336064,0.0,64.0,0,0
pure,0,52626,52677,0,3328,0,3339392,0.0,64.0,0,0
pure,0,52678,52977,0,19200,0,3358592,0.0,64.0,0,0
pure,0,52978,53231,0,16256,0,3374848,0.0,64.0,0,0
pure,0,53232,53248,0,1088,0,3375936,0.0,64.0,0,0
pure,0,53249,53286,0,2432,0,3378368,0.0,64.0,0,0
pure,0,53287,53586,0,19200,0,3397568,0.0,64.0,0,0
pure,0,53587,53731,0,9280,0,3406848,0.0,64.0,0,0
pure,0,53732,53758,0,1728,0,3408576,0.0,64.0,0,0
pure,0,53759,54027,0,17216,0,3425792,0.0,64.0,0,0
pure,0,54028,54080,0,3392,0,3429184,0.0,64.0,0,0
pure,0,54081,54255,0,11200,0,3440384,0.0,64.0,0,0
pure,0,54256,54555,0,19200,0,3459584,0.0,64.0,0,0
pure,0,54556,54739,0,11776,0,3471360,0.0,64.0,0,0
pure,0,54740,55039,0,19200,0,3490560,0.0,64.0,0,0
pure,0,55040,55106,0,4288,0,3494848,0.0,64.0,0,0
pure,0,55107,55406,0,19200,0,3514048,0.0,64.0,0,0
pure,0,55407,55485,0,5056,0,3519104,0.0,64.0,0,0
pure,0,55486,55565,0,5120,0,3524224,0.0,64.0,0,0
pure,0,55566,55709,0,9216,0,3533440,0.0,64.0,0,0
pure,0,55710,56009,0,19200,0,3552640,0.0,64.0,0,0
pure,0,56010,56092,0,5312,0,3557952,0.0,64.0,0,0
pure,0,56093,56392,0,19200,0,3577152,0.0,64.0,0,0
pure,0,56393,56605,0,13632,0,3590784,0.0,64.0,0,0
pure,0,56606,56791,0,11904,0,3602688,0.0,64.0,0,0
pure,0,56792,57091,0,19200,0,3621888,0.0,64.0,0,0
pure,0,57092,57193,0,6528,0,3628416,0.0,64.0,0,0
pure,0,57194,57263,0,4480,0,3632896,0.0,64.0,0,0
pure,0,57264,57524,0,16704,0,3649600,0.0,64.0,0,0
pure,0,57525,57690,0,10624,0,3660224,0.0,64.0,0,0
pure,0,57691,57951,0,16704,0,3676928,0.0,64.0,0,0
pure,0,57952,58175,0,14336,0,3691264,0.0,64.0,0,0
pure,0,58176,58475,0,19200,0,3710464,0.0,64.0,0,0
pure,0,58476,58775,0,19200,0,3729664,0.0,64.0,0,0
pure,0,58776,58802,0,1728,0,3731392,0.0,64.0,0,0
pure,0,58803,58854,0,3328,0,3734720,0.0,64.0,0,0
pure,0,58855,59059,0,13120,0,3747840,0.0,64.0,0,0
pure,0,59060,59076,0,1088,0,3748928,0.0,64.0,0,0
pure,0,59077,59165,0,5696,0,3754624,0.0,64.0,0,0
pure,0,59166,59465,0,19200,0,3773824,0.0,64.0,0,0
pure,0,59466,59523,0,3712,0,3777536,0.0,64.0,0,0
pure,0,59524,59642,0,7616,0,3785152,0.0,64.0,0,0
pure,0,59643,59686,0,2816,0,3787968,0.0,64.0,0,0
pure,0,59687,59794,0,6912,0,3794880,0.0,64.0,0,0
pure,0,59795,60022,0,14592,0,3809472,0.0,64.0,0,0
pure,0,60023,60035,0,832,0,3810304,0.0,64.0,0,0
pure,0,60036,60090,0,3520,0,3813824,0.0,64.0,0,0
pure,0,60091,60332,0,15488,0,3829312,0.0,64.0,0,0
pure,0,60333,60386,0,3456,0,3832768,0.0,64.0,0,0
pure,0,60387,60445,0,3776,0,3836544,0.0,64.0,0,0
pure,0,60446,60745,0,19200,0,3855744,0.0,64.0,0,0
pure,0,60746,61045,0,19200,0,3874944,0.0,64.0,0,0
pure,0,61046,61247,0,12928,0,3887872,0.0,64.0,0,0
pure,0,61248,61547,0,19200,0,3907072,0.0,64.0,0,0
pure,0,61548,61608,0,3904,0,3910976,0.0,64.0,0,0
pure,0,61609,61908,0,19200,0,3930176,0.0,64.0,0,0
pure,0,61909,61927,0,1216,0,3931392,0.0,64.0,0,0
pure,0,61928,61963,0,2304,0,3933696,0.0,64.0,0,0
pure,0,61964,62012,0,3136,0,3936832,0.0,64.0,0,0
pure,0,62013,62084,0,4608,0,3941440,0.0,64.0,0,0
pure,0,62085,62384,0,19200,0,3960640,0.0,64.0,0,0
pure,0,62385,62468,0,5376,0,3966016,0.0,64.0,0,0
pure,0,62469,62768,0,19200,0,3985216,0.0,64.0,0,0
pure,0,62769,62812,0,2816,0,3988032,0.0,64.0,0,0
pure,0,62813,62880,0,4352,0,3992384,0.0,64.0,0,0
pure,0,62881,63122,0,15488,0,4007872,0.0,64.0,0,0
pure,0,63123,63142,0,1280,0,4009152,0.0,64.0,0,0
pure,0,63143,63238,0,6144,0,4015296,0.0,64.0,0,0
pure,0,63239,63538,0,19200,0,4034496,0.0,64.0,0,0
pure,0,63539,63618,0,5120,0,4039616,0.0,64.0,0,0
pure,0,63619,63656,0,2432,0,4042048,0.0,64.0,0,0
pure,0,63657,63801,0,9280,0,4051328,0.0,64.0,0,0
pure,0,63802,64101,0,19200,0,4070528,0.0,64.0,0,0
pure,0,64102,64157,0,3584,0,4074112,0.0,64.0,0,0
pure,0,64158,64457,0,19200,0,4093312,0.0,64.0,0,0
pure,0,64458,64530,0,4672,0,4097984,0.0,64.0,0,0
pure,0,64531,64692,0,10368,0,4108352,0.0,64.0,0,0
pure,0,64693,64708,0,1024,0,4109376,0.0,64.0,0,0
pure,0,64709,64927,0,14016,0,4123392,0.0,64.0,0,0
pure,0,64928,64988,0,3904,0,4127296,0.0,64.0,0,0
pure,0,64989,65027,0,2496,0,4129792,0.0,64.0,0,0
pure,0,65028,65327,0,19200,0,4148992,0.0,64.0,0,0
pure,0,65328,65368,0,2624,0,4151616,0.0,64.0,0,0
pure,0,65369,65543,0,11200,0,4162816,0.0,64.0,0,0
pure,0,65544,65843,0,19200,0,4182016,0.0,64.0,0,0
pure,0,65844,65932,0,5696,0,4187712,0.0,64.0,0,0
pure,0,65933,66232,0,19200,0,4206912,0.0,64.0,0,0
pure,0,66233,66532,0,19200,0,4226112,0.0,64.0,0,0
pure,0,66533,66696,0,10496,0,4236608,0.0,64.0,0,0
pure,0,66697,66996,0,19200,0,4255808,0.0,64.0,0,0
pure,0,66997,67108,0,7168,0,4262976,0.0,64.0,0,0
pure,0,67109,67408,0,19200,0,4282176,0.0,64.0,0,0
pure,0,67409,67708,0,19200,0,4301376,0.0,64.0,0,0
pure,0,67709,67838,0,8320,0,4309696,0.0,64.0,0,0
pure,0,67839,67880,0,2688,0,4312384,0.0,64.0,0,0
pure,0,67881,68180,0,19200,0,4331584,0.0,64.0,0,0
pure,0,68181,68378,0,12672,0,4344256,0.0,64.0,0,0
pure,0,68379,68678,0,19200,0,4363456,0.0,64.0,0,0
pure,0,68679,68967,0,18496,0,4381952,0.0,64.0,0,0
pure,0,68968,69007,0,2560,0,4384512,0.0,64.0,0,0
pure,0,69008,69307,0,19200,0,4403712,0.0,64.0,0,0
pure,0,69308,69381,0,4736,0,4408448,0.0,64.0,0,0
pure,0,69382,69393,0,768,0,4409216,0.0,64.0,0,0
pure,0,69394,69693,0,19200,0,4428416,0.0,64.0,0,0
pure,0,69694,69943,0,16000,0,4444416,0.0,64.0,0,0
pure,0,69944,69991,0,3072,0,4447488,0.0,64.0,0,0
pure,0,69992,70124,0,8512,0,4456000,0.0,64.0,0,0
pure,0,70125,70299,0,11200,0,4467200,0.0,64.0,0,0
pure,0,70300,70316,0,1088,0,4468288,0.0,64.0,0,0
pure,0,70317,70400,0,5376,0,4473664,0.0,64.0,0,0
pure,0,70401,70578,0,11392,0,4485056,0.0,64.0,0,0
pure,0,70579,70604,0,1664,0,4486720,0.0,64.0,0,0
pure,0,70605,70630,0,1664,0,4488384,0.0,64.0,0,0
pure,0,70631,70642,0,768,0,4489152,0.0,64.0,0,0
pure,0,70643,70852,0,13440,0,4502592,0.0,64.0,0,0
pure,0,70853,71152,0,19200,0,4521792,0.0,64.0,0,0
pure,0,71153,71191,0,2496,0,4524288,0.0,64.0,0,0
pure,0,71192,71215,0,1536,0,4525824,0.0,64.0,0,0
pure,0,71216,71515,0,19200,0,4545024,0.0,64.0,0,0
pure,0,71516,71623,0,6912,0,4551936,0.0,64.0,0,0
pure,0,71624,71658,0,2240,0,4554176,0.0,64.0,0,0
pure,0,71659,71762,0,6656,0,4560832,0.0,64.0,0,0
pure,0,71763,72062,0,19200,0,4580032,0.0,64.0,0,0
pure,0,72063,72103,0,2624,0,4582656,0.0,64.0,0,0
pure,0,72104,72167,0,4096,0,4586752,0.0,64.0,0,0
pure,0,72168,72467,0,19200,0,4605952,0.0,64.0,0,0
pure,0,72468,72767,0,19200,0,4625152,0.0,64.0,0,0
pure,0,72768,73067,0,19200,0,4644352,0.0,64.0,0,0
pure,0,73068,73118,0,3264,0,4647616,0.0,64.0,0,0
pure,0,73119,73129,0,704,0,4648320,0.0,64.0,0,0
pure,0,73130,73209,0,5120,0,4653440,0.0,64.0,0,0
pure,0,73210,73278,0,4416,0,4657856,0.0,64.0,0,0
pure,0,73279,73578,0,19200,0,4677056,0.0,64.0,0,0
pure,0,73579,73878,0,19200,0,4696256,0.0,64.0,0,0
pure,0,73879,74178,0,19200,0,4715456,0.0,64.0,0,0
pure,0,74179,74222,0,2816,0,4718272,0.0,64.0,0,0
pure,0,74223,74302,0,5120,0,4723392,0.0,64.0,0,0
pure,0,74303,74602,0,19200,0,4742592,0.0,64.0,0,0
pure,0,74603,74704,0,6528,0,4749120,0.0,64.0,0,0
pure,0,74705,74753,0,3136,0,4752256,0.0,64.0,0,0
pure,0,74754,74966,0,13632,0,4765888,0.0,64.0,0,0
pure,0,74967,75266,0,19200,0,4785088,0.0,64.0,0,0
pure,0,75267,75566,0,19200,0,4804288,0.0,64.0,0,0
pure,0,75567,75866,0,19200,0,4823488,0.0,64.0,0,0
pure,0,75867,76166,0,19200,0,4842688,0.0,64.0,0,0
pure,0,76167,76183,0,1088,0,4843776,0.0,64.0,0,0
pure,0,76184,76374,0,12224,0,4856000,0.0,64.0,0,0
pure,0,76375,76601,0,14528,0,4870528,0.0,64.0,0,0
pure,0,76602,76901,0,19200,0,4889728,0.0,64.0,0,0
pure,0,76902,77201,0,19200,0,4908928,0.0,64.0,0,0
pure,0,77202,77501,0,19200,0,4928128,0.0,64.0,0,0
pure,0,77502,77801,0,19200,0,4947328,0.0,64.0,0,0
pure,0,77802,78101,0,19200,0,4966528,0.0,64.0,0,0
pure,0,78102,78401,0,19200,0,4985728,0.0,64.0,0,0
pure,0,78402,78701,0,19200,0,5004928,0.0,64.0,0,0
pure,0,78702,79001,0,19200,0,5024128,0.0,64.0,0,0
pure,0,79002,79134,0,8512,0,5032640,0.0,64.0,0,0
pure,0,79135,79434,0,19200,0,5051840,0.0,64.0,0,0
pure,0,79435,79734,0,19200,0,5071040,0.0,64.0,0,0
pure,0,79735,79785,0,3264,0,5074304,0.0,64.0,0,0
pure,0,79786,80085,0,19200,0,5093504,0.0,64.0,0,0
pure,0,80086,80116,0,1984,0,5095488,0.0,64.0,0,0
pure,0,80117,80161,0,2880,0,5098368,0.0,64.0,0,0
pure,0,80162,80335,0,11136,0,5109504,0.0,64.0,0,0
pure,0,80336,80511,0,11264,0,5120768,0.0,64.0,0,0
pure,0,80512,80557,0,2944,0,5123712,0.0,64.0,0,0
pure,0,80558,80857,0,19200,0,5142912,0.0,64.0,0,0
pure,0,80858,80902,0,2880,0,5145792,0.0,64.0,0,0
pure,0,80903,81202,0,19200,0,5164992,0.0,64.0,0,0
pure,0,81203,81502,0,19200,0,5184192,0.0,64.0,0,0
pure,0,81503,81802,0,19200,0,5203392,0.0,64.0,0,0
pure,0,81803,81850,0,3072,0,5206464,0.0,64.0,0,0
pure,0,81851,82150,0,19200,0,5225664,0.0,64.0,0,0
pure,0,82151,82283,0,8512,0,5234176,0.0,64.0,0,0
pure,0,82284,82291,0,512,0,5234688,0.0,64.0,0,0
pure,0,82292,82366,0,4800,0,5239488,0.0,64.0,0,0
pure,0,82367,82393,0,1728,0,5241216,0.0,64.0,0,0
pure,0,82394,82492,0,6336,0,5247552,0.0,64.0,0,0
pure,0,82493,82792,0,19200,0,5266752,0.0,64.0,0,0
pure,0,82793,82964,0,11008,0,5277760,0.0,64.0,0,0
pure,0,82965,83264,0,19200,0,5296960,0.0,64.0,0,0
pure,0,83265,83310,0,2944,0,5299904,0.0,64.0,0,0
pure,0,83311,83610,0,19200,0,5319104,0.0,64.0,0,0
pure,0,83611,83740,0,8320,0,5327424,0.0,64.0,0,0
pure,0,83741,83847,0,6848,0,5334272,0.0,64.0,0,0
pure,0,83848,84003,0,9984,0,5344256,0.0,64.0,0,0
pure,0,84004,84303,0,19200,0,5363456,0.0,64.0,0,0
pure,0,84304,84365,0,3968,0,5367424,0.0,64.0,0,0
pure,0,84366,84406,0,2624,0,5370048,0.0,64.0,0,0
pure,0,84407,84706,0,19200,0,5389248,0.0,64.0,0,0
pure,0,84707,84847,0,9024,0,5398272,0.0,64.0,0,0
pure,0,84848,84985,0,8832,0,5407104,0.0,64.0,0,0
pure,0,84986,85002,0,1088,0,5408192,0.0,64.0,0,0
pure,0,85003,85184,0,11648,0,5419840,0.0,64.0,0,0
pure,0,85185,85484,0,19200,0,5439040,0.0,64.0,0,0
pure,0,85485,85784,0,19200,0,5458240,0.0,64.0,0,0
pure,0,85785,85805,0,1344,0,5459584,0.0,64.0,0,0
pure,0,85806,86105,0,19200,0,5478784,0.0,64.0,0,0
pure,0,86106,86405,0,19200,0,5497984,0.0,64.0,0,0
pure,0,86406,86705,0,19200,0,5517184,0.0,64.0,0,0
pure,0,86706,86781,0,4864,0,5522048,0.0,64.0,0,0
pure,0,86782,87081,0,19200,0,5541248,0.0,64.0,0,0
pure,0,87082,87183,0,6528,0,5547776,0.0,64.0,0,0
pure,0,87184,87464,0,17984,0,5565760,0.0,64.0,0,0
pure,0,87465,87727,0,16832,0,5582592,0.0,64.0,0,0
pure,0,87728,87763,0,2304,0,5584896,0.0,64.0,0,0
pure,0,87764,87876,0,7232,0,5592128,0.0,64.0,0,0
pure,0,87877,87902,0,1664,0,5593792,0.0,64.0,0,0
pure,0,87903,87969,0,4288,0,5598080,0.0,64.0,0,0
pure,0,87970,88077,0,6912,0,5604992,0.0,64.0,0,0
pure,0,88078,88301,0,14336,0,5619328,0.0,64.0,0,0
pure,0,88302,88341,0,2560,0,5621888,0.0,64.0,0,0
pure,0,88342,88364,0,1472,0,5623360,0.0,64.0,0,0
pure,0,88365,88443,0,5056,0,5628416,0.0,64.0,0,0
pure,0,88444,88584,0,9024,0,5637440,0.0,64.0,0,0
pure,0,88585,88828,0,15616,0,5653056,0.0,64.0,0,0
pure,0,88829,88851,0,1472,0,5654528,0.0,64.0,0,0
pure,0,88852,88945,0,6016,0,5660544,0.0,64.0,0,0
pure,0,88946,89151,0,13184,0,5673728,0.0,64.0,0,0
pure,0,89152,89176,0,1600,0,5675328,0.0,64.0,0,0
pure,0,89177,89279,0,6592,0,5681920,0.0,64.0,0,0
pure,0,89280,89579,0,19200,0,5701120,0.0,64.0,0,0
pure,0,89580,89614,0,2240,0,5703360,0.0,64.0,0,0
pure,0,89615,89631,0,1088,0,5704448,0.0,64.0,0,0
pure,0,89632,89672,0,2624,0,5707072,0.0,64.0,0,0
pure,0,89673,89703,0,1984,0,5709056,0.0,64.0,0,0
pure,0,89704,89977,0,17536,0,5726592,0.0,64.0,0,0
pure,0,89978,90277,0,19200,0,5745792,0.0,64.0,0,0
pure,0,90278,90548,0,17344,0,5763136,0.0,64.0,0,0
pure,0,90549,90620,0,4608,0,5767744,0.0,64.0,0,0
pure,0,90621,90920,0,19200,0,5786944,0.0,64.0,0,0
pure,0,90921,90973,0,3392,0,5790336,0.0,64.0,0,0
pure,0,90974,91085,0,7168,0,5797504,0.0,64.0,0,0
pure,0,91086,91156,0,4544,0,5802048,0.0,64.0,0,0
pure,0,91157,91456,0,19200,0,5821248,0.0,64.0,0,0
pure,0,91457,91481,0,1600,0,5822848,0.0,64.0,0,0
pure,0,91482,91506,0,1600,0,5824448,0.0,64.0,0,0
pure,0,91507,91765,0,16576,0,5841024,0.0,64.0,0,0
pure,0,91766,92005,0,15360,0,5856384,0.0,64.0,0,0
pure,0,92006,92124,0,7616,0,5864000,0.0,64.0,0,0
pure,0,92125,92169,0,2880,0,5866880,0.0,64.0,0,0
pure,0,92170,92210,0,2624,0,5869504,0.0,64.0,0,0
pure,0,92211,92321,0,7104,0,5876608,0.0,64.0,0,0
pure,0,92322,92519,0,12672,0,5889280,0.0,64.0,0,0
pure,0,92520,92543,0,1536,0,5890816,0.0,64.0,0,0
pure,0,92544,92671,0,8192,0,5899008,0.0,64.0,0,0
pure,0,92672,92740,0,4416,0,5903424,0.0,64.0,0,0
pure,0,92741,92804,0,4096,0,5907520,0.0,64.0,0,0
pure,0,92805,92830,0,1664,0,5909184,0.0,64.0,0,0
pure,0,92831,92862,0,2048,0,5911232,0.0,64.0,0,0
pure,0,92863,92913,0,3264,0,5914496,0.0,64.0,0,0
pure,0,92914,93100,0,11968,0,5926464,0.0,64.0,0,0
pure,0,93101,93178,0,4992,0,5931456,0.0,64.0,0,0
pure,0,93179,93478,0,19200,0,5950656,0.0,64.0,0,0
pure,0,93479,93557,0,5056,0,5955712,0.0,64.0,0,0
pure,0,93558,93686,0,8256,0,5963968,0.0,64.0,0,0
pure,0,93687,93755,0,4416,0,5968384,0.0,64.0,0,0
pure,0,93756,93847,0,5888,0,5974272,0.0,64.0,0,0
pure,0,93848,94147,0,19200,0,5993472,0.0,64.0,0,0
pure,0,94148,94238,0,5824,0,5999296,0.0,64.0,0,0
pure,0,94239,94538,0,19200,0,6018496,0.0,64.0,0,0
pure,0,94539,94702,0,10496,0,6028992,0.0,64.0,0,0
pure,0,94703,94736,0,2176,0,6031168,0.0,64.0,0,0
pure,0,94737,94936,0,12800,0,6043968,0.0,64.0,0,0
pure,0,94937,95017,0,5184,0,6049152,0.0,64.0,0,0
pure,0,95018,95129,0,7168,0,6056320,0.0,64.0,0,0
pure,0,95130,95386,0,16448,0,6072768,0.0,64.0,0,0
pure,0,95387,95531,0,9280,0,6082048,0.0,64.0,0,0
pure,0,95532,95809,0,17792,0,6099840,0.0,64.0,0,0
pure,0,95810,95852,0,2752,0,6102592,0.0,64.0,0,0
pure,0,95853,96152,0,19200,0,6121792,0.0,64.0,0,0
pure,0,96153,96316,0,10496,0,6132288,0.0,64.0,0,0
pure,0,96317,96416,0,6400,0,6138688,0.0,64.0,0,0
pure,0,96417,96541,0,8000,0,6146688,0.0,64.0,0,0
pure,0,96542,96614,0,4672,0,6151360,0.0,64.0,0,0
pure,0,96615,96728,0,7296,0,6158656,0.0,64.0,0,0
pure,0,96729,97028,0,19200,0,6177856,0.0,64.0,0,0
pure,0,97029,97328,0,19200,0,6197056,0.0,64.0,0,0
pure,0,97329,97403,0,4800,0,6201856,0.0,64.0,0,0
pure,0,97404,97443,0,2560,0,6204416,0.0,64.0,0,0
pure,0,97444,97516,0,4672,0,6209088,0.0,64.0,0,0
pure,0,97517,97630,0,7296,0,6216384,0.0,64.0,0,0
pure,0,97631,97930,0,19200,0,6235584,0.0,64.0,0,0
pure,0,97931,98078,0,9472,0,6245056,0.0,64.0,0,0
pure,0,98079,98378,0,19200,0,6264256,0.0,64.0,0,0
pure,0,98379,98612,0,14976,0,6279232,0.0,64.0,0,0
pure,0,98613,98912,0,19200,0,6298432,0.0,64.0,0,0
pure,0,98913,98990,0,4992,0,6303424,0.0,64.0,0,0
pure,0,98991,99176,0,11904,0,6315328,0.0,64.0,0,0
pure,0,99177,99259,0,5312,0,6320640,0.0,64.0,0,0
pure,0,99260,99482,0,14272,0,6334912,0.0,64.0,0,0
pure,0,99483,99508,0,1664,0,6336576,0.0,64.0,0,0
pure,0,99509,99544,0,2304,0,6338880,0.0,64.0,0,0
pure,0,99545,99619,0,4800,0,6343680,0.0,64.0,0,0
pure,0,99620,99919,0,19200,0,6362880,0.0,64.0,0,0
pure,0,99920,100004,0,5440,0,6368320,0.0,64.0,0,0
pure,0,100005,100114,0,7040,0,6375360,0.0,64.0,0,0
pure,0,100115,100149,0,2240,0,6377600,0.0,64.0,0,0
pure,0,100150,100235,0,5504,0,6383104,0.0,64.0,0,0
pure,0,100236,100535,0,19200,0,6402304,0.0,64.0,0,0
pure,0,100536,100757,0,14208,0,6416512,0.0,64.0,0,0
pure,0,100758,100875,0,7552,0,6424064,0.0,64.0,0,0
pure,0,100876,101093,0,13952,0,6438016,0.0,64.0,0,0
pure,0,101094,101149,0,3584,0,6441600,0.0,64.0,0,0
pure,0,101150,101201,0,3328,0,6444928,0.0,64.0,0,0
pure,0,101202,101221,0,1280,0,6446208,0.0,64.0,0,0
pure,0,101222,101241,0,1280,0,6447488,0.0,64.0,0,0
pure,0,101242,101310,0,4416,0,6451904,0.0,64.0,0,0
pure,0,101311,101455,0,9280,0,6461184,0.0,64.0,0,0
pure,0,101456,101467,0,768,0,6461952,0.0,64.0,0,0
pure,0,101468,101767,0,19200,0,6481152,0.0,64.0,0,0
pure,0,101768,101948,0,11584,0,6492736,0.0,64.0,0,0
pure,0,101949,101980,0,2048,0,6494784,0.0,64.0,0,0
pure,0,101981,102079,0,6336,0,6501120,0.0,64.0,0,0
pure,0,102080,102110,0,1984,0,6503104,0.0,64.0,0,0
pure,0,102111,102193,0,5312,0,6508416,0.0,64.0,0,0
pure,0,102194,102215,0,1408,0,6509824,0.0,64.0,0,0
pure,0,102216,102335,0,7680,0,6517504,0.0,64.0,0,0
pure,0,102336,102393,0,3712,0,6521216,0.0,64.0,0,0
pure,0,102394,102488,0,6080,0,6527296,0.0,64.0,0,0
pure,0,102489,102592,0,6656,0,6533952,0.0,64.0,0,0
pure,0,102593,102611,0,1216,0,6535168,0.0,64.0,0,0
pure,0,102612,102878,0,17088,0,6552256,0.0,64.0,0,0
pure,0,102879,103122,0,15616,0,6567872,0.0,64.0,0,0
pure,0,103123,103331,0,13376,0,6581248,0.0,64.0,0,0
pure,0,103332,103566,0,15040,0,6596288,0.0,64.0,0,0
pure,0,103567,103866,0,19200,0,6615488,0.0,64.0,0,0
pure,0,103867,103949,0,5312,0,6620800,0.0,64.0,0,0
pure,0,103950,103975,0,1664,0,6622464,0.0,64.0,0,0
pure,0,103976,104045,0,4480,0,6626944,0.0,64.0,0,0
pure,0,104046,104228,0,11712,0,6638656,0.0,64.0,0,0
pure,0,104229,104278,0,3200,0,6641856,0.0,64.0,0,0
pure,0,104279,104327,0,3136,0,6644992,0.0,64.0,0,0
pure,0,104328,104383,0,3584,0,6648576,0.0,64.0,0,0
pure,0,104384,104528,0,9280,0,6657856,0.0,64.0,0,0
pure,0,104529,104539,0,704,0,6658560,0.0,64.0,0,0
pure,0,104540,104739,0,12800,0,6671360,0.0,64.0,0,0
pure,0,104740,104794,0,3520,0,6674880,0.0,64.0,0,0
pure,0,104795,105094,0,19200,0,6694080,0.0,64.0,0,0
pure,0,105095,105150,0,3584,0,6697664,0.0,64.0,0,0
pure,0,105151,105242,0,5888,0,6703552,0.0,64.0,0,0
pure,0,105243,105307,0,4160,0,6707712,0.0,64.0,0,0
pure,0,105308,105563,0,16384,0,6724096,0.0,64.0,0,0
pure,0,105564,105778,0,13760,0,6737856,0.0,64.0,0,0
pure,0,105779,106078,0,19200,0,6757056,0.0,64.0,0,0
pure,0,106079,106093,0,960,0,6758016,0.0,64.0,0,0
pure,0,106094,106393,0,19200,0,6777216,0.0,64.0,0,0
pure,0,106394,106413,0,1280,0,6778496,0.0,64.0,0,0
pure,0,106414,106639,0,14464,0,6792960,0.0,64.0,0,0
pure,0,106640,106674,0,2240,0,6795200,0.0,64.0,0,0
pure,0,106675,106712,0,2432,0,6797632,0.0,64.0,0,0
pure,0,106713,106774,0,3968,0,6801600,0.0,64.0,0,0
pure,0,106775,106795,0,1344,0,6802944,0.0,64.0,0,0
pure,0,106796,106874,0,5056,0,6808000,0.0,64.0,0,0
pure,0,106875,107106,0,14848,0,6822848,0.0,64.0,0,0
pure,0,107107,107367,0,16704,0,6839552,0.0,64.0,0,0
pure,0,107368,107535,0,10752,0,6850304,0.0,64.0,0,0
pure,0,107536,107835,0,19200,0,6869504,0.0,64.0,0,0
pure,0,107836,107921,0,5504,0,6875008,0.0,64.0,0,0
pure,0,107922,108221,0,19200,0,6894208,0.0,64.0,0,0
pure,0,108222,108248,0,1728,0,6895936,0.0,64.0,0,0
pure,0,108249,108548,0,19200,0,6915136,0.0,64.0,0,0
pure,0,108549,108559,0,704,0,6915840,0.0,64.0,0,0
pure,0,108560,108657,0,6272,0,6922112,0.0,64.0,0,0
pure,0,108658,108712,0,3520,0,6925632,0.0,64.0,0,0
pure,0,108713,108973,0,16704,0,6942336,0.0,64.0,0,0
pure,0,108974,109273,0,19200,0,6961536,0.0,64.0,0,0
pure,0,109274,109573,0,19200,0,6980736,0.0,64.0,0,0
pure,0,109574,109626,0,3392,0,6984128,0.0,64.0,0,0
pure,0,109627,109824,0,12672,0,6996800,0.0,64.0,0,0
pure,0,109825,110124,0,19200,0,7016000,0.0,64.0,0,0
pure,0,110125,110192,0,4352,0,7020352,0.0,64.0,0,0
pure,0,110193,110256,0,4096,0,7024448,0.0,64.0,0,0
pure,0,110257,110418,0,10368,0,7034816,0.0,64.0,0,0
pure,0,110419,110718,0,19200,0,7054016,0.0,64.0,0,0
pure,0,110719,111018,0,19200,0,7073216,0.0,64.0,0,0
pure,0,111019,111174,0,9984,0,7083200,0.0,64.0,0,0
pure,0,111175,111309,0,8640,0,7091840,0.0,64.0,0,0
pure,0,111310,111609,0,19200,0,7111040,0.0,64.0,0,0
pure,0,111610,111909,0,19200,0,7130240,0.0,64.0,0,0
pure,0,111910,112209,0,19200,0,7149440,0.0,64.0,0,0
pure,0,112210,112275,0,4224,0,7153664,0.0,64.0,0,0
pure,0,112276,112575,0,19200,0,7172864,0.0,64.0,0,0
pure,0,112576,112875,0,19200,0,7192064,0.0,64.0,0,0
pure,0,112876,112903,0,1792,0,7193856,0.0,64.0,0,0
pure,0,112904,112930,0,1728,0,7195584,0.0,64.0,0,0
pure,0,112931,113136,0,13184,0,7208768,0.0,64.0,0,0
pure,0,113137,113409,0,17472,0,7226240,0.0,64.0,0,0
pure,0,113410,113460,0,3264,0,7229504,0.0,64.0,0,0
pure,0,113461,113760,0,19200,0,7248704,0.0,64.0,0,0
pure,0,113761,113962,0,12928,0,7261632,0.0,64.0,0,0
pure,0,113963,114217,0,16320,0,7277952,0.0,64.0,0,0
pure,0,114218,114251,0,2176,0,7280128,0.0,64.0,0,0
pure,0,114252,114551,0,19200,0,7299328,0.0,64.0,0,0
pure,0,114552,114707,0,9984,0,7309312,0.0,64.0,0,0
pure,0,114708,114736,0,1856,0,7311168,0.0,64.0,0,0
pure,0,114737,115036,0,19200,0,7330368,0.0,64.0,0,0
pure,0,115037,115079,0,2752,0,7333120,0.0,64.0,0,0
pure,0,115080,115188,0,6976,0,7340096,0.0,64.0,0,0
pure,0,115189,115410,0,14208,0,7354304,0.0,64.0,0,0
pure,0,115411,115710,0,19200,0,7373504,0.0,64.0,0,0
pure,0,115711,115990,0,17920,0,7391424,0.0,64.0,0,0
pure,0,115991,116290,0,19200,0,7410624,0.0,64.0,0,0
pure,0,116291,116446,0,9984,0,7420608,0.0,64.0,0,0
pure,0,116447,116615,0,10816,0,7431424,0.0,64.0,0,0
pure,0,116616,116640,0,1600,0,7433024,0.0,64.0,0,0
pure,0,116641,116843,0,12992,0,7446016,0.0,64.0,0,0
pure,0,116844,117143,0,19200,0,7465216,0.0,64.0,0,0
pure,0,117144,117443,0,19200,0,7484416,0.0,64.0,0,0
pure,0,117444,117602,0,10176,0,7494592,0.0,64.0,0,0
pure,0,117603,117902,0,19200,0,7513792,0.0,64.0,0,0
pure,0,117903,118202,0,19200,0,7532992,0.0,64.0,0,0
pure,0,118203,118502,0,19200,0,7552192,0.0,64.0,0,0
pure,0,118503,118664,0,10368,0,7562560,0.0,64.0,0,0
pure,0,118665,118692,0,1792,0,7564352,0.0,64.0,0,0
pure,0,118693,118992,0,19200,0,7583552,0.0,64.0,0,0
pure,0,118993,119249,0,16448,0,7600000,0.0,64.0,0,0
pure,0,119250,119390,0,9024,0,7609024,0.0,64.0,0,0
pure,0,119391,119661,0,17344,0,7626368,0.0,64.0,0,0
pure,0,119662,119677,0,1024,0,7627392,0.0,64.0,0,0
pure,0,119678,119977,0,19200,0,7646592,0.0,64.0,0,0
pure,0,119978,119988,0,704,0,7647296,0.0,64.0,0,0
pure,0,119989,120046,0,3712,0,7651008,0.0,64.0,0,0
pure,0,120047,120346,0,19200,0,7670208,0.0,64.0,0,0
pure,0,120347,120646,0,19200,0,7689408,0.0,64.0,0,0
pure,0,120647,120946,0,19200,0,7708608,0.0,64.0,0,0
pure,0,120947,120971,0,1600,0,7710208,0.0,64.0,0,0
pure,0,120972,121271,0,19200,0,7729408,0.0,64.0,0,0
pure,0,121272,121377,0,6784,0,7736192,0.0,64.0,0,0
pure,0,121378,121458,0,5184,0,7741376,0.0,64.0,0,0
pure,0,121459,121758,0,19200,0,7760576,0.0,64.0,0,0
pure,0,121759,121794,0,2304,0,7762880,0.0,64.0,0,0
pure,0,121795,121969,0,11200,0,7774080,0.0,64.0,0,0
pure,0,121970,122210,0,15424,0,7789504,0.0,64.0,0,0
pure,0,122211,122235,0,1600,0,7791104,0.0,64.0,0,0
pure,0,122236,122535,0,19200,0,7810304,0.0,64.0,0,0
pure,0,122536,122551,0,1024,0,7811328,0.0,64.0,0,0
pure,0,122552,122851,0,19200,0,7830528,0.0,64.0,0,0
pure,0,122852,122898,0,3008,0,7833536,0.0,64.0,0,0
pure,0,122899,123043,0,9280,0,7842816,0.0,64.0,0,0
pure,0,123044,123343,0,19200,0,7862016,0.0,64.0,0,0
pure,0,123344,123643,0,19200,0,7881216,0.0,64.0,0,0
pure,0,123644,123855,0,13568,0,7894784,0.0,64.0,0,0
pure,0,123856,124155,0,19200,0,7913984,0.0,64.0,0,0
pure,0,124156,124455,0,19200,0,7933184,0.0,64.0,0,0
pure,0,124456,124557,0,6528,0,7939712,0.0,64.0,0,0
pure,0,124558,124857,0,19200,0,7958912,0.0,64.0,0,0
pure,0,124858,125017,0,10240,0,7969152,0.0,64.0,0,0
pure,0,125018,125069,0,3328,0,7972480,0.0,64.0,0,0
pure,0,125070,125369,0,19200,0,7991680,0.0,64.0,0,0
pure,0,125370,125669,0,19200,0,8010880,0.0,64.0,0,0
pure,0,125670,125711,0,2688,0,8013568,0.0,64.0,0,0
pure,0,125712,125806,0,6080,0,8019648,0.0,64.0,0,0
pure,0,125807,126106,0,19200,0,8038848,0.0,64.0,0,0
pure,0,126107,126406,0,19200,0,8058048,0.0,64.0,0,0
pure,0,126407,126621,0,13760,0,8071808,0.0,64.0,0,0
pure,0,126622,126921,0,19200,0,8091008,0.0,64.0,0,0
pure,0,126922,127221,0,19200,0,8110208,0.0,64.0,0,0
pure,0,127222,127454,0,14912,0,8125120,0.0,64.0,0,0
pure,0,127455,127552,0,6272,0,8131392,0.0,64.0,0,0
pure,0,127553,127852,0,19200,0,8150592,0.0,64.0,0,0
pure,0,127853,128152,0,19200,0,8169792,0.0,64.0,0,0
pure,0,128153,128452,0,19200,0,8188992,0.0,64.0,0,0
pure,0,128453,128752,0,19200,0,8208192,0.0,64.0,0,0
pure,0,128753,128861,0,6976,0,8215168,0.0,64.0,0,0
pure,0,128862,129046,0,11840,0,8227008,0.0,64.0,0,0
pure,0,129047,129346,0,19200,0,8246208,0.0,64.0,0,0
pure,0,129347,129361,0,960,0,8247168,0.0,64.0,0,0
pure,0,129362,129661,0,19200,0,8266368,0.0,64.0,0,0
pure,0,129662,129961,0,19200,0,8285568,0.0,64.0,0,0
pure,0,129962,130126,0,10560,0,8296128,0.0,64.0,0,0
pure,0,130127,130426,0,19200,0,8315328,0.0,64.0,0,0
pure,0,130427,130531,0,6720,0,8322048,0.0,64.0,0,0
pure,0,130532,130831,0,19200,0,8341248,0.0,64.0,0,0
pure,0,130832,130888,0,3648,0,8344896,0.0,64.0,0,0
pure,0,130889,131011,0,7872,0,8352768,0.0,64.0,0,0
pure,0,131012,131028,0,1088,0,8353856,0.0,64.0,0,0
pure,0,131029,131328,0,19200,0,8373056,0.0,64.0,0,0
pure,0,131329,131628,0,19200,0,8392256,0.0,64.0,0,0
pure,0,131629,131928,0,19200,0,8411456,0.0,64.0,0,0
pure,0,131929,132228,0,19200,0,8430656,0.0,64.0,0,0
pure,0,132229,132528,0,19200,0,8449856,0.0,64.0,0,0
pure,0,132529,132706,0,11392,0,8461248,0.0,64.0,0,0
pure,0,132707,133006,0,19200,0,8480448,0.0,64.0,0,0
pure,0,133007,133306,0,19200,0,8499648,0.0,64.0,0,0
pure,0,133307,133405,0,6336,0,8505984,0.0,64.0,0,0
pure,0,133406,133619,0,13696,0,8519680,0.0,64.0,0,0
pure,0,133620,133637,0,1152,0,8520832,0.0,64.0,0,0
pure,0,133638,133937,0,19200,0,8540032,0.0,64.0,0,0
pure,0,133938,134096,0,10176,0,8550208,0.0,64.0,0,0
pure,0,134097,134122,0,1664,0,8551872,0.0,64.0,0,0
pure,0,134123,134394,0,17408,0,8569280,0.0,64.0,0,0
pure,0,134395,134694,0,19200,0,8588480,0.0,64.0,0,0
pure,0,134695,134994,0,19200,0,8607680,0.0,64.0,0,0
pure,0,134995,135294,0,19200,0,8626880,0.0,64.0,0,0
pure,0,135295,135557,0,16832,0,8643712,0.0,64.0,0,0
pure,0,135558,135597,0,2560,0,8646272,0.0,64.0,0,0
pure,0,135598,135665,0,4352,0,8650624,0.0,64.0,0,0
pure,0,135666,135700,0,2240,0,8652864,0.0,64.0,0,0
pure,0,135701,135812,0,7168,0,8660032,0.0,64.0,0,0
pure,0,135813,136112,0,19200,0,8679232,0.0,64.0,0,0
pure,0,136113,136412,0,19200,0,8698432,0.0,64.0,0,0
pure,0,136413,136712,0,19200,0,8717632,0.0,64.0,0,0
pure,0,136713,136836,0,7936,0,8725568,0.0,64.0,0,0
pure,0,136837,137136,0,19200,0,8744768,0.0,64.0,0,0
pure,0,137137,137206,0,4480,0,8749248,0.0,64.0,0,0
pure,0,137207,137506,0,19200,0,8768448,0.0,64.0,0,0
pure,0,137507,137806,0,19200,0,8787648,0.0,64.0,0,0
pure,0,137807,138106,0,19200,0,8806848,0.0,64.0,0,0
pure,0,138107,138164,0,3712,0,8810560,0.0,64.0,0,0
pure,0,138165,138382,0,13952,0,8824512,0.0,64.0,0,0
pure,0,138383,138473,0,5824,0,8830336,0.0,64.0,0,0
pure,0,138474,138492,0,1216,0,8831552,0.0,64.0,0,0
pure,0,138493,138513,0,1344,0,8832896,0.0,64.0,0,0
pure,0,138514,138813,0,19200,0,8852096,0.0,64.0,0,0
pure,0,138814,139113,0,19200,0,8871296,0.0,64.0,0,0
pure,0,139114,139413,0,19200,0,8890496,0.0,64.0,0,0
pure,0,139414,139709,0,18944,0,8909440,0.0,64.0,0,0
pure,0,139710,140009,0,19200,0,8928640,0.0,64.0,0,0
pure,0,140010,140185,0,11264,0,8939904,0.0,64.0,0,0
pure,0,140186,140454,0,17216,0,8957120,0.0,64.0,0,0
pure,0,140455,140526,0,4608,0,8961728,0.0,64.0,0,0
pure,0,140527,140826,0,19200,0,8980928,0.0,64.0,0,0
pure,0,140827,141126,0,19200,0,9000128,0.0,64.0,0,0
pure,0,141127,141426,0,19200,0,9019328,0.0,64.0,0,0
pure,0,141427,141726,0,19200,0,9038528,0.0,64.0,0,0
pure,0,141727,142009,0,18112,0,9056640,0.0,64.0,0,0
pure,0,142010,142176,0,10688,0,9067328,0.0,64.0,0,0
pure,0,142177,142234,0,3712,0,9071040,0.0,64.0,0,0
pure,0,142235,142457,0,14272,0,9085312,0.0,64.0,0,0
pure,0,142458,142636,0,11456,0,9096768,0.0,64.0,0,0
pure,0,142637,142936,0,19200,0,9115968,0.0,64.0,0,0
pure,0,142937,143236,0,19200,0,9135168,0.0,64.0,0,0
pure,0,143237,143276,0,2560,0,9137728,0.0,64.0,0,0
pure,0,143277,143475,0,12736,0,9150464,0.0,64.0,0,0
pure,0,143476,143702,0,14528,0,9164992,0.0,64.0,0,0
pure,0,143703,143905,0,12992,0,9177984,0.0,64.0,0,0
pure,0,143906,143925,0,1280,0,9179264,0.0,64.0,0,0
pure,0,143926,144225,0,19200,0,9198464,0.0,64.0,0,0
pure,0,144226,144460,0,15040,0,9213504,0.0,64.0,0,0
pure,0,144461,144521,0,3904,0,9217408,0.0,64.0,0,0
pure,0,144522,144821,0,19200,0,9236608,0.0,64.0,0,0
pure,0,144822,145070,0,15936,0,9252544,0.0,64.0,0,0
pure,0,145071,145131,0,3904,0,9256448,0.0,64.0,0,0
pure,0,145132,145281,0,9600,0,9266048,0.0,64.0,0,0
pure,0,145282,145581,0,19200,0,9285248,0.0,64.0,0,0
pure,0,145582,145739,0,10112,0,9295360,0.0,64.0,0,0
pure,0,145740,145753,0,896,0,9296256,0.0,64.0,0,0
pure,0,145754,146053,0,19200,0,9315456,0.0,64.0,0,0
pure,0,146054,146353,0,19200,0,9334656,0.0,64.0,0,0
pure,0,146354,146558,0,13120,0,9347776,0.0,64.0,0,0
pure,0,146559,146858,0,19200,0,9366976,0.0,64.0,0,0
pure,0,146859,147158,0,19200,0,9386176,0.0,64.0,0,0
pure,0,147159,147433,0,17600,0,9403776,0.0,64.0,0,0
pure,0,147434,147733,0,19200,0,9422976,0.0,64.0,0,0
pure,0,147734,147849,0,7424,0,9430400,0.0,64.0,0,0
pure,0,147850,148038,0,12096,0,9442496,0.0,64.0,0,0
pure,0,148039,148124,0,5504,0,9448000,0.0,64.0,0,0
pure,0,148125,148406,0,18048,0,9466048,0.0,64.0,0,0
pure,0,148407,148559,0,9792,0,9475840,0.0,64.0,0,0
pure,0,148560,148768,0,13376,0,9489216,0.0,64.0,0,0
pure,0,148769,148964,0,12544,0,9501760,0.0,64.0,0,0
pure,0,148965,149079,0,7360,0,9509120,0.0,64.0,0,0
pure,0,149080,149374,0,18880,0,9528000,0.0,64.0,0,0
pure,0,149375,149402,0,1792,0,9529792,0.0,64.0,0,0
pure,0,149403,149417,0,960,0,9530752,0.0,64.0,0,0
pure,0,149418,149530,0,7232,0,9537984,0.0,64.0,0,0
pure,0,149531,149821,0,18624,0,9556608,0.0,64.0,0,0
pure,0,149822,150110,0,18496,0,9575104,0.0,64.0,0,0
pure,0,150111,150410,0,19200,0,9594304,0.0,64.0,0,0
pure,0,150411,150518,0,6912,0,9601216,0.0,64.0,0,0
pure,0,150519,150643,0,8000,0,9609216,0.0,64.0,0,0
pure,0,150644,150774,0,8384,0,9617600,0.0,64.0,0,0
pure,0,150775,151074,0,19200,0,9636800,0.0,64.0,0,0
pure,0,151075,151374,0,19200,0,9656000,0.0,64.0,0,0
pure,0,151375,151522,0,9472,0,9665472,0.0,64.0,0,0
pure,0,151523,151822,0,19200,0,9684672,0.0,64.0,0,0
pure,0,151823,152122,0,19200,0,9703872,0.0,64.0,0,0
pure,0,152123,152412,0,18560,0,9722432,0.0,64.0,0,0
pure,0,152413,152712,0,19200,0,9741632,0.0,64.0,0,0
pure,0,152713,153012,0,19200,0,9760832,0.0,64.0,0,0
pure,0,153013,153312,0,19200,0,9780032,0.0,64.0,0,0
pure,0,153313,153612,0,19200,0,9799232,0.0,64.0,0,0
pure,0,153613,153912,0,19200,0,9818432,0.0,64.0,0,0
pure,0,153913,154212,0,19200,0,9837632,0.0,64.0,0,0
pure,0,154213,154512,0,19200,0,9856832,0.0,64.0,0,0
pure,0,154513,154812,0,19200,0,9876032,0.0,64.0,0,0
pure,0,154813,155112,0,19200,0,9895232,0.0,64.0,0,0
pure,0,155113,155412,0,19200,0,9914432,0.0,64.0,0,0
pure,0,155413,155712,0,19200,0,9933632,0.0,64.0,0,0
pure,0,155713,156012,0,19200,0,9952832,0.0,64.0,0,0
pure,0,156013,156312,0,19200,0,9972032,0.0,64.0,0,0
pure,0,156313,156421,0,6976,0,9979008,0.0,64.0,0,0
pure,0,156422,156721,0,19200,0,9998208,0.0,64.0,0,0
pure,0,156722,157001,0,17920,0,10016128,0.0,64.0,0,0
pure,0,157002,157144,0,9152,0,10025280,0.0,64.0,0,0
pure,0,157145,157256,0,7168,0,10032448,0.0,64.0,0,0
pure,0,157257,157290,0,2176,0,10034624,0.0,64.0,0,0
pure,0,157291,157575,0,18240,0,10052864,0.0,64.0,0,0
pure,0,157576,157772,0,12608,0,10065472,0.0,64.0,0,0
pure,0,157773,157956,0,11776,0,10077248,0.0,64.0,0,0
pure,0,157957,157992,0,2304,0,10079552,0.0,64.0,0,0
pure,0,157993,158222,0,14720,0,10094272,0.0,64.0,0,0
pure,0,158223,158479,0,16448,0,10110720,0.0,64.0,0,0
pure,0,158480,158713,0,14976,0,10125696,0.0,64.0,0,0
pure,0,158714,158813,0,6400,0,10132096,0.0,64.0,0,0
pure,0,158814,158997,0,11776,0,10143872,0.0,64.0,0,0
pure,0,158998,159087,0,5760,0,10149632,0.0,64.0,0,0
pure,0,159088,159164,0,4928,0,10154560,0.0,64.0,0,0
pure,0,159165,159247,0,5312,0,10159872,0.0,64.0,0,0
pure,0,159248,159443,0,12544,0,10172416,0.0,64.0,0,0
pure,0,159444,159631,0,12032,0,10184448,0.0,64.0,0,0
pure,0,159632,159749,0,7552,0,10192000,0.0,64.0,0,0
pure,0,159750,159892,0,9152,0,10201152,0.0,64.0,0,0
pure,0,159893,159973,0,5184,0,10206336,0.0,64.0,0,0
pure,0,159974,160184,0,13504,0,10219840,0.0,64.0,0,0
pure,0,160185,160284,0,6400,0,10226240,0.0,64.0,0,0
pure,0,160285,160370,0,5504,0,10231744,0.0,64.0,0,0
pure,0,160371,160561,0,12224,0,10243968,0.0,64.0,0,0
pure,0,160562,160645,0,5376,0,10249344,0.0,64.0,0,0
pure,0,160646,160729,0,5376,0,10254720,0.0,64.0,0,0
pure,0,160730,160817,0,5632,0,10260352,0.0,64.0,0,0
pure,0,160818,160901,0,5376,0,10265728,0.0,64.0,0,0
pure,0,160902,160982,0,5184,0,10270912,0.0,64.0,0,0
pure,0,160983,161149,0,10688,0,10281600,0.0,64.0,0,0
pure,0,161150,161332,0,11712,0,10293312,0.0,64.0,0,0
pure,0,161333,161447,0,7360,0,10300672,0.0,64.0,0,0
pure,0,161448,161531,0,5376,0,10306048,0.0,64.0,0,0
pure,0,161532,161766,0,15040,0,10321088,0.0,64.0,0,0
pure,0,161767,161835,0,4416,0,10325504,0.0,64.0,0,0
pure,0,161836,161904,0,4416,0,10329920,0.0,64.0,0,0
pure,0,161905,162177,0,17472,0,10347392,0.0,64.0,0,0
pure,0,162178,162317,0,8960,0,10356352,0.0,64.0,0,0
pure,0,162318,162388,0,4544,0,10360896,0.0,64.0,0,0
pure,0,162389,162496,0,6912,0,10367808,0.0,64.0,0,0
pure,0,162497,162574,0,4992,0,10372800,0.0,64.0,0,0
pure,0,162575,162652,0,4992,0,10377792,0.0,64.0,0,0
pure,0,162653,162727,0,4800,0,10382592,0.0,64.0,0,0
pure,0,162728,162801,0,4736,0,10387328,0.0,64.0,0,0
pure,0,162802,162920,0,7616,0,10394944,0.0,64.0,0,0
pure,0,162921,162988,0,4352,0,10399296,0.0,64.0,0,0
pure,0,162989,163059,0,4544,0,10403840,0.0,64.0,0,0
pure,0,163060,163359,0,19200,0,10423040,0.0,64.0,0,0
pure,0,163360,163486,0,8128,0,10431168,0.0,64.0,0,0
pure,0,163487,163576,0,5760,0,10436928,0.0,64.0,0,0
pure,0,163577,163657,0,5184,0,10442112,0.0,64.0,0,0
pure,0,163658,163732,0,4800,0,10446912,0.0,64.0,0,0
pure,0,163733,163818,0,5504,0,10452416,0.0,64.0,0,0
pure,0,163819,163894,0,4864,0,10457280,0.0,64.0,0,0
pure,0,163895,163985,0,5824,0,10463104,0.0,64.0,0,0
pure,0,163986,164285,0,19200,0,10482304,0.0,64.0,0,0
pure,0,164286,164544,0,16576,0,10498880,0.0,64.0,0,0
pure,0,164545,164627,0,5312,0,10504192,0.0,64.0,0,0
pure,0,164628,164705,0,4992,0,10509184,0.0,64.0,0,0
pure,0,164706,164797,0,5888,0,10515072,0.0,64.0,0,0
pure,0,164798,164929,0,8448,0,10523520,0.0,64.0,0,0
pure,0,164930,165225,0,18944,0,10542464,0.0,64.0,0,0
pure,0,165226,165349,0,7936,0,10550400,0.0,64.0,0,0
pure,0,165350,165649,0,19200,0,10569600,0.0,64.0,0,0
pure,0,165650,165760,0,7104,0,10576704,0.0,64.0,0,0
pure,0,165761,165797,0,2368,0,10579072,0.0,64.0,0,0
pure,0,165798,165990,0,12352,0,10591424,0.0,64.0,0,0
pure,0,165991,166088,0,6272,0,10597696,0.0,64.0,0,0
pure,0,166089,166160,0,4608,0,10602304,0.0,64.0,0,0
pure,0,166161,166255,0,6080,0,10608384,0.0,64.0,0,0
pure,0,166256,166330,0,4800,0,10613184,0.0,64.0,0,0
pure,0,166331,166418,0,5632,0,10618816,0.0,64.0,0,0
pure,0,166419,166493,0,4800,0,10623616,0.0,64.0,0,0
pure,0,166494,166665,0,11008,0,10634624,0.0,64.0,0,0
pure,0,166666,166743,0,4992,0,10639616,0.0,64.0,0,0
pure,0,166744,166819,0,4864,0,10644480,0.0,64.0,0,0
pure,0,166820,166890,0,4544,0,10649024,0.0,64.0,0,0
pure,0,166891,167023,0,8512,0,10657536,0.0,64.0,0,0
pure,0,167024,167096,0,4672,0,10662208,0.0,64.0,0,0
pure,0,167097,167173,0,4928,0,10667136,0.0,64.0,0,0
pure,0,167174,167243,0,4480,0,10671616,0.0,64.0,0,0
pure,0,167244,167323,0,5120,0,10676736,0.0,64.0,0,0
pure,0,167324,167436,0,7232,0,10683968,0.0,64.0,0,0
pure,0,167437,167515,0,5056,0,10689024,0.0,64.0,0,0
pure,0,167516,167711,0,12544,0,10701568,0.0,64.0,0,0
pure,0,167712,167793,0,5248,0,10706816,0.0,64.0,0,0
pure,0,167794,167873,0,5120,0,10711936,0.0,64.0,0,0
pure,0,167874,167943,0,4480,0,10716416,0.0,64.0,0,0
pure,0,167944,168019,0,4864,0,10721280,0.0,64.0,0,0
pure,0,168020,168090,0,4544,0,10725824,0.0,64.0,0,0
pure,0,168091,168209,0,7616,0,10733440,0.0,64.0,0,0
pure,0,168210,168275,0,4224,0,10737664,0.0,64.0,0,0
pure,0,168276,168352,0,4928,0,10742592,0.0,64.0,0,0
pure,0,168353,168420,0,4352,0,10746944,0.0,64.0,0,0
pure,0,168421,168494,0,4736,0,10751680,0.0,64.0,0,0
pure,0,168495,168563,0,4416,0,10756096,0.0,64.0,0,0
pure,0,168564,168633,0,4480,0,10760576,0.0,64.0,0,0
pure,0,168634,168707,0,4736,0,10765312,0.0,64.0,0,0
pure,0,168708,168781,0,4736,0,10770048,0.0,64.0,0,0
pure,0,168782,168858,0,4928,0,10774976,0.0,64.0,0,0
pure,0,168859,168933,0,4800,0,10779776,0.0,64.0,0,0
pure,0,168934,169011,0,4992,0,10784768,0.0,64.0,0,0
pure,0,169012,169083,0,4608,0,10789376,0.0,64.0,0,0
pure,0,169084,169157,0,4736,0,10794112,0.0,64.0,0,0
pure,0,169158,169206,0,3136,0,10797248,0.0,64.0,0,0
pure,0,169207,169281,0,4800,0,10802048,0.0,64.0,0,0
pure,0,169282,169349,0,4352,0,10806400,0.0,64.0,0,0
pure,0,169350,169437,0,5632,0,10812032,0.0,64.0,0,0
pure,0,169438,169450,0,832,0,10812864,0.0,64.0,0,0
pure,0,169451,169536,0,5504,0,10818368,0.0,64.0,0,0
pure,0,169537,169610,0,4736,0,10823104,0.0,64.0,0,0
pure,0,169611,169679,0,4416,0,10827520,0.0,64.0,0,0
pure,0,169680,169782,0,6592,0,10834112,0.0,64.0,0,0
pure,0,169783,169836,0,3456,0,10837568,0.0,64.0,0,0
pure,0,169837,169916,0,5120,0,10842688,0.0,64.0,0,0
pure,0,169917,169995,0,5056,0,10847744,0.0,64.0,0,0
pure,0,169996,170074,0,5056,0,10852800,0.0,64.0,0,0
pure,0,170075,170158,0,5376,0,10858176,0.0,64.0,0,0
pure,0,170159,170234,0,4864,0,10863040,0.0,64.0,0,0
pure,0,170235,170314,0,5120,0,10868160,0.0,64.0,0,0
pure,0,170315,170384,0,4480,0,10872640,0.0,64.0,0,0
pure,0,170385,170507,0,7872,0,10880512,0.0,64.0,0,0
pure,0,170508,170587,0,5120,0,10885632,0.0,64.0,0,0
pure,0,170588,170692,0,6720,0,10892352,0.0,64.0,0,0
pure,0,170693,170762,0,4480,0,10896832,0.0,64.0,0,0
pure,0,170763,170841,0,5056,0,10901888,0.0,64.0,0,0
pure,0,170842,170908,0,4288,0,10906176,0.0,64.0,0,0
pure,0,170909,170982,0,4736,0,10910912,0.0,64.0,0,0
pure,0,170983,171057,0,4800,0,10915712,0.0,64.0,0,0
pure,0,171058,171134,0,4928,0,10920640,0.0,64.0,0,0
pure,0,171135,171204,0,4480,0,10925120,0.0,64.0,0,0
pure,0,171205,171277,0,4672,0,10929792,0.0,64.0,0,0
pure,0,171278,171348,0,4544,0,10934336,0.0,64.0,0,0
pure,0,171349,171422,0,4736,0,10939072,0.0,64.0,0,0
pure,0,171423,171488,0,4224,0,10943296,0.0,64.0,0,0
pure,0,171489,171605,0,7488,0,10950784,0.0,64.0,0,0
pure,0,171606,171679,0,4736,0,10955520,0.0,64.0,0,0
pure,0,171680,171748,0,4416,0,10959936,0.0,64.0,0,0
pure,0,171749,171816,0,4352,0,10964288,0.0,64.0,0,0
pure,0,171817,171889,0,4672,0,10968960,0.0,64.0,0,0
pure,0,171890,171965,0,4864,0,10973824,0.0,64.0,0,0
pure,0,171966,172035,0,4480,0,10978304,0.0,64.0,0,0
pure,0,172036,172108,0,4672,0,10982976,0.0,64.0,0,0
pure,0,172109,172188,0,5120,0,10988096,0.0,64.0,0,0
pure,0,172189,172245,0,3648,0,10991744,0.0,64.0,0,0
pure,0,172246,172314,0,4416,0,10996160,0.0,64.0,0,0
pure,0,172315,172392,0,4992,0,11001152,0.0,64.0,0,0
pure,0,172393,172464,0,4608,0,11005760,0.0,64.0,0,0
pure,0,172465,172541,0,4928,0,11010688,0.0,64.0,0,0
pure,0,172542,172615,0,4736,0,11015424,0.0,64.0,0,0
pure,0,172616,172683,0,4352,0,11019776,0.0,64.0,0,0
pure,0,172684,172755,0,4608,0,11024384,0.0,64.0,0,0
pure,0,172756,172865,0,7040,0,11031424,0.0,64.0,0,0
pure,0,172866,172944,0,5056,0,11036480,0.0,64.0,0,0
pure,0,172945,173021,0,4928,0,11041408,0.0,64.0,0,0
pure,0,173022,173128,0,6848,0,11048256,0.0,64.0,0,0
pure,0,173129,173196,0,4352,0,11052608,0.0,64.0,0,0
pure,0,173197,173272,0,4864,0,11057472,0.0,64.0,0,0
pure,0,173273,173343,0,4544,0,11062016,0.0,64.0,0,0
pure,0,173344,173355,0,768,0,11062784,0.0,64.0,0,0
pure,0,173356,173438,0,5312,0,11068096,0.0,64.0,0,0
pure,0,173439,173512,0,4736,0,11072832,0.0,64.0,0,0
pure,0,173513,173589,0,4928,0,11077760,0.0,64.0,0,0
pure,0,173590,173670,0,5184,0,11082944,0.0,64.0,0,0
pure,0,173671,173741,0,4544,0,11087488,0.0,64.0,0,0
pure,0,173742,173810,0,4416,0,11091904,0.0,64.0,0,0
pure,0,173811,173886,0,4864,0,11096768,0.0,64.0,0,0
pure,0,173887,173959,0,4672,0,11101440,0.0,64.0,0,0
pure,0,173960,174027,0,4352,0,11105792,0.0,64.0,0,0
pure,0,174028,174111,0,5376,0,11111168,0.0,64.0,0,0
pure,0,174112,174179,0,4352,0,11115520,0.0,64.0,0,0
pure,0,174180,174257,0,4992,0,11120512,0.0,64.0,0,0
pure,0,174258,174329,0,4608,0,11125120,0.0,64.0,0,0
pure,0,174330,174402,0,4672,0,11129792,0.0,64.0,0,0
pure,0,174403,174472,0,4480,0,11134272,0.0,64.0,0,0
pure,0,174473,174546,0,4736,0,11139008,0.0,64.0,0,0
pure,0,174547,174621,0,4800,0,11143808,0.0,64.0,0,0
pure,0,174622,174692,0,4544,0,11148352,0.0,64.0,0,0
pure,0,174693,174775,0,5312,0,11153664,0.0,64.0,0,0
pure,0,174776,174920,0,9280,0,11162944,0.0,64.0,0,0
pure,0,174921,175000,0,5120,0,11168064,0.0,64.0,0,0
pure,0,175001,175072,0,4608,0,11172672,0.0,64.0,0,0
pure,0,175073,175146,0,4736,0,11177408,0.0,64.0,0,0
pure,0,175147,175229,0,5312,0,11182720,0.0,64.0,0,0
pure,0,175230,175309,0,5120,0,11187840,0.0,64.0,0,0
pure,0,175310,175377,0,4352,0,11192192,0.0,64.0,0,0
pure,0,175378,175446,0,4416,0,11196608,0.0,64.0,0,0
pure,0,175447,175516,0,4480,0,11201088,0.0,64.0,0,0
pure,0,175517,175584,0,4352,0,11205440,0.0,64.0,0,0
pure,0,175585,175663,0,5056,0,11210496,0.0,64.0,0,0
pure,0,175664,175731,0,4352,0,11214848,0.0,64.0,0,0
pure,0,175732,175799,0,4352,0,11219200,0.0,64.0,0,0
pure,0,175800,175867,0,4352,0,11223552,0.0,64.0,0,0
pure,0,175868,175939,0,4608,0,11228160,0.0,64.0,0,0
pure,0,175940,176009,0,4480,0,11232640,0.0,64.0,0,0
pure,0,176010,176083,0,4736,0,11237376,0.0,64.0,0,0
pure,0,176084,176153,0,4480,0,11241856,0.0,64.0,0,0
pure,0,176154,176219,0,4224,0,11246080,0.0,64.0,0,0
pure,0,176220,176295,0,4864,0,11250944,0.0,64.0,0,0
pure,0,176296,176364,0,4416,0,11255360,0.0,64.0,0,0
pure,0,176365,176434,0,4480,0,11259840,0.0,64.0,0,0
pure,0,176435,176506,0,4608,0,11264448,0.0,64.0,0,0
pure,0,176507,176580,0,4736,0,11269184,0.0,64.0,0,0
pure,0,176581,176646,0,4224,0,11273408,0.0,64.0,0,0
pure,0,176647,176946,0,19200,0,11292608,0.0,64.0,0,0
pure,0,176947,177014,0,4352,0,11296960,0.0,64.0,0,0
pure,0,177015,177090,0,4864,0,11301824,0.0,64.0,0,0
pure,0,177091,177167,0,4928,0,11306752,0.0,64.0,0,0
pure,0,177168,177243,0,4864,0,11311616,0.0,64.0,0,0
pure,0,177244,177285,0,2688,0,11314304,0.0,64.0,0,0
pure,0,177286,177353,0,4352,0,11318656,0.0,64.0,0,0
pure,0,177354,177421,0,4352,0,11323008,0.0,64.0,0,0
pure,0,177422,177489,0,4352,0,11327360,0.0,64.0,0,0
pure,0,177490,177559,0,4480,0,11331840,0.0,64.0,0,0
pure,0,177560,177635,0,4864,0,11336704,0.0,64.0,0,0
pure,0,177636,177710,0,4800,0,11341504,0.0,64.0,0,0
pure,0,177711,177779,0,4416,0,11345920,0.0,64.0,0,0
pure,0,177780,177855,0,4864,0,11350784,0.0,64.0,0,0
pure,0,177856,177927,0,4608,0,11355392,0.0,64.0,0,0
pure,0,177928,177998,0,4544,0,11359936,0.0,64.0,0,0
pure,0,177999,178070,0,4608,0,11364544,0.0,64.0,0,0
pure,0,178071,178141,0,4544,0,11369088,0.0,64.0,0,0
pure,0,178142,178211,0,4480,0,11373568,0.0,64.0,0,0
pure,0,178212,178283,0,4608,0,11378176,0.0,64.0,0,0
pure,0,178284,178355,0,4608,0,11382784,0.0,64.0,0,0
pure,0,178356,178428,0,4672,0,11387456,0.0,64.0,0,0
pure,0,178429,178500,0,4608,0,11392064,0.0,64.0,0,0
pure,0,178501,178568,0,4352,0,11396416,0.0,64.0,0,0
pure,0,178569,178638,0,4480,0,11400896,0.0,64.0,0,0
pure,0,178639,178711,0,4672,0,11405568,0.0,64.0,0,0
pure,0,178712,178780,0,4416,0,11409984,0.0,64.0,0,0
pure,0,178781,178851,0,4544,0,11414528,0.0,64.0,0,0
pure,0,178852,178924,0,4672,0,11419200,0.0,64.0,0,0
pure,0,178925,178995,0,4544,0,11423744,0.0,64.0,0,0
pure,0,178996,179063,0,4352,0,11428096,0.0,64.0,0,0
pure,0,179064,179130,0,4288,0,11432384,0.0,64.0,0,0
pure,0,179131,179187,0,3648,0,11436032,0.0,64.0,0,0
pure,0,179188,179256,0,4416,0,11440448,0.0,64.0,0,0
pure,0,179257,179329,0,4672,0,11445120,0.0,64.0,0,0
pure,0,179330,179397,0,4352,0,11449472,0.0,64.0,0,0
pure,0,179398,179468,0,4544,0,11454016,0.0,64.0,0,0
pure,0,179469,179541,0,4672,0,11458688,0.0,64.0,0,0
pure,0,179542,179614,0,4672,0,11463360,0.0,64.0,0,0
pure,0,179615,179681,0,4288,0,11467648,0.0,64.0,0,0
pure,0,179682,179751,0,4480,0,11472128,0.0,64.0,0,0
pure,0,179752,179820,0,4416,0,11476544,0.0,64.0,0,0
pure,0,179821,179897,0,4928,0,11481472,0.0,64.0,0,0
pure,0,179898,179940,0,2752,0,11484224,0.0,64.0,0,0
pure,0,179941,180008,0,4352,0,11488576,0.0,64.0,0,0
pure,0,180009,180079,0,4544,0,11493120,0.0,64.0,0,0
pure,0,180080,180145,0,4224,0,11497344,0.0,64.0,0,0
pure,0,180146,180216,0,4544,0,11501888,0.0,64.0,0,0
pure,0,180217,180286,0,4480,0,11506368,0.0,64.0,0,0
pure,0,180287,180360,0,4736,0,11511104,0.0,64.0,0,0
pure,0,180361,180431,0,4544,0,11515648,0.0,64.0,0,0
pure,0,180432,180500,0,4416,0,11520064,0.0,64.0,0,0
pure,0,180501,180567,0,4288,0,11524352,0.0,64.0,0,0
pure,0,180568,180634,0,4288,0,11528640,0.0,64.0,0,0
pure,0,180635,180701,0,4288,0,11532928,0.0,64.0,0,0
pure,0,180702,180768,0,4288,0,11537216,0.0,64.0,0,0
pure,0,180769,180836,0,4352,0,11541568,0.0,64.0,0,0
pure,0,180837,180872,0,2304,0,11543872,0.0,64.0,0,0
pure,0,180873,180948,0,4864,0,11548736,0.0,64.0,0,0
pure,0,180949,181029,0,5184,0,11553920,0.0,64.0,0,0
pure,0,181030,181104,0,4800,0,11558720,0.0,64.0,0,0
pure,0,181105,181175,0,4544,0,11563264,0.0,64.0,0,0
pure,0,181176,181243,0,4352,0,11567616,0.0,64.0,0,0
pure,0,181244,181319,0,4864,0,11572480,0.0,64.0,0,0
pure,0,181320,181395,0,4864,0,11577344,0.0,64.0,0,0
pure,0,181396,181465,0,4480,0,11581824,0.0,64.0,0,0
pure,0,181466,181534,0,4416,0,11586240,0.0,64.0,0,0
pure,0,181535,181614,0,5120,0,11591360,0.0,64.0,0,0
pure,0,181615,181681,0,4288,0,11595648,0.0,64.0,0,0
pure,0,181682,181754,0,4672,0,11600320,0.0,64.0,0,0
pure,0,181755,181828,0,4736,0,11605056,0.0,64.0,0,0
pure,0,181829,181899,0,4544,0,11609600,0.0,64.0,0,0
pure,0,181900,181965,0,4224,0,11613824,0.0,64.0,0,0
pure,0,181966,182030,0,4160,0,11617984,0.0,64.0,0,0
pure,0,182031,182113,0,5312,0,11623296,0.0,64.0,0,0
pure,0,182114,182182,0,4416,0,11627712,0.0,64.0,0,0
pure,0,182183,182249,0,4288,0,11632000,0.0,64.0,0,0
pure,0,182250,182322,0,4672,0,11636672,0.0,64.0,0,0
pure,0,182323,182390,0,4352,0,11641024,0.0,64.0,0,0
pure,0,182391,182462,0,4608,0,11645632,0.0,64.0,0,0
pure,0,182463,182528,0,4224,0,11649856,0.0,64.0,0,0
pure,0,182529,182602,0,4736,0,11654592,0.0,64.0,0,0
pure,0,182603,182674,0,4608,0,11659200,0.0,64.0,0,0
pure,0,182675,182742,0,4352,0,11663552,0.0,64.0,0,0
pure,0,182743,182816,0,4736,0,11668288,0.0,64.0,0,0
pure,0,182817,182895,0,5056,0,11673344,0.0,64.0,0,0
pure,0,182896,182943,0,3072,0,11676416,0.0,64.0,0,0
pure,0,182944,183011,0,4352,0,11680768,0.0,64.0,0,0
pure,0,183012,183079,0,4352,0,11685120,0.0,64.0,0,0
pure,0,183080,183153,0,4736,0,11689856,0.0,64.0,0,0
pure,0,183154,183222,0,4416,0,11694272,0.0,64.0,0,0
pure,0,183223,183309,0,5568,0,11699840,0.0,64.0,0,0
pure,0,183310,183382,0,4672,0,11704512,0.0,64.0,0,0
pure,0,183383,183477,0,6080,0,11710592,0.0,64.0,0,0
pure,0,183478,183552,0,4800,0,11715392,0.0,64.0,0,0
pure,0,183553,183626,0,4736,0,11720128,0.0,64.0,0,0
pure,0,183627,183699,0,4672,0,11724800,0.0,64.0,0,0
pure,0,183700,183766,0,4288,0,11729088,0.0,64.0,0,0
pure,0,183767,183833,0,4288,0,11733376,0.0,64.0,0,0
pure,0,183834,183911,0,4992,0,11738368,0.0,64.0,0,0
pure,0,183912,183979,0,4352,0,11742720,0.0,64.0,0,0
pure,0,183980,184050,0,4544,0,11747264,0.0,64.0,0,0
pure,0,184051,184124,0,4736,0,11752000,0.0,64.0,0,0
pure,0,184125,184194,0,4480,0,11756480,0.0,64.0,0,0
pure,0,184195,184266,0,4608,0,11761088,0.0,64.0,0,0
pure,0,184267,184338,0,4608,0,11765696,0.0,64.0,0,0
pure,0,184339,184412,0,4736,0,11770432,0.0,64.0,0,0
pure,0,184413,184479,0,4288,0,11774720,0.0,64.0,0,0
pure,0,184480,184549,0,4480,0,11779200,0.0,64.0,0,0
pure,0,184550,184618,0,4416,0,11783616,0.0,64.0,0,0
pure,0,184619,184693,0,4800,0,11788416,0.0,64.0,0,0
pure,0,184694,184759,0,4224,0,11792640,0.0,64.0,0,0
pure,0,184760,184829,0,4480,0,11797120,0.0,64.0,0,0
pure,0,184830,184904,0,4800,0,11801920,0.0,64.0,0,0
pure,0,184905,184947,0,2752,0,11804672,0.0,64.0,0,0
pure,0,184948,185024,0,4928,0,11809600,0.0,64.0,0,0
pure,0,185025,185092,0,4352,0,11813952,0.0,64.0,0,0
pure,0,185093,185162,0,4480,0,11818432,0.0,64.0,0,0
pure,0,185163,185237,0,4800,0,11823232,0.0,64.0,0,0
pure,0,185238,185306,0,4416,0,11827648,0.0,64.0,0,0
pure,0,185307,185384,0,4992,0,11832640,0.0,64.0,0,0
pure,0,185385,185451,0,4288,0,11836928,0.0,64.0,0,0
pure,0,185452,185522,0,4544,0,11841472,0.0,64.0,0,0
pure,0,185523,185595,0,4672,0,11846144,0.0,64.0,0,0
pure,0,185596,185667,0,4608,0,11850752,0.0,64.0,0,0
pure,0,185668,185740,0,4672,0,11855424,0.0,64.0,0,0
pure,0,185741,185808,0,4352,0,11859776,0.0,64.0,0,0
pure,0,185809,185886,0,4992,0,11864768,0.0,64.0,0,0
pure,0,185887,185961,0,4800,0,11869568,0.0,64.0,0,0
pure,0,185962,186032,0,4544,0,11874112,0.0,64.0,0,0
pure,0,186033,186111,0,5056,0,11879168,0.0,64.0,0,0
pure,0,186112,186186,0,4800,0,11883968,0.0,64.0,0,0
pure,0,186187,186222,0,2304,0,11886272,0.0,64.0,0,0
pure,0,186223,186301,0,5056,0,11891328,0.0,64.0,0,0
pure,0,186302,186373,0,4608,0,11895936,0.0,64.0,0,0
pure,0,186374,186448,0,4800,0,11900736,0.0,64.0,0,0
pure,0,186449,186519,0,4544,0,11905280,0.0,64.0,0,0
pure,0,186520,186590,0,4544,0,11909824,0.0,64.0,0,0
pure,0,186591,186662,0,4608,0,11914432,0.0,64.0,0,0
pure,0,186663,186738,0,4864,0,11919296,0.0,64.0,0,0
pure,0,186739,186810,0,4608,0,11923904,0.0,64.0,0,0
pure,0,186811,186892,0,5248,0,11929152,0.0,64.0,0,0
pure,0,186893,186960,0,4352,0,11933504,0.0,64.0,0,0
pure,0,186961,187035,0,4800,0,11938304,0.0,64.0,0,0
pure,0,187036,187107,0,4608,0,11942912,0.0,64.0,0,0
pure,0,187108,187177,0,4480,0,11947392,0.0,64.0,0,0
pure,0,187178,187248,0,4544,0,11951936,0.0,64.0,0,0
pure,0,187249,187323,0,4800,0,11956736,0.0,64.0,0,0
pure,0,187324,187392,0,4416,0,11961152,0.0,64.0,0,0
pure,0,187393,187518,0,8064,0,11969216,0.0,64.0,0,0
pure,0,187519,187584,0,4224,0,11973440,0.0,64.0,0,0
pure,0,187585,187650,0,4224,0,11977664,0.0,64.0,0,0
pure,0,187651,187723,0,4672,0,11982336,0.0,64.0,0,0
pure,0,187724,187792,0,4416,0,11986752,0.0,64.0,0,0
pure,0,187793,187853,0,3904,0,11990656,0.0,64.0,0,0
pure,0,187854,187926,0,4672,0,11995328,0.0,64.0,0,0
pure,0,187927,187992,0,4224,0,11999552,0.0,64.0,0,0
pure,0,187993,188068,0,4864,0,12004416,0.0,64.0,0,0
pure,0,188069,188134,0,4224,0,12008640,0.0,64.0,0,0
pure,0,188135,188265,0,8384,0,12017024,0.0,64.0,0,0
pure,0,188266,188344,0,5056,0,12022080,0.0,64.0,0,0
pure,0,188345,188421,0,4928,0,12027008,0.0,64.0,0,0
pure,0,188422,188489,0,4352,0,12031360,0.0,64.0,0,0
pure,0,188490,188559,0,4480,0,12035840,0.0,64.0,0,0
pure,0,188560,188634,0,4800,0,12040640,0.0,64.0,0,0
pure,0,188635,188712,0,4992,0,12045632,0.0,64.0,0,0
pure,0,188713,188780,0,4352,0,12049984,0.0,64.0,0,0
pure,0,188781,188851,0,4544,0,12054528,0.0,64.0,0,0
pure,0,188852,188919,0,4352,0,12058880,0.0,64.0,0,0
pure,0,188920,188989,0,4480,0,12063360,0.0,64.0,0,0
pure,0,188990,189058,0,4416,0,12067776,0.0,64.0,0,0
pure,0,189059,189124,0,4224,0,12072000,0.0,64.0,0,0
pure,0,189125,189195,0,4544,0,12076544,0.0,64.0,0,0
pure,0,189196,189270,0,4800,0,12081344,0.0,64.0,0,0
pure,0,189271,189339,0,4416,0,12085760,0.0,64.0,0,0
pure,0,189340,189360,0,1344,0,12087104,0.0,64.0,0,0
pure,0,189361,189431,0,4544,0,12091648,0.0,64.0,0,0
pure,0,189432,189503,0,4608,0,12096256,0.0,64.0,0,0
pure,0,189504,189572,0,4416,0,12100672,0.0,64.0,0,0
pure,0,189573,189643,0,4544,0,12105216,0.0,64.0,0,0
pure,0,189644,189711,0,4352,0,12109568,0.0,64.0,0,0
pure,0,189712,189784,0,4672,0,12114240,0.0,64.0,0,0
pure,0,189785,189853,0,4416,0,12118656,0.0,64.0,0,0
pure,0,189854,189925,0,4608,0,12123264,0.0,64.0,0,0
pure,0,189926,189997,0,4608,0,12127872,0.0,64.0,0,0
pure,0,189998,190078,0,5184,0,12133056,0.0,64.0,0,0
pure,0,190079,190153,0,4800,0,12137856,0.0,64.0,0,0
pure,0,190154,190166,0,832,0,12138688,0.0,64.0,0,0
pure,0,190167,190237,0,4544,0,12143232,0.0,64.0,0,0
pure,0,190238,190303,0,4224,0,12147456,0.0,64.0,0,0
pure,0,190304,190369,0,4224,0,12151680,0.0,64.0,0,0
pure,0,190370,190440,0,4544,0,12156224,0.0,64.0,0,0
pure,0,190441,190511,0,4544,0,12160768,0.0,64.0,0,0
pure,0,190512,190578,0,4288,0,12165056,0.0,64.0,0,0
pure,0,190579,190646,0,4352,0,12169408,0.0,64.0,0,0
pure,0,190647,190722,0,4864,0,12174272,0.0,64.0,0,0
pure,0,190723,190799,0,4928,0,12179200,0.0,64.0,0,0
pure,0,190800,190870,0,4544,0,12183744,0.0,64.0,0,0
pure,0,190871,190940,0,4480,0,12188224,0.0,64.0,0,0
pure,0,190941,191014,0,4736,0,12192960,0.0,64.0,0,0
pure,0,191015,191086,0,4608,0,12197568,0.0,64.0,0,0
pure,0,191087,191161,0,4800,0,12202368,0.0,64.0,0,0
pure,0,191162,191239,0,4992,0,12207360,0.0,64.0,0,0
pure,0,191240,191316,0,4928,0,12212288,0.0,64.0,0,0
pure,0,191317,191388,0,4608,0,12216896,0.0,64.0,0,0
pure,0,191389,191464,0,4864,0,12221760,0.0,64.0,0,0
pure,0,191465,191535,0,4544,0,12226304,0.0,64.0,0,0
pure,0,191536,191602,0,4288,0,12230592,0.0,64.0,0,0
pure,0,191603,191672,0,4480,0,12235072,0.0,64.0,0,0
pure,0,191673,191745,0,4672,0,12239744,0.0,64.0,0,0
pure,0,191746,191813,0,4352,0,12244096,0.0,64.0,0,0
pure,0,191814,191885,0,4608,0,12248704,0.0,64.0,0,0
pure,0,191886,191961,0,4864,0,12253568,0.0,64.0,0,0
pure,0,191962,192039,0,4992,0,12258560,0.0,64.0,0,0
pure,0,192040,192111,0,4608,0,12263168,0.0,64.0,0,0
pure,0,192112,192191,0,5120,0,12268288,0.0,64.0,0,0
pure,0,192192,192270,0,5056,0,12273344,0.0,64.0,0,0
pure,0,192271,192343,0,4672,0,12278016,0.0,64.0,0,0
pure,0,192344,192411,0,4352,0,12282368,0.0,64.0,0,0
pure,0,192412,192483,0,4608,0,12286976,0.0,64.0,0,0
pure,0,192484,192559,0,4864,0,12291840,0.0,64.0,0,0
pure,0,192560,192631,0,4608,0,12296448,0.0,64.0,0,0
pure,0,192632,192700,0,4416,0,12300864,0.0,64.0,0,0
pure,0,192701,192772,0,4608,0,12305472,0.0,64.0,0,0
pure,0,192773,192851,0,5056,0,12310528,0.0,64.0,0,0
pure,0,192852,192920,0,4416,0,12314944,0.0,64.0,0,0
pure,0,192921,192988,0,4352,0,12319296,0.0,64.0,0,0
pure,0,192989,193058,0,4480,0,12323776,0.0,64.0,0,0
pure,0,193059,193126,0,4352,0,12328128,0.0,64.0,0,0
pure,0,193127,193198,0,4608,0,12332736,0.0,64.0,0,0
pure,0,193199,193266,0,4352,0,12337088,0.0,64.0,0,0
pure,0,193267,193335,0,4416,0,12341504,0.0,64.0,0,0
pure,0,193336,193409,0,4736,0,12346240,0.0,64.0,0,0
pure,0,193410,193481,0,4608,0,12350848,0.0,64.0,0,0
pure,0,193482,193548,0,4288,0,12355136,0.0,64.0,0,0
pure,0,193549,193619,0,4544,0,12359680,0.0,64.0,0,0
pure,0,193620,193762,0,9152,0,12368832,0.0,64.0,0,0
pure,0,193763,193838,0,4864,0,12373696,0.0,64.0,0,0
pure,0,193839,193910,0,4608,0,12378304,0.0,64.0,0,0
pure,0,193911,193980,0,4480,0,12382784,0.0,64.0,0,0
pure,0,193981,194053,0,4672,0,12387456,0.0,64.0,0,0
pure,0,194054,194122,0,4416,0,12391872,0.0,64.0,0,0
pure,0,194123,194143,0,1344,0,12393216,0.0,64.0,0,0
pure,0,194144,194209,0,4224,0,12397440,0.0,64.0,0,0
pure,0,194210,194279,0,4480,0,12401920,0.0,64.0,0,0
pure,0,194280,194351,0,4608,0,12406528,0.0,64.0,0,0
pure,0,194352,194421,0,4480,0,12411008,0.0,64.0,0,0
pure,0,194422,194487,0,4224,0,12415232,0.0,64.0,0,0
pure,0,194488,194558,0,4544,0,12419776,0.0,64.0,0,0
pure,0,194559,194629,0,4544,0,12424320,0.0,64.0,0,0
pure,0,194630,194697,0,4352,0,12428672,0.0,64.0,0,0
pure,0,194698,194767,0,4480,0,12433152,0.0,64.0,0,0
pure,0,194768,194837,0,4480,0,12437632,0.0,64.0,0,0
pure,0,194838,194906,0,4416,0,12442048,0.0,64.0,0,0
pure,0,194907,194978,0,4608,0,12446656,0.0,64.0,0,0
pure,0,194979,195055,0,4928,0,12451584,0.0,64.0,0,0
pure,0,195056,195125,0,4480,0,12456064,0.0,64.0,0,0
pure,0,195126,195194,0,4416,0,12460480,0.0,64.0,0,0
pure,0,195195,195266,0,4608,0,12465088,0.0,64.0,0,0
pure,0,195267,195334,0,4352,0,12469440,0.0,64.0,0,0
pure,0,195335,195405,0,4544,0,12473984,0.0,64.0,0,0
pure,0,195406,195480,0,4800,0,12478784,0.0,64.0,0,0
pure,0,195481,195556,0,4864,0,12483648,0.0,64.0,0,0
pure,0,195557,195627,0,4544,0,12488192,0.0,64.0,0,0
pure,0,195628,195700,0,4672,0,12492864,0.0,64.0,0,0
pure,0,195701,195770,0,4480,0,12497344,0.0,64.0,0,0
pure,0,195771,195844,0,4736,0,12502080,0.0,64.0,0,0
pure,0,195845,195920,0,4864,0,12506944,0.0,64.0,0,0
pure,0,195921,195994,0,4736,0,12511680,0.0,64.0,0,0
pure,0,195995,196032,0,2432,0,12514112,0.0,64.0,0,0
pure,0,196033,196107,0,4800,0,12518912,0.0,64.0,0,0
pure,0,196108,196196,0,5696,0,12524608,0.0,64.0,0,0
pure,0,196197,196269,0,4672,0,12529280,0.0,64.0,0,0
pure,0,196270,196348,0,5056,0,12534336,0.0,64.0,0,0
pure,0,196349,196424,0,4864,0,12539200,0.0,64.0,0,0
pure,0,196425,196498,0,4736,0,12543936,0.0,64.0,0,0
pure,0,196499,196567,0,4416,0,12548352,0.0,64.0,0,0
pure,0,196568,196633,0,4224,0,12552576,0.0,64.0,0,0
pure,0,196634,196701,0,4352,0,12556928,0.0,64.0,0,0
pure,0,196702,196771,0,4480,0,12561408,0.0,64.0,0,0
pure,0,196772,196838,0,4288,0,12565696,0.0,64.0,0,0
pure,0,196839,196905,0,4288,0,12569984,0.0,64.0,0,0
pure,0,196906,196980,0,4800,0,12574784,0.0,64.0,0,0
pure,0,196981,197046,0,4224,0,12579008,0.0,64.0,0,0
pure,0,197047,197114,0,4352,0,12583360,0.0,64.0,0,0
pure,0,197115,197181,0,4288,0,12587648,0.0,64.0,0,0
pure,0,197182,197248,0,4288,0,12591936,0.0,64.0,0,0
pure,0,197249,197320,0,4608,0,12596544,0.0,64.0,0,0
pure,0,197321,197390,0,4480,0,12601024,0.0,64.0,0,0
pure,0,197391,197456,0,4224,0,12605248,0.0,64.0,0,0
pure,0,197457,197534,0,4992,0,12610240,0.0,64.0,0,0
pure,0,197535,197604,0,4480,0,12614720,0.0,64.0,0,0
pure,0,197605,197675,0,4544,0,12619264,0.0,64.0,0,0
pure,0,197676,197741,0,4224,0,12623488,0.0,64.0,0,0
pure,0,197742,197810,0,4416,0,12627904,0.0,64.0,0,0
pure,0,197811,197879,0,4416,0,12632320,0.0,64.0,0,0
pure,0,197880,197948,0,4416,0,12636736,0.0,64.0,0,0
pure,0,197949,198020,0,4608,0,12641344,0.0,64.0,0,0
pure,0,198021,198086,0,4224,0,12645568,0.0,64.0,0,0
pure,0,198087,198146,0,3840,0,12649408,0.0,64.0,0,0
pure,0,198147,198213,0,4288,0,12653696,0.0,64.0,0,0
pure,0,198214,198285,0,4608,0,12658304,0.0,64.0,0,0
pure,0,198286,198351,0,4224,0,12662528,0.0,64.0,0,0
pure,0,198352,198426,0,4800,0,12667328,0.0,64.0,0,0
pure,0,198427,198496,0,4480,0,12671808,0.0,64.0,0,0
pure,0,198497,198575,0,5056,0,12676864,0.0,64.0,0,0
pure,0,198576,198648,0,4672,0,12681536,0.0,64.0,0,0
pure,0,198649,198718,0,4480,0,12686016,0.0,64.0,0,0
pure,0,198719,198786,0,4352,0,12690368,0.0,64.0,0,0
pure,0,198787,198861,0,4800,0,12695168,0.0,64.0,0,0
pure,0,198862,198927,0,4224,0,12699392,0.0,64.0,0,0
pure,0,198928,199002,0,4800,0,12704192,0.0,64.0,0,0
pure,0,199003,199079,0,4928,0,12709120,0.0,64.0,0,0
pure,0,199080,199150,0,4544,0,12713664,0.0,64.0,0,0
pure,0,199151,199218,0,4352,0,12718016,0.0,64.0,0,0
pure,0,199219,199287,0,4416,0,12722432,0.0,64.0,0,0
pure,0,199288,199356,0,4416,0,12726848,0.0,64.0,0,0
pure,0,199357,199423,0,4288,0,12731136,0.0,64.0,0,0
pure,0,199424,199491,0,4352,0,12735488,0.0,64.0,0,0
pure,0,199492,199559,0,4352,0,12739840,0.0,64.0,0,0
pure,0,199560,199630,0,4544,0,12744384,0.0,64.0,0,0
pure,0,199631,199698,0,4352,0,12748736,0.0,64.0,0,0
pure,0,199699,199771,0,4672,0,12753408,0.0,64.0,0,0
pure,0,199772,199843,0,4608,0,12758016,0.0,64.0,0,0
pure,0,199844,199918,0,4800,0,12762816,0.0,64.0,0,0
pure,0,199919,199986,0,4352,0,12767168,0.0,64.0,0,0
pure,0,199987,200000,0,896,0,12768064,0.0,64.0,0,0
pure,1,1,300,0,0,0,0,0.0,0.0,0,0
pure,1,301,556,0,3648,0,3648,0.0,64.0,0,0
pure,1,557,678,0,7808,0,11456,0.0,64.0,0,0
pure,1,679,978,0,19200,0,30656,0.0,64.0,0,0
pure,1,979,1252,0,17536,0,48192,0.0,64.0,0,0
pure,1,1253,1552,0,19200,0,67392,0.0,64.0,0,0
pure,1,1553,1605,0,3392,0,70784,0.0,64.0,0,0
pure,1,1606,1684,0,5056,0,75840,0.0,64.0,0,0
pure,1,1685,1984,0,19200,0,95040,0.0,64.0,0,0
pure,1,1985,2020,0,2304,0,97344,0.0,64.0,0,0
pure,1,2021,2081,0,3904,0,101248,0.0,64.0,0,0
pure,1,2082,2381,0,19200,0,120448,0.0,64.0,0,0
pure,1,2382,2681,0,19200,0,139648,0.0,64.0,0,0
pure,1,2682,2981,0,19200,0,158848,0.0,64.0,0,0
pure,1,2982,3281,0,19200,0,178048,0.0,64.0,0,0
pure,1,3282,3433,0,9728,0,187776,0.0,64.0,0,0
pure,1,3434,3733,0,19200,0,206976,0.0,64.0,0,0
pure,1,3734,3937,0,13056,0,220032,0.0,64.0,0,0
pure,1,3938,4237,0,19200,0,239232,0.0,64.0,0,0
pure,1,4238,4537,0,19200,0,258432,0.0,64.0,0,0
pure,1,4538,4601,0,4096,0,262528,0.0,64.0,0,0
pure,1,4602,4611,0,640,0,263168,0.0,64.0,0,0
pure,1,4612,4911,0,19200,0,282368,0.0,64.0,0,0
pure,1,4912,5211,0,19200,0,301568,0.0,64.0,0,0
pure,1,5212,5348,0,8768,0,310336,0.0,64.0,0,0
pure,1,5349,5648,0,19200,0,329536,0.0,64.0,0,0
pure,1,5649,5797,0,9536,0,339072,0.0,64.0,0,0
pure,1,5798,6097,0,19200,0,358272,0.0,64.0,0,0
pure,1,6098,6213,0,7424,0,365696,0.0,64.0,0,0
pure,1,6214,6513,0,19200,0,384896,0.0,64.0,0,0
pure,1,6514,6561,0,3072,0,387968,0.0,64.0,0,0
pure,1,6562,6572,0,704,0,388672,0.0,64.0,0,0
pure,1,6573,6634,0,3968,0,392640,0.0,64.0,0,0
pure,1,6635,6934,0,19200,0,411840,0.0,64.0,0,0
pure,1,6935,7185,0,16064,0,427904,0.0,64.0,0,0
pure,1,7186,7291,0,6784,0,434688,0.0,64.0,0,0
pure,1,7292,7591,0,19200,0,453888,0.0,64.0,0,0
pure,1,7592,7888,0,19008,0,472896,0.0,64.0,0,0
pure,1,7889,8188,0,19200,0,492096,0.0,64.0,0,0
pure,1,8189,8199,0,704,0,492800,0.0,64.0,0,0
pure,1,8200,8499,0,19200,0,512000,0.0,64.0,0,0
pure,1,8500,8799,0,19200,0,531200,0.0,64.0,0,0
pure,1,8800,9099,0,19200,0,550400,0.0,64.0,0,0
pure,1,9100,9399,0,19200,0,569600,0.0,64.0,0,0
pure,1,9400,9699,0,19200,0,588800,0.0,64.0,0,0
pure,1,9700,9999,0,19200,0,608000,0.0,64.0,0,0
pure,1,10000,10299,0,19200,0,627200,0.0,64.0,0,0
pure,1,10300,10599,0,19200,0,646400,0.0,64.0,0,0
pure,1,10600,10653,0,3456,0,649856,0.0,64.0,0,0
pure,1,10654,10927,0,17536,0,667392,0.0,64.0,0,0
pure,1,10928,10942,0,960,0,668352,0.0,64.0,0,0
pure,1,10943,11242,0,19200,0,687552,0.0,64.0,0,0
pure,1,11243,11542,0,19200,0,706752,0.0,64.0,0,0
pure,1,11543,11774,0,14848,0,721600,0.0,64.0,0,0
pure,1,11775,12074,0,19200,0,740800,0.0,64.0,0,0
pure,1,12075,12374,0,19200,0,760000,0.0,64.0,0,0
pure,1,12375,12674,0,19200,0,779200,0.0,64.0,0,0
pure,1,12675,12735,0,3904,0,783104,0.0,64.0,0,0
pure,1,12736,12844,0,6976,0,790080,0.0,64.0,0,0
pure,1,12845,13144,0,19200,0,809280,0.0,64.0,0,0
pure,1,13145,13304,0,10240,0,819520,0.0,64.0,0,0
pure,1,13305,13518,0,13696,0,833216,0.0,64.0,0,0
pure,1,13519,13813,0,18880,0,852096,0.0,64.0,0,0
pure,1,13814,13848,0,2240,0,854336,0.0,64.0,0,0
pure,1,13849,13905,0,3648,0,857984,0.0,64.0,0,0
pure,1,13906,14133,0,14592,0,872576,0.0,64.0,0,0
pure,1,14134,14433,0,19200,0,891776,0.0,64.0,0,0
pure,1,14434,14733,0,19200,0,910976,0.0,64.0,0,0
pure,1,14734,15033,0,19200,0,930176,0.0,64.0,0,0
pure,1,15034,15333,0,19200,0,949376,0.0,64.0,0,0
pure,1,15334,15400,0,4288,0,953664,0.0,64.0,0,0
pure,1,15401,15700,0,19200,0,972864,0.0,64.0,0,0
pure,1,15701,16000,0,19200,0,992064,0.0,64.0,0,0
pure,1,16001,16061,0,3904,0,995968,0.0,64.0,0,0
pure,1,16062,16361,0,19200,0,1015168,0.0,64.0,0,0
pure,1,16362,16661,0,19200,0,1034368,0.0,64.0,0,0
pure,1,16662,16961,0,19200,0,1053568,0.0,64.0,0,0
pure,1,16962,17239,0,17792,0,1071360,0.0,64.0,0,0
pure,1,17240,17539,0,19200,0,1090560,0.0,64.0,0,0
pure,1,17540,17545,0,384,0,1090944,0.0,64.0,0,0
pure,1,17546,17845,0,19200,0,1110144,0.0,64.0,0,0
pure,1,17846,18145,0,19200,0,1129344,0.0,64.0,0,0
pure,1,18146,18445,0,19200,0,1148544,0.0,64.0,0,0
pure,1,18446,18471,0,1664,0,1150208,0.0,64.0,0,0
pure,1,18472,18771,0,19200,0,1169408,0.0,64.0,0,0
pure,1,18772,19026,0,16320,0,1185728,0.0,64.0,0,0
pure,1,19027,19326,0,19200,0,1204928,0.0,64.0,0,0
pure,1,19327,19626,0,19200,0,1224128,0.0,64.0,0,0
pure,1,19627,19926,0,19200,0,1243328,0.0,64.0,0,0
pure,1,19927,20226,0,19200,0,1262528,0.0,64.0,0,0
pure,1,20227,20526,0,19200,0,1281728,0.0,64.0,0,0
pure,1,20527,20826,0,19200,0,1300928,0.0,64.0,0,0
pure,1,20827,21101,0,17600,0,1318528,0.0,64.0,0,0
pure,1,21102,21249,0,9472,0,1328000,0.0,64.0,0,0
pure,1,21250,21340,0,5824,0,1333824,0.0,64.0,0,0
pure,1,21341,21640,0,19200,0,1353024,0.0,64.0,0,0
pure,1,21641,21897,0,16448,0,1369472,0.0,64.0,0,0
pure,1,21898,22197,0,19200,0,1388672,0.0,64.0,0,0
pure,1,22198,22497,0,19200,0,1407872,0.0,64.0,0,0
pure,1,22498,22658,0,10304,0,1418176,0.0,64.0,0,0
pure,1,22659,22883,0,14400,0,1432576,0.0,64.0,0,0
pure,1,22884,23183,0,19200,0,1451776,0.0,64.0,0,0
pure,1,23184,23213,0,1920,0,1453696,0.0,64.0,0,0
pure,1,23214,23513,0,19200,0,1472896,0.0,64.0,0,0
pure,1,23514,23745,0,14848,0,1487744,0.0,64.0,0,0
pure,1,23746,23939,0,12416,0,1500160,0.0,64.0,0,0
pure,1,23940,24239,0,19200,0,1519360,0.0,64.0,0,0
pure,1,24240,24333,0,6016,0,1525376,0.0,64.0,0,0
pure,1,24334,24633,0,19200,0,1544576,0.0,64.0,0,0
pure,1,24634,24933,0,19200,0,1563776,0.0,64.0,0,0
pure,1,24934,25233,0,19200,0,1582976,0.0,64.0,0,0
pure,1,25234,25301,0,4352,0,1587328,0.0,64.0,0,0
pure,1,25302,25601,0,19200,0,1606528,0.0,64.0,0,0
pure,1,25602,25886,0,18240,0,1624768,0.0,64.0,0,0
pure,1,25887,26186,0,19200,0,1643968,0.0,64.0,0,0
pure,1,26187,26465,0,17856,0,1661824,0.0,64.0,0,0
pure,1,26466,26765,0,19200,0,1681024,0.0,64.0,0,0
pure,1,26766,26812,0,3008,0,1684032,0.0,64.0,0,0
pure,1,26813,27112,0,19200,0,1703232,0.0,64.0,0,0
pure,1,27113,27412,0,19200,0,1722432,0.0,64.0,0,0
pure,1,27413,27712,0,19200,0,1741632,0.0,64.0,0,0
pure,1,27713,27938,0,14464,0,1756096,0.0,64.0,0,0
pure,1,27939,28146,0,13312,0,1769408,0.0,64.0,0,0
pure,1,28147,28219,0,4672,0,1774080,0.0,64.0,0,0
pure,1,28220,28356,0,8768,0,1782848,0.0,64.0,0,0
pure,1,28357,28457,0,6464,0,1789312,0.0,64.0,0,0
pure,1,28458,28503,0,2944,0,1792256,0.0,64.0,0,0
pure,1,28504,28570,0,4288,0,1796544,0.0,64.0,0,0
pure,1,28571,28630,0,3840,0,1800384,0.0,64.0,0,0
pure,1,28631,28930,0,19200,0,1819584,0.0,64.0,0,0
pure,1,28931,29230,0,19200,0,1838784,0.0,64.0,0,0
pure,1,29231,29243,0,832,0,1839616,0.0,64.0,0,0
pure,1,29244,29507,0,16896,0,1856512,0.0,64.0,0,0
pure,1,29508,29601,0,6016,0,1862528,0.0,64.0,0,0
pure,1,29602,29901,0,19200,0,1881728,0.0,64.0,0,0
pure,1,29902,29995,0,6016,0,1887744,0.0,64.0,0,0
pure,1,29996,30089,0,6016,0,1893760,0.0,64.0,0,0
pure,1,30090,30176,0,5568,0,1899328,0.0,64.0,0,0
pure,1,30177,30418,0,15488,0,1914816,0.0,64.0,0,0
pure,1,30419,30663,0,15680,0,1930496,0.0,64.0,0,0
pure,1,30664,30963,0,19200,0,1949696,0.0,64.0,0,0
pure,1,30964,31063,0,6400,0,1956096,0.0,64.0,0,0
pure,1,31064,31279,0,13824,0,1969920,0.0,64.0,0,0
pure,1,31280,31434,0,9920,0,1979840,0.0,64.0,0,0
pure,1,31435,31724,0,18560,0,1998400,0.0,64.0,0,0
pure,1,31725,31926,0,12928,0,2011328,0.0,64.0,0,0
pure,1,31927,32114,0,12032,0,2023360,0.0,64.0,0,0
pure,1,32115,32132,0,1152,0,2024512,0.0,64.0,0,0
pure,1,32133,32432,0,19200,0,2043712,0.0,64.0,0,0
pure,1,32433,32709,0,17728,0,2061440,0.0,64.0,0,0
pure,1,32710,33009,0,19200,0,2080640,0.0,64.0,0,0
pure,1,33010,33073,0,4096,0,2084736,0.0,64.0,0,0
pure,1,33074,33373,0,19200,0,2103936,0.0,64.0,0,0
pure,1,33374,33421,0,3072,0,2107008,0.0,64.0,0,0
pure,1,33422,33721,0,19200,0,2126208,0.0,64.0,0,0
pure,1,33722,34010,0,18496,0,2144704,0.0,64.0,0,0
pure,1,34011,34121,0,7104,0,2151808,0.0,64.0,0,0
pure,1,34122,34182,0,3904,0,2155712,0.0,64.0,0,0
pure,1,34183,34482,0,19200,0,2174912,0.0,64.0,0,0
pure,1,34483,34782,0,19200,0,2194112,0.0,64.0,0,0
pure,1,34783,34995,0,13632,0,2207744,0.0,64.0,0,0
pure,1,34996,35019,0,1536,0,2209280,0.0,64.0,0,0
pure,1,35020,35050,0,1984,0,2211264,0.0,64.0,0,0
pure,1,35051,35350,0,19200,0,2230464,0.0,64.0,0,0
pure,1,35351,35650,0,19200,0,2249664,0.0,64.0,0,0
pure,1,35651,35950,0,19200,0,2268864,0.0,64.0,0,0
pure,1,35951,36153,0,12992,0,2281856,0.0,64.0,0,0
pure,1,36154,36402,0,15936,0,2297792,0.0,64.0,0,0
pure,1,36403,36702,0,19200,0,2316992,0.0,64.0,0,0
pure,1,36703,37002,0,19200,0,2336192,0.0,64.0,0,0
pure,1,37003,37123,0,7744,0,2343936,0.0,64.0,0,0
pure,1,37124,37194,0,4544,0,2348480,0.0,64.0,0,0
pure,1,37195,37494,0,19200,0,2367680,0.0,64.0,0,0
pure,1,37495,37794,0,19200,0,2386880,0.0,64.0,0,0
pure,1,37795,37846,0,3328,0,2390208,0.0,64.0,0,0
pure,1,37847,37857,0,704,0,2390912,0.0,64.0,0,0
pure,1,37858,37899,0,2688,0,2393600,0.0,64.0,0,0
pure,1,37900,38070,0,10944,0,2404544,0.0,64.0,0,0
pure,1,38071,38175,0,6720,0,2411264,0.0,64.0,0,0
pure,1,38176,38213,0,2432,0,2413696,0.0,64.0,0,0
pure,1,38214,38404,0,12224,0,2425920,0.0,64.0,0,0
pure,1,38405,38704,0,19200,0,2445120,0.0,64.0,0,0
pure,1,38705,39004,0,19200,0,2464320,0.0,64.0,0,0
pure,1,39005,39125,0,7744,0,2472064,0.0,64.0,0,0
pure,1,39126,39403,0,17792,0,2489856,0.0,64.0,0,0
pure,1,39404,39414,0,704,0,2490560,0.0,64.0,0,0
pure,1,39415,39714,0,19200,0,2509760,0.0,64.0,0,0
pure,1,39715,39851,0,8768,0,2518528,0.0,64.0,0,0
pure,1,39852,40151,0,19200,0,2537728,0.0,64.0,0,0
pure,1,40152,40264,0,7232,0,2544960,0.0,64.0,0,0
pure,1,40265,40564,0,19200,0,2564160,0.0,64.0,0,0
pure,1,40565,40864,0,19200,0,2583360,0.0,64.0,0,0
pure,1,40865,41164,0,19200,0,2602560,0.0,64.0,0,0
pure,1,41165,41464,0,19200,0,2621760,0.0,64.0,0,0
pure,1,41465,41764,0,19200,0,2640960,0.0,64.0,0,0
pure,1,41765,42015,0,16064,0,2657024,0.0,64.0,0,0
pure,1,42016,42315,0,19200,0,2676224,0.0,64.0,0,0
pure,1,42316,42615,0,19200,0,2695424,0.0,64.0,0,0
pure,1,42616,42915,0,19200,0,2714624,0.0,64.0,0,0
pure,1,42916,43215,0,19200,0,2733824,0.0,64.0,0,0
pure,1,43216,43414,0,12736,0,2746560,0.0,64.0,0,0
pure,1,43415,43511,0,6208,0,2752768,0.0,64.0,0,0
pure,1,43512,43526,0,960,0,2753728,0.0,64.0,0,0
pure,1,43527,43826,0,19200,0,2772928,0.0,64.0,0,0
pure,1,43827,44126,0,19200,0,2792128,0.0,64.0,0,0
pure,1,44127,44426,0,19200,0,2811328,0.0,64.0,0,0
pure,1,44427,44726,0,19200,0,2830528,0.0,64.0,0,0
pure,1,44727,44785,0,3776,0,2834304,0.0,64.0,0,0
pure,1,44786,45046,0,16704,0,2851008,0.0,64.0,0,0
pure,1,45047,45158,0,7168,0,2858176,0.0,64.0,0,0
pure,1,45159,45269,0,7104,0,2865280,0.0,64.0,0,0
pure,1,45270,45360,0,5824,0,2871104,0.0,64.0,0,0
pure,1,45361,45390,0,1920,0,2873024,0.0,64.0,0,0
pure,1,45391,45690,0,19200,0,2892224,0.0,64.0,0,0
pure,1,45691,45990,0,19200,0,2911424,0.0,64.0,0,0
pure,1,45991,46080,0,5760,0,2917184,0.0,64.0,0,0
pure,1,46081,46380,0,19200,0,2936384,0.0,64.0,0,0
pure,1,46381,46493,0,7232,0,2943616,0.0,64.0,0,0
pure,1,46494,46793,0,19200,0,2962816,0.0,64.0,0,0
pure,1,46794,47010,0,13888,0,2976704,0.0,64.0,0,0
pure,1,47011,47310,0,19200,0,2995904,0.0,64.0,0,0
pure,1,47311,47350,0,2560,0,2998464,0.0,64.0,0,0
pure,1,47351,47358,0,512,0,2998976,0.0,64.0,0,0
pure,1,47359,47557,0,12736,0,3011712,0.0,64.0,0,0
pure,1,47558,47857,0,19200,0,3030912,0.0,64.0,0,0
pure,1,47858,48157,0,19200,0,3050112,0.0,64.0,0,0
pure,1,48158,48457,0,19200,0,3069312,0.0,64.0,0,0
pure,1,48458,48757,0,19200,0,3088512,0.0,64.0,0,0
pure,1,48758,49057,0,19200,0,3107712,0.0,64.0,0,0
pure,1,49058,49096,0,2496,0,3110208,0.0,64.0,0,0
pure,1,49097,49145,0,3136,0,3113344,0.0,64.0,0,0
pure,1,49146,49172,0,1728,0,3115072,0.0,64.0,0,0
pure,1,49173,49472,0,19200,0,3134272,0.0,64.0,0,0
pure,1,49473,49772,0,19200,0,3153472,0.0,64.0,0,0
pure,1,49773,50072,0,19200,0,3172672,0.0,64.0,0,0
pure,1,50073,50182,0,7040,0,3179712,0.0,64.0,0,0
pure,1,50183,50482,0,19200,0,3198912,0.0,64.0,0,0
pure,1,50483,50782,0,19200,0,3218112,0.0,64.0,0,0
pure,1,50783,51082,0,19200,0,3237312,0.0,64.0,0,0
pure,1,51083,51123,0,2624,0,3239936,0.0,64.0,0,0
pure,1,51124,51165,0,2688,0,3242624,0.0,64.0,0,0
pure,1,51166,51225,0,3840,0,3246464,0.0,64.0,0,0
pure,1,51226,51525,0,19200,0,3265664,0.0,64.0,0,0
pure,1,51526,51573,0,3072,0,3268736,0.0,64.0,0,0
pure,1,51574,51859,0,18304,0,3287040,0.0,64.0,0,0
pure,1,51860,52159,0,19200,0,3306240,0.0,64.0,0,0
pure,1,52160,52459,0,19200,0,3325440,0.0,64.0,0,0
pure,1,52460,52759,0,19200,0,3344640,0.0,64.0,0,0
pure,1,52760,52874,0,7360,0,3352000,0.0,64.0,0,0
pure,1,52875,53040,0,10624,0,3362624,0.0,64.0,0,0
pure,1,53041,53292,0,16128,0,3378752,0.0,64.0,0,0
pure,1,53293,53359,0,4288,0,3383040,0.0,64.0,0,0
pure,1,53360,53468,0,6976,0,3390016,0.0,64.0,0,0
pure,1,53469,53476,0,512,0,3390528,0.0,64.0,0,0
pure,1,53477,53685,0,13376,0,3403904,0.0,64.0,0,0
pure,1,53686,53789,0,6656,0,3410560,0.0,64.0,0,0
pure,1,53790,53896,0,6848,0,3417408,0.0,64.0,0,0
pure,1,53897,54034,0,8832,0,3426240,0.0,64.0,0,0
pure,1,54035,54288,0,16256,0,3442496,0.0,64.0,0,0
pure,1,54289,54588,0,19200,0,3461696,0.0,64.0,0,0
pure,1,54589,54789,0,12864,0,3474560,0.0,64.0,0,0
pure,1,54790,54853,0,4096,0,3478656,0.0,64.0,0,0
pure,1,54854,54957,0,6656,0,3485312,0.0,64.0,0,0
pure,1,54958,55213,0,16384,0,3501696,0.0,64.0,0,0
pure,1,55214,55476,0,16832,0,3518528,0.0,64.0,0,0
pure,1,55477,55776,0,19200,0,3537728,0.0,64.0,0,0
pure,1,55777,56076,0,19200,0,3556928,0.0,64.0,0,0
pure,1,56077,56376,0,19200,0,3576128,0.0,64.0,0,0
pure,1,56377,56651,0,17600,0,3593728,0.0,64.0,0,0
pure,1,56652,56951,0,19200,0,3612928,0.0,64.0,0,0
pure,1,56952,57251,0,19200,0,3632128,0.0,64.0,0,0
pure,1,57252,57551,0,19200,0,3651328,0.0,64.0,0,0
pure,1,57552,57851,0,19200,0,3670528,0.0,64.0,0,0
pure,1,57852,58144,0,18752,0,3689280,0.0,64.0,0,0
pure,1,58145,58246,0,6528,0,3695808,0.0,64.0,0,0
pure,1,58247,58312,0,4224,0,3700032,0.0,64.0,0,0
pure,1,58313,58351,0,2496,0,3702528,0.0,64.0,0,0
pure,1,58352,58607,0,16384,0,3718912,0.0,64.0,0,0
pure,1,58608,58636,0,1856,0,3720768,0.0,64.0,0,0
pure,1,58637,58692,0,3584,0,3724352,0.0,64.0,0,0
pure,1,58693,58794,0,6528,0,3730880,0.0,64.0,0,0
pure,1,58795,58876,0,5248,0,3736128,0.0,64.0,0,0
pure,1,58877,58924,0,3072,0,3739200,0.0,64.0,0,0
pure,1,58925,59153,0,14656,0,3753856,0.0,64.0,0,0
pure,1,59154,59220,0,4288,0,3758144,0.0,64.0,0,0
pure,1,59221,59259,0,2496,0,3760640,0.0,64.0,0,0
pure,1,59260,59559,0,19200,0,3779840,0.0,64.0,0,0
pure,1,59560,59664,0,6720,0,3786560,0.0,64.0,0,0
pure,1,59665,59786,0,7808,0,3794368,0.0,64.0,0,0
pure,1,59787,60086,0,19200,0,3813568,0.0,64.0,0,0
pure,1,60087,60386,0,19200,0,3832768,0.0,64.0,0,0
pure,1,60387,60436,0,3200,0,3835968,0.0,64.0,0,0
pure,1,60437,60467,0,1984,0,3837952,0.0,64.0,0,0
pure,1,60468,60715,0,15872,0,3853824,0.0,64.0,0,0
pure,1,60716,60807,0,5888,0,3859712,0.0,64.0,0,0
pure,1,60808,60996,0,12096,0,3871808,0.0,64.0,0,0
pure,1,60997,61171,0,11200,0,3883008,0.0,64.0,0,0
pure,1,61172,61205,0,2176,0,3885184,0.0,64.0,0,0
pure,1,61206,61326,0,7744,0,3892928,0.0,64.0,0,0
pure,1,61327,61626,0,19200,0,3912128,0.0,64.0,0,0
pure,1,61627,61666,0,2560,0,3914688,0.0,64.0,0,0
pure,1,61667,61921,0,16320,0,3931008,0.0,64.0,0,0
pure,1,61922,62131,0,13440,0,3944448,0.0,64.0,0,0
pure,1,62132,62164,0,2112,0,3946560,0.0,64.0,0,0
pure,1,62165,62365,0,12864,0,3959424,0.0,64.0,0,0
pure,1,62366,62470,0,6720,0,3966144,0.0,64.0,0,0
pure,1,62471,62770,0,19200,0,3985344,0.0,64.0,0,0
pure,1,62771,62858,0,5632,0,3990976,0.0,64.0,0,0
pure,1,62859,63158,0,19200,0,4010176,0.0,64.0,0,0
pure,1,63159,63227,0,4416,0,4014592,0.0,64.0,0,0
pure,1,63228,63321,0,6016,0,4020608,0.0,64.0,0,0
pure,1,63322,63621,0,19200,0,4039808,0.0,64.0,0,0
pure,1,63622,63921,0,19200,0,4059008,0.0,64.0,0,0
pure,1,63922,64043,0,7808,0,4066816,0.0,64.0,0,0
pure,1,64044,64228,0,11840,0,4078656,0.0,64.0,0,0
pure,1,64229,64528,0,19200,0,4097856,0.0,64.0,0,0
pure,1,64529,64629,0,6464,0,4104320,0.0,64.0,0,0
pure,1,64630,64800,0,10944,0,4115264,0.0,64.0,0,0
pure,1,64801,64996,0,12544,0,4127808,0.0,64.0,0,0
pure,1,64997,65117,0,7744,0,4135552,0.0,64.0,0,0
pure,1,65118,65166,0,3136,0,4138688,0.0,64.0,0,0
pure,1,65167,65291,0,8000,0,4146688,0.0,64.0,0,0
pure,1,65292,65449,0,10112,0,4156800,0.0,64.0,0,0
pure,1,65450,65593,0,9216,0,4166016,0.0,64.0,0,0
pure,1,65594,65740,0,9408,0,4175424,0.0,64.0,0,0
pure,1,65741,65872,0,8448,0,4183872,0.0,64.0,0,0
pure,1,65873,65973,0,6464,0,4190336,0.0,64.0,0,0
pure,1,65974,66273,0,19200,0,4209536,0.0,64.0,0,0
pure,1,66274,66348,0,4800,0,4214336,0.0,64.0,0,0
pure,1,66349,66415,0,4288,0,4218624,0.0,64.0,0,0
pure,1,66416,66579,0,10496,0,4229120,0.0,64.0,0,0
pure,1,66580,66694,0,7360,0,4236480,0.0,64.0,0,0
pure,1,66695,66795,0,6464,0,4242944,0.0,64.0,0,0
pure,1,66796,66987,0,12288,0,4255232,0.0,64.0,0,0
pure,1,66988,67082,0,6080,0,4261312,0.0,64.0,0,0
pure,1,67083,67153,0,4544,0,4265856,0.0,64.0,0,0
pure,1,67154,67385,0,14848,0,4280704,0.0,64.0,0,0
pure,1,67386,67685,0,19200,0,4299904,0.0,64.0,0,0
pure,1,67686,67707,0,1408,0,4301312,0.0,64.0,0,0
pure,1,67708,68007,0,19200,0,4320512,0.0,64.0,0,0
pure,1,68008,68055,0,3072,0,4323584,0.0,64.0,0,0
pure,1,68056,68181,0,8064,0,4331648,0.0,64.0,0,0
pure,1,68182,68276,0,6080,0,4337728,0.0,64.0,0,0
pure,1,68277,68295,0,1216,0,4338944,0.0,64.0,0,0
pure,1,68296,68595,0,19200,0,4358144,0.0,64.0,0,0
pure,1,68596,68769,0,11136,0,4369280,0.0,64.0,0,0
pure,1,68770,69019,0,16000,0,4385280,0.0,64.0,0,0
pure,1,69020,69158,0,8896,0,4394176,0.0,64.0,0,0
pure,1,69159,69266,0,6912,0,4401088,0.0,64.0,0,0
pure,1,69267,69313,0,3008,0,4404096,0.0,64.0,0,0
pure,1,69314,69421,0,6912,0,4411008,0.0,64.0,0,0
pure,1,69422,69494,0,4672,0,4415680,0.0,64.0,0,0
pure,1,69495,69537,0,2752,0,4418432,0.0,64.0,0,0
pure,1,69538,69562,0,1600,0,4420032,0.0,64.0,0,0
pure,1,69563,69673,0,7104,0,4427136,0.0,64.0,0,0
pure,1,69674,69973,0,19200,0,4446336,0.0,64.0,0,0
pure,1,69974,69992,0,1216,0,4447552,0.0,64.0,0,0
pure,1,69993,70091,0,6336,0,4453888,0.0,64.0,0,0
pure,1,70092,70391,0,19200,0,4473088,0.0,64.0,0,0
pure,1,70392,70691,0,19200,0,4492288,0.0,64.0,0,0
pure,1,70692,70991,0,19200,0,4511488,0.0,64.0,0,0
pure,1,70992,71291,0,19200,0,4530688,0.0,64.0,0,0
pure,1,71292,71591,0,19200,0,4549888,0.0,64.0,0,0
pure,1,71592,71772,0,11584,0,4561472,0.0,64.0,0,0
pure,1,71773,71832,0,3840,0,4565312,0.0,64.0,0,0
pure,1,71833,71963,0,8384,0,4573696,0.0,64.0,0,0
pure,1,71964,72263,0,19200,0,4592896,0.0,64.0,0,0
pure,1,72264,72563,0,19200,0,4612096,0.0,64.0,0,0
pure,1,72564,72863,0,19200,0,4631296,0.0,64.0,0,0
pure,1,72864,73085,0,14208,0,4645504,0.0,64.0,0,0
pure,1,73086,73385,0,19200,0,4664704,0.0,64.0,0,0
pure,1,73386,73685,0,19200,0,4683904,0.0,64.0,0,0
pure,1,73686,73985,0,19200,0,4703104,0.0,64.0,0,0
pure,1,73986,74285,0,19200,0,4722304,0.0,64.0,0,0
pure,1,74286,74585,0,19200,0,4741504,0.0,64.0,0,0
pure,1,74586,74640,0,3520,0,4745024,0.0,64.0,0,0
pure,1,74641,74940,0,19200,0,4764224,0.0,64.0,0,0
pure,1,74941,75240,0,19200,0,4783424,0.0,64.0,0,0
pure,1,75241,75420,0,11520,0,4794944,0.0,64.0,0,0
pure,1,75421,75672,0,16128,0,4811072,0.0,64.0,0,0
pure,1,75673,75972,0,19200,0,4830272,0.0,64.0,0,0
pure,1,75973,76272,0,19200,0,4849472,0.0,64.0,0,0
pure,1,76273,76572,0,19200,0,4868672,0.0,64.0,0,0
pure,1,76573,76872,0,19200,0,4887872,0.0,64.0,0,0
pure,1,76873,76939,0,4288,0,4892160,0.0,64.0,0,0
pure,1,76940,77050,0,7104,0,4899264,0.0,64.0,0,0
pure,1,77051,77350,0,19200,0,4918464,0.0,64.0,0,0
pure,1,77351,77650,0,19200,0,4937664,0.0,64.0,0,0
pure,1,77651,77950,0,19200,0,4956864,0.0,64.0,0,0
pure,1,77951,78250,0,19200,0,4976064,0.0,64.0,0,0
pure,1,78251,78329,0,5056,0,4981120,0.0,64.0,0,0
pure,1,78330,78420,0,5824,0,4986944,0.0,64.0,0,0
pure,1,78421,78582,0,10368,0,4997312,0.0,64.0,0,0
pure,1,78583,78643,0,3904,0,5001216,0.0,64.0,0,0
pure,1,78644,78756,0,7232,0,5008448,0.0,64.0,0,0
pure,1,78757,78776,0,1280,0,5009728,0.0,64.0,0,0
pure,1,78777,78816,0,2560,0,5012288,0.0,64.0,0,0
pure,1,78817,78961,0,9280,0,5021568,0.0,64.0,0,0
pure,1,78962,79261,0,19200,0,5040768,0.0,64.0,0,0
pure,1,79262,79287,0,1664,0,5042432,0.0,64.0,0,0
pure,1,79288,79587,0,19200,0,5061632,0.0,64.0,0,0
pure,1,79588,79887,0,19200,0,5080832,0.0,64.0,0,0
pure,1,79888,79899,0,768,0,5081600,0.0,64.0,0,0
pure,1,79900,80199,0,19200,0,5100800,0.0,64.0,0,0
pure,1,80200,80225,0,1664,0,5102464,0.0,64.0,0,0
pure,1,80226,80287,0,3968,0,5106432,0.0,64.0,0,0
pure,1,80288,80344,0,3648,0,5110080,0.0,64.0,0,0
pure,1,80345,80478,0,8576,0,5118656,0.0,64.0,0,0
pure,1,80479,80683,0,13120,0,5131776,0.0,64.0,0,0
pure,1,80684,80701,0,1152,0,5132928,0.0,64.0,0,0
pure,1,80702,80739,0,2432,0,5135360,0.0,64.0,0,0
pure,1,80740,81015,0,17664,0,5153024,0.0,64.0,0,0
pure,1,81016,81315,0,19200,0,5172224,0.0,64.0,0,0
pure,1,81316,81440,0,8000,0,5180224,0.0,64.0,0,0
pure,1,81441,81527,0,5568,0,5185792,0.0,64.0,0,0
pure,1,81528,81537,0,640,0,5186432,0.0,64.0,0,0
pure,1,81538,81607,0,4480,0,5190912,0.0,64.0,0,0
pure,1,81608,81728,0,7744,0,5198656,0.0,64.0,0,0
pure,1,81729,81914,0,11904,0,5210560,0.0,64.0,0,0
pure,1,81915,81941,0,1728,0,5212288,0.0,64.0,0,0
pure,1,81942,82241,0,19200,0,5231488,0.0,64.0,0,0
pure,1,82242,82301,0,3840,0,5235328,0.0,64.0,0,0
pure,1,82302,82601,0,19200,0,5254528,0.0,64.0,0,0
pure,1,82602,82901,0,19200,0,5273728,0.0,64.0,0,0
pure,1,82902,83136,0,15040,0,5288768,0.0,64.0,0,0
pure,1,83137,83158,0,1408,0,5290176,0.0,64.0,0,0
pure,1,83159,83215,0,3648,0,5293824,0.0,64.0,0,0
pure,1,83216,83244,0,1856,0,5295680,0.0,64.0,0,0
pure,1,83245,83544,0,19200,0,5314880,0.0,64.0,0,0
pure,1,83545,83691,0,9408,0,5324288,0.0,64.0,0,0
pure,1,83692,83827,0,8704,0,5332992,0.0,64.0,0,0
pure,1,83828,84127,0,19200,0,5352192,0.0,64.0,0,0
pure,1,84128,84182,0,3520,0,5355712,0.0,64.0,0,0
pure,1,84183,84482,0,19200,0,5374912,0.0,64.0,0,0
pure,1,84483,84782,0,19200,0,5394112,0.0,64.0,0,0
pure,1,84783,84806,0,1536,0,5395648,0.0,64.0,0,0
pure,1,84807,84920,0,7296,0,5402944,0.0,64.0,0,0
pure,1,84921,84998,0,4992,0,5407936,0.0,64.0,0,0
pure,1,84999,85298,0,19200,0,5427136,0.0,64.0,0,0
pure,1,85299,85598,0,19200,0,5446336,0.0,64.0,0,0
pure,1,85599,85648,0,3200,0,5449536,0.0,64.0,0,0
pure,1,85649,85756,0,6912,0,5456448,0.0,64.0,0,0
pure,1,85757,85868,0,7168,0,5463616,0.0,64.0,0,0
pure,1,85869,85935,0,4288,0,5467904,0.0,64.0,0,0
pure,1,85936,86235,0,19200,0,5487104,0.0,64.0,0,0
pure,1,86236,86268,0,2112,0,5489216,0.0,64.0,0,0
pure,1,86269,86287,0,1216,0,5490432,0.0,64.0,0,0
pure,1,86288,86587,0,19200,0,5509632,0.0,64.0,0,0
pure,1,86588,86887,0,19200,0,5528832,0.0,64.0,0,0
pure,1,86888,86915,0,1792,0,5530624,0.0,64.0,0,0
pure,1,86916,87215,0,19200,0,5549824,0.0,64.0,0,0
pure,1,87216,87515,0,19200,0,5569024,0.0,64.0,0,0
pure,1,87516,87762,0,15808,0,5584832,0.0,64.0,0,0
pure,1,87763,88062,0,19200,0,5604032,0.0,64.0,0,0
pure,1,88063,88081,0,1216,0,5605248,0.0,64.0,0,0
pure,1,88082,88133,0,3328,0,5608576,0.0,64.0,0,0
pure,1,88134,88433,0,19200,0,5627776,0.0,64.0,0,0
pure,1,88434,88667,0,14976,0,5642752,0.0,64.0,0,0
pure,1,88668,88718,0,3264,0,5646016,0.0,64.0,0,0
pure,1,88719,89018,0,19200,0,5665216,0.0,64.0,0,0
pure,1,89019,89155,0,8768,0,5673984,0.0,64.0,0,0
pure,1,89156,89230,0,4800,0,5678784,0.0,64.0,0,0
pure,1,89231,89317,0,5568,0,5684352,0.0,64.0,0,0
pure,1,89318,89466,0,9536,0,5693888,0.0,64.0,0,0
pure,1,89467,89660,0,12416,0,5706304,0.0,64.0,0,0
pure,1,89661,89699,0,2496,0,5708800,0.0,64.0,0,0
pure,1,89700,89728,0,1856,0,5710656,0.0,64.0,0,0
pure,1,89729,90004,0,17664,0,5728320,0.0,64.0,0,0
pure,1,90005,90112,0,6912,0,5735232,0.0,64.0,0,0
pure,1,90113,90201,0,5696,0,5740928,0.0,64.0,0,0
pure,1,90202,90284,0,5312,0,5746240,0.0,64.0,0,0
pure,1,90285,90584,0,19200,0,5765440,0.0,64.0,0,0
pure,1,90585,90876,0,18688,0,5784128,0.0,64.0,0,0
pure,1,90877,91040,0,10496,0,5794624,0.0,64.0,0,0
pure,1,91041,91340,0,19200,0,5813824,0.0,64.0,0,0
pure,1,91341,91640,0,19200,0,5833024,0.0,64.0,0,0
pure,1,91641,91940,0,19200,0,5852224,0.0,64.0,0,0
pure,1,91941,92240,0,19200,0,5871424,0.0,64.0,0,0
pure,1,92241,92314,0,4736,0,5876160,0.0,64.0,0,0
pure,1,92315,92614,0,19200,0,5895360,0.0,64.0,0,0
pure,1,92615,92914,0,19200,0,5914560,0.0,64.0,0,0
pure,1,92915,92944,0,1920,0,5916480,0.0,64.0,0,0
pure,1,92945,93244,0,19200,0,5935680,0.0,64.0,0,0
pure,1,93245,93443,0,12736,0,5948416,0.0,64.0,0,0
pure,1,93444,93472,0,1856,0,5950272,0.0,64.0,0,0
pure,1,93473,93562,0,5760,0,5956032,0.0,64.0,0,0
pure,1,93563,93862,0,19200,0,5975232,0.0,64.0,0,0
pure,1,93863,93987,0,8000,0,5983232,0.0,64.0,0,0
pure,1,93988,94287,0,19200,0,6002432,0.0,64.0,0,0
pure,1,94288,94409,0,7808,0,6010240,0.0,64.0,0,0
pure,1,94410,94472,0,4032,0,6014272,0.0,64.0,0,0
pure,1,94473,94719,0,15808,0,6030080,0.0,64.0,0,0
pure,1,94720,94828,0,6976,0,6037056,0.0,64.0,0,0
pure,1,94829,95050,0,14208,0,6051264,0.0,64.0,0,0
pure,1,95051,95350,0,19200,0,6070464,0.0,64.0,0,0
pure,1,95351,95637,0,18368,0,6088832,0.0,64.0,0,0
pure,1,95638,95716,0,5056,0,6093888,0.0,64.0,0,0
pure,1,95717,95841,0,8000,0,6101888,0.0,64.0,0,0
pure,1,95842,95873,0,2048,0,6103936,0.0,64.0,0,0
pure,1,95874,96030,0,10048,0,6113984,0.0,64.0,0,0
pure,1,96031,96235,0,13120,0,6127104,0.0,64.0,0,0
pure,1,96236,96442,0,13248,0,6140352,0.0,64.0,0,0
pure,1,96443,96532,0,5760,0,6146112,0.0,64.0,0,0
pure,1,96533,96560,0,1792,0,6147904,0.0,64.0,0,0
pure,1,96561,96712,0,9728,0,6157632,0.0,64.0,0,0
pure,1,96713,96880,0,10752,0,6168384,0.0,64.0,0,0
pure,1,96881,97180,0,19200,0,6187584,0.0,64.0,0,0
pure,1,97181,97456,0,17664,0,6205248,0.0,64.0,0,0
pure,1,97457,97676,0,14080,0,6219328,0.0,64.0,0,0
pure,1,97677,97757,0,5184,0,6224512,0.0,64.0,0,0
pure,1,97758,97863,0,6784,0,6231296,0.0,64.0,0,0
pure,1,97864,98139,0,17664,0,6248960,0.0,64.0,0,0
pure,1,98140,98303,0,10496,0,6259456,0.0,64.0,0,0
pure,1,98304,98446,0,9152,0,6268608,0.0,64.0,0,0
pure,1,98447,98521,0,4800,0,6273408,0.0,64.0,0,0
pure,1,98522,98717,0,12544,0,6285952,0.0,64.0,0,0
pure,1,98718,98767,0,3200,0,6289152,0.0,64.0,0,0
pure,1,98768,99067,0,19200,0,6308352,0.0,64.0,0,0
pure,1,99068,99367,0,19200,0,6327552,0.0,64.0,0,0
pure,1,99368,99545,0,11392,0,6338944,0.0,64.0,0,0
pure,1,99546,99741,0,12544,0,6351488,0.0,64.0,0,0
pure,1,99742,99863,0,7808,0,6359296,0.0,64.0,0,0
pure,1,99864,99961,0,6272,0,6365568,0.0,64.0,0,0
pure,1,99962,100114,0,9792,0,6375360,0.0,64.0,0,0
pure,1,100115,100181,0,4288,0,6379648,0.0,64.0,0,0
pure,1,100182,100207,0,1664,0,6381312,0.0,64.0,0,0
pure,1,100208,100507,0,19200,0,6400512,0.0,64.0,0,0
pure,1,100508,100537,0,1920,0,6402432,0.0,64.0,0,0
pure,1,100538,100837,0,19200,0,6421632,0.0,64.0,0,0
pure,1,100838,100877,0,2560,0,6424192,0.0,64.0,0,0
pure,1,100878,101048,0,10944,0,6435136,0.0,64.0,0,0
pure,1,101049,101261,0,13632,0,6448768,0.0,64.0,0,0
pure,1,101262,101310,0,3136,0,6451904,0.0,64.0,0,0
pure,1,101311,101576,0,17024,0,6468928,0.0,64.0,0,0
pure,1,101577,101734,0,10112,0,6479040,0.0,64.0,0,0
pure,1,101735,101883,0,9536,0,6488576,0.0,64.0,0,0
pure,1,101884,102183,0,19200,0,6507776,0.0,64.0,0,0
pure,1,102184,102306,0,7872,0,6515648,0.0,64.0,0,0
pure,1,102307,102335,0,1856,0,6517504,0.0,64.0,0,0
pure,1,102336,102618,0,18112,0,6535616,0.0,64.0,0,0
pure,1,102619,102684,0,4224,0,6539840,0.0,64.0,0,0
pure,1,102685,102756,0,4608,0,6544448,0.0,64.0,0,0
pure,1,102757,102865,0,6976,0,6551424,0.0,64.0,0,0
pure,1,102866,102963,0,6272,0,6557696,0.0,64.0,0,0
pure,1,102964,102992,0,1856,0,6559552,0.0,64.0,0,0
pure,1,102993,103060,0,4352,0,6563904,0.0,64.0,0,0
pure,1,103061,103111,0,3264,0,6567168,0.0,64.0,0,0
pure,1,103112,103411,0,19200,0,6586368,0.0,64.0,0,0
pure,1,103412,103588,0,11328,0,6597696,0.0,64.0,0,0
pure,1,103589,103608,0,1280,0,6598976,0.0,64.0,0,0
pure,1,103609,103908,0,19200,0,6618176,0.0,64.0,0,0
pure,1,103909,104050,0,9088,0,6627264,0.0,64.0,0,0
pure,1,104051,104350,0,19200,0,6646464,0.0,64.0,0,0
pure,1,104351,104650,0,19200,0,6665664,0.0,64.0,0,0
pure,1,104651,104718,0,4352,0,6670016,0.0,64.0,0,0
pure,1,104719,105018,0,19200,0,6689216,0.0,64.0,0,0
pure,1,105019,105318,0,19200,0,6708416,0.0,64.0,0,0
pure,1,105319,105475,0,10048,0,6718464,0.0,64.0,0,0
pure,1,105476,105499,0,1536,0,6720000,0.0,64.0,0,0
pure,1,105500,105799,0,19200,0,6739200,0.0,64.0,0,0
pure,1,105800,106099,0,19200,0,6758400,0.0,64.0,0,0
pure,1,106100,106129,0,1920,0,6760320,0.0,64.0,0,0
pure,1,106130,106210,0,5184,0,6765504,0.0,64.0,0,0
pure,1,106211,106510,0,19200,0,6784704,0.0,64.0,0,0
pure,1,106511,106810,0,19200,0,6803904,0.0,64.0,0,0
pure,1,106811,106839,0,1856,0,6805760,0.0,64.0,0,0
pure,1,106840,107047,0,13312,0,6819072,0.0,64.0,0,0
pure,1,107048,107138,0,5824,0,6824896,0.0,64.0,0,0
pure,1,107139,107161,0,1472,0,6826368,0.0,64.0,0,0
pure,1,107162,107303,0,9088,0,6835456,0.0,64.0,0,0
pure,1,107304,107603,0,19200,0,6854656,0.0,64.0,0,0
pure,1,107604,107669,0,4224,0,6858880,0.0,64.0,0,0
pure,1,107670,107864,0,12480,0,6871360,0.0,64.0,0,0
pure,1,107865,108045,0,11584,0,6882944,0.0,64.0,0,0
pure,1,108046,108345,0,19200,0,6902144,0.0,64.0,0,0
pure,1,108346,108645,0,19200,0,6921344,0.0,64.0,0,0
pure,1,108646,108683,0,2432,0,6923776,0.0,64.0,0,0
pure,1,108684,108983,0,19200,0,6942976,0.0,64.0,0,0
pure,1,108984,109283,0,19200,0,6962176,0.0,64.0,0,0
pure,1,109284,109302,0,1216,0,6963392,0.0,64.0,0,0
pure,1,109303,109358,0,3584,0,6966976,0.0,64.0,0,0
pure,1,109359,109460,0,6528,0,6973504,0.0,64.0,0,0
pure,1,109461,109544,0,5376,0,6978880,0.0,64.0,0,0
pure,1,109545,109670,0,8064,0,6986944,0.0,64.0,0,0
pure,1,109671,109970,0,19200,0,7006144,0.0,64.0,0,0
pure,1,109971,110270,0,19200,0,7025344,0.0,64.0,0,0
pure,1,110271,110570,0,19200,0,7044544,0.0,64.0,0,0
pure,1,110571,110783,0,13632,0,7058176,0.0,64.0,0,0
pure,1,110784,111039,0,16384,0,7074560,0.0,64.0,0,0
pure,1,111040,111058,0,1216,0,7075776,0.0,64.0,0,0
pure,1,111059,111068,0,640,0,7076416,0.0,64.0,0,0
pure,1,111069,111368,0,19200,0,7095616,0.0,64.0,0,0
pure,1,111369,111668,0,19200,0,7114816,0.0,64.0,0,0
pure,1,111669,111968,0,19200,0,7134016,0.0,64.0,0,0
pure,1,111969,112056,0,5632,0,7139648,0.0,64.0,0,0
pure,1,112057,112184,0,8192,0,7147840,0.0,64.0,0,0
pure,1,112185,112339,0,9920,0,7157760,0.0,64.0,0,0
pure,1,112340,112615,0,17664,0,7175424,0.0,64.0,0,0
pure,1,112616,112915,0,19200,0,7194624,0.0,64.0,0,0
pure,1,112916,112972,0,3648,0,7198272,0.0,64.0,0,0
pure,1,112973,113065,0,5952,0,7204224,0.0,64.0,0,0
pure,1,113066,113365,0,19200,0,7223424,0.0,64.0,0,0
pure,1,113366,113665,0,19200,0,7242624,0.0,64.0,0,0
pure,1,113666,113965,0,19200,0,7261824,0.0,64.0,0,0
pure,1,113966,114045,0,5120,0,7266944,0.0,64.0,0,0
pure,1,114046,114345,0,19200,0,7286144,0.0,64.0,0,0
pure,1,114346,114645,0,19200,0,7305344,0.0,64.0,0,0
pure,1,114646,114945,0,19200,0,7324544,0.0,64.0,0,0
pure,1,114946,115245,0,19200,0,7343744,0.0,64.0,0,0
pure,1,115246,115329,0,5376,0,7349120,0.0,64.0,0,0
pure,1,115330,115355,0,1664,0,7350784,0.0,64.0,0,0
pure,1,115356,115655,0,19200,0,7369984,0.0,64.0,0,0
pure,1,115656,115955,0,19200,0,7389184,0.0,64.0,0,0
pure,1,115956,116255,0,19200,0,7408384,0.0,64.0,0,0
pure,1,116256,116555,0,19200,0,7427584,0.0,64.0,0,0
pure,1,116556,116782,0,14528,0,7442112,0.0,64.0,0,0
pure,1,116783,117082,0,19200,0,7461312,0.0,64.0,0,0
pure,1,117083,117097,0,960,0,7462272,0.0,64.0,0,0
pure,1,117098,117397,0,19200,0,7481472,0.0,64.0,0,0
pure,1,117398,117697,0,19200,0,7500672,0.0,64.0,0,0
pure,1,117698,117961,0,16896,0,7517568,0.0,64.0,0,0
pure,1,117962,118261,0,19200,0,7536768,0.0,64.0,0,0
pure,1,118262,118561,0,19200,0,7555968,0.0,64.0,0,0
pure,1,118562,118684,0,7872,0,7563840,0.0,64.0,0,0
pure,1,118685,118984,0,19200,0,7583040,0.0,64.0,0,0
pure,1,118985,119284,0,19200,0,7602240,0.0,64.0,0,0
pure,1,119285,119457,0,11072,0,7613312,0.0,64.0,0,0
pure,1,119458,119607,0,9600,0,7622912,0.0,64.0,0,0
pure,1,119608,119666,0,3776,0,7626688,0.0,64.0,0,0
pure,1,119667,119966,0,19200,0,7645888,0.0,64.0,0,0
pure,1,119967,119982,0,1024,0,7646912,0.0,64.0,0,0
pure,1,119983,120282,0,19200,0,7666112,0.0,64.0,0,0
pure,1,120283,120465,0,11712,0,7677824,0.0,64.0,0,0
pure,1,120466,120765,0,19200,0,7697024,0.0,64.0,0,0
pure,1,120766,121065,0,19200,0,7716224,0.0,64.0,0,0
pure,1,121066,121365,0,19200,0,7735424,0.0,64.0,0,0
pure,1,121366,121665,0,19200,0,7754624,0.0,64.0,0,0
pure,1,121666,121965,0,19200,0,7773824,0.0,64.0,0,0
pure,1,121966,122265,0,19200,0,7793024,0.0,64.0,0,0
pure,1,122266,122311,0,2944,0,7795968,0.0,64.0,0,0
pure,1,122312,122427,0,7424,0,7803392,0.0,64.0,0,0
pure,1,122428,122727,0,19200,0,7822592,0.0,64.0,0,0
pure,1,122728,123027,0,19200,0,7841792,0.0,64.0,0,0
pure,1,123028,123092,0,4160,0,7845952,0.0,64.0,0,0
pure,1,123093,123392,0,19200,0,7865152,0.0,64.0,0,0
pure,1,123393,123420,0,1792,0,7866944,0.0,64.0,0,0
pure,1,123421,123720,0,19200,0,7886144,0.0,64.0,0,0
pure,1,123721,123741,0,1344,0,7887488,0.0,64.0,0,0
pure,1,123742,124041,0,19200,0,7906688,0.0,64.0,0,0
pure,1,124042,124069,0,1792,0,7908480,0.0,64.0,0,0
pure,1,124070,124369,0,19200,0,7927680,0.0,64.0,0,0
pure,1,124370,124422,0,3392,0,7931072,0.0,64.0,0,0
pure,1,124423,124525,0,6592,0,7937664,0.0,64.0,0,0
pure,1,124526,124825,0,19200,0,7956864,0.0,64.0,0,0
pure,1,124826,125125,0,19200,0,7976064,0.0,64.0,0,0
pure,1,125126,125425,0,19200,0,7995264,0.0,64.0,0,0
pure,1,125426,125725,0,19200,0,8014464,0.0,64.0,0,0
pure,1,125726,126025,0,19200,0,8033664,0.0,64.0,0,0
pure,1,126026,126325,0,19200,0,8052864,0.0,64.0,0,0
pure,1,126326,126625,0,19200,0,8072064,0.0,64.0,0,0
pure,1,126626,126925,0,19200,0,8091264,0.0,64.0,0,0
pure,1,126926,127092,0,10688,0,8101952,0.0,64.0,0,0
pure,1,127093,127392,0,19200,0,8121152,0.0,64.0,0,0
pure,1,127393,127425,0,2112,0,8123264,0.0,64.0,0,0
pure,1,127426,127542,0,7488,0,8130752,0.0,64.0,0,0
pure,1,127543,127842,0,19200,0,8149952,0.0,64.0,0,0
pure,1,127843,128142,0,19200,0,8169152,0.0,64.0,0,0
pure,1,128143,128278,0,8704,0,8177856,0.0,64.0,0,0
pure,1,128279,128435,0,10048,0,8187904,0.0,64.0,0,0
pure,1,128436,128735,0,19200,0,8207104,0.0,64.0,0,0
pure,1,128736,128982,0,15808,0,8222912,0.0,64.0,0,0
pure,1,128983,129282,0,19200,0,8242112,0.0,64.0,0,0
pure,1,129283,129582,0,19200,0,8261312,0.0,64.0,0,0
pure,1,129583,129606,0,1536,0,8262848,0.0,64.0,0,0
pure,1,129607,129906,0,19200,0,8282048,0.0,64.0,0,0
pure,1,129907,130206,0,19200,0,8301248,0.0,64.0,0,0
pure,1,130207,130506,0,19200,0,8320448,0.0,64.0,0,0
pure,1,130507,130627,0,7744,0,8328192,0.0,64.0,0,0
pure,1,130628,130767,0,8960,0,8337152,0.0,64.0,0,0
pure,1,130768,130910,0,9152,0,8346304,0.0,64.0,0,0
pure,1,130911,131210,0,19200,0,8365504,0.0,64.0,0,0
pure,1,131211,131510,0,19200,0,8384704,0.0,64.0,0,0
pure,1,131511,131810,0,19200,0,8403904,0.0,64.0,0,0
pure,1,131811,132004,0,12416,0,8416320,0.0,64.0,0,0
pure,1,132005,132124,0,7680,0,8424000,0.0,64.0,0,0
pure,1,132125,132424,0,19200,0,8443200,0.0,64.0,0,0
pure,1,132425,132448,0,1536,0,8444736,0.0,64.0,0,0
pure,1,132449,132610,0,10368,0,8455104,0.0,64.0,0,0
pure,1,132611,132727,0,7488,0,8462592,0.0,64.0,0,0
pure,1,132728,133027,0,19200,0,8481792,0.0,64.0,0,0
pure,1,133028,133327,0,19200,0,8500992,0.0,64.0,0,0
pure,1,133328,133627,0,19200,0,8520192,0.0,64.0,0,0
pure,1,133628,133927,0,19200,0,8539392,0.0,64.0,0,0
pure,1,133928,134227,0,19200,0,8558592,0.0,64.0,0,0
pure,1,134228,134252,0,1600,0,8560192,0.0,64.0,0,0
pure,1,134253,134552,0,19200,0,8579392,0.0,64.0,0,0
pure,1,134553,134852,0,19200,0,8598592,0.0,64.0,0,0
pure,1,134853,134867,0,960,0,8599552,0.0,64.0,0,0
pure,1,134868,134897,0,1920,0,8601472,0.0,64.0,0,0
pure,1,134898,135197,0,19200,0,8620672,0.0,64.0,0,0
pure,1,135198,135497,0,19200,0,8639872,0.0,64.0,0,0
pure,1,135498,135797,0,19200,0,8659072,0.0,64.0,0,0
pure,1,135798,136097,0,19200,0,8678272,0.0,64.0,0,0
pure,1,136098,136397,0,19200,0,8697472,0.0,64.0,0,0
pure,1,136398,136697,0,19200,0,8716672,0.0,64.0,0,0
pure,1,136698,136997,0,19200,0,8735872,0.0,64.0,0,0
pure,1,136998,137090,0,5952,0,8741824,0.0,64.0,0,0
pure,1,137091,137390,0,19200,0,8761024,0.0,64.0,0,0
pure,1,137391,137681,0,18624,0,8779648,0.0,64.0,0,0
pure,1,137682,137689,0,512,0,8780160,0.0,64.0,0,0
pure,1,137690,137989,0,19200,0,8799360,0.0,64.0,0,0
pure,1,137990,138289,0,19200,0,8818560,0.0,64.0,0,0
pure,1,138290,138316,0,1728,0,8820288,0.0,64.0,0,0
pure,1,138317,138573,0,16448,0,8836736,0.0,64.0,0,0
pure,1,138574,138873,0,19200,0,8855936,0.0,64.0,0,0
pure,1,138874,139098,0,14400,0,8870336,0.0,64.0,0,0
pure,1,139099,139398,0,19200,0,8889536,0.0,64.0,0,0
pure,1,139399,139698,0,19200,0,8908736,0.0,64.0,0,0
pure,1,139699,139998,0,19200,0,8927936,0.0,64.0,0,0
pure,1,139999,140298,0,19200,0,8947136,0.0,64.0,0,0
pure,1,140299,140598,0,19200,0,8966336,0.0,64.0,0,0
pure,1,140599,140777,0,11456,0,8977792,0.0,64.0,0,0
pure,1,140778,141077,0,19200,0,8996992,0.0,64.0,0,0
pure,1,141078,141377,0,19200,0,9016192,0.0,64.0,0,0
pure,1,141378,141677,0,19200,0,9035392,0.0,64.0,0,0
pure,1,141678,141895,0,13952,0,9049344,0.0,64.0,0,0
pure,1,141896,142195,0,19200,0,9068544,0.0,64.0,0,0
pure,1,142196,142495,0,19200,0,9087744,0.0,64.0,0,0
pure,1,142496,142795,0,19200,0,9106944,0.0,64.0,0,0
pure,1,142796,143036,0,15424,0,9122368,0.0,64.0,0,0
pure,1,143037,143100,0,4096,0,9126464,0.0,64.0,0,0
pure,1,143101,143400,0,19200,0,9145664,0.0,64.0,0,0
pure,1,143401,143700,0,19200,0,9164864,0.0,64.0,0,0
pure,1,143701,143872,0,11008,0,9175872,0.0,64.0,0,0
pure,1,143873,144172,0,19200,0,9195072,0.0,64.0,0,0
pure,1,144173,144273,0,6464,0,9201536,0.0,64.0,0,0
pure,1,144274,144324,0,3264,0,9204800,0.0,64.0,0,0
pure,1,144325,144624,0,19200,0,9224000,0.0,64.0,0,0
pure,1,144625,144924,0,19200,0,9243200,0.0,64.0,0,0
pure,1,144925,145018,0,6016,0,9249216,0.0,64.0,0,0
pure,1,145019,145028,0,640,0,9249856,0.0,64.0,0,0
pure,1,145029,145216,0,12032,0,9261888,0.0,64.0,0,0
pure,1,145217,145516,0,19200,0,9281088,0.0,64.0,0,0
pure,1,145517,145628,0,7168,0,9288256,0.0,64.0,0,0
pure,1,145629,145928,0,19200,0,9307456,0.0,64.0,0,0
pure,1,145929,146228,0,19200,0,9326656,0.0,64.0,0,0
pure,1,146229,146528,0,19200,0,9345856,0.0,64.0,0,0
pure,1,146529,146828,0,19200,0,9365056,0.0,64.0,0,0
pure,1,146829,147121,0,18752,0,9383808,0.0,64.0,0,0
pure,1,147122,147236,0,7360,0,9391168,0.0,64.0,0,0
pure,1,147237,147536,0,19200,0,9410368,0.0,64.0,0,0
pure,1,147537,147836,0,19200,0,9429568,0.0,64.0,0,0
pure,1,147837,148136,0,19200,0,9448768,0.0,64.0,0,0
pure,1,148137,148436,0,19200,0,9467968,0.0,64.0,0,0
pure,1,148437,148736,0,19200,0,9487168,0.0,64.0,0,0
pure,1,148737,149036,0,19200,0,9506368,0.0,64.0,0,0
pure,1,149037,149336,0,19200,0,9525568,0.0,64.0,0,0
pure,1,149337,149636,0,19200,0,9544768,0.0,64.0,0,0
pure,1,149637,149936,0,19200,0,9563968,0.0,64.0,0,0
pure,1,149937,150236,0,19200,0,9583168,0.0,64.0,0,0
pure,1,150237,150536,0,19200,0,9602368,0.0,64.0,0,0
pure,1,150537,150836,0,19200,0,9621568,0.0,64.0,0,0
pure,1,150837,151136,0,19200,0,9640768,0.0,64.0,0,0
pure,1,151137,151436,0,19200,0,9659968,0.0,64.0,0,0
pure,1,151437,151736,0,19200,0,9679168,0.0,64.0,0,0
pure,1,151737,152036,0,19200,0,9698368,0.0,64.0,0,0
pure,1,152037,152195,0,10176,0,9708544,0.0,64.0,0,0
pure,1,152196,152495,0,19200,0,9727744,0.0,64.0,0,0
pure,1,152496,152795,0,19200,0,9746944,0.0,64.0,0,0
pure,1,152796,153011,0,13824,0,9760768,0.0,64.0,0,0
pure,1,153012,153031,0,1280,0,9762048,0.0,64.0,0,0
pure,1,153032,153331,0,19200,0,9781248,0.0,64.0,0,0
pure,1,153332,153631,0,19200,0,9800448,0.0,64.0,0,0
pure,1,153632,153931,0,19200,0,9819648,0.0,64.0,0,0
pure,1,153932,154231,0,19200,0,9838848,0.0,64.0,0,0
pure,1,154232,154515,0,18176,0,9857024,0.0,64.0,0,0
pure,1,154516,154815,0,19200,0,9876224,0.0,64.0,0,0
pure,1,154816,155115,0,19200,0,9895424,0.0,64.0,0,0
pure,1,155116,155415,0,19200,0,9914624,0.0,64.0,0,0
pure,1,155416,155715,0,19200,0,9933824,0.0,64.0,0,0
pure,1,155716,156015,0,19200,0,9953024,0.0,64.0,0,0
pure,1,156016,156315,0,19200,0,9972224,0.0,64.0,0,0
pure,1,156316,156511,0,12544,0,9984768,0.0,64.0,0,0
pure,1,156512,156811,0,19200,0,10003968,0.0,64.0,0,0
pure,1,156812,157111,0,19200,0,10023168,0.0,64.0,0,0
pure,1,157112,157411,0,19200,0,10042368,0.0,64.0,0,0
pure,1,157412,157711,0,19200,0,10061568,0.0,64.0,0,0
pure,1,157712,158011,0,19200,0,10080768,0.0,64.0,0,0
pure,1,158012,158311,0,19200,0,10099968,0.0,64.0,0,0
pure,1,158312,158611,0,19200,0,10119168,0.0,64.0,0,0
pure,1,158612,158909,0,19072,0,10138240,0.0,64.0,0,0
pure,1,158910,158964,0,3520,0,10141760,0.0,64.0,0,0
pure,1,158965,159264,0,19200,0,10160960,0.0,64.0,0,0
pure,1,159265,159564,0,19200,0,10180160,0.0,64.0,0,0
pure,1,159565,159864,0,19200,0,10199360,0.0,64.0,0,0
pure,1,159865,160030,0,10624,0,10209984,0.0,64.0,0,0
pure,1,160031,160330,0,19200,0,10229184,0.0,64.0,0,0
pure,1,160331,160630,0,19200,0,10248384,0.0,64.0,0,0
pure,1,160631,160930,0,19200,0,10267584,0.0,64.0,0,0
pure,1,160931,161145,0,13760,0,10281344,0.0,64.0,0,0
pure,1,161146,161445,0,19200,0,10300544,0.0,64.0,0,0
pure,1,161446,161745,0,19200,0,10319744,0.0,64.0,0,0
pure,1,161746,162034,0,18496,0,10338240,0.0,64.0,0,0
pure,1,162035,162334,0,19200,0,10357440,0.0,64.0,0,0
pure,1,162335,162634,0,19200,0,10376640,0.0,64.0,0,0
pure,1,162635,162934,0,19200,0,10395840,0.0,64.0,0,0
pure,1,162935,162966,0,2048,0,10397888,0.0,64.0,0,0
pure,1,162967,163266,0,19200,0,10417088,0.0,64.0,0,0
pure,1,163267,163566,0,19200,0,10436288,0.0,64.0,0,0
pure,1,163567,163866,0,19200,0,10455488,0.0,64.0,0,0
pure,1,163867,164166,0,19200,0,10474688,0.0,64.0,0,0
pure,1,164167,164466,0,19200,0,10493888,0.0,64.0,0,0
pure,1,164467,164766,0,19200,0,10513088,0.0,64.0,0,0
pure,1,164767,165066,0,19200,0,10532288,0.0,64.0,0,0
pure,1,165067,165366,0,19200,0,10551488,0.0,64.0,0,0
pure,1,165367,165666,0,19200,0,10570688,0.0,64.0,0,0
pure,1,165667,165966,0,19200,0,10589888,0.0,64.0,0,0
pure,1,165967,166266,0,19200,0,10609088,0.0,64.0,0,0
pure,1,166267,166566,0,19200,0,10628288,0.0,64.0,0,0
pure,1,166567,166866,0,19200,0,10647488,0.0,64.0,0,0
pure,1,166867,167166,0,19200,0,10666688,0.0,64.0,0,0
pure,1,167167,167466,0,19200,0,10685888,0.0,64.0,0,0
pure,1,167467,167518,0,3328,0,10689216,0.0,64.0,0,0
pure,1,167519,167818,0,19200,0,10708416,0.0,64.0,0,0
pure,1,167819,168118,0,19200,0,10727616,0.0,64.0,0,0
pure,1,168119,168253,0,8640,0,10736256,0.0,64.0,0,0
pure,1,168254,168553,0,19200,0,10755456,0.0,64.0,0,0
pure,1,168554,168663,0,7040,0,10762496,0.0,64.0,0,0
pure,1,168664,168963,0,19200,0,10781696,0.0,64.0,0,0
pure,1,168964,169263,0,19200,0,10800896,0.0,64.0,0,0
pure,1,169264,169329,0,4224,0,10805120,0.0,64.0,0,0
pure,1,169330,169629,0,19200,0,10824320,0.0,64.0,0,0
pure,1,169630,169929,0,19200,0,10843520,0.0,64.0,0,0
pure,1,169930,170229,0,19200,0,10862720,0.0,64.0,0,0
pure,1,170230,170529,0,19200,0,10881920,0.0,64.0,0,0
pure,1,170530,170692,0,10432,0,10892352,0.0,64.0,0,0
pure,1,170693,170876,0,11776,0,10904128,0.0,64.0,0,0
pure,1,170877,171076,0,12800,0,10916928,0.0,64.0,0,0
pure,1,171077,171376,0,19200,0,10936128,0.0,64.0,0,0
pure,1,171377,171676,0,19200,0,10955328,0.0,64.0,0,0
pure,1,171677,171976,0,19200,0,10974528,0.0,64.0,0,0
pure,1,171977,171996,0,1280,0,10975808,0.0,64.0,0,0
pure,1,171997,172296,0,19200,0,10995008,0.0,64.0,0,0
pure,1,172297,172596,0,19200,0,11014208,0.0,64.0,0,0
pure,1,172597,172896,0,19200,0,11033408,0.0,64.0,0,0
pure,1,172897,173196,0,19200,0,11052608,0.0,64.0,0,0
pure,1,173197,173496,0,19200,0,11071808,0.0,64.0,0,0
pure,1,173497,173796,0,19200,0,11091008,0.0,64.0,0,0
pure,1,173797,174096,0,19200,0,11110208,0.0,64.0,0,0
pure,1,174097,174152,0,3584,0,11113792,0.0,64.0,0,0
pure,1,174153,174212,0,3840,0,11117632,0.0,64.0,0,0
pure,1,174213,174512,0,19200,0,11136832,0.0,64.0,0,0
pure,1,174513,174548,0,2304,0,11139136,0.0,64.0,0,0
pure,1,174549,174848,0,19200,0,11158336,0.0,64.0,0,0
pure,1,174849,174871,0,1472,0,11159808,0.0,64.0,0,0
pure,1,174872,175171,0,19200,0,11179008,0.0,64.0,0,0
pure,1,175172,175471,0,19200,0,11198208,0.0,64.0,0,0
pure,1,175472,175585,0,7296,0,11205504,0.0,64.0,0,0
pure,1,175586,175885,0,19200,0,11224704,0.0,64.0,0,0
pure,1,175886,176185,0,19200,0,11243904,0.0,64.0,0,0
pure,1,176186,176485,0,19200,0,11263104,0.0,64.0,0,0
pure,1,176486,176620,0,8640,0,11271744,0.0,64.0,0,0
pure,1,176621,176792,0,11008,0,11282752,0.0,64.0,0,0
pure,1,176793,176918,0,8064,0,11290816,0.0,64.0,0,0
pure,1,176919,177218,0,19200,0,11310016,0.0,64.0,0,0
pure,1,177219,177518,0,19200,0,11329216,0.0,64.0,0,0
pure,1,177519,177818,0,19200,0,11348416,0.0,64.0,0,0
pure,1,177819,178118,0,19200,0,11367616,0.0,64.0,0,0
pure,1,178119,178418,0,19200,0,11386816,0.0,64.0,0,0
pure,1,178419,178718,0,19200,0,11406016,0.0,64.0,0,0
pure,1,178719,178868,0,9600,0,11415616,0.0,64.0,0,0
pure,1,178869,179168,0,19200,0,11434816,0.0,64.0,0,0
pure,1,179169,179367,0,12736,0,11447552,0.0,64.0,0,0
pure,1,179368,179667,0,19200,0,11466752,0.0,64.0,0,0
pure,1,179668,179967,0,19200,0,11485952,0.0,64.0,0,0
pure,1,179968,180267,0,19200,0,11505152,0.0,64.0,0,0
pure,1,180268,180488,0,14144,0,11519296,0.0,64.0,0,0
pure,1,180489,180685,0,12608,0,11531904,0.0,64.0,0,0
pure,1,180686,180745,0,3840,0,11535744,0.0,64.0,0,0
pure,1,180746,181045,0,19200,0,11554944,0.0,64.0,0,0
pure,1,181046,181345,0,19200,0,11574144,0.0,64.0,0,0
pure,1,181346,181645,0,19200,0,11593344,0.0,64.0,0,0
pure,1,181646,181945,0,19200,0,11612544,0.0,64.0,0,0
pure,1,181946,182051,0,6784,0,11619328,0.0,64.0,0,0
pure,1,182052,182119,0,4352,0,11623680,0.0,64.0,0,0
pure,1,182120,182331,0,13568,0,11637248,0.0,64.0,0,0
pure,1,182332,182487,0,9984,0,11647232,0.0,64.0,0,0
pure,1,182488,182776,0,18496,0,11665728,0.0,64.0,0,0
pure,1,182777,183076,0,19200,0,11684928,0.0,64.0,0,0
pure,1,183077,183210,0,8576,0,11693504,0.0,64.0,0,0
pure,1,183211,183293,0,5312,0,11698816,0.0,64.0,0,0
pure,1,183294,183456,0,10432,0,11709248,0.0,64.0,0,0
pure,1,183457,183557,0,6464,0,11715712,0.0,64.0,0,0
pure,1,183558,183648,0,5824,0,11721536,0.0,64.0,0,0
pure,1,183649,183725,0,4928,0,11726464,0.0,64.0,0,0
pure,1,183726,183991,0,17024,0,11743488,0.0,64.0,0,0
pure,1,183992,184155,0,10496,0,11753984,0.0,64.0,0,0
pure,1,184156,184236,0,5184,0,11759168,0.0,64.0,0,0
pure,1,184237,184323,0,5568,0,11764736,0.0,64.0,0,0
pure,1,184324,184423,0,6400,0,11771136,0.0,64.0,0,0
pure,1,184424,184516,0,5952,0,11777088,0.0,64.0,0,0
pure,1,184517,184663,0,9408,0,11786496,0.0,64.0,0,0
pure,1,184664,184783,0,7680,0,11794176,0.0,64.0,0,0
pure,1,184784,184863,0,5120,0,11799296,0.0,64.0,0,0
pure,1,184864,184934,0,4544,0,11803840,0.0,64.0,0,0
pure,1,184935,185092,0,10112,0,11813952,0.0,64.0,0,0
pure,1,185093,185392,0,19200,0,11833152,0.0,64.0,0,0
pure,1,185393,185634,0,15488,0,11848640,0.0,64.0,0,0
pure,1,185635,185837,0,12992,0,11861632,0.0,64.0,0,0
pure,1,185838,185957,0,7680,0,11869312,0.0,64.0,0,0
pure,1,185958,186257,0,19200,0,11888512,0.0,64.0,0,0
pure,1,186258,186476,0,14016,0,11902528,0.0,64.0,0,0
pure,1,186477,186570,0,6016,0,11908544,0.0,64.0,0,0
pure,1,186571,186870,0,19200,0,11927744,0.0,64.0,0,0
pure,1,186871,187144,0,17536,0,11945280,0.0,64.0,0,0
pure,1,187145,187444,0,19200,0,11964480,0.0,64.0,0,0
pure,1,187445,187564,0,7680,0,11972160,0.0,64.0,0,0
pure,1,187565,187864,0,19200,0,11991360,0.0,64.0,0,0
pure,1,187865,188069,0,13120,0,12004480,0.0,64.0,0,0
pure,1,188070,188331,0,16768,0,12021248,0.0,64.0,0,0
pure,1,188332,188442,0,7104,0,12028352,0.0,64.0,0,0
pure,1,188443,188555,0,7232,0,12035584,0.0,64.0,0,0
pure,1,188556,188855,0,19200,0,12054784,0.0,64.0,0,0
pure,1,188856,189155,0,19200,0,12073984,0.0,64.0,0,0
pure,1,189156,189228,0,4672,0,12078656,0.0,64.0,0,0
pure,1,189229,189325,0,6208,0,12084864,0.0,64.0,0,0
pure,1,189326,189407,0,5248,0,12090112,0.0,64.0,0,0
pure,1,189408,189544,0,8768,0,12098880,0.0,64.0,0,0
pure,1,189545,189682,0,8832,0,12107712,0.0,64.0,0,0
pure,1,189683,189925,0,15552,0,12123264,0.0,64.0,0,0
pure,1,189926,190225,0,19200,0,12142464,0.0,64.0,0,0
pure,1,190226,190308,0,5312,0,12147776,0.0,64.0,0,0
pure,1,190309,190473,0,10560,0,12158336,0.0,64.0,0,0
pure,1,190474,190549,0,4864,0,12163200,0.0,64.0,0,0
pure,1,190550,190683,0,8576,0,12171776,0.0,64.0,0,0
pure,1,190684,190703,0,1280,0,12173056,0.0,64.0,0,0
pure,1,190704,190963,0,16640,0,12189696,0.0,64.0,0,0
pure,1,190964,191263,0,19200,0,12208896,0.0,64.0,0,0
pure,1,191264,191362,0,6336,0,12215232,0.0,64.0,0,0
pure,1,191363,191437,0,4800,0,12220032,0.0,64.0,0,0
pure,1,191438,191569,0,8448,0,12228480,0.0,64.0,0,0
pure,1,191570,191642,0,4672,0,12233152,0.0,64.0,0,0
pure,1,191643,191655,0,832,0,12233984,0.0,64.0,0,0
pure,1,191656,191808,0,9792,0,12243776,0.0,64.0,0,0
pure,1,191809,191999,0,12224,0,12256000,0.0,64.0,0,0
pure,1,192000,192088,0,5696,0,12261696,0.0,64.0,0,0
pure,1,192089,192259,0,10944,0,12272640,0.0,64.0,0,0
pure,1,192260,192342,0,5312,0,12277952,0.0,64.0,0,0
pure,1,192343,192427,0,5440,0,12283392,0.0,64.0,0,0
pure,1,192428,192520,0,5952,0,12289344,0.0,64.0,0,0
pure,1,192521,192702,0,11648,0,12300992,0.0,64.0,0,0
pure,1,192703,192952,0,16000,0,12316992,0.0,64.0,0,0
pure,1,192953,192960,0,512,0,12317504,0.0,64.0,0,0
pure,1,192961,193040,0,5120,0,12322624,0.0,64.0,0,0
pure,1,193041,193145,0,6720,0,12329344,0.0,64.0,0,0
pure,1,193146,193221,0,4864,0,12334208,0.0,64.0,0,0
pure,1,193222,193306,0,5440,0,12339648,0.0,64.0,0,0
pure,1,193307,193426,0,7680,0,12347328,0.0,64.0,0,0
pure,1,193427,193438,0,768,0,12348096,0.0,64.0,0,0
pure,1,193439,193738,0,19200,0,12367296,0.0,64.0,0,0
pure,1,193739,193918,0,11520,0,12378816,0.0,64.0,0,0
pure,1,193919,194218,0,19200,0,12398016,0.0,64.0,0,0
pure,1,194219,194287,0,4416,0,12402432,0.0,64.0,0,0
pure,1,194288,194374,0,5568,0,12408000,0.0,64.0,0,0
pure,1,194375,194468,0,6016,0,12414016,0.0,64.0,0,0
pure,1,194469,194556,0,5632,0,12419648,0.0,64.0,0,0
pure,1,194557,194643,0,5568,0,12425216,0.0,64.0,0,0
pure,1,194644,194762,0,7616,0,12432832,0.0,64.0,0,0
pure,1,194763,194844,0,5248,0,12438080,0.0,64.0,0,0
pure,1,194845,194958,0,7296,0,12445376,0.0,64.0,0,0
pure,1,194959,195082,0,7936,0,12453312,0.0,64.0,0,0
pure,1,195083,195181,0,6336,0,12459648,0.0,64.0,0,0
pure,1,195182,195298,0,7488,0,12467136,0.0,64.0,0,0
pure,1,195299,195380,0,5248,0,12472384,0.0,64.0,0,0
pure,1,195381,195474,0,6016,0,12478400,0.0,64.0,0,0
pure,1,195475,195548,0,4736,0,12483136,0.0,64.0,0,0
pure,1,195549,195601,0,3392,0,12486528,0.0,64.0,0,0
pure,1,195602,195772,0,10944,0,12497472,0.0,64.0,0,0
pure,1,195773,195792,0,1280,0,12498752,0.0,64.0,0,0
pure,1,195793,195867,0,4800,0,12503552,0.0,64.0,0,0
pure,1,195868,195984,0,7488,0,12511040,0.0,64.0,0,0
pure,1,195985,196067,0,5312,0,12516352,0.0,64.0,0,0
pure,1,196068,196143,0,4864,0,12521216,0.0,64.0,0,0
pure,1,196144,196229,0,5504,0,12526720,0.0,64.0,0,0
pure,1,196230,196278,0,3136,0,12529856,0.0,64.0,0,0
pure,1,196279,196295,0,1088,0,12530944,0.0,64.0,0,0
pure,1,196296,196401,0,6784,0,12537728,0.0,64.0,0,0
pure,1,196402,196474,0,4672,0,12542400,0.0,64.0,0,0
pure,1,196475,196557,0,5312,0,12547712,0.0,64.0,0,0
pure,1,196558,196642,0,5440,0,12553152,0.0,64.0,0,0
pure,1,196643,196691,0,3136,0,12556288,0.0,64.0,0,0
pure,1,196692,196771,0,5120,0,12561408,0.0,64.0,0,0
pure,1,196772,196903,0,8448,0,12569856,0.0,64.0,0,0
pure,1,196904,196977,0,4736,0,12574592,0.0,64.0,0,0
pure,1,196978,197056,0,5056,0,12579648,0.0,64.0,0,0
pure,1,197057,197148,0,5888,0,12585536,0.0,64.0,0,0
pure,1,197149,197214,0,4224,0,12589760,0.0,64.0,0,0
pure,1,197215,197291,0,4928,0,12594688,0.0,64.0,0,0
pure,1,197292,197360,0,4416,0,12599104,0.0,64.0,0,0
pure,1,197361,197432,0,4608,0,12603712,0.0,64.0,0,0
pure,1,197433,197451,0,1216,0,12604928,0.0,64.0,0,0
pure,1,197452,197527,0,4864,0,12609792,0.0,64.0,0,0
pure,1,197528,197597,0,4480,0,12614272,0.0,64.0,0,0
pure,1,197598,197677,0,5120,0,12619392,0.0,64.0,0,0
pure,1,197678,197765,0,5632,0,12625024,0.0,64.0,0,0
pure,1,197766,197842,0,4928,0,12629952,0.0,64.0,0,0
pure,1,197843,197923,0,5184,0,12635136,0.0,64.0,0,0
pure,1,197924,197998,0,4800,0,12639936,0.0,64.0,0,0
pure,1,197999,198080,0,5248,0,12645184,0.0,64.0,0,0
pure,1,198081,198163,0,5312,0,12650496,0.0,64.0,0,0
pure,1,198164,198233,0,4480,0,12654976,0.0,64.0,0,0
pure,1,198234,198533,0,19200,0,12674176,0.0,64.0,0,0
pure,1,198534,198539,0,384,0,12674560,0.0,64.0,0,0
pure,1,198540,198611,0,4608,0,12679168,0.0,64.0,0,0
pure,1,198612,198741,0,8320,0,12687488,0.0,64.0,0,0
pure,1,198742,198818,0,4928,0,12692416,0.0,64.0,0,0
pure,1,198819,198889,0,4544,0,12696960,0.0,64.0,0,0
pure,1,198890,198916,0,1728,0,12698688,0.0,64.0,0,0
pure,1,198917,199006,0,5760,0,12704448,0.0,64.0,0,0
pure,1,199007,199078,0,4608,0,12709056,0.0,64.0,0,0
pure,1,199079,199148,0,4480,0,12713536,0.0,64.0,0,0
pure,1,199149,199224,0,4864,0,12718400,0.0,64.0,0,0
pure,1,199225,199312,0,5632,0,12724032,0.0,64.0,0,0
pure,1,199313,199385,0,4672,0,12728704,0.0,64.0,0,0
pure,1,199386,199467,0,5248,0,12733952,0.0,64.0,0,0
pure,1,199468,199577,0,7040,0,12740992,0.0,64.0,0,0
pure,1,199578,199619,0,2688,0,12743680,0.0,64.0,0,0
pure,1,199620,199696,0,4928,0,12748608,0.0,64.0,0,0
pure,1,199697,199774,0,4992,0,12753600,0.0,64.0,0,0
pure,1,199775,199864,0,5760,0,12759360,0.0,64.0,0,0
pure,1,199865,199945,0,5184,0,12764544,0.0,64.0,0,0
pure,1,199946,200000,0,3520,0,12768064,0.0,64.0,0,0
prefill,0,1,300,0,0,0,0,0.0,0.0,0,0
prefill,0,301,600,4533,1931,4533,1931,44.881188118811885,19.11881188118812,35,56
prefill,0,601,900,12279,6921,16812,8852,40.93,23.07,29,52
prefill,0,901,1200,10741,8459,27553,17311,35.803333333333335,28.196666666666665,23,49
prefill,0,1201,1500,9545,9655,37098,26966,31.816666666666666,32.18333333333333,22,41
prefill,0,1501,1800,8640,10560,45738,37526,28.8,35.2,16,41
prefill,0,1801,2100,7882,11318,53620,48844,26.273333333333333,37.72666666666667,17,36
prefill,0,2101,2400,7072,12128,60692,60972,23.573333333333334,40.42666666666667,13,35
prefill,0,2401,2700,6561,12639,67253,73611,21.87,42.13,12,32
prefill,0,2701,3000,5912,13288,73165,86899,19.706666666666667,44.29333333333334,9,33
prefill,0,3001,3300,5739,13461,78904,100360,19.13,44.87,10,30
prefill,0,3301,3377,1441,3487,80345,103847,18.714285714285715,45.285714285714285,12,31
prefill,0,3378,3677,5206,13994,85551,117841,17.35333333333333,46.64666666666667,7,28
prefill,0,3678,3977,4871,14329,90422,132170,16.236666666666668,47.763333333333335,7,26
prefill,0,3978,4277,4717,14483,95139,146653,15.723333333333333,48.276666666666664,7,25
prefill,0,4278,4577,4305,14895,99444,161548,14.35,49.65,6,26
prefill,0,4578,4877,4230,14970,103674,176518,14.1,49.9,7,27
prefill,0,4878,5177,3980,15220,107654,191738,13.266666666666667,50.733333333333334,6,25
prefill,0,5178,5477,3804,15396,111458,207134,12.68,51.32,6,25
prefill,0,5478,5777,3688,15512,115146,222646,12.293333333333333,51.70666666666666,4,23
prefill,0,5778,5999,2616,11592,117762,234238,11.783783783783784,52.21621621621622,3,19
prefill,0,6000,6299,3438,15762,121200,250000,11.46,52.54,3,20
prefill,0,6300,6599,3207,15993,124407,265993,10.69,53.31,3,19
prefill,0,6600,6631,334,1714,124741,267707,10.4375,53.5625,6,14
prefill,0,6632,6931,3124,16076,127865,283783,10.413333333333334,53.586666666666666,3,20
prefill,0,6932,7231,2965,16235,130830,300018,9.883333333333333,54.11666666666667,3,20
prefill,0,7232,7428,1906,10702,132736,310720,9.6751269035533,54.3248730964467,3,17
prefill,0,7429,7728,2809,16391,135545,327111,9.363333333333333,54.63666666666666,3,17
prefill,0,7729,7806,750,4242,136295,331353,9.615384615384615,54.38461538461539,2,17
prefill,0,7807,8106,2731,16469,139026,347822,9.103333333333333,54.89666666666667,3,17
prefill,0,8107,8295,1679,10417,140705,358239,8.883597883597883,55.116402116402114,2,17
prefill,0,8296,8523,2053,12539,142758,370778,9.00438596491228,54.99561403508772,3,17
prefill,0,8524,8534,95,609,142853,371387,8.636363636363637,55.36363636363637,6,16
prefill,0,8535,8834,2430,16770,145283,388157,8.1,55.9,1,19
prefill,0,8835,9134,2039,17161,147322,405318,6.796666666666667,57.20333333333333,0,15
prefill,0,9135,9243,508,6468,147830,411786,4.660550458715596,59.3394495412844,0,13
prefill,0,9244,9543,1150,18050,148980,429836,3.8333333333333335,60.166666666666664,0,10
prefill,0,9544,9843,559,18641,149539,448477,1.8633333333333333,62.13666666666666,0,9
prefill,0,9844,10034,81,12143,149620,460620,0.42408376963350786,63.575916230366495,0,3
prefill,0,10035,10099,0,4160,149620,464780,0.0,64.0,0,0
prefill,0,10100,10399,0,19200,149620,483980,0.0,64.0,0,0
prefill,0,10400,10699,0,19200,149620,503180,0.0,64.0,0,0
prefill,0,10700,10722,0,1472,149620,504652,0.0,64.0,0,0
prefill,0,10723,10955,0,14912,149620,519564,0.0,64.0,0,0
prefill,0,10956,10976,0,1344,149620,520908,0.0,64.0,0,0
prefill,0,10977,11130,0,9856,149620,530764,0.0,64.0,0,0
prefill,0,11131,11430,0,19200,149620,549964,0.0,64.0,0,0
prefill,0,11431,11730,0,19200,149620,569164,0.0,64.0,0,0
prefill,0,11731,12030,0,19200,149620,588364,0.0,64.0,0,0
prefill,0,12031,12133,0,6592,149620,594956,0.0,64.0,0,0
prefill,0,12134,12433,0,19200,149620,614156,0.0,64.0,0,0
prefill,0,12434,12497,0,4096,149620,618252,0.0,64.0,0,0
prefill,0,12498,12635,0,8832,149620,627084,0.0,64.0,0,0
prefill,0,12636,12849,0,13696,149620,640780,0.0,64.0,0,0
prefill,0,12850,13149,0,19200,149620,659980,0.0,64.0,0,0
prefill,0,13150,13449,0,19200,149620,679180,0.0,64.0,0,0
prefill,0,13450,13471,0,1408,149620,680588,0.0,64.0,0,0
prefill,0,13472,13771,0,19200,149620,699788,0.0,64.0,0,0
prefill,0,13772,13838,0,4288,149620,704076,0.0,64.0,0,0
prefill,0,13839,14132,0,18816,149620,722892,0.0,64.0,0,0
prefill,0,14133,14432,0,19200,149620,742092,0.0,64.0,0,0
prefill,0,14433,14732,0,19200,149620,761292,0.0,64.0,0,0
prefill,0,14733,14772,0,2560,149620,763852,0.0,64.0,0,0
prefill,0,14773,15072,0,19200,149620,783052,0.0,64.0,0,0
prefill,0,15073,15372,0,19200,149620,802252,0.0,64.0,0,0
prefill,0,15373,15512,0,8960,149620,811212,0.0,64.0,0,0
prefill,0,15513,15736,0,14336,149620,825548,0.0,64.0,0,0
prefill,0,15737,16036,0,19200,149620,844748,0.0,64.0,0,0
prefill,0,16037,16336,0,19200,149620,863948,0.0,64.0,0,0
prefill,0,16337,16636,0,19200,149620,883148,0.0,64.0,0,0
prefill,0,16637,16936,0,19200,149620,902348,0.0,64.0,0,0
prefill,0,16937,17236,0,19200,149620,921548,0.0,64.0,0,0
prefill,0,17237,17536,0,19200,149620,940748,0.0,64.0,0,0
prefill,0,17537,17836,0,19200,149620,959948,0.0,64.0,0,0
prefill,0,17837,18136,0,19200,149620,979148,0.0,64.0,0,0
prefill,0,18137,18185,0,3136,149620,982284,0.0,64.0,0,0
prefill,0,18186,18485,0,19200,149620,1001484,0.0,64.0,0,0
prefill,0,18486,18753,0,17152,149620,1018636,0.0,64.0,0,0
prefill,0,18754,19053,0,19200,149620,1037836,0.0,64.0,0,0
prefill,0,19054,19353,0,19200,149620,1057036,0.0,64.0,0,0
prefill,0,19354,19653,0,19200,149620,1076236,0.0,64.0,0,0
prefill,0,19654,19877,0,14336,149620,1090572,0.0,64.0,0,0
prefill,0,19878,19891,0,896,149620,1091468,0.0,64.0,0,0
prefill,0,19892,19921,0,1920,149620,1093388,0.0,64.0,0,0
prefill,0,19922,20221,0,19200,149620,1112588,0.0,64.0,0,0
prefill,0,20222,20278,0,3648,149620,1116236,0.0,64.0,0,0
prefill,0,20279,20336,0,3712,149620,1119948,0.0,64.0,0,0
prefill,0,20337,20636,0,19200,149620,1139148,0.0,64.0,0,0
prefill,0,20637,20850,0,13696,149620,1152844,0.0,64.0,0,0
prefill,0,20851,21150,0,19200,149620,1172044,0.0,64.0,0,0
prefill,0,21151,21450,0,19200,149620,1191244,0.0,64.0,0,0
prefill,0,21451,21750,0,19200,149620,1210444,0.0,64.0,0,0
prefill,0,21751,21875,0,8000,149620,1218444,0.0,64.0,0,0
prefill,0,21876,22014,0,8896,149620,1227340,0.0,64.0,0,0
prefill,0,22015,22141,0,8128,149620,1235468,0.0,64.0,0,0
prefill,0,22142,22212,0,4544,149620,1240012,0.0,64.0,0,0
prefill,0,22213,22239,0,1728,149620,1241740,0.0,64.0,0,0
prefill,0,22240,22276,0,2368,149620,1244108,0.0,64.0,0,0
prefill,0,22277,22576,0,19200,149620,1263308,0.0,64.0,0,0
prefill,0,22577,22876,0,19200,149620,1282508,0.0,64.0,0,0
prefill,0,22877,23176,0,19200,149620,1301708,0.0,64.0,0,0
prefill,0,23177,23476,0,19200,149620,1320908,0.0,64.0,0,0
prefill,0,23477,23608,0,8448,149620,1329356,0.0,64.0,0,0
prefill,0,23609,23908,0,19200,149620,1348556,0.0,64.0,0,0
prefill,0,23909,24208,0,19200,149620,1367756,0.0,64.0,0,0
prefill,0,24209,24238,0,1920,149620,1369676,0.0,64.0,0,0
prefill,0,24239,24538,0,19200,149620,1388876,0.0,64.0,0,0
prefill,0,24539,24838,0,19200,149620,1408076,0.0,64.0,0,0
prefill,0,24839,25138,0,19200,149620,1427276,0.0,64.0,0,0
prefill,0,25139,25334,0,12544,149620,1439820,0.0,64.0,0,0
prefill,0,25335,25634,0,19200,149620,1459020,0.0,64.0,0,0
prefill,0,25635,25934,0,19200,149620,1478220,0.0,64.0,0,0
prefill,0,25935,26234,0,19200,149620,1497420,0.0,64.0,0,0
prefill,0,26235,26534,0,19200,149620,1516620,0.0,64.0,0,0
prefill,0,26535,26834,0,19200,149620,1535820,0.0,64.0,0,0
prefill,0,26835,27134,0,19200,149620,1555020,0.0,64.0,0,0
prefill,0,27135,27434,0,19200,149620,1574220,0.0,64.0,0,0
prefill,0,27435,27734,0,19200,149620,1593420,0.0,64.0,0,0
prefill,0,27735,28034,0,19200,149620,1612620,0.0,64.0,0,0
prefill,0,28035,28334,0,19200,149620,1631820,0.0,64.0,0,0
prefill,0,28335,28409,0,4800,149620,1636620,0.0,64.0,0,0
prefill,0,28410,28709,0,19200,149620,1655820,0.0,64.0,0,0
prefill,0,28710,28739,0,1920,149620,1657740,0.0,64.0,0,0
prefill,0,28740,28822,0,5312,149620,1663052,0.0,64.0,0,0
prefill,0,28823,28898,0,4864,149620,1667916,0.0,64.0,0,0
prefill,0,28899,29198,0,19200,149620,1687116,0.0,64.0,0,0
prefill,0,29199,29210,0,768,149620,1687884,0.0,64.0,0,0
prefill,0,29211,29267,0,3648,149620,1691532,0.0,64.0,0,0
prefill,0,29268,29567,0,19200,149620,1710732,0.0,64.0,0,0
prefill,0,29568,29867,0,19200,149620,1729932,0.0,64.0,0,0
prefill,0,29868,30167,0,19200,149620,1749132,0.0,64.0,0,0
prefill,0,30168,30237,0,4480,149620,1753612,0.0,64.0,0,0
prefill,0,30238,30537,0,19200,149620,1772812,0.0,64.0,0,0
prefill,0,30538,30837,0,19200,149620,1792012,0.0,64.0,0,0
prefill,0,30838,31137,0,19200,149620,1811212,0.0,64.0,0,0
prefill,0,31138,31269,0,8448,149620,1819660,0.0,64.0,0,0
prefill,0,31270,31569,0,19200,149620,1838860,0.0,64.0,0,0
prefill,0,31570,31587,0,1152,149620,1840012,0.0,64.0,0,0
prefill,0,31588,31630,0,2752,149620,1842764,0.0,64.0,0,0
prefill,0,31631,31694,0,4096,149620,1846860,0.0,64.0,0,0
prefill,0,31695,31781,0,5568,149620,1852428,0.0,64.0,0,0
prefill,0,31782,32077,0,18944,149620,1871372,0.0,64.0,0,0
prefill,0,32078,32377,0,19200,149620,1890572,0.0,64.0,0,0
prefill,0,32378,32677,0,19200,149620,1909772,0.0,64.0,0,0
prefill,0,32678,32691,0,896,149620,1910668,0.0,64.0,0,0
prefill,0,32692,32991,0,19200,149620,1929868,0.0,64.0,0,0
prefill,0,32992,33129,0,8832,149620,1938700,0.0,64.0,0,0
prefill,0,33130,33429,0,19200,149620,1957900,0.0,64.0,0,0
prefill,0,33430,33729,0,19200,149620,1977100,0.0,64.0,0,0
prefill,0,33730,33970,0,15424,149620,1992524,0.0,64.0,0,0
prefill,0,33971,34270,0,19200,149620,2011724,0.0,64.0,0,0
prefill,0,34271,34570,0,19200,149620,2030924,0.0,64.0,0,0
prefill,0,34571,34870,0,19200,149620,2050124,0.0,64.0,0,0
prefill,0,34871,35170,0,19200,149620,2069324,0.0,64.0,0,0
prefill,0,35171,35267,0,6208,149620,2075532,0.0,64.0,0,0
prefill,0,35268,35567,0,19200,149620,2094732,0.0,64.0,0,0
prefill,0,35568,35867,0,19200,149620,2113932,0.0,64.0,0,0
prefill,0,35868,35944,0,4928,149620,2118860,0.0,64.0,0,0
prefill,0,35945,36244,0,19200,149620,2138060,0.0,64.0,0,0
prefill,0,36245,36343,0,6336,149620,2144396,0.0,64.0,0,0
prefill,0,36344,36402,0,3776,149620,2148172,0.0,64.0,0,0
prefill,0,36403,36702,0,19200,149620,2167372,0.0,64.0,0,0
prefill,0,36703,37002,0,19200,149620,2186572,0.0,64.0,0,0
prefill,0,37003,37037,0,2240,149620,2188812,0.0,64.0,0,0
prefill,0,37038,37337,0,19200,149620,2208012,0.0,64.0,0,0
prefill,0,37338,37375,0,2432,149620,2210444,0.0,64.0,0,0
prefill,0,37376,37675,0,19200,149620,2229644,0.0,64.0,0,0
prefill,0,37676,37701,0,1664,149620,2231308,0.0,64.0,0,0
prefill,0,37702,37807,0,6784,149620,2238092,0.0,64.0,0,0
prefill,0,37808,38107,0,19200,149620,2257292,0.0,64.0,0,0
prefill,0,38108,38407,0,19200,149620,2276492,0.0,64.0,0,0
prefill,0,38408,38707,0,19200,149620,2295692,0.0,64.0,0,0
prefill,0,38708,38829,0,7808,149620,2303500,0.0,64.0,0,0
prefill,0,38830,38873,0,2816,149620,2306316,0.0,64.0,0,0
prefill,0,38874,39000,0,8128,149620,2314444,0.0,64.0,0,0
prefill,0,39001,39300,0,19200,149620,2333644,0.0,64.0,0,0
prefill,0,39301,39406,0,6784,149620,2340428,0.0,64.0,0,0
prefill,0,39407,39706,0,19200,149620,2359628,0.0,64.0,0,0
prefill,0,39707,39883,0,11328,149620,2370956,0.0,64.0,0,0
prefill,0,39884,40013,0,8320,149620,2379276,0.0,64.0,0,0
prefill,0,40014,40159,0,9344,149620,2388620,0.0,64.0,0,0
prefill,0,40160,40459,0,19200,149620,2407820,0.0,64.0,0,0
prefill,0,40460,40546,0,5568,149620,2413388,0.0,64.0,0,0
prefill,0,40547,40587,0,2624,149620,2416012,0.0,64.0,0,0
prefill,0,40588,40641,0,3456,149620,2419468,0.0,64.0,0,0
prefill,0,40642,40941,0,19200,149620,2438668,0.0,64.0,0,0
prefill,0,40942,41241,0,19200,149620,2457868,0.0,64.0,0,0
prefill,0,41242,41271,0,1920,149620,2459788,0.0,64.0,0,0
prefill,0,41272,41366,0,6080,149620,2465868,0.0,64.0,0,0
prefill,0,41367,41439,0,4672,149620,2470540,0.0,64.0,0,0
prefill,0,41440,41651,0,13568,149620,2484108,0.0,64.0,0,0
prefill,0,41652,41777,0,8064,149620,2492172,0.0,64.0,0,0
prefill,0,41778,41817,0,2560,149620,2494732,0.0,64.0,0,0
prefill,0,41818,42045,0,14592,149620,2509324,0.0,64.0,0,0
prefill,0,42046,42345,0,19200,149620,2528524,0.0,64.0,0,0
prefill,0,42346,42400,0,3520,149620,2532044,0.0,64.0,0,0
prefill,0,42401,42700,0,19200,149620,2551244,0.0,64.0,0,0
prefill,0,42701,42816,0,7424,149620,2558668,0.0,64.0,0,0
prefill,0,42817,42978,0,10368,149620,2569036,0.0,64.0,0,0
prefill,0,42979,43278,0,19200,149620,2588236,0.0,64.0,0,0
prefill,0,43279,43448,0,10880,149620,2599116,0.0,64.0,0,0
prefill,0,43449,43605,0,10048,149620,2609164,0.0,64.0,0,0
prefill,0,43606,43905,0,19200,149620,2628364,0.0,64.0,0,0
prefill,0,43906,44205,0,19200,149620,2647564,0.0,64.0,0,0
prefill,0,44206,44482,0,17728,149620,2665292,0.0,64.0,0,0
prefill,0,44483,44782,0,19200,149620,2684492,0.0,64.0,0,0
prefill,0,44783,44975,0,12352,149620,2696844,0.0,64.0,0,0
prefill,0,44976,45275,0,19200,149620,2716044,0.0,64.0,0,0
prefill,0,45276,45299,0,1536,149620,2717580,0.0,64.0,0,0
prefill,0,45300,45385,0,5504,149620,2723084,0.0,64.0,0,0
prefill,0,45386,45429,0,2816,149620,2725900,0.0,64.0,0,0
prefill,0,45430,45729,0,19200,149620,2745100,0.0,64.0,0,0
prefill,0,45730,45845,0,7424,149620,2752524,0.0,64.0,0,0
prefill,0,45846,45899,0,3456,149620,2755980,0.0,64.0,0,0
prefill,0,45900,46199,0,19200,149620,2775180,0.0,64.0,0,0
prefill,0,46200,46461,0,16768,149620,2791948,0.0,64.0,0,0
prefill,0,46462,46761,0,19200,149620,2811148,0.0,64.0,0,0
prefill,0,46762,47061,0,19200,149620,2830348,0.0,64.0,0,0
prefill,0,47062,47346,0,18240,149620,2848588,0.0,64.0,0,0
prefill,0,47347,47646,0,19200,149620,2867788,0.0,64.0,0,0
prefill,0,47647,47703,0,3648,149620,2871436,0.0,64.0,0,0
prefill,0,47704,47732,0,1856,149620,2873292,0.0,64.0,0,0
prefill,0,47733,47944,0,13568,149620,2886860,0.0,64.0,0,0
prefill,0,47945,48244,0,19200,149620,2906060,0.0,64.0,0,0
prefill,0,48245,48315,0,4544,149620,2910604,0.0,64.0,0,0
prefill,0,48316,48615,0,19200,149620,2929804,0.0,64.0,0,0
prefill,0,48616,48661,0,2944,149620,2932748,0.0,64.0,0,0
prefill,0,48662,48699,0,2432,149620,2935180,0.0,64.0,0,0
prefill,0,48700,48750,0,3264,149620,2938444,0.0,64.0,0,0
prefill,0,48751,49039,0,18496,149620,2956940,0.0,64.0,0,0
prefill,0,49040,49076,0,2368,149620,2959308,0.0,64.0,0,0
prefill,0,49077,49119,0,2752,149620,2962060,0.0,64.0,0,0
prefill,0,49120,49419,0,19200,149620,2981260,0.0,64.0,0,0
prefill,0,49420,49585,0,10624,149620,2991884,0.0,64.0,0,0
prefill,0,49586,49662,0,4928,149620,2996812,0.0,64.0,0,0
prefill,0,49663,49962,0,19200,149620,3016012,0.0,64.0,0,0
prefill,0,49963,50262,0,19200,149620,3035212,0.0,64.0,0,0
prefill,0,50263,50282,0,1280,149620,3036492,0.0,64.0,0,0
prefill,0,50283,50322,0,2560,149620,3039052,0.0,64.0,0,0
prefill,0,50323,50622,0,19200,149620,3058252,0.0,64.0,0,0
prefill,0,50623,50762,0,8960,149620,3067212,0.0,64.0,0,0
prefill,0,50763,50786,0,1536,149620,3068748,0.0,64.0,0,0
prefill,0,50787,51086,0,19200,149620,3087948,0.0,64.0,0,0
prefill,0,51087,51371,0,18240,149620,3106188,0.0,64.0,0,0
prefill,0,51372,51460,0,5696,149620,3111884,0.0,64.0,0,0
prefill,0,51461,51476,0,1024,149620,3112908,0.0,64.0,0,0
prefill,0,51477,51564,0,5632,149620,3118540,0.0,64.0,0,0
prefill,0,51565,51726,0,10368,149620,3128908,0.0,64.0,0,0
prefill,0,51727,52026,0,19200,149620,3148108,0.0,64.0,0,0
prefill,0,52027,52106,0,5120,149620,3153228,0.0,64.0,0,0
prefill,0,52107,52406,0,19200,149620,3172428,0.0,64.0,0,0
prefill,0,52407,52612,0,13184,149620,3185612,0.0,64.0,0,0
prefill,0,52613,52750,0,8832,149620,3194444,0.0,64.0,0,0
prefill,0,52751,52857,0,6848,149620,3201292,0.0,64.0,0,0
prefill,0,52858,52990,0,8512,149620,3209804,0.0,64.0,0,0
prefill,0,52991,53001,0,704,149620,3210508,0.0,64.0,0,0
prefill,0,53002,53208,0,13248,149620,3223756,0.0,64.0,0,0
prefill,0,53209,53357,0,9536,149620,3233292,0.0,64.0,0,0
prefill,0,53358,53418,0,3904,149620,3237196,0.0,64.0,0,0
prefill,0,53419,53718,0,19200,149620,3256396,0.0,64.0,0,0
prefill,0,53719,54018,0,19200,149620,3275596,0.0,64.0,0,0
prefill,0,54019,54084,0,4224,149620,3279820,0.0,64.0,0,0
prefill,0,54085,54286,0,12928,149620,3292748,0.0,64.0,0,0
prefill,0,54287,54367,0,5184,149620,3297932,0.0,64.0,0,0
prefill,0,54368,54667,0,19200,149620,3317132,0.0,64.0,0,0
prefill,0,54668,54761,0,6016,149620,3323148,0.0,64.0,0,0
prefill,0,54762,54809,0,3072,149620,3326220,0.0,64.0,0,0
prefill,0,54810,55109,0,19200,149620,3345420,0.0,64.0,0,0
prefill,0,55110,55283,0,11136,149620,3356556,0.0,64.0,0,0
prefill,0,55284,55344,0,3904,149620,3360460,0.0,64.0,0,0
prefill,0,55345,55420,0,4864,149620,3365324,0.0,64.0,0,0
prefill,0,55421,55720,0,19200,149620,3384524,0.0,64.0,0,0
prefill,0,55721,55776,0,3584,149620,3388108,0.0,64.0,0,0
prefill,0,55777,56076,0,19200,149620,3407308,0.0,64.0,0,0
prefill,0,56077,56160,0,5376,149620,3412684,0.0,64.0,0,0
prefill,0,56161,56460,0,19200,149620,3431884,0.0,64.0,0,0
prefill,0,56461,56508,0,3072,149620,3434956,0.0,64.0,0,0
prefill,0,56509,56613,0,6720,149620,3441676,0.0,64.0,0,0
prefill,0,56614,56881,0,17152,149620,3458828,0.0,64.0,0,0
prefill,0,56882,57181,0,19200,149620,3478028,0.0,64.0,0,0
prefill,0,57182,57277,0,6144,149620,3484172,0.0,64.0,0,0
prefill,0,57278,57407,0,8320,149620,3492492,0.0,64.0,0,0
prefill,0,57408,57496,0,5696,149620,3498188,0.0,64.0,0,0
prefill,0,57497,57528,0,2048,149620,3500236,0.0,64.0,0,0
prefill,0,57529,57775,0,15808,149620,3516044,0.0,64.0,0,0
prefill,0,57776,57862,0,5568,149620,3521612,0.0,64.0,0,0
prefill,0,57863,57978,0,7424,149620,3529036,0.0,64.0,0,0
prefill,0,57979,58278,0,19200,149620,3548236,0.0,64.0,0,0
prefill,0,58279,58578,0,19200,149620,3567436,0.0,64.0,0,0
prefill,0,58579,58878,0,19200,149620,3586636,0.0,64.0,0,0
prefill,0,58879,58950,0,4608,149620,3591244,0.0,64.0,0,0
prefill,0,58951,59107,0,10048,149620,3601292,0.0,64.0,0,0
prefill,0,59108,59222,0,7360,149620,3608652,0.0,64.0,0,0
prefill,0,59223,59232,0,640,149620,3609292,0.0,64.0,0,0
prefill,0,59233,59532,0,19200,149620,3628492,0.0,64.0,0,0
prefill,0,59533,59702,0,10880,149620,3639372,0.0,64.0,0,0
prefill,0,59703,59782,0,5120,149620,3644492,0.0,64.0,0,0
prefill,0,59783,60082,0,19200,149620,3663692,0.0,64.0,0,0
prefill,0,60083,60344,0,16768,149620,3680460,0.0,64.0,0,0
prefill,0,60345,60387,0,2752,149620,3683212,0.0,64.0,0,0
prefill,0,60388,60579,0,12288,149620,3695500,0.0,64.0,0,0
prefill,0,60580,60630,0,3264,149620,3698764,0.0,64.0,0,0
prefill,0,60631,60746,0,7424,149620,3706188,0.0,64.0,0,0
prefill,0,60747,61046,0,19200,149620,3725388,0.0,64.0,0,0
prefill,0,61047,61182,0,8704,149620,3734092,0.0,64.0,0,0
prefill,0,61183,61482,0,19200,149620,3753292,0.0,64.0,0,0
prefill,0,61483,61615,0,8512,149620,3761804,0.0,64.0,0,0
prefill,0,61616,61677,0,3968,149620,3765772,0.0,64.0,0,0
prefill,0,61678,61756,0,5056,149620,3770828,0.0,64.0,0,0
prefill,0,61757,61815,0,3776,149620,3774604,0.0,64.0,0,0
prefill,0,61816,61912,0,6208,149620,3780812,0.0,64.0,0,0
prefill,0,61913,62212,0,19200,149620,3800012,0.0,64.0,0,0
prefill,0,62213,62270,0,3712,149620,3803724,0.0,64.0,0,0
prefill,0,62271,62389,0,7616,149620,3811340,0.0,64.0,0,0
prefill,0,62390,62611,0,14208,149620,3825548,0.0,64.0,0,0
prefill,0,62612,62630,0,1216,149620,3826764,0.0,64.0,0,0
prefill,0,62631,62930,0,19200,149620,3845964,0.0,64.0,0,0
prefill,0,62931,63230,0,19200,149620,3865164,0.0,64.0,0,0
prefill,0,63231,63313,0,5312,149620,3870476,0.0,64.0,0,0
prefill,0,63314,63371,0,3712,149620,3874188,0.0,64.0,0,0
prefill,0,63372,63671,0,19200,149620,3893388,0.0,64.0,0,0
prefill,0,63672,63706,0,2240,149620,3895628,0.0,64.0,0,0
prefill,0,63707,63795,0,5696,149620,3901324,0.0,64.0,0,0
prefill,0,63796,63879,0,5376,149620,3906700,0.0,64.0,0,0
prefill,0,63880,63935,0,3584,149620,3910284,0.0,64.0,0,0
prefill,0,63936,63972,0,2368,149620,3912652,0.0,64.0,0,0
prefill,0,63973,63989,0,1088,149620,3913740,0.0,64.0,0,0
prefill,0,63990,64144,0,9920,149620,3923660,0.0,64.0,0,0
prefill,0,64145,64194,0,3200,149620,3926860,0.0,64.0,0,0
prefill,0,64195,64346,0,9728,149620,3936588,0.0,64.0,0,0
prefill,0,64347,64418,0,4608,149620,3941196,0.0,64.0,0,0
prefill,0,64419,64475,0,3648,149620,3944844,0.0,64.0,0,0
prefill,0,64476,64775,0,19200,149620,3964044,0.0,64.0,0,0
prefill,0,64776,64869,0,6016,149620,3970060,0.0,64.0,0,0
prefill,0,64870,64901,0,2048,149620,3972108,0.0,64.0,0,0
prefill,0,64902,65177,0,17664,149620,3989772,0.0,64.0,0,0
prefill,0,65178,65217,0,2560,149620,3992332,0.0,64.0,0,0
prefill,0,65218,65265,0,3072,149620,3995404,0.0,64.0,0,0
prefill,0,65266,65333,0,4352,149620,3999756,0.0,64.0,0,0
prefill,0,65334,65361,0,1792,149620,4001548,0.0,64.0,0,0
prefill,0,65362,65386,0,1600,149620,4003148,0.0,64.0,0,0
prefill,0,65387,65440,0,3456,149620,4006604,0.0,64.0,0,0
prefill,0,65441,65570,0,8320,149620,4014924,0.0,64.0,0,0
prefill,0,65571,65612,0,2688,149620,4017612,0.0,64.0,0,0
prefill,0,65613,65912,0,19200,149620,4036812,0.0,64.0,0,0
prefill,0,65913,65946,0,2176,149620,4038988,0.0,64.0,0,0
prefill,0,65947,66246,0,19200,149620,4058188,0.0,64.0,0,0
prefill,0,66247,66265,0,1216,149620,4059404,0.0,64.0,0,0
prefill,0,66266,66301,0,2304,149620,4061708,0.0,64.0,0,0
prefill,0,66302,66358,0,3648,149620,4065356,0.0,64.0,0,0
prefill,0,66359,66658,0,19200,149620,4084556,0.0,64.0,0,0
prefill,0,66659,66863,0,13120,149620,4097676,0.0,64.0,0,0
prefill,0,66864,67163,0,19200,149620,4116876,0.0,64.0,0,0
prefill,0,67164,67408,0,15680,149620,4132556,0.0,64.0,0,0
prefill,0,67409,67483,0,4800,149620,4137356,0.0,64.0,0,0
prefill,0,67484,67573,0,5760,149620,4143116,0.0,64.0,0,0
prefill,0,67574,67777,0,13056,149620,4156172,0.0,64.0,0,0
prefill,0,67778,67784,0,448,149620,4156620,0.0,64.0,0,0
prefill,0,67785,67889,0,6720,149620,4163340,0.0,64.0,0,0
prefill,0,67890,68189,0,19200,149620,4182540,0.0,64.0,0,0
prefill,0,68190,68248,0,3776,149620,4186316,0.0,64.0,0,0
prefill,0,68249,68334,0,5504,149620,4191820,0.0,64.0,0,0
prefill,0,68335,68355,0,1344,149620,4193164,0.0,64.0,0,0
prefill,0,68356,68655,0,19200,149620,4212364,0.0,64.0,0,0
prefill,0,68656,68955,0,19200,149620,4231564,0.0,64.0,0,0
prefill,0,68956,69255,0,19200,149620,4250764,0.0,64.0,0,0
prefill,0,69256,69291,0,2304,149620,4253068,0.0,64.0,0,0
prefill,0,69292,69454,0,10432,149620,4263500,0.0,64.0,0,0
prefill,0,69455,69458,0,256,149620,4263756,0.0,64.0,0,0
prefill,0,69459,69631,0,11072,149620,4274828,0.0,64.0,0,0
prefill,0,69632,69673,0,2688,149620,4277516,0.0,64.0,0,0
prefill,0,69674,69706,0,2112,149620,4279628,0.0,64.0,0,0
prefill,0,69707,69981,0,17600,149620,4297228,0.0,64.0,0,0
prefill,0,69982,70032,0,3264,149620,4300492,0.0,64.0,0,0
prefill,0,70033,70203,0,10944,149620,4311436,0.0,64.0,0,0
prefill,0,70204,70503,0,19200,149620,4330636,0.0,64.0,0,0
prefill,0,70504,70509,0,384,149620,4331020,0.0,64.0,0,0
prefill,0,70510,70570,0,3904,149620,4334924,0.0,64.0,0,0
prefill,0,70571,70601,0,1984,149620,4336908,0.0,64.0,0,0
prefill,0,70602,70653,0,3328,149620,4340236,0.0,64.0,0,0
prefill,0,70654,70785,0,8448,149620,4348684,0.0,64.0,0,0
prefill,0,70786,70811,0,1664,149620,4350348,0.0,64.0,0,0
prefill,0,70812,70941,0,8320,149620,4358668,0.0,64.0,0,0
prefill,0,70942,71096,0,9920,149620,4368588,0.0,64.0,0,0
prefill,0,71097,71124,0,1792,149620,4370380,0.0,64.0,0,0
prefill,0,71125,71176,0,3328,149620,4373708,0.0,64.0,0,0
prefill,0,71177,71476,0,19200,149620,4392908,0.0,64.0,0,0
prefill,0,71477,71516,0,2560,149620,4395468,0.0,64.0,0,0
prefill,0,71517,71571,0,3520,149620,4398988,0.0,64.0,0,0
prefill,0,71572,71672,0,6464,149620,4405452,0.0,64.0,0,0
prefill,0,71673,71796,0,7936,149620,4413388,0.0,64.0,0,0
prefill,0,71797,71821,0,1600,149620,4414988,0.0,64.0,0,0
prefill,0,71822,71860,0,2496,149620,4417484,0.0,64.0,0,0
prefill,0,71861,71909,0,3136,149620,4420620,0.0,64.0,0,0
prefill,0,71910,72019,0,7040,149620,4427660,0.0,64.0,0,0
prefill,0,72020,72051,0,2048,149620,4429708,0.0,64.0,0,0
prefill,0,72052,72351,0,19200,149620,4448908,0.0,64.0,0,0
prefill,0,72352,72491,0,8960,149620,4457868,0.0,64.0,0,0
prefill,0,72492,72523,0,2048,149620,4459916,0.0,64.0,0,0
prefill,0,72524,72823,0,19200,149620,4479116,0.0,64.0,0,0
prefill,0,72824,72849,0,1664,149620,4480780,0.0,64.0,0,0
prefill,0,72850,72891,0,2688,149620,4483468,0.0,64.0,0,0
prefill,0,72892,73191,0,19200,149620,4502668,0.0,64.0,0,0
prefill,0,73192,73229,0,2432,149620,4505100,0.0,64.0,0,0
prefill,0,73230,73252,0,1472,149620,4506572,0.0,64.0,0,0
prefill,0,73253,73286,0,2176,149620,4508748,0.0,64.0,0,0
prefill,0,73287,73586,0,19200,149620,4527948,0.0,64.0,0,0
prefill,0,73587,73665,0,5056,149620,4533004,0.0,64.0,0,0
prefill,0,73666,73738,0,4672,149620,4537676,0.0,64.0,0,0
prefill,0,73739,73907,0,10816,149620,4548492,0.0,64.0,0,0
prefill,0,73908,74207,0,19200,149620,4567692,0.0,64.0,0,0
prefill,0,74208,74507,0,19200,149620,4586892,0.0,64.0,0,0
prefill,0,74508,74575,0,4352,149620,4591244,0.0,64.0,0,0
prefill,0,74576,74875,0,19200,149620,4610444,0.0,64.0,0,0
prefill,0,74876,75043,0,10752,149620,4621196,0.0,64.0,0,0
prefill,0,75044,75343,0,19200,149620,4640396,0.0,64.0,0,0
prefill,0,75344,75643,0,19200,149620,4659596,0.0,64.0,0,0
prefill,0,75644,75809,0,10624,149620,4670220,0.0,64.0,0,0
prefill,0,75810,76109,0,19200,149620,4689420,0.0,64.0,0,0
prefill,0,76110,76209,0,6400,149620,4695820,0.0,64.0,0,0
prefill,0,76210,76509,0,19200,149620,4715020,0.0,64.0,0,0
prefill,0,76510,76809,0,19200,149620,4734220,0.0,64.0,0,0
prefill,0,76810,76856,0,3008,149620,4737228,0.0,64.0,0,0
prefill,0,76857,76884,0,1792,149620,4739020,0.0,64.0,0,0
prefill,0,76885,76916,0,2048,149620,4741068,0.0,64.0,0,0
prefill,0,76917,77019,0,6592,149620,4747660,0.0,64.0,0,0
prefill,0,77020,77096,0,4928,149620,4752588,0.0,64.0,0,0
prefill,0,77097,77396,0,19200,149620,4771788,0.0,64.0,0,0
prefill,0,77397,77696,0,19200,149620,4790988,0.0,64.0,0,0
prefill,0,77697,77771,0,4800,149620,4795788,0.0,64.0,0,0
prefill,0,77772,78071,0,19200,149620,4814988,0.0,64.0,0,0
prefill,0,78072,78371,0,19200,149620,4834188,0.0,64.0,0,0
prefill,0,78372,78671,0,19200,149620,4853388,0.0,64.0,0,0
prefill,0,78672,78971,0,19200,149620,4872588,0.0,64.0,0,0
prefill,0,78972,79064,0,5952,149620,4878540,0.0,64.0,0,0
prefill,0,79065,79364,0,19200,149620,4897740,0.0,64.0,0,0
prefill,0,79365,79399,0,2240,149620,4899980,0.0,64.0,0,0
prefill,0,79400,79648,0,15936,149620,4915916,0.0,64.0,0,0
prefill,0,79649,79948,0,19200,149620,4935116,0.0,64.0,0,0
prefill,0,79949,79993,0,2880,149620,4937996,0.0,64.0,0,0
prefill,0,79994,80053,0,3840,149620,4941836,0.0,64.0,0,0
prefill,0,80054,80138,0,5440,149620,4947276,0.0,64.0,0,0
prefill,0,80139,80280,0,9088,149620,4956364,0.0,64.0,0,0
prefill,0,80281,80354,0,4736,149620,4961100,0.0,64.0,0,0
prefill,0,80355,80407,0,3392,149620,4964492,0.0,64.0,0,0
prefill,0,80408,80596,0,12096,149620,4976588,0.0,64.0,0,0
prefill,0,80597,80632,0,2304,149620,4978892,0.0,64.0,0,0
prefill,0,80633,80888,0,16384,149620,4995276,0.0,64.0,0,0
prefill,0,80889,81138,0,16000,149620,5011276,0.0,64.0,0,0
prefill,0,81139,81182,0,2816,149620,5014092,0.0,64.0,0,0
prefill,0,81183,81465,0,18112,149620,5032204,0.0,64.0,0,0
prefill,0,81466,81532,0,4288,149620,5036492,0.0,64.0,0,0
prefill,0,81533,81570,0,2432,149620,5038924,0.0,64.0,0,0
prefill,0,81571,81616,0,2944,149620,5041868,0.0,64.0,0,0
prefill,0,81617,81647,0,1984,149620,5043852,0.0,64.0,0,0
prefill,0,81648,81752,0,6720,149620,5050572,0.0,64.0,0,0
prefill,0,81753,81810,0,3712,149620,5054284,0.0,64.0,0,0
prefill,0,81811,81972,0,10368,149620,5064652,0.0,64.0,0,0
prefill,0,81973,82042,0,4480,149620,5069132,0.0,64.0,0,0
prefill,0,82043,82144,0,6528,149620,5075660,0.0,64.0,0,0
prefill,0,82145,82201,0,3648,149620,5079308,0.0,64.0,0,0
prefill,0,82202,82501,0,19200,149620,5098508,0.0,64.0,0,0
prefill,0,82502,82539,0,2432,149620,5100940,0.0,64.0,0,0
prefill,0,82540,82596,0,3648,149620,5104588,0.0,64.0,0,0
prefill,0,82597,82896,0,19200,149620,5123788,0.0,64.0,0,0
prefill,0,82897,83196,0,19200,149620,5142988,0.0,64.0,0,0
prefill,0,83197,83300,0,6656,149620,5149644,0.0,64.0,0,0
prefill,0,83301,83332,0,2048,149620,5151692,0.0,64.0,0,0
prefill,0,83333,83458,0,8064,149620,5159756,0.0,64.0,0,0
prefill,0,83459,83512,0,3456,149620,5163212,0.0,64.0,0,0
prefill,0,83513,83559,0,3008,149620,5166220,0.0,64.0,0,0
prefill,0,83560,83859,0,19200,149620,5185420,0.0,64.0,0,0
prefill,0,83860,83946,0,5568,149620,5190988,0.0,64.0,0,0
prefill,0,83947,84006,0,3840,149620,5194828,0.0,64.0,0,0
prefill,0,84007,84240,0,14976,149620,5209804,0.0,64.0,0,0
prefill,0,84241,84540,0,19200,149620,5229004,0.0,64.0,0,0
prefill,0,84541,84547,0,448,149620,5229452,0.0,64.0,0,0
prefill,0,84548,84726,0,11456,149620,5240908,0.0,64.0,0,0
prefill,0,84727,84784,0,3712,149620,5244620,0.0,64.0,0,0
prefill,0,84785,84847,0,4032,149620,5248652,0.0,64.0,0,0
prefill,0,84848,85147,0,19200,149620,5267852,0.0,64.0,0,0
prefill,0,85148,85447,0,19200,149620,5287052,0.0,64.0,0,0
prefill,0,85448,85680,0,14912,149620,5301964,0.0,64.0,0,0
prefill,0,85681,85980,0,19200,149620,5321164,0.0,64.0,0,0
prefill,0,85981,86278,0,19072,149620,5340236,0.0,64.0,0,0
prefill,0,86279,86389,0,7104,149620,5347340,0.0,64.0,0,0
prefill,0,86390,86689,0,19200,149620,5366540,0.0,64.0,0,0
prefill,0,86690,86718,0,1856,149620,5368396,0.0,64.0,0,0
prefill,0,86719,86789,0,4544,149620,5372940,0.0,64.0,0,0
prefill,0,86790,87089,0,19200,149620,5392140,0.0,64.0,0,0
prefill,0,87090,87389,0,19200,149620,5411340,0.0,64.0,0,0
prefill,0,87390,87425,0,2304,149620,5413644,0.0,64.0,0,0
prefill,0,87426,87725,0,19200,149620,5432844,0.0,64.0,0,0
prefill,0,87726,88025,0,19200,149620,5452044,0.0,64.0,0,0
prefill,0,88026,88163,0,8832,149620,5460876,0.0,64.0,0,0
prefill,0,88164,88463,0,19200,149620,5480076,0.0,64.0,0,0
prefill,0,88464,88679,0,13824,149620,5493900,0.0,64.0,0,0
prefill,0,88680,88777,0,6272,149620,5500172,0.0,64.0,0,0
prefill,0,88778,89077,0,19200,149620,5519372,0.0,64.0,0,0
prefill,0,89078,89377,0,19200,149620,5538572,0.0,64.0,0,0
prefill,0,89378,89508,0,8384,149620,5546956,0.0,64.0,0,0
prefill,0,89509,89808,0,19200,149620,5566156,0.0,64.0,0,0
prefill,0,89809,90108,0,19200,149620,5585356,0.0,64.0,0,0
prefill,0,90109,90142,0,2176,149620,5587532,0.0,64.0,0,0
prefill,0,90143,90442,0,19200,149620,5606732,0.0,64.0,0,0
prefill,0,90443,90482,0,2560,149620,5609292,0.0,64.0,0,0
prefill,0,90483,90658,0,11264,149620,5620556,0.0,64.0,0,0
prefill,0,90659,90958,0,19200,149620,5639756,0.0,64.0,0,0
prefill,0,90959,91258,0,19200,149620,5658956,0.0,64.0,0,0
prefill,0,91259,91304,0,2944,149620,5661900,0.0,64.0,0,0
prefill,0,91305,91604,0,19200,149620,5681100,0.0,64.0,0,0
prefill,0,91605,91904,0,19200,149620,5700300,0.0,64.0,0,0
prefill,0,91905,92204,0,19200,149620,5719500,0.0,64.0,0,0
prefill,0,92205,92504,0,19200,149620,5738700,0.0,64.0,0,0
prefill,0,92505,92589,0,5440,149620,5744140,0.0,64.0,0,0
prefill,0,92590,92665,0,4864,149620,5749004,0.0,64.0,0,0
prefill,0,92666,92965,0,19200,149620,5768204,0.0,64.0,0,0
prefill,0,92966,93265,0,19200,149620,5787404,0.0,64.0,0,0
prefill,0,93266,93318,0,3392,149620,5790796,0.0,64.0,0,0
prefill,0,93319,93618,0,19200,149620,5809996,0.0,64.0,0,0
prefill,0,93619,93918,0,19200,149620,5829196,0.0,64.0,0,0
prefill,0,93919,94218,0,19200,149620,5848396,0.0,64.0,0,0
prefill,0,94219,94518,0,19200,149620,5867596,0.0,64.0,0,0
prefill,0,94519,94818,0,19200,149620,5886796,0.0,64.0,0,0
prefill,0,94819,94997,0,11456,149620,5898252,0.0,64.0,0,0
prefill,0,94998,95297,0,19200,149620,5917452,0.0,64.0,0,0
prefill,0,95298,95597,0,19200,149620,5936652,0.0,64.0,0,0
prefill,0,95598,95897,0,19200,149620,5955852,0.0,64.0,0,0
prefill,0,95898,96197,0,19200,149620,5975052,0.0,64.0,0,0
prefill,0,96198,96497,0,19200,149620,5994252,0.0,64.0,0,0
prefill,0,96498,96797,0,19200,149620,6013452,0.0,64.0,0,0
prefill,0,96798,97097,0,19200,149620,6032652,0.0,64.0,0,0
prefill,0,97098,97397,0,19200,149620,6051852,0.0,64.0,0,0
prefill,0,97398,97697,0,19200,149620,6071052,0.0,64.0,0,0
prefill,0,97698,97997,0,19200,149620,6090252,0.0,64.0,0,0
prefill,0,97998,98048,0,3264,149620,6093516,0.0,64.0,0,0
prefill,0,98049,98348,0,19200,149620,6112716,0.0,64.0,0,0
prefill,0,98349,98386,0,2432,149620,6115148,0.0,64.0,0,0
prefill,0,98387,98686,0,19200,149620,6134348,0.0,64.0,0,0
prefill,0,98687,98986,0,19200,149620,6153548,0.0,64.0,0,0
prefill,0,98987,99286,0,19200,149620,6172748,0.0,64.0,0,0
prefill,0,99287,99336,0,3200,149620,6175948,0.0,64.0,0,0
prefill,0,99337,99636,0,19200,149620,6195148,0.0,64.0,0,0
prefill,0,99637,99659,0,1472,149620,6196620,0.0,64.0,0,0
prefill,0,99660,99959,0,19200,149620,6215820,0.0,64.0,0,0
prefill,0,99960,100023,0,4096,149620,6219916,0.0,64.0,0,0
prefill,0,100024,100323,0,19200,149620,6239116,0.0,64.0,0,0
prefill,0,100324,100623,0,19200,149620,6258316,0.0,64.0,0,0
prefill,0,100624,100788,0,10560,149620,6268876,0.0,64.0,0,0
prefill,0,100789,100812,0,1536,149620,6270412,0.0,64.0,0,0
prefill,0,100813,101112,0,19200,149620,6289612,0.0,64.0,0,0
prefill,0,101113,101412,0,19200,149620,6308812,0.0,64.0,0,0
prefill,0,101413,101444,0,2048,149620,6310860,0.0,64.0,0,0
prefill,0,101445,101744,0,19200,149620,6330060,0.0,64.0,0,0
prefill,0,101745,101826,0,5248,149620,6335308,0.0,64.0,0,0
prefill,0,101827,102098,0,17408,149620,6352716,0.0,64.0,0,0
prefill,0,102099,102398,0,19200,149620,6371916,0.0,64.0,0,0
prefill,0,102399,102698,0,19200,149620,6391116,0.0,64.0,0,0
prefill,0,102699,102998,0,19200,149620,6410316,0.0,64.0,0,0
prefill,0,102999,103028,0,1920,149620,6412236,0.0,64.0,0,0
prefill,0,103029,103050,0,1408,149620,6413644,0.0,64.0,0,0
prefill,0,103051,103350,0,19200,149620,6432844,0.0,64.0,0,0
prefill,0,103351,103650,0,19200,149620,6452044,0.0,64.0,0,0
prefill,0,103651,103696,0,2944,149620,6454988,0.0,64.0,0,0
prefill,0,103697,103766,0,4480,149620,6459468,0.0,64.0,0,0
prefill,0,103767,103950,0,11776,149620,6471244,0.0,64.0,0,0
prefill,0,103951,103970,0,1280,149620,6472524,0.0,64.0,0,0
prefill,0,103971,104270,0,19200,149620,6491724,0.0,64.0,0,0
prefill,0,104271,104336,0,4224,149620,6495948,0.0,64.0,0,0
prefill,0,104337,104599,0,16832,149620,6512780,0.0,64.0,0,0
prefill,0,104600,104731,0,8448,149620,6521228,0.0,64.0,0,0
prefill,0,104732,105031,0,19200,149620,6540428,0.0,64.0,0,0
prefill,0,105032,105273,0,15488,149620,6555916,0.0,64.0,0,0
prefill,0,105274,105573,0,19200,149620,6575116,0.0,64.0,0,0
prefill,0,105574,105873,0,19200,149620,6594316,0.0,64.0,0,0
prefill,0,105874,106173,0,19200,149620,6613516,0.0,64.0,0,0
prefill,0,106174,106473,0,19200,149620,6632716,0.0,64.0,0,0
prefill,0,106474,106773,0,19200,149620,6651916,0.0,64.0,0,0
prefill,0,106774,107073,0,19200,149620,6671116,0.0,64.0,0,0
prefill,0,107074,107373,0,19200,149620,6690316,0.0,64.0,0,0
prefill,0,107374,107673,0,19200,149620,6709516,0.0,64.0,0,0
prefill,0,107674,107973,0,19200,149620,6728716,0.0,64.0,0,0
prefill,0,107974,107989,0,1024,149620,6729740,0.0,64.0,0,0
prefill,0,107990,108289,0,19200,149620,6748940,0.0,64.0,0,0
prefill,0,108290,108368,0,5056,149620,6753996,0.0,64.0,0,0
prefill,0,108369,108533,0,10560,149620,6764556,0.0,64.0,0,0
prefill,0,108534,108591,0,3712,149620,6768268,0.0,64.0,0,0
prefill,0,108592,108669,0,4992,149620,6773260,0.0,64.0,0,0
prefill,0,108670,108839,0,10880,149620,6784140,0.0,64.0,0,0
prefill,0,108840,109004,0,10560,149620,6794700,0.0,64.0,0,0
prefill,0,109005,109109,0,6720,149620,6801420,0.0,64.0,0,0
prefill,0,109110,109164,0,3520,149620,6804940,0.0,64.0,0,0
prefill,0,109165,109464,0,19200,149620,6824140,0.0,64.0,0,0
prefill,0,109465,109706,0,15488,149620,6839628,0.0,64.0,0,0
prefill,0,109707,109991,0,18240,149620,6857868,0.0,64.0,0,0
prefill,0,109992,110001,0,640,149620,6858508,0.0,64.0,0,0
prefill,0,110002,110019,0,1152,149620,6859660,0.0,64.0,0,0
prefill,0,110020,110056,0,2368,149620,6862028,0.0,64.0,0,0
prefill,0,110057,110099,0,2752,149620,6864780,0.0,64.0,0,0
prefill,0,110100,110230,0,8384,149620,6873164,0.0,64.0,0,0
prefill,0,110231,110288,0,3712,149620,6876876,0.0,64.0,0,0
prefill,0,110289,110588,0,19200,149620,6896076,0.0,64.0,0,0
prefill,0,110589,110673,0,5440,149620,6901516,0.0,64.0,0,0
prefill,0,110674,110973,0,19200,149620,6920716,0.0,64.0,0,0
prefill,0,110974,111273,0,19200,149620,6939916,0.0,64.0,0,0
prefill,0,111274,111298,0,1600,149620,6941516,0.0,64.0,0,0
prefill,0,111299,111598,0,19200,149620,6960716,0.0,64.0,0,0
prefill,0,111599,111673,0,4800,149620,6965516,0.0,64.0,0,0
prefill,0,111674,111756,0,5312,149620,6970828,0.0,64.0,0,0
prefill,0,111757,111768,0,768,149620,6971596,0.0,64.0,0,0
prefill,0,111769,111833,0,4160,149620,6975756,0.0,64.0,0,0
prefill,0,111834,112133,0,19200,149620,6994956,0.0,64.0,0,0
prefill,0,112134,112145,0,768,149620,6995724,0.0,64.0,0,0
prefill,0,112146,112201,0,3584,149620,6999308,0.0,64.0,0,0
prefill,0,112202,112241,0,2560,149620,7001868,0.0,64.0,0,0
prefill,0,112242,112263,0,1408,149620,7003276,0.0,64.0,0,0
prefill,0,112264,112561,0,19072,149620,7022348,0.0,64.0,0,0
prefill,0,112562,112861,0,19200,149620,7041548,0.0,64.0,0,0
prefill,0,112862,113161,0,19200,149620,7060748,0.0,64.0,0,0
prefill,0,113162,113178,0,1088,149620,7061836,0.0,64.0,0,0
prefill,0,113179,113478,0,19200,149620,7081036,0.0,64.0,0,0
prefill,0,113479,113765,0,18368,149620,7099404,0.0,64.0,0,0
prefill,0,113766,113843,0,4992,149620,7104396,0.0,64.0,0,0
prefill,0,113844,114064,0,14144,149620,7118540,0.0,64.0,0,0
prefill,0,114065,114184,0,7680,149620,7126220,0.0,64.0,0,0
prefill,0,114185,114336,0,9728,149620,7135948,0.0,64.0,0,0
prefill,0,114337,114568,0,14848,149620,7150796,0.0,64.0,0,0
prefill,0,114569,114868,0,19200,149620,7169996,0.0,64.0,0,0
prefill,0,114869,115168,0,19200,149620,7189196,0.0,64.0,0,0
prefill,0,115169,115468,0,19200,149620,7208396,0.0,64.0,0,0
prefill,0,115469,115505,0,2368,149620,7210764,0.0,64.0,0,0
prefill,0,115506,115585,0,5120,149620,7215884,0.0,64.0,0,0
prefill,0,115586,115620,0,2240,149620,7218124,0.0,64.0,0,0
prefill,0,115621,115673,0,3392,149620,7221516,0.0,64.0,0,0
prefill,0,115674,115691,0,1152,149620,7222668,0.0,64.0,0,0
prefill,0,115692,115991,0,19200,149620,7241868,0.0,64.0,0,0
prefill,0,115992,116250,0,16576,149620,7258444,0.0,64.0,0,0
prefill,0,116251,116489,0,15296,149620,7273740,0.0,64.0,0,0
prefill,0,116490,116789,0,19200,149620,7292940,0.0,64.0,0,0
prefill,0,116790,116821,0,2048,149620,7294988,0.0,64.0,0,0
prefill,0,116822,116971,0,9600,149620,7304588,0.0,64.0,0,0
prefill,0,116972,117271,0,19200,149620,7323788,0.0,64.0,0,0
prefill,0,117272,117571,0,19200,149620,7342988,0.0,64.0,0,0
prefill,0,117572,117628,0,3648,149620,7346636,0.0,64.0,0,0
prefill,0,117629,117674,0,2944,149620,7349580,0.0,64.0,0,0
prefill,0,117675,117781,0,6848,149620,7356428,0.0,64.0,0,0
prefill,0,117782,117948,0,10688,149620,7367116,0.0,64.0,0,0
prefill,0,117949,118112,0,10496,149620,7377612,0.0,64.0,0,0
prefill,0,118113,118412,0,19200,149620,7396812,0.0,64.0,0,0
prefill,0,118413,118712,0,19200,149620,7416012,0.0,64.0,0,0
prefill,0,118713,118981,0,17216,149620,7433228,0.0,64.0,0,0
prefill,0,118982,119281,0,19200,149620,7452428,0.0,64.0,0,0
prefill,0,119282,119581,0,19200,149620,7471628,0.0,64.0,0,0
prefill,0,119582,119881,0,19200,149620,7490828,0.0,64.0,0,0
prefill,0,119882,120181,0,19200,149620,7510028,0.0,64.0,0,0
prefill,0,120182,120193,0,768,149620,7510796,0.0,64.0,0,0
prefill,0,120194,120239,0,2944,149620,7513740,0.0,64.0,0,0
prefill,0,120240,120539,0,19200,149620,7532940,0.0,64.0,0,0
prefill,0,120540,120563,0,1536,149620,7534476,0.0,64.0,0,0
prefill,0,120564,120713,0,9600,149620,7544076,0.0,64.0,0,0
prefill,0,120714,120751,0,2432,149620,7546508,0.0,64.0,0,0
prefill,0,120752,120771,0,1280,149620,7547788,0.0,64.0,0,0
prefill,0,120772,120790,0,1216,149620,7549004,0.0,64.0,0,0
prefill,0,120791,120945,0,9920,149620,7558924,0.0,64.0,0,0
prefill,0,120946,121084,0,8896,149620,7567820,0.0,64.0,0,0
prefill,0,121085,121384,0,19200,149620,7587020,0.0,64.0,0,0
prefill,0,121385,121684,0,19200,149620,7606220,0.0,64.0,0,0
prefill,0,121685,121984,0,19200,149620,7625420,0.0,64.0,0,0
prefill,0,121985,122001,0,1088,149620,7626508,0.0,64.0,0,0
prefill,0,122002,122301,0,19200,149620,7645708,0.0,64.0,0,0
prefill,0,122302,122601,0,19200,149620,7664908,0.0,64.0,0,0
prefill,0,122602,122901,0,19200,149620,7684108,0.0,64.0,0,0
prefill,0,122902,123097,0,12544,149620,7696652,0.0,64.0,0,0
prefill,0,123098,123397,0,19200,149620,7715852,0.0,64.0,0,0
prefill,0,123398,123405,0,512,149620,7716364,0.0,64.0,0,0
prefill,0,123406,123705,0,19200,149620,7735564,0.0,64.0,0,0
prefill,0,123706,123722,0,1088,149620,7736652,0.0,64.0,0,0
prefill,0,123723,124022,0,19200,149620,7755852,0.0,64.0,0,0
prefill,0,124023,124322,0,19200,149620,7775052,0.0,64.0,0,0
prefill,0,124323,124547,0,14400,149620,7789452,0.0,64.0,0,0
prefill,0,124548,124847,0,19200,149620,7808652,0.0,64.0,0,0
prefill,0,124848,125003,0,9984,149620,7818636,0.0,64.0,0,0
prefill,0,125004,125140,0,8768,149620,7827404,0.0,64.0,0,0
prefill,0,125141,125185,0,2880,149620,7830284,0.0,64.0,0,0
prefill,0,125186,125374,0,12096,149620,7842380,0.0,64.0,0,0
prefill,0,125375,125494,0,7680,149620,7850060,0.0,64.0,0,0
prefill,0,125495,125532,0,2432,149620,7852492,0.0,64.0,0,0
prefill,0,125533,125749,0,13888,149620,7866380,0.0,64.0,0,0
prefill,0,125750,126049,0,19200,149620,7885580,0.0,64.0,0,0
prefill,0,126050,126349,0,19200,149620,7904780,0.0,64.0,0,0
prefill,0,126350,126649,0,19200,149620,7923980,0.0,64.0,0,0
prefill,0,126650,126684,0,2240,149620,7926220,0.0,64.0,0,0
prefill,0,126685,126766,0,5248,149620,7931468,0.0,64.0,0,0
prefill,0,126767,126800,0,2176,149620,7933644,0.0,64.0,0,0
prefill,0,126801,127100,0,19200,149620,7952844,0.0,64.0,0,0
prefill,0,127101,127400,0,19200,149620,7972044,0.0,64.0,0,0
prefill,0,127401,127483,0,5312,149620,7977356,0.0,64.0,0,0
prefill,0,127484,127783,0,19200,149620,7996556,0.0,64.0,0,0
prefill,0,127784,127848,0,4160,149620,8000716,0.0,64.0,0,0
prefill,0,127849,128148,0,19200,149620,8019916,0.0,64.0,0,0
prefill,0,128149,128448,0,19200,149620,8039116,0.0,64.0,0,0
prefill,0,128449,128482,0,2176,149620,8041292,0.0,64.0,0,0
prefill,0,128483,128631,0,9536,149620,8050828,0.0,64.0,0,0
prefill,0,128632,128931,0,19200,149620,8070028,0.0,64.0,0,0
prefill,0,128932,129231,0,19200,149620,8089228,0.0,64.0,0,0
prefill,0,129232,129531,0,19200,149620,8108428,0.0,64.0,0,0
prefill,0,129532,129831,0,19200,149620,8127628,0.0,64.0,0,0
prefill,0,129832,130131,0,19200,149620,8146828,0.0,64.0,0,0
prefill,0,130132,130431,0,19200,149620,8166028,0.0,64.0,0,0
prefill,0,130432,130447,0,1024,149620,8167052,0.0,64.0,0,0
prefill,0,130448,130502,0,3520,149620,8170572,0.0,64.0,0,0
prefill,0,130503,130703,0,12864,149620,8183436,0.0,64.0,0,0
prefill,0,130704,131003,0,19200,149620,8202636,0.0,64.0,0,0
prefill,0,131004,131303,0,19200,149620,8221836,0.0,64.0,0,0
prefill,0,131304,131603,0,19200,149620,8241036,0.0,64.0,0,0
prefill,0,131604,131903,0,19200,149620,8260236,0.0,64.0,0,0
prefill,0,131904,131916,0,832,149620,8261068,0.0,64.0,0,0
prefill,0,131917,132216,0,19200,149620,8280268,0.0,64.0,0,0
prefill,0,132217,132516,0,19200,149620,8299468,0.0,64.0,0,0
prefill,0,132517,132816,0,19200,149620,8318668,0.0,64.0,0,0
prefill,0,132817,133116,0,19200,149620,8337868,0.0,64.0,0,0
prefill,0,133117,133416,0,19200,149620,8357068,0.0,64.0,0,0
prefill,0,133417,133716,0,19200,149620,8376268,0.0,64.0,0,0
prefill,0,133717,134016,0,19200,149620,8395468,0.0,64.0,0,0
prefill,0,134017,134316,0,19200,149620,8414668,0.0,64.0,0,0
prefill,0,134317,134616,0,19200,149620,8433868,0.0,64.0,0,0
prefill,0,134617,134846,0,14720,149620,8448588,0.0,64.0,0,0
prefill,0,134847,134886,0,2560,149620,8451148,0.0,64.0,0,0
prefill,0,134887,135186,0,19200,149620,8470348,0.0,64.0,0,0
prefill,0,135187,135213,0,1728,149620,8472076,0.0,64.0,0,0
prefill,0,135214,135513,0,19200,149620,8491276,0.0,64.0,0,0
prefill,0,135514,135813,0,19200,149620,8510476,0.0,64.0,0,0
prefill,0,135814,136113,0,19200,149620,8529676,0.0,64.0,0,0
prefill,0,136114,136413,0,19200,149620,8548876,0.0,64.0,0,0
prefill,0,136414,136713,0,19200,149620,8568076,0.0,64.0,0,0
prefill,0,136714,137013,0,19200,149620,8587276,0.0,64.0,0,0
prefill,0,137014,137313,0,19200,149620,8606476,0.0,64.0,0,0
prefill,0,137314,137613,0,19200,149620,8625676,0.0,64.0,0,0
prefill,0,137614,137633,0,1280,149620,8626956,0.0,64.0,0,0
prefill,0,137634,137933,0,19200,149620,8646156,0.0,64.0,0,0
prefill,0,137934,137961,0,1792,149620,8647948,0.0,64.0,0,0
prefill,0,137962,138261,0,19200,149620,8667148,0.0,64.0,0,0
prefill,0,138262,138486,0,14400,149620,8681548,0.0,64.0,0,0
prefill,0,138487,138599,0,7232,149620,8688780,0.0,64.0,0,0
prefill,0,138600,138899,0,19200,149620,8707980,0.0,64.0,0,0
prefill,0,138900,139025,0,8064,149620,8716044,0.0,64.0,0,0
prefill,0,139026,139325,0,19200,149620,8735244,0.0,64.0,0,0
prefill,0,139326,139625,0,19200,149620,8754444,0.0,64.0,0,0
prefill,0,139626,139925,0,19200,149620,8773644,0.0,64.0,0,0
prefill,0,139926,140225,0,19200,149620,8792844,0.0,64.0,0,0
prefill,0,140226,140335,0,7040,149620,8799884,0.0,64.0,0,0
prefill,0,140336,140635,0,19200,149620,8819084,0.0,64.0,0,0
prefill,0,140636,140935,0,19200,149620,8838284,0.0,64.0,0,0
prefill,0,140936,141235,0,19200,149620,8857484,0.0,64.0,0,0
prefill,0,141236,141535,0,19200,149620,8876684,0.0,64.0,0,0
prefill,0,141536,141835,0,19200,149620,8895884,0.0,64.0,0,0
prefill,0,141836,142135,0,19200,149620,8915084,0.0,64.0,0,0
prefill,0,142136,142208,0,4672,149620,8919756,0.0,64.0,0,0
prefill,0,142209,142239,0,1984,149620,8921740,0.0,64.0,0,0
prefill,0,142240,142539,0,19200,149620,8940940,0.0,64.0,0,0
prefill,0,142540,142835,0,18944,149620,8959884,0.0,64.0,0,0
prefill,0,142836,142882,0,3008,149620,8962892,0.0,64.0,0,0
prefill,0,142883,143182,0,19200,149620,8982092,0.0,64.0,0,0
prefill,0,143183,143482,0,19200,149620,9001292,0.0,64.0,0,0
prefill,0,143483,143782,0,19200,149620,9020492,0.0,64.0,0,0
prefill,0,143783,144082,0,19200,149620,9039692,0.0,64.0,0,0
prefill,0,144083,144139,0,3648,149620,9043340,0.0,64.0,0,0
prefill,0,144140,144172,0,2112,149620,9045452,0.0,64.0,0,0
prefill,0,144173,144472,0,19200,149620,9064652,0.0,64.0,0,0
prefill,0,144473,144772,0,19200,149620,9083852,0.0,64.0,0,0
prefill,0,144773,144802,0,1920,149620,9085772,0.0,64.0,0,0
prefill,0,144803,144929,0,8128,149620,9093900,0.0,64.0,0,0
prefill,0,144930,145048,0,7616,149620,9101516,0.0,64.0,0,0
prefill,0,145049,145348,0,19200,149620,9120716,0.0,64.0,0,0
prefill,0,145349,145648,0,19200,149620,9139916,0.0,64.0,0,0
prefill,0,145649,145948,0,19200,149620,9159116,0.0,64.0,0,0
prefill,0,145949,146102,0,9856,149620,9168972,0.0,64.0,0,0
prefill,0,146103,146402,0,19200,149620,9188172,0.0,64.0,0,0
prefill,0,146403,146702,0,19200,149620,9207372,0.0,64.0,0,0
prefill,0,146703,147002,0,19200,149620,9226572,0.0,64.0,0,0
prefill,0,147003,147302,0,19200,149620,9245772,0.0,64.0,0,0
prefill,0,147303,147602,0,19200,149620,9264972,0.0,64.0,0,0
prefill,0,147603,147902,0,19200,149620,9284172,0.0,64.0,0,0
prefill,0,147903,148202,0,19200,149620,9303372,0.0,64.0,0,0
prefill,0,148203,148502,0,19200,149620,9322572,0.0,64.0,0,0
prefill,0,148503,148802,0,19200,149620,9341772,0.0,64.0,0,0
prefill,0,148803,149102,0,19200,149620,9360972,0.0,64.0,0,0
prefill,0,149103,149230,0,8192,149620,9369164,0.0,64.0,0,0
prefill,0,149231,149266,0,2304,149620,9371468,0.0,64.0,0,0
prefill,0,149267,149566,0,19200,149620,9390668,0.0,64.0,0,0
prefill,0,149567,149866,0,19200,149620,9409868,0.0,64.0,0,0
prefill,0,149867,150166,0,19200,149620,9429068,0.0,64.0,0,0
prefill,0,150167,150466,0,19200,149620,9448268,0.0,64.0,0,0
prefill,0,150467,150766,0,19200,149620,9467468,0.0,64.0,0,0
prefill,0,150767,151066,0,19200,149620,9486668,0.0,64.0,0,0
prefill,0,151067,151366,0,19200,149620,9505868,0.0,64.0,0,0
prefill,0,151367,151666,0,19200,149620,9525068,0.0,64.0,0,0
prefill,0,151667,151966,0,19200,149620,9544268,0.0,64.0,0,0
prefill,0,151967,152266,0,19200,149620,9563468,0.0,64.0,0,0
prefill,0,152267,152566,0,19200,149620,9582668,0.0,64.0,0,0
prefill,0,152567,152599,0,2112,149620,9584780,0.0,64.0,0,0
prefill,0,152600,152899,0,19200,149620,9603980,0.0,64.0,0,0
prefill,0,152900,152929,0,1920,149620,9605900,0.0,64.0,0,0
prefill,0,152930,153229,0,19200,149620,9625100,0.0,64.0,0,0
prefill,0,153230,153529,0,19200,149620,9644300,0.0,64.0,0,0
prefill,0,153530,153829,0,19200,149620,9663500,0.0,64.0,0,0
prefill,0,153830,154129,0,19200,149620,9682700,0.0,64.0,0,0
prefill,0,154130,154429,0,19200,149620,9701900,0.0,64.0,0,0
prefill,0,154430,154729,0,19200,149620,9721100,0.0,64.0,0,0
prefill,0,154730,155029,0,19200,149620,9740300,0.0,64.0,0,0
prefill,0,155030,155060,0,1984,149620,9742284,0.0,64.0,0,0
prefill,0,155061,155360,0,19200,149620,9761484,0.0,64.0,0,0
prefill,0,155361,155660,0,19200,149620,9780684,0.0,64.0,0,0
prefill,0,155661,155960,0,19200,149620,9799884,0.0,64.0,0,0
prefill,0,155961,156003,0,2752,149620,9802636,0.0,64.0,0,0
prefill,0,156004,156303,0,19200,149620,9821836,0.0,64.0,0,0
prefill,0,156304,156603,0,19200,149620,9841036,0.0,64.0,0,0
prefill,0,156604,156903,0,19200,149620,9860236,0.0,64.0,0,0
prefill,0,156904,157203,0,19200,149620,9879436,0.0,64.0,0,0
prefill,0,157204,157503,0,19200,149620,9898636,0.0,64.0,0,0
prefill,0,157504,157557,0,3456,149620,9902092,0.0,64.0,0,0
prefill,0,157558,157613,0,3584,149620,9905676,0.0,64.0,0,0
prefill,0,157614,157913,0,19200,149620,9924876,0.0,64.0,0,0
prefill,0,157914,158213,0,19200,149620,9944076,0.0,64.0,0,0
prefill,0,158214,158513,0,19200,149620,9963276,0.0,64.0,0,0
prefill,0,158514,158751,0,15232,149620,9978508,0.0,64.0,0,0
prefill,0,158752,159051,0,19200,149620,9997708,0.0,64.0,0,0
prefill,0,159052,159094,0,2752,149620,10000460,0.0,64.0,0,0
prefill,0,159095,159394,0,19200,149620,10019660,0.0,64.0,0,0
prefill,0,159395,159694,0,19200,149620,10038860,0.0,64.0,0,0
prefill,0,159695,159994,0,19200,149620,10058060,0.0,64.0,0,0
prefill,0,159995,160294,0,19200,149620,10077260,0.0,64.0,0,0
prefill,0,160295,160594,0,19200,149620,10096460,0.0,64.0,0,0
prefill,0,160595,160894,0,19200,149620,10115660,0.0,64.0,0,0
prefill,0,160895,161194,0,19200,149620,10134860,0.0,64.0,0,0
prefill,0,161195,161494,0,19200,149620,10154060,0.0,64.0,0,0
prefill,0,161495,161794,0,19200,149620,10173260,0.0,64.0,0,0
prefill,0,161795,161812,0,1152,149620,10174412,0.0,64.0,0,0
prefill,0,161813,162079,0,17088,149620,10191500,0.0,64.0,0,0
prefill,0,162080,162379,0,19200,149620,10210700,0.0,64.0,0,0
prefill,0,162380,162679,0,19200,149620,10229900,0.0,64.0,0,0
prefill,0,162680,162979,0,19200,149620,10249100,0.0,64.0,0,0
prefill,0,162980,163279,0,19200,149620,10268300,0.0,64.0,0,0
prefill,0,163280,163579,0,19200,149620,10287500,0.0,64.0,0,0
prefill,0,163580,163879,0,19200,149620,10306700,0.0,64.0,0,0
prefill,0,163880,164179,0,19200,149620,10325900,0.0,64.0,0,0
prefill,0,164180,164311,0,8448,149620,10334348,0.0,64.0,0,0
prefill,0,164312,164611,0,19200,149620,10353548,0.0,64.0,0,0
prefill,0,164612,164911,0,19200,149620,10372748,0.0,64.0,0,0
prefill,0,164912,165211,0,19200,149620,10391948,0.0,64.0,0,0
prefill,0,165212,165511,0,19200,149620,10411148,0.0,64.0,0,0
prefill,0,165512,165811,0,19200,149620,10430348,0.0,64.0,0,0
prefill,0,165812,166111,0,19200,149620,10449548,0.0,64.0,0,0
prefill,0,166112,166401,0,18560,149620,10468108,0.0,64.0,0,0
prefill,0,166402,166701,0,19200,149620,10487308,0.0,64.0,0,0
prefill,0,166702,167001,0,19200,149620,10506508,0.0,64.0,0,0
prefill,0,167002,167265,0,16896,149620,10523404,0.0,64.0,0,0
prefill,0,167266,167565,0,19200,149620,10542604,0.0,64.0,0,0
prefill,0,167566,167785,0,14080,149620,10556684,0.0,64.0,0,0
prefill,0,167786,168085,0,19200,149620,10575884,0.0,64.0,0,0
prefill,0,168086,168385,0,19200,149620,10595084,0.0,64.0,0,0
prefill,0,168386,168685,0,19200,149620,10614284,0.0,64.0,0,0
prefill,0,168686,168985,0,19200,149620,10633484,0.0,64.0,0,0
prefill,0,168986,169285,0,19200,149620,10652684,0.0,64.0,0,0
prefill,0,169286,169585,0,19200,149620,10671884,0.0,64.0,0,0
prefill,0,169586,169885,0,19200,149620,10691084,0.0,64.0,0,0
prefill,0,169886,170185,0,19200,149620,10710284,0.0,64.0,0,0
prefill,0,170186,170485,0,19200,149620,10729484,0.0,64.0,0,0
prefill,0,170486,170628,0,9152,149620,10738636,0.0,64.0,0,0
prefill,0,170629,170928,0,19200,149620,10757836,0.0,64.0,0,0
prefill,0,170929,171055,0,8128,149620,10765964,0.0,64.0,0,0
prefill,0,171056,171106,0,3264,149620,10769228,0.0,64.0,0,0
prefill,0,171107,171406,0,19200,149620,10788428,0.0,64.0,0,0
prefill,0,171407,171706,0,19200,149620,10807628,0.0,64.0,0,0
prefill,0,171707,172006,0,19200,149620,10826828,0.0,64.0,0,0
prefill,0,172007,172148,0,9088,149620,10835916,0.0,64.0,0,0
prefill,0,172149,172355,0,13248,149620,10849164,0.0,64.0,0,0
prefill,0,172356,172655,0,19200,149620,10868364,0.0,64.0,0,0
prefill,0,172656,172670,0,960,149620,10869324,0.0,64.0,0,0
prefill,0,172671,172815,0,9280,149620,10878604,0.0,64.0,0,0
prefill,0,172816,172937,0,7808,149620,10886412,0.0,64.0,0,0
prefill,0,172938,173056,0,7616,149620,10894028,0.0,64.0,0,0
prefill,0,173057,173170,0,7296,149620,10901324,0.0,64.0,0,0
prefill,0,173171,173289,0,7616,149620,10908940,0.0,64.0,0,0
prefill,0,173290,173539,0,16000,149620,10924940,0.0,64.0,0,0
prefill,0,173540,173643,0,6656,149620,10931596,0.0,64.0,0,0
prefill,0,173644,173692,0,3136,149620,10934732,0.0,64.0,0,0
prefill,0,173693,173816,0,7936,149620,10942668,0.0,64.0,0,0
prefill,0,173817,173913,0,6208,149620,10948876,0.0,64.0,0,0
prefill,0,173914,174090,0,11328,149620,10960204,0.0,64.0,0,0
prefill,0,174091,174324,0,14976,149620,10975180,0.0,64.0,0,0
prefill,0,174325,174624,0,19200,149620,10994380,0.0,64.0,0,0
prefill,0,174625,174777,0,9792,149620,11004172,0.0,64.0,0,0
prefill,0,174778,174852,0,4800,149620,11008972,0.0,64.0,0,0
prefill,0,174853,175019,0,10688,149620,11019660,0.0,64.0,0,0
prefill,0,175020,175166,0,9408,149620,11029068,0.0,64.0,0,0
prefill,0,175167,175270,0,6656,149620,11035724,0.0,64.0,0,0
prefill,0,175271,175351,0,5184,149620,11040908,0.0,64.0,0,0
prefill,0,175352,175447,0,6144,149620,11047052,0.0,64.0,0,0
prefill,0,175448,175459,0,768,149620,11047820,0.0,64.0,0,0
prefill,0,175460,175536,0,4928,149620,11052748,0.0,64.0,0,0
prefill,0,175537,175633,0,6208,149620,11058956,0.0,64.0,0,0
prefill,0,175634,175720,0,5568,149620,11064524,0.0,64.0,0,0
prefill,0,175721,176020,0,19200,149620,11083724,0.0,64.0,0,0
prefill,0,176021,176168,0,9472,149620,11093196,0.0,64.0,0,0
prefill,0,176169,176375,0,13248,149620,11106444,0.0,64.0,0,0
prefill,0,176376,176523,0,9472,149620,11115916,0.0,64.0,0,0
prefill,0,176524,176664,0,9024,149620,11124940,0.0,64.0,0,0
prefill,0,176665,176964,0,19200,149620,11144140,0.0,64.0,0,0
prefill,0,176965,177136,0,11008,149620,11155148,0.0,64.0,0,0
prefill,0,177137,177278,0,9088,149620,11164236,0.0,64.0,0,0
prefill,0,177279,177390,0,7168,149620,11171404,0.0,64.0,0,0
prefill,0,177391,177473,0,5312,149620,11176716,0.0,64.0,0,0
prefill,0,177474,177773,0,19200,149620,11195916,0.0,64.0,0,0
prefill,0,177774,177864,0,5824,149620,11201740,0.0,64.0,0,0
prefill,0,177865,177986,0,7808,149620,11209548,0.0,64.0,0,0
prefill,0,177987,178286,0,19200,149620,11228748,0.0,64.0,0,0
prefill,0,178287,178366,0,5120,149620,11233868,0.0,64.0,0,0
prefill,0,178367,178444,0,4992,149620,11238860,0.0,64.0,0,0
prefill,0,178445,178528,0,5376,149620,11244236,0.0,64.0,0,0
prefill,0,178529,178828,0,19200,149620,11263436,0.0,64.0,0,0
prefill,0,178829,178930,0,6528,149620,11269964,0.0,64.0,0,0
prefill,0,178931,179230,0,19200,149620,11289164,0.0,64.0,0,0
prefill,0,179231,179325,0,6080,149620,11295244,0.0,64.0,0,0
prefill,0,179326,179331,0,384,149620,11295628,0.0,64.0,0,0
prefill,0,179332,179631,0,19200,149620,11314828,0.0,64.0,0,0
prefill,0,179632,179726,0,6080,149620,11320908,0.0,64.0,0,0
prefill,0,179727,180026,0,19200,149620,11340108,0.0,64.0,0,0
prefill,0,180027,180326,0,19200,149620,11359308,0.0,64.0,0,0
prefill,0,180327,180411,0,5440,149620,11364748,0.0,64.0,0,0
prefill,0,180412,180507,0,6144,149620,11370892,0.0,64.0,0,0
prefill,0,180508,180567,0,3840,149620,11374732,0.0,64.0,0,0
prefill,0,180568,180640,0,4672,149620,11379404,0.0,64.0,0,0
prefill,0,180641,180770,0,8320,149620,11387724,0.0,64.0,0,0
prefill,0,180771,180843,0,4672,149620,11392396,0.0,64.0,0,0
prefill,0,180844,180934,0,5824,149620,11398220,0.0,64.0,0,0
prefill,0,180935,181015,0,5184,149620,11403404,0.0,64.0,0,0
prefill,0,181016,181187,0,11008,149620,11414412,0.0,64.0,0,0
prefill,0,181188,181279,0,5888,149620,11420300,0.0,64.0,0,0
prefill,0,181280,181361,0,5248,149620,11425548,0.0,64.0,0,0
prefill,0,181362,181433,0,4608,149620,11430156,0.0,64.0,0,0
prefill,0,181434,181508,0,4800,149620,11434956,0.0,64.0,0,0
prefill,0,181509,181592,0,5376,149620,11440332,0.0,64.0,0,0
prefill,0,181593,181661,0,4416,149620,11444748,0.0,64.0,0,0
prefill,0,181662,181733,0,4608,149620,11449356,0.0,64.0,0,0
prefill,0,181734,181846,0,7232,149620,11456588,0.0,64.0,0,0
prefill,0,181847,181921,0,4800,149620,11461388,0.0,64.0,0,0
prefill,0,181922,181993,0,4608,149620,11465996,0.0,64.0,0,0
prefill,0,181994,182098,0,6720,149620,11472716,0.0,64.0,0,0
prefill,0,182099,182178,0,5120,149620,11477836,0.0,64.0,0,0
prefill,0,182179,182255,0,4928,149620,11482764,0.0,64.0,0,0
prefill,0,182256,182332,0,4928,149620,11487692,0.0,64.0,0,0
prefill,0,182333,182372,0,2560,149620,11490252,0.0,64.0,0,0
prefill,0,182373,182672,0,19200,149620,11509452,0.0,64.0,0,0
prefill,0,182673,182699,0,1728,149620,11511180,0.0,64.0,0,0
prefill,0,182700,182819,0,7680,149620,11518860,0.0,64.0,0,0
prefill,0,182820,183102,0,18112,149620,11536972,0.0,64.0,0,0
prefill,0,183103,183343,0,15424,149620,11552396,0.0,64.0,0,0
prefill,0,183344,183595,0,16128,149620,11568524,0.0,64.0,0,0
prefill,0,183596,183832,0,15168,149620,11583692,0.0,64.0,0,0
prefill,0,183833,183938,0,6784,149620,11590476,0.0,64.0,0,0
prefill,0,183939,184079,0,9024,149620,11599500,0.0,64.0,0,0
prefill,0,184080,184379,0,19200,149620,11618700,0.0,64.0,0,0
prefill,0,184380,184625,0,15744,149620,11634444,0.0,64.0,0,0
prefill,0,184626,184925,0,19200,149620,11653644,0.0,64.0,0,0
prefill,0,184926,185022,0,6208,149620,11659852,0.0,64.0,0,0
prefill,0,185023,185150,0,8192,149620,11668044,0.0,64.0,0,0
prefill,0,185151,185332,0,11648,149620,11679692,0.0,64.0,0,0
prefill,0,185333,185632,0,19200,149620,11698892,0.0,64.0,0,0
prefill,0,185633,185716,0,5376,149620,11704268,0.0,64.0,0,0
prefill,0,185717,185821,0,6720,149620,11710988,0.0,64.0,0,0
prefill,0,185822,185957,0,8704,149620,11719692,0.0,64.0,0,0
prefill,0,185958,186026,0,4416,149620,11724108,0.0,64.0,0,0
prefill,0,186027,186110,0,5376,149620,11729484,0.0,64.0,0,0
prefill,0,186111,186246,0,8704,149620,11738188,0.0,64.0,0,0
prefill,0,186247,186421,0,11200,149620,11749388,0.0,64.0,0,0
prefill,0,186422,186494,0,4672,149620,11754060,0.0,64.0,0,0
prefill,0,186495,186794,0,19200,149620,11773260,0.0,64.0,0,0
prefill,0,186795,187020,0,14464,149620,11787724,0.0,64.0,0,0
prefill,0,187021,187092,0,4608,149620,11792332,0.0,64.0,0,0
prefill,0,187093,187172,0,5120,149620,11797452,0.0,64.0,0,0
prefill,0,187173,187263,0,5824,149620,11803276,0.0,64.0,0,0
prefill,0,187264,187346,0,5312,149620,11808588,0.0,64.0,0,0
prefill,0,187347,187430,0,5376,149620,11813964,0.0,64.0,0,0
prefill,0,187431,187523,0,5952,149620,11819916,0.0,64.0,0,0
prefill,0,187524,187606,0,5312,149620,11825228,0.0,64.0,0,0
prefill,0,187607,187906,0,19200,149620,11844428,0.0,64.0,0,0
prefill,0,187907,188013,0,6848,149620,11851276,0.0,64.0,0,0
prefill,0,188014,188295,0,18048,149620,11869324,0.0,64.0,0,0
prefill,0,188296,188321,0,1664,149620,11870988,0.0,64.0,0,0
prefill,0,188322,188400,0,5056,149620,11876044,0.0,64.0,0,0
prefill,0,188401,188491,0,5824,149620,11881868,0.0,64.0,0,0
prefill,0,188492,188590,0,6336,149620,11888204,0.0,64.0,0,0
prefill,0,188591,188890,0,19200,149620,11907404,0.0,64.0,0,0
prefill,0,188891,188937,0,3008,149620,11910412,0.0,64.0,0,0
prefill,0,188938,189025,0,5632,149620,11916044,0.0,64.0,0,0
prefill,0,189026,189165,0,8960,149620,11925004,0.0,64.0,0,0
prefill,0,189166,189238,0,4672,149620,11929676,0.0,64.0,0,0
prefill,0,189239,189411,0,11072,149620,11940748,0.0,64.0,0,0
prefill,0,189412,189543,0,8448,149620,11949196,0.0,64.0,0,0
prefill,0,189544,189781,0,15232,149620,11964428,0.0,64.0,0,0
prefill,0,189782,189861,0,5120,149620,11969548,0.0,64.0,0,0
prefill,0,189862,189936,0,4800,149620,11974348,0.0,64.0,0,0
prefill,0,189937,190007,0,4544,149620,11978892,0.0,64.0,0,0
prefill,0,190008,190084,0,4928,149620,11983820,0.0,64.0,0,0
prefill,0,190085,190152,0,4352,149620,11988172,0.0,64.0,0,0
prefill,0,190153,190221,0,4416,149620,11992588,0.0,64.0,0,0
prefill,0,190222,190291,0,4480,149620,11997068,0.0,64.0,0,0
prefill,0,190292,190360,0,4416,149620,12001484,0.0,64.0,0,0
prefill,0,190361,190444,0,5376,149620,12006860,0.0,64.0,0,0
prefill,0,190445,190526,0,5248,149620,12012108,0.0,64.0,0,0
prefill,0,190527,190594,0,4352,149620,12016460,0.0,64.0,0,0
prefill,0,190595,190686,0,5888,149620,12022348,0.0,64.0,0,0
prefill,0,190687,190803,0,7488,149620,12029836,0.0,64.0,0,0
prefill,0,190804,190917,0,7296,149620,12037132,0.0,64.0,0,0
prefill,0,190918,191066,0,9536,149620,12046668,0.0,64.0,0,0
prefill,0,191067,191145,0,5056,149620,12051724,0.0,64.0,0,0
prefill,0,191146,191297,0,9728,149620,12061452,0.0,64.0,0,0
prefill,0,191298,191411,0,7296,149620,12068748,0.0,64.0,0,0
prefill,0,191412,191486,0,4800,149620,12073548,0.0,64.0,0,0
prefill,0,191487,191556,0,4480,149620,12078028,0.0,64.0,0,0
prefill,0,191557,191629,0,4672,149620,12082700,0.0,64.0,0,0
prefill,0,191630,191699,0,4480,149620,12087180,0.0,64.0,0,0
prefill,0,191700,191781,0,5248,149620,12092428,0.0,64.0,0,0
prefill,0,191782,191887,0,6784,149620,12099212,0.0,64.0,0,0
prefill,0,191888,191965,0,4992,149620,12104204,0.0,64.0,0,0
prefill,0,191966,192066,0,6464,149620,12110668,0.0,64.0,0,0
prefill,0,192067,192265,0,12736,149620,12123404,0.0,64.0,0,0
prefill,0,192266,192339,0,4736,149620,12128140,0.0,64.0,0,0
prefill,0,192340,192418,0,5056,149620,12133196,0.0,64.0,0,0
prefill,0,192419,192495,0,4928,149620,12138124,0.0,64.0,0,0
prefill,0,192496,192563,0,4352,149620,12142476,0.0,64.0,0,0
prefill,0,192564,192666,0,6592,149620,12149068,0.0,64.0,0,0
prefill,0,192667,192749,0,5312,149620,12154380,0.0,64.0,0,0
prefill,0,192750,192824,0,4800,149620,12159180,0.0,64.0,0,0
prefill,0,192825,192891,0,4288,149620,12163468,0.0,64.0,0,0
prefill,0,192892,192970,0,5056,149620,12168524,0.0,64.0,0,0
prefill,0,192971,193044,0,4736,149620,12173260,0.0,64.0,0,0
prefill,0,193045,193112,0,4352,149620,12177612,0.0,64.0,0,0
prefill,0,193113,193187,0,4800,149620,12182412,0.0,64.0,0,0
prefill,0,193188,193295,0,6912,149620,12189324,0.0,64.0,0,0
prefill,0,193296,193368,0,4672,149620,12193996,0.0,64.0,0,0
prefill,0,193369,193437,0,4416,149620,12198412,0.0,64.0,0,0
prefill,0,193438,193508,0,4544,149620,12202956,0.0,64.0,0,0
prefill,0,193509,193584,0,4864,149620,12207820,0.0,64.0,0,0
prefill,0,193585,193661,0,4928,149620,12212748,0.0,64.0,0,0
prefill,0,193662,193732,0,4544,149620,12217292,0.0,64.0,0,0
prefill,0,193733,193817,0,5440,149620,12222732,0.0,64.0,0,0
prefill,0,193818,193896,0,5056,149620,12227788,0.0,64.0,0,0
prefill,0,193897,193991,0,6080,149620,12233868,0.0,64.0,0,0
prefill,0,193992,194065,0,4736,149620,12238604,0.0,64.0,0,0
prefill,0,194066,194152,0,5568,149620,12244172,0.0,64.0,0,0
prefill,0,194153,194226,0,4736,149620,12248908,0.0,64.0,0,0
prefill,0,194227,194301,0,4800,149620,12253708,0.0,64.0,0,0
prefill,0,194302,194372,0,4544,149620,12258252,0.0,64.0,0,0
prefill,0,194373,194460,0,5632,149620,12263884,0.0,64.0,0,0
prefill,0,194461,194527,0,4288,149620,12268172,0.0,64.0,0,0
prefill,0,194528,194603,0,4864,149620,12273036,0.0,64.0,0,0
prefill,0,194604,194673,0,4480,149620,12277516,0.0,64.0,0,0
prefill,0,194674,194748,0,4800,149620,12282316,0.0,64.0,0,0
prefill,0,194749,194820,0,4608,149620,12286924,0.0,64.0,0,0
prefill,0,194821,194861,0,2624,149620,12289548,0.0,64.0,0,0
prefill,0,194862,194937,0,4864,149620,12294412,0.0,64.0,0,0
prefill,0,194938,195006,0,4416,149620,12298828,0.0,64.0,0,0
prefill,0,195007,195081,0,4800,149620,12303628,0.0,64.0,0,0
prefill,0,195082,195155,0,4736,149620,12308364,0.0,64.0,0,0
prefill,0,195156,195227,0,4608,149620,12312972,0.0,64.0,0,0
prefill,0,195228,195300,0,4672,149620,12317644,0.0,64.0,0,0
prefill,0,195301,195372,0,4608,149620,12322252,0.0,64.0,0,0
prefill,0,195373,195449,0,4928,149620,12327180,0.0,64.0,0,0
prefill,0,195450,195523,0,4736,149620,12331916,0.0,64.0,0,0
prefill,0,195524,195601,0,4992,149620,12336908,0.0,64.0,0,0
prefill,0,195602,195670,0,4416,149620,12341324,0.0,64.0,0,0
prefill,0,195671,195738,0,4352,149620,12345676,0.0,64.0,0,0
prefill,0,195739,195813,0,4800,149620,12350476,0.0,64.0,0,0
prefill,0,195814,195888,0,4800,149620,12355276,0.0,64.0,0,0
prefill,0,195889,195968,0,5120,149620,12360396,0.0,64.0,0,0
prefill,0,195969,196042,0,4736,149620,12365132,0.0,64.0,0,0
prefill,0,196043,196112,0,4480,149620,12369612,0.0,64.0,0,0
prefill,0,196113,196206,0,6016,149620,12375628,0.0,64.0,0,0
prefill,0,196207,196290,0,5376,149620,12381004,0.0,64.0,0,0
prefill,0,196291,196365,0,4800,149620,12385804,0.0,64.0,0,0
prefill,0,196366,196442,0,4928,149620,12390732,0.0,64.0,0,0
prefill,0,196443,196517,0,4800,149620,12395532,0.0,64.0,0,0
prefill,0,196518,196591,0,4736,149620,12400268,0.0,64.0,0,0
prefill,0,196592,196683,0,5888,149620,12406156,0.0,64.0,0,0
prefill,0,196684,196758,0,4800,149620,12410956,0.0,64.0,0,0
prefill,0,196759,196828,0,4480,149620,12415436,0.0,64.0,0,0
prefill,0,196829,196889,0,3904,149620,12419340,0.0,64.0,0,0
prefill,0,196890,196965,0,4864,149620,12424204,0.0,64.0,0,0
prefill,0,196966,197031,0,4224,149620,12428428,0.0,64.0,0,0
prefill,0,197032,197106,0,4800,149620,12433228,0.0,64.0,0,0
prefill,0,197107,197174,0,4352,149620,12437580,0.0,64.0,0,0
prefill,0,197175,197246,0,4608,149620,12442188,0.0,64.0,0,0
prefill,0,197247,197327,0,5184,149620,12447372,0.0,64.0,0,0
prefill,0,197328,197396,0,4416,149620,12451788,0.0,64.0,0,0
prefill,0,197397,197544,0,9472,149620,12461260,0.0,64.0,0,0
prefill,0,197545,197610,0,4224,149620,12465484,0.0,64.0,0,0
prefill,0,197611,197636,0,1664,149620,12467148,0.0,64.0,0,0
prefill,0,197637,197711,0,4800,149620,12471948,0.0,64.0,0,0
prefill,0,197712,198011,0,19200,149620,12491148,0.0,64.0,0,0
prefill,0,198012,198083,0,4608,149620,12495756,0.0,64.0,0,0
prefill,0,198084,198153,0,4480,149620,12500236,0.0,64.0,0,0
prefill,0,198154,198220,0,4288,149620,12504524,0.0,64.0,0,0
prefill,0,198221,198291,0,4544,149620,12509068,0.0,64.0,0,0
prefill,0,198292,198364,0,4672,149620,12513740,0.0,64.0,0,0
prefill,0,198365,198436,0,4608,149620,12518348,0.0,64.0,0,0
prefill,0,198437,198517,0,5184,149620,12523532,0.0,64.0,0,0
prefill,0,198518,198592,0,4800,149620,12528332,0.0,64.0,0,0
prefill,0,198593,198668,0,4864,149620,12533196,0.0,64.0,0,0
prefill,0,198669,198738,0,4480,149620,12537676,0.0,64.0,0,0
prefill,0,198739,198805,0,4288,149620,12541964,0.0,64.0,0,0
prefill,0,198806,198818,0,832,149620,12542796,0.0,64.0,0,0
prefill,0,198819,198899,0,5184,149620,12547980,0.0,64.0,0,0
prefill,0,198900,198976,0,4928,149620,12552908,0.0,64.0,0,0
prefill,0,198977,199046,0,4480,149620,12557388,0.0,64.0,0,0
prefill,0,199047,199120,0,4736,149620,12562124,0.0,64.0,0,0
prefill,0,199121,199191,0,4544,149620,12566668,0.0,64.0,0,0
prefill,0,199192,199267,0,4864,149620,12571532,0.0,64.0,0,0
prefill,0,199268,199335,0,4352,149620,12575884,0.0,64.0,0,0
prefill,0,199336,199406,0,4544,149620,12580428,0.0,64.0,0,0
prefill,0,199407,199484,0,4992,149620,12585420,0.0,64.0,0,0
prefill,0,199485,199564,0,5120,149620,12590540,0.0,64.0,0,0
prefill,0,199565,199630,0,4224,149620,12594764,0.0,64.0,0,0
prefill,0,199631,199701,0,4544,149620,12599308,0.0,64.0,0,0
prefill,0,199702,199774,0,4672,149620,12603980,0.0,64.0,0,0
prefill,0,199775,199852,0,4992,149620,12608972,0.0,64.0,0,0
prefill,0,199853,199934,0,5248,149620,12614220,0.0,64.0,0,0
prefill,0,199935,200000,0,4224,149620,12618444,0.0,64.0,0,0
prefill,1,1,300,0,0,0,0,0.0,0.0,0,0
prefill,1,301,556,2633,1015,2633,1015,46.19298245614035,17.80701754385965,40,52
prefill,1,557,678,5330,2478,7963,3493,43.68852459016394,20.311475409836067,34,51
prefill,1,679,978,11782,7418,19745,10911,39.27333333333333,24.726666666666667,22,53
prefill,1,979,1237,8960,7616,28705,18527,34.5945945945946,29.405405405405407,24,45
prefill,1,1238,1537,9324,9876,38029,28403,31.08,32.92,21,41
prefill,1,1538,1602,1851,2309,39880,30712,28.476923076923075,35.52307692307692,21,37
prefill,1,1603,1686,2330,3046,42210,33758,27.738095238095237,36.26190476190476,18,38
prefill,1,1687,1986,8061,11139,50271,44897,26.87,37.13,14,36
prefill,1,1987,2286,7359,11841,57630,56738,24.53,39.47,15,36
prefill,1,2287,2312,617,1047,58247,57785,23.73076923076923,40.26923076923077,14,31
prefill,1,2313,2365,1220,2172,59467,59957,23.0188679245283,40.9811320754717,12,33
prefill,1,2366,2665,6755,12445,66222,72402,22.516666666666666,41.483333333333334,13,36
prefill,1,2666,2712,998,2010,67220,74412,21.23404255319149,42.765957446808514,14,31
prefill,1,2713,3012,6113,13087,73333,87499,20.376666666666665,43.623333333333335,11,31
prefill,1,3013,3312,5652,13548,78985,101047,18.84,45.16,10,32
prefill,1,3313,3612,5283,13917,84268,114964,17.61,46.39,7,30
prefill,1,3613,3793,3096,8488,87364,123452,17.104972375690608,46.89502762430939,8,26
prefill,1,3794,4020,3648,10880,91012,134332,16.070484581497798,47.929515418502206,8,26
prefill,1,4021,4320,4703,14497,95715,148829,15.676666666666666,48.32333333333333,6,25
prefill,1,4321,4362,585,2103,96300,150932,13.928571428571429,50.07142857142857,9,21
prefill,1,4363,4531,2493,8323,98793,159255,14.751479289940828,49.248520710059175,6,25
prefill,1,4532,4831,4142,15058,102935,174313,13.806666666666667,50.193333333333335,4,23
prefill,1,4832,5131,4049,15151,106984,189464,13.496666666666666,50.50333333333333,5,24
prefill,1,5132,5431,3876,15324,110860,204788,12.92,51.08,3,21
prefill,1,5432,5731,3707,15493,114567,220281,12.356666666666667,51.64333333333333,5,23
prefill,1,5732,6031,3677,15523,118244,235804,12.256666666666666,51.74333333333333,5,22
prefill,1,6032,6331,3436,15764,121680,251568,11.453333333333333,52.54666666666667,3,20
prefill,1,6332,6564,2501,12411,124181,263979,10.733905579399142,53.26609442060086,4,17
prefill,1,6565,6864,3173,16027,127354,280006,10.576666666666666,53.42333333333333,3,20
prefill,1,6865,7164,3021,16179,130375,296185,10.07,53.93,3,19
prefill,1,7165,7198,336,1840,130711,298025,9.882352941176471,54.11764705882353,5,16
prefill,1,7199,7498,2947,16253,133658,314278,9.823333333333334,54.17666666666667,3,21
prefill,1,7499,7798,2791,16409,136449,330687,9.303333333333333,54.696666666666665,2,19
prefill,1,7799,8098,2699,16501,139148,347188,8.996666666666666,55.00333333333333,2,17
prefill,1,8099,8285,1692,10276,140840,357464,9.04812834224599,54.95187165775401,3,16
prefill,1,8286,8585,2556,16644,143396,374108,8.52,55.48,3,19
prefill,1,8586,8721,1183,7521,144579,381629,8.698529411764707,55.3014705882353,1,19
prefill,1,8722,9021,2181,17019,146760,398648,7.27,56.73,1,16
prefill,1,9022,9116,571,5509,147331,404157,6.010526315789473,57.98947368421052,1,11
prefill,1,9117,9404,1439,16993,148770,421150,4.996527777777778,59.00347222222222,0,10
prefill,1,9405,9704,851,18349,149621,439499,2.8366666666666664,61.163333333333334,0,9
prefill,1,9705,10004,264,18936,149885,458435,0.88,63.12,0,5
prefill,1,10005,10304,0,19200,149885,477635,0.0,64.0,0,0
prefill,1,10305,10341,0,2368,149885,480003,0.0,64.0,0,0
prefill,1,10342,10641,0,19200,149885,499203,0.0,64.0,0,0
prefill,1,10642,10941,0,19200,149885,518403,0.0,64.0,0,0
prefill,1,10942,11241,0,19200,149885,537603,0.0,64.0,0,0
prefill,1,11242,11393,0,9728,149885,547331,0.0,64.0,0,0
prefill,1,11394,11538,0,9280,149885,556611,0.0,64.0,0,0
prefill,1,11539,11590,0,3328,149885,559939,0.0,64.0,0,0
prefill,1,11591,11890,0,19200,149885,579139,0.0,64.0,0,0
prefill,1,11891,12181,0,18624,149885,597763,0.0,64.0,0,0
prefill,1,12182,12473,0,18688,149885,616451,0.0,64.0,0,0
prefill,1,12474,12773,0,19200,149885,635651,0.0,64.0,0,0
prefill,1,12774,13073,0,19200,149885,654851,0.0,64.0,0,0
prefill,1,13074,13373,0,19200,149885,674051,0.0,64.0,0,0
prefill,1,13374,13443,0,4480,149885,678531,0.0,64.0,0,0
prefill,1,13444,13494,0,3264,149885,681795,0.0,64.0,0,0
prefill,1,13495,13794,0,19200,149885,700995,0.0,64.0,0,0
prefill,1,13795,14094,0,19200,149885,720195,0.0,64.0,0,0
prefill,1,14095,14252,0,10112,149885,730307,0.0,64.0,0,0
prefill,1,14253,14552,0,19200,149885,749507,0.0,64.0,0,0
prefill,1,14553,14852,0,19200,149885,768707,0.0,64.0,0,0
prefill,1,14853,15152,0,19200,149885,787907,0.0,64.0,0,0
prefill,1,15153,15452,0,19200,149885,807107,0.0,64.0,0,0
prefill,1,15453,15686,0,14976,149885,822083,0.0,64.0,0,0
prefill,1,15687,15986,0,19200,149885,841283,0.0,64.0,0,0
prefill,1,15987,16286,0,19200,149885,860483,0.0,64.0,0,0
prefill,1,16287,16586,0,19200,149885,879683,0.0,64.0,0,0
prefill,1,16587,16886,0,19200,149885,898883,0.0,64.0,0,0
prefill,1,16887,16942,0,3584,149885,902467,0.0,64.0,0,0
prefill,1,16943,17242,0,19200,149885,921667,0.0,64.0,0,0
prefill,1,17243,17351,0,6976,149885,928643,0.0,64.0,0,0
prefill,1,17352,17651,0,19200,149885,947843,0.0,64.0,0,0
prefill,1,17652,17951,0,19200,149885,967043,0.0,64.0,0,0
prefill,1,17952,18251,0,19200,149885,986243,0.0,64.0,0,0
prefill,1,18252,18458,0,13248,149885,999491,0.0,64.0,0,0
prefill,1,18459,18471,0,832,149885,1000323,0.0,64.0,0,0
prefill,1,18472,18771,0,19200,149885,1019523,0.0,64.0,0,0
prefill,1,18772,18997,0,14464,149885,1033987,0.0,64.0,0,0
prefill,1,18998,19297,0,19200,149885,1053187,0.0,64.0,0,0
prefill,1,19298,19597,0,19200,149885,1072387,0.0,64.0,0,0
prefill,1,19598,19897,0,19200,149885,1091587,0.0,64.0,0,0
prefill,1,19898,20175,0,17792,149885,1109379,0.0,64.0,0,0
prefill,1,20176,20475,0,19200,149885,1128579,0.0,64.0,0,0
prefill,1,20476,20775,0,19200,149885,1147779,0.0,64.0,0,0
prefill,1,20776,21075,0,19200,149885,1166979,0.0,64.0,0,0
prefill,1,21076,21375,0,19200,149885,1186179,0.0,64.0,0,0
prefill,1,21376,21459,0,5376,149885,1191555,0.0,64.0,0,0
prefill,1,21460,21680,0,14144,149885,1205699,0.0,64.0,0,0
prefill,1,21681,21980,0,19200,149885,1224899,0.0,64.0,0,0
prefill,1,21981,22194,0,13696,149885,1238595,0.0,64.0,0,0
prefill,1,22195,22478,0,18176,149885,1256771,0.0,64.0,0,0
prefill,1,22479,22626,0,9472,149885,1266243,0.0,64.0,0,0
prefill,1,22627,22926,0,19200,149885,1285443,0.0,64.0,0,0
prefill,1,22927,23226,0,19200,149885,1304643,0.0,64.0,0,0
prefill,1,23227,23526,0,19200,149885,1323843,0.0,64.0,0,0
prefill,1,23527,23826,0,19200,149885,1343043,0.0,64.0,0,0
prefill,1,23827,24126,0,19200,149885,1362243,0.0,64.0,0,0
prefill,1,24127,24426,0,19200,149885,1381443,0.0,64.0,0,0
prefill,1,24427,24726,0,19200,149885,1400643,0.0,64.0,0,0
prefill,1,24727,24732,0,384,149885,1401027,0.0,64.0,0,0
prefill,1,24733,25032,0,19200,149885,1420227,0.0,64.0,0,0
prefill,1,25033,25332,0,19200,149885,1439427,0.0,64.0,0,0
prefill,1,25333,25632,0,19200,149885,1458627,0.0,64.0,0,0
prefill,1,25633,25932,0,19200,149885,1477827,0.0,64.0,0,0
prefill,1,25933,26232,0,19200,149885,1497027,0.0,64.0,0,0
prefill,1,26233,26532,0,19200,149885,1516227,0.0,64.0,0,0
prefill,1,26533,26606,0,4736,149885,1520963,0.0,64.0,0,0
prefill,1,26607,26906,0,19200,149885,1540163,0.0,64.0,0,0
prefill,1,26907,27028,0,7808,149885,1547971,0.0,64.0,0,0
prefill,1,27029,27328,0,19200,149885,1567171,0.0,64.0,0,0
prefill,1,27329,27628,0,19200,149885,1586371,0.0,64.0,0,0
prefill,1,27629,27757,0,8256,149885,1594627,0.0,64.0,0,0
prefill,1,27758,28057,0,19200,149885,1613827,0.0,64.0,0,0
prefill,1,28058,28240,0,11712,149885,1625539,0.0,64.0,0,0
prefill,1,28241,28540,0,19200,149885,1644739,0.0,64.0,0,0
prefill,1,28541,28840,0,19200,149885,1663939,0.0,64.0,0,0
prefill,1,28841,29140,0,19200,149885,1683139,0.0,64.0,0,0
prefill,1,29141,29440,0,19200,149885,1702339,0.0,64.0,0,0
prefill,1,29441,29637,0,12608,149885,1714947,0.0,64.0,0,0
prefill,1,29638,29937,0,19200,149885,1734147,0.0,64.0,0,0
prefill,1,29938,30237,0,19200,149885,1753347,0.0,64.0,0,0
prefill,1,30238,30537,0,19200,149885,1772547,0.0,64.0,0,0
prefill,1,30538,30837,0,19200,149885,1791747,0.0,64.0,0,0
prefill,1,30838,30982,0,9280,149885,1801027,0.0,64.0,0,0
prefill,1,30983,31100,0,7552,149885,1808579,0.0,64.0,0,0
prefill,1,31101,31400,0,19200,149885,1827779,0.0,64.0,0,0
prefill,1,31401,31700,0,19200,149885,1846979,0.0,64.0,0,0
prefill,1,31701,32000,0,19200,149885,1866179,0.0,64.0,0,0
prefill,1,32001,32216,0,13824,149885,1880003,0.0,64.0,0,0
prefill,1,32217,32516,0,19200,149885,1899203,0.0,64.0,0,0
prefill,1,32517,32732,0,13824,149885,1913027,0.0,64.0,0,0
prefill,1,32733,33032,0,19200,149885,1932227,0.0,64.0,0,0
prefill,1,33033,33332,0,19200,149885,1951427,0.0,64.0,0,0
prefill,1,33333,33427,0,6080,149885,1957507,0.0,64.0,0,0
prefill,1,33428,33501,0,4736,149885,1962243,0.0,64.0,0,0
prefill,1,33502,33801,0,19200,149885,1981443,0.0,64.0,0,0
prefill,1,33802,33985,0,11776,149885,1993219,0.0,64.0,0,0
prefill,1,33986,34285,0,19200,149885,2012419,0.0,64.0,0,0
prefill,1,34286,34466,0,11584,149885,2024003,0.0,64.0,0,0
prefill,1,34467,34766,0,19200,149885,2043203,0.0,64.0,0,0
prefill,1,34767,35066,0,19200,149885,2062403,0.0,64.0,0,0
prefill,1,35067,35217,0,9664,149885,2072067,0.0,64.0,0,0
prefill,1,35218,35517,0,19200,149885,2091267,0.0,64.0,0,0
prefill,1,35518,35817,0,19200,149885,2110467,0.0,64.0,0,0
prefill,1,35818,35866,0,3136,149885,2113603,0.0,64.0,0,0
prefill,1,35867,36166,0,19200,149885,2132803,0.0,64.0,0,0
prefill,1,36167,36384,0,13952,149885,2146755,0.0,64.0,0,0
prefill,1,36385,36684,0,19200,149885,2165955,0.0,64.0,0,0
prefill,1,36685,36984,0,19200,149885,2185155,0.0,64.0,0,0
prefill,1,36985,37284,0,19200,149885,2204355,0.0,64.0,0,0
prefill,1,37285,37384,0,6400,149885,2210755,0.0,64.0,0,0
prefill,1,37385,37540,0,9984,149885,2220739,0.0,64.0,0,0
prefill,1,37541,37840,0,19200,149885,2239939,0.0,64.0,0,0
prefill,1,37841,38140,0,19200,149885,2259139,0.0,64.0,0,0
prefill,1,38141,38177,0,2368,149885,2261507,0.0,64.0,0,0
prefill,1,38178,38278,0,6464,149885,2267971,0.0,64.0,0,0
prefill,1,38279,38521,0,15552,149885,2283523,0.0,64.0,0,0
prefill,1,38522,38821,0,19200,149885,2302723,0.0,64.0,0,0
prefill,1,38822,38929,0,6912,149885,2309635,0.0,64.0,0,0
prefill,1,38930,39147,0,13952,149885,2323587,0.0,64.0,0,0
prefill,1,39148,39447,0,19200,149885,2342787,0.0,64.0,0,0
prefill,1,39448,39747,0,19200,149885,2361987,0.0,64.0,0,0
prefill,1,39748,39799,0,3328,149885,2365315,0.0,64.0,0,0
prefill,1,39800,39964,0,10560,149885,2375875,0.0,64.0,0,0
prefill,1,39965,40264,0,19200,149885,2395075,0.0,64.0,0,0
prefill,1,40265,40564,0,19200,149885,2414275,0.0,64.0,0,0
prefill,1,40565,40831,0,17088,149885,2431363,0.0,64.0,0,0
prefill,1,40832,41131,0,19200,149885,2450563,0.0,64.0,0,0
prefill,1,41132,41431,0,19200,149885,2469763,0.0,64.0,0,0
prefill,1,41432,41610,0,11456,149885,2481219,0.0,64.0,0,0
prefill,1,41611,41910,0,19200,149885,2500419,0.0,64.0,0,0
prefill,1,41911,42210,0,19200,149885,2519619,0.0,64.0,0,0
prefill,1,42211,42310,0,6400,149885,2526019,0.0,64.0,0,0
prefill,1,42311,42334,0,1536,149885,2527555,0.0,64.0,0,0
prefill,1,42335,42441,0,6848,149885,2534403,0.0,64.0,0,0
prefill,1,42442,42503,0,3968,149885,2538371,0.0,64.0,0,0
prefill,1,42504,42588,0,5440,149885,2543811,0.0,64.0,0,0
prefill,1,42589,42888,0,19200,149885,2563011,0.0,64.0,0,0
prefill,1,42889,43184,0,18944,149885,2581955,0.0,64.0,0,0
prefill,1,43185,43382,0,12672,149885,2594627,0.0,64.0,0,0
prefill,1,43383,43682,0,19200,149885,2613827,0.0,64.0,0,0
prefill,1,43683,43706,0,1536,149885,2615363,0.0,64.0,0,0
prefill,1,43707,43718,0,768,149885,2616131,0.0,64.0,0,0
prefill,1,43719,43743,0,1600,149885,2617731,0.0,64.0,0,0
prefill,1,43744,44011,0,17152,149885,2634883,0.0,64.0,0,0
prefill,1,44012,44311,0,19200,149885,2654083,0.0,64.0,0,0
prefill,1,44312,44611,0,19200,149885,2673283,0.0,64.0,0,0
prefill,1,44612,44878,0,17088,149885,2690371,0.0,64.0,0,0
prefill,1,44879,44936,0,3712,149885,2694083,0.0,64.0,0,0
prefill,1,44937,45236,0,19200,149885,2713283,0.0,64.0,0,0
prefill,1,45237,45524,0,18432,149885,2731715,0.0,64.0,0,0
prefill,1,45525,45783,0,16576,149885,2748291,0.0,64.0,0,0
prefill,1,45784,45876,0,5952,149885,2754243,0.0,64.0,0,0
prefill,1,45877,45975,0,6336,149885,2760579,0.0,64.0,0,0
prefill,1,45976,46275,0,19200,149885,2779779,0.0,64.0,0,0
prefill,1,46276,46296,0,1344,149885,2781123,0.0,64.0,0,0
prefill,1,46297,46596,0,19200,149885,2800323,0.0,64.0,0,0
prefill,1,46597,46896,0,19200,149885,2819523,0.0,64.0,0,0
prefill,1,46897,47153,0,16448,149885,2835971,0.0,64.0,0,0
prefill,1,47154,47175,0,1408,149885,2837379,0.0,64.0,0,0
prefill,1,47176,47475,0,19200,149885,2856579,0.0,64.0,0,0
prefill,1,47476,47775,0,19200,149885,2875779,0.0,64.0,0,0
prefill,1,47776,48075,0,19200,149885,2894979,0.0,64.0,0,0
prefill,1,48076,48375,0,19200,149885,2914179,0.0,64.0,0,0
prefill,1,48376,48551,0,11264,149885,2925443,0.0,64.0,0,0
prefill,1,48552,48851,0,19200,149885,2944643,0.0,64.0,0,0
prefill,1,48852,48971,0,7680,149885,2952323,0.0,64.0,0,0
prefill,1,48972,49103,0,8448,149885,2960771,0.0,64.0,0,0
prefill,1,49104,49185,0,5248,149885,2966019,0.0,64.0,0,0
prefill,1,49186,49194,0,576,149885,2966595,0.0,64.0,0,0
prefill,1,49195,49494,0,19200,149885,2985795,0.0,64.0,0,0
prefill,1,49495,49514,0,1280,149885,2987075,0.0,64.0,0,0
prefill,1,49515,49752,0,15232,149885,3002307,0.0,64.0,0,0
prefill,1,49753,50028,0,17664,149885,3019971,0.0,64.0,0,0
prefill,1,50029,50224,0,12544,149885,3032515,0.0,64.0,0,0
prefill,1,50225,50524,0,19200,149885,3051715,0.0,64.0,0,0
prefill,1,50525,50703,0,11456,149885,3063171,0.0,64.0,0,0
prefill,1,50704,51003,0,19200,149885,3082371,0.0,64.0,0,0
prefill,1,51004,51303,0,19200,149885,3101571,0.0,64.0,0,0
prefill,1,51304,51323,0,1280,149885,3102851,0.0,64.0,0,0
prefill,1,51324,51340,0,1088,149885,3103939,0.0,64.0,0,0
prefill,1,51341,51640,0,19200,149885,3123139,0.0,64.0,0,0
prefill,1,51641,51654,0,896,149885,3124035,0.0,64.0,0,0
prefill,1,51655,51710,0,3584,149885,3127619,0.0,64.0,0,0
prefill,1,51711,51732,0,1408,149885,3129027,0.0,64.0,0,0
prefill,1,51733,51803,0,4544,149885,3133571,0.0,64.0,0,0
prefill,1,51804,51859,0,3584,149885,3137155,0.0,64.0,0,0
prefill,1,51860,51925,0,4224,149885,3141379,0.0,64.0,0,0
prefill,1,51926,51954,0,1856,149885,3143235,0.0,64.0,0,0
prefill,1,51955,52061,0,6848,149885,3150083,0.0,64.0,0,0
prefill,1,52062,52319,0,16512,149885,3166595,0.0,64.0,0,0
prefill,1,52320,52603,0,18176,149885,3184771,0.0,64.0,0,0
prefill,1,52604,52664,0,3904,149885,3188675,0.0,64.0,0,0
prefill,1,52665,52698,0,2176,149885,3190851,0.0,64.0,0,0
prefill,1,52699,52818,0,7680,149885,3198531,0.0,64.0,0,0
prefill,1,52819,53118,0,19200,149885,3217731,0.0,64.0,0,0
prefill,1,53119,53196,0,4992,149885,3222723,0.0,64.0,0,0
prefill,1,53197,53208,0,768,149885,3223491,0.0,64.0,0,0
prefill,1,53209,53297,0,5696,149885,3229187,0.0,64.0,0,0
prefill,1,53298,53597,0,19200,149885,3248387,0.0,64.0,0,0
prefill,1,53598,53646,0,3136,149885,3251523,0.0,64.0,0,0
prefill,1,53647,53668,0,1408,149885,3252931,0.0,64.0,0,0
prefill,1,53669,53782,0,7296,149885,3260227,0.0,64.0,0,0
prefill,1,53783,53822,0,2560,149885,3262787,0.0,64.0,0,0
prefill,1,53823,53911,0,5696,149885,3268483,0.0,64.0,0,0
prefill,1,53912,54211,0,19200,149885,3287683,0.0,64.0,0,0
prefill,1,54212,54511,0,19200,149885,3306883,0.0,64.0,0,0
prefill,1,54512,54723,0,13568,149885,3320451,0.0,64.0,0,0
prefill,1,54724,54743,0,1280,149885,3321731,0.0,64.0,0,0
prefill,1,54744,55014,0,17344,149885,3339075,0.0,64.0,0,0
prefill,1,55015,55025,0,704,149885,3339779,0.0,64.0,0,0
prefill,1,55026,55069,0,2816,149885,3342595,0.0,64.0,0,0
prefill,1,55070,55349,0,17920,149885,3360515,0.0,64.0,0,0
prefill,1,55350,55577,0,14592,149885,3375107,0.0,64.0,0,0
prefill,1,55578,55722,0,9280,149885,3384387,0.0,64.0,0,0
prefill,1,55723,56022,0,19200,149885,3403587,0.0,64.0,0,0
prefill,1,56023,56145,0,7872,149885,3411459,0.0,64.0,0,0
prefill,1,56146,56151,0,384,149885,3411843,0.0,64.0,0,0
prefill,1,56152,56176,0,1600,149885,3413443,0.0,64.0,0,0
prefill,1,56177,56347,0,10944,149885,3424387,0.0,64.0,0,0
prefill,1,56348,56400,0,3392,149885,3427779,0.0,64.0,0,0
prefill,1,56401,56535,0,8640,149885,3436419,0.0,64.0,0,0
prefill,1,56536,56835,0,19200,149885,3455619,0.0,64.0,0,0
prefill,1,56836,56959,0,7936,149885,3463555,0.0,64.0,0,0
prefill,1,56960,57110,0,9664,149885,3473219,0.0,64.0,0,0
prefill,1,57111,57369,0,16576,149885,3489795,0.0,64.0,0,0
prefill,1,57370,57476,0,6848,149885,3496643,0.0,64.0,0,0
prefill,1,57477,57776,0,19200,149885,3515843,0.0,64.0,0,0
prefill,1,57777,57787,0,704,149885,3516547,0.0,64.0,0,0
prefill,1,57788,57793,0,384,149885,3516931,0.0,64.0,0,0
prefill,1,57794,57843,0,3200,149885,3520131,0.0,64.0,0,0
prefill,1,57844,58057,0,13696,149885,3533827,0.0,64.0,0,0
prefill,1,58058,58198,0,9024,149885,3542851,0.0,64.0,0,0
prefill,1,58199,58216,0,1152,149885,3544003,0.0,64.0,0,0
prefill,1,58217,58516,0,19200,149885,3563203,0.0,64.0,0,0
prefill,1,58517,58596,0,5120,149885,3568323,0.0,64.0,0,0
prefill,1,58597,58614,0,1152,149885,3569475,0.0,64.0,0,0
prefill,1,58615,58630,0,1024,149885,3570499,0.0,64.0,0,0
prefill,1,58631,58650,0,1280,149885,3571779,0.0,64.0,0,0
prefill,1,58651,58680,0,1920,149885,3573699,0.0,64.0,0,0
prefill,1,58681,58920,0,15360,149885,3589059,0.0,64.0,0,0
prefill,1,58921,58984,0,4096,149885,3593155,0.0,64.0,0,0
prefill,1,58985,59086,0,6528,149885,3599683,0.0,64.0,0,0
prefill,1,59087,59386,0,19200,149885,3618883,0.0,64.0,0,0
prefill,1,59387,59445,0,3776,149885,3622659,0.0,64.0,0,0
prefill,1,59446,59647,0,12928,149885,3635587,0.0,64.0,0,0
prefill,1,59648,59796,0,9536,149885,3645123,0.0,64.0,0,0
prefill,1,59797,60096,0,19200,149885,3664323,0.0,64.0,0,0
prefill,1,60097,60396,0,19200,149885,3683523,0.0,64.0,0,0
prefill,1,60397,60681,0,18240,149885,3701763,0.0,64.0,0,0
prefill,1,60682,60981,0,19200,149885,3720963,0.0,64.0,0,0
prefill,1,60982,61281,0,19200,149885,3740163,0.0,64.0,0,0
prefill,1,61282,61580,0,19136,149885,3759299,0.0,64.0,0,0
prefill,1,61581,61630,0,3200,149885,3762499,0.0,64.0,0,0
prefill,1,61631,61930,0,19200,149885,3781699,0.0,64.0,0,0
prefill,1,61931,62230,0,19200,149885,3800899,0.0,64.0,0,0
prefill,1,62231,62530,0,19200,149885,3820099,0.0,64.0,0,0
prefill,1,62531,62616,0,5504,149885,3825603,0.0,64.0,0,0
prefill,1,62617,62649,0,2112,149885,3827715,0.0,64.0,0,0
prefill,1,62650,62785,0,8704,149885,3836419,0.0,64.0,0,0
prefill,1,62786,62824,0,2496,149885,3838915,0.0,64.0,0,0
prefill,1,62825,62843,0,1216,149885,3840131,0.0,64.0,0,0
prefill,1,62844,62927,0,5376,149885,3845507,0.0,64.0,0,0
prefill,1,62928,63043,0,7424,149885,3852931,0.0,64.0,0,0
prefill,1,63044,63340,0,19008,149885,3871939,0.0,64.0,0,0
prefill,1,63341,63516,0,11264,149885,3883203,0.0,64.0,0,0
prefill,1,63517,63764,0,15872,149885,3899075,0.0,64.0,0,0
prefill,1,63765,63913,0,9536,149885,3908611,0.0,64.0,0,0
prefill,1,63914,64213,0,19200,149885,3927811,0.0,64.0,0,0
prefill,1,64214,64287,0,4736,149885,3932547,0.0,64.0,0,0
prefill,1,64288,64587,0,19200,149885,3951747,0.0,64.0,0,0
prefill,1,64588,64887,0,19200,149885,3970947,0.0,64.0,0,0
prefill,1,64888,65149,0,16768,149885,3987715,0.0,64.0,0,0
prefill,1,65150,65449,0,19200,149885,4006915,0.0,64.0,0,0
prefill,1,65450,65749,0,19200,149885,4026115,0.0,64.0,0,0
prefill,1,65750,65892,0,9152,149885,4035267,0.0,64.0,0,0
prefill,1,65893,66108,0,13824,149885,4049091,0.0,64.0,0,0
prefill,1,66109,66408,0,19200,149885,4068291,0.0,64.0,0,0
prefill,1,66409,66523,0,7360,149885,4075651,0.0,64.0,0,0
prefill,1,66524,66629,0,6784,149885,4082435,0.0,64.0,0,0
prefill,1,66630,66929,0,19200,149885,4101635,0.0,64.0,0,0
prefill,1,66930,67025,0,6144,149885,4107779,0.0,64.0,0,0
prefill,1,67026,67055,0,1920,149885,4109699,0.0,64.0,0,0
prefill,1,67056,67282,0,14528,149885,4124227,0.0,64.0,0,0
prefill,1,67283,67582,0,19200,149885,4143427,0.0,64.0,0,0
prefill,1,67583,67676,0,6016,149885,4149443,0.0,64.0,0,0
prefill,1,67677,67850,0,11136,149885,4160579,0.0,64.0,0,0
prefill,1,67851,68061,0,13504,149885,4174083,0.0,64.0,0,0
prefill,1,68062,68361,0,19200,149885,4193283,0.0,64.0,0,0
prefill,1,68362,68373,0,768,149885,4194051,0.0,64.0,0,0
prefill,1,68374,68673,0,19200,149885,4213251,0.0,64.0,0,0
prefill,1,68674,68880,0,13248,149885,4226499,0.0,64.0,0,0
prefill,1,68881,68960,0,5120,149885,4231619,0.0,64.0,0,0
prefill,1,68961,69115,0,9920,149885,4241539,0.0,64.0,0,0
prefill,1,69116,69402,0,18368,149885,4259907,0.0,64.0,0,0
prefill,1,69403,69556,0,9856,149885,4269763,0.0,64.0,0,0
prefill,1,69557,69659,0,6592,149885,4276355,0.0,64.0,0,0
prefill,1,69660,69744,0,5440,149885,4281795,0.0,64.0,0,0
prefill,1,69745,70044,0,19200,149885,4300995,0.0,64.0,0,0
prefill,1,70045,70344,0,19200,149885,4320195,0.0,64.0,0,0
prefill,1,70345,70352,0,512,149885,4320707,0.0,64.0,0,0
prefill,1,70353,70480,0,8192,149885,4328899,0.0,64.0,0,0
prefill,1,70481,70551,0,4544,149885,4333443,0.0,64.0,0,0
prefill,1,70552,70574,0,1472,149885,4334915,0.0,64.0,0,0
prefill,1,70575,70774,0,12800,149885,4347715,0.0,64.0,0,0
prefill,1,70775,70896,0,7808,149885,4355523,0.0,64.0,0,0
prefill,1,70897,70947,0,3264,149885,4358787,0.0,64.0,0,0
prefill,1,70948,71021,0,4736,149885,4363523,0.0,64.0,0,0
prefill,1,71022,71321,0,19200,149885,4382723,0.0,64.0,0,0
prefill,1,71322,71383,0,3968,149885,4386691,0.0,64.0,0,0
prefill,1,71384,71418,0,2240,149885,4388931,0.0,64.0,0,0
prefill,1,71419,71427,0,576,149885,4389507,0.0,64.0,0,0
prefill,1,71428,71727,0,19200,149885,4408707,0.0,64.0,0,0
prefill,1,71728,71805,0,4992,149885,4413699,0.0,64.0,0,0
prefill,1,71806,71843,0,2432,149885,4416131,0.0,64.0,0,0
prefill,1,71844,71970,0,8128,149885,4424259,0.0,64.0,0,0
prefill,1,71971,72270,0,19200,149885,4443459,0.0,64.0,0,0
prefill,1,72271,72570,0,19200,149885,4462659,0.0,64.0,0,0
prefill,1,72571,72870,0,19200,149885,4481859,0.0,64.0,0,0
prefill,1,72871,72954,0,5376,149885,4487235,0.0,64.0,0,0
prefill,1,72955,73120,0,10624,149885,4497859,0.0,64.0,0,0
prefill,1,73121,73420,0,19200,149885,4517059,0.0,64.0,0,0
prefill,1,73421,73467,0,3008,149885,4520067,0.0,64.0,0,0
prefill,1,73468,73767,0,19200,149885,4539267,0.0,64.0,0,0
prefill,1,73768,73904,0,8768,149885,4548035,0.0,64.0,0,0
prefill,1,73905,74204,0,19200,149885,4567235,0.0,64.0,0,0
prefill,1,74205,74504,0,19200,149885,4586435,0.0,64.0,0,0
prefill,1,74505,74798,0,18816,149885,4605251,0.0,64.0,0,0
prefill,1,74799,74893,0,6080,149885,4611331,0.0,64.0,0,0
prefill,1,74894,75046,0,9792,149885,4621123,0.0,64.0,0,0
prefill,1,75047,75105,0,3776,149885,4624899,0.0,64.0,0,0
prefill,1,75106,75153,0,3072,149885,4627971,0.0,64.0,0,0
prefill,1,75154,75384,0,14784,149885,4642755,0.0,64.0,0,0
prefill,1,75385,75523,0,8896,149885,4651651,0.0,64.0,0,0
prefill,1,75524,75731,0,13312,149885,4664963,0.0,64.0,0,0
prefill,1,75732,76028,0,19008,149885,4683971,0.0,64.0,0,0
prefill,1,76029,76328,0,19200,149885,4703171,0.0,64.0,0,0
prefill,1,76329,76398,0,4480,149885,4707651,0.0,64.0,0,0
prefill,1,76399,76505,0,6848,149885,4714499,0.0,64.0,0,0
prefill,1,76506,76748,0,15552,149885,4730051,0.0,64.0,0,0
prefill,1,76749,76996,0,15872,149885,4745923,0.0,64.0,0,0
prefill,1,76997,77061,0,4160,149885,4750083,0.0,64.0,0,0
prefill,1,77062,77294,0,14912,149885,4764995,0.0,64.0,0,0
prefill,1,77295,77316,0,1408,149885,4766403,0.0,64.0,0,0
prefill,1,77317,77387,0,4544,149885,4770947,0.0,64.0,0,0
prefill,1,77388,77403,0,1024,149885,4771971,0.0,64.0,0,0
prefill,1,77404,77703,0,19200,149885,4791171,0.0,64.0,0,0
prefill,1,77704,77733,0,1920,149885,4793091,0.0,64.0,0,0
prefill,1,77734,77948,0,13760,149885,4806851,0.0,64.0,0,0
prefill,1,77949,78248,0,19200,149885,4826051,0.0,64.0,0,0
prefill,1,78249,78548,0,19200,149885,4845251,0.0,64.0,0,0
prefill,1,78549,78588,0,2560,149885,4847811,0.0,64.0,0,0
prefill,1,78589,78622,0,2176,149885,4849987,0.0,64.0,0,0
prefill,1,78623,78636,0,896,149885,4850883,0.0,64.0,0,0
prefill,1,78637,78660,0,1536,149885,4852419,0.0,64.0,0,0
prefill,1,78661,78771,0,7104,149885,4859523,0.0,64.0,0,0
prefill,1,78772,78782,0,704,149885,4860227,0.0,64.0,0,0
prefill,1,78783,79082,0,19200,149885,4879427,0.0,64.0,0,0
prefill,1,79083,79179,0,6208,149885,4885635,0.0,64.0,0,0
prefill,1,79180,79193,0,896,149885,4886531,0.0,64.0,0,0
prefill,1,79194,79493,0,19200,149885,4905731,0.0,64.0,0,0
prefill,1,79494,79520,0,1728,149885,4907459,0.0,64.0,0,0
prefill,1,79521,79619,0,6336,149885,4913795,0.0,64.0,0,0
prefill,1,79620,79662,0,2752,149885,4916547,0.0,64.0,0,0
prefill,1,79663,79776,0,7296,149885,4923843,0.0,64.0,0,0
prefill,1,79777,79815,0,2496,149885,4926339,0.0,64.0,0,0
prefill,1,79816,80011,0,12544,149885,4938883,0.0,64.0,0,0
prefill,1,80012,80034,0,1472,149885,4940355,0.0,64.0,0,0
prefill,1,80035,80334,0,19200,149885,4959555,0.0,64.0,0,0
prefill,1,80335,80420,0,5504,149885,4965059,0.0,64.0,0,0
prefill,1,80421,80476,0,3584,149885,4968643,0.0,64.0,0,0
prefill,1,80477,80515,0,2496,149885,4971139,0.0,64.0,0,0
prefill,1,80516,80526,0,704,149885,4971843,0.0,64.0,0,0
prefill,1,80527,80826,0,19200,149885,4991043,0.0,64.0,0,0
prefill,1,80827,80880,0,3456,149885,4994499,0.0,64.0,0,0
prefill,1,80881,80904,0,1536,149885,4996035,0.0,64.0,0,0
prefill,1,80905,80941,0,2368,149885,4998403,0.0,64.0,0,0
prefill,1,80942,81192,0,16064,149885,5014467,0.0,64.0,0,0
prefill,1,81193,81250,0,3712,149885,5018179,0.0,64.0,0,0
prefill,1,81251,81419,0,10816,149885,5028995,0.0,64.0,0,0
prefill,1,81420,81453,0,2176,149885,5031171,0.0,64.0,0,0
prefill,1,81454,81461,0,512,149885,5031683,0.0,64.0,0,0
prefill,1,81462,81474,0,832,149885,5032515,0.0,64.0,0,0
prefill,1,81475,81540,0,4224,149885,5036739,0.0,64.0,0,0
prefill,1,81541,81637,0,6208,149885,5042947,0.0,64.0,0,0
prefill,1,81638,81680,0,2752,149885,5045699,0.0,64.0,0,0
prefill,1,81681,81719,0,2496,149885,5048195,0.0,64.0,0,0
prefill,1,81720,81762,0,2752,149885,5050947,0.0,64.0,0,0
prefill,1,81763,82062,0,19200,149885,5070147,0.0,64.0,0,0
prefill,1,82063,82199,0,8768,149885,5078915,0.0,64.0,0,0
prefill,1,82200,82499,0,19200,149885,5098115,0.0,64.0,0,0
prefill,1,82500,82799,0,19200,149885,5117315,0.0,64.0,0,0
prefill,1,82800,82832,0,2112,149885,5119427,0.0,64.0,0,0
prefill,1,82833,82856,0,1536,149885,5120963,0.0,64.0,0,0
prefill,1,82857,82870,0,896,149885,5121859,0.0,64.0,0,0
prefill,1,82871,83170,0,19200,149885,5141059,0.0,64.0,0,0
prefill,1,83171,83344,0,11136,149885,5152195,0.0,64.0,0,0
prefill,1,83345,83372,0,1792,149885,5153987,0.0,64.0,0,0
prefill,1,83373,83398,0,1664,149885,5155651,0.0,64.0,0,0
prefill,1,83399,83698,0,19200,149885,5174851,0.0,64.0,0,0
prefill,1,83699,83854,0,9984,149885,5184835,0.0,64.0,0,0
prefill,1,83855,84001,0,9408,149885,5194243,0.0,64.0,0,0
prefill,1,84002,84066,0,4160,149885,5198403,0.0,64.0,0,0
prefill,1,84067,84194,0,8192,149885,5206595,0.0,64.0,0,0
prefill,1,84195,84236,0,2688,149885,5209283,0.0,64.0,0,0
prefill,1,84237,84304,0,4352,149885,5213635,0.0,64.0,0,0
prefill,1,84305,84431,0,8128,149885,5221763,0.0,64.0,0,0
prefill,1,84432,84648,0,13888,149885,5235651,0.0,64.0,0,0
prefill,1,84649,84948,0,19200,149885,5254851,0.0,64.0,0,0
prefill,1,84949,85098,0,9600,149885,5264451,0.0,64.0,0,0
prefill,1,85099,85398,0,19200,149885,5283651,0.0,64.0,0,0
prefill,1,85399,85437,0,2496,149885,5286147,0.0,64.0,0,0
prefill,1,85438,85639,0,12928,149885,5299075,0.0,64.0,0,0
prefill,1,85640,85768,0,8256,149885,5307331,0.0,64.0,0,0
prefill,1,85769,85930,0,10368,149885,5317699,0.0,64.0,0,0
prefill,1,85931,85956,0,1664,149885,5319363,0.0,64.0,0,0
prefill,1,85957,86227,0,17344,149885,5336707,0.0,64.0,0,0
prefill,1,86228,86482,0,16320,149885,5353027,0.0,64.0,0,0
prefill,1,86483,86583,0,6464,149885,5359491,0.0,64.0,0,0
prefill,1,86584,86668,0,5440,149885,5364931,0.0,64.0,0,0
prefill,1,86669,86776,0,6912,149885,5371843,0.0,64.0,0,0
prefill,1,86777,86849,0,4672,149885,5376515,0.0,64.0,0,0
prefill,1,86850,86933,0,5376,149885,5381891,0.0,64.0,0,0
prefill,1,86934,86986,0,3392,149885,5385283,0.0,64.0,0,0
prefill,1,86987,87019,0,2112,149885,5387395,0.0,64.0,0,0
prefill,1,87020,87155,0,8704,149885,5396099,0.0,64.0,0,0
prefill,1,87156,87413,0,16512,149885,5412611,0.0,64.0,0,0
prefill,1,87414,87438,0,1600,149885,5414211,0.0,64.0,0,0
prefill,1,87439,87595,0,10048,149885,5424259,0.0,64.0,0,0
prefill,1,87596,87730,0,8640,149885,5432899,0.0,64.0,0,0
prefill,1,87731,87851,0,7744,149885,5440643,0.0,64.0,0,0
prefill,1,87852,88006,0,9920,149885,5450563,0.0,64.0,0,0
prefill,1,88007,88102,0,6144,149885,5456707,0.0,64.0,0,0
prefill,1,88103,88204,0,6528,149885,5463235,0.0,64.0,0,0
prefill,1,88205,88336,0,8448,149885,5471683,0.0,64.0,0,0
prefill,1,88337,88356,0,1280,149885,5472963,0.0,64.0,0,0
prefill,1,88357,88443,0,5568,149885,5478531,0.0,64.0,0,0
prefill,1,88444,88743,0,19200,149885,5497731,0.0,64.0,0,0
prefill,1,88744,88829,0,5504,149885,5503235,0.0,64.0,0,0
prefill,1,88830,88945,0,7424,149885,5510659,0.0,64.0,0,0
prefill,1,88946,89027,0,5248,149885,5515907,0.0,64.0,0,0
prefill,1,89028,89041,0,896,149885,5516803,0.0,64.0,0,0
prefill,1,89042,89137,0,6144,149885,5522947,0.0,64.0,0,0
prefill,1,89138,89422,0,18240,149885,5541187,0.0,64.0,0,0
prefill,1,89423,89446,0,1536,149885,5542723,0.0,64.0,0,0
prefill,1,89447,89524,0,4992,149885,5547715,0.0,64.0,0,0
prefill,1,89525,89604,0,5120,149885,5552835,0.0,64.0,0,0
prefill,1,89605,89904,0,19200,149885,5572035,0.0,64.0,0,0
prefill,1,89905,90043,0,8896,149885,5580931,0.0,64.0,0,0
prefill,1,90044,90343,0,19200,149885,5600131,0.0,64.0,0,0
prefill,1,90344,90420,0,4928,149885,5605059,0.0,64.0,0,0
prefill,1,90421,90695,0,17600,149885,5622659,0.0,64.0,0,0
prefill,1,90696,90866,0,10944,149885,5633603,0.0,64.0,0,0
prefill,1,90867,90925,0,3776,149885,5637379,0.0,64.0,0,0
prefill,1,90926,91220,0,18880,149885,5656259,0.0,64.0,0,0
prefill,1,91221,91520,0,19200,149885,5675459,0.0,64.0,0,0
prefill,1,91521,91646,0,8064,149885,5683523,0.0,64.0,0,0
prefill,1,91647,91801,0,9920,149885,5693443,0.0,64.0,0,0
prefill,1,91802,91893,0,5888,149885,5699331,0.0,64.0,0,0
prefill,1,91894,91993,0,6400,149885,5705731,0.0,64.0,0,0
prefill,1,91994,92018,0,1600,149885,5707331,0.0,64.0,0,0
prefill,1,92019,92061,0,2752,149885,5710083,0.0,64.0,0,0
prefill,1,92062,92146,0,5440,149885,5715523,0.0,64.0,0,0
prefill,1,92147,92446,0,19200,149885,5734723,0.0,64.0,0,0
prefill,1,92447,92746,0,19200,149885,5753923,0.0,64.0,0,0
prefill,1,92747,93046,0,19200,149885,5773123,0.0,64.0,0,0
prefill,1,93047,93063,0,1088,149885,5774211,0.0,64.0,0,0
prefill,1,93064,93363,0,19200,149885,5793411,0.0,64.0,0,0
prefill,1,93364,93500,0,8768,149885,5802179,0.0,64.0,0,0
prefill,1,93501,93520,0,1280,149885,5803459,0.0,64.0,0,0
prefill,1,93521,93619,0,6336,149885,5809795,0.0,64.0,0,0
prefill,1,93620,93671,0,3328,149885,5813123,0.0,64.0,0,0
prefill,1,93672,93766,0,6080,149885,5819203,0.0,64.0,0,0
prefill,1,93767,93842,0,4864,149885,5824067,0.0,64.0,0,0
prefill,1,93843,94142,0,19200,149885,5843267,0.0,64.0,0,0
prefill,1,94143,94442,0,19200,149885,5862467,0.0,64.0,0,0
prefill,1,94443,94742,0,19200,149885,5881667,0.0,64.0,0,0
prefill,1,94743,94779,0,2368,149885,5884035,0.0,64.0,0,0
prefill,1,94780,94869,0,5760,149885,5889795,0.0,64.0,0,0
prefill,1,94870,94941,0,4608,149885,5894403,0.0,64.0,0,0
prefill,1,94942,95044,0,6592,149885,5900995,0.0,64.0,0,0
prefill,1,95045,95300,0,16384,149885,5917379,0.0,64.0,0,0
prefill,1,95301,95310,0,640,149885,5918019,0.0,64.0,0,0
prefill,1,95311,95544,0,14976,149885,5932995,0.0,64.0,0,0
prefill,1,95545,95627,0,5312,149885,5938307,0.0,64.0,0,0
prefill,1,95628,95927,0,19200,149885,5957507,0.0,64.0,0,0
prefill,1,95928,95948,0,1344,149885,5958851,0.0,64.0,0,0
prefill,1,95949,96248,0,19200,149885,5978051,0.0,64.0,0,0
prefill,1,96249,96265,0,1088,149885,5979139,0.0,64.0,0,0
prefill,1,96266,96298,0,2112,149885,5981251,0.0,64.0,0,0
prefill,1,96299,96375,0,4928,149885,5986179,0.0,64.0,0,0
prefill,1,96376,96504,0,8256,149885,5994435,0.0,64.0,0,0
prefill,1,96505,96553,0,3136,149885,5997571,0.0,64.0,0,0
prefill,1,96554,96606,0,3392,149885,6000963,0.0,64.0,0,0
prefill,1,96607,96862,0,16384,149885,6017347,0.0,64.0,0,0
prefill,1,96863,97047,0,11840,149885,6029187,0.0,64.0,0,0
prefill,1,97048,97072,0,1600,149885,6030787,0.0,64.0,0,0
prefill,1,97073,97372,0,19200,149885,6049987,0.0,64.0,0,0
prefill,1,97373,97391,0,1216,149885,6051203,0.0,64.0,0,0
prefill,1,97392,97439,0,3072,149885,6054275,0.0,64.0,0,0
prefill,1,97440,97655,0,13824,149885,6068099,0.0,64.0,0,0
prefill,1,97656,97955,0,19200,149885,6087299,0.0,64.0,0,0
prefill,1,97956,98051,0,6144,149885,6093443,0.0,64.0,0,0
prefill,1,98052,98317,0,17024,149885,6110467,0.0,64.0,0,0
prefill,1,98318,98340,0,1472,149885,6111939,0.0,64.0,0,0
prefill,1,98341,98640,0,19200,149885,6131139,0.0,64.0,0,0
prefill,1,98641,98661,0,1344,149885,6132483,0.0,64.0,0,0
prefill,1,98662,98961,0,19200,149885,6151683,0.0,64.0,0,0
prefill,1,98962,98996,0,2240,149885,6153923,0.0,64.0,0,0
prefill,1,98997,99156,0,10240,149885,6164163,0.0,64.0,0,0
prefill,1,99157,99456,0,19200,149885,6183363,0.0,64.0,0,0
prefill,1,99457,99554,0,6272,149885,6189635,0.0,64.0,0,0
prefill,1,99555,99780,0,14464,149885,6204099,0.0,64.0,0,0
prefill,1,99781,100080,0,19200,149885,6223299,0.0,64.0,0,0
prefill,1,100081,100184,0,6656,149885,6229955,0.0,64.0,0,0
prefill,1,100185,100299,0,7360,149885,6237315,0.0,64.0,0,0
prefill,1,100300,100599,0,19200,149885,6256515,0.0,64.0,0,0
prefill,1,100600,100841,0,15488,149885,6272003,0.0,64.0,0,0
prefill,1,100842,100859,0,1152,149885,6273155,0.0,64.0,0,0
prefill,1,100860,100908,0,3136,149885,6276291,0.0,64.0,0,0
prefill,1,100909,101208,0,19200,149885,6295491,0.0,64.0,0,0
prefill,1,101209,101508,0,19200,149885,6314691,0.0,64.0,0,0
prefill,1,101509,101522,0,896,149885,6315587,0.0,64.0,0,0
prefill,1,101523,101543,0,1344,149885,6316931,0.0,64.0,0,0
prefill,1,101544,101843,0,19200,149885,6336131,0.0,64.0,0,0
prefill,1,101844,101862,0,1216,149885,6337347,0.0,64.0,0,0
prefill,1,101863,102044,0,11648,149885,6348995,0.0,64.0,0,0
prefill,1,102045,102344,0,19200,149885,6368195,0.0,64.0,0,0
prefill,1,102345,102644,0,19200,149885,6387395,0.0,64.0,0,0
prefill,1,102645,102944,0,19200,149885,6406595,0.0,64.0,0,0
prefill,1,102945,103244,0,19200,149885,6425795,0.0,64.0,0,0
prefill,1,103245,103251,0,448,149885,6426243,0.0,64.0,0,0
prefill,1,103252,103551,0,19200,149885,6445443,0.0,64.0,0,0
prefill,1,103552,103851,0,19200,149885,6464643,0.0,64.0,0,0
prefill,1,103852,104036,0,11840,149885,6476483,0.0,64.0,0,0
prefill,1,104037,104050,0,896,149885,6477379,0.0,64.0,0,0
prefill,1,104051,104350,0,19200,149885,6496579,0.0,64.0,0,0
prefill,1,104351,104650,0,19200,149885,6515779,0.0,64.0,0,0
prefill,1,104651,104950,0,19200,149885,6534979,0.0,64.0,0,0
prefill,1,104951,105144,0,12416,149885,6547395,0.0,64.0,0,0
prefill,1,105145,105157,0,832,149885,6548227,0.0,64.0,0,0
prefill,1,105158,105457,0,19200,149885,6567427,0.0,64.0,0,0
prefill,1,105458,105513,0,3584,149885,6571011,0.0,64.0,0,0
prefill,1,105514,105813,0,19200,149885,6590211,0.0,64.0,0,0
prefill,1,105814,106113,0,19200,149885,6609411,0.0,64.0,0,0
prefill,1,106114,106413,0,19200,149885,6628611,0.0,64.0,0,0
prefill,1,106414,106713,0,19200,149885,6647811,0.0,64.0,0,0
prefill,1,106714,106821,0,6912,149885,6654723,0.0,64.0,0,0
prefill,1,106822,106996,0,11200,149885,6665923,0.0,64.0,0,0
prefill,1,106997,107025,0,1856,149885,6667779,0.0,64.0,0,0
prefill,1,107026,107038,0,832,149885,6668611,0.0,64.0,0,0
prefill,1,107039,107061,0,1472,149885,6670083,0.0,64.0,0,0
prefill,1,107062,107361,0,19200,149885,6689283,0.0,64.0,0,0
prefill,1,107362,107491,0,8320,149885,6697603,0.0,64.0,0,0
prefill,1,107492,107791,0,19200,149885,6716803,0.0,64.0,0,0
prefill,1,107792,107881,0,5760,149885,6722563,0.0,64.0,0,0
prefill,1,107882,107906,0,1600,149885,6724163,0.0,64.0,0,0
prefill,1,107907,107953,0,3008,149885,6727171,0.0,64.0,0,0
prefill,1,107954,108253,0,19200,149885,6746371,0.0,64.0,0,0
prefill,1,108254,108360,0,6848,149885,6753219,0.0,64.0,0,0
prefill,1,108361,108660,0,19200,149885,6772419,0.0,64.0,0,0
prefill,1,108661,108704,0,2816,149885,6775235,0.0,64.0,0,0
prefill,1,108705,108824,0,7680,149885,6782915,0.0,64.0,0,0
prefill,1,108825,109124,0,19200,149885,6802115,0.0,64.0,0,0
prefill,1,109125,109424,0,19200,149885,6821315,0.0,64.0,0,0
prefill,1,109425,109724,0,19200,149885,6840515,0.0,64.0,0,0
prefill,1,109725,110024,0,19200,149885,6859715,0.0,64.0,0,0
prefill,1,110025,110163,0,8896,149885,6868611,0.0,64.0,0,0
prefill,1,110164,110316,0,9792,149885,6878403,0.0,64.0,0,0
prefill,1,110317,110404,0,5632,149885,6884035,0.0,64.0,0,0
prefill,1,110405,110704,0,19200,149885,6903235,0.0,64.0,0,0
prefill,1,110705,110735,0,1984,149885,6905219,0.0,64.0,0,0
prefill,1,110736,110749,0,896,149885,6906115,0.0,64.0,0,0
prefill,1,110750,111000,0,16064,149885,6922179,0.0,64.0,0,0
prefill,1,111001,111300,0,19200,149885,6941379,0.0,64.0,0,0
prefill,1,111301,111600,0,19200,149885,6960579,0.0,64.0,0,0
prefill,1,111601,111900,0,19200,149885,6979779,0.0,64.0,0,0
prefill,1,111901,112200,0,19200,149885,6998979,0.0,64.0,0,0
prefill,1,112201,112500,0,19200,149885,7018179,0.0,64.0,0,0
prefill,1,112501,112516,0,1024,149885,7019203,0.0,64.0,0,0
prefill,1,112517,112544,0,1792,149885,7020995,0.0,64.0,0,0
prefill,1,112545,112790,0,15744,149885,7036739,0.0,64.0,0,0
prefill,1,112791,113090,0,19200,149885,7055939,0.0,64.0,0,0
prefill,1,113091,113175,0,5440,149885,7061379,0.0,64.0,0,0
prefill,1,113176,113475,0,19200,149885,7080579,0.0,64.0,0,0
prefill,1,113476,113578,0,6592,149885,7087171,0.0,64.0,0,0
prefill,1,113579,113625,0,3008,149885,7090179,0.0,64.0,0,0
prefill,1,113626,113925,0,19200,149885,7109379,0.0,64.0,0,0
prefill,1,113926,114225,0,19200,149885,7128579,0.0,64.0,0,0
prefill,1,114226,114498,0,17472,149885,7146051,0.0,64.0,0,0
prefill,1,114499,114798,0,19200,149885,7165251,0.0,64.0,0,0
prefill,1,114799,115098,0,19200,149885,7184451,0.0,64.0,0,0
prefill,1,115099,115398,0,19200,149885,7203651,0.0,64.0,0,0
prefill,1,115399,115698,0,19200,149885,7222851,0.0,64.0,0,0
prefill,1,115699,115998,0,19200,149885,7242051,0.0,64.0,0,0
prefill,1,115999,116010,0,768,149885,7242819,0.0,64.0,0,0
prefill,1,116011,116034,0,1536,149885,7244355,0.0,64.0,0,0
prefill,1,116035,116094,0,3840,149885,7248195,0.0,64.0,0,0
prefill,1,116095,116394,0,19200,149885,7267395,0.0,64.0,0,0
prefill,1,116395,116531,0,8768,149885,7276163,0.0,64.0,0,0
prefill,1,116532,116639,0,6912,149885,7283075,0.0,64.0,0,0
prefill,1,116640,116939,0,19200,149885,7302275,0.0,64.0,0,0
prefill,1,116940,116994,0,3520,149885,7305795,0.0,64.0,0,0
prefill,1,116995,117294,0,19200,149885,7324995,0.0,64.0,0,0
prefill,1,117295,117594,0,19200,149885,7344195,0.0,64.0,0,0
prefill,1,117595,117700,0,6784,149885,7350979,0.0,64.0,0,0
prefill,1,117701,117769,0,4416,149885,7355395,0.0,64.0,0,0
prefill,1,117770,117872,0,6592,149885,7361987,0.0,64.0,0,0
prefill,1,117873,117882,0,640,149885,7362627,0.0,64.0,0,0
prefill,1,117883,117967,0,5440,149885,7368067,0.0,64.0,0,0
prefill,1,117968,118267,0,19200,149885,7387267,0.0,64.0,0,0
prefill,1,118268,118290,0,1472,149885,7388739,0.0,64.0,0,0
prefill,1,118291,118418,0,8192,149885,7396931,0.0,64.0,0,0
prefill,1,118419,118718,0,19200,149885,7416131,0.0,64.0,0,0
prefill,1,118719,119018,0,19200,149885,7435331,0.0,64.0,0,0
prefill,1,119019,119282,0,16896,149885,7452227,0.0,64.0,0,0
prefill,1,119283,119582,0,19200,149885,7471427,0.0,64.0,0,0
prefill,1,119583,119882,0,19200,149885,7490627,0.0,64.0,0,0
prefill,1,119883,119909,0,1728,149885,7492355,0.0,64.0,0,0
prefill,1,119910,120209,0,19200,149885,7511555,0.0,64.0,0,0
prefill,1,120210,120276,0,4288,149885,7515843,0.0,64.0,0,0
prefill,1,120277,120449,0,11072,149885,7526915,0.0,64.0,0,0
prefill,1,120450,120749,0,19200,149885,7546115,0.0,64.0,0,0
prefill,1,120750,120907,0,10112,149885,7556227,0.0,64.0,0,0
prefill,1,120908,120950,0,2752,149885,7558979,0.0,64.0,0,0
prefill,1,120951,121250,0,19200,149885,7578179,0.0,64.0,0,0
prefill,1,121251,121550,0,19200,149885,7597379,0.0,64.0,0,0
prefill,1,121551,121850,0,19200,149885,7616579,0.0,64.0,0,0
prefill,1,121851,122108,0,16512,149885,7633091,0.0,64.0,0,0
prefill,1,122109,122178,0,4480,149885,7637571,0.0,64.0,0,0
prefill,1,122179,122200,0,1408,149885,7638979,0.0,64.0,0,0
prefill,1,122201,122500,0,19200,149885,7658179,0.0,64.0,0,0
prefill,1,122501,122516,0,1024,149885,7659203,0.0,64.0,0,0
prefill,1,122517,122816,0,19200,149885,7678403,0.0,64.0,0,0
prefill,1,122817,122963,0,9408,149885,7687811,0.0,64.0,0,0
prefill,1,122964,123263,0,19200,149885,7707011,0.0,64.0,0,0
prefill,1,123264,123388,0,8000,149885,7715011,0.0,64.0,0,0
prefill,1,123389,123688,0,19200,149885,7734211,0.0,64.0,0,0
prefill,1,123689,123795,0,6848,149885,7741059,0.0,64.0,0,0
prefill,1,123796,123819,0,1536,149885,7742595,0.0,64.0,0,0
prefill,1,123820,124119,0,19200,149885,7761795,0.0,64.0,0,0
prefill,1,124120,124163,0,2816,149885,7764611,0.0,64.0,0,0
prefill,1,124164,124463,0,19200,149885,7783811,0.0,64.0,0,0
prefill,1,124464,124763,0,19200,149885,7803011,0.0,64.0,0,0
prefill,1,124764,125063,0,19200,149885,7822211,0.0,64.0,0,0
prefill,1,125064,125134,0,4544,149885,7826755,0.0,64.0,0,0
prefill,1,125135,125434,0,19200,149885,7845955,0.0,64.0,0,0
prefill,1,125435,125448,0,896,149885,7846851,0.0,64.0,0,0
prefill,1,125449,125748,0,19200,149885,7866051,0.0,64.0,0,0
prefill,1,125749,125996,0,15872,149885,7881923,0.0,64.0,0,0
prefill,1,125997,126139,0,9152,149885,7891075,0.0,64.0,0,0
prefill,1,126140,126439,0,19200,149885,7910275,0.0,64.0,0,0
prefill,1,126440,126739,0,19200,149885,7929475,0.0,64.0,0,0
prefill,1,126740,126805,0,4224,149885,7933699,0.0,64.0,0,0
prefill,1,126806,127061,0,16384,149885,7950083,0.0,64.0,0,0
prefill,1,127062,127099,0,2432,149885,7952515,0.0,64.0,0,0
prefill,1,127100,127399,0,19200,149885,7971715,0.0,64.0,0,0
prefill,1,127400,127699,0,19200,149885,7990915,0.0,64.0,0,0
prefill,1,127700,127894,0,12480,149885,8003395,0.0,64.0,0,0
prefill,1,127895,128097,0,12992,149885,8016387,0.0,64.0,0,0
prefill,1,128098,128386,0,18496,149885,8034883,0.0,64.0,0,0
prefill,1,128387,128545,0,10176,149885,8045059,0.0,64.0,0,0
prefill,1,128546,128603,0,3712,149885,8048771,0.0,64.0,0,0
prefill,1,128604,128815,0,13568,149885,8062339,0.0,64.0,0,0
prefill,1,128816,129115,0,19200,149885,8081539,0.0,64.0,0,0
prefill,1,129116,129415,0,19200,149885,8100739,0.0,64.0,0,0
prefill,1,129416,129715,0,19200,149885,8119939,0.0,64.0,0,0
prefill,1,129716,130015,0,19200,149885,8139139,0.0,64.0,0,0
prefill,1,130016,130315,0,19200,149885,8158339,0.0,64.0,0,0
prefill,1,130316,130615,0,19200,149885,8177539,0.0,64.0,0,0
prefill,1,130616,130637,0,1408,149885,8178947,0.0,64.0,0,0
prefill,1,130638,130937,0,19200,149885,8198147,0.0,64.0,0,0
prefill,1,130938,130985,0,3072,149885,8201219,0.0,64.0,0,0
prefill,1,130986,131013,0,1792,149885,8203011,0.0,64.0,0,0
prefill,1,131014,131066,0,3392,149885,8206403,0.0,64.0,0,0
prefill,1,131067,131366,0,19200,149885,8225603,0.0,64.0,0,0
prefill,1,131367,131512,0,9344,149885,8234947,0.0,64.0,0,0
prefill,1,131513,131527,0,960,149885,8235907,0.0,64.0,0,0
prefill,1,131528,131601,0,4736,149885,8240643,0.0,64.0,0,0
prefill,1,131602,131901,0,19200,149885,8259843,0.0,64.0,0,0
prefill,1,131902,131931,0,1920,149885,8261763,0.0,64.0,0,0
prefill,1,131932,132002,0,4544,149885,8266307,0.0,64.0,0,0
prefill,1,132003,132302,0,19200,149885,8285507,0.0,64.0,0,0
prefill,1,132303,132333,0,1984,149885,8287491,0.0,64.0,0,0
prefill,1,132334,132349,0,1024,149885,8288515,0.0,64.0,0,0
prefill,1,132350,132649,0,19200,149885,8307715,0.0,64.0,0,0
prefill,1,132650,132669,0,1280,149885,8308995,0.0,64.0,0,0
prefill,1,132670,132969,0,19200,149885,8328195,0.0,64.0,0,0
prefill,1,132970,133269,0,19200,149885,8347395,0.0,64.0,0,0
prefill,1,133270,133569,0,19200,149885,8366595,0.0,64.0,0,0
prefill,1,133570,133869,0,19200,149885,8385795,0.0,64.0,0,0
prefill,1,133870,134169,0,19200,149885,8404995,0.0,64.0,0,0
prefill,1,134170,134265,0,6144,149885,8411139,0.0,64.0,0,0
prefill,1,134266,134522,0,16448,149885,8427587,0.0,64.0,0,0
prefill,1,134523,134813,0,18624,149885,8446211,0.0,64.0,0,0
prefill,1,134814,135113,0,19200,149885,8465411,0.0,64.0,0,0
prefill,1,135114,135210,0,6208,149885,8471619,0.0,64.0,0,0
prefill,1,135211,135510,0,19200,149885,8490819,0.0,64.0,0,0
prefill,1,135511,135565,0,3520,149885,8494339,0.0,64.0,0,0
prefill,1,135566,135674,0,6976,149885,8501315,0.0,64.0,0,0
prefill,1,135675,135812,0,8832,149885,8510147,0.0,64.0,0,0
prefill,1,135813,136112,0,19200,149885,8529347,0.0,64.0,0,0
prefill,1,136113,136412,0,19200,149885,8548547,0.0,64.0,0,0
prefill,1,136413,136712,0,19200,149885,8567747,0.0,64.0,0,0
prefill,1,136713,136858,0,9344,149885,8577091,0.0,64.0,0,0
prefill,1,136859,137158,0,19200,149885,8596291,0.0,64.0,0,0
prefill,1,137159,137367,0,13376,149885,8609667,0.0,64.0,0,0
prefill,1,137368,137447,0,5120,149885,8614787,0.0,64.0,0,0
prefill,1,137448,137747,0,19200,149885,8633987,0.0,64.0,0,0
prefill,1,137748,138047,0,19200,149885,8653187,0.0,64.0,0,0
prefill,1,138048,138347,0,19200,149885,8672387,0.0,64.0,0,0
prefill,1,138348,138647,0,19200,149885,8691587,0.0,64.0,0,0
prefill,1,138648,138947,0,19200,149885,8710787,0.0,64.0,0,0
prefill,1,138948,138955,0,512,149885,8711299,0.0,64.0,0,0
prefill,1,138956,139255,0,19200,149885,8730499,0.0,64.0,0,0
prefill,1,139256,139555,0,19200,149885,8749699,0.0,64.0,0,0
prefill,1,139556,139570,0,960,149885,8750659,0.0,64.0,0,0
prefill,1,139571,139660,0,5760,149885,8756419,0.0,64.0,0,0
prefill,1,139661,139761,0,6464,149885,8762883,0.0,64.0,0,0
prefill,1,139762,140061,0,19200,149885,8782083,0.0,64.0,0,0
prefill,1,140062,140361,0,19200,149885,8801283,0.0,64.0,0,0
prefill,1,140362,140661,0,19200,149885,8820483,0.0,64.0,0,0
prefill,1,140662,140961,0,19200,149885,8839683,0.0,64.0,0,0
prefill,1,140962,141261,0,19200,149885,8858883,0.0,64.0,0,0
prefill,1,141262,141561,0,19200,149885,8878083,0.0,64.0,0,0
prefill,1,141562,141861,0,19200,149885,8897283,0.0,64.0,0,0
prefill,1,141862,141926,0,4160,149885,8901443,0.0,64.0,0,0
prefill,1,141927,142226,0,19200,149885,8920643,0.0,64.0,0,0
prefill,1,142227,142526,0,19200,149885,8939843,0.0,64.0,0,0
prefill,1,142527,142826,0,19200,149885,8959043,0.0,64.0,0,0
prefill,1,142827,143126,0,19200,149885,8978243,0.0,64.0,0,0
prefill,1,143127,143426,0,19200,149885,8997443,0.0,64.0,0,0
prefill,1,143427,143468,0,2688,149885,9000131,0.0,64.0,0,0
prefill,1,143469,143768,0,19200,149885,9019331,0.0,64.0,0,0
prefill,1,143769,144068,0,19200,149885,9038531,0.0,64.0,0,0
prefill,1,144069,144143,0,4800,149885,9043331,0.0,64.0,0,0
prefill,1,144144,144443,0,19200,149885,9062531,0.0,64.0,0,0
prefill,1,144444,144583,0,8960,149885,9071491,0.0,64.0,0,0
prefill,1,144584,144660,0,4928,149885,9076419,0.0,64.0,0,0
prefill,1,144661,144694,0,2176,149885,9078595,0.0,64.0,0,0
prefill,1,144695,144994,0,19200,149885,9097795,0.0,64.0,0,0
prefill,1,144995,145294,0,19200,149885,9116995,0.0,64.0,0,0
prefill,1,145295,145594,0,19200,149885,9136195,0.0,64.0,0,0
prefill,1,145595,145894,0,19200,149885,9155395,0.0,64.0,0,0
prefill,1,145895,146014,0,7680,149885,9163075,0.0,64.0,0,0
prefill,1,146015,146314,0,19200,149885,9182275,0.0,64.0,0,0
prefill,1,146315,146614,0,19200,149885,9201475,0.0,64.0,0,0
prefill,1,146615,146835,0,14144,149885,9215619,0.0,64.0,0,0
prefill,1,146836,147135,0,19200,149885,9234819,0.0,64.0,0,0
prefill,1,147136,147435,0,19200,149885,9254019,0.0,64.0,0,0
prefill,1,147436,147735,0,19200,149885,9273219,0.0,64.0,0,0
prefill,1,147736,148035,0,19200,149885,9292419,0.0,64.0,0,0
prefill,1,148036,148159,0,7936,149885,9300355,0.0,64.0,0,0
prefill,1,148160,148459,0,19200,149885,9319555,0.0,64.0,0,0
prefill,1,148460,148759,0,19200,149885,9338755,0.0,64.0,0,0
prefill,1,148760,149059,0,19200,149885,9357955,0.0,64.0,0,0
prefill,1,149060,149359,0,19200,149885,9377155,0.0,64.0,0,0
prefill,1,149360,149659,0,19200,149885,9396355,0.0,64.0,0,0
prefill,1,149660,149959,0,19200,149885,9415555,0.0,64.0,0,0
prefill,1,149960,150259,0,19200,149885,9434755,0.0,64.0,0,0
prefill,1,150260,150446,0,11968,149885,9446723,0.0,64.0,0,0
prefill,1,150447,150746,0,19200,149885,9465923,0.0,64.0,0,0
prefill,1,150747,151046,0,19200,149885,9485123,0.0,64.0,0,0
prefill,1,151047,151248,0,12928,149885,9498051,0.0,64.0,0,0
prefill,1,151249,151548,0,19200,149885,9517251,0.0,64.0,0,0
prefill,1,151549,151848,0,19200,149885,9536451,0.0,64.0,0,0
prefill,1,151849,151858,0,640,149885,9537091,0.0,64.0,0,0
prefill,1,151859,152112,0,16256,149885,9553347,0.0,64.0,0,0
prefill,1,152113,152412,0,19200,149885,9572547,0.0,64.0,0,0
prefill,1,152413,152712,0,19200,149885,9591747,0.0,64.0,0,0
prefill,1,152713,153012,0,19200,149885,9610947,0.0,64.0,0,0
prefill,1,153013,153312,0,19200,149885,9630147,0.0,64.0,0,0
prefill,1,153313,153612,0,19200,149885,9649347,0.0,64.0,0,0
prefill,1,153613,153912,0,19200,149885,9668547,0.0,64.0,0,0
prefill,1,153913,154212,0,19200,149885,9687747,0.0,64.0,0,0
prefill,1,154213,154512,0,19200,149885,9706947,0.0,64.0,0,0
prefill,1,154513,154812,0,19200,149885,9726147,0.0,64.0,0,0
prefill,1,154813,155112,0,19200,149885,9745347,0.0,64.0,0,0
prefill,1,155113,155147,0,2240,149885,9747587,0.0,64.0,0,0
prefill,1,155148,155447,0,19200,149885,9766787,0.0,64.0,0,0
prefill,1,155448,155479,0,2048,149885,9768835,0.0,64.0,0,0
prefill,1,155480,155583,0,6656,149885,9775491,0.0,64.0,0,0
prefill,1,155584,155883,0,19200,149885,9794691,0.0,64.0,0,0
prefill,1,155884,156183,0,19200,149885,9813891,0.0,64.0,0,0
prefill,1,156184,156242,0,3776,149885,9817667,0.0,64.0,0,0
prefill,1,156243,156542,0,19200,149885,9836867,0.0,64.0,0,0
prefill,1,156543,156842,0,19200,149885,9856067,0.0,64.0,0,0
prefill,1,156843,157142,0,19200,149885,9875267,0.0,64.0,0,0
prefill,1,157143,157442,0,19200,149885,9894467,0.0,64.0,0,0
prefill,1,157443,157742,0,19200,149885,9913667,0.0,64.0,0,0
prefill,1,157743,158042,0,19200,149885,9932867,0.0,64.0,0,0
prefill,1,158043,158342,0,19200,149885,9952067,0.0,64.0,0,0
prefill,1,158343,158642,0,19200,149885,9971267,0.0,64.0,0,0
prefill,1,158643,158942,0,19200,149885,9990467,0.0,64.0,0,0
prefill,1,158943,159111,0,10816,149885,10001283,0.0,64.0,0,0
prefill,1,159112,159411,0,19200,149885,10020483,0.0,64.0,0,0
prefill,1,159412,159711,0,19200,149885,10039683,0.0,64.0,0,0
prefill,1,159712,160011,0,19200,149885,10058883,0.0,64.0,0,0
prefill,1,160012,160311,0,19200,149885,10078083,0.0,64.0,0,0
prefill,1,160312,160611,0,19200,149885,10097283,0.0,64.0,0,0
prefill,1,160612,160911,0,19200,149885,10116483,0.0,64.0,0,0
prefill,1,160912,161071,0,10240,149885,10126723,0.0,64.0,0,0
prefill,1,161072,161371,0,19200,149885,10145923,0.0,64.0,0,0
prefill,1,161372,161671,0,19200,149885,10165123,0.0,64.0,0,0
prefill,1,161672,161971,0,19200,149885,10184323,0.0,64.0,0,0
prefill,1,161972,162271,0,19200,149885,10203523,0.0,64.0,0,0
prefill,1,162272,162571,0,19200,149885,10222723,0.0,64.0,0,0
prefill,1,162572,162871,0,19200,149885,10241923,0.0,64.0,0,0
prefill,1,162872,163171,0,19200,149885,10261123,0.0,64.0,0,0
prefill,1,163172,163363,0,12288,149885,10273411,0.0,64.0,0,0
prefill,1,163364,163466,0,6592,149885,10280003,0.0,64.0,0,0
prefill,1,163467,163766,0,19200,149885,10299203,0.0,64.0,0,0
prefill,1,163767,163808,0,2688,149885,10301891,0.0,64.0,0,0
prefill,1,163809,163905,0,6208,149885,10308099,0.0,64.0,0,0
prefill,1,163906,164124,0,14016,149885,10322115,0.0,64.0,0,0
prefill,1,164125,164285,0,10304,149885,10332419,0.0,64.0,0,0
prefill,1,164286,164585,0,19200,149885,10351619,0.0,64.0,0,0
prefill,1,164586,164771,0,11904,149885,10363523,0.0,64.0,0,0
prefill,1,164772,164898,0,8128,149885,10371651,0.0,64.0,0,0
prefill,1,164899,164917,0,1216,149885,10372867,0.0,64.0,0,0
prefill,1,164918,165011,0,6016,149885,10378883,0.0,64.0,0,0
prefill,1,165012,165153,0,9088,149885,10387971,0.0,64.0,0,0
prefill,1,165154,165251,0,6272,149885,10394243,0.0,64.0,0,0
prefill,1,165252,165345,0,6016,149885,10400259,0.0,64.0,0,0
prefill,1,165346,165472,0,8128,149885,10408387,0.0,64.0,0,0
prefill,1,165473,165592,0,7680,149885,10416067,0.0,64.0,0,0
prefill,1,165593,165766,0,11136,149885,10427203,0.0,64.0,0,0
prefill,1,165767,165872,0,6784,149885,10433987,0.0,64.0,0,0
prefill,1,165873,166172,0,19200,149885,10453187,0.0,64.0,0,0
prefill,1,166173,166292,0,7680,149885,10460867,0.0,64.0,0,0
prefill,1,166293,166373,0,5184,149885,10466051,0.0,64.0,0,0
prefill,1,166374,166511,0,8832,149885,10474883,0.0,64.0,0,0
prefill,1,166512,166613,0,6528,149885,10481411,0.0,64.0,0,0
prefill,1,166614,166770,0,10048,149885,10491459,0.0,64.0,0,0
prefill,1,166771,166791,0,1344,149885,10492803,0.0,64.0,0,0
prefill,1,166792,167091,0,19200,149885,10512003,0.0,64.0,0,0
prefill,1,167092,167340,0,15936,149885,10527939,0.0,64.0,0,0
prefill,1,167341,167507,0,10688,149885,10538627,0.0,64.0,0,0
prefill,1,167508,167807,0,19200,149885,10557827,0.0,64.0,0,0
prefill,1,167808,168107,0,19200,149885,10577027,0.0,64.0,0,0
prefill,1,168108,168222,0,7360,149885,10584387,0.0,64.0,0,0
prefill,1,168223,168522,0,19200,149885,10603587,0.0,64.0,0,0
prefill,1,168523,168674,0,9728,149885,10613315,0.0,64.0,0,0
prefill,1,168675,168819,0,9280,149885,10622595,0.0,64.0,0,0
prefill,1,168820,169119,0,19200,149885,10641795,0.0,64.0,0,0
prefill,1,169120,169370,0,16064,149885,10657859,0.0,64.0,0,0
prefill,1,169371,169492,0,7808,149885,10665667,0.0,64.0,0,0
prefill,1,169493,169581,0,5696,149885,10671363,0.0,64.0,0,0
prefill,1,169582,169881,0,19200,149885,10690563,0.0,64.0,0,0
prefill,1,169882,169971,0,5760,149885,10696323,0.0,64.0,0,0
prefill,1,169972,170057,0,5504,149885,10701827,0.0,64.0,0,0
prefill,1,170058,170315,0,16512,149885,10718339,0.0,64.0,0,0
prefill,1,170316,170546,0,14784,149885,10733123,0.0,64.0,0,0
prefill,1,170547,170618,0,4608,149885,10737731,0.0,64.0,0,0
prefill,1,170619,170834,0,13824,149885,10751555,0.0,64.0,0,0
prefill,1,170835,171134,0,19200,149885,10770755,0.0,64.0,0,0
prefill,1,171135,171434,0,19200,149885,10789955,0.0,64.0,0,0
prefill,1,171435,171639,0,13120,149885,10803075,0.0,64.0,0,0
prefill,1,171640,171808,0,10816,149885,10813891,0.0,64.0,0,0
prefill,1,171809,172108,0,19200,149885,10833091,0.0,64.0,0,0
prefill,1,172109,172408,0,19200,149885,10852291,0.0,64.0,0,0
prefill,1,172409,172708,0,19200,149885,10871491,0.0,64.0,0,0
prefill,1,172709,173008,0,19200,149885,10890691,0.0,64.0,0,0
prefill,1,173009,173308,0,19200,149885,10909891,0.0,64.0,0,0
prefill,1,173309,173602,0,18816,149885,10928707,0.0,64.0,0,0
prefill,1,173603,173902,0,19200,149885,10947907,0.0,64.0,0,0
prefill,1,173903,174176,0,17536,149885,10965443,0.0,64.0,0,0
prefill,1,174177,174476,0,19200,149885,10984643,0.0,64.0,0,0
prefill,1,174477,174776,0,19200,149885,11003843,0.0,64.0,0,0
prefill,1,174777,175006,0,14720,149885,11018563,0.0,64.0,0,0
prefill,1,175007,175127,0,7744,149885,11026307,0.0,64.0,0,0
prefill,1,175128,175427,0,19200,149885,11045507,0.0,64.0,0,0
prefill,1,175428,175727,0,19200,149885,11064707,0.0,64.0,0,0
prefill,1,175728,176007,0,17920,149885,11082627,0.0,64.0,0,0
prefill,1,176008,176307,0,19200,149885,11101827,0.0,64.0,0,0
prefill,1,176308,176607,0,19200,149885,11121027,0.0,64.0,0,0
prefill,1,176608,176674,0,4288,149885,11125315,0.0,64.0,0,0
prefill,1,176675,176909,0,15040,149885,11140355,0.0,64.0,0,0
prefill,1,176910,177056,0,9408,149885,11149763,0.0,64.0,0,0
prefill,1,177057,177181,0,8000,149885,11157763,0.0,64.0,0,0
prefill,1,177182,177345,0,10496,149885,11168259,0.0,64.0,0,0
prefill,1,177346,177433,0,5632,149885,11173891,0.0,64.0,0,0
prefill,1,177434,177526,0,5952,149885,11179843,0.0,64.0,0,0
prefill,1,177527,177651,0,8000,149885,11187843,0.0,64.0,0,0
prefill,1,177652,177798,0,9408,149885,11197251,0.0,64.0,0,0
prefill,1,177799,178098,0,19200,149885,11216451,0.0,64.0,0,0
prefill,1,178099,178320,0,14208,149885,11230659,0.0,64.0,0,0
prefill,1,178321,178620,0,19200,149885,11249859,0.0,64.0,0,0
prefill,1,178621,178760,0,8960,149885,11258819,0.0,64.0,0,0
prefill,1,178761,178847,0,5568,149885,11264387,0.0,64.0,0,0
prefill,1,178848,179057,0,13440,149885,11277827,0.0,64.0,0,0
prefill,1,179058,179357,0,19200,149885,11297027,0.0,64.0,0,0
prefill,1,179358,179476,0,7616,149885,11304643,0.0,64.0,0,0
prefill,1,179477,179600,0,7936,149885,11312579,0.0,64.0,0,0
prefill,1,179601,179714,0,7296,149885,11319875,0.0,64.0,0,0
prefill,1,179715,179744,0,1920,149885,11321795,0.0,64.0,0,0
prefill,1,179745,179819,0,4800,149885,11326595,0.0,64.0,0,0
prefill,1,179820,180119,0,19200,149885,11345795,0.0,64.0,0,0
prefill,1,180120,180410,0,18624,149885,11364419,0.0,64.0,0,0
prefill,1,180411,180535,0,8000,149885,11372419,0.0,64.0,0,0
prefill,1,180536,180719,0,11776,149885,11384195,0.0,64.0,0,0
prefill,1,180720,180808,0,5696,149885,11389891,0.0,64.0,0,0
prefill,1,180809,180915,0,6848,149885,11396739,0.0,64.0,0,0
prefill,1,180916,181001,0,5504,149885,11402243,0.0,64.0,0,0
prefill,1,181002,181096,0,6080,149885,11408323,0.0,64.0,0,0
prefill,1,181097,181396,0,19200,149885,11427523,0.0,64.0,0,0
prefill,1,181397,181477,0,5184,149885,11432707,0.0,64.0,0,0
prefill,1,181478,181582,0,6720,149885,11439427,0.0,64.0,0,0
prefill,1,181583,181652,0,4480,149885,11443907,0.0,64.0,0,0
prefill,1,181653,181730,0,4992,149885,11448899,0.0,64.0,0,0
prefill,1,181731,181790,0,3840,149885,11452739,0.0,64.0,0,0
prefill,1,181791,181881,0,5824,149885,11458563,0.0,64.0,0,0
prefill,1,181882,181954,0,4672,149885,11463235,0.0,64.0,0,0
prefill,1,181955,182029,0,4800,149885,11468035,0.0,64.0,0,0
prefill,1,182030,182107,0,4992,149885,11473027,0.0,64.0,0,0
prefill,1,182108,182175,0,4352,149885,11477379,0.0,64.0,0,0
prefill,1,182176,182244,0,4416,149885,11481795,0.0,64.0,0,0
prefill,1,182245,182248,0,256,149885,11482051,0.0,64.0,0,0
prefill,1,182249,182269,0,1344,149885,11483395,0.0,64.0,0,0
prefill,1,182270,182336,0,4288,149885,11487683,0.0,64.0,0,0
prefill,1,182337,182409,0,4672,149885,11492355,0.0,64.0,0,0
prefill,1,182410,182487,0,4992,149885,11497347,0.0,64.0,0,0
prefill,1,182488,182573,0,5504,149885,11502851,0.0,64.0,0,0
prefill,1,182574,182639,0,4224,149885,11507075,0.0,64.0,0,0
prefill,1,182640,182708,0,4416,149885,11511491,0.0,64.0,0,0
prefill,1,182709,182776,0,4352,149885,11515843,0.0,64.0,0,0
prefill,1,182777,182860,0,5376,149885,11521219,0.0,64.0,0,0
prefill,1,182861,183021,0,10304,149885,11531523,0.0,64.0,0,0
prefill,1,183022,183109,0,5632,149885,11537155,0.0,64.0,0,0
prefill,1,183110,183187,0,4992,149885,11542147,0.0,64.0,0,0
prefill,1,183188,183284,0,6208,149885,11548355,0.0,64.0,0,0
prefill,1,183285,183356,0,4608,149885,11552963,0.0,64.0,0,0
prefill,1,183357,183430,0,4736,149885,11557699,0.0,64.0,0,0
prefill,1,183431,183520,0,5760,149885,11563459,0.0,64.0,0,0
prefill,1,183521,183588,0,4352,149885,11567811,0.0,64.0,0,0
prefill,1,183589,183657,0,4416,149885,11572227,0.0,64.0,0,0
prefill,1,183658,183728,0,4544,149885,11576771,0.0,64.0,0,0
prefill,1,183729,183842,0,7296,149885,11584067,0.0,64.0,0,0
prefill,1,183843,183916,0,4736,149885,11588803,0.0,64.0,0,0
prefill,1,183917,183986,0,4480,149885,11593283,0.0,64.0,0,0
prefill,1,183987,184257,0,17344,149885,11610627,0.0,64.0,0,0
prefill,1,184258,184446,0,12096,149885,11622723,0.0,64.0,0,0
prefill,1,184447,184490,0,2816,149885,11625539,0.0,64.0,0,0
prefill,1,184491,184545,0,3520,149885,11629059,0.0,64.0,0,0
prefill,1,184546,184614,0,4416,149885,11633475,0.0,64.0,0,0
prefill,1,184615,184690,0,4864,149885,11638339,0.0,64.0,0,0
prefill,1,184691,184766,0,4864,149885,11643203,0.0,64.0,0,0
prefill,1,184767,184839,0,4672,149885,11647875,0.0,64.0,0,0
prefill,1,184840,184912,0,4672,149885,11652547,0.0,64.0,0,0
prefill,1,184913,184980,0,4352,149885,11656899,0.0,64.0,0,0
prefill,1,184981,185053,0,4672,149885,11661571,0.0,64.0,0,0
prefill,1,185054,185128,0,4800,149885,11666371,0.0,64.0,0,0
prefill,1,185129,185203,0,4800,149885,11671171,0.0,64.0,0,0
prefill,1,185204,185277,0,4736,149885,11675907,0.0,64.0,0,0
prefill,1,185278,185345,0,4352,149885,11680259,0.0,64.0,0,0
prefill,1,185346,185466,0,7744,149885,11688003,0.0,64.0,0,0
prefill,1,185467,185537,0,4544,149885,11692547,0.0,64.0,0,0
prefill,1,185538,185606,0,4416,149885,11696963,0.0,64.0,0,0
prefill,1,185607,185676,0,4480,149885,11701443,0.0,64.0,0,0
prefill,1,185677,185756,0,5120,149885,11706563,0.0,64.0,0,0
prefill,1,185757,185826,0,4480,149885,11711043,0.0,64.0,0,0
prefill,1,185827,185836,0,640,149885,11711683,0.0,64.0,0,0
prefill,1,185837,185913,0,4928,149885,11716611,0.0,64.0,0,0
prefill,1,185914,185981,0,4352,149885,11720963,0.0,64.0,0,0
prefill,1,185982,186134,0,9792,149885,11730755,0.0,64.0,0,0
prefill,1,186135,186205,0,4544,149885,11735299,0.0,64.0,0,0
prefill,1,186206,186281,0,4864,149885,11740163,0.0,64.0,0,0
prefill,1,186282,186357,0,4864,149885,11745027,0.0,64.0,0,0
prefill,1,186358,186439,0,5248,149885,11750275,0.0,64.0,0,0
prefill,1,186440,186510,0,4544,149885,11754819,0.0,64.0,0,0
prefill,1,186511,186582,0,4608,149885,11759427,0.0,64.0,0,0
prefill,1,186583,186654,0,4608,149885,11764035,0.0,64.0,0,0
prefill,1,186655,186705,0,3264,149885,11767299,0.0,64.0,0,0
prefill,1,186706,186775,0,4480,149885,11771779,0.0,64.0,0,0
prefill,1,186776,186847,0,4608,149885,11776387,0.0,64.0,0,0
prefill,1,186848,186923,0,4864,149885,11781251,0.0,64.0,0,0
prefill,1,186924,187000,0,4928,149885,11786179,0.0,64.0,0,0
prefill,1,187001,187073,0,4672,149885,11790851,0.0,64.0,0,0
prefill,1,187074,187143,0,4480,149885,11795331,0.0,64.0,0,0
prefill,1,187144,187213,0,4480,149885,11799811,0.0,64.0,0,0
prefill,1,187214,187266,0,3392,149885,11803203,0.0,64.0,0,0
prefill,1,187267,187335,0,4416,149885,11807619,0.0,64.0,0,0
prefill,1,187336,187406,0,4544,149885,11812163,0.0,64.0,0,0
prefill,1,187407,187472,0,4224,149885,11816387,0.0,64.0,0,0
prefill,1,187473,187541,0,4416,149885,11820803,0.0,64.0,0,0
prefill,1,187542,187607,0,4224,149885,11825027,0.0,64.0,0,0
prefill,1,187608,187673,0,4224,149885,11829251,0.0,64.0,0,0
prefill,1,187674,187749,0,4864,149885,11834115,0.0,64.0,0,0
prefill,1,187750,187816,0,4288,149885,11838403,0.0,64.0,0,0
prefill,1,187817,187843,0,1728,149885,11840131,0.0,64.0,0,0
prefill,1,187844,187918,0,4800,149885,11844931,0.0,64.0,0,0
prefill,1,187919,187991,0,4672,149885,11849603,0.0,64.0,0,0
prefill,1,187992,188070,0,5056,149885,11854659,0.0,64.0,0,0
prefill,1,188071,188151,0,5184,149885,11859843,0.0,64.0,0,0
prefill,1,188152,188225,0,4736,149885,11864579,0.0,64.0,0,0
prefill,1,188226,188359,0,8576,149885,11873155,0.0,64.0,0,0
prefill,1,188360,188433,0,4736,149885,11877891,0.0,64.0,0,0
prefill,1,188434,188512,0,5056,149885,11882947,0.0,64.0,0,0
prefill,1,188513,188589,0,4928,149885,11887875,0.0,64.0,0,0
prefill,1,188590,188681,0,5888,149885,11893763,0.0,64.0,0,0
prefill,1,188682,188756,0,4800,149885,11898563,0.0,64.0,0,0
prefill,1,188757,188828,0,4608,149885,11903171,0.0,64.0,0,0
prefill,1,188829,188899,0,4544,149885,11907715,0.0,64.0,0,0
prefill,1,188900,188910,0,704,149885,11908419,0.0,64.0,0,0
prefill,1,188911,188980,0,4480,149885,11912899,0.0,64.0,0,0
prefill,1,188981,189053,0,4672,149885,11917571,0.0,64.0,0,0
prefill,1,189054,189120,0,4288,149885,11921859,0.0,64.0,0,0
prefill,1,189121,189199,0,5056,149885,11926915,0.0,64.0,0,0
prefill,1,189200,189272,0,4672,149885,11931587,0.0,64.0,0,0
prefill,1,189273,189344,0,4608,149885,11936195,0.0,64.0,0,0
prefill,1,189345,189412,0,4352,149885,11940547,0.0,64.0,0,0
prefill,1,189413,189484,0,4608,149885,11945155,0.0,64.0,0,0
prefill,1,189485,189558,0,4736,149885,11949891,0.0,64.0,0,0
prefill,1,189559,189629,0,4544,149885,11954435,0.0,64.0,0,0
prefill,1,189630,189702,0,4672,149885,11959107,0.0,64.0,0,0
prefill,1,189703,189784,0,5248,149885,11964355,0.0,64.0,0,0
prefill,1,189785,189877,0,5952,149885,11970307,0.0,64.0,0,0
prefill,1,189878,189950,0,4672,149885,11974979,0.0,64.0,0,0
prefill,1,189951,190018,0,4352,149885,11979331,0.0,64.0,0,0
prefill,1,190019,190096,0,4992,149885,11984323,0.0,64.0,0,0
prefill,1,190097,190207,0,7104,149885,11991427,0.0,64.0,0,0
prefill,1,190208,190275,0,4352,149885,11995779,0.0,64.0,0,0
prefill,1,190276,190355,0,5120,149885,12000899,0.0,64.0,0,0
prefill,1,190356,190427,0,4608,149885,12005507,0.0,64.0,0,0
prefill,1,190428,190524,0,6208,149885,12011715,0.0,64.0,0,0
prefill,1,190525,190594,0,4480,149885,12016195,0.0,64.0,0,0
prefill,1,190595,190666,0,4608,149885,12020803,0.0,64.0,0,0
prefill,1,190667,190745,0,5056,149885,12025859,0.0,64.0,0,0
prefill,1,190746,190814,0,4416,149885,12030275,0.0,64.0,0,0
prefill,1,190815,190886,0,4608,149885,12034883,0.0,64.0,0,0
prefill,1,190887,190961,0,4800,149885,12039683,0.0,64.0,0,0
prefill,1,190962,191038,0,4928,149885,12044611,0.0,64.0,0,0
prefill,1,191039,191112,0,4736,149885,12049347,0.0,64.0,0,0
prefill,1,191113,191186,0,4736,149885,12054083,0.0,64.0,0,0
prefill,1,191187,191221,0,2240,149885,12056323,0.0,64.0,0,0
prefill,1,191222,191295,0,4736,149885,12061059,0.0,64.0,0,0
prefill,1,191296,191474,0,11456,149885,12072515,0.0,64.0,0,0
prefill,1,191475,191515,0,2624,149885,12075139,0.0,64.0,0,0
prefill,1,191516,191597,0,5248,149885,12080387,0.0,64.0,0,0
prefill,1,191598,191671,0,4736,149885,12085123,0.0,64.0,0,0
prefill,1,191672,191737,0,4224,149885,12089347,0.0,64.0,0,0
prefill,1,191738,191805,0,4352,149885,12093699,0.0,64.0,0,0
prefill,1,191806,191881,0,4864,149885,12098563,0.0,64.0,0,0
prefill,1,191882,191965,0,5376,149885,12103939,0.0,64.0,0,0
prefill,1,191966,192031,0,4224,149885,12108163,0.0,64.0,0,0
prefill,1,192032,192101,0,4480,149885,12112643,0.0,64.0,0,0
prefill,1,192102,192174,0,4672,149885,12117315,0.0,64.0,0,0
prefill,1,192175,192183,0,576,149885,12117891,0.0,64.0,0,0
prefill,1,192184,192260,0,4928,149885,12122819,0.0,64.0,0,0
prefill,1,192261,192328,0,4352,149885,12127171,0.0,64.0,0,0
prefill,1,192329,192398,0,4480,149885,12131651,0.0,64.0,0,0
prefill,1,192399,192477,0,5056,149885,12136707,0.0,64.0,0,0
prefill,1,192478,192545,0,4352,149885,12141059,0.0,64.0,0,0
prefill,1,192546,192705,0,10240,149885,12151299,0.0,64.0,0,0
prefill,1,192706,192775,0,4480,149885,12155779,0.0,64.0,0,0
prefill,1,192776,192842,0,4288,149885,12160067,0.0,64.0,0,0
prefill,1,192843,192917,0,4800,149885,12164867,0.0,64.0,0,0
prefill,1,192918,192986,0,4416,149885,12169283,0.0,64.0,0,0
prefill,1,192987,193059,0,4672,149885,12173955,0.0,64.0,0,0
prefill,1,193060,193125,0,4224,149885,12178179,0.0,64.0,0,0
prefill,1,193126,193199,0,4736,149885,12182915,0.0,64.0,0,0
prefill,1,193200,193268,0,4416,149885,12187331,0.0,64.0,0,0
prefill,1,193269,193349,0,5184,149885,12192515,0.0,64.0,0,0
prefill,1,193350,193420,0,4544,149885,12197059,0.0,64.0,0,0
prefill,1,193421,193493,0,4672,149885,12201731,0.0,64.0,0,0
prefill,1,193494,193563,0,4480,149885,12206211,0.0,64.0,0,0
prefill,1,193564,193634,0,4544,149885,12210755,0.0,64.0,0,0
prefill,1,193635,193711,0,4928,149885,12215683,0.0,64.0,0,0
prefill,1,193712,193724,0,832,149885,12216515,0.0,64.0,0,0
prefill,1,193725,193797,0,4672,149885,12221187,0.0,64.0,0,0
prefill,1,193798,193878,0,5184,149885,12226371,0.0,64.0,0,0
prefill,1,193879,193947,0,4416,149885,12230787,0.0,64.0,0,0
prefill,1,193948,194019,0,4608,149885,12235395,0.0,64.0,0,0
prefill,1,194020,194090,0,4544,149885,12239939,0.0,64.0,0,0
prefill,1,194091,194142,0,3328,149885,12243267,0.0,64.0,0,0
prefill,1,194143,194216,0,4736,149885,12248003,0.0,64.0,0,0
prefill,1,194217,194284,0,4352,149885,12252355,0.0,64.0,0,0
prefill,1,194285,194367,0,5312,149885,12257667,0.0,64.0,0,0
prefill,1,194368,194441,0,4736,149885,12262403,0.0,64.0,0,0
prefill,1,194442,194510,0,4416,149885,12266819,0.0,64.0,0,0
prefill,1,194511,194585,0,4800,149885,12271619,0.0,64.0,0,0
prefill,1,194586,194651,0,4224,149885,12275843,0.0,64.0,0,0
prefill,1,194652,194728,0,4928,149885,12280771,0.0,64.0,0,0
prefill,1,194729,194800,0,4608,149885,12285379,0.0,64.0,0,0
prefill,1,194801,194876,0,4864,149885,12290243,0.0,64.0,0,0
prefill,1,194877,194977,0,6464,149885,12296707,0.0,64.0,0,0
prefill,1,194978,195053,0,4864,149885,12301571,0.0,64.0,0,0
prefill,1,195054,195127,0,4736,149885,12306307,0.0,64.0,0,0
prefill,1,195128,195199,0,4608,149885,12310915,0.0,64.0,0,0
prefill,1,195200,195270,0,4544,149885,12315459,0.0,64.0,0,0
prefill,1,195271,195343,0,4672,149885,12320131,0.0,64.0,0,0
prefill,1,195344,195399,0,3584,149885,12323715,0.0,64.0,0,0
prefill,1,195400,195473,0,4736,149885,12328451,0.0,64.0,0,0
prefill,1,195474,195546,0,4672,149885,12333123,0.0,64.0,0,0
prefill,1,195547,195657,0,7104,149885,12340227,0.0,64.0,0,0
prefill,1,195658,195730,0,4672,149885,12344899,0.0,64.0,0,0
prefill,1,195731,195801,0,4544,149885,12349443,0.0,64.0,0,0
prefill,1,195802,195956,0,9920,149885,12359363,0.0,64.0,0,0
prefill,1,195957,196032,0,4864,149885,12364227,0.0,64.0,0,0
prefill,1,196033,196112,0,5120,149885,12369347,0.0,64.0,0,0
prefill,1,196113,196184,0,4608,149885,12373955,0.0,64.0,0,0
prefill,1,196185,196264,0,5120,149885,12379075,0.0,64.0,0,0
prefill,1,196265,196344,0,5120,149885,12384195,0.0,64.0,0,0
prefill,1,196345,196422,0,4992,149885,12389187,0.0,64.0,0,0
prefill,1,196423,196495,0,4672,149885,12393859,0.0,64.0,0,0
prefill,1,196496,196657,0,10368,149885,12404227,0.0,64.0,0,0
prefill,1,196658,196736,0,5056,149885,12409283,0.0,64.0,0,0
prefill,1,196737,196803,0,4288,149885,12413571,0.0,64.0,0,0
prefill,1,196804,196877,0,4736,149885,12418307,0.0,64.0,0,0
prefill,1,196878,196951,0,4736,149885,12423043,0.0,64.0,0,0
prefill,1,196952,197019,0,4352,149885,12427395,0.0,64.0,0,0
prefill,1,197020,197092,0,4672,149885,12432067,0.0,64.0,0,0
prefill,1,197093,197170,0,4992,149885,12437059,0.0,64.0,0,0
prefill,1,197171,197242,0,4608,149885,12441667,0.0,64.0,0,0
prefill,1,197243,197310,0,4352,149885,12446019,0.0,64.0,0,0
prefill,1,197311,197381,0,4544,149885,12450563,0.0,64.0,0,0
prefill,1,197382,197444,0,4032,149885,12454595,0.0,64.0,0,0
prefill,1,197445,197511,0,4288,149885,12458883,0.0,64.0,0,0
prefill,1,197512,197582,0,4544,149885,12463427,0.0,64.0,0,0
prefill,1,197583,197667,0,5440,149885,12468867,0.0,64.0,0,0
prefill,1,197668,197737,0,4480,149885,12473347,0.0,64.0,0,0
prefill,1,197738,197813,0,4864,149885,12478211,0.0,64.0,0,0
prefill,1,197814,197838,0,1600,149885,12479811,0.0,64.0,0,0
prefill,1,197839,197909,0,4544,149885,12484355,0.0,64.0,0,0
prefill,1,197910,197980,0,4544,149885,12488899,0.0,64.0,0,0
prefill,1,197981,198067,0,5568,149885,12494467,0.0,64.0,0,0
prefill,1,198068,198142,0,4800,149885,12499267,0.0,64.0,0,0
prefill,1,198143,198223,0,5184,149885,12504451,0.0,64.0,0,0
prefill,1,198224,198290,0,4288,149885,12508739,0.0,64.0,0,0
prefill,1,198291,198360,0,4480,149885,12513219,0.0,64.0,0,0
prefill,1,198361,198433,0,4672,149885,12517891,0.0,64.0,0,0
prefill,1,198434,198519,0,5504,149885,12523395,0.0,64.0,0,0
prefill,1,198520,198590,0,4544,149885,12527939,0.0,64.0,0,0
prefill,1,198591,198657,0,4288,149885,12532227,0.0,64.0,0,0
prefill,1,198658,198796,0,8896,149885,12541123,0.0,64.0,0,0
prefill,1,198797,198866,0,4480,149885,12545603,0.0,64.0,0,0
prefill,1,198867,198946,0,5120,149885,12550723,0.0,64.0,0,0
prefill,1,198947,199017,0,4544,149885,12555267,0.0,64.0,0,0
prefill,1,199018,199121,0,6656,149885,12561923,0.0,64.0,0,0
prefill,1,199122,199195,0,4736,149885,12566659,0.0,64.0,0,0
prefill,1,199196,199495,0,19200,149885,12585859,0.0,64.0,0,0
prefill,1,199496,199563,0,4352,149885,12590211,0.0,64.0,0,0
prefill,1,199564,199637,0,4736,149885,12594947,0.0,64.0,0,0
prefill,1,199638,199707,0,4480,149885,12599427,0.0,64.0,0,0
prefill,1,199708,199779,0,4608,149885,12604035,0.0,64.0,0,0
prefill,1,199780,199854,0,4800,149885,12608835,0.0,64.0,0,0
prefill,1,199855,199927,0,4672,149885,12613507,0.0,64.0,0,0
prefill,1,199928,200000,0,4672,149885,12618179,0.0,64.0,0,0
time_decay,0,1,300,0,0,0,0,0.0,0.0,0,0
time_decay,0,301,600,1616,4848,1616,4848,16.0,48.0,16,16
time_decay,0,601,900,4800,14400,6416,19248,16.0,48.0,16,16
time_decay,0,901,1200,4800,14400,11216,33648,16.0,48.0,16,16
time_decay,0,1201,1500,4800,14400,16016,48048,16.0,48.0,16,16
time_decay,0,1501,1800,4800,14400,20816,62448,16.0,48.0,16,16
time_decay,0,1801,2100,4800,14400,25616,76848,16.0,48.0,16,16
time_decay,0,2101,2128,448,1344,26064,78192,16.0,48.0,16,16
time_decay,0,2129,2428,4800,14400,30864,92592,16.0,48.0,16,16
time_decay,0,2429,2728,4800,14400,35664,106992,16.0,48.0,16,16
time_decay,0,2729,2852,1984,5952,37648,112944,16.0,48.0,16,16
time_decay,0,2853,3014,2592,7776,40240,120720,16.0,48.0,16,16
time_decay,0,3015,3314,4800,14400,45040,135120,16.0,48.0,16,16
time_decay,0,3315,3614,4800,14400,49840,149520,16.0,48.0,16,16
time_decay,0,3615,3914,4800,14400,54640,163920,16.0,48.0,16,16
time_decay,0,3915,4214,4800,14400,59440,178320,16.0,48.0,16,16
time_decay,0,4215,4514,4800,14400,64240,192720,16.0,48.0,16,16
time_decay,0,4515,4559,720,2160,64960,194880,16.0,48.0,16,16
time_decay,0,4560,4775,3456,10368,68416,205248,16.0,48.0,16,16
time_decay,0,4776,5075,4800,14400,73216,219648,16.0,48.0,16,16
time_decay,0,5076,5375,4800,14400,78016,234048,16.0,48.0,16,16
time_decay,0,5376,5675,4800,14400,82816,248448,16.0,48.0,16,16
time_decay,0,5676,5975,4800,14400,87616,262848,16.0,48.0,16,16
time_decay,0,5976,6118,2288,6864,89904,269712,16.0,48.0,16,16
time_decay,0,6119,6418,4800,14400,94704,284112,16.0,48.0,16,16
time_decay,0,6419,6718,4800,14400,99504,298512,16.0,48.0,16,16
time_decay,0,6719,6814,1536,4608,101040,303120,16.0,48.0,16,16
time_decay,0,6815,7114,4800,14400,105840,317520,16.0,48.0,16,16
time_decay,0,7115,7228,1824,5472,107664,322992,16.0,48.0,16,16
time_decay,0,7229,7528,4800,14400,112464,337392,16.0,48.0,16,16
time_decay,0,7529,7828,4800,14400,117264,351792,16.0,48.0,16,16
time_decay,0,7829,8103,4400,13200,121664,364992,16.0,48.0,16,16
time_decay,0,8104,8403,4800,14400,126464,379392,16.0,48.0,16,16
time_decay,0,8404,8703,4800,14400,131264,393792,16.0,48.0,16,16
time_decay,0,8704,8775,1152,3456,132416,397248,16.0,48.0,16,16
time_decay,0,8776,8900,2000,6000,134416,403248,16.0,48.0,16,16
time_decay,0,8901,9200,4800,14400,139216,417648,16.0,48.0,16,16
time_decay,0,9201,9226,416,1248,139632,418896,16.0,48.0,16,16
time_decay,0,9227,9526,4800,14400,144432,433296,16.0,48.0,16,16
time_decay,0,9527,9826,4800,14400,149232,447696,16.0,48.0,16,16
time_decay,0,9827,10126,4800,14400,154032,462096,16.0,48.0,16,16
time_decay,0,10127,10426,4800,14400,158832,476496,16.0,48.0,16,16
time_decay,0,10427,10726,4800,14400,163632,490896,16.0,48.0,16,16
time_decay,0,10727,10829,1648,4944,165280,495840,16.0,48.0,16,16
time_decay,0,10830,11098,4304,12912,169584,508752,16.0,48.0,16,16
time_decay,0,11099,11398,4800,14400,174384,523152,16.0,48.0,16,16
time_decay,0,11399,11698,4800,14400,179184,537552,16.0,48.0,16,16
time_decay,0,11699,11998,4800,14400,183984,551952,16.0,48.0,16,16
time_decay,0,11999,12298,4800,14400,188784,566352,16.0,48.0,16,16
time_decay,0,12299,12598,4800,14400,193584,580752,16.0,48.0,16,16
time_decay,0,12599,12897,4784,14352,198368,595104,16.0,48.0,16,16
time_decay,0,12898,13197,4800,14400,203168,609504,16.0,48.0,16,16
time_decay,0,13198,13411,3424,10272,206592,619776,16.0,48.0,16,16
time_decay,0,13412,13609,3168,9504,209760,629280,16.0,48.0,16,16
time_decay,0,13610,13909,4800,14400,214560,643680,16.0,48.0,16,16
time_decay,0,13910,14209,4800,14400,219360,658080,16.0,48.0,16,16
time_decay,0,14210,14509,4800,14400,224160,672480,16.0,48.0,16,16
time_decay,0,14510,14656,2352,7056,226512,679536,16.0,48.0,16,16
time_decay,0,14657,14956,4800,14400,231312,693936,16.0,48.0,16,16
time_decay,0,14957,15031,1200,3600,232512,697536,16.0,48.0,16,16
time_decay,0,15032,15331,4800,14400,237312,711936,16.0,48.0,16,16
time_decay,0,15332,15631,4800,14400,242112,726336,16.0,48.0,16,16
time_decay,0,15632,15878,3952,11856,246064,738192,16.0,48.0,16,16
time_decay,0,15879,15987,1744,5232,247808,743424,16.0,48.0,16,16
time_decay,0,15988,16186,3184,9552,250992,752976,16.0,48.0,16,16
time_decay,0,16187,16486,4800,14400,255792,767376,16.0,48.0,16,16
time_decay,0,16487,16594,1728,5184,257520,772560,16.0,48.0,16,16
time_decay,0,16595,16894,4800,14400,262320,786960,16.0,48.0,16,16
time_decay,0,16895,17194,4800,14400,267120,801360,16.0,48.0,16,16
time_decay,0,17195,17494,4800,14400,271920,815760,16.0,48.0,16,16
time_decay,0,17495,17531,592,1776,272512,817536,16.0,48.0,16,16
time_decay,0,17532,17831,4800,14400,277312,831936,16.0,48.0,16,16
time_decay,0,17832,18131,4800,14400,282112,846336,16.0,48.0,16,16
time_decay,0,18132,18431,4800,14400,286912,860736,16.0,48.0,16,16
time_decay,0,18432,18731,4800,14400,291712,875136,16.0,48.0,16,16
time_decay,0,18732,18997,4256,12768,295968,887904,16.0,48.0,16,16
time_decay,0,18998,19065,1088,3264,297056,891168,16.0,48.0,16,16
time_decay,0,19066,19262,3152,9456,300208,900624,16.0,48.0,16,16
time_decay,0,19263,19532,4320,12960,304528,913584,16.0,48.0,16,16
time_decay,0,19533,19774,3872,11616,308400,925200,16.0,48.0,16,16
time_decay,0,19775,19811,592,1776,308992,926976,16.0,48.0,16,16
time_decay,0,19812,20111,4800,14400,313792,941376,16.0,48.0,16,16
time_decay,0,20112,20176,1040,3120,314832,944496,16.0,48.0,16,16
time_decay,0,20177,20250,1184,3552,316016,948048,16.0,48.0,16,16
time_decay,0,20251,20359,1744,5232,317760,953280,16.0,48.0,16,16
time_decay,0,20360,20483,1984,5952,319744,959232,16.0,48.0,16,16
time_decay,0,20484,20528,720,2160,320464,961392,16.0,48.0,16,16
time_decay,0,20529,20616,1408,4224,321872,965616,16.0,48.0,16,16
time_decay,0,20617,20832,3456,10368,325328,975984,16.0,48.0,16,16
time_decay,0,20833,20861,464,1392,325792,977376,16.0,48.0,16,16
time_decay,0,20862,21032,2736,8208,328528,985584,16.0,48.0,16,16
time_decay,0,21033,21332,4800,14400,333328,999984,16.0,48.0,16,16
time_decay,0,21333,21632,4800,14400,338128,1014384,16.0,48.0,16,16
time_decay,0,21633,21745,1808,5424,339936,1019808,16.0,48.0,16,16
time_decay,0,21746,22028,4528,13584,344464,1033392,16.0,48.0,16,16
time_decay,0,22029,22067,624,1872,345088,1035264,16.0,48.0,16,16
time_decay,0,22068,22188,1936,5808,347024,1041072,16.0,48.0,16,16
time_decay,0,22189,22208,320,960,347344,1042032,16.0,48.0,16,16
time_decay,0,22209,22282,1184,3552,348528,1045584,16.0,48.0,16,16
time_decay,0,22283,22582,4800,14400,353328,1059984,16.0,48.0,16,16
time_decay,0,22583,22843,4176,12528,357504,1072512,16.0,48.0,16,16
time_decay,0,22844,23143,4800,14400,362304,1086912,16.0,48.0,16,16
time_decay,0,23144,23210,1072,3216,363376,1090128,16.0,48.0,16,16
time_decay,0,23211,23510,4800,14400,368176,1104528,16.0,48.0,16,16
time_decay,0,23511,23810,4800,14400,372976,1118928,16.0,48.0,16,16
time_decay,0,23811,23963,2448,7344,375424,1126272,16.0,48.0,16,16
time_decay,0,23964,24020,912,2736,376336,1129008,16.0,48.0,16,16
time_decay,0,24021,24170,2400,7200,378736,1136208,16.0,48.0,16,16
time_decay,0,24171,24470,4800,14400,383536,1150608,16.0,48.0,16,16
time_decay,0,24471,24770,4800,14400,388336,1165008,16.0,48.0,16,16
time_decay,0,24771,25070,4800,14400,393136,1179408,16.0,48.0,16,16
time_decay,0,25071,25084,224,672,393360,1180080,16.0,48.0,16,16
time_decay,0,25085,25260,2816,8448,396176,1188528,16.0,48.0,16,16
time_decay,0,25261,25409,2384,7152,398560,1195680,16.0,48.0,16,16
time_decay,0,25410,25709,4800,14400,403360,1210080,16.0,48.0,16,16
time_decay,0,25710,26009,4800,14400,408160,1224480,16.0,48.0,16,16
time_decay,0,26010,26110,1616,4848,409776,1229328,16.0,48.0,16,16
time_decay,0,26111,26371,4176,12528,413952,1241856,16.0,48.0,16,16
time_decay,0,26372,26662,4656,13968,418608,1255824,16.0,48.0,16,16
time_decay,0,26663,26962,4800,14400,423408,1270224,16.0,48.0,16,16
time_decay,0,26963,27262,4800,14400,428208,1284624,16.0,48.0,16,16
time_decay,0,27263,27562,4800,14400,433008,1299024,16.0,48.0,16,16
time_decay,0,27563,27589,432,1296,433440,1300320,16.0,48.0,16,16
time_decay,0,27590,27613,384,1152,433824,1301472,16.0,48.0,16,16
time_decay,0,27614,27913,4800,14400,438624,1315872,16.0,48.0,16,16
time_decay,0,27914,28179,4256,12768,442880,1328640,16.0,48.0,16,16
time_decay,0,28180,28479,4800,14400,447680,1343040,16.0,48.0,16,16
time_decay,0,28480,28779,4800,14400,452480,1357440,16.0,48.0,16,16
time_decay,0,28780,29079,4800,14400,457280,1371840,16.0,48.0,16,16
time_decay,0,29080,29379,4800,14400,462080,1386240,16.0,48.0,16,16
time_decay,0,29380,29679,4800,14400,466880,1400640,16.0,48.0,16,16
time_decay,0,29680,29979,4800,14400,471680,1415040,16.0,48.0,16,16
time_decay,0,29980,30279,4800,14400,476480,1429440,16.0,48.0,16,16
time_decay,0,30280,30579,4800,14400,481280,1443840,16.0,48.0,16,16
time_decay,0,30580,30738,2544,7632,483824,1451472,16.0,48.0,16,16
time_decay,0,30739,30950,3392,10176,487216,1461648,16.0,48.0,16,16
time_decay,0,30951,31250,4800,14400,492016,1476048,16.0,48.0,16,16
time_decay,0,31251,31324,1184,3552,493200,1479600,16.0,48.0,16,16
time_decay,0,31325,31394,1120,3360,494320,1482960,16.0,48.0,16,16
time_decay,0,31395,31537,2288,6864,496608,1489824,16.0,48.0,16,16
time_decay,0,31538,31662,2000,6000,498608,1495824,16.0,48.0,16,16
time_decay,0,31663,31843,2896,8688,501504,1504512,16.0,48.0,16,16
time_decay,0,31844,31899,896,2688,502400,1507200,16.0,48.0,16,16
time_decay,0,31900,32077,2848,8544,505248,1515744,16.0,48.0,16,16
time_decay,0,32078,32377,4800,14400,510048,1530144,16.0,48.0,16,16
time_decay,0,32378,32677,4800,14400,514848,1544544,16.0,48.0,16,16
time_decay,0,32678,32973,4736,14208,519584,1558752,16.0,48.0,16,16
time_decay,0,32974,33063,1440,4320,521024,1563072,16.0,48.0,16,16
time_decay,0,33064,33171,1728,5184,522752,1568256,16.0,48.0,16,16
time_decay,0,33172,33471,4800,14400,527552,1582656,16.0,48.0,16,16
time_decay,0,33472,33521,800,2400,528352,1585056,16.0,48.0,16,16
time_decay,0,33522,33719,3168,9504,531520,1594560,16.0,48.0,16,16
time_decay,0,33720,34019,4800,14400,536320,1608960,16.0,48.0,16,16
time_decay,0,34020,34143,1984,5952,538304,1614912,16.0,48.0,16,16
time_decay,0,34144,34193,800,2400,539104,1617312,16.0,48.0,16,16
time_decay,0,34194,34266,1168,3504,540272,1620816,16.0,48.0,16,16
time_decay,0,34267,34360,1504,4512,541776,1625328,16.0,48.0,16,16
time_decay,0,34361,34392,512,1536,542288,1626864,16.0,48.0,16,16
time_decay,0,34393,34692,4800,14400,547088,1641264,16.0,48.0,16,16
time_decay,0,34693,34772,1280,3840,548368,1645104,16.0,48.0,16,16
time_decay,0,34773,35072,4800,14400,553168,1659504,16.0,48.0,16,16
time_decay,0,35073,35372,4800,14400,557968,1673904,16.0,48.0,16,16
time_decay,0,35373,35569,3152,9456,561120,1683360,16.0,48.0,16,16
time_decay,0,35570,35615,736,2208,561856,1685568,16.0,48.0,16,16
time_decay,0,35616,35915,4800,14400,566656,1699968,16.0,48.0,16,16
time_decay,0,35916,36215,4800,14400,571456,1714368,16.0,48.0,16,16
time_decay,0,36216,36515,4800,14400,576256,1728768,16.0,48.0,16,16
time_decay,0,36516,36530,240,720,576496,1729488,16.0,48.0,16,16
time_decay,0,36531,36830,4800,14400,581296,1743888,16.0,48.0,16,16
time_decay,0,36831,37130,4800,14400,586096,1758288,16.0,48.0,16,16
time_decay,0,37131,37408,4448,13344,590544,1771632,16.0,48.0,16,16
time_decay,0,37409,37708,4800,14400,595344,1786032,16.0,48.0,16,16
time_decay,0,37709,38008,4800,14400,600144,1800432,16.0,48.0,16,16
time_decay,0,38009,38308,4800,14400,604944,1814832,16.0,48.0,16,16
time_decay,0,38309,38608,4800,14400,609744,1829232,16.0,48.0,16,16
time_decay,0,38609,38908,4800,14400,614544,1843632,16.0,48.0,16,16
time_decay,0,38909,39208,4800,14400,619344,1858032,16.0,48.0,16,16
time_decay,0,39209,39508,4800,14400,624144,1872432,16.0,48.0,16,16
time_decay,0,39509,39808,4800,14400,628944,1886832,16.0,48.0,16,16
time_decay,0,39809,40108,4800,14400,633744,1901232,16.0,48.0,16,16
time_decay,0,40109,40408,4800,14400,638544,1915632,16.0,48.0,16,16
time_decay,0,40409,40708,4800,14400,643344,1930032,16.0,48.0,16,16
time_decay,0,40709,41008,4800,14400,648144,1944432,16.0,48.0,16,16
time_decay,0,41009,41308,4800,14400,652944,1958832,16.0,48.0,16,16
time_decay,0,41309,41608,4800,14400,657744,1973232,16.0,48.0,16,16
time_decay,0,41609,41647,624,1872,658368,1975104,16.0,48.0,16,16
time_decay,0,41648,41947,4800,14400,663168,1989504,16.0,48.0,16,16
time_decay,0,41948,42247,4800,14400,667968,2003904,16.0,48.0,16,16
time_decay,0,42248,42547,4800,14400,672768,2018304,16.0,48.0,16,16
time_decay,0,42548,42847,4800,14400,677568,2032704,16.0,48.0,16,16
time_decay,0,42848,43147,4800,14400,682368,2047104,16.0,48.0,16,16
time_decay,0,43148,43290,2288,6864,684656,2053968,16.0,48.0,16,16
time_decay,0,43291,43590,4800,14400,689456,2068368,16.0,48.0,16,16
time_decay,0,43591,43890,4800,14400,694256,2082768,16.0,48.0,16,16
time_decay,0,43891,44190,4800,14400,699056,2097168,16.0,48.0,16,16
time_decay,0,44191,44490,4800,14400,703856,2111568,16.0,48.0,16,16
time_decay,0,44491,44790,4800,14400,708656,2125968,16.0,48.0,16,16
time_decay,0,44791,44962,2752,8256,711408,2134224,16.0,48.0,16,16
time_decay,0,44963,45262,4800,14400,716208,2148624,16.0,48.0,16,16
time_decay,0,45263,45562,4800,14400,721008,2163024,16.0,48.0,16,16
time_decay,0,45563,45862,4800,14400,725808,2177424,16.0,48.0,16,16
time_decay,0,45863,46162,4800,14400,730608,2191824,16.0,48.0,16,16
time_decay,0,46163,46214,832,2496,731440,2194320,16.0,48.0,16,16
time_decay,0,46215,46514,4800,14400,736240,2208720,16.0,48.0,16,16
time_decay,0,46515,46814,4800,14400,741040,2223120,16.0,48.0,16,16
time_decay,0,46815,47114,4800,14400,745840,2237520,16.0,48.0,16,16
time_decay,0,47115,47358,3904,11712,749744,2249232,16.0,48.0,16,16
time_decay,0,47359,47545,2992,8976,752736,2258208,16.0,48.0,16,16
time_decay,0,47546,47791,3936,11808,756672,2270016,16.0,48.0,16,16
time_decay,0,47792,47832,656,1968,757328,2271984,16.0,48.0,16,16
time_decay,0,47833,48123,4656,13968,761984,2285952,16.0,48.0,16,16
time_decay,0,48124,48423,4800,14400,766784,2300352,16.0,48.0,16,16
time_decay,0,48424,48723,4800,14400,771584,2314752,16.0,48.0,16,16
time_decay,0,48724,48797,1184,3552,772768,2318304,16.0,48.0,16,16
time_decay,0,48798,49097,4800,14400,777568,2332704,16.0,48.0,16,16
time_decay,0,49098,49397,4800,14400,782368,2347104,16.0,48.0,16,16
time_decay,0,49398,49697,4800,14400,787168,2361504,16.0,48.0,16,16
time_decay,0,49698,49997,4800,14400,791968,2375904,16.0,48.0,16,16
time_decay,0,49998,50297,1830,17370,793798,2393274,6.1,57.9,6,16
time_decay,0,50298,50597,1800,17400,795598,2410674,6.0,58.0,6,6
time_decay,0,50598,50897,1800,17400,797398,2428074,6.0,58.0,6,6
time_decay,0,50898,51197,1800,17400,799198,2445474,6.0,58.0,6,6
time_decay,0,51198,51497,1800,17400,800998,2462874,6.0,58.0,6,6
time_decay,0,51498,51797,1800,17400,802798,2480274,6.0,58.0,6,6
time_decay,0,51798,51871,444,4292,803242,2484566,6.0,58.0,6,6
time_decay,0,51872,52171,1800,17400,805042,2501966,6.0,58.0,6,6
time_decay,0,52172,52288,702,6786,805744,2508752,6.0,58.0,6,6
time_decay,0,52289,52588,1800,17400,807544,2526152,6.0,58.0,6,6
time_decay,0,52589,52716,768,7424,808312,2533576,6.0,58.0,6,6
time_decay,0,52717,53016,1800,17400,810112,2550976,6.0,58.0,6,6
time_decay,0,53017,53316,1800,17400,811912,2568376,6.0,58.0,6,6
time_decay,0,53317,53443,762,7366,812674,2575742,6.0,58.0,6,6
time_decay,0,53444,53743,1800,17400,814474,2593142,6.0,58.0,6,6
time_decay,0,53744,54043,1800,17400,816274,2610542,6.0,58.0,6,6
time_decay,0,54044,54343,1800,17400,818074,2627942,6.0,58.0,6,6
time_decay,0,54344,54643,1800,17400,819874,2645342,6.0,58.0,6,6
time_decay,0,54644,54943,1800,17400,821674,2662742,6.0,58.0,6,6
time_decay,0,54944,55243,1800,17400,823474,2680142,6.0,58.0,6,6
time_decay,0,55244,55543,1800,17400,825274,2697542,6.0,58.0,6,6
time_decay,0,55544,55843,1800,17400,827074,2714942,6.0,58.0,6,6
time_decay,0,55844,55995,912,8816,827986,2723758,6.0,58.0,6,6
time_decay,0,55996,56295,1800,17400,829786,2741158,6.0,58.0,6,6
time_decay,0,56296,56595,1800,17400,831586,2758558,6.0,58.0,6,6
time_decay,0,56596,56895,1800,17400,833386,2775958,6.0,58.0,6,6
time_decay,0,56896,57195,1800,17400,835186,2793358,6.0,58.0,6,6
time_decay,0,57196,57495,1800,17400,836986,2810758,6.0,58.0,6,6
time_decay,0,57496,57795,1800,17400,838786,2828158,6.0,58.0,6,6
time_decay,0,57796,58095,1800,17400,840586,2845558,6.0,58.0,6,6
time_decay,0,58096,58395,1800,17400,842386,2862958,6.0,58.0,6,6
time_decay,0,58396,58440,270,2610,842656,2865568,6.0,58.0,6,6
time_decay,0,58441,58625,1110,10730,843766,2876298,6.0,58.0,6,6
time_decay,0,58626,58925,1800,17400,845566,2893698,6.0,58.0,6,6
time_decay,0,58926,59225,1800,17400,847366,2911098,6.0,58.0,6,6
time_decay,0,59226,59525,1800,17400,849166,2928498,6.0,58.0,6,6
time_decay,0,59526,59620,570,5510,849736,2934008,6.0,58.0,6,6
time_decay,0,59621,59920,1800,17400,851536,2951408,6.0,58.0,6,6
time_decay,0,59921,59959,234,2262,851770,2953670,6.0,58.0,6,6
time_decay,0,59960,60259,1800,17400,853570,2971070,6.0,58.0,6,6
time_decay,0,60260,60559,1800,17400,855370,2988470,6.0,58.0,6,6
time_decay,0,60560,60859,1800,17400,857170,3005870,6.0,58.0,6,6
time_decay,0,60860,61159,1800,17400,858970,3023270,6.0,58.0,6,6
time_decay,0,61160,61459,1800,17400,860770,3040670,6.0,58.0,6,6
time_decay,0,61460,61759,1800,17400,862570,3058070,6.0,58.0,6,6
time_decay,0,61760,62059,1800,17400,864370,3075470,6.0,58.0,6,6
time_decay,0,62060,62359,1800,17400,866170,3092870,6.0,58.0,6,6
time_decay,0,62360,62392,198,1914,866368,3094784,6.0,58.0,6,6
time_decay,0,62393,62546,924,8932,867292,3103716,6.0,58.0,6,6
time_decay,0,62547,62846,1800,17400,869092,3121116,6.0,58.0,6,6
time_decay,0,62847,63146,1800,17400,870892,3138516,6.0,58.0,6,6
time_decay,0,63147,63446,1800,17400,872692,3155916,6.0,58.0,6,6
time_decay,0,63447,63500,324,3132,873016,3159048,6.0,58.0,6,6
time_decay,0,63501,63800,1800,17400,874816,3176448,6.0,58.0,6,6
time_decay,0,63801,64054,1524,14732,876340,3191180,6.0,58.0,6,6
time_decay,0,64055,64354,1800,17400,878140,3208580,6.0,58.0,6,6
time_decay,0,64355,64497,858,8294,878998,3216874,6.0,58.0,6,6
time_decay,0,64498,64797,1800,17400,880798,3234274,6.0,58.0,6,6
time_decay,0,64798,64824,162,1566,880960,3235840,6.0,58.0,6,6
time_decay,0,64825,65124,1800,17400,882760,3253240,6.0,58.0,6,6
time_decay,0,65125,65220,576,5568,883336,3258808,6.0,58.0,6,6
time_decay,0,65221,65520,1800,17400,885136,3276208,6.0,58.0,6,6
time_decay,0,65521,65820,1800,17400,886936,3293608,6.0,58.0,6,6
time_decay,0,65821,66120,1800,17400,888736,3311008,6.0,58.0,6,6
time_decay,0,66121,66420,1800,17400,890536,3328408,6.0,58.0,6,6
time_decay,0,66421,66471,306,2958,890842,3331366,6.0,58.0,6,6
time_decay,0,66472,66771,1800,17400,892642,3348766,6.0,58.0,6,6
time_decay,0,66772,67071,1800,17400,894442,3366166,6.0,58.0,6,6
time_decay,0,67072,67371,1800,17400,896242,3383566,6.0,58.0,6,6
time_decay,0,67372,67671,1800,17400,898042,3400966,6.0,58.0,6,6
time_decay,0,67672,67971,1800,17400,899842,3418366,6.0,58.0,6,6
time_decay,0,67972,68271,1800,17400,901642,3435766,6.0,58.0,6,6
time_decay,0,68272,68571,1800,17400,903442,3453166,6.0,58.0,6,6
time_decay,0,68572,68595,144,1392,903586,3454558,6.0,58.0,6,6
time_decay,0,68596,68847,1512,14616,905098,3469174,6.0,58.0,6,6
time_decay,0,68848,68963,696,6728,905794,3475902,6.0,58.0,6,6
time_decay,0,68964,69263,1800,17400,907594,3493302,6.0,58.0,6,6
time_decay,0,69264,69339,456,4408,908050,3497710,6.0,58.0,6,6
time_decay,0,69340,69639,1800,17400,909850,3515110,6.0,58.0,6,6
time_decay,0,69640,69939,1800,17400,911650,3532510,6.0,58.0,6,6
time_decay,0,69940,70239,1800,17400,913450,3549910,6.0,58.0,6,6
time_decay,0,70240,70539,1800,17400,915250,3567310,6.0,58.0,6,6
time_decay,0,70540,70839,1800,17400,917050,3584710,6.0,58.0,6,6
time_decay,0,70840,71139,1800,17400,918850,3602110,6.0,58.0,6,6
time_decay,0,71140,71439,1800,17400,920650,3619510,6.0,58.0,6,6
time_decay,0,71440,71739,1800,17400,922450,3636910,6.0,58.0,6,6
time_decay,0,71740,72039,1800,17400,924250,3654310,6.0,58.0,6,6
time_decay,0,72040,72339,1800,17400,926050,3671710,6.0,58.0,6,6
time_decay,0,72340,72639,1800,17400,927850,3689110,6.0,58.0,6,6
time_decay,0,72640,72939,1800,17400,929650,3706510,6.0,58.0,6,6
time_decay,0,72940,73239,1800,17400,931450,3723910,6.0,58.0,6,6
time_decay,0,73240,73539,1800,17400,933250,3741310,6.0,58.0,6,6
time_decay,0,73540,73839,1800,17400,935050,3758710,6.0,58.0,6,6
time_decay,0,73840,74139,1800,17400,936850,3776110,6.0,58.0,6,6
time_decay,0,74140,74287,888,8584,937738,3784694,6.0,58.0,6,6
time_decay,0,74288,74587,1800,17400,939538,3802094,6.0,58.0,6,6
time_decay,0,74588,74887,1800,17400,941338,3819494,6.0,58.0,6,6
time_decay,0,74888,75138,1506,14558,942844,3834052,6.0,58.0,6,6
time_decay,0,75139,75395,1542,14906,944386,3848958,6.0,58.0,6,6
time_decay,0,75396,75695,1800,17400,946186,3866358,6.0,58.0,6,6
time_decay,0,75696,75794,594,5742,946780,3872100,6.0,58.0,6,6
time_decay,0,75795,76094,1800,17400,948580,3889500,6.0,58.0,6,6
time_decay,0,76095,76394,1800,17400,950380,3906900,6.0,58.0,6,6
time_decay,0,76395,76694,1800,17400,952180,3924300,6.0,58.0,6,6
time_decay,0,76695,76803,654,6322,952834,3930622,6.0,58.0,6,6
time_decay,0,76804,76992,1134,10962,953968,3941584,6.0,58.0,6,6
time_decay,0,76993,77292,1800,17400,955768,3958984,6.0,58.0,6,6
time_decay,0,77293,77569,1662,16066,957430,3975050,6.0,58.0,6,6
time_decay,0,77570,77687,708,6844,958138,3981894,6.0,58.0,6,6
time_decay,0,77688,77987,1800,17400,959938,3999294,6.0,58.0,6,6
time_decay,0,77988,78190,1218,11774,961156,4011068,6.0,58.0,6,6
time_decay,0,78191,78490,1800,17400,962956,4028468,6.0,58.0,6,6
time_decay,0,78491,78530,240,2320,963196,4030788,6.0,58.0,6,6
time_decay,0,78531,78739,1254,12122,964450,4042910,6.0,58.0,6,6
time_decay,0,78740,79039,1800,17400,966250,4060310,6.0,58.0,6,6
time_decay,0,79040,79046,42,406,966292,4060716,6.0,58.0,6,6
time_decay,0,79047,79065,114,1102,966406,4061818,6.0,58.0,6,6
time_decay,0,79066,79300,1410,13630,967816,4075448,6.0,58.0,6,6
time_decay,0,79301,79372,432,4176,968248,4079624,6.0,58.0,6,6
time_decay,0,79373,79524,912,8816,969160,4088440,6.0,58.0,6,6
time_decay,0,79525,79577,318,3074,969478,4091514,6.0,58.0,6,6
time_decay,0,79578,79730,918,8874,970396,4100388,6.0,58.0,6,6
time_decay,0,79731,79806,456,4408,970852,4104796,6.0,58.0,6,6
time_decay,0,79807,79830,144,1392,970996,4106188,6.0,58.0,6,6
time_decay,0,79831,79937,642,6206,971638,4112394,6.0,58.0,6,6
time_decay,0,79938,80000,378,3654,972016,4116048,6.0,58.0,6,6
time_decay,0,80001,80260,1560,15080,973576,4131128,6.0,58.0,6,6
time_decay,0,80261,80365,630,6090,974206,4137218,6.0,58.0,6,6
time_decay,0,80366,80665,1800,17400,976006,4154618,6.0,58.0,6,6
time_decay,0,80666,80965,1800,17400,977806,4172018,6.0,58.0,6,6
time_decay,0,80966,81033,408,3944,978214,4175962,6.0,58.0,6,6
time_decay,0,81034,81106,438,4234,978652,4180196,6.0,58.0,6,6
time_decay,0,81107,81251,870,8410,979522,4188606,6.0,58.0,6,6
time_decay,0,81252,81419,1008,9744,980530,4198350,6.0,58.0,6,6
time_decay,0,81420,81607,1128,10904,981658,4209254,6.0,58.0,6,6
time_decay,0,81608,81893,1716,16588,983374,4225842,6.0,58.0,6,6
time_decay,0,81894,82100,1242,12006,984616,4237848,6.0,58.0,6,6
time_decay,0,82101,82400,1800,17400,986416,4255248,6.0,58.0,6,6
time_decay,0,82401,82700,1800,17400,988216,4272648,6.0,58.0,6,6
time_decay,0,82701,82935,1410,13630,989626,4286278,6.0,58.0,6,6
time_decay,0,82936,83114,1074,10382,990700,4296660,6.0,58.0,6,6
time_decay,0,83115,83414,1800,17400,992500,4314060,6.0,58.0,6,6
time_decay,0,83415,83654,1440,13920,993940,4327980,6.0,58.0,6,6
time_decay,0,83655,83887,1398,13514,995338,4341494,6.0,58.0,6,6
time_decay,0,83888,83946,354,3422,995692,4344916,6.0,58.0,6,6
time_decay,0,83947,84166,1320,12760,997012,4357676,6.0,58.0,6,6
time_decay,0,84167,84341,1050,10150,998062,4367826,6.0,58.0,6,6
time_decay,0,84342,84488,882,8526,998944,4376352,6.0,58.0,6,6
time_decay,0,84489,84501,78,754,999022,4377106,6.0,58.0,6,6
time_decay,0,84502,84553,312,3016,999334,4380122,6.0,58.0,6,6
time_decay,0,84554,84688,810,7830,1000144,4387952,6.0,58.0,6,6
time_decay,0,84689,84988,1800,17400,1001944,4405352,6.0,58.0,6,6
time_decay,0,84989,85179,1146,11078,1003090,4416430,6.0,58.0,6,6
time_decay,0,85180,85479,1800,17400,1004890,4433830,6.0,58.0,6,6
time_decay,0,85480,85779,1800,17400,1006690,4451230,6.0,58.0,6,6
time_decay,0,85780,85790,66,638,1006756,4451868,6.0,58.0,6,6
time_decay,0,85791,85937,882,8526,1007638,4460394,6.0,58.0,6,6
time_decay,0,85938,86097,960,9280,1008598,4469674,6.0,58.0,6,6
time_decay,0,86098,86177,480,4640,1009078,4474314,6.0,58.0,6,6
time_decay,0,86178,86355,1068,10324,1010146,4484638,6.0,58.0,6,6
time_decay,0,86356,86402,282,2726,1010428,4487364,6.0,58.0,6,6
time_decay,0,86403,86574,1032,9976,1011460,4497340,6.0,58.0,6,6
time_decay,0,86575,86580,36,348,1011496,4497688,6.0,58.0,6,6
time_decay,0,86581,86617,222,2146,1011718,4499834,6.0,58.0,6,6
time_decay,0,86618,86726,654,6322,1012372,4506156,6.0,58.0,6,6
time_decay,0,86727,86839,678,6554,1013050,4512710,6.0,58.0,6,6
time_decay,0,86840,87020,1086,10498,1014136,4523208,6.0,58.0,6,6
time_decay,0,87021,87130,660,6380,1014796,4529588,6.0,58.0,6,6
time_decay,0,87131,87430,1800,17400,1016596,4546988,6.0,58.0,6,6
time_decay,0,87431,87456,156,1508,1016752,4548496,6.0,58.0,6,6
time_decay,0,87457,87597,846,8178,1017598,4556674,6.0,58.0,6,6
time_decay,0,87598,87651,324,3132,1017922,4559806,6.0,58.0,6,6
time_decay,0,87652,87759,648,6264,1018570,4566070,6.0,58.0,6,6
time_decay,0,87760,87770,66,638,1018636,4566708,6.0,58.0,6,6
time_decay,0,87771,87900,780,7540,1019416,4574248,6.0,58.0,6,6
time_decay,0,87901,88028,768,7424,1020184,4581672,6.0,58.0,6,6
time_decay,0,88029,88092,384,3712,1020568,4585384,6.0,58.0,6,6
time_decay,0,88093,88237,870,8410,1021438,4593794,6.0,58.0,6,6
time_decay,0,88238,88355,708,6844,1022146,4600638,6.0,58.0,6,6
time_decay,0,88356,88396,246,2378,1022392,4603016,6.0,58.0,6,6
time_decay,0,88397,88587,1146,11078,1023538,4614094,6.0,58.0,6,6
time_decay,0,88588,88689,612,5916,1024150,4620010,6.0,58.0,6,6
time_decay,0,88690,88790,606,5858,1024756,4625868,6.0,58.0,6,6
time_decay,0,88791,88939,894,8642,1025650,4634510,6.0,58.0,6,6
time_decay,0,88940,89239,1800,17400,1027450,4651910,6.0,58.0,6,6
time_decay,0,89240,89247,48,464,1027498,4652374,6.0,58.0,6,6
time_decay,0,89248,89266,114,1102,1027612,4653476,6.0,58.0,6,6
time_decay,0,89267,89395,774,7482,1028386,4660958,6.0,58.0,6,6
time_decay,0,89396,89497,612,5916,1028998,4666874,6.0,58.0,6,6
time_decay,0,89498,89630,798,7714,1029796,4674588,6.0,58.0,6,6
time_decay,0,89631,89758,768,7424,1030564,4682012,6.0,58.0,6,6
time_decay,0,89759,89874,696,6728,1031260,4688740,6.0,58.0,6,6
time_decay,0,89875,90113,1434,13862,1032694,4702602,6.0,58.0,6,6
time_decay,0,90114,90218,630,6090,1033324,4708692,6.0,58.0,6,6
time_decay,0,90219,90315,582,5626,1033906,4714318,6.0,58.0,6,6
time_decay,0,90316,90425,660,6380,1034566,4720698,6.0,58.0,6,6
time_decay,0,90426,90449,144,1392,1034710,4722090,6.0,58.0,6,6
time_decay,0,90450,90561,672,6496,1035382,4728586,6.0,58.0,6,6
time_decay,0,90562,90661,600,5800,1035982,4734386,6.0,58.0,6,6
time_decay,0,90662,90931,1620,15660,1037602,4750046,6.0,58.0,6,6
time_decay,0,90932,91077,876,8468,1038478,4758514,6.0,58.0,6,6
time_decay,0,91078,91377,1800,17400,1040278,4775914,6.0,58.0,6,6
time_decay,0,91378,91404,162,1566,1040440,4777480,6.0,58.0,6,6
time_decay,0,91405,91414,60,580,1040500,4778060,6.0,58.0,6,6
time_decay,0,91415,91526,672,6496,1041172,4784556,6.0,58.0,6,6
time_decay,0,91527,91545,114,1102,1041286,4785658,6.0,58.0,6,6
time_decay,0,91546,91665,720,6960,1042006,4792618,6.0,58.0,6,6
time_decay,0,91666,91852,1122,10846,1043128,4803464,6.0,58.0,6,6
time_decay,0,91853,91870,108,1044,1043236,4804508,6.0,58.0,6,6
time_decay,0,91871,92019,894,8642,1044130,4813150,6.0,58.0,6,6
time_decay,0,92020,92138,714,6902,1044844,4820052,6.0,58.0,6,6
time_decay,0,92139,92301,978,9454,1045822,4829506,6.0,58.0,6,6
time_decay,0,92302,92417,696,6728,1046518,4836234,6.0,58.0,6,6
time_decay,0,92418,92536,714,6902,1047232,4843136,6.0,58.0,6,6
time_decay,0,92537,92599,378,3654,1047610,4846790,6.0,58.0,6,6
time_decay,0,92600,92735,816,7888,1048426,4854678,6.0,58.0,6,6
time_decay,0,92736,92868,798,7714,1049224,4862392,6.0,58.0,6,6
time_decay,0,92869,92999,786,7598,1050010,4869990,6.0,58.0,6,6
time_decay,0,93000,93016,102,986,1050112,4870976,6.0,58.0,6,6
time_decay,0,93017,93147,786,7598,1050898,4878574,6.0,58.0,6,6
time_decay,0,93148,93330,1098,10614,1051996,4889188,6.0,58.0,6,6
time_decay,0,93331,93535,1230,11890,1053226,4901078,6.0,58.0,6,6
time_decay,0,93536,93655,720,6960,1053946,4908038,6.0,58.0,6,6
time_decay,0,93656,93779,744,7192,1054690,4915230,6.0,58.0,6,6
time_decay,0,93780,93789,60,580,1054750,4915810,6.0,58.0,6,6
time_decay,0,93790,93806,102,986,1054852,4916796,6.0,58.0,6,6
time_decay,0,93807,93990,1104,10672,1055956,4927468,6.0,58.0,6,6
time_decay,0,93991,94016,156,1508,1056112,4928976,6.0,58.0,6,6
time_decay,0,94017,94023,42,406,1056154,4929382,6.0,58.0,6,6
time_decay,0,94024,94309,1716,16588,1057870,4945970,6.0,58.0,6,6
time_decay,0,94310,94428,714,6902,1058584,4952872,6.0,58.0,6,6
time_decay,0,94429,94439,66,638,1058650,4953510,6.0,58.0,6,6
time_decay,0,94440,94508,414,4002,1059064,4957512,6.0,58.0,6,6
time_decay,0,94509,94545,222,2146,1059286,4959658,6.0,58.0,6,6
time_decay,0,94546,94577,192,1856,1059478,4961514,6.0,58.0,6,6
time_decay,0,94578,94598,126,1218,1059604,4962732,6.0,58.0,6,6
time_decay,0,94599,94736,828,8004,1060432,4970736,6.0,58.0,6,6
time_decay,0,94737,94792,336,3248,1060768,4973984,6.0,58.0,6,6
time_decay,0,94793,94845,318,3074,1061086,4977058,6.0,58.0,6,6
time_decay,0,94846,94968,738,7134,1061824,4984192,6.0,58.0,6,6
time_decay,0,94969,95005,222,2146,1062046,4986338,6.0,58.0,6,6
time_decay,0,95006,95138,798,7714,1062844,4994052,6.0,58.0,6,6
time_decay,0,95139,95315,1062,10266,1063906,5004318,6.0,58.0,6,6
time_decay,0,95316,95425,660,6380,1064566,5010698,6.0,58.0,6,6
time_decay,0,95426,95556,786,7598,1065352,5018296,6.0,58.0,6,6
time_decay,0,95557,95632,456,4408,1065808,5022704,6.0,58.0,6,6
time_decay,0,95633,95758,756,7308,1066564,5030012,6.0,58.0,6,6
time_decay,0,95759,95777,114,1102,1066678,5031114,6.0,58.0,6,6
time_decay,0,95778,95890,678,6554,1067356,5037668,6.0,58.0,6,6
time_decay,0,95891,96059,1014,9802,1068370,5047470,6.0,58.0,6,6
time_decay,0,96060,96160,606,5858,1068976,5053328,6.0,58.0,6,6
time_decay,0,96161,96337,1062,10266,1070038,5063594,6.0,58.0,6,6
time_decay,0,96338,96589,1512,14616,1071550,5078210,6.0,58.0,6,6
time_decay,0,96590,96699,660,6380,1072210,5084590,6.0,58.0,6,6
time_decay,0,96700,96836,822,7946,1073032,5092536,6.0,58.0,6,6
time_decay,0,96837,96849,78,754,1073110,5093290,6.0,58.0,6,6
time_decay,0,96850,96978,774,7482,1073884,5100772,6.0,58.0,6,6
time_decay,0,96979,97129,906,8758,1074790,5109530,6.0,58.0,6,6
time_decay,0,97130,97256,762,7366,1075552,5116896,6.0,58.0,6,6
time_decay,0,97257,97343,522,5046,1076074,5121942,6.0,58.0,6,6
time_decay,0,97344,97375,192,1856,1076266,5123798,6.0,58.0,6,6
time_decay,0,97376,97402,162,1566,1076428,5125364,6.0,58.0,6,6
time_decay,0,97403,97539,822,7946,1077250,5133310,6.0,58.0,6,6
time_decay,0,97540,97655,696,6728,1077946,5140038,6.0,58.0,6,6
time_decay,0,97656,97733,468,4524,1078414,5144562,6.0,58.0,6,6
time_decay,0,97734,97857,744,7192,1079158,5151754,6.0,58.0,6,6
time_decay,0,97858,98010,918,8874,1080076,5160628,6.0,58.0,6,6
time_decay,0,98011,98113,618,5974,1080694,5166602,6.0,58.0,6,6
time_decay,0,98114,98199,516,4988,1081210,5171590,6.0,58.0,6,6
time_decay,0,98200,98221,132,1276,1081342,5172866,6.0,58.0,6,6
time_decay,0,98222,98242,126,1218,1081468,5174084,6.0,58.0,6,6
time_decay,0,98243,98310,408,3944,1081876,5178028,6.0,58.0,6,6
time_decay,0,98311,98422,672,6496,1082548,5184524,6.0,58.0,6,6
time_decay,0,98423,98527,630,6090,1083178,5190614,6.0,58.0,6,6
time_decay,0,98528,98662,810,7830,1083988,5198444,6.0,58.0,6,6
time_decay,0,98663,98679,102,986,1084090,5199430,6.0,58.0,6,6
time_decay,0,98680,98787,648,6264,1084738,5205694,6.0,58.0,6,6
time_decay,0,98788,98830,258,2494,1084996,5208188,6.0,58.0,6,6
time_decay,0,98831,98963,798,7714,1085794,5215902,6.0,58.0,6,6
time_decay,0,98964,99081,708,6844,1086502,5222746,6.0,58.0,6,6
time_decay,0,99082,99170,534,5162,1087036,5227908,6.0,58.0,6,6
time_decay,0,99171,99191,126,1218,1087162,5229126,6.0,58.0,6,6
time_decay,0,99192,99305,684,6612,1087846,5235738,6.0,58.0,6,6
time_decay,0,99306,99409,624,6032,1088470,5241770,6.0,58.0,6,6
time_decay,0,99410,99507,588,5684,1089058,5247454,6.0,58.0,6,6
time_decay,0,99508,99548,246,2378,1089304,5249832,6.0,58.0,6,6
time_decay,0,99549,99658,660,6380,1089964,5256212,6.0,58.0,6,6
time_decay,0,99659,99772,684,6612,1090648,5262824,6.0,58.0,6,6
time_decay,0,99773,99874,612,5916,1091260,5268740,6.0,58.0,6,6
time_decay,0,99875,99971,582,5626,1091842,5274366,6.0,58.0,6,6
time_decay,0,99972,100077,174,6610,1092016,5280976,1.6415094339622642,62.35849056603774,0,6
time_decay,0,100078,100105,0,1792,1092016,5282768,0.0,64.0,0,0
time_decay,0,100106,100125,0,1280,1092016,5284048,0.0,64.0,0,0
time_decay,0,100126,100236,0,7104,1092016,5291152,0.0,64.0,0,0
time_decay,0,100237,100359,0,7872,1092016,5299024,0.0,64.0,0,0
time_decay,0,100360,100379,0,1280,1092016,5300304,0.0,64.0,0,0
time_decay,0,100380,100490,0,7104,1092016,5307408,0.0,64.0,0,0
time_decay,0,100491,100587,0,6208,1092016,5313616,0.0,64.0,0,0
time_decay,0,100588,100720,0,8512,1092016,5322128,0.0,64.0,0,0
time_decay,0,100721,100812,0,5888,1092016,5328016,0.0,64.0,0,0
time_decay,0,100813,100890,0,4992,1092016,5333008,0.0,64.0,0,0
time_decay,0,100891,101006,0,7424,1092016,5340432,0.0,64.0,0,0
time_decay,0,101007,101122,0,7424,1092016,5347856,0.0,64.0,0,0
time_decay,0,101123,101269,0,9408,1092016,5357264,0.0,64.0,0,0
time_decay,0,101270,101411,0,9088,1092016,5366352,0.0,64.0,0,0
time_decay,0,101412,101545,0,8576,1092016,5374928,0.0,64.0,0,0
time_decay,0,101546,101563,0,1152,1092016,5376080,0.0,64.0,0,0
time_decay,0,101564,101660,0,6208,1092016,5382288,0.0,64.0,0,0
time_decay,0,101661,101723,0,4032,1092016,5386320,0.0,64.0,0,0
time_decay,0,101724,101834,0,7104,1092016,5393424,0.0,64.0,0,0
time_decay,0,101835,101938,0,6656,1092016,5400080,0.0,64.0,0,0
time_decay,0,101939,102060,0,7808,1092016,5407888,0.0,64.0,0,0
time_decay,0,102061,102159,0,6336,1092016,5414224,0.0,64.0,0,0
time_decay,0,102160,102198,0,2496,1092016,5416720,0.0,64.0,0,0
time_decay,0,102199,102316,0,7552,1092016,5424272,0.0,64.0,0,0
time_decay,0,102317,102407,0,5824,1092016,5430096,0.0,64.0,0,0
time_decay,0,102408,102529,0,7808,1092016,5437904,0.0,64.0,0,0
time_decay,0,102530,102551,0,1408,1092016,5439312,0.0,64.0,0,0
time_decay,0,102552,102660,0,6976,1092016,5446288,0.0,64.0,0,0
time_decay,0,102661,102683,0,1472,1092016,5447760,0.0,64.0,0,0
time_decay,0,102684,102770,0,5568,1092016,5453328,0.0,64.0,0,0
time_decay,0,102771,102924,0,9856,1092016,5463184,0.0,64.0,0,0
time_decay,0,102925,103025,0,6464,1092016,5469648,0.0,64.0,0,0
time_decay,0,103026,103089,0,4096,1092016,5473744,0.0,64.0,0,0
time_decay,0,103090,103148,0,3776,1092016,5477520,0.0,64.0,0,0
time_decay,0,103149,103157,0,576,1092016,5478096,0.0,64.0,0,0
time_decay,0,103158,103273,0,7424,1092016,5485520,0.0,64.0,0,0
time_decay,0,103274,103371,0,6272,1092016,5491792,0.0,64.0,0,0
time_decay,0,103372,103400,0,1856,1092016,5493648,0.0,64.0,0,0
time_decay,0,103401,103500,0,6400,1092016,5500048,0.0,64.0,0,0
time_decay,0,103501,103620,0,7680,1092016,5507728,0.0,64.0,0,0
time_decay,0,103621,103730,0,7040,1092016,5514768,0.0,64.0,0,0
time_decay,0,103731,103854,0,7936,1092016,5522704,0.0,64.0,0,0
time_decay,0,103855,103958,0,6656,1092016,5529360,0.0,64.0,0,0
time_decay,0,103959,104084,0,8064,1092016,5537424,0.0,64.0,0,0
time_decay,0,104085,104200,0,7424,1092016,5544848,0.0,64.0,0,0
time_decay,0,104201,104303,0,6592,1092016,5551440,0.0,64.0,0,0
time_decay,0,104304,104439,0,8704,1092016,5560144,0.0,64.0,0,0
time_decay,0,104440,104535,0,6144,1092016,5566288,0.0,64.0,0,0
time_decay,0,104536,104625,0,5760,1092016,5572048,0.0,64.0,0,0
time_decay,0,104626,104760,0,8640,1092016,5580688,0.0,64.0,0,0
time_decay,0,104761,104873,0,7232,1092016,5587920,0.0,64.0,0,0
time_decay,0,104874,104985,0,7168,1092016,5595088,0.0,64.0,0,0
time_decay,0,104986,105087,0,6528,1092016,5601616,0.0,64.0,0,0
time_decay,0,105088,105172,0,5440,1092016,5607056,0.0,64.0,0,0
time_decay,0,105173,105262,0,5760,1092016,5612816,0.0,64.0,0,0
time_decay,0,105263,105347,0,5440,1092016,5618256,0.0,64.0,0,0
time_decay,0,105348,105434,0,5568,1092016,5623824,0.0,64.0,0,0
time_decay,0,105435,105453,0,1216,1092016,5625040,0.0,64.0,0,0
time_decay,0,105454,105551,0,6272,1092016,5631312,0.0,64.0,0,0
time_decay,0,105552,105670,0,7616,1092016,5638928,0.0,64.0,0,0
time_decay,0,105671,105801,0,8384,1092016,5647312,0.0,64.0,0,0
time_decay,0,105802,105942,0,9024,1092016,5656336,0.0,64.0,0,0
time_decay,0,105943,106067,0,8000,1092016,5664336,0.0,64.0,0,0
time_decay,0,106068,106170,0,6592,1092016,5670928,0.0,64.0,0,0
time_decay,0,106171,106278,0,6912,1092016,5677840,0.0,64.0,0,0
time_decay,0,106279,106383,0,6720,1092016,5684560,0.0,64.0,0,0
time_decay,0,106384,106498,0,7360,1092016,5691920,0.0,64.0,0,0
time_decay,0,106499,106580,0,5248,1092016,5697168,0.0,64.0,0,0
time_decay,0,106581,106661,0,5184,1092016,5702352,0.0,64.0,0,0
time_decay,0,106662,106701,0,2560,1092016,5704912,0.0,64.0,0,0
time_decay,0,106702,106797,0,6144,1092016,5711056,0.0,64.0,0,0
time_decay,0,106798,106905,0,6912,1092016,5717968,0.0,64.0,0,0
time_decay,0,106906,107008,0,6592,1092016,5724560,0.0,64.0,0,0
time_decay,0,107009,107020,0,768,1092016,5725328,0.0,64.0,0,0
time_decay,0,107021,107108,0,5632,1092016,5730960,0.0,64.0,0,0
time_decay,0,107109,107215,0,6848,1092016,5737808,0.0,64.0,0,0
time_decay,0,107216,107321,0,6784,1092016,5744592,0.0,64.0,0,0
time_decay,0,107322,107445,0,7936,1092016,5752528,0.0,64.0,0,0
time_decay,0,107446,107554,0,6976,1092016,5759504,0.0,64.0,0,0
time_decay,0,107555,107649,0,6080,1092016,5765584,0.0,64.0,0,0
time_decay,0,107650,107756,0,6848,1092016,5772432,0.0,64.0,0,0
time_decay,0,107757,107867,0,7104,1092016,5779536,0.0,64.0,0,0
time_decay,0,107868,107963,0,6144,1092016,5785680,0.0,64.0,0,0
time_decay,0,107964,108070,0,6848,1092016,5792528,0.0,64.0,0,0
time_decay,0,108071,108167,0,6208,1092016,5798736,0.0,64.0,0,0
time_decay,0,108168,108200,0,2112,1092016,5800848,0.0,64.0,0,0
time_decay,0,108201,108292,0,5888,1092016,5806736,0.0,64.0,0,0
time_decay,0,108293,108394,0,6528,1092016,5813264,0.0,64.0,0,0
time_decay,0,108395,108508,0,7296,1092016,5820560,0.0,64.0,0,0
time_decay,0,108509,108609,0,6464,1092016,5827024,0.0,64.0,0,0
time_decay,0,108610,108713,0,6656,1092016,5833680,0.0,64.0,0,0
time_decay,0,108714,108856,0,9152,1092016,5842832,0.0,64.0,0,0
time_decay,0,108857,108959,0,6592,1092016,5849424,0.0,64.0,0,0
time_decay,0,108960,109064,0,6720,1092016,5856144,0.0,64.0,0,0
time_decay,0,109065,109156,0,5888,1092016,5862032,0.0,64.0,0,0
time_decay,0,109157,109259,0,6592,1092016,5868624,0.0,64.0,0,0
time_decay,0,109260,109347,0,5632,1092016,5874256,0.0,64.0,0,0
time_decay,0,109348,109446,0,6336,1092016,5880592,0.0,64.0,0,0
time_decay,0,109447,109547,0,6464,1092016,5887056,0.0,64.0,0,0
time_decay,0,109548,109631,0,5376,1092016,5892432,0.0,64.0,0,0
time_decay,0,109632,109653,0,1408,1092016,5893840,0.0,64.0,0,0
time_decay,0,109654,109750,0,6208,1092016,5900048,0.0,64.0,0,0
time_decay,0,109751,109839,0,5696,1092016,5905744,0.0,64.0,0,0
time_decay,0,109840,109943,0,6656,1092016,5912400,0.0,64.0,0,0
time_decay,0,109944,110031,0,5632,1092016,5918032,0.0,64.0,0,0
time_decay,0,110032,110041,0,640,1092016,5918672,0.0,64.0,0,0
time_decay,0,110042,110133,0,5888,1092016,5924560,0.0,64.0,0,0
time_decay,0,110134,110240,0,6848,1092016,5931408,0.0,64.0,0,0
time_decay,0,110241,110355,0,7360,1092016,5938768,0.0,64.0,0,0
time_decay,0,110356,110428,0,4672,1092016,5943440,0.0,64.0,0,0
time_decay,0,110429,110520,0,5888,1092016,5949328,0.0,64.0,0,0
time_decay,0,110521,110607,0,5568,1092016,5954896,0.0,64.0,0,0
time_decay,0,110608,110699,0,5888,1092016,5960784,0.0,64.0,0,0
time_decay,0,110700,110752,0,3392,1092016,5964176,0.0,64.0,0,0
time_decay,0,110753,110846,0,6016,1092016,5970192,0.0,64.0,0,0
time_decay,0,110847,110879,0,2112,1092016,5972304,0.0,64.0,0,0
time_decay,0,110880,110978,0,6336,1092016,5978640,0.0,64.0,0,0
time_decay,0,110979,111075,0,6208,1092016,5984848,0.0,64.0,0,0
time_decay,0,111076,111169,0,6016,1092016,5990864,0.0,64.0,0,0
time_decay,0,111170,111275,0,6784,1092016,5997648,0.0,64.0,0,0
time_decay,0,111276,111370,0,6080,1092016,6003728,0.0,64.0,0,0
time_decay,0,111371,111458,0,5632,1092016,6009360,0.0,64.0,0,0
time_decay,0,111459,111554,0,6144,1092016,6015504,0.0,64.0,0,0
time_decay,0,111555,111649,0,6080,1092016,6021584,0.0,64.0,0,0
time_decay,0,111650,111728,0,5056,1092016,6026640,0.0,64.0,0,0
time_decay,0,111729,111771,0,2752,1092016,6029392,0.0,64.0,0,0
time_decay,0,111772,111856,0,5440,1092016,6034832,0.0,64.0,0,0
time_decay,0,111857,111961,0,6720,1092016,6041552,0.0,64.0,0,0
time_decay,0,111962,112059,0,6272,1092016,6047824,0.0,64.0,0,0
time_decay,0,112060,112097,0,2432,1092016,6050256,0.0,64.0,0,0
time_decay,0,112098,112173,0,4864,1092016,6055120,0.0,64.0,0,0
time_decay,0,112174,112267,0,6016,1092016,6061136,0.0,64.0,0,0
time_decay,0,112268,112390,0,7872,1092016,6069008,0.0,64.0,0,0
time_decay,0,112391,112483,0,5952,1092016,6074960,0.0,64.0,0,0
time_decay,0,112484,112578,0,6080,1092016,6081040,0.0,64.0,0,0
time_decay,0,112579,112638,0,3840,1092016,6084880,0.0,64.0,0,0
time_decay,0,112639,112733,0,6080,1092016,6090960,0.0,64.0,0,0
time_decay,0,112734,112830,0,6208,1092016,6097168,0.0,64.0,0,0
time_decay,0,112831,112938,0,6912,1092016,6104080,0.0,64.0,0,0
time_decay,0,112939,113033,0,6080,1092016,6110160,0.0,64.0,0,0
time_decay,0,113034,113054,0,1344,1092016,6111504,0.0,64.0,0,0
time_decay,0,113055,113187,0,8512,1092016,6120016,0.0,64.0,0,0
time_decay,0,113188,113275,0,5632,1092016,6125648,0.0,64.0,0,0
time_decay,0,113276,113301,0,1664,1092016,6127312,0.0,64.0,0,0
time_decay,0,113302,113392,0,5824,1092016,6133136,0.0,64.0,0,0
time_decay,0,113393,113488,0,6144,1092016,6139280,0.0,64.0,0,0
time_decay,0,113489,113571,0,5312,1092016,6144592,0.0,64.0,0,0
time_decay,0,113572,113585,0,896,1092016,6145488,0.0,64.0,0,0
time_decay,0,113586,113620,0,2240,1092016,6147728,0.0,64.0,0,0
time_decay,0,113621,113704,0,5376,1092016,6153104,0.0,64.0,0,0
time_decay,0,113705,113796,0,5888,1092016,6158992,0.0,64.0,0,0
time_decay,0,113797,113931,0,8640,1092016,6167632,0.0,64.0,0,0
time_decay,0,113932,114021,0,5760,1092016,6173392,0.0,64.0,0,0
time_decay,0,114022,114103,0,5248,1092016,6178640,0.0,64.0,0,0
time_decay,0,114104,114201,0,6272,1092016,6184912,0.0,64.0,0,0
time_decay,0,114202,114305,0,6656,1092016,6191568,0.0,64.0,0,0
time_decay,0,114306,114397,0,5888,1092016,6197456,0.0,64.0,0,0
time_decay,0,114398,114514,0,7488,1092016,6204944,0.0,64.0,0,0
time_decay,0,114515,114614,0,6400,1092016,6211344,0.0,64.0,0,0
time_decay,0,114615,114702,0,5632,1092016,6216976,0.0,64.0,0,0
time_decay,0,114703,114781,0,5056,1092016,6222032,0.0,64.0,0,0
time_decay,0,114782,114849,0,4352,1092016,6226384,0.0,64.0,0,0
time_decay,0,114850,114939,0,5760,1092016,6232144,0.0,64.0,0,0
time_decay,0,114940,115043,0,6656,1092016,6238800,0.0,64.0,0,0
time_decay,0,115044,115150,0,6848,1092016,6245648,0.0,64.0,0,0
time_decay,0,115151,115166,0,1024,1092016,6246672,0.0,64.0,0,0
time_decay,0,115167,115256,0,5760,1092016,6252432,0.0,64.0,0,0
time_decay,0,115257,115341,0,5440,1092016,6257872,0.0,64.0,0,0
time_decay,0,115342,115457,0,7424,1092016,6265296,0.0,64.0,0,0
time_decay,0,115458,115542,0,5440,1092016,6270736,0.0,64.0,0,0
time_decay,0,115543,115666,0,7936,1092016,6278672,0.0,64.0,0,0
time_decay,0,115667,115754,0,5632,1092016,6284304,0.0,64.0,0,0
time_decay,0,115755,115858,0,6656,1092016,6290960,0.0,64.0,0,0
time_decay,0,115859,115947,0,5696,1092016,6296656,0.0,64.0,0,0
time_decay,0,115948,116053,0,6784,1092016,6303440,0.0,64.0,0,0
time_decay,0,116054,116146,0,5952,1092016,6309392,0.0,64.0,0,0
time_decay,0,116147,116200,0,3456,1092016,6312848,0.0,64.0,0,0
time_decay,0,116201,116229,0,1856,1092016,6314704,0.0,64.0,0,0
time_decay,0,116230,116251,0,1408,1092016,6316112,0.0,64.0,0,0
time_decay,0,116252,116378,0,8128,1092016,6324240,0.0,64.0,0,0
time_decay,0,116379,116468,0,5760,1092016,6330000,0.0,64.0,0,0
time_decay,0,116469,116566,0,6272,1092016,6336272,0.0,64.0,0,0
time_decay,0,116567,116657,0,5824,1092016,6342096,0.0,64.0,0,0
time_decay,0,116658,116753,0,6144,1092016,6348240,0.0,64.0,0,0
time_decay,0,116754,116775,0,1408,1092016,6349648,0.0,64.0,0,0
time_decay,0,116776,116814,0,2496,1092016,6352144,0.0,64.0,0,0
time_decay,0,116815,116918,0,6656,1092016,6358800,0.0,64.0,0,0
time_decay,0,116919,116938,0,1280,1092016,6360080,0.0,64.0,0,0
time_decay,0,116939,117068,0,8320,1092016,6368400,0.0,64.0,0,0
time_decay,0,117069,117102,0,2176,1092016,6370576,0.0,64.0,0,0
time_decay,0,117103,117207,0,6720,1092016,6377296,0.0,64.0,0,0
time_decay,0,117208,117299,0,5888,1092016,6383184,0.0,64.0,0,0
time_decay,0,117300,117322,0,1472,1092016,6384656,0.0,64.0,0,0
time_decay,0,117323,117355,0,2112,1092016,6386768,0.0,64.0,0,0
time_decay,0,117356,117467,0,7168,1092016,6393936,0.0,64.0,0,0
time_decay,0,117468,117506,0,2496,1092016,6396432,0.0,64.0,0,0
time_decay,0,117507,117591,0,5440,1092016,6401872,0.0,64.0,0,0
time_decay,0,117592,117696,0,6720,1092016,6408592,0.0,64.0,0,0
time_decay,0,117697,117781,0,5440,1092016,6414032,0.0,64.0,0,0
time_decay,0,117782,117838,0,3648,1092016,6417680,0.0,64.0,0,0
time_decay,0,117839,117960,0,7808,1092016,6425488,0.0,64.0,0,0
time_decay,0,117961,118070,0,7040,1092016,6432528,0.0,64.0,0,0
time_decay,0,118071,118107,0,2368,1092016,6434896,0.0,64.0,0,0
time_decay,0,118108,118212,0,6720,1092016,6441616,0.0,64.0,0,0
time_decay,0,118213,118348,0,8704,1092016,6450320,0.0,64.0,0,0
time_decay,0,118349,118447,0,6336,1092016,6456656,0.0,64.0,0,0
time_decay,0,118448,118525,0,4992,1092016,6461648,0.0,64.0,0,0
time_decay,0,118526,118620,0,6080,1092016,6467728,0.0,64.0,0,0
time_decay,0,118621,118685,0,4160,1092016,6471888,0.0,64.0,0,0
time_decay,0,118686,118711,0,1664,1092016,6473552,0.0,64.0,0,0
time_decay,0,118712,118838,0,8128,1092016,6481680,0.0,64.0,0,0
time_decay,0,118839,118940,0,6528,1092016,6488208,0.0,64.0,0,0
time_decay,0,118941,119029,0,5696,1092016,6493904,0.0,64.0,0,0
time_decay,0,119030,119115,0,5504,1092016,6499408,0.0,64.0,0,0
time_decay,0,119116,119211,0,6144,1092016,6505552,0.0,64.0,0,0
time_decay,0,119212,119228,0,1088,1092016,6506640,0.0,64.0,0,0
time_decay,0,119229,119321,0,5952,1092016,6512592,0.0,64.0,0,0
time_decay,0,119322,119425,0,6656,1092016,6519248,0.0,64.0,0,0
time_decay,0,119426,119513,0,5632,1092016,6524880,0.0,64.0,0,0
time_decay,0,119514,119556,0,2752,1092016,6527632,0.0,64.0,0,0
time_decay,0,119557,119628,0,4608,1092016,6532240,0.0,64.0,0,0
time_decay,0,119629,119710,0,5248,1092016,6537488,0.0,64.0,0,0
time_decay,0,119711,119782,0,4608,1092016,6542096,0.0,64.0,0,0
time_decay,0,119783,119906,0,7936,1092016,6550032,0.0,64.0,0,0
time_decay,0,119907,119984,0,4992,1092016,6555024,0.0,64.0,0,0
time_decay,0,119985,120062,0,4992,1092016,6560016,0.0,64.0,0,0
time_decay,0,120063,120163,0,6464,1092016,6566480,0.0,64.0,0,0
time_decay,0,120164,120253,0,5760,1092016,6572240,0.0,64.0,0,0
time_decay,0,120254,120286,0,2112,1092016,6574352,0.0,64.0,0,0
time_decay,0,120287,120401,0,7360,1092016,6581712,0.0,64.0,0,0
time_decay,0,120402,120485,0,5376,1092016,6587088,0.0,64.0,0,0
time_decay,0,120486,120625,0,8960,1092016,6596048,0.0,64.0,0,0
time_decay,0,120626,120695,0,4480,1092016,6600528,0.0,64.0,0,0
time_decay,0,120696,120781,0,5504,1092016,6606032,0.0,64.0,0,0
time_decay,0,120782,120867,0,5504,1092016,6611536,0.0,64.0,0,0
time_decay,0,120868,120960,0,5952,1092016,6617488,0.0,64.0,0,0
time_decay,0,120961,121042,0,5248,1092016,6622736,0.0,64.0,0,0
time_decay,0,121043,121154,0,7168,1092016,6629904,0.0,64.0,0,0
time_decay,0,121155,121260,0,6784,1092016,6636688,0.0,64.0,0,0
time_decay,0,121261,121359,0,6336,1092016,6643024,0.0,64.0,0,0
time_decay,0,121360,121450,0,5824,1092016,6648848,0.0,64.0,0,0
time_decay,0,121451,121538,0,5632,1092016,6654480,0.0,64.0,0,0
time_decay,0,121539,121627,0,5696,1092016,6660176,0.0,64.0,0,0
time_decay,0,121628,121643,0,1024,1092016,6661200,0.0,64.0,0,0
time_decay,0,121644,121728,0,5440,1092016,6666640,0.0,64.0,0,0
time_decay,0,121729,121819,0,5824,1092016,6672464,0.0,64.0,0,0
time_decay,0,121820,121906,0,5568,1092016,6678032,0.0,64.0,0,0
time_decay,0,121907,121969,0,4032,1092016,6682064,0.0,64.0,0,0
time_decay,0,121970,122060,0,5824,1092016,6687888,0.0,64.0,0,0
time_decay,0,122061,122196,0,8704,1092016,6696592,0.0,64.0,0,0
time_decay,0,122197,122292,0,6144,1092016,6702736,0.0,64.0,0,0
time_decay,0,122293,122382,0,5760,1092016,6708496,0.0,64.0,0,0
time_decay,0,122383,122506,0,7936,1092016,6716432,0.0,64.0,0,0
time_decay,0,122507,122614,0,6912,1092016,6723344,0.0,64.0,0,0
time_decay,0,122615,122710,0,6144,1092016,6729488,0.0,64.0,0,0
time_decay,0,122711,122815,0,6720,1092016,6736208,0.0,64.0,0,0
time_decay,0,122816,122905,0,5760,1092016,6741968,0.0,64.0,0,0
time_decay,0,122906,122995,0,5760,1092016,6747728,0.0,64.0,0,0
time_decay,0,122996,123021,0,1664,1092016,6749392,0.0,64.0,0,0
time_decay,0,123022,123114,0,5952,1092016,6755344,0.0,64.0,0,0
time_decay,0,123115,123208,0,6016,1092016,6761360,0.0,64.0,0,0
time_decay,0,123209,123296,0,5632,1092016,6766992,0.0,64.0,0,0
time_decay,0,123297,123387,0,5824,1092016,6772816,0.0,64.0,0,0
time_decay,0,123388,123402,0,960,1092016,6773776,0.0,64.0,0,0
time_decay,0,123403,123515,0,7232,1092016,6781008,0.0,64.0,0,0
time_decay,0,123516,123606,0,5824,1092016,6786832,0.0,64.0,0,0
time_decay,0,123607,123689,0,5312,1092016,6792144,0.0,64.0,0,0
time_decay,0,123690,123780,0,5824,1092016,6797968,0.0,64.0,0,0
time_decay,0,123781,123814,0,2176,1092016,6800144,0.0,64.0,0,0
time_decay,0,123815,123913,0,6336,1092016,6806480,0.0,64.0,0,0
time_decay,0,123914,124008,0,6080,1092016,6812560,0.0,64.0,0,0
time_decay,0,124009,124117,0,6976,1092016,6819536,0.0,64.0,0,0
time_decay,0,124118,124214,0,6208,1092016,6825744,0.0,64.0,0,0
time_decay,0,124215,124298,0,5376,1092016,6831120,0.0,64.0,0,0
time_decay,0,124299,124398,0,6400,1092016,6837520,0.0,64.0,0,0
time_decay,0,124399,124499,0,6464,1092016,6843984,0.0,64.0,0,0
time_decay,0,124500,124600,0,6464,1092016,6850448,0.0,64.0,0,0
time_decay,0,124601,124712,0,7168,1092016,6857616,0.0,64.0,0,0
time_decay,0,124713,124792,0,5120,1092016,6862736,0.0,64.0,0,0
time_decay,0,124793,124889,0,6208,1092016,6868944,0.0,64.0,0,0
time_decay,0,124890,124978,0,5696,1092016,6874640,0.0,64.0,0,0
time_decay,0,124979,125061,0,5312,1092016,6879952,0.0,64.0,0,0
time_decay,0,125062,125161,0,6400,1092016,6886352,0.0,64.0,0,0
time_decay,0,125162,125260,0,6336,1092016,6892688,0.0,64.0,0,0
time_decay,0,125261,125359,0,6336,1092016,6899024,0.0,64.0,0,0
time_decay,0,125360,125444,0,5440,1092016,6904464,0.0,64.0,0,0
time_decay,0,125445,125554,0,7040,1092016,6911504,0.0,64.0,0,0
time_decay,0,125555,125668,0,7296,1092016,6918800,0.0,64.0,0,0
time_decay,0,125669,125751,0,5312,1092016,6924112,0.0,64.0,0,0
time_decay,0,125752,125840,0,5696,1092016,6929808,0.0,64.0,0,0
time_decay,0,125841,125934,0,6016,1092016,6935824,0.0,64.0,0,0
time_decay,0,125935,126025,0,5824,1092016,6941648,0.0,64.0,0,0
time_decay,0,126026,126123,0,6272,1092016,6947920,0.0,64.0,0,0
time_decay,0,126124,126218,0,6080,1092016,6954000,0.0,64.0,0,0
time_decay,0,126219,126324,0,6784,1092016,6960784,0.0,64.0,0,0
time_decay,0,126325,126345,0,1344,1092016,6962128,0.0,64.0,0,0
time_decay,0,126346,126449,0,6656,1092016,6968784,0.0,64.0,0,0
time_decay,0,126450,126541,0,5888,1092016,6974672,0.0,64.0,0,0
time_decay,0,126542,126655,0,7296,1092016,6981968,0.0,64.0,0,0
time_decay,0,126656,126757,0,6528,1092016,6988496,0.0,64.0,0,0
time_decay,0,126758,126927,0,10880,1092016,6999376,0.0,64.0,0,0
time_decay,0,126928,127078,0,9664,1092016,7009040,0.0,64.0,0,0
time_decay,0,127079,127169,0,5824,1092016,7014864,0.0,64.0,0,0
time_decay,0,127170,127253,0,5376,1092016,7020240,0.0,64.0,0,0
time_decay,0,127254,127341,0,5632,1092016,7025872,0.0,64.0,0,0
time_decay,0,127342,127421,0,5120,1092016,7030992,0.0,64.0,0,0
time_decay,0,127422,127683,0,16768,1092016,7047760,0.0,64.0,0,0
time_decay,0,127684,127772,0,5696,1092016,7053456,0.0,64.0,0,0
time_decay,0,127773,127908,0,8704,1092016,7062160,0.0,64.0,0,0
time_decay,0,127909,128114,0,13184,1092016,7075344,0.0,64.0,0,0
time_decay,0,128115,128414,0,19200,1092016,7094544,0.0,64.0,0,0
time_decay,0,128415,128497,0,5312,1092016,7099856,0.0,64.0,0,0
time_decay,0,128498,128797,0,19200,1092016,7119056,0.0,64.0,0,0
time_decay,0,128798,129097,0,19200,1092016,7138256,0.0,64.0,0,0
time_decay,0,129098,129183,0,5504,1092016,7143760,0.0,64.0,0,0
time_decay,0,129184,129272,0,5696,1092016,7149456,0.0,64.0,0,0
time_decay,0,129273,129359,0,5568,1092016,7155024,0.0,64.0,0,0
time_decay,0,129360,129448,0,5696,1092016,7160720,0.0,64.0,0,0
time_decay,0,129449,129553,0,6720,1092016,7167440,0.0,64.0,0,0
time_decay,0,129554,129658,0,6720,1092016,7174160,0.0,64.0,0,0
time_decay,0,129659,129751,0,5952,1092016,7180112,0.0,64.0,0,0
time_decay,0,129752,129772,0,1344,1092016,7181456,0.0,64.0,0,0
time_decay,0,129773,129848,0,4864,1092016,7186320,0.0,64.0,0,0
time_decay,0,129849,129934,0,5504,1092016,7191824,0.0,64.0,0,0
time_decay,0,129935,129952,0,1152,1092016,7192976,0.0,64.0,0,0
time_decay,0,129953,130044,0,5888,1092016,7198864,0.0,64.0,0,0
time_decay,0,130045,130144,0,6400,1092016,7205264,0.0,64.0,0,0
time_decay,0,130145,130156,0,768,1092016,7206032,0.0,64.0,0,0
time_decay,0,130157,130238,0,5248,1092016,7211280,0.0,64.0,0,0
time_decay,0,130239,130313,0,4800,1092016,7216080,0.0,64.0,0,0
time_decay,0,130314,130361,0,3072,1092016,7219152,0.0,64.0,0,0
time_decay,0,130362,130452,0,5824,1092016,7224976,0.0,64.0,0,0
time_decay,0,130453,130537,0,5440,1092016,7230416,0.0,64.0,0,0
time_decay,0,130538,130602,0,4160,1092016,7234576,0.0,64.0,0,0
time_decay,0,130603,130695,0,5952,1092016,7240528,0.0,64.0,0,0
time_decay,0,130696,130786,0,5824,1092016,7246352,0.0,64.0,0,0
time_decay,0,130787,130870,0,5376,1092016,7251728,0.0,64.0,0,0
time_decay,0,130871,130953,0,5312,1092016,7257040,0.0,64.0,0,0
time_decay,0,130954,131054,0,6464,1092016,7263504,0.0,64.0,0,0
time_decay,0,131055,131125,0,4544,1092016,7268048,0.0,64.0,0,0
time_decay,0,131126,131219,0,6016,1092016,7274064,0.0,64.0,0,0
time_decay,0,131220,131316,0,6208,1092016,7280272,0.0,64.0,0,0
time_decay,0,131317,131369,0,3392,1092016,7283664,0.0,64.0,0,0
time_decay,0,131370,131381,0,768,1092016,7284432,0.0,64.0,0,0
time_decay,0,131382,131419,0,2432,1092016,7286864,0.0,64.0,0,0
time_decay,0,131420,131511,0,5888,1092016,7292752,0.0,64.0,0,0
time_decay,0,131512,131588,0,4928,1092016,7297680,0.0,64.0,0,0
time_decay,0,131589,131683,0,6080,1092016,7303760,0.0,64.0,0,0
time_decay,0,131684,131771,0,5632,1092016,7309392,0.0,64.0,0,0
time_decay,0,131772,131863,0,5888,1092016,7315280,0.0,64.0,0,0
time_decay,0,131864,131947,0,5376,1092016,7320656,0.0,64.0,0,0
time_decay,0,131948,132045,0,6272,1092016,7326928,0.0,64.0,0,0
time_decay,0,132046,132132,0,5568,1092016,7332496,0.0,64.0,0,0
time_decay,0,132133,132203,0,4544,1092016,7337040,0.0,64.0,0,0
time_decay,0,132204,132293,0,5760,1092016,7342800,0.0,64.0,0,0
time_decay,0,132294,132374,0,5184,1092016,7347984,0.0,64.0,0,0
time_decay,0,132375,132458,0,5376,1092016,7353360,0.0,64.0,0,0
time_decay,0,132459,132557,0,6336,1092016,7359696,0.0,64.0,0,0
time_decay,0,132558,132645,0,5632,1092016,7365328,0.0,64.0,0,0
time_decay,0,132646,132726,0,5184,1092016,7370512,0.0,64.0,0,0
time_decay,0,132727,132815,0,5696,1092016,7376208,0.0,64.0,0,0
time_decay,0,132816,132881,0,4224,1092016,7380432,0.0,64.0,0,0
time_decay,0,132882,132965,0,5376,1092016,7385808,0.0,64.0,0,0
time_decay,0,132966,133054,0,5696,1092016,7391504,0.0,64.0,0,0
time_decay,0,133055,133145,0,5824,1092016,7397328,0.0,64.0,0,0
time_decay,0,133146,133237,0,5888,1092016,7403216,0.0,64.0,0,0
time_decay,0,133238,133321,0,5376,1092016,7408592,0.0,64.0,0,0
time_decay,0,133322,133425,0,6656,1092016,7415248,0.0,64.0,0,0
time_decay,0,133426,133514,0,5696,1092016,7420944,0.0,64.0,0,0
time_decay,0,133515,133597,0,5312,1092016,7426256,0.0,64.0,0,0
time_decay,0,133598,133685,0,5632,1092016,7431888,0.0,64.0,0,0
time_decay,0,133686,133724,0,2496,1092016,7434384,0.0,64.0,0,0
time_decay,0,133725,133810,0,5504,1092016,7439888,0.0,64.0,0,0
time_decay,0,133811,133885,0,4800,1092016,7444688,0.0,64.0,0,0
time_decay,0,133886,133975,0,5760,1092016,7450448,0.0,64.0,0,0
time_decay,0,133976,134058,0,5312,1092016,7455760,0.0,64.0,0,0
time_decay,0,134059,134138,0,5120,1092016,7460880,0.0,64.0,0,0
time_decay,0,134139,134232,0,6016,1092016,7466896,0.0,64.0,0,0
time_decay,0,134233,134312,0,5120,1092016,7472016,0.0,64.0,0,0
time_decay,0,134313,134387,0,4800,1092016,7476816,0.0,64.0,0,0
time_decay,0,134388,134509,0,7808,1092016,7484624,0.0,64.0,0,0
time_decay,0,134510,134595,0,5504,1092016,7490128,0.0,64.0,0,0
time_decay,0,134596,134677,0,5248,1092016,7495376,0.0,64.0,0,0
time_decay,0,134678,134770,0,5952,1092016,7501328,0.0,64.0,0,0
time_decay,0,134771,134861,0,5824,1092016,7507152,0.0,64.0,0,0
time_decay,0,134862,134941,0,5120,1092016,7512272,0.0,64.0,0,0
time_decay,0,134942,135021,0,5120,1092016,7517392,0.0,64.0,0,0
time_decay,0,135022,135115,0,6016,1092016,7523408,0.0,64.0,0,0
time_decay,0,135116,135212,0,6208,1092016,7529616,0.0,64.0,0,0
time_decay,0,135213,135299,0,5568,1092016,7535184,0.0,64.0,0,0
time_decay,0,135300,135389,0,5760,1092016,7540944,0.0,64.0,0,0
time_decay,0,135390,135477,0,5632,1092016,7546576,0.0,64.0,0,0
time_decay,0,135478,135546,0,4416,1092016,7550992,0.0,64.0,0,0
time_decay,0,135547,135629,0,5312,1092016,7556304,0.0,64.0,0,0
time_decay,0,135630,135759,0,8320,1092016,7564624,0.0,64.0,0,0
time_decay,0,135760,135826,0,4288,1092016,7568912,0.0,64.0,0,0
time_decay,0,135827,135902,0,4864,1092016,7573776,0.0,64.0,0,0
time_decay,0,135903,135978,0,4864,1092016,7578640,0.0,64.0,0,0
time_decay,0,135979,136052,0,4736,1092016,7583376,0.0,64.0,0,0
time_decay,0,136053,136128,0,4864,1092016,7588240,0.0,64.0,0,0
time_decay,0,136129,136212,0,5376,1092016,7593616,0.0,64.0,0,0
time_decay,0,136213,136295,0,5312,1092016,7598928,0.0,64.0,0,0
time_decay,0,136296,136398,0,6592,1092016,7605520,0.0,64.0,0,0
time_decay,0,136399,136480,0,5248,1092016,7610768,0.0,64.0,0,0
time_decay,0,136481,136558,0,4992,1092016,7615760,0.0,64.0,0,0
time_decay,0,136559,136642,0,5376,1092016,7621136,0.0,64.0,0,0
time_decay,0,136643,136715,0,4672,1092016,7625808,0.0,64.0,0,0
time_decay,0,136716,136807,0,5888,1092016,7631696,0.0,64.0,0,0
time_decay,0,136808,136888,0,5184,1092016,7636880,0.0,64.0,0,0
time_decay,0,136889,136964,0,4864,1092016,7641744,0.0,64.0,0,0
time_decay,0,136965,137037,0,4672,1092016,7646416,0.0,64.0,0,0
time_decay,0,137038,137126,0,5696,1092016,7652112,0.0,64.0,0,0
time_decay,0,137127,137201,0,4800,1092016,7656912,0.0,64.0,0,0
time_decay,0,137202,137277,0,4864,1092016,7661776,0.0,64.0,0,0
time_decay,0,137278,137365,0,5632,1092016,7667408,0.0,64.0,0,0
time_decay,0,137366,137450,0,5440,1092016,7672848,0.0,64.0,0,0
time_decay,0,137451,137529,0,5056,1092016,7677904,0.0,64.0,0,0
time_decay,0,137530,137606,0,4928,1092016,7682832,0.0,64.0,0,0
time_decay,0,137607,137692,0,5504,1092016,7688336,0.0,64.0,0,0
time_decay,0,137693,137766,0,4736,1092016,7693072,0.0,64.0,0,0
time_decay,0,137767,137844,0,4992,1092016,7698064,0.0,64.0,0,0
time_decay,0,137845,137854,0,640,1092016,7698704,0.0,64.0,0,0
time_decay,0,137855,137869,0,960,1092016,7699664,0.0,64.0,0,0
time_decay,0,137870,137934,0,4160,1092016,7703824,0.0,64.0,0,0
time_decay,0,137935,138011,0,4928,1092016,7708752,0.0,64.0,0,0
time_decay,0,138012,138027,0,1024,1092016,7709776,0.0,64.0,0,0
time_decay,0,138028,138099,0,4608,1092016,7714384,0.0,64.0,0,0
time_decay,0,138100,138181,0,5248,1092016,7719632,0.0,64.0,0,0
time_decay,0,138182,138196,0,960,1092016,7720592,0.0,64.0,0,0
time_decay,0,138197,138250,0,3456,1092016,7724048,0.0,64.0,0,0
time_decay,0,138251,138330,0,5120,1092016,7729168,0.0,64.0,0,0
time_decay,0,138331,138428,0,6272,1092016,7735440,0.0,64.0,0,0
time_decay,0,138429,138513,0,5440,1092016,7740880,0.0,64.0,0,0
time_decay,0,138514,138591,0,4992,1092016,7745872,0.0,64.0,0,0
time_decay,0,138592,138678,0,5568,1092016,7751440,0.0,64.0,0,0
time_decay,0,138679,138765,0,5568,1092016,7757008,0.0,64.0,0,0
time_decay,0,138766,138845,0,5120,1092016,7762128,0.0,64.0,0,0
time_decay,0,138846,138920,0,4800,1092016,7766928,0.0,64.0,0,0
time_decay,0,138921,138999,0,5056,1092016,7771984,0.0,64.0,0,0
time_decay,0,139000,139080,0,5184,1092016,7777168,0.0,64.0,0,0
time_decay,0,139081,139145,0,4160,1092016,7781328,0.0,64.0,0,0
time_decay,0,139146,139221,0,4864,1092016,7786192,0.0,64.0,0,0
time_decay,0,139222,139298,0,4928,1092016,7791120,0.0,64.0,0,0
time_decay,0,139299,139373,0,4800,1092016,7795920,0.0,64.0,0,0
time_decay,0,139374,139469,0,6144,1092016,7802064,0.0,64.0,0,0
time_decay,0,139470,139543,0,4736,1092016,7806800,0.0,64.0,0,0
time_decay,0,139544,139558,0,960,1092016,7807760,0.0,64.0,0,0
time_decay,0,139559,139634,0,4864,1092016,7812624,0.0,64.0,0,0
time_decay,0,139635,139714,0,5120,1092016,7817744,0.0,64.0,0,0
time_decay,0,139715,139785,0,4544,1092016,7822288,0.0,64.0,0,0
time_decay,0,139786,139868,0,5312,1092016,7827600,0.0,64.0,0,0
time_decay,0,139869,139942,0,4736,1092016,7832336,0.0,64.0,0,0
time_decay,0,139943,140026,0,5376,1092016,7837712,0.0,64.0,0,0
time_decay,0,140027,140118,0,5888,1092016,7843600,0.0,64.0,0,0
time_decay,0,140119,140206,0,5632,1092016,7849232,0.0,64.0,0,0
time_decay,0,140207,140313,0,6848,1092016,7856080,0.0,64.0,0,0
time_decay,0,140314,140394,0,5184,1092016,7861264,0.0,64.0,0,0
time_decay,0,140395,140467,0,4672,1092016,7865936,0.0,64.0,0,0
time_decay,0,140468,140542,0,4800,1092016,7870736,0.0,64.0,0,0
time_decay,0,140543,140622,0,5120,1092016,7875856,0.0,64.0,0,0
time_decay,0,140623,140694,0,4608,1092016,7880464,0.0,64.0,0,0
time_decay,0,140695,140766,0,4608,1092016,7885072,0.0,64.0,0,0
time_decay,0,140767,140839,0,4672,1092016,7889744,0.0,64.0,0,0
time_decay,0,140840,140907,0,4352,1092016,7894096,0.0,64.0,0,0
time_decay,0,140908,140980,0,4672,1092016,7898768,0.0,64.0,0,0
time_decay,0,140981,141059,0,5056,1092016,7903824,0.0,64.0,0,0
time_decay,0,141060,141128,0,4416,1092016,7908240,0.0,64.0,0,0
time_decay,0,141129,141204,0,4864,1092016,7913104,0.0,64.0,0,0
time_decay,0,141205,141279,0,4800,1092016,7917904,0.0,64.0,0,0
time_decay,0,141280,141352,0,4672,1092016,7922576,0.0,64.0,0,0
time_decay,0,141353,141419,0,4288,1092016,7926864,0.0,64.0,0,0
time_decay,0,141420,141499,0,5120,1092016,7931984,0.0,64.0,0,0
time_decay,0,141500,141575,0,4864,1092016,7936848,0.0,64.0,0,0
time_decay,0,141576,141655,0,5120,1092016,7941968,0.0,64.0,0,0
time_decay,0,141656,141733,0,4992,1092016,7946960,0.0,64.0,0,0
time_decay,0,141734,141806,0,4672,1092016,7951632,0.0,64.0,0,0
time_decay,0,141807,141877,0,4544,1092016,7956176,0.0,64.0,0,0
time_decay,0,141878,141955,0,4992,1092016,7961168,0.0,64.0,0,0
time_decay,0,141956,142035,0,5120,1092016,7966288,0.0,64.0,0,0
time_decay,0,142036,142106,0,4544,1092016,7970832,0.0,64.0,0,0
time_decay,0,142107,142185,0,5056,1092016,7975888,0.0,64.0,0,0
time_decay,0,142186,142269,0,5376,1092016,7981264,0.0,64.0,0,0
time_decay,0,142270,142349,0,5120,1092016,7986384,0.0,64.0,0,0
time_decay,0,142350,142426,0,4928,1092016,7991312,0.0,64.0,0,0
time_decay,0,142427,142508,0,5248,1092016,7996560,0.0,64.0,0,0
time_decay,0,142509,142524,0,1024,1092016,7997584,0.0,64.0,0,0
time_decay,0,142525,142607,0,5312,1092016,8002896,0.0,64.0,0,0
time_decay,0,142608,142734,0,8128,1092016,8011024,0.0,64.0,0,0
time_decay,0,142735,142817,0,5312,1092016,8016336,0.0,64.0,0,0
time_decay,0,142818,142902,0,5440,1092016,8021776,0.0,64.0,0,0
time_decay,0,142903,142973,0,4544,1092016,8026320,0.0,64.0,0,0
time_decay,0,142974,143053,0,5120,1092016,8031440,0.0,64.0,0,0
time_decay,0,143054,143138,0,5440,1092016,8036880,0.0,64.0,0,0
time_decay,0,143139,143209,0,4544,1092016,8041424,0.0,64.0,0,0
time_decay,0,143210,143227,0,1152,1092016,8042576,0.0,64.0,0,0
time_decay,0,143228,143310,0,5312,1092016,8047888,0.0,64.0,0,0
time_decay,0,143311,143383,0,4672,1092016,8052560,0.0,64.0,0,0
time_decay,0,143384,143456,0,4672,1092016,8057232,0.0,64.0,0,0
time_decay,0,143457,143579,0,7872,1092016,8065104,0.0,64.0,0,0
time_decay,0,143580,143659,0,5120,1092016,8070224,0.0,64.0,0,0
time_decay,0,143660,143734,0,4800,1092016,8075024,0.0,64.0,0,0
time_decay,0,143735,143807,0,4672,1092016,8079696,0.0,64.0,0,0
time_decay,0,143808,143892,0,5440,1092016,8085136,0.0,64.0,0,0
time_decay,0,143893,143973,0,5184,1092016,8090320,0.0,64.0,0,0
time_decay,0,143974,144046,0,4672,1092016,8094992,0.0,64.0,0,0
time_decay,0,144047,144127,0,5184,1092016,8100176,0.0,64.0,0,0
time_decay,0,144128,144215,0,5632,1092016,8105808,0.0,64.0,0,0
time_decay,0,144216,144236,0,1344,1092016,8107152,0.0,64.0,0,0
time_decay,0,144237,144304,0,4352,1092016,8111504,0.0,64.0,0,0
time_decay,0,144305,144393,0,5696,1092016,8117200,0.0,64.0,0,0
time_decay,0,144394,144472,0,5056,1092016,8122256,0.0,64.0,0,0
time_decay,0,144473,144541,0,4416,1092016,8126672,0.0,64.0,0,0
time_decay,0,144542,144617,0,4864,1092016,8131536,0.0,64.0,0,0
time_decay,0,144618,144697,0,5120,1092016,8136656,0.0,64.0,0,0
time_decay,0,144698,144769,0,4608,1092016,8141264,0.0,64.0,0,0
time_decay,0,144770,144845,0,4864,1092016,8146128,0.0,64.0,0,0
time_decay,0,144846,144921,0,4864,1092016,8150992,0.0,64.0,0,0
time_decay,0,144922,145006,0,5440,1092016,8156432,0.0,64.0,0,0
time_decay,0,145007,145082,0,4864,1092016,8161296,0.0,64.0,0,0
time_decay,0,145083,145156,0,4736,1092016,8166032,0.0,64.0,0,0
time_decay,0,145157,145234,0,4992,1092016,8171024,0.0,64.0,0,0
time_decay,0,145235,145308,0,4736,1092016,8175760,0.0,64.0,0,0
time_decay,0,145309,145386,0,4992,1092016,8180752,0.0,64.0,0,0
time_decay,0,145387,145460,0,4736,1092016,8185488,0.0,64.0,0,0
time_decay,0,145461,145541,0,5184,1092016,8190672,0.0,64.0,0,0
time_decay,0,145542,145623,0,5248,1092016,8195920,0.0,64.0,0,0
time_decay,0,145624,145702,0,5056,1092016,8200976,0.0,64.0,0,0
time_decay,0,145703,145771,0,4416,1092016,8205392,0.0,64.0,0,0
time_decay,0,145772,145847,0,4864,1092016,8210256,0.0,64.0,0,0
time_decay,0,145848,145922,0,4800,1092016,8215056,0.0,64.0,0,0
time_decay,0,145923,145996,0,4736,1092016,8219792,0.0,64.0,0,0
time_decay,0,145997,146078,0,5248,1092016,8225040,0.0,64.0,0,0
time_decay,0,146079,146088,0,640,1092016,8225680,0.0,64.0,0,0
time_decay,0,146089,146156,0,4352,1092016,8230032,0.0,64.0,0,0
time_decay,0,146157,146243,0,5568,1092016,8235600,0.0,64.0,0,0
time_decay,0,146244,146319,0,4864,1092016,8240464,0.0,64.0,0,0
time_decay,0,146320,146393,0,4736,1092016,8245200,0.0,64.0,0,0
time_decay,0,146394,146461,0,4352,1092016,8249552,0.0,64.0,0,0
time_decay,0,146462,146535,0,4736,1092016,8254288,0.0,64.0,0,0
time_decay,0,146536,146611,0,4864,1092016,8259152,0.0,64.0,0,0
time_decay,0,146612,146685,0,4736,1092016,8263888,0.0,64.0,0,0
time_decay,0,146686,146762,0,4928,1092016,8268816,0.0,64.0,0,0
time_decay,0,146763,146840,0,4992,1092016,8273808,0.0,64.0,0,0
time_decay,0,146841,146911,0,4544,1092016,8278352,0.0,64.0,0,0
time_decay,0,146912,146986,0,4800,1092016,8283152,0.0,64.0,0,0
time_decay,0,146987,147054,0,4352,1092016,8287504,0.0,64.0,0,0
time_decay,0,147055,147128,0,4736,1092016,8292240,0.0,64.0,0,0
time_decay,0,147129,147205,0,4928,1092016,8297168,0.0,64.0,0,0
time_decay,0,147206,147282,0,4928,1092016,8302096,0.0,64.0,0,0
time_decay,0,147283,147361,0,5056,1092016,8307152,0.0,64.0,0,0
time_decay,0,147362,147433,0,4608,1092016,8311760,0.0,64.0,0,0
time_decay,0,147434,147519,0,5504,1092016,8317264,0.0,64.0,0,0
time_decay,0,147520,147587,0,4352,1092016,8321616,0.0,64.0,0,0
time_decay,0,147588,147663,0,4864,1092016,8326480,0.0,64.0,0,0
time_decay,0,147664,147737,0,4736,1092016,8331216,0.0,64.0,0,0
time_decay,0,147738,147816,0,5056,1092016,8336272,0.0,64.0,0,0
time_decay,0,147817,147887,0,4544,1092016,8340816,0.0,64.0,0,0
time_decay,0,147888,147961,0,4736,1092016,8345552,0.0,64.0,0,0
time_decay,0,147962,148038,0,4928,1092016,8350480,0.0,64.0,0,0
time_decay,0,148039,148109,0,4544,1092016,8355024,0.0,64.0,0,0
time_decay,0,148110,148187,0,4992,1092016,8360016,0.0,64.0,0,0
time_decay,0,148188,148256,0,4416,1092016,8364432,0.0,64.0,0,0
time_decay,0,148257,148327,0,4544,1092016,8368976,0.0,64.0,0,0
time_decay,0,148328,148398,0,4544,1092016,8373520,0.0,64.0,0,0
time_decay,0,148399,148481,0,5312,1092016,8378832,0.0,64.0,0,0
time_decay,0,148482,148550,0,4416,1092016,8383248,0.0,64.0,0,0
time_decay,0,148551,148635,0,5440,1092016,8388688,0.0,64.0,0,0
time_decay,0,148636,148707,0,4608,1092016,8393296,0.0,64.0,0,0
time_decay,0,148708,148783,0,4864,1092016,8398160,0.0,64.0,0,0
time_decay,0,148784,148858,0,4800,1092016,8402960,0.0,64.0,0,0
time_decay,0,148859,148929,0,4544,1092016,8407504,0.0,64.0,0,0
time_decay,0,148930,149009,0,5120,1092016,8412624,0.0,64.0,0,0
time_decay,0,149010,149083,0,4736,1092016,8417360,0.0,64.0,0,0
time_decay,0,149084,149156,0,4672,1092016,8422032,0.0,64.0,0,0
time_decay,0,149157,149233,0,4928,1092016,8426960,0.0,64.0,0,0
time_decay,0,149234,149311,0,4992,1092016,8431952,0.0,64.0,0,0
time_decay,0,149312,149382,0,4544,1092016,8436496,0.0,64.0,0,0
time_decay,0,149383,149450,0,4352,1092016,8440848,0.0,64.0,0,0
time_decay,0,149451,149520,0,4480,1092016,8445328,0.0,64.0,0,0
time_decay,0,149521,149600,0,5120,1092016,8450448,0.0,64.0,0,0
time_decay,0,149601,149681,0,5184,1092016,8455632,0.0,64.0,0,0
time_decay,0,149682,149756,0,4800,1092016,8460432,0.0,64.0,0,0
time_decay,0,149757,149830,0,4736,1092016,8465168,0.0,64.0,0,0
time_decay,0,149831,149902,0,4608,1092016,8469776,0.0,64.0,0,0
time_decay,0,149903,149974,0,4608,1092016,8474384,0.0,64.0,0,0
time_decay,0,149975,150049,0,4800,1092016,8479184,0.0,64.0,0,0
time_decay,0,150050,150128,0,5056,1092016,8484240,0.0,64.0,0,0
time_decay,0,150129,150200,0,4608,1092016,8488848,0.0,64.0,0,0
time_decay,0,150201,150276,0,4864,1092016,8493712,0.0,64.0,0,0
time_decay,0,150277,150354,0,4992,1092016,8498704,0.0,64.0,0,0
time_decay,0,150355,150431,0,4928,1092016,8503632,0.0,64.0,0,0
time_decay,0,150432,150513,0,5248,1092016,8508880,0.0,64.0,0,0
time_decay,0,150514,150584,0,4544,1092016,8513424,0.0,64.0,0,0
time_decay,0,150585,150598,0,896,1092016,8514320,0.0,64.0,0,0
time_decay,0,150599,150677,0,5056,1092016,8519376,0.0,64.0,0,0
time_decay,0,150678,150754,0,4928,1092016,8524304,0.0,64.0,0,0
time_decay,0,150755,150824,0,4480,1092016,8528784,0.0,64.0,0,0
time_decay,0,150825,150893,0,4416,1092016,8533200,0.0,64.0,0,0
time_decay,0,150894,150968,0,4800,1092016,8538000,0.0,64.0,0,0
time_decay,0,150969,151042,0,4736,1092016,8542736,0.0,64.0,0,0
time_decay,0,151043,151111,0,4416,1092016,8547152,0.0,64.0,0,0
time_decay,0,151112,151183,0,4608,1092016,8551760,0.0,64.0,0,0
time_decay,0,151184,151259,0,4864,1092016,8556624,0.0,64.0,0,0
time_decay,0,151260,151330,0,4544,1092016,8561168,0.0,64.0,0,0
time_decay,0,151331,151406,0,4864,1092016,8566032,0.0,64.0,0,0
time_decay,0,151407,151475,0,4416,1092016,8570448,0.0,64.0,0,0
time_decay,0,151476,151544,0,4416,1092016,8574864,0.0,64.0,0,0
time_decay,0,151545,151622,0,4992,1092016,8579856,0.0,64.0,0,0
time_decay,0,151623,151695,0,4672,1092016,8584528,0.0,64.0,0,0
time_decay,0,151696,151765,0,4480,1092016,8589008,0.0,64.0,0,0
time_decay,0,151766,151834,0,4416,1092016,8593424,0.0,64.0,0,0
time_decay,0,151835,151904,0,4480,1092016,8597904,0.0,64.0,0,0
time_decay,0,151905,151971,0,4288,1092016,8602192,0.0,64.0,0,0
time_decay,0,151972,152043,0,4608,1092016,8606800,0.0,64.0,0,0
time_decay,0,152044,152111,0,4352,1092016,8611152,0.0,64.0,0,0
time_decay,0,152112,152178,0,4288,1092016,8615440,0.0,64.0,0,0
time_decay,0,152179,152259,0,5184,1092016,8620624,0.0,64.0,0,0
time_decay,0,152260,152332,0,4672,1092016,8625296,0.0,64.0,0,0
time_decay,0,152333,152400,0,4352,1092016,8629648,0.0,64.0,0,0
time_decay,0,152401,152469,0,4416,1092016,8634064,0.0,64.0,0,0
time_decay,0,152470,152539,0,4480,1092016,8638544,0.0,64.0,0,0
time_decay,0,152540,152615,0,4864,1092016,8643408,0.0,64.0,0,0
time_decay,0,152616,152686,0,4544,1092016,8647952,0.0,64.0,0,0
time_decay,0,152687,152755,0,4416,1092016,8652368,0.0,64.0,0,0
time_decay,0,152756,152823,0,4352,1092016,8656720,0.0,64.0,0,0
time_decay,0,152824,152892,0,4416,1092016,8661136,0.0,64.0,0,0
time_decay,0,152893,152960,0,4352,1092016,8665488,0.0,64.0,0,0
time_decay,0,152961,153033,0,4672,1092016,8670160,0.0,64.0,0,0
time_decay,0,153034,153108,0,4800,1092016,8674960,0.0,64.0,0,0
time_decay,0,153109,153177,0,4416,1092016,8679376,0.0,64.0,0,0
time_decay,0,153178,153245,0,4352,1092016,8683728,0.0,64.0,0,0
time_decay,0,153246,153311,0,4224,1092016,8687952,0.0,64.0,0,0
time_decay,0,153312,153369,0,3712,1092016,8691664,0.0,64.0,0,0
time_decay,0,153370,153439,0,4480,1092016,8696144,0.0,64.0,0,0
time_decay,0,153440,153511,0,4608,1092016,8700752,0.0,64.0,0,0
time_decay,0,153512,153577,0,4224,1092016,8704976,0.0,64.0,0,0
time_decay,0,153578,153645,0,4352,1092016,8709328,0.0,64.0,0,0
time_decay,0,153646,153716,0,4544,1092016,8713872,0.0,64.0,0,0
time_decay,0,153717,153793,0,4928,1092016,8718800,0.0,64.0,0,0
time_decay,0,153794,153871,0,4992,1092016,8723792,0.0,64.0,0,0
time_decay,0,153872,153938,0,4288,1092016,8728080,0.0,64.0,0,0
time_decay,0,153939,154011,0,4672,1092016,8732752,0.0,64.0,0,0
time_decay,0,154012,154081,0,4480,1092016,8737232,0.0,64.0,0,0
time_decay,0,154082,154156,0,4800,1092016,8742032,0.0,64.0,0,0
time_decay,0,154157,154231,0,4800,1092016,8746832,0.0,64.0,0,0
time_decay,0,154232,154306,0,4800,1092016,8751632,0.0,64.0,0,0
time_decay,0,154307,154372,0,4224,1092016,8755856,0.0,64.0,0,0
time_decay,0,154373,154450,0,4992,1092016,8760848,0.0,64.0,0,0
time_decay,0,154451,154526,0,4864,1092016,8765712,0.0,64.0,0,0
time_decay,0,154527,154602,0,4864,1092016,8770576,0.0,64.0,0,0
time_decay,0,154603,154684,0,5248,1092016,8775824,0.0,64.0,0,0
time_decay,0,154685,154759,0,4800,1092016,8780624,0.0,64.0,0,0
time_decay,0,154760,154831,0,4608,1092016,8785232,0.0,64.0,0,0
time_decay,0,154832,154901,0,4480,1092016,8789712,0.0,64.0,0,0
time_decay,0,154902,154978,0,4928,1092016,8794640,0.0,64.0,0,0
time_decay,0,154979,155051,0,4672,1092016,8799312,0.0,64.0,0,0
time_decay,0,155052,155121,0,4480,1092016,8803792,0.0,64.0,0,0
time_decay,0,155122,155189,0,4352,1092016,8808144,0.0,64.0,0,0
time_decay,0,155190,155276,0,5568,1092016,8813712,0.0,64.0,0,0
time_decay,0,155277,155421,0,9280,1092016,8822992,0.0,64.0,0,0
time_decay,0,155422,155431,0,640,1092016,8823632,0.0,64.0,0,0
time_decay,0,155432,155507,0,4864,1092016,8828496,0.0,64.0,0,0
time_decay,0,155508,155582,0,4800,1092016,8833296,0.0,64.0,0,0
time_decay,0,155583,155668,0,5504,1092016,8838800,0.0,64.0,0,0
time_decay,0,155669,155737,0,4416,1092016,8843216,0.0,64.0,0,0
time_decay,0,155738,155803,0,4224,1092016,8847440,0.0,64.0,0,0
time_decay,0,155804,155807,0,256,1092016,8847696,0.0,64.0,0,0
time_decay,0,155808,155859,0,3328,1092016,8851024,0.0,64.0,0,0
time_decay,0,155860,155940,0,5184,1092016,8856208,0.0,64.0,0,0
time_decay,0,155941,156011,0,4544,1092016,8860752,0.0,64.0,0,0
time_decay,0,156012,156088,0,4928,1092016,8865680,0.0,64.0,0,0
time_decay,0,156089,156160,0,4608,1092016,8870288,0.0,64.0,0,0
time_decay,0,156161,156233,0,4672,1092016,8874960,0.0,64.0,0,0
time_decay,0,156234,156310,0,4928,1092016,8879888,0.0,64.0,0,0
time_decay,0,156311,156381,0,4544,1092016,8884432,0.0,64.0,0,0
time_decay,0,156382,156460,0,5056,1092016,8889488,0.0,64.0,0,0
time_decay,0,156461,156537,0,4928,1092016,8894416,0.0,64.0,0,0
time_decay,0,156538,156608,0,4544,1092016,8898960,0.0,64.0,0,0
time_decay,0,156609,156681,0,4672,1092016,8903632,0.0,64.0,0,0
time_decay,0,156682,156749,0,4352,1092016,8907984,0.0,64.0,0,0
time_decay,0,156750,156827,0,4992,1092016,8912976,0.0,64.0,0,0
time_decay,0,156828,156900,0,4672,1092016,8917648,0.0,64.0,0,0
time_decay,0,156901,156974,0,4736,1092016,8922384,0.0,64.0,0,0
time_decay,0,156975,157051,0,4928,1092016,8927312,0.0,64.0,0,0
time_decay,0,157052,157128,0,4928,1092016,8932240,0.0,64.0,0,0
time_decay,0,157129,157202,0,4736,1092016,8936976,0.0,64.0,0,0
time_decay,0,157203,157274,0,4608,1092016,8941584,0.0,64.0,0,0
time_decay,0,157275,157342,0,4352,1092016,8945936,0.0,64.0,0,0
time_decay,0,157343,157415,0,4672,1092016,8950608,0.0,64.0,0,0
time_decay,0,157416,157488,0,4672,1092016,8955280,0.0,64.0,0,0
time_decay,0,157489,157564,0,4864,1092016,8960144,0.0,64.0,0,0
time_decay,0,157565,157642,0,4992,1092016,8965136,0.0,64.0,0,0
time_decay,0,157643,157717,0,4800,1092016,8969936,0.0,64.0,0,0
time_decay,0,157718,157794,0,4928,1092016,8974864,0.0,64.0,0,0
time_decay,0,157795,157870,0,4864,1092016,8979728,0.0,64.0,0,0
time_decay,0,157871,157943,0,4672,1092016,8984400,0.0,64.0,0,0
time_decay,0,157944,158012,0,4416,1092016,8988816,0.0,64.0,0,0
time_decay,0,158013,158089,0,4928,1092016,8993744,0.0,64.0,0,0
time_decay,0,158090,158157,0,4352,1092016,8998096,0.0,64.0,0,0
time_decay,0,158158,158235,0,4992,1092016,9003088,0.0,64.0,0,0
time_decay,0,158236,158308,0,4672,1092016,9007760,0.0,64.0,0,0
time_decay,0,158309,158394,0,5504,1092016,9013264,0.0,64.0,0,0
time_decay,0,158395,158466,0,4608,1092016,9017872,0.0,64.0,0,0
time_decay,0,158467,158555,0,5696,1092016,9023568,0.0,64.0,0,0
time_decay,0,158556,158624,0,4416,1092016,9027984,0.0,64.0,0,0
time_decay,0,158625,158703,0,5056,1092016,9033040,0.0,64.0,0,0
time_decay,0,158704,158773,0,4480,1092016,9037520,0.0,64.0,0,0
time_decay,0,158774,158843,0,4480,1092016,9042000,0.0,64.0,0,0
time_decay,0,158844,158913,0,4480,1092016,9046480,0.0,64.0,0,0
time_decay,0,158914,158996,0,5312,1092016,9051792,0.0,64.0,0,0
time_decay,0,158997,159075,0,5056,1092016,9056848,0.0,64.0,0,0
time_decay,0,159076,159145,0,4480,1092016,9061328,0.0,64.0,0,0
time_decay,0,159146,159199,0,3456,1092016,9064784,0.0,64.0,0,0
time_decay,0,159200,159274,0,4800,1092016,9069584,0.0,64.0,0,0
time_decay,0,159275,159347,0,4672,1092016,9074256,0.0,64.0,0,0
time_decay,0,159348,159427,0,5120,1092016,9079376,0.0,64.0,0,0
time_decay,0,159428,159509,0,5248,1092016,9084624,0.0,64.0,0,0
time_decay,0,159510,159589,0,5120,1092016,9089744,0.0,64.0,0,0
time_decay,0,159590,159666,0,4928,1092016,9094672,0.0,64.0,0,0
time_decay,0,159667,159745,0,5056,1092016,9099728,0.0,64.0,0,0
time_decay,0,159746,159846,0,6464,1092016,9106192,0.0,64.0,0,0
time_decay,0,159847,159920,0,4736,1092016,9110928,0.0,64.0,0,0
time_decay,0,159921,159997,0,4928,1092016,9115856,0.0,64.0,0,0
time_decay,0,159998,160077,0,5120,1092016,9120976,0.0,64.0,0,0
time_decay,0,160078,160154,0,4928,1092016,9125904,0.0,64.0,0,0
time_decay,0,160155,160224,0,4480,1092016,9130384,0.0,64.0,0,0
time_decay,0,160225,160296,0,4608,1092016,9134992,0.0,64.0,0,0
time_decay,0,160297,160376,0,5120,1092016,9140112,0.0,64.0,0,0
time_decay,0,160377,160444,0,4352,1092016,9144464,0.0,64.0,0,0
time_decay,0,160445,160519,0,4800,1092016,9149264,0.0,64.0,0,0
time_decay,0,160520,160589,0,4480,1092016,9153744,0.0,64.0,0,0
time_decay,0,160590,160658,0,4416,1092016,9158160,0.0,64.0,0,0
time_decay,0,160659,160727,0,4416,1092016,9162576,0.0,64.0,0,0
time_decay,0,160728,160799,0,4608,1092016,9167184,0.0,64.0,0,0
time_decay,0,160800,160873,0,4736,1092016,9171920,0.0,64.0,0,0
time_decay,0,160874,160947,0,4736,1092016,9176656,0.0,64.0,0,0
time_decay,0,160948,161024,0,4928,1092016,9181584,0.0,64.0,0,0
time_decay,0,161025,161114,0,5760,1092016,9187344,0.0,64.0,0,0
time_decay,0,161115,161186,0,4608,1092016,9191952,0.0,64.0,0,0
time_decay,0,161187,161264,0,4992,1092016,9196944,0.0,64.0,0,0
time_decay,0,161265,161357,0,5952,1092016,9202896,0.0,64.0,0,0
time_decay,0,161358,161430,0,4672,1092016,9207568,0.0,64.0,0,0
time_decay,0,161431,161503,0,4672,1092016,9212240,0.0,64.0,0,0
time_decay,0,161504,161572,0,4416,1092016,9216656,0.0,64.0,0,0
time_decay,0,161573,161645,0,4672,1092016,9221328,0.0,64.0,0,0
time_decay,0,161646,161724,0,5056,1092016,9226384,0.0,64.0,0,0
time_decay,0,161725,161799,0,4800,1092016,9231184,0.0,64.0,0,0
time_decay,0,161800,161875,0,4864,1092016,9236048,0.0,64.0,0,0
time_decay,0,161876,161947,0,4608,1092016,9240656,0.0,64.0,0,0
time_decay,0,161948,162017,0,4480,1092016,9245136,0.0,64.0,0,0
time_decay,0,162018,162087,0,4480,1092016,9249616,0.0,64.0,0,0
time_decay,0,162088,162163,0,4864,1092016,9254480,0.0,64.0,0,0
time_decay,0,162164,162240,0,4928,1092016,9259408,0.0,64.0,0,0
time_decay,0,162241,162310,0,4480,1092016,9263888,0.0,64.0,0,0
time_decay,0,162311,162378,0,4352,1092016,9268240,0.0,64.0,0,0
time_decay,0,162379,162459,0,5184,1092016,9273424,0.0,64.0,0,0
time_decay,0,162460,162531,0,4608,1092016,9278032,0.0,64.0,0,0
time_decay,0,162532,162599,0,4352,1092016,9282384,0.0,64.0,0,0
time_decay,0,162600,162667,0,4352,1092016,9286736,0.0,64.0,0,0
time_decay,0,162668,162743,0,4864,1092016,9291600,0.0,64.0,0,0
time_decay,0,162744,162823,0,5120,1092016,9296720,0.0,64.0,0,0
time_decay,0,162824,162889,0,4224,1092016,9300944,0.0,64.0,0,0
time_decay,0,162890,162957,0,4352,1092016,9305296,0.0,64.0,0,0
time_decay,0,162958,163023,0,4224,1092016,9309520,0.0,64.0,0,0
time_decay,0,163024,163091,0,4352,1092016,9313872,0.0,64.0,0,0
time_decay,0,163092,163166,0,4800,1092016,9318672,0.0,64.0,0,0
time_decay,0,163167,163239,0,4672,1092016,9323344,0.0,64.0,0,0
time_decay,0,163240,163308,0,4416,1092016,9327760,0.0,64.0,0,0
time_decay,0,163309,163422,0,7296,1092016,9335056,0.0,64.0,0,0
time_decay,0,163423,163491,0,4416,1092016,9339472,0.0,64.0,0,0
time_decay,0,163492,163572,0,5184,1092016,9344656,0.0,64.0,0,0
time_decay,0,163573,163644,0,4608,1092016,9349264,0.0,64.0,0,0
time_decay,0,163645,163724,0,5120,1092016,9354384,0.0,64.0,0,0
time_decay,0,163725,163792,0,4352,1092016,9358736,0.0,64.0,0,0
time_decay,0,163793,163871,0,5056,1092016,9363792,0.0,64.0,0,0
time_decay,0,163872,163943,0,4608,1092016,9368400,0.0,64.0,0,0
time_decay,0,163944,164016,0,4672,1092016,9373072,0.0,64.0,0,0
time_decay,0,164017,164082,0,4224,1092016,9377296,0.0,64.0,0,0
time_decay,0,164083,164161,0,5056,1092016,9382352,0.0,64.0,0,0
time_decay,0,164162,164243,0,5248,1092016,9387600,0.0,64.0,0,0
time_decay,0,164244,164319,0,4864,1092016,9392464,0.0,64.0,0,0
time_decay,0,164320,164386,0,4288,1092016,9396752,0.0,64.0,0,0
time_decay,0,164387,164464,0,4992,1092016,9401744,0.0,64.0,0,0
time_decay,0,164465,164539,0,4800,1092016,9406544,0.0,64.0,0,0
time_decay,0,164540,164616,0,4928,1092016,9411472,0.0,64.0,0,0
time_decay,0,164617,164688,0,4608,1092016,9416080,0.0,64.0,0,0
time_decay,0,164689,164755,0,4288,1092016,9420368,0.0,64.0,0,0
time_decay,0,164756,164825,0,4480,1092016,9424848,0.0,64.0,0,0
time_decay,0,164826,164896,0,4544,1092016,9429392,0.0,64.0,0,0
time_decay,0,164897,164970,0,4736,1092016,9434128,0.0,64.0,0,0
time_decay,0,164971,165040,0,4480,1092016,9438608,0.0,64.0,0,0
time_decay,0,165041,165120,0,5120,1092016,9443728,0.0,64.0,0,0
time_decay,0,165121,165196,0,4864,1092016,9448592,0.0,64.0,0,0
time_decay,0,165197,165269,0,4672,1092016,9453264,0.0,64.0,0,0
time_decay,0,165270,165337,0,4352,1092016,9457616,0.0,64.0,0,0
time_decay,0,165338,165429,0,5888,1092016,9463504,0.0,64.0,0,0
time_decay,0,165430,165495,0,4224,1092016,9467728,0.0,64.0,0,0
time_decay,0,165496,165566,0,4544,1092016,9472272,0.0,64.0,0,0
time_decay,0,165567,165632,0,4224,1092016,9476496,0.0,64.0,0,0
time_decay,0,165633,165706,0,4736,1092016,9481232,0.0,64.0,0,0
time_decay,0,165707,165772,0,4224,1092016,9485456,0.0,64.0,0,0
time_decay,0,165773,165854,0,5248,1092016,9490704,0.0,64.0,0,0
time_decay,0,165855,165921,0,4288,1092016,9494992,0.0,64.0,0,0
time_decay,0,165922,165992,0,4544,1092016,9499536,0.0,64.0,0,0
time_decay,0,165993,166067,0,4800,1092016,9504336,0.0,64.0,0,0
time_decay,0,166068,166140,0,4672,1092016,9509008,0.0,64.0,0,0
time_decay,0,166141,166210,0,4480,1092016,9513488,0.0,64.0,0,0
time_decay,0,166211,166284,0,4736,1092016,9518224,0.0,64.0,0,0
time_decay,0,166285,166372,0,5632,1092016,9523856,0.0,64.0,0,0
time_decay,0,166373,166450,0,4992,1092016,9528848,0.0,64.0,0,0
time_decay,0,166451,166517,0,4288,1092016,9533136,0.0,64.0,0,0
time_decay,0,166518,166585,0,4352,1092016,9537488,0.0,64.0,0,0
time_decay,0,166586,166659,0,4736,1092016,9542224,0.0,64.0,0,0
time_decay,0,166660,166729,0,4480,1092016,9546704,0.0,64.0,0,0
time_decay,0,166730,166801,0,4608,1092016,9551312,0.0,64.0,0,0
time_decay,0,166802,166867,0,4224,1092016,9555536,0.0,64.0,0,0
time_decay,0,166868,166942,0,4800,1092016,9560336,0.0,64.0,0,0
time_decay,0,166943,167018,0,4864,1092016,9565200,0.0,64.0,0,0
time_decay,0,167019,167089,0,4544,1092016,9569744,0.0,64.0,0,0
time_decay,0,167090,167160,0,4544,1092016,9574288,0.0,64.0,0,0
time_decay,0,167161,167231,0,4544,1092016,9578832,0.0,64.0,0,0
time_decay,0,167232,167301,0,4480,1092016,9583312,0.0,64.0,0,0
time_decay,0,167302,167367,0,4224,1092016,9587536,0.0,64.0,0,0
time_decay,0,167368,167444,0,4928,1092016,9592464,0.0,64.0,0,0
time_decay,0,167445,167519,0,4800,1092016,9597264,0.0,64.0,0,0
time_decay,0,167520,167598,0,5056,1092016,9602320,0.0,64.0,0,0
time_decay,0,167599,167686,0,5632,1092016,9607952,0.0,64.0,0,0
time_decay,0,167687,167758,0,4608,1092016,9612560,0.0,64.0,0,0
time_decay,0,167759,167832,0,4736,1092016,9617296,0.0,64.0,0,0
time_decay,0,167833,167894,0,3968,1092016,9621264,0.0,64.0,0,0
time_decay,0,167895,167962,0,4352,1092016,9625616,0.0,64.0,0,0
time_decay,0,167963,168034,0,4608,1092016,9630224,0.0,64.0,0,0
time_decay,0,168035,168113,0,5056,1092016,9635280,0.0,64.0,0,0
time_decay,0,168114,168186,0,4672,1092016,9639952,0.0,64.0,0,0
time_decay,0,168187,168312,0,8064,1092016,9648016,0.0,64.0,0,0
time_decay,0,168313,168382,0,4480,1092016,9652496,0.0,64.0,0,0
time_decay,0,168383,168450,0,4352,1092016,9656848,0.0,64.0,0,0
time_decay,0,168451,168519,0,4416,1092016,9661264,0.0,64.0,0,0
time_decay,0,168520,168591,0,4608,1092016,9665872,0.0,64.0,0,0
time_decay,0,168592,168659,0,4352,1092016,9670224,0.0,64.0,0,0
time_decay,0,168660,168731,0,4608,1092016,9674832,0.0,64.0,0,0
time_decay,0,168732,168802,0,4544,1092016,9679376,0.0,64.0,0,0
time_decay,0,168803,168878,0,4864,1092016,9684240,0.0,64.0,0,0
time_decay,0,168879,168955,0,4928,1092016,9689168,0.0,64.0,0,0
time_decay,0,168956,169021,0,4224,1092016,9693392,0.0,64.0,0,0
time_decay,0,169022,169088,0,4288,1092016,9697680,0.0,64.0,0,0
time_decay,0,169089,169160,0,4608,1092016,9702288,0.0,64.0,0,0
time_decay,0,169161,169232,0,4608,1092016,9706896,0.0,64.0,0,0
time_decay,0,169233,169300,0,4352,1092016,9711248,0.0,64.0,0,0
time_decay,0,169301,169370,0,4480,1092016,9715728,0.0,64.0,0,0
time_decay,0,169371,169448,0,4992,1092016,9720720,0.0,64.0,0,0
time_decay,0,169449,169522,0,4736,1092016,9725456,0.0,64.0,0,0
time_decay,0,169523,169603,0,5184,1092016,9730640,0.0,64.0,0,0
time_decay,0,169604,169670,0,4288,1092016,9734928,0.0,64.0,0,0
time_decay,0,169671,169752,0,5248,1092016,9740176,0.0,64.0,0,0
time_decay,0,169753,169829,0,4928,1092016,9745104,0.0,64.0,0,0
time_decay,0,169830,169897,0,4352,1092016,9749456,0.0,64.0,0,0
time_decay,0,169898,169906,0,576,1092016,9750032,0.0,64.0,0,0
time_decay,0,169907,169976,0,4480,1092016,9754512,0.0,64.0,0,0
time_decay,0,169977,170047,0,4544,1092016,9759056,0.0,64.0,0,0
time_decay,0,170048,170123,0,4864,1092016,9763920,0.0,64.0,0,0
time_decay,0,170124,170195,0,4608,1092016,9768528,0.0,64.0,0,0
time_decay,0,170196,170269,0,4736,1092016,9773264,0.0,64.0,0,0
time_decay,0,170270,170338,0,4416,1092016,9777680,0.0,64.0,0,0
time_decay,0,170339,170404,0,4224,1092016,9781904,0.0,64.0,0,0
time_decay,0,170405,170476,0,4608,1092016,9786512,0.0,64.0,0,0
time_decay,0,170477,170544,0,4352,1092016,9790864,0.0,64.0,0,0
time_decay,0,170545,170617,0,4672,1092016,9795536,0.0,64.0,0,0
time_decay,0,170618,170688,0,4544,1092016,9800080,0.0,64.0,0,0
time_decay,0,170689,170767,0,5056,1092016,9805136,0.0,64.0,0,0
time_decay,0,170768,170836,0,4416,1092016,9809552,0.0,64.0,0,0
time_decay,0,170837,170904,0,4352,1092016,9813904,0.0,64.0,0,0
time_decay,0,170905,170970,0,4224,1092016,9818128,0.0,64.0,0,0
time_decay,0,170971,171044,0,4736,1092016,9822864,0.0,64.0,0,0
time_decay,0,171045,171121,0,4928,1092016,9827792,0.0,64.0,0,0
time_decay,0,171122,171189,0,4352,1092016,9832144,0.0,64.0,0,0
time_decay,0,171190,171261,0,4608,1092016,9836752,0.0,64.0,0,0
time_decay,0,171262,171334,0,4672,1092016,9841424,0.0,64.0,0,0
time_decay,0,171335,171411,0,4928,1092016,9846352,0.0,64.0,0,0
time_decay,0,171412,171481,0,4480,1092016,9850832,0.0,64.0,0,0
time_decay,0,171482,171554,0,4672,1092016,9855504,0.0,64.0,0,0
time_decay,0,171555,171626,0,4608,1092016,9860112,0.0,64.0,0,0
time_decay,0,171627,171692,0,4224,1092016,9864336,0.0,64.0,0,0
time_decay,0,171693,171770,0,4992,1092016,9869328,0.0,64.0,0,0
time_decay,0,171771,171840,0,4480,1092016,9873808,0.0,64.0,0,0
time_decay,0,171841,171913,0,4672,1092016,9878480,0.0,64.0,0,0
time_decay,0,171914,171984,0,4544,1092016,9883024,0.0,64.0,0,0
time_decay,0,171985,172053,0,4416,1092016,9887440,0.0,64.0,0,0
time_decay,0,172054,172121,0,4352,1092016,9891792,0.0,64.0,0,0
time_decay,0,172122,172193,0,4608,1092016,9896400,0.0,64.0,0,0
time_decay,0,172194,172263,0,4480,1092016,9900880,0.0,64.0,0,0
time_decay,0,172264,172343,0,5120,1092016,9906000,0.0,64.0,0,0
time_decay,0,172344,172414,0,4544,1092016,9910544,0.0,64.0,0,0
time_decay,0,172415,172491,0,4928,1092016,9915472,0.0,64.0,0,0
time_decay,0,172492,172559,0,4352,1092016,9919824,0.0,64.0,0,0
time_decay,0,172560,172629,0,4480,1092016,9924304,0.0,64.0,0,0
time_decay,0,172630,172697,0,4352,1092016,9928656,0.0,64.0,0,0
time_decay,0,172698,172771,0,4736,1092016,9933392,0.0,64.0,0,0
time_decay,0,172772,172840,0,4416,1092016,9937808,0.0,64.0,0,0
time_decay,0,172841,172908,0,4352,1092016,9942160,0.0,64.0,0,0
time_decay,0,172909,172977,0,4416,1092016,9946576,0.0,64.0,0,0
time_decay,0,172978,173045,0,4352,1092016,9950928,0.0,64.0,0,0
time_decay,0,173046,173116,0,4544,1092016,9955472,0.0,64.0,0,0
time_decay,0,173117,173190,0,4736,1092016,9960208,0.0,64.0,0,0
time_decay,0,173191,173258,0,4352,1092016,9964560,0.0,64.0,0,0
time_decay,0,173259,173324,0,4224,1092016,9968784,0.0,64.0,0,0
time_decay,0,173325,173400,0,4864,1092016,9973648,0.0,64.0,0,0
time_decay,0,173401,173473,0,4672,1092016,9978320,0.0,64.0,0,0
time_decay,0,173474,173542,0,4416,1092016,9982736,0.0,64.0,0,0
time_decay,0,173543,173613,0,4544,1092016,9987280,0.0,64.0,0,0
time_decay,0,173614,173683,0,4480,1092016,9991760,0.0,64.0,0,0
time_decay,0,173684,173753,0,4480,1092016,9996240,0.0,64.0,0,0
time_decay,0,173754,173829,0,4864,1092016,10001104,0.0,64.0,0,0
time_decay,0,173830,173838,0,576,1092016,10001680,0.0,64.0,0,0
time_decay,0,173839,173919,0,5184,1092016,10006864,0.0,64.0,0,0
time_decay,0,173920,173993,0,4736,1092016,10011600,0.0,64.0,0,0
time_decay,0,173994,174069,0,4864,1092016,10016464,0.0,64.0,0,0
time_decay,0,174070,174152,0,5312,1092016,10021776,0.0,64.0,0,0
time_decay,0,174153,174228,0,4864,1092016,10026640,0.0,64.0,0,0
time_decay,0,174229,174299,0,4544,1092016,10031184,0.0,64.0,0,0
time_decay,0,174300,174369,0,4480,1092016,10035664,0.0,64.0,0,0
time_decay,0,174370,174445,0,4864,1092016,10040528,0.0,64.0,0,0
time_decay,0,174446,174514,0,4416,1092016,10044944,0.0,64.0,0,0
time_decay,0,174515,174585,0,4544,1092016,10049488,0.0,64.0,0,0
time_decay,0,174586,174658,0,4672,1092016,10054160,0.0,64.0,0,0
time_decay,0,174659,174727,0,4416,1092016,10058576,0.0,64.0,0,0
time_decay,0,174728,174793,0,4224,1092016,10062800,0.0,64.0,0,0
time_decay,0,174794,174865,0,4608,1092016,10067408,0.0,64.0,0,0
time_decay,0,174866,174935,0,4480,1092016,10071888,0.0,64.0,0,0
time_decay,0,174936,175007,0,4608,1092016,10076496,0.0,64.0,0,0
time_decay,0,175008,175085,0,4992,1092016,10081488,0.0,64.0,0,0
time_decay,0,175086,175155,0,4480,1092016,10085968,0.0,64.0,0,0
time_decay,0,175156,175225,0,4480,1092016,10090448,0.0,64.0,0,0
time_decay,0,175226,175308,0,5312,1092016,10095760,0.0,64.0,0,0
time_decay,0,175309,175377,0,4416,1092016,10100176,0.0,64.0,0,0
time_decay,0,175378,175447,0,4480,1092016,10104656,0.0,64.0,0,0
time_decay,0,175448,175517,0,4480,1092016,10109136,0.0,64.0,0,0
time_decay,0,175518,175591,0,4736,1092016,10113872,0.0,64.0,0,0
time_decay,0,175592,175662,0,4544,1092016,10118416,0.0,64.0,0,0
time_decay,0,175663,175730,0,4352,1092016,10122768,0.0,64.0,0,0
time_decay,0,175731,175798,0,4352,1092016,10127120,0.0,64.0,0,0
time_decay,0,175799,175876,0,4992,1092016,10132112,0.0,64.0,0,0
time_decay,0,175877,175945,0,4416,1092016,10136528,0.0,64.0,0,0
time_decay,0,175946,176018,0,4672,1092016,10141200,0.0,64.0,0,0
time_decay,0,176019,176093,0,4800,1092016,10146000,0.0,64.0,0,0
time_decay,0,176094,176161,0,4352,1092016,10150352,0.0,64.0,0,0
time_decay,0,176162,176229,0,4352,1092016,10154704,0.0,64.0,0,0
time_decay,0,176230,176300,0,4544,1092016,10159248,0.0,64.0,0,0
time_decay,0,176301,176373,0,4672,1092016,10163920,0.0,64.0,0,0
time_decay,0,176374,176452,0,5056,1092016,10168976,0.0,64.0,0,0
time_decay,0,176453,176524,0,4608,1092016,10173584,0.0,64.0,0,0
time_decay,0,176525,176597,0,4672,1092016,10178256,0.0,64.0,0,0
time_decay,0,176598,176668,0,4544,1092016,10182800,0.0,64.0,0,0
time_decay,0,176669,176738,0,4480,1092016,10187280,0.0,64.0,0,0
time_decay,0,176739,176806,0,4352,1092016,10191632,0.0,64.0,0,0
time_decay,0,176807,176877,0,4544,1092016,10196176,0.0,64.0,0,0
time_decay,0,176878,176884,0,448,1092016,10196624,0.0,64.0,0,0
time_decay,0,176885,176959,0,4800,1092016,10201424,0.0,64.0,0,0
time_decay,0,176960,176984,0,1600,1092016,10203024,0.0,64.0,0,0
time_decay,0,176985,177058,0,4736,1092016,10207760,0.0,64.0,0,0
time_decay,0,177059,177130,0,4608,1092016,10212368,0.0,64.0,0,0
time_decay,0,177131,177174,0,2816,1092016,10215184,0.0,64.0,0,0
time_decay,0,177175,177240,0,4224,1092016,10219408,0.0,64.0,0,0
time_decay,0,177241,177308,0,4352,1092016,10223760,0.0,64.0,0,0
time_decay,0,177309,177382,0,4736,1092016,10228496,0.0,64.0,0,0
time_decay,0,177383,177454,0,4608,1092016,10233104,0.0,64.0,0,0
time_decay,0,177455,177527,0,4672,1092016,10237776,0.0,64.0,0,0
time_decay,0,177528,177607,0,5120,1092016,10242896,0.0,64.0,0,0
time_decay,0,177608,177686,0,5056,1092016,10247952,0.0,64.0,0,0
time_decay,0,177687,177754,0,4352,1092016,10252304,0.0,64.0,0,0
time_decay,0,177755,177826,0,4608,1092016,10256912,0.0,64.0,0,0
time_decay,0,177827,177898,0,4608,1092016,10261520,0.0,64.0,0,0
time_decay,0,177899,177968,0,4480,1092016,10266000,0.0,64.0,0,0
time_decay,0,177969,178041,0,4672,1092016,10270672,0.0,64.0,0,0
time_decay,0,178042,178115,0,4736,1092016,10275408,0.0,64.0,0,0
time_decay,0,178116,178185,0,4480,1092016,10279888,0.0,64.0,0,0
time_decay,0,178186,178261,0,4864,1092016,10284752,0.0,64.0,0,0
time_decay,0,178262,178330,0,4416,1092016,10289168,0.0,64.0,0,0
time_decay,0,178331,178404,0,4736,1092016,10293904,0.0,64.0,0,0
time_decay,0,178405,178475,0,4544,1092016,10298448,0.0,64.0,0,0
time_decay,0,178476,178545,0,4480,1092016,10302928,0.0,64.0,0,0
time_decay,0,178546,178613,0,4352,1092016,10307280,0.0,64.0,0,0
time_decay,0,178614,178685,0,4608,1092016,10311888,0.0,64.0,0,0
time_decay,0,178686,178755,0,4480,1092016,10316368,0.0,64.0,0,0
time_decay,0,178756,178833,0,4992,1092016,10321360,0.0,64.0,0,0
time_decay,0,178834,178902,0,4416,1092016,10325776,0.0,64.0,0,0
time_decay,0,178903,178970,0,4352,1092016,10330128,0.0,64.0,0,0
time_decay,0,178971,179039,0,4416,1092016,10334544,0.0,64.0,0,0
time_decay,0,179040,179109,0,4480,1092016,10339024,0.0,64.0,0,0
time_decay,0,179110,179184,0,4800,1092016,10343824,0.0,64.0,0,0
time_decay,0,179185,179262,0,4992,1092016,10348816,0.0,64.0,0,0
time_decay,0,179263,179336,0,4736,1092016,10353552,0.0,64.0,0,0
time_decay,0,179337,179405,0,4416,1092016,10357968,0.0,64.0,0,0
time_decay,0,179406,179476,0,4544,1092016,10362512,0.0,64.0,0,0
time_decay,0,179477,179542,0,4224,1092016,10366736,0.0,64.0,0,0
time_decay,0,179543,179614,0,4608,1092016,10371344,0.0,64.0,0,0
time_decay,0,179615,179682,0,4352,1092016,10375696,0.0,64.0,0,0
time_decay,0,179683,179717,0,2240,1092016,10377936,0.0,64.0,0,0
time_decay,0,179718,179788,0,4544,1092016,10382480,0.0,64.0,0,0
time_decay,0,179789,179854,0,4224,1092016,10386704,0.0,64.0,0,0
time_decay,0,179855,179928,0,4736,1092016,10391440,0.0,64.0,0,0
time_decay,0,179929,180003,0,4800,1092016,10396240,0.0,64.0,0,0
time_decay,0,180004,180076,0,4672,1092016,10400912,0.0,64.0,0,0
time_decay,0,180077,180147,0,4544,1092016,10405456,0.0,64.0,0,0
time_decay,0,180148,180222,0,4800,1092016,10410256,0.0,64.0,0,0
time_decay,0,180223,180290,0,4352,1092016,10414608,0.0,64.0,0,0
time_decay,0,180291,180369,0,5056,1092016,10419664,0.0,64.0,0,0
time_decay,0,180370,180436,0,4288,1092016,10423952,0.0,64.0,0,0
time_decay,0,180437,180513,0,4928,1092016,10428880,0.0,64.0,0,0
time_decay,0,180514,180586,0,4672,1092016,10433552,0.0,64.0,0,0
time_decay,0,180587,180665,0,5056,1092016,10438608,0.0,64.0,0,0
time_decay,0,180666,180732,0,4288,1092016,10442896,0.0,64.0,0,0
time_decay,0,180733,180811,0,5056,1092016,10447952,0.0,64.0,0,0
time_decay,0,180812,180935,0,7936,1092016,10455888,0.0,64.0,0,0
time_decay,0,180936,181018,0,5312,1092016,10461200,0.0,64.0,0,0
time_decay,0,181019,181104,0,5504,1092016,10466704,0.0,64.0,0,0
time_decay,0,181105,181176,0,4608,1092016,10471312,0.0,64.0,0,0
time_decay,0,181177,181261,0,5440,1092016,10476752,0.0,64.0,0,0
time_decay,0,181262,181328,0,4288,1092016,10481040,0.0,64.0,0,0
time_decay,0,181329,181406,0,4992,1092016,10486032,0.0,64.0,0,0
time_decay,0,181407,181479,0,4672,1092016,10490704,0.0,64.0,0,0
time_decay,0,181480,181551,0,4608,1092016,10495312,0.0,64.0,0,0
time_decay,0,181552,181631,0,5120,1092016,10500432,0.0,64.0,0,0
time_decay,0,181632,181700,0,4416,1092016,10504848,0.0,64.0,0,0
time_decay,0,181701,181712,0,768,1092016,10505616,0.0,64.0,0,0
time_decay,0,181713,181789,0,4928,1092016,10510544,0.0,64.0,0,0
time_decay,0,181790,181863,0,4736,1092016,10515280,0.0,64.0,0,0
time_decay,0,181864,181934,0,4544,1092016,10519824,0.0,64.0,0,0
time_decay,0,181935,182004,0,4480,1092016,10524304,0.0,64.0,0,0
time_decay,0,182005,182075,0,4544,1092016,10528848,0.0,64.0,0,0
time_decay,0,182076,182141,0,4224,1092016,10533072,0.0,64.0,0,0
time_decay,0,182142,182208,0,4288,1092016,10537360,0.0,64.0,0,0
time_decay,0,182209,182276,0,4352,1092016,10541712,0.0,64.0,0,0
time_decay,0,182277,182351,0,4800,1092016,10546512,0.0,64.0,0,0
time_decay,0,182352,182391,0,2560,1092016,10549072,0.0,64.0,0,0
time_decay,0,182392,182460,0,4416,1092016,10553488,0.0,64.0,0,0
time_decay,0,182461,182527,0,4288,1092016,10557776,0.0,64.0,0,0
time_decay,0,182528,182595,0,4352,1092016,10562128,0.0,64.0,0,0
time_decay,0,182596,182667,0,4608,1092016,10566736,0.0,64.0,0,0
time_decay,0,182668,182743,0,4864,1092016,10571600,0.0,64.0,0,0
time_decay,0,182744,182819,0,4864,1092016,10576464,0.0,64.0,0,0
time_decay,0,182820,182889,0,4480,1092016,10580944,0.0,64.0,0,0
time_decay,0,182890,182960,0,4544,1092016,10585488,0.0,64.0,0,0
time_decay,0,182961,183036,0,4864,1092016,10590352,0.0,64.0,0,0
time_decay,0,183037,183113,0,4928,1092016,10595280,0.0,64.0,0,0
time_decay,0,183114,183185,0,4608,1092016,10599888,0.0,64.0,0,0
time_decay,0,183186,183254,0,4416,1092016,10604304,0.0,64.0,0,0
time_decay,0,183255,183332,0,4992,1092016,10609296,0.0,64.0,0,0
time_decay,0,183333,183402,0,4480,1092016,10613776,0.0,64.0,0,0
time_decay,0,183403,183510,0,6912,1092016,10620688,0.0,64.0,0,0
time_decay,0,183511,183583,0,4672,1092016,10625360,0.0,64.0,0,0
time_decay,0,183584,183654,0,4544,1092016,10629904,0.0,64.0,0,0
time_decay,0,183655,183721,0,4288,1092016,10634192,0.0,64.0,0,0
time_decay,0,183722,183791,0,4480,1092016,10638672,0.0,64.0,0,0
time_decay,0,183792,183861,0,4480,1092016,10643152,0.0,64.0,0,0
time_decay,0,183862,183927,0,4224,1092016,10647376,0.0,64.0,0,0
time_decay,0,183928,184008,0,5184,1092016,10652560,0.0,64.0,0,0
time_decay,0,184009,184075,0,4288,1092016,10656848,0.0,64.0,0,0
time_decay,0,184076,184152,0,4928,1092016,10661776,0.0,64.0,0,0
time_decay,0,184153,184218,0,4224,1092016,10666000,0.0,64.0,0,0
time_decay,0,184219,184296,0,4992,1092016,10670992,0.0,64.0,0,0
time_decay,0,184297,184364,0,4352,1092016,10675344,0.0,64.0,0,0
time_decay,0,184365,184441,0,4928,1092016,10680272,0.0,64.0,0,0
time_decay,0,184442,184520,0,5056,1092016,10685328,0.0,64.0,0,0
time_decay,0,184521,184600,0,5120,1092016,10690448,0.0,64.0,0,0
time_decay,0,184601,184676,0,4864,1092016,10695312,0.0,64.0,0,0
time_decay,0,184677,184755,0,5056,1092016,10700368,0.0,64.0,0,0
time_decay,0,184756,184831,0,4864,1092016,10705232,0.0,64.0,0,0
time_decay,0,184832,184901,0,4480,1092016,10709712,0.0,64.0,0,0
time_decay,0,184902,184975,0,4736,1092016,10714448,0.0,64.0,0,0
time_decay,0,184976,185049,0,4736,1092016,10719184,0.0,64.0,0,0
time_decay,0,185050,185115,0,4224,1092016,10723408,0.0,64.0,0,0
time_decay,0,185116,185184,0,4416,1092016,10727824,0.0,64.0,0,0
time_decay,0,185185,185256,0,4608,1092016,10732432,0.0,64.0,0,0
time_decay,0,185257,185326,0,4480,1092016,10736912,0.0,64.0,0,0
time_decay,0,185327,185395,0,4416,1092016,10741328,0.0,64.0,0,0
time_decay,0,185396,185466,0,4544,1092016,10745872,0.0,64.0,0,0
time_decay,0,185467,185539,0,4672,1092016,10750544,0.0,64.0,0,0
time_decay,0,185540,185614,0,4800,1092016,10755344,0.0,64.0,0,0
time_decay,0,185615,185632,0,1152,1092016,10756496,0.0,64.0,0,0
time_decay,0,185633,185709,0,4928,1092016,10761424,0.0,64.0,0,0
time_decay,0,185710,185786,0,4928,1092016,10766352,0.0,64.0,0,0
time_decay,0,185787,185861,0,4800,1092016,10771152,0.0,64.0,0,0
time_decay,0,185862,185931,0,4480,1092016,10775632,0.0,64.0,0,0
time_decay,0,185932,186003,0,4608,1092016,10780240,0.0,64.0,0,0
time_decay,0,186004,186082,0,5056,1092016,10785296,0.0,64.0,0,0
time_decay,0,186083,186159,0,4928,1092016,10790224,0.0,64.0,0,0
time_decay,0,186160,186238,0,5056,1092016,10795280,0.0,64.0,0,0
time_decay,0,186239,186306,0,4352,1092016,10799632,0.0,64.0,0,0
time_decay,0,186307,186312,0,384,1092016,10800016,0.0,64.0,0,0
time_decay,0,186313,186381,0,4416,1092016,10804432,0.0,64.0,0,0
time_decay,0,186382,186455,0,4736,1092016,10809168,0.0,64.0,0,0
time_decay,0,186456,186523,0,4352,1092016,10813520,0.0,64.0,0,0
time_decay,0,186524,186598,0,4800,1092016,10818320,0.0,64.0,0,0
time_decay,0,186599,186672,0,4736,1092016,10823056,0.0,64.0,0,0
time_decay,0,186673,186745,0,4672,1092016,10827728,0.0,64.0,0,0
time_decay,0,186746,186819,0,4736,1092016,10832464,0.0,64.0,0,0
time_decay,0,186820,186956,0,8768,1092016,10841232,0.0,64.0,0,0
time_decay,0,186957,187024,0,4352,1092016,10845584,0.0,64.0,0,0
time_decay,0,187025,187096,0,4608,1092016,10850192,0.0,64.0,0,0
time_decay,0,187097,187164,0,4352,1092016,10854544,0.0,64.0,0,0
time_decay,0,187165,187234,0,4480,1092016,10859024,0.0,64.0,0,0
time_decay,0,187235,187310,0,4864,1092016,10863888,0.0,64.0,0,0
time_decay,0,187311,187376,0,4224,1092016,10868112,0.0,64.0,0,0
time_decay,0,187377,187444,0,4352,1092016,10872464,0.0,64.0,0,0
time_decay,0,187445,187518,0,4736,1092016,10877200,0.0,64.0,0,0
time_decay,0,187519,187587,0,4416,1092016,10881616,0.0,64.0,0,0
time_decay,0,187588,187660,0,4672,1092016,10886288,0.0,64.0,0,0
time_decay,0,187661,187727,0,4288,1092016,10890576,0.0,64.0,0,0
time_decay,0,187728,187797,0,4480,1092016,10895056,0.0,64.0,0,0
time_decay,0,187798,187870,0,4672,1092016,10899728,0.0,64.0,0,0
time_decay,0,187871,187940,0,4480,1092016,10904208,0.0,64.0,0,0
time_decay,0,187941,188014,0,4736,1092016,10908944,0.0,64.0,0,0
time_decay,0,188015,188083,0,4416,1092016,10913360,0.0,64.0,0,0
time_decay,0,188084,188151,0,4352,1092016,10917712,0.0,64.0,0,0
time_decay,0,188152,188220,0,4416,1092016,10922128,0.0,64.0,0,0
time_decay,0,188221,188291,0,4544,1092016,10926672,0.0,64.0,0,0
time_decay,0,188292,188363,0,4608,1092016,10931280,0.0,64.0,0,0
time_decay,0,188364,188437,0,4736,1092016,10936016,0.0,64.0,0,0
time_decay,0,188438,188507,0,4480,1092016,10940496,0.0,64.0,0,0
time_decay,0,188508,188576,0,4416,1092016,10944912,0.0,64.0,0,0
time_decay,0,188577,188655,0,5056,1092016,10949968,0.0,64.0,0,0
time_decay,0,188656,188724,0,4416,1092016,10954384,0.0,64.0,0,0
time_decay,0,188725,188790,0,4224,1092016,10958608,0.0,64.0,0,0
time_decay,0,188791,188856,0,4224,1092016,10962832,0.0,64.0,0,0
time_decay,0,188857,188928,0,4608,1092016,10967440,0.0,64.0,0,0
time_decay,0,188929,188996,0,4352,1092016,10971792,0.0,64.0,0,0
time_decay,0,188997,189064,0,4352,1092016,10976144,0.0,64.0,0,0
time_decay,0,189065,189132,0,4352,1092016,10980496,0.0,64.0,0,0
time_decay,0,189133,189202,0,4480,1092016,10984976,0.0,64.0,0,0
time_decay,0,189203,189272,0,4480,1092016,10989456,0.0,64.0,0,0
time_decay,0,189273,189341,0,4416,1092016,10993872,0.0,64.0,0,0
time_decay,0,189342,189410,0,4416,1092016,10998288,0.0,64.0,0,0
time_decay,0,189411,189484,0,4736,1092016,11003024,0.0,64.0,0,0
time_decay,0,189485,189554,0,4480,1092016,11007504,0.0,64.0,0,0
time_decay,0,189555,189622,0,4352,1092016,11011856,0.0,64.0,0,0
time_decay,0,189623,189694,0,4608,1092016,11016464,0.0,64.0,0,0
time_decay,0,189695,189766,0,4608,1092016,11021072,0.0,64.0,0,0
time_decay,0,189767,189836,0,4480,1092016,11025552,0.0,64.0,0,0
time_decay,0,189837,189905,0,4416,1092016,11029968,0.0,64.0,0,0
time_decay,0,189906,189973,0,4352,1092016,11034320,0.0,64.0,0,0
time_decay,0,189974,190041,0,4352,1092016,11038672,0.0,64.0,0,0
time_decay,0,190042,190112,0,4544,1092016,11043216,0.0,64.0,0,0
time_decay,0,190113,190178,0,4224,1092016,11047440,0.0,64.0,0,0
time_decay,0,190179,190250,0,4608,1092016,11052048,0.0,64.0,0,0
time_decay,0,190251,190319,0,4416,1092016,11056464,0.0,64.0,0,0
time_decay,0,190320,190391,0,4608,1092016,11061072,0.0,64.0,0,0
time_decay,0,190392,190460,0,4416,1092016,11065488,0.0,64.0,0,0
time_decay,0,190461,190533,0,4672,1092016,11070160,0.0,64.0,0,0
time_decay,0,190534,190607,0,4736,1092016,11074896,0.0,64.0,0,0
time_decay,0,190608,190675,0,4352,1092016,11079248,0.0,64.0,0,0
time_decay,0,190676,190743,0,4352,1092016,11083600,0.0,64.0,0,0
time_decay,0,190744,190818,0,4800,1092016,11088400,0.0,64.0,0,0
time_decay,0,190819,190888,0,4480,1092016,11092880,0.0,64.0,0,0
time_decay,0,190889,190963,0,4800,1092016,11097680,0.0,64.0,0,0
time_decay,0,190964,191049,0,5504,1092016,11103184,0.0,64.0,0,0
time_decay,0,191050,191119,0,4480,1092016,11107664,0.0,64.0,0,0
time_decay,0,191120,191190,0,4544,1092016,11112208,0.0,64.0,0,0
time_decay,0,191191,191256,0,4224,1092016,11116432,0.0,64.0,0,0
time_decay,0,191257,191331,0,4800,1092016,11121232,0.0,64.0,0,0
time_decay,0,191332,191405,0,4736,1092016,11125968,0.0,64.0,0,0
time_decay,0,191406,191472,0,4288,1092016,11130256,0.0,64.0,0,0
time_decay,0,191473,191545,0,4672,1092016,11134928,0.0,64.0,0,0
time_decay,0,191546,191624,0,5056,1092016,11139984,0.0,64.0,0,0
time_decay,0,191625,191697,0,4672,1092016,11144656,0.0,64.0,0,0
time_decay,0,191698,191766,0,4416,1092016,11149072,0.0,64.0,0,0
time_decay,0,191767,191843,0,4928,1092016,11154000,0.0,64.0,0,0
time_decay,0,191844,191914,0,4544,1092016,11158544,0.0,64.0,0,0
time_decay,0,191915,191988,0,4736,1092016,11163280,0.0,64.0,0,0
time_decay,0,191989,192061,0,4672,1092016,11167952,0.0,64.0,0,0
time_decay,0,192062,192132,0,4544,1092016,11172496,0.0,64.0,0,0
time_decay,0,192133,192208,0,4864,1092016,11177360,0.0,64.0,0,0
time_decay,0,192209,192282,0,4736,1092016,11182096,0.0,64.0,0,0
time_decay,0,192283,192353,0,4544,1092016,11186640,0.0,64.0,0,0
time_decay,0,192354,192425,0,4608,1092016,11191248,0.0,64.0,0,0
time_decay,0,192426,192500,0,4800,1092016,11196048,0.0,64.0,0,0
time_decay,0,192501,192572,0,4608,1092016,11200656,0.0,64.0,0,0
time_decay,0,192573,192647,0,4800,1092016,11205456,0.0,64.0,0,0
time_decay,0,192648,192728,0,5184,1092016,11210640,0.0,64.0,0,0
time_decay,0,192729,192798,0,4480,1092016,11215120,0.0,64.0,0,0
time_decay,0,192799,192866,0,4352,1092016,11219472,0.0,64.0,0,0
time_decay,0,192867,192939,0,4672,1092016,11224144,0.0,64.0,0,0
time_decay,0,192940,193007,0,4352,1092016,11228496,0.0,64.0,0,0
time_decay,0,193008,193079,0,4608,1092016,11233104,0.0,64.0,0,0
time_decay,0,193080,193155,0,4864,1092016,11237968,0.0,64.0,0,0
time_decay,0,193156,193227,0,4608,1092016,11242576,0.0,64.0,0,0
time_decay,0,193228,193293,0,4224,1092016,11246800,0.0,64.0,0,0
time_decay,0,193294,193359,0,4224,1092016,11251024,0.0,64.0,0,0
time_decay,0,193360,193425,0,4224,1092016,11255248,0.0,64.0,0,0
time_decay,0,193426,193493,0,4352,1092016,11259600,0.0,64.0,0,0
time_decay,0,193494,193559,0,4224,1092016,11263824,0.0,64.0,0,0
time_decay,0,193560,193638,0,5056,1092016,11268880,0.0,64.0,0,0
time_decay,0,193639,193714,0,4864,1092016,11273744,0.0,64.0,0,0
time_decay,0,193715,193791,0,4928,1092016,11278672,0.0,64.0,0,0
time_decay,0,193792,193852,0,3904,1092016,11282576,0.0,64.0,0,0
time_decay,0,193853,193930,0,4992,1092016,11287568,0.0,64.0,0,0
time_decay,0,193931,194003,0,4672,1092016,11292240,0.0,64.0,0,0
time_decay,0,194004,194078,0,4800,1092016,11297040,0.0,64.0,0,0
time_decay,0,194079,194151,0,4672,1092016,11301712,0.0,64.0,0,0
time_decay,0,194152,194223,0,4608,1092016,11306320,0.0,64.0,0,0
time_decay,0,194224,194291,0,4352,1092016,11310672,0.0,64.0,0,0
time_decay,0,194292,194359,0,4352,1092016,11315024,0.0,64.0,0,0
time_decay,0,194360,194427,0,4352,1092016,11319376,0.0,64.0,0,0
time_decay,0,194428,194497,0,4480,1092016,11323856,0.0,64.0,0,0
time_decay,0,194498,194567,0,4480,1092016,11328336,0.0,64.0,0,0
time_decay,0,194568,194633,0,4224,1092016,11332560,0.0,64.0,0,0
time_decay,0,194634,194711,0,4992,1092016,11337552,0.0,64.0,0,0
time_decay,0,194712,194782,0,4544,1092016,11342096,0.0,64.0,0,0
time_decay,0,194783,194854,0,4608,1092016,11346704,0.0,64.0,0,0
time_decay,0,194855,194925,0,4544,1092016,11351248,0.0,64.0,0,0
time_decay,0,194926,194996,0,4544,1092016,11355792,0.0,64.0,0,0
time_decay,0,194997,195066,0,4480,1092016,11360272,0.0,64.0,0,0
time_decay,0,195067,195138,0,4608,1092016,11364880,0.0,64.0,0,0
time_decay,0,195139,195209,0,4544,1092016,11369424,0.0,64.0,0,0
time_decay,0,195210,195283,0,4736,1092016,11374160,0.0,64.0,0,0
time_decay,0,195284,195371,0,5632,1092016,11379792,0.0,64.0,0,0
time_decay,0,195372,195445,0,4736,1092016,11384528,0.0,64.0,0,0
time_decay,0,195446,195518,0,4672,1092016,11389200,0.0,64.0,0,0
time_decay,0,195519,195587,0,4416,1092016,11393616,0.0,64.0,0,0
time_decay,0,195588,195655,0,4352,1092016,11397968,0.0,64.0,0,0
time_decay,0,195656,195735,0,5120,1092016,11403088,0.0,64.0,0,0
time_decay,0,195736,195812,0,4928,1092016,11408016,0.0,64.0,0,0
time_decay,0,195813,195878,0,4224,1092016,11412240,0.0,64.0,0,0
time_decay,0,195879,195885,0,448,1092016,11412688,0.0,64.0,0,0
time_decay,0,195886,195954,0,4416,1092016,11417104,0.0,64.0,0,0
time_decay,0,195955,196024,0,4480,1092016,11421584,0.0,64.0,0,0
time_decay,0,196025,196099,0,4800,1092016,11426384,0.0,64.0,0,0
time_decay,0,196100,196173,0,4736,1092016,11431120,0.0,64.0,0,0
time_decay,0,196174,196243,0,4480,1092016,11435600,0.0,64.0,0,0
time_decay,0,196244,196316,0,4672,1092016,11440272,0.0,64.0,0,0
time_decay,0,196317,196384,0,4352,1092016,11444624,0.0,64.0,0,0
time_decay,0,196385,196457,0,4672,1092016,11449296,0.0,64.0,0,0
time_decay,0,196458,196525,0,4352,1092016,11453648,0.0,64.0,0,0
time_decay,0,196526,196593,0,4352,1092016,11458000,0.0,64.0,0,0
time_decay,0,196594,196661,0,4352,1092016,11462352,0.0,64.0,0,0
time_decay,0,196662,196731,0,4480,1092016,11466832,0.0,64.0,0,0
time_decay,0,196732,196798,0,4288,1092016,11471120,0.0,64.0,0,0
time_decay,0,196799,196871,0,4672,1092016,11475792,0.0,64.0,0,0
time_decay,0,196872,196937,0,4224,1092016,11480016,0.0,64.0,0,0
time_decay,0,196938,197008,0,4544,1092016,11484560,0.0,64.0,0,0
time_decay,0,197009,197074,0,4224,1092016,11488784,0.0,64.0,0,0
time_decay,0,197075,197144,0,4480,1092016,11493264,0.0,64.0,0,0
time_decay,0,197145,197216,0,4608,1092016,11497872,0.0,64.0,0,0
time_decay,0,197217,197292,0,4864,1092016,11502736,0.0,64.0,0,0
time_decay,0,197293,197370,0,4992,1092016,11507728,0.0,64.0,0,0
time_decay,0,197371,197449,0,5056,1092016,11512784,0.0,64.0,0,0
time_decay,0,197450,197521,0,4608,1092016,11517392,0.0,64.0,0,0
time_decay,0,197522,197594,0,4672,1092016,11522064,0.0,64.0,0,0
time_decay,0,197595,197663,0,4416,1092016,11526480,0.0,64.0,0,0
time_decay,0,197664,197736,0,4672,1092016,11531152,0.0,64.0,0,0
time_decay,0,197737,197802,0,4224,1092016,11535376,0.0,64.0,0,0
time_decay,0,197803,197884,0,5248,1092016,11540624,0.0,64.0,0,0
time_decay,0,197885,197950,0,4224,1092016,11544848,0.0,64.0,0,0
time_decay,0,197951,198022,0,4608,1092016,11549456,0.0,64.0,0,0
time_decay,0,198023,198090,0,4352,1092016,11553808,0.0,64.0,0,0
time_decay,0,198091,198162,0,4608,1092016,11558416,0.0,64.0,0,0
time_decay,0,198163,198228,0,4224,1092016,11562640,0.0,64.0,0,0
time_decay,0,198229,198303,0,4800,1092016,11567440,0.0,64.0,0,0
time_decay,0,198304,198373,0,4480,1092016,11571920,0.0,64.0,0,0
time_decay,0,198374,198460,0,5568,1092016,11577488,0.0,64.0,0,0
time_decay,0,198461,198517,0,3648,1092016,11581136,0.0,64.0,0,0
time_decay,0,198518,198585,0,4352,1092016,11585488,0.0,64.0,0,0
time_decay,0,198586,198655,0,4480,1092016,11589968,0.0,64.0,0,0
time_decay,0,198656,198728,0,4672,1092016,11594640,0.0,64.0,0,0
time_decay,0,198729,198765,0,2368,1092016,11597008,0.0,64.0,0,0
time_decay,0,198766,198833,0,4352,1092016,11601360,0.0,64.0,0,0
time_decay,0,198834,198909,0,4864,1092016,11606224,0.0,64.0,0,0
time_decay,0,198910,198989,0,5120,1092016,11611344,0.0,64.0,0,0
time_decay,0,198990,199057,0,4352,1092016,11615696,0.0,64.0,0,0
time_decay,0,199058,199125,0,4352,1092016,11620048,0.0,64.0,0,0
time_decay,0,199126,199191,0,4224,1092016,11624272,0.0,64.0,0,0
time_decay,0,199192,199262,0,4544,1092016,11628816,0.0,64.0,0,0
time_decay,0,199263,199328,0,4224,1092016,11633040,0.0,64.0,0,0
time_decay,0,199329,199402,0,4736,1092016,11637776,0.0,64.0,0,0
time_decay,0,199403,199471,0,4416,1092016,11642192,0.0,64.0,0,0
time_decay,0,199472,199540,0,4416,1092016,11646608,0.0,64.0,0,0
time_decay,0,199541,199615,0,4800,1092016,11651408,0.0,64.0,0,0
time_decay,0,199616,199683,0,4352,1092016,11655760,0.0,64.0,0,0
time_decay,0,199684,199755,0,4608,1092016,11660368,0.0,64.0,0,0
time_decay,0,199756,199930,0,11200,1092016,11671568,0.0,64.0,0,0
time_decay,0,199931,200000,0,4480,1092016,11676048,0.0,64.0,0,0
time_decay,1,1,300,0,0,0,0,0.0,0.0,0,0
time_decay,1,301,556,912,2736,912,2736,16.0,48.0,16,16
time_decay,1,557,678,1952,5856,2864,8592,16.0,48.0,16,16
time_decay,1,679,978,4800,14400,7664,22992,16.0,48.0,16,16
time_decay,1,979,1278,4800,14400,12464,37392,16.0,48.0,16,16
time_decay,1,1279,1578,4800,14400,17264,51792,16.0,48.0,16,16
time_decay,1,1579,1608,480,1440,17744,53232,16.0,48.0,16,16
time_decay,1,1609,1695,1392,4176,19136,57408,16.0,48.0,16,16
time_decay,1,1696,1995,4800,14400,23936,71808,16.0,48.0,16,16
time_decay,1,1996,2108,1808,5424,25744,77232,16.0,48.0,16,16
time_decay,1,2109,2408,4800,14400,30544,91632,16.0,48.0,16,16
time_decay,1,2409,2708,4800,14400,35344,106032,16.0,48.0,16,16
time_decay,1,2709,2839,2096,6288,37440,112320,16.0,48.0,16,16
time_decay,1,2840,2997,2528,7584,39968,119904,16.0,48.0,16,16
time_decay,1,2998,3297,4800,14400,44768,134304,16.0,48.0,16,16
time_decay,1,3298,3446,2384,7152,47152,141456,16.0,48.0,16,16
time_decay,1,3447,3746,4800,14400,51952,155856,16.0,48.0,16,16
time_decay,1,3747,4009,4208,12624,56160,168480,16.0,48.0,16,16
time_decay,1,4010,4309,4800,14400,60960,182880,16.0,48.0,16,16
time_decay,1,4310,4609,4800,14400,65760,197280,16.0,48.0,16,16
time_decay,1,4610,4650,656,1968,66416,199248,16.0,48.0,16,16
time_decay,1,4651,4696,736,2208,67152,201456,16.0,48.0,16,16
time_decay,1,4697,4996,4800,14400,71952,215856,16.0,48.0,16,16
time_decay,1,4997,5296,4800,14400,76752,230256,16.0,48.0,16,16
time_decay,1,5297,5397,1616,4848,78368,235104,16.0,48.0,16,16
time_decay,1,5398,5697,4800,14400,83168,249504,16.0,48.0,16,16
time_decay,1,5698,5741,704,2112,83872,251616,16.0,48.0,16,16
time_decay,1,5742,6041,4800,14400,88672,266016,16.0,48.0,16,16
time_decay,1,6042,6143,1632,4896,90304,270912,16.0,48.0,16,16
time_decay,1,6144,6443,4800,14400,95104,285312,16.0,48.0,16,16
time_decay,1,6444,6520,1232,3696,96336,289008,16.0,48.0,16,16
time_decay,1,6521,6675,2480,7440,98816,296448,16.0,48.0,16,16
time_decay,1,6676,6707,512,1536,99328,297984,16.0,48.0,16,16
time_decay,1,6708,7007,4800,14400,104128,312384,16.0,48.0,16,16
time_decay,1,7008,7307,4800,14400,108928,326784,16.0,48.0,16,16
time_decay,1,7308,7399,1472,4416,110400,331200,16.0,48.0,16,16
time_decay,1,7400,7668,4304,12912,114704,344112,16.0,48.0,16,16
time_decay,1,7669,7800,2112,6336,116816,350448,16.0,48.0,16,16
time_decay,1,7801,8100,4800,14400,121616,364848,16.0,48.0,16,16
time_decay,1,8101,8133,528,1584,122144,366432,16.0,48.0,16,16
time_decay,1,8134,8153,320,960,122464,367392,16.0,48.0,16,16
time_decay,1,8154,8422,4304,12912,126768,380304,16.0,48.0,16,16
time_decay,1,8423,8722,4800,14400,131568,394704,16.0,48.0,16,16
time_decay,1,8723,9022,4800,14400,136368,409104,16.0,48.0,16,16
time_decay,1,9023,9322,4800,14400,141168,423504,16.0,48.0,16,16
time_decay,1,9323,9622,4800,14400,145968,437904,16.0,48.0,16,16
time_decay,1,9623,9922,4800,14400,150768,452304,16.0,48.0,16,16
time_decay,1,9923,10222,4800,14400,155568,466704,16.0,48.0,16,16
time_decay,1,10223,10403,2896,8688,158464,475392,16.0,48.0,16,16
time_decay,1,10404,10703,4800,14400,163264,489792,16.0,48.0,16,16
time_decay,1,10704,10710,112,336,163376,490128,16.0,48.0,16,16
time_decay,1,10711,10999,4624,13872,168000,504000,16.0,48.0,16,16
time_decay,1,11000,11204,3280,9840,171280,513840,16.0,48.0,16,16
time_decay,1,11205,11504,4800,14400,176080,528240,16.0,48.0,16,16
time_decay,1,11505,11804,4800,14400,180880,542640,16.0,48.0,16,16
time_decay,1,11805,12104,4800,14400,185680,557040,16.0,48.0,16,16
time_decay,1,12105,12404,4800,14400,190480,571440,16.0,48.0,16,16
time_decay,1,12405,12540,2176,6528,192656,577968,16.0,48.0,16,16
time_decay,1,12541,12559,304,912,192960,578880,16.0,48.0,16,16
time_decay,1,12560,12859,4800,14400,197760,593280,16.0,48.0,16,16
time_decay,1,12860,13159,4800,14400,202560,607680,16.0,48.0,16,16
time_decay,1,13160,13459,4800,14400,207360,622080,16.0,48.0,16,16
time_decay,1,13460,13759,4800,14400,212160,636480,16.0,48.0,16,16
time_decay,1,13760,13895,2176,6528,214336,643008,16.0,48.0,16,16
time_decay,1,13896,13921,416,1248,214752,644256,16.0,48.0,16,16
time_decay,1,13922,14221,4800,14400,219552,658656,16.0,48.0,16,16
time_decay,1,14222,14521,4800,14400,224352,673056,16.0,48.0,16,16
time_decay,1,14522,14675,2464,7392,226816,680448,16.0,48.0,16,16
time_decay,1,14676,14975,4800,14400,231616,694848,16.0,48.0,16,16
time_decay,1,14976,15275,4800,14400,236416,709248,16.0,48.0,16,16
time_decay,1,15276,15350,1200,3600,237616,712848,16.0,48.0,16,16
time_decay,1,15351,15447,1552,4656,239168,717504,16.0,48.0,16,16
time_decay,1,15448,15747,4800,14400,243968,731904,16.0,48.0,16,16
time_decay,1,15748,16026,4464,13392,248432,745296,16.0,48.0,16,16
time_decay,1,16027,16041,240,720,248672,746016,16.0,48.0,16,16
time_decay,1,16042,16126,1360,4080,250032,750096,16.0,48.0,16,16
time_decay,1,16127,16426,4800,14400,254832,764496,16.0,48.0,16,16
time_decay,1,16427,16712,4576,13728,259408,778224,16.0,48.0,16,16
time_decay,1,16713,16782,1120,3360,260528,781584,16.0,48.0,16,16
time_decay,1,16783,16885,1648,4944,262176,786528,16.0,48.0,16,16
time_decay,1,16886,16992,1712,5136,263888,791664,16.0,48.0,16,16
time_decay,1,16993,17079,1392,4176,265280,795840,16.0,48.0,16,16
time_decay,1,17080,17252,2768,8304,268048,804144,16.0,48.0,16,16
time_decay,1,17253,17358,1696,5088,269744,809232,16.0,48.0,16,16
time_decay,1,17359,17658,4800,14400,274544,823632,16.0,48.0,16,16
time_decay,1,17659,17958,4800,14400,279344,838032,16.0,48.0,16,16
time_decay,1,17959,18258,4800,14400,284144,852432,16.0,48.0,16,16
time_decay,1,18259,18545,4592,13776,288736,866208,16.0,48.0,16,16
time_decay,1,18546,18845,4800,14400,293536,880608,16.0,48.0,16,16
time_decay,1,18846,19002,2512,7536,296048,888144,16.0,48.0,16,16
time_decay,1,19003,19302,4800,14400,300848,902544,16.0,48.0,16,16
time_decay,1,19303,19602,4800,14400,305648,916944,16.0,48.0,16,16
time_decay,1,19603,19717,1840,5520,307488,922464,16.0,48.0,16,16
time_decay,1,19718,19838,1936,5808,309424,928272,16.0,48.0,16,16
time_decay,1,19839,19858,320,960,309744,929232,16.0,48.0,16,16
time_decay,1,19859,19903,720,2160,310464,931392,16.0,48.0,16,16
time_decay,1,19904,20004,1616,4848,312080,936240,16.0,48.0,16,16
time_decay,1,20005,20304,4800,14400,316880,950640,16.0,48.0,16,16
time_decay,1,20305,20604,4800,14400,321680,965040,16.0,48.0,16,16
time_decay,1,20605,20751,2352,7056,324032,972096,16.0,48.0,16,16
time_decay,1,20752,21051,4800,14400,328832,986496,16.0,48.0,16,16
time_decay,1,21052,21350,4784,14352,333616,1000848,16.0,48.0,16,16
time_decay,1,21351,21391,656,1968,334272,1002816,16.0,48.0,16,16
time_decay,1,21392,21691,4800,14400,339072,1017216,16.0,48.0,16,16
time_decay,1,21692,21991,4800,14400,343872,1031616,16.0,48.0,16,16
time_decay,1,21992,22212,3536,10608,347408,1042224,16.0,48.0,16,16
time_decay,1,22213,22512,4800,14400,352208,1056624,16.0,48.0,16,16
time_decay,1,22513,22811,4784,14352,356992,1070976,16.0,48.0,16,16
time_decay,1,22812,23111,4800,14400,361792,1085376,16.0,48.0,16,16
time_decay,1,23112,23411,4800,14400,366592,1099776,16.0,48.0,16,16
time_decay,1,23412,23618,3312,9936,369904,1109712,16.0,48.0,16,16
time_decay,1,23619,23721,1648,4944,371552,1114656,16.0,48.0,16,16
time_decay,1,23722,24021,4800,14400,376352,1129056,16.0,48.0,16,16
time_decay,1,24022,24059,608,1824,376960,1130880,16.0,48.0,16,16
time_decay,1,24060,24359,4800,14400,381760,1145280,16.0,48.0,16,16
time_decay,1,24360,24605,3936,11808,385696,1157088,16.0,48.0,16,16
time_decay,1,24606,24905,4800,14400,390496,1171488,16.0,48.0,16,16
time_decay,1,24906,24943,608,1824,391104,1173312,16.0,48.0,16,16
time_decay,1,24944,25243,4800,14400,395904,1187712,16.0,48.0,16,16
time_decay,1,25244,25513,4320,12960,400224,1200672,16.0,48.0,16,16
time_decay,1,25514,25813,4800,14400,405024,1215072,16.0,48.0,16,16
time_decay,1,25814,26113,4800,14400,409824,1229472,16.0,48.0,16,16
time_decay,1,26114,26169,896,2688,410720,1232160,16.0,48.0,16,16
time_decay,1,26170,26469,4800,14400,415520,1246560,16.0,48.0,16,16
time_decay,1,26470,26769,4800,14400,420320,1260960,16.0,48.0,16,16
time_decay,1,26770,27069,4800,14400,425120,1275360,16.0,48.0,16,16
time_decay,1,27070,27369,4800,14400,429920,1289760,16.0,48.0,16,16
time_decay,1,27370,27669,4800,14400,434720,1304160,16.0,48.0,16,16
time_decay,1,27670,27969,4800,14400,439520,1318560,16.0,48.0,16,16
time_decay,1,27970,28269,4800,14400,444320,1332960,16.0,48.0,16,16
time_decay,1,28270,28569,4800,14400,449120,1347360,16.0,48.0,16,16
time_decay,1,28570,28869,4800,14400,453920,1361760,16.0,48.0,16,16
time_decay,1,28870,29169,4800,14400,458720,1376160,16.0,48.0,16,16
time_decay,1,29170,29469,4800,14400,463520,1390560,16.0,48.0,16,16
time_decay,1,29470,29769,4800,14400,468320,1404960,16.0,48.0,16,16
time_decay,1,29770,30069,4800,14400,473120,1419360,16.0,48.0,16,16
time_decay,1,30070,30369,4800,14400,477920,1433760,16.0,48.0,16,16
time_decay,1,30370,30605,3776,11328,481696,1445088,16.0,48.0,16,16
time_decay,1,30606,30905,4800,14400,486496,1459488,16.0,48.0,16,16
time_decay,1,30906,31205,4800,14400,491296,1473888,16.0,48.0,16,16
time_decay,1,31206,31505,4800,14400,496096,1488288,16.0,48.0,16,16
time_decay,1,31506,31657,2432,7296,498528,1495584,16.0,48.0,16,16
time_decay,1,31658,31957,4800,14400,503328,1509984,16.0,48.0,16,16
time_decay,1,31958,32036,1264,3792,504592,1513776,16.0,48.0,16,16
time_decay,1,32037,32130,1504,4512,506096,1518288,16.0,48.0,16,16
time_decay,1,32131,32308,2848,8544,508944,1526832,16.0,48.0,16,16
time_decay,1,32309,32608,4800,14400,513744,1541232,16.0,48.0,16,16
time_decay,1,32609,32808,3200,9600,516944,1550832,16.0,48.0,16,16
time_decay,1,32809,33042,3744,11232,520688,1562064,16.0,48.0,16,16
time_decay,1,33043,33342,4800,14400,525488,1576464,16.0,48.0,16,16
time_decay,1,33343,33642,4800,14400,530288,1590864,16.0,48.0,16,16
time_decay,1,33643,33831,3024,9072,533312,1599936,16.0,48.0,16,16
time_decay,1,33832,34131,4800,14400,538112,1614336,16.0,48.0,16,16
time_decay,1,34132,34431,4800,14400,542912,1628736,16.0,48.0,16,16
time_decay,1,34432,34731,4800,14400,547712,1643136,16.0,48.0,16,16
time_decay,1,34732,35031,4800,14400,552512,1657536,16.0,48.0,16,16
time_decay,1,35032,35331,4800,14400,557312,1671936,16.0,48.0,16,16
time_decay,1,35332,35505,2784,8352,560096,1680288,16.0,48.0,16,16
time_decay,1,35506,35805,4800,14400,564896,1694688,16.0,48.0,16,16
time_decay,1,35806,36054,3984,11952,568880,1706640,16.0,48.0,16,16
time_decay,1,36055,36354,4800,14400,573680,1721040,16.0,48.0,16,16
time_decay,1,36355,36654,4800,14400,578480,1735440,16.0,48.0,16,16
time_decay,1,36655,36730,1216,3648,579696,1739088,16.0,48.0,16,16
time_decay,1,36731,37030,4800,14400,584496,1753488,16.0,48.0,16,16
time_decay,1,37031,37330,4800,14400,589296,1767888,16.0,48.0,16,16
time_decay,1,37331,37374,704,2112,590000,1770000,16.0,48.0,16,16
time_decay,1,37375,37392,288,864,590288,1770864,16.0,48.0,16,16
time_decay,1,37393,37526,2144,6432,592432,1777296,16.0,48.0,16,16
time_decay,1,37527,37826,4800,14400,597232,1791696,16.0,48.0,16,16
time_decay,1,37827,37957,2096,6288,599328,1797984,16.0,48.0,16,16
time_decay,1,37958,38257,4800,14400,604128,1812384,16.0,48.0,16,16
time_decay,1,38258,38557,4800,14400,608928,1826784,16.0,48.0,16,16
time_decay,1,38558,38857,4800,14400,613728,1841184,16.0,48.0,16,16
time_decay,1,38858,39157,4800,14400,618528,1855584,16.0,48.0,16,16
time_decay,1,39158,39319,2592,7776,621120,1863360,16.0,48.0,16,16
time_decay,1,39320,39619,4800,14400,625920,1877760,16.0,48.0,16,16
time_decay,1,39620,39919,4800,14400,630720,1892160,16.0,48.0,16,16
time_decay,1,39920,40219,4800,14400,635520,1906560,16.0,48.0,16,16
time_decay,1,40220,40470,4016,12048,639536,1918608,16.0,48.0,16,16
time_decay,1,40471,40770,4800,14400,644336,1933008,16.0,48.0,16,16
time_decay,1,40771,41070,4800,14400,649136,1947408,16.0,48.0,16,16
time_decay,1,41071,41370,4800,14400,653936,1961808,16.0,48.0,16,16
time_decay,1,41371,41670,4800,14400,658736,1976208,16.0,48.0,16,16
time_decay,1,41671,41970,4800,14400,663536,1990608,16.0,48.0,16,16
time_decay,1,41971,42270,4800,14400,668336,2005008,16.0,48.0,16,16
time_decay,1,42271,42283,208,624,668544,2005632,16.0,48.0,16,16
time_decay,1,42284,42382,1584,4752,670128,2010384,16.0,48.0,16,16
time_decay,1,42383,42479,1552,4656,671680,2015040,16.0,48.0,16,16
time_decay,1,42480,42555,1216,3648,672896,2018688,16.0,48.0,16,16
time_decay,1,42556,42682,2032,6096,674928,2024784,16.0,48.0,16,16
time_decay,1,42683,42982,4800,14400,679728,2039184,16.0,48.0,16,16
time_decay,1,42983,43215,3728,11184,683456,2050368,16.0,48.0,16,16
time_decay,1,43216,43515,4800,14400,688256,2064768,16.0,48.0,16,16
time_decay,1,43516,43815,4800,14400,693056,2079168,16.0,48.0,16,16
time_decay,1,43816,44115,4800,14400,697856,2093568,16.0,48.0,16,16
time_decay,1,44116,44415,4800,14400,702656,2107968,16.0,48.0,16,16
time_decay,1,44416,44632,3472,10416,706128,2118384,16.0,48.0,16,16
time_decay,1,44633,44932,4800,14400,710928,2132784,16.0,48.0,16,16
time_decay,1,44933,44980,768,2304,711696,2135088,16.0,48.0,16,16
time_decay,1,44981,45280,4800,14400,716496,2149488,16.0,48.0,16,16
time_decay,1,45281,45358,1248,3744,717744,2153232,16.0,48.0,16,16
time_decay,1,45359,45658,4800,14400,722544,2167632,16.0,48.0,16,16
time_decay,1,45659,45692,544,1632,723088,2169264,16.0,48.0,16,16
time_decay,1,45693,45992,4800,14400,727888,2183664,16.0,48.0,16,16
time_decay,1,45993,46044,832,2496,728720,2186160,16.0,48.0,16,16
time_decay,1,46045,46344,4800,14400,733520,2200560,16.0,48.0,16,16
time_decay,1,46345,46644,4800,14400,738320,2214960,16.0,48.0,16,16
time_decay,1,46645,46944,4800,14400,743120,2229360,16.0,48.0,16,16
time_decay,1,46945,47099,2480,7440,745600,2236800,16.0,48.0,16,16
time_decay,1,47100,47399,4800,14400,750400,2251200,16.0,48.0,16,16
time_decay,1,47400,47699,4800,14400,755200,2265600,16.0,48.0,16,16
time_decay,1,47700,47999,4800,14400,760000,2280000,16.0,48.0,16,16
time_decay,1,48000,48012,208,624,760208,2280624,16.0,48.0,16,16
time_decay,1,48013,48312,4800,14400,765008,2295024,16.0,48.0,16,16
time_decay,1,48313,48612,4800,14400,769808,2309424,16.0,48.0,16,16
time_decay,1,48613,48912,4800,14400,774608,2323824,16.0,48.0,16,16
time_decay,1,48913,49212,4800,14400,779408,2338224,16.0,48.0,16,16
time_decay,1,49213,49512,4800,14400,784208,2352624,16.0,48.0,16,16
time_decay,1,49513,49812,4800,14400,789008,2367024,16.0,48.0,16,16
time_decay,1,49813,50112,3680,15520,792688,2382544,12.266666666666667,51.733333333333334,6,16
time_decay,1,50113,50412,1800,17400,794488,2399944,6.0,58.0,6,6
time_decay,1,50413,50712,1800,17400,796288,2417344,6.0,58.0,6,6
time_decay,1,50713,51012,1800,17400,798088,2434744,6.0,58.0,6,6
time_decay,1,51013,51071,354,3422,798442,2438166,6.0,58.0,6,6
time_decay,1,51072,51371,1800,17400,800242,2455566,6.0,58.0,6,6
time_decay,1,51372,51463,552,5336,800794,2460902,6.0,58.0,6,6
time_decay,1,51464,51763,1800,17400,802594,2478302,6.0,58.0,6,6
time_decay,1,51764,52063,1800,17400,804394,2495702,6.0,58.0,6,6
time_decay,1,52064,52363,1800,17400,806194,2513102,6.0,58.0,6,6
time_decay,1,52364,52384,126,1218,806320,2514320,6.0,58.0,6,6
time_decay,1,52385,52684,1800,17400,808120,2531720,6.0,58.0,6,6
time_decay,1,52685,52984,1800,17400,809920,2549120,6.0,58.0,6,6
time_decay,1,52985,53204,1320,12760,811240,2561880,6.0,58.0,6,6
time_decay,1,53205,53504,1800,17400,813040,2579280,6.0,58.0,6,6
time_decay,1,53505,53608,624,6032,813664,2585312,6.0,58.0,6,6
time_decay,1,53609,53908,1800,17400,815464,2602712,6.0,58.0,6,6
time_decay,1,53909,54208,1800,17400,817264,2620112,6.0,58.0,6,6
time_decay,1,54209,54398,1140,11020,818404,2631132,6.0,58.0,6,6
time_decay,1,54399,54698,1800,17400,820204,2648532,6.0,58.0,6,6
time_decay,1,54699,54892,1164,11252,821368,2659784,6.0,58.0,6,6
time_decay,1,54893,55192,1800,17400,823168,2677184,6.0,58.0,6,6
time_decay,1,55193,55456,1584,15312,824752,2692496,6.0,58.0,6,6
time_decay,1,55457,55756,1800,17400,826552,2709896,6.0,58.0,6,6
time_decay,1,55757,55876,720,6960,827272,2716856,6.0,58.0,6,6
time_decay,1,55877,56176,1800,17400,829072,2734256,6.0,58.0,6,6
time_decay,1,56177,56476,1800,17400,830872,2751656,6.0,58.0,6,6
time_decay,1,56477,56506,180,1740,831052,2753396,6.0,58.0,6,6
time_decay,1,56507,56529,138,1334,831190,2754730,6.0,58.0,6,6
time_decay,1,56530,56829,1800,17400,832990,2772130,6.0,58.0,6,6
time_decay,1,56830,57129,1800,17400,834790,2789530,6.0,58.0,6,6
time_decay,1,57130,57429,1800,17400,836590,2806930,6.0,58.0,6,6
time_decay,1,57430,57729,1800,17400,838390,2824330,6.0,58.0,6,6
time_decay,1,57730,58029,1800,17400,840190,2841730,6.0,58.0,6,6
time_decay,1,58030,58045,96,928,840286,2842658,6.0,58.0,6,6
time_decay,1,58046,58345,1800,17400,842086,2860058,6.0,58.0,6,6
time_decay,1,58346,58597,1512,14616,843598,2874674,6.0,58.0,6,6
time_decay,1,58598,58626,174,1682,843772,2876356,6.0,58.0,6,6
time_decay,1,58627,58674,288,2784,844060,2879140,6.0,58.0,6,6
time_decay,1,58675,58843,1014,9802,845074,2888942,6.0,58.0,6,6
time_decay,1,58844,58979,816,7888,845890,2896830,6.0,58.0,6,6
time_decay,1,58980,58994,90,870,845980,2897700,6.0,58.0,6,6
time_decay,1,58995,59056,372,3596,846352,2901296,6.0,58.0,6,6
time_decay,1,59057,59356,1800,17400,848152,2918696,6.0,58.0,6,6
time_decay,1,59357,59476,720,6960,848872,2925656,6.0,58.0,6,6
time_decay,1,59477,59533,342,3306,849214,2928962,6.0,58.0,6,6
time_decay,1,59534,59714,1086,10498,850300,2939460,6.0,58.0,6,6
time_decay,1,59715,60014,1800,17400,852100,2956860,6.0,58.0,6,6
time_decay,1,60015,60062,288,2784,852388,2959644,6.0,58.0,6,6
time_decay,1,60063,60241,1074,10382,853462,2970026,6.0,58.0,6,6
time_decay,1,60242,60541,1800,17400,855262,2987426,6.0,58.0,6,6
time_decay,1,60542,60841,1800,17400,857062,3004826,6.0,58.0,6,6
time_decay,1,60842,60906,390,3770,857452,3008596,6.0,58.0,6,6
time_decay,1,60907,60921,90,870,857542,3009466,6.0,58.0,6,6
time_decay,1,60922,60996,450,4350,857992,3013816,6.0,58.0,6,6
time_decay,1,60997,61033,222,2146,858214,3015962,6.0,58.0,6,6
time_decay,1,61034,61090,342,3306,858556,3019268,6.0,58.0,6,6
time_decay,1,61091,61163,438,4234,858994,3023502,6.0,58.0,6,6
time_decay,1,61164,61208,270,2610,859264,3026112,6.0,58.0,6,6
time_decay,1,61209,61322,684,6612,859948,3032724,6.0,58.0,6,6
time_decay,1,61323,61331,54,522,860002,3033246,6.0,58.0,6,6
time_decay,1,61332,61360,174,1682,860176,3034928,6.0,58.0,6,6
time_decay,1,61361,61368,48,464,860224,3035392,6.0,58.0,6,6
time_decay,1,61369,61401,198,1914,860422,3037306,6.0,58.0,6,6
time_decay,1,61402,61575,1044,10092,861466,3047398,6.0,58.0,6,6
time_decay,1,61576,61632,342,3306,861808,3050704,6.0,58.0,6,6
time_decay,1,61633,61654,132,1276,861940,3051980,6.0,58.0,6,6
time_decay,1,61655,61713,354,3422,862294,3055402,6.0,58.0,6,6
time_decay,1,61714,61750,222,2146,862516,3057548,6.0,58.0,6,6
time_decay,1,61751,61812,372,3596,862888,3061144,6.0,58.0,6,6
time_decay,1,61813,62001,1134,10962,864022,3072106,6.0,58.0,6,6
time_decay,1,62002,62301,1800,17400,865822,3089506,6.0,58.0,6,6
time_decay,1,62302,62337,216,2088,866038,3091594,6.0,58.0,6,6
time_decay,1,62338,62575,1428,13804,867466,3105398,6.0,58.0,6,6
time_decay,1,62576,62668,558,5394,868024,3110792,6.0,58.0,6,6
time_decay,1,62669,62709,246,2378,868270,3113170,6.0,58.0,6,6
time_decay,1,62710,62848,834,8062,869104,3121232,6.0,58.0,6,6
time_decay,1,62849,62936,528,5104,869632,3126336,6.0,58.0,6,6
time_decay,1,62937,63115,1074,10382,870706,3136718,6.0,58.0,6,6
time_decay,1,63116,63222,642,6206,871348,3142924,6.0,58.0,6,6
time_decay,1,63223,63432,1260,12180,872608,3155104,6.0,58.0,6,6
time_decay,1,63433,63447,90,870,872698,3155974,6.0,58.0,6,6
time_decay,1,63448,63532,510,4930,873208,3160904,6.0,58.0,6,6
time_decay,1,63533,63663,786,7598,873994,3168502,6.0,58.0,6,6
time_decay,1,63664,63699,216,2088,874210,3170590,6.0,58.0,6,6
time_decay,1,63700,63779,480,4640,874690,3175230,6.0,58.0,6,6
time_decay,1,63780,63795,96,928,874786,3176158,6.0,58.0,6,6
time_decay,1,63796,64086,1746,16878,876532,3193036,6.0,58.0,6,6
time_decay,1,64087,64386,1800,17400,878332,3210436,6.0,58.0,6,6
time_decay,1,64387,64523,822,7946,879154,3218382,6.0,58.0,6,6
time_decay,1,64524,64628,630,6090,879784,3224472,6.0,58.0,6,6
time_decay,1,64629,64779,906,8758,880690,3233230,6.0,58.0,6,6
time_decay,1,64780,64941,972,9396,881662,3242626,6.0,58.0,6,6
time_decay,1,64942,65241,1800,17400,883462,3260026,6.0,58.0,6,6
time_decay,1,65242,65331,540,5220,884002,3265246,6.0,58.0,6,6
time_decay,1,65332,65631,1800,17400,885802,3282646,6.0,58.0,6,6
time_decay,1,65632,65931,1800,17400,887602,3300046,6.0,58.0,6,6
time_decay,1,65932,66231,1800,17400,889402,3317446,6.0,58.0,6,6
time_decay,1,66232,66531,1800,17400,891202,3334846,6.0,58.0,6,6
time_decay,1,66532,66606,450,4350,891652,3339196,6.0,58.0,6,6
time_decay,1,66607,66735,774,7482,892426,3346678,6.0,58.0,6,6
time_decay,1,66736,66796,366,3538,892792,3350216,6.0,58.0,6,6
time_decay,1,66797,67086,1740,16820,894532,3367036,6.0,58.0,6,6
time_decay,1,67087,67166,480,4640,895012,3371676,6.0,58.0,6,6
time_decay,1,67167,67466,1800,17400,896812,3389076,6.0,58.0,6,6
time_decay,1,67467,67766,1800,17400,898612,3406476,6.0,58.0,6,6
time_decay,1,67767,68066,1800,17400,900412,3423876,6.0,58.0,6,6
time_decay,1,68067,68366,1800,17400,902212,3441276,6.0,58.0,6,6
time_decay,1,68367,68565,1194,11542,903406,3452818,6.0,58.0,6,6
time_decay,1,68566,68865,1800,17400,905206,3470218,6.0,58.0,6,6
time_decay,1,68866,69165,1800,17400,907006,3487618,6.0,58.0,6,6
time_decay,1,69166,69308,858,8294,907864,3495912,6.0,58.0,6,6
time_decay,1,69309,69457,894,8642,908758,3504554,6.0,58.0,6,6
time_decay,1,69458,69584,762,7366,909520,3511920,6.0,58.0,6,6
time_decay,1,69585,69884,1800,17400,911320,3529320,6.0,58.0,6,6
time_decay,1,69885,70184,1800,17400,913120,3546720,6.0,58.0,6,6
time_decay,1,70185,70484,1800,17400,914920,3564120,6.0,58.0,6,6
time_decay,1,70485,70568,504,4872,915424,3568992,6.0,58.0,6,6
time_decay,1,70569,70817,1494,14442,916918,3583434,6.0,58.0,6,6
time_decay,1,70818,70920,618,5974,917536,3589408,6.0,58.0,6,6
time_decay,1,70921,71220,1800,17400,919336,3606808,6.0,58.0,6,6
time_decay,1,71221,71238,108,1044,919444,3607852,6.0,58.0,6,6
time_decay,1,71239,71258,120,1160,919564,3609012,6.0,58.0,6,6
time_decay,1,71259,71297,234,2262,919798,3611274,6.0,58.0,6,6
time_decay,1,71298,71597,1800,17400,921598,3628674,6.0,58.0,6,6
time_decay,1,71598,71707,660,6380,922258,3635054,6.0,58.0,6,6
time_decay,1,71708,71805,588,5684,922846,3640738,6.0,58.0,6,6
time_decay,1,71806,71946,846,8178,923692,3648916,6.0,58.0,6,6
time_decay,1,71947,72064,708,6844,924400,3655760,6.0,58.0,6,6
time_decay,1,72065,72132,408,3944,924808,3659704,6.0,58.0,6,6
time_decay,1,72133,72161,174,1682,924982,3661386,6.0,58.0,6,6
time_decay,1,72162,72212,306,2958,925288,3664344,6.0,58.0,6,6
time_decay,1,72213,72512,1800,17400,927088,3681744,6.0,58.0,6,6
time_decay,1,72513,72517,30,290,927118,3682034,6.0,58.0,6,6
time_decay,1,72518,72639,732,7076,927850,3689110,6.0,58.0,6,6
time_decay,1,72640,72939,1800,17400,929650,3706510,6.0,58.0,6,6
time_decay,1,72940,73239,1800,17400,931450,3723910,6.0,58.0,6,6
time_decay,1,73240,73274,210,2030,931660,3725940,6.0,58.0,6,6
time_decay,1,73275,73282,48,464,931708,3726404,6.0,58.0,6,6
time_decay,1,73283,73327,270,2610,931978,3729014,6.0,58.0,6,6
time_decay,1,73328,73446,714,6902,932692,3735916,6.0,58.0,6,6
time_decay,1,73447,73491,270,2610,932962,3738526,6.0,58.0,6,6
time_decay,1,73492,73640,894,8642,933856,3747168,6.0,58.0,6,6
time_decay,1,73641,73664,144,1392,934000,3748560,6.0,58.0,6,6
time_decay,1,73665,73927,1578,15254,935578,3763814,6.0,58.0,6,6
time_decay,1,73928,73946,114,1102,935692,3764916,6.0,58.0,6,6
time_decay,1,73947,74018,432,4176,936124,3769092,6.0,58.0,6,6
time_decay,1,74019,74318,1800,17400,937924,3786492,6.0,58.0,6,6
time_decay,1,74319,74460,852,8236,938776,3794728,6.0,58.0,6,6
time_decay,1,74461,74760,1800,17400,940576,3812128,6.0,58.0,6,6
time_decay,1,74761,74797,222,2146,940798,3814274,6.0,58.0,6,6
time_decay,1,74798,75097,1800,17400,942598,3831674,6.0,58.0,6,6
time_decay,1,75098,75158,366,3538,942964,3835212,6.0,58.0,6,6
time_decay,1,75159,75234,456,4408,943420,3839620,6.0,58.0,6,6
time_decay,1,75235,75362,768,7424,944188,3847044,6.0,58.0,6,6
time_decay,1,75363,75662,1800,17400,945988,3864444,6.0,58.0,6,6
time_decay,1,75663,75962,1800,17400,947788,3881844,6.0,58.0,6,6
time_decay,1,75963,76003,246,2378,948034,3884222,6.0,58.0,6,6
time_decay,1,76004,76303,1800,17400,949834,3901622,6.0,58.0,6,6
time_decay,1,76304,76322,114,1102,949948,3902724,6.0,58.0,6,6
time_decay,1,76323,76411,534,5162,950482,3907886,6.0,58.0,6,6
time_decay,1,76412,76550,834,8062,951316,3915948,6.0,58.0,6,6
time_decay,1,76551,76584,204,1972,951520,3917920,6.0,58.0,6,6
time_decay,1,76585,76884,1800,17400,953320,3935320,6.0,58.0,6,6
time_decay,1,76885,77184,1800,17400,955120,3952720,6.0,58.0,6,6
time_decay,1,77185,77459,1650,15950,956770,3968670,6.0,58.0,6,6
time_decay,1,77460,77759,1800,17400,958570,3986070,6.0,58.0,6,6
time_decay,1,77760,77864,630,6090,959200,3992160,6.0,58.0,6,6
time_decay,1,77865,78164,1800,17400,961000,4009560,6.0,58.0,6,6
time_decay,1,78165,78254,540,5220,961540,4014780,6.0,58.0,6,6
time_decay,1,78255,78351,582,5626,962122,4020406,6.0,58.0,6,6
time_decay,1,78352,78651,1800,17400,963922,4037806,6.0,58.0,6,6
time_decay,1,78652,78859,1248,12064,965170,4049870,6.0,58.0,6,6
time_decay,1,78860,78937,468,4524,965638,4054394,6.0,58.0,6,6
time_decay,1,78938,78961,144,1392,965782,4055786,6.0,58.0,6,6
time_decay,1,78962,78979,108,1044,965890,4056830,6.0,58.0,6,6
time_decay,1,78980,79039,360,3480,966250,4060310,6.0,58.0,6,6
time_decay,1,79040,79339,1800,17400,968050,4077710,6.0,58.0,6,6
time_decay,1,79340,79639,1800,17400,969850,4095110,6.0,58.0,6,6
time_decay,1,79640,79863,1344,12992,971194,4108102,6.0,58.0,6,6
time_decay,1,79864,79895,192,1856,971386,4109958,6.0,58.0,6,6
time_decay,1,79896,80195,1800,17400,973186,4127358,6.0,58.0,6,6
time_decay,1,80196,80436,1446,13978,974632,4141336,6.0,58.0,6,6
time_decay,1,80437,80733,1782,17226,976414,4158562,6.0,58.0,6,6
time_decay,1,80734,81033,1800,17400,978214,4175962,6.0,58.0,6,6
time_decay,1,81034,81064,186,1798,978400,4177760,6.0,58.0,6,6
time_decay,1,81065,81087,138,1334,978538,4179094,6.0,58.0,6,6
time_decay,1,81088,81129,252,2436,978790,4181530,6.0,58.0,6,6
time_decay,1,81130,81158,174,1682,978964,4183212,6.0,58.0,6,6
time_decay,1,81159,81209,306,2958,979270,4186170,6.0,58.0,6,6
time_decay,1,81210,81224,90,870,979360,4187040,6.0,58.0,6,6
time_decay,1,81225,81524,1800,17400,981160,4204440,6.0,58.0,6,6
time_decay,1,81525,81737,1278,12354,982438,4216794,6.0,58.0,6,6
time_decay,1,81738,82037,1800,17400,984238,4234194,6.0,58.0,6,6
time_decay,1,82038,82071,204,1972,984442,4236166,6.0,58.0,6,6
time_decay,1,82072,82371,1800,17400,986242,4253566,6.0,58.0,6,6
time_decay,1,82372,82671,1800,17400,988042,4270966,6.0,58.0,6,6
time_decay,1,82672,82738,402,3886,988444,4274852,6.0,58.0,6,6
time_decay,1,82739,82782,264,2552,988708,4277404,6.0,58.0,6,6
time_decay,1,82783,82824,252,2436,988960,4279840,6.0,58.0,6,6
time_decay,1,82825,82852,168,1624,989128,4281464,6.0,58.0,6,6
time_decay,1,82853,82881,174,1682,989302,4283146,6.0,58.0,6,6
time_decay,1,82882,82989,648,6264,989950,4289410,6.0,58.0,6,6
time_decay,1,82990,83003,84,812,990034,4290222,6.0,58.0,6,6
time_decay,1,83004,83192,1134,10962,991168,4301184,6.0,58.0,6,6
time_decay,1,83193,83218,156,1508,991324,4302692,6.0,58.0,6,6
time_decay,1,83219,83294,456,4408,991780,4307100,6.0,58.0,6,6
time_decay,1,83295,83474,1080,10440,992860,4317540,6.0,58.0,6,6
time_decay,1,83475,83517,258,2494,993118,4320034,6.0,58.0,6,6
time_decay,1,83518,83817,1800,17400,994918,4337434,6.0,58.0,6,6
time_decay,1,83818,83855,228,2204,995146,4339638,6.0,58.0,6,6
time_decay,1,83856,84155,1800,17400,996946,4357038,6.0,58.0,6,6
time_decay,1,84156,84455,1800,17400,998746,4374438,6.0,58.0,6,6
time_decay,1,84456,84527,432,4176,999178,4378614,6.0,58.0,6,6
time_decay,1,84528,84761,1404,13572,1000582,4392186,6.0,58.0,6,6
time_decay,1,84762,84858,582,5626,1001164,4397812,6.0,58.0,6,6
time_decay,1,84859,85158,1800,17400,1002964,4415212,6.0,58.0,6,6
time_decay,1,85159,85212,324,3132,1003288,4418344,6.0,58.0,6,6
time_decay,1,85213,85235,138,1334,1003426,4419678,6.0,58.0,6,6
time_decay,1,85236,85535,1800,17400,1005226,4437078,6.0,58.0,6,6
time_decay,1,85536,85726,1146,11078,1006372,4448156,6.0,58.0,6,6
time_decay,1,85727,85792,396,3828,1006768,4451984,6.0,58.0,6,6
time_decay,1,85793,86092,1800,17400,1008568,4469384,6.0,58.0,6,6
time_decay,1,86093,86221,774,7482,1009342,4476866,6.0,58.0,6,6
time_decay,1,86222,86378,942,9106,1010284,4485972,6.0,58.0,6,6
time_decay,1,86379,86678,1800,17400,1012084,4503372,6.0,58.0,6,6
time_decay,1,86679,86978,1800,17400,1013884,4520772,6.0,58.0,6,6
time_decay,1,86979,87148,1020,9860,1014904,4530632,6.0,58.0,6,6
time_decay,1,87149,87208,360,3480,1015264,4534112,6.0,58.0,6,6
time_decay,1,87209,87508,1800,17400,1017064,4551512,6.0,58.0,6,6
time_decay,1,87509,87808,1800,17400,1018864,4568912,6.0,58.0,6,6
time_decay,1,87809,87975,1002,9686,1019866,4578598,6.0,58.0,6,6
time_decay,1,87976,88103,768,7424,1020634,4586022,6.0,58.0,6,6
time_decay,1,88104,88233,780,7540,1021414,4593562,6.0,58.0,6,6
time_decay,1,88234,88364,786,7598,1022200,4601160,6.0,58.0,6,6
time_decay,1,88365,88386,132,1276,1022332,4602436,6.0,58.0,6,6
time_decay,1,88387,88686,1800,17400,1024132,4619836,6.0,58.0,6,6
time_decay,1,88687,88837,906,8758,1025038,4628594,6.0,58.0,6,6
time_decay,1,88838,89137,1800,17400,1026838,4645994,6.0,58.0,6,6
time_decay,1,89138,89152,90,870,1026928,4646864,6.0,58.0,6,6
time_decay,1,89153,89265,678,6554,1027606,4653418,6.0,58.0,6,6
time_decay,1,89266,89565,1800,17400,1029406,4670818,6.0,58.0,6,6
time_decay,1,89566,89641,456,4408,1029862,4675226,6.0,58.0,6,6
time_decay,1,89642,89652,66,638,1029928,4675864,6.0,58.0,6,6
time_decay,1,89653,89663,66,638,1029994,4676502,6.0,58.0,6,6
time_decay,1,89664,89775,672,6496,1030666,4682998,6.0,58.0,6,6
time_decay,1,89776,89973,1188,11484,1031854,4694482,6.0,58.0,6,6
time_decay,1,89974,90005,192,1856,1032046,4696338,6.0,58.0,6,6
time_decay,1,90006,90305,1800,17400,1033846,4713738,6.0,58.0,6,6
time_decay,1,90306,90375,420,4060,1034266,4717798,6.0,58.0,6,6
time_decay,1,90376,90675,1800,17400,1036066,4735198,6.0,58.0,6,6
time_decay,1,90676,90975,1800,17400,1037866,4752598,6.0,58.0,6,6
time_decay,1,90976,91074,594,5742,1038460,4758340,6.0,58.0,6,6
time_decay,1,91075,91276,1212,11716,1039672,4770056,6.0,58.0,6,6
time_decay,1,91277,91418,852,8236,1040524,4778292,6.0,58.0,6,6
time_decay,1,91419,91718,1800,17400,1042324,4795692,6.0,58.0,6,6
time_decay,1,91719,91848,780,7540,1043104,4803232,6.0,58.0,6,6
time_decay,1,91849,91939,546,5278,1043650,4808510,6.0,58.0,6,6
time_decay,1,91940,92239,1800,17400,1045450,4825910,6.0,58.0,6,6
time_decay,1,92240,92271,192,1856,1045642,4827766,6.0,58.0,6,6
time_decay,1,92272,92295,144,1392,1045786,4829158,6.0,58.0,6,6
time_decay,1,92296,92595,1800,17400,1047586,4846558,6.0,58.0,6,6
time_decay,1,92596,92789,1164,11252,1048750,4857810,6.0,58.0,6,6
time_decay,1,92790,93089,1800,17400,1050550,4875210,6.0,58.0,6,6
time_decay,1,93090,93142,318,3074,1050868,4878284,6.0,58.0,6,6
time_decay,1,93143,93442,1800,17400,1052668,4895684,6.0,58.0,6,6
time_decay,1,93443,93742,1800,17400,1054468,4913084,6.0,58.0,6,6
time_decay,1,93743,93911,1014,9802,1055482,4922886,6.0,58.0,6,6
time_decay,1,93912,94092,1086,10498,1056568,4933384,6.0,58.0,6,6
time_decay,1,94093,94184,552,5336,1057120,4938720,6.0,58.0,6,6
time_decay,1,94185,94394,1260,12180,1058380,4950900,6.0,58.0,6,6
time_decay,1,94395,94694,1800,17400,1060180,4968300,6.0,58.0,6,6
time_decay,1,94695,94994,1800,17400,1061980,4985700,6.0,58.0,6,6
time_decay,1,94995,95294,1800,17400,1063780,5003100,6.0,58.0,6,6
time_decay,1,95295,95427,798,7714,1064578,5010814,6.0,58.0,6,6
time_decay,1,95428,95727,1800,17400,1066378,5028214,6.0,58.0,6,6
time_decay,1,95728,96010,1698,16414,1068076,5044628,6.0,58.0,6,6
time_decay,1,96011,96159,894,8642,1068970,5053270,6.0,58.0,6,6
time_decay,1,96160,96459,1800,17400,1070770,5070670,6.0,58.0,6,6
time_decay,1,96460,96759,1800,17400,1072570,5088070,6.0,58.0,6,6
time_decay,1,96760,97059,1800,17400,1074370,5105470,6.0,58.0,6,6
time_decay,1,97060,97274,1290,12470,1075660,5117940,6.0,58.0,6,6
time_decay,1,97275,97508,1404,13572,1077064,5131512,6.0,58.0,6,6
time_decay,1,97509,97545,222,2146,1077286,5133658,6.0,58.0,6,6
time_decay,1,97546,97845,1800,17400,1079086,5151058,6.0,58.0,6,6
time_decay,1,97846,98145,1800,17400,1080886,5168458,6.0,58.0,6,6
time_decay,1,98146,98445,1800,17400,1082686,5185858,6.0,58.0,6,6
time_decay,1,98446,98745,1800,17400,1084486,5203258,6.0,58.0,6,6
time_decay,1,98746,99045,1800,17400,1086286,5220658,6.0,58.0,6,6
time_decay,1,99046,99345,1800,17400,1088086,5238058,6.0,58.0,6,6
time_decay,1,99346,99439,564,5452,1088650,5243510,6.0,58.0,6,6
time_decay,1,99440,99629,1140,11020,1089790,5254530,6.0,58.0,6,6
time_decay,1,99630,99765,816,7888,1090606,5262418,6.0,58.0,6,6
time_decay,1,99766,100065,1410,17790,1092016,5280208,4.7,59.3,0,6
time_decay,1,100066,100365,0,19200,1092016,5299408,0.0,64.0,0,0
time_decay,1,100366,100453,0,5632,1092016,5305040,0.0,64.0,0,0
time_decay,1,100454,100656,0,12992,1092016,5318032,0.0,64.0,0,0
time_decay,1,100657,100956,0,19200,1092016,5337232,0.0,64.0,0,0
time_decay,1,100957,101089,0,8512,1092016,5345744,0.0,64.0,0,0
time_decay,1,101090,101357,0,17152,1092016,5362896,0.0,64.0,0,0
time_decay,1,101358,101603,0,15744,1092016,5378640,0.0,64.0,0,0
time_decay,1,101604,101903,0,19200,1092016,5397840,0.0,64.0,0,0
time_decay,1,101904,102057,0,9856,1092016,5407696,0.0,64.0,0,0
time_decay,1,102058,102357,0,19200,1092016,5426896,0.0,64.0,0,0
time_decay,1,102358,102402,0,2880,1092016,5429776,0.0,64.0,0,0
time_decay,1,102403,102545,0,9152,1092016,5438928,0.0,64.0,0,0
time_decay,1,102546,102572,0,1728,1092016,5440656,0.0,64.0,0,0
time_decay,1,102573,102872,0,19200,1092016,5459856,0.0,64.0,0,0
time_decay,1,102873,103018,0,9344,1092016,5469200,0.0,64.0,0,0
time_decay,1,103019,103132,0,7296,1092016,5476496,0.0,64.0,0,0
time_decay,1,103133,103148,0,1024,1092016,5477520,0.0,64.0,0,0
time_decay,1,103149,103448,0,19200,1092016,5496720,0.0,64.0,0,0
time_decay,1,103449,103475,0,1728,1092016,5498448,0.0,64.0,0,0
time_decay,1,103476,103519,0,2816,1092016,5501264,0.0,64.0,0,0
time_decay,1,103520,103819,0,19200,1092016,5520464,0.0,64.0,0,0
time_decay,1,103820,104119,0,19200,1092016,5539664,0.0,64.0,0,0
time_decay,1,104120,104223,0,6656,1092016,5546320,0.0,64.0,0,0
time_decay,1,104224,104511,0,18432,1092016,5564752,0.0,64.0,0,0
time_decay,1,104512,104546,0,2240,1092016,5566992,0.0,64.0,0,0
time_decay,1,104547,104562,0,1024,1092016,5568016,0.0,64.0,0,0
time_decay,1,104563,104591,0,1856,1092016,5569872,0.0,64.0,0,0
time_decay,1,104592,104602,0,704,1092016,5570576,0.0,64.0,0,0
time_decay,1,104603,104647,0,2880,1092016,5573456,0.0,64.0,0,0
time_decay,1,104648,104947,0,19200,1092016,5592656,0.0,64.0,0,0
time_decay,1,104948,105166,0,14016,1092016,5606672,0.0,64.0,0,0
time_decay,1,105167,105197,0,1984,1092016,5608656,0.0,64.0,0,0
time_decay,1,105198,105221,0,1536,1092016,5610192,0.0,64.0,0,0
time_decay,1,105222,105521,0,19200,1092016,5629392,0.0,64.0,0,0
time_decay,1,105522,105542,0,1344,1092016,5630736,0.0,64.0,0,0
time_decay,1,105543,105780,0,15232,1092016,5645968,0.0,64.0,0,0
time_decay,1,105781,105803,0,1472,1092016,5647440,0.0,64.0,0,0
time_decay,1,105804,106103,0,19200,1092016,5666640,0.0,64.0,0,0
time_decay,1,106104,106161,0,3712,1092016,5670352,0.0,64.0,0,0
time_decay,1,106162,106176,0,960,1092016,5671312,0.0,64.0,0,0
time_decay,1,106177,106421,0,15680,1092016,5686992,0.0,64.0,0,0
time_decay,1,106422,106721,0,19200,1092016,5706192,0.0,64.0,0,0
time_decay,1,106722,106794,0,4672,1092016,5710864,0.0,64.0,0,0
time_decay,1,106795,106801,0,448,1092016,5711312,0.0,64.0,0,0
time_decay,1,106802,106894,0,5952,1092016,5717264,0.0,64.0,0,0
time_decay,1,106895,106915,0,1344,1092016,5718608,0.0,64.0,0,0
time_decay,1,106916,107215,0,19200,1092016,5737808,0.0,64.0,0,0
time_decay,1,107216,107515,0,19200,1092016,5757008,0.0,64.0,0,0
time_decay,1,107516,107815,0,19200,1092016,5776208,0.0,64.0,0,0
time_decay,1,107816,107860,0,2880,1092016,5779088,0.0,64.0,0,0
time_decay,1,107861,108160,0,19200,1092016,5798288,0.0,64.0,0,0
time_decay,1,108161,108460,0,19200,1092016,5817488,0.0,64.0,0,0
time_decay,1,108461,108760,0,19200,1092016,5836688,0.0,64.0,0,0
time_decay,1,108761,108932,0,11008,1092016,5847696,0.0,64.0,0,0
time_decay,1,108933,109232,0,19200,1092016,5866896,0.0,64.0,0,0
time_decay,1,109233,109243,0,704,1092016,5867600,0.0,64.0,0,0
time_decay,1,109244,109313,0,4480,1092016,5872080,0.0,64.0,0,0
time_decay,1,109314,109613,0,19200,1092016,5891280,0.0,64.0,0,0
time_decay,1,109614,109913,0,19200,1092016,5910480,0.0,64.0,0,0
time_decay,1,109914,110213,0,19200,1092016,5929680,0.0,64.0,0,0
time_decay,1,110214,110233,0,1280,1092016,5930960,0.0,64.0,0,0
time_decay,1,110234,110533,0,19200,1092016,5950160,0.0,64.0,0,0
time_decay,1,110534,110542,0,576,1092016,5950736,0.0,64.0,0,0
time_decay,1,110543,110842,0,19200,1092016,5969936,0.0,64.0,0,0
time_decay,1,110843,110908,0,4224,1092016,5974160,0.0,64.0,0,0
time_decay,1,110909,111208,0,19200,1092016,5993360,0.0,64.0,0,0
time_decay,1,111209,111508,0,19200,1092016,6012560,0.0,64.0,0,0
time_decay,1,111509,111598,0,5760,1092016,6018320,0.0,64.0,0,0
time_decay,1,111599,111898,0,19200,1092016,6037520,0.0,64.0,0,0
time_decay,1,111899,112198,0,19200,1092016,6056720,0.0,64.0,0,0
time_decay,1,112199,112213,0,960,1092016,6057680,0.0,64.0,0,0
time_decay,1,112214,112264,0,3264,1092016,6060944,0.0,64.0,0,0
time_decay,1,112265,112360,0,6144,1092016,6067088,0.0,64.0,0,0
time_decay,1,112361,112660,0,19200,1092016,6086288,0.0,64.0,0,0
time_decay,1,112661,112833,0,11072,1092016,6097360,0.0,64.0,0,0
time_decay,1,112834,112883,0,3200,1092016,6100560,0.0,64.0,0,0
time_decay,1,112884,112898,0,960,1092016,6101520,0.0,64.0,0,0
time_decay,1,112899,112951,0,3392,1092016,6104912,0.0,64.0,0,0
time_decay,1,112952,113251,0,19200,1092016,6124112,0.0,64.0,0,0
time_decay,1,113252,113508,0,16448,1092016,6140560,0.0,64.0,0,0
time_decay,1,113509,113781,0,17472,1092016,6158032,0.0,64.0,0,0
time_decay,1,113782,113846,0,4160,1092016,6162192,0.0,64.0,0,0
time_decay,1,113847,113872,0,1664,1092016,6163856,0.0,64.0,0,0
time_decay,1,113873,114172,0,19200,1092016,6183056,0.0,64.0,0,0
time_decay,1,114173,114380,0,13312,1092016,6196368,0.0,64.0,0,0
time_decay,1,114381,114680,0,19200,1092016,6215568,0.0,64.0,0,0
time_decay,1,114681,114735,0,3520,1092016,6219088,0.0,64.0,0,0
time_decay,1,114736,114845,0,7040,1092016,6226128,0.0,64.0,0,0
time_decay,1,114846,114937,0,5888,1092016,6232016,0.0,64.0,0,0
time_decay,1,114938,115036,0,6336,1092016,6238352,0.0,64.0,0,0
time_decay,1,115037,115193,0,10048,1092016,6248400,0.0,64.0,0,0
time_decay,1,115194,115265,0,4608,1092016,6253008,0.0,64.0,0,0
time_decay,1,115266,115565,0,19200,1092016,6272208,0.0,64.0,0,0
time_decay,1,115566,115865,0,19200,1092016,6291408,0.0,64.0,0,0
time_decay,1,115866,116122,0,16448,1092016,6307856,0.0,64.0,0,0
time_decay,1,116123,116152,0,1920,1092016,6309776,0.0,64.0,0,0
time_decay,1,116153,116384,0,14848,1092016,6324624,0.0,64.0,0,0
time_decay,1,116385,116573,0,12096,1092016,6336720,0.0,64.0,0,0
time_decay,1,116574,116873,0,19200,1092016,6355920,0.0,64.0,0,0
time_decay,1,116874,117143,0,17280,1092016,6373200,0.0,64.0,0,0
time_decay,1,117144,117257,0,7296,1092016,6380496,0.0,64.0,0,0
time_decay,1,117258,117557,0,19200,1092016,6399696,0.0,64.0,0,0
time_decay,1,117558,117564,0,448,1092016,6400144,0.0,64.0,0,0
time_decay,1,117565,117864,0,19200,1092016,6419344,0.0,64.0,0,0
time_decay,1,117865,117915,0,3264,1092016,6422608,0.0,64.0,0,0
time_decay,1,117916,118215,0,19200,1092016,6441808,0.0,64.0,0,0
time_decay,1,118216,118289,0,4736,1092016,6446544,0.0,64.0,0,0
time_decay,1,118290,118461,0,11008,1092016,6457552,0.0,64.0,0,0
time_decay,1,118462,118761,0,19200,1092016,6476752,0.0,64.0,0,0
time_decay,1,118762,118786,0,1600,1092016,6478352,0.0,64.0,0,0
time_decay,1,118787,118923,0,8768,1092016,6487120,0.0,64.0,0,0
time_decay,1,118924,119223,0,19200,1092016,6506320,0.0,64.0,0,0
time_decay,1,119224,119523,0,19200,1092016,6525520,0.0,64.0,0,0
time_decay,1,119524,119675,0,9728,1092016,6535248,0.0,64.0,0,0
time_decay,1,119676,119975,0,19200,1092016,6554448,0.0,64.0,0,0
time_decay,1,119976,119999,0,1536,1092016,6555984,0.0,64.0,0,0
time_decay,1,120000,120299,0,19200,1092016,6575184,0.0,64.0,0,0
time_decay,1,120300,120320,0,1344,1092016,6576528,0.0,64.0,0,0
time_decay,1,120321,120620,0,19200,1092016,6595728,0.0,64.0,0,0
time_decay,1,120621,120920,0,19200,1092016,6614928,0.0,64.0,0,0
time_decay,1,120921,121079,0,10176,1092016,6625104,0.0,64.0,0,0
time_decay,1,121080,121379,0,19200,1092016,6644304,0.0,64.0,0,0
time_decay,1,121380,121679,0,19200,1092016,6663504,0.0,64.0,0,0
time_decay,1,121680,121847,0,10752,1092016,6674256,0.0,64.0,0,0
time_decay,1,121848,121875,0,1792,1092016,6676048,0.0,64.0,0,0
time_decay,1,121876,121901,0,1664,1092016,6677712,0.0,64.0,0,0
time_decay,1,121902,121972,0,4544,1092016,6682256,0.0,64.0,0,0
time_decay,1,121973,122051,0,5056,1092016,6687312,0.0,64.0,0,0
time_decay,1,122052,122339,0,18432,1092016,6705744,0.0,64.0,0,0
time_decay,1,122340,122401,0,3968,1092016,6709712,0.0,64.0,0,0
time_decay,1,122402,122565,0,10496,1092016,6720208,0.0,64.0,0,0
time_decay,1,122566,122749,0,11776,1092016,6731984,0.0,64.0,0,0
time_decay,1,122750,123049,0,19200,1092016,6751184,0.0,64.0,0,0
time_decay,1,123050,123349,0,19200,1092016,6770384,0.0,64.0,0,0
time_decay,1,123350,123528,0,11456,1092016,6781840,0.0,64.0,0,0
time_decay,1,123529,123774,0,15744,1092016,6797584,0.0,64.0,0,0
time_decay,1,123775,124074,0,19200,1092016,6816784,0.0,64.0,0,0
time_decay,1,124075,124243,0,10816,1092016,6827600,0.0,64.0,0,0
time_decay,1,124244,124440,0,12608,1092016,6840208,0.0,64.0,0,0
time_decay,1,124441,124740,0,19200,1092016,6859408,0.0,64.0,0,0
time_decay,1,124741,125040,0,19200,1092016,6878608,0.0,64.0,0,0
time_decay,1,125041,125340,0,19200,1092016,6897808,0.0,64.0,0,0
time_decay,1,125341,125640,0,19200,1092016,6917008,0.0,64.0,0,0
time_decay,1,125641,125667,0,1728,1092016,6918736,0.0,64.0,0,0
time_decay,1,125668,125967,0,19200,1092016,6937936,0.0,64.0,0,0
time_decay,1,125968,126267,0,19200,1092016,6957136,0.0,64.0,0,0
time_decay,1,126268,126567,0,19200,1092016,6976336,0.0,64.0,0,0
time_decay,1,126568,126867,0,19200,1092016,6995536,0.0,64.0,0,0
time_decay,1,126868,126890,0,1472,1092016,6997008,0.0,64.0,0,0
time_decay,1,126891,127190,0,19200,1092016,7016208,0.0,64.0,0,0
time_decay,1,127191,127490,0,19200,1092016,7035408,0.0,64.0,0,0
time_decay,1,127491,127790,0,19200,1092016,7054608,0.0,64.0,0,0
time_decay,1,127791,128090,0,19200,1092016,7073808,0.0,64.0,0,0
time_decay,1,128091,128390,0,19200,1092016,7093008,0.0,64.0,0,0
time_decay,1,128391,128690,0,19200,1092016,7112208,0.0,64.0,0,0
time_decay,1,128691,128721,0,1984,1092016,7114192,0.0,64.0,0,0
time_decay,1,128722,129021,0,19200,1092016,7133392,0.0,64.0,0,0
time_decay,1,129022,129321,0,19200,1092016,7152592,0.0,64.0,0,0
time_decay,1,129322,129621,0,19200,1092016,7171792,0.0,64.0,0,0
time_decay,1,129622,129921,0,19200,1092016,7190992,0.0,64.0,0,0
time_decay,1,129922,130221,0,19200,1092016,7210192,0.0,64.0,0,0
time_decay,1,130222,130521,0,19200,1092016,7229392,0.0,64.0,0,0
time_decay,1,130522,130821,0,19200,1092016,7248592,0.0,64.0,0,0
time_decay,1,130822,131121,0,19200,1092016,7267792,0.0,64.0,0,0
time_decay,1,131122,131421,0,19200,1092016,7286992,0.0,64.0,0,0
time_decay,1,131422,131721,0,19200,1092016,7306192,0.0,64.0,0,0
time_decay,1,131722,132021,0,19200,1092016,7325392,0.0,64.0,0,0
time_decay,1,132022,132321,0,19200,1092016,7344592,0.0,64.0,0,0
time_decay,1,132322,132621,0,19200,1092016,7363792,0.0,64.0,0,0
time_decay,1,132622,132921,0,19200,1092016,7382992,0.0,64.0,0,0
time_decay,1,132922,133221,0,19200,1092016,7402192,0.0,64.0,0,0
time_decay,1,133222,133521,0,19200,1092016,7421392,0.0,64.0,0,0
time_decay,1,133522,133821,0,19200,1092016,7440592,0.0,64.0,0,0
time_decay,1,133822,134121,0,19200,1092016,7459792,0.0,64.0,0,0
time_decay,1,134122,134421,0,19200,1092016,7478992,0.0,64.0,0,0
time_decay,1,134422,134649,0,14592,1092016,7493584,0.0,64.0,0,0
time_decay,1,134650,134949,0,19200,1092016,7512784,0.0,64.0,0,0
time_decay,1,134950,135249,0,19200,1092016,7531984,0.0,64.0,0,0
time_decay,1,135250,135532,0,18112,1092016,7550096,0.0,64.0,0,0
time_decay,1,135533,135832,0,19200,1092016,7569296,0.0,64.0,0,0
time_decay,1,135833,136132,0,19200,1092016,7588496,0.0,64.0,0,0
time_decay,1,136133,136432,0,19200,1092016,7607696,0.0,64.0,0,0
time_decay,1,136433,136732,0,19200,1092016,7626896,0.0,64.0,0,0
time_decay,1,136733,136821,0,5696,1092016,7632592,0.0,64.0,0,0
time_decay,1,136822,136925,0,6656,1092016,7639248,0.0,64.0,0,0
time_decay,1,136926,137053,0,8192,1092016,7647440,0.0,64.0,0,0
time_decay,1,137054,137349,0,18944,1092016,7666384,0.0,64.0,0,0
time_decay,1,137350,137649,0,19200,1092016,7685584,0.0,64.0,0,0
time_decay,1,137650,137949,0,19200,1092016,7704784,0.0,64.0,0,0
time_decay,1,137950,138047,0,6272,1092016,7711056,0.0,64.0,0,0
time_decay,1,138048,138265,0,13952,1092016,7725008,0.0,64.0,0,0
time_decay,1,138266,138565,0,19200,1092016,7744208,0.0,64.0,0,0
time_decay,1,138566,138865,0,19200,1092016,7763408,0.0,64.0,0,0
time_decay,1,138866,138962,0,6208,1092016,7769616,0.0,64.0,0,0
time_decay,1,138963,139130,0,10752,1092016,7780368,0.0,64.0,0,0
time_decay,1,139131,139430,0,19200,1092016,7799568,0.0,64.0,0,0
time_decay,1,139431,139730,0,19200,1092016,7818768,0.0,64.0,0,0
time_decay,1,139731,140030,0,19200,1092016,7837968,0.0,64.0,0,0
time_decay,1,140031,140330,0,19200,1092016,7857168,0.0,64.0,0,0
time_decay,1,140331,140630,0,19200,1092016,7876368,0.0,64.0,0,0
time_decay,1,140631,140930,0,19200,1092016,7895568,0.0,64.0,0,0
time_decay,1,140931,141230,0,19200,1092016,7914768,0.0,64.0,0,0
time_decay,1,141231,141251,0,1344,1092016,7916112,0.0,64.0,0,0
time_decay,1,141252,141551,0,19200,1092016,7935312,0.0,64.0,0,0
time_decay,1,141552,141682,0,8384,1092016,7943696,0.0,64.0,0,0
time_decay,1,141683,141982,0,19200,1092016,7962896,0.0,64.0,0,0
time_decay,1,141983,142282,0,19200,1092016,7982096,0.0,64.0,0,0
time_decay,1,142283,142297,0,960,1092016,7983056,0.0,64.0,0,0
time_decay,1,142298,142597,0,19200,1092016,8002256,0.0,64.0,0,0
time_decay,1,142598,142897,0,19200,1092016,8021456,0.0,64.0,0,0
time_decay,1,142898,142907,0,640,1092016,8022096,0.0,64.0,0,0
time_decay,1,142908,143016,0,6976,1092016,8029072,0.0,64.0,0,0
time_decay,1,143017,143316,0,19200,1092016,8048272,0.0,64.0,0,0
time_decay,1,143317,143616,0,19200,1092016,8067472,0.0,64.0,0,0
time_decay,1,143617,143916,0,19200,1092016,8086672,0.0,64.0,0,0
time_decay,1,143917,144216,0,19200,1092016,8105872,0.0,64.0,0,0
time_decay,1,144217,144516,0,19200,1092016,8125072,0.0,64.0,0,0
time_decay,1,144517,144816,0,19200,1092016,8144272,0.0,64.0,0,0
time_decay,1,144817,145116,0,19200,1092016,8163472,0.0,64.0,0,0
time_decay,1,145117,145416,0,19200,1092016,8182672,0.0,64.0,0,0
time_decay,1,145417,145716,0,19200,1092016,8201872,0.0,64.0,0,0
time_decay,1,145717,146016,0,19200,1092016,8221072,0.0,64.0,0,0
time_decay,1,146017,146060,0,2816,1092016,8223888,0.0,64.0,0,0
time_decay,1,146061,146360,0,19200,1092016,8243088,0.0,64.0,0,0
time_decay,1,146361,146386,0,1664,1092016,8244752,0.0,64.0,0,0
time_decay,1,146387,146686,0,19200,1092016,8263952,0.0,64.0,0,0
time_decay,1,146687,146986,0,19200,1092016,8283152,0.0,64.0,0,0
time_decay,1,146987,147286,0,19200,1092016,8302352,0.0,64.0,0,0
time_decay,1,147287,147586,0,19200,1092016,8321552,0.0,64.0,0,0
time_decay,1,147587,147886,0,19200,1092016,8340752,0.0,64.0,0,0
time_decay,1,147887,148045,0,10176,1092016,8350928,0.0,64.0,0,0
time_decay,1,148046,148345,0,19200,1092016,8370128,0.0,64.0,0,0
time_decay,1,148346,148645,0,19200,1092016,8389328,0.0,64.0,0,0
time_decay,1,148646,148945,0,19200,1092016,8408528,0.0,64.0,0,0
time_decay,1,148946,149245,0,19200,1092016,8427728,0.0,64.0,0,0
time_decay,1,149246,149363,0,7552,1092016,8435280,0.0,64.0,0,0
time_decay,1,149364,149663,0,19200,1092016,8454480,0.0,64.0,0,0
time_decay,1,149664,149963,0,19200,1092016,8473680,0.0,64.0,0,0
time_decay,1,149964,150263,0,19200,1092016,8492880,0.0,64.0,0,0
time_decay,1,150264,150563,0,19200,1092016,8512080,0.0,64.0,0,0
time_decay,1,150564,150863,0,19200,1092016,8531280,0.0,64.0,0,0
time_decay,1,150864,151163,0,19200,1092016,8550480,0.0,64.0,0,0
time_decay,1,151164,151463,0,19200,1092016,8569680,0.0,64.0,0,0
time_decay,1,151464,151485,0,1408,1092016,8571088,0.0,64.0,0,0
time_decay,1,151486,151785,0,19200,1092016,8590288,0.0,64.0,0,0
time_decay,1,151786,152085,0,19200,1092016,8609488,0.0,64.0,0,0
time_decay,1,152086,152385,0,19200,1092016,8628688,0.0,64.0,0,0
time_decay,1,152386,152533,0,9472,1092016,8638160,0.0,64.0,0,0
time_decay,1,152534,152833,0,19200,1092016,8657360,0.0,64.0,0,0
time_decay,1,152834,153133,0,19200,1092016,8676560,0.0,64.0,0,0
time_decay,1,153134,153379,0,15744,1092016,8692304,0.0,64.0,0,0
time_decay,1,153380,153679,0,19200,1092016,8711504,0.0,64.0,0,0
time_decay,1,153680,153928,0,15936,1092016,8727440,0.0,64.0,0,0
time_decay,1,153929,154228,0,19200,1092016,8746640,0.0,64.0,0,0
time_decay,1,154229,154528,0,19200,1092016,8765840,0.0,64.0,0,0
time_decay,1,154529,154828,0,19200,1092016,8785040,0.0,64.0,0,0
time_decay,1,154829,154879,0,3264,1092016,8788304,0.0,64.0,0,0
time_decay,1,154880,155025,0,9344,1092016,8797648,0.0,64.0,0,0
time_decay,1,155026,155134,0,6976,1092016,8804624,0.0,64.0,0,0
time_decay,1,155135,155171,0,2368,1092016,8806992,0.0,64.0,0,0
time_decay,1,155172,155471,0,19200,1092016,8826192,0.0,64.0,0,0
time_decay,1,155472,155764,0,18752,1092016,8844944,0.0,64.0,0,0
time_decay,1,155765,155812,0,3072,1092016,8848016,0.0,64.0,0,0
time_decay,1,155813,155945,0,8512,1092016,8856528,0.0,64.0,0,0
time_decay,1,155946,156245,0,19200,1092016,8875728,0.0,64.0,0,0
time_decay,1,156246,156545,0,19200,1092016,8894928,0.0,64.0,0,0
time_decay,1,156546,156845,0,19200,1092016,8914128,0.0,64.0,0,0
time_decay,1,156846,156945,0,6400,1092016,8920528,0.0,64.0,0,0
time_decay,1,156946,157245,0,19200,1092016,8939728,0.0,64.0,0,0
time_decay,1,157246,157545,0,19200,1092016,8958928,0.0,64.0,0,0
time_decay,1,157546,157845,0,19200,1092016,8978128,0.0,64.0,0,0
time_decay,1,157846,158025,0,11520,1092016,8989648,0.0,64.0,0,0
time_decay,1,158026,158325,0,19200,1092016,9008848,0.0,64.0,0,0
time_decay,1,158326,158625,0,19200,1092016,9028048,0.0,64.0,0,0
time_decay,1,158626,158925,0,19200,1092016,9047248,0.0,64.0,0,0
time_decay,1,158926,159225,0,19200,1092016,9066448,0.0,64.0,0,0
time_decay,1,159226,159525,0,19200,1092016,9085648,0.0,64.0,0,0
time_decay,1,159526,159825,0,19200,1092016,9104848,0.0,64.0,0,0
time_decay,1,159826,160092,0,17088,1092016,9121936,0.0,64.0,0,0
time_decay,1,160093,160392,0,19200,1092016,9141136,0.0,64.0,0,0
time_decay,1,160393,160692,0,19200,1092016,9160336,0.0,64.0,0,0
time_decay,1,160693,160992,0,19200,1092016,9179536,0.0,64.0,0,0
time_decay,1,160993,161292,0,19200,1092016,9198736,0.0,64.0,0,0
time_decay,1,161293,161592,0,19200,1092016,9217936,0.0,64.0,0,0
time_decay,1,161593,161868,0,17664,1092016,9235600,0.0,64.0,0,0
time_decay,1,161869,162011,0,9152,1092016,9244752,0.0,64.0,0,0
time_decay,1,162012,162151,0,8960,1092016,9253712,0.0,64.0,0,0
time_decay,1,162152,162442,0,18624,1092016,9272336,0.0,64.0,0,0
time_decay,1,162443,162742,0,19200,1092016,9291536,0.0,64.0,0,0
time_decay,1,162743,162973,0,14784,1092016,9306320,0.0,64.0,0,0
time_decay,1,162974,163073,0,6400,1092016,9312720,0.0,64.0,0,0
time_decay,1,163074,163373,0,19200,1092016,9331920,0.0,64.0,0,0
time_decay,1,163374,163515,0,9088,1092016,9341008,0.0,64.0,0,0
time_decay,1,163516,163815,0,19200,1092016,9360208,0.0,64.0,0,0
time_decay,1,163816,164110,0,18880,1092016,9379088,0.0,64.0,0,0
time_decay,1,164111,164350,0,15360,1092016,9394448,0.0,64.0,0,0
time_decay,1,164351,164650,0,19200,1092016,9413648,0.0,64.0,0,0
time_decay,1,164651,164950,0,19200,1092016,9432848,0.0,64.0,0,0
time_decay,1,164951,165250,0,19200,1092016,9452048,0.0,64.0,0,0
time_decay,1,165251,165360,0,7040,1092016,9459088,0.0,64.0,0,0
time_decay,1,165361,165454,0,6016,1092016,9465104,0.0,64.0,0,0
time_decay,1,165455,165485,0,1984,1092016,9467088,0.0,64.0,0,0
time_decay,1,165486,165615,0,8320,1092016,9475408,0.0,64.0,0,0
time_decay,1,165616,165624,0,576,1092016,9475984,0.0,64.0,0,0
time_decay,1,165625,165805,0,11584,1092016,9487568,0.0,64.0,0,0
time_decay,1,165806,166038,0,14912,1092016,9502480,0.0,64.0,0,0
time_decay,1,166039,166267,0,14656,1092016,9517136,0.0,64.0,0,0
time_decay,1,166268,166405,0,8832,1092016,9525968,0.0,64.0,0,0
time_decay,1,166406,166500,0,6080,1092016,9532048,0.0,64.0,0,0
time_decay,1,166501,166575,0,4800,1092016,9536848,0.0,64.0,0,0
time_decay,1,166576,166743,0,10752,1092016,9547600,0.0,64.0,0,0
time_decay,1,166744,167043,0,19200,1092016,9566800,0.0,64.0,0,0
time_decay,1,167044,167120,0,4928,1092016,9571728,0.0,64.0,0,0
time_decay,1,167121,167236,0,7424,1092016,9579152,0.0,64.0,0,0
time_decay,1,167237,167391,0,9920,1092016,9589072,0.0,64.0,0,0
time_decay,1,167392,167584,0,12352,1092016,9601424,0.0,64.0,0,0
time_decay,1,167585,167810,0,14464,1092016,9615888,0.0,64.0,0,0
time_decay,1,167811,168110,0,19200,1092016,9635088,0.0,64.0,0,0
time_decay,1,168111,168230,0,7680,1092016,9642768,0.0,64.0,0,0
time_decay,1,168231,168304,0,4736,1092016,9647504,0.0,64.0,0,0
time_decay,1,168305,168502,0,12672,1092016,9660176,0.0,64.0,0,0
time_decay,1,168503,168619,0,7488,1092016,9667664,0.0,64.0,0,0
time_decay,1,168620,168919,0,19200,1092016,9686864,0.0,64.0,0,0
time_decay,1,168920,169219,0,19200,1092016,9706064,0.0,64.0,0,0
time_decay,1,169220,169519,0,19200,1092016,9725264,0.0,64.0,0,0
time_decay,1,169520,169819,0,19200,1092016,9744464,0.0,64.0,0,0
time_decay,1,169820,169881,0,3968,1092016,9748432,0.0,64.0,0,0
time_decay,1,169882,170181,0,19200,1092016,9767632,0.0,64.0,0,0
time_decay,1,170182,170481,0,19200,1092016,9786832,0.0,64.0,0,0
time_decay,1,170482,170621,0,8960,1092016,9795792,0.0,64.0,0,0
time_decay,1,170622,170921,0,19200,1092016,9814992,0.0,64.0,0,0
time_decay,1,170922,171221,0,19200,1092016,9834192,0.0,64.0,0,0
time_decay,1,171222,171521,0,19200,1092016,9853392,0.0,64.0,0,0
time_decay,1,171522,171821,0,19200,1092016,9872592,0.0,64.0,0,0
time_decay,1,171822,172049,0,14592,1092016,9887184,0.0,64.0,0,0
time_decay,1,172050,172349,0,19200,1092016,9906384,0.0,64.0,0,0
time_decay,1,172350,172578,0,14656,1092016,9921040,0.0,64.0,0,0
time_decay,1,172579,172878,0,19200,1092016,9940240,0.0,64.0,0,0
time_decay,1,172879,173120,0,15488,1092016,9955728,0.0,64.0,0,0
time_decay,1,173121,173420,0,19200,1092016,9974928,0.0,64.0,0,0
time_decay,1,173421,173672,0,16128,1092016,9991056,0.0,64.0,0,0
time_decay,1,173673,173750,0,4992,1092016,9996048,0.0,64.0,0,0
time_decay,1,173751,173837,0,5568,1092016,10001616,0.0,64.0,0,0
time_decay,1,173838,173971,0,8576,1092016,10010192,0.0,64.0,0,0
time_decay,1,173972,174076,0,6720,1092016,10016912,0.0,64.0,0,0
time_decay,1,174077,174151,0,4800,1092016,10021712,0.0,64.0,0,0
time_decay,1,174152,174244,0,5952,1092016,10027664,0.0,64.0,0,0
time_decay,1,174245,174362,0,7552,1092016,10035216,0.0,64.0,0,0
time_decay,1,174363,174460,0,6272,1092016,10041488,0.0,64.0,0,0
time_decay,1,174461,174537,0,4928,1092016,10046416,0.0,64.0,0,0
time_decay,1,174538,174674,0,8768,1092016,10055184,0.0,64.0,0,0
time_decay,1,174675,174869,0,12480,1092016,10067664,0.0,64.0,0,0
time_decay,1,174870,174961,0,5888,1092016,10073552,0.0,64.0,0,0
time_decay,1,174962,175043,0,5248,1092016,10078800,0.0,64.0,0,0
time_decay,1,175044,175141,0,6272,1092016,10085072,0.0,64.0,0,0
time_decay,1,175142,175219,0,4992,1092016,10090064,0.0,64.0,0,0
time_decay,1,175220,175334,0,7360,1092016,10097424,0.0,64.0,0,0
time_decay,1,175335,175545,0,13504,1092016,10110928,0.0,64.0,0,0
time_decay,1,175546,175743,0,12672,1092016,10123600,0.0,64.0,0,0
time_decay,1,175744,175832,0,5696,1092016,10129296,0.0,64.0,0,0
time_decay,1,175833,175906,0,4736,1092016,10134032,0.0,64.0,0,0
time_decay,1,175907,175993,0,5568,1092016,10139600,0.0,64.0,0,0
time_decay,1,175994,176196,0,12992,1092016,10152592,0.0,64.0,0,0
time_decay,1,176197,176267,0,4544,1092016,10157136,0.0,64.0,0,0
time_decay,1,176268,176482,0,13760,1092016,10170896,0.0,64.0,0,0
time_decay,1,176483,176782,0,19200,1092016,10190096,0.0,64.0,0,0
time_decay,1,176783,176881,0,6336,1092016,10196432,0.0,64.0,0,0
time_decay,1,176882,176976,0,6080,1092016,10202512,0.0,64.0,0,0
time_decay,1,176977,177045,0,4416,1092016,10206928,0.0,64.0,0,0
time_decay,1,177046,177111,0,4224,1092016,10211152,0.0,64.0,0,0
time_decay,1,177112,177178,0,4288,1092016,10215440,0.0,64.0,0,0
time_decay,1,177179,177203,0,1600,1092016,10217040,0.0,64.0,0,0
time_decay,1,177204,177281,0,4992,1092016,10222032,0.0,64.0,0,0
time_decay,1,177282,177356,0,4800,1092016,10226832,0.0,64.0,0,0
time_decay,1,177357,177423,0,4288,1092016,10231120,0.0,64.0,0,0
time_decay,1,177424,177444,0,1344,1092016,10232464,0.0,64.0,0,0
time_decay,1,177445,177516,0,4608,1092016,10237072,0.0,64.0,0,0
time_decay,1,177517,177588,0,4608,1092016,10241680,0.0,64.0,0,0
time_decay,1,177589,177658,0,4480,1092016,10246160,0.0,64.0,0,0
time_decay,1,177659,177727,0,4416,1092016,10250576,0.0,64.0,0,0
time_decay,1,177728,177797,0,4480,1092016,10255056,0.0,64.0,0,0
time_decay,1,177798,177863,0,4224,1092016,10259280,0.0,64.0,0,0
time_decay,1,177864,177938,0,4800,1092016,10264080,0.0,64.0,0,0
time_decay,1,177939,178012,0,4736,1092016,10268816,0.0,64.0,0,0
time_decay,1,178013,178086,0,4736,1092016,10273552,0.0,64.0,0,0
time_decay,1,178087,178154,0,4352,1092016,10277904,0.0,64.0,0,0
time_decay,1,178155,178222,0,4352,1092016,10282256,0.0,64.0,0,0
time_decay,1,178223,178302,0,5120,1092016,10287376,0.0,64.0,0,0
time_decay,1,178303,178374,0,4608,1092016,10291984,0.0,64.0,0,0
time_decay,1,178375,178447,0,4672,1092016,10296656,0.0,64.0,0,0
time_decay,1,178448,178520,0,4672,1092016,10301328,0.0,64.0,0,0
time_decay,1,178521,178590,0,4480,1092016,10305808,0.0,64.0,0,0
time_decay,1,178591,178680,0,5760,1092016,10311568,0.0,64.0,0,0
time_decay,1,178681,178757,0,4928,1092016,10316496,0.0,64.0,0,0
time_decay,1,178758,178805,0,3072,1092016,10319568,0.0,64.0,0,0
time_decay,1,178806,178878,0,4672,1092016,10324240,0.0,64.0,0,0
time_decay,1,178879,178964,0,5504,1092016,10329744,0.0,64.0,0,0
time_decay,1,178965,179041,0,4928,1092016,10334672,0.0,64.0,0,0
time_decay,1,179042,179114,0,4672,1092016,10339344,0.0,64.0,0,0
time_decay,1,179115,179183,0,4416,1092016,10343760,0.0,64.0,0,0
time_decay,1,179184,179229,0,2944,1092016,10346704,0.0,64.0,0,0
time_decay,1,179230,179306,0,4928,1092016,10351632,0.0,64.0,0,0
time_decay,1,179307,179311,0,320,1092016,10351952,0.0,64.0,0,0
time_decay,1,179312,179394,0,5312,1092016,10357264,0.0,64.0,0,0
time_decay,1,179395,179468,0,4736,1092016,10362000,0.0,64.0,0,0
time_decay,1,179469,179537,0,4416,1092016,10366416,0.0,64.0,0,0
time_decay,1,179538,179603,0,4224,1092016,10370640,0.0,64.0,0,0
time_decay,1,179604,179675,0,4608,1092016,10375248,0.0,64.0,0,0
time_decay,1,179676,179743,0,4352,1092016,10379600,0.0,64.0,0,0
time_decay,1,179744,179823,0,5120,1092016,10384720,0.0,64.0,0,0
time_decay,1,179824,179918,0,6080,1092016,10390800,0.0,64.0,0,0
time_decay,1,179919,179998,0,5120,1092016,10395920,0.0,64.0,0,0
time_decay,1,179999,180071,0,4672,1092016,10400592,0.0,64.0,0,0
time_decay,1,180072,180195,0,7936,1092016,10408528,0.0,64.0,0,0
time_decay,1,180196,180273,0,4992,1092016,10413520,0.0,64.0,0,0
time_decay,1,180274,180340,0,4288,1092016,10417808,0.0,64.0,0,0
time_decay,1,180341,180426,0,5504,1092016,10423312,0.0,64.0,0,0
time_decay,1,180427,180498,0,4608,1092016,10427920,0.0,64.0,0,0
time_decay,1,180499,180569,0,4544,1092016,10432464,0.0,64.0,0,0
time_decay,1,180570,180645,0,4864,1092016,10437328,0.0,64.0,0,0
time_decay,1,180646,180718,0,4672,1092016,10442000,0.0,64.0,0,0
time_decay,1,180719,180794,0,4864,1092016,10446864,0.0,64.0,0,0
time_decay,1,180795,180866,0,4608,1092016,10451472,0.0,64.0,0,0
time_decay,1,180867,180945,0,5056,1092016,10456528,0.0,64.0,0,0
time_decay,1,180946,181011,0,4224,1092016,10460752,0.0,64.0,0,0
time_decay,1,181012,181090,0,5056,1092016,10465808,0.0,64.0,0,0
time_decay,1,181091,181172,0,5248,1092016,10471056,0.0,64.0,0,0
time_decay,1,181173,181261,0,5696,1092016,10476752,0.0,64.0,0,0
time_decay,1,181262,181331,0,4480,1092016,10481232,0.0,64.0,0,0
time_decay,1,181332,181409,0,4992,1092016,10486224,0.0,64.0,0,0
time_decay,1,181410,181491,0,5248,1092016,10491472,0.0,64.0,0,0
time_decay,1,181492,181570,0,5056,1092016,10496528,0.0,64.0,0,0
time_decay,1,181571,181761,0,12224,1092016,10508752,0.0,64.0,0,0
time_decay,1,181762,181838,0,4928,1092016,10513680,0.0,64.0,0,0
time_decay,1,181839,181918,0,5120,1092016,10518800,0.0,64.0,0,0
time_decay,1,181919,181996,0,4992,1092016,10523792,0.0,64.0,0,0
time_decay,1,181997,182070,0,4736,1092016,10528528,0.0,64.0,0,0
time_decay,1,182071,182144,0,4736,1092016,10533264,0.0,64.0,0,0
time_decay,1,182145,182212,0,4352,1092016,10537616,0.0,64.0,0,0
time_decay,1,182213,182220,0,512,1092016,10538128,0.0,64.0,0,0
time_decay,1,182221,182341,0,7744,1092016,10545872,0.0,64.0,0,0
time_decay,1,182342,182423,0,5248,1092016,10551120,0.0,64.0,0,0
time_decay,1,182424,182497,0,4736,1092016,10555856,0.0,64.0,0,0
time_decay,1,182498,182568,0,4544,1092016,10560400,0.0,64.0,0,0
time_decay,1,182569,182651,0,5312,1092016,10565712,0.0,64.0,0,0
time_decay,1,182652,182700,0,3136,1092016,10568848,0.0,64.0,0,0
time_decay,1,182701,182774,0,4736,1092016,10573584,0.0,64.0,0,0
time_decay,1,182775,182843,0,4416,1092016,10578000,0.0,64.0,0,0
time_decay,1,182844,182911,0,4352,1092016,10582352,0.0,64.0,0,0
time_decay,1,182912,182984,0,4672,1092016,10587024,0.0,64.0,0,0
time_decay,1,182985,183054,0,4480,1092016,10591504,0.0,64.0,0,0
time_decay,1,183055,183132,0,4992,1092016,10596496,0.0,64.0,0,0
time_decay,1,183133,183201,0,4416,1092016,10600912,0.0,64.0,0,0
time_decay,1,183202,183272,0,4544,1092016,10605456,0.0,64.0,0,0
time_decay,1,183273,183340,0,4352,1092016,10609808,0.0,64.0,0,0
time_decay,1,183341,183416,0,4864,1092016,10614672,0.0,64.0,0,0
time_decay,1,183417,183490,0,4736,1092016,10619408,0.0,64.0,0,0
time_decay,1,183491,183568,0,4992,1092016,10624400,0.0,64.0,0,0
time_decay,1,183569,183642,0,4736,1092016,10629136,0.0,64.0,0,0
time_decay,1,183643,183711,0,4416,1092016,10633552,0.0,64.0,0,0
time_decay,1,183712,183782,0,4544,1092016,10638096,0.0,64.0,0,0
time_decay,1,183783,183853,0,4544,1092016,10642640,0.0,64.0,0,0
time_decay,1,183854,183923,0,4480,1092016,10647120,0.0,64.0,0,0
time_decay,1,183924,183993,0,4480,1092016,10651600,0.0,64.0,0,0
time_decay,1,183994,184063,0,4480,1092016,10656080,0.0,64.0,0,0
time_decay,1,184064,184136,0,4672,1092016,10660752,0.0,64.0,0,0
time_decay,1,184137,184211,0,4800,1092016,10665552,0.0,64.0,0,0
time_decay,1,184212,184279,0,4352,1092016,10669904,0.0,64.0,0,0
time_decay,1,184280,184342,0,4032,1092016,10673936,0.0,64.0,0,0
time_decay,1,184343,184419,0,4928,1092016,10678864,0.0,64.0,0,0
time_decay,1,184420,184488,0,4416,1092016,10683280,0.0,64.0,0,0
time_decay,1,184489,184565,0,4928,1092016,10688208,0.0,64.0,0,0
time_decay,1,184566,184639,0,4736,1092016,10692944,0.0,64.0,0,0
time_decay,1,184640,184711,0,4608,1092016,10697552,0.0,64.0,0,0
time_decay,1,184712,184785,0,4736,1092016,10702288,0.0,64.0,0,0
time_decay,1,184786,184860,0,4800,1092016,10707088,0.0,64.0,0,0
time_decay,1,184861,184930,0,4480,1092016,10711568,0.0,64.0,0,0
time_decay,1,184931,185004,0,4736,1092016,10716304,0.0,64.0,0,0
time_decay,1,185005,185073,0,4416,1092016,10720720,0.0,64.0,0,0
time_decay,1,185074,185151,0,4992,1092016,10725712,0.0,64.0,0,0
time_decay,1,185152,185224,0,4672,1092016,10730384,0.0,64.0,0,0
time_decay,1,185225,185295,0,4544,1092016,10734928,0.0,64.0,0,0
time_decay,1,185296,185375,0,5120,1092016,10740048,0.0,64.0,0,0
time_decay,1,185376,185441,0,4224,1092016,10744272,0.0,64.0,0,0
time_decay,1,185442,185514,0,4672,1092016,10748944,0.0,64.0,0,0
time_decay,1,185515,185585,0,4544,1092016,10753488,0.0,64.0,0,0
time_decay,1,185586,185651,0,4224,1092016,10757712,0.0,64.0,0,0
time_decay,1,185652,185718,0,4288,1092016,10762000,0.0,64.0,0,0
time_decay,1,185719,185784,0,4224,1092016,10766224,0.0,64.0,0,0
time_decay,1,185785,185856,0,4608,1092016,10770832,0.0,64.0,0,0
time_decay,1,185857,185927,0,4544,1092016,10775376,0.0,64.0,0,0
time_decay,1,185928,186003,0,4864,1092016,10780240,0.0,64.0,0,0
time_decay,1,186004,186077,0,4736,1092016,10784976,0.0,64.0,0,0
time_decay,1,186078,186147,0,4480,1092016,10789456,0.0,64.0,0,0
time_decay,1,186148,186224,0,4928,1092016,10794384,0.0,64.0,0,0
time_decay,1,186225,186297,0,4672,1092016,10799056,0.0,64.0,0,0
time_decay,1,186298,186363,0,4224,1092016,10803280,0.0,64.0,0,0
time_decay,1,186364,186433,0,4480,1092016,10807760,0.0,64.0,0,0
time_decay,1,186434,186508,0,4800,1092016,10812560,0.0,64.0,0,0
time_decay,1,186509,186585,0,4928,1092016,10817488,0.0,64.0,0,0
time_decay,1,186586,186653,0,4352,1092016,10821840,0.0,64.0,0,0
time_decay,1,186654,186721,0,4352,1092016,10826192,0.0,64.0,0,0
time_decay,1,186722,186787,0,4224,1092016,10830416,0.0,64.0,0,0
time_decay,1,186788,186856,0,4416,1092016,10834832,0.0,64.0,0,0
time_decay,1,186857,186927,0,4544,1092016,10839376,0.0,64.0,0,0
time_decay,1,186928,186999,0,4608,1092016,10843984,0.0,64.0,0,0
time_decay,1,187000,187069,0,4480,1092016,10848464,0.0,64.0,0,0
time_decay,1,187070,187139,0,4480,1092016,10852944,0.0,64.0,0,0
time_decay,1,187140,187205,0,4224,1092016,10857168,0.0,64.0,0,0
time_decay,1,187206,187241,0,2304,1092016,10859472,0.0,64.0,0,0
time_decay,1,187242,187307,0,4224,1092016,10863696,0.0,64.0,0,0
time_decay,1,187308,187374,0,4288,1092016,10867984,0.0,64.0,0,0
time_decay,1,187375,187442,0,4352,1092016,10872336,0.0,64.0,0,0
time_decay,1,187443,187519,0,4928,1092016,10877264,0.0,64.0,0,0
time_decay,1,187520,187590,0,4544,1092016,10881808,0.0,64.0,0,0
time_decay,1,187591,187663,0,4672,1092016,10886480,0.0,64.0,0,0
time_decay,1,187664,187732,0,4416,1092016,10890896,0.0,64.0,0,0
time_decay,1,187733,187801,0,4416,1092016,10895312,0.0,64.0,0,0
time_decay,1,187802,187813,0,768,1092016,10896080,0.0,64.0,0,0
time_decay,1,187814,187883,0,4480,1092016,10900560,0.0,64.0,0,0
time_decay,1,187884,187953,0,4480,1092016,10905040,0.0,64.0,0,0
time_decay,1,187954,188025,0,4608,1092016,10909648,0.0,64.0,0,0
time_decay,1,188026,188093,0,4352,1092016,10914000,0.0,64.0,0,0
time_decay,1,188094,188171,0,4992,1092016,10918992,0.0,64.0,0,0
time_decay,1,188172,188247,0,4864,1092016,10923856,0.0,64.0,0,0
time_decay,1,188248,188324,0,4928,1092016,10928784,0.0,64.0,0,0
time_decay,1,188325,188403,0,5056,1092016,10933840,0.0,64.0,0,0
time_decay,1,188404,188476,0,4672,1092016,10938512,0.0,64.0,0,0
time_decay,1,188477,188547,0,4544,1092016,10943056,0.0,64.0,0,0
time_decay,1,188548,188617,0,4480,1092016,10947536,0.0,64.0,0,0
time_decay,1,188618,188688,0,4544,1092016,10952080,0.0,64.0,0,0
time_decay,1,188689,188756,0,4352,1092016,10956432,0.0,64.0,0,0
time_decay,1,188757,188824,0,4352,1092016,10960784,0.0,64.0,0,0
time_decay,1,188825,188899,0,4800,1092016,10965584,0.0,64.0,0,0
time_decay,1,188900,188969,0,4480,1092016,10970064,0.0,64.0,0,0
time_decay,1,188970,189035,0,4224,1092016,10974288,0.0,64.0,0,0
time_decay,1,189036,189111,0,4864,1092016,10979152,0.0,64.0,0,0
time_decay,1,189112,189184,0,4672,1092016,10983824,0.0,64.0,0,0
time_decay,1,189185,189250,0,4224,1092016,10988048,0.0,64.0,0,0
time_decay,1,189251,189326,0,4864,1092016,10992912,0.0,64.0,0,0
time_decay,1,189327,189398,0,4608,1092016,10997520,0.0,64.0,0,0
time_decay,1,189399,189468,0,4480,1092016,11002000,0.0,64.0,0,0
time_decay,1,189469,189536,0,4352,1092016,11006352,0.0,64.0,0,0
time_decay,1,189537,189608,0,4608,1092016,11010960,0.0,64.0,0,0
time_decay,1,189609,189676,0,4352,1092016,11015312,0.0,64.0,0,0
time_decay,1,189677,189746,0,4480,1092016,11019792,0.0,64.0,0,0
time_decay,1,189747,189819,0,4672,1092016,11024464,0.0,64.0,0,0
time_decay,1,189820,189887,0,4352,1092016,11028816,0.0,64.0,0,0
time_decay,1,189888,189960,0,4672,1092016,11033488,0.0,64.0,0,0
time_decay,1,189961,190009,0,3136,1092016,11036624,0.0,64.0,0,0
time_decay,1,190010,190083,0,4736,1092016,11041360,0.0,64.0,0,0
time_decay,1,190084,190154,0,4544,1092016,11045904,0.0,64.0,0,0
time_decay,1,190155,190225,0,4544,1092016,11050448,0.0,64.0,0,0
time_decay,1,190226,190297,0,4608,1092016,11055056,0.0,64.0,0,0
time_decay,1,190298,190368,0,4544,1092016,11059600,0.0,64.0,0,0
time_decay,1,190369,190439,0,4544,1092016,11064144,0.0,64.0,0,0
time_decay,1,190440,190515,0,4864,1092016,11069008,0.0,64.0,0,0
time_decay,1,190516,190586,0,4544,1092016,11073552,0.0,64.0,0,0
time_decay,1,190587,190654,0,4352,1092016,11077904,0.0,64.0,0,0
time_decay,1,190655,190721,0,4288,1092016,11082192,0.0,64.0,0,0
time_decay,1,190722,190793,0,4608,1092016,11086800,0.0,64.0,0,0
time_decay,1,190794,190869,0,4864,1092016,11091664,0.0,64.0,0,0
time_decay,1,190870,190939,0,4480,1092016,11096144,0.0,64.0,0,0
time_decay,1,190940,191012,0,4672,1092016,11100816,0.0,64.0,0,0
time_decay,1,191013,191086,0,4736,1092016,11105552,0.0,64.0,0,0
time_decay,1,191087,191163,0,4928,1092016,11110480,0.0,64.0,0,0
time_decay,1,191164,191232,0,4416,1092016,11114896,0.0,64.0,0,0
time_decay,1,191233,191277,0,2880,1092016,11117776,0.0,64.0,0,0
time_decay,1,191278,191346,0,4416,1092016,11122192,0.0,64.0,0,0
time_decay,1,191347,191418,0,4608,1092016,11126800,0.0,64.0,0,0
time_decay,1,191419,191498,0,5120,1092016,11131920,0.0,64.0,0,0
time_decay,1,191499,191573,0,4800,1092016,11136720,0.0,64.0,0,0
time_decay,1,191574,191642,0,4416,1092016,11141136,0.0,64.0,0,0
time_decay,1,191643,191712,0,4480,1092016,11145616,0.0,64.0,0,0
time_decay,1,191713,191784,0,4608,1092016,11150224,0.0,64.0,0,0
time_decay,1,191785,191859,0,4800,1092016,11155024,0.0,64.0,0,0
time_decay,1,191860,191927,0,4352,1092016,11159376,0.0,64.0,0,0
time_decay,1,191928,191996,0,4416,1092016,11163792,0.0,64.0,0,0
time_decay,1,191997,192071,0,4800,1092016,11168592,0.0,64.0,0,0
time_decay,1,192072,192144,0,4672,1092016,11173264,0.0,64.0,0,0
time_decay,1,192145,192215,0,4544,1092016,11177808,0.0,64.0,0,0
time_decay,1,192216,192283,0,4352,1092016,11182160,0.0,64.0,0,0
time_decay,1,192284,192353,0,4480,1092016,11186640,0.0,64.0,0,0
time_decay,1,192354,192419,0,4224,1092016,11190864,0.0,64.0,0,0
time_decay,1,192420,192488,0,4416,1092016,11195280,0.0,64.0,0,0
time_decay,1,192489,192558,0,4480,1092016,11199760,0.0,64.0,0,0
time_decay,1,192559,192629,0,4544,1092016,11204304,0.0,64.0,0,0
time_decay,1,192630,192695,0,4224,1092016,11208528,0.0,64.0,0,0
time_decay,1,192696,192770,0,4800,1092016,11213328,0.0,64.0,0,0
time_decay,1,192771,192840,0,4480,1092016,11217808,0.0,64.0,0,0
time_decay,1,192841,192906,0,4224,1092016,11222032,0.0,64.0,0,0
time_decay,1,192907,192978,0,4608,1092016,11226640,0.0,64.0,0,0
time_decay,1,192979,193057,0,5056,1092016,11231696,0.0,64.0,0,0
time_decay,1,193058,193124,0,4288,1092016,11235984,0.0,64.0,0,0
time_decay,1,193125,193196,0,4608,1092016,11240592,0.0,64.0,0,0
time_decay,1,193197,193266,0,4480,1092016,11245072,0.0,64.0,0,0
time_decay,1,193267,193338,0,4608,1092016,11249680,0.0,64.0,0,0
time_decay,1,193339,193404,0,4224,1092016,11253904,0.0,64.0,0,0
time_decay,1,193405,193472,0,4352,1092016,11258256,0.0,64.0,0,0
time_decay,1,193473,193527,0,3520,1092016,11261776,0.0,64.0,0,0
time_decay,1,193528,193601,0,4736,1092016,11266512,0.0,64.0,0,0
time_decay,1,193602,193670,0,4416,1092016,11270928,0.0,64.0,0,0
time_decay,1,193671,193744,0,4736,1092016,11275664,0.0,64.0,0,0
time_decay,1,193745,193816,0,4608,1092016,11280272,0.0,64.0,0,0
time_decay,1,193817,193887,0,4544,1092016,11284816,0.0,64.0,0,0
time_decay,1,193888,193959,0,4608,1092016,11289424,0.0,64.0,0,0
time_decay,1,193960,194033,0,4736,1092016,11294160,0.0,64.0,0,0
time_decay,1,194034,194101,0,4352,1092016,11298512,0.0,64.0,0,0
time_decay,1,194102,194176,0,4800,1092016,11303312,0.0,64.0,0,0
time_decay,1,194177,194242,0,4224,1092016,11307536,0.0,64.0,0,0
time_decay,1,194243,194310,0,4352,1092016,11311888,0.0,64.0,0,0
time_decay,1,194311,194368,0,3712,1092016,11315600,0.0,64.0,0,0
time_decay,1,194369,194427,0,3776,1092016,11319376,0.0,64.0,0,0
time_decay,1,194428,194495,0,4352,1092016,11323728,0.0,64.0,0,0
time_decay,1,194496,194570,0,4800,1092016,11328528,0.0,64.0,0,0
time_decay,1,194571,194611,0,2624,1092016,11331152,0.0,64.0,0,0
time_decay,1,194612,194682,0,4544,1092016,11335696,0.0,64.0,0,0
time_decay,1,194683,194755,0,4672,1092016,11340368,0.0,64.0,0,0
time_decay,1,194756,194825,0,4480,1092016,11344848,0.0,64.0,0,0
time_decay,1,194826,194898,0,4672,1092016,11349520,0.0,64.0,0,0
time_decay,1,194899,194970,0,4608,1092016,11354128,0.0,64.0,0,0
time_decay,1,194971,195039,0,4416,1092016,11358544,0.0,64.0,0,0
time_decay,1,195040,195113,0,4736,1092016,11363280,0.0,64.0,0,0
time_decay,1,195114,195181,0,4352,1092016,11367632,0.0,64.0,0,0
time_decay,1,195182,195251,0,4480,1092016,11372112,0.0,64.0,0,0
time_decay,1,195252,195320,0,4416,1092016,11376528,0.0,64.0,0,0
time_decay,1,195321,195387,0,4288,1092016,11380816,0.0,64.0,0,0
time_decay,1,195388,195656,0,17216,1092016,11398032,0.0,64.0,0,0
time_decay,1,195657,195730,0,4736,1092016,11402768,0.0,64.0,0,0
time_decay,1,195731,195797,0,4288,1092016,11407056,0.0,64.0,0,0
time_decay,1,195798,195872,0,4800,1092016,11411856,0.0,64.0,0,0
time_decay,1,195873,195946,0,4736,1092016,11416592,0.0,64.0,0,0
time_decay,1,195947,196017,0,4544,1092016,11421136,0.0,64.0,0,0
time_decay,1,196018,196097,0,5120,1092016,11426256,0.0,64.0,0,0
time_decay,1,196098,196173,0,4864,1092016,11431120,0.0,64.0,0,0
time_decay,1,196174,196239,0,4224,1092016,11435344,0.0,64.0,0,0
time_decay,1,196240,196309,0,4480,1092016,11439824,0.0,64.0,0,0
time_decay,1,196310,196382,0,4672,1092016,11444496,0.0,64.0,0,0
time_decay,1,196383,196454,0,4608,1092016,11449104,0.0,64.0,0,0
time_decay,1,196455,196520,0,4224,1092016,11453328,0.0,64.0,0,0
time_decay,1,196521,196568,0,3072,1092016,11456400,0.0,64.0,0,0
time_decay,1,196569,196643,0,4800,1092016,11461200,0.0,64.0,0,0
time_decay,1,196644,196710,0,4288,1092016,11465488,0.0,64.0,0,0
time_decay,1,196711,196785,0,4800,1092016,11470288,0.0,64.0,0,0
time_decay,1,196786,196854,0,4416,1092016,11474704,0.0,64.0,0,0
time_decay,1,196855,196861,0,448,1092016,11475152,0.0,64.0,0,0
time_decay,1,196862,196933,0,4608,1092016,11479760,0.0,64.0,0,0
time_decay,1,196934,197003,0,4480,1092016,11484240,0.0,64.0,0,0
time_decay,1,197004,197073,0,4480,1092016,11488720,0.0,64.0,0,0
time_decay,1,197074,197142,0,4416,1092016,11493136,0.0,64.0,0,0
time_decay,1,197143,197215,0,4672,1092016,11497808,0.0,64.0,0,0
time_decay,1,197216,197299,0,5376,1092016,11503184,0.0,64.0,0,0
time_decay,1,197300,197367,0,4352,1092016,11507536,0.0,64.0,0,0
time_decay,1,197368,197437,0,4480,1092016,11512016,0.0,64.0,0,0
time_decay,1,197438,197504,0,4288,1092016,11516304,0.0,64.0,0,0
time_decay,1,197505,197574,0,4480,1092016,11520784,0.0,64.0,0,0
time_decay,1,197575,197650,0,4864,1092016,11525648,0.0,64.0,0,0
time_decay,1,197651,197723,0,4672,1092016,11530320,0.0,64.0,0,0
time_decay,1,197724,197795,0,4608,1092016,11534928,0.0,64.0,0,0
time_decay,1,197796,197862,0,4288,1092016,11539216,0.0,64.0,0,0
time_decay,1,197863,197929,0,4288,1092016,11543504,0.0,64.0,0,0
time_decay,1,197930,198003,0,4736,1092016,11548240,0.0,64.0,0,0
time_decay,1,198004,198074,0,4544,1092016,11552784,0.0,64.0,0,0
time_decay,1,198075,198142,0,4352,1092016,11557136,0.0,64.0,0,0
time_decay,1,198143,198208,0,4224,1092016,11561360,0.0,64.0,0,0
time_decay,1,198209,198279,0,4544,1092016,11565904,0.0,64.0,0,0
time_decay,1,198280,198342,0,4032,1092016,11569936,0.0,64.0,0,0
time_decay,1,198343,198413,0,4544,1092016,11574480,0.0,64.0,0,0
time_decay,1,198414,198490,0,4928,1092016,11579408,0.0,64.0,0,0
time_decay,1,198491,198558,0,4352,1092016,11583760,0.0,64.0,0,0
time_decay,1,198559,198629,0,4544,1092016,11588304,0.0,64.0,0,0
time_decay,1,198630,198703,0,4736,1092016,11593040,0.0,64.0,0,0
time_decay,1,198704,198773,0,4480,1092016,11597520,0.0,64.0,0,0
time_decay,1,198774,198848,0,4800,1092016,11602320,0.0,64.0,0,0
time_decay,1,198849,198918,0,4480,1092016,11606800,0.0,64.0,0,0
time_decay,1,198919,198987,0,4416,1092016,11611216,0.0,64.0,0,0
time_decay,1,198988,199055,0,4352,1092016,11615568,0.0,64.0,0,0
time_decay,1,199056,199130,0,4800,1092016,11620368,0.0,64.0,0,0
time_decay,1,199131,199197,0,4288,1092016,11624656,0.0,64.0,0,0
time_decay,1,199198,199213,0,1024,1092016,11625680,0.0,64.0,0,0
time_decay,1,199214,199281,0,4352,1092016,11630032,0.0,64.0,0,0
time_decay,1,199282,199347,0,4224,1092016,11634256,0.0,64.0,0,0
time_decay,1,199348,199416,0,4416,1092016,11638672,0.0,64.0,0,0
time_decay,1,199417,199515,0,6336,1092016,11645008,0.0,64.0,0,0
time_decay,1,199516,199589,0,4736,1092016,11649744,0.0,64.0,0,0
time_decay,1,199590,199660,0,4544,1092016,11654288,0.0,64.0,0,0
time_decay,1,199661,199740,0,5120,1092016,11659408,0.0,64.0,0,0
time_decay,1,199741,199815,0,4800,1092016,11664208,0.0,64.0,0,0
time_decay,1,199816,199887,0,4608,1092016,11668816,0.0,64.0,0,0
time_decay,1,199888,199953,0,4224,1092016,11673040,0.0,64.0,0,0
time_decay,1,199954,200000,0,3008,1092016,11676048,0.0,64.0,0,0
fixed_25_full_capacity,0,1,300,0,0,0,0,0.0,0.0,0,0
fixed_25_full_capacity,0,301,600,1616,4848,1616,4848,16.0,48.0,16,16
fixed_25_full_capacity,0,601,900,4800,14400,6416,19248,16.0,48.0,16,16
fixed_25_full_capacity,0,901,1200,4800,14400,11216,33648,16.0,48.0,16,16
fixed_25_full_capacity,0,1201,1500,4800,14400,16016,48048,16.0,48.0,16,16
fixed_25_full_capacity,0,1501,1800,4800,14400,20816,62448,16.0,48.0,16,16
fixed_25_full_capacity,0,1801,2100,4800,14400,25616,76848,16.0,48.0,16,16
fixed_25_full_capacity,0,2101,2128,448,1344,26064,78192,16.0,48.0,16,16
fixed_25_full_capacity,0,2129,2428,4800,14400,30864,92592,16.0,48.0,16,16
fixed_25_full_capacity,0,2429,2728,4800,14400,35664,106992,16.0,48.0,16,16
fixed_25_full_capacity,0,2729,2852,1984,5952,37648,112944,16.0,48.0,16,16
fixed_25_full_capacity,0,2853,3014,2592,7776,40240,120720,16.0,48.0,16,16
fixed_25_full_capacity,0,3015,3314,4800,14400,45040,135120,16.0,48.0,16,16
fixed_25_full_capacity,0,3315,3614,4800,14400,49840,149520,16.0,48.0,16,16
fixed_25_full_capacity,0,3615,3914,4800,14400,54640,163920,16.0,48.0,16,16
fixed_25_full_capacity,0,3915,4214,4800,14400,59440,178320,16.0,48.0,16,16
fixed_25_full_capacity,0,4215,4514,4800,14400,64240,192720,16.0,48.0,16,16
fixed_25_full_capacity,0,4515,4559,720,2160,64960,194880,16.0,48.0,16,16
fixed_25_full_capacity,0,4560,4775,3456,10368,68416,205248,16.0,48.0,16,16
fixed_25_full_capacity,0,4776,5075,4800,14400,73216,219648,16.0,48.0,16,16
fixed_25_full_capacity,0,5076,5375,4800,14400,78016,234048,16.0,48.0,16,16
fixed_25_full_capacity,0,5376,5675,4800,14400,82816,248448,16.0,48.0,16,16
fixed_25_full_capacity,0,5676,5975,4800,14400,87616,262848,16.0,48.0,16,16
fixed_25_full_capacity,0,5976,6118,2288,6864,89904,269712,16.0,48.0,16,16
fixed_25_full_capacity,0,6119,6418,4800,14400,94704,284112,16.0,48.0,16,16
fixed_25_full_capacity,0,6419,6718,4800,14400,99504,298512,16.0,48.0,16,16
fixed_25_full_capacity,0,6719,6814,1536,4608,101040,303120,16.0,48.0,16,16
fixed_25_full_capacity,0,6815,7114,4800,14400,105840,317520,16.0,48.0,16,16
fixed_25_full_capacity,0,7115,7228,1824,5472,107664,322992,16.0,48.0,16,16
fixed_25_full_capacity,0,7229,7528,4800,14400,112464,337392,16.0,48.0,16,16
fixed_25_full_capacity,0,7529,7828,4800,14400,117264,351792,16.0,48.0,16,16
fixed_25_full_capacity,0,7829,8103,4400,13200,121664,364992,16.0,48.0,16,16
fixed_25_full_capacity,0,8104,8403,4800,14400,126464,379392,16.0,48.0,16,16
fixed_25_full_capacity,0,8404,8703,4800,14400,131264,393792,16.0,48.0,16,16
fixed_25_full_capacity,0,8704,8775,1152,3456,132416,397248,16.0,48.0,16,16
fixed_25_full_capacity,0,8776,8900,2000,6000,134416,403248,16.0,48.0,16,16
fixed_25_full_capacity,0,8901,9200,4800,14400,139216,417648,16.0,48.0,16,16
fixed_25_full_capacity,0,9201,9226,416,1248,139632,418896,16.0,48.0,16,16
fixed_25_full_capacity,0,9227,9526,4800,14400,144432,433296,16.0,48.0,16,16
fixed_25_full_capacity,0,9527,9826,4800,14400,149232,447696,16.0,48.0,16,16
fixed_25_full_capacity,0,9827,10126,4800,14400,154032,462096,16.0,48.0,16,16
fixed_25_full_capacity,0,10127,10426,4800,14400,158832,476496,16.0,48.0,16,16
fixed_25_full_capacity,0,10427,10726,4800,14400,163632,490896,16.0,48.0,16,16
fixed_25_full_capacity,0,10727,10829,1648,4944,165280,495840,16.0,48.0,16,16
fixed_25_full_capacity,0,10830,11098,4304,12912,169584,508752,16.0,48.0,16,16
fixed_25_full_capacity,0,11099,11398,4800,14400,174384,523152,16.0,48.0,16,16
fixed_25_full_capacity,0,11399,11698,4800,14400,179184,537552,16.0,48.0,16,16
fixed_25_full_capacity,0,11699,11998,4800,14400,183984,551952,16.0,48.0,16,16
fixed_25_full_capacity,0,11999,12298,4800,14400,188784,566352,16.0,48.0,16,16
fixed_25_full_capacity,0,12299,12598,4800,14400,193584,580752,16.0,48.0,16,16
fixed_25_full_capacity,0,12599,12897,4784,14352,198368,595104,16.0,48.0,16,16
fixed_25_full_capacity,0,12898,13197,4800,14400,203168,609504,16.0,48.0,16,16
fixed_25_full_capacity,0,13198,13411,3424,10272,206592,619776,16.0,48.0,16,16
fixed_25_full_capacity,0,13412,13609,3168,9504,209760,629280,16.0,48.0,16,16
fixed_25_full_capacity,0,13610,13909,4800,14400,214560,643680,16.0,48.0,16,16
fixed_25_full_capacity,0,13910,14209,4800,14400,219360,658080,16.0,48.0,16,16
fixed_25_full_capacity,0,14210,14509,4800,14400,224160,672480,16.0,48.0,16,16
fixed_25_full_capacity,0,14510,14656,2352,7056,226512,679536,16.0,48.0,16,16
fixed_25_full_capacity,0,14657,14956,4800,14400,231312,693936,16.0,48.0,16,16
fixed_25_full_capacity,0,14957,15031,1200,3600,232512,697536,16.0,48.0,16,16
fixed_25_full_capacity,0,15032,15331,4800,14400,237312,711936,16.0,48.0,16,16
fixed_25_full_capacity,0,15332,15631,4800,14400,242112,726336,16.0,48.0,16,16
fixed_25_full_capacity,0,15632,15878,3952,11856,246064,738192,16.0,48.0,16,16
fixed_25_full_capacity,0,15879,15987,1744,5232,247808,743424,16.0,48.0,16,16
fixed_25_full_capacity,0,15988,16186,3184,9552,250992,752976,16.0,48.0,16,16
fixed_25_full_capacity,0,16187,16486,4800,14400,255792,767376,16.0,48.0,16,16
fixed_25_full_capacity,0,16487,16594,1728,5184,257520,772560,16.0,48.0,16,16
fixed_25_full_capacity,0,16595,16894,4800,14400,262320,786960,16.0,48.0,16,16
fixed_25_full_capacity,0,16895,17194,4800,14400,267120,801360,16.0,48.0,16,16
fixed_25_full_capacity,0,17195,17494,4800,14400,271920,815760,16.0,48.0,16,16
fixed_25_full_capacity,0,17495,17531,592,1776,272512,817536,16.0,48.0,16,16
fixed_25_full_capacity,0,17532,17831,4800,14400,277312,831936,16.0,48.0,16,16
fixed_25_full_capacity,0,17832,18131,4800,14400,282112,846336,16.0,48.0,16,16
fixed_25_full_capacity,0,18132,18431,4800,14400,286912,860736,16.0,48.0,16,16
fixed_25_full_capacity,0,18432,18731,4800,14400,291712,875136,16.0,48.0,16,16
fixed_25_full_capacity,0,18732,18997,4256,12768,295968,887904,16.0,48.0,16,16
fixed_25_full_capacity,0,18998,19065,1088,3264,297056,891168,16.0,48.0,16,16
fixed_25_full_capacity,0,19066,19262,3152,9456,300208,900624,16.0,48.0,16,16
fixed_25_full_capacity,0,19263,19532,4320,12960,304528,913584,16.0,48.0,16,16
fixed_25_full_capacity,0,19533,19774,3872,11616,308400,925200,16.0,48.0,16,16
fixed_25_full_capacity,0,19775,19811,592,1776,308992,926976,16.0,48.0,16,16
fixed_25_full_capacity,0,19812,20111,4800,14400,313792,941376,16.0,48.0,16,16
fixed_25_full_capacity,0,20112,20176,1040,3120,314832,944496,16.0,48.0,16,16
fixed_25_full_capacity,0,20177,20250,1184,3552,316016,948048,16.0,48.0,16,16
fixed_25_full_capacity,0,20251,20359,1744,5232,317760,953280,16.0,48.0,16,16
fixed_25_full_capacity,0,20360,20483,1984,5952,319744,959232,16.0,48.0,16,16
fixed_25_full_capacity,0,20484,20528,720,2160,320464,961392,16.0,48.0,16,16
fixed_25_full_capacity,0,20529,20616,1408,4224,321872,965616,16.0,48.0,16,16
fixed_25_full_capacity,0,20617,20832,3456,10368,325328,975984,16.0,48.0,16,16
fixed_25_full_capacity,0,20833,20861,464,1392,325792,977376,16.0,48.0,16,16
fixed_25_full_capacity,0,20862,21032,2736,8208,328528,985584,16.0,48.0,16,16
fixed_25_full_capacity,0,21033,21332,4800,14400,333328,999984,16.0,48.0,16,16
fixed_25_full_capacity,0,21333,21632,4800,14400,338128,1014384,16.0,48.0,16,16
fixed_25_full_capacity,0,21633,21745,1808,5424,339936,1019808,16.0,48.0,16,16
fixed_25_full_capacity,0,21746,22028,4528,13584,344464,1033392,16.0,48.0,16,16
fixed_25_full_capacity,0,22029,22067,624,1872,345088,1035264,16.0,48.0,16,16
fixed_25_full_capacity,0,22068,22188,1936,5808,347024,1041072,16.0,48.0,16,16
fixed_25_full_capacity,0,22189,22208,320,960,347344,1042032,16.0,48.0,16,16
fixed_25_full_capacity,0,22209,22282,1184,3552,348528,1045584,16.0,48.0,16,16
fixed_25_full_capacity,0,22283,22582,4800,14400,353328,1059984,16.0,48.0,16,16
fixed_25_full_capacity,0,22583,22843,4176,12528,357504,1072512,16.0,48.0,16,16
fixed_25_full_capacity,0,22844,23143,4800,14400,362304,1086912,16.0,48.0,16,16
fixed_25_full_capacity,0,23144,23210,1072,3216,363376,1090128,16.0,48.0,16,16
fixed_25_full_capacity,0,23211,23510,4800,14400,368176,1104528,16.0,48.0,16,16
fixed_25_full_capacity,0,23511,23810,4800,14400,372976,1118928,16.0,48.0,16,16
fixed_25_full_capacity,0,23811,23963,2448,7344,375424,1126272,16.0,48.0,16,16
fixed_25_full_capacity,0,23964,24020,912,2736,376336,1129008,16.0,48.0,16,16
fixed_25_full_capacity,0,24021,24170,2400,7200,378736,1136208,16.0,48.0,16,16
fixed_25_full_capacity,0,24171,24470,4800,14400,383536,1150608,16.0,48.0,16,16
fixed_25_full_capacity,0,24471,24770,4800,14400,388336,1165008,16.0,48.0,16,16
fixed_25_full_capacity,0,24771,25070,4800,14400,393136,1179408,16.0,48.0,16,16
fixed_25_full_capacity,0,25071,25084,224,672,393360,1180080,16.0,48.0,16,16
fixed_25_full_capacity,0,25085,25260,2816,8448,396176,1188528,16.0,48.0,16,16
fixed_25_full_capacity,0,25261,25409,2384,7152,398560,1195680,16.0,48.0,16,16
fixed_25_full_capacity,0,25410,25709,4800,14400,403360,1210080,16.0,48.0,16,16
fixed_25_full_capacity,0,25710,26009,4800,14400,408160,1224480,16.0,48.0,16,16
fixed_25_full_capacity,0,26010,26110,1616,4848,409776,1229328,16.0,48.0,16,16
fixed_25_full_capacity,0,26111,26371,4176,12528,413952,1241856,16.0,48.0,16,16
fixed_25_full_capacity,0,26372,26662,4656,13968,418608,1255824,16.0,48.0,16,16
fixed_25_full_capacity,0,26663,26962,4800,14400,423408,1270224,16.0,48.0,16,16
fixed_25_full_capacity,0,26963,27262,4800,14400,428208,1284624,16.0,48.0,16,16
fixed_25_full_capacity,0,27263,27562,4800,14400,433008,1299024,16.0,48.0,16,16
fixed_25_full_capacity,0,27563,27589,432,1296,433440,1300320,16.0,48.0,16,16
fixed_25_full_capacity,0,27590,27613,384,1152,433824,1301472,16.0,48.0,16,16
fixed_25_full_capacity,0,27614,27913,4800,14400,438624,1315872,16.0,48.0,16,16
fixed_25_full_capacity,0,27914,28179,4256,12768,442880,1328640,16.0,48.0,16,16
fixed_25_full_capacity,0,28180,28479,4800,14400,447680,1343040,16.0,48.0,16,16
fixed_25_full_capacity,0,28480,28779,4800,14400,452480,1357440,16.0,48.0,16,16
fixed_25_full_capacity,0,28780,29079,4800,14400,457280,1371840,16.0,48.0,16,16
fixed_25_full_capacity,0,29080,29379,4800,14400,462080,1386240,16.0,48.0,16,16
fixed_25_full_capacity,0,29380,29679,4800,14400,466880,1400640,16.0,48.0,16,16
fixed_25_full_capacity,0,29680,29979,4800,14400,471680,1415040,16.0,48.0,16,16
fixed_25_full_capacity,0,29980,30279,4800,14400,476480,1429440,16.0,48.0,16,16
fixed_25_full_capacity,0,30280,30579,4800,14400,481280,1443840,16.0,48.0,16,16
fixed_25_full_capacity,0,30580,30738,2544,7632,483824,1451472,16.0,48.0,16,16
fixed_25_full_capacity,0,30739,30950,3392,10176,487216,1461648,16.0,48.0,16,16
fixed_25_full_capacity,0,30951,31250,4800,14400,492016,1476048,16.0,48.0,16,16
fixed_25_full_capacity,0,31251,31324,1184,3552,493200,1479600,16.0,48.0,16,16
fixed_25_full_capacity,0,31325,31394,1120,3360,494320,1482960,16.0,48.0,16,16
fixed_25_full_capacity,0,31395,31537,2288,6864,496608,1489824,16.0,48.0,16,16
fixed_25_full_capacity,0,31538,31662,2000,6000,498608,1495824,16.0,48.0,16,16
fixed_25_full_capacity,0,31663,31843,2896,8688,501504,1504512,16.0,48.0,16,16
fixed_25_full_capacity,0,31844,31899,896,2688,502400,1507200,16.0,48.0,16,16
fixed_25_full_capacity,0,31900,32077,2848,8544,505248,1515744,16.0,48.0,16,16
fixed_25_full_capacity,0,32078,32377,4800,14400,510048,1530144,16.0,48.0,16,16
fixed_25_full_capacity,0,32378,32677,4800,14400,514848,1544544,16.0,48.0,16,16
fixed_25_full_capacity,0,32678,32973,4736,14208,519584,1558752,16.0,48.0,16,16
fixed_25_full_capacity,0,32974,33063,1440,4320,521024,1563072,16.0,48.0,16,16
fixed_25_full_capacity,0,33064,33171,1728,5184,522752,1568256,16.0,48.0,16,16
fixed_25_full_capacity,0,33172,33471,4800,14400,527552,1582656,16.0,48.0,16,16
fixed_25_full_capacity,0,33472,33521,800,2400,528352,1585056,16.0,48.0,16,16
fixed_25_full_capacity,0,33522,33719,3168,9504,531520,1594560,16.0,48.0,16,16
fixed_25_full_capacity,0,33720,34019,4800,14400,536320,1608960,16.0,48.0,16,16
fixed_25_full_capacity,0,34020,34143,1984,5952,538304,1614912,16.0,48.0,16,16
fixed_25_full_capacity,0,34144,34193,800,2400,539104,1617312,16.0,48.0,16,16
fixed_25_full_capacity,0,34194,34266,1168,3504,540272,1620816,16.0,48.0,16,16
fixed_25_full_capacity,0,34267,34360,1504,4512,541776,1625328,16.0,48.0,16,16
fixed_25_full_capacity,0,34361,34392,512,1536,542288,1626864,16.0,48.0,16,16
fixed_25_full_capacity,0,34393,34692,4800,14400,547088,1641264,16.0,48.0,16,16
fixed_25_full_capacity,0,34693,34772,1280,3840,548368,1645104,16.0,48.0,16,16
fixed_25_full_capacity,0,34773,35072,4800,14400,553168,1659504,16.0,48.0,16,16
fixed_25_full_capacity,0,35073,35372,4800,14400,557968,1673904,16.0,48.0,16,16
fixed_25_full_capacity,0,35373,35569,3152,9456,561120,1683360,16.0,48.0,16,16
fixed_25_full_capacity,0,35570,35615,736,2208,561856,1685568,16.0,48.0,16,16
fixed_25_full_capacity,0,35616,35915,4800,14400,566656,1699968,16.0,48.0,16,16
fixed_25_full_capacity,0,35916,36215,4800,14400,571456,1714368,16.0,48.0,16,16
fixed_25_full_capacity,0,36216,36515,4800,14400,576256,1728768,16.0,48.0,16,16
fixed_25_full_capacity,0,36516,36530,240,720,576496,1729488,16.0,48.0,16,16
fixed_25_full_capacity,0,36531,36830,4800,14400,581296,1743888,16.0,48.0,16,16
fixed_25_full_capacity,0,36831,37130,4800,14400,586096,1758288,16.0,48.0,16,16
fixed_25_full_capacity,0,37131,37408,4448,13344,590544,1771632,16.0,48.0,16,16
fixed_25_full_capacity,0,37409,37708,4800,14400,595344,1786032,16.0,48.0,16,16
fixed_25_full_capacity,0,37709,38008,4800,14400,600144,1800432,16.0,48.0,16,16
fixed_25_full_capacity,0,38009,38308,4800,14400,604944,1814832,16.0,48.0,16,16
fixed_25_full_capacity,0,38309,38608,4800,14400,609744,1829232,16.0,48.0,16,16
fixed_25_full_capacity,0,38609,38908,4800,14400,614544,1843632,16.0,48.0,16,16
fixed_25_full_capacity,0,38909,39208,4800,14400,619344,1858032,16.0,48.0,16,16
fixed_25_full_capacity,0,39209,39508,4800,14400,624144,1872432,16.0,48.0,16,16
fixed_25_full_capacity,0,39509,39808,4800,14400,628944,1886832,16.0,48.0,16,16
fixed_25_full_capacity,0,39809,40108,4800,14400,633744,1901232,16.0,48.0,16,16
fixed_25_full_capacity,0,40109,40408,4800,14400,638544,1915632,16.0,48.0,16,16
fixed_25_full_capacity,0,40409,40708,4800,14400,643344,1930032,16.0,48.0,16,16
fixed_25_full_capacity,0,40709,41008,4800,14400,648144,1944432,16.0,48.0,16,16
fixed_25_full_capacity,0,41009,41308,4800,14400,652944,1958832,16.0,48.0,16,16
fixed_25_full_capacity,0,41309,41608,4800,14400,657744,1973232,16.0,48.0,16,16
fixed_25_full_capacity,0,41609,41647,624,1872,658368,1975104,16.0,48.0,16,16
fixed_25_full_capacity,0,41648,41947,4800,14400,663168,1989504,16.0,48.0,16,16
fixed_25_full_capacity,0,41948,42247,4800,14400,667968,2003904,16.0,48.0,16,16
fixed_25_full_capacity,0,42248,42547,4800,14400,672768,2018304,16.0,48.0,16,16
fixed_25_full_capacity,0,42548,42847,4800,14400,677568,2032704,16.0,48.0,16,16
fixed_25_full_capacity,0,42848,43147,4800,14400,682368,2047104,16.0,48.0,16,16
fixed_25_full_capacity,0,43148,43290,2288,6864,684656,2053968,16.0,48.0,16,16
fixed_25_full_capacity,0,43291,43590,4800,14400,689456,2068368,16.0,48.0,16,16
fixed_25_full_capacity,0,43591,43890,4800,14400,694256,2082768,16.0,48.0,16,16
fixed_25_full_capacity,0,43891,44190,4800,14400,699056,2097168,16.0,48.0,16,16
fixed_25_full_capacity,0,44191,44490,4800,14400,703856,2111568,16.0,48.0,16,16
fixed_25_full_capacity,0,44491,44790,4800,14400,708656,2125968,16.0,48.0,16,16
fixed_25_full_capacity,0,44791,44962,2752,8256,711408,2134224,16.0,48.0,16,16
fixed_25_full_capacity,0,44963,45262,4800,14400,716208,2148624,16.0,48.0,16,16
fixed_25_full_capacity,0,45263,45562,4800,14400,721008,2163024,16.0,48.0,16,16
fixed_25_full_capacity,0,45563,45862,4800,14400,725808,2177424,16.0,48.0,16,16
fixed_25_full_capacity,0,45863,46162,4800,14400,730608,2191824,16.0,48.0,16,16
fixed_25_full_capacity,0,46163,46214,832,2496,731440,2194320,16.0,48.0,16,16
fixed_25_full_capacity,0,46215,46514,4800,14400,736240,2208720,16.0,48.0,16,16
fixed_25_full_capacity,0,46515,46814,4800,14400,741040,2223120,16.0,48.0,16,16
fixed_25_full_capacity,0,46815,47114,4800,14400,745840,2237520,16.0,48.0,16,16
fixed_25_full_capacity,0,47115,47358,3904,11712,749744,2249232,16.0,48.0,16,16
fixed_25_full_capacity,0,47359,47545,2992,8976,752736,2258208,16.0,48.0,16,16
fixed_25_full_capacity,0,47546,47791,3936,11808,756672,2270016,16.0,48.0,16,16
fixed_25_full_capacity,0,47792,47832,656,1968,757328,2271984,16.0,48.0,16,16
fixed_25_full_capacity,0,47833,48123,4656,13968,761984,2285952,16.0,48.0,16,16
fixed_25_full_capacity,0,48124,48423,4800,14400,766784,2300352,16.0,48.0,16,16
fixed_25_full_capacity,0,48424,48723,4800,14400,771584,2314752,16.0,48.0,16,16
fixed_25_full_capacity,0,48724,48797,1184,3552,772768,2318304,16.0,48.0,16,16
fixed_25_full_capacity,0,48798,49097,4800,14400,777568,2332704,16.0,48.0,16,16
fixed_25_full_capacity,0,49098,49397,4800,14400,782368,2347104,16.0,48.0,16,16
fixed_25_full_capacity,0,49398,49697,4800,14400,787168,2361504,16.0,48.0,16,16
fixed_25_full_capacity,0,49698,49997,4800,14400,791968,2375904,16.0,48.0,16,16
fixed_25_full_capacity,0,49998,50297,4800,14400,796768,2390304,16.0,48.0,16,16
fixed_25_full_capacity,0,50298,50597,4800,14400,801568,2404704,16.0,48.0,16,16
fixed_25_full_capacity,0,50598,50897,4800,14400,806368,2419104,16.0,48.0,16,16
fixed_25_full_capacity,0,50898,51197,4800,14400,811168,2433504,16.0,48.0,16,16
fixed_25_full_capacity,0,51198,51473,4416,13248,815584,2446752,16.0,48.0,16,16
fixed_25_full_capacity,0,51474,51666,3088,9264,818672,2456016,16.0,48.0,16,16
fixed_25_full_capacity,0,51667,51696,480,1440,819152,2457456,16.0,48.0,16,16
fixed_25_full_capacity,0,51697,51829,2128,6384,821280,2463840,16.0,48.0,16,16
fixed_25_full_capacity,0,51830,51883,864,2592,822144,2466432,16.0,48.0,16,16
fixed_25_full_capacity,0,51884,52183,4800,14400,826944,2480832,16.0,48.0,16,16
fixed_25_full_capacity,0,52184,52273,1440,4320,828384,2485152,16.0,48.0,16,16
fixed_25_full_capacity,0,52274,52573,4800,14400,833184,2499552,16.0,48.0,16,16
fixed_25_full_capacity,0,52574,52873,4800,14400,837984,2513952,16.0,48.0,16,16
fixed_25_full_capacity,0,52874,53173,4800,14400,842784,2528352,16.0,48.0,16,16
fixed_25_full_capacity,0,53174,53473,4800,14400,847584,2542752,16.0,48.0,16,16
fixed_25_full_capacity,0,53474,53773,4800,14400,852384,2557152,16.0,48.0,16,16
fixed_25_full_capacity,0,53774,54073,4800,14400,857184,2571552,16.0,48.0,16,16
fixed_25_full_capacity,0,54074,54373,4800,14400,861984,2585952,16.0,48.0,16,16
fixed_25_full_capacity,0,54374,54673,4800,14400,866784,2600352,16.0,48.0,16,16
fixed_25_full_capacity,0,54674,54973,4800,14400,871584,2614752,16.0,48.0,16,16
fixed_25_full_capacity,0,54974,55273,4800,14400,876384,2629152,16.0,48.0,16,16
fixed_25_full_capacity,0,55274,55573,4800,14400,881184,2643552,16.0,48.0,16,16
fixed_25_full_capacity,0,55574,55873,4800,14400,885984,2657952,16.0,48.0,16,16
fixed_25_full_capacity,0,55874,55905,512,1536,886496,2659488,16.0,48.0,16,16
fixed_25_full_capacity,0,55906,56205,4800,14400,891296,2673888,16.0,48.0,16,16
fixed_25_full_capacity,0,56206,56505,4800,14400,896096,2688288,16.0,48.0,16,16
fixed_25_full_capacity,0,56506,56805,4800,14400,900896,2702688,16.0,48.0,16,16
fixed_25_full_capacity,0,56806,57105,4800,14400,905696,2717088,16.0,48.0,16,16
fixed_25_full_capacity,0,57106,57405,4800,14400,910496,2731488,16.0,48.0,16,16
fixed_25_full_capacity,0,57406,57705,4800,14400,915296,2745888,16.0,48.0,16,16
fixed_25_full_capacity,0,57706,58005,4800,14400,920096,2760288,16.0,48.0,16,16
fixed_25_full_capacity,0,58006,58305,4800,14400,924896,2774688,16.0,48.0,16,16
fixed_25_full_capacity,0,58306,58605,4800,14400,929696,2789088,16.0,48.0,16,16
fixed_25_full_capacity,0,58606,58905,4800,14400,934496,2803488,16.0,48.0,16,16
fixed_25_full_capacity,0,58906,59205,4800,14400,939296,2817888,16.0,48.0,16,16
fixed_25_full_capacity,0,59206,59411,3296,9888,942592,2827776,16.0,48.0,16,16
fixed_25_full_capacity,0,59412,59580,2704,8112,945296,2835888,16.0,48.0,16,16
fixed_25_full_capacity,0,59581,59592,192,576,945488,2836464,16.0,48.0,16,16
fixed_25_full_capacity,0,59593,59892,4800,14400,950288,2850864,16.0,48.0,16,16
fixed_25_full_capacity,0,59893,60192,4800,14400,955088,2865264,16.0,48.0,16,16
fixed_25_full_capacity,0,60193,60293,1616,4848,956704,2870112,16.0,48.0,16,16
fixed_25_full_capacity,0,60294,60593,4800,14400,961504,2884512,16.0,48.0,16,16
fixed_25_full_capacity,0,60594,60893,4800,14400,966304,2898912,16.0,48.0,16,16
fixed_25_full_capacity,0,60894,61155,4192,12576,970496,2911488,16.0,48.0,16,16
fixed_25_full_capacity,0,61156,61237,1312,3936,971808,2915424,16.0,48.0,16,16
fixed_25_full_capacity,0,61238,61321,1344,4032,973152,2919456,16.0,48.0,16,16
fixed_25_full_capacity,0,61322,61621,4800,14400,977952,2933856,16.0,48.0,16,16
fixed_25_full_capacity,0,61622,61921,4800,14400,982752,2948256,16.0,48.0,16,16
fixed_25_full_capacity,0,61922,62221,4800,14400,987552,2962656,16.0,48.0,16,16
fixed_25_full_capacity,0,62222,62359,2208,6624,989760,2969280,16.0,48.0,16,16
fixed_25_full_capacity,0,62360,62546,2992,8976,992752,2978256,16.0,48.0,16,16
fixed_25_full_capacity,0,62547,62622,1216,3648,993968,2981904,16.0,48.0,16,16
fixed_25_full_capacity,0,62623,62779,2512,7536,996480,2989440,16.0,48.0,16,16
fixed_25_full_capacity,0,62780,63079,4800,14400,1001280,3003840,16.0,48.0,16,16
fixed_25_full_capacity,0,63080,63327,3968,11904,1005248,3015744,16.0,48.0,16,16
fixed_25_full_capacity,0,63328,63627,4800,14400,1010048,3030144,16.0,48.0,16,16
fixed_25_full_capacity,0,63628,63927,4800,14400,1014848,3044544,16.0,48.0,16,16
fixed_25_full_capacity,0,63928,64087,2560,7680,1017408,3052224,16.0,48.0,16,16
fixed_25_full_capacity,0,64088,64196,1744,5232,1019152,3057456,16.0,48.0,16,16
fixed_25_full_capacity,0,64197,64264,1088,3264,1020240,3060720,16.0,48.0,16,16
fixed_25_full_capacity,0,64265,64564,4800,14400,1025040,3075120,16.0,48.0,16,16
fixed_25_full_capacity,0,64565,64864,4800,14400,1029840,3089520,16.0,48.0,16,16
fixed_25_full_capacity,0,64865,65023,2544,7632,1032384,3097152,16.0,48.0,16,16
fixed_25_full_capacity,0,65024,65098,1200,3600,1033584,3100752,16.0,48.0,16,16
fixed_25_full_capacity,0,65099,65132,544,1632,1034128,3102384,16.0,48.0,16,16
fixed_25_full_capacity,0,65133,65152,320,960,1034448,3103344,16.0,48.0,16,16
fixed_25_full_capacity,0,65153,65284,2112,6336,1036560,3109680,16.0,48.0,16,16
fixed_25_full_capacity,0,65285,65584,4800,14400,1041360,3124080,16.0,48.0,16,16
fixed_25_full_capacity,0,65585,65716,2112,6336,1043472,3130416,16.0,48.0,16,16
fixed_25_full_capacity,0,65717,65838,1952,5856,1045424,3136272,16.0,48.0,16,16
fixed_25_full_capacity,0,65839,66075,3792,11376,1049216,3147648,16.0,48.0,16,16
fixed_25_full_capacity,0,66076,66123,768,2304,1049984,3149952,16.0,48.0,16,16
fixed_25_full_capacity,0,66124,66423,4800,14400,1054784,3164352,16.0,48.0,16,16
fixed_25_full_capacity,0,66424,66469,736,2208,1055520,3166560,16.0,48.0,16,16
fixed_25_full_capacity,0,66470,66751,4512,13536,1060032,3180096,16.0,48.0,16,16
fixed_25_full_capacity,0,66752,67051,4800,14400,1064832,3194496,16.0,48.0,16,16
fixed_25_full_capacity,0,67052,67351,4800,14400,1069632,3208896,16.0,48.0,16,16
fixed_25_full_capacity,0,67352,67367,256,768,1069888,3209664,16.0,48.0,16,16
fixed_25_full_capacity,0,67368,67667,4800,14400,1074688,3224064,16.0,48.0,16,16
fixed_25_full_capacity,0,67668,67967,4800,14400,1079488,3238464,16.0,48.0,16,16
fixed_25_full_capacity,0,67968,68096,2064,6192,1081552,3244656,16.0,48.0,16,16
fixed_25_full_capacity,0,68097,68204,1728,5184,1083280,3249840,16.0,48.0,16,16
fixed_25_full_capacity,0,68205,68253,784,2352,1084064,3252192,16.0,48.0,16,16
fixed_25_full_capacity,0,68254,68355,1632,4896,1085696,3257088,16.0,48.0,16,16
fixed_25_full_capacity,0,68356,68448,1488,4464,1087184,3261552,16.0,48.0,16,16
fixed_25_full_capacity,0,68449,68562,1824,5472,1089008,3267024,16.0,48.0,16,16
fixed_25_full_capacity,0,68563,68862,4800,14400,1093808,3281424,16.0,48.0,16,16
fixed_25_full_capacity,0,68863,69101,3824,11472,1097632,3292896,16.0,48.0,16,16
fixed_25_full_capacity,0,69102,69159,928,2784,1098560,3295680,16.0,48.0,16,16
fixed_25_full_capacity,0,69160,69324,2640,7920,1101200,3303600,16.0,48.0,16,16
fixed_25_full_capacity,0,69325,69336,192,576,1101392,3304176,16.0,48.0,16,16
fixed_25_full_capacity,0,69337,69636,4800,14400,1106192,3318576,16.0,48.0,16,16
fixed_25_full_capacity,0,69637,69774,2208,6624,1108400,3325200,16.0,48.0,16,16
fixed_25_full_capacity,0,69775,69872,1568,4704,1109968,3329904,16.0,48.0,16,16
fixed_25_full_capacity,0,69873,70050,2848,8544,1112816,3338448,16.0,48.0,16,16
fixed_25_full_capacity,0,70051,70350,4800,14400,1117616,3352848,16.0,48.0,16,16
fixed_25_full_capacity,0,70351,70650,4800,14400,1122416,3367248,16.0,48.0,16,16
fixed_25_full_capacity,0,70651,70689,624,1872,1123040,3369120,16.0,48.0,16,16
fixed_25_full_capacity,0,70690,70706,272,816,1123312,3369936,16.0,48.0,16,16
fixed_25_full_capacity,0,70707,70779,1168,3504,1124480,3373440,16.0,48.0,16,16
fixed_25_full_capacity,0,70780,70823,704,2112,1125184,3375552,16.0,48.0,16,16
fixed_25_full_capacity,0,70824,70975,2432,7296,1127616,3382848,16.0,48.0,16,16
fixed_25_full_capacity,0,70976,71270,4720,14160,1132336,3397008,16.0,48.0,16,16
fixed_25_full_capacity,0,71271,71374,1664,4992,1134000,3402000,16.0,48.0,16,16
fixed_25_full_capacity,0,71375,71444,1120,3360,1135120,3405360,16.0,48.0,16,16
fixed_25_full_capacity,0,71445,71627,2928,8784,1138048,3414144,16.0,48.0,16,16
fixed_25_full_capacity,0,71628,71691,1024,3072,1139072,3417216,16.0,48.0,16,16
fixed_25_full_capacity,0,71692,71715,384,1152,1139456,3418368,16.0,48.0,16,16
fixed_25_full_capacity,0,71716,71869,2464,7392,1141920,3425760,16.0,48.0,16,16
fixed_25_full_capacity,0,71870,71979,1760,5280,1143680,3431040,16.0,48.0,16,16
fixed_25_full_capacity,0,71980,72016,592,1776,1144272,3432816,16.0,48.0,16,16
fixed_25_full_capacity,0,72017,72070,864,2592,1145136,3435408,16.0,48.0,16,16
fixed_25_full_capacity,0,72071,72255,2960,8880,1148096,3444288,16.0,48.0,16,16
fixed_25_full_capacity,0,72256,72286,496,1488,1148592,3445776,16.0,48.0,16,16
fixed_25_full_capacity,0,72287,72586,4800,14400,1153392,3460176,16.0,48.0,16,16
fixed_25_full_capacity,0,72587,72619,528,1584,1153920,3461760,16.0,48.0,16,16
fixed_25_full_capacity,0,72620,72654,560,1680,1154480,3463440,16.0,48.0,16,16
fixed_25_full_capacity,0,72655,72802,2368,7104,1156848,3470544,16.0,48.0,16,16
fixed_25_full_capacity,0,72803,72897,1520,4560,1158368,3475104,16.0,48.0,16,16
fixed_25_full_capacity,0,72898,72954,912,2736,1159280,3477840,16.0,48.0,16,16
fixed_25_full_capacity,0,72955,72983,464,1392,1159744,3479232,16.0,48.0,16,16
fixed_25_full_capacity,0,72984,73009,416,1248,1160160,3480480,16.0,48.0,16,16
fixed_25_full_capacity,0,73010,73053,704,2112,1160864,3482592,16.0,48.0,16,16
fixed_25_full_capacity,0,73054,73100,752,2256,1161616,3484848,16.0,48.0,16,16
fixed_25_full_capacity,0,73101,73154,864,2592,1162480,3487440,16.0,48.0,16,16
fixed_25_full_capacity,0,73155,73220,1056,3168,1163536,3490608,16.0,48.0,16,16
fixed_25_full_capacity,0,73221,73399,2864,8592,1166400,3499200,16.0,48.0,16,16
fixed_25_full_capacity,0,73400,73466,1072,3216,1167472,3502416,16.0,48.0,16,16
fixed_25_full_capacity,0,73467,73731,4240,12720,1171712,3515136,16.0,48.0,16,16
fixed_25_full_capacity,0,73732,73833,1632,4896,1173344,3520032,16.0,48.0,16,16
fixed_25_full_capacity,0,73834,73871,608,1824,1173952,3521856,16.0,48.0,16,16
fixed_25_full_capacity,0,73872,74032,2576,7728,1176528,3529584,16.0,48.0,16,16
fixed_25_full_capacity,0,74033,74128,1536,4608,1178064,3534192,16.0,48.0,16,16
fixed_25_full_capacity,0,74129,74162,544,1632,1178608,3535824,16.0,48.0,16,16
fixed_25_full_capacity,0,74163,74350,3008,9024,1181616,3544848,16.0,48.0,16,16
fixed_25_full_capacity,0,74351,74650,4800,14400,1186416,3559248,16.0,48.0,16,16
fixed_25_full_capacity,0,74651,74740,1440,4320,1187856,3563568,16.0,48.0,16,16
fixed_25_full_capacity,0,74741,74889,2384,7152,1190240,3570720,16.0,48.0,16,16
fixed_25_full_capacity,0,74890,75189,4800,14400,1195040,3585120,16.0,48.0,16,16
fixed_25_full_capacity,0,75190,75270,1296,3888,1196336,3589008,16.0,48.0,16,16
fixed_25_full_capacity,0,75271,75324,864,2592,1197200,3591600,16.0,48.0,16,16
fixed_25_full_capacity,0,75325,75624,4800,14400,1202000,3606000,16.0,48.0,16,16
fixed_25_full_capacity,0,75625,75705,1296,3888,1203296,3609888,16.0,48.0,16,16
fixed_25_full_capacity,0,75706,75746,656,1968,1203952,3611856,16.0,48.0,16,16
fixed_25_full_capacity,0,75747,75787,656,1968,1204608,3613824,16.0,48.0,16,16
fixed_25_full_capacity,0,75788,76043,4096,12288,1208704,3626112,16.0,48.0,16,16
fixed_25_full_capacity,0,76044,76343,4800,14400,1213504,3640512,16.0,48.0,16,16
fixed_25_full_capacity,0,76344,76643,4800,14400,1218304,3654912,16.0,48.0,16,16
fixed_25_full_capacity,0,76644,76794,2416,7248,1220720,3662160,16.0,48.0,16,16
fixed_25_full_capacity,0,76795,76832,608,1824,1221328,3663984,16.0,48.0,16,16
fixed_25_full_capacity,0,76833,76871,624,1872,1221952,3665856,16.0,48.0,16,16
fixed_25_full_capacity,0,76872,77104,3728,11184,1225680,3677040,16.0,48.0,16,16
fixed_25_full_capacity,0,77105,77133,464,1392,1226144,3678432,16.0,48.0,16,16
fixed_25_full_capacity,0,77134,77139,96,288,1226240,3678720,16.0,48.0,16,16
fixed_25_full_capacity,0,77140,77414,4400,13200,1230640,3691920,16.0,48.0,16,16
fixed_25_full_capacity,0,77415,77430,256,768,1230896,3692688,16.0,48.0,16,16
fixed_25_full_capacity,0,77431,77487,912,2736,1231808,3695424,16.0,48.0,16,16
fixed_25_full_capacity,0,77488,77708,3536,10608,1235344,3706032,16.0,48.0,16,16
fixed_25_full_capacity,0,77709,77903,3120,9360,1238464,3715392,16.0,48.0,16,16
fixed_25_full_capacity,0,77904,77972,1104,3312,1239568,3718704,16.0,48.0,16,16
fixed_25_full_capacity,0,77973,77997,400,1200,1239968,3719904,16.0,48.0,16,16
fixed_25_full_capacity,0,77998,78199,3232,9696,1243200,3729600,16.0,48.0,16,16
fixed_25_full_capacity,0,78200,78241,672,2016,1243872,3731616,16.0,48.0,16,16
fixed_25_full_capacity,0,78242,78274,528,1584,1244400,3733200,16.0,48.0,16,16
fixed_25_full_capacity,0,78275,78359,1360,4080,1245760,3737280,16.0,48.0,16,16
fixed_25_full_capacity,0,78360,78416,912,2736,1246672,3740016,16.0,48.0,16,16
fixed_25_full_capacity,0,78417,78703,4592,13776,1251264,3753792,16.0,48.0,16,16
fixed_25_full_capacity,0,78704,78755,832,2496,1252096,3756288,16.0,48.0,16,16
fixed_25_full_capacity,0,78756,79055,4800,14400,1256896,3770688,16.0,48.0,16,16
fixed_25_full_capacity,0,79056,79105,800,2400,1257696,3773088,16.0,48.0,16,16
fixed_25_full_capacity,0,79106,79405,4800,14400,1262496,3787488,16.0,48.0,16,16
fixed_25_full_capacity,0,79406,79705,4800,14400,1267296,3801888,16.0,48.0,16,16
fixed_25_full_capacity,0,79706,79733,448,1344,1267744,3803232,16.0,48.0,16,16
fixed_25_full_capacity,0,79734,80033,4800,14400,1272544,3817632,16.0,48.0,16,16
fixed_25_full_capacity,0,80034,80056,368,1104,1272912,3818736,16.0,48.0,16,16
fixed_25_full_capacity,0,80057,80097,656,1968,1273568,3820704,16.0,48.0,16,16
fixed_25_full_capacity,0,80098,80212,1840,5520,1275408,3826224,16.0,48.0,16,16
fixed_25_full_capacity,0,80213,80229,272,816,1275680,3827040,16.0,48.0,16,16
fixed_25_full_capacity,0,80230,80254,400,1200,1276080,3828240,16.0,48.0,16,16
fixed_25_full_capacity,0,80255,80326,1152,3456,1277232,3831696,16.0,48.0,16,16
fixed_25_full_capacity,0,80327,80626,4800,14400,1282032,3846096,16.0,48.0,16,16
fixed_25_full_capacity,0,80627,80926,4800,14400,1286832,3860496,16.0,48.0,16,16
fixed_25_full_capacity,0,80927,81226,4800,14400,1291632,3874896,16.0,48.0,16,16
fixed_25_full_capacity,0,81227,81298,1152,3456,1292784,3878352,16.0,48.0,16,16
fixed_25_full_capacity,0,81299,81394,1536,4608,1294320,3882960,16.0,48.0,16,16
fixed_25_full_capacity,0,81395,81424,480,1440,1294800,3884400,16.0,48.0,16,16
fixed_25_full_capacity,0,81425,81724,4800,14400,1299600,3898800,16.0,48.0,16,16
fixed_25_full_capacity,0,81725,81810,1376,4128,1300976,3902928,16.0,48.0,16,16
fixed_25_full_capacity,0,81811,82053,3888,11664,1304864,3914592,16.0,48.0,16,16
fixed_25_full_capacity,0,82054,82353,4800,14400,1309664,3928992,16.0,48.0,16,16
fixed_25_full_capacity,0,82354,82381,448,1344,1310112,3930336,16.0,48.0,16,16
fixed_25_full_capacity,0,82382,82586,3280,9840,1313392,3940176,16.0,48.0,16,16
fixed_25_full_capacity,0,82587,82715,2064,6192,1315456,3946368,16.0,48.0,16,16
fixed_25_full_capacity,0,82716,82999,4544,13632,1320000,3960000,16.0,48.0,16,16
fixed_25_full_capacity,0,83000,83174,2800,8400,1322800,3968400,16.0,48.0,16,16
fixed_25_full_capacity,0,83175,83407,3728,11184,1326528,3979584,16.0,48.0,16,16
fixed_25_full_capacity,0,83408,83584,2832,8496,1329360,3988080,16.0,48.0,16,16
fixed_25_full_capacity,0,83585,83884,4800,14400,1334160,4002480,16.0,48.0,16,16
fixed_25_full_capacity,0,83885,84184,4800,14400,1338960,4016880,16.0,48.0,16,16
fixed_25_full_capacity,0,84185,84484,4800,14400,1343760,4031280,16.0,48.0,16,16
fixed_25_full_capacity,0,84485,84561,1232,3696,1344992,4034976,16.0,48.0,16,16
fixed_25_full_capacity,0,84562,84666,1680,5040,1346672,4040016,16.0,48.0,16,16
fixed_25_full_capacity,0,84667,84879,3408,10224,1350080,4050240,16.0,48.0,16,16
fixed_25_full_capacity,0,84880,84908,464,1392,1350544,4051632,16.0,48.0,16,16
fixed_25_full_capacity,0,84909,85016,1728,5184,1352272,4056816,16.0,48.0,16,16
fixed_25_full_capacity,0,85017,85042,416,1248,1352688,4058064,16.0,48.0,16,16
fixed_25_full_capacity,0,85043,85151,1744,5232,1354432,4063296,16.0,48.0,16,16
fixed_25_full_capacity,0,85152,85214,1008,3024,1355440,4066320,16.0,48.0,16,16
fixed_25_full_capacity,0,85215,85242,448,1344,1355888,4067664,16.0,48.0,16,16
fixed_25_full_capacity,0,85243,85415,2768,8304,1358656,4075968,16.0,48.0,16,16
fixed_25_full_capacity,0,85416,85566,2416,7248,1361072,4083216,16.0,48.0,16,16
fixed_25_full_capacity,0,85567,85598,512,1536,1361584,4084752,16.0,48.0,16,16
fixed_25_full_capacity,0,85599,85898,4800,14400,1366384,4099152,16.0,48.0,16,16
fixed_25_full_capacity,0,85899,86000,1632,4896,1368016,4104048,16.0,48.0,16,16
fixed_25_full_capacity,0,86001,86300,4800,14400,1372816,4118448,16.0,48.0,16,16
fixed_25_full_capacity,0,86301,86600,4800,14400,1377616,4132848,16.0,48.0,16,16
fixed_25_full_capacity,0,86601,86635,560,1680,1378176,4134528,16.0,48.0,16,16
fixed_25_full_capacity,0,86636,86935,4800,14400,1382976,4148928,16.0,48.0,16,16
fixed_25_full_capacity,0,86936,87235,4800,14400,1387776,4163328,16.0,48.0,16,16
fixed_25_full_capacity,0,87236,87278,688,2064,1388464,4165392,16.0,48.0,16,16
fixed_25_full_capacity,0,87279,87578,4800,14400,1393264,4179792,16.0,48.0,16,16
fixed_25_full_capacity,0,87579,87609,496,1488,1393760,4181280,16.0,48.0,16,16
fixed_25_full_capacity,0,87610,87909,4800,14400,1398560,4195680,16.0,48.0,16,16
fixed_25_full_capacity,0,87910,87934,400,1200,1398960,4196880,16.0,48.0,16,16
fixed_25_full_capacity,0,87935,87941,112,336,1399072,4197216,16.0,48.0,16,16
fixed_25_full_capacity,0,87942,87986,720,2160,1399792,4199376,16.0,48.0,16,16
fixed_25_full_capacity,0,87987,88032,736,2208,1400528,4201584,16.0,48.0,16,16
fixed_25_full_capacity,0,88033,88052,320,960,1400848,4202544,16.0,48.0,16,16
fixed_25_full_capacity,0,88053,88071,304,912,1401152,4203456,16.0,48.0,16,16
fixed_25_full_capacity,0,88072,88332,4176,12528,1405328,4215984,16.0,48.0,16,16
fixed_25_full_capacity,0,88333,88351,304,912,1405632,4216896,16.0,48.0,16,16
fixed_25_full_capacity,0,88352,88366,240,720,1405872,4217616,16.0,48.0,16,16
fixed_25_full_capacity,0,88367,88408,672,2016,1406544,4219632,16.0,48.0,16,16
fixed_25_full_capacity,0,88409,88609,3216,9648,1409760,4229280,16.0,48.0,16,16
fixed_25_full_capacity,0,88610,88656,752,2256,1410512,4231536,16.0,48.0,16,16
fixed_25_full_capacity,0,88657,88727,1136,3408,1411648,4234944,16.0,48.0,16,16
fixed_25_full_capacity,0,88728,88829,1632,4896,1413280,4239840,16.0,48.0,16,16
fixed_25_full_capacity,0,88830,88869,640,1920,1413920,4241760,16.0,48.0,16,16
fixed_25_full_capacity,0,88870,88968,1584,4752,1415504,4246512,16.0,48.0,16,16
fixed_25_full_capacity,0,88969,89238,4320,12960,1419824,4259472,16.0,48.0,16,16
fixed_25_full_capacity,0,89239,89364,2016,6048,1421840,4265520,16.0,48.0,16,16
fixed_25_full_capacity,0,89365,89617,4048,12144,1425888,4277664,16.0,48.0,16,16
fixed_25_full_capacity,0,89618,89661,704,2112,1426592,4279776,16.0,48.0,16,16
fixed_25_full_capacity,0,89662,89961,4800,14400,1431392,4294176,16.0,48.0,16,16
fixed_25_full_capacity,0,89962,89984,368,1104,1431760,4295280,16.0,48.0,16,16
fixed_25_full_capacity,0,89985,90284,4800,14400,1436560,4309680,16.0,48.0,16,16
fixed_25_full_capacity,0,90285,90584,4800,14400,1441360,4324080,16.0,48.0,16,16
fixed_25_full_capacity,0,90585,90600,256,768,1441616,4324848,16.0,48.0,16,16
fixed_25_full_capacity,0,90601,90632,512,1536,1442128,4326384,16.0,48.0,16,16
fixed_25_full_capacity,0,90633,90673,656,1968,1442784,4328352,16.0,48.0,16,16
fixed_25_full_capacity,0,90674,90755,1312,3936,1444096,4332288,16.0,48.0,16,16
fixed_25_full_capacity,0,90756,91055,4800,14400,1448896,4346688,16.0,48.0,16,16
fixed_25_full_capacity,0,91056,91280,3600,10800,1452496,4357488,16.0,48.0,16,16
fixed_25_full_capacity,0,91281,91404,1984,5952,1454480,4363440,16.0,48.0,16,16
fixed_25_full_capacity,0,91405,91639,3760,11280,1458240,4374720,16.0,48.0,16,16
fixed_25_full_capacity,0,91640,91686,752,2256,1458992,4376976,16.0,48.0,16,16
fixed_25_full_capacity,0,91687,91839,2448,7344,1461440,4384320,16.0,48.0,16,16
fixed_25_full_capacity,0,91840,91931,1472,4416,1462912,4388736,16.0,48.0,16,16
fixed_25_full_capacity,0,91932,91953,352,1056,1463264,4389792,16.0,48.0,16,16
fixed_25_full_capacity,0,91954,92150,3152,9456,1466416,4399248,16.0,48.0,16,16
fixed_25_full_capacity,0,92151,92212,992,2976,1467408,4402224,16.0,48.0,16,16
fixed_25_full_capacity,0,92213,92237,400,1200,1467808,4403424,16.0,48.0,16,16
fixed_25_full_capacity,0,92238,92324,1392,4176,1469200,4407600,16.0,48.0,16,16
fixed_25_full_capacity,0,92325,92365,656,1968,1469856,4409568,16.0,48.0,16,16
fixed_25_full_capacity,0,92366,92528,2608,7824,1472464,4417392,16.0,48.0,16,16
fixed_25_full_capacity,0,92529,92598,1120,3360,1473584,4420752,16.0,48.0,16,16
fixed_25_full_capacity,0,92599,92736,2208,6624,1475792,4427376,16.0,48.0,16,16
fixed_25_full_capacity,0,92737,92828,1472,4416,1477264,4431792,16.0,48.0,16,16
fixed_25_full_capacity,0,92829,92947,1904,5712,1479168,4437504,16.0,48.0,16,16
fixed_25_full_capacity,0,92948,92979,512,1536,1479680,4439040,16.0,48.0,16,16
fixed_25_full_capacity,0,92980,93021,672,2016,1480352,4441056,16.0,48.0,16,16
fixed_25_full_capacity,0,93022,93036,240,720,1480592,4441776,16.0,48.0,16,16
fixed_25_full_capacity,0,93037,93186,2400,7200,1482992,4448976,16.0,48.0,16,16
fixed_25_full_capacity,0,93187,93213,432,1296,1483424,4450272,16.0,48.0,16,16
fixed_25_full_capacity,0,93214,93438,3600,10800,1487024,4461072,16.0,48.0,16,16
fixed_25_full_capacity,0,93439,93462,384,1152,1487408,4462224,16.0,48.0,16,16
fixed_25_full_capacity,0,93463,93558,1536,4608,1488944,4466832,16.0,48.0,16,16
fixed_25_full_capacity,0,93559,93616,928,2784,1489872,4469616,16.0,48.0,16,16
fixed_25_full_capacity,0,93617,93736,1920,5760,1491792,4475376,16.0,48.0,16,16
fixed_25_full_capacity,0,93737,93919,2928,8784,1494720,4484160,16.0,48.0,16,16
fixed_25_full_capacity,0,93920,94097,2848,8544,1497568,4492704,16.0,48.0,16,16
fixed_25_full_capacity,0,94098,94240,2288,6864,1499856,4499568,16.0,48.0,16,16
fixed_25_full_capacity,0,94241,94301,976,2928,1500832,4502496,16.0,48.0,16,16
fixed_25_full_capacity,0,94302,94374,1168,3504,1502000,4506000,16.0,48.0,16,16
fixed_25_full_capacity,0,94375,94405,496,1488,1502496,4507488,16.0,48.0,16,16
fixed_25_full_capacity,0,94406,94510,1680,5040,1504176,4512528,16.0,48.0,16,16
fixed_25_full_capacity,0,94511,94810,4800,14400,1508976,4526928,16.0,48.0,16,16
fixed_25_full_capacity,0,94811,94849,624,1872,1509600,4528800,16.0,48.0,16,16
fixed_25_full_capacity,0,94850,94926,1232,3696,1510832,4532496,16.0,48.0,16,16
fixed_25_full_capacity,0,94927,94997,1136,3408,1511968,4535904,16.0,48.0,16,16
fixed_25_full_capacity,0,94998,95076,1264,3792,1513232,4539696,16.0,48.0,16,16
fixed_25_full_capacity,0,95077,95124,768,2304,1514000,4542000,16.0,48.0,16,16
fixed_25_full_capacity,0,95125,95143,304,912,1514304,4542912,16.0,48.0,16,16
fixed_25_full_capacity,0,95144,95295,2432,7296,1516736,4550208,16.0,48.0,16,16
fixed_25_full_capacity,0,95296,95426,2096,6288,1518832,4556496,16.0,48.0,16,16
fixed_25_full_capacity,0,95427,95459,528,1584,1519360,4558080,16.0,48.0,16,16
fixed_25_full_capacity,0,95460,95507,768,2304,1520128,4560384,16.0,48.0,16,16
fixed_25_full_capacity,0,95508,95529,352,1056,1520480,4561440,16.0,48.0,16,16
fixed_25_full_capacity,0,95530,95642,1808,5424,1522288,4566864,16.0,48.0,16,16
fixed_25_full_capacity,0,95643,95783,2256,6768,1524544,4573632,16.0,48.0,16,16
fixed_25_full_capacity,0,95784,95889,1696,5088,1526240,4578720,16.0,48.0,16,16
fixed_25_full_capacity,0,95890,96010,1936,5808,1528176,4584528,16.0,48.0,16,16
fixed_25_full_capacity,0,96011,96222,3392,10176,1531568,4594704,16.0,48.0,16,16
fixed_25_full_capacity,0,96223,96375,2448,7344,1534016,4602048,16.0,48.0,16,16
fixed_25_full_capacity,0,96376,96409,544,1632,1534560,4603680,16.0,48.0,16,16
fixed_25_full_capacity,0,96410,96548,2224,6672,1536784,4610352,16.0,48.0,16,16
fixed_25_full_capacity,0,96549,96628,1280,3840,1538064,4614192,16.0,48.0,16,16
fixed_25_full_capacity,0,96629,96764,2176,6528,1540240,4620720,16.0,48.0,16,16
fixed_25_full_capacity,0,96765,96867,1648,4944,1541888,4625664,16.0,48.0,16,16
fixed_25_full_capacity,0,96868,97032,2640,7920,1544528,4633584,16.0,48.0,16,16
fixed_25_full_capacity,0,97033,97167,2160,6480,1546688,4640064,16.0,48.0,16,16
fixed_25_full_capacity,0,97168,97290,1968,5904,1548656,4645968,16.0,48.0,16,16
fixed_25_full_capacity,0,97291,97507,3472,10416,1552128,4656384,16.0,48.0,16,16
fixed_25_full_capacity,0,97508,97568,976,2928,1553104,4659312,16.0,48.0,16,16
fixed_25_full_capacity,0,97569,97636,1088,3264,1554192,4662576,16.0,48.0,16,16
fixed_25_full_capacity,0,97637,97748,1792,5376,1555984,4667952,16.0,48.0,16,16
fixed_25_full_capacity,0,97749,97798,800,2400,1556784,4670352,16.0,48.0,16,16
fixed_25_full_capacity,0,97799,97822,384,1152,1557168,4671504,16.0,48.0,16,16
fixed_25_full_capacity,0,97823,97977,2480,7440,1559648,4678944,16.0,48.0,16,16
fixed_25_full_capacity,0,97978,98109,2112,6336,1561760,4685280,16.0,48.0,16,16
fixed_25_full_capacity,0,98110,98185,1216,3648,1562976,4688928,16.0,48.0,16,16
fixed_25_full_capacity,0,98186,98273,1408,4224,1564384,4693152,16.0,48.0,16,16
fixed_25_full_capacity,0,98274,98390,1872,5616,1566256,4698768,16.0,48.0,16,16
fixed_25_full_capacity,0,98391,98405,240,720,1566496,4699488,16.0,48.0,16,16
fixed_25_full_capacity,0,98406,98453,768,2304,1567264,4701792,16.0,48.0,16,16
fixed_25_full_capacity,0,98454,98472,304,912,1567568,4702704,16.0,48.0,16,16
fixed_25_full_capacity,0,98473,98596,1984,5952,1569552,4708656,16.0,48.0,16,16
fixed_25_full_capacity,0,98597,98639,688,2064,1570240,4710720,16.0,48.0,16,16
fixed_25_full_capacity,0,98640,98775,2176,6528,1572416,4717248,16.0,48.0,16,16
fixed_25_full_capacity,0,98776,98846,1136,3408,1573552,4720656,16.0,48.0,16,16
fixed_25_full_capacity,0,98847,98949,1648,4944,1575200,4725600,16.0,48.0,16,16
fixed_25_full_capacity,0,98950,98992,688,2064,1575888,4727664,16.0,48.0,16,16
fixed_25_full_capacity,0,98993,99082,1440,4320,1577328,4731984,16.0,48.0,16,16
fixed_25_full_capacity,0,99083,99190,1728,5184,1579056,4737168,16.0,48.0,16,16
fixed_25_full_capacity,0,99191,99234,704,2112,1579760,4739280,16.0,48.0,16,16
fixed_25_full_capacity,0,99235,99384,2400,7200,1582160,4746480,16.0,48.0,16,16
fixed_25_full_capacity,0,99385,99501,1872,5616,1584032,4752096,16.0,48.0,16,16
fixed_25_full_capacity,0,99502,99615,1824,5472,1585856,4757568,16.0,48.0,16,16
fixed_25_full_capacity,0,99616,99756,2256,6768,1588112,4764336,16.0,48.0,16,16
fixed_25_full_capacity,0,99757,99806,800,2400,1588912,4766736,16.0,48.0,16,16
fixed_25_full_capacity,0,99807,99862,896,2688,1589808,4769424,16.0,48.0,16,16
fixed_25_full_capacity,0,99863,99968,1696,5088,1591504,4774512,16.0,48.0,16,16
fixed_25_full_capacity,0,99969,100028,960,2880,1592464,4777392,16.0,48.0,16,16
fixed_25_full_capacity,0,100029,100134,1696,5088,1594160,4782480,16.0,48.0,16,16
fixed_25_full_capacity,0,100135,100168,544,1632,1594704,4784112,16.0,48.0,16,16
fixed_25_full_capacity,0,100169,100284,1856,5568,1596560,4789680,16.0,48.0,16,16
fixed_25_full_capacity,0,100285,100437,2448,7344,1599008,4797024,16.0,48.0,16,16
fixed_25_full_capacity,0,100438,100553,1856,5568,1600864,4802592,16.0,48.0,16,16
fixed_25_full_capacity,0,100554,100593,640,1920,1601504,4804512,16.0,48.0,16,16
fixed_25_full_capacity,0,100594,100702,1744,5232,1603248,4809744,16.0,48.0,16,16
fixed_25_full_capacity,0,100703,100795,1488,4464,1604736,4814208,16.0,48.0,16,16
fixed_25_full_capacity,0,100796,100866,1136,3408,1605872,4817616,16.0,48.0,16,16
fixed_25_full_capacity,0,100867,100940,1184,3552,1607056,4821168,16.0,48.0,16,16
fixed_25_full_capacity,0,100941,101108,2688,8064,1609744,4829232,16.0,48.0,16,16
fixed_25_full_capacity,0,101109,101282,2784,8352,1612528,4837584,16.0,48.0,16,16
fixed_25_full_capacity,0,101283,101397,1840,5520,1614368,4843104,16.0,48.0,16,16
fixed_25_full_capacity,0,101398,101463,1056,3168,1615424,4846272,16.0,48.0,16,16
fixed_25_full_capacity,0,101464,101576,1808,5424,1617232,4851696,16.0,48.0,16,16
fixed_25_full_capacity,0,101577,101657,1296,3888,1618528,4855584,16.0,48.0,16,16
fixed_25_full_capacity,0,101658,101695,608,1824,1619136,4857408,16.0,48.0,16,16
fixed_25_full_capacity,0,101696,101899,3264,9792,1622400,4867200,16.0,48.0,16,16
fixed_25_full_capacity,0,101900,102042,2288,6864,1624688,4874064,16.0,48.0,16,16
fixed_25_full_capacity,0,102043,102157,1840,5520,1626528,4879584,16.0,48.0,16,16
fixed_25_full_capacity,0,102158,102263,1696,5088,1628224,4884672,16.0,48.0,16,16
fixed_25_full_capacity,0,102264,102274,176,528,1628400,4885200,16.0,48.0,16,16
fixed_25_full_capacity,0,102275,102386,1792,5376,1630192,4890576,16.0,48.0,16,16
fixed_25_full_capacity,0,102387,102414,448,1344,1630640,4891920,16.0,48.0,16,16
fixed_25_full_capacity,0,102415,102478,1024,3072,1631664,4894992,16.0,48.0,16,16
fixed_25_full_capacity,0,102479,102589,1776,5328,1633440,4900320,16.0,48.0,16,16
fixed_25_full_capacity,0,102590,102722,2128,6384,1635568,4906704,16.0,48.0,16,16
fixed_25_full_capacity,0,102723,102834,1792,5376,1637360,4912080,16.0,48.0,16,16
fixed_25_full_capacity,0,102835,102931,1552,4656,1638912,4916736,16.0,48.0,16,16
fixed_25_full_capacity,0,102932,102985,864,2592,1639776,4919328,16.0,48.0,16,16
fixed_25_full_capacity,0,102986,103006,336,1008,1640112,4920336,16.0,48.0,16,16
fixed_25_full_capacity,0,103007,103115,1744,5232,1641856,4925568,16.0,48.0,16,16
fixed_25_full_capacity,0,103116,103272,2512,7536,1644368,4933104,16.0,48.0,16,16
fixed_25_full_capacity,0,103273,103395,1968,5904,1646336,4939008,16.0,48.0,16,16
fixed_25_full_capacity,0,103396,103519,1984,5952,1648320,4944960,16.0,48.0,16,16
fixed_25_full_capacity,0,103520,103706,2992,8976,1651312,4953936,16.0,48.0,16,16
fixed_25_full_capacity,0,103707,103827,1936,5808,1653248,4959744,16.0,48.0,16,16
fixed_25_full_capacity,0,103828,103929,1632,4896,1654880,4964640,16.0,48.0,16,16
fixed_25_full_capacity,0,103930,104039,1760,5280,1656640,4969920,16.0,48.0,16,16
fixed_25_full_capacity,0,104040,104178,2224,6672,1658864,4976592,16.0,48.0,16,16
fixed_25_full_capacity,0,104179,104287,1744,5232,1660608,4981824,16.0,48.0,16,16
fixed_25_full_capacity,0,104288,104414,2032,6096,1662640,4987920,16.0,48.0,16,16
fixed_25_full_capacity,0,104415,104529,1840,5520,1664480,4993440,16.0,48.0,16,16
fixed_25_full_capacity,0,104530,104630,1616,4848,1666096,4998288,16.0,48.0,16,16
fixed_25_full_capacity,0,104631,104747,1872,5616,1667968,5003904,16.0,48.0,16,16
fixed_25_full_capacity,0,104748,104865,1888,5664,1669856,5009568,16.0,48.0,16,16
fixed_25_full_capacity,0,104866,104986,1936,5808,1671792,5015376,16.0,48.0,16,16
fixed_25_full_capacity,0,104987,105129,2288,6864,1674080,5022240,16.0,48.0,16,16
fixed_25_full_capacity,0,105130,105186,912,2736,1674992,5024976,16.0,48.0,16,16
fixed_25_full_capacity,0,105187,105288,1632,4896,1676624,5029872,16.0,48.0,16,16
fixed_25_full_capacity,0,105289,105389,1616,4848,1678240,5034720,16.0,48.0,16,16
fixed_25_full_capacity,0,105390,105471,1312,3936,1679552,5038656,16.0,48.0,16,16
fixed_25_full_capacity,0,105472,105564,1488,4464,1681040,5043120,16.0,48.0,16,16
fixed_25_full_capacity,0,105565,105616,832,2496,1681872,5045616,16.0,48.0,16,16
fixed_25_full_capacity,0,105617,105629,208,624,1682080,5046240,16.0,48.0,16,16
fixed_25_full_capacity,0,105630,105745,1856,5568,1683936,5051808,16.0,48.0,16,16
fixed_25_full_capacity,0,105746,105851,1696,5088,1685632,5056896,16.0,48.0,16,16
fixed_25_full_capacity,0,105852,105962,1776,5328,1687408,5062224,16.0,48.0,16,16
fixed_25_full_capacity,0,105963,106262,4800,14400,1692208,5076624,16.0,48.0,16,16
fixed_25_full_capacity,0,106263,106298,576,1728,1692784,5078352,16.0,48.0,16,16
fixed_25_full_capacity,0,106299,106391,1488,4464,1694272,5082816,16.0,48.0,16,16
fixed_25_full_capacity,0,106392,106477,1376,4128,1695648,5086944,16.0,48.0,16,16
fixed_25_full_capacity,0,106478,106493,256,768,1695904,5087712,16.0,48.0,16,16
fixed_25_full_capacity,0,106494,106520,432,1296,1696336,5089008,16.0,48.0,16,16
fixed_25_full_capacity,0,106521,106603,1328,3984,1697664,5092992,16.0,48.0,16,16
fixed_25_full_capacity,0,106604,106612,144,432,1697808,5093424,16.0,48.0,16,16
fixed_25_full_capacity,0,106613,106665,848,2544,1698656,5095968,16.0,48.0,16,16
fixed_25_full_capacity,0,106666,106712,752,2256,1699408,5098224,16.0,48.0,16,16
fixed_25_full_capacity,0,106713,106827,1840,5520,1701248,5103744,16.0,48.0,16,16
fixed_25_full_capacity,0,106828,106920,1488,4464,1702736,5108208,16.0,48.0,16,16
fixed_25_full_capacity,0,106921,106949,464,1392,1703200,5109600,16.0,48.0,16,16
fixed_25_full_capacity,0,106950,107040,1456,4368,1704656,5113968,16.0,48.0,16,16
fixed_25_full_capacity,0,107041,107081,656,1968,1705312,5115936,16.0,48.0,16,16
fixed_25_full_capacity,0,107082,107381,4800,14400,1710112,5130336,16.0,48.0,16,16
fixed_25_full_capacity,0,107382,107478,1552,4656,1711664,5134992,16.0,48.0,16,16
fixed_25_full_capacity,0,107479,107574,1536,4608,1713200,5139600,16.0,48.0,16,16
fixed_25_full_capacity,0,107575,107690,1856,5568,1715056,5145168,16.0,48.0,16,16
fixed_25_full_capacity,0,107691,107708,288,864,1715344,5146032,16.0,48.0,16,16
fixed_25_full_capacity,0,107709,107750,672,2016,1716016,5148048,16.0,48.0,16,16
fixed_25_full_capacity,0,107751,107825,1200,3600,1717216,5151648,16.0,48.0,16,16
fixed_25_full_capacity,0,107826,107863,608,1824,1717824,5153472,16.0,48.0,16,16
fixed_25_full_capacity,0,107864,107977,1824,5472,1719648,5158944,16.0,48.0,16,16
fixed_25_full_capacity,0,107978,108092,1840,5520,1721488,5164464,16.0,48.0,16,16
fixed_25_full_capacity,0,108093,108192,1600,4800,1723088,5169264,16.0,48.0,16,16
fixed_25_full_capacity,0,108193,108224,512,1536,1723600,5170800,16.0,48.0,16,16
fixed_25_full_capacity,0,108225,108328,1664,4992,1725264,5175792,16.0,48.0,16,16
fixed_25_full_capacity,0,108329,108354,416,1248,1725680,5177040,16.0,48.0,16,16
fixed_25_full_capacity,0,108355,108479,2000,6000,1727680,5183040,16.0,48.0,16,16
fixed_25_full_capacity,0,108480,108572,1488,4464,1729168,5187504,16.0,48.0,16,16
fixed_25_full_capacity,0,108573,108698,2016,6048,1731184,5193552,16.0,48.0,16,16
fixed_25_full_capacity,0,108699,108720,352,1056,1731536,5194608,16.0,48.0,16,16
fixed_25_full_capacity,0,108721,108849,2064,6192,1733600,5200800,16.0,48.0,16,16
fixed_25_full_capacity,0,108850,108966,1872,5616,1735472,5206416,16.0,48.0,16,16
fixed_25_full_capacity,0,108967,109060,1504,4512,1736976,5210928,16.0,48.0,16,16
fixed_25_full_capacity,0,109061,109082,352,1056,1737328,5211984,16.0,48.0,16,16
fixed_25_full_capacity,0,109083,109095,208,624,1737536,5212608,16.0,48.0,16,16
fixed_25_full_capacity,0,109096,109189,1504,4512,1739040,5217120,16.0,48.0,16,16
fixed_25_full_capacity,0,109190,109324,2160,6480,1741200,5223600,16.0,48.0,16,16
fixed_25_full_capacity,0,109325,109434,1760,5280,1742960,5228880,16.0,48.0,16,16
fixed_25_full_capacity,0,109435,109477,688,2064,1743648,5230944,16.0,48.0,16,16
fixed_25_full_capacity,0,109478,109546,1104,3312,1744752,5234256,16.0,48.0,16,16
fixed_25_full_capacity,0,109547,109642,1536,4608,1746288,5238864,16.0,48.0,16,16
fixed_25_full_capacity,0,109643,109682,640,1920,1746928,5240784,16.0,48.0,16,16
fixed_25_full_capacity,0,109683,109796,1824,5472,1748752,5246256,16.0,48.0,16,16
fixed_25_full_capacity,0,109797,109894,1568,4704,1750320,5250960,16.0,48.0,16,16
fixed_25_full_capacity,0,109895,109984,1440,4320,1751760,5255280,16.0,48.0,16,16
fixed_25_full_capacity,0,109985,110012,448,1344,1752208,5256624,16.0,48.0,16,16
fixed_25_full_capacity,0,110013,110106,1504,4512,1753712,5261136,16.0,48.0,16,16
fixed_25_full_capacity,0,110107,110205,1584,4752,1755296,5265888,16.0,48.0,16,16
fixed_25_full_capacity,0,110206,110306,1616,4848,1756912,5270736,16.0,48.0,16,16
fixed_25_full_capacity,0,110307,110395,1424,4272,1758336,5275008,16.0,48.0,16,16
fixed_25_full_capacity,0,110396,110482,1392,4176,1759728,5279184,16.0,48.0,16,16
fixed_25_full_capacity,0,110483,110532,800,2400,1760528,5281584,16.0,48.0,16,16
fixed_25_full_capacity,0,110533,110546,224,672,1760752,5282256,16.0,48.0,16,16
fixed_25_full_capacity,0,110547,110636,1440,4320,1762192,5286576,16.0,48.0,16,16
fixed_25_full_capacity,0,110637,110665,464,1392,1762656,5287968,16.0,48.0,16,16
fixed_25_full_capacity,0,110666,110726,976,2928,1763632,5290896,16.0,48.0,16,16
fixed_25_full_capacity,0,110727,110766,640,1920,1764272,5292816,16.0,48.0,16,16
fixed_25_full_capacity,0,110767,110848,1312,3936,1765584,5296752,16.0,48.0,16,16
fixed_25_full_capacity,0,110849,110862,224,672,1765808,5297424,16.0,48.0,16,16
fixed_25_full_capacity,0,110863,110956,1504,4512,1767312,5301936,16.0,48.0,16,16
fixed_25_full_capacity,0,110957,111041,1360,4080,1768672,5306016,16.0,48.0,16,16
fixed_25_full_capacity,0,111042,111135,1504,4512,1770176,5310528,16.0,48.0,16,16
fixed_25_full_capacity,0,111136,111198,1008,3024,1771184,5313552,16.0,48.0,16,16
fixed_25_full_capacity,0,111199,111236,608,1824,1771792,5315376,16.0,48.0,16,16
fixed_25_full_capacity,0,111237,111358,1952,5856,1773744,5321232,16.0,48.0,16,16
fixed_25_full_capacity,0,111359,111386,448,1344,1774192,5322576,16.0,48.0,16,16
fixed_25_full_capacity,0,111387,111404,288,864,1774480,5323440,16.0,48.0,16,16
fixed_25_full_capacity,0,111405,111412,128,384,1774608,5323824,16.0,48.0,16,16
fixed_25_full_capacity,0,111413,111468,896,2688,1775504,5326512,16.0,48.0,16,16
fixed_25_full_capacity,0,111469,111563,1520,4560,1777024,5331072,16.0,48.0,16,16
fixed_25_full_capacity,0,111564,111593,480,1440,1777504,5332512,16.0,48.0,16,16
fixed_25_full_capacity,0,111594,111687,1504,4512,1779008,5337024,16.0,48.0,16,16
fixed_25_full_capacity,0,111688,111718,496,1488,1779504,5338512,16.0,48.0,16,16
fixed_25_full_capacity,0,111719,111838,1920,5760,1781424,5344272,16.0,48.0,16,16
fixed_25_full_capacity,0,111839,111852,224,672,1781648,5344944,16.0,48.0,16,16
fixed_25_full_capacity,0,111853,111956,1664,4992,1783312,5349936,16.0,48.0,16,16
fixed_25_full_capacity,0,111957,112048,1472,4416,1784784,5354352,16.0,48.0,16,16
fixed_25_full_capacity,0,112049,112158,1760,5280,1786544,5359632,16.0,48.0,16,16
fixed_25_full_capacity,0,112159,112265,1712,5136,1788256,5364768,16.0,48.0,16,16
fixed_25_full_capacity,0,112266,112350,1360,4080,1789616,5368848,16.0,48.0,16,16
fixed_25_full_capacity,0,112351,112376,416,1248,1790032,5370096,16.0,48.0,16,16
fixed_25_full_capacity,0,112377,112487,1776,5328,1791808,5375424,16.0,48.0,16,16
fixed_25_full_capacity,0,112488,112588,1616,4848,1793424,5380272,16.0,48.0,16,16
fixed_25_full_capacity,0,112589,112617,464,1392,1793888,5381664,16.0,48.0,16,16
fixed_25_full_capacity,0,112618,112708,1456,4368,1795344,5386032,16.0,48.0,16,16
fixed_25_full_capacity,0,112709,112793,1360,4080,1796704,5390112,16.0,48.0,16,16
fixed_25_full_capacity,0,112794,112874,1296,3888,1798000,5394000,16.0,48.0,16,16
fixed_25_full_capacity,0,112875,112890,256,768,1798256,5394768,16.0,48.0,16,16
fixed_25_full_capacity,0,112891,112992,1632,4896,1799888,5399664,16.0,48.0,16,16
fixed_25_full_capacity,0,112993,113036,704,2112,1800592,5401776,16.0,48.0,16,16
fixed_25_full_capacity,0,113037,113048,192,576,1800784,5402352,16.0,48.0,16,16
fixed_25_full_capacity,0,113049,113143,1520,4560,1802304,5406912,16.0,48.0,16,16
fixed_25_full_capacity,0,113144,113227,1344,4032,1803648,5410944,16.0,48.0,16,16
fixed_25_full_capacity,0,113228,113355,2048,6144,1805696,5417088,16.0,48.0,16,16
fixed_25_full_capacity,0,113356,113443,1408,4224,1807104,5421312,16.0,48.0,16,16
fixed_25_full_capacity,0,113444,113545,1632,4896,1808736,5426208,16.0,48.0,16,16
fixed_25_full_capacity,0,113546,113553,128,384,1808864,5426592,16.0,48.0,16,16
fixed_25_full_capacity,0,113554,113643,1440,4320,1810304,5430912,16.0,48.0,16,16
fixed_25_full_capacity,0,113644,113763,1920,5760,1812224,5436672,16.0,48.0,16,16
fixed_25_full_capacity,0,113764,113793,480,1440,1812704,5438112,16.0,48.0,16,16
fixed_25_full_capacity,0,113794,113880,1392,4176,1814096,5442288,16.0,48.0,16,16
fixed_25_full_capacity,0,113881,113965,1360,4080,1815456,5446368,16.0,48.0,16,16
fixed_25_full_capacity,0,113966,113984,304,912,1815760,5447280,16.0,48.0,16,16
fixed_25_full_capacity,0,113985,113997,208,624,1815968,5447904,16.0,48.0,16,16
fixed_25_full_capacity,0,113998,114099,1632,4896,1817600,5452800,16.0,48.0,16,16
fixed_25_full_capacity,0,114100,114195,1536,4608,1819136,5457408,16.0,48.0,16,16
fixed_25_full_capacity,0,114196,114309,1824,5472,1820960,5462880,16.0,48.0,16,16
fixed_25_full_capacity,0,114310,114404,1520,4560,1822480,5467440,16.0,48.0,16,16
fixed_25_full_capacity,0,114405,114433,464,1392,1822944,5468832,16.0,48.0,16,16
fixed_25_full_capacity,0,114434,114451,288,864,1823232,5469696,16.0,48.0,16,16
fixed_25_full_capacity,0,114452,114534,1328,3984,1824560,5473680,16.0,48.0,16,16
fixed_25_full_capacity,0,114535,114635,1616,4848,1826176,5478528,16.0,48.0,16,16
fixed_25_full_capacity,0,114636,114722,1392,4176,1827568,5482704,16.0,48.0,16,16
fixed_25_full_capacity,0,114723,114809,1392,4176,1828960,5486880,16.0,48.0,16,16
fixed_25_full_capacity,0,114810,114892,1328,3984,1830288,5490864,16.0,48.0,16,16
fixed_25_full_capacity,0,114893,114977,1360,4080,1831648,5494944,16.0,48.0,16,16
fixed_25_full_capacity,0,114978,115083,1696,5088,1833344,5500032,16.0,48.0,16,16
fixed_25_full_capacity,0,115084,115167,1344,4032,1834688,5504064,16.0,48.0,16,16
fixed_25_full_capacity,0,115168,115195,448,1344,1835136,5505408,16.0,48.0,16,16
fixed_25_full_capacity,0,115196,115294,1584,4752,1836720,5510160,16.0,48.0,16,16
fixed_25_full_capacity,0,115295,115378,1344,4032,1838064,5514192,16.0,48.0,16,16
fixed_25_full_capacity,0,115379,115480,1632,4896,1839696,5519088,16.0,48.0,16,16
fixed_25_full_capacity,0,115481,115575,1520,4560,1841216,5523648,16.0,48.0,16,16
fixed_25_full_capacity,0,115576,115670,1520,4560,1842736,5528208,16.0,48.0,16,16
fixed_25_full_capacity,0,115671,115757,1392,4176,1844128,5532384,16.0,48.0,16,16
fixed_25_full_capacity,0,115758,115840,1328,3984,1845456,5536368,16.0,48.0,16,16
fixed_25_full_capacity,0,115841,115889,784,2352,1846240,5538720,16.0,48.0,16,16
fixed_25_full_capacity,0,115890,115923,544,1632,1846784,5540352,16.0,48.0,16,16
fixed_25_full_capacity,0,115924,116024,1616,4848,1848400,5545200,16.0,48.0,16,16
fixed_25_full_capacity,0,116025,116081,912,2736,1849312,5547936,16.0,48.0,16,16
fixed_25_full_capacity,0,116082,116171,1440,4320,1850752,5552256,16.0,48.0,16,16
fixed_25_full_capacity,0,116172,116237,1056,3168,1851808,5555424,16.0,48.0,16,16
fixed_25_full_capacity,0,116238,116254,272,816,1852080,5556240,16.0,48.0,16,16
fixed_25_full_capacity,0,116255,116342,1408,4224,1853488,5560464,16.0,48.0,16,16
fixed_25_full_capacity,0,116343,116433,1456,4368,1854944,5564832,16.0,48.0,16,16
fixed_25_full_capacity,0,116434,116524,1456,4368,1856400,5569200,16.0,48.0,16,16
fixed_25_full_capacity,0,116525,116635,1776,5328,1858176,5574528,16.0,48.0,16,16
fixed_25_full_capacity,0,116636,116731,1536,4608,1859712,5579136,16.0,48.0,16,16
fixed_25_full_capacity,0,116732,116838,1712,5136,1861424,5584272,16.0,48.0,16,16
fixed_25_full_capacity,0,116839,116952,1824,5472,1863248,5589744,16.0,48.0,16,16
fixed_25_full_capacity,0,116953,117053,1616,4848,1864864,5594592,16.0,48.0,16,16
fixed_25_full_capacity,0,117054,117141,1408,4224,1866272,5598816,16.0,48.0,16,16
fixed_25_full_capacity,0,117142,117226,1360,4080,1867632,5602896,16.0,48.0,16,16
fixed_25_full_capacity,0,117227,117308,1312,3936,1868944,5606832,16.0,48.0,16,16
fixed_25_full_capacity,0,117309,117411,1648,4944,1870592,5611776,16.0,48.0,16,16
fixed_25_full_capacity,0,117412,117495,1344,4032,1871936,5615808,16.0,48.0,16,16
fixed_25_full_capacity,0,117496,117579,1344,4032,1873280,5619840,16.0,48.0,16,16
fixed_25_full_capacity,0,117580,117675,1536,4608,1874816,5624448,16.0,48.0,16,16
fixed_25_full_capacity,0,117676,117770,1520,4560,1876336,5629008,16.0,48.0,16,16
fixed_25_full_capacity,0,117771,117868,1568,4704,1877904,5633712,16.0,48.0,16,16
fixed_25_full_capacity,0,117869,117975,1712,5136,1879616,5638848,16.0,48.0,16,16
fixed_25_full_capacity,0,117976,118021,736,2208,1880352,5641056,16.0,48.0,16,16
fixed_25_full_capacity,0,118022,118112,1456,4368,1881808,5645424,16.0,48.0,16,16
fixed_25_full_capacity,0,118113,118212,1600,4800,1883408,5650224,16.0,48.0,16,16
fixed_25_full_capacity,0,118213,118289,1232,3696,1884640,5653920,16.0,48.0,16,16
fixed_25_full_capacity,0,118290,118385,1536,4608,1886176,5658528,16.0,48.0,16,16
fixed_25_full_capacity,0,118386,118477,1472,4416,1887648,5662944,16.0,48.0,16,16
fixed_25_full_capacity,0,118478,118610,2128,6384,1889776,5669328,16.0,48.0,16,16
fixed_25_full_capacity,0,118611,118700,1440,4320,1891216,5673648,16.0,48.0,16,16
fixed_25_full_capacity,0,118701,118791,1456,4368,1892672,5678016,16.0,48.0,16,16
fixed_25_full_capacity,0,118792,118886,1520,4560,1894192,5682576,16.0,48.0,16,16
fixed_25_full_capacity,0,118887,118970,1344,4032,1895536,5686608,16.0,48.0,16,16
fixed_25_full_capacity,0,118971,119050,1280,3840,1896816,5690448,16.0,48.0,16,16
fixed_25_full_capacity,0,119051,119134,1344,4032,1898160,5694480,16.0,48.0,16,16
fixed_25_full_capacity,0,119135,119261,2032,6096,1900192,5700576,16.0,48.0,16,16
fixed_25_full_capacity,0,119262,119350,1424,4272,1901616,5704848,16.0,48.0,16,16
fixed_25_full_capacity,0,119351,119451,1616,4848,1903232,5709696,16.0,48.0,16,16
fixed_25_full_capacity,0,119452,119531,1280,3840,1904512,5713536,16.0,48.0,16,16
fixed_25_full_capacity,0,119532,119559,448,1344,1904960,5714880,16.0,48.0,16,16
fixed_25_full_capacity,0,119560,119710,2416,7248,1907376,5722128,16.0,48.0,16,16
fixed_25_full_capacity,0,119711,119806,1536,4608,1908912,5726736,16.0,48.0,16,16
fixed_25_full_capacity,0,119807,119886,1280,3840,1910192,5730576,16.0,48.0,16,16
fixed_25_full_capacity,0,119887,119950,1024,3072,1911216,5733648,16.0,48.0,16,16
fixed_25_full_capacity,0,119951,120032,1312,3936,1912528,5737584,16.0,48.0,16,16
fixed_25_full_capacity,0,120033,120153,1936,5808,1914464,5743392,16.0,48.0,16,16
fixed_25_full_capacity,0,120154,120252,1584,4752,1916048,5748144,16.0,48.0,16,16
fixed_25_full_capacity,0,120253,120350,1568,4704,1917616,5752848,16.0,48.0,16,16
fixed_25_full_capacity,0,120351,120427,1232,3696,1918848,5756544,16.0,48.0,16,16
fixed_25_full_capacity,0,120428,120524,1552,4656,1920400,5761200,16.0,48.0,16,16
fixed_25_full_capacity,0,120525,120634,1760,5280,1922160,5766480,16.0,48.0,16,16
fixed_25_full_capacity,0,120635,120731,1552,4656,1923712,5771136,16.0,48.0,16,16
fixed_25_full_capacity,0,120732,120834,1648,4944,1925360,5776080,16.0,48.0,16,16
fixed_25_full_capacity,0,120835,120930,1536,4608,1926896,5780688,16.0,48.0,16,16
fixed_25_full_capacity,0,120931,121027,1552,4656,1928448,5785344,16.0,48.0,16,16
fixed_25_full_capacity,0,121028,121144,1872,5616,1930320,5790960,16.0,48.0,16,16
fixed_25_full_capacity,0,121145,121253,1744,5232,1932064,5796192,16.0,48.0,16,16
fixed_25_full_capacity,0,121254,121365,1792,5376,1933856,5801568,16.0,48.0,16,16
fixed_25_full_capacity,0,121366,121467,1632,4896,1935488,5806464,16.0,48.0,16,16
fixed_25_full_capacity,0,121468,121566,1584,4752,1937072,5811216,16.0,48.0,16,16
fixed_25_full_capacity,0,121567,121654,1408,4224,1938480,5815440,16.0,48.0,16,16
fixed_25_full_capacity,0,121655,121726,1152,3456,1939632,5818896,16.0,48.0,16,16
fixed_25_full_capacity,0,121727,121811,1360,4080,1940992,5822976,16.0,48.0,16,16
fixed_25_full_capacity,0,121812,121900,1424,4272,1942416,5827248,16.0,48.0,16,16
fixed_25_full_capacity,0,121901,121981,1296,3888,1943712,5831136,16.0,48.0,16,16
fixed_25_full_capacity,0,121982,122079,1568,4704,1945280,5835840,16.0,48.0,16,16
fixed_25_full_capacity,0,122080,122138,944,2832,1946224,5838672,16.0,48.0,16,16
fixed_25_full_capacity,0,122139,122233,1520,4560,1947744,5843232,16.0,48.0,16,16
fixed_25_full_capacity,0,122234,122317,1344,4032,1949088,5847264,16.0,48.0,16,16
fixed_25_full_capacity,0,122318,122409,1472,4416,1950560,5851680,16.0,48.0,16,16
fixed_25_full_capacity,0,122410,122493,1344,4032,1951904,5855712,16.0,48.0,16,16
fixed_25_full_capacity,0,122494,122594,1616,4848,1953520,5860560,16.0,48.0,16,16
fixed_25_full_capacity,0,122595,122674,1280,3840,1954800,5864400,16.0,48.0,16,16
fixed_25_full_capacity,0,122675,122791,1872,5616,1956672,5870016,16.0,48.0,16,16
fixed_25_full_capacity,0,122792,122882,1456,4368,1958128,5874384,16.0,48.0,16,16
fixed_25_full_capacity,0,122883,122918,576,1728,1958704,5876112,16.0,48.0,16,16
fixed_25_full_capacity,0,122919,123009,1456,4368,1960160,5880480,16.0,48.0,16,16
fixed_25_full_capacity,0,123010,123099,1440,4320,1961600,5884800,16.0,48.0,16,16
fixed_25_full_capacity,0,123100,123189,1440,4320,1963040,5889120,16.0,48.0,16,16
fixed_25_full_capacity,0,123190,123281,1472,4416,1964512,5893536,16.0,48.0,16,16
fixed_25_full_capacity,0,123282,123293,192,576,1964704,5894112,16.0,48.0,16,16
fixed_25_full_capacity,0,123294,123375,1312,3936,1966016,5898048,16.0,48.0,16,16
fixed_25_full_capacity,0,123376,123492,1872,5616,1967888,5903664,16.0,48.0,16,16
fixed_25_full_capacity,0,123493,123575,1328,3984,1969216,5907648,16.0,48.0,16,16
fixed_25_full_capacity,0,123576,123652,1232,3696,1970448,5911344,16.0,48.0,16,16
fixed_25_full_capacity,0,123653,123759,1712,5136,1972160,5916480,16.0,48.0,16,16
fixed_25_full_capacity,0,123760,123859,1600,4800,1973760,5921280,16.0,48.0,16,16
fixed_25_full_capacity,0,123860,123954,1520,4560,1975280,5925840,16.0,48.0,16,16
fixed_25_full_capacity,0,123955,124044,1440,4320,1976720,5930160,16.0,48.0,16,16
fixed_25_full_capacity,0,124045,124133,1424,4272,1978144,5934432,16.0,48.0,16,16
fixed_25_full_capacity,0,124134,124213,1280,3840,1979424,5938272,16.0,48.0,16,16
fixed_25_full_capacity,0,124214,124302,1424,4272,1980848,5942544,16.0,48.0,16,16
fixed_25_full_capacity,0,124303,124391,1424,4272,1982272,5946816,16.0,48.0,16,16
fixed_25_full_capacity,0,124392,124480,1424,4272,1983696,5951088,16.0,48.0,16,16
fixed_25_full_capacity,0,124481,124565,1360,4080,1985056,5955168,16.0,48.0,16,16
fixed_25_full_capacity,0,124566,124647,1312,3936,1986368,5959104,16.0,48.0,16,16
fixed_25_full_capacity,0,124648,124658,176,528,1986544,5959632,16.0,48.0,16,16
fixed_25_full_capacity,0,124659,124749,1456,4368,1988000,5964000,16.0,48.0,16,16
fixed_25_full_capacity,0,124750,124832,1328,3984,1989328,5967984,16.0,48.0,16,16
fixed_25_full_capacity,0,124833,124920,1408,4224,1990736,5972208,16.0,48.0,16,16
fixed_25_full_capacity,0,124921,125031,1776,5328,1992512,5977536,16.0,48.0,16,16
fixed_25_full_capacity,0,125032,125122,1456,4368,1993968,5981904,16.0,48.0,16,16
fixed_25_full_capacity,0,125123,125164,672,2016,1994640,5983920,16.0,48.0,16,16
fixed_25_full_capacity,0,125165,125246,1312,3936,1995952,5987856,16.0,48.0,16,16
fixed_25_full_capacity,0,125247,125250,64,192,1996016,5988048,16.0,48.0,16,16
fixed_25_full_capacity,0,125251,125376,2016,6048,1998032,5994096,16.0,48.0,16,16
fixed_25_full_capacity,0,125377,125466,1440,4320,1999472,5998416,16.0,48.0,16,16
fixed_25_full_capacity,0,125467,125547,1296,3888,2000768,6002304,16.0,48.0,16,16
fixed_25_full_capacity,0,125548,125633,1376,4128,2002144,6006432,16.0,48.0,16,16
fixed_25_full_capacity,0,125634,125719,1376,4128,2003520,6010560,16.0,48.0,16,16
fixed_25_full_capacity,0,125720,125815,1536,4608,2005056,6015168,16.0,48.0,16,16
fixed_25_full_capacity,0,125816,125893,1248,3744,2006304,6018912,16.0,48.0,16,16
fixed_25_full_capacity,0,125894,125987,1504,4512,2007808,6023424,16.0,48.0,16,16
fixed_25_full_capacity,0,125988,126020,528,1584,2008336,6025008,16.0,48.0,16,16
fixed_25_full_capacity,0,126021,126111,1456,4368,2009792,6029376,16.0,48.0,16,16
fixed_25_full_capacity,0,126112,126200,1424,4272,2011216,6033648,16.0,48.0,16,16
fixed_25_full_capacity,0,126201,126281,1296,3888,2012512,6037536,16.0,48.0,16,16
fixed_25_full_capacity,0,126282,126373,1472,4416,2013984,6041952,16.0,48.0,16,16
fixed_25_full_capacity,0,126374,126456,1328,3984,2015312,6045936,16.0,48.0,16,16
fixed_25_full_capacity,0,126457,126535,1264,3792,2016576,6049728,16.0,48.0,16,16
fixed_25_full_capacity,0,126536,126632,1552,4656,2018128,6054384,16.0,48.0,16,16
fixed_25_full_capacity,0,126633,126721,1424,4272,2019552,6058656,16.0,48.0,16,16
fixed_25_full_capacity,0,126722,126815,1504,4512,2021056,6063168,16.0,48.0,16,16
fixed_25_full_capacity,0,126816,126827,192,576,2021248,6063744,16.0,48.0,16,16
fixed_25_full_capacity,0,126828,126911,1344,4032,2022592,6067776,16.0,48.0,16,16
fixed_25_full_capacity,0,126912,126923,192,576,2022784,6068352,16.0,48.0,16,16
fixed_25_full_capacity,0,126924,127008,1360,4080,2024144,6072432,16.0,48.0,16,16
fixed_25_full_capacity,0,127009,127045,592,1776,2024736,6074208,16.0,48.0,16,16
fixed_25_full_capacity,0,127046,127134,1424,4272,2026160,6078480,16.0,48.0,16,16
fixed_25_full_capacity,0,127135,127222,1408,4224,2027568,6082704,16.0,48.0,16,16
fixed_25_full_capacity,0,127223,127305,1328,3984,2028896,6086688,16.0,48.0,16,16
fixed_25_full_capacity,0,127306,127400,1520,4560,2030416,6091248,16.0,48.0,16,16
fixed_25_full_capacity,0,127401,127484,1344,4032,2031760,6095280,16.0,48.0,16,16
fixed_25_full_capacity,0,127485,127577,1488,4464,2033248,6099744,16.0,48.0,16,16
fixed_25_full_capacity,0,127578,127680,1648,4944,2034896,6104688,16.0,48.0,16,16
fixed_25_full_capacity,0,127681,127762,1312,3936,2036208,6108624,16.0,48.0,16,16
fixed_25_full_capacity,0,127763,127848,1376,4128,2037584,6112752,16.0,48.0,16,16
fixed_25_full_capacity,0,127849,127944,1536,4608,2039120,6117360,16.0,48.0,16,16
fixed_25_full_capacity,0,127945,128032,1408,4224,2040528,6121584,16.0,48.0,16,16
fixed_25_full_capacity,0,128033,128110,1248,3744,2041776,6125328,16.0,48.0,16,16
fixed_25_full_capacity,0,128111,128186,1216,3648,2042992,6128976,16.0,48.0,16,16
fixed_25_full_capacity,0,128187,128275,1424,4272,2044416,6133248,16.0,48.0,16,16
fixed_25_full_capacity,0,128276,128350,1200,3600,2045616,6136848,16.0,48.0,16,16
fixed_25_full_capacity,0,128351,128435,1360,4080,2046976,6140928,16.0,48.0,16,16
fixed_25_full_capacity,0,128436,128516,1296,3888,2048272,6144816,16.0,48.0,16,16
fixed_25_full_capacity,0,128517,128621,1680,5040,2049952,6149856,16.0,48.0,16,16
fixed_25_full_capacity,0,128622,128709,1408,4224,2051360,6154080,16.0,48.0,16,16
fixed_25_full_capacity,0,128710,128782,1168,3504,2052528,6157584,16.0,48.0,16,16
fixed_25_full_capacity,0,128783,128864,1312,3936,2053840,6161520,16.0,48.0,16,16
fixed_25_full_capacity,0,128865,128926,992,2976,2054832,6164496,16.0,48.0,16,16
fixed_25_full_capacity,0,128927,129009,1328,3984,2056160,6168480,16.0,48.0,16,16
fixed_25_full_capacity,0,129010,129095,1376,4128,2057536,6172608,16.0,48.0,16,16
fixed_25_full_capacity,0,129096,129172,1232,3696,2058768,6176304,16.0,48.0,16,16
fixed_25_full_capacity,0,129173,129267,1520,4560,2060288,6180864,16.0,48.0,16,16
fixed_25_full_capacity,0,129268,129355,1408,4224,2061696,6185088,16.0,48.0,16,16
fixed_25_full_capacity,0,129356,129435,1280,3840,2062976,6188928,16.0,48.0,16,16
fixed_25_full_capacity,0,129436,129492,912,2736,2063888,6191664,16.0,48.0,16,16
fixed_25_full_capacity,0,129493,129589,1552,4656,2065440,6196320,16.0,48.0,16,16
fixed_25_full_capacity,0,129590,129640,816,2448,2066256,6198768,16.0,48.0,16,16
fixed_25_full_capacity,0,129641,129725,1360,4080,2067616,6202848,16.0,48.0,16,16
fixed_25_full_capacity,0,129726,129799,1184,3552,2068800,6206400,16.0,48.0,16,16
fixed_25_full_capacity,0,129800,129885,1376,4128,2070176,6210528,16.0,48.0,16,16
fixed_25_full_capacity,0,129886,129959,1184,3552,2071360,6214080,16.0,48.0,16,16
fixed_25_full_capacity,0,129960,130039,1280,3840,2072640,6217920,16.0,48.0,16,16
fixed_25_full_capacity,0,130040,130125,1376,4128,2074016,6222048,16.0,48.0,16,16
fixed_25_full_capacity,0,130126,130197,1152,3456,2075168,6225504,16.0,48.0,16,16
fixed_25_full_capacity,0,130198,130239,672,2016,2075840,6227520,16.0,48.0,16,16
fixed_25_full_capacity,0,130240,130322,1328,3984,2077168,6231504,16.0,48.0,16,16
fixed_25_full_capacity,0,130323,130426,1664,4992,2078832,6236496,16.0,48.0,16,16
fixed_25_full_capacity,0,130427,130508,1312,3936,2080144,6240432,16.0,48.0,16,16
fixed_25_full_capacity,0,130509,130554,736,2208,2080880,6242640,16.0,48.0,16,16
fixed_25_full_capacity,0,130555,130641,1392,4176,2082272,6246816,16.0,48.0,16,16
fixed_25_full_capacity,0,130642,130715,1184,3552,2083456,6250368,16.0,48.0,16,16
fixed_25_full_capacity,0,130716,130796,1296,3888,2084752,6254256,16.0,48.0,16,16
fixed_25_full_capacity,0,130797,130877,1296,3888,2086048,6258144,16.0,48.0,16,16
fixed_25_full_capacity,0,130878,130963,1376,4128,2087424,6262272,16.0,48.0,16,16
fixed_25_full_capacity,0,130964,131041,1248,3744,2088672,6266016,16.0,48.0,16,16
fixed_25_full_capacity,0,131042,131099,928,2784,2089600,6268800,16.0,48.0,16,16
fixed_25_full_capacity,0,131100,131200,1616,4848,2091216,6273648,16.0,48.0,16,16
fixed_25_full_capacity,0,131201,131210,160,480,2091376,6274128,16.0,48.0,16,16
fixed_25_full_capacity,0,131211,131286,1216,3648,2092592,6277776,16.0,48.0,16,16
fixed_25_full_capacity,0,131287,131368,1312,3936,2093904,6281712,16.0,48.0,16,16
fixed_25_full_capacity,0,131369,131447,1264,3792,2095168,6285504,16.0,48.0,16,16
fixed_25_full_capacity,0,131448,131542,1520,4560,2096688,6290064,16.0,48.0,16,16
fixed_25_full_capacity,0,131543,131626,1344,4032,2098032,6294096,16.0,48.0,16,16
fixed_25_full_capacity,0,131627,131711,1360,4080,2099392,6298176,16.0,48.0,16,16
fixed_25_full_capacity,0,131712,131792,1296,3888,2100688,6302064,16.0,48.0,16,16
fixed_25_full_capacity,0,131793,131883,1456,4368,2102144,6306432,16.0,48.0,16,16
fixed_25_full_capacity,0,131884,131961,1248,3744,2103392,6310176,16.0,48.0,16,16
fixed_25_full_capacity,0,131962,132069,1728,5184,2105120,6315360,16.0,48.0,16,16
fixed_25_full_capacity,0,132070,132147,1248,3744,2106368,6319104,16.0,48.0,16,16
fixed_25_full_capacity,0,132148,132233,1376,4128,2107744,6323232,16.0,48.0,16,16
fixed_25_full_capacity,0,132234,132251,288,864,2108032,6324096,16.0,48.0,16,16
fixed_25_full_capacity,0,132252,132324,1168,3504,2109200,6327600,16.0,48.0,16,16
fixed_25_full_capacity,0,132325,132399,1200,3600,2110400,6331200,16.0,48.0,16,16
fixed_25_full_capacity,0,132400,132474,1200,3600,2111600,6334800,16.0,48.0,16,16
fixed_25_full_capacity,0,132475,132553,1264,3792,2112864,6338592,16.0,48.0,16,16
fixed_25_full_capacity,0,132554,132578,400,1200,2113264,6339792,16.0,48.0,16,16
fixed_25_full_capacity,0,132579,132592,224,672,2113488,6340464,16.0,48.0,16,16
fixed_25_full_capacity,0,132593,132671,1264,3792,2114752,6344256,16.0,48.0,16,16
fixed_25_full_capacity,0,132672,132758,1392,4176,2116144,6348432,16.0,48.0,16,16
fixed_25_full_capacity,0,132759,132801,688,2064,2116832,6350496,16.0,48.0,16,16
fixed_25_full_capacity,0,132802,132896,1520,4560,2118352,6355056,16.0,48.0,16,16
fixed_25_full_capacity,0,132897,132980,1344,4032,2119696,6359088,16.0,48.0,16,16
fixed_25_full_capacity,0,132981,133070,1440,4320,2121136,6363408,16.0,48.0,16,16
fixed_25_full_capacity,0,133071,133139,1104,3312,2122240,6366720,16.0,48.0,16,16
fixed_25_full_capacity,0,133140,133216,1232,3696,2123472,6370416,16.0,48.0,16,16
fixed_25_full_capacity,0,133217,133306,1440,4320,2124912,6374736,16.0,48.0,16,16
fixed_25_full_capacity,0,133307,133383,1232,3696,2126144,6378432,16.0,48.0,16,16
fixed_25_full_capacity,0,133384,133461,1248,3744,2127392,6382176,16.0,48.0,16,16
fixed_25_full_capacity,0,133462,133489,448,1344,2127840,6383520,16.0,48.0,16,16
fixed_25_full_capacity,0,133490,133571,1312,3936,2129152,6387456,16.0,48.0,16,16
fixed_25_full_capacity,0,133572,133651,1280,3840,2130432,6391296,16.0,48.0,16,16
fixed_25_full_capacity,0,133652,133736,1360,4080,2131792,6395376,16.0,48.0,16,16
fixed_25_full_capacity,0,133737,133817,1296,3888,2133088,6399264,16.0,48.0,16,16
fixed_25_full_capacity,0,133818,133896,1264,3792,2134352,6403056,16.0,48.0,16,16
fixed_25_full_capacity,0,133897,133972,1216,3648,2135568,6406704,16.0,48.0,16,16
fixed_25_full_capacity,0,133973,134056,1344,4032,2136912,6410736,16.0,48.0,16,16
fixed_25_full_capacity,0,134057,134127,1136,3408,2138048,6414144,16.0,48.0,16,16
fixed_25_full_capacity,0,134128,134215,1408,4224,2139456,6418368,16.0,48.0,16,16
fixed_25_full_capacity,0,134216,134294,1264,3792,2140720,6422160,16.0,48.0,16,16
fixed_25_full_capacity,0,134295,134372,1248,3744,2141968,6425904,16.0,48.0,16,16
fixed_25_full_capacity,0,134373,134453,1296,3888,2143264,6429792,16.0,48.0,16,16
fixed_25_full_capacity,0,134454,134532,1264,3792,2144528,6433584,16.0,48.0,16,16
fixed_25_full_capacity,0,134533,134610,1248,3744,2145776,6437328,16.0,48.0,16,16
fixed_25_full_capacity,0,134611,134693,1328,3984,2147104,6441312,16.0,48.0,16,16
fixed_25_full_capacity,0,134694,134787,1504,4512,2148608,6445824,16.0,48.0,16,16
fixed_25_full_capacity,0,134788,134859,1152,3456,2149760,6449280,16.0,48.0,16,16
fixed_25_full_capacity,0,134860,134934,1200,3600,2150960,6452880,16.0,48.0,16,16
fixed_25_full_capacity,0,134935,135014,1280,3840,2152240,6456720,16.0,48.0,16,16
fixed_25_full_capacity,0,135015,135094,1280,3840,2153520,6460560,16.0,48.0,16,16
fixed_25_full_capacity,0,135095,135182,1408,4224,2154928,6464784,16.0,48.0,16,16
fixed_25_full_capacity,0,135183,135282,1600,4800,2156528,6469584,16.0,48.0,16,16
fixed_25_full_capacity,0,135283,135346,1024,3072,2157552,6472656,16.0,48.0,16,16
fixed_25_full_capacity,0,135347,135431,1360,4080,2158912,6476736,16.0,48.0,16,16
fixed_25_full_capacity,0,135432,135504,1168,3504,2160080,6480240,16.0,48.0,16,16
fixed_25_full_capacity,0,135505,135589,1360,4080,2161440,6484320,16.0,48.0,16,16
fixed_25_full_capacity,0,135590,135605,256,768,2161696,6485088,16.0,48.0,16,16
fixed_25_full_capacity,0,135606,135628,368,1104,2162064,6486192,16.0,48.0,16,16
fixed_25_full_capacity,0,135629,135701,1168,3504,2163232,6489696,16.0,48.0,16,16
fixed_25_full_capacity,0,135702,135779,1248,3744,2164480,6493440,16.0,48.0,16,16
fixed_25_full_capacity,0,135780,135858,1264,3792,2165744,6497232,16.0,48.0,16,16
fixed_25_full_capacity,0,135859,135938,1280,3840,2167024,6501072,16.0,48.0,16,16
fixed_25_full_capacity,0,135939,135989,816,2448,2167840,6503520,16.0,48.0,16,16
fixed_25_full_capacity,0,135990,136060,1136,3408,2168976,6506928,16.0,48.0,16,16
fixed_25_full_capacity,0,136061,136144,1344,4032,2170320,6510960,16.0,48.0,16,16
fixed_25_full_capacity,0,136145,136223,1264,3792,2171584,6514752,16.0,48.0,16,16
fixed_25_full_capacity,0,136224,136299,1216,3648,2172800,6518400,16.0,48.0,16,16
fixed_25_full_capacity,0,136300,136385,1376,4128,2174176,6522528,16.0,48.0,16,16
fixed_25_full_capacity,0,136386,136462,1232,3696,2175408,6526224,16.0,48.0,16,16
fixed_25_full_capacity,0,136463,136538,1216,3648,2176624,6529872,16.0,48.0,16,16
fixed_25_full_capacity,0,136539,136614,1216,3648,2177840,6533520,16.0,48.0,16,16
fixed_25_full_capacity,0,136615,136707,1488,4464,2179328,6537984,16.0,48.0,16,16
fixed_25_full_capacity,0,136708,136784,1232,3696,2180560,6541680,16.0,48.0,16,16
fixed_25_full_capacity,0,136785,136877,1488,4464,2182048,6546144,16.0,48.0,16,16
fixed_25_full_capacity,0,136878,136950,1168,3504,2183216,6549648,16.0,48.0,16,16
fixed_25_full_capacity,0,136951,137025,1200,3600,2184416,6553248,16.0,48.0,16,16
fixed_25_full_capacity,0,137026,137103,1248,3744,2185664,6556992,16.0,48.0,16,16
fixed_25_full_capacity,0,137104,137176,1168,3504,2186832,6560496,16.0,48.0,16,16
fixed_25_full_capacity,0,137177,137253,1232,3696,2188064,6564192,16.0,48.0,16,16
fixed_25_full_capacity,0,137254,137327,1184,3552,2189248,6567744,16.0,48.0,16,16
fixed_25_full_capacity,0,137328,137406,1264,3792,2190512,6571536,16.0,48.0,16,16
fixed_25_full_capacity,0,137407,137474,1088,3264,2191600,6574800,16.0,48.0,16,16
fixed_25_full_capacity,0,137475,137548,1184,3552,2192784,6578352,16.0,48.0,16,16
fixed_25_full_capacity,0,137549,137636,1408,4224,2194192,6582576,16.0,48.0,16,16
fixed_25_full_capacity,0,137637,137713,1232,3696,2195424,6586272,16.0,48.0,16,16
fixed_25_full_capacity,0,137714,137790,1232,3696,2196656,6589968,16.0,48.0,16,16
fixed_25_full_capacity,0,137791,137875,1360,4080,2198016,6594048,16.0,48.0,16,16
fixed_25_full_capacity,0,137876,137953,1248,3744,2199264,6597792,16.0,48.0,16,16
fixed_25_full_capacity,0,137954,138031,1248,3744,2200512,6601536,16.0,48.0,16,16
fixed_25_full_capacity,0,138032,138111,1280,3840,2201792,6605376,16.0,48.0,16,16
fixed_25_full_capacity,0,138112,138187,1216,3648,2203008,6609024,16.0,48.0,16,16
fixed_25_full_capacity,0,138188,138261,1184,3552,2204192,6612576,16.0,48.0,16,16
fixed_25_full_capacity,0,138262,138344,1328,3984,2205520,6616560,16.0,48.0,16,16
fixed_25_full_capacity,0,138345,138427,1328,3984,2206848,6620544,16.0,48.0,16,16
fixed_25_full_capacity,0,138428,138505,1248,3744,2208096,6624288,16.0,48.0,16,16
fixed_25_full_capacity,0,138506,138581,1216,3648,2209312,6627936,16.0,48.0,16,16
fixed_25_full_capacity,0,138582,138659,1248,3744,2210560,6631680,16.0,48.0,16,16
fixed_25_full_capacity,0,138660,138745,1376,4128,2211936,6635808,16.0,48.0,16,16
fixed_25_full_capacity,0,138746,138823,1248,3744,2213184,6639552,16.0,48.0,16,16
fixed_25_full_capacity,0,138824,138900,1232,3696,2214416,6643248,16.0,48.0,16,16
fixed_25_full_capacity,0,138901,138981,1296,3888,2215712,6647136,16.0,48.0,16,16
fixed_25_full_capacity,0,138982,139047,1056,3168,2216768,6650304,16.0,48.0,16,16
fixed_25_full_capacity,0,139048,139132,1360,4080,2218128,6654384,16.0,48.0,16,16
fixed_25_full_capacity,0,139133,139205,1168,3504,2219296,6657888,16.0,48.0,16,16
fixed_25_full_capacity,0,139206,139280,1200,3600,2220496,6661488,16.0,48.0,16,16
fixed_25_full_capacity,0,139281,139360,1280,3840,2221776,6665328,16.0,48.0,16,16
fixed_25_full_capacity,0,139361,139431,1136,3408,2222912,6668736,16.0,48.0,16,16
fixed_25_full_capacity,0,139432,139503,1152,3456,2224064,6672192,16.0,48.0,16,16
fixed_25_full_capacity,0,139504,139574,1136,3408,2225200,6675600,16.0,48.0,16,16
fixed_25_full_capacity,0,139575,139653,1264,3792,2226464,6679392,16.0,48.0,16,16
fixed_25_full_capacity,0,139654,139732,1264,3792,2227728,6683184,16.0,48.0,16,16
fixed_25_full_capacity,0,139733,139810,1248,3744,2228976,6686928,16.0,48.0,16,16
fixed_25_full_capacity,0,139811,139885,1200,3600,2230176,6690528,16.0,48.0,16,16
fixed_25_full_capacity,0,139886,139962,1232,3696,2231408,6694224,16.0,48.0,16,16
fixed_25_full_capacity,0,139963,140041,1264,3792,2232672,6698016,16.0,48.0,16,16
fixed_25_full_capacity,0,140042,140123,1312,3936,2233984,6701952,16.0,48.0,16,16
fixed_25_full_capacity,0,140124,140196,1168,3504,2235152,6705456,16.0,48.0,16,16
fixed_25_full_capacity,0,140197,140267,1136,3408,2236288,6708864,16.0,48.0,16,16
fixed_25_full_capacity,0,140268,140342,1200,3600,2237488,6712464,16.0,48.0,16,16
fixed_25_full_capacity,0,140343,140417,1200,3600,2238688,6716064,16.0,48.0,16,16
fixed_25_full_capacity,0,140418,140472,880,2640,2239568,6718704,16.0,48.0,16,16
fixed_25_full_capacity,0,140473,140546,1184,3552,2240752,6722256,16.0,48.0,16,16
fixed_25_full_capacity,0,140547,140623,1232,3696,2241984,6725952,16.0,48.0,16,16
fixed_25_full_capacity,0,140624,140695,1152,3456,2243136,6729408,16.0,48.0,16,16
fixed_25_full_capacity,0,140696,140770,1200,3600,2244336,6733008,16.0,48.0,16,16
fixed_25_full_capacity,0,140771,140842,1152,3456,2245488,6736464,16.0,48.0,16,16
fixed_25_full_capacity,0,140843,140920,1248,3744,2246736,6740208,16.0,48.0,16,16
fixed_25_full_capacity,0,140921,140991,1136,3408,2247872,6743616,16.0,48.0,16,16
fixed_25_full_capacity,0,140992,141061,1120,3360,2248992,6746976,16.0,48.0,16,16
fixed_25_full_capacity,0,141062,141135,1184,3552,2250176,6750528,16.0,48.0,16,16
fixed_25_full_capacity,0,141136,141220,1360,4080,2251536,6754608,16.0,48.0,16,16
fixed_25_full_capacity,0,141221,141290,1120,3360,2252656,6757968,16.0,48.0,16,16
fixed_25_full_capacity,0,141291,141378,1408,4224,2254064,6762192,16.0,48.0,16,16
fixed_25_full_capacity,0,141379,141452,1184,3552,2255248,6765744,16.0,48.0,16,16
fixed_25_full_capacity,0,141453,141527,1200,3600,2256448,6769344,16.0,48.0,16,16
fixed_25_full_capacity,0,141528,141600,1168,3504,2257616,6772848,16.0,48.0,16,16
fixed_25_full_capacity,0,141601,141678,1248,3744,2258864,6776592,16.0,48.0,16,16
fixed_25_full_capacity,0,141679,141755,1232,3696,2260096,6780288,16.0,48.0,16,16
fixed_25_full_capacity,0,141756,141833,1248,3744,2261344,6784032,16.0,48.0,16,16
fixed_25_full_capacity,0,141834,141907,1184,3552,2262528,6787584,16.0,48.0,16,16
fixed_25_full_capacity,0,141908,141987,1280,3840,2263808,6791424,16.0,48.0,16,16
fixed_25_full_capacity,0,141988,142003,256,768,2264064,6792192,16.0,48.0,16,16
fixed_25_full_capacity,0,142004,142082,1264,3792,2265328,6795984,16.0,48.0,16,16
fixed_25_full_capacity,0,142083,142164,1312,3936,2266640,6799920,16.0,48.0,16,16
fixed_25_full_capacity,0,142165,142245,1296,3888,2267936,6803808,16.0,48.0,16,16
fixed_25_full_capacity,0,142246,142314,1104,3312,2269040,6807120,16.0,48.0,16,16
fixed_25_full_capacity,0,142315,142394,1280,3840,2270320,6810960,16.0,48.0,16,16
fixed_25_full_capacity,0,142395,142465,1136,3408,2271456,6814368,16.0,48.0,16,16
fixed_25_full_capacity,0,142466,142509,704,2112,2272160,6816480,16.0,48.0,16,16
fixed_25_full_capacity,0,142510,142585,1216,3648,2273376,6820128,16.0,48.0,16,16
fixed_25_full_capacity,0,142586,142665,1280,3840,2274656,6823968,16.0,48.0,16,16
fixed_25_full_capacity,0,142666,142740,1200,3600,2275856,6827568,16.0,48.0,16,16
fixed_25_full_capacity,0,142741,142817,1232,3696,2277088,6831264,16.0,48.0,16,16
fixed_25_full_capacity,0,142818,142892,1200,3600,2278288,6834864,16.0,48.0,16,16
fixed_25_full_capacity,0,142893,142906,224,672,2278512,6835536,16.0,48.0,16,16
fixed_25_full_capacity,0,142907,142989,1328,3984,2279840,6839520,16.0,48.0,16,16
fixed_25_full_capacity,0,142990,143070,1296,3888,2281136,6843408,16.0,48.0,16,16
fixed_25_full_capacity,0,143071,143085,240,720,2281376,6844128,16.0,48.0,16,16
fixed_25_full_capacity,0,143086,143154,1104,3312,2282480,6847440,16.0,48.0,16,16
fixed_25_full_capacity,0,143155,143227,1168,3504,2283648,6850944,16.0,48.0,16,16
fixed_25_full_capacity,0,143228,143302,1200,3600,2284848,6854544,16.0,48.0,16,16
fixed_25_full_capacity,0,143303,143379,1232,3696,2286080,6858240,16.0,48.0,16,16
fixed_25_full_capacity,0,143380,143450,1136,3408,2287216,6861648,16.0,48.0,16,16
fixed_25_full_capacity,0,143451,143522,1152,3456,2288368,6865104,16.0,48.0,16,16
fixed_25_full_capacity,0,143523,143596,1184,3552,2289552,6868656,16.0,48.0,16,16
fixed_25_full_capacity,0,143597,143664,1088,3264,2290640,6871920,16.0,48.0,16,16
fixed_25_full_capacity,0,143665,143741,1232,3696,2291872,6875616,16.0,48.0,16,16
fixed_25_full_capacity,0,143742,143819,1248,3744,2293120,6879360,16.0,48.0,16,16
fixed_25_full_capacity,0,143820,143901,1312,3936,2294432,6883296,16.0,48.0,16,16
fixed_25_full_capacity,0,143902,143977,1216,3648,2295648,6886944,16.0,48.0,16,16
fixed_25_full_capacity,0,143978,144059,1312,3936,2296960,6890880,16.0,48.0,16,16
fixed_25_full_capacity,0,144060,144134,1200,3600,2298160,6894480,16.0,48.0,16,16
fixed_25_full_capacity,0,144135,144211,1232,3696,2299392,6898176,16.0,48.0,16,16
fixed_25_full_capacity,0,144212,144220,144,432,2299536,6898608,16.0,48.0,16,16
fixed_25_full_capacity,0,144221,144230,160,480,2299696,6899088,16.0,48.0,16,16
fixed_25_full_capacity,0,144231,144272,672,2016,2300368,6901104,16.0,48.0,16,16
fixed_25_full_capacity,0,144273,144350,1248,3744,2301616,6904848,16.0,48.0,16,16
fixed_25_full_capacity,0,144351,144422,1152,3456,2302768,6908304,16.0,48.0,16,16
fixed_25_full_capacity,0,144423,144499,1232,3696,2304000,6912000,16.0,48.0,16,16
fixed_25_full_capacity,0,144500,144576,1232,3696,2305232,6915696,16.0,48.0,16,16
fixed_25_full_capacity,0,144577,144652,1216,3648,2306448,6919344,16.0,48.0,16,16
fixed_25_full_capacity,0,144653,144719,1072,3216,2307520,6922560,16.0,48.0,16,16
fixed_25_full_capacity,0,144720,144791,1152,3456,2308672,6926016,16.0,48.0,16,16
fixed_25_full_capacity,0,144792,144858,1072,3216,2309744,6929232,16.0,48.0,16,16
fixed_25_full_capacity,0,144859,144941,1328,3984,2311072,6933216,16.0,48.0,16,16
fixed_25_full_capacity,0,144942,145014,1168,3504,2312240,6936720,16.0,48.0,16,16
fixed_25_full_capacity,0,145015,145093,1264,3792,2313504,6940512,16.0,48.0,16,16
fixed_25_full_capacity,0,145094,145176,1328,3984,2314832,6944496,16.0,48.0,16,16
fixed_25_full_capacity,0,145177,145244,1088,3264,2315920,6947760,16.0,48.0,16,16
fixed_25_full_capacity,0,145245,145318,1184,3552,2317104,6951312,16.0,48.0,16,16
fixed_25_full_capacity,0,145319,145388,1120,3360,2318224,6954672,16.0,48.0,16,16
fixed_25_full_capacity,0,145389,145468,1280,3840,2319504,6958512,16.0,48.0,16,16
fixed_25_full_capacity,0,145469,145542,1184,3552,2320688,6962064,16.0,48.0,16,16
fixed_25_full_capacity,0,145543,145620,1248,3744,2321936,6965808,16.0,48.0,16,16
fixed_25_full_capacity,0,145621,145698,1248,3744,2323184,6969552,16.0,48.0,16,16
fixed_25_full_capacity,0,145699,145768,1120,3360,2324304,6972912,16.0,48.0,16,16
fixed_25_full_capacity,0,145769,145835,1072,3216,2325376,6976128,16.0,48.0,16,16
fixed_25_full_capacity,0,145836,145903,1088,3264,2326464,6979392,16.0,48.0,16,16
fixed_25_full_capacity,0,145904,145980,1232,3696,2327696,6983088,16.0,48.0,16,16
fixed_25_full_capacity,0,145981,146055,1200,3600,2328896,6986688,16.0,48.0,16,16
fixed_25_full_capacity,0,146056,146121,1056,3168,2329952,6989856,16.0,48.0,16,16
fixed_25_full_capacity,0,146122,146189,1088,3264,2331040,6993120,16.0,48.0,16,16
fixed_25_full_capacity,0,146190,146267,1248,3744,2332288,6996864,16.0,48.0,16,16
fixed_25_full_capacity,0,146268,146338,1136,3408,2333424,7000272,16.0,48.0,16,16
fixed_25_full_capacity,0,146339,146404,1056,3168,2334480,7003440,16.0,48.0,16,16
fixed_25_full_capacity,0,146405,146475,1136,3408,2335616,7006848,16.0,48.0,16,16
fixed_25_full_capacity,0,146476,146543,1088,3264,2336704,7010112,16.0,48.0,16,16
fixed_25_full_capacity,0,146544,146611,1088,3264,2337792,7013376,16.0,48.0,16,16
fixed_25_full_capacity,0,146612,146634,368,1104,2338160,7014480,16.0,48.0,16,16
fixed_25_full_capacity,0,146635,146711,1232,3696,2339392,7018176,16.0,48.0,16,16
fixed_25_full_capacity,0,146712,146780,1104,3312,2340496,7021488,16.0,48.0,16,16
fixed_25_full_capacity,0,146781,146853,1168,3504,2341664,7024992,16.0,48.0,16,16
fixed_25_full_capacity,0,146854,146921,1088,3264,2342752,7028256,16.0,48.0,16,16
fixed_25_full_capacity,0,146922,146994,1168,3504,2343920,7031760,16.0,48.0,16,16
fixed_25_full_capacity,0,146995,147062,1088,3264,2345008,7035024,16.0,48.0,16,16
fixed_25_full_capacity,0,147063,147134,1152,3456,2346160,7038480,16.0,48.0,16,16
fixed_25_full_capacity,0,147135,147202,1088,3264,2347248,7041744,16.0,48.0,16,16
fixed_25_full_capacity,0,147203,147272,1120,3360,2348368,7045104,16.0,48.0,16,16
fixed_25_full_capacity,0,147273,147346,1184,3552,2349552,7048656,16.0,48.0,16,16
fixed_25_full_capacity,0,147347,147424,1248,3744,2350800,7052400,16.0,48.0,16,16
fixed_25_full_capacity,0,147425,147498,1184,3552,2351984,7055952,16.0,48.0,16,16
fixed_25_full_capacity,0,147499,147567,1104,3312,2353088,7059264,16.0,48.0,16,16
fixed_25_full_capacity,0,147568,147638,1136,3408,2354224,7062672,16.0,48.0,16,16
fixed_25_full_capacity,0,147639,147716,1248,3744,2355472,7066416,16.0,48.0,16,16
fixed_25_full_capacity,0,147717,147783,1072,3216,2356544,7069632,16.0,48.0,16,16
fixed_25_full_capacity,0,147784,147855,1152,3456,2357696,7073088,16.0,48.0,16,16
fixed_25_full_capacity,0,147856,147930,1200,3600,2358896,7076688,16.0,48.0,16,16
fixed_25_full_capacity,0,147931,148002,1152,3456,2360048,7080144,16.0,48.0,16,16
fixed_25_full_capacity,0,148003,148070,1088,3264,2361136,7083408,16.0,48.0,16,16
fixed_25_full_capacity,0,148071,148138,1088,3264,2362224,7086672,16.0,48.0,16,16
fixed_25_full_capacity,0,148139,148206,1088,3264,2363312,7089936,16.0,48.0,16,16
fixed_25_full_capacity,0,148207,148284,1248,3744,2364560,7093680,16.0,48.0,16,16
fixed_25_full_capacity,0,148285,148353,1104,3312,2365664,7096992,16.0,48.0,16,16
fixed_25_full_capacity,0,148354,148430,1232,3696,2366896,7100688,16.0,48.0,16,16
fixed_25_full_capacity,0,148431,148501,1136,3408,2368032,7104096,16.0,48.0,16,16
fixed_25_full_capacity,0,148502,148574,1168,3504,2369200,7107600,16.0,48.0,16,16
fixed_25_full_capacity,0,148575,148706,2112,6336,2371312,7113936,16.0,48.0,16,16
fixed_25_full_capacity,0,148707,148778,1152,3456,2372464,7117392,16.0,48.0,16,16
fixed_25_full_capacity,0,148779,148847,1104,3312,2373568,7120704,16.0,48.0,16,16
fixed_25_full_capacity,0,148848,148913,1056,3168,2374624,7123872,16.0,48.0,16,16
fixed_25_full_capacity,0,148914,148941,448,1344,2375072,7125216,16.0,48.0,16,16
fixed_25_full_capacity,0,148942,149011,1120,3360,2376192,7128576,16.0,48.0,16,16
fixed_25_full_capacity,0,149012,149079,1088,3264,2377280,7131840,16.0,48.0,16,16
fixed_25_full_capacity,0,149080,149204,2000,6000,2379280,7137840,16.0,48.0,16,16
fixed_25_full_capacity,0,149205,149273,1104,3312,2380384,7141152,16.0,48.0,16,16
fixed_25_full_capacity,0,149274,149347,1184,3552,2381568,7144704,16.0,48.0,16,16
fixed_25_full_capacity,0,149348,149420,1168,3504,2382736,7148208,16.0,48.0,16,16
fixed_25_full_capacity,0,149421,149489,1104,3312,2383840,7151520,16.0,48.0,16,16
fixed_25_full_capacity,0,149490,149590,1616,4848,2385456,7156368,16.0,48.0,16,16
fixed_25_full_capacity,0,149591,149664,1184,3552,2386640,7159920,16.0,48.0,16,16
fixed_25_full_capacity,0,149665,149736,1152,3456,2387792,7163376,16.0,48.0,16,16
fixed_25_full_capacity,0,149737,149806,1120,3360,2388912,7166736,16.0,48.0,16,16
fixed_25_full_capacity,0,149807,149874,1088,3264,2390000,7170000,16.0,48.0,16,16
fixed_25_full_capacity,0,149875,149943,1104,3312,2391104,7173312,16.0,48.0,16,16
fixed_25_full_capacity,0,149944,150018,1200,3600,2392304,7176912,16.0,48.0,16,16
fixed_25_full_capacity,0,150019,150095,1232,3696,2393536,7180608,16.0,48.0,16,16
fixed_25_full_capacity,0,150096,150163,1088,3264,2394624,7183872,16.0,48.0,16,16
fixed_25_full_capacity,0,150164,150238,1200,3600,2395824,7187472,16.0,48.0,16,16
fixed_25_full_capacity,0,150239,150310,1152,3456,2396976,7190928,16.0,48.0,16,16
fixed_25_full_capacity,0,150311,150389,1264,3792,2398240,7194720,16.0,48.0,16,16
fixed_25_full_capacity,0,150390,150460,1136,3408,2399376,7198128,16.0,48.0,16,16
fixed_25_full_capacity,0,150461,150526,1056,3168,2400432,7201296,16.0,48.0,16,16
fixed_25_full_capacity,0,150527,150599,1168,3504,2401600,7204800,16.0,48.0,16,16
fixed_25_full_capacity,0,150600,150671,1152,3456,2402752,7208256,16.0,48.0,16,16
fixed_25_full_capacity,0,150672,150739,1088,3264,2403840,7211520,16.0,48.0,16,16
fixed_25_full_capacity,0,150740,150809,1120,3360,2404960,7214880,16.0,48.0,16,16
fixed_25_full_capacity,0,150810,150881,1152,3456,2406112,7218336,16.0,48.0,16,16
fixed_25_full_capacity,0,150882,150957,1216,3648,2407328,7221984,16.0,48.0,16,16
fixed_25_full_capacity,0,150958,151026,1104,3312,2408432,7225296,16.0,48.0,16,16
fixed_25_full_capacity,0,151027,151094,1088,3264,2409520,7228560,16.0,48.0,16,16
fixed_25_full_capacity,0,151095,151172,1248,3744,2410768,7232304,16.0,48.0,16,16
fixed_25_full_capacity,0,151173,151239,1072,3216,2411840,7235520,16.0,48.0,16,16
fixed_25_full_capacity,0,151240,151312,1168,3504,2413008,7239024,16.0,48.0,16,16
fixed_25_full_capacity,0,151313,151382,1120,3360,2414128,7242384,16.0,48.0,16,16
fixed_25_full_capacity,0,151383,151453,1136,3408,2415264,7245792,16.0,48.0,16,16
fixed_25_full_capacity,0,151454,151522,1104,3312,2416368,7249104,16.0,48.0,16,16
fixed_25_full_capacity,0,151523,151594,1152,3456,2417520,7252560,16.0,48.0,16,16
fixed_25_full_capacity,0,151595,151664,1120,3360,2418640,7255920,16.0,48.0,16,16
fixed_25_full_capacity,0,151665,151730,1056,3168,2419696,7259088,16.0,48.0,16,16
fixed_25_full_capacity,0,151731,151802,1152,3456,2420848,7262544,16.0,48.0,16,16
fixed_25_full_capacity,0,151803,151874,1152,3456,2422000,7266000,16.0,48.0,16,16
fixed_25_full_capacity,0,151875,151943,1104,3312,2423104,7269312,16.0,48.0,16,16
fixed_25_full_capacity,0,151944,152048,1680,5040,2424784,7274352,16.0,48.0,16,16
fixed_25_full_capacity,0,152049,152118,1120,3360,2425904,7277712,16.0,48.0,16,16
fixed_25_full_capacity,0,152119,152191,1168,3504,2427072,7281216,16.0,48.0,16,16
fixed_25_full_capacity,0,152192,152267,1216,3648,2428288,7284864,16.0,48.0,16,16
fixed_25_full_capacity,0,152268,152340,1168,3504,2429456,7288368,16.0,48.0,16,16
fixed_25_full_capacity,0,152341,152408,1088,3264,2430544,7291632,16.0,48.0,16,16
fixed_25_full_capacity,0,152409,152475,1072,3216,2431616,7294848,16.0,48.0,16,16
fixed_25_full_capacity,0,152476,152485,160,480,2431776,7295328,16.0,48.0,16,16
fixed_25_full_capacity,0,152486,152559,1184,3552,2432960,7298880,16.0,48.0,16,16
fixed_25_full_capacity,0,152560,152630,1136,3408,2434096,7302288,16.0,48.0,16,16
fixed_25_full_capacity,0,152631,152699,1104,3312,2435200,7305600,16.0,48.0,16,16
fixed_25_full_capacity,0,152700,152765,1056,3168,2436256,7308768,16.0,48.0,16,16
fixed_25_full_capacity,0,152766,152839,1184,3552,2437440,7312320,16.0,48.0,16,16
fixed_25_full_capacity,0,152840,152912,1168,3504,2438608,7315824,16.0,48.0,16,16
fixed_25_full_capacity,0,152913,152980,1088,3264,2439696,7319088,16.0,48.0,16,16
fixed_25_full_capacity,0,152981,153063,1328,3984,2441024,7323072,16.0,48.0,16,16
fixed_25_full_capacity,0,153064,153132,1104,3312,2442128,7326384,16.0,48.0,16,16
fixed_25_full_capacity,0,153133,153206,1184,3552,2443312,7329936,16.0,48.0,16,16
fixed_25_full_capacity,0,153207,153272,1056,3168,2444368,7333104,16.0,48.0,16,16
fixed_25_full_capacity,0,153273,153342,1120,3360,2445488,7336464,16.0,48.0,16,16
fixed_25_full_capacity,0,153343,153412,1120,3360,2446608,7339824,16.0,48.0,16,16
fixed_25_full_capacity,0,153413,153485,1168,3504,2447776,7343328,16.0,48.0,16,16
fixed_25_full_capacity,0,153486,153555,1120,3360,2448896,7346688,16.0,48.0,16,16
fixed_25_full_capacity,0,153556,153629,1184,3552,2450080,7350240,16.0,48.0,16,16
fixed_25_full_capacity,0,153630,153697,1088,3264,2451168,7353504,16.0,48.0,16,16
fixed_25_full_capacity,0,153698,153765,1088,3264,2452256,7356768,16.0,48.0,16,16
fixed_25_full_capacity,0,153766,153838,1168,3504,2453424,7360272,16.0,48.0,16,16
fixed_25_full_capacity,0,153839,153908,1120,3360,2454544,7363632,16.0,48.0,16,16
fixed_25_full_capacity,0,153909,153976,1088,3264,2455632,7366896,16.0,48.0,16,16
fixed_25_full_capacity,0,153977,154044,1088,3264,2456720,7370160,16.0,48.0,16,16
fixed_25_full_capacity,0,154045,154114,1120,3360,2457840,7373520,16.0,48.0,16,16
fixed_25_full_capacity,0,154115,154190,1216,3648,2459056,7377168,16.0,48.0,16,16
fixed_25_full_capacity,0,154191,154259,1104,3312,2460160,7380480,16.0,48.0,16,16
fixed_25_full_capacity,0,154260,154325,1056,3168,2461216,7383648,16.0,48.0,16,16
fixed_25_full_capacity,0,154326,154393,1088,3264,2462304,7386912,16.0,48.0,16,16
fixed_25_full_capacity,0,154394,154465,1152,3456,2463456,7390368,16.0,48.0,16,16
fixed_25_full_capacity,0,154466,154535,1120,3360,2464576,7393728,16.0,48.0,16,16
fixed_25_full_capacity,0,154536,154607,1152,3456,2465728,7397184,16.0,48.0,16,16
fixed_25_full_capacity,0,154608,154681,1184,3552,2466912,7400736,16.0,48.0,16,16
fixed_25_full_capacity,0,154682,154749,1088,3264,2468000,7404000,16.0,48.0,16,16
fixed_25_full_capacity,0,154750,154817,1088,3264,2469088,7407264,16.0,48.0,16,16
fixed_25_full_capacity,0,154818,154892,1200,3600,2470288,7410864,16.0,48.0,16,16
fixed_25_full_capacity,0,154893,154922,480,1440,2470768,7412304,16.0,48.0,16,16
fixed_25_full_capacity,0,154923,154994,1152,3456,2471920,7415760,16.0,48.0,16,16
fixed_25_full_capacity,0,154995,155064,1120,3360,2473040,7419120,16.0,48.0,16,16
fixed_25_full_capacity,0,155065,155136,1152,3456,2474192,7422576,16.0,48.0,16,16
fixed_25_full_capacity,0,155137,155214,1248,3744,2475440,7426320,16.0,48.0,16,16
fixed_25_full_capacity,0,155215,155398,2944,8832,2478384,7435152,16.0,48.0,16,16
fixed_25_full_capacity,0,155399,155468,1120,3360,2479504,7438512,16.0,48.0,16,16
fixed_25_full_capacity,0,155469,155541,1168,3504,2480672,7442016,16.0,48.0,16,16
fixed_25_full_capacity,0,155542,155613,1152,3456,2481824,7445472,16.0,48.0,16,16
fixed_25_full_capacity,0,155614,155684,1136,3408,2482960,7448880,16.0,48.0,16,16
fixed_25_full_capacity,0,155685,155755,1136,3408,2484096,7452288,16.0,48.0,16,16
fixed_25_full_capacity,0,155756,155829,1184,3552,2485280,7455840,16.0,48.0,16,16
fixed_25_full_capacity,0,155830,155903,1184,3552,2486464,7459392,16.0,48.0,16,16
fixed_25_full_capacity,0,155904,155973,1120,3360,2487584,7462752,16.0,48.0,16,16
fixed_25_full_capacity,0,155974,156042,1104,3312,2488688,7466064,16.0,48.0,16,16
fixed_25_full_capacity,0,156043,156108,1056,3168,2489744,7469232,16.0,48.0,16,16
fixed_25_full_capacity,0,156109,156181,1168,3504,2490912,7472736,16.0,48.0,16,16
fixed_25_full_capacity,0,156182,156255,1184,3552,2492096,7476288,16.0,48.0,16,16
fixed_25_full_capacity,0,156256,156323,1088,3264,2493184,7479552,16.0,48.0,16,16
fixed_25_full_capacity,0,156324,156400,1232,3696,2494416,7483248,16.0,48.0,16,16
fixed_25_full_capacity,0,156401,156470,1120,3360,2495536,7486608,16.0,48.0,16,16
fixed_25_full_capacity,0,156471,156537,1072,3216,2496608,7489824,16.0,48.0,16,16
fixed_25_full_capacity,0,156538,156605,1088,3264,2497696,7493088,16.0,48.0,16,16
fixed_25_full_capacity,0,156606,156672,1072,3216,2498768,7496304,16.0,48.0,16,16
fixed_25_full_capacity,0,156673,156740,1088,3264,2499856,7499568,16.0,48.0,16,16
fixed_25_full_capacity,0,156741,156814,1184,3552,2501040,7503120,16.0,48.0,16,16
fixed_25_full_capacity,0,156815,156880,1056,3168,2502096,7506288,16.0,48.0,16,16
fixed_25_full_capacity,0,156881,156958,1248,3744,2503344,7510032,16.0,48.0,16,16
fixed_25_full_capacity,0,156959,157026,1088,3264,2504432,7513296,16.0,48.0,16,16
fixed_25_full_capacity,0,157027,157097,1136,3408,2505568,7516704,16.0,48.0,16,16
fixed_25_full_capacity,0,157098,157163,1056,3168,2506624,7519872,16.0,48.0,16,16
fixed_25_full_capacity,0,157164,157231,1088,3264,2507712,7523136,16.0,48.0,16,16
fixed_25_full_capacity,0,157232,157319,1408,4224,2509120,7527360,16.0,48.0,16,16
fixed_25_full_capacity,0,157320,157386,1072,3216,2510192,7530576,16.0,48.0,16,16
fixed_25_full_capacity,0,157387,157458,1152,3456,2511344,7534032,16.0,48.0,16,16
fixed_25_full_capacity,0,157459,157532,1184,3552,2512528,7537584,16.0,48.0,16,16
fixed_25_full_capacity,0,157533,157604,1152,3456,2513680,7541040,16.0,48.0,16,16
fixed_25_full_capacity,0,157605,157674,1120,3360,2514800,7544400,16.0,48.0,16,16
fixed_25_full_capacity,0,157675,157742,1088,3264,2515888,7547664,16.0,48.0,16,16
fixed_25_full_capacity,0,157743,157825,1328,3984,2517216,7551648,16.0,48.0,16,16
fixed_25_full_capacity,0,157826,157898,1168,3504,2518384,7555152,16.0,48.0,16,16
fixed_25_full_capacity,0,157899,157968,1120,3360,2519504,7558512,16.0,48.0,16,16
fixed_25_full_capacity,0,157969,158039,1136,3408,2520640,7561920,16.0,48.0,16,16
fixed_25_full_capacity,0,158040,158111,1152,3456,2521792,7565376,16.0,48.0,16,16
fixed_25_full_capacity,0,158112,158181,1120,3360,2522912,7568736,16.0,48.0,16,16
fixed_25_full_capacity,0,158182,158251,1120,3360,2524032,7572096,16.0,48.0,16,16
fixed_25_full_capacity,0,158252,158328,1232,3696,2525264,7575792,16.0,48.0,16,16
fixed_25_full_capacity,0,158329,158398,1120,3360,2526384,7579152,16.0,48.0,16,16
fixed_25_full_capacity,0,158399,158479,1296,3888,2527680,7583040,16.0,48.0,16,16
fixed_25_full_capacity,0,158480,158553,1184,3552,2528864,7586592,16.0,48.0,16,16
fixed_25_full_capacity,0,158554,158623,1120,3360,2529984,7589952,16.0,48.0,16,16
fixed_25_full_capacity,0,158624,158700,1232,3696,2531216,7593648,16.0,48.0,16,16
fixed_25_full_capacity,0,158701,158768,1088,3264,2532304,7596912,16.0,48.0,16,16
fixed_25_full_capacity,0,158769,158842,1184,3552,2533488,7600464,16.0,48.0,16,16
fixed_25_full_capacity,0,158843,158918,1216,3648,2534704,7604112,16.0,48.0,16,16
fixed_25_full_capacity,0,158919,158984,1056,3168,2535760,7607280,16.0,48.0,16,16
fixed_25_full_capacity,0,158985,159054,1120,3360,2536880,7610640,16.0,48.0,16,16
fixed_25_full_capacity,0,159055,159123,1104,3312,2537984,7613952,16.0,48.0,16,16
fixed_25_full_capacity,0,159124,159201,1248,3744,2539232,7617696,16.0,48.0,16,16
fixed_25_full_capacity,0,159202,159273,1152,3456,2540384,7621152,16.0,48.0,16,16
fixed_25_full_capacity,0,159274,159343,1120,3360,2541504,7624512,16.0,48.0,16,16
fixed_25_full_capacity,0,159344,159411,1088,3264,2542592,7627776,16.0,48.0,16,16
fixed_25_full_capacity,0,159412,159433,352,1056,2542944,7628832,16.0,48.0,16,16
fixed_25_full_capacity,0,159434,159503,1120,3360,2544064,7632192,16.0,48.0,16,16
fixed_25_full_capacity,0,159504,159575,1152,3456,2545216,7635648,16.0,48.0,16,16
fixed_25_full_capacity,0,159576,159651,1216,3648,2546432,7639296,16.0,48.0,16,16
fixed_25_full_capacity,0,159652,159723,1152,3456,2547584,7642752,16.0,48.0,16,16
fixed_25_full_capacity,0,159724,159796,1168,3504,2548752,7646256,16.0,48.0,16,16
fixed_25_full_capacity,0,159797,159869,1168,3504,2549920,7649760,16.0,48.0,16,16
fixed_25_full_capacity,0,159870,159940,1136,3408,2551056,7653168,16.0,48.0,16,16
fixed_25_full_capacity,0,159941,160015,1200,3600,2552256,7656768,16.0,48.0,16,16
fixed_25_full_capacity,0,160016,160095,1280,3840,2553536,7660608,16.0,48.0,16,16
fixed_25_full_capacity,0,160096,160263,2688,8064,2556224,7668672,16.0,48.0,16,16
fixed_25_full_capacity,0,160264,160337,1184,3552,2557408,7672224,16.0,48.0,16,16
fixed_25_full_capacity,0,160338,160406,1104,3312,2558512,7675536,16.0,48.0,16,16
fixed_25_full_capacity,0,160407,160475,1104,3312,2559616,7678848,16.0,48.0,16,16
fixed_25_full_capacity,0,160476,160546,1136,3408,2560752,7682256,16.0,48.0,16,16
fixed_25_full_capacity,0,160547,160619,1168,3504,2561920,7685760,16.0,48.0,16,16
fixed_25_full_capacity,0,160620,160691,1152,3456,2563072,7689216,16.0,48.0,16,16
fixed_25_full_capacity,0,160692,160759,1088,3264,2564160,7692480,16.0,48.0,16,16
fixed_25_full_capacity,0,160760,160830,1136,3408,2565296,7695888,16.0,48.0,16,16
fixed_25_full_capacity,0,160831,160902,1152,3456,2566448,7699344,16.0,48.0,16,16
fixed_25_full_capacity,0,160903,160975,1168,3504,2567616,7702848,16.0,48.0,16,16
fixed_25_full_capacity,0,160976,161052,1232,3696,2568848,7706544,16.0,48.0,16,16
fixed_25_full_capacity,0,161053,161124,1152,3456,2570000,7710000,16.0,48.0,16,16
fixed_25_full_capacity,0,161125,161196,1152,3456,2571152,7713456,16.0,48.0,16,16
fixed_25_full_capacity,0,161197,161272,1216,3648,2572368,7717104,16.0,48.0,16,16
fixed_25_full_capacity,0,161273,161343,1136,3408,2573504,7720512,16.0,48.0,16,16
fixed_25_full_capacity,0,161344,161418,1200,3600,2574704,7724112,16.0,48.0,16,16
fixed_25_full_capacity,0,161419,161490,1152,3456,2575856,7727568,16.0,48.0,16,16
fixed_25_full_capacity,0,161491,161561,1136,3408,2576992,7730976,16.0,48.0,16,16
fixed_25_full_capacity,0,161562,161631,1120,3360,2578112,7734336,16.0,48.0,16,16
fixed_25_full_capacity,0,161632,161699,1088,3264,2579200,7737600,16.0,48.0,16,16
fixed_25_full_capacity,0,161700,161746,752,2256,2579952,7739856,16.0,48.0,16,16
fixed_25_full_capacity,0,161747,161814,1088,3264,2581040,7743120,16.0,48.0,16,16
fixed_25_full_capacity,0,161815,161886,1152,3456,2582192,7746576,16.0,48.0,16,16
fixed_25_full_capacity,0,161887,161956,1120,3360,2583312,7749936,16.0,48.0,16,16
fixed_25_full_capacity,0,161957,162023,1072,3216,2584384,7753152,16.0,48.0,16,16
fixed_25_full_capacity,0,162024,162097,1184,3552,2585568,7756704,16.0,48.0,16,16
fixed_25_full_capacity,0,162098,162164,1072,3216,2586640,7759920,16.0,48.0,16,16
fixed_25_full_capacity,0,162165,162234,1120,3360,2587760,7763280,16.0,48.0,16,16
fixed_25_full_capacity,0,162235,162303,1104,3312,2588864,7766592,16.0,48.0,16,16
fixed_25_full_capacity,0,162304,162384,1296,3888,2590160,7770480,16.0,48.0,16,16
fixed_25_full_capacity,0,162385,162453,1104,3312,2591264,7773792,16.0,48.0,16,16
fixed_25_full_capacity,0,162454,162529,1216,3648,2592480,7777440,16.0,48.0,16,16
fixed_25_full_capacity,0,162530,162595,1056,3168,2593536,7780608,16.0,48.0,16,16
fixed_25_full_capacity,0,162596,162671,1216,3648,2594752,7784256,16.0,48.0,16,16
fixed_25_full_capacity,0,162672,162743,1152,3456,2595904,7787712,16.0,48.0,16,16
fixed_25_full_capacity,0,162744,162810,1072,3216,2596976,7790928,16.0,48.0,16,16
fixed_25_full_capacity,0,162811,162876,1056,3168,2598032,7794096,16.0,48.0,16,16
fixed_25_full_capacity,0,162877,162951,1200,3600,2599232,7797696,16.0,48.0,16,16
fixed_25_full_capacity,0,162952,163029,1248,3744,2600480,7801440,16.0,48.0,16,16
fixed_25_full_capacity,0,163030,163105,1216,3648,2601696,7805088,16.0,48.0,16,16
fixed_25_full_capacity,0,163106,163182,1232,3696,2602928,7808784,16.0,48.0,16,16
fixed_25_full_capacity,0,163183,163261,1264,3792,2604192,7812576,16.0,48.0,16,16
fixed_25_full_capacity,0,163262,163336,1200,3600,2605392,7816176,16.0,48.0,16,16
fixed_25_full_capacity,0,163337,163414,1248,3744,2606640,7819920,16.0,48.0,16,16
fixed_25_full_capacity,0,163415,163487,1168,3504,2607808,7823424,16.0,48.0,16,16
fixed_25_full_capacity,0,163488,163563,1216,3648,2609024,7827072,16.0,48.0,16,16
fixed_25_full_capacity,0,163564,163643,1280,3840,2610304,7830912,16.0,48.0,16,16
fixed_25_full_capacity,0,163644,163716,1168,3504,2611472,7834416,16.0,48.0,16,16
fixed_25_full_capacity,0,163717,163791,1200,3600,2612672,7838016,16.0,48.0,16,16
fixed_25_full_capacity,0,163792,163868,1232,3696,2613904,7841712,16.0,48.0,16,16
fixed_25_full_capacity,0,163869,163936,1088,3264,2614992,7844976,16.0,48.0,16,16
fixed_25_full_capacity,0,163937,164010,1184,3552,2616176,7848528,16.0,48.0,16,16
fixed_25_full_capacity,0,164011,164086,1216,3648,2617392,7852176,16.0,48.0,16,16
fixed_25_full_capacity,0,164087,164166,1280,3840,2618672,7856016,16.0,48.0,16,16
fixed_25_full_capacity,0,164167,164249,1328,3984,2620000,7860000,16.0,48.0,16,16
fixed_25_full_capacity,0,164250,164316,1072,3216,2621072,7863216,16.0,48.0,16,16
fixed_25_full_capacity,0,164317,164384,1088,3264,2622160,7866480,16.0,48.0,16,16
fixed_25_full_capacity,0,164385,164453,1104,3312,2623264,7869792,16.0,48.0,16,16
fixed_25_full_capacity,0,164454,164522,1104,3312,2624368,7873104,16.0,48.0,16,16
fixed_25_full_capacity,0,164523,164590,1088,3264,2625456,7876368,16.0,48.0,16,16
fixed_25_full_capacity,0,164591,164658,1088,3264,2626544,7879632,16.0,48.0,16,16
fixed_25_full_capacity,0,164659,164729,1136,3408,2627680,7883040,16.0,48.0,16,16
fixed_25_full_capacity,0,164730,164760,496,1488,2628176,7884528,16.0,48.0,16,16
fixed_25_full_capacity,0,164761,164830,1120,3360,2629296,7887888,16.0,48.0,16,16
fixed_25_full_capacity,0,164831,164906,1216,3648,2630512,7891536,16.0,48.0,16,16
fixed_25_full_capacity,0,164907,164985,1264,3792,2631776,7895328,16.0,48.0,16,16
fixed_25_full_capacity,0,164986,165056,1136,3408,2632912,7898736,16.0,48.0,16,16
fixed_25_full_capacity,0,165057,165125,1104,3312,2634016,7902048,16.0,48.0,16,16
fixed_25_full_capacity,0,165126,165196,1136,3408,2635152,7905456,16.0,48.0,16,16
fixed_25_full_capacity,0,165197,165267,1136,3408,2636288,7908864,16.0,48.0,16,16
fixed_25_full_capacity,0,165268,165337,1120,3360,2637408,7912224,16.0,48.0,16,16
fixed_25_full_capacity,0,165338,165405,1088,3264,2638496,7915488,16.0,48.0,16,16
fixed_25_full_capacity,0,165406,165473,1088,3264,2639584,7918752,16.0,48.0,16,16
fixed_25_full_capacity,0,165474,165540,1072,3216,2640656,7921968,16.0,48.0,16,16
fixed_25_full_capacity,0,165541,165610,1120,3360,2641776,7925328,16.0,48.0,16,16
fixed_25_full_capacity,0,165611,165678,1088,3264,2642864,7928592,16.0,48.0,16,16
fixed_25_full_capacity,0,165679,165752,1184,3552,2644048,7932144,16.0,48.0,16,16
fixed_25_full_capacity,0,165753,165822,1120,3360,2645168,7935504,16.0,48.0,16,16
fixed_25_full_capacity,0,165823,165898,1216,3648,2646384,7939152,16.0,48.0,16,16
fixed_25_full_capacity,0,165899,165966,1088,3264,2647472,7942416,16.0,48.0,16,16
fixed_25_full_capacity,0,165967,166038,1152,3456,2648624,7945872,16.0,48.0,16,16
fixed_25_full_capacity,0,166039,166106,1088,3264,2649712,7949136,16.0,48.0,16,16
fixed_25_full_capacity,0,166107,166177,1136,3408,2650848,7952544,16.0,48.0,16,16
fixed_25_full_capacity,0,166178,166245,1088,3264,2651936,7955808,16.0,48.0,16,16
fixed_25_full_capacity,0,166246,166321,1216,3648,2653152,7959456,16.0,48.0,16,16
fixed_25_full_capacity,0,166322,166393,1152,3456,2654304,7962912,16.0,48.0,16,16
fixed_25_full_capacity,0,166394,166461,1088,3264,2655392,7966176,16.0,48.0,16,16
fixed_25_full_capacity,0,166462,166533,1152,3456,2656544,7969632,16.0,48.0,16,16
fixed_25_full_capacity,0,166534,166604,1136,3408,2657680,7973040,16.0,48.0,16,16
fixed_25_full_capacity,0,166605,166676,1152,3456,2658832,7976496,16.0,48.0,16,16
fixed_25_full_capacity,0,166677,166745,1104,3312,2659936,7979808,16.0,48.0,16,16
fixed_25_full_capacity,0,166746,166811,1056,3168,2660992,7982976,16.0,48.0,16,16
fixed_25_full_capacity,0,166812,166882,1136,3408,2662128,7986384,16.0,48.0,16,16
fixed_25_full_capacity,0,166883,166950,1088,3264,2663216,7989648,16.0,48.0,16,16
fixed_25_full_capacity,0,166951,167019,1104,3312,2664320,7992960,16.0,48.0,16,16
fixed_25_full_capacity,0,167020,167087,1088,3264,2665408,7996224,16.0,48.0,16,16
fixed_25_full_capacity,0,167088,167155,1088,3264,2666496,7999488,16.0,48.0,16,16
fixed_25_full_capacity,0,167156,167222,1072,3216,2667568,8002704,16.0,48.0,16,16
fixed_25_full_capacity,0,167223,167291,1104,3312,2668672,8006016,16.0,48.0,16,16
fixed_25_full_capacity,0,167292,167359,1088,3264,2669760,8009280,16.0,48.0,16,16
fixed_25_full_capacity,0,167360,167436,1232,3696,2670992,8012976,16.0,48.0,16,16
fixed_25_full_capacity,0,167437,167506,1120,3360,2672112,8016336,16.0,48.0,16,16
fixed_25_full_capacity,0,167507,167575,1104,3312,2673216,8019648,16.0,48.0,16,16
fixed_25_full_capacity,0,167576,167656,1296,3888,2674512,8023536,16.0,48.0,16,16
fixed_25_full_capacity,0,167657,167728,1152,3456,2675664,8026992,16.0,48.0,16,16
fixed_25_full_capacity,0,167729,167799,1136,3408,2676800,8030400,16.0,48.0,16,16
fixed_25_full_capacity,0,167800,167868,1104,3312,2677904,8033712,16.0,48.0,16,16
fixed_25_full_capacity,0,167869,167936,1088,3264,2678992,8036976,16.0,48.0,16,16
fixed_25_full_capacity,0,167937,168010,1184,3552,2680176,8040528,16.0,48.0,16,16
fixed_25_full_capacity,0,168011,168076,1056,3168,2681232,8043696,16.0,48.0,16,16
fixed_25_full_capacity,0,168077,168147,1136,3408,2682368,8047104,16.0,48.0,16,16
fixed_25_full_capacity,0,168148,168218,1136,3408,2683504,8050512,16.0,48.0,16,16
fixed_25_full_capacity,0,168219,168286,1088,3264,2684592,8053776,16.0,48.0,16,16
fixed_25_full_capacity,0,168287,168356,1120,3360,2685712,8057136,16.0,48.0,16,16
fixed_25_full_capacity,0,168357,168423,1072,3216,2686784,8060352,16.0,48.0,16,16
fixed_25_full_capacity,0,168424,168491,1088,3264,2687872,8063616,16.0,48.0,16,16
fixed_25_full_capacity,0,168492,168561,1120,3360,2688992,8066976,16.0,48.0,16,16
fixed_25_full_capacity,0,168562,168636,1200,3600,2690192,8070576,16.0,48.0,16,16
fixed_25_full_capacity,0,168637,168706,1120,3360,2691312,8073936,16.0,48.0,16,16
fixed_25_full_capacity,0,168707,168776,1120,3360,2692432,8077296,16.0,48.0,16,16
fixed_25_full_capacity,0,168777,168845,1104,3312,2693536,8080608,16.0,48.0,16,16
fixed_25_full_capacity,0,168846,168917,1152,3456,2694688,8084064,16.0,48.0,16,16
fixed_25_full_capacity,0,168918,168983,1056,3168,2695744,8087232,16.0,48.0,16,16
fixed_25_full_capacity,0,168984,169051,1088,3264,2696832,8090496,16.0,48.0,16,16
fixed_25_full_capacity,0,169052,169123,1152,3456,2697984,8093952,16.0,48.0,16,16
fixed_25_full_capacity,0,169124,169193,1120,3360,2699104,8097312,16.0,48.0,16,16
fixed_25_full_capacity,0,169194,169261,1088,3264,2700192,8100576,16.0,48.0,16,16
fixed_25_full_capacity,0,169262,169331,1120,3360,2701312,8103936,16.0,48.0,16,16
fixed_25_full_capacity,0,169332,169400,1104,3312,2702416,8107248,16.0,48.0,16,16
fixed_25_full_capacity,0,169401,169417,272,816,2702688,8108064,16.0,48.0,16,16
fixed_25_full_capacity,0,169418,169506,1424,4272,2704112,8112336,16.0,48.0,16,16
fixed_25_full_capacity,0,169507,169576,1120,3360,2705232,8115696,16.0,48.0,16,16
fixed_25_full_capacity,0,169577,169650,1184,3552,2706416,8119248,16.0,48.0,16,16
fixed_25_full_capacity,0,169651,169716,1056,3168,2707472,8122416,16.0,48.0,16,16
fixed_25_full_capacity,0,169717,169787,1136,3408,2708608,8125824,16.0,48.0,16,16
fixed_25_full_capacity,0,169788,169864,1232,3696,2709840,8129520,16.0,48.0,16,16
fixed_25_full_capacity,0,169865,169938,1184,3552,2711024,8133072,16.0,48.0,16,16
fixed_25_full_capacity,0,169939,170008,1120,3360,2712144,8136432,16.0,48.0,16,16
fixed_25_full_capacity,0,170009,170080,1152,3456,2713296,8139888,16.0,48.0,16,16
fixed_25_full_capacity,0,170081,170152,1152,3456,2714448,8143344,16.0,48.0,16,16
fixed_25_full_capacity,0,170153,170220,1088,3264,2715536,8146608,16.0,48.0,16,16
fixed_25_full_capacity,0,170221,170291,1136,3408,2716672,8150016,16.0,48.0,16,16
fixed_25_full_capacity,0,170292,170361,1120,3360,2717792,8153376,16.0,48.0,16,16
fixed_25_full_capacity,0,170362,170429,1088,3264,2718880,8156640,16.0,48.0,16,16
fixed_25_full_capacity,0,170430,170500,1136,3408,2720016,8160048,16.0,48.0,16,16
fixed_25_full_capacity,0,170501,170570,1120,3360,2721136,8163408,16.0,48.0,16,16
fixed_25_full_capacity,0,170571,170639,1104,3312,2722240,8166720,16.0,48.0,16,16
fixed_25_full_capacity,0,170640,170706,1072,3216,2723312,8169936,16.0,48.0,16,16
fixed_25_full_capacity,0,170707,170777,1136,3408,2724448,8173344,16.0,48.0,16,16
fixed_25_full_capacity,0,170778,170846,1104,3312,2725552,8176656,16.0,48.0,16,16
fixed_25_full_capacity,0,170847,170914,1088,3264,2726640,8179920,16.0,48.0,16,16
fixed_25_full_capacity,0,170915,170985,1136,3408,2727776,8183328,16.0,48.0,16,16
fixed_25_full_capacity,0,170986,171054,1104,3312,2728880,8186640,16.0,48.0,16,16
fixed_25_full_capacity,0,171055,171124,1120,3360,2730000,8190000,16.0,48.0,16,16
fixed_25_full_capacity,0,171125,171191,1072,3216,2731072,8193216,16.0,48.0,16,16
fixed_25_full_capacity,0,171192,171259,1088,3264,2732160,8196480,16.0,48.0,16,16
fixed_25_full_capacity,0,171260,171327,1088,3264,2733248,8199744,16.0,48.0,16,16
fixed_25_full_capacity,0,171328,171401,1184,3552,2734432,8203296,16.0,48.0,16,16
fixed_25_full_capacity,0,171402,171473,1152,3456,2735584,8206752,16.0,48.0,16,16
fixed_25_full_capacity,0,171474,171545,1152,3456,2736736,8210208,16.0,48.0,16,16
fixed_25_full_capacity,0,171546,171615,1120,3360,2737856,8213568,16.0,48.0,16,16
fixed_25_full_capacity,0,171616,171682,1072,3216,2738928,8216784,16.0,48.0,16,16
fixed_25_full_capacity,0,171683,171758,1216,3648,2740144,8220432,16.0,48.0,16,16
fixed_25_full_capacity,0,171759,171827,1104,3312,2741248,8223744,16.0,48.0,16,16
fixed_25_full_capacity,0,171828,171902,1200,3600,2742448,8227344,16.0,48.0,16,16
fixed_25_full_capacity,0,171903,171974,1152,3456,2743600,8230800,16.0,48.0,16,16
fixed_25_full_capacity,0,171975,172044,1120,3360,2744720,8234160,16.0,48.0,16,16
fixed_25_full_capacity,0,172045,172110,1056,3168,2745776,8237328,16.0,48.0,16,16
fixed_25_full_capacity,0,172111,172179,1104,3312,2746880,8240640,16.0,48.0,16,16
fixed_25_full_capacity,0,172180,172253,1184,3552,2748064,8244192,16.0,48.0,16,16
fixed_25_full_capacity,0,172254,172287,544,1632,2748608,8245824,16.0,48.0,16,16
fixed_25_full_capacity,0,172288,172358,1136,3408,2749744,8249232,16.0,48.0,16,16
fixed_25_full_capacity,0,172359,172427,1104,3312,2750848,8252544,16.0,48.0,16,16
fixed_25_full_capacity,0,172428,172498,1136,3408,2751984,8255952,16.0,48.0,16,16
fixed_25_full_capacity,0,172499,172567,1104,3312,2753088,8259264,16.0,48.0,16,16
fixed_25_full_capacity,0,172568,172639,1152,3456,2754240,8262720,16.0,48.0,16,16
fixed_25_full_capacity,0,172640,172705,1056,3168,2755296,8265888,16.0,48.0,16,16
fixed_25_full_capacity,0,172706,172775,1120,3360,2756416,8269248,16.0,48.0,16,16
fixed_25_full_capacity,0,172776,172846,1136,3408,2757552,8272656,16.0,48.0,16,16
fixed_25_full_capacity,0,172847,172914,1088,3264,2758640,8275920,16.0,48.0,16,16
fixed_25_full_capacity,0,172915,172980,1056,3168,2759696,8279088,16.0,48.0,16,16
fixed_25_full_capacity,0,172981,173060,1280,3840,2760976,8282928,16.0,48.0,16,16
fixed_25_full_capacity,0,173061,173132,1152,3456,2762128,8286384,16.0,48.0,16,16
fixed_25_full_capacity,0,173133,173200,1088,3264,2763216,8289648,16.0,48.0,16,16
fixed_25_full_capacity,0,173201,173268,1088,3264,2764304,8292912,16.0,48.0,16,16
fixed_25_full_capacity,0,173269,173342,1184,3552,2765488,8296464,16.0,48.0,16,16
fixed_25_full_capacity,0,173343,173415,1168,3504,2766656,8299968,16.0,48.0,16,16
fixed_25_full_capacity,0,173416,173486,1136,3408,2767792,8303376,16.0,48.0,16,16
fixed_25_full_capacity,0,173487,173552,1056,3168,2768848,8306544,16.0,48.0,16,16
fixed_25_full_capacity,0,173553,173616,1024,3072,2769872,8309616,16.0,48.0,16,16
fixed_25_full_capacity,0,173617,173686,1120,3360,2770992,8312976,16.0,48.0,16,16
fixed_25_full_capacity,0,173687,173757,1136,3408,2772128,8316384,16.0,48.0,16,16
fixed_25_full_capacity,0,173758,173831,1184,3552,2773312,8319936,16.0,48.0,16,16
fixed_25_full_capacity,0,173832,173897,1056,3168,2774368,8323104,16.0,48.0,16,16
fixed_25_full_capacity,0,173898,173965,1088,3264,2775456,8326368,16.0,48.0,16,16
fixed_25_full_capacity,0,173966,174037,1152,3456,2776608,8329824,16.0,48.0,16,16
fixed_25_full_capacity,0,174038,174108,1136,3408,2777744,8333232,16.0,48.0,16,16
fixed_25_full_capacity,0,174109,174181,1168,3504,2778912,8336736,16.0,48.0,16,16
fixed_25_full_capacity,0,174182,174224,688,2064,2779600,8338800,16.0,48.0,16,16
fixed_25_full_capacity,0,174225,174264,640,1920,2780240,8340720,16.0,48.0,16,16
fixed_25_full_capacity,0,174265,174339,1200,3600,2781440,8344320,16.0,48.0,16,16
fixed_25_full_capacity,0,174340,174431,1472,4416,2782912,8348736,16.0,48.0,16,16
fixed_25_full_capacity,0,174432,174502,1136,3408,2784048,8352144,16.0,48.0,16,16
fixed_25_full_capacity,0,174503,174570,1088,3264,2785136,8355408,16.0,48.0,16,16
fixed_25_full_capacity,0,174571,174641,1136,3408,2786272,8358816,16.0,48.0,16,16
fixed_25_full_capacity,0,174642,174713,1152,3456,2787424,8362272,16.0,48.0,16,16
fixed_25_full_capacity,0,174714,174784,1136,3408,2788560,8365680,16.0,48.0,16,16
fixed_25_full_capacity,0,174785,174863,1264,3792,2789824,8369472,16.0,48.0,16,16
fixed_25_full_capacity,0,174864,174934,1136,3408,2790960,8372880,16.0,48.0,16,16
fixed_25_full_capacity,0,174935,175005,1136,3408,2792096,8376288,16.0,48.0,16,16
fixed_25_full_capacity,0,175006,175075,1120,3360,2793216,8379648,16.0,48.0,16,16
fixed_25_full_capacity,0,175076,175143,1088,3264,2794304,8382912,16.0,48.0,16,16
fixed_25_full_capacity,0,175144,175216,1168,3504,2795472,8386416,16.0,48.0,16,16
fixed_25_full_capacity,0,175217,175302,1376,4128,2796848,8390544,16.0,48.0,16,16
fixed_25_full_capacity,0,175303,175368,1056,3168,2797904,8393712,16.0,48.0,16,16
fixed_25_full_capacity,0,175369,175436,1088,3264,2798992,8396976,16.0,48.0,16,16
fixed_25_full_capacity,0,175437,175512,1216,3648,2800208,8400624,16.0,48.0,16,16
fixed_25_full_capacity,0,175513,175586,1184,3552,2801392,8404176,16.0,48.0,16,16
fixed_25_full_capacity,0,175587,175654,1088,3264,2802480,8407440,16.0,48.0,16,16
fixed_25_full_capacity,0,175655,175723,1104,3312,2803584,8410752,16.0,48.0,16,16
fixed_25_full_capacity,0,175724,175793,1120,3360,2804704,8414112,16.0,48.0,16,16
fixed_25_full_capacity,0,175794,175861,1088,3264,2805792,8417376,16.0,48.0,16,16
fixed_25_full_capacity,0,175862,175934,1168,3504,2806960,8420880,16.0,48.0,16,16
fixed_25_full_capacity,0,175935,176004,1120,3360,2808080,8424240,16.0,48.0,16,16
fixed_25_full_capacity,0,176005,176072,1088,3264,2809168,8427504,16.0,48.0,16,16
fixed_25_full_capacity,0,176073,176141,1104,3312,2810272,8430816,16.0,48.0,16,16
fixed_25_full_capacity,0,176142,176218,1232,3696,2811504,8434512,16.0,48.0,16,16
fixed_25_full_capacity,0,176219,176287,1104,3312,2812608,8437824,16.0,48.0,16,16
fixed_25_full_capacity,0,176288,176360,1168,3504,2813776,8441328,16.0,48.0,16,16
fixed_25_full_capacity,0,176361,176431,1136,3408,2814912,8444736,16.0,48.0,16,16
fixed_25_full_capacity,0,176432,176497,1056,3168,2815968,8447904,16.0,48.0,16,16
fixed_25_full_capacity,0,176498,176569,1152,3456,2817120,8451360,16.0,48.0,16,16
fixed_25_full_capacity,0,176570,176641,1152,3456,2818272,8454816,16.0,48.0,16,16
fixed_25_full_capacity,0,176642,176707,1056,3168,2819328,8457984,16.0,48.0,16,16
fixed_25_full_capacity,0,176708,176776,1104,3312,2820432,8461296,16.0,48.0,16,16
fixed_25_full_capacity,0,176777,176842,1056,3168,2821488,8464464,16.0,48.0,16,16
fixed_25_full_capacity,0,176843,176912,1120,3360,2822608,8467824,16.0,48.0,16,16
fixed_25_full_capacity,0,176913,176984,1152,3456,2823760,8471280,16.0,48.0,16,16
fixed_25_full_capacity,0,176985,177060,1216,3648,2824976,8474928,16.0,48.0,16,16
fixed_25_full_capacity,0,177061,177127,1072,3216,2826048,8478144,16.0,48.0,16,16
fixed_25_full_capacity,0,177128,177194,1072,3216,2827120,8481360,16.0,48.0,16,16
fixed_25_full_capacity,0,177195,177272,1248,3744,2828368,8485104,16.0,48.0,16,16
fixed_25_full_capacity,0,177273,177339,1072,3216,2829440,8488320,16.0,48.0,16,16
fixed_25_full_capacity,0,177340,177413,1184,3552,2830624,8491872,16.0,48.0,16,16
fixed_25_full_capacity,0,177414,177486,1168,3504,2831792,8495376,16.0,48.0,16,16
fixed_25_full_capacity,0,177487,177571,1360,4080,2833152,8499456,16.0,48.0,16,16
fixed_25_full_capacity,0,177572,177649,1248,3744,2834400,8503200,16.0,48.0,16,16
fixed_25_full_capacity,0,177650,177717,1088,3264,2835488,8506464,16.0,48.0,16,16
fixed_25_full_capacity,0,177718,177789,1152,3456,2836640,8509920,16.0,48.0,16,16
fixed_25_full_capacity,0,177790,177859,1120,3360,2837760,8513280,16.0,48.0,16,16
fixed_25_full_capacity,0,177860,177927,1088,3264,2838848,8516544,16.0,48.0,16,16
fixed_25_full_capacity,0,177928,178008,1296,3888,2840144,8520432,16.0,48.0,16,16
fixed_25_full_capacity,0,178009,178078,1120,3360,2841264,8523792,16.0,48.0,16,16
fixed_25_full_capacity,0,178079,178148,1120,3360,2842384,8527152,16.0,48.0,16,16
fixed_25_full_capacity,0,178149,178189,656,1968,2843040,8529120,16.0,48.0,16,16
fixed_25_full_capacity,0,178190,178262,1168,3504,2844208,8532624,16.0,48.0,16,16
fixed_25_full_capacity,0,178263,178331,1104,3312,2845312,8535936,16.0,48.0,16,16
fixed_25_full_capacity,0,178332,178409,1248,3744,2846560,8539680,16.0,48.0,16,16
fixed_25_full_capacity,0,178410,178480,1136,3408,2847696,8543088,16.0,48.0,16,16
fixed_25_full_capacity,0,178481,178548,1088,3264,2848784,8546352,16.0,48.0,16,16
fixed_25_full_capacity,0,178549,178620,1152,3456,2849936,8549808,16.0,48.0,16,16
fixed_25_full_capacity,0,178621,178695,1200,3600,2851136,8553408,16.0,48.0,16,16
fixed_25_full_capacity,0,178696,178766,1136,3408,2852272,8556816,16.0,48.0,16,16
fixed_25_full_capacity,0,178767,178835,1104,3312,2853376,8560128,16.0,48.0,16,16
fixed_25_full_capacity,0,178836,178843,128,384,2853504,8560512,16.0,48.0,16,16
fixed_25_full_capacity,0,178844,178913,1120,3360,2854624,8563872,16.0,48.0,16,16
fixed_25_full_capacity,0,178914,178921,128,384,2854752,8564256,16.0,48.0,16,16
fixed_25_full_capacity,0,178922,178993,1152,3456,2855904,8567712,16.0,48.0,16,16
fixed_25_full_capacity,0,178994,179063,1120,3360,2857024,8571072,16.0,48.0,16,16
fixed_25_full_capacity,0,179064,179134,1136,3408,2858160,8574480,16.0,48.0,16,16
fixed_25_full_capacity,0,179135,179206,1152,3456,2859312,8577936,16.0,48.0,16,16
fixed_25_full_capacity,0,179207,179220,224,672,2859536,8578608,16.0,48.0,16,16
fixed_25_full_capacity,0,179221,179288,1088,3264,2860624,8581872,16.0,48.0,16,16
fixed_25_full_capacity,0,179289,179357,1104,3312,2861728,8585184,16.0,48.0,16,16
fixed_25_full_capacity,0,179358,179430,1168,3504,2862896,8588688,16.0,48.0,16,16
fixed_25_full_capacity,0,179431,179496,1056,3168,2863952,8591856,16.0,48.0,16,16
fixed_25_full_capacity,0,179497,179566,1120,3360,2865072,8595216,16.0,48.0,16,16
fixed_25_full_capacity,0,179567,179615,784,2352,2865856,8597568,16.0,48.0,16,16
fixed_25_full_capacity,0,179616,179684,1104,3312,2866960,8600880,16.0,48.0,16,16
fixed_25_full_capacity,0,179685,179754,1120,3360,2868080,8604240,16.0,48.0,16,16
fixed_25_full_capacity,0,179755,179823,1104,3312,2869184,8607552,16.0,48.0,16,16
fixed_25_full_capacity,0,179824,179897,1184,3552,2870368,8611104,16.0,48.0,16,16
fixed_25_full_capacity,0,179898,179965,1088,3264,2871456,8614368,16.0,48.0,16,16
fixed_25_full_capacity,0,179966,180031,1056,3168,2872512,8617536,16.0,48.0,16,16
fixed_25_full_capacity,0,180032,180102,1136,3408,2873648,8620944,16.0,48.0,16,16
fixed_25_full_capacity,0,180103,180179,1232,3696,2874880,8624640,16.0,48.0,16,16
fixed_25_full_capacity,0,180180,180252,1168,3504,2876048,8628144,16.0,48.0,16,16
fixed_25_full_capacity,0,180253,180326,1184,3552,2877232,8631696,16.0,48.0,16,16
fixed_25_full_capacity,0,180327,180394,1088,3264,2878320,8634960,16.0,48.0,16,16
fixed_25_full_capacity,0,180395,180462,1088,3264,2879408,8638224,16.0,48.0,16,16
fixed_25_full_capacity,0,180463,180529,1072,3216,2880480,8641440,16.0,48.0,16,16
fixed_25_full_capacity,0,180530,180597,1088,3264,2881568,8644704,16.0,48.0,16,16
fixed_25_full_capacity,0,180598,180669,1152,3456,2882720,8648160,16.0,48.0,16,16
fixed_25_full_capacity,0,180670,180714,720,2160,2883440,8650320,16.0,48.0,16,16
fixed_25_full_capacity,0,180715,180786,1152,3456,2884592,8653776,16.0,48.0,16,16
fixed_25_full_capacity,0,180787,180858,1152,3456,2885744,8657232,16.0,48.0,16,16
fixed_25_full_capacity,0,180859,180930,1152,3456,2886896,8660688,16.0,48.0,16,16
fixed_25_full_capacity,0,180931,181005,1200,3600,2888096,8664288,16.0,48.0,16,16
fixed_25_full_capacity,0,181006,181080,1200,3600,2889296,8667888,16.0,48.0,16,16
fixed_25_full_capacity,0,181081,181150,1120,3360,2890416,8671248,16.0,48.0,16,16
fixed_25_full_capacity,0,181151,181218,1088,3264,2891504,8674512,16.0,48.0,16,16
fixed_25_full_capacity,0,181219,181289,1136,3408,2892640,8677920,16.0,48.0,16,16
fixed_25_full_capacity,0,181290,181359,1120,3360,2893760,8681280,16.0,48.0,16,16
fixed_25_full_capacity,0,181360,181438,1264,3792,2895024,8685072,16.0,48.0,16,16
fixed_25_full_capacity,0,181439,181515,1232,3696,2896256,8688768,16.0,48.0,16,16
fixed_25_full_capacity,0,181516,181589,1184,3552,2897440,8692320,16.0,48.0,16,16
fixed_25_full_capacity,0,181590,181606,272,816,2897712,8693136,16.0,48.0,16,16
fixed_25_full_capacity,0,181607,181676,1120,3360,2898832,8696496,16.0,48.0,16,16
fixed_25_full_capacity,0,181677,181748,1152,3456,2899984,8699952,16.0,48.0,16,16
fixed_25_full_capacity,0,181749,181814,1056,3168,2901040,8703120,16.0,48.0,16,16
fixed_25_full_capacity,0,181815,181885,1136,3408,2902176,8706528,16.0,48.0,16,16
fixed_25_full_capacity,0,181886,181956,1136,3408,2903312,8709936,16.0,48.0,16,16
fixed_25_full_capacity,0,181957,182027,1136,3408,2904448,8713344,16.0,48.0,16,16
fixed_25_full_capacity,0,182028,182046,304,912,2904752,8714256,16.0,48.0,16,16
fixed_25_full_capacity,0,182047,182112,1056,3168,2905808,8717424,16.0,48.0,16,16
fixed_25_full_capacity,0,182113,182180,1088,3264,2906896,8720688,16.0,48.0,16,16
fixed_25_full_capacity,0,182181,182252,1152,3456,2908048,8724144,16.0,48.0,16,16
fixed_25_full_capacity,0,182253,182324,1152,3456,2909200,8727600,16.0,48.0,16,16
fixed_25_full_capacity,0,182325,182394,1120,3360,2910320,8730960,16.0,48.0,16,16
fixed_25_full_capacity,0,182395,182462,1088,3264,2911408,8734224,16.0,48.0,16,16
fixed_25_full_capacity,0,182463,182534,1152,3456,2912560,8737680,16.0,48.0,16,16
fixed_25_full_capacity,0,182535,182605,1136,3408,2913696,8741088,16.0,48.0,16,16
fixed_25_full_capacity,0,182606,182675,1120,3360,2914816,8744448,16.0,48.0,16,16
fixed_25_full_capacity,0,182676,182749,1184,3552,2916000,8748000,16.0,48.0,16,16
fixed_25_full_capacity,0,182750,182818,1104,3312,2917104,8751312,16.0,48.0,16,16
fixed_25_full_capacity,0,182819,182890,1152,3456,2918256,8754768,16.0,48.0,16,16
fixed_25_full_capacity,0,182891,182965,1200,3600,2919456,8758368,16.0,48.0,16,16
fixed_25_full_capacity,0,182966,183034,1104,3312,2920560,8761680,16.0,48.0,16,16
fixed_25_full_capacity,0,183035,183102,1088,3264,2921648,8764944,16.0,48.0,16,16
fixed_25_full_capacity,0,183103,183170,1088,3264,2922736,8768208,16.0,48.0,16,16
fixed_25_full_capacity,0,183171,183245,1200,3600,2923936,8771808,16.0,48.0,16,16
fixed_25_full_capacity,0,183246,183316,1136,3408,2925072,8775216,16.0,48.0,16,16
fixed_25_full_capacity,0,183317,183388,1152,3456,2926224,8778672,16.0,48.0,16,16
fixed_25_full_capacity,0,183389,183461,1168,3504,2927392,8782176,16.0,48.0,16,16
fixed_25_full_capacity,0,183462,183538,1232,3696,2928624,8785872,16.0,48.0,16,16
fixed_25_full_capacity,0,183539,183606,1088,3264,2929712,8789136,16.0,48.0,16,16
fixed_25_full_capacity,0,183607,183675,1104,3312,2930816,8792448,16.0,48.0,16,16
fixed_25_full_capacity,0,183676,183747,1152,3456,2931968,8795904,16.0,48.0,16,16
fixed_25_full_capacity,0,183748,183817,1120,3360,2933088,8799264,16.0,48.0,16,16
fixed_25_full_capacity,0,183818,183894,1232,3696,2934320,8802960,16.0,48.0,16,16
fixed_25_full_capacity,0,183895,183971,1232,3696,2935552,8806656,16.0,48.0,16,16
fixed_25_full_capacity,0,183972,184039,1088,3264,2936640,8809920,16.0,48.0,16,16
fixed_25_full_capacity,0,184040,184112,1168,3504,2937808,8813424,16.0,48.0,16,16
fixed_25_full_capacity,0,184113,184180,1088,3264,2938896,8816688,16.0,48.0,16,16
fixed_25_full_capacity,0,184181,184250,1120,3360,2940016,8820048,16.0,48.0,16,16
fixed_25_full_capacity,0,184251,184323,1168,3504,2941184,8823552,16.0,48.0,16,16
fixed_25_full_capacity,0,184324,184393,1120,3360,2942304,8826912,16.0,48.0,16,16
fixed_25_full_capacity,0,184394,184463,1120,3360,2943424,8830272,16.0,48.0,16,16
fixed_25_full_capacity,0,184464,184532,1104,3312,2944528,8833584,16.0,48.0,16,16
fixed_25_full_capacity,0,184533,184602,1120,3360,2945648,8836944,16.0,48.0,16,16
fixed_25_full_capacity,0,184603,184674,1152,3456,2946800,8840400,16.0,48.0,16,16
fixed_25_full_capacity,0,184675,184743,1104,3312,2947904,8843712,16.0,48.0,16,16
fixed_25_full_capacity,0,184744,184817,1184,3552,2949088,8847264,16.0,48.0,16,16
fixed_25_full_capacity,0,184818,184885,1088,3264,2950176,8850528,16.0,48.0,16,16
fixed_25_full_capacity,0,184886,184956,1136,3408,2951312,8853936,16.0,48.0,16,16
fixed_25_full_capacity,0,184957,185025,1104,3312,2952416,8857248,16.0,48.0,16,16
fixed_25_full_capacity,0,185026,185094,1104,3312,2953520,8860560,16.0,48.0,16,16
fixed_25_full_capacity,0,185095,185161,1072,3216,2954592,8863776,16.0,48.0,16,16
fixed_25_full_capacity,0,185162,185234,1168,3504,2955760,8867280,16.0,48.0,16,16
fixed_25_full_capacity,0,185235,185300,1056,3168,2956816,8870448,16.0,48.0,16,16
fixed_25_full_capacity,0,185301,185372,1152,3456,2957968,8873904,16.0,48.0,16,16
fixed_25_full_capacity,0,185373,185442,1120,3360,2959088,8877264,16.0,48.0,16,16
fixed_25_full_capacity,0,185443,185512,1120,3360,2960208,8880624,16.0,48.0,16,16
fixed_25_full_capacity,0,185513,185589,1232,3696,2961440,8884320,16.0,48.0,16,16
fixed_25_full_capacity,0,185590,185656,1072,3216,2962512,8887536,16.0,48.0,16,16
fixed_25_full_capacity,0,185657,185733,1232,3696,2963744,8891232,16.0,48.0,16,16
fixed_25_full_capacity,0,185734,185809,1216,3648,2964960,8894880,16.0,48.0,16,16
fixed_25_full_capacity,0,185810,185875,1056,3168,2966016,8898048,16.0,48.0,16,16
fixed_25_full_capacity,0,185876,185946,1136,3408,2967152,8901456,16.0,48.0,16,16
fixed_25_full_capacity,0,185947,186014,1088,3264,2968240,8904720,16.0,48.0,16,16
fixed_25_full_capacity,0,186015,186085,1136,3408,2969376,8908128,16.0,48.0,16,16
fixed_25_full_capacity,0,186086,186154,1104,3312,2970480,8911440,16.0,48.0,16,16
fixed_25_full_capacity,0,186155,186225,1136,3408,2971616,8914848,16.0,48.0,16,16
fixed_25_full_capacity,0,186226,186298,1168,3504,2972784,8918352,16.0,48.0,16,16
fixed_25_full_capacity,0,186299,186369,1136,3408,2973920,8921760,16.0,48.0,16,16
fixed_25_full_capacity,0,186370,186450,1296,3888,2975216,8925648,16.0,48.0,16,16
fixed_25_full_capacity,0,186451,186523,1168,3504,2976384,8929152,16.0,48.0,16,16
fixed_25_full_capacity,0,186524,186591,1088,3264,2977472,8932416,16.0,48.0,16,16
fixed_25_full_capacity,0,186592,186660,1104,3312,2978576,8935728,16.0,48.0,16,16
fixed_25_full_capacity,0,186661,186736,1216,3648,2979792,8939376,16.0,48.0,16,16
fixed_25_full_capacity,0,186737,186807,1136,3408,2980928,8942784,16.0,48.0,16,16
fixed_25_full_capacity,0,186808,186878,1136,3408,2982064,8946192,16.0,48.0,16,16
fixed_25_full_capacity,0,186879,186949,1136,3408,2983200,8949600,16.0,48.0,16,16
fixed_25_full_capacity,0,186950,187019,1120,3360,2984320,8952960,16.0,48.0,16,16
fixed_25_full_capacity,0,187020,187090,1136,3408,2985456,8956368,16.0,48.0,16,16
fixed_25_full_capacity,0,187091,187163,1168,3504,2986624,8959872,16.0,48.0,16,16
fixed_25_full_capacity,0,187164,187233,1120,3360,2987744,8963232,16.0,48.0,16,16
fixed_25_full_capacity,0,187234,187304,1136,3408,2988880,8966640,16.0,48.0,16,16
fixed_25_full_capacity,0,187305,187379,1200,3600,2990080,8970240,16.0,48.0,16,16
fixed_25_full_capacity,0,187380,187445,1056,3168,2991136,8973408,16.0,48.0,16,16
fixed_25_full_capacity,0,187446,187515,1120,3360,2992256,8976768,16.0,48.0,16,16
fixed_25_full_capacity,0,187516,187584,1104,3312,2993360,8980080,16.0,48.0,16,16
fixed_25_full_capacity,0,187585,187652,1088,3264,2994448,8983344,16.0,48.0,16,16
fixed_25_full_capacity,0,187653,187722,1120,3360,2995568,8986704,16.0,48.0,16,16
fixed_25_full_capacity,0,187723,187793,1136,3408,2996704,8990112,16.0,48.0,16,16
fixed_25_full_capacity,0,187794,187861,1088,3264,2997792,8993376,16.0,48.0,16,16
fixed_25_full_capacity,0,187862,187933,1152,3456,2998944,8996832,16.0,48.0,16,16
fixed_25_full_capacity,0,187934,188001,1088,3264,3000032,9000096,16.0,48.0,16,16
fixed_25_full_capacity,0,188002,188072,1136,3408,3001168,9003504,16.0,48.0,16,16
fixed_25_full_capacity,0,188073,188142,1120,3360,3002288,9006864,16.0,48.0,16,16
fixed_25_full_capacity,0,188143,188217,1200,3600,3003488,9010464,16.0,48.0,16,16
fixed_25_full_capacity,0,188218,188284,1072,3216,3004560,9013680,16.0,48.0,16,16
fixed_25_full_capacity,0,188285,188355,1136,3408,3005696,9017088,16.0,48.0,16,16
fixed_25_full_capacity,0,188356,188425,1120,3360,3006816,9020448,16.0,48.0,16,16
fixed_25_full_capacity,0,188426,188495,1120,3360,3007936,9023808,16.0,48.0,16,16
fixed_25_full_capacity,0,188496,188567,1152,3456,3009088,9027264,16.0,48.0,16,16
fixed_25_full_capacity,0,188568,188636,1104,3312,3010192,9030576,16.0,48.0,16,16
fixed_25_full_capacity,0,188637,188703,1072,3216,3011264,9033792,16.0,48.0,16,16
fixed_25_full_capacity,0,188704,188769,1056,3168,3012320,9036960,16.0,48.0,16,16
fixed_25_full_capacity,0,188770,188838,1104,3312,3013424,9040272,16.0,48.0,16,16
fixed_25_full_capacity,0,188839,188905,1072,3216,3014496,9043488,16.0,48.0,16,16
fixed_25_full_capacity,0,188906,188971,1056,3168,3015552,9046656,16.0,48.0,16,16
fixed_25_full_capacity,0,188972,189042,1136,3408,3016688,9050064,16.0,48.0,16,16
fixed_25_full_capacity,0,189043,189115,1168,3504,3017856,9053568,16.0,48.0,16,16
fixed_25_full_capacity,0,189116,189131,256,768,3018112,9054336,16.0,48.0,16,16
fixed_25_full_capacity,0,189132,189201,1120,3360,3019232,9057696,16.0,48.0,16,16
fixed_25_full_capacity,0,189202,189271,1120,3360,3020352,9061056,16.0,48.0,16,16
fixed_25_full_capacity,0,189272,189350,1264,3792,3021616,9064848,16.0,48.0,16,16
fixed_25_full_capacity,0,189351,189420,1120,3360,3022736,9068208,16.0,48.0,16,16
fixed_25_full_capacity,0,189421,189486,1056,3168,3023792,9071376,16.0,48.0,16,16
fixed_25_full_capacity,0,189487,189553,1072,3216,3024864,9074592,16.0,48.0,16,16
fixed_25_full_capacity,0,189554,189626,1168,3504,3026032,9078096,16.0,48.0,16,16
fixed_25_full_capacity,0,189627,189697,1136,3408,3027168,9081504,16.0,48.0,16,16
fixed_25_full_capacity,0,189698,189768,1136,3408,3028304,9084912,16.0,48.0,16,16
fixed_25_full_capacity,0,189769,189839,1136,3408,3029440,9088320,16.0,48.0,16,16
fixed_25_full_capacity,0,189840,189906,1072,3216,3030512,9091536,16.0,48.0,16,16
fixed_25_full_capacity,0,189907,189976,1120,3360,3031632,9094896,16.0,48.0,16,16
fixed_25_full_capacity,0,189977,190044,1088,3264,3032720,9098160,16.0,48.0,16,16
fixed_25_full_capacity,0,190045,190113,1104,3312,3033824,9101472,16.0,48.0,16,16
fixed_25_full_capacity,0,190114,190180,1072,3216,3034896,9104688,16.0,48.0,16,16
fixed_25_full_capacity,0,190181,190246,1056,3168,3035952,9107856,16.0,48.0,16,16
fixed_25_full_capacity,0,190247,190317,1136,3408,3037088,9111264,16.0,48.0,16,16
fixed_25_full_capacity,0,190318,190391,1184,3552,3038272,9114816,16.0,48.0,16,16
fixed_25_full_capacity,0,190392,190463,1152,3456,3039424,9118272,16.0,48.0,16,16
fixed_25_full_capacity,0,190464,190532,1104,3312,3040528,9121584,16.0,48.0,16,16
fixed_25_full_capacity,0,190533,190606,1184,3552,3041712,9125136,16.0,48.0,16,16
fixed_25_full_capacity,0,190607,190675,1104,3312,3042816,9128448,16.0,48.0,16,16
fixed_25_full_capacity,0,190676,190745,1120,3360,3043936,9131808,16.0,48.0,16,16
fixed_25_full_capacity,0,190746,190819,1184,3552,3045120,9135360,16.0,48.0,16,16
fixed_25_full_capacity,0,190820,190889,1120,3360,3046240,9138720,16.0,48.0,16,16
fixed_25_full_capacity,0,190890,190962,1168,3504,3047408,9142224,16.0,48.0,16,16
fixed_25_full_capacity,0,190963,191035,1168,3504,3048576,9145728,16.0,48.0,16,16
fixed_25_full_capacity,0,191036,191107,1152,3456,3049728,9149184,16.0,48.0,16,16
fixed_25_full_capacity,0,191108,191175,1088,3264,3050816,9152448,16.0,48.0,16,16
fixed_25_full_capacity,0,191176,191241,1056,3168,3051872,9155616,16.0,48.0,16,16
fixed_25_full_capacity,0,191242,191313,1152,3456,3053024,9159072,16.0,48.0,16,16
fixed_25_full_capacity,0,191314,191382,1104,3312,3054128,9162384,16.0,48.0,16,16
fixed_25_full_capacity,0,191383,191450,1088,3264,3055216,9165648,16.0,48.0,16,16
fixed_25_full_capacity,0,191451,191520,1120,3360,3056336,9169008,16.0,48.0,16,16
fixed_25_full_capacity,0,191521,191590,1120,3360,3057456,9172368,16.0,48.0,16,16
fixed_25_full_capacity,0,191591,191658,1088,3264,3058544,9175632,16.0,48.0,16,16
fixed_25_full_capacity,0,191659,191731,1168,3504,3059712,9179136,16.0,48.0,16,16
fixed_25_full_capacity,0,191732,191802,1136,3408,3060848,9182544,16.0,48.0,16,16
fixed_25_full_capacity,0,191803,191880,1248,3744,3062096,9186288,16.0,48.0,16,16
fixed_25_full_capacity,0,191881,191949,1104,3312,3063200,9189600,16.0,48.0,16,16
fixed_25_full_capacity,0,191950,192027,1248,3744,3064448,9193344,16.0,48.0,16,16
fixed_25_full_capacity,0,192028,192105,1248,3744,3065696,9197088,16.0,48.0,16,16
fixed_25_full_capacity,0,192106,192172,1072,3216,3066768,9200304,16.0,48.0,16,16
fixed_25_full_capacity,0,192173,192244,1152,3456,3067920,9203760,16.0,48.0,16,16
fixed_25_full_capacity,0,192245,192310,1056,3168,3068976,9206928,16.0,48.0,16,16
fixed_25_full_capacity,0,192311,192381,1136,3408,3070112,9210336,16.0,48.0,16,16
fixed_25_full_capacity,0,192382,192442,976,2928,3071088,9213264,16.0,48.0,16,16
fixed_25_full_capacity,0,192443,192516,1184,3552,3072272,9216816,16.0,48.0,16,16
fixed_25_full_capacity,0,192517,192583,1072,3216,3073344,9220032,16.0,48.0,16,16
fixed_25_full_capacity,0,192584,192655,1152,3456,3074496,9223488,16.0,48.0,16,16
fixed_25_full_capacity,0,192656,192731,1216,3648,3075712,9227136,16.0,48.0,16,16
fixed_25_full_capacity,0,192732,192800,1104,3312,3076816,9230448,16.0,48.0,16,16
fixed_25_full_capacity,0,192801,192870,1120,3360,3077936,9233808,16.0,48.0,16,16
fixed_25_full_capacity,0,192871,193053,2928,8784,3080864,9242592,16.0,48.0,16,16
fixed_25_full_capacity,0,193054,193127,1184,3552,3082048,9246144,16.0,48.0,16,16
fixed_25_full_capacity,0,193128,193199,1152,3456,3083200,9249600,16.0,48.0,16,16
fixed_25_full_capacity,0,193200,193276,1232,3696,3084432,9253296,16.0,48.0,16,16
fixed_25_full_capacity,0,193277,193350,1184,3552,3085616,9256848,16.0,48.0,16,16
fixed_25_full_capacity,0,193351,193418,1088,3264,3086704,9260112,16.0,48.0,16,16
fixed_25_full_capacity,0,193419,193487,1104,3312,3087808,9263424,16.0,48.0,16,16
fixed_25_full_capacity,0,193488,193557,1120,3360,3088928,9266784,16.0,48.0,16,16
fixed_25_full_capacity,0,193558,193630,1168,3504,3090096,9270288,16.0,48.0,16,16
fixed_25_full_capacity,0,193631,193698,1088,3264,3091184,9273552,16.0,48.0,16,16
fixed_25_full_capacity,0,193699,193774,1216,3648,3092400,9277200,16.0,48.0,16,16
fixed_25_full_capacity,0,193775,193846,1152,3456,3093552,9280656,16.0,48.0,16,16
fixed_25_full_capacity,0,193847,193916,1120,3360,3094672,9284016,16.0,48.0,16,16
fixed_25_full_capacity,0,193917,193993,1232,3696,3095904,9287712,16.0,48.0,16,16
fixed_25_full_capacity,0,193994,194060,1072,3216,3096976,9290928,16.0,48.0,16,16
fixed_25_full_capacity,0,194061,194129,1104,3312,3098080,9294240,16.0,48.0,16,16
fixed_25_full_capacity,0,194130,194203,1184,3552,3099264,9297792,16.0,48.0,16,16
fixed_25_full_capacity,0,194204,194275,1152,3456,3100416,9301248,16.0,48.0,16,16
fixed_25_full_capacity,0,194276,194342,1072,3216,3101488,9304464,16.0,48.0,16,16
fixed_25_full_capacity,0,194343,194410,1088,3264,3102576,9307728,16.0,48.0,16,16
fixed_25_full_capacity,0,194411,194482,1152,3456,3103728,9311184,16.0,48.0,16,16
fixed_25_full_capacity,0,194483,194551,1104,3312,3104832,9314496,16.0,48.0,16,16
fixed_25_full_capacity,0,194552,194617,1056,3168,3105888,9317664,16.0,48.0,16,16
fixed_25_full_capacity,0,194618,194687,1120,3360,3107008,9321024,16.0,48.0,16,16
fixed_25_full_capacity,0,194688,194754,1072,3216,3108080,9324240,16.0,48.0,16,16
fixed_25_full_capacity,0,194755,194825,1136,3408,3109216,9327648,16.0,48.0,16,16
fixed_25_full_capacity,0,194826,194901,1216,3648,3110432,9331296,16.0,48.0,16,16
fixed_25_full_capacity,0,194902,194967,1056,3168,3111488,9334464,16.0,48.0,16,16
fixed_25_full_capacity,0,194968,195040,1168,3504,3112656,9337968,16.0,48.0,16,16
fixed_25_full_capacity,0,195041,195115,1200,3600,3113856,9341568,16.0,48.0,16,16
fixed_25_full_capacity,0,195116,195184,1104,3312,3114960,9344880,16.0,48.0,16,16
fixed_25_full_capacity,0,195185,195259,1200,3600,3116160,9348480,16.0,48.0,16,16
fixed_25_full_capacity,0,195260,195331,1152,3456,3117312,9351936,16.0,48.0,16,16
fixed_25_full_capacity,0,195332,195404,1168,3504,3118480,9355440,16.0,48.0,16,16
fixed_25_full_capacity,0,195405,195470,1056,3168,3119536,9358608,16.0,48.0,16,16
fixed_25_full_capacity,0,195471,195541,1136,3408,3120672,9362016,16.0,48.0,16,16
fixed_25_full_capacity,0,195542,195607,1056,3168,3121728,9365184,16.0,48.0,16,16
fixed_25_full_capacity,0,195608,195680,1168,3504,3122896,9368688,16.0,48.0,16,16
fixed_25_full_capacity,0,195681,195750,1120,3360,3124016,9372048,16.0,48.0,16,16
fixed_25_full_capacity,0,195751,195829,1264,3792,3125280,9375840,16.0,48.0,16,16
fixed_25_full_capacity,0,195830,195897,1088,3264,3126368,9379104,16.0,48.0,16,16
fixed_25_full_capacity,0,195898,195971,1184,3552,3127552,9382656,16.0,48.0,16,16
fixed_25_full_capacity,0,195972,196040,1104,3312,3128656,9385968,16.0,48.0,16,16
fixed_25_full_capacity,0,196041,196115,1200,3600,3129856,9389568,16.0,48.0,16,16
fixed_25_full_capacity,0,196116,196187,1152,3456,3131008,9393024,16.0,48.0,16,16
fixed_25_full_capacity,0,196188,196268,1296,3888,3132304,9396912,16.0,48.0,16,16
fixed_25_full_capacity,0,196269,196338,1120,3360,3133424,9400272,16.0,48.0,16,16
fixed_25_full_capacity,0,196339,196404,1056,3168,3134480,9403440,16.0,48.0,16,16
fixed_25_full_capacity,0,196405,196470,1056,3168,3135536,9406608,16.0,48.0,16,16
fixed_25_full_capacity,0,196471,196538,1088,3264,3136624,9409872,16.0,48.0,16,16
fixed_25_full_capacity,0,196539,196606,1088,3264,3137712,9413136,16.0,48.0,16,16
fixed_25_full_capacity,0,196607,196677,1136,3408,3138848,9416544,16.0,48.0,16,16
fixed_25_full_capacity,0,196678,196746,1104,3312,3139952,9419856,16.0,48.0,16,16
fixed_25_full_capacity,0,196747,196817,1136,3408,3141088,9423264,16.0,48.0,16,16
fixed_25_full_capacity,0,196818,196885,1088,3264,3142176,9426528,16.0,48.0,16,16
fixed_25_full_capacity,0,196886,196953,1088,3264,3143264,9429792,16.0,48.0,16,16
fixed_25_full_capacity,0,196954,197021,1088,3264,3144352,9433056,16.0,48.0,16,16
fixed_25_full_capacity,0,197022,197088,1072,3216,3145424,9436272,16.0,48.0,16,16
fixed_25_full_capacity,0,197089,197159,1136,3408,3146560,9439680,16.0,48.0,16,16
fixed_25_full_capacity,0,197160,197228,1104,3312,3147664,9442992,16.0,48.0,16,16
fixed_25_full_capacity,0,197229,197294,1056,3168,3148720,9446160,16.0,48.0,16,16
fixed_25_full_capacity,0,197295,197368,1184,3552,3149904,9449712,16.0,48.0,16,16
fixed_25_full_capacity,0,197369,197379,176,528,3150080,9450240,16.0,48.0,16,16
fixed_25_full_capacity,0,197380,197449,1120,3360,3151200,9453600,16.0,48.0,16,16
fixed_25_full_capacity,0,197450,197522,1168,3504,3152368,9457104,16.0,48.0,16,16
fixed_25_full_capacity,0,197523,197591,1104,3312,3153472,9460416,16.0,48.0,16,16
fixed_25_full_capacity,0,197592,197600,144,432,3153616,9460848,16.0,48.0,16,16
fixed_25_full_capacity,0,197601,197677,1232,3696,3154848,9464544,16.0,48.0,16,16
fixed_25_full_capacity,0,197678,197751,1184,3552,3156032,9468096,16.0,48.0,16,16
fixed_25_full_capacity,0,197752,197825,1184,3552,3157216,9471648,16.0,48.0,16,16
fixed_25_full_capacity,0,197826,197891,1056,3168,3158272,9474816,16.0,48.0,16,16
fixed_25_full_capacity,0,197892,197963,1152,3456,3159424,9478272,16.0,48.0,16,16
fixed_25_full_capacity,0,197964,198030,1072,3216,3160496,9481488,16.0,48.0,16,16
fixed_25_full_capacity,0,198031,198098,1088,3264,3161584,9484752,16.0,48.0,16,16
fixed_25_full_capacity,0,198099,198166,1088,3264,3162672,9488016,16.0,48.0,16,16
fixed_25_full_capacity,0,198167,198241,1200,3600,3163872,9491616,16.0,48.0,16,16
fixed_25_full_capacity,0,198242,198312,1136,3408,3165008,9495024,16.0,48.0,16,16
fixed_25_full_capacity,0,198313,198391,1264,3792,3166272,9498816,16.0,48.0,16,16
fixed_25_full_capacity,0,198392,198462,1136,3408,3167408,9502224,16.0,48.0,16,16
fixed_25_full_capacity,0,198463,198530,1088,3264,3168496,9505488,16.0,48.0,16,16
fixed_25_full_capacity,0,198531,198599,1104,3312,3169600,9508800,16.0,48.0,16,16
fixed_25_full_capacity,0,198600,198671,1152,3456,3170752,9512256,16.0,48.0,16,16
fixed_25_full_capacity,0,198672,198737,1056,3168,3171808,9515424,16.0,48.0,16,16
fixed_25_full_capacity,0,198738,198812,1200,3600,3173008,9519024,16.0,48.0,16,16
fixed_25_full_capacity,0,198813,198889,1232,3696,3174240,9522720,16.0,48.0,16,16
fixed_25_full_capacity,0,198890,198964,1200,3600,3175440,9526320,16.0,48.0,16,16
fixed_25_full_capacity,0,198965,199035,1136,3408,3176576,9529728,16.0,48.0,16,16
fixed_25_full_capacity,0,199036,199130,1520,4560,3178096,9534288,16.0,48.0,16,16
fixed_25_full_capacity,0,199131,199199,1104,3312,3179200,9537600,16.0,48.0,16,16
fixed_25_full_capacity,0,199200,199276,1232,3696,3180432,9541296,16.0,48.0,16,16
fixed_25_full_capacity,0,199277,199349,1168,3504,3181600,9544800,16.0,48.0,16,16
fixed_25_full_capacity,0,199350,199420,1136,3408,3182736,9548208,16.0,48.0,16,16
fixed_25_full_capacity,0,199421,199488,1088,3264,3183824,9551472,16.0,48.0,16,16
fixed_25_full_capacity,0,199489,199561,1168,3504,3184992,9554976,16.0,48.0,16,16
fixed_25_full_capacity,0,199562,199630,1104,3312,3186096,9558288,16.0,48.0,16,16
fixed_25_full_capacity,0,199631,199700,1120,3360,3187216,9561648,16.0,48.0,16,16
fixed_25_full_capacity,0,199701,199770,1120,3360,3188336,9565008,16.0,48.0,16,16
fixed_25_full_capacity,0,199771,199838,1088,3264,3189424,9568272,16.0,48.0,16,16
fixed_25_full_capacity,0,199839,199908,1120,3360,3190544,9571632,16.0,48.0,16,16
fixed_25_full_capacity,0,199909,199987,1264,3792,3191808,9575424,16.0,48.0,16,16
fixed_25_full_capacity,0,199988,200000,208,624,3192016,9576048,16.0,48.0,16,16
fixed_25_full_capacity,1,1,300,0,0,0,0,0.0,0.0,0,0
fixed_25_full_capacity,1,301,556,912,2736,912,2736,16.0,48.0,16,16
fixed_25_full_capacity,1,557,678,1952,5856,2864,8592,16.0,48.0,16,16
fixed_25_full_capacity,1,679,978,4800,14400,7664,22992,16.0,48.0,16,16
fixed_25_full_capacity,1,979,1278,4800,14400,12464,37392,16.0,48.0,16,16
fixed_25_full_capacity,1,1279,1578,4800,14400,17264,51792,16.0,48.0,16,16
fixed_25_full_capacity,1,1579,1608,480,1440,17744,53232,16.0,48.0,16,16
fixed_25_full_capacity,1,1609,1695,1392,4176,19136,57408,16.0,48.0,16,16
fixed_25_full_capacity,1,1696,1995,4800,14400,23936,71808,16.0,48.0,16,16
fixed_25_full_capacity,1,1996,2108,1808,5424,25744,77232,16.0,48.0,16,16
fixed_25_full_capacity,1,2109,2408,4800,14400,30544,91632,16.0,48.0,16,16
fixed_25_full_capacity,1,2409,2708,4800,14400,35344,106032,16.0,48.0,16,16
fixed_25_full_capacity,1,2709,2839,2096,6288,37440,112320,16.0,48.0,16,16
fixed_25_full_capacity,1,2840,2997,2528,7584,39968,119904,16.0,48.0,16,16
fixed_25_full_capacity,1,2998,3297,4800,14400,44768,134304,16.0,48.0,16,16
fixed_25_full_capacity,1,3298,3446,2384,7152,47152,141456,16.0,48.0,16,16
fixed_25_full_capacity,1,3447,3746,4800,14400,51952,155856,16.0,48.0,16,16
fixed_25_full_capacity,1,3747,4009,4208,12624,56160,168480,16.0,48.0,16,16
fixed_25_full_capacity,1,4010,4309,4800,14400,60960,182880,16.0,48.0,16,16
fixed_25_full_capacity,1,4310,4609,4800,14400,65760,197280,16.0,48.0,16,16
fixed_25_full_capacity,1,4610,4650,656,1968,66416,199248,16.0,48.0,16,16
fixed_25_full_capacity,1,4651,4696,736,2208,67152,201456,16.0,48.0,16,16
fixed_25_full_capacity,1,4697,4996,4800,14400,71952,215856,16.0,48.0,16,16
fixed_25_full_capacity,1,4997,5296,4800,14400,76752,230256,16.0,48.0,16,16
fixed_25_full_capacity,1,5297,5397,1616,4848,78368,235104,16.0,48.0,16,16
fixed_25_full_capacity,1,5398,5697,4800,14400,83168,249504,16.0,48.0,16,16
fixed_25_full_capacity,1,5698,5741,704,2112,83872,251616,16.0,48.0,16,16
fixed_25_full_capacity,1,5742,6041,4800,14400,88672,266016,16.0,48.0,16,16
fixed_25_full_capacity,1,6042,6143,1632,4896,90304,270912,16.0,48.0,16,16
fixed_25_full_capacity,1,6144,6443,4800,14400,95104,285312,16.0,48.0,16,16
fixed_25_full_capacity,1,6444,6520,1232,3696,96336,289008,16.0,48.0,16,16
fixed_25_full_capacity,1,6521,6675,2480,7440,98816,296448,16.0,48.0,16,16
fixed_25_full_capacity,1,6676,6707,512,1536,99328,297984,16.0,48.0,16,16
fixed_25_full_capacity,1,6708,7007,4800,14400,104128,312384,16.0,48.0,16,16
fixed_25_full_capacity,1,7008,7307,4800,14400,108928,326784,16.0,48.0,16,16
fixed_25_full_capacity,1,7308,7399,1472,4416,110400,331200,16.0,48.0,16,16
fixed_25_full_capacity,1,7400,7668,4304,12912,114704,344112,16.0,48.0,16,16
fixed_25_full_capacity,1,7669,7800,2112,6336,116816,350448,16.0,48.0,16,16
fixed_25_full_capacity,1,7801,8100,4800,14400,121616,364848,16.0,48.0,16,16
fixed_25_full_capacity,1,8101,8133,528,1584,122144,366432,16.0,48.0,16,16
fixed_25_full_capacity,1,8134,8153,320,960,122464,367392,16.0,48.0,16,16
fixed_25_full_capacity,1,8154,8422,4304,12912,126768,380304,16.0,48.0,16,16
fixed_25_full_capacity,1,8423,8722,4800,14400,131568,394704,16.0,48.0,16,16
fixed_25_full_capacity,1,8723,9022,4800,14400,136368,409104,16.0,48.0,16,16
fixed_25_full_capacity,1,9023,9322,4800,14400,141168,423504,16.0,48.0,16,16
fixed_25_full_capacity,1,9323,9622,4800,14400,145968,437904,16.0,48.0,16,16
fixed_25_full_capacity,1,9623,9922,4800,14400,150768,452304,16.0,48.0,16,16
fixed_25_full_capacity,1,9923,10222,4800,14400,155568,466704,16.0,48.0,16,16
fixed_25_full_capacity,1,10223,10403,2896,8688,158464,475392,16.0,48.0,16,16
fixed_25_full_capacity,1,10404,10703,4800,14400,163264,489792,16.0,48.0,16,16
fixed_25_full_capacity,1,10704,10710,112,336,163376,490128,16.0,48.0,16,16
fixed_25_full_capacity,1,10711,10999,4624,13872,168000,504000,16.0,48.0,16,16
fixed_25_full_capacity,1,11000,11204,3280,9840,171280,513840,16.0,48.0,16,16
fixed_25_full_capacity,1,11205,11504,4800,14400,176080,528240,16.0,48.0,16,16
fixed_25_full_capacity,1,11505,11804,4800,14400,180880,542640,16.0,48.0,16,16
fixed_25_full_capacity,1,11805,12104,4800,14400,185680,557040,16.0,48.0,16,16
fixed_25_full_capacity,1,12105,12404,4800,14400,190480,571440,16.0,48.0,16,16
fixed_25_full_capacity,1,12405,12540,2176,6528,192656,577968,16.0,48.0,16,16
fixed_25_full_capacity,1,12541,12559,304,912,192960,578880,16.0,48.0,16,16
fixed_25_full_capacity,1,12560,12859,4800,14400,197760,593280,16.0,48.0,16,16
fixed_25_full_capacity,1,12860,13159,4800,14400,202560,607680,16.0,48.0,16,16
fixed_25_full_capacity,1,13160,13459,4800,14400,207360,622080,16.0,48.0,16,16
fixed_25_full_capacity,1,13460,13759,4800,14400,212160,636480,16.0,48.0,16,16
fixed_25_full_capacity,1,13760,13895,2176,6528,214336,643008,16.0,48.0,16,16
fixed_25_full_capacity,1,13896,13921,416,1248,214752,644256,16.0,48.0,16,16
fixed_25_full_capacity,1,13922,14221,4800,14400,219552,658656,16.0,48.0,16,16
fixed_25_full_capacity,1,14222,14521,4800,14400,224352,673056,16.0,48.0,16,16
fixed_25_full_capacity,1,14522,14675,2464,7392,226816,680448,16.0,48.0,16,16
fixed_25_full_capacity,1,14676,14975,4800,14400,231616,694848,16.0,48.0,16,16
fixed_25_full_capacity,1,14976,15275,4800,14400,236416,709248,16.0,48.0,16,16
fixed_25_full_capacity,1,15276,15350,1200,3600,237616,712848,16.0,48.0,16,16
fixed_25_full_capacity,1,15351,15447,1552,4656,239168,717504,16.0,48.0,16,16
fixed_25_full_capacity,1,15448,15747,4800,14400,243968,731904,16.0,48.0,16,16
fixed_25_full_capacity,1,15748,16026,4464,13392,248432,745296,16.0,48.0,16,16
fixed_25_full_capacity,1,16027,16041,240,720,248672,746016,16.0,48.0,16,16
fixed_25_full_capacity,1,16042,16126,1360,4080,250032,750096,16.0,48.0,16,16
fixed_25_full_capacity,1,16127,16426,4800,14400,254832,764496,16.0,48.0,16,16
fixed_25_full_capacity,1,16427,16712,4576,13728,259408,778224,16.0,48.0,16,16
fixed_25_full_capacity,1,16713,16782,1120,3360,260528,781584,16.0,48.0,16,16
fixed_25_full_capacity,1,16783,16885,1648,4944,262176,786528,16.0,48.0,16,16
fixed_25_full_capacity,1,16886,16992,1712,5136,263888,791664,16.0,48.0,16,16
fixed_25_full_capacity,1,16993,17079,1392,4176,265280,795840,16.0,48.0,16,16
fixed_25_full_capacity,1,17080,17252,2768,8304,268048,804144,16.0,48.0,16,16
fixed_25_full_capacity,1,17253,17358,1696,5088,269744,809232,16.0,48.0,16,16
fixed_25_full_capacity,1,17359,17658,4800,14400,274544,823632,16.0,48.0,16,16
fixed_25_full_capacity,1,17659,17958,4800,14400,279344,838032,16.0,48.0,16,16
fixed_25_full_capacity,1,17959,18258,4800,14400,284144,852432,16.0,48.0,16,16
fixed_25_full_capacity,1,18259,18545,4592,13776,288736,866208,16.0,48.0,16,16
fixed_25_full_capacity,1,18546,18845,4800,14400,293536,880608,16.0,48.0,16,16
fixed_25_full_capacity,1,18846,19002,2512,7536,296048,888144,16.0,48.0,16,16
fixed_25_full_capacity,1,19003,19302,4800,14400,300848,902544,16.0,48.0,16,16
fixed_25_full_capacity,1,19303,19602,4800,14400,305648,916944,16.0,48.0,16,16
fixed_25_full_capacity,1,19603,19717,1840,5520,307488,922464,16.0,48.0,16,16
fixed_25_full_capacity,1,19718,19838,1936,5808,309424,928272,16.0,48.0,16,16
fixed_25_full_capacity,1,19839,19858,320,960,309744,929232,16.0,48.0,16,16
fixed_25_full_capacity,1,19859,19903,720,2160,310464,931392,16.0,48.0,16,16
fixed_25_full_capacity,1,19904,20004,1616,4848,312080,936240,16.0,48.0,16,16
fixed_25_full_capacity,1,20005,20304,4800,14400,316880,950640,16.0,48.0,16,16
fixed_25_full_capacity,1,20305,20604,4800,14400,321680,965040,16.0,48.0,16,16
fixed_25_full_capacity,1,20605,20751,2352,7056,324032,972096,16.0,48.0,16,16
fixed_25_full_capacity,1,20752,21051,4800,14400,328832,986496,16.0,48.0,16,16
fixed_25_full_capacity,1,21052,21350,4784,14352,333616,1000848,16.0,48.0,16,16
fixed_25_full_capacity,1,21351,21391,656,1968,334272,1002816,16.0,48.0,16,16
fixed_25_full_capacity,1,21392,21691,4800,14400,339072,1017216,16.0,48.0,16,16
fixed_25_full_capacity,1,21692,21991,4800,14400,343872,1031616,16.0,48.0,16,16
fixed_25_full_capacity,1,21992,22212,3536,10608,347408,1042224,16.0,48.0,16,16
fixed_25_full_capacity,1,22213,22512,4800,14400,352208,1056624,16.0,48.0,16,16
fixed_25_full_capacity,1,22513,22811,4784,14352,356992,1070976,16.0,48.0,16,16
fixed_25_full_capacity,1,22812,23111,4800,14400,361792,1085376,16.0,48.0,16,16
fixed_25_full_capacity,1,23112,23411,4800,14400,366592,1099776,16.0,48.0,16,16
fixed_25_full_capacity,1,23412,23618,3312,9936,369904,1109712,16.0,48.0,16,16
fixed_25_full_capacity,1,23619,23721,1648,4944,371552,1114656,16.0,48.0,16,16
fixed_25_full_capacity,1,23722,24021,4800,14400,376352,1129056,16.0,48.0,16,16
fixed_25_full_capacity,1,24022,24059,608,1824,376960,1130880,16.0,48.0,16,16
fixed_25_full_capacity,1,24060,24359,4800,14400,381760,1145280,16.0,48.0,16,16
fixed_25_full_capacity,1,24360,24605,3936,11808,385696,1157088,16.0,48.0,16,16
fixed_25_full_capacity,1,24606,24905,4800,14400,390496,1171488,16.0,48.0,16,16
fixed_25_full_capacity,1,24906,24943,608,1824,391104,1173312,16.0,48.0,16,16
fixed_25_full_capacity,1,24944,25243,4800,14400,395904,1187712,16.0,48.0,16,16
fixed_25_full_capacity,1,25244,25513,4320,12960,400224,1200672,16.0,48.0,16,16
fixed_25_full_capacity,1,25514,25813,4800,14400,405024,1215072,16.0,48.0,16,16
fixed_25_full_capacity,1,25814,26113,4800,14400,409824,1229472,16.0,48.0,16,16
fixed_25_full_capacity,1,26114,26169,896,2688,410720,1232160,16.0,48.0,16,16
fixed_25_full_capacity,1,26170,26469,4800,14400,415520,1246560,16.0,48.0,16,16
fixed_25_full_capacity,1,26470,26769,4800,14400,420320,1260960,16.0,48.0,16,16
fixed_25_full_capacity,1,26770,27069,4800,14400,425120,1275360,16.0,48.0,16,16
fixed_25_full_capacity,1,27070,27369,4800,14400,429920,1289760,16.0,48.0,16,16
fixed_25_full_capacity,1,27370,27669,4800,14400,434720,1304160,16.0,48.0,16,16
fixed_25_full_capacity,1,27670,27969,4800,14400,439520,1318560,16.0,48.0,16,16
fixed_25_full_capacity,1,27970,28269,4800,14400,444320,1332960,16.0,48.0,16,16
fixed_25_full_capacity,1,28270,28569,4800,14400,449120,1347360,16.0,48.0,16,16
fixed_25_full_capacity,1,28570,28869,4800,14400,453920,1361760,16.0,48.0,16,16
fixed_25_full_capacity,1,28870,29169,4800,14400,458720,1376160,16.0,48.0,16,16
fixed_25_full_capacity,1,29170,29469,4800,14400,463520,1390560,16.0,48.0,16,16
fixed_25_full_capacity,1,29470,29769,4800,14400,468320,1404960,16.0,48.0,16,16
fixed_25_full_capacity,1,29770,30069,4800,14400,473120,1419360,16.0,48.0,16,16
fixed_25_full_capacity,1,30070,30369,4800,14400,477920,1433760,16.0,48.0,16,16
fixed_25_full_capacity,1,30370,30605,3776,11328,481696,1445088,16.0,48.0,16,16
fixed_25_full_capacity,1,30606,30905,4800,14400,486496,1459488,16.0,48.0,16,16
fixed_25_full_capacity,1,30906,31205,4800,14400,491296,1473888,16.0,48.0,16,16
fixed_25_full_capacity,1,31206,31505,4800,14400,496096,1488288,16.0,48.0,16,16
fixed_25_full_capacity,1,31506,31657,2432,7296,498528,1495584,16.0,48.0,16,16
fixed_25_full_capacity,1,31658,31957,4800,14400,503328,1509984,16.0,48.0,16,16
fixed_25_full_capacity,1,31958,32036,1264,3792,504592,1513776,16.0,48.0,16,16
fixed_25_full_capacity,1,32037,32130,1504,4512,506096,1518288,16.0,48.0,16,16
fixed_25_full_capacity,1,32131,32308,2848,8544,508944,1526832,16.0,48.0,16,16
fixed_25_full_capacity,1,32309,32608,4800,14400,513744,1541232,16.0,48.0,16,16
fixed_25_full_capacity,1,32609,32808,3200,9600,516944,1550832,16.0,48.0,16,16
fixed_25_full_capacity,1,32809,33042,3744,11232,520688,1562064,16.0,48.0,16,16
fixed_25_full_capacity,1,33043,33342,4800,14400,525488,1576464,16.0,48.0,16,16
fixed_25_full_capacity,1,33343,33642,4800,14400,530288,1590864,16.0,48.0,16,16
fixed_25_full_capacity,1,33643,33831,3024,9072,533312,1599936,16.0,48.0,16,16
fixed_25_full_capacity,1,33832,34131,4800,14400,538112,1614336,16.0,48.0,16,16
fixed_25_full_capacity,1,34132,34431,4800,14400,542912,1628736,16.0,48.0,16,16
fixed_25_full_capacity,1,34432,34731,4800,14400,547712,1643136,16.0,48.0,16,16
fixed_25_full_capacity,1,34732,35031,4800,14400,552512,1657536,16.0,48.0,16,16
fixed_25_full_capacity,1,35032,35331,4800,14400,557312,1671936,16.0,48.0,16,16
fixed_25_full_capacity,1,35332,35505,2784,8352,560096,1680288,16.0,48.0,16,16
fixed_25_full_capacity,1,35506,35805,4800,14400,564896,1694688,16.0,48.0,16,16
fixed_25_full_capacity,1,35806,36054,3984,11952,568880,1706640,16.0,48.0,16,16
fixed_25_full_capacity,1,36055,36354,4800,14400,573680,1721040,16.0,48.0,16,16
fixed_25_full_capacity,1,36355,36654,4800,14400,578480,1735440,16.0,48.0,16,16
fixed_25_full_capacity,1,36655,36730,1216,3648,579696,1739088,16.0,48.0,16,16
fixed_25_full_capacity,1,36731,37030,4800,14400,584496,1753488,16.0,48.0,16,16
fixed_25_full_capacity,1,37031,37330,4800,14400,589296,1767888,16.0,48.0,16,16
fixed_25_full_capacity,1,37331,37374,704,2112,590000,1770000,16.0,48.0,16,16
fixed_25_full_capacity,1,37375,37392,288,864,590288,1770864,16.0,48.0,16,16
fixed_25_full_capacity,1,37393,37526,2144,6432,592432,1777296,16.0,48.0,16,16
fixed_25_full_capacity,1,37527,37826,4800,14400,597232,1791696,16.0,48.0,16,16
fixed_25_full_capacity,1,37827,37957,2096,6288,599328,1797984,16.0,48.0,16,16
fixed_25_full_capacity,1,37958,38257,4800,14400,604128,1812384,16.0,48.0,16,16
fixed_25_full_capacity,1,38258,38557,4800,14400,608928,1826784,16.0,48.0,16,16
fixed_25_full_capacity,1,38558,38857,4800,14400,613728,1841184,16.0,48.0,16,16
fixed_25_full_capacity,1,38858,39157,4800,14400,618528,1855584,16.0,48.0,16,16
fixed_25_full_capacity,1,39158,39319,2592,7776,621120,1863360,16.0,48.0,16,16
fixed_25_full_capacity,1,39320,39619,4800,14400,625920,1877760,16.0,48.0,16,16
fixed_25_full_capacity,1,39620,39919,4800,14400,630720,1892160,16.0,48.0,16,16
fixed_25_full_capacity,1,39920,40219,4800,14400,635520,1906560,16.0,48.0,16,16
fixed_25_full_capacity,1,40220,40470,4016,12048,639536,1918608,16.0,48.0,16,16
fixed_25_full_capacity,1,40471,40770,4800,14400,644336,1933008,16.0,48.0,16,16
fixed_25_full_capacity,1,40771,41070,4800,14400,649136,1947408,16.0,48.0,16,16
fixed_25_full_capacity,1,41071,41370,4800,14400,653936,1961808,16.0,48.0,16,16
fixed_25_full_capacity,1,41371,41670,4800,14400,658736,1976208,16.0,48.0,16,16
fixed_25_full_capacity,1,41671,41970,4800,14400,663536,1990608,16.0,48.0,16,16
fixed_25_full_capacity,1,41971,42270,4800,14400,668336,2005008,16.0,48.0,16,16
fixed_25_full_capacity,1,42271,42283,208,624,668544,2005632,16.0,48.0,16,16
fixed_25_full_capacity,1,42284,42382,1584,4752,670128,2010384,16.0,48.0,16,16
fixed_25_full_capacity,1,42383,42479,1552,4656,671680,2015040,16.0,48.0,16,16
fixed_25_full_capacity,1,42480,42555,1216,3648,672896,2018688,16.0,48.0,16,16
fixed_25_full_capacity,1,42556,42682,2032,6096,674928,2024784,16.0,48.0,16,16
fixed_25_full_capacity,1,42683,42982,4800,14400,679728,2039184,16.0,48.0,16,16
fixed_25_full_capacity,1,42983,43215,3728,11184,683456,2050368,16.0,48.0,16,16
fixed_25_full_capacity,1,43216,43515,4800,14400,688256,2064768,16.0,48.0,16,16
fixed_25_full_capacity,1,43516,43815,4800,14400,693056,2079168,16.0,48.0,16,16
fixed_25_full_capacity,1,43816,44115,4800,14400,697856,2093568,16.0,48.0,16,16
fixed_25_full_capacity,1,44116,44415,4800,14400,702656,2107968,16.0,48.0,16,16
fixed_25_full_capacity,1,44416,44632,3472,10416,706128,2118384,16.0,48.0,16,16
fixed_25_full_capacity,1,44633,44932,4800,14400,710928,2132784,16.0,48.0,16,16
fixed_25_full_capacity,1,44933,44980,768,2304,711696,2135088,16.0,48.0,16,16
fixed_25_full_capacity,1,44981,45280,4800,14400,716496,2149488,16.0,48.0,16,16
fixed_25_full_capacity,1,45281,45358,1248,3744,717744,2153232,16.0,48.0,16,16
fixed_25_full_capacity,1,45359,45658,4800,14400,722544,2167632,16.0,48.0,16,16
fixed_25_full_capacity,1,45659,45692,544,1632,723088,2169264,16.0,48.0,16,16
fixed_25_full_capacity,1,45693,45992,4800,14400,727888,2183664,16.0,48.0,16,16
fixed_25_full_capacity,1,45993,46044,832,2496,728720,2186160,16.0,48.0,16,16
fixed_25_full_capacity,1,46045,46344,4800,14400,733520,2200560,16.0,48.0,16,16
fixed_25_full_capacity,1,46345,46644,4800,14400,738320,2214960,16.0,48.0,16,16
fixed_25_full_capacity,1,46645,46944,4800,14400,743120,2229360,16.0,48.0,16,16
fixed_25_full_capacity,1,46945,47099,2480,7440,745600,2236800,16.0,48.0,16,16
fixed_25_full_capacity,1,47100,47399,4800,14400,750400,2251200,16.0,48.0,16,16
fixed_25_full_capacity,1,47400,47699,4800,14400,755200,2265600,16.0,48.0,16,16
fixed_25_full_capacity,1,47700,47999,4800,14400,760000,2280000,16.0,48.0,16,16
fixed_25_full_capacity,1,48000,48012,208,624,760208,2280624,16.0,48.0,16,16
fixed_25_full_capacity,1,48013,48312,4800,14400,765008,2295024,16.0,48.0,16,16
fixed_25_full_capacity,1,48313,48612,4800,14400,769808,2309424,16.0,48.0,16,16
fixed_25_full_capacity,1,48613,48912,4800,14400,774608,2323824,16.0,48.0,16,16
fixed_25_full_capacity,1,48913,49212,4800,14400,779408,2338224,16.0,48.0,16,16
fixed_25_full_capacity,1,49213,49512,4800,14400,784208,2352624,16.0,48.0,16,16
fixed_25_full_capacity,1,49513,49812,4800,14400,789008,2367024,16.0,48.0,16,16
fixed_25_full_capacity,1,49813,50112,4800,14400,793808,2381424,16.0,48.0,16,16
fixed_25_full_capacity,1,50113,50412,4800,14400,798608,2395824,16.0,48.0,16,16
fixed_25_full_capacity,1,50413,50712,4800,14400,803408,2410224,16.0,48.0,16,16
fixed_25_full_capacity,1,50713,51012,4800,14400,808208,2424624,16.0,48.0,16,16
fixed_25_full_capacity,1,51013,51168,2496,7488,810704,2432112,16.0,48.0,16,16
fixed_25_full_capacity,1,51169,51468,4800,14400,815504,2446512,16.0,48.0,16,16
fixed_25_full_capacity,1,51469,51549,1296,3888,816800,2450400,16.0,48.0,16,16
fixed_25_full_capacity,1,51550,51841,4672,14016,821472,2464416,16.0,48.0,16,16
fixed_25_full_capacity,1,51842,51870,464,1392,821936,2465808,16.0,48.0,16,16
fixed_25_full_capacity,1,51871,51974,1664,4992,823600,2470800,16.0,48.0,16,16
fixed_25_full_capacity,1,51975,52103,2064,6192,825664,2476992,16.0,48.0,16,16
fixed_25_full_capacity,1,52104,52133,480,1440,826144,2478432,16.0,48.0,16,16
fixed_25_full_capacity,1,52134,52289,2496,7488,828640,2485920,16.0,48.0,16,16
fixed_25_full_capacity,1,52290,52332,688,2064,829328,2487984,16.0,48.0,16,16
fixed_25_full_capacity,1,52333,52369,592,1776,829920,2489760,16.0,48.0,16,16
fixed_25_full_capacity,1,52370,52669,4800,14400,834720,2504160,16.0,48.0,16,16
fixed_25_full_capacity,1,52670,52969,4800,14400,839520,2518560,16.0,48.0,16,16
fixed_25_full_capacity,1,52970,53190,3536,10608,843056,2529168,16.0,48.0,16,16
fixed_25_full_capacity,1,53191,53490,4800,14400,847856,2543568,16.0,48.0,16,16
fixed_25_full_capacity,1,53491,53790,4800,14400,852656,2557968,16.0,48.0,16,16
fixed_25_full_capacity,1,53791,53829,624,1872,853280,2559840,16.0,48.0,16,16
fixed_25_full_capacity,1,53830,54129,4800,14400,858080,2574240,16.0,48.0,16,16
fixed_25_full_capacity,1,54130,54210,1296,3888,859376,2578128,16.0,48.0,16,16
fixed_25_full_capacity,1,54211,54375,2640,7920,862016,2586048,16.0,48.0,16,16
fixed_25_full_capacity,1,54376,54411,576,1728,862592,2587776,16.0,48.0,16,16
fixed_25_full_capacity,1,54412,54711,4800,14400,867392,2602176,16.0,48.0,16,16
fixed_25_full_capacity,1,54712,55011,4800,14400,872192,2616576,16.0,48.0,16,16
fixed_25_full_capacity,1,55012,55053,672,2016,872864,2618592,16.0,48.0,16,16
fixed_25_full_capacity,1,55054,55070,272,816,873136,2619408,16.0,48.0,16,16
fixed_25_full_capacity,1,55071,55370,4800,14400,877936,2633808,16.0,48.0,16,16
fixed_25_full_capacity,1,55371,55670,4800,14400,882736,2648208,16.0,48.0,16,16
fixed_25_full_capacity,1,55671,55970,4800,14400,887536,2662608,16.0,48.0,16,16
fixed_25_full_capacity,1,55971,56270,4800,14400,892336,2677008,16.0,48.0,16,16
fixed_25_full_capacity,1,56271,56570,4800,14400,897136,2691408,16.0,48.0,16,16
fixed_25_full_capacity,1,56571,56592,352,1056,897488,2692464,16.0,48.0,16,16
fixed_25_full_capacity,1,56593,56892,4800,14400,902288,2706864,16.0,48.0,16,16
fixed_25_full_capacity,1,56893,57192,4800,14400,907088,2721264,16.0,48.0,16,16
fixed_25_full_capacity,1,57193,57292,1600,4800,908688,2726064,16.0,48.0,16,16
fixed_25_full_capacity,1,57293,57592,4800,14400,913488,2740464,16.0,48.0,16,16
fixed_25_full_capacity,1,57593,57892,4800,14400,918288,2754864,16.0,48.0,16,16
fixed_25_full_capacity,1,57893,57993,1616,4848,919904,2759712,16.0,48.0,16,16
fixed_25_full_capacity,1,57994,58044,816,2448,920720,2762160,16.0,48.0,16,16
fixed_25_full_capacity,1,58045,58220,2816,8448,923536,2770608,16.0,48.0,16,16
fixed_25_full_capacity,1,58221,58520,4800,14400,928336,2785008,16.0,48.0,16,16
fixed_25_full_capacity,1,58521,58691,2736,8208,931072,2793216,16.0,48.0,16,16
fixed_25_full_capacity,1,58692,58843,2432,7296,933504,2800512,16.0,48.0,16,16
fixed_25_full_capacity,1,58844,59143,4800,14400,938304,2814912,16.0,48.0,16,16
fixed_25_full_capacity,1,59144,59443,4800,14400,943104,2829312,16.0,48.0,16,16
fixed_25_full_capacity,1,59444,59575,2112,6336,945216,2835648,16.0,48.0,16,16
fixed_25_full_capacity,1,59576,59852,4432,13296,949648,2848944,16.0,48.0,16,16
fixed_25_full_capacity,1,59853,60152,4800,14400,954448,2863344,16.0,48.0,16,16
fixed_25_full_capacity,1,60153,60452,4800,14400,959248,2877744,16.0,48.0,16,16
fixed_25_full_capacity,1,60453,60472,320,960,959568,2878704,16.0,48.0,16,16
fixed_25_full_capacity,1,60473,60484,192,576,959760,2879280,16.0,48.0,16,16
fixed_25_full_capacity,1,60485,60611,2032,6096,961792,2885376,16.0,48.0,16,16
fixed_25_full_capacity,1,60612,60911,4800,14400,966592,2899776,16.0,48.0,16,16
fixed_25_full_capacity,1,60912,61185,4384,13152,970976,2912928,16.0,48.0,16,16
fixed_25_full_capacity,1,61186,61286,1616,4848,972592,2917776,16.0,48.0,16,16
fixed_25_full_capacity,1,61287,61515,3664,10992,976256,2928768,16.0,48.0,16,16
fixed_25_full_capacity,1,61516,61552,592,1776,976848,2930544,16.0,48.0,16,16
fixed_25_full_capacity,1,61553,61572,320,960,977168,2931504,16.0,48.0,16,16
fixed_25_full_capacity,1,61573,61872,4800,14400,981968,2945904,16.0,48.0,16,16
fixed_25_full_capacity,1,61873,61908,576,1728,982544,2947632,16.0,48.0,16,16
fixed_25_full_capacity,1,61909,61962,864,2592,983408,2950224,16.0,48.0,16,16
fixed_25_full_capacity,1,61963,62262,4800,14400,988208,2964624,16.0,48.0,16,16
fixed_25_full_capacity,1,62263,62413,2416,7248,990624,2971872,16.0,48.0,16,16
fixed_25_full_capacity,1,62414,62501,1408,4224,992032,2976096,16.0,48.0,16,16
fixed_25_full_capacity,1,62502,62670,2704,8112,994736,2984208,16.0,48.0,16,16
fixed_25_full_capacity,1,62671,62825,2480,7440,997216,2991648,16.0,48.0,16,16
fixed_25_full_capacity,1,62826,63125,4800,14400,1002016,3006048,16.0,48.0,16,16
fixed_25_full_capacity,1,63126,63425,4800,14400,1006816,3020448,16.0,48.0,16,16
fixed_25_full_capacity,1,63426,63725,4800,14400,1011616,3034848,16.0,48.0,16,16
fixed_25_full_capacity,1,63726,63760,560,1680,1012176,3036528,16.0,48.0,16,16
fixed_25_full_capacity,1,63761,63914,2464,7392,1014640,3043920,16.0,48.0,16,16
fixed_25_full_capacity,1,63915,64214,4800,14400,1019440,3058320,16.0,48.0,16,16
fixed_25_full_capacity,1,64215,64270,896,2688,1020336,3061008,16.0,48.0,16,16
fixed_25_full_capacity,1,64271,64570,4800,14400,1025136,3075408,16.0,48.0,16,16
fixed_25_full_capacity,1,64571,64591,336,1008,1025472,3076416,16.0,48.0,16,16
fixed_25_full_capacity,1,64592,64891,4800,14400,1030272,3090816,16.0,48.0,16,16
fixed_25_full_capacity,1,64892,64964,1168,3504,1031440,3094320,16.0,48.0,16,16
fixed_25_full_capacity,1,64965,65246,4512,13536,1035952,3107856,16.0,48.0,16,16
fixed_25_full_capacity,1,65247,65268,352,1056,1036304,3108912,16.0,48.0,16,16
fixed_25_full_capacity,1,65269,65330,992,2976,1037296,3111888,16.0,48.0,16,16
fixed_25_full_capacity,1,65331,65363,528,1584,1037824,3113472,16.0,48.0,16,16
fixed_25_full_capacity,1,65364,65400,592,1776,1038416,3115248,16.0,48.0,16,16
fixed_25_full_capacity,1,65401,65421,336,1008,1038752,3116256,16.0,48.0,16,16
fixed_25_full_capacity,1,65422,65451,480,1440,1039232,3117696,16.0,48.0,16,16
fixed_25_full_capacity,1,65452,65569,1888,5664,1041120,3123360,16.0,48.0,16,16
fixed_25_full_capacity,1,65570,65869,4800,14400,1045920,3137760,16.0,48.0,16,16
fixed_25_full_capacity,1,65870,65909,640,1920,1046560,3139680,16.0,48.0,16,16
fixed_25_full_capacity,1,65910,65948,624,1872,1047184,3141552,16.0,48.0,16,16
fixed_25_full_capacity,1,65949,65987,624,1872,1047808,3143424,16.0,48.0,16,16
fixed_25_full_capacity,1,65988,66287,4800,14400,1052608,3157824,16.0,48.0,16,16
fixed_25_full_capacity,1,66288,66355,1088,3264,1053696,3161088,16.0,48.0,16,16
fixed_25_full_capacity,1,66356,66528,2768,8304,1056464,3169392,16.0,48.0,16,16
fixed_25_full_capacity,1,66529,66628,1600,4800,1058064,3174192,16.0,48.0,16,16
fixed_25_full_capacity,1,66629,66928,4800,14400,1062864,3188592,16.0,48.0,16,16
fixed_25_full_capacity,1,66929,66946,288,864,1063152,3189456,16.0,48.0,16,16
fixed_25_full_capacity,1,66947,67246,4800,14400,1067952,3203856,16.0,48.0,16,16
fixed_25_full_capacity,1,67247,67546,4800,14400,1072752,3218256,16.0,48.0,16,16
fixed_25_full_capacity,1,67547,67846,4800,14400,1077552,3232656,16.0,48.0,16,16
fixed_25_full_capacity,1,67847,67882,576,1728,1078128,3234384,16.0,48.0,16,16
fixed_25_full_capacity,1,67883,67910,448,1344,1078576,3235728,16.0,48.0,16,16
fixed_25_full_capacity,1,67911,68210,4800,14400,1083376,3250128,16.0,48.0,16,16
fixed_25_full_capacity,1,68211,68510,4800,14400,1088176,3264528,16.0,48.0,16,16
fixed_25_full_capacity,1,68511,68810,4800,14400,1092976,3278928,16.0,48.0,16,16
fixed_25_full_capacity,1,68811,68964,2464,7392,1095440,3286320,16.0,48.0,16,16
fixed_25_full_capacity,1,68965,69250,4576,13728,1100016,3300048,16.0,48.0,16,16
fixed_25_full_capacity,1,69251,69550,4800,14400,1104816,3314448,16.0,48.0,16,16
fixed_25_full_capacity,1,69551,69616,1056,3168,1105872,3317616,16.0,48.0,16,16
fixed_25_full_capacity,1,69617,69916,4800,14400,1110672,3332016,16.0,48.0,16,16
fixed_25_full_capacity,1,69917,70216,4800,14400,1115472,3346416,16.0,48.0,16,16
fixed_25_full_capacity,1,70217,70281,1040,3120,1116512,3349536,16.0,48.0,16,16
fixed_25_full_capacity,1,70282,70299,288,864,1116800,3350400,16.0,48.0,16,16
fixed_25_full_capacity,1,70300,70599,4800,14400,1121600,3364800,16.0,48.0,16,16
fixed_25_full_capacity,1,70600,70767,2688,8064,1124288,3372864,16.0,48.0,16,16
fixed_25_full_capacity,1,70768,71067,4800,14400,1129088,3387264,16.0,48.0,16,16
fixed_25_full_capacity,1,71068,71367,4800,14400,1133888,3401664,16.0,48.0,16,16
fixed_25_full_capacity,1,71368,71561,3104,9312,1136992,3410976,16.0,48.0,16,16
fixed_25_full_capacity,1,71562,71595,544,1632,1137536,3412608,16.0,48.0,16,16
fixed_25_full_capacity,1,71596,71895,4800,14400,1142336,3427008,16.0,48.0,16,16
fixed_25_full_capacity,1,71896,71937,672,2016,1143008,3429024,16.0,48.0,16,16
fixed_25_full_capacity,1,71938,71994,912,2736,1143920,3431760,16.0,48.0,16,16
fixed_25_full_capacity,1,71995,72294,4800,14400,1148720,3446160,16.0,48.0,16,16
fixed_25_full_capacity,1,72295,72372,1248,3744,1149968,3449904,16.0,48.0,16,16
fixed_25_full_capacity,1,72373,72672,4800,14400,1154768,3464304,16.0,48.0,16,16
fixed_25_full_capacity,1,72673,72692,320,960,1155088,3465264,16.0,48.0,16,16
fixed_25_full_capacity,1,72693,72963,4336,13008,1159424,3478272,16.0,48.0,16,16
fixed_25_full_capacity,1,72964,73263,4800,14400,1164224,3492672,16.0,48.0,16,16
fixed_25_full_capacity,1,73264,73332,1104,3312,1165328,3495984,16.0,48.0,16,16
fixed_25_full_capacity,1,73333,73418,1376,4128,1166704,3500112,16.0,48.0,16,16
fixed_25_full_capacity,1,73419,73514,1536,4608,1168240,3504720,16.0,48.0,16,16
fixed_25_full_capacity,1,73515,73814,4800,14400,1173040,3519120,16.0,48.0,16,16
fixed_25_full_capacity,1,73815,74011,3152,9456,1176192,3528576,16.0,48.0,16,16
fixed_25_full_capacity,1,74012,74035,384,1152,1176576,3529728,16.0,48.0,16,16
fixed_25_full_capacity,1,74036,74041,96,288,1176672,3530016,16.0,48.0,16,16
fixed_25_full_capacity,1,74042,74341,4800,14400,1181472,3544416,16.0,48.0,16,16
fixed_25_full_capacity,1,74342,74381,640,1920,1182112,3546336,16.0,48.0,16,16
fixed_25_full_capacity,1,74382,74405,384,1152,1182496,3547488,16.0,48.0,16,16
fixed_25_full_capacity,1,74406,74575,2720,8160,1185216,3555648,16.0,48.0,16,16
fixed_25_full_capacity,1,74576,74720,2320,6960,1187536,3562608,16.0,48.0,16,16
fixed_25_full_capacity,1,74721,74849,2064,6192,1189600,3568800,16.0,48.0,16,16
fixed_25_full_capacity,1,74850,75123,4384,13152,1193984,3581952,16.0,48.0,16,16
fixed_25_full_capacity,1,75124,75177,864,2592,1194848,3584544,16.0,48.0,16,16
fixed_25_full_capacity,1,75178,75477,4800,14400,1199648,3598944,16.0,48.0,16,16
fixed_25_full_capacity,1,75478,75517,640,1920,1200288,3600864,16.0,48.0,16,16
fixed_25_full_capacity,1,75518,75539,352,1056,1200640,3601920,16.0,48.0,16,16
fixed_25_full_capacity,1,75540,75839,4800,14400,1205440,3616320,16.0,48.0,16,16
fixed_25_full_capacity,1,75840,76139,4800,14400,1210240,3630720,16.0,48.0,16,16
fixed_25_full_capacity,1,76140,76439,4800,14400,1215040,3645120,16.0,48.0,16,16
fixed_25_full_capacity,1,76440,76475,576,1728,1215616,3646848,16.0,48.0,16,16
fixed_25_full_capacity,1,76476,76667,3072,9216,1218688,3656064,16.0,48.0,16,16
fixed_25_full_capacity,1,76668,76671,64,192,1218752,3656256,16.0,48.0,16,16
fixed_25_full_capacity,1,76672,76720,784,2352,1219536,3658608,16.0,48.0,16,16
fixed_25_full_capacity,1,76721,76818,1568,4704,1221104,3663312,16.0,48.0,16,16
fixed_25_full_capacity,1,76819,77113,4720,14160,1225824,3677472,16.0,48.0,16,16
fixed_25_full_capacity,1,77114,77413,4800,14400,1230624,3691872,16.0,48.0,16,16
fixed_25_full_capacity,1,77414,77713,4800,14400,1235424,3706272,16.0,48.0,16,16
fixed_25_full_capacity,1,77714,77923,3360,10080,1238784,3716352,16.0,48.0,16,16
fixed_25_full_capacity,1,77924,77946,368,1104,1239152,3717456,16.0,48.0,16,16
fixed_25_full_capacity,1,77947,78015,1104,3312,1240256,3720768,16.0,48.0,16,16
fixed_25_full_capacity,1,78016,78315,4800,14400,1245056,3735168,16.0,48.0,16,16
fixed_25_full_capacity,1,78316,78615,4800,14400,1249856,3749568,16.0,48.0,16,16
fixed_25_full_capacity,1,78616,78915,4800,14400,1254656,3763968,16.0,48.0,16,16
fixed_25_full_capacity,1,78916,79215,4800,14400,1259456,3778368,16.0,48.0,16,16
fixed_25_full_capacity,1,79216,79410,3120,9360,1262576,3787728,16.0,48.0,16,16
fixed_25_full_capacity,1,79411,79710,4800,14400,1267376,3802128,16.0,48.0,16,16
fixed_25_full_capacity,1,79711,79826,1856,5568,1269232,3807696,16.0,48.0,16,16
fixed_25_full_capacity,1,79827,80126,4800,14400,1274032,3822096,16.0,48.0,16,16
fixed_25_full_capacity,1,80127,80316,3040,9120,1277072,3831216,16.0,48.0,16,16
fixed_25_full_capacity,1,80317,80351,560,1680,1277632,3832896,16.0,48.0,16,16
fixed_25_full_capacity,1,80352,80651,4800,14400,1282432,3847296,16.0,48.0,16,16
fixed_25_full_capacity,1,80652,80951,4800,14400,1287232,3861696,16.0,48.0,16,16
fixed_25_full_capacity,1,80952,81103,2432,7296,1289664,3868992,16.0,48.0,16,16
fixed_25_full_capacity,1,81104,81119,256,768,1289920,3869760,16.0,48.0,16,16
fixed_25_full_capacity,1,81120,81165,736,2208,1290656,3871968,16.0,48.0,16,16
fixed_25_full_capacity,1,81166,81238,1168,3504,1291824,3875472,16.0,48.0,16,16
fixed_25_full_capacity,1,81239,81278,640,1920,1292464,3877392,16.0,48.0,16,16
fixed_25_full_capacity,1,81279,81578,4800,14400,1297264,3891792,16.0,48.0,16,16
fixed_25_full_capacity,1,81579,81878,4800,14400,1302064,3906192,16.0,48.0,16,16
fixed_25_full_capacity,1,81879,81916,608,1824,1302672,3908016,16.0,48.0,16,16
fixed_25_full_capacity,1,81917,82216,4800,14400,1307472,3922416,16.0,48.0,16,16
fixed_25_full_capacity,1,82217,82337,1936,5808,1309408,3928224,16.0,48.0,16,16
fixed_25_full_capacity,1,82338,82475,2208,6624,1311616,3934848,16.0,48.0,16,16
fixed_25_full_capacity,1,82476,82775,4800,14400,1316416,3949248,16.0,48.0,16,16
fixed_25_full_capacity,1,82776,82796,336,1008,1316752,3950256,16.0,48.0,16,16
fixed_25_full_capacity,1,82797,82885,1424,4272,1318176,3954528,16.0,48.0,16,16
fixed_25_full_capacity,1,82886,83103,3488,10464,1321664,3964992,16.0,48.0,16,16
fixed_25_full_capacity,1,83104,83124,336,1008,1322000,3966000,16.0,48.0,16,16
fixed_25_full_capacity,1,83125,83424,4800,14400,1326800,3980400,16.0,48.0,16,16
fixed_25_full_capacity,1,83425,83538,1824,5472,1328624,3985872,16.0,48.0,16,16
fixed_25_full_capacity,1,83539,83725,2992,8976,1331616,3994848,16.0,48.0,16,16
fixed_25_full_capacity,1,83726,84025,4800,14400,1336416,4009248,16.0,48.0,16,16
fixed_25_full_capacity,1,84026,84301,4416,13248,1340832,4022496,16.0,48.0,16,16
fixed_25_full_capacity,1,84302,84487,2976,8928,1343808,4031424,16.0,48.0,16,16
fixed_25_full_capacity,1,84488,84544,912,2736,1344720,4034160,16.0,48.0,16,16
fixed_25_full_capacity,1,84545,84565,336,1008,1345056,4035168,16.0,48.0,16,16
fixed_25_full_capacity,1,84566,84865,4800,14400,1349856,4049568,16.0,48.0,16,16
fixed_25_full_capacity,1,84866,85165,4800,14400,1354656,4063968,16.0,48.0,16,16
fixed_25_full_capacity,1,85166,85231,1056,3168,1355712,4067136,16.0,48.0,16,16
fixed_25_full_capacity,1,85232,85496,4240,12720,1359952,4079856,16.0,48.0,16,16
fixed_25_full_capacity,1,85497,85529,528,1584,1360480,4081440,16.0,48.0,16,16
fixed_25_full_capacity,1,85530,85565,576,1728,1361056,4083168,16.0,48.0,16,16
fixed_25_full_capacity,1,85566,85865,4800,14400,1365856,4097568,16.0,48.0,16,16
fixed_25_full_capacity,1,85866,85913,768,2304,1366624,4099872,16.0,48.0,16,16
fixed_25_full_capacity,1,85914,86213,4800,14400,1371424,4114272,16.0,48.0,16,16
fixed_25_full_capacity,1,86214,86513,4800,14400,1376224,4128672,16.0,48.0,16,16
fixed_25_full_capacity,1,86514,86813,4800,14400,1381024,4143072,16.0,48.0,16,16
fixed_25_full_capacity,1,86814,87113,4800,14400,1385824,4157472,16.0,48.0,16,16
fixed_25_full_capacity,1,87114,87117,64,192,1385888,4157664,16.0,48.0,16,16
fixed_25_full_capacity,1,87118,87270,2448,7344,1388336,4165008,16.0,48.0,16,16
fixed_25_full_capacity,1,87271,87570,4800,14400,1393136,4179408,16.0,48.0,16,16
fixed_25_full_capacity,1,87571,87870,4800,14400,1397936,4193808,16.0,48.0,16,16
fixed_25_full_capacity,1,87871,87935,1040,3120,1398976,4196928,16.0,48.0,16,16
fixed_25_full_capacity,1,87936,88235,4800,14400,1403776,4211328,16.0,48.0,16,16
fixed_25_full_capacity,1,88236,88422,2992,8976,1406768,4220304,16.0,48.0,16,16
fixed_25_full_capacity,1,88423,88464,672,2016,1407440,4222320,16.0,48.0,16,16
fixed_25_full_capacity,1,88465,88513,784,2352,1408224,4224672,16.0,48.0,16,16
fixed_25_full_capacity,1,88514,88581,1088,3264,1409312,4227936,16.0,48.0,16,16
fixed_25_full_capacity,1,88582,88781,3200,9600,1412512,4237536,16.0,48.0,16,16
fixed_25_full_capacity,1,88782,89081,4800,14400,1417312,4251936,16.0,48.0,16,16
fixed_25_full_capacity,1,89082,89109,448,1344,1417760,4253280,16.0,48.0,16,16
fixed_25_full_capacity,1,89110,89148,624,1872,1418384,4255152,16.0,48.0,16,16
fixed_25_full_capacity,1,89149,89448,4800,14400,1423184,4269552,16.0,48.0,16,16
fixed_25_full_capacity,1,89449,89748,4800,14400,1427984,4283952,16.0,48.0,16,16
fixed_25_full_capacity,1,89749,90048,4800,14400,1432784,4298352,16.0,48.0,16,16
fixed_25_full_capacity,1,90049,90086,608,1824,1433392,4300176,16.0,48.0,16,16
fixed_25_full_capacity,1,90087,90165,1264,3792,1434656,4303968,16.0,48.0,16,16
fixed_25_full_capacity,1,90166,90465,4800,14400,1439456,4318368,16.0,48.0,16,16
fixed_25_full_capacity,1,90466,90765,4800,14400,1444256,4332768,16.0,48.0,16,16
fixed_25_full_capacity,1,90766,91065,4800,14400,1449056,4347168,16.0,48.0,16,16
fixed_25_full_capacity,1,91066,91139,1184,3552,1450240,4350720,16.0,48.0,16,16
fixed_25_full_capacity,1,91140,91212,1168,3504,1451408,4354224,16.0,48.0,16,16
fixed_25_full_capacity,1,91213,91283,1136,3408,1452544,4357632,16.0,48.0,16,16
fixed_25_full_capacity,1,91284,91540,4112,12336,1456656,4369968,16.0,48.0,16,16
fixed_25_full_capacity,1,91541,91561,336,1008,1456992,4370976,16.0,48.0,16,16
fixed_25_full_capacity,1,91562,91735,2784,8352,1459776,4379328,16.0,48.0,16,16
fixed_25_full_capacity,1,91736,91803,1088,3264,1460864,4382592,16.0,48.0,16,16
fixed_25_full_capacity,1,91804,92103,4800,14400,1465664,4396992,16.0,48.0,16,16
fixed_25_full_capacity,1,92104,92118,240,720,1465904,4397712,16.0,48.0,16,16
fixed_25_full_capacity,1,92119,92170,832,2496,1466736,4400208,16.0,48.0,16,16
fixed_25_full_capacity,1,92171,92375,3280,9840,1470016,4410048,16.0,48.0,16,16
fixed_25_full_capacity,1,92376,92419,704,2112,1470720,4412160,16.0,48.0,16,16
fixed_25_full_capacity,1,92420,92447,448,1344,1471168,4413504,16.0,48.0,16,16
fixed_25_full_capacity,1,92448,92468,336,1008,1471504,4414512,16.0,48.0,16,16
fixed_25_full_capacity,1,92469,92638,2720,8160,1474224,4422672,16.0,48.0,16,16
fixed_25_full_capacity,1,92639,92765,2032,6096,1476256,4428768,16.0,48.0,16,16
fixed_25_full_capacity,1,92766,92864,1584,4752,1477840,4433520,16.0,48.0,16,16
fixed_25_full_capacity,1,92865,92891,432,1296,1478272,4434816,16.0,48.0,16,16
fixed_25_full_capacity,1,92892,93191,4800,14400,1483072,4449216,16.0,48.0,16,16
fixed_25_full_capacity,1,93192,93392,3216,9648,1486288,4458864,16.0,48.0,16,16
fixed_25_full_capacity,1,93393,93415,368,1104,1486656,4459968,16.0,48.0,16,16
fixed_25_full_capacity,1,93416,93715,4800,14400,1491456,4474368,16.0,48.0,16,16
fixed_25_full_capacity,1,93716,93781,1056,3168,1492512,4477536,16.0,48.0,16,16
fixed_25_full_capacity,1,93782,93873,1472,4416,1493984,4481952,16.0,48.0,16,16
fixed_25_full_capacity,1,93874,93922,784,2352,1494768,4484304,16.0,48.0,16,16
fixed_25_full_capacity,1,93923,94067,2320,6960,1497088,4491264,16.0,48.0,16,16
fixed_25_full_capacity,1,94068,94196,2064,6192,1499152,4497456,16.0,48.0,16,16
fixed_25_full_capacity,1,94197,94241,720,2160,1499872,4499616,16.0,48.0,16,16
fixed_25_full_capacity,1,94242,94541,4800,14400,1504672,4514016,16.0,48.0,16,16
fixed_25_full_capacity,1,94542,94546,80,240,1504752,4514256,16.0,48.0,16,16
fixed_25_full_capacity,1,94547,94573,432,1296,1505184,4515552,16.0,48.0,16,16
fixed_25_full_capacity,1,94574,94686,1808,5424,1506992,4520976,16.0,48.0,16,16
fixed_25_full_capacity,1,94687,94986,4800,14400,1511792,4535376,16.0,48.0,16,16
fixed_25_full_capacity,1,94987,95286,4800,14400,1516592,4549776,16.0,48.0,16,16
fixed_25_full_capacity,1,95287,95441,2480,7440,1519072,4557216,16.0,48.0,16,16
fixed_25_full_capacity,1,95442,95712,4336,13008,1523408,4570224,16.0,48.0,16,16
fixed_25_full_capacity,1,95713,96012,4800,14400,1528208,4584624,16.0,48.0,16,16
fixed_25_full_capacity,1,96013,96028,256,768,1528464,4585392,16.0,48.0,16,16
fixed_25_full_capacity,1,96029,96047,304,912,1528768,4586304,16.0,48.0,16,16
fixed_25_full_capacity,1,96048,96347,4800,14400,1533568,4600704,16.0,48.0,16,16
fixed_25_full_capacity,1,96348,96384,592,1776,1534160,4602480,16.0,48.0,16,16
fixed_25_full_capacity,1,96385,96640,4096,12288,1538256,4614768,16.0,48.0,16,16
fixed_25_full_capacity,1,96641,96882,3872,11616,1542128,4626384,16.0,48.0,16,16
fixed_25_full_capacity,1,96883,97043,2576,7728,1544704,4634112,16.0,48.0,16,16
fixed_25_full_capacity,1,97044,97343,4800,14400,1549504,4648512,16.0,48.0,16,16
fixed_25_full_capacity,1,97344,97527,2944,8832,1552448,4657344,16.0,48.0,16,16
fixed_25_full_capacity,1,97528,97561,544,1632,1552992,4658976,16.0,48.0,16,16
fixed_25_full_capacity,1,97562,97861,4800,14400,1557792,4673376,16.0,48.0,16,16
fixed_25_full_capacity,1,97862,97889,448,1344,1558240,4674720,16.0,48.0,16,16
fixed_25_full_capacity,1,97890,97913,384,1152,1558624,4675872,16.0,48.0,16,16
fixed_25_full_capacity,1,97914,98213,4800,14400,1563424,4690272,16.0,48.0,16,16
fixed_25_full_capacity,1,98214,98453,3840,11520,1567264,4701792,16.0,48.0,16,16
fixed_25_full_capacity,1,98454,98474,336,1008,1567600,4702800,16.0,48.0,16,16
fixed_25_full_capacity,1,98475,98514,640,1920,1568240,4704720,16.0,48.0,16,16
fixed_25_full_capacity,1,98515,98642,2048,6144,1570288,4710864,16.0,48.0,16,16
fixed_25_full_capacity,1,98643,98826,2944,8832,1573232,4719696,16.0,48.0,16,16
fixed_25_full_capacity,1,98827,99126,4800,14400,1578032,4734096,16.0,48.0,16,16
fixed_25_full_capacity,1,99127,99426,4800,14400,1582832,4748496,16.0,48.0,16,16
fixed_25_full_capacity,1,99427,99541,1840,5520,1584672,4754016,16.0,48.0,16,16
fixed_25_full_capacity,1,99542,99581,640,1920,1585312,4755936,16.0,48.0,16,16
fixed_25_full_capacity,1,99582,99881,4800,14400,1590112,4770336,16.0,48.0,16,16
fixed_25_full_capacity,1,99882,99916,560,1680,1590672,4772016,16.0,48.0,16,16
fixed_25_full_capacity,1,99917,100007,1456,4368,1592128,4776384,16.0,48.0,16,16
fixed_25_full_capacity,1,100008,100307,4800,14400,1596928,4790784,16.0,48.0,16,16
fixed_25_full_capacity,1,100308,100361,864,2592,1597792,4793376,16.0,48.0,16,16
fixed_25_full_capacity,1,100362,100426,1040,3120,1598832,4796496,16.0,48.0,16,16
fixed_25_full_capacity,1,100427,100430,64,192,1598896,4796688,16.0,48.0,16,16
fixed_25_full_capacity,1,100431,100730,4800,14400,1603696,4811088,16.0,48.0,16,16
fixed_25_full_capacity,1,100731,101030,4800,14400,1608496,4825488,16.0,48.0,16,16
fixed_25_full_capacity,1,101031,101079,784,2352,1609280,4827840,16.0,48.0,16,16
fixed_25_full_capacity,1,101080,101333,4064,12192,1613344,4840032,16.0,48.0,16,16
fixed_25_full_capacity,1,101334,101419,1376,4128,1614720,4844160,16.0,48.0,16,16
fixed_25_full_capacity,1,101420,101523,1664,4992,1616384,4849152,16.0,48.0,16,16
fixed_25_full_capacity,1,101524,101621,1568,4704,1617952,4853856,16.0,48.0,16,16
fixed_25_full_capacity,1,101622,101866,3920,11760,1621872,4865616,16.0,48.0,16,16
fixed_25_full_capacity,1,101867,102166,4800,14400,1626672,4880016,16.0,48.0,16,16
fixed_25_full_capacity,1,102167,102466,4800,14400,1631472,4894416,16.0,48.0,16,16
fixed_25_full_capacity,1,102467,102522,896,2688,1632368,4897104,16.0,48.0,16,16
fixed_25_full_capacity,1,102523,102556,544,1632,1632912,4898736,16.0,48.0,16,16
fixed_25_full_capacity,1,102557,102587,496,1488,1633408,4900224,16.0,48.0,16,16
fixed_25_full_capacity,1,102588,102681,1504,4512,1634912,4904736,16.0,48.0,16,16
fixed_25_full_capacity,1,102682,102804,1968,5904,1636880,4910640,16.0,48.0,16,16
fixed_25_full_capacity,1,102805,102835,496,1488,1637376,4912128,16.0,48.0,16,16
fixed_25_full_capacity,1,102836,102909,1184,3552,1638560,4915680,16.0,48.0,16,16
fixed_25_full_capacity,1,102910,102927,288,864,1638848,4916544,16.0,48.0,16,16
fixed_25_full_capacity,1,102928,103227,4800,14400,1643648,4930944,16.0,48.0,16,16
fixed_25_full_capacity,1,103228,103527,4800,14400,1648448,4945344,16.0,48.0,16,16
fixed_25_full_capacity,1,103528,103645,1888,5664,1650336,4951008,16.0,48.0,16,16
fixed_25_full_capacity,1,103646,103691,736,2208,1651072,4953216,16.0,48.0,16,16
fixed_25_full_capacity,1,103692,103991,4800,14400,1655872,4967616,16.0,48.0,16,16
fixed_25_full_capacity,1,103992,104044,848,2544,1656720,4970160,16.0,48.0,16,16
fixed_25_full_capacity,1,104045,104053,144,432,1656864,4970592,16.0,48.0,16,16
fixed_25_full_capacity,1,104054,104133,1280,3840,1658144,4974432,16.0,48.0,16,16
fixed_25_full_capacity,1,104134,104433,4800,14400,1662944,4988832,16.0,48.0,16,16
fixed_25_full_capacity,1,104434,104498,1040,3120,1663984,4991952,16.0,48.0,16,16
fixed_25_full_capacity,1,104499,104546,768,2304,1664752,4994256,16.0,48.0,16,16
fixed_25_full_capacity,1,104547,104846,4800,14400,1669552,5008656,16.0,48.0,16,16
fixed_25_full_capacity,1,104847,104892,736,2208,1670288,5010864,16.0,48.0,16,16
fixed_25_full_capacity,1,104893,105147,4080,12240,1674368,5023104,16.0,48.0,16,16
fixed_25_full_capacity,1,105148,105167,320,960,1674688,5024064,16.0,48.0,16,16
fixed_25_full_capacity,1,105168,105467,4800,14400,1679488,5038464,16.0,48.0,16,16
fixed_25_full_capacity,1,105468,105566,1584,4752,1681072,5043216,16.0,48.0,16,16
fixed_25_full_capacity,1,105567,105866,4800,14400,1685872,5057616,16.0,48.0,16,16
fixed_25_full_capacity,1,105867,106166,4800,14400,1690672,5072016,16.0,48.0,16,16
fixed_25_full_capacity,1,106167,106231,1040,3120,1691712,5075136,16.0,48.0,16,16
fixed_25_full_capacity,1,106232,106344,1808,5424,1693520,5080560,16.0,48.0,16,16
fixed_25_full_capacity,1,106345,106522,2848,8544,1696368,5089104,16.0,48.0,16,16
fixed_25_full_capacity,1,106523,106636,1824,5472,1698192,5094576,16.0,48.0,16,16
fixed_25_full_capacity,1,106637,106671,560,1680,1698752,5096256,16.0,48.0,16,16
fixed_25_full_capacity,1,106672,106711,640,1920,1699392,5098176,16.0,48.0,16,16
fixed_25_full_capacity,1,106712,107011,4800,14400,1704192,5112576,16.0,48.0,16,16
fixed_25_full_capacity,1,107012,107311,4800,14400,1708992,5126976,16.0,48.0,16,16
fixed_25_full_capacity,1,107312,107424,1808,5424,1710800,5132400,16.0,48.0,16,16
fixed_25_full_capacity,1,107425,107518,1504,4512,1712304,5136912,16.0,48.0,16,16
fixed_25_full_capacity,1,107519,107553,560,1680,1712864,5138592,16.0,48.0,16,16
fixed_25_full_capacity,1,107554,107628,1200,3600,1714064,5142192,16.0,48.0,16,16
fixed_25_full_capacity,1,107629,107747,1904,5712,1715968,5147904,16.0,48.0,16,16
fixed_25_full_capacity,1,107748,107999,4032,12096,1720000,5160000,16.0,48.0,16,16
fixed_25_full_capacity,1,108000,108007,128,384,1720128,5160384,16.0,48.0,16,16
fixed_25_full_capacity,1,108008,108142,2160,6480,1722288,5166864,16.0,48.0,16,16
fixed_25_full_capacity,1,108143,108396,4064,12192,1726352,5179056,16.0,48.0,16,16
fixed_25_full_capacity,1,108397,108696,4800,14400,1731152,5193456,16.0,48.0,16,16
fixed_25_full_capacity,1,108697,108704,128,384,1731280,5193840,16.0,48.0,16,16
fixed_25_full_capacity,1,108705,108722,288,864,1731568,5194704,16.0,48.0,16,16
fixed_25_full_capacity,1,108723,108736,224,672,1731792,5195376,16.0,48.0,16,16
fixed_25_full_capacity,1,108737,109017,4496,13488,1736288,5208864,16.0,48.0,16,16
fixed_25_full_capacity,1,109018,109113,1536,4608,1737824,5213472,16.0,48.0,16,16
fixed_25_full_capacity,1,109114,109413,4800,14400,1742624,5227872,16.0,48.0,16,16
fixed_25_full_capacity,1,109414,109603,3040,9120,1745664,5236992,16.0,48.0,16,16
fixed_25_full_capacity,1,109604,109771,2688,8064,1748352,5245056,16.0,48.0,16,16
fixed_25_full_capacity,1,109772,109908,2192,6576,1750544,5251632,16.0,48.0,16,16
fixed_25_full_capacity,1,109909,110208,4800,14400,1755344,5266032,16.0,48.0,16,16
fixed_25_full_capacity,1,110209,110508,4800,14400,1760144,5280432,16.0,48.0,16,16
fixed_25_full_capacity,1,110509,110558,800,2400,1760944,5282832,16.0,48.0,16,16
fixed_25_full_capacity,1,110559,110653,1520,4560,1762464,5287392,16.0,48.0,16,16
fixed_25_full_capacity,1,110654,110953,4800,14400,1767264,5301792,16.0,48.0,16,16
fixed_25_full_capacity,1,110954,111240,4592,13776,1771856,5315568,16.0,48.0,16,16
fixed_25_full_capacity,1,111241,111483,3888,11664,1775744,5327232,16.0,48.0,16,16
fixed_25_full_capacity,1,111484,111606,1968,5904,1777712,5333136,16.0,48.0,16,16
fixed_25_full_capacity,1,111607,111772,2656,7968,1780368,5341104,16.0,48.0,16,16
fixed_25_full_capacity,1,111773,112072,4800,14400,1785168,5355504,16.0,48.0,16,16
fixed_25_full_capacity,1,112073,112135,1008,3024,1786176,5358528,16.0,48.0,16,16
fixed_25_full_capacity,1,112136,112175,640,1920,1786816,5360448,16.0,48.0,16,16
fixed_25_full_capacity,1,112176,112210,560,1680,1787376,5362128,16.0,48.0,16,16
fixed_25_full_capacity,1,112211,112240,480,1440,1787856,5363568,16.0,48.0,16,16
fixed_25_full_capacity,1,112241,112255,240,720,1788096,5364288,16.0,48.0,16,16
fixed_25_full_capacity,1,112256,112289,544,1632,1788640,5365920,16.0,48.0,16,16
fixed_25_full_capacity,1,112290,112330,656,1968,1789296,5367888,16.0,48.0,16,16
fixed_25_full_capacity,1,112331,112433,1648,4944,1790944,5372832,16.0,48.0,16,16
fixed_25_full_capacity,1,112434,112446,208,624,1791152,5373456,16.0,48.0,16,16
fixed_25_full_capacity,1,112447,112473,432,1296,1791584,5374752,16.0,48.0,16,16
fixed_25_full_capacity,1,112474,112773,4800,14400,1796384,5389152,16.0,48.0,16,16
fixed_25_full_capacity,1,112774,112969,3136,9408,1799520,5398560,16.0,48.0,16,16
fixed_25_full_capacity,1,112970,113269,4800,14400,1804320,5412960,16.0,48.0,16,16
fixed_25_full_capacity,1,113270,113569,4800,14400,1809120,5427360,16.0,48.0,16,16
fixed_25_full_capacity,1,113570,113611,672,2016,1809792,5429376,16.0,48.0,16,16
fixed_25_full_capacity,1,113612,113626,240,720,1810032,5430096,16.0,48.0,16,16
fixed_25_full_capacity,1,113627,113926,4800,14400,1814832,5444496,16.0,48.0,16,16
fixed_25_full_capacity,1,113927,113944,288,864,1815120,5445360,16.0,48.0,16,16
fixed_25_full_capacity,1,113945,113971,432,1296,1815552,5446656,16.0,48.0,16,16
fixed_25_full_capacity,1,113972,114084,1808,5424,1817360,5452080,16.0,48.0,16,16
fixed_25_full_capacity,1,114085,114347,4208,12624,1821568,5464704,16.0,48.0,16,16
fixed_25_full_capacity,1,114348,114647,4800,14400,1826368,5479104,16.0,48.0,16,16
fixed_25_full_capacity,1,114648,114747,1600,4800,1827968,5483904,16.0,48.0,16,16
fixed_25_full_capacity,1,114748,114772,400,1200,1828368,5485104,16.0,48.0,16,16
fixed_25_full_capacity,1,114773,114784,192,576,1828560,5485680,16.0,48.0,16,16
fixed_25_full_capacity,1,114785,115084,4800,14400,1833360,5500080,16.0,48.0,16,16
fixed_25_full_capacity,1,115085,115091,112,336,1833472,5500416,16.0,48.0,16,16
fixed_25_full_capacity,1,115092,115391,4800,14400,1838272,5514816,16.0,48.0,16,16
fixed_25_full_capacity,1,115392,115414,368,1104,1838640,5515920,16.0,48.0,16,16
fixed_25_full_capacity,1,115415,115656,3872,11616,1842512,5527536,16.0,48.0,16,16
fixed_25_full_capacity,1,115657,115723,1072,3216,1843584,5530752,16.0,48.0,16,16
fixed_25_full_capacity,1,115724,115830,1712,5136,1845296,5535888,16.0,48.0,16,16
fixed_25_full_capacity,1,115831,116130,4800,14400,1850096,5550288,16.0,48.0,16,16
fixed_25_full_capacity,1,116131,116352,3552,10656,1853648,5560944,16.0,48.0,16,16
fixed_25_full_capacity,1,116353,116537,2960,8880,1856608,5569824,16.0,48.0,16,16
fixed_25_full_capacity,1,116538,116738,3216,9648,1859824,5579472,16.0,48.0,16,16
fixed_25_full_capacity,1,116739,116838,1600,4800,1861424,5584272,16.0,48.0,16,16
fixed_25_full_capacity,1,116839,117061,3568,10704,1864992,5594976,16.0,48.0,16,16
fixed_25_full_capacity,1,117062,117082,336,1008,1865328,5595984,16.0,48.0,16,16
fixed_25_full_capacity,1,117083,117125,688,2064,1866016,5598048,16.0,48.0,16,16
fixed_25_full_capacity,1,117126,117368,3888,11664,1869904,5609712,16.0,48.0,16,16
fixed_25_full_capacity,1,117369,117481,1808,5424,1871712,5615136,16.0,48.0,16,16
fixed_25_full_capacity,1,117482,117781,4800,14400,1876512,5629536,16.0,48.0,16,16
fixed_25_full_capacity,1,117782,117966,2960,8880,1879472,5638416,16.0,48.0,16,16
fixed_25_full_capacity,1,117967,118026,960,2880,1880432,5641296,16.0,48.0,16,16
fixed_25_full_capacity,1,118027,118326,4800,14400,1885232,5655696,16.0,48.0,16,16
fixed_25_full_capacity,1,118327,118391,1040,3120,1886272,5658816,16.0,48.0,16,16
fixed_25_full_capacity,1,118392,118414,368,1104,1886640,5659920,16.0,48.0,16,16
fixed_25_full_capacity,1,118415,118471,912,2736,1887552,5662656,16.0,48.0,16,16
fixed_25_full_capacity,1,118472,118771,4800,14400,1892352,5677056,16.0,48.0,16,16
fixed_25_full_capacity,1,118772,118941,2720,8160,1895072,5685216,16.0,48.0,16,16
fixed_25_full_capacity,1,118942,119122,2896,8688,1897968,5693904,16.0,48.0,16,16
fixed_25_full_capacity,1,119123,119160,608,1824,1898576,5695728,16.0,48.0,16,16
fixed_25_full_capacity,1,119161,119251,1456,4368,1900032,5700096,16.0,48.0,16,16
fixed_25_full_capacity,1,119252,119551,4800,14400,1904832,5714496,16.0,48.0,16,16
fixed_25_full_capacity,1,119552,119788,3792,11376,1908624,5725872,16.0,48.0,16,16
fixed_25_full_capacity,1,119789,119792,64,192,1908688,5726064,16.0,48.0,16,16
fixed_25_full_capacity,1,119793,119909,1872,5616,1910560,5731680,16.0,48.0,16,16
fixed_25_full_capacity,1,119910,120016,1712,5136,1912272,5736816,16.0,48.0,16,16
fixed_25_full_capacity,1,120017,120056,640,1920,1912912,5738736,16.0,48.0,16,16
fixed_25_full_capacity,1,120057,120070,224,672,1913136,5739408,16.0,48.0,16,16
fixed_25_full_capacity,1,120071,120370,4800,14400,1917936,5753808,16.0,48.0,16,16
fixed_25_full_capacity,1,120371,120670,4800,14400,1922736,5768208,16.0,48.0,16,16
fixed_25_full_capacity,1,120671,120687,272,816,1923008,5769024,16.0,48.0,16,16
fixed_25_full_capacity,1,120688,120987,4800,14400,1927808,5783424,16.0,48.0,16,16
fixed_25_full_capacity,1,120988,121287,4800,14400,1932608,5797824,16.0,48.0,16,16
fixed_25_full_capacity,1,121288,121417,2080,6240,1934688,5804064,16.0,48.0,16,16
fixed_25_full_capacity,1,121418,121487,1120,3360,1935808,5807424,16.0,48.0,16,16
fixed_25_full_capacity,1,121488,121573,1376,4128,1937184,5811552,16.0,48.0,16,16
fixed_25_full_capacity,1,121574,121873,4800,14400,1941984,5825952,16.0,48.0,16,16
fixed_25_full_capacity,1,121874,121942,1104,3312,1943088,5829264,16.0,48.0,16,16
fixed_25_full_capacity,1,121943,122090,2368,7104,1945456,5836368,16.0,48.0,16,16
fixed_25_full_capacity,1,122091,122136,736,2208,1946192,5838576,16.0,48.0,16,16
fixed_25_full_capacity,1,122137,122436,4800,14400,1950992,5852976,16.0,48.0,16,16
fixed_25_full_capacity,1,122437,122613,2832,8496,1953824,5861472,16.0,48.0,16,16
fixed_25_full_capacity,1,122614,122724,1776,5328,1955600,5866800,16.0,48.0,16,16
fixed_25_full_capacity,1,122725,122835,1776,5328,1957376,5872128,16.0,48.0,16,16
fixed_25_full_capacity,1,122836,122975,2240,6720,1959616,5878848,16.0,48.0,16,16
fixed_25_full_capacity,1,122976,123045,1120,3360,1960736,5882208,16.0,48.0,16,16
fixed_25_full_capacity,1,123046,123134,1424,4272,1962160,5886480,16.0,48.0,16,16
fixed_25_full_capacity,1,123135,123311,2832,8496,1964992,5894976,16.0,48.0,16,16
fixed_25_full_capacity,1,123312,123611,4800,14400,1969792,5909376,16.0,48.0,16,16
fixed_25_full_capacity,1,123612,123679,1088,3264,1970880,5912640,16.0,48.0,16,16
fixed_25_full_capacity,1,123680,123706,432,1296,1971312,5913936,16.0,48.0,16,16
fixed_25_full_capacity,1,123707,123730,384,1152,1971696,5915088,16.0,48.0,16,16
fixed_25_full_capacity,1,123731,124030,4800,14400,1976496,5929488,16.0,48.0,16,16
fixed_25_full_capacity,1,124031,124081,816,2448,1977312,5931936,16.0,48.0,16,16
fixed_25_full_capacity,1,124082,124112,496,1488,1977808,5933424,16.0,48.0,16,16
fixed_25_full_capacity,1,124113,124166,864,2592,1978672,5936016,16.0,48.0,16,16
fixed_25_full_capacity,1,124167,124423,4112,12336,1982784,5948352,16.0,48.0,16,16
fixed_25_full_capacity,1,124424,124442,304,912,1983088,5949264,16.0,48.0,16,16
fixed_25_full_capacity,1,124443,124468,416,1248,1983504,5950512,16.0,48.0,16,16
fixed_25_full_capacity,1,124469,124528,960,2880,1984464,5953392,16.0,48.0,16,16
fixed_25_full_capacity,1,124529,124709,2896,8688,1987360,5962080,16.0,48.0,16,16
fixed_25_full_capacity,1,124710,124780,1136,3408,1988496,5965488,16.0,48.0,16,16
fixed_25_full_capacity,1,124781,124798,288,864,1988784,5966352,16.0,48.0,16,16
fixed_25_full_capacity,1,124799,124848,800,2400,1989584,5968752,16.0,48.0,16,16
fixed_25_full_capacity,1,124849,124919,1136,3408,1990720,5972160,16.0,48.0,16,16
fixed_25_full_capacity,1,124920,125092,2768,8304,1993488,5980464,16.0,48.0,16,16
fixed_25_full_capacity,1,125093,125340,3968,11904,1997456,5992368,16.0,48.0,16,16
fixed_25_full_capacity,1,125341,125576,3776,11328,2001232,6003696,16.0,48.0,16,16
fixed_25_full_capacity,1,125577,125789,3408,10224,2004640,6013920,16.0,48.0,16,16
fixed_25_full_capacity,1,125790,125836,752,2256,2005392,6016176,16.0,48.0,16,16
fixed_25_full_capacity,1,125837,125892,896,2688,2006288,6018864,16.0,48.0,16,16
fixed_25_full_capacity,1,125893,125914,352,1056,2006640,6019920,16.0,48.0,16,16
fixed_25_full_capacity,1,125915,126000,1376,4128,2008016,6024048,16.0,48.0,16,16
fixed_25_full_capacity,1,126001,126067,1072,3216,2009088,6027264,16.0,48.0,16,16
fixed_25_full_capacity,1,126068,126198,2096,6288,2011184,6033552,16.0,48.0,16,16
fixed_25_full_capacity,1,126199,126285,1392,4176,2012576,6037728,16.0,48.0,16,16
fixed_25_full_capacity,1,126286,126555,4320,12960,2016896,6050688,16.0,48.0,16,16
fixed_25_full_capacity,1,126556,126587,512,1536,2017408,6052224,16.0,48.0,16,16
fixed_25_full_capacity,1,126588,126887,4800,14400,2022208,6066624,16.0,48.0,16,16
fixed_25_full_capacity,1,126888,126989,1632,4896,2023840,6071520,16.0,48.0,16,16
fixed_25_full_capacity,1,126990,127090,1616,4848,2025456,6076368,16.0,48.0,16,16
fixed_25_full_capacity,1,127091,127390,4800,14400,2030256,6090768,16.0,48.0,16,16
fixed_25_full_capacity,1,127391,127539,2384,7152,2032640,6097920,16.0,48.0,16,16
fixed_25_full_capacity,1,127540,127828,4624,13872,2037264,6111792,16.0,48.0,16,16
fixed_25_full_capacity,1,127829,127905,1232,3696,2038496,6115488,16.0,48.0,16,16
fixed_25_full_capacity,1,127906,127998,1488,4464,2039984,6119952,16.0,48.0,16,16
fixed_25_full_capacity,1,127999,128019,336,1008,2040320,6120960,16.0,48.0,16,16
fixed_25_full_capacity,1,128020,128191,2752,8256,2043072,6129216,16.0,48.0,16,16
fixed_25_full_capacity,1,128192,128249,928,2784,2044000,6132000,16.0,48.0,16,16
fixed_25_full_capacity,1,128250,128274,400,1200,2044400,6133200,16.0,48.0,16,16
fixed_25_full_capacity,1,128275,128302,448,1344,2044848,6134544,16.0,48.0,16,16
fixed_25_full_capacity,1,128303,128501,3184,9552,2048032,6144096,16.0,48.0,16,16
fixed_25_full_capacity,1,128502,128687,2976,8928,2051008,6153024,16.0,48.0,16,16
fixed_25_full_capacity,1,128688,128987,4800,14400,2055808,6167424,16.0,48.0,16,16
fixed_25_full_capacity,1,128988,129060,1168,3504,2056976,6170928,16.0,48.0,16,16
fixed_25_full_capacity,1,129061,129102,672,2016,2057648,6172944,16.0,48.0,16,16
fixed_25_full_capacity,1,129103,129189,1392,4176,2059040,6177120,16.0,48.0,16,16
fixed_25_full_capacity,1,129190,129489,4800,14400,2063840,6191520,16.0,48.0,16,16
fixed_25_full_capacity,1,129490,129724,3760,11280,2067600,6202800,16.0,48.0,16,16
fixed_25_full_capacity,1,129725,129845,1936,5808,2069536,6208608,16.0,48.0,16,16
fixed_25_full_capacity,1,129846,130145,4800,14400,2074336,6223008,16.0,48.0,16,16
fixed_25_full_capacity,1,130146,130265,1920,5760,2076256,6228768,16.0,48.0,16,16
fixed_25_full_capacity,1,130266,130565,4800,14400,2081056,6243168,16.0,48.0,16,16
fixed_25_full_capacity,1,130566,130680,1840,5520,2082896,6248688,16.0,48.0,16,16
fixed_25_full_capacity,1,130681,130795,1840,5520,2084736,6254208,16.0,48.0,16,16
fixed_25_full_capacity,1,130796,130811,256,768,2084992,6254976,16.0,48.0,16,16
fixed_25_full_capacity,1,130812,130950,2224,6672,2087216,6261648,16.0,48.0,16,16
fixed_25_full_capacity,1,130951,130963,208,624,2087424,6262272,16.0,48.0,16,16
fixed_25_full_capacity,1,130964,131263,4800,14400,2092224,6276672,16.0,48.0,16,16
fixed_25_full_capacity,1,131264,131563,4800,14400,2097024,6291072,16.0,48.0,16,16
fixed_25_full_capacity,1,131564,131690,2032,6096,2099056,6297168,16.0,48.0,16,16
fixed_25_full_capacity,1,131691,131784,1504,4512,2100560,6301680,16.0,48.0,16,16
fixed_25_full_capacity,1,131785,131797,208,624,2100768,6302304,16.0,48.0,16,16
fixed_25_full_capacity,1,131798,131836,624,1872,2101392,6304176,16.0,48.0,16,16
fixed_25_full_capacity,1,131837,131932,1536,4608,2102928,6308784,16.0,48.0,16,16
fixed_25_full_capacity,1,131933,131946,224,672,2103152,6309456,16.0,48.0,16,16
fixed_25_full_capacity,1,131947,132246,4800,14400,2107952,6323856,16.0,48.0,16,16
fixed_25_full_capacity,1,132247,132334,1408,4224,2109360,6328080,16.0,48.0,16,16
fixed_25_full_capacity,1,132335,132472,2208,6624,2111568,6334704,16.0,48.0,16,16
fixed_25_full_capacity,1,132473,132580,1728,5184,2113296,6339888,16.0,48.0,16,16
fixed_25_full_capacity,1,132581,132741,2576,7728,2115872,6347616,16.0,48.0,16,16
fixed_25_full_capacity,1,132742,132826,1360,4080,2117232,6351696,16.0,48.0,16,16
fixed_25_full_capacity,1,132827,132944,1888,5664,2119120,6357360,16.0,48.0,16,16
fixed_25_full_capacity,1,132945,133244,4800,14400,2123920,6371760,16.0,48.0,16,16
fixed_25_full_capacity,1,133245,133344,1600,4800,2125520,6376560,16.0,48.0,16,16
fixed_25_full_capacity,1,133345,133466,1952,5856,2127472,6382416,16.0,48.0,16,16
fixed_25_full_capacity,1,133467,133558,1472,4416,2128944,6386832,16.0,48.0,16,16
fixed_25_full_capacity,1,133559,133650,1472,4416,2130416,6391248,16.0,48.0,16,16
fixed_25_full_capacity,1,133651,133692,672,2016,2131088,6393264,16.0,48.0,16,16
fixed_25_full_capacity,1,133693,133733,656,1968,2131744,6395232,16.0,48.0,16,16
fixed_25_full_capacity,1,133734,133851,1888,5664,2133632,6400896,16.0,48.0,16,16
fixed_25_full_capacity,1,133852,133953,1632,4896,2135264,6405792,16.0,48.0,16,16
fixed_25_full_capacity,1,133954,134046,1488,4464,2136752,6410256,16.0,48.0,16,16
fixed_25_full_capacity,1,134047,134135,1424,4272,2138176,6414528,16.0,48.0,16,16
fixed_25_full_capacity,1,134136,134224,1424,4272,2139600,6418800,16.0,48.0,16,16
fixed_25_full_capacity,1,134225,134313,1424,4272,2141024,6423072,16.0,48.0,16,16
fixed_25_full_capacity,1,134314,134401,1408,4224,2142432,6427296,16.0,48.0,16,16
fixed_25_full_capacity,1,134402,134436,560,1680,2142992,6428976,16.0,48.0,16,16
fixed_25_full_capacity,1,134437,134518,1312,3936,2144304,6432912,16.0,48.0,16,16
fixed_25_full_capacity,1,134519,134639,1936,5808,2146240,6438720,16.0,48.0,16,16
fixed_25_full_capacity,1,134640,134722,1328,3984,2147568,6442704,16.0,48.0,16,16
fixed_25_full_capacity,1,134723,134831,1744,5232,2149312,6447936,16.0,48.0,16,16
fixed_25_full_capacity,1,134832,135131,4800,14400,2154112,6462336,16.0,48.0,16,16
fixed_25_full_capacity,1,135132,135155,384,1152,2154496,6463488,16.0,48.0,16,16
fixed_25_full_capacity,1,135156,135262,1712,5136,2156208,6468624,16.0,48.0,16,16
fixed_25_full_capacity,1,135263,135353,1456,4368,2157664,6472992,16.0,48.0,16,16
fixed_25_full_capacity,1,135354,135425,1152,3456,2158816,6476448,16.0,48.0,16,16
fixed_25_full_capacity,1,135426,135515,1440,4320,2160256,6480768,16.0,48.0,16,16
fixed_25_full_capacity,1,135516,135599,1344,4032,2161600,6484800,16.0,48.0,16,16
fixed_25_full_capacity,1,135600,135792,3088,9264,2164688,6494064,16.0,48.0,16,16
fixed_25_full_capacity,1,135793,135868,1216,3648,2165904,6497712,16.0,48.0,16,16
fixed_25_full_capacity,1,135869,136033,2640,7920,2168544,6505632,16.0,48.0,16,16
fixed_25_full_capacity,1,136034,136065,512,1536,2169056,6507168,16.0,48.0,16,16
fixed_25_full_capacity,1,136066,136168,1648,4944,2170704,6512112,16.0,48.0,16,16
fixed_25_full_capacity,1,136169,136264,1536,4608,2172240,6516720,16.0,48.0,16,16
fixed_25_full_capacity,1,136265,136350,1376,4128,2173616,6520848,16.0,48.0,16,16
fixed_25_full_capacity,1,136351,136650,4800,14400,2178416,6535248,16.0,48.0,16,16
fixed_25_full_capacity,1,136651,136736,1376,4128,2179792,6539376,16.0,48.0,16,16
fixed_25_full_capacity,1,136737,136770,544,1632,2180336,6541008,16.0,48.0,16,16
fixed_25_full_capacity,1,136771,136976,3296,9888,2183632,6550896,16.0,48.0,16,16
fixed_25_full_capacity,1,136977,137276,4800,14400,2188432,6565296,16.0,48.0,16,16
fixed_25_full_capacity,1,137277,137375,1584,4752,2190016,6570048,16.0,48.0,16,16
fixed_25_full_capacity,1,137376,137495,1920,5760,2191936,6575808,16.0,48.0,16,16
fixed_25_full_capacity,1,137496,137570,1200,3600,2193136,6579408,16.0,48.0,16,16
fixed_25_full_capacity,1,137571,137659,1424,4272,2194560,6583680,16.0,48.0,16,16
fixed_25_full_capacity,1,137660,137743,1344,4032,2195904,6587712,16.0,48.0,16,16
fixed_25_full_capacity,1,137744,137829,1376,4128,2197280,6591840,16.0,48.0,16,16
fixed_25_full_capacity,1,137830,137925,1536,4608,2198816,6596448,16.0,48.0,16,16
fixed_25_full_capacity,1,137926,138006,1296,3888,2200112,6600336,16.0,48.0,16,16
fixed_25_full_capacity,1,138007,138087,1296,3888,2201408,6604224,16.0,48.0,16,16
fixed_25_full_capacity,1,138088,138171,1344,4032,2202752,6608256,16.0,48.0,16,16
fixed_25_full_capacity,1,138172,138273,1632,4896,2204384,6613152,16.0,48.0,16,16
fixed_25_full_capacity,1,138274,138392,1904,5712,2206288,6618864,16.0,48.0,16,16
fixed_25_full_capacity,1,138393,138505,1808,5424,2208096,6624288,16.0,48.0,16,16
fixed_25_full_capacity,1,138506,138805,4800,14400,2212896,6638688,16.0,48.0,16,16
fixed_25_full_capacity,1,138806,138931,2016,6048,2214912,6644736,16.0,48.0,16,16
fixed_25_full_capacity,1,138932,139231,4800,14400,2219712,6659136,16.0,48.0,16,16
fixed_25_full_capacity,1,139232,139412,2896,8688,2222608,6667824,16.0,48.0,16,16
fixed_25_full_capacity,1,139413,139712,4800,14400,2227408,6682224,16.0,48.0,16,16
fixed_25_full_capacity,1,139713,140012,4800,14400,2232208,6696624,16.0,48.0,16,16
fixed_25_full_capacity,1,140013,140030,288,864,2232496,6697488,16.0,48.0,16,16
fixed_25_full_capacity,1,140031,140121,1456,4368,2233952,6701856,16.0,48.0,16,16
fixed_25_full_capacity,1,140122,140143,352,1056,2234304,6702912,16.0,48.0,16,16
fixed_25_full_capacity,1,140144,140217,1184,3552,2235488,6706464,16.0,48.0,16,16
fixed_25_full_capacity,1,140218,140293,1216,3648,2236704,6710112,16.0,48.0,16,16
fixed_25_full_capacity,1,140294,140404,1776,5328,2238480,6715440,16.0,48.0,16,16
fixed_25_full_capacity,1,140405,140543,2224,6672,2240704,6722112,16.0,48.0,16,16
fixed_25_full_capacity,1,140544,140642,1584,4752,2242288,6726864,16.0,48.0,16,16
fixed_25_full_capacity,1,140643,140732,1440,4320,2243728,6731184,16.0,48.0,16,16
fixed_25_full_capacity,1,140733,140818,1376,4128,2245104,6735312,16.0,48.0,16,16
fixed_25_full_capacity,1,140819,141118,4800,14400,2249904,6749712,16.0,48.0,16,16
fixed_25_full_capacity,1,141119,141250,2112,6336,2252016,6756048,16.0,48.0,16,16
fixed_25_full_capacity,1,141251,141332,1312,3936,2253328,6759984,16.0,48.0,16,16
fixed_25_full_capacity,1,141333,141414,1312,3936,2254640,6763920,16.0,48.0,16,16
fixed_25_full_capacity,1,141415,141511,1552,4656,2256192,6768576,16.0,48.0,16,16
fixed_25_full_capacity,1,141512,141582,1136,3408,2257328,6771984,16.0,48.0,16,16
fixed_25_full_capacity,1,141583,141668,1376,4128,2258704,6776112,16.0,48.0,16,16
fixed_25_full_capacity,1,141669,141699,496,1488,2259200,6777600,16.0,48.0,16,16
fixed_25_full_capacity,1,141700,141776,1232,3696,2260432,6781296,16.0,48.0,16,16
fixed_25_full_capacity,1,141777,141858,1312,3936,2261744,6785232,16.0,48.0,16,16
fixed_25_full_capacity,1,141859,142064,3296,9888,2265040,6795120,16.0,48.0,16,16
fixed_25_full_capacity,1,142065,142159,1520,4560,2266560,6799680,16.0,48.0,16,16
fixed_25_full_capacity,1,142160,142261,1632,4896,2268192,6804576,16.0,48.0,16,16
fixed_25_full_capacity,1,142262,142355,1504,4512,2269696,6809088,16.0,48.0,16,16
fixed_25_full_capacity,1,142356,142430,1200,3600,2270896,6812688,16.0,48.0,16,16
fixed_25_full_capacity,1,142431,142509,1264,3792,2272160,6816480,16.0,48.0,16,16
fixed_25_full_capacity,1,142510,142597,1408,4224,2273568,6820704,16.0,48.0,16,16
fixed_25_full_capacity,1,142598,142688,1456,4368,2275024,6825072,16.0,48.0,16,16
fixed_25_full_capacity,1,142689,142787,1584,4752,2276608,6829824,16.0,48.0,16,16
fixed_25_full_capacity,1,142788,142863,1216,3648,2277824,6833472,16.0,48.0,16,16
fixed_25_full_capacity,1,142864,142964,1616,4848,2279440,6838320,16.0,48.0,16,16
fixed_25_full_capacity,1,142965,143064,1600,4800,2281040,6843120,16.0,48.0,16,16
fixed_25_full_capacity,1,143065,143152,1408,4224,2282448,6847344,16.0,48.0,16,16
fixed_25_full_capacity,1,143153,143229,1232,3696,2283680,6851040,16.0,48.0,16,16
fixed_25_full_capacity,1,143230,143237,128,384,2283808,6851424,16.0,48.0,16,16
fixed_25_full_capacity,1,143238,143320,1328,3984,2285136,6855408,16.0,48.0,16,16
fixed_25_full_capacity,1,143321,143384,1024,3072,2286160,6858480,16.0,48.0,16,16
fixed_25_full_capacity,1,143385,143456,1152,3456,2287312,6861936,16.0,48.0,16,16
fixed_25_full_capacity,1,143457,143536,1280,3840,2288592,6865776,16.0,48.0,16,16
fixed_25_full_capacity,1,143537,143616,1280,3840,2289872,6869616,16.0,48.0,16,16
fixed_25_full_capacity,1,143617,143696,1280,3840,2291152,6873456,16.0,48.0,16,16
fixed_25_full_capacity,1,143697,143769,1168,3504,2292320,6876960,16.0,48.0,16,16
fixed_25_full_capacity,1,143770,143850,1296,3888,2293616,6880848,16.0,48.0,16,16
fixed_25_full_capacity,1,143851,144150,4800,14400,2298416,6895248,16.0,48.0,16,16
fixed_25_full_capacity,1,144151,144238,1408,4224,2299824,6899472,16.0,48.0,16,16
fixed_25_full_capacity,1,144239,144316,1248,3744,2301072,6903216,16.0,48.0,16,16
fixed_25_full_capacity,1,144317,144404,1408,4224,2302480,6907440,16.0,48.0,16,16
fixed_25_full_capacity,1,144405,144488,1344,4032,2303824,6911472,16.0,48.0,16,16
fixed_25_full_capacity,1,144489,144562,1184,3552,2305008,6915024,16.0,48.0,16,16
fixed_25_full_capacity,1,144563,144643,1296,3888,2306304,6918912,16.0,48.0,16,16
fixed_25_full_capacity,1,144644,144704,976,2928,2307280,6921840,16.0,48.0,16,16
fixed_25_full_capacity,1,144705,144779,1200,3600,2308480,6925440,16.0,48.0,16,16
fixed_25_full_capacity,1,144780,144847,1088,3264,2309568,6928704,16.0,48.0,16,16
fixed_25_full_capacity,1,144848,144922,1200,3600,2310768,6932304,16.0,48.0,16,16
fixed_25_full_capacity,1,144923,144998,1216,3648,2311984,6935952,16.0,48.0,16,16
fixed_25_full_capacity,1,144999,145120,1952,5856,2313936,6941808,16.0,48.0,16,16
fixed_25_full_capacity,1,145121,145202,1312,3936,2315248,6945744,16.0,48.0,16,16
fixed_25_full_capacity,1,145203,145404,3232,9696,2318480,6955440,16.0,48.0,16,16
fixed_25_full_capacity,1,145405,145483,1264,3792,2319744,6959232,16.0,48.0,16,16
fixed_25_full_capacity,1,145484,145783,4800,14400,2324544,6973632,16.0,48.0,16,16
fixed_25_full_capacity,1,145784,146042,4144,12432,2328688,6986064,16.0,48.0,16,16
fixed_25_full_capacity,1,146043,146122,1280,3840,2329968,6989904,16.0,48.0,16,16
fixed_25_full_capacity,1,146123,146195,1168,3504,2331136,6993408,16.0,48.0,16,16
fixed_25_full_capacity,1,146196,146279,1344,4032,2332480,6997440,16.0,48.0,16,16
fixed_25_full_capacity,1,146280,146543,4224,12672,2336704,7010112,16.0,48.0,16,16
fixed_25_full_capacity,1,146544,146659,1856,5568,2338560,7015680,16.0,48.0,16,16
fixed_25_full_capacity,1,146660,146743,1344,4032,2339904,7019712,16.0,48.0,16,16
fixed_25_full_capacity,1,146744,146839,1536,4608,2341440,7024320,16.0,48.0,16,16
fixed_25_full_capacity,1,146840,146928,1424,4272,2342864,7028592,16.0,48.0,16,16
fixed_25_full_capacity,1,146929,147054,2016,6048,2344880,7034640,16.0,48.0,16,16
fixed_25_full_capacity,1,147055,147178,1984,5952,2346864,7040592,16.0,48.0,16,16
fixed_25_full_capacity,1,147179,147478,4800,14400,2351664,7054992,16.0,48.0,16,16
fixed_25_full_capacity,1,147479,147549,1136,3408,2352800,7058400,16.0,48.0,16,16
fixed_25_full_capacity,1,147550,147619,1120,3360,2353920,7061760,16.0,48.0,16,16
fixed_25_full_capacity,1,147620,147695,1216,3648,2355136,7065408,16.0,48.0,16,16
fixed_25_full_capacity,1,147696,147766,1136,3408,2356272,7068816,16.0,48.0,16,16
fixed_25_full_capacity,1,147767,147847,1296,3888,2357568,7072704,16.0,48.0,16,16
fixed_25_full_capacity,1,147848,147915,1088,3264,2358656,7075968,16.0,48.0,16,16
fixed_25_full_capacity,1,147916,147990,1200,3600,2359856,7079568,16.0,48.0,16,16
fixed_25_full_capacity,1,147991,148071,1296,3888,2361152,7083456,16.0,48.0,16,16
fixed_25_full_capacity,1,148072,148148,1232,3696,2362384,7087152,16.0,48.0,16,16
fixed_25_full_capacity,1,148149,148226,1248,3744,2363632,7090896,16.0,48.0,16,16
fixed_25_full_capacity,1,148227,148301,1200,3600,2364832,7094496,16.0,48.0,16,16
fixed_25_full_capacity,1,148302,148308,112,336,2364944,7094832,16.0,48.0,16,16
fixed_25_full_capacity,1,148309,148383,1200,3600,2366144,7098432,16.0,48.0,16,16
fixed_25_full_capacity,1,148384,148469,1376,4128,2367520,7102560,16.0,48.0,16,16
fixed_25_full_capacity,1,148470,148538,1104,3312,2368624,7105872,16.0,48.0,16,16
fixed_25_full_capacity,1,148539,148838,4800,14400,2373424,7120272,16.0,48.0,16,16
fixed_25_full_capacity,1,148839,148913,1200,3600,2374624,7123872,16.0,48.0,16,16
fixed_25_full_capacity,1,148914,148985,1152,3456,2375776,7127328,16.0,48.0,16,16
fixed_25_full_capacity,1,148986,149057,1152,3456,2376928,7130784,16.0,48.0,16,16
fixed_25_full_capacity,1,149058,149127,1120,3360,2378048,7134144,16.0,48.0,16,16
fixed_25_full_capacity,1,149128,149197,1120,3360,2379168,7137504,16.0,48.0,16,16
fixed_25_full_capacity,1,149198,149271,1184,3552,2380352,7141056,16.0,48.0,16,16
fixed_25_full_capacity,1,149272,149356,1360,4080,2381712,7145136,16.0,48.0,16,16
fixed_25_full_capacity,1,149357,149424,1088,3264,2382800,7148400,16.0,48.0,16,16
fixed_25_full_capacity,1,149425,149502,1248,3744,2384048,7152144,16.0,48.0,16,16
fixed_25_full_capacity,1,149503,149530,448,1344,2384496,7153488,16.0,48.0,16,16
fixed_25_full_capacity,1,149531,149601,1136,3408,2385632,7156896,16.0,48.0,16,16
fixed_25_full_capacity,1,149602,149669,1088,3264,2386720,7160160,16.0,48.0,16,16
fixed_25_full_capacity,1,149670,149806,2192,6576,2388912,7166736,16.0,48.0,16,16
fixed_25_full_capacity,1,149807,149877,1136,3408,2390048,7170144,16.0,48.0,16,16
fixed_25_full_capacity,1,149878,149949,1152,3456,2391200,7173600,16.0,48.0,16,16
fixed_25_full_capacity,1,149950,149990,656,1968,2391856,7175568,16.0,48.0,16,16
fixed_25_full_capacity,1,149991,150064,1184,3552,2393040,7179120,16.0,48.0,16,16
fixed_25_full_capacity,1,150065,150130,1056,3168,2394096,7182288,16.0,48.0,16,16
fixed_25_full_capacity,1,150131,150202,1152,3456,2395248,7185744,16.0,48.0,16,16
fixed_25_full_capacity,1,150203,150271,1104,3312,2396352,7189056,16.0,48.0,16,16
fixed_25_full_capacity,1,150272,150347,1216,3648,2397568,7192704,16.0,48.0,16,16
fixed_25_full_capacity,1,150348,150413,1056,3168,2398624,7195872,16.0,48.0,16,16
fixed_25_full_capacity,1,150414,150482,1104,3312,2399728,7199184,16.0,48.0,16,16
fixed_25_full_capacity,1,150483,150554,1152,3456,2400880,7202640,16.0,48.0,16,16
fixed_25_full_capacity,1,150555,150854,4800,14400,2405680,7217040,16.0,48.0,16,16
fixed_25_full_capacity,1,150855,150925,1136,3408,2406816,7220448,16.0,48.0,16,16
fixed_25_full_capacity,1,150926,150995,1120,3360,2407936,7223808,16.0,48.0,16,16
fixed_25_full_capacity,1,150996,151067,1152,3456,2409088,7227264,16.0,48.0,16,16
fixed_25_full_capacity,1,151068,151134,1072,3216,2410160,7230480,16.0,48.0,16,16
fixed_25_full_capacity,1,151135,151204,1120,3360,2411280,7233840,16.0,48.0,16,16
fixed_25_full_capacity,1,151205,151271,1072,3216,2412352,7237056,16.0,48.0,16,16
fixed_25_full_capacity,1,151272,151347,1216,3648,2413568,7240704,16.0,48.0,16,16
fixed_25_full_capacity,1,151348,151419,1152,3456,2414720,7244160,16.0,48.0,16,16
fixed_25_full_capacity,1,151420,151493,1184,3552,2415904,7247712,16.0,48.0,16,16
fixed_25_full_capacity,1,151494,151575,1312,3936,2417216,7251648,16.0,48.0,16,16
fixed_25_full_capacity,1,151576,151648,1168,3504,2418384,7255152,16.0,48.0,16,16
fixed_25_full_capacity,1,151649,151721,1168,3504,2419552,7258656,16.0,48.0,16,16
fixed_25_full_capacity,1,151722,151791,1120,3360,2420672,7262016,16.0,48.0,16,16
fixed_25_full_capacity,1,151792,151870,1264,3792,2421936,7265808,16.0,48.0,16,16
fixed_25_full_capacity,1,151871,151936,1056,3168,2422992,7268976,16.0,48.0,16,16
fixed_25_full_capacity,1,151937,151965,464,1392,2423456,7270368,16.0,48.0,16,16
fixed_25_full_capacity,1,151966,152031,1056,3168,2424512,7273536,16.0,48.0,16,16
fixed_25_full_capacity,1,152032,152103,1152,3456,2425664,7276992,16.0,48.0,16,16
fixed_25_full_capacity,1,152104,152176,1168,3504,2426832,7280496,16.0,48.0,16,16
fixed_25_full_capacity,1,152177,152260,1344,4032,2428176,7284528,16.0,48.0,16,16
fixed_25_full_capacity,1,152261,152330,1120,3360,2429296,7287888,16.0,48.0,16,16
fixed_25_full_capacity,1,152331,152398,1088,3264,2430384,7291152,16.0,48.0,16,16
fixed_25_full_capacity,1,152399,152473,1200,3600,2431584,7294752,16.0,48.0,16,16
fixed_25_full_capacity,1,152474,152589,1856,5568,2433440,7300320,16.0,48.0,16,16
fixed_25_full_capacity,1,152590,152664,1200,3600,2434640,7303920,16.0,48.0,16,16
fixed_25_full_capacity,1,152665,152742,1248,3744,2435888,7307664,16.0,48.0,16,16
fixed_25_full_capacity,1,152743,152822,1280,3840,2437168,7311504,16.0,48.0,16,16
fixed_25_full_capacity,1,152823,152913,1456,4368,2438624,7315872,16.0,48.0,16,16
fixed_25_full_capacity,1,152914,152997,1344,4032,2439968,7319904,16.0,48.0,16,16
fixed_25_full_capacity,1,152998,153082,1360,4080,2441328,7323984,16.0,48.0,16,16
fixed_25_full_capacity,1,153083,153148,1056,3168,2442384,7327152,16.0,48.0,16,16
fixed_25_full_capacity,1,153149,153220,1152,3456,2443536,7330608,16.0,48.0,16,16
fixed_25_full_capacity,1,153221,153291,1136,3408,2444672,7334016,16.0,48.0,16,16
fixed_25_full_capacity,1,153292,153385,1504,4512,2446176,7338528,16.0,48.0,16,16
fixed_25_full_capacity,1,153386,153453,1088,3264,2447264,7341792,16.0,48.0,16,16
fixed_25_full_capacity,1,153454,153461,128,384,2447392,7342176,16.0,48.0,16,16
fixed_25_full_capacity,1,153462,153538,1232,3696,2448624,7345872,16.0,48.0,16,16
fixed_25_full_capacity,1,153539,153602,1024,3072,2449648,7348944,16.0,48.0,16,16
fixed_25_full_capacity,1,153603,153684,1312,3936,2450960,7352880,16.0,48.0,16,16
fixed_25_full_capacity,1,153685,153764,1280,3840,2452240,7356720,16.0,48.0,16,16
fixed_25_full_capacity,1,153765,153832,1088,3264,2453328,7359984,16.0,48.0,16,16
fixed_25_full_capacity,1,153833,154100,4288,12864,2457616,7372848,16.0,48.0,16,16
fixed_25_full_capacity,1,154101,154182,1312,3936,2458928,7376784,16.0,48.0,16,16
fixed_25_full_capacity,1,154183,154192,160,480,2459088,7377264,16.0,48.0,16,16
fixed_25_full_capacity,1,154193,154284,1472,4416,2460560,7381680,16.0,48.0,16,16
fixed_25_full_capacity,1,154285,154351,1072,3216,2461632,7384896,16.0,48.0,16,16
fixed_25_full_capacity,1,154352,154419,1088,3264,2462720,7388160,16.0,48.0,16,16
fixed_25_full_capacity,1,154420,154585,2656,7968,2465376,7396128,16.0,48.0,16,16
fixed_25_full_capacity,1,154586,154667,1312,3936,2466688,7400064,16.0,48.0,16,16
fixed_25_full_capacity,1,154668,154743,1216,3648,2467904,7403712,16.0,48.0,16,16
fixed_25_full_capacity,1,154744,154816,1168,3504,2469072,7407216,16.0,48.0,16,16
fixed_25_full_capacity,1,154817,154891,1200,3600,2470272,7410816,16.0,48.0,16,16
fixed_25_full_capacity,1,154892,154966,1200,3600,2471472,7414416,16.0,48.0,16,16
fixed_25_full_capacity,1,154967,155143,2832,8496,2474304,7422912,16.0,48.0,16,16
fixed_25_full_capacity,1,155144,155215,1152,3456,2475456,7426368,16.0,48.0,16,16
fixed_25_full_capacity,1,155216,155291,1216,3648,2476672,7430016,16.0,48.0,16,16
fixed_25_full_capacity,1,155292,155368,1232,3696,2477904,7433712,16.0,48.0,16,16
fixed_25_full_capacity,1,155369,155439,1136,3408,2479040,7437120,16.0,48.0,16,16
fixed_25_full_capacity,1,155440,155508,1104,3312,2480144,7440432,16.0,48.0,16,16
fixed_25_full_capacity,1,155509,155578,1120,3360,2481264,7443792,16.0,48.0,16,16
fixed_25_full_capacity,1,155579,155648,1120,3360,2482384,7447152,16.0,48.0,16,16
fixed_25_full_capacity,1,155649,155721,1168,3504,2483552,7450656,16.0,48.0,16,16
fixed_25_full_capacity,1,155722,155793,1152,3456,2484704,7454112,16.0,48.0,16,16
fixed_25_full_capacity,1,155794,155863,1120,3360,2485824,7457472,16.0,48.0,16,16
fixed_25_full_capacity,1,155864,155916,848,2544,2486672,7460016,16.0,48.0,16,16
fixed_25_full_capacity,1,155917,155987,1136,3408,2487808,7463424,16.0,48.0,16,16
fixed_25_full_capacity,1,155988,156061,1184,3552,2488992,7466976,16.0,48.0,16,16
fixed_25_full_capacity,1,156062,156134,1168,3504,2490160,7470480,16.0,48.0,16,16
fixed_25_full_capacity,1,156135,156208,1184,3552,2491344,7474032,16.0,48.0,16,16
fixed_25_full_capacity,1,156209,156280,1152,3456,2492496,7477488,16.0,48.0,16,16
fixed_25_full_capacity,1,156281,156326,736,2208,2493232,7479696,16.0,48.0,16,16
fixed_25_full_capacity,1,156327,156394,1088,3264,2494320,7482960,16.0,48.0,16,16
fixed_25_full_capacity,1,156395,156462,1088,3264,2495408,7486224,16.0,48.0,16,16
fixed_25_full_capacity,1,156463,156549,1392,4176,2496800,7490400,16.0,48.0,16,16
fixed_25_full_capacity,1,156550,156616,1072,3216,2497872,7493616,16.0,48.0,16,16
fixed_25_full_capacity,1,156617,156685,1104,3312,2498976,7496928,16.0,48.0,16,16
fixed_25_full_capacity,1,156686,156764,1264,3792,2500240,7500720,16.0,48.0,16,16
fixed_25_full_capacity,1,156765,156842,1248,3744,2501488,7504464,16.0,48.0,16,16
fixed_25_full_capacity,1,156843,156928,1376,4128,2502864,7508592,16.0,48.0,16,16
fixed_25_full_capacity,1,156929,156998,1120,3360,2503984,7511952,16.0,48.0,16,16
fixed_25_full_capacity,1,156999,157076,1248,3744,2505232,7515696,16.0,48.0,16,16
fixed_25_full_capacity,1,157077,157153,1232,3696,2506464,7519392,16.0,48.0,16,16
fixed_25_full_capacity,1,157154,157235,1312,3936,2507776,7523328,16.0,48.0,16,16
fixed_25_full_capacity,1,157236,157305,1120,3360,2508896,7526688,16.0,48.0,16,16
fixed_25_full_capacity,1,157306,157382,1232,3696,2510128,7530384,16.0,48.0,16,16
fixed_25_full_capacity,1,157383,157414,512,1536,2510640,7531920,16.0,48.0,16,16
fixed_25_full_capacity,1,157415,157489,1200,3600,2511840,7535520,16.0,48.0,16,16
fixed_25_full_capacity,1,157490,157570,1296,3888,2513136,7539408,16.0,48.0,16,16
fixed_25_full_capacity,1,157571,157641,1136,3408,2514272,7542816,16.0,48.0,16,16
fixed_25_full_capacity,1,157642,157678,592,1776,2514864,7544592,16.0,48.0,16,16
fixed_25_full_capacity,1,157679,157744,1056,3168,2515920,7547760,16.0,48.0,16,16
fixed_25_full_capacity,1,157745,157814,1120,3360,2517040,7551120,16.0,48.0,16,16
fixed_25_full_capacity,1,157815,157898,1344,4032,2518384,7555152,16.0,48.0,16,16
fixed_25_full_capacity,1,157899,157976,1248,3744,2519632,7558896,16.0,48.0,16,16
fixed_25_full_capacity,1,157977,158052,1216,3648,2520848,7562544,16.0,48.0,16,16
fixed_25_full_capacity,1,158053,158097,720,2160,2521568,7564704,16.0,48.0,16,16
fixed_25_full_capacity,1,158098,158180,1328,3984,2522896,7568688,16.0,48.0,16,16
fixed_25_full_capacity,1,158181,158252,1152,3456,2524048,7572144,16.0,48.0,16,16
fixed_25_full_capacity,1,158253,158320,1088,3264,2525136,7575408,16.0,48.0,16,16
fixed_25_full_capacity,1,158321,158387,1072,3216,2526208,7578624,16.0,48.0,16,16
fixed_25_full_capacity,1,158388,158458,1136,3408,2527344,7582032,16.0,48.0,16,16
fixed_25_full_capacity,1,158459,158529,1136,3408,2528480,7585440,16.0,48.0,16,16
fixed_25_full_capacity,1,158530,158599,1120,3360,2529600,7588800,16.0,48.0,16,16
fixed_25_full_capacity,1,158600,158675,1216,3648,2530816,7592448,16.0,48.0,16,16
fixed_25_full_capacity,1,158676,158748,1168,3504,2531984,7595952,16.0,48.0,16,16
fixed_25_full_capacity,1,158749,158819,1136,3408,2533120,7599360,16.0,48.0,16,16
fixed_25_full_capacity,1,158820,158891,1152,3456,2534272,7602816,16.0,48.0,16,16
fixed_25_full_capacity,1,158892,158977,1376,4128,2535648,7606944,16.0,48.0,16,16
fixed_25_full_capacity,1,158978,159058,1296,3888,2536944,7610832,16.0,48.0,16,16
fixed_25_full_capacity,1,159059,159129,1136,3408,2538080,7614240,16.0,48.0,16,16
fixed_25_full_capacity,1,159130,159195,1056,3168,2539136,7617408,16.0,48.0,16,16
fixed_25_full_capacity,1,159196,159234,624,1872,2539760,7619280,16.0,48.0,16,16
fixed_25_full_capacity,1,159235,159306,1152,3456,2540912,7622736,16.0,48.0,16,16
fixed_25_full_capacity,1,159307,159577,4336,13008,2545248,7635744,16.0,48.0,16,16
fixed_25_full_capacity,1,159578,159649,1152,3456,2546400,7639200,16.0,48.0,16,16
fixed_25_full_capacity,1,159650,159722,1168,3504,2547568,7642704,16.0,48.0,16,16
fixed_25_full_capacity,1,159723,159793,1136,3408,2548704,7646112,16.0,48.0,16,16
fixed_25_full_capacity,1,159794,159864,1136,3408,2549840,7649520,16.0,48.0,16,16
fixed_25_full_capacity,1,159865,159928,1024,3072,2550864,7652592,16.0,48.0,16,16
fixed_25_full_capacity,1,159929,160003,1200,3600,2552064,7656192,16.0,48.0,16,16
fixed_25_full_capacity,1,160004,160015,192,576,2552256,7656768,16.0,48.0,16,16
fixed_25_full_capacity,1,160016,160085,1120,3360,2553376,7660128,16.0,48.0,16,16
fixed_25_full_capacity,1,160086,160162,1232,3696,2554608,7663824,16.0,48.0,16,16
fixed_25_full_capacity,1,160163,160233,1136,3408,2555744,7667232,16.0,48.0,16,16
fixed_25_full_capacity,1,160234,160303,1120,3360,2556864,7670592,16.0,48.0,16,16
fixed_25_full_capacity,1,160304,160375,1152,3456,2558016,7674048,16.0,48.0,16,16
fixed_25_full_capacity,1,160376,160454,1264,3792,2559280,7677840,16.0,48.0,16,16
fixed_25_full_capacity,1,160455,160522,1088,3264,2560368,7681104,16.0,48.0,16,16
fixed_25_full_capacity,1,160523,160591,1104,3312,2561472,7684416,16.0,48.0,16,16
fixed_25_full_capacity,1,160592,160660,1104,3312,2562576,7687728,16.0,48.0,16,16
fixed_25_full_capacity,1,160661,160727,1072,3216,2563648,7690944,16.0,48.0,16,16
fixed_25_full_capacity,1,160728,160797,1120,3360,2564768,7694304,16.0,48.0,16,16
fixed_25_full_capacity,1,160798,160871,1184,3552,2565952,7697856,16.0,48.0,16,16
fixed_25_full_capacity,1,160872,160947,1216,3648,2567168,7701504,16.0,48.0,16,16
fixed_25_full_capacity,1,160948,161015,1088,3264,2568256,7704768,16.0,48.0,16,16
fixed_25_full_capacity,1,161016,161091,1216,3648,2569472,7708416,16.0,48.0,16,16
fixed_25_full_capacity,1,161092,161163,1152,3456,2570624,7711872,16.0,48.0,16,16
fixed_25_full_capacity,1,161164,161234,1136,3408,2571760,7715280,16.0,48.0,16,16
fixed_25_full_capacity,1,161235,161302,1088,3264,2572848,7718544,16.0,48.0,16,16
fixed_25_full_capacity,1,161303,161375,1168,3504,2574016,7722048,16.0,48.0,16,16
fixed_25_full_capacity,1,161376,161451,1216,3648,2575232,7725696,16.0,48.0,16,16
fixed_25_full_capacity,1,161452,161520,1104,3312,2576336,7729008,16.0,48.0,16,16
fixed_25_full_capacity,1,161521,161594,1184,3552,2577520,7732560,16.0,48.0,16,16
fixed_25_full_capacity,1,161595,161666,1152,3456,2578672,7736016,16.0,48.0,16,16
fixed_25_full_capacity,1,161667,161733,1072,3216,2579744,7739232,16.0,48.0,16,16
fixed_25_full_capacity,1,161734,161815,1312,3936,2581056,7743168,16.0,48.0,16,16
fixed_25_full_capacity,1,161816,161885,1120,3360,2582176,7746528,16.0,48.0,16,16
fixed_25_full_capacity,1,161886,161956,1136,3408,2583312,7749936,16.0,48.0,16,16
fixed_25_full_capacity,1,161957,162025,1104,3312,2584416,7753248,16.0,48.0,16,16
fixed_25_full_capacity,1,162026,162097,1152,3456,2585568,7756704,16.0,48.0,16,16
fixed_25_full_capacity,1,162098,162168,1136,3408,2586704,7760112,16.0,48.0,16,16
fixed_25_full_capacity,1,162169,162242,1184,3552,2587888,7763664,16.0,48.0,16,16
fixed_25_full_capacity,1,162243,162316,1184,3552,2589072,7767216,16.0,48.0,16,16
fixed_25_full_capacity,1,162317,162384,1088,3264,2590160,7770480,16.0,48.0,16,16
fixed_25_full_capacity,1,162385,162451,1072,3216,2591232,7773696,16.0,48.0,16,16
fixed_25_full_capacity,1,162452,162522,1136,3408,2592368,7777104,16.0,48.0,16,16
fixed_25_full_capacity,1,162523,162595,1168,3504,2593536,7780608,16.0,48.0,16,16
fixed_25_full_capacity,1,162596,162671,1216,3648,2594752,7784256,16.0,48.0,16,16
fixed_25_full_capacity,1,162672,162753,1312,3936,2596064,7788192,16.0,48.0,16,16
fixed_25_full_capacity,1,162754,162824,1136,3408,2597200,7791600,16.0,48.0,16,16
fixed_25_full_capacity,1,162825,162898,1184,3552,2598384,7795152,16.0,48.0,16,16
fixed_25_full_capacity,1,162899,162969,1136,3408,2599520,7798560,16.0,48.0,16,16
fixed_25_full_capacity,1,162970,163040,1136,3408,2600656,7801968,16.0,48.0,16,16
fixed_25_full_capacity,1,163041,163108,1088,3264,2601744,7805232,16.0,48.0,16,16
fixed_25_full_capacity,1,163109,163176,1088,3264,2602832,7808496,16.0,48.0,16,16
fixed_25_full_capacity,1,163177,163246,1120,3360,2603952,7811856,16.0,48.0,16,16
fixed_25_full_capacity,1,163247,163330,1344,4032,2605296,7815888,16.0,48.0,16,16
fixed_25_full_capacity,1,163331,163403,1168,3504,2606464,7819392,16.0,48.0,16,16
fixed_25_full_capacity,1,163404,163481,1248,3744,2607712,7823136,16.0,48.0,16,16
fixed_25_full_capacity,1,163482,163502,336,1008,2608048,7824144,16.0,48.0,16,16
fixed_25_full_capacity,1,163503,163573,1136,3408,2609184,7827552,16.0,48.0,16,16
fixed_25_full_capacity,1,163574,163610,592,1776,2609776,7829328,16.0,48.0,16,16
fixed_25_full_capacity,1,163611,163677,1072,3216,2610848,7832544,16.0,48.0,16,16
fixed_25_full_capacity,1,163678,163748,1136,3408,2611984,7835952,16.0,48.0,16,16
fixed_25_full_capacity,1,163749,163825,1232,3696,2613216,7839648,16.0,48.0,16,16
fixed_25_full_capacity,1,163826,163897,1152,3456,2614368,7843104,16.0,48.0,16,16
fixed_25_full_capacity,1,163898,163966,1104,3312,2615472,7846416,16.0,48.0,16,16
fixed_25_full_capacity,1,163967,164037,1136,3408,2616608,7849824,16.0,48.0,16,16
fixed_25_full_capacity,1,164038,164106,1104,3312,2617712,7853136,16.0,48.0,16,16
fixed_25_full_capacity,1,164107,164184,1248,3744,2618960,7856880,16.0,48.0,16,16
fixed_25_full_capacity,1,164185,164252,1088,3264,2620048,7860144,16.0,48.0,16,16
fixed_25_full_capacity,1,164253,164325,1168,3504,2621216,7863648,16.0,48.0,16,16
fixed_25_full_capacity,1,164326,164395,1120,3360,2622336,7867008,16.0,48.0,16,16
fixed_25_full_capacity,1,164396,164473,1248,3744,2623584,7870752,16.0,48.0,16,16
fixed_25_full_capacity,1,164474,164542,1104,3312,2624688,7874064,16.0,48.0,16,16
fixed_25_full_capacity,1,164543,164612,1120,3360,2625808,7877424,16.0,48.0,16,16
fixed_25_full_capacity,1,164613,164683,1136,3408,2626944,7880832,16.0,48.0,16,16
fixed_25_full_capacity,1,164684,164796,1808,5424,2628752,7886256,16.0,48.0,16,16
fixed_25_full_capacity,1,164797,164863,1072,3216,2629824,7889472,16.0,48.0,16,16
fixed_25_full_capacity,1,164864,164935,1152,3456,2630976,7892928,16.0,48.0,16,16
fixed_25_full_capacity,1,164936,165006,1136,3408,2632112,7896336,16.0,48.0,16,16
fixed_25_full_capacity,1,165007,165081,1200,3600,2633312,7899936,16.0,48.0,16,16
fixed_25_full_capacity,1,165082,165145,1024,3072,2634336,7903008,16.0,48.0,16,16
fixed_25_full_capacity,1,165146,165216,1136,3408,2635472,7906416,16.0,48.0,16,16
fixed_25_full_capacity,1,165217,165287,1136,3408,2636608,7909824,16.0,48.0,16,16
fixed_25_full_capacity,1,165288,165358,1136,3408,2637744,7913232,16.0,48.0,16,16
fixed_25_full_capacity,1,165359,165431,1168,3504,2638912,7916736,16.0,48.0,16,16
fixed_25_full_capacity,1,165432,165497,1056,3168,2639968,7919904,16.0,48.0,16,16
fixed_25_full_capacity,1,165498,165568,1136,3408,2641104,7923312,16.0,48.0,16,16
fixed_25_full_capacity,1,165569,165634,1056,3168,2642160,7926480,16.0,48.0,16,16
fixed_25_full_capacity,1,165635,165707,1168,3504,2643328,7929984,16.0,48.0,16,16
fixed_25_full_capacity,1,165708,165782,1200,3600,2644528,7933584,16.0,48.0,16,16
fixed_25_full_capacity,1,165783,165858,1216,3648,2645744,7937232,16.0,48.0,16,16
fixed_25_full_capacity,1,165859,165926,1088,3264,2646832,7940496,16.0,48.0,16,16
fixed_25_full_capacity,1,165927,166003,1232,3696,2648064,7944192,16.0,48.0,16,16
fixed_25_full_capacity,1,166004,166071,1088,3264,2649152,7947456,16.0,48.0,16,16
fixed_25_full_capacity,1,166072,166138,1072,3216,2650224,7950672,16.0,48.0,16,16
fixed_25_full_capacity,1,166139,166205,1072,3216,2651296,7953888,16.0,48.0,16,16
fixed_25_full_capacity,1,166206,166272,1072,3216,2652368,7957104,16.0,48.0,16,16
fixed_25_full_capacity,1,166273,166344,1152,3456,2653520,7960560,16.0,48.0,16,16
fixed_25_full_capacity,1,166345,166418,1184,3552,2654704,7964112,16.0,48.0,16,16
fixed_25_full_capacity,1,166419,166459,656,1968,2655360,7966080,16.0,48.0,16,16
fixed_25_full_capacity,1,166460,166533,1184,3552,2656544,7969632,16.0,48.0,16,16
fixed_25_full_capacity,1,166534,166601,1088,3264,2657632,7972896,16.0,48.0,16,16
fixed_25_full_capacity,1,166602,166691,1440,4320,2659072,7977216,16.0,48.0,16,16
fixed_25_full_capacity,1,166692,166761,1120,3360,2660192,7980576,16.0,48.0,16,16
fixed_25_full_capacity,1,166762,166841,1280,3840,2661472,7984416,16.0,48.0,16,16
fixed_25_full_capacity,1,166842,166909,1088,3264,2662560,7987680,16.0,48.0,16,16
fixed_25_full_capacity,1,166910,166983,1184,3552,2663744,7991232,16.0,48.0,16,16
fixed_25_full_capacity,1,166984,167050,1072,3216,2664816,7994448,16.0,48.0,16,16
fixed_25_full_capacity,1,167051,167108,928,2784,2665744,7997232,16.0,48.0,16,16
fixed_25_full_capacity,1,167109,167179,1136,3408,2666880,8000640,16.0,48.0,16,16
fixed_25_full_capacity,1,167180,167245,1056,3168,2667936,8003808,16.0,48.0,16,16
fixed_25_full_capacity,1,167246,167319,1184,3552,2669120,8007360,16.0,48.0,16,16
fixed_25_full_capacity,1,167320,167389,1120,3360,2670240,8010720,16.0,48.0,16,16
fixed_25_full_capacity,1,167390,167466,1232,3696,2671472,8014416,16.0,48.0,16,16
fixed_25_full_capacity,1,167467,167540,1184,3552,2672656,8017968,16.0,48.0,16,16
fixed_25_full_capacity,1,167541,167611,1136,3408,2673792,8021376,16.0,48.0,16,16
fixed_25_full_capacity,1,167612,167682,1136,3408,2674928,8024784,16.0,48.0,16,16
fixed_25_full_capacity,1,167683,167749,1072,3216,2676000,8028000,16.0,48.0,16,16
fixed_25_full_capacity,1,167750,167818,1104,3312,2677104,8031312,16.0,48.0,16,16
fixed_25_full_capacity,1,167819,167889,1136,3408,2678240,8034720,16.0,48.0,16,16
fixed_25_full_capacity,1,167890,167959,1120,3360,2679360,8038080,16.0,48.0,16,16
fixed_25_full_capacity,1,167960,168035,1216,3648,2680576,8041728,16.0,48.0,16,16
fixed_25_full_capacity,1,168036,168105,1120,3360,2681696,8045088,16.0,48.0,16,16
fixed_25_full_capacity,1,168106,168177,1152,3456,2682848,8048544,16.0,48.0,16,16
fixed_25_full_capacity,1,168178,168252,1200,3600,2684048,8052144,16.0,48.0,16,16
fixed_25_full_capacity,1,168253,168265,208,624,2684256,8052768,16.0,48.0,16,16
fixed_25_full_capacity,1,168266,168337,1152,3456,2685408,8056224,16.0,48.0,16,16
fixed_25_full_capacity,1,168338,168405,1088,3264,2686496,8059488,16.0,48.0,16,16
fixed_25_full_capacity,1,168406,168477,1152,3456,2687648,8062944,16.0,48.0,16,16
fixed_25_full_capacity,1,168478,168545,1088,3264,2688736,8066208,16.0,48.0,16,16
fixed_25_full_capacity,1,168546,168614,1104,3312,2689840,8069520,16.0,48.0,16,16
fixed_25_full_capacity,1,168615,168697,1328,3984,2691168,8073504,16.0,48.0,16,16
fixed_25_full_capacity,1,168698,168764,1072,3216,2692240,8076720,16.0,48.0,16,16
fixed_25_full_capacity,1,168765,168783,304,912,2692544,8077632,16.0,48.0,16,16
fixed_25_full_capacity,1,168784,168854,1136,3408,2693680,8081040,16.0,48.0,16,16
fixed_25_full_capacity,1,168855,168922,1088,3264,2694768,8084304,16.0,48.0,16,16
fixed_25_full_capacity,1,168923,168991,1104,3312,2695872,8087616,16.0,48.0,16,16
fixed_25_full_capacity,1,168992,169060,1104,3312,2696976,8090928,16.0,48.0,16,16
fixed_25_full_capacity,1,169061,169176,1856,5568,2698832,8096496,16.0,48.0,16,16
fixed_25_full_capacity,1,169177,169249,1168,3504,2700000,8100000,16.0,48.0,16,16
fixed_25_full_capacity,1,169250,169317,1088,3264,2701088,8103264,16.0,48.0,16,16
fixed_25_full_capacity,1,169318,169390,1168,3504,2702256,8106768,16.0,48.0,16,16
fixed_25_full_capacity,1,169391,169465,1200,3600,2703456,8110368,16.0,48.0,16,16
fixed_25_full_capacity,1,169466,169534,1104,3312,2704560,8113680,16.0,48.0,16,16
fixed_25_full_capacity,1,169535,169603,1104,3312,2705664,8116992,16.0,48.0,16,16
fixed_25_full_capacity,1,169604,169671,1088,3264,2706752,8120256,16.0,48.0,16,16
fixed_25_full_capacity,1,169672,169740,1104,3312,2707856,8123568,16.0,48.0,16,16
fixed_25_full_capacity,1,169741,169820,1280,3840,2709136,8127408,16.0,48.0,16,16
fixed_25_full_capacity,1,169821,169892,1152,3456,2710288,8130864,16.0,48.0,16,16
fixed_25_full_capacity,1,169893,169958,1056,3168,2711344,8134032,16.0,48.0,16,16
fixed_25_full_capacity,1,169959,170034,1216,3648,2712560,8137680,16.0,48.0,16,16
fixed_25_full_capacity,1,170035,170108,1184,3552,2713744,8141232,16.0,48.0,16,16
fixed_25_full_capacity,1,170109,170175,1072,3216,2714816,8144448,16.0,48.0,16,16
fixed_25_full_capacity,1,170176,170244,1104,3312,2715920,8147760,16.0,48.0,16,16
fixed_25_full_capacity,1,170245,170319,1200,3600,2717120,8151360,16.0,48.0,16,16
fixed_25_full_capacity,1,170320,170363,704,2112,2717824,8153472,16.0,48.0,16,16
fixed_25_full_capacity,1,170364,170429,1056,3168,2718880,8156640,16.0,48.0,16,16
fixed_25_full_capacity,1,170430,170502,1168,3504,2720048,8160144,16.0,48.0,16,16
fixed_25_full_capacity,1,170503,170568,1056,3168,2721104,8163312,16.0,48.0,16,16
fixed_25_full_capacity,1,170569,170641,1168,3504,2722272,8166816,16.0,48.0,16,16
fixed_25_full_capacity,1,170642,170717,1216,3648,2723488,8170464,16.0,48.0,16,16
fixed_25_full_capacity,1,170718,170789,1152,3456,2724640,8173920,16.0,48.0,16,16
fixed_25_full_capacity,1,170790,170863,1184,3552,2725824,8177472,16.0,48.0,16,16
fixed_25_full_capacity,1,170864,170937,1184,3552,2727008,8181024,16.0,48.0,16,16
fixed_25_full_capacity,1,170938,171005,1088,3264,2728096,8184288,16.0,48.0,16,16
fixed_25_full_capacity,1,171006,171074,1104,3312,2729200,8187600,16.0,48.0,16,16
fixed_25_full_capacity,1,171075,171152,1248,3744,2730448,8191344,16.0,48.0,16,16
fixed_25_full_capacity,1,171153,171225,1168,3504,2731616,8194848,16.0,48.0,16,16
fixed_25_full_capacity,1,171226,171299,1184,3552,2732800,8198400,16.0,48.0,16,16
fixed_25_full_capacity,1,171300,171366,1072,3216,2733872,8201616,16.0,48.0,16,16
fixed_25_full_capacity,1,171367,171436,1120,3360,2734992,8204976,16.0,48.0,16,16
fixed_25_full_capacity,1,171437,171503,1072,3216,2736064,8208192,16.0,48.0,16,16
fixed_25_full_capacity,1,171504,171575,1152,3456,2737216,8211648,16.0,48.0,16,16
fixed_25_full_capacity,1,171576,171653,1248,3744,2738464,8215392,16.0,48.0,16,16
fixed_25_full_capacity,1,171654,171728,1200,3600,2739664,8218992,16.0,48.0,16,16
fixed_25_full_capacity,1,171729,171805,1232,3696,2740896,8222688,16.0,48.0,16,16
fixed_25_full_capacity,1,171806,171877,1152,3456,2742048,8226144,16.0,48.0,16,16
fixed_25_full_capacity,1,171878,171943,1056,3168,2743104,8229312,16.0,48.0,16,16
fixed_25_full_capacity,1,171944,172014,1136,3408,2744240,8232720,16.0,48.0,16,16
fixed_25_full_capacity,1,172015,172088,1184,3552,2745424,8236272,16.0,48.0,16,16
fixed_25_full_capacity,1,172089,172157,1104,3312,2746528,8239584,16.0,48.0,16,16
fixed_25_full_capacity,1,172158,172228,1136,3408,2747664,8242992,16.0,48.0,16,16
fixed_25_full_capacity,1,172229,172301,1168,3504,2748832,8246496,16.0,48.0,16,16
fixed_25_full_capacity,1,172302,172369,1088,3264,2749920,8249760,16.0,48.0,16,16
fixed_25_full_capacity,1,172370,172439,1120,3360,2751040,8253120,16.0,48.0,16,16
fixed_25_full_capacity,1,172440,172509,1120,3360,2752160,8256480,16.0,48.0,16,16
fixed_25_full_capacity,1,172510,172578,1104,3312,2753264,8259792,16.0,48.0,16,16
fixed_25_full_capacity,1,172579,172649,1136,3408,2754400,8263200,16.0,48.0,16,16
fixed_25_full_capacity,1,172650,172719,1120,3360,2755520,8266560,16.0,48.0,16,16
fixed_25_full_capacity,1,172720,172789,1120,3360,2756640,8269920,16.0,48.0,16,16
fixed_25_full_capacity,1,172790,172856,1072,3216,2757712,8273136,16.0,48.0,16,16
fixed_25_full_capacity,1,172857,172925,1104,3312,2758816,8276448,16.0,48.0,16,16
fixed_25_full_capacity,1,172926,173000,1200,3600,2760016,8280048,16.0,48.0,16,16
fixed_25_full_capacity,1,173001,173075,1200,3600,2761216,8283648,16.0,48.0,16,16
fixed_25_full_capacity,1,173076,173143,1088,3264,2762304,8286912,16.0,48.0,16,16
fixed_25_full_capacity,1,173144,173214,1136,3408,2763440,8290320,16.0,48.0,16,16
fixed_25_full_capacity,1,173215,173282,1088,3264,2764528,8293584,16.0,48.0,16,16
fixed_25_full_capacity,1,173283,173350,1088,3264,2765616,8296848,16.0,48.0,16,16
fixed_25_full_capacity,1,173351,173422,1152,3456,2766768,8300304,16.0,48.0,16,16
fixed_25_full_capacity,1,173423,173493,1136,3408,2767904,8303712,16.0,48.0,16,16
fixed_25_full_capacity,1,173494,173564,1136,3408,2769040,8307120,16.0,48.0,16,16
fixed_25_full_capacity,1,173565,173632,1088,3264,2770128,8310384,16.0,48.0,16,16
fixed_25_full_capacity,1,173633,173703,1136,3408,2771264,8313792,16.0,48.0,16,16
fixed_25_full_capacity,1,173704,173775,1152,3456,2772416,8317248,16.0,48.0,16,16
fixed_25_full_capacity,1,173776,173852,1232,3696,2773648,8320944,16.0,48.0,16,16
fixed_25_full_capacity,1,173853,173923,1136,3408,2774784,8324352,16.0,48.0,16,16
fixed_25_full_capacity,1,173924,173991,1088,3264,2775872,8327616,16.0,48.0,16,16
fixed_25_full_capacity,1,173992,174057,1056,3168,2776928,8330784,16.0,48.0,16,16
fixed_25_full_capacity,1,174058,174129,1152,3456,2778080,8334240,16.0,48.0,16,16
fixed_25_full_capacity,1,174130,174219,1440,4320,2779520,8338560,16.0,48.0,16,16
fixed_25_full_capacity,1,174220,174294,1200,3600,2780720,8342160,16.0,48.0,16,16
fixed_25_full_capacity,1,174295,174366,1152,3456,2781872,8345616,16.0,48.0,16,16
fixed_25_full_capacity,1,174367,174443,1232,3696,2783104,8349312,16.0,48.0,16,16
fixed_25_full_capacity,1,174444,174516,1168,3504,2784272,8352816,16.0,48.0,16,16
fixed_25_full_capacity,1,174517,174591,1200,3600,2785472,8356416,16.0,48.0,16,16
fixed_25_full_capacity,1,174592,174661,1120,3360,2786592,8359776,16.0,48.0,16,16
fixed_25_full_capacity,1,174662,174737,1216,3648,2787808,8363424,16.0,48.0,16,16
fixed_25_full_capacity,1,174738,174810,1168,3504,2788976,8366928,16.0,48.0,16,16
fixed_25_full_capacity,1,174811,174882,1152,3456,2790128,8370384,16.0,48.0,16,16
fixed_25_full_capacity,1,174883,174955,1168,3504,2791296,8373888,16.0,48.0,16,16
fixed_25_full_capacity,1,174956,175025,1120,3360,2792416,8377248,16.0,48.0,16,16
fixed_25_full_capacity,1,175026,175099,1184,3552,2793600,8380800,16.0,48.0,16,16
fixed_25_full_capacity,1,175100,175167,1088,3264,2794688,8384064,16.0,48.0,16,16
fixed_25_full_capacity,1,175168,175244,1232,3696,2795920,8387760,16.0,48.0,16,16
fixed_25_full_capacity,1,175245,175316,1152,3456,2797072,8391216,16.0,48.0,16,16
fixed_25_full_capacity,1,175317,175390,1184,3552,2798256,8394768,16.0,48.0,16,16
fixed_25_full_capacity,1,175391,175537,2352,7056,2800608,8401824,16.0,48.0,16,16
fixed_25_full_capacity,1,175538,175608,1136,3408,2801744,8405232,16.0,48.0,16,16
fixed_25_full_capacity,1,175609,175678,1120,3360,2802864,8408592,16.0,48.0,16,16
fixed_25_full_capacity,1,175679,175749,1136,3408,2804000,8412000,16.0,48.0,16,16
fixed_25_full_capacity,1,175750,175829,1280,3840,2805280,8415840,16.0,48.0,16,16
fixed_25_full_capacity,1,175830,175899,1120,3360,2806400,8419200,16.0,48.0,16,16
fixed_25_full_capacity,1,175900,175971,1152,3456,2807552,8422656,16.0,48.0,16,16
fixed_25_full_capacity,1,175972,176039,1088,3264,2808640,8425920,16.0,48.0,16,16
fixed_25_full_capacity,1,176040,176110,1136,3408,2809776,8429328,16.0,48.0,16,16
fixed_25_full_capacity,1,176111,176180,1120,3360,2810896,8432688,16.0,48.0,16,16
fixed_25_full_capacity,1,176181,176254,1184,3552,2812080,8436240,16.0,48.0,16,16
fixed_25_full_capacity,1,176255,176324,1120,3360,2813200,8439600,16.0,48.0,16,16
fixed_25_full_capacity,1,176325,176394,1120,3360,2814320,8442960,16.0,48.0,16,16
fixed_25_full_capacity,1,176395,176465,1136,3408,2815456,8446368,16.0,48.0,16,16
fixed_25_full_capacity,1,176466,176541,1216,3648,2816672,8450016,16.0,48.0,16,16
fixed_25_full_capacity,1,176542,176628,1392,4176,2818064,8454192,16.0,48.0,16,16
fixed_25_full_capacity,1,176629,176698,1120,3360,2819184,8457552,16.0,48.0,16,16
fixed_25_full_capacity,1,176699,176778,1280,3840,2820464,8461392,16.0,48.0,16,16
fixed_25_full_capacity,1,176779,176857,1264,3792,2821728,8465184,16.0,48.0,16,16
fixed_25_full_capacity,1,176858,176943,1376,4128,2823104,8469312,16.0,48.0,16,16
fixed_25_full_capacity,1,176944,177016,1168,3504,2824272,8472816,16.0,48.0,16,16
fixed_25_full_capacity,1,177017,177096,1280,3840,2825552,8476656,16.0,48.0,16,16
fixed_25_full_capacity,1,177097,177165,1104,3312,2826656,8479968,16.0,48.0,16,16
fixed_25_full_capacity,1,177166,177234,1104,3312,2827760,8483280,16.0,48.0,16,16
fixed_25_full_capacity,1,177235,177300,1056,3168,2828816,8486448,16.0,48.0,16,16
fixed_25_full_capacity,1,177301,177370,1120,3360,2829936,8489808,16.0,48.0,16,16
fixed_25_full_capacity,1,177371,177446,1216,3648,2831152,8493456,16.0,48.0,16,16
fixed_25_full_capacity,1,177447,177521,1200,3600,2832352,8497056,16.0,48.0,16,16
fixed_25_full_capacity,1,177522,177591,1120,3360,2833472,8500416,16.0,48.0,16,16
fixed_25_full_capacity,1,177592,177661,1120,3360,2834592,8503776,16.0,48.0,16,16
fixed_25_full_capacity,1,177662,177731,1120,3360,2835712,8507136,16.0,48.0,16,16
fixed_25_full_capacity,1,177732,177804,1168,3504,2836880,8510640,16.0,48.0,16,16
fixed_25_full_capacity,1,177805,177870,1056,3168,2837936,8513808,16.0,48.0,16,16
fixed_25_full_capacity,1,177871,177938,1088,3264,2839024,8517072,16.0,48.0,16,16
fixed_25_full_capacity,1,177939,178006,1088,3264,2840112,8520336,16.0,48.0,16,16
fixed_25_full_capacity,1,178007,178072,1056,3168,2841168,8523504,16.0,48.0,16,16
fixed_25_full_capacity,1,178073,178138,1056,3168,2842224,8526672,16.0,48.0,16,16
fixed_25_full_capacity,1,178139,178216,1248,3744,2843472,8530416,16.0,48.0,16,16
fixed_25_full_capacity,1,178217,178292,1216,3648,2844688,8534064,16.0,48.0,16,16
fixed_25_full_capacity,1,178293,178358,1056,3168,2845744,8537232,16.0,48.0,16,16
fixed_25_full_capacity,1,178359,178424,1056,3168,2846800,8540400,16.0,48.0,16,16
fixed_25_full_capacity,1,178425,178498,1184,3552,2847984,8543952,16.0,48.0,16,16
fixed_25_full_capacity,1,178499,178570,1152,3456,2849136,8547408,16.0,48.0,16,16
fixed_25_full_capacity,1,178571,178643,1168,3504,2850304,8550912,16.0,48.0,16,16
fixed_25_full_capacity,1,178644,178712,1104,3312,2851408,8554224,16.0,48.0,16,16
fixed_25_full_capacity,1,178713,178781,1104,3312,2852512,8557536,16.0,48.0,16,16
fixed_25_full_capacity,1,178782,178852,1136,3408,2853648,8560944,16.0,48.0,16,16
fixed_25_full_capacity,1,178853,178924,1152,3456,2854800,8564400,16.0,48.0,16,16
fixed_25_full_capacity,1,178925,179001,1232,3696,2856032,8568096,16.0,48.0,16,16
fixed_25_full_capacity,1,179002,179070,1104,3312,2857136,8571408,16.0,48.0,16,16
fixed_25_full_capacity,1,179071,179150,1280,3840,2858416,8575248,16.0,48.0,16,16
fixed_25_full_capacity,1,179151,179218,1088,3264,2859504,8578512,16.0,48.0,16,16
fixed_25_full_capacity,1,179219,179294,1216,3648,2860720,8582160,16.0,48.0,16,16
fixed_25_full_capacity,1,179295,179362,1088,3264,2861808,8585424,16.0,48.0,16,16
fixed_25_full_capacity,1,179363,179435,1168,3504,2862976,8588928,16.0,48.0,16,16
fixed_25_full_capacity,1,179436,179506,1136,3408,2864112,8592336,16.0,48.0,16,16
fixed_25_full_capacity,1,179507,179592,1376,4128,2865488,8596464,16.0,48.0,16,16
fixed_25_full_capacity,1,179593,179666,1184,3552,2866672,8600016,16.0,48.0,16,16
fixed_25_full_capacity,1,179667,179737,1136,3408,2867808,8603424,16.0,48.0,16,16
fixed_25_full_capacity,1,179738,179806,1104,3312,2868912,8606736,16.0,48.0,16,16
fixed_25_full_capacity,1,179807,179880,1184,3552,2870096,8610288,16.0,48.0,16,16
fixed_25_full_capacity,1,179881,179949,1104,3312,2871200,8613600,16.0,48.0,16,16
fixed_25_full_capacity,1,179950,180024,1200,3600,2872400,8617200,16.0,48.0,16,16
fixed_25_full_capacity,1,180025,180094,1120,3360,2873520,8620560,16.0,48.0,16,16
fixed_25_full_capacity,1,180095,180164,1120,3360,2874640,8623920,16.0,48.0,16,16
fixed_25_full_capacity,1,180165,180233,1104,3312,2875744,8627232,16.0,48.0,16,16
fixed_25_full_capacity,1,180234,180303,1120,3360,2876864,8630592,16.0,48.0,16,16
fixed_25_full_capacity,1,180304,180376,1168,3504,2878032,8634096,16.0,48.0,16,16
fixed_25_full_capacity,1,180377,180446,1120,3360,2879152,8637456,16.0,48.0,16,16
fixed_25_full_capacity,1,180447,180516,1120,3360,2880272,8640816,16.0,48.0,16,16
fixed_25_full_capacity,1,180517,180587,1136,3408,2881408,8644224,16.0,48.0,16,16
fixed_25_full_capacity,1,180588,180661,1184,3552,2882592,8647776,16.0,48.0,16,16
fixed_25_full_capacity,1,180662,180729,1088,3264,2883680,8651040,16.0,48.0,16,16
fixed_25_full_capacity,1,180730,180797,1088,3264,2884768,8654304,16.0,48.0,16,16
fixed_25_full_capacity,1,180798,180873,1216,3648,2885984,8657952,16.0,48.0,16,16
fixed_25_full_capacity,1,180874,180942,1104,3312,2887088,8661264,16.0,48.0,16,16
fixed_25_full_capacity,1,180943,181013,1136,3408,2888224,8664672,16.0,48.0,16,16
fixed_25_full_capacity,1,181014,181087,1184,3552,2889408,8668224,16.0,48.0,16,16
fixed_25_full_capacity,1,181088,181160,1168,3504,2890576,8671728,16.0,48.0,16,16
fixed_25_full_capacity,1,181161,181228,1088,3264,2891664,8674992,16.0,48.0,16,16
fixed_25_full_capacity,1,181229,181296,1088,3264,2892752,8678256,16.0,48.0,16,16
fixed_25_full_capacity,1,181297,181364,1088,3264,2893840,8681520,16.0,48.0,16,16
fixed_25_full_capacity,1,181365,181435,1136,3408,2894976,8684928,16.0,48.0,16,16
fixed_25_full_capacity,1,181436,181505,1120,3360,2896096,8688288,16.0,48.0,16,16
fixed_25_full_capacity,1,181506,181571,1056,3168,2897152,8691456,16.0,48.0,16,16
fixed_25_full_capacity,1,181572,181640,1104,3312,2898256,8694768,16.0,48.0,16,16
fixed_25_full_capacity,1,181641,181708,1088,3264,2899344,8698032,16.0,48.0,16,16
fixed_25_full_capacity,1,181709,181778,1120,3360,2900464,8701392,16.0,48.0,16,16
fixed_25_full_capacity,1,181779,181854,1216,3648,2901680,8705040,16.0,48.0,16,16
fixed_25_full_capacity,1,181855,181926,1152,3456,2902832,8708496,16.0,48.0,16,16
fixed_25_full_capacity,1,181927,181996,1120,3360,2903952,8711856,16.0,48.0,16,16
fixed_25_full_capacity,1,181997,182069,1168,3504,2905120,8715360,16.0,48.0,16,16
fixed_25_full_capacity,1,182070,182142,1168,3504,2906288,8718864,16.0,48.0,16,16
fixed_25_full_capacity,1,182143,182210,1088,3264,2907376,8722128,16.0,48.0,16,16
fixed_25_full_capacity,1,182211,182251,656,1968,2908032,8724096,16.0,48.0,16,16
fixed_25_full_capacity,1,182252,182317,1056,3168,2909088,8727264,16.0,48.0,16,16
fixed_25_full_capacity,1,182318,182387,1120,3360,2910208,8730624,16.0,48.0,16,16
fixed_25_full_capacity,1,182388,182455,1088,3264,2911296,8733888,16.0,48.0,16,16
fixed_25_full_capacity,1,182456,182526,1136,3408,2912432,8737296,16.0,48.0,16,16
fixed_25_full_capacity,1,182527,182592,1056,3168,2913488,8740464,16.0,48.0,16,16
fixed_25_full_capacity,1,182593,182665,1168,3504,2914656,8743968,16.0,48.0,16,16
fixed_25_full_capacity,1,182666,182734,1104,3312,2915760,8747280,16.0,48.0,16,16
fixed_25_full_capacity,1,182735,182814,1280,3840,2917040,8751120,16.0,48.0,16,16
fixed_25_full_capacity,1,182815,182884,1120,3360,2918160,8754480,16.0,48.0,16,16
fixed_25_full_capacity,1,182885,182958,1184,3552,2919344,8758032,16.0,48.0,16,16
fixed_25_full_capacity,1,182959,183027,1104,3312,2920448,8761344,16.0,48.0,16,16
fixed_25_full_capacity,1,183028,183085,928,2784,2921376,8764128,16.0,48.0,16,16
fixed_25_full_capacity,1,183086,183152,1072,3216,2922448,8767344,16.0,48.0,16,16
fixed_25_full_capacity,1,183153,183223,1136,3408,2923584,8770752,16.0,48.0,16,16
fixed_25_full_capacity,1,183224,183291,1088,3264,2924672,8774016,16.0,48.0,16,16
fixed_25_full_capacity,1,183292,183361,1120,3360,2925792,8777376,16.0,48.0,16,16
fixed_25_full_capacity,1,183362,183437,1216,3648,2927008,8781024,16.0,48.0,16,16
fixed_25_full_capacity,1,183438,183507,1120,3360,2928128,8784384,16.0,48.0,16,16
fixed_25_full_capacity,1,183508,183579,1152,3456,2929280,8787840,16.0,48.0,16,16
fixed_25_full_capacity,1,183580,183652,1168,3504,2930448,8791344,16.0,48.0,16,16
fixed_25_full_capacity,1,183653,183720,1088,3264,2931536,8794608,16.0,48.0,16,16
fixed_25_full_capacity,1,183721,183786,1056,3168,2932592,8797776,16.0,48.0,16,16
fixed_25_full_capacity,1,183787,183802,256,768,2932848,8798544,16.0,48.0,16,16
fixed_25_full_capacity,1,183803,183880,1248,3744,2934096,8802288,16.0,48.0,16,16
fixed_25_full_capacity,1,183881,183951,1136,3408,2935232,8805696,16.0,48.0,16,16
fixed_25_full_capacity,1,183952,184021,1120,3360,2936352,8809056,16.0,48.0,16,16
fixed_25_full_capacity,1,184022,184092,1136,3408,2937488,8812464,16.0,48.0,16,16
fixed_25_full_capacity,1,184093,184159,1072,3216,2938560,8815680,16.0,48.0,16,16
fixed_25_full_capacity,1,184160,184230,1136,3408,2939696,8819088,16.0,48.0,16,16
fixed_25_full_capacity,1,184231,184303,1168,3504,2940864,8822592,16.0,48.0,16,16
fixed_25_full_capacity,1,184304,184373,1120,3360,2941984,8825952,16.0,48.0,16,16
fixed_25_full_capacity,1,184374,184443,1120,3360,2943104,8829312,16.0,48.0,16,16
fixed_25_full_capacity,1,184444,184511,1088,3264,2944192,8832576,16.0,48.0,16,16
fixed_25_full_capacity,1,184512,184586,1200,3600,2945392,8836176,16.0,48.0,16,16
fixed_25_full_capacity,1,184587,184655,1104,3312,2946496,8839488,16.0,48.0,16,16
fixed_25_full_capacity,1,184656,184728,1168,3504,2947664,8842992,16.0,48.0,16,16
fixed_25_full_capacity,1,184729,184795,1072,3216,2948736,8846208,16.0,48.0,16,16
fixed_25_full_capacity,1,184796,184863,1088,3264,2949824,8849472,16.0,48.0,16,16
fixed_25_full_capacity,1,184864,184931,1088,3264,2950912,8852736,16.0,48.0,16,16
fixed_25_full_capacity,1,184932,185007,1216,3648,2952128,8856384,16.0,48.0,16,16
fixed_25_full_capacity,1,185008,185067,960,2880,2953088,8859264,16.0,48.0,16,16
fixed_25_full_capacity,1,185068,185139,1152,3456,2954240,8862720,16.0,48.0,16,16
fixed_25_full_capacity,1,185140,185212,1168,3504,2955408,8866224,16.0,48.0,16,16
fixed_25_full_capacity,1,185213,185284,1152,3456,2956560,8869680,16.0,48.0,16,16
fixed_25_full_capacity,1,185285,185355,1136,3408,2957696,8873088,16.0,48.0,16,16
fixed_25_full_capacity,1,185356,185424,1104,3312,2958800,8876400,16.0,48.0,16,16
fixed_25_full_capacity,1,185425,185494,1120,3360,2959920,8879760,16.0,48.0,16,16
fixed_25_full_capacity,1,185495,185516,352,1056,2960272,8880816,16.0,48.0,16,16
fixed_25_full_capacity,1,185517,185586,1120,3360,2961392,8884176,16.0,48.0,16,16
fixed_25_full_capacity,1,185587,185652,1056,3168,2962448,8887344,16.0,48.0,16,16
fixed_25_full_capacity,1,185653,185724,1152,3456,2963600,8890800,16.0,48.0,16,16
fixed_25_full_capacity,1,185725,185792,1088,3264,2964688,8894064,16.0,48.0,16,16
fixed_25_full_capacity,1,185793,185859,1072,3216,2965760,8897280,16.0,48.0,16,16
fixed_25_full_capacity,1,185860,185928,1104,3312,2966864,8900592,16.0,48.0,16,16
fixed_25_full_capacity,1,185929,185995,1072,3216,2967936,8903808,16.0,48.0,16,16
fixed_25_full_capacity,1,185996,186068,1168,3504,2969104,8907312,16.0,48.0,16,16
fixed_25_full_capacity,1,186069,186140,1152,3456,2970256,8910768,16.0,48.0,16,16
fixed_25_full_capacity,1,186141,186212,1152,3456,2971408,8914224,16.0,48.0,16,16
fixed_25_full_capacity,1,186213,186284,1152,3456,2972560,8917680,16.0,48.0,16,16
fixed_25_full_capacity,1,186285,186350,1056,3168,2973616,8920848,16.0,48.0,16,16
fixed_25_full_capacity,1,186351,186392,672,2016,2974288,8922864,16.0,48.0,16,16
fixed_25_full_capacity,1,186393,186464,1152,3456,2975440,8926320,16.0,48.0,16,16
fixed_25_full_capacity,1,186465,186532,1088,3264,2976528,8929584,16.0,48.0,16,16
fixed_25_full_capacity,1,186533,186612,1280,3840,2977808,8933424,16.0,48.0,16,16
fixed_25_full_capacity,1,186613,186653,656,1968,2978464,8935392,16.0,48.0,16,16
fixed_25_full_capacity,1,186654,186725,1152,3456,2979616,8938848,16.0,48.0,16,16
fixed_25_full_capacity,1,186726,186795,1120,3360,2980736,8942208,16.0,48.0,16,16
fixed_25_full_capacity,1,186796,186853,928,2784,2981664,8944992,16.0,48.0,16,16
fixed_25_full_capacity,1,186854,186923,1120,3360,2982784,8948352,16.0,48.0,16,16
fixed_25_full_capacity,1,186924,186991,1088,3264,2983872,8951616,16.0,48.0,16,16
fixed_25_full_capacity,1,186992,187060,1104,3312,2984976,8954928,16.0,48.0,16,16
fixed_25_full_capacity,1,187061,187129,1104,3312,2986080,8958240,16.0,48.0,16,16
fixed_25_full_capacity,1,187130,187203,1184,3552,2987264,8961792,16.0,48.0,16,16
fixed_25_full_capacity,1,187204,187273,1120,3360,2988384,8965152,16.0,48.0,16,16
fixed_25_full_capacity,1,187274,187346,1168,3504,2989552,8968656,16.0,48.0,16,16
fixed_25_full_capacity,1,187347,187412,1056,3168,2990608,8971824,16.0,48.0,16,16
fixed_25_full_capacity,1,187413,187480,1088,3264,2991696,8975088,16.0,48.0,16,16
fixed_25_full_capacity,1,187481,187550,1120,3360,2992816,8978448,16.0,48.0,16,16
fixed_25_full_capacity,1,187551,187617,1072,3216,2993888,8981664,16.0,48.0,16,16
fixed_25_full_capacity,1,187618,187686,1104,3312,2994992,8984976,16.0,48.0,16,16
fixed_25_full_capacity,1,187687,187759,1168,3504,2996160,8988480,16.0,48.0,16,16
fixed_25_full_capacity,1,187760,187829,1120,3360,2997280,8991840,16.0,48.0,16,16
fixed_25_full_capacity,1,187830,187899,1120,3360,2998400,8995200,16.0,48.0,16,16
fixed_25_full_capacity,1,187900,187968,1104,3312,2999504,8998512,16.0,48.0,16,16
fixed_25_full_capacity,1,187969,188041,1168,3504,3000672,9002016,16.0,48.0,16,16
fixed_25_full_capacity,1,188042,188101,960,2880,3001632,9004896,16.0,48.0,16,16
fixed_25_full_capacity,1,188102,188175,1184,3552,3002816,9008448,16.0,48.0,16,16
fixed_25_full_capacity,1,188176,188249,1184,3552,3004000,9012000,16.0,48.0,16,16
fixed_25_full_capacity,1,188250,188319,1120,3360,3005120,9015360,16.0,48.0,16,16
fixed_25_full_capacity,1,188320,188395,1216,3648,3006336,9019008,16.0,48.0,16,16
fixed_25_full_capacity,1,188396,188471,1216,3648,3007552,9022656,16.0,48.0,16,16
fixed_25_full_capacity,1,188472,188554,1328,3984,3008880,9026640,16.0,48.0,16,16
fixed_25_full_capacity,1,188555,188633,1264,3792,3010144,9030432,16.0,48.0,16,16
fixed_25_full_capacity,1,188634,188706,1168,3504,3011312,9033936,16.0,48.0,16,16
fixed_25_full_capacity,1,188707,188782,1216,3648,3012528,9037584,16.0,48.0,16,16
fixed_25_full_capacity,1,188783,188850,1088,3264,3013616,9040848,16.0,48.0,16,16
fixed_25_full_capacity,1,188851,188918,1088,3264,3014704,9044112,16.0,48.0,16,16
fixed_25_full_capacity,1,188919,188997,1264,3792,3015968,9047904,16.0,48.0,16,16
fixed_25_full_capacity,1,188998,189227,3680,11040,3019648,9058944,16.0,48.0,16,16
fixed_25_full_capacity,1,189228,189303,1216,3648,3020864,9062592,16.0,48.0,16,16
fixed_25_full_capacity,1,189304,189379,1216,3648,3022080,9066240,16.0,48.0,16,16
fixed_25_full_capacity,1,189380,189449,1120,3360,3023200,9069600,16.0,48.0,16,16
fixed_25_full_capacity,1,189450,189524,1200,3600,3024400,9073200,16.0,48.0,16,16
fixed_25_full_capacity,1,189525,189597,1168,3504,3025568,9076704,16.0,48.0,16,16
fixed_25_full_capacity,1,189598,189666,1104,3312,3026672,9080016,16.0,48.0,16,16
fixed_25_full_capacity,1,189667,189736,1120,3360,3027792,9083376,16.0,48.0,16,16
fixed_25_full_capacity,1,189737,189815,1264,3792,3029056,9087168,16.0,48.0,16,16
fixed_25_full_capacity,1,189816,189883,1088,3264,3030144,9090432,16.0,48.0,16,16
fixed_25_full_capacity,1,189884,189951,1088,3264,3031232,9093696,16.0,48.0,16,16
fixed_25_full_capacity,1,189952,190031,1280,3840,3032512,9097536,16.0,48.0,16,16
fixed_25_full_capacity,1,190032,190097,1056,3168,3033568,9100704,16.0,48.0,16,16
fixed_25_full_capacity,1,190098,190167,1120,3360,3034688,9104064,16.0,48.0,16,16
fixed_25_full_capacity,1,190168,190239,1152,3456,3035840,9107520,16.0,48.0,16,16
fixed_25_full_capacity,1,190240,190313,1184,3552,3037024,9111072,16.0,48.0,16,16
fixed_25_full_capacity,1,190314,190387,1184,3552,3038208,9114624,16.0,48.0,16,16
fixed_25_full_capacity,1,190388,190454,1072,3216,3039280,9117840,16.0,48.0,16,16
fixed_25_full_capacity,1,190455,190521,1072,3216,3040352,9121056,16.0,48.0,16,16
fixed_25_full_capacity,1,190522,190589,1088,3264,3041440,9124320,16.0,48.0,16,16
fixed_25_full_capacity,1,190590,190657,1088,3264,3042528,9127584,16.0,48.0,16,16
fixed_25_full_capacity,1,190658,190724,1072,3216,3043600,9130800,16.0,48.0,16,16
fixed_25_full_capacity,1,190725,190792,1088,3264,3044688,9134064,16.0,48.0,16,16
fixed_25_full_capacity,1,190793,190860,1088,3264,3045776,9137328,16.0,48.0,16,16
fixed_25_full_capacity,1,190861,190930,1120,3360,3046896,9140688,16.0,48.0,16,16
fixed_25_full_capacity,1,190931,191005,1200,3600,3048096,9144288,16.0,48.0,16,16
fixed_25_full_capacity,1,191006,191080,1200,3600,3049296,9147888,16.0,48.0,16,16
fixed_25_full_capacity,1,191081,191148,1088,3264,3050384,9151152,16.0,48.0,16,16
fixed_25_full_capacity,1,191149,191220,1152,3456,3051536,9154608,16.0,48.0,16,16
fixed_25_full_capacity,1,191221,191294,1184,3552,3052720,9158160,16.0,48.0,16,16
fixed_25_full_capacity,1,191295,191368,1184,3552,3053904,9161712,16.0,48.0,16,16
fixed_25_full_capacity,1,191369,191439,1136,3408,3055040,9165120,16.0,48.0,16,16
fixed_25_full_capacity,1,191440,191506,1072,3216,3056112,9168336,16.0,48.0,16,16
fixed_25_full_capacity,1,191507,191572,1056,3168,3057168,9171504,16.0,48.0,16,16
fixed_25_full_capacity,1,191573,191644,1152,3456,3058320,9174960,16.0,48.0,16,16
fixed_25_full_capacity,1,191645,191715,1136,3408,3059456,9178368,16.0,48.0,16,16
fixed_25_full_capacity,1,191716,191788,1168,3504,3060624,9181872,16.0,48.0,16,16
fixed_25_full_capacity,1,191789,191854,1056,3168,3061680,9185040,16.0,48.0,16,16
fixed_25_full_capacity,1,191855,191921,1072,3216,3062752,9188256,16.0,48.0,16,16
fixed_25_full_capacity,1,191922,191999,1248,3744,3064000,9192000,16.0,48.0,16,16
fixed_25_full_capacity,1,192000,192075,1216,3648,3065216,9195648,16.0,48.0,16,16
fixed_25_full_capacity,1,192076,192143,1088,3264,3066304,9198912,16.0,48.0,16,16
fixed_25_full_capacity,1,192144,192213,1120,3360,3067424,9202272,16.0,48.0,16,16
fixed_25_full_capacity,1,192214,192289,1216,3648,3068640,9205920,16.0,48.0,16,16
fixed_25_full_capacity,1,192290,192355,1056,3168,3069696,9209088,16.0,48.0,16,16
fixed_25_full_capacity,1,192356,192426,1136,3408,3070832,9212496,16.0,48.0,16,16
fixed_25_full_capacity,1,192427,192448,352,1056,3071184,9213552,16.0,48.0,16,16
fixed_25_full_capacity,1,192449,192514,1056,3168,3072240,9216720,16.0,48.0,16,16
fixed_25_full_capacity,1,192515,192582,1088,3264,3073328,9219984,16.0,48.0,16,16
fixed_25_full_capacity,1,192583,192648,1056,3168,3074384,9223152,16.0,48.0,16,16
fixed_25_full_capacity,1,192649,192716,1088,3264,3075472,9226416,16.0,48.0,16,16
fixed_25_full_capacity,1,192717,192788,1152,3456,3076624,9229872,16.0,48.0,16,16
fixed_25_full_capacity,1,192789,192861,1168,3504,3077792,9233376,16.0,48.0,16,16
fixed_25_full_capacity,1,192862,192927,1056,3168,3078848,9236544,16.0,48.0,16,16
fixed_25_full_capacity,1,192928,192988,976,2928,3079824,9239472,16.0,48.0,16,16
fixed_25_full_capacity,1,192989,193062,1184,3552,3081008,9243024,16.0,48.0,16,16
fixed_25_full_capacity,1,193063,193133,1136,3408,3082144,9246432,16.0,48.0,16,16
fixed_25_full_capacity,1,193134,193203,1120,3360,3083264,9249792,16.0,48.0,16,16
fixed_25_full_capacity,1,193204,193280,1232,3696,3084496,9253488,16.0,48.0,16,16
fixed_25_full_capacity,1,193281,193346,1056,3168,3085552,9256656,16.0,48.0,16,16
fixed_25_full_capacity,1,193347,193416,1120,3360,3086672,9260016,16.0,48.0,16,16
fixed_25_full_capacity,1,193417,193486,1120,3360,3087792,9263376,16.0,48.0,16,16
fixed_25_full_capacity,1,193487,193560,1184,3552,3088976,9266928,16.0,48.0,16,16
fixed_25_full_capacity,1,193561,193628,1088,3264,3090064,9270192,16.0,48.0,16,16
fixed_25_full_capacity,1,193629,193701,1168,3504,3091232,9273696,16.0,48.0,16,16
fixed_25_full_capacity,1,193702,193769,1088,3264,3092320,9276960,16.0,48.0,16,16
fixed_25_full_capacity,1,193770,193839,1120,3360,3093440,9280320,16.0,48.0,16,16
fixed_25_full_capacity,1,193840,193911,1152,3456,3094592,9283776,16.0,48.0,16,16
fixed_25_full_capacity,1,193912,193983,1152,3456,3095744,9287232,16.0,48.0,16,16
fixed_25_full_capacity,1,193984,194052,1104,3312,3096848,9290544,16.0,48.0,16,16
fixed_25_full_capacity,1,194053,194121,1104,3312,3097952,9293856,16.0,48.0,16,16
fixed_25_full_capacity,1,194122,194192,1136,3408,3099088,9297264,16.0,48.0,16,16
fixed_25_full_capacity,1,194193,194261,1104,3312,3100192,9300576,16.0,48.0,16,16
fixed_25_full_capacity,1,194262,194327,1056,3168,3101248,9303744,16.0,48.0,16,16
fixed_25_full_capacity,1,194328,194397,1120,3360,3102368,9307104,16.0,48.0,16,16
fixed_25_full_capacity,1,194398,194466,1104,3312,3103472,9310416,16.0,48.0,16,16
fixed_25_full_capacity,1,194467,194472,96,288,3103568,9310704,16.0,48.0,16,16
fixed_25_full_capacity,1,194473,194544,1152,3456,3104720,9314160,16.0,48.0,16,16
fixed_25_full_capacity,1,194545,194614,1120,3360,3105840,9317520,16.0,48.0,16,16
fixed_25_full_capacity,1,194615,194680,1056,3168,3106896,9320688,16.0,48.0,16,16
fixed_25_full_capacity,1,194681,194749,1104,3312,3108000,9324000,16.0,48.0,16,16
fixed_25_full_capacity,1,194750,194818,1104,3312,3109104,9327312,16.0,48.0,16,16
fixed_25_full_capacity,1,194819,194887,1104,3312,3110208,9330624,16.0,48.0,16,16
fixed_25_full_capacity,1,194888,194951,1024,3072,3111232,9333696,16.0,48.0,16,16
fixed_25_full_capacity,1,194952,195022,1136,3408,3112368,9337104,16.0,48.0,16,16
fixed_25_full_capacity,1,195023,195092,1120,3360,3113488,9340464,16.0,48.0,16,16
fixed_25_full_capacity,1,195093,195168,1216,3648,3114704,9344112,16.0,48.0,16,16
fixed_25_full_capacity,1,195169,195240,1152,3456,3115856,9347568,16.0,48.0,16,16
fixed_25_full_capacity,1,195241,195309,1104,3312,3116960,9350880,16.0,48.0,16,16
fixed_25_full_capacity,1,195310,195379,1120,3360,3118080,9354240,16.0,48.0,16,16
fixed_25_full_capacity,1,195380,195451,1152,3456,3119232,9357696,16.0,48.0,16,16
fixed_25_full_capacity,1,195452,195521,1120,3360,3120352,9361056,16.0,48.0,16,16
fixed_25_full_capacity,1,195522,195596,1200,3600,3121552,9364656,16.0,48.0,16,16
fixed_25_full_capacity,1,195597,195665,1104,3312,3122656,9367968,16.0,48.0,16,16
fixed_25_full_capacity,1,195666,195760,1520,4560,3124176,9372528,16.0,48.0,16,16
fixed_25_full_capacity,1,195761,195838,1248,3744,3125424,9376272,16.0,48.0,16,16
fixed_25_full_capacity,1,195839,195954,1856,5568,3127280,9381840,16.0,48.0,16,16
fixed_25_full_capacity,1,195955,196021,1072,3216,3128352,9385056,16.0,48.0,16,16
fixed_25_full_capacity,1,196022,196092,1136,3408,3129488,9388464,16.0,48.0,16,16
fixed_25_full_capacity,1,196093,196168,1216,3648,3130704,9392112,16.0,48.0,16,16
fixed_25_full_capacity,1,196169,196248,1280,3840,3131984,9395952,16.0,48.0,16,16
fixed_25_full_capacity,1,196249,196328,1280,3840,3133264,9399792,16.0,48.0,16,16
fixed_25_full_capacity,1,196329,196394,1056,3168,3134320,9402960,16.0,48.0,16,16
fixed_25_full_capacity,1,196395,196460,1056,3168,3135376,9406128,16.0,48.0,16,16
fixed_25_full_capacity,1,196461,196532,1152,3456,3136528,9409584,16.0,48.0,16,16
fixed_25_full_capacity,1,196533,196606,1184,3552,3137712,9413136,16.0,48.0,16,16
fixed_25_full_capacity,1,196607,196674,1088,3264,3138800,9416400,16.0,48.0,16,16
fixed_25_full_capacity,1,196675,196749,1200,3600,3140000,9420000,16.0,48.0,16,16
fixed_25_full_capacity,1,196750,196815,1056,3168,3141056,9423168,16.0,48.0,16,16
fixed_25_full_capacity,1,196816,196888,1168,3504,3142224,9426672,16.0,48.0,16,16
fixed_25_full_capacity,1,196889,196958,1120,3360,3143344,9430032,16.0,48.0,16,16
fixed_25_full_capacity,1,196959,197026,1088,3264,3144432,9433296,16.0,48.0,16,16
fixed_25_full_capacity,1,197027,197098,1152,3456,3145584,9436752,16.0,48.0,16,16
fixed_25_full_capacity,1,197099,197169,1136,3408,3146720,9440160,16.0,48.0,16,16
fixed_25_full_capacity,1,197170,197238,1104,3312,3147824,9443472,16.0,48.0,16,16
fixed_25_full_capacity,1,197239,197307,1104,3312,3148928,9446784,16.0,48.0,16,16
fixed_25_full_capacity,1,197308,197377,1120,3360,3150048,9450144,16.0,48.0,16,16
fixed_25_full_capacity,1,197378,197450,1168,3504,3151216,9453648,16.0,48.0,16,16
fixed_25_full_capacity,1,197451,197530,1280,3840,3152496,9457488,16.0,48.0,16,16
fixed_25_full_capacity,1,197531,197602,1152,3456,3153648,9460944,16.0,48.0,16,16
fixed_25_full_capacity,1,197603,197672,1120,3360,3154768,9464304,16.0,48.0,16,16
fixed_25_full_capacity,1,197673,197738,1056,3168,3155824,9467472,16.0,48.0,16,16
fixed_25_full_capacity,1,197739,197806,1088,3264,3156912,9470736,16.0,48.0,16,16
fixed_25_full_capacity,1,197807,197876,1120,3360,3158032,9474096,16.0,48.0,16,16
fixed_25_full_capacity,1,197877,197950,1184,3552,3159216,9477648,16.0,48.0,16,16
fixed_25_full_capacity,1,197951,198025,1200,3600,3160416,9481248,16.0,48.0,16,16
fixed_25_full_capacity,1,198026,198092,1072,3216,3161488,9484464,16.0,48.0,16,16
fixed_25_full_capacity,1,198093,198163,1136,3408,3162624,9487872,16.0,48.0,16,16
fixed_25_full_capacity,1,198164,198232,1104,3312,3163728,9491184,16.0,48.0,16,16
fixed_25_full_capacity,1,198233,198302,1120,3360,3164848,9494544,16.0,48.0,16,16
fixed_25_full_capacity,1,198303,198370,1088,3264,3165936,9497808,16.0,48.0,16,16
fixed_25_full_capacity,1,198371,198439,1104,3312,3167040,9501120,16.0,48.0,16,16
fixed_25_full_capacity,1,198440,198510,1136,3408,3168176,9504528,16.0,48.0,16,16
fixed_25_full_capacity,1,198511,198576,1056,3168,3169232,9507696,16.0,48.0,16,16
fixed_25_full_capacity,1,198577,198655,1264,3792,3170496,9511488,16.0,48.0,16,16
fixed_25_full_capacity,1,198656,198721,1056,3168,3171552,9514656,16.0,48.0,16,16
fixed_25_full_capacity,1,198722,198788,1072,3216,3172624,9517872,16.0,48.0,16,16
fixed_25_full_capacity,1,198789,198858,1120,3360,3173744,9521232,16.0,48.0,16,16
fixed_25_full_capacity,1,198859,198932,1184,3552,3174928,9524784,16.0,48.0,16,16
fixed_25_full_capacity,1,198933,199000,1088,3264,3176016,9528048,16.0,48.0,16,16
fixed_25_full_capacity,1,199001,199073,1168,3504,3177184,9531552,16.0,48.0,16,16
fixed_25_full_capacity,1,199074,199145,1152,3456,3178336,9535008,16.0,48.0,16,16
fixed_25_full_capacity,1,199146,199213,1088,3264,3179424,9538272,16.0,48.0,16,16
fixed_25_full_capacity,1,199214,199297,1344,4032,3180768,9542304,16.0,48.0,16,16
fixed_25_full_capacity,1,199298,199365,1088,3264,3181856,9545568,16.0,48.0,16,16
fixed_25_full_capacity,1,199366,199433,1088,3264,3182944,9548832,16.0,48.0,16,16
fixed_25_full_capacity,1,199434,199501,1088,3264,3184032,9552096,16.0,48.0,16,16
fixed_25_full_capacity,1,199502,199567,1056,3168,3185088,9555264,16.0,48.0,16,16
fixed_25_full_capacity,1,199568,199639,1152,3456,3186240,9558720,16.0,48.0,16,16
fixed_25_full_capacity,1,199640,199710,1136,3408,3187376,9562128,16.0,48.0,16,16
fixed_25_full_capacity,1,199711,199782,1152,3456,3188528,9565584,16.0,48.0,16,16
fixed_25_full_capacity,1,199783,199855,1168,3504,3189696,9569088,16.0,48.0,16,16
fixed_25_full_capacity,1,199856,199927,1152,3456,3190848,9572544,16.0,48.0,16,16
fixed_25_full_capacity,1,199928,199996,1104,3312,3191952,9575856,16.0,48.0,16,16
fixed_25_full_capacity,1,199997,200000,64,192,3192016,9576048,16.0,48.0,16,16
adaptive,0,1,300,0,0,0,0,0.0,0.0,0,0
adaptive,0,301,600,1616,4848,1616,4848,16.0,48.0,16,16
adaptive,0,601,900,4800,14400,6416,19248,16.0,48.0,16,16
adaptive,0,901,1200,4800,14400,11216,33648,16.0,48.0,16,16
adaptive,0,1201,1500,4800,14400,16016,48048,16.0,48.0,16,16
adaptive,0,1501,1800,4800,14400,20816,62448,16.0,48.0,16,16
adaptive,0,1801,2100,4800,14400,25616,76848,16.0,48.0,16,16
adaptive,0,2101,2128,448,1344,26064,78192,16.0,48.0,16,16
adaptive,0,2129,2428,4800,14400,30864,92592,16.0,48.0,16,16
adaptive,0,2429,2728,4800,14400,35664,106992,16.0,48.0,16,16
adaptive,0,2729,2852,1984,5952,37648,112944,16.0,48.0,16,16
adaptive,0,2853,3014,2592,7776,40240,120720,16.0,48.0,16,16
adaptive,0,3015,3314,4800,14400,45040,135120,16.0,48.0,16,16
adaptive,0,3315,3614,4800,14400,49840,149520,16.0,48.0,16,16
adaptive,0,3615,3914,4800,14400,54640,163920,16.0,48.0,16,16
adaptive,0,3915,4214,4800,14400,59440,178320,16.0,48.0,16,16
adaptive,0,4215,4514,4800,14400,64240,192720,16.0,48.0,16,16
adaptive,0,4515,4559,720,2160,64960,194880,16.0,48.0,16,16
adaptive,0,4560,4775,3456,10368,68416,205248,16.0,48.0,16,16
adaptive,0,4776,5075,4800,14400,73216,219648,16.0,48.0,16,16
adaptive,0,5076,5375,4800,14400,78016,234048,16.0,48.0,16,16
adaptive,0,5376,5675,4800,14400,82816,248448,16.0,48.0,16,16
adaptive,0,5676,5975,4800,14400,87616,262848,16.0,48.0,16,16
adaptive,0,5976,6118,2288,6864,89904,269712,16.0,48.0,16,16
adaptive,0,6119,6418,4800,14400,94704,284112,16.0,48.0,16,16
adaptive,0,6419,6718,4800,14400,99504,298512,16.0,48.0,16,16
adaptive,0,6719,6814,1536,4608,101040,303120,16.0,48.0,16,16
adaptive,0,6815,7114,4800,14400,105840,317520,16.0,48.0,16,16
adaptive,0,7115,7228,1824,5472,107664,322992,16.0,48.0,16,16
adaptive,0,7229,7528,4800,14400,112464,337392,16.0,48.0,16,16
adaptive,0,7529,7828,4800,14400,117264,351792,16.0,48.0,16,16
adaptive,0,7829,8103,4400,13200,121664,364992,16.0,48.0,16,16
adaptive,0,8104,8403,4800,14400,126464,379392,16.0,48.0,16,16
adaptive,0,8404,8703,4800,14400,131264,393792,16.0,48.0,16,16
adaptive,0,8704,8775,1152,3456,132416,397248,16.0,48.0,16,16
adaptive,0,8776,8900,2000,6000,134416,403248,16.0,48.0,16,16
adaptive,0,8901,9200,4800,14400,139216,417648,16.0,48.0,16,16
adaptive,0,9201,9226,416,1248,139632,418896,16.0,48.0,16,16
adaptive,0,9227,9526,4800,14400,144432,433296,16.0,48.0,16,16
adaptive,0,9527,9826,4800,14400,149232,447696,16.0,48.0,16,16
adaptive,0,9827,10126,4800,14400,154032,462096,16.0,48.0,16,16
adaptive,0,10127,10426,4800,14400,158832,476496,16.0,48.0,16,16
adaptive,0,10427,10726,4800,14400,163632,490896,16.0,48.0,16,16
adaptive,0,10727,10829,1648,4944,165280,495840,16.0,48.0,16,16
adaptive,0,10830,11098,4304,12912,169584,508752,16.0,48.0,16,16
adaptive,0,11099,11398,4800,14400,174384,523152,16.0,48.0,16,16
adaptive,0,11399,11698,4800,14400,179184,537552,16.0,48.0,16,16
adaptive,0,11699,11998,4800,14400,183984,551952,16.0,48.0,16,16
adaptive,0,11999,12298,4800,14400,188784,566352,16.0,48.0,16,16
adaptive,0,12299,12598,4800,14400,193584,580752,16.0,48.0,16,16
adaptive,0,12599,12897,4784,14352,198368,595104,16.0,48.0,16,16
adaptive,0,12898,13197,4800,14400,203168,609504,16.0,48.0,16,16
adaptive,0,13198,13411,3424,10272,206592,619776,16.0,48.0,16,16
adaptive,0,13412,13609,3168,9504,209760,629280,16.0,48.0,16,16
adaptive,0,13610,13909,4800,14400,214560,643680,16.0,48.0,16,16
adaptive,0,13910,14209,4800,14400,219360,658080,16.0,48.0,16,16
adaptive,0,14210,14509,4800,14400,224160,672480,16.0,48.0,16,16
adaptive,0,14510,14656,2352,7056,226512,679536,16.0,48.0,16,16
adaptive,0,14657,14956,4800,14400,231312,693936,16.0,48.0,16,16
adaptive,0,14957,15031,1200,3600,232512,697536,16.0,48.0,16,16
adaptive,0,15032,15331,4800,14400,237312,711936,16.0,48.0,16,16
adaptive,0,15332,15631,4800,14400,242112,726336,16.0,48.0,16,16
adaptive,0,15632,15878,3952,11856,246064,738192,16.0,48.0,16,16
adaptive,0,15879,15987,1744,5232,247808,743424,16.0,48.0,16,16
adaptive,0,15988,16186,3184,9552,250992,752976,16.0,48.0,16,16
adaptive,0,16187,16486,4800,14400,255792,767376,16.0,48.0,16,16
adaptive,0,16487,16594,1728,5184,257520,772560,16.0,48.0,16,16
adaptive,0,16595,16894,4800,14400,262320,786960,16.0,48.0,16,16
adaptive,0,16895,17194,4800,14400,267120,801360,16.0,48.0,16,16
adaptive,0,17195,17494,4800,14400,271920,815760,16.0,48.0,16,16
adaptive,0,17495,17531,592,1776,272512,817536,16.0,48.0,16,16
adaptive,0,17532,17831,4800,14400,277312,831936,16.0,48.0,16,16
adaptive,0,17832,18131,4800,14400,282112,846336,16.0,48.0,16,16
adaptive,0,18132,18431,4800,14400,286912,860736,16.0,48.0,16,16
adaptive,0,18432,18731,4800,14400,291712,875136,16.0,48.0,16,16
adaptive,0,18732,18997,4256,12768,295968,887904,16.0,48.0,16,16
adaptive,0,18998,19065,1088,3264,297056,891168,16.0,48.0,16,16
adaptive,0,19066,19262,3152,9456,300208,900624,16.0,48.0,16,16
adaptive,0,19263,19532,4320,12960,304528,913584,16.0,48.0,16,16
adaptive,0,19533,19774,3872,11616,308400,925200,16.0,48.0,16,16
adaptive,0,19775,19811,592,1776,308992,926976,16.0,48.0,16,16
adaptive,0,19812,20111,4800,14400,313792,941376,16.0,48.0,16,16
adaptive,0,20112,20176,1040,3120,314832,944496,16.0,48.0,16,16
adaptive,0,20177,20250,1184,3552,316016,948048,16.0,48.0,16,16
adaptive,0,20251,20359,1744,5232,317760,953280,16.0,48.0,16,16
adaptive,0,20360,20483,1984,5952,319744,959232,16.0,48.0,16,16
adaptive,0,20484,20528,720,2160,320464,961392,16.0,48.0,16,16
adaptive,0,20529,20616,1408,4224,321872,965616,16.0,48.0,16,16
adaptive,0,20617,20832,3456,10368,325328,975984,16.0,48.0,16,16
adaptive,0,20833,20861,464,1392,325792,977376,16.0,48.0,16,16
adaptive,0,20862,21032,2736,8208,328528,985584,16.0,48.0,16,16
adaptive,0,21033,21332,4800,14400,333328,999984,16.0,48.0,16,16
adaptive,0,21333,21632,4800,14400,338128,1014384,16.0,48.0,16,16
adaptive,0,21633,21745,1808,5424,339936,1019808,16.0,48.0,16,16
adaptive,0,21746,22028,4528,13584,344464,1033392,16.0,48.0,16,16
adaptive,0,22029,22067,624,1872,345088,1035264,16.0,48.0,16,16
adaptive,0,22068,22188,1936,5808,347024,1041072,16.0,48.0,16,16
adaptive,0,22189,22208,320,960,347344,1042032,16.0,48.0,16,16
adaptive,0,22209,22282,1184,3552,348528,1045584,16.0,48.0,16,16
adaptive,0,22283,22582,4800,14400,353328,1059984,16.0,48.0,16,16
adaptive,0,22583,22843,4176,12528,357504,1072512,16.0,48.0,16,16
adaptive,0,22844,23143,4800,14400,362304,1086912,16.0,48.0,16,16
adaptive,0,23144,23210,1072,3216,363376,1090128,16.0,48.0,16,16
adaptive,0,23211,23510,4800,14400,368176,1104528,16.0,48.0,16,16
adaptive,0,23511,23810,4800,14400,372976,1118928,16.0,48.0,16,16
adaptive,0,23811,23963,2448,7344,375424,1126272,16.0,48.0,16,16
adaptive,0,23964,24020,912,2736,376336,1129008,16.0,48.0,16,16
adaptive,0,24021,24170,2400,7200,378736,1136208,16.0,48.0,16,16
adaptive,0,24171,24470,4800,14400,383536,1150608,16.0,48.0,16,16
adaptive,0,24471,24770,4800,14400,388336,1165008,16.0,48.0,16,16
adaptive,0,24771,25070,4800,14400,393136,1179408,16.0,48.0,16,16
adaptive,0,25071,25084,224,672,393360,1180080,16.0,48.0,16,16
adaptive,0,25085,25260,2816,8448,396176,1188528,16.0,48.0,16,16
adaptive,0,25261,25409,2384,7152,398560,1195680,16.0,48.0,16,16
adaptive,0,25410,25709,4800,14400,403360,1210080,16.0,48.0,16,16
adaptive,0,25710,26009,4800,14400,408160,1224480,16.0,48.0,16,16
adaptive,0,26010,26110,1616,4848,409776,1229328,16.0,48.0,16,16
adaptive,0,26111,26371,4176,12528,413952,1241856,16.0,48.0,16,16
adaptive,0,26372,26662,4656,13968,418608,1255824,16.0,48.0,16,16
adaptive,0,26663,26962,4800,14400,423408,1270224,16.0,48.0,16,16
adaptive,0,26963,27262,4800,14400,428208,1284624,16.0,48.0,16,16
adaptive,0,27263,27562,4800,14400,433008,1299024,16.0,48.0,16,16
adaptive,0,27563,27589,432,1296,433440,1300320,16.0,48.0,16,16
adaptive,0,27590,27613,384,1152,433824,1301472,16.0,48.0,16,16
adaptive,0,27614,27913,4800,14400,438624,1315872,16.0,48.0,16,16
adaptive,0,27914,28179,4256,12768,442880,1328640,16.0,48.0,16,16
adaptive,0,28180,28479,4800,14400,447680,1343040,16.0,48.0,16,16
adaptive,0,28480,28779,4800,14400,452480,1357440,16.0,48.0,16,16
adaptive,0,28780,29079,4800,14400,457280,1371840,16.0,48.0,16,16
adaptive,0,29080,29379,4800,14400,462080,1386240,16.0,48.0,16,16
adaptive,0,29380,29679,4800,14400,466880,1400640,16.0,48.0,16,16
adaptive,0,29680,29979,4800,14400,471680,1415040,16.0,48.0,16,16
adaptive,0,29980,30279,4800,14400,476480,1429440,16.0,48.0,16,16
adaptive,0,30280,30579,4800,14400,481280,1443840,16.0,48.0,16,16
adaptive,0,30580,30738,2544,7632,483824,1451472,16.0,48.0,16,16
adaptive,0,30739,30950,3392,10176,487216,1461648,16.0,48.0,16,16
adaptive,0,30951,31250,4800,14400,492016,1476048,16.0,48.0,16,16
adaptive,0,31251,31324,1184,3552,493200,1479600,16.0,48.0,16,16
adaptive,0,31325,31394,1120,3360,494320,1482960,16.0,48.0,16,16
adaptive,0,31395,31537,2288,6864,496608,1489824,16.0,48.0,16,16
adaptive,0,31538,31662,2000,6000,498608,1495824,16.0,48.0,16,16
adaptive,0,31663,31843,2896,8688,501504,1504512,16.0,48.0,16,16
adaptive,0,31844,31899,896,2688,502400,1507200,16.0,48.0,16,16
adaptive,0,31900,32077,2848,8544,505248,1515744,16.0,48.0,16,16
adaptive,0,32078,32377,4800,14400,510048,1530144,16.0,48.0,16,16
adaptive,0,32378,32677,4800,14400,514848,1544544,16.0,48.0,16,16
adaptive,0,32678,32973,4736,14208,519584,1558752,16.0,48.0,16,16
adaptive,0,32974,33063,1440,4320,521024,1563072,16.0,48.0,16,16
adaptive,0,33064,33171,1728,5184,522752,1568256,16.0,48.0,16,16
adaptive,0,33172,33471,4800,14400,527552,1582656,16.0,48.0,16,16
adaptive,0,33472,33521,800,2400,528352,1585056,16.0,48.0,16,16
adaptive,0,33522,33719,3168,9504,531520,1594560,16.0,48.0,16,16
adaptive,0,33720,34019,4800,14400,536320,1608960,16.0,48.0,16,16
adaptive,0,34020,34143,1984,5952,538304,1614912,16.0,48.0,16,16
adaptive,0,34144,34193,800,2400,539104,1617312,16.0,48.0,16,16
adaptive,0,34194,34266,1168,3504,540272,1620816,16.0,48.0,16,16
adaptive,0,34267,34360,1504,4512,541776,1625328,16.0,48.0,16,16
adaptive,0,34361,34392,512,1536,542288,1626864,16.0,48.0,16,16
adaptive,0,34393,34692,4800,14400,547088,1641264,16.0,48.0,16,16
adaptive,0,34693,34772,1280,3840,548368,1645104,16.0,48.0,16,16
adaptive,0,34773,35072,4800,14400,553168,1659504,16.0,48.0,16,16
adaptive,0,35073,35372,4800,14400,557968,1673904,16.0,48.0,16,16
adaptive,0,35373,35569,3152,9456,561120,1683360,16.0,48.0,16,16
adaptive,0,35570,35615,736,2208,561856,1685568,16.0,48.0,16,16
adaptive,0,35616,35915,4800,14400,566656,1699968,16.0,48.0,16,16
adaptive,0,35916,36215,4800,14400,571456,1714368,16.0,48.0,16,16
adaptive,0,36216,36515,4800,14400,576256,1728768,16.0,48.0,16,16
adaptive,0,36516,36530,240,720,576496,1729488,16.0,48.0,16,16
adaptive,0,36531,36830,4800,14400,581296,1743888,16.0,48.0,16,16
adaptive,0,36831,37130,4800,14400,586096,1758288,16.0,48.0,16,16
adaptive,0,37131,37408,4448,13344,590544,1771632,16.0,48.0,16,16
adaptive,0,37409,37708,4800,14400,595344,1786032,16.0,48.0,16,16
adaptive,0,37709,38008,4800,14400,600144,1800432,16.0,48.0,16,16
adaptive,0,38009,38308,4800,14400,604944,1814832,16.0,48.0,16,16
adaptive,0,38309,38608,4800,14400,609744,1829232,16.0,48.0,16,16
adaptive,0,38609,38908,4800,14400,614544,1843632,16.0,48.0,16,16
adaptive,0,38909,39208,4800,14400,619344,1858032,16.0,48.0,16,16
adaptive,0,39209,39508,4800,14400,624144,1872432,16.0,48.0,16,16
adaptive,0,39509,39808,4800,14400,628944,1886832,16.0,48.0,16,16
adaptive,0,39809,40108,4800,14400,633744,1901232,16.0,48.0,16,16
adaptive,0,40109,40408,4800,14400,638544,1915632,16.0,48.0,16,16
adaptive,0,40409,40708,4800,14400,643344,1930032,16.0,48.0,16,16
adaptive,0,40709,41008,4800,14400,648144,1944432,16.0,48.0,16,16
adaptive,0,41009,41308,4800,14400,652944,1958832,16.0,48.0,16,16
adaptive,0,41309,41608,4800,14400,657744,1973232,16.0,48.0,16,16
adaptive,0,41609,41647,624,1872,658368,1975104,16.0,48.0,16,16
adaptive,0,41648,41947,4800,14400,663168,1989504,16.0,48.0,16,16
adaptive,0,41948,42247,4800,14400,667968,2003904,16.0,48.0,16,16
adaptive,0,42248,42547,4800,14400,672768,2018304,16.0,48.0,16,16
adaptive,0,42548,42847,4800,14400,677568,2032704,16.0,48.0,16,16
adaptive,0,42848,43147,4800,14400,682368,2047104,16.0,48.0,16,16
adaptive,0,43148,43290,2288,6864,684656,2053968,16.0,48.0,16,16
adaptive,0,43291,43590,4800,14400,689456,2068368,16.0,48.0,16,16
adaptive,0,43591,43890,4800,14400,694256,2082768,16.0,48.0,16,16
adaptive,0,43891,44190,4800,14400,699056,2097168,16.0,48.0,16,16
adaptive,0,44191,44490,4800,14400,703856,2111568,16.0,48.0,16,16
adaptive,0,44491,44790,4800,14400,708656,2125968,16.0,48.0,16,16
adaptive,0,44791,44962,2752,8256,711408,2134224,16.0,48.0,16,16
adaptive,0,44963,45262,4800,14400,716208,2148624,16.0,48.0,16,16
adaptive,0,45263,45562,4800,14400,721008,2163024,16.0,48.0,16,16
adaptive,0,45563,45862,4800,14400,725808,2177424,16.0,48.0,16,16
adaptive,0,45863,46162,4800,14400,730608,2191824,16.0,48.0,16,16
adaptive,0,46163,46214,832,2496,731440,2194320,16.0,48.0,16,16
adaptive,0,46215,46514,4800,14400,736240,2208720,16.0,48.0,16,16
adaptive,0,46515,46814,4800,14400,741040,2223120,16.0,48.0,16,16
adaptive,0,46815,47114,4800,14400,745840,2237520,16.0,48.0,16,16
adaptive,0,47115,47358,3904,11712,749744,2249232,16.0,48.0,16,16
adaptive,0,47359,47545,2992,8976,752736,2258208,16.0,48.0,16,16
adaptive,0,47546,47791,3936,11808,756672,2270016,16.0,48.0,16,16
adaptive,0,47792,47832,656,1968,757328,2271984,16.0,48.0,16,16
adaptive,0,47833,48123,4656,13968,761984,2285952,16.0,48.0,16,16
adaptive,0,48124,48423,4800,14400,766784,2300352,16.0,48.0,16,16
adaptive,0,48424,48723,4800,14400,771584,2314752,16.0,48.0,16,16
adaptive,0,48724,48797,1184,3552,772768,2318304,16.0,48.0,16,16
adaptive,0,48798,49097,4800,14400,777568,2332704,16.0,48.0,16,16
adaptive,0,49098,49397,4800,14400,782368,2347104,16.0,48.0,16,16
adaptive,0,49398,49697,4800,14400,787168,2361504,16.0,48.0,16,16
adaptive,0,49698,49997,4800,14400,791968,2375904,16.0,48.0,16,16
adaptive,0,49998,50297,4800,14400,796768,2390304,16.0,48.0,16,16
adaptive,0,50298,50597,4800,14400,801568,2404704,16.0,48.0,16,16
adaptive,0,50598,50897,4800,14400,806368,2419104,16.0,48.0,16,16
adaptive,0,50898,51197,4800,14400,811168,2433504,16.0,48.0,16,16
adaptive,0,51198,51473,4416,13248,815584,2446752,16.0,48.0,16,16
adaptive,0,51474,51666,3088,9264,818672,2456016,16.0,48.0,16,16
adaptive,0,51667,51696,480,1440,819152,2457456,16.0,48.0,16,16
adaptive,0,51697,51829,2128,6384,821280,2463840,16.0,48.0,16,16
adaptive,0,51830,51883,864,2592,822144,2466432,16.0,48.0,16,16
adaptive,0,51884,52183,4800,14400,826944,2480832,16.0,48.0,16,16
adaptive,0,52184,52273,1440,4320,828384,2485152,16.0,48.0,16,16
adaptive,0,52274,52573,4800,14400,833184,2499552,16.0,48.0,16,16
adaptive,0,52574,52873,4800,14400,837984,2513952,16.0,48.0,16,16
adaptive,0,52874,53173,4800,14400,842784,2528352,16.0,48.0,16,16
adaptive,0,53174,53473,4800,14400,847584,2542752,16.0,48.0,16,16
adaptive,0,53474,53773,4800,14400,852384,2557152,16.0,48.0,16,16
adaptive,0,53774,54073,4800,14400,857184,2571552,16.0,48.0,16,16
adaptive,0,54074,54373,4800,14400,861984,2585952,16.0,48.0,16,16
adaptive,0,54374,54673,4800,14400,866784,2600352,16.0,48.0,16,16
adaptive,0,54674,54973,4800,14400,871584,2614752,16.0,48.0,16,16
adaptive,0,54974,55273,4800,14400,876384,2629152,16.0,48.0,16,16
adaptive,0,55274,55573,4800,14400,881184,2643552,16.0,48.0,16,16
adaptive,0,55574,55873,4800,14400,885984,2657952,16.0,48.0,16,16
adaptive,0,55874,55905,512,1536,886496,2659488,16.0,48.0,16,16
adaptive,0,55906,56205,4800,14400,891296,2673888,16.0,48.0,16,16
adaptive,0,56206,56505,4800,14400,896096,2688288,16.0,48.0,16,16
adaptive,0,56506,56805,4800,14400,900896,2702688,16.0,48.0,16,16
adaptive,0,56806,57105,4800,14400,905696,2717088,16.0,48.0,16,16
adaptive,0,57106,57405,4800,14400,910496,2731488,16.0,48.0,16,16
adaptive,0,57406,57705,4800,14400,915296,2745888,16.0,48.0,16,16
adaptive,0,57706,58005,4800,14400,920096,2760288,16.0,48.0,16,16
adaptive,0,58006,58305,4800,14400,924896,2774688,16.0,48.0,16,16
adaptive,0,58306,58605,4800,14400,929696,2789088,16.0,48.0,16,16
adaptive,0,58606,58905,4800,14400,934496,2803488,16.0,48.0,16,16
adaptive,0,58906,59205,4800,14400,939296,2817888,16.0,48.0,16,16
adaptive,0,59206,59411,3296,9888,942592,2827776,16.0,48.0,16,16
adaptive,0,59412,59580,2704,8112,945296,2835888,16.0,48.0,16,16
adaptive,0,59581,59592,192,576,945488,2836464,16.0,48.0,16,16
adaptive,0,59593,59892,4800,14400,950288,2850864,16.0,48.0,16,16
adaptive,0,59893,60192,4800,14400,955088,2865264,16.0,48.0,16,16
adaptive,0,60193,60293,1616,4848,956704,2870112,16.0,48.0,16,16
adaptive,0,60294,60593,4800,14400,961504,2884512,16.0,48.0,16,16
adaptive,0,60594,60893,4800,14400,966304,2898912,16.0,48.0,16,16
adaptive,0,60894,61155,4192,12576,970496,2911488,16.0,48.0,16,16
adaptive,0,61156,61237,1312,3936,971808,2915424,16.0,48.0,16,16
adaptive,0,61238,61321,1344,4032,973152,2919456,16.0,48.0,16,16
adaptive,0,61322,61621,4800,14400,977952,2933856,16.0,48.0,16,16
adaptive,0,61622,61921,4800,14400,982752,2948256,16.0,48.0,16,16
adaptive,0,61922,62221,4800,14400,987552,2962656,16.0,48.0,16,16
adaptive,0,62222,62359,2208,6624,989760,2969280,16.0,48.0,16,16
adaptive,0,62360,62546,2992,8976,992752,2978256,16.0,48.0,16,16
adaptive,0,62547,62622,1216,3648,993968,2981904,16.0,48.0,16,16
adaptive,0,62623,62779,2512,7536,996480,2989440,16.0,48.0,16,16
adaptive,0,62780,63079,4800,14400,1001280,3003840,16.0,48.0,16,16
adaptive,0,63080,63327,3968,11904,1005248,3015744,16.0,48.0,16,16
adaptive,0,63328,63627,4800,14400,1010048,3030144,16.0,48.0,16,16
adaptive,0,63628,63927,4800,14400,1014848,3044544,16.0,48.0,16,16
adaptive,0,63928,64087,2560,7680,1017408,3052224,16.0,48.0,16,16
adaptive,0,64088,64196,1744,5232,1019152,3057456,16.0,48.0,16,16
adaptive,0,64197,64264,1088,3264,1020240,3060720,16.0,48.0,16,16
adaptive,0,64265,64564,4800,14400,1025040,3075120,16.0,48.0,16,16
adaptive,0,64565,64864,4800,14400,1029840,3089520,16.0,48.0,16,16
adaptive,0,64865,65023,2544,7632,1032384,3097152,16.0,48.0,16,16
adaptive,0,65024,65098,1200,3600,1033584,3100752,16.0,48.0,16,16
adaptive,0,65099,65132,544,1632,1034128,3102384,16.0,48.0,16,16
adaptive,0,65133,65152,320,960,1034448,3103344,16.0,48.0,16,16
adaptive,0,65153,65284,2112,6336,1036560,3109680,16.0,48.0,16,16
adaptive,0,65285,65584,4800,14400,1041360,3124080,16.0,48.0,16,16
adaptive,0,65585,65716,2112,6336,1043472,3130416,16.0,48.0,16,16
adaptive,0,65717,65838,1952,5856,1045424,3136272,16.0,48.0,16,16
adaptive,0,65839,66075,3792,11376,1049216,3147648,16.0,48.0,16,16
adaptive,0,66076,66123,768,2304,1049984,3149952,16.0,48.0,16,16
adaptive,0,66124,66423,4800,14400,1054784,3164352,16.0,48.0,16,16
adaptive,0,66424,66469,736,2208,1055520,3166560,16.0,48.0,16,16
adaptive,0,66470,66751,4512,13536,1060032,3180096,16.0,48.0,16,16
adaptive,0,66752,67051,4800,14400,1064832,3194496,16.0,48.0,16,16
adaptive,0,67052,67351,4800,14400,1069632,3208896,16.0,48.0,16,16
adaptive,0,67352,67367,256,768,1069888,3209664,16.0,48.0,16,16
adaptive,0,67368,67667,4800,14400,1074688,3224064,16.0,48.0,16,16
adaptive,0,67668,67967,4800,14400,1079488,3238464,16.0,48.0,16,16
adaptive,0,67968,68096,2064,6192,1081552,3244656,16.0,48.0,16,16
adaptive,0,68097,68204,1728,5184,1083280,3249840,16.0,48.0,16,16
adaptive,0,68205,68253,784,2352,1084064,3252192,16.0,48.0,16,16
adaptive,0,68254,68355,1632,4896,1085696,3257088,16.0,48.0,16,16
adaptive,0,68356,68448,1488,4464,1087184,3261552,16.0,48.0,16,16
adaptive,0,68449,68562,1824,5472,1089008,3267024,16.0,48.0,16,16
adaptive,0,68563,68862,4800,14400,1093808,3281424,16.0,48.0,16,16
adaptive,0,68863,69101,3824,11472,1097632,3292896,16.0,48.0,16,16
adaptive,0,69102,69159,928,2784,1098560,3295680,16.0,48.0,16,16
adaptive,0,69160,69324,2640,7920,1101200,3303600,16.0,48.0,16,16
adaptive,0,69325,69336,192,576,1101392,3304176,16.0,48.0,16,16
adaptive,0,69337,69636,4800,14400,1106192,3318576,16.0,48.0,16,16
adaptive,0,69637,69774,2208,6624,1108400,3325200,16.0,48.0,16,16
adaptive,0,69775,69872,1568,4704,1109968,3329904,16.0,48.0,16,16
adaptive,0,69873,70050,2848,8544,1112816,3338448,16.0,48.0,16,16
adaptive,0,70051,70350,4800,14400,1117616,3352848,16.0,48.0,16,16
adaptive,0,70351,70650,4800,14400,1122416,3367248,16.0,48.0,16,16
adaptive,0,70651,70689,624,1872,1123040,3369120,16.0,48.0,16,16
adaptive,0,70690,70706,272,816,1123312,3369936,16.0,48.0,16,16
adaptive,0,70707,70779,1168,3504,1124480,3373440,16.0,48.0,16,16
adaptive,0,70780,70823,704,2112,1125184,3375552,16.0,48.0,16,16
adaptive,0,70824,70975,2432,7296,1127616,3382848,16.0,48.0,16,16
adaptive,0,70976,71270,4720,14160,1132336,3397008,16.0,48.0,16,16
adaptive,0,71271,71374,1664,4992,1134000,3402000,16.0,48.0,16,16
adaptive,0,71375,71444,1120,3360,1135120,3405360,16.0,48.0,16,16
adaptive,0,71445,71627,2928,8784,1138048,3414144,16.0,48.0,16,16
adaptive,0,71628,71691,1024,3072,1139072,3417216,16.0,48.0,16,16
adaptive,0,71692,71715,384,1152,1139456,3418368,16.0,48.0,16,16
adaptive,0,71716,71869,2464,7392,1141920,3425760,16.0,48.0,16,16
adaptive,0,71870,71979,1760,5280,1143680,3431040,16.0,48.0,16,16
adaptive,0,71980,72016,592,1776,1144272,3432816,16.0,48.0,16,16
adaptive,0,72017,72070,864,2592,1145136,3435408,16.0,48.0,16,16
adaptive,0,72071,72255,2960,8880,1148096,3444288,16.0,48.0,16,16
adaptive,0,72256,72286,496,1488,1148592,3445776,16.0,48.0,16,16
adaptive,0,72287,72586,4800,14400,1153392,3460176,16.0,48.0,16,16
adaptive,0,72587,72619,528,1584,1153920,3461760,16.0,48.0,16,16
adaptive,0,72620,72654,560,1680,1154480,3463440,16.0,48.0,16,16
adaptive,0,72655,72802,2368,7104,1156848,3470544,16.0,48.0,16,16
adaptive,0,72803,72897,1520,4560,1158368,3475104,16.0,48.0,16,16
adaptive,0,72898,72954,912,2736,1159280,3477840,16.0,48.0,16,16
adaptive,0,72955,72983,464,1392,1159744,3479232,16.0,48.0,16,16
adaptive,0,72984,73009,416,1248,1160160,3480480,16.0,48.0,16,16
adaptive,0,73010,73053,704,2112,1160864,3482592,16.0,48.0,16,16
adaptive,0,73054,73100,752,2256,1161616,3484848,16.0,48.0,16,16
adaptive,0,73101,73154,864,2592,1162480,3487440,16.0,48.0,16,16
adaptive,0,73155,73220,1056,3168,1163536,3490608,16.0,48.0,16,16
adaptive,0,73221,73399,2864,8592,1166400,3499200,16.0,48.0,16,16
adaptive,0,73400,73466,1072,3216,1167472,3502416,16.0,48.0,16,16
adaptive,0,73467,73731,4240,12720,1171712,3515136,16.0,48.0,16,16
adaptive,0,73732,73833,1632,4896,1173344,3520032,16.0,48.0,16,16
adaptive,0,73834,73871,608,1824,1173952,3521856,16.0,48.0,16,16
adaptive,0,73872,74032,2576,7728,1176528,3529584,16.0,48.0,16,16
adaptive,0,74033,74128,1536,4608,1178064,3534192,16.0,48.0,16,16
adaptive,0,74129,74162,544,1632,1178608,3535824,16.0,48.0,16,16
adaptive,0,74163,74350,3008,9024,1181616,3544848,16.0,48.0,16,16
adaptive,0,74351,74650,4800,14400,1186416,3559248,16.0,48.0,16,16
adaptive,0,74651,74740,1440,4320,1187856,3563568,16.0,48.0,16,16
adaptive,0,74741,74889,2384,7152,1190240,3570720,16.0,48.0,16,16
adaptive,0,74890,75189,4800,14400,1195040,3585120,16.0,48.0,16,16
adaptive,0,75190,75270,1296,3888,1196336,3589008,16.0,48.0,16,16
adaptive,0,75271,75324,864,2592,1197200,3591600,16.0,48.0,16,16
adaptive,0,75325,75624,4800,14400,1202000,3606000,16.0,48.0,16,16
adaptive,0,75625,75705,1296,3888,1203296,3609888,16.0,48.0,16,16
adaptive,0,75706,75746,656,1968,1203952,3611856,16.0,48.0,16,16
adaptive,0,75747,75787,656,1968,1204608,3613824,16.0,48.0,16,16
adaptive,0,75788,76043,4096,12288,1208704,3626112,16.0,48.0,16,16
adaptive,0,76044,76343,4800,14400,1213504,3640512,16.0,48.0,16,16
adaptive,0,76344,76643,4800,14400,1218304,3654912,16.0,48.0,16,16
adaptive,0,76644,76794,2416,7248,1220720,3662160,16.0,48.0,16,16
adaptive,0,76795,76832,608,1824,1221328,3663984,16.0,48.0,16,16
adaptive,0,76833,76871,624,1872,1221952,3665856,16.0,48.0,16,16
adaptive,0,76872,77104,3728,11184,1225680,3677040,16.0,48.0,16,16
adaptive,0,77105,77133,464,1392,1226144,3678432,16.0,48.0,16,16
adaptive,0,77134,77139,96,288,1226240,3678720,16.0,48.0,16,16
adaptive,0,77140,77414,4400,13200,1230640,3691920,16.0,48.0,16,16
adaptive,0,77415,77430,256,768,1230896,3692688,16.0,48.0,16,16
adaptive,0,77431,77487,912,2736,1231808,3695424,16.0,48.0,16,16
adaptive,0,77488,77708,3536,10608,1235344,3706032,16.0,48.0,16,16
adaptive,0,77709,77903,3120,9360,1238464,3715392,16.0,48.0,16,16
adaptive,0,77904,77972,1104,3312,1239568,3718704,16.0,48.0,16,16
adaptive,0,77973,77997,400,1200,1239968,3719904,16.0,48.0,16,16
adaptive,0,77998,78199,3232,9696,1243200,3729600,16.0,48.0,16,16
adaptive,0,78200,78241,672,2016,1243872,3731616,16.0,48.0,16,16
adaptive,0,78242,78274,528,1584,1244400,3733200,16.0,48.0,16,16
adaptive,0,78275,78359,1360,4080,1245760,3737280,16.0,48.0,16,16
adaptive,0,78360,78416,912,2736,1246672,3740016,16.0,48.0,16,16
adaptive,0,78417,78703,4592,13776,1251264,3753792,16.0,48.0,16,16
adaptive,0,78704,78755,832,2496,1252096,3756288,16.0,48.0,16,16
adaptive,0,78756,79055,4800,14400,1256896,3770688,16.0,48.0,16,16
adaptive,0,79056,79105,800,2400,1257696,3773088,16.0,48.0,16,16
adaptive,0,79106,79405,4800,14400,1262496,3787488,16.0,48.0,16,16
adaptive,0,79406,79705,4800,14400,1267296,3801888,16.0,48.0,16,16
adaptive,0,79706,79733,448,1344,1267744,3803232,16.0,48.0,16,16
adaptive,0,79734,80033,4800,14400,1272544,3817632,16.0,48.0,16,16
adaptive,0,80034,80056,368,1104,1272912,3818736,16.0,48.0,16,16
adaptive,0,80057,80097,656,1968,1273568,3820704,16.0,48.0,16,16
adaptive,0,80098,80212,1840,5520,1275408,3826224,16.0,48.0,16,16
adaptive,0,80213,80229,272,816,1275680,3827040,16.0,48.0,16,16
adaptive,0,80230,80254,400,1200,1276080,3828240,16.0,48.0,16,16
adaptive,0,80255,80326,1152,3456,1277232,3831696,16.0,48.0,16,16
adaptive,0,80327,80626,4800,14400,1282032,3846096,16.0,48.0,16,16
adaptive,0,80627,80926,4800,14400,1286832,3860496,16.0,48.0,16,16
adaptive,0,80927,81226,4800,14400,1291632,3874896,16.0,48.0,16,16
adaptive,0,81227,81298,1152,3456,1292784,3878352,16.0,48.0,16,16
adaptive,0,81299,81394,1536,4608,1294320,3882960,16.0,48.0,16,16
adaptive,0,81395,81424,480,1440,1294800,3884400,16.0,48.0,16,16
adaptive,0,81425,81724,4800,14400,1299600,3898800,16.0,48.0,16,16
adaptive,0,81725,81810,1376,4128,1300976,3902928,16.0,48.0,16,16
adaptive,0,81811,82053,3888,11664,1304864,3914592,16.0,48.0,16,16
adaptive,0,82054,82353,4800,14400,1309664,3928992,16.0,48.0,16,16
adaptive,0,82354,82381,448,1344,1310112,3930336,16.0,48.0,16,16
adaptive,0,82382,82586,3280,9840,1313392,3940176,16.0,48.0,16,16
adaptive,0,82587,82715,2064,6192,1315456,3946368,16.0,48.0,16,16
adaptive,0,82716,82999,4544,13632,1320000,3960000,16.0,48.0,16,16
adaptive,0,83000,83174,2800,8400,1322800,3968400,16.0,48.0,16,16
adaptive,0,83175,83407,3728,11184,1326528,3979584,16.0,48.0,16,16
adaptive,0,83408,83584,2832,8496,1329360,3988080,16.0,48.0,16,16
adaptive,0,83585,83884,4800,14400,1334160,4002480,16.0,48.0,16,16
adaptive,0,83885,84184,4800,14400,1338960,4016880,16.0,48.0,16,16
adaptive,0,84185,84484,4800,14400,1343760,4031280,16.0,48.0,16,16
adaptive,0,84485,84561,1232,3696,1344992,4034976,16.0,48.0,16,16
adaptive,0,84562,84666,1680,5040,1346672,4040016,16.0,48.0,16,16
adaptive,0,84667,84879,3408,10224,1350080,4050240,16.0,48.0,16,16
adaptive,0,84880,84908,464,1392,1350544,4051632,16.0,48.0,16,16
adaptive,0,84909,85016,1728,5184,1352272,4056816,16.0,48.0,16,16
adaptive,0,85017,85042,416,1248,1352688,4058064,16.0,48.0,16,16
adaptive,0,85043,85151,1744,5232,1354432,4063296,16.0,48.0,16,16
adaptive,0,85152,85214,1008,3024,1355440,4066320,16.0,48.0,16,16
adaptive,0,85215,85242,448,1344,1355888,4067664,16.0,48.0,16,16
adaptive,0,85243,85415,2768,8304,1358656,4075968,16.0,48.0,16,16
adaptive,0,85416,85566,2416,7248,1361072,4083216,16.0,48.0,16,16
adaptive,0,85567,85598,512,1536,1361584,4084752,16.0,48.0,16,16
adaptive,0,85599,85898,4800,14400,1366384,4099152,16.0,48.0,16,16
adaptive,0,85899,86000,1632,4896,1368016,4104048,16.0,48.0,16,16
adaptive,0,86001,86300,4800,14400,1372816,4118448,16.0,48.0,16,16
adaptive,0,86301,86600,4800,14400,1377616,4132848,16.0,48.0,16,16
adaptive,0,86601,86635,560,1680,1378176,4134528,16.0,48.0,16,16
adaptive,0,86636,86935,4800,14400,1382976,4148928,16.0,48.0,16,16
adaptive,0,86936,87235,4800,14400,1387776,4163328,16.0,48.0,16,16
adaptive,0,87236,87278,688,2064,1388464,4165392,16.0,48.0,16,16
adaptive,0,87279,87578,4800,14400,1393264,4179792,16.0,48.0,16,16
adaptive,0,87579,87609,496,1488,1393760,4181280,16.0,48.0,16,16
adaptive,0,87610,87909,4800,14400,1398560,4195680,16.0,48.0,16,16
adaptive,0,87910,87934,400,1200,1398960,4196880,16.0,48.0,16,16
adaptive,0,87935,87941,112,336,1399072,4197216,16.0,48.0,16,16
adaptive,0,87942,87986,720,2160,1399792,4199376,16.0,48.0,16,16
adaptive,0,87987,88032,736,2208,1400528,4201584,16.0,48.0,16,16
adaptive,0,88033,88052,320,960,1400848,4202544,16.0,48.0,16,16
adaptive,0,88053,88071,304,912,1401152,4203456,16.0,48.0,16,16
adaptive,0,88072,88332,4176,12528,1405328,4215984,16.0,48.0,16,16
adaptive,0,88333,88351,304,912,1405632,4216896,16.0,48.0,16,16
adaptive,0,88352,88366,240,720,1405872,4217616,16.0,48.0,16,16
adaptive,0,88367,88408,672,2016,1406544,4219632,16.0,48.0,16,16
adaptive,0,88409,88609,3216,9648,1409760,4229280,16.0,48.0,16,16
adaptive,0,88610,88656,752,2256,1410512,4231536,16.0,48.0,16,16
adaptive,0,88657,88727,1136,3408,1411648,4234944,16.0,48.0,16,16
adaptive,0,88728,88829,1632,4896,1413280,4239840,16.0,48.0,16,16
adaptive,0,88830,88869,640,1920,1413920,4241760,16.0,48.0,16,16
adaptive,0,88870,88968,1584,4752,1415504,4246512,16.0,48.0,16,16
adaptive,0,88969,89238,4320,12960,1419824,4259472,16.0,48.0,16,16
adaptive,0,89239,89364,2016,6048,1421840,4265520,16.0,48.0,16,16
adaptive,0,89365,89617,4048,12144,1425888,4277664,16.0,48.0,16,16
adaptive,0,89618,89661,704,2112,1426592,4279776,16.0,48.0,16,16
adaptive,0,89662,89961,4800,14400,1431392,4294176,16.0,48.0,16,16
adaptive,0,89962,89984,368,1104,1431760,4295280,16.0,48.0,16,16
adaptive,0,89985,90284,4800,14400,1436560,4309680,16.0,48.0,16,16
adaptive,0,90285,90584,4800,14400,1441360,4324080,16.0,48.0,16,16
adaptive,0,90585,90600,256,768,1441616,4324848,16.0,48.0,16,16
adaptive,0,90601,90632,512,1536,1442128,4326384,16.0,48.0,16,16
adaptive,0,90633,90673,656,1968,1442784,4328352,16.0,48.0,16,16
adaptive,0,90674,90755,1312,3936,1444096,4332288,16.0,48.0,16,16
adaptive,0,90756,91055,4800,14400,1448896,4346688,16.0,48.0,16,16
adaptive,0,91056,91280,3600,10800,1452496,4357488,16.0,48.0,16,16
adaptive,0,91281,91404,1984,5952,1454480,4363440,16.0,48.0,16,16
adaptive,0,91405,91639,3760,11280,1458240,4374720,16.0,48.0,16,16
adaptive,0,91640,91686,752,2256,1458992,4376976,16.0,48.0,16,16
adaptive,0,91687,91839,2448,7344,1461440,4384320,16.0,48.0,16,16
adaptive,0,91840,91931,1472,4416,1462912,4388736,16.0,48.0,16,16
adaptive,0,91932,91953,352,1056,1463264,4389792,16.0,48.0,16,16
adaptive,0,91954,92150,3152,9456,1466416,4399248,16.0,48.0,16,16
adaptive,0,92151,92212,992,2976,1467408,4402224,16.0,48.0,16,16
adaptive,0,92213,92237,400,1200,1467808,4403424,16.0,48.0,16,16
adaptive,0,92238,92324,1392,4176,1469200,4407600,16.0,48.0,16,16
adaptive,0,92325,92365,656,1968,1469856,4409568,16.0,48.0,16,16
adaptive,0,92366,92528,2608,7824,1472464,4417392,16.0,48.0,16,16
adaptive,0,92529,92598,1120,3360,1473584,4420752,16.0,48.0,16,16
adaptive,0,92599,92736,2208,6624,1475792,4427376,16.0,48.0,16,16
adaptive,0,92737,92828,1472,4416,1477264,4431792,16.0,48.0,16,16
adaptive,0,92829,92947,1904,5712,1479168,4437504,16.0,48.0,16,16
adaptive,0,92948,92979,512,1536,1479680,4439040,16.0,48.0,16,16
adaptive,0,92980,93021,672,2016,1480352,4441056,16.0,48.0,16,16
adaptive,0,93022,93036,240,720,1480592,4441776,16.0,48.0,16,16
adaptive,0,93037,93186,2400,7200,1482992,4448976,16.0,48.0,16,16
adaptive,0,93187,93213,432,1296,1483424,4450272,16.0,48.0,16,16
adaptive,0,93214,93438,3600,10800,1487024,4461072,16.0,48.0,16,16
adaptive,0,93439,93462,384,1152,1487408,4462224,16.0,48.0,16,16
adaptive,0,93463,93558,1536,4608,1488944,4466832,16.0,48.0,16,16
adaptive,0,93559,93616,928,2784,1489872,4469616,16.0,48.0,16,16
adaptive,0,93617,93736,1920,5760,1491792,4475376,16.0,48.0,16,16
adaptive,0,93737,93919,2928,8784,1494720,4484160,16.0,48.0,16,16
adaptive,0,93920,94097,2848,8544,1497568,4492704,16.0,48.0,16,16
adaptive,0,94098,94240,2288,6864,1499856,4499568,16.0,48.0,16,16
adaptive,0,94241,94301,976,2928,1500832,4502496,16.0,48.0,16,16
adaptive,0,94302,94374,1168,3504,1502000,4506000,16.0,48.0,16,16
adaptive,0,94375,94405,496,1488,1502496,4507488,16.0,48.0,16,16
adaptive,0,94406,94510,1680,5040,1504176,4512528,16.0,48.0,16,16
adaptive,0,94511,94810,4800,14400,1508976,4526928,16.0,48.0,16,16
adaptive,0,94811,94849,624,1872,1509600,4528800,16.0,48.0,16,16
adaptive,0,94850,94926,1232,3696,1510832,4532496,16.0,48.0,16,16
adaptive,0,94927,94997,1136,3408,1511968,4535904,16.0,48.0,16,16
adaptive,0,94998,95076,1264,3792,1513232,4539696,16.0,48.0,16,16
adaptive,0,95077,95124,768,2304,1514000,4542000,16.0,48.0,16,16
adaptive,0,95125,95143,304,912,1514304,4542912,16.0,48.0,16,16
adaptive,0,95144,95295,2432,7296,1516736,4550208,16.0,48.0,16,16
adaptive,0,95296,95426,2096,6288,1518832,4556496,16.0,48.0,16,16
adaptive,0,95427,95459,528,1584,1519360,4558080,16.0,48.0,16,16
adaptive,0,95460,95507,768,2304,1520128,4560384,16.0,48.0,16,16
adaptive,0,95508,95529,352,1056,1520480,4561440,16.0,48.0,16,16
adaptive,0,95530,95642,1808,5424,1522288,4566864,16.0,48.0,16,16
adaptive,0,95643,95783,2256,6768,1524544,4573632,16.0,48.0,16,16
adaptive,0,95784,95889,1696,5088,1526240,4578720,16.0,48.0,16,16
adaptive,0,95890,96010,1936,5808,1528176,4584528,16.0,48.0,16,16
adaptive,0,96011,96222,3392,10176,1531568,4594704,16.0,48.0,16,16
adaptive,0,96223,96375,2448,7344,1534016,4602048,16.0,48.0,16,16
adaptive,0,96376,96409,544,1632,1534560,4603680,16.0,48.0,16,16
adaptive,0,96410,96548,2224,6672,1536784,4610352,16.0,48.0,16,16
adaptive,0,96549,96628,1280,3840,1538064,4614192,16.0,48.0,16,16
adaptive,0,96629,96764,2176,6528,1540240,4620720,16.0,48.0,16,16
adaptive,0,96765,96867,1648,4944,1541888,4625664,16.0,48.0,16,16
adaptive,0,96868,97032,2640,7920,1544528,4633584,16.0,48.0,16,16
adaptive,0,97033,97167,2160,6480,1546688,4640064,16.0,48.0,16,16
adaptive,0,97168,97290,1968,5904,1548656,4645968,16.0,48.0,16,16
adaptive,0,97291,97507,3472,10416,1552128,4656384,16.0,48.0,16,16
adaptive,0,97508,97568,976,2928,1553104,4659312,16.0,48.0,16,16
adaptive,0,97569,97636,1088,3264,1554192,4662576,16.0,48.0,16,16
adaptive,0,97637,97748,1792,5376,1555984,4667952,16.0,48.0,16,16
adaptive,0,97749,97798,800,2400,1556784,4670352,16.0,48.0,16,16
adaptive,0,97799,97822,384,1152,1557168,4671504,16.0,48.0,16,16
adaptive,0,97823,97977,2480,7440,1559648,4678944,16.0,48.0,16,16
adaptive,0,97978,98109,2112,6336,1561760,4685280,16.0,48.0,16,16
adaptive,0,98110,98185,1216,3648,1562976,4688928,16.0,48.0,16,16
adaptive,0,98186,98273,1408,4224,1564384,4693152,16.0,48.0,16,16
adaptive,0,98274,98390,1872,5616,1566256,4698768,16.0,48.0,16,16
adaptive,0,98391,98405,240,720,1566496,4699488,16.0,48.0,16,16
adaptive,0,98406,98453,768,2304,1567264,4701792,16.0,48.0,16,16
adaptive,0,98454,98472,304,912,1567568,4702704,16.0,48.0,16,16
adaptive,0,98473,98596,1984,5952,1569552,4708656,16.0,48.0,16,16
adaptive,0,98597,98639,688,2064,1570240,4710720,16.0,48.0,16,16
adaptive,0,98640,98775,2176,6528,1572416,4717248,16.0,48.0,16,16
adaptive,0,98776,98846,1136,3408,1573552,4720656,16.0,48.0,16,16
adaptive,0,98847,98949,1648,4944,1575200,4725600,16.0,48.0,16,16
adaptive,0,98950,98992,688,2064,1575888,4727664,16.0,48.0,16,16
adaptive,0,98993,99082,1440,4320,1577328,4731984,16.0,48.0,16,16
adaptive,0,99083,99190,1728,5184,1579056,4737168,16.0,48.0,16,16
adaptive,0,99191,99234,704,2112,1579760,4739280,16.0,48.0,16,16
adaptive,0,99235,99384,2400,7200,1582160,4746480,16.0,48.0,16,16
adaptive,0,99385,99501,1872,5616,1584032,4752096,16.0,48.0,16,16
adaptive,0,99502,99615,1824,5472,1585856,4757568,16.0,48.0,16,16
adaptive,0,99616,99756,2256,6768,1588112,4764336,16.0,48.0,16,16
adaptive,0,99757,99806,800,2400,1588912,4766736,16.0,48.0,16,16
adaptive,0,99807,99862,896,2688,1589808,4769424,16.0,48.0,16,16
adaptive,0,99863,99968,1696,5088,1591504,4774512,16.0,48.0,16,16
adaptive,0,99969,100028,960,2880,1592464,4777392,16.0,48.0,16,16
adaptive,0,100029,100134,1696,5088,1594160,4782480,16.0,48.0,16,16
adaptive,0,100135,100168,544,1632,1594704,4784112,16.0,48.0,16,16
adaptive,0,100169,100284,1856,5568,1596560,4789680,16.0,48.0,16,16
adaptive,0,100285,100437,2448,7344,1599008,4797024,16.0,48.0,16,16
adaptive,0,100438,100553,1856,5568,1600864,4802592,16.0,48.0,16,16
adaptive,0,100554,100593,640,1920,1601504,4804512,16.0,48.0,16,16
adaptive,0,100594,100702,1744,5232,1603248,4809744,16.0,48.0,16,16
adaptive,0,100703,100795,1488,4464,1604736,4814208,16.0,48.0,16,16
adaptive,0,100796,100866,1136,3408,1605872,4817616,16.0,48.0,16,16
adaptive,0,100867,100940,1184,3552,1607056,4821168,16.0,48.0,16,16
adaptive,0,100941,101108,2688,8064,1609744,4829232,16.0,48.0,16,16
adaptive,0,101109,101282,2784,8352,1612528,4837584,16.0,48.0,16,16
adaptive,0,101283,101397,1840,5520,1614368,4843104,16.0,48.0,16,16
adaptive,0,101398,101463,1056,3168,1615424,4846272,16.0,48.0,16,16
adaptive,0,101464,101576,1808,5424,1617232,4851696,16.0,48.0,16,16
adaptive,0,101577,101657,1296,3888,1618528,4855584,16.0,48.0,16,16
adaptive,0,101658,101695,608,1824,1619136,4857408,16.0,48.0,16,16
adaptive,0,101696,101899,3264,9792,1622400,4867200,16.0,48.0,16,16
adaptive,0,101900,102042,2288,6864,1624688,4874064,16.0,48.0,16,16
adaptive,0,102043,102157,1840,5520,1626528,4879584,16.0,48.0,16,16
adaptive,0,102158,102263,1696,5088,1628224,4884672,16.0,48.0,16,16
adaptive,0,102264,102274,176,528,1628400,4885200,16.0,48.0,16,16
adaptive,0,102275,102386,1792,5376,1630192,4890576,16.0,48.0,16,16
adaptive,0,102387,102414,448,1344,1630640,4891920,16.0,48.0,16,16
adaptive,0,102415,102478,1024,3072,1631664,4894992,16.0,48.0,16,16
adaptive,0,102479,102589,1776,5328,1633440,4900320,16.0,48.0,16,16
adaptive,0,102590,102722,2128,6384,1635568,4906704,16.0,48.0,16,16
adaptive,0,102723,102834,1792,5376,1637360,4912080,16.0,48.0,16,16
adaptive,0,102835,102931,1552,4656,1638912,4916736,16.0,48.0,16,16
adaptive,0,102932,102985,864,2592,1639776,4919328,16.0,48.0,16,16
adaptive,0,102986,103006,336,1008,1640112,4920336,16.0,48.0,16,16
adaptive,0,103007,103115,1744,5232,1641856,4925568,16.0,48.0,16,16
adaptive,0,103116,103272,2512,7536,1644368,4933104,16.0,48.0,16,16
adaptive,0,103273,103395,1968,5904,1646336,4939008,16.0,48.0,16,16
adaptive,0,103396,103519,1984,5952,1648320,4944960,16.0,48.0,16,16
adaptive,0,103520,103706,2992,8976,1651312,4953936,16.0,48.0,16,16
adaptive,0,103707,103827,1936,5808,1653248,4959744,16.0,48.0,16,16
adaptive,0,103828,103929,1632,4896,1654880,4964640,16.0,48.0,16,16
adaptive,0,103930,104039,1760,5280,1656640,4969920,16.0,48.0,16,16
adaptive,0,104040,104178,2224,6672,1658864,4976592,16.0,48.0,16,16
adaptive,0,104179,104287,1744,5232,1660608,4981824,16.0,48.0,16,16
adaptive,0,104288,104414,2032,6096,1662640,4987920,16.0,48.0,16,16
adaptive,0,104415,104529,1840,5520,1664480,4993440,16.0,48.0,16,16
adaptive,0,104530,104630,1616,4848,1666096,4998288,16.0,48.0,16,16
adaptive,0,104631,104747,1872,5616,1667968,5003904,16.0,48.0,16,16
adaptive,0,104748,104865,1888,5664,1669856,5009568,16.0,48.0,16,16
adaptive,0,104866,104986,1936,5808,1671792,5015376,16.0,48.0,16,16
adaptive,0,104987,105129,2288,6864,1674080,5022240,16.0,48.0,16,16
adaptive,0,105130,105186,912,2736,1674992,5024976,16.0,48.0,16,16
adaptive,0,105187,105288,1632,4896,1676624,5029872,16.0,48.0,16,16
adaptive,0,105289,105389,1616,4848,1678240,5034720,16.0,48.0,16,16
adaptive,0,105390,105471,1312,3936,1679552,5038656,16.0,48.0,16,16
adaptive,0,105472,105564,1488,4464,1681040,5043120,16.0,48.0,16,16
adaptive,0,105565,105616,832,2496,1681872,5045616,16.0,48.0,16,16
adaptive,0,105617,105629,208,624,1682080,5046240,16.0,48.0,16,16
adaptive,0,105630,105745,1856,5568,1683936,5051808,16.0,48.0,16,16
adaptive,0,105746,105851,1696,5088,1685632,5056896,16.0,48.0,16,16
adaptive,0,105852,105962,1776,5328,1687408,5062224,16.0,48.0,16,16
adaptive,0,105963,106262,4800,14400,1692208,5076624,16.0,48.0,16,16
adaptive,0,106263,106298,576,1728,1692784,5078352,16.0,48.0,16,16
adaptive,0,106299,106391,1488,4464,1694272,5082816,16.0,48.0,16,16
adaptive,0,106392,106477,1376,4128,1695648,5086944,16.0,48.0,16,16
adaptive,0,106478,106493,256,768,1695904,5087712,16.0,48.0,16,16
adaptive,0,106494,106520,432,1296,1696336,5089008,16.0,48.0,16,16
adaptive,0,106521,106603,1328,3984,1697664,5092992,16.0,48.0,16,16
adaptive,0,106604,106612,144,432,1697808,5093424,16.0,48.0,16,16
adaptive,0,106613,106665,848,2544,1698656,5095968,16.0,48.0,16,16
adaptive,0,106666,106712,752,2256,1699408,5098224,16.0,48.0,16,16
adaptive,0,106713,106827,1840,5520,1701248,5103744,16.0,48.0,16,16
adaptive,0,106828,106920,1488,4464,1702736,5108208,16.0,48.0,16,16
adaptive,0,106921,106949,464,1392,1703200,5109600,16.0,48.0,16,16
adaptive,0,106950,107040,1456,4368,1704656,5113968,16.0,48.0,16,16
adaptive,0,107041,107081,656,1968,1705312,5115936,16.0,48.0,16,16
adaptive,0,107082,107381,4800,14400,1710112,5130336,16.0,48.0,16,16
adaptive,0,107382,107478,1552,4656,1711664,5134992,16.0,48.0,16,16
adaptive,0,107479,107574,1536,4608,1713200,5139600,16.0,48.0,16,16
adaptive,0,107575,107690,1856,5568,1715056,5145168,16.0,48.0,16,16
adaptive,0,107691,107708,288,864,1715344,5146032,16.0,48.0,16,16
adaptive,0,107709,107750,672,2016,1716016,5148048,16.0,48.0,16,16
adaptive,0,107751,107825,1200,3600,1717216,5151648,16.0,48.0,16,16
adaptive,0,107826,107863,608,1824,1717824,5153472,16.0,48.0,16,16
adaptive,0,107864,107977,1824,5472,1719648,5158944,16.0,48.0,16,16
adaptive,0,107978,108092,1840,5520,1721488,5164464,16.0,48.0,16,16
adaptive,0,108093,108192,1600,4800,1723088,5169264,16.0,48.0,16,16
adaptive,0,108193,108224,512,1536,1723600,5170800,16.0,48.0,16,16
adaptive,0,108225,108328,1664,4992,1725264,5175792,16.0,48.0,16,16
adaptive,0,108329,108354,416,1248,1725680,5177040,16.0,48.0,16,16
adaptive,0,108355,108479,2000,6000,1727680,5183040,16.0,48.0,16,16
adaptive,0,108480,108572,1488,4464,1729168,5187504,16.0,48.0,16,16
adaptive,0,108573,108698,2016,6048,1731184,5193552,16.0,48.0,16,16
adaptive,0,108699,108720,352,1056,1731536,5194608,16.0,48.0,16,16
adaptive,0,108721,108849,2064,6192,1733600,5200800,16.0,48.0,16,16
adaptive,0,108850,108966,1872,5616,1735472,5206416,16.0,48.0,16,16
adaptive,0,108967,109060,1504,4512,1736976,5210928,16.0,48.0,16,16
adaptive,0,109061,109082,352,1056,1737328,5211984,16.0,48.0,16,16
adaptive,0,109083,109095,208,624,1737536,5212608,16.0,48.0,16,16
adaptive,0,109096,109189,1504,4512,1739040,5217120,16.0,48.0,16,16
adaptive,0,109190,109324,2160,6480,1741200,5223600,16.0,48.0,16,16
adaptive,0,109325,109434,1760,5280,1742960,5228880,16.0,48.0,16,16
adaptive,0,109435,109477,688,2064,1743648,5230944,16.0,48.0,16,16
adaptive,0,109478,109546,1104,3312,1744752,5234256,16.0,48.0,16,16
adaptive,0,109547,109642,1536,4608,1746288,5238864,16.0,48.0,16,16
adaptive,0,109643,109682,640,1920,1746928,5240784,16.0,48.0,16,16
adaptive,0,109683,109796,1824,5472,1748752,5246256,16.0,48.0,16,16
adaptive,0,109797,109894,1568,4704,1750320,5250960,16.0,48.0,16,16
adaptive,0,109895,109984,1440,4320,1751760,5255280,16.0,48.0,16,16
adaptive,0,109985,110012,448,1344,1752208,5256624,16.0,48.0,16,16
adaptive,0,110013,110106,1504,4512,1753712,5261136,16.0,48.0,16,16
adaptive,0,110107,110205,1584,4752,1755296,5265888,16.0,48.0,16,16
adaptive,0,110206,110306,1616,4848,1756912,5270736,16.0,48.0,16,16
adaptive,0,110307,110395,1424,4272,1758336,5275008,16.0,48.0,16,16
adaptive,0,110396,110482,1392,4176,1759728,5279184,16.0,48.0,16,16
adaptive,0,110483,110532,800,2400,1760528,5281584,16.0,48.0,16,16
adaptive,0,110533,110546,224,672,1760752,5282256,16.0,48.0,16,16
adaptive,0,110547,110636,1440,4320,1762192,5286576,16.0,48.0,16,16
adaptive,0,110637,110665,464,1392,1762656,5287968,16.0,48.0,16,16
adaptive,0,110666,110726,976,2928,1763632,5290896,16.0,48.0,16,16
adaptive,0,110727,110766,640,1920,1764272,5292816,16.0,48.0,16,16
adaptive,0,110767,110848,1312,3936,1765584,5296752,16.0,48.0,16,16
adaptive,0,110849,110862,224,672,1765808,5297424,16.0,48.0,16,16
adaptive,0,110863,110956,1504,4512,1767312,5301936,16.0,48.0,16,16
adaptive,0,110957,111041,1360,4080,1768672,5306016,16.0,48.0,16,16
adaptive,0,111042,111135,1504,4512,1770176,5310528,16.0,48.0,16,16
adaptive,0,111136,111198,1008,3024,1771184,5313552,16.0,48.0,16,16
adaptive,0,111199,111236,608,1824,1771792,5315376,16.0,48.0,16,16
adaptive,0,111237,111358,1952,5856,1773744,5321232,16.0,48.0,16,16
adaptive,0,111359,111386,448,1344,1774192,5322576,16.0,48.0,16,16
adaptive,0,111387,111404,288,864,1774480,5323440,16.0,48.0,16,16
adaptive,0,111405,111412,128,384,1774608,5323824,16.0,48.0,16,16
adaptive,0,111413,111468,896,2688,1775504,5326512,16.0,48.0,16,16
adaptive,0,111469,111563,1520,4560,1777024,5331072,16.0,48.0,16,16
adaptive,0,111564,111593,480,1440,1777504,5332512,16.0,48.0,16,16
adaptive,0,111594,111687,1504,4512,1779008,5337024,16.0,48.0,16,16
adaptive,0,111688,111718,496,1488,1779504,5338512,16.0,48.0,16,16
adaptive,0,111719,111838,1920,5760,1781424,5344272,16.0,48.0,16,16
adaptive,0,111839,111852,224,672,1781648,5344944,16.0,48.0,16,16
adaptive,0,111853,111956,1664,4992,1783312,5349936,16.0,48.0,16,16
adaptive,0,111957,112048,1472,4416,1784784,5354352,16.0,48.0,16,16
adaptive,0,112049,112158,1760,5280,1786544,5359632,16.0,48.0,16,16
adaptive,0,112159,112265,1712,5136,1788256,5364768,16.0,48.0,16,16
adaptive,0,112266,112350,1360,4080,1789616,5368848,16.0,48.0,16,16
adaptive,0,112351,112376,416,1248,1790032,5370096,16.0,48.0,16,16
adaptive,0,112377,112487,1776,5328,1791808,5375424,16.0,48.0,16,16
adaptive,0,112488,112588,1616,4848,1793424,5380272,16.0,48.0,16,16
adaptive,0,112589,112617,464,1392,1793888,5381664,16.0,48.0,16,16
adaptive,0,112618,112708,1456,4368,1795344,5386032,16.0,48.0,16,16
adaptive,0,112709,112793,1360,4080,1796704,5390112,16.0,48.0,16,16
adaptive,0,112794,112874,1296,3888,1798000,5394000,16.0,48.0,16,16
adaptive,0,112875,112890,256,768,1798256,5394768,16.0,48.0,16,16
adaptive,0,112891,112992,1632,4896,1799888,5399664,16.0,48.0,16,16
adaptive,0,112993,113036,704,2112,1800592,5401776,16.0,48.0,16,16
adaptive,0,113037,113048,192,576,1800784,5402352,16.0,48.0,16,16
adaptive,0,113049,113143,1520,4560,1802304,5406912,16.0,48.0,16,16
adaptive,0,113144,113227,1344,4032,1803648,5410944,16.0,48.0,16,16
adaptive,0,113228,113355,2048,6144,1805696,5417088,16.0,48.0,16,16
adaptive,0,113356,113443,1408,4224,1807104,5421312,16.0,48.0,16,16
adaptive,0,113444,113545,1632,4896,1808736,5426208,16.0,48.0,16,16
adaptive,0,113546,113553,128,384,1808864,5426592,16.0,48.0,16,16
adaptive,0,113554,113643,1440,4320,1810304,5430912,16.0,48.0,16,16
adaptive,0,113644,113763,1920,5760,1812224,5436672,16.0,48.0,16,16
adaptive,0,113764,113793,480,1440,1812704,5438112,16.0,48.0,16,16
adaptive,0,113794,113880,1392,4176,1814096,5442288,16.0,48.0,16,16
adaptive,0,113881,113965,1360,4080,1815456,5446368,16.0,48.0,16,16
adaptive,0,113966,113984,304,912,1815760,5447280,16.0,48.0,16,16
adaptive,0,113985,113997,208,624,1815968,5447904,16.0,48.0,16,16
adaptive,0,113998,114099,1632,4896,1817600,5452800,16.0,48.0,16,16
adaptive,0,114100,114195,1536,4608,1819136,5457408,16.0,48.0,16,16
adaptive,0,114196,114309,1824,5472,1820960,5462880,16.0,48.0,16,16
adaptive,0,114310,114404,1520,4560,1822480,5467440,16.0,48.0,16,16
adaptive,0,114405,114433,464,1392,1822944,5468832,16.0,48.0,16,16
adaptive,0,114434,114451,288,864,1823232,5469696,16.0,48.0,16,16
adaptive,0,114452,114534,1328,3984,1824560,5473680,16.0,48.0,16,16
adaptive,0,114535,114635,1616,4848,1826176,5478528,16.0,48.0,16,16
adaptive,0,114636,114722,1392,4176,1827568,5482704,16.0,48.0,16,16
adaptive,0,114723,114809,1392,4176,1828960,5486880,16.0,48.0,16,16
adaptive,0,114810,114892,1328,3984,1830288,5490864,16.0,48.0,16,16
adaptive,0,114893,114977,1360,4080,1831648,5494944,16.0,48.0,16,16
adaptive,0,114978,115083,1696,5088,1833344,5500032,16.0,48.0,16,16
adaptive,0,115084,115167,1344,4032,1834688,5504064,16.0,48.0,16,16
adaptive,0,115168,115195,448,1344,1835136,5505408,16.0,48.0,16,16
adaptive,0,115196,115294,1584,4752,1836720,5510160,16.0,48.0,16,16
adaptive,0,115295,115378,1344,4032,1838064,5514192,16.0,48.0,16,16
adaptive,0,115379,115480,1632,4896,1839696,5519088,16.0,48.0,16,16
adaptive,0,115481,115575,1520,4560,1841216,5523648,16.0,48.0,16,16
adaptive,0,115576,115670,1520,4560,1842736,5528208,16.0,48.0,16,16
adaptive,0,115671,115757,1392,4176,1844128,5532384,16.0,48.0,16,16
adaptive,0,115758,115840,1328,3984,1845456,5536368,16.0,48.0,16,16
adaptive,0,115841,115889,784,2352,1846240,5538720,16.0,48.0,16,16
adaptive,0,115890,115923,544,1632,1846784,5540352,16.0,48.0,16,16
adaptive,0,115924,116024,1616,4848,1848400,5545200,16.0,48.0,16,16
adaptive,0,116025,116081,912,2736,1849312,5547936,16.0,48.0,16,16
adaptive,0,116082,116171,1440,4320,1850752,5552256,16.0,48.0,16,16
adaptive,0,116172,116237,1056,3168,1851808,5555424,16.0,48.0,16,16
adaptive,0,116238,116254,272,816,1852080,5556240,16.0,48.0,16,16
adaptive,0,116255,116342,1408,4224,1853488,5560464,16.0,48.0,16,16
adaptive,0,116343,116433,1456,4368,1854944,5564832,16.0,48.0,16,16
adaptive,0,116434,116524,1456,4368,1856400,5569200,16.0,48.0,16,16
adaptive,0,116525,116635,1776,5328,1858176,5574528,16.0,48.0,16,16
adaptive,0,116636,116731,1536,4608,1859712,5579136,16.0,48.0,16,16
adaptive,0,116732,116838,1712,5136,1861424,5584272,16.0,48.0,16,16
adaptive,0,116839,116952,1824,5472,1863248,5589744,16.0,48.0,16,16
adaptive,0,116953,117053,1616,4848,1864864,5594592,16.0,48.0,16,16
adaptive,0,117054,117141,1408,4224,1866272,5598816,16.0,48.0,16,16
adaptive,0,117142,117226,1360,4080,1867632,5602896,16.0,48.0,16,16
adaptive,0,117227,117308,1312,3936,1868944,5606832,16.0,48.0,16,16
adaptive,0,117309,117411,1648,4944,1870592,5611776,16.0,48.0,16,16
adaptive,0,117412,117495,1344,4032,1871936,5615808,16.0,48.0,16,16
adaptive,0,117496,117579,1344,4032,1873280,5619840,16.0,48.0,16,16
adaptive,0,117580,117675,1536,4608,1874816,5624448,16.0,48.0,16,16
adaptive,0,117676,117770,1520,4560,1876336,5629008,16.0,48.0,16,16
adaptive,0,117771,117868,1568,4704,1877904,5633712,16.0,48.0,16,16
adaptive,0,117869,117975,1712,5136,1879616,5638848,16.0,48.0,16,16
adaptive,0,117976,118021,736,2208,1880352,5641056,16.0,48.0,16,16
adaptive,0,118022,118112,1456,4368,1881808,5645424,16.0,48.0,16,16
adaptive,0,118113,118212,1600,4800,1883408,5650224,16.0,48.0,16,16
adaptive,0,118213,118289,1232,3696,1884640,5653920,16.0,48.0,16,16
adaptive,0,118290,118385,1536,4608,1886176,5658528,16.0,48.0,16,16
adaptive,0,118386,118477,1472,4416,1887648,5662944,16.0,48.0,16,16
adaptive,0,118478,118610,2128,6384,1889776,5669328,16.0,48.0,16,16
adaptive,0,118611,118700,1440,4320,1891216,5673648,16.0,48.0,16,16
adaptive,0,118701,118791,1456,4368,1892672,5678016,16.0,48.0,16,16
adaptive,0,118792,118886,1520,4560,1894192,5682576,16.0,48.0,16,16
adaptive,0,118887,118970,1344,4032,1895536,5686608,16.0,48.0,16,16
adaptive,0,118971,119050,1280,3840,1896816,5690448,16.0,48.0,16,16
adaptive,0,119051,119134,1344,4032,1898160,5694480,16.0,48.0,16,16
adaptive,0,119135,119261,2032,6096,1900192,5700576,16.0,48.0,16,16
adaptive,0,119262,119350,1424,4272,1901616,5704848,16.0,48.0,16,16
adaptive,0,119351,119451,1616,4848,1903232,5709696,16.0,48.0,16,16
adaptive,0,119452,119531,1280,3840,1904512,5713536,16.0,48.0,16,16
adaptive,0,119532,119559,448,1344,1904960,5714880,16.0,48.0,16,16
adaptive,0,119560,119710,2416,7248,1907376,5722128,16.0,48.0,16,16
adaptive,0,119711,119806,1536,4608,1908912,5726736,16.0,48.0,16,16
adaptive,0,119807,119886,1280,3840,1910192,5730576,16.0,48.0,16,16
adaptive,0,119887,119950,1024,3072,1911216,5733648,16.0,48.0,16,16
adaptive,0,119951,120032,1312,3936,1912528,5737584,16.0,48.0,16,16
adaptive,0,120033,120153,1936,5808,1914464,5743392,16.0,48.0,16,16
adaptive,0,120154,120252,1584,4752,1916048,5748144,16.0,48.0,16,16
adaptive,0,120253,120350,1568,4704,1917616,5752848,16.0,48.0,16,16
adaptive,0,120351,120427,1232,3696,1918848,5756544,16.0,48.0,16,16
adaptive,0,120428,120524,1552,4656,1920400,5761200,16.0,48.0,16,16
adaptive,0,120525,120634,1760,5280,1922160,5766480,16.0,48.0,16,16
adaptive,0,120635,120731,1552,4656,1923712,5771136,16.0,48.0,16,16
adaptive,0,120732,120834,1648,4944,1925360,5776080,16.0,48.0,16,16
adaptive,0,120835,120930,1536,4608,1926896,5780688,16.0,48.0,16,16
adaptive,0,120931,121027,1552,4656,1928448,5785344,16.0,48.0,16,16
adaptive,0,121028,121144,1872,5616,1930320,5790960,16.0,48.0,16,16
adaptive,0,121145,121253,1744,5232,1932064,5796192,16.0,48.0,16,16
adaptive,0,121254,121365,1792,5376,1933856,5801568,16.0,48.0,16,16
adaptive,0,121366,121467,1632,4896,1935488,5806464,16.0,48.0,16,16
adaptive,0,121468,121566,1584,4752,1937072,5811216,16.0,48.0,16,16
adaptive,0,121567,121654,1408,4224,1938480,5815440,16.0,48.0,16,16
adaptive,0,121655,121726,1152,3456,1939632,5818896,16.0,48.0,16,16
adaptive,0,121727,121811,1360,4080,1940992,5822976,16.0,48.0,16,16
adaptive,0,121812,121900,1424,4272,1942416,5827248,16.0,48.0,16,16
adaptive,0,121901,121981,1296,3888,1943712,5831136,16.0,48.0,16,16
adaptive,0,121982,122079,1568,4704,1945280,5835840,16.0,48.0,16,16
adaptive,0,122080,122138,944,2832,1946224,5838672,16.0,48.0,16,16
adaptive,0,122139,122233,1520,4560,1947744,5843232,16.0,48.0,16,16
adaptive,0,122234,122317,1344,4032,1949088,5847264,16.0,48.0,16,16
adaptive,0,122318,122409,1472,4416,1950560,5851680,16.0,48.0,16,16
adaptive,0,122410,122493,1344,4032,1951904,5855712,16.0,48.0,16,16
adaptive,0,122494,122594,1616,4848,1953520,5860560,16.0,48.0,16,16
adaptive,0,122595,122674,1280,3840,1954800,5864400,16.0,48.0,16,16
adaptive,0,122675,122791,1872,5616,1956672,5870016,16.0,48.0,16,16
adaptive,0,122792,122882,1456,4368,1958128,5874384,16.0,48.0,16,16
adaptive,0,122883,122918,576,1728,1958704,5876112,16.0,48.0,16,16
adaptive,0,122919,123009,1456,4368,1960160,5880480,16.0,48.0,16,16
adaptive,0,123010,123099,1440,4320,1961600,5884800,16.0,48.0,16,16
adaptive,0,123100,123189,1440,4320,1963040,5889120,16.0,48.0,16,16
adaptive,0,123190,123281,1472,4416,1964512,5893536,16.0,48.0,16,16
adaptive,0,123282,123293,192,576,1964704,5894112,16.0,48.0,16,16
adaptive,0,123294,123375,1312,3936,1966016,5898048,16.0,48.0,16,16
adaptive,0,123376,123492,1872,5616,1967888,5903664,16.0,48.0,16,16
adaptive,0,123493,123575,1328,3984,1969216,5907648,16.0,48.0,16,16
adaptive,0,123576,123652,1232,3696,1970448,5911344,16.0,48.0,16,16
adaptive,0,123653,123759,1712,5136,1972160,5916480,16.0,48.0,16,16
adaptive,0,123760,123859,1600,4800,1973760,5921280,16.0,48.0,16,16
adaptive,0,123860,123954,1520,4560,1975280,5925840,16.0,48.0,16,16
adaptive,0,123955,124044,1440,4320,1976720,5930160,16.0,48.0,16,16
adaptive,0,124045,124133,1424,4272,1978144,5934432,16.0,48.0,16,16
adaptive,0,124134,124213,1280,3840,1979424,5938272,16.0,48.0,16,16
adaptive,0,124214,124302,1424,4272,1980848,5942544,16.0,48.0,16,16
adaptive,0,124303,124391,1424,4272,1982272,5946816,16.0,48.0,16,16
adaptive,0,124392,124480,1424,4272,1983696,5951088,16.0,48.0,16,16
adaptive,0,124481,124565,1360,4080,1985056,5955168,16.0,48.0,16,16
adaptive,0,124566,124647,1312,3936,1986368,5959104,16.0,48.0,16,16
adaptive,0,124648,124658,176,528,1986544,5959632,16.0,48.0,16,16
adaptive,0,124659,124749,1456,4368,1988000,5964000,16.0,48.0,16,16
adaptive,0,124750,124832,1328,3984,1989328,5967984,16.0,48.0,16,16
adaptive,0,124833,124920,1408,4224,1990736,5972208,16.0,48.0,16,16
adaptive,0,124921,125031,1776,5328,1992512,5977536,16.0,48.0,16,16
adaptive,0,125032,125122,1456,4368,1993968,5981904,16.0,48.0,16,16
adaptive,0,125123,125164,672,2016,1994640,5983920,16.0,48.0,16,16
adaptive,0,125165,125246,1312,3936,1995952,5987856,16.0,48.0,16,16
adaptive,0,125247,125250,64,192,1996016,5988048,16.0,48.0,16,16
adaptive,0,125251,125376,2016,6048,1998032,5994096,16.0,48.0,16,16
adaptive,0,125377,125466,1440,4320,1999472,5998416,16.0,48.0,16,16
adaptive,0,125467,125547,1296,3888,2000768,6002304,16.0,48.0,16,16
adaptive,0,125548,125633,1376,4128,2002144,6006432,16.0,48.0,16,16
adaptive,0,125634,125719,1376,4128,2003520,6010560,16.0,48.0,16,16
adaptive,0,125720,125815,1536,4608,2005056,6015168,16.0,48.0,16,16
adaptive,0,125816,125893,1248,3744,2006304,6018912,16.0,48.0,16,16
adaptive,0,125894,125987,1504,4512,2007808,6023424,16.0,48.0,16,16
adaptive,0,125988,126020,528,1584,2008336,6025008,16.0,48.0,16,16
adaptive,0,126021,126111,1456,4368,2009792,6029376,16.0,48.0,16,16
adaptive,0,126112,126200,1424,4272,2011216,6033648,16.0,48.0,16,16
adaptive,0,126201,126281,1296,3888,2012512,6037536,16.0,48.0,16,16
adaptive,0,126282,126373,1472,4416,2013984,6041952,16.0,48.0,16,16
adaptive,0,126374,126456,1328,3984,2015312,6045936,16.0,48.0,16,16
adaptive,0,126457,126535,1264,3792,2016576,6049728,16.0,48.0,16,16
adaptive,0,126536,126632,1552,4656,2018128,6054384,16.0,48.0,16,16
adaptive,0,126633,126721,1424,4272,2019552,6058656,16.0,48.0,16,16
adaptive,0,126722,126815,1504,4512,2021056,6063168,16.0,48.0,16,16
adaptive,0,126816,126827,192,576,2021248,6063744,16.0,48.0,16,16
adaptive,0,126828,126911,1344,4032,2022592,6067776,16.0,48.0,16,16
adaptive,0,126912,126923,192,576,2022784,6068352,16.0,48.0,16,16
adaptive,0,126924,127008,1360,4080,2024144,6072432,16.0,48.0,16,16
adaptive,0,127009,127045,592,1776,2024736,6074208,16.0,48.0,16,16
adaptive,0,127046,127134,1424,4272,2026160,6078480,16.0,48.0,16,16
adaptive,0,127135,127222,1408,4224,2027568,6082704,16.0,48.0,16,16
adaptive,0,127223,127305,1328,3984,2028896,6086688,16.0,48.0,16,16
adaptive,0,127306,127400,1520,4560,2030416,6091248,16.0,48.0,16,16
adaptive,0,127401,127484,1344,4032,2031760,6095280,16.0,48.0,16,16
adaptive,0,127485,127577,1488,4464,2033248,6099744,16.0,48.0,16,16
adaptive,0,127578,127680,1648,4944,2034896,6104688,16.0,48.0,16,16
adaptive,0,127681,127762,1312,3936,2036208,6108624,16.0,48.0,16,16
adaptive,0,127763,127848,1376,4128,2037584,6112752,16.0,48.0,16,16
adaptive,0,127849,127944,1536,4608,2039120,6117360,16.0,48.0,16,16
adaptive,0,127945,128032,1408,4224,2040528,6121584,16.0,48.0,16,16
adaptive,0,128033,128110,1248,3744,2041776,6125328,16.0,48.0,16,16
adaptive,0,128111,128186,1216,3648,2042992,6128976,16.0,48.0,16,16
adaptive,0,128187,128275,1424,4272,2044416,6133248,16.0,48.0,16,16
adaptive,0,128276,128350,1200,3600,2045616,6136848,16.0,48.0,16,16
adaptive,0,128351,128435,1360,4080,2046976,6140928,16.0,48.0,16,16
adaptive,0,128436,128516,1296,3888,2048272,6144816,16.0,48.0,16,16
adaptive,0,128517,128621,1680,5040,2049952,6149856,16.0,48.0,16,16
adaptive,0,128622,128709,1408,4224,2051360,6154080,16.0,48.0,16,16
adaptive,0,128710,128782,1168,3504,2052528,6157584,16.0,48.0,16,16
adaptive,0,128783,128864,1312,3936,2053840,6161520,16.0,48.0,16,16
adaptive,0,128865,128926,992,2976,2054832,6164496,16.0,48.0,16,16
adaptive,0,128927,129009,1328,3984,2056160,6168480,16.0,48.0,16,16
adaptive,0,129010,129095,1376,4128,2057536,6172608,16.0,48.0,16,16
adaptive,0,129096,129172,1232,3696,2058768,6176304,16.0,48.0,16,16
adaptive,0,129173,129267,1520,4560,2060288,6180864,16.0,48.0,16,16
adaptive,0,129268,129355,1408,4224,2061696,6185088,16.0,48.0,16,16
adaptive,0,129356,129435,1280,3840,2062976,6188928,16.0,48.0,16,16
adaptive,0,129436,129492,912,2736,2063888,6191664,16.0,48.0,16,16
adaptive,0,129493,129589,1552,4656,2065440,6196320,16.0,48.0,16,16
adaptive,0,129590,129640,816,2448,2066256,6198768,16.0,48.0,16,16
adaptive,0,129641,129725,1360,4080,2067616,6202848,16.0,48.0,16,16
adaptive,0,129726,129799,1184,3552,2068800,6206400,16.0,48.0,16,16
adaptive,0,129800,129885,1376,4128,2070176,6210528,16.0,48.0,16,16
adaptive,0,129886,129959,1184,3552,2071360,6214080,16.0,48.0,16,16
adaptive,0,129960,130039,1280,3840,2072640,6217920,16.0,48.0,16,16
adaptive,0,130040,130125,1376,4128,2074016,6222048,16.0,48.0,16,16
adaptive,0,130126,130197,1152,3456,2075168,6225504,16.0,48.0,16,16
adaptive,0,130198,130239,672,2016,2075840,6227520,16.0,48.0,16,16
adaptive,0,130240,130322,1328,3984,2077168,6231504,16.0,48.0,16,16
adaptive,0,130323,130426,1664,4992,2078832,6236496,16.0,48.0,16,16
adaptive,0,130427,130508,1312,3936,2080144,6240432,16.0,48.0,16,16
adaptive,0,130509,130554,736,2208,2080880,6242640,16.0,48.0,16,16
adaptive,0,130555,130641,1392,4176,2082272,6246816,16.0,48.0,16,16
adaptive,0,130642,130715,1184,3552,2083456,6250368,16.0,48.0,16,16
adaptive,0,130716,130796,1296,3888,2084752,6254256,16.0,48.0,16,16
adaptive,0,130797,130877,1296,3888,2086048,6258144,16.0,48.0,16,16
adaptive,0,130878,130963,1376,4128,2087424,6262272,16.0,48.0,16,16
adaptive,0,130964,131041,1248,3744,2088672,6266016,16.0,48.0,16,16
adaptive,0,131042,131099,928,2784,2089600,6268800,16.0,48.0,16,16
adaptive,0,131100,131200,1616,4848,2091216,6273648,16.0,48.0,16,16
adaptive,0,131201,131210,160,480,2091376,6274128,16.0,48.0,16,16
adaptive,0,131211,131286,1216,3648,2092592,6277776,16.0,48.0,16,16
adaptive,0,131287,131368,1312,3936,2093904,6281712,16.0,48.0,16,16
adaptive,0,131369,131447,1264,3792,2095168,6285504,16.0,48.0,16,16
adaptive,0,131448,131542,1520,4560,2096688,6290064,16.0,48.0,16,16
adaptive,0,131543,131626,1344,4032,2098032,6294096,16.0,48.0,16,16
adaptive,0,131627,131711,1360,4080,2099392,6298176,16.0,48.0,16,16
adaptive,0,131712,131792,1296,3888,2100688,6302064,16.0,48.0,16,16
adaptive,0,131793,131883,1456,4368,2102144,6306432,16.0,48.0,16,16
adaptive,0,131884,131961,1248,3744,2103392,6310176,16.0,48.0,16,16
adaptive,0,131962,132069,1728,5184,2105120,6315360,16.0,48.0,16,16
adaptive,0,132070,132147,1248,3744,2106368,6319104,16.0,48.0,16,16
adaptive,0,132148,132233,1376,4128,2107744,6323232,16.0,48.0,16,16
adaptive,0,132234,132251,288,864,2108032,6324096,16.0,48.0,16,16
adaptive,0,132252,132324,1168,3504,2109200,6327600,16.0,48.0,16,16
adaptive,0,132325,132399,1200,3600,2110400,6331200,16.0,48.0,16,16
adaptive,0,132400,132474,1200,3600,2111600,6334800,16.0,48.0,16,16
adaptive,0,132475,132553,1264,3792,2112864,6338592,16.0,48.0,16,16
adaptive,0,132554,132578,400,1200,2113264,6339792,16.0,48.0,16,16
adaptive,0,132579,132592,224,672,2113488,6340464,16.0,48.0,16,16
adaptive,0,132593,132671,1264,3792,2114752,6344256,16.0,48.0,16,16
adaptive,0,132672,132758,1392,4176,2116144,6348432,16.0,48.0,16,16
adaptive,0,132759,132801,688,2064,2116832,6350496,16.0,48.0,16,16
adaptive,0,132802,132896,1520,4560,2118352,6355056,16.0,48.0,16,16
adaptive,0,132897,132980,1344,4032,2119696,6359088,16.0,48.0,16,16
adaptive,0,132981,133070,1440,4320,2121136,6363408,16.0,48.0,16,16
adaptive,0,133071,133139,1104,3312,2122240,6366720,16.0,48.0,16,16
adaptive,0,133140,133216,1232,3696,2123472,6370416,16.0,48.0,16,16
adaptive,0,133217,133306,1440,4320,2124912,6374736,16.0,48.0,16,16
adaptive,0,133307,133383,1232,3696,2126144,6378432,16.0,48.0,16,16
adaptive,0,133384,133461,1248,3744,2127392,6382176,16.0,48.0,16,16
adaptive,0,133462,133489,448,1344,2127840,6383520,16.0,48.0,16,16
adaptive,0,133490,133571,1312,3936,2129152,6387456,16.0,48.0,16,16
adaptive,0,133572,133651,1280,3840,2130432,6391296,16.0,48.0,16,16
adaptive,0,133652,133736,1360,4080,2131792,6395376,16.0,48.0,16,16
adaptive,0,133737,133817,1296,3888,2133088,6399264,16.0,48.0,16,16
adaptive,0,133818,133896,1264,3792,2134352,6403056,16.0,48.0,16,16
adaptive,0,133897,133972,1216,3648,2135568,6406704,16.0,48.0,16,16
adaptive,0,133973,134056,1344,4032,2136912,6410736,16.0,48.0,16,16
adaptive,0,134057,134127,1136,3408,2138048,6414144,16.0,48.0,16,16
adaptive,0,134128,134215,1408,4224,2139456,6418368,16.0,48.0,16,16
adaptive,0,134216,134294,1264,3792,2140720,6422160,16.0,48.0,16,16
adaptive,0,134295,134372,1248,3744,2141968,6425904,16.0,48.0,16,16
adaptive,0,134373,134453,1296,3888,2143264,6429792,16.0,48.0,16,16
adaptive,0,134454,134532,1264,3792,2144528,6433584,16.0,48.0,16,16
adaptive,0,134533,134610,1248,3744,2145776,6437328,16.0,48.0,16,16
adaptive,0,134611,134693,1328,3984,2147104,6441312,16.0,48.0,16,16
adaptive,0,134694,134787,1504,4512,2148608,6445824,16.0,48.0,16,16
adaptive,0,134788,134859,1152,3456,2149760,6449280,16.0,48.0,16,16
adaptive,0,134860,134934,1200,3600,2150960,6452880,16.0,48.0,16,16
adaptive,0,134935,135014,1280,3840,2152240,6456720,16.0,48.0,16,16
adaptive,0,135015,135094,1280,3840,2153520,6460560,16.0,48.0,16,16
adaptive,0,135095,135182,1408,4224,2154928,6464784,16.0,48.0,16,16
adaptive,0,135183,135282,1600,4800,2156528,6469584,16.0,48.0,16,16
adaptive,0,135283,135346,1024,3072,2157552,6472656,16.0,48.0,16,16
adaptive,0,135347,135431,1360,4080,2158912,6476736,16.0,48.0,16,16
adaptive,0,135432,135504,1168,3504,2160080,6480240,16.0,48.0,16,16
adaptive,0,135505,135589,1360,4080,2161440,6484320,16.0,48.0,16,16
adaptive,0,135590,135605,256,768,2161696,6485088,16.0,48.0,16,16
adaptive,0,135606,135628,368,1104,2162064,6486192,16.0,48.0,16,16
adaptive,0,135629,135701,1168,3504,2163232,6489696,16.0,48.0,16,16
adaptive,0,135702,135779,1248,3744,2164480,6493440,16.0,48.0,16,16
adaptive,0,135780,135858,1264,3792,2165744,6497232,16.0,48.0,16,16
adaptive,0,135859,135938,1280,3840,2167024,6501072,16.0,48.0,16,16
adaptive,0,135939,135989,816,2448,2167840,6503520,16.0,48.0,16,16
adaptive,0,135990,136060,1136,3408,2168976,6506928,16.0,48.0,16,16
adaptive,0,136061,136144,1344,4032,2170320,6510960,16.0,48.0,16,16
adaptive,0,136145,136223,1264,3792,2171584,6514752,16.0,48.0,16,16
adaptive,0,136224,136299,1216,3648,2172800,6518400,16.0,48.0,16,16
adaptive,0,136300,136385,1376,4128,2174176,6522528,16.0,48.0,16,16
adaptive,0,136386,136462,1232,3696,2175408,6526224,16.0,48.0,16,16
adaptive,0,136463,136538,1216,3648,2176624,6529872,16.0,48.0,16,16
adaptive,0,136539,136614,1216,3648,2177840,6533520,16.0,48.0,16,16
adaptive,0,136615,136707,1488,4464,2179328,6537984,16.0,48.0,16,16
adaptive,0,136708,136784,1232,3696,2180560,6541680,16.0,48.0,16,16
adaptive,0,136785,136877,1488,4464,2182048,6546144,16.0,48.0,16,16
adaptive,0,136878,136950,1168,3504,2183216,6549648,16.0,48.0,16,16
adaptive,0,136951,137025,1200,3600,2184416,6553248,16.0,48.0,16,16
adaptive,0,137026,137103,1248,3744,2185664,6556992,16.0,48.0,16,16
adaptive,0,137104,137176,1168,3504,2186832,6560496,16.0,48.0,16,16
adaptive,0,137177,137253,1232,3696,2188064,6564192,16.0,48.0,16,16
adaptive,0,137254,137327,1184,3552,2189248,6567744,16.0,48.0,16,16
adaptive,0,137328,137406,1264,3792,2190512,6571536,16.0,48.0,16,16
adaptive,0,137407,137474,1088,3264,2191600,6574800,16.0,48.0,16,16
adaptive,0,137475,137548,1184,3552,2192784,6578352,16.0,48.0,16,16
adaptive,0,137549,137636,1408,4224,2194192,6582576,16.0,48.0,16,16
adaptive,0,137637,137713,1232,3696,2195424,6586272,16.0,48.0,16,16
adaptive,0,137714,137790,1232,3696,2196656,6589968,16.0,48.0,16,16
adaptive,0,137791,137875,1360,4080,2198016,6594048,16.0,48.0,16,16
adaptive,0,137876,137953,1248,3744,2199264,6597792,16.0,48.0,16,16
adaptive,0,137954,138031,1248,3744,2200512,6601536,16.0,48.0,16,16
adaptive,0,138032,138111,1280,3840,2201792,6605376,16.0,48.0,16,16
adaptive,0,138112,138187,1216,3648,2203008,6609024,16.0,48.0,16,16
adaptive,0,138188,138261,1184,3552,2204192,6612576,16.0,48.0,16,16
adaptive,0,138262,138344,1328,3984,2205520,6616560,16.0,48.0,16,16
adaptive,0,138345,138427,1328,3984,2206848,6620544,16.0,48.0,16,16
adaptive,0,138428,138505,1248,3744,2208096,6624288,16.0,48.0,16,16
adaptive,0,138506,138581,1216,3648,2209312,6627936,16.0,48.0,16,16
adaptive,0,138582,138659,1248,3744,2210560,6631680,16.0,48.0,16,16
adaptive,0,138660,138745,1376,4128,2211936,6635808,16.0,48.0,16,16
adaptive,0,138746,138823,1248,3744,2213184,6639552,16.0,48.0,16,16
adaptive,0,138824,138900,1232,3696,2214416,6643248,16.0,48.0,16,16
adaptive,0,138901,138981,1296,3888,2215712,6647136,16.0,48.0,16,16
adaptive,0,138982,139047,1056,3168,2216768,6650304,16.0,48.0,16,16
adaptive,0,139048,139132,1360,4080,2218128,6654384,16.0,48.0,16,16
adaptive,0,139133,139205,1168,3504,2219296,6657888,16.0,48.0,16,16
adaptive,0,139206,139280,1200,3600,2220496,6661488,16.0,48.0,16,16
adaptive,0,139281,139360,1280,3840,2221776,6665328,16.0,48.0,16,16
adaptive,0,139361,139431,1136,3408,2222912,6668736,16.0,48.0,16,16
adaptive,0,139432,139503,1152,3456,2224064,6672192,16.0,48.0,16,16
adaptive,0,139504,139574,1136,3408,2225200,6675600,16.0,48.0,16,16
adaptive,0,139575,139653,1264,3792,2226464,6679392,16.0,48.0,16,16
adaptive,0,139654,139732,1264,3792,2227728,6683184,16.0,48.0,16,16
adaptive,0,139733,139810,1248,3744,2228976,6686928,16.0,48.0,16,16
adaptive,0,139811,139885,1200,3600,2230176,6690528,16.0,48.0,16,16
adaptive,0,139886,139962,1232,3696,2231408,6694224,16.0,48.0,16,16
adaptive,0,139963,140041,1264,3792,2232672,6698016,16.0,48.0,16,16
adaptive,0,140042,140123,1312,3936,2233984,6701952,16.0,48.0,16,16
adaptive,0,140124,140196,1168,3504,2235152,6705456,16.0,48.0,16,16
adaptive,0,140197,140267,1136,3408,2236288,6708864,16.0,48.0,16,16
adaptive,0,140268,140342,1200,3600,2237488,6712464,16.0,48.0,16,16
adaptive,0,140343,140417,1200,3600,2238688,6716064,16.0,48.0,16,16
adaptive,0,140418,140472,880,2640,2239568,6718704,16.0,48.0,16,16
adaptive,0,140473,140546,1184,3552,2240752,6722256,16.0,48.0,16,16
adaptive,0,140547,140623,1232,3696,2241984,6725952,16.0,48.0,16,16
adaptive,0,140624,140695,1152,3456,2243136,6729408,16.0,48.0,16,16
adaptive,0,140696,140770,1200,3600,2244336,6733008,16.0,48.0,16,16
adaptive,0,140771,140842,1152,3456,2245488,6736464,16.0,48.0,16,16
adaptive,0,140843,140920,1248,3744,2246736,6740208,16.0,48.0,16,16
adaptive,0,140921,140991,1136,3408,2247872,6743616,16.0,48.0,16,16
adaptive,0,140992,141061,1120,3360,2248992,6746976,16.0,48.0,16,16
adaptive,0,141062,141135,1184,3552,2250176,6750528,16.0,48.0,16,16
adaptive,0,141136,141220,1360,4080,2251536,6754608,16.0,48.0,16,16
adaptive,0,141221,141290,1120,3360,2252656,6757968,16.0,48.0,16,16
adaptive,0,141291,141378,1408,4224,2254064,6762192,16.0,48.0,16,16
adaptive,0,141379,141452,1184,3552,2255248,6765744,16.0,48.0,16,16
adaptive,0,141453,141527,1200,3600,2256448,6769344,16.0,48.0,16,16
adaptive,0,141528,141600,1168,3504,2257616,6772848,16.0,48.0,16,16
adaptive,0,141601,141678,1248,3744,2258864,6776592,16.0,48.0,16,16
adaptive,0,141679,141755,1232,3696,2260096,6780288,16.0,48.0,16,16
adaptive,0,141756,141833,1248,3744,2261344,6784032,16.0,48.0,16,16
adaptive,0,141834,141907,1184,3552,2262528,6787584,16.0,48.0,16,16
adaptive,0,141908,141987,1280,3840,2263808,6791424,16.0,48.0,16,16
adaptive,0,141988,142003,256,768,2264064,6792192,16.0,48.0,16,16
adaptive,0,142004,142082,1264,3792,2265328,6795984,16.0,48.0,16,16
adaptive,0,142083,142164,1312,3936,2266640,6799920,16.0,48.0,16,16
adaptive,0,142165,142245,1296,3888,2267936,6803808,16.0,48.0,16,16
adaptive,0,142246,142314,1104,3312,2269040,6807120,16.0,48.0,16,16
adaptive,0,142315,142394,1280,3840,2270320,6810960,16.0,48.0,16,16
adaptive,0,142395,142465,1136,3408,2271456,6814368,16.0,48.0,16,16
adaptive,0,142466,142509,704,2112,2272160,6816480,16.0,48.0,16,16
adaptive,0,142510,142585,1216,3648,2273376,6820128,16.0,48.0,16,16
adaptive,0,142586,142665,1280,3840,2274656,6823968,16.0,48.0,16,16
adaptive,0,142666,142740,1200,3600,2275856,6827568,16.0,48.0,16,16
adaptive,0,142741,142817,1232,3696,2277088,6831264,16.0,48.0,16,16
adaptive,0,142818,142892,1200,3600,2278288,6834864,16.0,48.0,16,16
adaptive,0,142893,142906,224,672,2278512,6835536,16.0,48.0,16,16
adaptive,0,142907,142989,1328,3984,2279840,6839520,16.0,48.0,16,16
adaptive,0,142990,143070,1296,3888,2281136,6843408,16.0,48.0,16,16
adaptive,0,143071,143085,240,720,2281376,6844128,16.0,48.0,16,16
adaptive,0,143086,143154,1104,3312,2282480,6847440,16.0,48.0,16,16
adaptive,0,143155,143227,1168,3504,2283648,6850944,16.0,48.0,16,16
adaptive,0,143228,143302,1200,3600,2284848,6854544,16.0,48.0,16,16
adaptive,0,143303,143379,1232,3696,2286080,6858240,16.0,48.0,16,16
adaptive,0,143380,143450,1136,3408,2287216,6861648,16.0,48.0,16,16
adaptive,0,143451,143522,1152,3456,2288368,6865104,16.0,48.0,16,16
adaptive,0,143523,143596,1184,3552,2289552,6868656,16.0,48.0,16,16
adaptive,0,143597,143664,1088,3264,2290640,6871920,16.0,48.0,16,16
adaptive,0,143665,143741,1232,3696,2291872,6875616,16.0,48.0,16,16
adaptive,0,143742,143819,1248,3744,2293120,6879360,16.0,48.0,16,16
adaptive,0,143820,143901,1312,3936,2294432,6883296,16.0,48.0,16,16
adaptive,0,143902,143977,1216,3648,2295648,6886944,16.0,48.0,16,16
adaptive,0,143978,144059,1312,3936,2296960,6890880,16.0,48.0,16,16
adaptive,0,144060,144134,1200,3600,2298160,6894480,16.0,48.0,16,16
adaptive,0,144135,144211,1232,3696,2299392,6898176,16.0,48.0,16,16
adaptive,0,144212,144220,144,432,2299536,6898608,16.0,48.0,16,16
adaptive,0,144221,144230,160,480,2299696,6899088,16.0,48.0,16,16
adaptive,0,144231,144272,672,2016,2300368,6901104,16.0,48.0,16,16
adaptive,0,144273,144350,1248,3744,2301616,6904848,16.0,48.0,16,16
adaptive,0,144351,144422,1152,3456,2302768,6908304,16.0,48.0,16,16
adaptive,0,144423,144499,1232,3696,2304000,6912000,16.0,48.0,16,16
adaptive,0,144500,144576,1232,3696,2305232,6915696,16.0,48.0,16,16
adaptive,0,144577,144652,1216,3648,2306448,6919344,16.0,48.0,16,16
adaptive,0,144653,144719,1072,3216,2307520,6922560,16.0,48.0,16,16
adaptive,0,144720,144791,1152,3456,2308672,6926016,16.0,48.0,16,16
adaptive,0,144792,144858,1072,3216,2309744,6929232,16.0,48.0,16,16
adaptive,0,144859,144941,1328,3984,2311072,6933216,16.0,48.0,16,16
adaptive,0,144942,145014,1168,3504,2312240,6936720,16.0,48.0,16,16
adaptive,0,145015,145093,1264,3792,2313504,6940512,16.0,48.0,16,16
adaptive,0,145094,145176,1328,3984,2314832,6944496,16.0,48.0,16,16
adaptive,0,145177,145244,1088,3264,2315920,6947760,16.0,48.0,16,16
adaptive,0,145245,145318,1184,3552,2317104,6951312,16.0,48.0,16,16
adaptive,0,145319,145388,1120,3360,2318224,6954672,16.0,48.0,16,16
adaptive,0,145389,145468,1280,3840,2319504,6958512,16.0,48.0,16,16
adaptive,0,145469,145542,1184,3552,2320688,6962064,16.0,48.0,16,16
adaptive,0,145543,145620,1248,3744,2321936,6965808,16.0,48.0,16,16
adaptive,0,145621,145698,1248,3744,2323184,6969552,16.0,48.0,16,16
adaptive,0,145699,145768,1120,3360,2324304,6972912,16.0,48.0,16,16
adaptive,0,145769,145835,1072,3216,2325376,6976128,16.0,48.0,16,16
adaptive,0,145836,145903,1088,3264,2326464,6979392,16.0,48.0,16,16
adaptive,0,145904,145980,1232,3696,2327696,6983088,16.0,48.0,16,16
adaptive,0,145981,146055,1200,3600,2328896,6986688,16.0,48.0,16,16
adaptive,0,146056,146121,1056,3168,2329952,6989856,16.0,48.0,16,16
adaptive,0,146122,146189,1088,3264,2331040,6993120,16.0,48.0,16,16
adaptive,0,146190,146267,1248,3744,2332288,6996864,16.0,48.0,16,16
adaptive,0,146268,146338,1136,3408,2333424,7000272,16.0,48.0,16,16
adaptive,0,146339,146404,1056,3168,2334480,7003440,16.0,48.0,16,16
adaptive,0,146405,146475,1136,3408,2335616,7006848,16.0,48.0,16,16
adaptive,0,146476,146543,1088,3264,2336704,7010112,16.0,48.0,16,16
adaptive,0,146544,146611,1088,3264,2337792,7013376,16.0,48.0,16,16
adaptive,0,146612,146634,368,1104,2338160,7014480,16.0,48.0,16,16
adaptive,0,146635,146711,1232,3696,2339392,7018176,16.0,48.0,16,16
adaptive,0,146712,146780,1104,3312,2340496,7021488,16.0,48.0,16,16
adaptive,0,146781,146853,1168,3504,2341664,7024992,16.0,48.0,16,16
adaptive,0,146854,146921,1088,3264,2342752,7028256,16.0,48.0,16,16
adaptive,0,146922,146994,1168,3504,2343920,7031760,16.0,48.0,16,16
adaptive,0,146995,147062,1088,3264,2345008,7035024,16.0,48.0,16,16
adaptive,0,147063,147134,1152,3456,2346160,7038480,16.0,48.0,16,16
adaptive,0,147135,147202,1088,3264,2347248,7041744,16.0,48.0,16,16
adaptive,0,147203,147272,1120,3360,2348368,7045104,16.0,48.0,16,16
adaptive,0,147273,147346,1184,3552,2349552,7048656,16.0,48.0,16,16
adaptive,0,147347,147424,1248,3744,2350800,7052400,16.0,48.0,16,16
adaptive,0,147425,147498,1184,3552,2351984,7055952,16.0,48.0,16,16
adaptive,0,147499,147567,1104,3312,2353088,7059264,16.0,48.0,16,16
adaptive,0,147568,147638,1136,3408,2354224,7062672,16.0,48.0,16,16
adaptive,0,147639,147716,1248,3744,2355472,7066416,16.0,48.0,16,16
adaptive,0,147717,147783,1072,3216,2356544,7069632,16.0,48.0,16,16
adaptive,0,147784,147855,1152,3456,2357696,7073088,16.0,48.0,16,16
adaptive,0,147856,147930,1200,3600,2358896,7076688,16.0,48.0,16,16
adaptive,0,147931,148002,1152,3456,2360048,7080144,16.0,48.0,16,16
adaptive,0,148003,148070,1088,3264,2361136,7083408,16.0,48.0,16,16
adaptive,0,148071,148138,1088,3264,2362224,7086672,16.0,48.0,16,16
adaptive,0,148139,148206,1088,3264,2363312,7089936,16.0,48.0,16,16
adaptive,0,148207,148284,1248,3744,2364560,7093680,16.0,48.0,16,16
adaptive,0,148285,148353,1104,3312,2365664,7096992,16.0,48.0,16,16
adaptive,0,148354,148430,1232,3696,2366896,7100688,16.0,48.0,16,16
adaptive,0,148431,148501,1136,3408,2368032,7104096,16.0,48.0,16,16
adaptive,0,148502,148574,1168,3504,2369200,7107600,16.0,48.0,16,16
adaptive,0,148575,148706,2112,6336,2371312,7113936,16.0,48.0,16,16
adaptive,0,148707,148778,1152,3456,2372464,7117392,16.0,48.0,16,16
adaptive,0,148779,148847,1104,3312,2373568,7120704,16.0,48.0,16,16
adaptive,0,148848,148913,1056,3168,2374624,7123872,16.0,48.0,16,16
adaptive,0,148914,148941,448,1344,2375072,7125216,16.0,48.0,16,16
adaptive,0,148942,149011,1120,3360,2376192,7128576,16.0,48.0,16,16
adaptive,0,149012,149079,1088,3264,2377280,7131840,16.0,48.0,16,16
adaptive,0,149080,149204,2000,6000,2379280,7137840,16.0,48.0,16,16
adaptive,0,149205,149273,1104,3312,2380384,7141152,16.0,48.0,16,16
adaptive,0,149274,149347,1184,3552,2381568,7144704,16.0,48.0,16,16
adaptive,0,149348,149420,1168,3504,2382736,7148208,16.0,48.0,16,16
adaptive,0,149421,149489,1104,3312,2383840,7151520,16.0,48.0,16,16
adaptive,0,149490,149590,1616,4848,2385456,7156368,16.0,48.0,16,16
adaptive,0,149591,149664,1184,3552,2386640,7159920,16.0,48.0,16,16
adaptive,0,149665,149736,1152,3456,2387792,7163376,16.0,48.0,16,16
adaptive,0,149737,149806,1120,3360,2388912,7166736,16.0,48.0,16,16
adaptive,0,149807,149874,1088,3264,2390000,7170000,16.0,48.0,16,16
adaptive,0,149875,149943,1104,3312,2391104,7173312,16.0,48.0,16,16
adaptive,0,149944,150018,1164,3636,2392268,7176948,15.52,48.48,14,16
adaptive,0,150019,150088,980,3500,2393248,7180448,14.0,50.0,14,14
adaptive,0,150089,150158,980,3500,2394228,7183948,14.0,50.0,14,14
adaptive,0,150159,150230,1008,3600,2395236,7187548,14.0,50.0,14,14
adaptive,0,150231,150302,1008,3600,2396244,7191148,14.0,50.0,14,14
adaptive,0,150303,150380,1092,3900,2397336,7195048,14.0,50.0,14,14
adaptive,0,150381,150454,1036,3700,2398372,7198748,14.0,50.0,14,14
adaptive,0,150455,150520,924,3300,2399296,7202048,14.0,50.0,14,14
adaptive,0,150521,150781,3654,13050,2402950,7215098,14.0,50.0,14,14
adaptive,0,150782,150850,966,3450,2403916,7218548,14.0,50.0,14,14
adaptive,0,150851,150929,1106,3950,2405022,7222498,14.0,50.0,14,14
adaptive,0,150930,150997,952,3400,2405974,7225898,14.0,50.0,14,14
adaptive,0,150998,151065,952,3400,2406926,7229298,14.0,50.0,14,14
adaptive,0,151066,151138,1022,3650,2407948,7232948,14.0,50.0,14,14
adaptive,0,151139,151208,980,3500,2408928,7236448,14.0,50.0,14,14
adaptive,0,151209,151277,966,3450,2409894,7239898,14.0,50.0,14,14
adaptive,0,151278,151351,1036,3700,2410930,7243598,14.0,50.0,14,14
adaptive,0,151352,151396,630,2250,2411560,7245848,14.0,50.0,14,14
adaptive,0,151397,151465,966,3450,2412526,7249298,14.0,50.0,14,14
adaptive,0,151466,151535,980,3500,2413506,7252798,14.0,50.0,14,14
adaptive,0,151536,151607,1008,3600,2414514,7256398,14.0,50.0,14,14
adaptive,0,151608,151678,994,3550,2415508,7259948,14.0,50.0,14,14
adaptive,0,151679,151749,994,3550,2416502,7263498,14.0,50.0,14,14
adaptive,0,151750,151816,938,3350,2417440,7266848,14.0,50.0,14,14
adaptive,0,151817,151884,952,3400,2418392,7270248,14.0,50.0,14,14
adaptive,0,151885,151953,966,3450,2419358,7273698,14.0,50.0,14,14
adaptive,0,151954,152025,1008,3600,2420366,7277298,14.0,50.0,14,14
adaptive,0,152026,152095,980,3500,2421346,7280798,14.0,50.0,14,14
adaptive,0,152096,152167,1008,3600,2422354,7284398,14.0,50.0,14,14
adaptive,0,152168,152235,952,3400,2423306,7287798,14.0,50.0,14,14
adaptive,0,152236,152309,1036,3700,2424342,7291498,14.0,50.0,14,14
adaptive,0,152310,152376,938,3350,2425280,7294848,14.0,50.0,14,14
adaptive,0,152377,152448,1008,3600,2426288,7298448,14.0,50.0,14,14
adaptive,0,152449,152521,1022,3650,2427310,7302098,14.0,50.0,14,14
adaptive,0,152522,152600,1106,3950,2428416,7306048,14.0,50.0,14,14
adaptive,0,152601,152669,966,3450,2429382,7309498,14.0,50.0,14,14
adaptive,0,152670,152737,952,3400,2430334,7312898,14.0,50.0,14,14
adaptive,0,152738,152805,952,3400,2431286,7316298,14.0,50.0,14,14
adaptive,0,152806,152877,1008,3600,2432294,7319898,14.0,50.0,14,14
adaptive,0,152878,152950,1022,3650,2433316,7323548,14.0,50.0,14,14
adaptive,0,152951,153026,1064,3800,2434380,7327348,14.0,50.0,14,14
adaptive,0,153027,153097,994,3550,2435374,7330898,14.0,50.0,14,14
adaptive,0,153098,153163,924,3300,2436298,7334198,14.0,50.0,14,14
adaptive,0,153164,153231,952,3400,2437250,7337598,14.0,50.0,14,14
adaptive,0,153232,153299,952,3400,2438202,7340998,14.0,50.0,14,14
adaptive,0,153300,153379,1120,4000,2439322,7344998,14.0,50.0,14,14
adaptive,0,153380,153447,952,3400,2440274,7348398,14.0,50.0,14,14
adaptive,0,153448,153513,924,3300,2441198,7351698,14.0,50.0,14,14
adaptive,0,153514,153579,924,3300,2442122,7354998,14.0,50.0,14,14
adaptive,0,153580,153651,1008,3600,2443130,7358598,14.0,50.0,14,14
adaptive,0,153652,153718,938,3350,2444068,7361948,14.0,50.0,14,14
adaptive,0,153719,153784,924,3300,2444992,7365248,14.0,50.0,14,14
adaptive,0,153785,153854,980,3500,2445972,7368748,14.0,50.0,14,14
adaptive,0,153855,153920,924,3300,2446896,7372048,14.0,50.0,14,14
adaptive,0,153921,153987,938,3350,2447834,7375398,14.0,50.0,14,14
adaptive,0,153988,154055,952,3400,2448786,7378798,14.0,50.0,14,14
adaptive,0,154056,154121,924,3300,2449710,7382098,14.0,50.0,14,14
adaptive,0,154122,154198,1078,3850,2450788,7385948,14.0,50.0,14,14
adaptive,0,154199,154273,1050,3750,2451838,7389698,14.0,50.0,14,14
adaptive,0,154274,154339,924,3300,2452762,7392998,14.0,50.0,14,14
adaptive,0,154340,154411,1008,3600,2453770,7396598,14.0,50.0,14,14
adaptive,0,154412,154481,980,3500,2454750,7400098,14.0,50.0,14,14
adaptive,0,154482,154549,952,3400,2455702,7403498,14.0,50.0,14,14
adaptive,0,154550,154556,98,350,2455800,7403848,14.0,50.0,14,14
adaptive,0,154557,154628,1008,3600,2456808,7407448,14.0,50.0,14,14
adaptive,0,154629,154702,1036,3700,2457844,7411148,14.0,50.0,14,14
adaptive,0,154703,154773,994,3550,2458838,7414698,14.0,50.0,14,14
adaptive,0,154774,154847,1036,3700,2459874,7418398,14.0,50.0,14,14
adaptive,0,154848,154923,1064,3800,2460938,7422198,14.0,50.0,14,14
adaptive,0,154924,154993,980,3500,2461918,7425698,14.0,50.0,14,14
adaptive,0,154994,155067,1036,3700,2462954,7429398,14.0,50.0,14,14
adaptive,0,155068,155074,98,350,2463052,7429748,14.0,50.0,14,14
adaptive,0,155075,155150,1064,3800,2464116,7433548,14.0,50.0,14,14
adaptive,0,155151,155225,1050,3750,2465166,7437298,14.0,50.0,14,14
adaptive,0,155226,155292,938,3350,2466104,7440648,14.0,50.0,14,14
adaptive,0,155293,155359,938,3350,2467042,7443998,14.0,50.0,14,14
adaptive,0,155360,155428,966,3450,2468008,7447448,14.0,50.0,14,14
adaptive,0,155429,155498,980,3500,2468988,7450948,14.0,50.0,14,14
adaptive,0,155499,155575,1078,3850,2470066,7454798,14.0,50.0,14,14
adaptive,0,155576,155645,980,3500,2471046,7458298,14.0,50.0,14,14
adaptive,0,155646,155716,994,3550,2472040,7461848,14.0,50.0,14,14
adaptive,0,155717,155782,924,3300,2472964,7465148,14.0,50.0,14,14
adaptive,0,155783,155927,2030,7250,2474994,7472398,14.0,50.0,14,14
adaptive,0,155928,155999,1008,3600,2476002,7475998,14.0,50.0,14,14
adaptive,0,156000,156068,966,3450,2476968,7479448,14.0,50.0,14,14
adaptive,0,156069,156144,1064,3800,2478032,7483248,14.0,50.0,14,14
adaptive,0,156145,156218,1036,3700,2479068,7486948,14.0,50.0,14,14
adaptive,0,156219,156291,1022,3650,2480090,7490598,14.0,50.0,14,14
adaptive,0,156292,156360,966,3450,2481056,7494048,14.0,50.0,14,14
adaptive,0,156361,156435,1050,3750,2482106,7497798,14.0,50.0,14,14
adaptive,0,156436,156502,938,3350,2483044,7501148,14.0,50.0,14,14
adaptive,0,156503,156580,1092,3900,2484136,7505048,14.0,50.0,14,14
adaptive,0,156581,156651,994,3550,2485130,7508598,14.0,50.0,14,14
adaptive,0,156652,156729,1092,3900,2486222,7512498,14.0,50.0,14,14
adaptive,0,156730,156811,1148,4100,2487370,7516598,14.0,50.0,14,14
adaptive,0,156812,156877,924,3300,2488294,7519898,14.0,50.0,14,14
adaptive,0,156878,156956,1106,3950,2489400,7523848,14.0,50.0,14,14
adaptive,0,156957,157028,1008,3600,2490408,7527448,14.0,50.0,14,14
adaptive,0,157029,157097,966,3450,2491374,7530898,14.0,50.0,14,14
adaptive,0,157098,157167,980,3500,2492354,7534398,14.0,50.0,14,14
adaptive,0,157168,157236,966,3450,2493320,7537848,14.0,50.0,14,14
adaptive,0,157237,157309,1022,3650,2494342,7541498,14.0,50.0,14,14
adaptive,0,157310,157376,938,3350,2495280,7544848,14.0,50.0,14,14
adaptive,0,157377,157446,980,3500,2496260,7548348,14.0,50.0,14,14
adaptive,0,157447,157477,434,1550,2496694,7549898,14.0,50.0,14,14
adaptive,0,157478,157549,1008,3600,2497702,7553498,14.0,50.0,14,14
adaptive,0,157550,157627,1092,3900,2498794,7557398,14.0,50.0,14,14
adaptive,0,157628,157704,1078,3850,2499872,7561248,14.0,50.0,14,14
adaptive,0,157705,157776,1008,3600,2500880,7564848,14.0,50.0,14,14
adaptive,0,157777,157846,980,3500,2501860,7568348,14.0,50.0,14,14
adaptive,0,157847,157918,1008,3600,2502868,7571948,14.0,50.0,14,14
adaptive,0,157919,157987,966,3450,2503834,7575398,14.0,50.0,14,14
adaptive,0,157988,158055,952,3400,2504786,7578798,14.0,50.0,14,14
adaptive,0,158056,158128,1022,3650,2505808,7582448,14.0,50.0,14,14
adaptive,0,158129,158198,980,3500,2506788,7585948,14.0,50.0,14,14
adaptive,0,158199,158268,980,3500,2507768,7589448,14.0,50.0,14,14
adaptive,0,158269,158339,994,3550,2508762,7592998,14.0,50.0,14,14
adaptive,0,158340,158406,938,3350,2509700,7596348,14.0,50.0,14,14
adaptive,0,158407,158479,1022,3650,2510722,7599998,14.0,50.0,14,14
adaptive,0,158480,158547,952,3400,2511674,7603398,14.0,50.0,14,14
adaptive,0,158548,158620,1022,3650,2512696,7607048,14.0,50.0,14,14
adaptive,0,158621,158694,1036,3700,2513732,7610748,14.0,50.0,14,14
adaptive,0,158695,158760,924,3300,2514656,7614048,14.0,50.0,14,14
adaptive,0,158761,158832,1008,3600,2515664,7617648,14.0,50.0,14,14
adaptive,0,158833,158900,952,3400,2516616,7621048,14.0,50.0,14,14
adaptive,0,158901,158966,924,3300,2517540,7624348,14.0,50.0,14,14
adaptive,0,158967,159032,924,3300,2518464,7627648,14.0,50.0,14,14
adaptive,0,159033,159100,952,3400,2519416,7631048,14.0,50.0,14,14
adaptive,0,159101,159173,1022,3650,2520438,7634698,14.0,50.0,14,14
adaptive,0,159174,159247,1036,3700,2521474,7638398,14.0,50.0,14,14
adaptive,0,159248,159318,994,3550,2522468,7641948,14.0,50.0,14,14
adaptive,0,159319,159388,980,3500,2523448,7645448,14.0,50.0,14,14
adaptive,0,159389,159460,1008,3600,2524456,7649048,14.0,50.0,14,14
adaptive,0,159461,159529,966,3450,2525422,7652498,14.0,50.0,14,14
adaptive,0,159530,159606,1078,3850,2526500,7656348,14.0,50.0,14,14
adaptive,0,159607,159680,1036,3700,2527536,7660048,14.0,50.0,14,14
adaptive,0,159681,159754,1036,3700,2528572,7663748,14.0,50.0,14,14
adaptive,0,159755,159832,1092,3900,2529664,7667648,14.0,50.0,14,14
adaptive,0,159833,159908,1064,3800,2530728,7671448,14.0,50.0,14,14
adaptive,0,159909,159976,952,3400,2531680,7674848,14.0,50.0,14,14
adaptive,0,159977,160055,886,4170,2532566,7679018,11.215189873417721,52.78481012658228,10,14
adaptive,0,160056,160122,670,3618,2533236,7682636,10.0,54.0,10,10
adaptive,0,160123,160196,740,3996,2533976,7686632,10.0,54.0,10,10
adaptive,0,160197,160264,680,3672,2534656,7690304,10.0,54.0,10,10
adaptive,0,160265,160335,710,3834,2535366,7694138,10.0,54.0,10,10
adaptive,0,160336,160405,700,3780,2536066,7697918,10.0,54.0,10,10
adaptive,0,160406,160475,700,3780,2536766,7701698,10.0,54.0,10,10
adaptive,0,160476,160545,700,3780,2537466,7705478,10.0,54.0,10,10
adaptive,0,160546,160612,670,3618,2538136,7709096,10.0,54.0,10,10
adaptive,0,160613,160682,700,3780,2538836,7712876,10.0,54.0,10,10
adaptive,0,160683,160757,750,4050,2539586,7716926,10.0,54.0,10,10
adaptive,0,160758,160880,1230,6642,2540816,7723568,10.0,54.0,10,10
adaptive,0,160881,160949,690,3726,2541506,7727294,10.0,54.0,10,10
adaptive,0,160950,161028,790,4266,2542296,7731560,10.0,54.0,10,10
adaptive,0,161029,161099,710,3834,2543006,7735394,10.0,54.0,10,10
adaptive,0,161100,161157,580,3132,2543586,7738526,10.0,54.0,10,10
adaptive,0,161158,161227,700,3780,2544286,7742306,10.0,54.0,10,10
adaptive,0,161228,161297,700,3780,2544986,7746086,10.0,54.0,10,10
adaptive,0,161298,161406,1090,5886,2546076,7751972,10.0,54.0,10,10
adaptive,0,161407,161475,690,3726,2546766,7755698,10.0,54.0,10,10
adaptive,0,161476,161545,700,3780,2547466,7759478,10.0,54.0,10,10
adaptive,0,161546,161615,700,3780,2548166,7763258,10.0,54.0,10,10
adaptive,0,161616,161690,750,4050,2548916,7767308,10.0,54.0,10,10
adaptive,0,161691,161760,700,3780,2549616,7771088,10.0,54.0,10,10
adaptive,0,161761,161830,700,3780,2550316,7774868,10.0,54.0,10,10
adaptive,0,161831,161900,700,3780,2551016,7778648,10.0,54.0,10,10
adaptive,0,161901,161968,680,3672,2551696,7782320,10.0,54.0,10,10
adaptive,0,161969,162034,660,3564,2552356,7785884,10.0,54.0,10,10
adaptive,0,162035,162109,750,4050,2553106,7789934,10.0,54.0,10,10
adaptive,0,162110,162176,670,3618,2553776,7793552,10.0,54.0,10,10
adaptive,0,162177,162309,1330,7182,2555106,7800734,10.0,54.0,10,10
adaptive,0,162310,162376,670,3618,2555776,7804352,10.0,54.0,10,10
adaptive,0,162377,162401,250,1350,2556026,7805702,10.0,54.0,10,10
adaptive,0,162402,162471,700,3780,2556726,7809482,10.0,54.0,10,10
adaptive,0,162472,162544,730,3942,2557456,7813424,10.0,54.0,10,10
adaptive,0,162545,162610,660,3564,2558116,7816988,10.0,54.0,10,10
adaptive,0,162611,162688,780,4212,2558896,7821200,10.0,54.0,10,10
adaptive,0,162689,162760,720,3888,2559616,7825088,10.0,54.0,10,10
adaptive,0,162761,162828,680,3672,2560296,7828760,10.0,54.0,10,10
adaptive,0,162829,162896,680,3672,2560976,7832432,10.0,54.0,10,10
adaptive,0,162897,162906,100,540,2561076,7832972,10.0,54.0,10,10
adaptive,0,162907,162975,690,3726,2561766,7836698,10.0,54.0,10,10
adaptive,0,162976,163045,700,3780,2562466,7840478,10.0,54.0,10,10
adaptive,0,163046,163121,760,4104,2563226,7844582,10.0,54.0,10,10
adaptive,0,163122,163189,680,3672,2563906,7848254,10.0,54.0,10,10
adaptive,0,163190,163265,760,4104,2564666,7852358,10.0,54.0,10,10
adaptive,0,163266,163331,660,3564,2565326,7855922,10.0,54.0,10,10
adaptive,0,163332,163403,720,3888,2566046,7859810,10.0,54.0,10,10
adaptive,0,163404,163473,700,3780,2566746,7863590,10.0,54.0,10,10
adaptive,0,163474,163544,710,3834,2567456,7867424,10.0,54.0,10,10
adaptive,0,163545,163613,690,3726,2568146,7871150,10.0,54.0,10,10
adaptive,0,163614,163686,730,3942,2568876,7875092,10.0,54.0,10,10
adaptive,0,163687,163752,660,3564,2569536,7878656,10.0,54.0,10,10
adaptive,0,163753,163822,700,3780,2570236,7882436,10.0,54.0,10,10
adaptive,0,163823,163896,740,3996,2570976,7886432,10.0,54.0,10,10
adaptive,0,163897,163964,680,3672,2571656,7890104,10.0,54.0,10,10
adaptive,0,163965,164031,670,3618,2572326,7893722,10.0,54.0,10,10
adaptive,0,164032,164097,660,3564,2572986,7897286,10.0,54.0,10,10
adaptive,0,164098,164169,720,3888,2573706,7901174,10.0,54.0,10,10
adaptive,0,164170,164253,840,4536,2574546,7905710,10.0,54.0,10,10
adaptive,0,164254,164328,750,4050,2575296,7909760,10.0,54.0,10,10
adaptive,0,164329,164398,700,3780,2575996,7913540,10.0,54.0,10,10
adaptive,0,164399,164470,720,3888,2576716,7917428,10.0,54.0,10,10
adaptive,0,164471,164539,690,3726,2577406,7921154,10.0,54.0,10,10
adaptive,0,164540,164609,700,3780,2578106,7924934,10.0,54.0,10,10
adaptive,0,164610,164685,760,4104,2578866,7929038,10.0,54.0,10,10
adaptive,0,164686,164756,710,3834,2579576,7932872,10.0,54.0,10,10
adaptive,0,164757,164828,720,3888,2580296,7936760,10.0,54.0,10,10
adaptive,0,164829,164898,700,3780,2580996,7940540,10.0,54.0,10,10
adaptive,0,164899,164969,710,3834,2581706,7944374,10.0,54.0,10,10
adaptive,0,164970,165038,690,3726,2582396,7948100,10.0,54.0,10,10
adaptive,0,165039,165106,680,3672,2583076,7951772,10.0,54.0,10,10
adaptive,0,165107,165179,730,3942,2583806,7955714,10.0,54.0,10,10
adaptive,0,165180,165248,690,3726,2584496,7959440,10.0,54.0,10,10
adaptive,0,165249,165315,670,3618,2585166,7963058,10.0,54.0,10,10
adaptive,0,165316,165381,660,3564,2585826,7966622,10.0,54.0,10,10
adaptive,0,165382,165447,660,3564,2586486,7970186,10.0,54.0,10,10
adaptive,0,165448,165518,710,3834,2587196,7974020,10.0,54.0,10,10
adaptive,0,165519,165584,660,3564,2587856,7977584,10.0,54.0,10,10
adaptive,0,165585,165654,700,3780,2588556,7981364,10.0,54.0,10,10
adaptive,0,165655,165720,660,3564,2589216,7984928,10.0,54.0,10,10
adaptive,0,165721,165790,700,3780,2589916,7988708,10.0,54.0,10,10
adaptive,0,165791,165873,830,4482,2590746,7993190,10.0,54.0,10,10
adaptive,0,165874,165950,770,4158,2591516,7997348,10.0,54.0,10,10
adaptive,0,165951,166019,690,3726,2592206,8001074,10.0,54.0,10,10
adaptive,0,166020,166092,730,3942,2592936,8005016,10.0,54.0,10,10
adaptive,0,166093,166161,690,3726,2593626,8008742,10.0,54.0,10,10
adaptive,0,166162,166231,700,3780,2594326,8012522,10.0,54.0,10,10
adaptive,0,166232,166304,730,3942,2595056,8016464,10.0,54.0,10,10
adaptive,0,166305,166378,740,3996,2595796,8020460,10.0,54.0,10,10
adaptive,0,166379,166454,760,4104,2596556,8024564,10.0,54.0,10,10
adaptive,0,166455,166524,700,3780,2597256,8028344,10.0,54.0,10,10
adaptive,0,166525,166596,720,3888,2597976,8032232,10.0,54.0,10,10
adaptive,0,166597,166665,690,3726,2598666,8035958,10.0,54.0,10,10
adaptive,0,166666,166734,690,3726,2599356,8039684,10.0,54.0,10,10
adaptive,0,166735,166801,670,3618,2600026,8043302,10.0,54.0,10,10
adaptive,0,166802,166871,700,3780,2600726,8047082,10.0,54.0,10,10
adaptive,0,166872,166943,720,3888,2601446,8050970,10.0,54.0,10,10
adaptive,0,166944,167012,690,3726,2602136,8054696,10.0,54.0,10,10
adaptive,0,167013,167079,670,3618,2602806,8058314,10.0,54.0,10,10
adaptive,0,167080,167150,710,3834,2603516,8062148,10.0,54.0,10,10
adaptive,0,167151,167223,730,3942,2604246,8066090,10.0,54.0,10,10
adaptive,0,167224,167289,660,3564,2604906,8069654,10.0,54.0,10,10
adaptive,0,167290,167366,770,4158,2605676,8073812,10.0,54.0,10,10
adaptive,0,167367,167435,690,3726,2606366,8077538,10.0,54.0,10,10
adaptive,0,167436,167508,730,3942,2607096,8081480,10.0,54.0,10,10
adaptive,0,167509,167580,720,3888,2607816,8085368,10.0,54.0,10,10
adaptive,0,167581,167655,750,4050,2608566,8089418,10.0,54.0,10,10
adaptive,0,167656,167730,750,4050,2609316,8093468,10.0,54.0,10,10
adaptive,0,167731,167803,730,3942,2610046,8097410,10.0,54.0,10,10
adaptive,0,167804,167873,700,3780,2610746,8101190,10.0,54.0,10,10
adaptive,0,167874,167943,700,3780,2611446,8104970,10.0,54.0,10,10
adaptive,0,167944,168009,660,3564,2612106,8108534,10.0,54.0,10,10
adaptive,0,168010,168079,700,3780,2612806,8112314,10.0,54.0,10,10
adaptive,0,168080,168149,700,3780,2613506,8116094,10.0,54.0,10,10
adaptive,0,168150,168217,680,3672,2614186,8119766,10.0,54.0,10,10
adaptive,0,168218,168287,700,3780,2614886,8123546,10.0,54.0,10,10
adaptive,0,168288,168357,700,3780,2615586,8127326,10.0,54.0,10,10
adaptive,0,168358,168426,690,3726,2616276,8131052,10.0,54.0,10,10
adaptive,0,168427,168493,670,3618,2616946,8134670,10.0,54.0,10,10
adaptive,0,168494,168562,690,3726,2617636,8138396,10.0,54.0,10,10
adaptive,0,168563,168632,700,3780,2618336,8142176,10.0,54.0,10,10
adaptive,0,168633,168704,720,3888,2619056,8146064,10.0,54.0,10,10
adaptive,0,168705,168769,650,3510,2619706,8149574,10.0,54.0,10,10
adaptive,0,168770,168842,730,3942,2620436,8153516,10.0,54.0,10,10
adaptive,0,168843,168911,690,3726,2621126,8157242,10.0,54.0,10,10
adaptive,0,168912,168977,660,3564,2621786,8160806,10.0,54.0,10,10
adaptive,0,168978,169046,690,3726,2622476,8164532,10.0,54.0,10,10
adaptive,0,169047,169113,670,3618,2623146,8168150,10.0,54.0,10,10
adaptive,0,169114,169187,740,3996,2623886,8172146,10.0,54.0,10,10
adaptive,0,169188,169257,700,3780,2624586,8175926,10.0,54.0,10,10
adaptive,0,169258,169268,110,594,2624696,8176520,10.0,54.0,10,10
adaptive,0,169269,169340,720,3888,2625416,8180408,10.0,54.0,10,10
adaptive,0,169341,169423,830,4482,2626246,8184890,10.0,54.0,10,10
adaptive,0,169424,169502,790,4266,2627036,8189156,10.0,54.0,10,10
adaptive,0,169503,169570,680,3672,2627716,8192828,10.0,54.0,10,10
adaptive,0,169571,169638,680,3672,2628396,8196500,10.0,54.0,10,10
adaptive,0,169639,169710,720,3888,2629116,8200388,10.0,54.0,10,10
adaptive,0,169711,169759,490,2646,2629606,8203034,10.0,54.0,10,10
adaptive,0,169760,169832,730,3942,2630336,8206976,10.0,54.0,10,10
adaptive,0,169833,169903,710,3834,2631046,8210810,10.0,54.0,10,10
adaptive,0,169904,169972,690,3726,2631736,8214536,10.0,54.0,10,10
adaptive,0,169973,170043,581,3963,2632317,8218499,8.183098591549296,55.816901408450704,7,10
adaptive,0,170044,170111,476,3876,2632793,8222375,7.0,57.0,7,7
adaptive,0,170112,170179,476,3876,2633269,8226251,7.0,57.0,7,7
adaptive,0,170180,170248,483,3933,2633752,8230184,7.0,57.0,7,7
adaptive,0,170249,170320,504,4104,2634256,8234288,7.0,57.0,7,7
adaptive,0,170321,170391,497,4047,2634753,8238335,7.0,57.0,7,7
adaptive,0,170392,170458,469,3819,2635222,8242154,7.0,57.0,7,7
adaptive,0,170459,170526,476,3876,2635698,8246030,7.0,57.0,7,7
adaptive,0,170527,170596,490,3990,2636188,8250020,7.0,57.0,7,7
adaptive,0,170597,170667,497,4047,2636685,8254067,7.0,57.0,7,7
adaptive,0,170668,170736,483,3933,2637168,8258000,7.0,57.0,7,7
adaptive,0,170737,170804,476,3876,2637644,8261876,7.0,57.0,7,7
adaptive,0,170805,170871,469,3819,2638113,8265695,7.0,57.0,7,7
adaptive,0,170872,170939,476,3876,2638589,8269571,7.0,57.0,7,7
adaptive,0,170940,171009,490,3990,2639079,8273561,7.0,57.0,7,7
adaptive,0,171010,171083,518,4218,2639597,8277779,7.0,57.0,7,7
adaptive,0,171084,171155,504,4104,2640101,8281883,7.0,57.0,7,7
adaptive,0,171156,171223,476,3876,2640577,8285759,7.0,57.0,7,7
adaptive,0,171224,171291,476,3876,2641053,8289635,7.0,57.0,7,7
adaptive,0,171292,171359,476,3876,2641529,8293511,7.0,57.0,7,7
adaptive,0,171360,171431,504,4104,2642033,8297615,7.0,57.0,7,7
adaptive,0,171432,171504,511,4161,2642544,8301776,7.0,57.0,7,7
adaptive,0,171505,171576,504,4104,2643048,8305880,7.0,57.0,7,7
adaptive,0,171577,171644,476,3876,2643524,8309756,7.0,57.0,7,7
adaptive,0,171645,171717,511,4161,2644035,8313917,7.0,57.0,7,7
adaptive,0,171718,171784,469,3819,2644504,8317736,7.0,57.0,7,7
adaptive,0,171785,171851,469,3819,2644973,8321555,7.0,57.0,7,7
adaptive,0,171852,171928,539,4389,2645512,8325944,7.0,57.0,7,7
adaptive,0,171929,171997,483,3933,2645995,8329877,7.0,57.0,7,7
adaptive,0,171998,172067,490,3990,2646485,8333867,7.0,57.0,7,7
adaptive,0,172068,172137,490,3990,2646975,8337857,7.0,57.0,7,7
adaptive,0,172138,172203,462,3762,2647437,8341619,7.0,57.0,7,7
adaptive,0,172204,172272,483,3933,2647920,8345552,7.0,57.0,7,7
adaptive,0,172273,172342,490,3990,2648410,8349542,7.0,57.0,7,7
adaptive,0,172343,172413,497,4047,2648907,8353589,7.0,57.0,7,7
adaptive,0,172414,172488,525,4275,2649432,8357864,7.0,57.0,7,7
adaptive,0,172489,172561,511,4161,2649943,8362025,7.0,57.0,7,7
adaptive,0,172562,172629,476,3876,2650419,8365901,7.0,57.0,7,7
adaptive,0,172630,172697,476,3876,2650895,8369777,7.0,57.0,7,7
adaptive,0,172698,172765,476,3876,2651371,8373653,7.0,57.0,7,7
adaptive,0,172766,172838,511,4161,2651882,8377814,7.0,57.0,7,7
adaptive,0,172839,172906,476,3876,2652358,8381690,7.0,57.0,7,7
adaptive,0,172907,172984,546,4446,2652904,8386136,7.0,57.0,7,7
adaptive,0,172985,173017,231,1881,2653135,8388017,7.0,57.0,7,7
adaptive,0,173018,173030,91,741,2653226,8388758,7.0,57.0,7,7
adaptive,0,173031,173098,476,3876,2653702,8392634,7.0,57.0,7,7
adaptive,0,173099,173166,476,3876,2654178,8396510,7.0,57.0,7,7
adaptive,0,173167,173234,476,3876,2654654,8400386,7.0,57.0,7,7
adaptive,0,173235,173304,490,3990,2655144,8404376,7.0,57.0,7,7
adaptive,0,173305,173376,504,4104,2655648,8408480,7.0,57.0,7,7
adaptive,0,173377,173449,511,4161,2656159,8412641,7.0,57.0,7,7
adaptive,0,173450,173520,497,4047,2656656,8416688,7.0,57.0,7,7
adaptive,0,173521,173589,483,3933,2657139,8420621,7.0,57.0,7,7
adaptive,0,173590,173639,350,2850,2657489,8423471,7.0,57.0,7,7
adaptive,0,173640,173707,476,3876,2657965,8427347,7.0,57.0,7,7
adaptive,0,173708,173782,525,4275,2658490,8431622,7.0,57.0,7,7
adaptive,0,173783,173856,518,4218,2659008,8435840,7.0,57.0,7,7
adaptive,0,173857,173923,469,3819,2659477,8439659,7.0,57.0,7,7
adaptive,0,173924,173995,504,4104,2659981,8443763,7.0,57.0,7,7
adaptive,0,173996,174067,504,4104,2660485,8447867,7.0,57.0,7,7
adaptive,0,174068,174143,532,4332,2661017,8452199,7.0,57.0,7,7
adaptive,0,174144,174218,525,4275,2661542,8456474,7.0,57.0,7,7
adaptive,0,174219,174291,511,4161,2662053,8460635,7.0,57.0,7,7
adaptive,0,174292,174370,553,4503,2662606,8465138,7.0,57.0,7,7
adaptive,0,174371,174440,490,3990,2663096,8469128,7.0,57.0,7,7
adaptive,0,174441,174515,525,4275,2663621,8473403,7.0,57.0,7,7
adaptive,0,174516,174590,525,4275,2664146,8477678,7.0,57.0,7,7
adaptive,0,174591,174657,469,3819,2664615,8481497,7.0,57.0,7,7
adaptive,0,174658,174728,497,4047,2665112,8485544,7.0,57.0,7,7
adaptive,0,174729,174802,518,4218,2665630,8489762,7.0,57.0,7,7
adaptive,0,174803,174869,469,3819,2666099,8493581,7.0,57.0,7,7
adaptive,0,174870,174929,420,3420,2666519,8497001,7.0,57.0,7,7
adaptive,0,174930,174997,476,3876,2666995,8500877,7.0,57.0,7,7
adaptive,0,174998,175067,490,3990,2667485,8504867,7.0,57.0,7,7
adaptive,0,175068,175145,546,4446,2668031,8509313,7.0,57.0,7,7
adaptive,0,175146,175220,525,4275,2668556,8513588,7.0,57.0,7,7
adaptive,0,175221,175289,483,3933,2669039,8517521,7.0,57.0,7,7
adaptive,0,175290,175356,469,3819,2669508,8521340,7.0,57.0,7,7
adaptive,0,175357,175422,462,3762,2669970,8525102,7.0,57.0,7,7
adaptive,0,175423,175492,490,3990,2670460,8529092,7.0,57.0,7,7
adaptive,0,175493,175564,504,4104,2670964,8533196,7.0,57.0,7,7
adaptive,0,175565,175631,469,3819,2671433,8537015,7.0,57.0,7,7
adaptive,0,175632,175698,469,3819,2671902,8540834,7.0,57.0,7,7
adaptive,0,175699,175766,476,3876,2672378,8544710,7.0,57.0,7,7
adaptive,0,175767,175838,504,4104,2672882,8548814,7.0,57.0,7,7
adaptive,0,175839,175907,483,3933,2673365,8552747,7.0,57.0,7,7
adaptive,0,175908,175975,476,3876,2673841,8556623,7.0,57.0,7,7
adaptive,0,175976,176047,504,4104,2674345,8560727,7.0,57.0,7,7
adaptive,0,176048,176113,462,3762,2674807,8564489,7.0,57.0,7,7
adaptive,0,176114,176184,497,4047,2675304,8568536,7.0,57.0,7,7
adaptive,0,176185,176256,504,4104,2675808,8572640,7.0,57.0,7,7
adaptive,0,176257,176322,462,3762,2676270,8576402,7.0,57.0,7,7
adaptive,0,176323,176398,532,4332,2676802,8580734,7.0,57.0,7,7
adaptive,0,176399,176471,511,4161,2677313,8584895,7.0,57.0,7,7
adaptive,0,176472,176531,420,3420,2677733,8588315,7.0,57.0,7,7
adaptive,0,176532,176600,483,3933,2678216,8592248,7.0,57.0,7,7
adaptive,0,176601,176669,483,3933,2678699,8596181,7.0,57.0,7,7
adaptive,0,176670,176737,476,3876,2679175,8600057,7.0,57.0,7,7
adaptive,0,176738,176811,518,4218,2679693,8604275,7.0,57.0,7,7
adaptive,0,176812,176882,497,4047,2680190,8608322,7.0,57.0,7,7
adaptive,0,176883,176957,525,4275,2680715,8612597,7.0,57.0,7,7
adaptive,0,176958,177025,476,3876,2681191,8616473,7.0,57.0,7,7
adaptive,0,177026,177097,504,4104,2681695,8620577,7.0,57.0,7,7
adaptive,0,177098,177166,483,3933,2682178,8624510,7.0,57.0,7,7
adaptive,0,177167,177232,462,3762,2682640,8628272,7.0,57.0,7,7
adaptive,0,177233,177301,483,3933,2683123,8632205,7.0,57.0,7,7
adaptive,0,177302,177368,469,3819,2683592,8636024,7.0,57.0,7,7
adaptive,0,177369,177440,504,4104,2684096,8640128,7.0,57.0,7,7
adaptive,0,177441,177512,504,4104,2684600,8644232,7.0,57.0,7,7
adaptive,0,177513,177592,560,4560,2685160,8648792,7.0,57.0,7,7
adaptive,0,177593,177665,511,4161,2685671,8652953,7.0,57.0,7,7
adaptive,0,177666,177736,497,4047,2686168,8657000,7.0,57.0,7,7
adaptive,0,177737,177810,518,4218,2686686,8661218,7.0,57.0,7,7
adaptive,0,177811,177880,490,3990,2687176,8665208,7.0,57.0,7,7
adaptive,0,177881,177950,490,3990,2687666,8669198,7.0,57.0,7,7
adaptive,0,177951,178023,511,4161,2688177,8673359,7.0,57.0,7,7
adaptive,0,178024,178091,476,3876,2688653,8677235,7.0,57.0,7,7
adaptive,0,178092,178159,476,3876,2689129,8681111,7.0,57.0,7,7
adaptive,0,178160,178228,483,3933,2689612,8685044,7.0,57.0,7,7
adaptive,0,178229,178301,511,4161,2690123,8689205,7.0,57.0,7,7
adaptive,0,178302,178375,518,4218,2690641,8693423,7.0,57.0,7,7
adaptive,0,178376,178449,518,4218,2691159,8697641,7.0,57.0,7,7
adaptive,0,178450,178518,483,3933,2691642,8701574,7.0,57.0,7,7
adaptive,0,178519,178588,490,3990,2692132,8705564,7.0,57.0,7,7
adaptive,0,178589,178659,497,4047,2692629,8709611,7.0,57.0,7,7
adaptive,0,178660,178678,133,1083,2692762,8710694,7.0,57.0,7,7
adaptive,0,178679,178747,483,3933,2693245,8714627,7.0,57.0,7,7
adaptive,0,178748,178823,532,4332,2693777,8718959,7.0,57.0,7,7
adaptive,0,178824,178865,294,2394,2694071,8721353,7.0,57.0,7,7
adaptive,0,178866,178933,476,3876,2694547,8725229,7.0,57.0,7,7
adaptive,0,178934,179004,497,4047,2695044,8729276,7.0,57.0,7,7
adaptive,0,179005,179074,490,3990,2695534,8733266,7.0,57.0,7,7
adaptive,0,179075,179143,483,3933,2696017,8737199,7.0,57.0,7,7
adaptive,0,179144,179213,490,3990,2696507,8741189,7.0,57.0,7,7
adaptive,0,179214,179286,511,4161,2697018,8745350,7.0,57.0,7,7
adaptive,0,179287,179355,483,3933,2697501,8749283,7.0,57.0,7,7
adaptive,0,179356,179426,497,4047,2697998,8753330,7.0,57.0,7,7
adaptive,0,179427,179495,483,3933,2698481,8757263,7.0,57.0,7,7
adaptive,0,179496,179564,483,3933,2698964,8761196,7.0,57.0,7,7
adaptive,0,179565,179637,511,4161,2699475,8765357,7.0,57.0,7,7
adaptive,0,179638,179706,483,3933,2699958,8769290,7.0,57.0,7,7
adaptive,0,179707,179778,504,4104,2700462,8773394,7.0,57.0,7,7
adaptive,0,179779,179846,476,3876,2700938,8777270,7.0,57.0,7,7
adaptive,0,179847,179918,504,4104,2701442,8781374,7.0,57.0,7,7
adaptive,0,179919,179987,483,3933,2701925,8785307,7.0,57.0,7,7
adaptive,0,179988,180053,356,3868,2702281,8789175,5.393939393939394,58.60606060606061,5,7
adaptive,0,180054,180123,350,4130,2702631,8793305,5.0,59.0,5,5
adaptive,0,180124,180198,375,4425,2703006,8797730,5.0,59.0,5,5
adaptive,0,180199,180270,360,4248,2703366,8801978,5.0,59.0,5,5
adaptive,0,180271,180341,355,4189,2703721,8806167,5.0,59.0,5,5
adaptive,0,180342,180411,350,4130,2704071,8810297,5.0,59.0,5,5
adaptive,0,180412,180480,345,4071,2704416,8814368,5.0,59.0,5,5
adaptive,0,180481,180551,355,4189,2704771,8818557,5.0,59.0,5,5
adaptive,0,180552,180618,335,3953,2705106,8822510,5.0,59.0,5,5
adaptive,0,180619,180687,345,4071,2705451,8826581,5.0,59.0,5,5
adaptive,0,180688,180758,355,4189,2705806,8830770,5.0,59.0,5,5
adaptive,0,180759,180824,330,3894,2706136,8834664,5.0,59.0,5,5
adaptive,0,180825,180894,350,4130,2706486,8838794,5.0,59.0,5,5
adaptive,0,180895,180967,365,4307,2706851,8843101,5.0,59.0,5,5
adaptive,0,180968,181041,370,4366,2707221,8847467,5.0,59.0,5,5
adaptive,0,181042,181066,125,1475,2707346,8848942,5.0,59.0,5,5
adaptive,0,181067,181132,330,3894,2707676,8852836,5.0,59.0,5,5
adaptive,0,181133,181210,390,4602,2708066,8857438,5.0,59.0,5,5
adaptive,0,181211,181278,340,4012,2708406,8861450,5.0,59.0,5,5
adaptive,0,181279,181348,350,4130,2708756,8865580,5.0,59.0,5,5
adaptive,0,181349,181417,345,4071,2709101,8869651,5.0,59.0,5,5
adaptive,0,181418,181495,390,4602,2709491,8874253,5.0,59.0,5,5
adaptive,0,181496,181574,395,4661,2709886,8878914,5.0,59.0,5,5
adaptive,0,181575,181640,330,3894,2710216,8882808,5.0,59.0,5,5
adaptive,0,181641,181710,350,4130,2710566,8886938,5.0,59.0,5,5
adaptive,0,181711,181789,395,4661,2710961,8891599,5.0,59.0,5,5
adaptive,0,181790,181860,355,4189,2711316,8895788,5.0,59.0,5,5
adaptive,0,181861,181930,350,4130,2711666,8899918,5.0,59.0,5,5
adaptive,0,181931,181952,110,1298,2711776,8901216,5.0,59.0,5,5
adaptive,0,181953,182026,370,4366,2712146,8905582,5.0,59.0,5,5
adaptive,0,182027,182093,335,3953,2712481,8909535,5.0,59.0,5,5
adaptive,0,182094,182159,330,3894,2712811,8913429,5.0,59.0,5,5
adaptive,0,182160,182225,330,3894,2713141,8917323,5.0,59.0,5,5
adaptive,0,182226,182294,345,4071,2713486,8921394,5.0,59.0,5,5
adaptive,0,182295,182364,350,4130,2713836,8925524,5.0,59.0,5,5
adaptive,0,182365,182441,385,4543,2714221,8930067,5.0,59.0,5,5
adaptive,0,182442,182513,360,4248,2714581,8934315,5.0,59.0,5,5
adaptive,0,182514,182581,340,4012,2714921,8938327,5.0,59.0,5,5
adaptive,0,182582,182651,350,4130,2715271,8942457,5.0,59.0,5,5
adaptive,0,182652,182723,360,4248,2715631,8946705,5.0,59.0,5,5
adaptive,0,182724,182792,345,4071,2715976,8950776,5.0,59.0,5,5
adaptive,0,182793,182861,345,4071,2716321,8954847,5.0,59.0,5,5
adaptive,0,182862,182929,340,4012,2716661,8958859,5.0,59.0,5,5
adaptive,0,182930,183001,360,4248,2717021,8963107,5.0,59.0,5,5
adaptive,0,183002,183077,380,4484,2717401,8967591,5.0,59.0,5,5
adaptive,0,183078,183148,355,4189,2717756,8971780,5.0,59.0,5,5
adaptive,0,183149,183215,335,3953,2718091,8975733,5.0,59.0,5,5
adaptive,0,183216,183290,375,4425,2718466,8980158,5.0,59.0,5,5
adaptive,0,183291,183356,330,3894,2718796,8984052,5.0,59.0,5,5
adaptive,0,183357,183381,125,1475,2718921,8985527,5.0,59.0,5,5
adaptive,0,183382,183454,365,4307,2719286,8989834,5.0,59.0,5,5
adaptive,0,183455,183531,385,4543,2719671,8994377,5.0,59.0,5,5
adaptive,0,183532,183604,365,4307,2720036,8998684,5.0,59.0,5,5
adaptive,0,183605,183676,360,4248,2720396,9002932,5.0,59.0,5,5
adaptive,0,183677,183746,350,4130,2720746,9007062,5.0,59.0,5,5
adaptive,0,183747,183817,355,4189,2721101,9011251,5.0,59.0,5,5
adaptive,0,183818,183884,335,3953,2721436,9015204,5.0,59.0,5,5
adaptive,0,183885,183955,355,4189,2721791,9019393,5.0,59.0,5,5
adaptive,0,183956,184026,355,4189,2722146,9023582,5.0,59.0,5,5
adaptive,0,184027,184093,335,3953,2722481,9027535,5.0,59.0,5,5
adaptive,0,184094,184164,355,4189,2722836,9031724,5.0,59.0,5,5
adaptive,0,184165,184238,370,4366,2723206,9036090,5.0,59.0,5,5
adaptive,0,184239,184308,350,4130,2723556,9040220,5.0,59.0,5,5
adaptive,0,184309,184380,360,4248,2723916,9044468,5.0,59.0,5,5
adaptive,0,184381,184450,350,4130,2724266,9048598,5.0,59.0,5,5
adaptive,0,184451,184522,360,4248,2724626,9052846,5.0,59.0,5,5
adaptive,0,184523,184588,330,3894,2724956,9056740,5.0,59.0,5,5
adaptive,0,184589,184658,350,4130,2725306,9060870,5.0,59.0,5,5
adaptive,0,184659,184725,335,3953,2725641,9064823,5.0,59.0,5,5
adaptive,0,184726,184797,360,4248,2726001,9069071,5.0,59.0,5,5
adaptive,0,184798,184872,375,4425,2726376,9073496,5.0,59.0,5,5
adaptive,0,184873,184940,340,4012,2726716,9077508,5.0,59.0,5,5
adaptive,0,184941,185009,345,4071,2727061,9081579,5.0,59.0,5,5
adaptive,0,185010,185076,335,3953,2727396,9085532,5.0,59.0,5,5
adaptive,0,185077,185145,345,4071,2727741,9089603,5.0,59.0,5,5
adaptive,0,185146,185215,350,4130,2728091,9093733,5.0,59.0,5,5
adaptive,0,185216,185285,350,4130,2728441,9097863,5.0,59.0,5,5
adaptive,0,185286,185355,350,4130,2728791,9101993,5.0,59.0,5,5
adaptive,0,185356,185424,345,4071,2729136,9106064,5.0,59.0,5,5
adaptive,0,185425,185495,355,4189,2729491,9110253,5.0,59.0,5,5
adaptive,0,185496,185572,385,4543,2729876,9114796,5.0,59.0,5,5
adaptive,0,185573,185640,340,4012,2730216,9118808,5.0,59.0,5,5
adaptive,0,185641,185716,380,4484,2730596,9123292,5.0,59.0,5,5
adaptive,0,185717,185792,380,4484,2730976,9127776,5.0,59.0,5,5
adaptive,0,185793,185860,340,4012,2731316,9131788,5.0,59.0,5,5
adaptive,0,185861,185928,340,4012,2731656,9135800,5.0,59.0,5,5
adaptive,0,185929,185999,355,4189,2732011,9139989,5.0,59.0,5,5
adaptive,0,186000,186067,340,4012,2732351,9144001,5.0,59.0,5,5
adaptive,0,186068,186136,345,4071,2732696,9148072,5.0,59.0,5,5
adaptive,0,186137,186206,350,4130,2733046,9152202,5.0,59.0,5,5
adaptive,0,186207,186274,340,4012,2733386,9156214,5.0,59.0,5,5
adaptive,0,186275,186347,365,4307,2733751,9160521,5.0,59.0,5,5
adaptive,0,186348,186417,350,4130,2734101,9164651,5.0,59.0,5,5
adaptive,0,186418,186502,425,5015,2734526,9169666,5.0,59.0,5,5
adaptive,0,186503,186571,345,4071,2734871,9173737,5.0,59.0,5,5
adaptive,0,186572,186640,345,4071,2735216,9177808,5.0,59.0,5,5
adaptive,0,186641,186712,360,4248,2735576,9182056,5.0,59.0,5,5
adaptive,0,186713,186787,375,4425,2735951,9186481,5.0,59.0,5,5
adaptive,0,186788,186858,355,4189,2736306,9190670,5.0,59.0,5,5
adaptive,0,186859,186931,365,4307,2736671,9194977,5.0,59.0,5,5
adaptive,0,186932,186998,335,3953,2737006,9198930,5.0,59.0,5,5
adaptive,0,186999,187068,350,4130,2737356,9203060,5.0,59.0,5,5
adaptive,0,187069,187138,350,4130,2737706,9207190,5.0,59.0,5,5
adaptive,0,187139,187208,350,4130,2738056,9211320,5.0,59.0,5,5
adaptive,0,187209,187281,365,4307,2738421,9215627,5.0,59.0,5,5
adaptive,0,187282,187351,350,4130,2738771,9219757,5.0,59.0,5,5
adaptive,0,187352,187418,335,3953,2739106,9223710,5.0,59.0,5,5
adaptive,0,187419,187484,330,3894,2739436,9227604,5.0,59.0,5,5
adaptive,0,187485,187552,340,4012,2739776,9231616,5.0,59.0,5,5
adaptive,0,187553,187622,350,4130,2740126,9235746,5.0,59.0,5,5
adaptive,0,187623,187689,335,3953,2740461,9239699,5.0,59.0,5,5
adaptive,0,187690,187758,345,4071,2740806,9243770,5.0,59.0,5,5
adaptive,0,187759,187829,355,4189,2741161,9247959,5.0,59.0,5,5
adaptive,0,187830,187900,355,4189,2741516,9252148,5.0,59.0,5,5
adaptive,0,187901,187970,350,4130,2741866,9256278,5.0,59.0,5,5
adaptive,0,187971,188039,345,4071,2742211,9260349,5.0,59.0,5,5
adaptive,0,188040,188108,345,4071,2742556,9264420,5.0,59.0,5,5
adaptive,0,188109,188176,340,4012,2742896,9268432,5.0,59.0,5,5
adaptive,0,188177,188248,360,4248,2743256,9272680,5.0,59.0,5,5
adaptive,0,188249,188314,330,3894,2743586,9276574,5.0,59.0,5,5
adaptive,0,188315,188389,375,4425,2743961,9280999,5.0,59.0,5,5
adaptive,0,188390,188459,350,4130,2744311,9285129,5.0,59.0,5,5
adaptive,0,188460,188534,375,4425,2744686,9289554,5.0,59.0,5,5
adaptive,0,188535,188606,360,4248,2745046,9293802,5.0,59.0,5,5
adaptive,0,188607,188675,345,4071,2745391,9297873,5.0,59.0,5,5
adaptive,0,188676,188743,340,4012,2745731,9301885,5.0,59.0,5,5
adaptive,0,188744,188809,330,3894,2746061,9305779,5.0,59.0,5,5
adaptive,0,188810,188880,355,4189,2746416,9309968,5.0,59.0,5,5
adaptive,0,188881,188953,365,4307,2746781,9314275,5.0,59.0,5,5
adaptive,0,188954,189021,340,4012,2747121,9318287,5.0,59.0,5,5
adaptive,0,189022,189089,340,4012,2747461,9322299,5.0,59.0,5,5
adaptive,0,189090,189188,495,5841,2747956,9328140,5.0,59.0,5,5
adaptive,0,189189,189258,350,4130,2748306,9332270,5.0,59.0,5,5
adaptive,0,189259,189331,365,4307,2748671,9336577,5.0,59.0,5,5
adaptive,0,189332,189402,355,4189,2749026,9340766,5.0,59.0,5,5
adaptive,0,189403,189414,60,708,2749086,9341474,5.0,59.0,5,5
adaptive,0,189415,189480,330,3894,2749416,9345368,5.0,59.0,5,5
adaptive,0,189481,189550,350,4130,2749766,9349498,5.0,59.0,5,5
adaptive,0,189551,189619,345,4071,2750111,9353569,5.0,59.0,5,5
adaptive,0,189620,189687,340,4012,2750451,9357581,5.0,59.0,5,5
adaptive,0,189688,189756,345,4071,2750796,9361652,5.0,59.0,5,5
adaptive,0,189757,189828,360,4248,2751156,9365900,5.0,59.0,5,5
adaptive,0,189829,189895,335,3953,2751491,9369853,5.0,59.0,5,5
adaptive,0,189896,189965,350,4130,2751841,9373983,5.0,59.0,5,5
adaptive,0,189966,189978,65,767,2751906,9374750,5.0,59.0,5,5
adaptive,0,189979,190046,294,4058,2752200,9378808,4.323529411764706,59.6764705882353,4,5
adaptive,0,190047,190115,276,4140,2752476,9382948,4.0,60.0,4,4
adaptive,0,190116,190181,264,3960,2752740,9386908,4.0,60.0,4,4
adaptive,0,190182,190251,280,4200,2753020,9391108,4.0,60.0,4,4
adaptive,0,190252,190324,292,4380,2753312,9395488,4.0,60.0,4,4
adaptive,0,190325,190394,280,4200,2753592,9399688,4.0,60.0,4,4
adaptive,0,190395,190403,36,540,2753628,9400228,4.0,60.0,4,4
adaptive,0,190404,190469,264,3960,2753892,9404188,4.0,60.0,4,4
adaptive,0,190470,190541,288,4320,2754180,9408508,4.0,60.0,4,4
adaptive,0,190542,190618,308,4620,2754488,9413128,4.0,60.0,4,4
adaptive,0,190619,190627,36,540,2754524,9413668,4.0,60.0,4,4
adaptive,0,190628,190695,272,4080,2754796,9417748,4.0,60.0,4,4
adaptive,0,190696,190768,292,4380,2755088,9422128,4.0,60.0,4,4
adaptive,0,190769,190842,296,4440,2755384,9426568,4.0,60.0,4,4
adaptive,0,190843,190918,304,4560,2755688,9431128,4.0,60.0,4,4
adaptive,0,190919,190989,284,4260,2755972,9435388,4.0,60.0,4,4
adaptive,0,190990,191061,288,4320,2756260,9439708,4.0,60.0,4,4
adaptive,0,191062,191131,280,4200,2756540,9443908,4.0,60.0,4,4
adaptive,0,191132,191197,264,3960,2756804,9447868,4.0,60.0,4,4
adaptive,0,191198,191263,264,3960,2757068,9451828,4.0,60.0,4,4
adaptive,0,191264,191332,276,4140,2757344,9455968,4.0,60.0,4,4
adaptive,0,191333,191403,284,4260,2757628,9460228,4.0,60.0,4,4
adaptive,0,191404,191472,276,4140,2757904,9464368,4.0,60.0,4,4
adaptive,0,191473,191540,272,4080,2758176,9468448,4.0,60.0,4,4
adaptive,0,191541,191612,288,4320,2758464,9472768,4.0,60.0,4,4
adaptive,0,191613,191681,276,4140,2758740,9476908,4.0,60.0,4,4
adaptive,0,191682,191751,280,4200,2759020,9481108,4.0,60.0,4,4
adaptive,0,191752,191820,276,4140,2759296,9485248,4.0,60.0,4,4
adaptive,0,191821,191897,308,4620,2759604,9489868,4.0,60.0,4,4
adaptive,0,191898,191967,280,4200,2759884,9494068,4.0,60.0,4,4
adaptive,0,191968,192042,300,4500,2760184,9498568,4.0,60.0,4,4
adaptive,0,192043,192114,288,4320,2760472,9502888,4.0,60.0,4,4
adaptive,0,192115,192186,288,4320,2760760,9507208,4.0,60.0,4,4
adaptive,0,192187,192256,280,4200,2761040,9511408,4.0,60.0,4,4
adaptive,0,192257,192324,272,4080,2761312,9515488,4.0,60.0,4,4
adaptive,0,192325,192396,288,4320,2761600,9519808,4.0,60.0,4,4
adaptive,0,192397,192464,272,4080,2761872,9523888,4.0,60.0,4,4
adaptive,0,192465,192538,296,4440,2762168,9528328,4.0,60.0,4,4
adaptive,0,192539,192605,268,4020,2762436,9532348,4.0,60.0,4,4
adaptive,0,192606,192675,280,4200,2762716,9536548,4.0,60.0,4,4
adaptive,0,192676,192748,292,4380,2763008,9540928,4.0,60.0,4,4
adaptive,0,192749,192818,280,4200,2763288,9545128,4.0,60.0,4,4
adaptive,0,192819,192893,300,4500,2763588,9549628,4.0,60.0,4,4
adaptive,0,192894,192963,280,4200,2763868,9553828,4.0,60.0,4,4
adaptive,0,192964,193033,280,4200,2764148,9558028,4.0,60.0,4,4
adaptive,0,193034,193106,292,4380,2764440,9562408,4.0,60.0,4,4
adaptive,0,193107,193173,268,4020,2764708,9566428,4.0,60.0,4,4
adaptive,0,193174,193243,280,4200,2764988,9570628,4.0,60.0,4,4
adaptive,0,193244,193311,272,4080,2765260,9574708,4.0,60.0,4,4
adaptive,0,193312,193377,264,3960,2765524,9578668,4.0,60.0,4,4
adaptive,0,193378,193445,272,4080,2765796,9582748,4.0,60.0,4,4
adaptive,0,193446,193516,284,4260,2766080,9587008,4.0,60.0,4,4
adaptive,0,193517,193585,276,4140,2766356,9591148,4.0,60.0,4,4
adaptive,0,193586,193656,284,4260,2766640,9595408,4.0,60.0,4,4
adaptive,0,193657,193731,300,4500,2766940,9599908,4.0,60.0,4,4
adaptive,0,193732,193803,288,4320,2767228,9604228,4.0,60.0,4,4
adaptive,0,193804,193875,288,4320,2767516,9608548,4.0,60.0,4,4
adaptive,0,193876,193945,280,4200,2767796,9612748,4.0,60.0,4,4
adaptive,0,193946,194023,312,4680,2768108,9617428,4.0,60.0,4,4
adaptive,0,194024,194090,268,4020,2768376,9621448,4.0,60.0,4,4
adaptive,0,194091,194163,292,4380,2768668,9625828,4.0,60.0,4,4
adaptive,0,194164,194233,280,4200,2768948,9630028,4.0,60.0,4,4
adaptive,0,194234,194305,288,4320,2769236,9634348,4.0,60.0,4,4
adaptive,0,194306,194375,280,4200,2769516,9638548,4.0,60.0,4,4
adaptive,0,194376,194451,304,4560,2769820,9643108,4.0,60.0,4,4
adaptive,0,194452,194523,288,4320,2770108,9647428,4.0,60.0,4,4
adaptive,0,194524,194593,280,4200,2770388,9651628,4.0,60.0,4,4
adaptive,0,194594,194659,264,3960,2770652,9655588,4.0,60.0,4,4
adaptive,0,194660,194734,300,4500,2770952,9660088,4.0,60.0,4,4
adaptive,0,194735,194805,284,4260,2771236,9664348,4.0,60.0,4,4
adaptive,0,194806,194888,332,4980,2771568,9669328,4.0,60.0,4,4
adaptive,0,194889,194961,292,4380,2771860,9673708,4.0,60.0,4,4
adaptive,0,194962,195034,292,4380,2772152,9678088,4.0,60.0,4,4
adaptive,0,195035,195106,288,4320,2772440,9682408,4.0,60.0,4,4
adaptive,0,195107,195180,296,4440,2772736,9686848,4.0,60.0,4,4
adaptive,0,195181,195237,228,3420,2772964,9690268,4.0,60.0,4,4
adaptive,0,195238,195313,304,4560,2773268,9694828,4.0,60.0,4,4
adaptive,0,195314,195387,296,4440,2773564,9699268,4.0,60.0,4,4
adaptive,0,195388,195460,292,4380,2773856,9703648,4.0,60.0,4,4
adaptive,0,195461,195529,276,4140,2774132,9707788,4.0,60.0,4,4
adaptive,0,195530,195598,276,4140,2774408,9711928,4.0,60.0,4,4
adaptive,0,195599,195674,304,4560,2774712,9716488,4.0,60.0,4,4
adaptive,0,195675,195740,264,3960,2774976,9720448,4.0,60.0,4,4
adaptive,0,195741,195812,288,4320,2775264,9724768,4.0,60.0,4,4
adaptive,0,195813,195881,276,4140,2775540,9728908,4.0,60.0,4,4
adaptive,0,195882,195949,272,4080,2775812,9732988,4.0,60.0,4,4
adaptive,0,195950,196025,304,4560,2776116,9737548,4.0,60.0,4,4
adaptive,0,196026,196094,276,4140,2776392,9741688,4.0,60.0,4,4
adaptive,0,196095,196168,296,4440,2776688,9746128,4.0,60.0,4,4
adaptive,0,196169,196244,304,4560,2776992,9750688,4.0,60.0,4,4
adaptive,0,196245,196320,304,4560,2777296,9755248,4.0,60.0,4,4
adaptive,0,196321,196392,288,4320,2777584,9759568,4.0,60.0,4,4
adaptive,0,196393,196459,268,4020,2777852,9763588,4.0,60.0,4,4
adaptive,0,196460,196527,272,4080,2778124,9767668,4.0,60.0,4,4
adaptive,0,196528,196601,296,4440,2778420,9772108,4.0,60.0,4,4
adaptive,0,196602,196667,264,3960,2778684,9776068,4.0,60.0,4,4
adaptive,0,196668,196737,280,4200,2778964,9780268,4.0,60.0,4,4
adaptive,0,196738,196806,276,4140,2779240,9784408,4.0,60.0,4,4
adaptive,0,196807,196878,288,4320,2779528,9788728,4.0,60.0,4,4
adaptive,0,196879,196944,264,3960,2779792,9792688,4.0,60.0,4,4
adaptive,0,196945,197015,284,4260,2780076,9796948,4.0,60.0,4,4
adaptive,0,197016,197082,268,4020,2780344,9800968,4.0,60.0,4,4
adaptive,0,197083,197151,276,4140,2780620,9805108,4.0,60.0,4,4
adaptive,0,197152,197223,288,4320,2780908,9809428,4.0,60.0,4,4
adaptive,0,197224,197298,300,4500,2781208,9813928,4.0,60.0,4,4
adaptive,0,197299,197366,272,4080,2781480,9818008,4.0,60.0,4,4
adaptive,0,197367,197442,304,4560,2781784,9822568,4.0,60.0,4,4
adaptive,0,197443,197510,272,4080,2782056,9826648,4.0,60.0,4,4
adaptive,0,197511,197579,276,4140,2782332,9830788,4.0,60.0,4,4
adaptive,0,197580,197645,264,3960,2782596,9834748,4.0,60.0,4,4
adaptive,0,197646,197719,296,4440,2782892,9839188,4.0,60.0,4,4
adaptive,0,197720,197786,268,4020,2783160,9843208,4.0,60.0,4,4
adaptive,0,197787,197858,288,4320,2783448,9847528,4.0,60.0,4,4
adaptive,0,197859,197924,264,3960,2783712,9851488,4.0,60.0,4,4
adaptive,0,197925,197990,264,3960,2783976,9855448,4.0,60.0,4,4
adaptive,0,197991,198061,284,4260,2784260,9859708,4.0,60.0,4,4
adaptive,0,198062,198128,268,4020,2784528,9863728,4.0,60.0,4,4
adaptive,0,198129,198198,280,4200,2784808,9867928,4.0,60.0,4,4
adaptive,0,198199,198270,288,4320,2785096,9872248,4.0,60.0,4,4
adaptive,0,198271,198343,292,4380,2785388,9876628,4.0,60.0,4,4
adaptive,0,198344,198425,328,4920,2785716,9881548,4.0,60.0,4,4
adaptive,0,198426,198495,280,4200,2785996,9885748,4.0,60.0,4,4
adaptive,0,198496,198567,288,4320,2786284,9890068,4.0,60.0,4,4
adaptive,0,198568,198636,276,4140,2786560,9894208,4.0,60.0,4,4
adaptive,0,198637,198711,300,4500,2786860,9898708,4.0,60.0,4,4
adaptive,0,198712,198779,272,4080,2787132,9902788,4.0,60.0,4,4
adaptive,0,198780,198853,296,4440,2787428,9907228,4.0,60.0,4,4
adaptive,0,198854,198927,296,4440,2787724,9911668,4.0,60.0,4,4
adaptive,0,198928,199000,292,4380,2788016,9916048,4.0,60.0,4,4
adaptive,0,199001,199014,56,840,2788072,9916888,4.0,60.0,4,4
adaptive,0,199015,199084,280,4200,2788352,9921088,4.0,60.0,4,4
adaptive,0,199085,199151,268,4020,2788620,9925108,4.0,60.0,4,4
adaptive,0,199152,199219,272,4080,2788892,9929188,4.0,60.0,4,4
adaptive,0,199220,199288,276,4140,2789168,9933328,4.0,60.0,4,4
adaptive,0,199289,199359,284,4260,2789452,9937588,4.0,60.0,4,4
adaptive,0,199360,199427,272,4080,2789724,9941668,4.0,60.0,4,4
adaptive,0,199428,199502,300,4500,2790024,9946168,4.0,60.0,4,4
adaptive,0,199503,199569,268,4020,2790292,9950188,4.0,60.0,4,4
adaptive,0,199570,199646,308,4620,2790600,9954808,4.0,60.0,4,4
adaptive,0,199647,199718,288,4320,2790888,9959128,4.0,60.0,4,4
adaptive,0,199719,199786,272,4080,2791160,9963208,4.0,60.0,4,4
adaptive,0,199787,199852,264,3960,2791424,9967168,4.0,60.0,4,4
adaptive,0,199853,199919,268,4020,2791692,9971188,4.0,60.0,4,4
adaptive,0,199920,200000,324,4860,2792016,9976048,4.0,60.0,4,4
adaptive,1,1,300,0,0,0,0,0.0,0.0,0,0
adaptive,1,301,556,912,2736,912,2736,16.0,48.0,16,16
adaptive,1,557,678,1952,5856,2864,8592,16.0,48.0,16,16
adaptive,1,679,978,4800,14400,7664,22992,16.0,48.0,16,16
adaptive,1,979,1278,4800,14400,12464,37392,16.0,48.0,16,16
adaptive,1,1279,1578,4800,14400,17264,51792,16.0,48.0,16,16
adaptive,1,1579,1608,480,1440,17744,53232,16.0,48.0,16,16
adaptive,1,1609,1695,1392,4176,19136,57408,16.0,48.0,16,16
adaptive,1,1696,1995,4800,14400,23936,71808,16.0,48.0,16,16
adaptive,1,1996,2108,1808,5424,25744,77232,16.0,48.0,16,16
adaptive,1,2109,2408,4800,14400,30544,91632,16.0,48.0,16,16
adaptive,1,2409,2708,4800,14400,35344,106032,16.0,48.0,16,16
adaptive,1,2709,2839,2096,6288,37440,112320,16.0,48.0,16,16
adaptive,1,2840,2997,2528,7584,39968,119904,16.0,48.0,16,16
adaptive,1,2998,3297,4800,14400,44768,134304,16.0,48.0,16,16
adaptive,1,3298,3446,2384,7152,47152,141456,16.0,48.0,16,16
adaptive,1,3447,3746,4800,14400,51952,155856,16.0,48.0,16,16
adaptive,1,3747,4009,4208,12624,56160,168480,16.0,48.0,16,16
adaptive,1,4010,4309,4800,14400,60960,182880,16.0,48.0,16,16
adaptive,1,4310,4609,4800,14400,65760,197280,16.0,48.0,16,16
adaptive,1,4610,4650,656,1968,66416,199248,16.0,48.0,16,16
adaptive,1,4651,4696,736,2208,67152,201456,16.0,48.0,16,16
adaptive,1,4697,4996,4800,14400,71952,215856,16.0,48.0,16,16
adaptive,1,4997,5296,4800,14400,76752,230256,16.0,48.0,16,16
adaptive,1,5297,5397,1616,4848,78368,235104,16.0,48.0,16,16
adaptive,1,5398,5697,4800,14400,83168,249504,16.0,48.0,16,16
adaptive,1,5698,5741,704,2112,83872,251616,16.0,48.0,16,16
adaptive,1,5742,6041,4800,14400,88672,266016,16.0,48.0,16,16
adaptive,1,6042,6143,1632,4896,90304,270912,16.0,48.0,16,16
adaptive,1,6144,6443,4800,14400,95104,285312,16.0,48.0,16,16
adaptive,1,6444,6520,1232,3696,96336,289008,16.0,48.0,16,16
adaptive,1,6521,6675,2480,7440,98816,296448,16.0,48.0,16,16
adaptive,1,6676,6707,512,1536,99328,297984,16.0,48.0,16,16
adaptive,1,6708,7007,4800,14400,104128,312384,16.0,48.0,16,16
adaptive,1,7008,7307,4800,14400,108928,326784,16.0,48.0,16,16
adaptive,1,7308,7399,1472,4416,110400,331200,16.0,48.0,16,16
adaptive,1,7400,7668,4304,12912,114704,344112,16.0,48.0,16,16
adaptive,1,7669,7800,2112,6336,116816,350448,16.0,48.0,16,16
adaptive,1,7801,8100,4800,14400,121616,364848,16.0,48.0,16,16
adaptive,1,8101,8133,528,1584,122144,366432,16.0,48.0,16,16
adaptive,1,8134,8153,320,960,122464,367392,16.0,48.0,16,16
adaptive,1,8154,8422,4304,12912,126768,380304,16.0,48.0,16,16
adaptive,1,8423,8722,4800,14400,131568,394704,16.0,48.0,16,16
adaptive,1,8723,9022,4800,14400,136368,409104,16.0,48.0,16,16
adaptive,1,9023,9322,4800,14400,141168,423504,16.0,48.0,16,16
adaptive,1,9323,9622,4800,14400,145968,437904,16.0,48.0,16,16
adaptive,1,9623,9922,4800,14400,150768,452304,16.0,48.0,16,16
adaptive,1,9923,10222,4800,14400,155568,466704,16.0,48.0,16,16
adaptive,1,10223,10403,2896,8688,158464,475392,16.0,48.0,16,16
adaptive,1,10404,10703,4800,14400,163264,489792,16.0,48.0,16,16
adaptive,1,10704,10710,112,336,163376,490128,16.0,48.0,16,16
adaptive,1,10711,10999,4624,13872,168000,504000,16.0,48.0,16,16
adaptive,1,11000,11204,3280,9840,171280,513840,16.0,48.0,16,16
adaptive,1,11205,11504,4800,14400,176080,528240,16.0,48.0,16,16
adaptive,1,11505,11804,4800,14400,180880,542640,16.0,48.0,16,16
adaptive,1,11805,12104,4800,14400,185680,557040,16.0,48.0,16,16
adaptive,1,12105,12404,4800,14400,190480,571440,16.0,48.0,16,16
adaptive,1,12405,12540,2176,6528,192656,577968,16.0,48.0,16,16
adaptive,1,12541,12559,304,912,192960,578880,16.0,48.0,16,16
adaptive,1,12560,12859,4800,14400,197760,593280,16.0,48.0,16,16
adaptive,1,12860,13159,4800,14400,202560,607680,16.0,48.0,16,16
adaptive,1,13160,13459,4800,14400,207360,622080,16.0,48.0,16,16
adaptive,1,13460,13759,4800,14400,212160,636480,16.0,48.0,16,16
adaptive,1,13760,13895,2176,6528,214336,643008,16.0,48.0,16,16
adaptive,1,13896,13921,416,1248,214752,644256,16.0,48.0,16,16
adaptive,1,13922,14221,4800,14400,219552,658656,16.0,48.0,16,16
adaptive,1,14222,14521,4800,14400,224352,673056,16.0,48.0,16,16
adaptive,1,14522,14675,2464,7392,226816,680448,16.0,48.0,16,16
adaptive,1,14676,14975,4800,14400,231616,694848,16.0,48.0,16,16
adaptive,1,14976,15275,4800,14400,236416,709248,16.0,48.0,16,16
adaptive,1,15276,15350,1200,3600,237616,712848,16.0,48.0,16,16
adaptive,1,15351,15447,1552,4656,239168,717504,16.0,48.0,16,16
adaptive,1,15448,15747,4800,14400,243968,731904,16.0,48.0,16,16
adaptive,1,15748,16026,4464,13392,248432,745296,16.0,48.0,16,16
adaptive,1,16027,16041,240,720,248672,746016,16.0,48.0,16,16
adaptive,1,16042,16126,1360,4080,250032,750096,16.0,48.0,16,16
adaptive,1,16127,16426,4800,14400,254832,764496,16.0,48.0,16,16
adaptive,1,16427,16712,4576,13728,259408,778224,16.0,48.0,16,16
adaptive,1,16713,16782,1120,3360,260528,781584,16.0,48.0,16,16
adaptive,1,16783,16885,1648,4944,262176,786528,16.0,48.0,16,16
adaptive,1,16886,16992,1712,5136,263888,791664,16.0,48.0,16,16
adaptive,1,16993,17079,1392,4176,265280,795840,16.0,48.0,16,16
adaptive,1,17080,17252,2768,8304,268048,804144,16.0,48.0,16,16
adaptive,1,17253,17358,1696,5088,269744,809232,16.0,48.0,16,16
adaptive,1,17359,17658,4800,14400,274544,823632,16.0,48.0,16,16
adaptive,1,17659,17958,4800,14400,279344,838032,16.0,48.0,16,16
adaptive,1,17959,18258,4800,14400,284144,852432,16.0,48.0,16,16
adaptive,1,18259,18545,4592,13776,288736,866208,16.0,48.0,16,16
adaptive,1,18546,18845,4800,14400,293536,880608,16.0,48.0,16,16
adaptive,1,18846,19002,2512,7536,296048,888144,16.0,48.0,16,16
adaptive,1,19003,19302,4800,14400,300848,902544,16.0,48.0,16,16
adaptive,1,19303,19602,4800,14400,305648,916944,16.0,48.0,16,16
adaptive,1,19603,19717,1840,5520,307488,922464,16.0,48.0,16,16
adaptive,1,19718,19838,1936,5808,309424,928272,16.0,48.0,16,16
adaptive,1,19839,19858,320,960,309744,929232,16.0,48.0,16,16
adaptive,1,19859,19903,720,2160,310464,931392,16.0,48.0,16,16
adaptive,1,19904,20004,1616,4848,312080,936240,16.0,48.0,16,16
adaptive,1,20005,20304,4800,14400,316880,950640,16.0,48.0,16,16
adaptive,1,20305,20604,4800,14400,321680,965040,16.0,48.0,16,16
adaptive,1,20605,20751,2352,7056,324032,972096,16.0,48.0,16,16
adaptive,1,20752,21051,4800,14400,328832,986496,16.0,48.0,16,16
adaptive,1,21052,21350,4784,14352,333616,1000848,16.0,48.0,16,16
adaptive,1,21351,21391,656,1968,334272,1002816,16.0,48.0,16,16
adaptive,1,21392,21691,4800,14400,339072,1017216,16.0,48.0,16,16
adaptive,1,21692,21991,4800,14400,343872,1031616,16.0,48.0,16,16
adaptive,1,21992,22212,3536,10608,347408,1042224,16.0,48.0,16,16
adaptive,1,22213,22512,4800,14400,352208,1056624,16.0,48.0,16,16
adaptive,1,22513,22811,4784,14352,356992,1070976,16.0,48.0,16,16
adaptive,1,22812,23111,4800,14400,361792,1085376,16.0,48.0,16,16
adaptive,1,23112,23411,4800,14400,366592,1099776,16.0,48.0,16,16
adaptive,1,23412,23618,3312,9936,369904,1109712,16.0,48.0,16,16
adaptive,1,23619,23721,1648,4944,371552,1114656,16.0,48.0,16,16
adaptive,1,23722,24021,4800,14400,376352,1129056,16.0,48.0,16,16
adaptive,1,24022,24059,608,1824,376960,1130880,16.0,48.0,16,16
adaptive,1,24060,24359,4800,14400,381760,1145280,16.0,48.0,16,16
adaptive,1,24360,24605,3936,11808,385696,1157088,16.0,48.0,16,16
adaptive,1,24606,24905,4800,14400,390496,1171488,16.0,48.0,16,16
adaptive,1,24906,24943,608,1824,391104,1173312,16.0,48.0,16,16
adaptive,1,24944,25243,4800,14400,395904,1187712,16.0,48.0,16,16
adaptive,1,25244,25513,4320,12960,400224,1200672,16.0,48.0,16,16
adaptive,1,25514,25813,4800,14400,405024,1215072,16.0,48.0,16,16
adaptive,1,25814,26113,4800,14400,409824,1229472,16.0,48.0,16,16
adaptive,1,26114,26169,896,2688,410720,1232160,16.0,48.0,16,16
adaptive,1,26170,26469,4800,14400,415520,1246560,16.0,48.0,16,16
adaptive,1,26470,26769,4800,14400,420320,1260960,16.0,48.0,16,16
adaptive,1,26770,27069,4800,14400,425120,1275360,16.0,48.0,16,16
adaptive,1,27070,27369,4800,14400,429920,1289760,16.0,48.0,16,16
adaptive,1,27370,27669,4800,14400,434720,1304160,16.0,48.0,16,16
adaptive,1,27670,27969,4800,14400,439520,1318560,16.0,48.0,16,16
adaptive,1,27970,28269,4800,14400,444320,1332960,16.0,48.0,16,16
adaptive,1,28270,28569,4800,14400,449120,1347360,16.0,48.0,16,16
adaptive,1,28570,28869,4800,14400,453920,1361760,16.0,48.0,16,16
adaptive,1,28870,29169,4800,14400,458720,1376160,16.0,48.0,16,16
adaptive,1,29170,29469,4800,14400,463520,1390560,16.0,48.0,16,16
adaptive,1,29470,29769,4800,14400,468320,1404960,16.0,48.0,16,16
adaptive,1,29770,30069,4800,14400,473120,1419360,16.0,48.0,16,16
adaptive,1,30070,30369,4800,14400,477920,1433760,16.0,48.0,16,16
adaptive,1,30370,30605,3776,11328,481696,1445088,16.0,48.0,16,16
adaptive,1,30606,30905,4800,14400,486496,1459488,16.0,48.0,16,16
adaptive,1,30906,31205,4800,14400,491296,1473888,16.0,48.0,16,16
adaptive,1,31206,31505,4800,14400,496096,1488288,16.0,48.0,16,16
adaptive,1,31506,31657,2432,7296,498528,1495584,16.0,48.0,16,16
adaptive,1,31658,31957,4800,14400,503328,1509984,16.0,48.0,16,16
adaptive,1,31958,32036,1264,3792,504592,1513776,16.0,48.0,16,16
adaptive,1,32037,32130,1504,4512,506096,1518288,16.0,48.0,16,16
adaptive,1,32131,32308,2848,8544,508944,1526832,16.0,48.0,16,16
adaptive,1,32309,32608,4800,14400,513744,1541232,16.0,48.0,16,16
adaptive,1,32609,32808,3200,9600,516944,1550832,16.0,48.0,16,16
adaptive,1,32809,33042,3744,11232,520688,1562064,16.0,48.0,16,16
adaptive,1,33043,33342,4800,14400,525488,1576464,16.0,48.0,16,16
adaptive,1,33343,33642,4800,14400,530288,1590864,16.0,48.0,16,16
adaptive,1,33643,33831,3024,9072,533312,1599936,16.0,48.0,16,16
adaptive,1,33832,34131,4800,14400,538112,1614336,16.0,48.0,16,16
adaptive,1,34132,34431,4800,14400,542912,1628736,16.0,48.0,16,16
adaptive,1,34432,34731,4800,14400,547712,1643136,16.0,48.0,16,16
adaptive,1,34732,35031,4800,14400,552512,1657536,16.0,48.0,16,16
adaptive,1,35032,35331,4800,14400,557312,1671936,16.0,48.0,16,16
adaptive,1,35332,35505,2784,8352,560096,1680288,16.0,48.0,16,16
adaptive,1,35506,35805,4800,14400,564896,1694688,16.0,48.0,16,16
adaptive,1,35806,36054,3984,11952,568880,1706640,16.0,48.0,16,16
adaptive,1,36055,36354,4800,14400,573680,1721040,16.0,48.0,16,16
adaptive,1,36355,36654,4800,14400,578480,1735440,16.0,48.0,16,16
adaptive,1,36655,36730,1216,3648,579696,1739088,16.0,48.0,16,16
adaptive,1,36731,37030,4800,14400,584496,1753488,16.0,48.0,16,16
adaptive,1,37031,37330,4800,14400,589296,1767888,16.0,48.0,16,16
adaptive,1,37331,37374,704,2112,590000,1770000,16.0,48.0,16,16
adaptive,1,37375,37392,288,864,590288,1770864,16.0,48.0,16,16
adaptive,1,37393,37526,2144,6432,592432,1777296,16.0,48.0,16,16
adaptive,1,37527,37826,4800,14400,597232,1791696,16.0,48.0,16,16
adaptive,1,37827,37957,2096,6288,599328,1797984,16.0,48.0,16,16
adaptive,1,37958,38257,4800,14400,604128,1812384,16.0,48.0,16,16
adaptive,1,38258,38557,4800,14400,608928,1826784,16.0,48.0,16,16
adaptive,1,38558,38857,4800,14400,613728,1841184,16.0,48.0,16,16
adaptive,1,38858,39157,4800,14400,618528,1855584,16.0,48.0,16,16
adaptive,1,39158,39319,2592,7776,621120,1863360,16.0,48.0,16,16
adaptive,1,39320,39619,4800,14400,625920,1877760,16.0,48.0,16,16
adaptive,1,39620,39919,4800,14400,630720,1892160,16.0,48.0,16,16
adaptive,1,39920,40219,4800,14400,635520,1906560,16.0,48.0,16,16
adaptive,1,40220,40470,4016,12048,639536,1918608,16.0,48.0,16,16
adaptive,1,40471,40770,4800,14400,644336,1933008,16.0,48.0,16,16
adaptive,1,40771,41070,4800,14400,649136,1947408,16.0,48.0,16,16
adaptive,1,41071,41370,4800,14400,653936,1961808,16.0,48.0,16,16
adaptive,1,41371,41670,4800,14400,658736,1976208,16.0,48.0,16,16
adaptive,1,41671,41970,4800,14400,663536,1990608,16.0,48.0,16,16
adaptive,1,41971,42270,4800,14400,668336,2005008,16.0,48.0,16,16
adaptive,1,42271,42283,208,624,668544,2005632,16.0,48.0,16,16
adaptive,1,42284,42382,1584,4752,670128,2010384,16.0,48.0,16,16
adaptive,1,42383,42479,1552,4656,671680,2015040,16.0,48.0,16,16
adaptive,1,42480,42555,1216,3648,672896,2018688,16.0,48.0,16,16
adaptive,1,42556,42682,2032,6096,674928,2024784,16.0,48.0,16,16
adaptive,1,42683,42982,4800,14400,679728,2039184,16.0,48.0,16,16
adaptive,1,42983,43215,3728,11184,683456,2050368,16.0,48.0,16,16
adaptive,1,43216,43515,4800,14400,688256,2064768,16.0,48.0,16,16
adaptive,1,43516,43815,4800,14400,693056,2079168,16.0,48.0,16,16
adaptive,1,43816,44115,4800,14400,697856,2093568,16.0,48.0,16,16
adaptive,1,44116,44415,4800,14400,702656,2107968,16.0,48.0,16,16
adaptive,1,44416,44632,3472,10416,706128,2118384,16.0,48.0,16,16
adaptive,1,44633,44932,4800,14400,710928,2132784,16.0,48.0,16,16
adaptive,1,44933,44980,768,2304,711696,2135088,16.0,48.0,16,16
adaptive,1,44981,45280,4800,14400,716496,2149488,16.0,48.0,16,16
adaptive,1,45281,45358,1248,3744,717744,2153232,16.0,48.0,16,16
adaptive,1,45359,45658,4800,14400,722544,2167632,16.0,48.0,16,16
adaptive,1,45659,45692,544,1632,723088,2169264,16.0,48.0,16,16
adaptive,1,45693,45992,4800,14400,727888,2183664,16.0,48.0,16,16
adaptive,1,45993,46044,832,2496,728720,2186160,16.0,48.0,16,16
adaptive,1,46045,46344,4800,14400,733520,2200560,16.0,48.0,16,16
adaptive,1,46345,46644,4800,14400,738320,2214960,16.0,48.0,16,16
adaptive,1,46645,46944,4800,14400,743120,2229360,16.0,48.0,16,16
adaptive,1,46945,47099,2480,7440,745600,2236800,16.0,48.0,16,16
adaptive,1,47100,47399,4800,14400,750400,2251200,16.0,48.0,16,16
adaptive,1,47400,47699,4800,14400,755200,2265600,16.0,48.0,16,16
adaptive,1,47700,47999,4800,14400,760000,2280000,16.0,48.0,16,16
adaptive,1,48000,48012,208,624,760208,2280624,16.0,48.0,16,16
adaptive,1,48013,48312,4800,14400,765008,2295024,16.0,48.0,16,16
adaptive,1,48313,48612,4800,14400,769808,2309424,16.0,48.0,16,16
adaptive,1,48613,48912,4800,14400,774608,2323824,16.0,48.0,16,16
adaptive,1,48913,49212,4800,14400,779408,2338224,16.0,48.0,16,16
adaptive,1,49213,49512,4800,14400,784208,2352624,16.0,48.0,16,16
adaptive,1,49513,49812,4800,14400,789008,2367024,16.0,48.0,16,16
adaptive,1,49813,50112,4800,14400,793808,2381424,16.0,48.0,16,16
adaptive,1,50113,50412,4800,14400,798608,2395824,16.0,48.0,16,16
adaptive,1,50413,50712,4800,14400,803408,2410224,16.0,48.0,16,16
adaptive,1,50713,51012,4800,14400,808208,2424624,16.0,48.0,16,16
adaptive,1,51013,51168,2496,7488,810704,2432112,16.0,48.0,16,16
adaptive,1,51169,51468,4800,14400,815504,2446512,16.0,48.0,16,16
adaptive,1,51469,51549,1296,3888,816800,2450400,16.0,48.0,16,16
adaptive,1,51550,51841,4672,14016,821472,2464416,16.0,48.0,16,16
adaptive,1,51842,51870,464,1392,821936,2465808,16.0,48.0,16,16
adaptive,1,51871,51974,1664,4992,823600,2470800,16.0,48.0,16,16
adaptive,1,51975,52103,2064,6192,825664,2476992,16.0,48.0,16,16
adaptive,1,52104,52133,480,1440,826144,2478432,16.0,48.0,16,16
adaptive,1,52134,52289,2496,7488,828640,2485920,16.0,48.0,16,16
adaptive,1,52290,52332,688,2064,829328,2487984,16.0,48.0,16,16
adaptive,1,52333,52369,592,1776,829920,2489760,16.0,48.0,16,16
adaptive,1,52370,52669,4800,14400,834720,2504160,16.0,48.0,16,16
adaptive,1,52670,52969,4800,14400,839520,2518560,16.0,48.0,16,16
adaptive,1,52970,53190,3536,10608,843056,2529168,16.0,48.0,16,16
adaptive,1,53191,53490,4800,14400,847856,2543568,16.0,48.0,16,16
adaptive,1,53491,53790,4800,14400,852656,2557968,16.0,48.0,16,16
adaptive,1,53791,53829,624,1872,853280,2559840,16.0,48.0,16,16
adaptive,1,53830,54129,4800,14400,858080,2574240,16.0,48.0,16,16
adaptive,1,54130,54210,1296,3888,859376,2578128,16.0,48.0,16,16
adaptive,1,54211,54375,2640,7920,862016,2586048,16.0,48.0,16,16
adaptive,1,54376,54411,576,1728,862592,2587776,16.0,48.0,16,16
adaptive,1,54412,54711,4800,14400,867392,2602176,16.0,48.0,16,16
adaptive,1,54712,55011,4800,14400,872192,2616576,16.0,48.0,16,16
adaptive,1,55012,55053,672,2016,872864,2618592,16.0,48.0,16,16
adaptive,1,55054,55070,272,816,873136,2619408,16.0,48.0,16,16
adaptive,1,55071,55370,4800,14400,877936,2633808,16.0,48.0,16,16
adaptive,1,55371,55670,4800,14400,882736,2648208,16.0,48.0,16,16
adaptive,1,55671,55970,4800,14400,887536,2662608,16.0,48.0,16,16
adaptive,1,55971,56270,4800,14400,892336,2677008,16.0,48.0,16,16
adaptive,1,56271,56570,4800,14400,897136,2691408,16.0,48.0,16,16
adaptive,1,56571,56592,352,1056,897488,2692464,16.0,48.0,16,16
adaptive,1,56593,56892,4800,14400,902288,2706864,16.0,48.0,16,16
adaptive,1,56893,57192,4800,14400,907088,2721264,16.0,48.0,16,16
adaptive,1,57193,57292,1600,4800,908688,2726064,16.0,48.0,16,16
adaptive,1,57293,57592,4800,14400,913488,2740464,16.0,48.0,16,16
adaptive,1,57593,57892,4800,14400,918288,2754864,16.0,48.0,16,16
adaptive,1,57893,57993,1616,4848,919904,2759712,16.0,48.0,16,16
adaptive,1,57994,58044,816,2448,920720,2762160,16.0,48.0,16,16
adaptive,1,58045,58220,2816,8448,923536,2770608,16.0,48.0,16,16
adaptive,1,58221,58520,4800,14400,928336,2785008,16.0,48.0,16,16
adaptive,1,58521,58691,2736,8208,931072,2793216,16.0,48.0,16,16
adaptive,1,58692,58843,2432,7296,933504,2800512,16.0,48.0,16,16
adaptive,1,58844,59143,4800,14400,938304,2814912,16.0,48.0,16,16
adaptive,1,59144,59443,4800,14400,943104,2829312,16.0,48.0,16,16
adaptive,1,59444,59575,2112,6336,945216,2835648,16.0,48.0,16,16
adaptive,1,59576,59852,4432,13296,949648,2848944,16.0,48.0,16,16
adaptive,1,59853,60152,4800,14400,954448,2863344,16.0,48.0,16,16
adaptive,1,60153,60452,4800,14400,959248,2877744,16.0,48.0,16,16
adaptive,1,60453,60472,320,960,959568,2878704,16.0,48.0,16,16
adaptive,1,60473,60484,192,576,959760,2879280,16.0,48.0,16,16
adaptive,1,60485,60611,2032,6096,961792,2885376,16.0,48.0,16,16
adaptive,1,60612,60911,4800,14400,966592,2899776,16.0,48.0,16,16
adaptive,1,60912,61185,4384,13152,970976,2912928,16.0,48.0,16,16
adaptive,1,61186,61286,1616,4848,972592,2917776,16.0,48.0,16,16
adaptive,1,61287,61515,3664,10992,976256,2928768,16.0,48.0,16,16
adaptive,1,61516,61552,592,1776,976848,2930544,16.0,48.0,16,16
adaptive,1,61553,61572,320,960,977168,2931504,16.0,48.0,16,16
adaptive,1,61573,61872,4800,14400,981968,2945904,16.0,48.0,16,16
adaptive,1,61873,61908,576,1728,982544,2947632,16.0,48.0,16,16
adaptive,1,61909,61962,864,2592,983408,2950224,16.0,48.0,16,16
adaptive,1,61963,62262,4800,14400,988208,2964624,16.0,48.0,16,16
adaptive,1,62263,62413,2416,7248,990624,2971872,16.0,48.0,16,16
adaptive,1,62414,62501,1408,4224,992032,2976096,16.0,48.0,16,16
adaptive,1,62502,62670,2704,8112,994736,2984208,16.0,48.0,16,16
adaptive,1,62671,62825,2480,7440,997216,2991648,16.0,48.0,16,16
adaptive,1,62826,63125,4800,14400,1002016,3006048,16.0,48.0,16,16
adaptive,1,63126,63425,4800,14400,1006816,3020448,16.0,48.0,16,16
adaptive,1,63426,63725,4800,14400,1011616,3034848,16.0,48.0,16,16
adaptive,1,63726,63760,560,1680,1012176,3036528,16.0,48.0,16,16
adaptive,1,63761,63914,2464,7392,1014640,3043920,16.0,48.0,16,16
adaptive,1,63915,64214,4800,14400,1019440,3058320,16.0,48.0,16,16
adaptive,1,64215,64270,896,2688,1020336,3061008,16.0,48.0,16,16
adaptive,1,64271,64570,4800,14400,1025136,3075408,16.0,48.0,16,16
adaptive,1,64571,64591,336,1008,1025472,3076416,16.0,48.0,16,16
adaptive,1,64592,64891,4800,14400,1030272,3090816,16.0,48.0,16,16
adaptive,1,64892,64964,1168,3504,1031440,3094320,16.0,48.0,16,16
adaptive,1,64965,65246,4512,13536,1035952,3107856,16.0,48.0,16,16
adaptive,1,65247,65268,352,1056,1036304,3108912,16.0,48.0,16,16
adaptive,1,65269,65330,992,2976,1037296,3111888,16.0,48.0,16,16
adaptive,1,65331,65363,528,1584,1037824,3113472,16.0,48.0,16,16
adaptive,1,65364,65400,592,1776,1038416,3115248,16.0,48.0,16,16
adaptive,1,65401,65421,336,1008,1038752,3116256,16.0,48.0,16,16
adaptive,1,65422,65451,480,1440,1039232,3117696,16.0,48.0,16,16
adaptive,1,65452,65569,1888,5664,1041120,3123360,16.0,48.0,16,16
adaptive,1,65570,65869,4800,14400,1045920,3137760,16.0,48.0,16,16
adaptive,1,65870,65909,640,1920,1046560,3139680,16.0,48.0,16,16
adaptive,1,65910,65948,624,1872,1047184,3141552,16.0,48.0,16,16
adaptive,1,65949,65987,624,1872,1047808,3143424,16.0,48.0,16,16
adaptive,1,65988,66287,4800,14400,1052608,3157824,16.0,48.0,16,16
adaptive,1,66288,66355,1088,3264,1053696,3161088,16.0,48.0,16,16
adaptive,1,66356,66528,2768,8304,1056464,3169392,16.0,48.0,16,16
adaptive,1,66529,66628,1600,4800,1058064,3174192,16.0,48.0,16,16
adaptive,1,66629,66928,4800,14400,1062864,3188592,16.0,48.0,16,16
adaptive,1,66929,66946,288,864,1063152,3189456,16.0,48.0,16,16
adaptive,1,66947,67246,4800,14400,1067952,3203856,16.0,48.0,16,16
adaptive,1,67247,67546,4800,14400,1072752,3218256,16.0,48.0,16,16
adaptive,1,67547,67846,4800,14400,1077552,3232656,16.0,48.0,16,16
adaptive,1,67847,67882,576,1728,1078128,3234384,16.0,48.0,16,16
adaptive,1,67883,67910,448,1344,1078576,3235728,16.0,48.0,16,16
adaptive,1,67911,68210,4800,14400,1083376,3250128,16.0,48.0,16,16
adaptive,1,68211,68510,4800,14400,1088176,3264528,16.0,48.0,16,16
adaptive,1,68511,68810,4800,14400,1092976,3278928,16.0,48.0,16,16
adaptive,1,68811,68964,2464,7392,1095440,3286320,16.0,48.0,16,16
adaptive,1,68965,69250,4576,13728,1100016,3300048,16.0,48.0,16,16
adaptive,1,69251,69550,4800,14400,1104816,3314448,16.0,48.0,16,16
adaptive,1,69551,69616,1056,3168,1105872,3317616,16.0,48.0,16,16
adaptive,1,69617,69916,4800,14400,1110672,3332016,16.0,48.0,16,16
adaptive,1,69917,70216,4800,14400,1115472,3346416,16.0,48.0,16,16
adaptive,1,70217,70281,1040,3120,1116512,3349536,16.0,48.0,16,16
adaptive,1,70282,70299,288,864,1116800,3350400,16.0,48.0,16,16
adaptive,1,70300,70599,4800,14400,1121600,3364800,16.0,48.0,16,16
adaptive,1,70600,70767,2688,8064,1124288,3372864,16.0,48.0,16,16
adaptive,1,70768,71067,4800,14400,1129088,3387264,16.0,48.0,16,16
adaptive,1,71068,71367,4800,14400,1133888,3401664,16.0,48.0,16,16
adaptive,1,71368,71561,3104,9312,1136992,3410976,16.0,48.0,16,16
adaptive,1,71562,71595,544,1632,1137536,3412608,16.0,48.0,16,16
adaptive,1,71596,71895,4800,14400,1142336,3427008,16.0,48.0,16,16
adaptive,1,71896,71937,672,2016,1143008,3429024,16.0,48.0,16,16
adaptive,1,71938,71994,912,2736,1143920,3431760,16.0,48.0,16,16
adaptive,1,71995,72294,4800,14400,1148720,3446160,16.0,48.0,16,16
adaptive,1,72295,72372,1248,3744,1149968,3449904,16.0,48.0,16,16
adaptive,1,72373,72672,4800,14400,1154768,3464304,16.0,48.0,16,16
adaptive,1,72673,72692,320,960,1155088,3465264,16.0,48.0,16,16
adaptive,1,72693,72963,4336,13008,1159424,3478272,16.0,48.0,16,16
adaptive,1,72964,73263,4800,14400,1164224,3492672,16.0,48.0,16,16
adaptive,1,73264,73332,1104,3312,1165328,3495984,16.0,48.0,16,16
adaptive,1,73333,73418,1376,4128,1166704,3500112,16.0,48.0,16,16
adaptive,1,73419,73514,1536,4608,1168240,3504720,16.0,48.0,16,16
adaptive,1,73515,73814,4800,14400,1173040,3519120,16.0,48.0,16,16
adaptive,1,73815,74011,3152,9456,1176192,3528576,16.0,48.0,16,16
adaptive,1,74012,74035,384,1152,1176576,3529728,16.0,48.0,16,16
adaptive,1,74036,74041,96,288,1176672,3530016,16.0,48.0,16,16
adaptive,1,74042,74341,4800,14400,1181472,3544416,16.0,48.0,16,16
adaptive,1,74342,74381,640,1920,1182112,3546336,16.0,48.0,16,16
adaptive,1,74382,74405,384,1152,1182496,3547488,16.0,48.0,16,16
adaptive,1,74406,74575,2720,8160,1185216,3555648,16.0,48.0,16,16
adaptive,1,74576,74720,2320,6960,1187536,3562608,16.0,48.0,16,16
adaptive,1,74721,74849,2064,6192,1189600,3568800,16.0,48.0,16,16
adaptive,1,74850,75123,4384,13152,1193984,3581952,16.0,48.0,16,16
adaptive,1,75124,75177,864,2592,1194848,3584544,16.0,48.0,16,16
adaptive,1,75178,75477,4800,14400,1199648,3598944,16.0,48.0,16,16
adaptive,1,75478,75517,640,1920,1200288,3600864,16.0,48.0,16,16
adaptive,1,75518,75539,352,1056,1200640,3601920,16.0,48.0,16,16
adaptive,1,75540,75839,4800,14400,1205440,3616320,16.0,48.0,16,16
adaptive,1,75840,76139,4800,14400,1210240,3630720,16.0,48.0,16,16
adaptive,1,76140,76439,4800,14400,1215040,3645120,16.0,48.0,16,16
adaptive,1,76440,76475,576,1728,1215616,3646848,16.0,48.0,16,16
adaptive,1,76476,76667,3072,9216,1218688,3656064,16.0,48.0,16,16
adaptive,1,76668,76671,64,192,1218752,3656256,16.0,48.0,16,16
adaptive,1,76672,76720,784,2352,1219536,3658608,16.0,48.0,16,16
adaptive,1,76721,76818,1568,4704,1221104,3663312,16.0,48.0,16,16
adaptive,1,76819,77113,4720,14160,1225824,3677472,16.0,48.0,16,16
adaptive,1,77114,77413,4800,14400,1230624,3691872,16.0,48.0,16,16
adaptive,1,77414,77713,4800,14400,1235424,3706272,16.0,48.0,16,16
adaptive,1,77714,77923,3360,10080,1238784,3716352,16.0,48.0,16,16
adaptive,1,77924,77946,368,1104,1239152,3717456,16.0,48.0,16,16
adaptive,1,77947,78015,1104,3312,1240256,3720768,16.0,48.0,16,16
adaptive,1,78016,78315,4800,14400,1245056,3735168,16.0,48.0,16,16
adaptive,1,78316,78615,4800,14400,1249856,3749568,16.0,48.0,16,16
adaptive,1,78616,78915,4800,14400,1254656,3763968,16.0,48.0,16,16
adaptive,1,78916,79215,4800,14400,1259456,3778368,16.0,48.0,16,16
adaptive,1,79216,79410,3120,9360,1262576,3787728,16.0,48.0,16,16
adaptive,1,79411,79710,4800,14400,1267376,3802128,16.0,48.0,16,16
adaptive,1,79711,79826,1856,5568,1269232,3807696,16.0,48.0,16,16
adaptive,1,79827,80126,4800,14400,1274032,3822096,16.0,48.0,16,16
adaptive,1,80127,80316,3040,9120,1277072,3831216,16.0,48.0,16,16
adaptive,1,80317,80351,560,1680,1277632,3832896,16.0,48.0,16,16
adaptive,1,80352,80651,4800,14400,1282432,3847296,16.0,48.0,16,16
adaptive,1,80652,80951,4800,14400,1287232,3861696,16.0,48.0,16,16
adaptive,1,80952,81103,2432,7296,1289664,3868992,16.0,48.0,16,16
adaptive,1,81104,81119,256,768,1289920,3869760,16.0,48.0,16,16
adaptive,1,81120,81165,736,2208,1290656,3871968,16.0,48.0,16,16
adaptive,1,81166,81238,1168,3504,1291824,3875472,16.0,48.0,16,16
adaptive,1,81239,81278,640,1920,1292464,3877392,16.0,48.0,16,16
adaptive,1,81279,81578,4800,14400,1297264,3891792,16.0,48.0,16,16
adaptive,1,81579,81878,4800,14400,1302064,3906192,16.0,48.0,16,16
adaptive,1,81879,81916,608,1824,1302672,3908016,16.0,48.0,16,16
adaptive,1,81917,82216,4800,14400,1307472,3922416,16.0,48.0,16,16
adaptive,1,82217,82337,1936,5808,1309408,3928224,16.0,48.0,16,16
adaptive,1,82338,82475,2208,6624,1311616,3934848,16.0,48.0,16,16
adaptive,1,82476,82775,4800,14400,1316416,3949248,16.0,48.0,16,16
adaptive,1,82776,82796,336,1008,1316752,3950256,16.0,48.0,16,16
adaptive,1,82797,82885,1424,4272,1318176,3954528,16.0,48.0,16,16
adaptive,1,82886,83103,3488,10464,1321664,3964992,16.0,48.0,16,16
adaptive,1,83104,83124,336,1008,1322000,3966000,16.0,48.0,16,16
adaptive,1,83125,83424,4800,14400,1326800,3980400,16.0,48.0,16,16
adaptive,1,83425,83538,1824,5472,1328624,3985872,16.0,48.0,16,16
adaptive,1,83539,83725,2992,8976,1331616,3994848,16.0,48.0,16,16
adaptive,1,83726,84025,4800,14400,1336416,4009248,16.0,48.0,16,16
adaptive,1,84026,84301,4416,13248,1340832,4022496,16.0,48.0,16,16
adaptive,1,84302,84487,2976,8928,1343808,4031424,16.0,48.0,16,16
adaptive,1,84488,84544,912,2736,1344720,4034160,16.0,48.0,16,16
adaptive,1,84545,84565,336,1008,1345056,4035168,16.0,48.0,16,16
adaptive,1,84566,84865,4800,14400,1349856,4049568,16.0,48.0,16,16
adaptive,1,84866,85165,4800,14400,1354656,4063968,16.0,48.0,16,16
adaptive,1,85166,85231,1056,3168,1355712,4067136,16.0,48.0,16,16
adaptive,1,85232,85496,4240,12720,1359952,4079856,16.0,48.0,16,16
adaptive,1,85497,85529,528,1584,1360480,4081440,16.0,48.0,16,16
adaptive,1,85530,85565,576,1728,1361056,4083168,16.0,48.0,16,16
adaptive,1,85566,85865,4800,14400,1365856,4097568,16.0,48.0,16,16
adaptive,1,85866,85913,768,2304,1366624,4099872,16.0,48.0,16,16
adaptive,1,85914,86213,4800,14400,1371424,4114272,16.0,48.0,16,16
adaptive,1,86214,86513,4800,14400,1376224,4128672,16.0,48.0,16,16
adaptive,1,86514,86813,4800,14400,1381024,4143072,16.0,48.0,16,16
adaptive,1,86814,87113,4800,14400,1385824,4157472,16.0,48.0,16,16
adaptive,1,87114,87117,64,192,1385888,4157664,16.0,48.0,16,16
adaptive,1,87118,87270,2448,7344,1388336,4165008,16.0,48.0,16,16
adaptive,1,87271,87570,4800,14400,1393136,4179408,16.0,48.0,16,16
adaptive,1,87571,87870,4800,14400,1397936,4193808,16.0,48.0,16,16
adaptive,1,87871,87935,1040,3120,1398976,4196928,16.0,48.0,16,16
adaptive,1,87936,88235,4800,14400,1403776,4211328,16.0,48.0,16,16
adaptive,1,88236,88422,2992,8976,1406768,4220304,16.0,48.0,16,16
adaptive,1,88423,88464,672,2016,1407440,4222320,16.0,48.0,16,16
adaptive,1,88465,88513,784,2352,1408224,4224672,16.0,48.0,16,16
adaptive,1,88514,88581,1088,3264,1409312,4227936,16.0,48.0,16,16
adaptive,1,88582,88781,3200,9600,1412512,4237536,16.0,48.0,16,16
adaptive,1,88782,89081,4800,14400,1417312,4251936,16.0,48.0,16,16
adaptive,1,89082,89109,448,1344,1417760,4253280,16.0,48.0,16,16
adaptive,1,89110,89148,624,1872,1418384,4255152,16.0,48.0,16,16
adaptive,1,89149,89448,4800,14400,1423184,4269552,16.0,48.0,16,16
adaptive,1,89449,89748,4800,14400,1427984,4283952,16.0,48.0,16,16
adaptive,1,89749,90048,4800,14400,1432784,4298352,16.0,48.0,16,16
adaptive,1,90049,90086,608,1824,1433392,4300176,16.0,48.0,16,16
adaptive,1,90087,90165,1264,3792,1434656,4303968,16.0,48.0,16,16
adaptive,1,90166,90465,4800,14400,1439456,4318368,16.0,48.0,16,16
adaptive,1,90466,90765,4800,14400,1444256,4332768,16.0,48.0,16,16
adaptive,1,90766,91065,4800,14400,1449056,4347168,16.0,48.0,16,16
adaptive,1,91066,91139,1184,3552,1450240,4350720,16.0,48.0,16,16
adaptive,1,91140,91212,1168,3504,1451408,4354224,16.0,48.0,16,16
adaptive,1,91213,91283,1136,3408,1452544,4357632,16.0,48.0,16,16
adaptive,1,91284,91540,4112,12336,1456656,4369968,16.0,48.0,16,16
adaptive,1,91541,91561,336,1008,1456992,4370976,16.0,48.0,16,16
adaptive,1,91562,91735,2784,8352,1459776,4379328,16.0,48.0,16,16
adaptive,1,91736,91803,1088,3264,1460864,4382592,16.0,48.0,16,16
adaptive,1,91804,92103,4800,14400,1465664,4396992,16.0,48.0,16,16
adaptive,1,92104,92118,240,720,1465904,4397712,16.0,48.0,16,16
adaptive,1,92119,92170,832,2496,1466736,4400208,16.0,48.0,16,16
adaptive,1,92171,92375,3280,9840,1470016,4410048,16.0,48.0,16,16
adaptive,1,92376,92419,704,2112,1470720,4412160,16.0,48.0,16,16
adaptive,1,92420,92447,448,1344,1471168,4413504,16.0,48.0,16,16
adaptive,1,92448,92468,336,1008,1471504,4414512,16.0,48.0,16,16
adaptive,1,92469,92638,2720,8160,1474224,4422672,16.0,48.0,16,16
adaptive,1,92639,92765,2032,6096,1476256,4428768,16.0,48.0,16,16
adaptive,1,92766,92864,1584,4752,1477840,4433520,16.0,48.0,16,16
adaptive,1,92865,92891,432,1296,1478272,4434816,16.0,48.0,16,16
adaptive,1,92892,93191,4800,14400,1483072,4449216,16.0,48.0,16,16
adaptive,1,93192,93392,3216,9648,1486288,4458864,16.0,48.0,16,16
adaptive,1,93393,93415,368,1104,1486656,4459968,16.0,48.0,16,16
adaptive,1,93416,93715,4800,14400,1491456,4474368,16.0,48.0,16,16
adaptive,1,93716,93781,1056,3168,1492512,4477536,16.0,48.0,16,16
adaptive,1,93782,93873,1472,4416,1493984,4481952,16.0,48.0,16,16
adaptive,1,93874,93922,784,2352,1494768,4484304,16.0,48.0,16,16
adaptive,1,93923,94067,2320,6960,1497088,4491264,16.0,48.0,16,16
adaptive,1,94068,94196,2064,6192,1499152,4497456,16.0,48.0,16,16
adaptive,1,94197,94241,720,2160,1499872,4499616,16.0,48.0,16,16
adaptive,1,94242,94541,4800,14400,1504672,4514016,16.0,48.0,16,16
adaptive,1,94542,94546,80,240,1504752,4514256,16.0,48.0,16,16
adaptive,1,94547,94573,432,1296,1505184,4515552,16.0,48.0,16,16
adaptive,1,94574,94686,1808,5424,1506992,4520976,16.0,48.0,16,16
adaptive,1,94687,94986,4800,14400,1511792,4535376,16.0,48.0,16,16
adaptive,1,94987,95286,4800,14400,1516592,4549776,16.0,48.0,16,16
adaptive,1,95287,95441,2480,7440,1519072,4557216,16.0,48.0,16,16
adaptive,1,95442,95712,4336,13008,1523408,4570224,16.0,48.0,16,16
adaptive,1,95713,96012,4800,14400,1528208,4584624,16.0,48.0,16,16
adaptive,1,96013,96028,256,768,1528464,4585392,16.0,48.0,16,16
adaptive,1,96029,96047,304,912,1528768,4586304,16.0,48.0,16,16
adaptive,1,96048,96347,4800,14400,1533568,4600704,16.0,48.0,16,16
adaptive,1,96348,96384,592,1776,1534160,4602480,16.0,48.0,16,16
adaptive,1,96385,96640,4096,12288,1538256,4614768,16.0,48.0,16,16
adaptive,1,96641,96882,3872,11616,1542128,4626384,16.0,48.0,16,16
adaptive,1,96883,97043,2576,7728,1544704,4634112,16.0,48.0,16,16
adaptive,1,97044,97343,4800,14400,1549504,4648512,16.0,48.0,16,16
adaptive,1,97344,97527,2944,8832,1552448,4657344,16.0,48.0,16,16
adaptive,1,97528,97561,544,1632,1552992,4658976,16.0,48.0,16,16
adaptive,1,97562,97861,4800,14400,1557792,4673376,16.0,48.0,16,16
adaptive,1,97862,97889,448,1344,1558240,4674720,16.0,48.0,16,16
adaptive,1,97890,97913,384,1152,1558624,4675872,16.0,48.0,16,16
adaptive,1,97914,98213,4800,14400,1563424,4690272,16.0,48.0,16,16
adaptive,1,98214,98453,3840,11520,1567264,4701792,16.0,48.0,16,16
adaptive,1,98454,98474,336,1008,1567600,4702800,16.0,48.0,16,16
adaptive,1,98475,98514,640,1920,1568240,4704720,16.0,48.0,16,16
adaptive,1,98515,98642,2048,6144,1570288,4710864,16.0,48.0,16,16
adaptive,1,98643,98826,2944,8832,1573232,4719696,16.0,48.0,16,16
adaptive,1,98827,99126,4800,14400,1578032,4734096,16.0,48.0,16,16
adaptive,1,99127,99426,4800,14400,1582832,4748496,16.0,48.0,16,16
adaptive,1,99427,99541,1840,5520,1584672,4754016,16.0,48.0,16,16
adaptive,1,99542,99581,640,1920,1585312,4755936,16.0,48.0,16,16
adaptive,1,99582,99881,4800,14400,1590112,4770336,16.0,48.0,16,16
adaptive,1,99882,99916,560,1680,1590672,4772016,16.0,48.0,16,16
adaptive,1,99917,100007,1456,4368,1592128,4776384,16.0,48.0,16,16
adaptive,1,100008,100307,4800,14400,1596928,4790784,16.0,48.0,16,16
adaptive,1,100308,100361,864,2592,1597792,4793376,16.0,48.0,16,16
adaptive,1,100362,100426,1040,3120,1598832,4796496,16.0,48.0,16,16
adaptive,1,100427,100430,64,192,1598896,4796688,16.0,48.0,16,16
adaptive,1,100431,100730,4800,14400,1603696,4811088,16.0,48.0,16,16
adaptive,1,100731,101030,4800,14400,1608496,4825488,16.0,48.0,16,16
adaptive,1,101031,101079,784,2352,1609280,4827840,16.0,48.0,16,16
adaptive,1,101080,101333,4064,12192,1613344,4840032,16.0,48.0,16,16
adaptive,1,101334,101419,1376,4128,1614720,4844160,16.0,48.0,16,16
adaptive,1,101420,101523,1664,4992,1616384,4849152,16.0,48.0,16,16
adaptive,1,101524,101621,1568,4704,1617952,4853856,16.0,48.0,16,16
adaptive,1,101622,101866,3920,11760,1621872,4865616,16.0,48.0,16,16
adaptive,1,101867,102166,4800,14400,1626672,4880016,16.0,48.0,16,16
adaptive,1,102167,102466,4800,14400,1631472,4894416,16.0,48.0,16,16
adaptive,1,102467,102522,896,2688,1632368,4897104,16.0,48.0,16,16
adaptive,1,102523,102556,544,1632,1632912,4898736,16.0,48.0,16,16
adaptive,1,102557,102587,496,1488,1633408,4900224,16.0,48.0,16,16
adaptive,1,102588,102681,1504,4512,1634912,4904736,16.0,48.0,16,16
adaptive,1,102682,102804,1968,5904,1636880,4910640,16.0,48.0,16,16
adaptive,1,102805,102835,496,1488,1637376,4912128,16.0,48.0,16,16
adaptive,1,102836,102909,1184,3552,1638560,4915680,16.0,48.0,16,16
adaptive,1,102910,102927,288,864,1638848,4916544,16.0,48.0,16,16
adaptive,1,102928,103227,4800,14400,1643648,4930944,16.0,48.0,16,16
adaptive,1,103228,103527,4800,14400,1648448,4945344,16.0,48.0,16,16
adaptive,1,103528,103645,1888,5664,1650336,4951008,16.0,48.0,16,16
adaptive,1,103646,103691,736,2208,1651072,4953216,16.0,48.0,16,16
adaptive,1,103692,103991,4800,14400,1655872,4967616,16.0,48.0,16,16
adaptive,1,103992,104044,848,2544,1656720,4970160,16.0,48.0,16,16
adaptive,1,104045,104053,144,432,1656864,4970592,16.0,48.0,16,16
adaptive,1,104054,104133,1280,3840,1658144,4974432,16.0,48.0,16,16
adaptive,1,104134,104433,4800,14400,1662944,4988832,16.0,48.0,16,16
adaptive,1,104434,104498,1040,3120,1663984,4991952,16.0,48.0,16,16
adaptive,1,104499,104546,768,2304,1664752,4994256,16.0,48.0,16,16
adaptive,1,104547,104846,4800,14400,1669552,5008656,16.0,48.0,16,16
adaptive,1,104847,104892,736,2208,1670288,5010864,16.0,48.0,16,16
adaptive,1,104893,105147,4080,12240,1674368,5023104,16.0,48.0,16,16
adaptive,1,105148,105167,320,960,1674688,5024064,16.0,48.0,16,16
adaptive,1,105168,105467,4800,14400,1679488,5038464,16.0,48.0,16,16
adaptive,1,105468,105566,1584,4752,1681072,5043216,16.0,48.0,16,16
adaptive,1,105567,105866,4800,14400,1685872,5057616,16.0,48.0,16,16
adaptive,1,105867,106166,4800,14400,1690672,5072016,16.0,48.0,16,16
adaptive,1,106167,106231,1040,3120,1691712,5075136,16.0,48.0,16,16
adaptive,1,106232,106344,1808,5424,1693520,5080560,16.0,48.0,16,16
adaptive,1,106345,106522,2848,8544,1696368,5089104,16.0,48.0,16,16
adaptive,1,106523,106636,1824,5472,1698192,5094576,16.0,48.0,16,16
adaptive,1,106637,106671,560,1680,1698752,5096256,16.0,48.0,16,16
adaptive,1,106672,106711,640,1920,1699392,5098176,16.0,48.0,16,16
adaptive,1,106712,107011,4800,14400,1704192,5112576,16.0,48.0,16,16
adaptive,1,107012,107311,4800,14400,1708992,5126976,16.0,48.0,16,16
adaptive,1,107312,107424,1808,5424,1710800,5132400,16.0,48.0,16,16
adaptive,1,107425,107518,1504,4512,1712304,5136912,16.0,48.0,16,16
adaptive,1,107519,107553,560,1680,1712864,5138592,16.0,48.0,16,16
adaptive,1,107554,107628,1200,3600,1714064,5142192,16.0,48.0,16,16
adaptive,1,107629,107747,1904,5712,1715968,5147904,16.0,48.0,16,16
adaptive,1,107748,107999,4032,12096,1720000,5160000,16.0,48.0,16,16
adaptive,1,108000,108007,128,384,1720128,5160384,16.0,48.0,16,16
adaptive,1,108008,108142,2160,6480,1722288,5166864,16.0,48.0,16,16
adaptive,1,108143,108396,4064,12192,1726352,5179056,16.0,48.0,16,16
adaptive,1,108397,108696,4800,14400,1731152,5193456,16.0,48.0,16,16
adaptive,1,108697,108704,128,384,1731280,5193840,16.0,48.0,16,16
adaptive,1,108705,108722,288,864,1731568,5194704,16.0,48.0,16,16
adaptive,1,108723,108736,224,672,1731792,5195376,16.0,48.0,16,16
adaptive,1,108737,109017,4496,13488,1736288,5208864,16.0,48.0,16,16
adaptive,1,109018,109113,1536,4608,1737824,5213472,16.0,48.0,16,16
adaptive,1,109114,109413,4800,14400,1742624,5227872,16.0,48.0,16,16
adaptive,1,109414,109603,3040,9120,1745664,5236992,16.0,48.0,16,16
adaptive,1,109604,109771,2688,8064,1748352,5245056,16.0,48.0,16,16
adaptive,1,109772,109908,2192,6576,1750544,5251632,16.0,48.0,16,16
adaptive,1,109909,110208,4800,14400,1755344,5266032,16.0,48.0,16,16
adaptive,1,110209,110508,4800,14400,1760144,5280432,16.0,48.0,16,16
adaptive,1,110509,110558,800,2400,1760944,5282832,16.0,48.0,16,16
adaptive,1,110559,110653,1520,4560,1762464,5287392,16.0,48.0,16,16
adaptive,1,110654,110953,4800,14400,1767264,5301792,16.0,48.0,16,16
adaptive,1,110954,111240,4592,13776,1771856,5315568,16.0,48.0,16,16
adaptive,1,111241,111483,3888,11664,1775744,5327232,16.0,48.0,16,16
adaptive,1,111484,111606,1968,5904,1777712,5333136,16.0,48.0,16,16
adaptive,1,111607,111772,2656,7968,1780368,5341104,16.0,48.0,16,16
adaptive,1,111773,112072,4800,14400,1785168,5355504,16.0,48.0,16,16
adaptive,1,112073,112135,1008,3024,1786176,5358528,16.0,48.0,16,16
adaptive,1,112136,112175,640,1920,1786816,5360448,16.0,48.0,16,16
adaptive,1,112176,112210,560,1680,1787376,5362128,16.0,48.0,16,16
adaptive,1,112211,112240,480,1440,1787856,5363568,16.0,48.0,16,16
adaptive,1,112241,112255,240,720,1788096,5364288,16.0,48.0,16,16
adaptive,1,112256,112289,544,1632,1788640,5365920,16.0,48.0,16,16
adaptive,1,112290,112330,656,1968,1789296,5367888,16.0,48.0,16,16
adaptive,1,112331,112433,1648,4944,1790944,5372832,16.0,48.0,16,16
adaptive,1,112434,112446,208,624,1791152,5373456,16.0,48.0,16,16
adaptive,1,112447,112473,432,1296,1791584,5374752,16.0,48.0,16,16
adaptive,1,112474,112773,4800,14400,1796384,5389152,16.0,48.0,16,16
adaptive,1,112774,112969,3136,9408,1799520,5398560,16.0,48.0,16,16
adaptive,1,112970,113269,4800,14400,1804320,5412960,16.0,48.0,16,16
adaptive,1,113270,113569,4800,14400,1809120,5427360,16.0,48.0,16,16
adaptive,1,113570,113611,672,2016,1809792,5429376,16.0,48.0,16,16
adaptive,1,113612,113626,240,720,1810032,5430096,16.0,48.0,16,16
adaptive,1,113627,113926,4800,14400,1814832,5444496,16.0,48.0,16,16
adaptive,1,113927,113944,288,864,1815120,5445360,16.0,48.0,16,16
adaptive,1,113945,113971,432,1296,1815552,5446656,16.0,48.0,16,16
adaptive,1,113972,114084,1808,5424,1817360,5452080,16.0,48.0,16,16
adaptive,1,114085,114347,4208,12624,1821568,5464704,16.0,48.0,16,16
adaptive,1,114348,114647,4800,14400,1826368,5479104,16.0,48.0,16,16
adaptive,1,114648,114747,1600,4800,1827968,5483904,16.0,48.0,16,16
adaptive,1,114748,114772,400,1200,1828368,5485104,16.0,48.0,16,16
adaptive,1,114773,114784,192,576,1828560,5485680,16.0,48.0,16,16
adaptive,1,114785,115084,4800,14400,1833360,5500080,16.0,48.0,16,16
adaptive,1,115085,115091,112,336,1833472,5500416,16.0,48.0,16,16
adaptive,1,115092,115391,4800,14400,1838272,5514816,16.0,48.0,16,16
adaptive,1,115392,115414,368,1104,1838640,5515920,16.0,48.0,16,16
adaptive,1,115415,115656,3872,11616,1842512,5527536,16.0,48.0,16,16
adaptive,1,115657,115723,1072,3216,1843584,5530752,16.0,48.0,16,16
adaptive,1,115724,115830,1712,5136,1845296,5535888,16.0,48.0,16,16
adaptive,1,115831,116130,4800,14400,1850096,5550288,16.0,48.0,16,16
adaptive,1,116131,116352,3552,10656,1853648,5560944,16.0,48.0,16,16
adaptive,1,116353,116537,2960,8880,1856608,5569824,16.0,48.0,16,16
adaptive,1,116538,116738,3216,9648,1859824,5579472,16.0,48.0,16,16
adaptive,1,116739,116838,1600,4800,1861424,5584272,16.0,48.0,16,16
adaptive,1,116839,117061,3568,10704,1864992,5594976,16.0,48.0,16,16
adaptive,1,117062,117082,336,1008,1865328,5595984,16.0,48.0,16,16
adaptive,1,117083,117125,688,2064,1866016,5598048,16.0,48.0,16,16
adaptive,1,117126,117368,3888,11664,1869904,5609712,16.0,48.0,16,16
adaptive,1,117369,117481,1808,5424,1871712,5615136,16.0,48.0,16,16
adaptive,1,117482,117781,4800,14400,1876512,5629536,16.0,48.0,16,16
adaptive,1,117782,117966,2960,8880,1879472,5638416,16.0,48.0,16,16
adaptive,1,117967,118026,960,2880,1880432,5641296,16.0,48.0,16,16
adaptive,1,118027,118326,4800,14400,1885232,5655696,16.0,48.0,16,16
adaptive,1,118327,118391,1040,3120,1886272,5658816,16.0,48.0,16,16
adaptive,1,118392,118414,368,1104,1886640,5659920,16.0,48.0,16,16
adaptive,1,118415,118471,912,2736,1887552,5662656,16.0,48.0,16,16
adaptive,1,118472,118771,4800,14400,1892352,5677056,16.0,48.0,16,16
adaptive,1,118772,118941,2720,8160,1895072,5685216,16.0,48.0,16,16
adaptive,1,118942,119122,2896,8688,1897968,5693904,16.0,48.0,16,16
adaptive,1,119123,119160,608,1824,1898576,5695728,16.0,48.0,16,16
adaptive,1,119161,119251,1456,4368,1900032,5700096,16.0,48.0,16,16
adaptive,1,119252,119551,4800,14400,1904832,5714496,16.0,48.0,16,16
adaptive,1,119552,119788,3792,11376,1908624,5725872,16.0,48.0,16,16
adaptive,1,119789,119792,64,192,1908688,5726064,16.0,48.0,16,16
adaptive,1,119793,119909,1872,5616,1910560,5731680,16.0,48.0,16,16
adaptive,1,119910,120016,1712,5136,1912272,5736816,16.0,48.0,16,16
adaptive,1,120017,120056,640,1920,1912912,5738736,16.0,48.0,16,16
adaptive,1,120057,120070,224,672,1913136,5739408,16.0,48.0,16,16
adaptive,1,120071,120370,4800,14400,1917936,5753808,16.0,48.0,16,16
adaptive,1,120371,120670,4800,14400,1922736,5768208,16.0,48.0,16,16
adaptive,1,120671,120687,272,816,1923008,5769024,16.0,48.0,16,16
adaptive,1,120688,120987,4800,14400,1927808,5783424,16.0,48.0,16,16
adaptive,1,120988,121287,4800,14400,1932608,5797824,16.0,48.0,16,16
adaptive,1,121288,121417,2080,6240,1934688,5804064,16.0,48.0,16,16
adaptive,1,121418,121487,1120,3360,1935808,5807424,16.0,48.0,16,16
adaptive,1,121488,121573,1376,4128,1937184,5811552,16.0,48.0,16,16
adaptive,1,121574,121873,4800,14400,1941984,5825952,16.0,48.0,16,16
adaptive,1,121874,121942,1104,3312,1943088,5829264,16.0,48.0,16,16
adaptive,1,121943,122090,2368,7104,1945456,5836368,16.0,48.0,16,16
adaptive,1,122091,122136,736,2208,1946192,5838576,16.0,48.0,16,16
adaptive,1,122137,122436,4800,14400,1950992,5852976,16.0,48.0,16,16
adaptive,1,122437,122613,2832,8496,1953824,5861472,16.0,48.0,16,16
adaptive,1,122614,122724,1776,5328,1955600,5866800,16.0,48.0,16,16
adaptive,1,122725,122835,1776,5328,1957376,5872128,16.0,48.0,16,16
adaptive,1,122836,122975,2240,6720,1959616,5878848,16.0,48.0,16,16
adaptive,1,122976,123045,1120,3360,1960736,5882208,16.0,48.0,16,16
adaptive,1,123046,123134,1424,4272,1962160,5886480,16.0,48.0,16,16
adaptive,1,123135,123311,2832,8496,1964992,5894976,16.0,48.0,16,16
adaptive,1,123312,123611,4800,14400,1969792,5909376,16.0,48.0,16,16
adaptive,1,123612,123679,1088,3264,1970880,5912640,16.0,48.0,16,16
adaptive,1,123680,123706,432,1296,1971312,5913936,16.0,48.0,16,16
adaptive,1,123707,123730,384,1152,1971696,5915088,16.0,48.0,16,16
adaptive,1,123731,124030,4800,14400,1976496,5929488,16.0,48.0,16,16
adaptive,1,124031,124081,816,2448,1977312,5931936,16.0,48.0,16,16
adaptive,1,124082,124112,496,1488,1977808,5933424,16.0,48.0,16,16
adaptive,1,124113,124166,864,2592,1978672,5936016,16.0,48.0,16,16
adaptive,1,124167,124423,4112,12336,1982784,5948352,16.0,48.0,16,16
adaptive,1,124424,124442,304,912,1983088,5949264,16.0,48.0,16,16
adaptive,1,124443,124468,416,1248,1983504,5950512,16.0,48.0,16,16
adaptive,1,124469,124528,960,2880,1984464,5953392,16.0,48.0,16,16
adaptive,1,124529,124709,2896,8688,1987360,5962080,16.0,48.0,16,16
adaptive,1,124710,124780,1136,3408,1988496,5965488,16.0,48.0,16,16
adaptive,1,124781,124798,288,864,1988784,5966352,16.0,48.0,16,16
adaptive,1,124799,124848,800,2400,1989584,5968752,16.0,48.0,16,16
adaptive,1,124849,124919,1136,3408,1990720,5972160,16.0,48.0,16,16
adaptive,1,124920,125092,2768,8304,1993488,5980464,16.0,48.0,16,16
adaptive,1,125093,125340,3968,11904,1997456,5992368,16.0,48.0,16,16
adaptive,1,125341,125576,3776,11328,2001232,6003696,16.0,48.0,16,16
adaptive,1,125577,125789,3408,10224,2004640,6013920,16.0,48.0,16,16
adaptive,1,125790,125836,752,2256,2005392,6016176,16.0,48.0,16,16
adaptive,1,125837,125892,896,2688,2006288,6018864,16.0,48.0,16,16
adaptive,1,125893,125914,352,1056,2006640,6019920,16.0,48.0,16,16
adaptive,1,125915,126000,1376,4128,2008016,6024048,16.0,48.0,16,16
adaptive,1,126001,126067,1072,3216,2009088,6027264,16.0,48.0,16,16
adaptive,1,126068,126198,2096,6288,2011184,6033552,16.0,48.0,16,16
adaptive,1,126199,126285,1392,4176,2012576,6037728,16.0,48.0,16,16
adaptive,1,126286,126555,4320,12960,2016896,6050688,16.0,48.0,16,16
adaptive,1,126556,126587,512,1536,2017408,6052224,16.0,48.0,16,16
adaptive,1,126588,126887,4800,14400,2022208,6066624,16.0,48.0,16,16
adaptive,1,126888,126989,1632,4896,2023840,6071520,16.0,48.0,16,16
adaptive,1,126990,127090,1616,4848,2025456,6076368,16.0,48.0,16,16
adaptive,1,127091,127390,4800,14400,2030256,6090768,16.0,48.0,16,16
adaptive,1,127391,127539,2384,7152,2032640,6097920,16.0,48.0,16,16
adaptive,1,127540,127828,4624,13872,2037264,6111792,16.0,48.0,16,16
adaptive,1,127829,127905,1232,3696,2038496,6115488,16.0,48.0,16,16
adaptive,1,127906,127998,1488,4464,2039984,6119952,16.0,48.0,16,16
adaptive,1,127999,128019,336,1008,2040320,6120960,16.0,48.0,16,16
adaptive,1,128020,128191,2752,8256,2043072,6129216,16.0,48.0,16,16
adaptive,1,128192,128249,928,2784,2044000,6132000,16.0,48.0,16,16
adaptive,1,128250,128274,400,1200,2044400,6133200,16.0,48.0,16,16
adaptive,1,128275,128302,448,1344,2044848,6134544,16.0,48.0,16,16
adaptive,1,128303,128501,3184,9552,2048032,6144096,16.0,48.0,16,16
adaptive,1,128502,128687,2976,8928,2051008,6153024,16.0,48.0,16,16
adaptive,1,128688,128987,4800,14400,2055808,6167424,16.0,48.0,16,16
adaptive,1,128988,129060,1168,3504,2056976,6170928,16.0,48.0,16,16
adaptive,1,129061,129102,672,2016,2057648,6172944,16.0,48.0,16,16
adaptive,1,129103,129189,1392,4176,2059040,6177120,16.0,48.0,16,16
adaptive,1,129190,129489,4800,14400,2063840,6191520,16.0,48.0,16,16
adaptive,1,129490,129724,3760,11280,2067600,6202800,16.0,48.0,16,16
adaptive,1,129725,129845,1936,5808,2069536,6208608,16.0,48.0,16,16
adaptive,1,129846,130145,4800,14400,2074336,6223008,16.0,48.0,16,16
adaptive,1,130146,130265,1920,5760,2076256,6228768,16.0,48.0,16,16
adaptive,1,130266,130565,4800,14400,2081056,6243168,16.0,48.0,16,16
adaptive,1,130566,130680,1840,5520,2082896,6248688,16.0,48.0,16,16
adaptive,1,130681,130795,1840,5520,2084736,6254208,16.0,48.0,16,16
adaptive,1,130796,130811,256,768,2084992,6254976,16.0,48.0,16,16
adaptive,1,130812,130950,2224,6672,2087216,6261648,16.0,48.0,16,16
adaptive,1,130951,130963,208,624,2087424,6262272,16.0,48.0,16,16
adaptive,1,130964,131263,4800,14400,2092224,6276672,16.0,48.0,16,16
adaptive,1,131264,131563,4800,14400,2097024,6291072,16.0,48.0,16,16
adaptive,1,131564,131690,2032,6096,2099056,6297168,16.0,48.0,16,16
adaptive,1,131691,131784,1504,4512,2100560,6301680,16.0,48.0,16,16
adaptive,1,131785,131797,208,624,2100768,6302304,16.0,48.0,16,16
adaptive,1,131798,131836,624,1872,2101392,6304176,16.0,48.0,16,16
adaptive,1,131837,131932,1536,4608,2102928,6308784,16.0,48.0,16,16
adaptive,1,131933,131946,224,672,2103152,6309456,16.0,48.0,16,16
adaptive,1,131947,132246,4800,14400,2107952,6323856,16.0,48.0,16,16
adaptive,1,132247,132334,1408,4224,2109360,6328080,16.0,48.0,16,16
adaptive,1,132335,132472,2208,6624,2111568,6334704,16.0,48.0,16,16
adaptive,1,132473,132580,1728,5184,2113296,6339888,16.0,48.0,16,16
adaptive,1,132581,132741,2576,7728,2115872,6347616,16.0,48.0,16,16
adaptive,1,132742,132826,1360,4080,2117232,6351696,16.0,48.0,16,16
adaptive,1,132827,132944,1888,5664,2119120,6357360,16.0,48.0,16,16
adaptive,1,132945,133244,4800,14400,2123920,6371760,16.0,48.0,16,16
adaptive,1,133245,133344,1600,4800,2125520,6376560,16.0,48.0,16,16
adaptive,1,133345,133466,1952,5856,2127472,6382416,16.0,48.0,16,16
adaptive,1,133467,133558,1472,4416,2128944,6386832,16.0,48.0,16,16
adaptive,1,133559,133650,1472,4416,2130416,6391248,16.0,48.0,16,16
adaptive,1,133651,133692,672,2016,2131088,6393264,16.0,48.0,16,16
adaptive,1,133693,133733,656,1968,2131744,6395232,16.0,48.0,16,16
adaptive,1,133734,133851,1888,5664,2133632,6400896,16.0,48.0,16,16
adaptive,1,133852,133953,1632,4896,2135264,6405792,16.0,48.0,16,16
adaptive,1,133954,134046,1488,4464,2136752,6410256,16.0,48.0,16,16
adaptive,1,134047,134135,1424,4272,2138176,6414528,16.0,48.0,16,16
adaptive,1,134136,134224,1424,4272,2139600,6418800,16.0,48.0,16,16
adaptive,1,134225,134313,1424,4272,2141024,6423072,16.0,48.0,16,16
adaptive,1,134314,134401,1408,4224,2142432,6427296,16.0,48.0,16,16
adaptive,1,134402,134436,560,1680,2142992,6428976,16.0,48.0,16,16
adaptive,1,134437,134518,1312,3936,2144304,6432912,16.0,48.0,16,16
adaptive,1,134519,134639,1936,5808,2146240,6438720,16.0,48.0,16,16
adaptive,1,134640,134722,1328,3984,2147568,6442704,16.0,48.0,16,16
adaptive,1,134723,134831,1744,5232,2149312,6447936,16.0,48.0,16,16
adaptive,1,134832,135131,4800,14400,2154112,6462336,16.0,48.0,16,16
adaptive,1,135132,135155,384,1152,2154496,6463488,16.0,48.0,16,16
adaptive,1,135156,135262,1712,5136,2156208,6468624,16.0,48.0,16,16
adaptive,1,135263,135353,1456,4368,2157664,6472992,16.0,48.0,16,16
adaptive,1,135354,135425,1152,3456,2158816,6476448,16.0,48.0,16,16
adaptive,1,135426,135515,1440,4320,2160256,6480768,16.0,48.0,16,16
adaptive,1,135516,135599,1344,4032,2161600,6484800,16.0,48.0,16,16
adaptive,1,135600,135792,3088,9264,2164688,6494064,16.0,48.0,16,16
adaptive,1,135793,135868,1216,3648,2165904,6497712,16.0,48.0,16,16
adaptive,1,135869,136033,2640,7920,2168544,6505632,16.0,48.0,16,16
adaptive,1,136034,136065,512,1536,2169056,6507168,16.0,48.0,16,16
adaptive,1,136066,136168,1648,4944,2170704,6512112,16.0,48.0,16,16
adaptive,1,136169,136264,1536,4608,2172240,6516720,16.0,48.0,16,16
adaptive,1,136265,136350,1376,4128,2173616,6520848,16.0,48.0,16,16
adaptive,1,136351,136650,4800,14400,2178416,6535248,16.0,48.0,16,16
adaptive,1,136651,136736,1376,4128,2179792,6539376,16.0,48.0,16,16
adaptive,1,136737,136770,544,1632,2180336,6541008,16.0,48.0,16,16
adaptive,1,136771,136976,3296,9888,2183632,6550896,16.0,48.0,16,16
adaptive,1,136977,137276,4800,14400,2188432,6565296,16.0,48.0,16,16
adaptive,1,137277,137375,1584,4752,2190016,6570048,16.0,48.0,16,16
adaptive,1,137376,137495,1920,5760,2191936,6575808,16.0,48.0,16,16
adaptive,1,137496,137570,1200,3600,2193136,6579408,16.0,48.0,16,16
adaptive,1,137571,137659,1424,4272,2194560,6583680,16.0,48.0,16,16
adaptive,1,137660,137743,1344,4032,2195904,6587712,16.0,48.0,16,16
adaptive,1,137744,137829,1376,4128,2197280,6591840,16.0,48.0,16,16
adaptive,1,137830,137925,1536,4608,2198816,6596448,16.0,48.0,16,16
adaptive,1,137926,138006,1296,3888,2200112,6600336,16.0,48.0,16,16
adaptive,1,138007,138087,1296,3888,2201408,6604224,16.0,48.0,16,16
adaptive,1,138088,138171,1344,4032,2202752,6608256,16.0,48.0,16,16
adaptive,1,138172,138273,1632,4896,2204384,6613152,16.0,48.0,16,16
adaptive,1,138274,138392,1904,5712,2206288,6618864,16.0,48.0,16,16
adaptive,1,138393,138505,1808,5424,2208096,6624288,16.0,48.0,16,16
adaptive,1,138506,138805,4800,14400,2212896,6638688,16.0,48.0,16,16
adaptive,1,138806,138931,2016,6048,2214912,6644736,16.0,48.0,16,16
adaptive,1,138932,139231,4800,14400,2219712,6659136,16.0,48.0,16,16
adaptive,1,139232,139412,2896,8688,2222608,6667824,16.0,48.0,16,16
adaptive,1,139413,139712,4800,14400,2227408,6682224,16.0,48.0,16,16
adaptive,1,139713,140012,4800,14400,2232208,6696624,16.0,48.0,16,16
adaptive,1,140013,140030,288,864,2232496,6697488,16.0,48.0,16,16
adaptive,1,140031,140121,1456,4368,2233952,6701856,16.0,48.0,16,16
adaptive,1,140122,140143,352,1056,2234304,6702912,16.0,48.0,16,16
adaptive,1,140144,140217,1184,3552,2235488,6706464,16.0,48.0,16,16
adaptive,1,140218,140293,1216,3648,2236704,6710112,16.0,48.0,16,16
adaptive,1,140294,140404,1776,5328,2238480,6715440,16.0,48.0,16,16
adaptive,1,140405,140543,2224,6672,2240704,6722112,16.0,48.0,16,16
adaptive,1,140544,140642,1584,4752,2242288,6726864,16.0,48.0,16,16
adaptive,1,140643,140732,1440,4320,2243728,6731184,16.0,48.0,16,16
adaptive,1,140733,140818,1376,4128,2245104,6735312,16.0,48.0,16,16
adaptive,1,140819,141118,4800,14400,2249904,6749712,16.0,48.0,16,16
adaptive,1,141119,141250,2112,6336,2252016,6756048,16.0,48.0,16,16
adaptive,1,141251,141332,1312,3936,2253328,6759984,16.0,48.0,16,16
adaptive,1,141333,141414,1312,3936,2254640,6763920,16.0,48.0,16,16
adaptive,1,141415,141511,1552,4656,2256192,6768576,16.0,48.0,16,16
adaptive,1,141512,141582,1136,3408,2257328,6771984,16.0,48.0,16,16
adaptive,1,141583,141668,1376,4128,2258704,6776112,16.0,48.0,16,16
adaptive,1,141669,141699,496,1488,2259200,6777600,16.0,48.0,16,16
adaptive,1,141700,141776,1232,3696,2260432,6781296,16.0,48.0,16,16
adaptive,1,141777,141858,1312,3936,2261744,6785232,16.0,48.0,16,16
adaptive,1,141859,142064,3296,9888,2265040,6795120,16.0,48.0,16,16
adaptive,1,142065,142159,1520,4560,2266560,6799680,16.0,48.0,16,16
adaptive,1,142160,142261,1632,4896,2268192,6804576,16.0,48.0,16,16
adaptive,1,142262,142355,1504,4512,2269696,6809088,16.0,48.0,16,16
adaptive,1,142356,142430,1200,3600,2270896,6812688,16.0,48.0,16,16
adaptive,1,142431,142509,1264,3792,2272160,6816480,16.0,48.0,16,16
adaptive,1,142510,142597,1408,4224,2273568,6820704,16.0,48.0,16,16
adaptive,1,142598,142688,1456,4368,2275024,6825072,16.0,48.0,16,16
adaptive,1,142689,142787,1584,4752,2276608,6829824,16.0,48.0,16,16
adaptive,1,142788,142863,1216,3648,2277824,6833472,16.0,48.0,16,16
adaptive,1,142864,142964,1616,4848,2279440,6838320,16.0,48.0,16,16
adaptive,1,142965,143064,1600,4800,2281040,6843120,16.0,48.0,16,16
adaptive,1,143065,143152,1408,4224,2282448,6847344,16.0,48.0,16,16
adaptive,1,143153,143229,1232,3696,2283680,6851040,16.0,48.0,16,16
adaptive,1,143230,143237,128,384,2283808,6851424,16.0,48.0,16,16
adaptive,1,143238,143320,1328,3984,2285136,6855408,16.0,48.0,16,16
adaptive,1,143321,143384,1024,3072,2286160,6858480,16.0,48.0,16,16
adaptive,1,143385,143456,1152,3456,2287312,6861936,16.0,48.0,16,16
adaptive,1,143457,143536,1280,3840,2288592,6865776,16.0,48.0,16,16
adaptive,1,143537,143616,1280,3840,2289872,6869616,16.0,48.0,16,16
adaptive,1,143617,143696,1280,3840,2291152,6873456,16.0,48.0,16,16
adaptive,1,143697,143769,1168,3504,2292320,6876960,16.0,48.0,16,16
adaptive,1,143770,143850,1296,3888,2293616,6880848,16.0,48.0,16,16
adaptive,1,143851,144150,4800,14400,2298416,6895248,16.0,48.0,16,16
adaptive,1,144151,144238,1408,4224,2299824,6899472,16.0,48.0,16,16
adaptive,1,144239,144316,1248,3744,2301072,6903216,16.0,48.0,16,16
adaptive,1,144317,144404,1408,4224,2302480,6907440,16.0,48.0,16,16
adaptive,1,144405,144488,1344,4032,2303824,6911472,16.0,48.0,16,16
adaptive,1,144489,144562,1184,3552,2305008,6915024,16.0,48.0,16,16
adaptive,1,144563,144643,1296,3888,2306304,6918912,16.0,48.0,16,16
adaptive,1,144644,144704,976,2928,2307280,6921840,16.0,48.0,16,16
adaptive,1,144705,144779,1200,3600,2308480,6925440,16.0,48.0,16,16
adaptive,1,144780,144847,1088,3264,2309568,6928704,16.0,48.0,16,16
adaptive,1,144848,144922,1200,3600,2310768,6932304,16.0,48.0,16,16
adaptive,1,144923,144998,1216,3648,2311984,6935952,16.0,48.0,16,16
adaptive,1,144999,145120,1952,5856,2313936,6941808,16.0,48.0,16,16
adaptive,1,145121,145202,1312,3936,2315248,6945744,16.0,48.0,16,16
adaptive,1,145203,145404,3232,9696,2318480,6955440,16.0,48.0,16,16
adaptive,1,145405,145483,1264,3792,2319744,6959232,16.0,48.0,16,16
adaptive,1,145484,145783,4800,14400,2324544,6973632,16.0,48.0,16,16
adaptive,1,145784,146042,4144,12432,2328688,6986064,16.0,48.0,16,16
adaptive,1,146043,146122,1280,3840,2329968,6989904,16.0,48.0,16,16
adaptive,1,146123,146195,1168,3504,2331136,6993408,16.0,48.0,16,16
adaptive,1,146196,146279,1344,4032,2332480,6997440,16.0,48.0,16,16
adaptive,1,146280,146543,4224,12672,2336704,7010112,16.0,48.0,16,16
adaptive,1,146544,146659,1856,5568,2338560,7015680,16.0,48.0,16,16
adaptive,1,146660,146743,1344,4032,2339904,7019712,16.0,48.0,16,16
adaptive,1,146744,146839,1536,4608,2341440,7024320,16.0,48.0,16,16
adaptive,1,146840,146928,1424,4272,2342864,7028592,16.0,48.0,16,16
adaptive,1,146929,147054,2016,6048,2344880,7034640,16.0,48.0,16,16
adaptive,1,147055,147178,1984,5952,2346864,7040592,16.0,48.0,16,16
adaptive,1,147179,147478,4800,14400,2351664,7054992,16.0,48.0,16,16
adaptive,1,147479,147549,1136,3408,2352800,7058400,16.0,48.0,16,16
adaptive,1,147550,147619,1120,3360,2353920,7061760,16.0,48.0,16,16
adaptive,1,147620,147695,1216,3648,2355136,7065408,16.0,48.0,16,16
adaptive,1,147696,147766,1136,3408,2356272,7068816,16.0,48.0,16,16
adaptive,1,147767,147847,1296,3888,2357568,7072704,16.0,48.0,16,16
adaptive,1,147848,147915,1088,3264,2358656,7075968,16.0,48.0,16,16
adaptive,1,147916,147990,1200,3600,2359856,7079568,16.0,48.0,16,16
adaptive,1,147991,148071,1296,3888,2361152,7083456,16.0,48.0,16,16
adaptive,1,148072,148148,1232,3696,2362384,7087152,16.0,48.0,16,16
adaptive,1,148149,148226,1248,3744,2363632,7090896,16.0,48.0,16,16
adaptive,1,148227,148301,1200,3600,2364832,7094496,16.0,48.0,16,16
adaptive,1,148302,148308,112,336,2364944,7094832,16.0,48.0,16,16
adaptive,1,148309,148383,1200,3600,2366144,7098432,16.0,48.0,16,16
adaptive,1,148384,148469,1376,4128,2367520,7102560,16.0,48.0,16,16
adaptive,1,148470,148538,1104,3312,2368624,7105872,16.0,48.0,16,16
adaptive,1,148539,148838,4800,14400,2373424,7120272,16.0,48.0,16,16
adaptive,1,148839,148913,1200,3600,2374624,7123872,16.0,48.0,16,16
adaptive,1,148914,148985,1152,3456,2375776,7127328,16.0,48.0,16,16
adaptive,1,148986,149057,1152,3456,2376928,7130784,16.0,48.0,16,16
adaptive,1,149058,149127,1120,3360,2378048,7134144,16.0,48.0,16,16
adaptive,1,149128,149197,1120,3360,2379168,7137504,16.0,48.0,16,16
adaptive,1,149198,149271,1184,3552,2380352,7141056,16.0,48.0,16,16
adaptive,1,149272,149356,1360,4080,2381712,7145136,16.0,48.0,16,16
adaptive,1,149357,149424,1088,3264,2382800,7148400,16.0,48.0,16,16
adaptive,1,149425,149502,1248,3744,2384048,7152144,16.0,48.0,16,16
adaptive,1,149503,149530,448,1344,2384496,7153488,16.0,48.0,16,16
adaptive,1,149531,149601,1136,3408,2385632,7156896,16.0,48.0,16,16
adaptive,1,149602,149669,1088,3264,2386720,7160160,16.0,48.0,16,16
adaptive,1,149670,149806,2192,6576,2388912,7166736,16.0,48.0,16,16
adaptive,1,149807,149877,1136,3408,2390048,7170144,16.0,48.0,16,16
adaptive,1,149878,149949,1152,3456,2391200,7173600,16.0,48.0,16,16
adaptive,1,149950,149990,656,1968,2391856,7175568,16.0,48.0,16,16
adaptive,1,149991,150064,1184,3552,2393040,7179120,16.0,48.0,16,16
adaptive,1,150065,150130,1056,3168,2394096,7182288,16.0,48.0,16,16
adaptive,1,150131,150202,1152,3456,2395248,7185744,16.0,48.0,16,16
adaptive,1,150203,150271,1104,3312,2396352,7189056,16.0,48.0,16,16
adaptive,1,150272,150347,1216,3648,2397568,7192704,16.0,48.0,16,16
adaptive,1,150348,150413,1056,3168,2398624,7195872,16.0,48.0,16,16
adaptive,1,150414,150482,1104,3312,2399728,7199184,16.0,48.0,16,16
adaptive,1,150483,150554,1152,3456,2400880,7202640,16.0,48.0,16,16
adaptive,1,150555,150854,4800,14400,2405680,7217040,16.0,48.0,16,16
adaptive,1,150855,150925,1136,3408,2406816,7220448,16.0,48.0,16,16
adaptive,1,150926,150995,1120,3360,2407936,7223808,16.0,48.0,16,16
adaptive,1,150996,151067,1152,3456,2409088,7227264,16.0,48.0,16,16
adaptive,1,151068,151134,1072,3216,2410160,7230480,16.0,48.0,16,16
adaptive,1,151135,151204,1120,3360,2411280,7233840,16.0,48.0,16,16
adaptive,1,151205,151271,1072,3216,2412352,7237056,16.0,48.0,16,16
adaptive,1,151272,151347,1216,3648,2413568,7240704,16.0,48.0,16,16
adaptive,1,151348,151419,1152,3456,2414720,7244160,16.0,48.0,16,16
adaptive,1,151420,151493,1184,3552,2415904,7247712,16.0,48.0,16,16
adaptive,1,151494,151575,1312,3936,2417216,7251648,16.0,48.0,16,16
adaptive,1,151576,151648,1168,3504,2418384,7255152,16.0,48.0,16,16
adaptive,1,151649,151721,1168,3504,2419552,7258656,16.0,48.0,16,16
adaptive,1,151722,151791,1120,3360,2420672,7262016,16.0,48.0,16,16
adaptive,1,151792,151870,1264,3792,2421936,7265808,16.0,48.0,16,16
adaptive,1,151871,151936,1056,3168,2422992,7268976,16.0,48.0,16,16
adaptive,1,151937,151965,464,1392,2423456,7270368,16.0,48.0,16,16
adaptive,1,151966,152031,1056,3168,2424512,7273536,16.0,48.0,16,16
adaptive,1,152032,152103,1152,3456,2425664,7276992,16.0,48.0,16,16
adaptive,1,152104,152176,1168,3504,2426832,7280496,16.0,48.0,16,16
adaptive,1,152177,152260,1344,4032,2428176,7284528,16.0,48.0,16,16
adaptive,1,152261,152330,1120,3360,2429296,7287888,16.0,48.0,16,16
adaptive,1,152331,152398,1088,3264,2430384,7291152,16.0,48.0,16,16
adaptive,1,152399,152473,1200,3600,2431584,7294752,16.0,48.0,16,16
adaptive,1,152474,152589,1856,5568,2433440,7300320,16.0,48.0,16,16
adaptive,1,152590,152664,1200,3600,2434640,7303920,16.0,48.0,16,16
adaptive,1,152665,152742,1248,3744,2435888,7307664,16.0,48.0,16,16
adaptive,1,152743,152822,1280,3840,2437168,7311504,16.0,48.0,16,16
adaptive,1,152823,152913,1456,4368,2438624,7315872,16.0,48.0,16,16
adaptive,1,152914,152997,1344,4032,2439968,7319904,16.0,48.0,16,16
adaptive,1,152998,153082,1360,4080,2441328,7323984,16.0,48.0,16,16
adaptive,1,153083,153148,1056,3168,2442384,7327152,16.0,48.0,16,16
adaptive,1,153149,153220,1152,3456,2443536,7330608,16.0,48.0,16,16
adaptive,1,153221,153291,1136,3408,2444672,7334016,16.0,48.0,16,16
adaptive,1,153292,153385,1504,4512,2446176,7338528,16.0,48.0,16,16
adaptive,1,153386,153453,1088,3264,2447264,7341792,16.0,48.0,16,16
adaptive,1,153454,153461,128,384,2447392,7342176,16.0,48.0,16,16
adaptive,1,153462,153538,1232,3696,2448624,7345872,16.0,48.0,16,16
adaptive,1,153539,153602,1024,3072,2449648,7348944,16.0,48.0,16,16
adaptive,1,153603,153684,1312,3936,2450960,7352880,16.0,48.0,16,16
adaptive,1,153685,153764,1280,3840,2452240,7356720,16.0,48.0,16,16
adaptive,1,153765,153832,1088,3264,2453328,7359984,16.0,48.0,16,16
adaptive,1,153833,154100,4288,12864,2457616,7372848,16.0,48.0,16,16
adaptive,1,154101,154182,1312,3936,2458928,7376784,16.0,48.0,16,16
adaptive,1,154183,154192,160,480,2459088,7377264,16.0,48.0,16,16
adaptive,1,154193,154284,1472,4416,2460560,7381680,16.0,48.0,16,16
adaptive,1,154285,154351,1072,3216,2461632,7384896,16.0,48.0,16,16
adaptive,1,154352,154419,1088,3264,2462720,7388160,16.0,48.0,16,16
adaptive,1,154420,154585,2656,7968,2465376,7396128,16.0,48.0,16,16
adaptive,1,154586,154667,1312,3936,2466688,7400064,16.0,48.0,16,16
adaptive,1,154668,154743,1216,3648,2467904,7403712,16.0,48.0,16,16
adaptive,1,154744,154816,1168,3504,2469072,7407216,16.0,48.0,16,16
adaptive,1,154817,154891,1200,3600,2470272,7410816,16.0,48.0,16,16
adaptive,1,154892,154966,1200,3600,2471472,7414416,16.0,48.0,16,16
adaptive,1,154967,155143,2832,8496,2474304,7422912,16.0,48.0,16,16
adaptive,1,155144,155215,1152,3456,2475456,7426368,16.0,48.0,16,16
adaptive,1,155216,155291,1216,3648,2476672,7430016,16.0,48.0,16,16
adaptive,1,155292,155368,1232,3696,2477904,7433712,16.0,48.0,16,16
adaptive,1,155369,155439,1136,3408,2479040,7437120,16.0,48.0,16,16
adaptive,1,155440,155508,1104,3312,2480144,7440432,16.0,48.0,16,16
adaptive,1,155509,155578,1120,3360,2481264,7443792,16.0,48.0,16,16
adaptive,1,155579,155648,1120,3360,2482384,7447152,16.0,48.0,16,16
adaptive,1,155649,155721,1168,3504,2483552,7450656,16.0,48.0,16,16
adaptive,1,155722,155793,1152,3456,2484704,7454112,16.0,48.0,16,16
adaptive,1,155794,155863,1120,3360,2485824,7457472,16.0,48.0,16,16
adaptive,1,155864,155916,848,2544,2486672,7460016,16.0,48.0,16,16
adaptive,1,155917,155987,1136,3408,2487808,7463424,16.0,48.0,16,16
adaptive,1,155988,156061,1184,3552,2488992,7466976,16.0,48.0,16,16
adaptive,1,156062,156134,1168,3504,2490160,7470480,16.0,48.0,16,16
adaptive,1,156135,156208,1184,3552,2491344,7474032,16.0,48.0,16,16
adaptive,1,156209,156280,1152,3456,2492496,7477488,16.0,48.0,16,16
adaptive,1,156281,156326,736,2208,2493232,7479696,16.0,48.0,16,16
adaptive,1,156327,156394,1088,3264,2494320,7482960,16.0,48.0,16,16
adaptive,1,156395,156462,1088,3264,2495408,7486224,16.0,48.0,16,16
adaptive,1,156463,156549,1392,4176,2496800,7490400,16.0,48.0,16,16
adaptive,1,156550,156616,1072,3216,2497872,7493616,16.0,48.0,16,16
adaptive,1,156617,156685,1104,3312,2498976,7496928,16.0,48.0,16,16
adaptive,1,156686,156764,1264,3792,2500240,7500720,16.0,48.0,16,16
adaptive,1,156765,156842,1248,3744,2501488,7504464,16.0,48.0,16,16
adaptive,1,156843,156928,1376,4128,2502864,7508592,16.0,48.0,16,16
adaptive,1,156929,156998,1120,3360,2503984,7511952,16.0,48.0,16,16
adaptive,1,156999,157076,1248,3744,2505232,7515696,16.0,48.0,16,16
adaptive,1,157077,157153,1232,3696,2506464,7519392,16.0,48.0,16,16
adaptive,1,157154,157235,1312,3936,2507776,7523328,16.0,48.0,16,16
adaptive,1,157236,157305,1120,3360,2508896,7526688,16.0,48.0,16,16
adaptive,1,157306,157382,1232,3696,2510128,7530384,16.0,48.0,16,16
adaptive,1,157383,157414,512,1536,2510640,7531920,16.0,48.0,16,16
adaptive,1,157415,157489,1200,3600,2511840,7535520,16.0,48.0,16,16
adaptive,1,157490,157570,1296,3888,2513136,7539408,16.0,48.0,16,16
adaptive,1,157571,157641,1136,3408,2514272,7542816,16.0,48.0,16,16
adaptive,1,157642,157678,592,1776,2514864,7544592,16.0,48.0,16,16
adaptive,1,157679,157744,1056,3168,2515920,7547760,16.0,48.0,16,16
adaptive,1,157745,157814,1120,3360,2517040,7551120,16.0,48.0,16,16
adaptive,1,157815,157898,1344,4032,2518384,7555152,16.0,48.0,16,16
adaptive,1,157899,157976,1248,3744,2519632,7558896,16.0,48.0,16,16
adaptive,1,157977,158052,1216,3648,2520848,7562544,16.0,48.0,16,16
adaptive,1,158053,158097,720,2160,2521568,7564704,16.0,48.0,16,16
adaptive,1,158098,158180,1328,3984,2522896,7568688,16.0,48.0,16,16
adaptive,1,158181,158252,1152,3456,2524048,7572144,16.0,48.0,16,16
adaptive,1,158253,158320,1088,3264,2525136,7575408,16.0,48.0,16,16
adaptive,1,158321,158387,1072,3216,2526208,7578624,16.0,48.0,16,16
adaptive,1,158388,158458,1136,3408,2527344,7582032,16.0,48.0,16,16
adaptive,1,158459,158529,1136,3408,2528480,7585440,16.0,48.0,16,16
adaptive,1,158530,158599,1120,3360,2529600,7588800,16.0,48.0,16,16
adaptive,1,158600,158675,1216,3648,2530816,7592448,16.0,48.0,16,16
adaptive,1,158676,158748,1168,3504,2531984,7595952,16.0,48.0,16,16
adaptive,1,158749,158819,1136,3408,2533120,7599360,16.0,48.0,16,16
adaptive,1,158820,158891,1152,3456,2534272,7602816,16.0,48.0,16,16
adaptive,1,158892,158977,1376,4128,2535648,7606944,16.0,48.0,16,16
adaptive,1,158978,159058,1296,3888,2536944,7610832,16.0,48.0,16,16
adaptive,1,159059,159129,1136,3408,2538080,7614240,16.0,48.0,16,16
adaptive,1,159130,159195,1056,3168,2539136,7617408,16.0,48.0,16,16
adaptive,1,159196,159234,624,1872,2539760,7619280,16.0,48.0,16,16
adaptive,1,159235,159306,1152,3456,2540912,7622736,16.0,48.0,16,16
adaptive,1,159307,159577,4336,13008,2545248,7635744,16.0,48.0,16,16
adaptive,1,159578,159649,1152,3456,2546400,7639200,16.0,48.0,16,16
adaptive,1,159650,159722,1168,3504,2547568,7642704,16.0,48.0,16,16
adaptive,1,159723,159793,1136,3408,2548704,7646112,16.0,48.0,16,16
adaptive,1,159794,159864,1136,3408,2549840,7649520,16.0,48.0,16,16
adaptive,1,159865,159928,1024,3072,2550864,7652592,16.0,48.0,16,16
adaptive,1,159929,160003,1200,3600,2552064,7656192,16.0,48.0,16,16
adaptive,1,160004,160015,192,576,2552256,7656768,16.0,48.0,16,16
adaptive,1,160016,160085,1120,3360,2553376,7660128,16.0,48.0,16,16
adaptive,1,160086,160162,1232,3696,2554608,7663824,16.0,48.0,16,16
adaptive,1,160163,160233,1136,3408,2555744,7667232,16.0,48.0,16,16
adaptive,1,160234,160303,1120,3360,2556864,7670592,16.0,48.0,16,16
adaptive,1,160304,160375,1152,3456,2558016,7674048,16.0,48.0,16,16
adaptive,1,160376,160454,1264,3792,2559280,7677840,16.0,48.0,16,16
adaptive,1,160455,160522,1088,3264,2560368,7681104,16.0,48.0,16,16
adaptive,1,160523,160591,1104,3312,2561472,7684416,16.0,48.0,16,16
adaptive,1,160592,160660,1104,3312,2562576,7687728,16.0,48.0,16,16
adaptive,1,160661,160727,1072,3216,2563648,7690944,16.0,48.0,16,16
adaptive,1,160728,160797,1120,3360,2564768,7694304,16.0,48.0,16,16
adaptive,1,160798,160871,1184,3552,2565952,7697856,16.0,48.0,16,16
adaptive,1,160872,160947,1216,3648,2567168,7701504,16.0,48.0,16,16
adaptive,1,160948,161015,1088,3264,2568256,7704768,16.0,48.0,16,16
adaptive,1,161016,161091,1216,3648,2569472,7708416,16.0,48.0,16,16
adaptive,1,161092,161163,1152,3456,2570624,7711872,16.0,48.0,16,16
adaptive,1,161164,161234,1136,3408,2571760,7715280,16.0,48.0,16,16
adaptive,1,161235,161302,1088,3264,2572848,7718544,16.0,48.0,16,16
adaptive,1,161303,161375,1168,3504,2574016,7722048,16.0,48.0,16,16
adaptive,1,161376,161451,1216,3648,2575232,7725696,16.0,48.0,16,16
adaptive,1,161452,161520,1104,3312,2576336,7729008,16.0,48.0,16,16
adaptive,1,161521,161594,1184,3552,2577520,7732560,16.0,48.0,16,16
adaptive,1,161595,161666,1152,3456,2578672,7736016,16.0,48.0,16,16
adaptive,1,161667,161733,1072,3216,2579744,7739232,16.0,48.0,16,16
adaptive,1,161734,161815,1312,3936,2581056,7743168,16.0,48.0,16,16
adaptive,1,161816,161885,1120,3360,2582176,7746528,16.0,48.0,16,16
adaptive,1,161886,161956,1136,3408,2583312,7749936,16.0,48.0,16,16
adaptive,1,161957,162025,1104,3312,2584416,7753248,16.0,48.0,16,16
adaptive,1,162026,162097,1152,3456,2585568,7756704,16.0,48.0,16,16
adaptive,1,162098,162168,1136,3408,2586704,7760112,16.0,48.0,16,16
adaptive,1,162169,162242,1184,3552,2587888,7763664,16.0,48.0,16,16
adaptive,1,162243,162316,1184,3552,2589072,7767216,16.0,48.0,16,16
adaptive,1,162317,162384,1088,3264,2590160,7770480,16.0,48.0,16,16
adaptive,1,162385,162451,1072,3216,2591232,7773696,16.0,48.0,16,16
adaptive,1,162452,162522,1136,3408,2592368,7777104,16.0,48.0,16,16
adaptive,1,162523,162595,1168,3504,2593536,7780608,16.0,48.0,16,16
adaptive,1,162596,162671,1216,3648,2594752,7784256,16.0,48.0,16,16
adaptive,1,162672,162753,1312,3936,2596064,7788192,16.0,48.0,16,16
adaptive,1,162754,162824,1136,3408,2597200,7791600,16.0,48.0,16,16
adaptive,1,162825,162898,1184,3552,2598384,7795152,16.0,48.0,16,16
adaptive,1,162899,162969,1136,3408,2599520,7798560,16.0,48.0,16,16
adaptive,1,162970,163040,1136,3408,2600656,7801968,16.0,48.0,16,16
adaptive,1,163041,163108,1088,3264,2601744,7805232,16.0,48.0,16,16
adaptive,1,163109,163176,1088,3264,2602832,7808496,16.0,48.0,16,16
adaptive,1,163177,163246,1120,3360,2603952,7811856,16.0,48.0,16,16
adaptive,1,163247,163330,1344,4032,2605296,7815888,16.0,48.0,16,16
adaptive,1,163331,163403,1168,3504,2606464,7819392,16.0,48.0,16,16
adaptive,1,163404,163481,1248,3744,2607712,7823136,16.0,48.0,16,16
adaptive,1,163482,163502,336,1008,2608048,7824144,16.0,48.0,16,16
adaptive,1,163503,163573,1136,3408,2609184,7827552,16.0,48.0,16,16
adaptive,1,163574,163610,592,1776,2609776,7829328,16.0,48.0,16,16
adaptive,1,163611,163677,1072,3216,2610848,7832544,16.0,48.0,16,16
adaptive,1,163678,163748,1136,3408,2611984,7835952,16.0,48.0,16,16
adaptive,1,163749,163825,1232,3696,2613216,7839648,16.0,48.0,16,16
adaptive,1,163826,163897,1152,3456,2614368,7843104,16.0,48.0,16,16
adaptive,1,163898,163966,1104,3312,2615472,7846416,16.0,48.0,16,16
adaptive,1,163967,164037,1136,3408,2616608,7849824,16.0,48.0,16,16
adaptive,1,164038,164106,1104,3312,2617712,7853136,16.0,48.0,16,16
adaptive,1,164107,164184,1248,3744,2618960,7856880,16.0,48.0,16,16
adaptive,1,164185,164252,1088,3264,2620048,7860144,16.0,48.0,16,16
adaptive,1,164253,164325,1168,3504,2621216,7863648,16.0,48.0,16,16
adaptive,1,164326,164395,1120,3360,2622336,7867008,16.0,48.0,16,16
adaptive,1,164396,164473,1248,3744,2623584,7870752,16.0,48.0,16,16
adaptive,1,164474,164542,1104,3312,2624688,7874064,16.0,48.0,16,16
adaptive,1,164543,164612,1120,3360,2625808,7877424,16.0,48.0,16,16
adaptive,1,164613,164683,1136,3408,2626944,7880832,16.0,48.0,16,16
adaptive,1,164684,164796,1808,5424,2628752,7886256,16.0,48.0,16,16
adaptive,1,164797,164863,1072,3216,2629824,7889472,16.0,48.0,16,16
adaptive,1,164864,164935,1152,3456,2630976,7892928,16.0,48.0,16,16
adaptive,1,164936,165006,1136,3408,2632112,7896336,16.0,48.0,16,16
adaptive,1,165007,165081,1200,3600,2633312,7899936,16.0,48.0,16,16
adaptive,1,165082,165145,1024,3072,2634336,7903008,16.0,48.0,16,16
adaptive,1,165146,165216,1136,3408,2635472,7906416,16.0,48.0,16,16
adaptive,1,165217,165287,1136,3408,2636608,7909824,16.0,48.0,16,16
adaptive,1,165288,165358,1136,3408,2637744,7913232,16.0,48.0,16,16
adaptive,1,165359,165431,1168,3504,2638912,7916736,16.0,48.0,16,16
adaptive,1,165432,165497,1056,3168,2639968,7919904,16.0,48.0,16,16
adaptive,1,165498,165568,1136,3408,2641104,7923312,16.0,48.0,16,16
adaptive,1,165569,165634,1056,3168,2642160,7926480,16.0,48.0,16,16
adaptive,1,165635,165707,1168,3504,2643328,7929984,16.0,48.0,16,16
adaptive,1,165708,165782,1200,3600,2644528,7933584,16.0,48.0,16,16
adaptive,1,165783,165858,1216,3648,2645744,7937232,16.0,48.0,16,16
adaptive,1,165859,165926,1088,3264,2646832,7940496,16.0,48.0,16,16
adaptive,1,165927,166003,1232,3696,2648064,7944192,16.0,48.0,16,16
adaptive,1,166004,166071,1088,3264,2649152,7947456,16.0,48.0,16,16
adaptive,1,166072,166138,1072,3216,2650224,7950672,16.0,48.0,16,16
adaptive,1,166139,166205,1072,3216,2651296,7953888,16.0,48.0,16,16
adaptive,1,166206,166272,1072,3216,2652368,7957104,16.0,48.0,16,16
adaptive,1,166273,166344,1152,3456,2653520,7960560,16.0,48.0,16,16
adaptive,1,166345,166418,1184,3552,2654704,7964112,16.0,48.0,16,16
adaptive,1,166419,166459,656,1968,2655360,7966080,16.0,48.0,16,16
adaptive,1,166460,166533,1184,3552,2656544,7969632,16.0,48.0,16,16
adaptive,1,166534,166601,1088,3264,2657632,7972896,16.0,48.0,16,16
adaptive,1,166602,166691,1440,4320,2659072,7977216,16.0,48.0,16,16
adaptive,1,166692,166761,1120,3360,2660192,7980576,16.0,48.0,16,16
adaptive,1,166762,166841,1280,3840,2661472,7984416,16.0,48.0,16,16
adaptive,1,166842,166909,1088,3264,2662560,7987680,16.0,48.0,16,16
adaptive,1,166910,166983,1184,3552,2663744,7991232,16.0,48.0,16,16
adaptive,1,166984,167050,1072,3216,2664816,7994448,16.0,48.0,16,16
adaptive,1,167051,167108,928,2784,2665744,7997232,16.0,48.0,16,16
adaptive,1,167109,167179,1136,3408,2666880,8000640,16.0,48.0,16,16
adaptive,1,167180,167245,1056,3168,2667936,8003808,16.0,48.0,16,16
adaptive,1,167246,167319,1184,3552,2669120,8007360,16.0,48.0,16,16
adaptive,1,167320,167389,1120,3360,2670240,8010720,16.0,48.0,16,16
adaptive,1,167390,167466,1232,3696,2671472,8014416,16.0,48.0,16,16
adaptive,1,167467,167540,1184,3552,2672656,8017968,16.0,48.0,16,16
adaptive,1,167541,167611,1136,3408,2673792,8021376,16.0,48.0,16,16
adaptive,1,167612,167682,1136,3408,2674928,8024784,16.0,48.0,16,16
adaptive,1,167683,167749,1072,3216,2676000,8028000,16.0,48.0,16,16
adaptive,1,167750,167818,1104,3312,2677104,8031312,16.0,48.0,16,16
adaptive,1,167819,167889,1136,3408,2678240,8034720,16.0,48.0,16,16
adaptive,1,167890,167959,1120,3360,2679360,8038080,16.0,48.0,16,16
adaptive,1,167960,168035,1216,3648,2680576,8041728,16.0,48.0,16,16
adaptive,1,168036,168105,1120,3360,2681696,8045088,16.0,48.0,16,16
adaptive,1,168106,168177,1152,3456,2682848,8048544,16.0,48.0,16,16
adaptive,1,168178,168252,1200,3600,2684048,8052144,16.0,48.0,16,16
adaptive,1,168253,168265,208,624,2684256,8052768,16.0,48.0,16,16
adaptive,1,168266,168337,1152,3456,2685408,8056224,16.0,48.0,16,16
adaptive,1,168338,168405,1088,3264,2686496,8059488,16.0,48.0,16,16
adaptive,1,168406,168477,1152,3456,2687648,8062944,16.0,48.0,16,16
adaptive,1,168478,168545,1088,3264,2688736,8066208,16.0,48.0,16,16
adaptive,1,168546,168614,1104,3312,2689840,8069520,16.0,48.0,16,16
adaptive,1,168615,168697,1328,3984,2691168,8073504,16.0,48.0,16,16
adaptive,1,168698,168764,1072,3216,2692240,8076720,16.0,48.0,16,16
adaptive,1,168765,168783,304,912,2692544,8077632,16.0,48.0,16,16
adaptive,1,168784,168854,1136,3408,2693680,8081040,16.0,48.0,16,16
adaptive,1,168855,168922,1088,3264,2694768,8084304,16.0,48.0,16,16
adaptive,1,168923,168991,1104,3312,2695872,8087616,16.0,48.0,16,16
adaptive,1,168992,169060,1104,3312,2696976,8090928,16.0,48.0,16,16
adaptive,1,169061,169176,1856,5568,2698832,8096496,16.0,48.0,16,16
adaptive,1,169177,169249,1168,3504,2700000,8100000,16.0,48.0,16,16
adaptive,1,169250,169317,1088,3264,2701088,8103264,16.0,48.0,16,16
adaptive,1,169318,169390,1168,3504,2702256,8106768,16.0,48.0,16,16
adaptive,1,169391,169465,1200,3600,2703456,8110368,16.0,48.0,16,16
adaptive,1,169466,169534,1104,3312,2704560,8113680,16.0,48.0,16,16
adaptive,1,169535,169603,1104,3312,2705664,8116992,16.0,48.0,16,16
adaptive,1,169604,169671,1088,3264,2706752,8120256,16.0,48.0,16,16
adaptive,1,169672,169740,1104,3312,2707856,8123568,16.0,48.0,16,16
adaptive,1,169741,169820,1280,3840,2709136,8127408,16.0,48.0,16,16
adaptive,1,169821,169892,1152,3456,2710288,8130864,16.0,48.0,16,16
adaptive,1,169893,169958,1056,3168,2711344,8134032,16.0,48.0,16,16
adaptive,1,169959,170034,1114,3750,2712458,8137782,14.657894736842104,49.3421052631579,13,16
adaptive,1,170035,170083,637,2499,2713095,8140281,13.0,51.0,13,13
adaptive,1,170084,170149,858,3366,2713953,8143647,13.0,51.0,13,13
adaptive,1,170150,170217,884,3468,2714837,8147115,13.0,51.0,13,13
adaptive,1,170218,170287,910,3570,2715747,8150685,13.0,51.0,13,13
adaptive,1,170288,170360,949,3723,2716696,8154408,13.0,51.0,13,13
adaptive,1,170361,170428,884,3468,2717580,8157876,13.0,51.0,13,13
adaptive,1,170429,170501,949,3723,2718529,8161599,13.0,51.0,13,13
adaptive,1,170502,170567,858,3366,2719387,8164965,13.0,51.0,13,13
adaptive,1,170568,170640,949,3723,2720336,8168688,13.0,51.0,13,13
adaptive,1,170641,170707,871,3417,2721207,8172105,13.0,51.0,13,13
adaptive,1,170708,170779,936,3672,2722143,8175777,13.0,51.0,13,13
adaptive,1,170780,170846,871,3417,2723014,8179194,13.0,51.0,13,13
adaptive,1,170847,170927,1053,4131,2724067,8183325,13.0,51.0,13,13
adaptive,1,170928,170996,897,3519,2724964,8186844,13.0,51.0,13,13
adaptive,1,170997,171069,949,3723,2725913,8190567,13.0,51.0,13,13
adaptive,1,171070,171141,936,3672,2726849,8194239,13.0,51.0,13,13
adaptive,1,171142,171212,923,3621,2727772,8197860,13.0,51.0,13,13
adaptive,1,171213,171284,936,3672,2728708,8201532,13.0,51.0,13,13
adaptive,1,171285,171351,871,3417,2729579,8204949,13.0,51.0,13,13
adaptive,1,171352,171423,936,3672,2730515,8208621,13.0,51.0,13,13
adaptive,1,171424,171493,910,3570,2731425,8212191,13.0,51.0,13,13
adaptive,1,171494,171562,897,3519,2732322,8215710,13.0,51.0,13,13
adaptive,1,171563,171634,936,3672,2733258,8219382,13.0,51.0,13,13
adaptive,1,171635,171704,910,3570,2734168,8222952,13.0,51.0,13,13
adaptive,1,171705,171716,156,612,2734324,8223564,13.0,51.0,13,13
adaptive,1,171717,171791,975,3825,2735299,8227389,13.0,51.0,13,13
adaptive,1,171792,171912,1573,6171,2736872,8233560,13.0,51.0,13,13
adaptive,1,171913,171979,871,3417,2737743,8236977,13.0,51.0,13,13
adaptive,1,171980,172052,949,3723,2738692,8240700,13.0,51.0,13,13
adaptive,1,172053,172122,910,3570,2739602,8244270,13.0,51.0,13,13
adaptive,1,172123,172184,806,3162,2740408,8247432,13.0,51.0,13,13
adaptive,1,172185,172255,923,3621,2741331,8251053,13.0,51.0,13,13
adaptive,1,172256,172282,351,1377,2741682,8252430,13.0,51.0,13,13
adaptive,1,172283,172352,910,3570,2742592,8256000,13.0,51.0,13,13
adaptive,1,172353,172420,884,3468,2743476,8259468,13.0,51.0,13,13
adaptive,1,172421,172488,884,3468,2744360,8262936,13.0,51.0,13,13
adaptive,1,172489,172561,949,3723,2745309,8266659,13.0,51.0,13,13
adaptive,1,172562,172630,897,3519,2746206,8270178,13.0,51.0,13,13
adaptive,1,172631,172698,884,3468,2747090,8273646,13.0,51.0,13,13
adaptive,1,172699,172766,884,3468,2747974,8277114,13.0,51.0,13,13
adaptive,1,172767,172835,897,3519,2748871,8280633,13.0,51.0,13,13
adaptive,1,172836,172912,1001,3927,2749872,8284560,13.0,51.0,13,13
adaptive,1,172913,172980,884,3468,2750756,8288028,13.0,51.0,13,13
adaptive,1,172981,173049,897,3519,2751653,8291547,13.0,51.0,13,13
adaptive,1,173050,173119,910,3570,2752563,8295117,13.0,51.0,13,13
adaptive,1,173120,173149,390,1530,2752953,8296647,13.0,51.0,13,13
adaptive,1,173150,173220,923,3621,2753876,8300268,13.0,51.0,13,13
adaptive,1,173221,173232,156,612,2754032,8300880,13.0,51.0,13,13
adaptive,1,173233,173301,897,3519,2754929,8304399,13.0,51.0,13,13
adaptive,1,173302,173369,884,3468,2755813,8307867,13.0,51.0,13,13
adaptive,1,173370,173443,962,3774,2756775,8311641,13.0,51.0,13,13
adaptive,1,173444,173516,949,3723,2757724,8315364,13.0,51.0,13,13
adaptive,1,173517,173585,897,3519,2758621,8318883,13.0,51.0,13,13
adaptive,1,173586,173601,208,816,2758829,8319699,13.0,51.0,13,13
adaptive,1,173602,173623,286,1122,2759115,8320821,13.0,51.0,13,13
adaptive,1,173624,173696,949,3723,2760064,8324544,13.0,51.0,13,13
adaptive,1,173697,173791,1235,4845,2761299,8329389,13.0,51.0,13,13
adaptive,1,173792,173863,936,3672,2762235,8333061,13.0,51.0,13,13
adaptive,1,173864,173932,897,3519,2763132,8336580,13.0,51.0,13,13
adaptive,1,173933,174000,884,3468,2764016,8340048,13.0,51.0,13,13
adaptive,1,174001,174044,572,2244,2764588,8342292,13.0,51.0,13,13
adaptive,1,174045,174113,897,3519,2765485,8345811,13.0,51.0,13,13
adaptive,1,174114,174186,949,3723,2766434,8349534,13.0,51.0,13,13
adaptive,1,174187,174256,910,3570,2767344,8353104,13.0,51.0,13,13
adaptive,1,174257,174324,884,3468,2768228,8356572,13.0,51.0,13,13
adaptive,1,174325,174395,923,3621,2769151,8360193,13.0,51.0,13,13
adaptive,1,174396,174472,1001,3927,2770152,8364120,13.0,51.0,13,13
adaptive,1,174473,174551,1027,4029,2771179,8368149,13.0,51.0,13,13
adaptive,1,174552,174625,962,3774,2772141,8371923,13.0,51.0,13,13
adaptive,1,174626,174694,897,3519,2773038,8375442,13.0,51.0,13,13
adaptive,1,174695,174760,858,3366,2773896,8378808,13.0,51.0,13,13
adaptive,1,174761,174830,910,3570,2774806,8382378,13.0,51.0,13,13
adaptive,1,174831,174904,962,3774,2775768,8386152,13.0,51.0,13,13
adaptive,1,174905,174974,910,3570,2776678,8389722,13.0,51.0,13,13
adaptive,1,174975,175046,936,3672,2777614,8393394,13.0,51.0,13,13
adaptive,1,175047,175117,923,3621,2778537,8397015,13.0,51.0,13,13
adaptive,1,175118,175191,962,3774,2779499,8400789,13.0,51.0,13,13
adaptive,1,175192,175265,962,3774,2780461,8404563,13.0,51.0,13,13
adaptive,1,175266,175343,1014,3978,2781475,8408541,13.0,51.0,13,13
adaptive,1,175344,175436,1209,4743,2782684,8413284,13.0,51.0,13,13
adaptive,1,175437,175504,884,3468,2783568,8416752,13.0,51.0,13,13
adaptive,1,175505,175576,936,3672,2784504,8420424,13.0,51.0,13,13
adaptive,1,175577,175656,1040,4080,2785544,8424504,13.0,51.0,13,13
adaptive,1,175657,175722,858,3366,2786402,8427870,13.0,51.0,13,13
adaptive,1,175723,175793,923,3621,2787325,8431491,13.0,51.0,13,13
adaptive,1,175794,175863,910,3570,2788235,8435061,13.0,51.0,13,13
adaptive,1,175864,175929,858,3366,2789093,8438427,13.0,51.0,13,13
adaptive,1,175930,176000,923,3621,2790016,8442048,13.0,51.0,13,13
adaptive,1,176001,176072,936,3672,2790952,8445720,13.0,51.0,13,13
adaptive,1,176073,176139,871,3417,2791823,8449137,13.0,51.0,13,13
adaptive,1,176140,176216,1001,3927,2792824,8453064,13.0,51.0,13,13
adaptive,1,176217,176287,923,3621,2793747,8456685,13.0,51.0,13,13
adaptive,1,176288,176361,962,3774,2794709,8460459,13.0,51.0,13,13
adaptive,1,176362,176431,910,3570,2795619,8464029,13.0,51.0,13,13
adaptive,1,176432,176458,351,1377,2795970,8465406,13.0,51.0,13,13
adaptive,1,176459,176529,923,3621,2796893,8469027,13.0,51.0,13,13
adaptive,1,176530,176602,949,3723,2797842,8472750,13.0,51.0,13,13
adaptive,1,176603,176675,949,3723,2798791,8476473,13.0,51.0,13,13
adaptive,1,176676,176748,949,3723,2799740,8480196,13.0,51.0,13,13
adaptive,1,176749,176816,884,3468,2800624,8483664,13.0,51.0,13,13
adaptive,1,176817,176884,884,3468,2801508,8487132,13.0,51.0,13,13
adaptive,1,176885,176958,962,3774,2802470,8490906,13.0,51.0,13,13
adaptive,1,176959,177031,949,3723,2803419,8494629,13.0,51.0,13,13
adaptive,1,177032,177097,858,3366,2804277,8497995,13.0,51.0,13,13
adaptive,1,177098,177169,936,3672,2805213,8501667,13.0,51.0,13,13
adaptive,1,177170,177238,897,3519,2806110,8505186,13.0,51.0,13,13
adaptive,1,177239,177306,884,3468,2806994,8508654,13.0,51.0,13,13
adaptive,1,177307,177376,910,3570,2807904,8512224,13.0,51.0,13,13
adaptive,1,177377,177468,1196,4692,2809100,8516916,13.0,51.0,13,13
adaptive,1,177469,177543,975,3825,2810075,8520741,13.0,51.0,13,13
adaptive,1,177544,177611,884,3468,2810959,8524209,13.0,51.0,13,13
adaptive,1,177612,177682,923,3621,2811882,8527830,13.0,51.0,13,13
adaptive,1,177683,177751,897,3519,2812779,8531349,13.0,51.0,13,13
adaptive,1,177752,177823,936,3672,2813715,8535021,13.0,51.0,13,13
adaptive,1,177824,177894,923,3621,2814638,8538642,13.0,51.0,13,13
adaptive,1,177895,177966,936,3672,2815574,8542314,13.0,51.0,13,13
adaptive,1,177967,178037,923,3621,2816497,8545935,13.0,51.0,13,13
adaptive,1,178038,178103,858,3366,2817355,8549301,13.0,51.0,13,13
adaptive,1,178104,178177,962,3774,2818317,8553075,13.0,51.0,13,13
adaptive,1,178178,178283,1378,5406,2819695,8558481,13.0,51.0,13,13
adaptive,1,178284,178356,949,3723,2820644,8562204,13.0,51.0,13,13
adaptive,1,178357,178423,871,3417,2821515,8565621,13.0,51.0,13,13
adaptive,1,178424,178495,936,3672,2822451,8569293,13.0,51.0,13,13
adaptive,1,178496,178565,910,3570,2823361,8572863,13.0,51.0,13,13
adaptive,1,178566,178638,949,3723,2824310,8576586,13.0,51.0,13,13
adaptive,1,178639,178719,1053,4131,2825363,8580717,13.0,51.0,13,13
adaptive,1,178720,178794,975,3825,2826338,8584542,13.0,51.0,13,13
adaptive,1,178795,178867,949,3723,2827287,8588265,13.0,51.0,13,13
adaptive,1,178868,178943,988,3876,2828275,8592141,13.0,51.0,13,13
adaptive,1,178944,179015,936,3672,2829211,8595813,13.0,51.0,13,13
adaptive,1,179016,179087,936,3672,2830147,8599485,13.0,51.0,13,13
adaptive,1,179088,179139,676,2652,2830823,8602137,13.0,51.0,13,13
adaptive,1,179140,179209,910,3570,2831733,8605707,13.0,51.0,13,13
adaptive,1,179210,179285,988,3876,2832721,8609583,13.0,51.0,13,13
adaptive,1,179286,179355,910,3570,2833631,8613153,13.0,51.0,13,13
adaptive,1,179356,179428,949,3723,2834580,8616876,13.0,51.0,13,13
adaptive,1,179429,179438,130,510,2834710,8617386,13.0,51.0,13,13
adaptive,1,179439,179508,910,3570,2835620,8620956,13.0,51.0,13,13
adaptive,1,179509,179588,1040,4080,2836660,8625036,13.0,51.0,13,13
adaptive,1,179589,179659,923,3621,2837583,8628657,13.0,51.0,13,13
adaptive,1,179660,179729,910,3570,2838493,8632227,13.0,51.0,13,13
adaptive,1,179730,179804,975,3825,2839468,8636052,13.0,51.0,13,13
adaptive,1,179805,179876,936,3672,2840404,8639724,13.0,51.0,13,13
adaptive,1,179877,179944,884,3468,2841288,8643192,13.0,51.0,13,13
adaptive,1,179945,180020,928,3936,2842216,8647128,12.210526315789474,51.78947368421053,10,13
adaptive,1,180021,180094,740,3996,2842956,8651124,10.0,54.0,10,10
adaptive,1,180095,180248,1540,8316,2844496,8659440,10.0,54.0,10,10
adaptive,1,180249,180319,710,3834,2845206,8663274,10.0,54.0,10,10
adaptive,1,180320,180394,750,4050,2845956,8667324,10.0,54.0,10,10
adaptive,1,180395,180462,680,3672,2846636,8670996,10.0,54.0,10,10
adaptive,1,180463,180534,720,3888,2847356,8674884,10.0,54.0,10,10
adaptive,1,180535,180608,740,3996,2848096,8678880,10.0,54.0,10,10
adaptive,1,180609,180678,700,3780,2848796,8682660,10.0,54.0,10,10
adaptive,1,180679,180748,700,3780,2849496,8686440,10.0,54.0,10,10
adaptive,1,180749,180817,690,3726,2850186,8690166,10.0,54.0,10,10
adaptive,1,180818,180890,730,3942,2850916,8694108,10.0,54.0,10,10
adaptive,1,180891,180958,680,3672,2851596,8697780,10.0,54.0,10,10
adaptive,1,180959,181021,630,3402,2852226,8701182,10.0,54.0,10,10
adaptive,1,181022,181119,980,5292,2853206,8706474,10.0,54.0,10,10
adaptive,1,181120,181185,660,3564,2853866,8710038,10.0,54.0,10,10
adaptive,1,181186,181254,690,3726,2854556,8713764,10.0,54.0,10,10
adaptive,1,181255,181323,690,3726,2855246,8717490,10.0,54.0,10,10
adaptive,1,181324,181391,680,3672,2855926,8721162,10.0,54.0,10,10
adaptive,1,181392,181488,970,5238,2856896,8726400,10.0,54.0,10,10
adaptive,1,181489,181559,710,3834,2857606,8730234,10.0,54.0,10,10
adaptive,1,181560,181629,700,3780,2858306,8734014,10.0,54.0,10,10
adaptive,1,181630,181700,710,3834,2859016,8737848,10.0,54.0,10,10
adaptive,1,181701,181768,680,3672,2859696,8741520,10.0,54.0,10,10
adaptive,1,181769,181843,750,4050,2860446,8745570,10.0,54.0,10,10
adaptive,1,181844,181914,710,3834,2861156,8749404,10.0,54.0,10,10
adaptive,1,181915,181981,670,3618,2861826,8753022,10.0,54.0,10,10
adaptive,1,181982,182061,800,4320,2862626,8757342,10.0,54.0,10,10
adaptive,1,182062,182097,360,1944,2862986,8759286,10.0,54.0,10,10
adaptive,1,182098,182171,740,3996,2863726,8763282,10.0,54.0,10,10
adaptive,1,182172,182238,670,3618,2864396,8766900,10.0,54.0,10,10
adaptive,1,182239,182306,680,3672,2865076,8770572,10.0,54.0,10,10
adaptive,1,182307,182375,690,3726,2865766,8774298,10.0,54.0,10,10
adaptive,1,182376,182445,700,3780,2866466,8778078,10.0,54.0,10,10
adaptive,1,182446,182512,670,3618,2867136,8781696,10.0,54.0,10,10
adaptive,1,182513,182582,700,3780,2867836,8785476,10.0,54.0,10,10
adaptive,1,182583,182654,720,3888,2868556,8789364,10.0,54.0,10,10
adaptive,1,182655,182724,700,3780,2869256,8793144,10.0,54.0,10,10
adaptive,1,182725,182801,770,4158,2870026,8797302,10.0,54.0,10,10
adaptive,1,182802,182875,740,3996,2870766,8801298,10.0,54.0,10,10
adaptive,1,182876,182947,720,3888,2871486,8805186,10.0,54.0,10,10
adaptive,1,182948,183015,680,3672,2872166,8808858,10.0,54.0,10,10
adaptive,1,183016,183082,670,3618,2872836,8812476,10.0,54.0,10,10
adaptive,1,183083,183153,710,3834,2873546,8816310,10.0,54.0,10,10
adaptive,1,183154,183230,770,4158,2874316,8820468,10.0,54.0,10,10
adaptive,1,183231,183296,660,3564,2874976,8824032,10.0,54.0,10,10
adaptive,1,183297,183365,690,3726,2875666,8827758,10.0,54.0,10,10
adaptive,1,183366,183434,690,3726,2876356,8831484,10.0,54.0,10,10
adaptive,1,183435,183502,680,3672,2877036,8835156,10.0,54.0,10,10
adaptive,1,183503,183578,760,4104,2877796,8839260,10.0,54.0,10,10
adaptive,1,183579,183652,740,3996,2878536,8843256,10.0,54.0,10,10
adaptive,1,183653,183720,680,3672,2879216,8846928,10.0,54.0,10,10
adaptive,1,183721,183787,670,3618,2879886,8850546,10.0,54.0,10,10
adaptive,1,183788,183865,780,4212,2880666,8854758,10.0,54.0,10,10
adaptive,1,183866,183936,710,3834,2881376,8858592,10.0,54.0,10,10
adaptive,1,183937,184004,680,3672,2882056,8862264,10.0,54.0,10,10
adaptive,1,184005,184075,710,3834,2882766,8866098,10.0,54.0,10,10
adaptive,1,184076,184141,660,3564,2883426,8869662,10.0,54.0,10,10
adaptive,1,184142,184214,730,3942,2884156,8873604,10.0,54.0,10,10
adaptive,1,184215,184286,720,3888,2884876,8877492,10.0,54.0,10,10
adaptive,1,184287,184347,610,3294,2885486,8880786,10.0,54.0,10,10
adaptive,1,184348,184420,730,3942,2886216,8884728,10.0,54.0,10,10
adaptive,1,184421,184486,660,3564,2886876,8888292,10.0,54.0,10,10
adaptive,1,184487,184554,680,3672,2887556,8891964,10.0,54.0,10,10
adaptive,1,184555,184624,700,3780,2888256,8895744,10.0,54.0,10,10
adaptive,1,184625,184697,730,3942,2888986,8899686,10.0,54.0,10,10
adaptive,1,184698,184773,760,4104,2889746,8903790,10.0,54.0,10,10
adaptive,1,184774,184847,740,3996,2890486,8907786,10.0,54.0,10,10
adaptive,1,184848,184928,810,4374,2891296,8912160,10.0,54.0,10,10
adaptive,1,184929,185005,770,4158,2892066,8916318,10.0,54.0,10,10
adaptive,1,185006,185089,840,4536,2892906,8920854,10.0,54.0,10,10
adaptive,1,185090,185159,700,3780,2893606,8924634,10.0,54.0,10,10
adaptive,1,185160,185235,760,4104,2894366,8928738,10.0,54.0,10,10
adaptive,1,185236,185326,910,4914,2895276,8933652,10.0,54.0,10,10
adaptive,1,185327,185408,820,4428,2896096,8938080,10.0,54.0,10,10
adaptive,1,185409,185485,770,4158,2896866,8942238,10.0,54.0,10,10
adaptive,1,185486,185555,700,3780,2897566,8946018,10.0,54.0,10,10
adaptive,1,185556,185626,710,3834,2898276,8949852,10.0,54.0,10,10
adaptive,1,185627,185695,690,3726,2898966,8953578,10.0,54.0,10,10
adaptive,1,185696,185761,660,3564,2899626,8957142,10.0,54.0,10,10
adaptive,1,185762,185832,710,3834,2900336,8960976,10.0,54.0,10,10
adaptive,1,185833,185908,760,4104,2901096,8965080,10.0,54.0,10,10
adaptive,1,185909,186156,2480,13392,2903576,8978472,10.0,54.0,10,10
adaptive,1,186157,186229,730,3942,2904306,8982414,10.0,54.0,10,10
adaptive,1,186230,186299,700,3780,2905006,8986194,10.0,54.0,10,10
adaptive,1,186300,186369,700,3780,2905706,8989974,10.0,54.0,10,10
adaptive,1,186370,186443,740,3996,2906446,8993970,10.0,54.0,10,10
adaptive,1,186444,186454,110,594,2906556,8994564,10.0,54.0,10,10
adaptive,1,186455,186526,720,3888,2907276,8998452,10.0,54.0,10,10
adaptive,1,186527,186595,690,3726,2907966,9002178,10.0,54.0,10,10
adaptive,1,186596,186673,780,4212,2908746,9006390,10.0,54.0,10,10
adaptive,1,186674,186745,720,3888,2909466,9010278,10.0,54.0,10,10
adaptive,1,186746,186820,750,4050,2910216,9014328,10.0,54.0,10,10
adaptive,1,186821,187052,2320,12528,2912536,9026856,10.0,54.0,10,10
adaptive,1,187053,187121,690,3726,2913226,9030582,10.0,54.0,10,10
adaptive,1,187122,187194,730,3942,2913956,9034524,10.0,54.0,10,10
adaptive,1,187195,187264,700,3780,2914656,9038304,10.0,54.0,10,10
adaptive,1,187265,187447,1830,9882,2916486,9048186,10.0,54.0,10,10
adaptive,1,187448,187514,670,3618,2917156,9051804,10.0,54.0,10,10
adaptive,1,187515,187551,370,1998,2917526,9053802,10.0,54.0,10,10
adaptive,1,187552,187618,670,3618,2918196,9057420,10.0,54.0,10,10
adaptive,1,187619,187688,700,3780,2918896,9061200,10.0,54.0,10,10
adaptive,1,187689,187793,1050,5670,2919946,9066870,10.0,54.0,10,10
adaptive,1,187794,187879,860,4644,2920806,9071514,10.0,54.0,10,10
adaptive,1,187880,187950,710,3834,2921516,9075348,10.0,54.0,10,10
adaptive,1,187951,188016,660,3564,2922176,9078912,10.0,54.0,10,10
adaptive,1,188017,188093,770,4158,2922946,9083070,10.0,54.0,10,10
adaptive,1,188094,188161,680,3672,2923626,9086742,10.0,54.0,10,10
adaptive,1,188162,188237,760,4104,2924386,9090846,10.0,54.0,10,10
adaptive,1,188238,188317,800,4320,2925186,9095166,10.0,54.0,10,10
adaptive,1,188318,188385,680,3672,2925866,9098838,10.0,54.0,10,10
adaptive,1,188386,188454,690,3726,2926556,9102564,10.0,54.0,10,10
adaptive,1,188455,188530,760,4104,2927316,9106668,10.0,54.0,10,10
adaptive,1,188531,188606,760,4104,2928076,9110772,10.0,54.0,10,10
adaptive,1,188607,188679,730,3942,2928806,9114714,10.0,54.0,10,10
adaptive,1,188680,188749,700,3780,2929506,9118494,10.0,54.0,10,10
adaptive,1,188750,188823,740,3996,2930246,9122490,10.0,54.0,10,10
adaptive,1,188824,188892,690,3726,2930936,9126216,10.0,54.0,10,10
adaptive,1,188893,188958,660,3564,2931596,9129780,10.0,54.0,10,10
adaptive,1,188959,189027,690,3726,2932286,9133506,10.0,54.0,10,10
adaptive,1,189028,189102,750,4050,2933036,9137556,10.0,54.0,10,10
adaptive,1,189103,189171,690,3726,2933726,9141282,10.0,54.0,10,10
adaptive,1,189172,189241,700,3780,2934426,9145062,10.0,54.0,10,10
adaptive,1,189242,189313,720,3888,2935146,9148950,10.0,54.0,10,10
adaptive,1,189314,189371,580,3132,2935726,9152082,10.0,54.0,10,10
adaptive,1,189372,189431,600,3240,2936326,9155322,10.0,54.0,10,10
adaptive,1,189432,189501,700,3780,2937026,9159102,10.0,54.0,10,10
adaptive,1,189502,189575,740,3996,2937766,9163098,10.0,54.0,10,10
adaptive,1,189576,189651,760,4104,2938526,9167202,10.0,54.0,10,10
adaptive,1,189652,189718,670,3618,2939196,9170820,10.0,54.0,10,10
adaptive,1,189719,189787,690,3726,2939886,9174546,10.0,54.0,10,10
adaptive,1,189788,189855,680,3672,2940566,9178218,10.0,54.0,10,10
adaptive,1,189856,189922,670,3618,2941236,9181836,10.0,54.0,10,10
adaptive,1,189923,189991,690,3726,2941926,9185562,10.0,54.0,10,10
adaptive,1,189992,190059,503,3849,2942429,9189411,7.397058823529412,56.60294117647059,7,10
adaptive,1,190060,190130,497,4047,2942926,9193458,7.0,57.0,7,7
adaptive,1,190131,190199,483,3933,2943409,9197391,7.0,57.0,7,7
adaptive,1,190200,190269,490,3990,2943899,9201381,7.0,57.0,7,7
adaptive,1,190270,190339,490,3990,2944389,9205371,7.0,57.0,7,7
adaptive,1,190340,190411,504,4104,2944893,9209475,7.0,57.0,7,7
adaptive,1,190412,190481,490,3990,2945383,9213465,7.0,57.0,7,7
adaptive,1,190482,190491,70,570,2945453,9214035,7.0,57.0,7,7
adaptive,1,190492,190565,518,4218,2945971,9218253,7.0,57.0,7,7
adaptive,1,190566,190589,168,1368,2946139,9219621,7.0,57.0,7,7
adaptive,1,190590,190658,483,3933,2946622,9223554,7.0,57.0,7,7
adaptive,1,190659,190731,511,4161,2947133,9227715,7.0,57.0,7,7
adaptive,1,190732,190741,70,570,2947203,9228285,7.0,57.0,7,7
adaptive,1,190742,190807,462,3762,2947665,9232047,7.0,57.0,7,7
adaptive,1,190808,190878,497,4047,2948162,9236094,7.0,57.0,7,7
adaptive,1,190879,190948,490,3990,2948652,9240084,7.0,57.0,7,7
adaptive,1,190949,191023,525,4275,2949177,9244359,7.0,57.0,7,7
adaptive,1,191024,191134,777,6327,2949954,9250686,7.0,57.0,7,7
adaptive,1,191135,191204,490,3990,2950444,9254676,7.0,57.0,7,7
adaptive,1,191205,191282,546,4446,2950990,9259122,7.0,57.0,7,7
adaptive,1,191283,191357,525,4275,2951515,9263397,7.0,57.0,7,7
adaptive,1,191358,191428,497,4047,2952012,9267444,7.0,57.0,7,7
adaptive,1,191429,191497,483,3933,2952495,9271377,7.0,57.0,7,7
adaptive,1,191498,191565,476,3876,2952971,9275253,7.0,57.0,7,7
adaptive,1,191566,191631,462,3762,2953433,9279015,7.0,57.0,7,7
adaptive,1,191632,191708,539,4389,2953972,9283404,7.0,57.0,7,7
adaptive,1,191709,191779,497,4047,2954469,9287451,7.0,57.0,7,7
adaptive,1,191780,191846,469,3819,2954938,9291270,7.0,57.0,7,7
adaptive,1,191847,191918,504,4104,2955442,9295374,7.0,57.0,7,7
adaptive,1,191919,191993,525,4275,2955967,9299649,7.0,57.0,7,7
adaptive,1,191994,192065,504,4104,2956471,9303753,7.0,57.0,7,7
adaptive,1,192066,192140,525,4275,2956996,9308028,7.0,57.0,7,7
adaptive,1,192141,192395,1785,14535,2958781,9322563,7.0,57.0,7,7
adaptive,1,192396,192466,497,4047,2959278,9326610,7.0,57.0,7,7
adaptive,1,192467,192480,98,798,2959376,9327408,7.0,57.0,7,7
adaptive,1,192481,192550,490,3990,2959866,9331398,7.0,57.0,7,7
adaptive,1,192551,192845,2065,16815,2961931,9348213,7.0,57.0,7,7
adaptive,1,192846,192916,497,4047,2962428,9352260,7.0,57.0,7,7
adaptive,1,192917,192989,511,4161,2962939,9356421,7.0,57.0,7,7
adaptive,1,192990,193056,469,3819,2963408,9360240,7.0,57.0,7,7
adaptive,1,193057,193124,476,3876,2963884,9364116,7.0,57.0,7,7
adaptive,1,193125,193205,567,4617,2964451,9368733,7.0,57.0,7,7
adaptive,1,193206,193271,462,3762,2964913,9372495,7.0,57.0,7,7
adaptive,1,193272,193342,497,4047,2965410,9376542,7.0,57.0,7,7
adaptive,1,193343,193437,665,5415,2966075,9381957,7.0,57.0,7,7
adaptive,1,193438,193513,532,4332,2966607,9386289,7.0,57.0,7,7
adaptive,1,193514,193582,483,3933,2967090,9390222,7.0,57.0,7,7
adaptive,1,193583,193653,497,4047,2967587,9394269,7.0,57.0,7,7
adaptive,1,193654,193727,518,4218,2968105,9398487,7.0,57.0,7,7
adaptive,1,193728,193798,497,4047,2968602,9402534,7.0,57.0,7,7
adaptive,1,193799,193867,483,3933,2969085,9406467,7.0,57.0,7,7
adaptive,1,193868,193942,525,4275,2969610,9410742,7.0,57.0,7,7
adaptive,1,193943,193951,63,513,2969673,9411255,7.0,57.0,7,7
adaptive,1,193952,194020,483,3933,2970156,9415188,7.0,57.0,7,7
adaptive,1,194021,194093,511,4161,2970667,9419349,7.0,57.0,7,7
adaptive,1,194094,194167,518,4218,2971185,9423567,7.0,57.0,7,7
adaptive,1,194168,194239,504,4104,2971689,9427671,7.0,57.0,7,7
adaptive,1,194240,194309,490,3990,2972179,9431661,7.0,57.0,7,7
adaptive,1,194310,194379,490,3990,2972669,9435651,7.0,57.0,7,7
adaptive,1,194380,194445,462,3762,2973131,9439413,7.0,57.0,7,7
adaptive,1,194446,194515,490,3990,2973621,9443403,7.0,57.0,7,7
adaptive,1,194516,194589,518,4218,2974139,9447621,7.0,57.0,7,7
adaptive,1,194590,194667,546,4446,2974685,9452067,7.0,57.0,7,7
adaptive,1,194668,194738,497,4047,2975182,9456114,7.0,57.0,7,7
adaptive,1,194739,194809,497,4047,2975679,9460161,7.0,57.0,7,7
adaptive,1,194810,194883,518,4218,2976197,9464379,7.0,57.0,7,7
adaptive,1,194884,194963,560,4560,2976757,9468939,7.0,57.0,7,7
adaptive,1,194964,195032,483,3933,2977240,9472872,7.0,57.0,7,7
adaptive,1,195033,195106,518,4218,2977758,9477090,7.0,57.0,7,7
adaptive,1,195107,195224,826,6726,2978584,9483816,7.0,57.0,7,7
adaptive,1,195225,195303,553,4503,2979137,9488319,7.0,57.0,7,7
adaptive,1,195304,195374,497,4047,2979634,9492366,7.0,57.0,7,7
adaptive,1,195375,195447,511,4161,2980145,9496527,7.0,57.0,7,7
adaptive,1,195448,195515,476,3876,2980621,9500403,7.0,57.0,7,7
adaptive,1,195516,195585,490,3990,2981111,9504393,7.0,57.0,7,7
adaptive,1,195586,195651,462,3762,2981573,9508155,7.0,57.0,7,7
adaptive,1,195652,195721,490,3990,2982063,9512145,7.0,57.0,7,7
adaptive,1,195722,195800,553,4503,2982616,9516648,7.0,57.0,7,7
adaptive,1,195801,195866,462,3762,2983078,9520410,7.0,57.0,7,7
adaptive,1,195867,195945,553,4503,2983631,9524913,7.0,57.0,7,7
adaptive,1,195946,196016,497,4047,2984128,9528960,7.0,57.0,7,7
adaptive,1,196017,196087,497,4047,2984625,9533007,7.0,57.0,7,7
adaptive,1,196088,196160,511,4161,2985136,9537168,7.0,57.0,7,7
adaptive,1,196161,196238,546,4446,2985682,9541614,7.0,57.0,7,7
adaptive,1,196239,196309,497,4047,2986179,9545661,7.0,57.0,7,7
adaptive,1,196310,196381,504,4104,2986683,9549765,7.0,57.0,7,7
adaptive,1,196382,196447,462,3762,2987145,9553527,7.0,57.0,7,7
adaptive,1,196448,196519,504,4104,2987649,9557631,7.0,57.0,7,7
adaptive,1,196520,196590,497,4047,2988146,9561678,7.0,57.0,7,7
adaptive,1,196591,196658,476,3876,2988622,9565554,7.0,57.0,7,7
adaptive,1,196659,196726,476,3876,2989098,9569430,7.0,57.0,7,7
adaptive,1,196727,196796,490,3990,2989588,9573420,7.0,57.0,7,7
adaptive,1,196797,196869,511,4161,2990099,9577581,7.0,57.0,7,7
adaptive,1,196870,196939,490,3990,2990589,9581571,7.0,57.0,7,7
adaptive,1,196940,197006,469,3819,2991058,9585390,7.0,57.0,7,7
adaptive,1,197007,197087,567,4617,2991625,9590007,7.0,57.0,7,7
adaptive,1,197088,197170,581,4731,2992206,9594738,7.0,57.0,7,7
adaptive,1,197171,197240,490,3990,2992696,9598728,7.0,57.0,7,7
adaptive,1,197241,197310,490,3990,2993186,9602718,7.0,57.0,7,7
adaptive,1,197311,197380,490,3990,2993676,9606708,7.0,57.0,7,7
adaptive,1,197381,197448,476,3876,2994152,9610584,7.0,57.0,7,7
adaptive,1,197449,197524,532,4332,2994684,9614916,7.0,57.0,7,7
adaptive,1,197525,197603,553,4503,2995237,9619419,7.0,57.0,7,7
adaptive,1,197604,197670,469,3819,2995706,9623238,7.0,57.0,7,7
adaptive,1,197671,197742,504,4104,2996210,9627342,7.0,57.0,7,7
adaptive,1,197743,197812,490,3990,2996700,9631332,7.0,57.0,7,7
adaptive,1,197813,197884,504,4104,2997204,9635436,7.0,57.0,7,7
adaptive,1,197885,197952,476,3876,2997680,9639312,7.0,57.0,7,7
adaptive,1,197953,198020,476,3876,2998156,9643188,7.0,57.0,7,7
adaptive,1,198021,198093,511,4161,2998667,9647349,7.0,57.0,7,7
adaptive,1,198094,198165,504,4104,2999171,9651453,7.0,57.0,7,7
adaptive,1,198166,198234,483,3933,2999654,9655386,7.0,57.0,7,7
adaptive,1,198235,198303,483,3933,3000137,9659319,7.0,57.0,7,7
adaptive,1,198304,198373,490,3990,3000627,9663309,7.0,57.0,7,7
adaptive,1,198374,198439,462,3762,3001089,9667071,7.0,57.0,7,7
adaptive,1,198440,198518,553,4503,3001642,9671574,7.0,57.0,7,7
adaptive,1,198519,198590,504,4104,3002146,9675678,7.0,57.0,7,7
adaptive,1,198591,198662,504,4104,3002650,9679782,7.0,57.0,7,7
adaptive,1,198663,198728,462,3762,3003112,9683544,7.0,57.0,7,7
adaptive,1,198729,198797,483,3933,3003595,9687477,7.0,57.0,7,7
adaptive,1,198798,198866,483,3933,3004078,9691410,7.0,57.0,7,7
adaptive,1,198867,198938,504,4104,3004582,9695514,7.0,57.0,7,7
adaptive,1,198939,199012,518,4218,3005100,9699732,7.0,57.0,7,7
adaptive,1,199013,199080,476,3876,3005576,9703608,7.0,57.0,7,7
adaptive,1,199081,199150,490,3990,3006066,9707598,7.0,57.0,7,7
adaptive,1,199151,199218,476,3876,3006542,9711474,7.0,57.0,7,7
adaptive,1,199219,199274,392,3192,3006934,9714666,7.0,57.0,7,7
adaptive,1,199275,199343,483,3933,3007417,9718599,7.0,57.0,7,7
adaptive,1,199344,199415,504,4104,3007921,9722703,7.0,57.0,7,7
adaptive,1,199416,199483,476,3876,3008397,9726579,7.0,57.0,7,7
adaptive,1,199484,199555,504,4104,3008901,9730683,7.0,57.0,7,7
adaptive,1,199556,199626,497,4047,3009398,9734730,7.0,57.0,7,7
adaptive,1,199627,199704,546,4446,3009944,9739176,7.0,57.0,7,7
adaptive,1,199705,199776,504,4104,3010448,9743280,7.0,57.0,7,7
adaptive,1,199777,199851,525,4275,3010973,9747555,7.0,57.0,7,7
adaptive,1,199852,199919,476,3876,3011449,9751431,7.0,57.0,7,7
adaptive,1,199920,199988,483,3933,3011932,9755364,7.0,57.0,7,7
adaptive,1,199989,200000,84,684,3012016,9756048,7.0,57.0,7,7
