episode,environment_steps,episode_steps,scenario_id,condition,success,collision,budget_cutoff,return,epsilon,demo_samples_cumulative,online_samples_cumulative
0,12,12,pair_012_n3_012_control,control,0,1,0,-0.71,0.29998166666666665,192,576
1,43,31,pair_010_n3_010_control,control,0,1,0,-0.2499999999999999,0.29993,688,2064
2,128,85,pair_007_n5_007_control,control,1,0,0,12.41,0.2997883333333333,2048,6144
3,241,113,pair_002_n5_002_control,control,1,0,0,12.13,0.2996,3856,11568
4,332,91,pair_008_n3_008_conflict,conflict,0,1,0,1.3000000000000012,0.2994483333333333,5312,15936
5,426,94,pair_003_n3_003_conflict,conflict,0,1,0,1.2700000000000014,0.2992916666666667,6816,20448
6,542,116,pair_016_n5_016_control,control,1,0,0,12.100000000000001,0.2990983333333333,8672,26016
7,646,104,pair_011_n5_011_control,control,0,1,0,1.1200000000000014,0.298925,10336,31008
8,765,119,pair_016_n3_016_conflict,conflict,1,0,0,12.07,0.29872666666666664,12240,36720
9,777,12,pair_009_n5_009_conflict,conflict,0,1,0,-0.8099999999999999,0.2987066666666667,12432,37296
10,788,11,pair_011_n5_011_conflict,conflict,0,1,0,-0.8,0.29868833333333333,12608,37824
11,875,87,pair_004_n5_004_control,control,0,1,0,1.3400000000000012,0.2985433333333333,14000,42000
12,970,95,pair_012_n3_012_conflict,conflict,1,0,0,12.310000000000002,0.298385,15520,46560
13,1076,106,pair_005_n5_005_control,control,1,0,0,12.200000000000001,0.2982083333333333,17216,51648
14,1158,82,pair_014_n5_014_conflict,conflict,1,0,0,12.440000000000001,0.2980716666666667,18528,55584
15,1259,101,pair_010_n5_010_conflict,conflict,0,1,0,1.2000000000000015,0.2979033333333333,20144,60432
16,1341,82,pair_017_n3_017_control,control,1,0,0,12.440000000000001,0.2977666666666667,21456,64368
17,1434,93,pair_002_n5_002_conflict,conflict,1,0,0,12.330000000000002,0.29761166666666666,22944,68832
18,1550,116,pair_013_n5_013_control,control,1,0,0,12.100000000000001,0.29741833333333334,24800,74400
19,1662,112,pair_012_n5_012_control,control,1,0,0,12.14,0.29723166666666667,26592,79776
20,1673,11,pair_017_n5_017_conflict,conflict,0,1,0,-0.8,0.29721333333333333,26768,80304
21,1777,104,pair_010_n5_010_control,control,1,0,0,12.220000000000002,0.29703999999999997,28432,85296
22,1872,95,pair_017_n3_017_conflict,conflict,1,0,0,12.310000000000002,0.29688166666666665,29952,89856
23,1992,120,pair_003_n5_003_control,control,1,0,0,12.060000000000002,0.2966816666666667,31872,95616
24,2098,106,pair_015_n3_015_conflict,conflict,1,0,0,12.200000000000001,0.29650499999999996,33568,100704
25,2207,109,pair_003_n5_003_conflict,conflict,0,1,0,1.120000000000001,0.2963233333333333,35312,105936
26,2212,5,pair_016_n5_016_conflict,conflict,0,1,0,-0.89,0.296315,35392,106176
27,2310,98,pair_001_n5_001_conflict,conflict,0,1,0,1.1300000000000012,0.29615166666666665,36960,110880
28,2407,97,pair_002_n3_002_control,control,0,1,0,1.140000000000001,0.29599,38512,115536
29,2524,117,pair_005_n3_005_control,control,0,1,0,0.9900000000000009,0.295795,40384,121152
30,2610,86,pair_010_n3_010_conflict,conflict,0,1,0,1.350000000000001,0.29565166666666665,41760,125280
31,2697,87,pair_004_n3_004_conflict,conflict,0,1,0,1.2900000000000014,0.29550666666666664,43152,129456
32,2760,63,pair_006_n5_006_control,control,0,1,0,0.4300000000000006,0.2954016666666667,44160,132480
33,2857,97,pair_007_n3_007_conflict,conflict,1,0,0,12.290000000000001,0.29524,45712,137136
34,2946,89,pair_001_n3_001_control,control,1,0,0,12.370000000000001,0.29509166666666664,47136,141408
35,3032,86,pair_007_n5_007_conflict,conflict,0,1,0,1.2500000000000013,0.2949483333333333,48512,145536
36,3111,79,pair_006_n5_006_conflict,conflict,0,1,0,1.3700000000000014,0.29481666666666667,49776,149328
37,3121,10,pair_017_n5_017_control,control,0,1,0,-0.84,0.2948,49936,149808
38,3216,95,pair_000_n3_000_conflict,conflict,1,0,0,12.310000000000002,0.29464166666666664,51456,154368
39,3321,105,pair_008_n5_008_control,control,0,1,0,1.1100000000000012,0.29446666666666665,53136,159408
40,3415,94,pair_002_n3_002_conflict,conflict,1,0,0,12.320000000000002,0.29431,54640,163920
41,3543,128,pair_000_n5_000_control,control,0,1,0,0.830000000000001,0.2940966666666667,56688,170064
42,3635,92,pair_008_n5_008_conflict,conflict,0,1,0,1.2900000000000014,0.29394333333333333,58160,174480
43,3658,23,pair_001_n3_001_conflict,conflict,0,1,0,-0.37,0.29390499999999997,58528,175584
44,3774,116,pair_012_n5_012_conflict,conflict,0,1,0,1.0500000000000016,0.29371166666666665,60384,181152
45,3894,120,pair_013_n5_013_conflict,conflict,1,0,0,12.06,0.29351166666666667,62304,186912
46,4028,134,pair_011_n3_011_control,control,1,0,0,11.920000000000002,0.2932883333333333,64448,193344
47,4124,96,pair_013_n3_013_control,control,1,0,0,12.3,0.2931283333333333,65984,197952
48,4250,126,pair_015_n5_015_control,control,1,0,0,12.0,0.29291833333333334,68000,204000
49,4550,300,pair_008_n3_008_control,control,0,0,0,0.049999999999999434,0.29241833333333334,72800,218400
50,4850,300,pair_004_n5_004_conflict,conflict,0,0,0,-0.04999999999999999,0.29191833333333334,77600,232800
51,4970,120,pair_006_n3_006_control,control,1,0,0,12.060000000000002,0.2917183333333333,79520,238560
52,5081,111,pair_014_n5_014_control,control,1,0,0,12.150000000000002,0.2915333333333333,81296,243888
53,5157,76,pair_016_n3_016_control,control,0,1,0,1.3500000000000014,0.29140666666666665,82512,247536
54,5244,87,pair_015_n5_015_conflict,conflict,1,0,0,12.39,0.29126166666666664,83904,251712
55,5544,300,pair_007_n3_007_control,control,0,0,0,0.049999999999999094,0.29076166666666664,88704,266112
56,5782,238,pair_003_n3_003_control,control,1,0,0,10.88,0.290365,92512,277536
57,5886,104,pair_013_n3_013_conflict,conflict,1,0,0,12.220000000000002,0.2901916666666667,94176,282528
58,6186,300,pair_005_n3_005_conflict,conflict,0,0,0,0.049999999999999635,0.2896916666666667,98976,296928
59,6301,115,pair_009_n3_009_control,control,1,0,0,12.110000000000001,0.2895,100816,302448
60,6531,230,pair_000_n3_000_control,control,1,0,0,10.96,0.28911666666666663,104496,313488
61,6674,143,pair_009_n3_009_conflict,conflict,1,0,0,11.830000000000002,0.28887833333333335,106784,320352
62,6722,48,pair_001_n5_001_control,control,0,1,0,-0.5200000000000002,0.2887983333333333,107552,322656
63,6861,139,pair_000_n5_000_conflict,conflict,1,0,0,11.870000000000001,0.28856666666666664,109776,329328
64,6968,107,pair_005_n5_005_conflict,conflict,1,0,0,12.190000000000001,0.2883883333333333,111488,334464
65,7103,135,pair_014_n3_014_control,control,1,0,0,11.91,0.2881633333333333,113648,340944
66,7228,125,pair_004_n3_004_control,control,1,0,0,12.010000000000002,0.28795499999999996,115648,346944
67,7407,179,pair_009_n5_009_control,control,1,0,0,11.47,0.28765666666666667,118512,355536
68,7540,133,pair_011_n3_011_conflict,conflict,1,0,0,11.930000000000001,0.287435,120640,361920
69,7624,84,pair_014_n3_014_conflict,conflict,1,0,0,12.420000000000002,0.28729499999999997,121984,365952
70,7753,129,pair_015_n3_015_control,control,1,0,0,11.970000000000002,0.28708,124048,372144
71,7840,87,pair_006_n3_006_conflict,conflict,1,0,0,12.39,0.286935,125440,376320
72,7958,118,pair_000_n5_000_conflict,conflict,1,0,0,12.080000000000002,0.2867383333333333,127328,381984
73,8052,94,pair_014_n3_014_conflict,conflict,1,0,0,12.32,0.2865816666666667,128832,386496
74,8175,123,pair_017_n3_017_conflict,conflict,1,0,0,12.030000000000001,0.28637666666666667,130800,392400
75,8400,225,pair_013_n5_013_control,control,1,0,0,11.01,0.28600166666666665,134400,403200
76,8550,150,pair_000_n5_000_control,control,1,0,0,11.760000000000002,0.2857516666666667,136800,410400
77,8660,110,pair_005_n3_005_control,control,1,0,0,12.160000000000002,0.2855683333333333,138560,415680
78,8746,86,pair_012_n3_012_control,control,1,0,0,12.400000000000002,0.285425,139936,419808
79,8866,120,pair_008_n3_008_control,control,1,0,0,12.06,0.285225,141856,425568
80,9062,196,pair_013_n3_013_control,control,1,0,0,11.3,0.2848983333333333,144992,434976
81,9190,128,pair_010_n3_010_conflict,conflict,1,0,0,11.98,0.28468499999999997,147040,441120
82,9294,104,pair_007_n5_007_control,control,1,0,0,12.220000000000002,0.28451166666666666,148704,446112
83,9400,106,pair_008_n5_008_conflict,conflict,1,0,0,12.200000000000001,0.284335,150400,451200
84,9495,95,pair_004_n5_004_control,control,1,0,0,12.310000000000002,0.28417666666666663,151920,455760
85,9600,105,pair_006_n5_006_conflict,conflict,1,0,0,12.210000000000003,0.28400166666666665,153600,460800
86,9782,182,pair_003_n5_003_conflict,conflict,1,0,0,11.440000000000001,0.28369833333333333,156512,469536
87,9896,114,pair_007_n3_007_control,control,1,0,0,12.120000000000001,0.2835083333333333,158336,475008
88,10001,105,pair_006_n3_006_control,control,1,0,0,12.21,0.2833333333333333,160013,480051
89,10099,98,pair_004_n3_004_control,control,1,0,0,12.280000000000003,0.28317,161287,485049
90,10212,113,pair_007_n3_007_conflict,conflict,1,0,0,12.130000000000003,0.28298166666666663,162756,490812
91,10320,108,pair_002_n3_002_control,control,1,0,0,12.180000000000001,0.2828016666666667,164160,496320
92,10422,102,pair_003_n3_003_conflict,conflict,1,0,0,12.240000000000002,0.28263166666666667,165486,501522
93,10541,119,pair_009_n3_009_control,control,1,0,0,12.07,0.2824333333333333,167033,507591
94,10641,100,pair_015_n3_015_conflict,conflict,1,0,0,12.260000000000005,0.28226666666666667,168333,512691
95,10745,104,pair_012_n5_012_conflict,conflict,0,1,0,1.2200000000000024,0.2820933333333333,169685,517995
96,10994,249,pair_015_n5_015_conflict,conflict,1,0,0,10.770000000000001,0.2816783333333333,172922,530694
97,11119,125,pair_004_n5_004_conflict,conflict,1,0,0,12.010000000000002,0.28147,174547,537069
98,11204,85,pair_016_n5_016_conflict,conflict,0,1,0,1.1600000000000015,0.28132833333333335,175652,541404
99,11319,115,pair_010_n5_010_control,control,1,0,0,12.110000000000001,0.28113666666666665,177147,547269
100,11420,101,pair_008_n3_008_conflict,conflict,1,0,0,12.250000000000002,0.2809683333333333,178460,552420
101,11500,80,pair_009_n5_009_control,control,1,0,0,12.46,0.280835,179500,556500
102,11603,103,pair_001_n5_001_control,control,0,1,0,1.180000000000001,0.2806633333333333,180839,561753
103,11704,101,pair_016_n3_016_conflict,conflict,1,0,0,12.250000000000002,0.280495,182152,566904
104,11765,61,pair_002_n5_002_conflict,conflict,0,1,0,0.6500000000000008,0.28039333333333333,182945,570015
105,11888,123,pair_004_n3_004_conflict,conflict,1,0,0,12.030000000000001,0.2801883333333333,184544,576288
106,12011,123,pair_017_n5_017_control,control,1,0,0,12.030000000000005,0.2799833333333333,186143,582561
107,12086,75,pair_001_n5_001_conflict,conflict,1,0,0,12.510000000000002,0.2798583333333333,187118,586386
108,12090,4,pair_014_n3_014_control,control,0,1,0,-0.88,0.27985166666666667,187170,586590
109,12211,121,pair_007_n5_007_conflict,conflict,1,0,0,12.05,0.27965,188743,592761
110,12315,104,pair_000_n3_000_control,control,1,0,0,12.220000000000002,0.27947666666666665,190095,598065
111,12419,104,pair_017_n3_017_control,control,1,0,0,12.220000000000002,0.27930333333333335,191447,603369
112,12526,107,pair_001_n3_001_conflict,conflict,1,0,0,12.190000000000001,0.279125,192838,608826
113,12621,95,pair_005_n5_005_control,control,0,1,0,1.2100000000000013,0.27896666666666664,194073,613671
114,12713,92,pair_009_n3_009_conflict,conflict,1,0,0,12.340000000000002,0.2788133333333333,195269,618363
115,12804,91,pair_010_n3_010_control,control,0,1,0,1.3000000000000025,0.27866166666666664,196452,623004
116,12825,21,pair_000_n3_000_conflict,conflict,0,1,0,-0.6000000000000001,0.27862666666666663,196725,624075
117,12917,92,pair_015_n5_015_control,control,1,0,0,12.340000000000002,0.27847333333333335,197921,628767
118,13021,104,pair_005_n5_005_conflict,conflict,0,1,0,1.120000000000001,0.2783,199273,634071
119,13150,129,pair_016_n3_016_control,control,1,0,0,11.97,0.27808499999999997,200950,640650
120,13233,83,pair_013_n3_013_conflict,conflict,1,0,0,12.430000000000001,0.2779466666666667,202029,644883
121,13330,97,pair_008_n5_008_control,control,1,0,0,12.290000000000001,0.277785,203290,649830
122,13416,86,pair_011_n5_011_conflict,conflict,0,1,0,1.3000000000000016,0.2776416666666667,204408,654216
123,13505,89,pair_011_n3_011_conflict,conflict,1,0,0,12.370000000000001,0.2774933333333333,205565,658755
124,13600,95,pair_003_n3_003_control,control,1,0,0,12.310000000000002,0.277335,206800,663600
125,13604,4,pair_011_n5_011_control,control,0,1,0,-0.88,0.27732833333333334,206852,663804
126,13753,149,pair_010_n5_010_conflict,conflict,1,0,0,11.770000000000001,0.27708,208789,671403
127,13848,95,pair_017_n5_017_conflict,conflict,1,0,0,12.310000000000002,0.2769216666666667,210024,676248
128,13951,103,pair_014_n5_014_control,control,1,0,0,12.23,0.27675,211363,681501
129,13961,10,pair_014_n5_014_conflict,conflict,0,1,0,-0.94,0.27673333333333333,211493,682011
130,14057,96,pair_012_n5_012_control,control,1,0,0,12.3,0.27657333333333334,212741,686907
131,14176,119,pair_002_n3_002_conflict,conflict,1,0,0,12.07,0.276375,214288,692976
132,14271,95,pair_009_n5_009_conflict,conflict,1,0,0,12.310000000000002,0.27621666666666667,215523,697821
133,14393,122,pair_011_n3_011_control,control,1,0,0,12.040000000000001,0.27601333333333333,217109,704043
134,14495,102,pair_016_n5_016_control,control,1,0,0,12.240000000000002,0.27584333333333333,218435,709245
135,14670,175,pair_013_n5_013_conflict,conflict,1,0,0,11.510000000000002,0.27555166666666664,220710,718170
136,14788,118,pair_012_n3_012_conflict,conflict,1,0,0,12.080000000000002,0.275355,222244,724188
137,14842,54,pair_006_n5_006_control,control,0,1,0,0.4200000000000006,0.275265,222946,726942
138,15105,263,pair_001_n3_001_control,control,1,0,0,10.63,0.27482666666666666,226365,740355
139,15219,114,pair_003_n5_003_control,control,1,0,0,12.120000000000001,0.27463666666666664,227847,746169
140,15327,108,pair_015_n3_015_control,control,1,0,0,12.180000000000001,0.2744566666666667,229251,751677
141,15417,90,pair_006_n3_006_conflict,conflict,1,0,0,12.360000000000001,0.27430666666666664,230421,756267
142,15427,10,pair_005_n3_005_conflict,conflict,0,1,0,-0.84,0.27429,230551,756777
143,15532,105,pair_002_n5_002_control,control,1,0,0,12.21,0.274115,231916,762132
144,15627,95,pair_001_n5_001_control,control,1,0,0,12.310000000000002,0.2739566666666666,233151,766977
145,15715,88,pair_012_n3_012_conflict,conflict,1,0,0,12.380000000000003,0.27381,234295,771465
146,15816,101,pair_013_n5_013_control,control,1,0,0,12.250000000000002,0.27364166666666667,235608,776616
147,15944,128,pair_004_n5_004_control,control,1,0,0,11.98,0.27342833333333333,237272,783144
148,16030,86,pair_000_n3_000_conflict,conflict,1,0,0,12.400000000000002,0.273285,238390,787530
149,16132,102,pair_014_n5_014_conflict,conflict,1,0,0,12.240000000000002,0.273115,239716,792732
150,16169,37,pair_011_n3_011_control,control,0,1,0,0.24000000000000044,0.2730533333333333,240197,794619
151,16262,93,pair_003_n3_003_control,control,1,0,0,12.330000000000002,0.2728983333333333,241406,799362
152,16347,85,pair_002_n3_002_control,control,1,0,0,12.410000000000002,0.27275666666666665,242511,803697
153,16440,93,pair_000_n5_000_control,control,1,0,0,12.330000000000002,0.27260166666666663,243720,808440
154,16452,12,pair_017_n3_017_control,control,0,1,0,-0.91,0.27258166666666667,243876,809052
155,16461,9,pair_004_n3_004_conflict,conflict,0,1,0,-0.88,0.2725666666666667,243993,809511
156,16552,91,pair_000_n3_000_control,control,1,0,0,12.350000000000001,0.27241499999999996,245176,814152
157,16668,116,pair_010_n3_010_control,control,1,0,0,12.100000000000001,0.27222166666666664,246684,820068
158,16761,93,pair_009_n3_009_control,control,1,0,0,12.330000000000002,0.2720666666666667,247893,824811
159,16833,72,pair_009_n5_009_control,control,1,0,0,12.540000000000001,0.27194666666666667,248829,828483
160,16953,120,pair_013_n5_013_conflict,conflict,1,0,0,12.06,0.27174666666666664,250389,834603
161,17086,133,pair_012_n5_012_control,control,1,0,0,11.930000000000001,0.271525,252118,841386
162,17189,103,pair_000_n5_000_conflict,conflict,1,0,0,12.23,0.27135333333333334,253457,846639
163,17207,18,pair_017_n5_017_conflict,conflict,0,1,0,-0.5700000000000001,0.2713233333333333,253691,847557
164,17348,141,pair_007_n3_007_conflict,conflict,1,0,0,11.850000000000001,0.2710883333333333,255524,854748
165,17466,118,pair_009_n3_009_conflict,conflict,1,0,0,12.080000000000002,0.27089166666666664,257058,860766
166,17555,89,pair_001_n3_001_control,control,1,0,0,12.370000000000001,0.27074333333333334,258215,865305
167,17642,87,pair_016_n5_016_control,control,1,0,0,12.39,0.27059833333333333,259346,869742
168,17741,99,pair_003_n5_003_conflict,conflict,1,0,0,12.270000000000001,0.2704333333333333,260633,874791
169,17817,76,pair_002_n5_002_control,control,0,1,0,0.5500000000000007,0.27030666666666664,261621,878667
170,17905,88,pair_007_n3_007_control,control,1,0,0,12.380000000000003,0.27016,262765,883155
171,18008,103,pair_015_n3_015_conflict,conflict,1,0,0,12.23,0.26998833333333333,264104,888408
172,18099,91,pair_016_n5_016_conflict,conflict,0,1,0,1.2000000000000015,0.26983666666666667,265287,893049
173,18102,3,pair_005_n3_005_control,control,0,1,0,-0.92,0.26983166666666664,265326,893202
174,18198,96,pair_008_n3_008_conflict,conflict,1,0,0,12.3,0.26967166666666664,266574,898098
175,18293,95,pair_015_n5_015_conflict,conflict,1,0,0,12.310000000000002,0.2695133333333333,267809,902943
176,18433,140,pair_015_n5_015_control,control,1,0,0,11.860000000000001,0.26927999999999996,269629,910083
177,18623,190,pair_007_n5_007_conflict,conflict,0,1,0,0.3100000000000003,0.26896333333333333,272099,919773
178,18741,118,pair_011_n5_011_control,control,1,0,0,12.080000000000002,0.26876666666666665,273633,925791
179,18853,112,pair_012_n3_012_control,control,1,0,0,12.140000000000002,0.26858,275089,931503
180,18946,93,pair_010_n5_010_conflict,conflict,1,0,0,12.330000000000002,0.26842499999999997,276298,936246
181,19088,142,pair_001_n5_001_conflict,conflict,1,0,0,11.840000000000002,0.2681883333333333,278144,943488
182,19193,105,pair_011_n3_011_conflict,conflict,1,0,0,12.21,0.2680133333333333,279509,948843
183,19304,111,pair_003_n5_003_control,control,1,0,0,12.150000000000002,0.26782833333333333,280952,954504
184,19386,82,pair_001_n3_001_conflict,conflict,0,1,0,1.3400000000000016,0.26769166666666666,282018,958686
185,19481,95,pair_010_n5_010_control,control,1,0,0,12.310000000000002,0.26753333333333335,283253,963531
186,19595,114,pair_014_n3_014_control,control,1,0,0,12.120000000000003,0.2673433333333333,284735,969345
187,19707,112,pair_005_n5_005_conflict,conflict,0,1,0,1.0900000000000025,0.26715666666666665,286191,975057
188,19809,102,pair_006_n5_006_conflict,conflict,1,0,0,12.240000000000002,0.26698666666666665,287517,980259
189,19942,133,pair_005_n5_005_control,control,1,0,0,11.930000000000001,0.266765,289246,987042
190,20041,99,pair_012_n5_012_conflict,conflict,1,0,0,12.270000000000001,0.2666,290369,992255
191,20141,100,pair_008_n5_008_conflict,conflict,1,0,0,12.260000000000002,0.2664333333333333,291269,997755
192,20218,77,pair_013_n3_013_conflict,conflict,1,0,0,12.490000000000002,0.266305,291962,1001990
193,20297,79,pair_007_n5_007_control,control,1,0,0,12.470000000000002,0.2661733333333333,292673,1006335
194,20390,93,pair_003_n3_003_conflict,conflict,1,0,0,12.330000000000002,0.2660183333333333,293510,1011450
195,20486,96,pair_006_n5_006_control,control,0,1,0,1.2500000000000009,0.2658583333333333,294374,1016730
196,20613,127,pair_008_n5_008_control,control,1,0,0,11.990000000000002,0.26564666666666664,295517,1023715
197,20710,97,pair_015_n3_015_control,control,1,0,0,12.290000000000003,0.26548499999999997,296390,1029050
198,20809,99,pair_017_n3_017_conflict,conflict,1,0,0,12.270000000000003,0.26532,297281,1034495
199,20920,111,pair_014_n3_014_conflict,conflict,1,0,0,12.150000000000004,0.265135,298280,1040600
200,21022,102,pair_002_n3_002_conflict,conflict,1,0,0,12.240000000000002,0.264965,299198,1046210
201,21145,123,pair_014_n5_014_control,control,1,0,0,12.030000000000003,0.26476,300305,1052975
202,21240,95,pair_005_n3_005_conflict,conflict,0,1,0,1.2100000000000013,0.2646016666666667,301160,1058200
203,21338,98,pair_013_n3_013_control,control,1,0,0,12.280000000000001,0.26443833333333333,302042,1063590
204,21450,112,pair_010_n3_010_conflict,conflict,1,0,0,12.14,0.26425166666666666,303050,1069750
205,21551,101,pair_002_n5_002_conflict,conflict,1,0,0,12.250000000000002,0.26408333333333334,303959,1075305
206,21644,93,pair_006_n3_006_conflict,conflict,1,0,0,12.330000000000002,0.2639283333333333,304796,1080420
207,21653,9,pair_011_n5_011_conflict,conflict,0,1,0,-0.6799999999999999,0.26391333333333333,304877,1080915
208,21732,79,pair_006_n3_006_control,control,1,0,0,12.470000000000002,0.26378166666666664,305588,1085260
209,21886,154,pair_009_n5_009_conflict,conflict,1,0,0,11.72,0.263525,306974,1093730
210,21977,91,pair_016_n3_016_conflict,conflict,0,1,0,1.2500000000000018,0.26337333333333335,307793,1098735
211,22069,92,pair_004_n5_004_conflict,conflict,1,0,0,12.340000000000002,0.26322,308621,1103795
212,22155,86,pair_008_n3_008_control,control,1,0,0,12.400000000000002,0.2630766666666666,309395,1108525
213,22256,101,pair_016_n3_016_control,control,1,0,0,12.25,0.2629083333333333,310304,1114080
214,22391,135,pair_004_n3_004_control,control,1,0,0,11.91,0.2626833333333333,311519,1121505
215,22486,95,pair_017_n5_017_control,control,1,0,0,12.310000000000002,0.262525,312374,1126730
216,22572,86,pair_017_n3_017_conflict,conflict,1,0,0,12.400000000000002,0.2623816666666667,313148,1131460
217,22648,76,pair_016_n3_016_conflict,conflict,0,1,0,1.2500000000000018,0.262255,313832,1135640
218,22776,128,pair_015_n3_015_conflict,conflict,1,0,0,11.98,0.2620416666666667,314984,1142680
219,22863,87,pair_011_n3_011_control,control,1,0,0,12.390000000000002,0.26189666666666667,315767,1147465
220,22961,98,pair_003_n3_003_conflict,conflict,0,1,0,1.180000000000001,0.2617333333333333,316649,1152855
221,23041,80,pair_008_n3_008_control,control,1,0,0,12.46,0.2616,317369,1157255
222,23134,93,pair_001_n3_001_control,control,1,0,0,12.330000000000002,0.261445,318206,1162370
223,23243,109,pair_010_n5_010_control,control,1,0,0,12.170000000000002,0.2612633333333333,319187,1168365
224,23254,11,pair_009_n3_009_control,control,0,1,0,-0.85,0.261245,319286,1168970
225,23326,72,pair_003_n5_003_control,control,0,1,0,0.5400000000000007,0.261125,319934,1172930
226,23423,97,pair_016_n3_016_control,control,0,1,0,1.140000000000001,0.2609633333333333,320807,1178265
227,23527,104,pair_007_n5_007_control,control,1,0,0,12.220000000000002,0.26078999999999997,321743,1183985
228,23621,94,pair_011_n5_011_conflict,conflict,0,1,0,1.3200000000000012,0.26063333333333333,322589,1189155
229,23720,99,pair_012_n3_012_conflict,conflict,1,0,0,12.270000000000001,0.2604683333333333,323480,1194600
230,23807,87,pair_007_n3_007_conflict,conflict,1,0,0,12.390000000000002,0.26032333333333335,324263,1199385
231,23895,88,pair_012_n5_012_control,control,1,0,0,12.380000000000003,0.26017666666666667,325055,1204225
232,24004,109,pair_002_n5_002_conflict,conflict,1,0,0,12.170000000000002,0.259995,326036,1210220
233,24011,7,pair_009_n3_009_conflict,conflict,0,1,0,-1.06,0.25998333333333334,326099,1210605
234,24110,99,pair_014_n5_014_control,control,1,0,0,12.270000000000001,0.2598183333333333,326990,1216050
235,24219,109,pair_009_n5_009_control,control,1,0,0,12.170000000000002,0.2596366666666666,327971,1222045
236,24323,104,pair_000_n3_000_conflict,conflict,1,0,0,12.22,0.2594633333333333,328907,1227765
237,24436,113,pair_000_n3_000_control,control,1,0,0,12.13,0.259275,329924,1233980
238,24554,118,pair_012_n3_012_control,control,1,0,0,12.080000000000002,0.2590783333333333,330986,1240470
239,24662,108,pair_000_n5_000_conflict,conflict,1,0,0,12.180000000000001,0.25889833333333334,331958,1246410
240,24757,95,pair_011_n3_011_conflict,conflict,1,0,0,12.310000000000002,0.25873999999999997,332813,1251635
241,24866,109,pair_008_n5_008_conflict,conflict,0,1,0,1.1700000000000017,0.25855833333333333,333794,1257630
242,24966,100,pair_014_n3_014_control,control,1,0,0,12.260000000000002,0.2583916666666667,334694,1263130
243,25091,125,pair_001_n5_001_control,control,0,1,0,0.060000000000000275,0.2581833333333333,335819,1270005
244,25202,111,pair_002_n5_002_control,control,1,0,0,12.150000000000002,0.25799833333333333,336818,1276110
245,25324,122,pair_016_n5_016_control,control,1,0,0,12.040000000000001,0.257795,337916,1282820
246,25414,90,pair_003_n3_003_control,control,1,0,0,12.360000000000001,0.257645,338726,1287770
247,25503,89,pair_008_n5_008_control,control,1,0,0,12.370000000000001,0.25749666666666665,339527,1292665
248,25592,89,pair_014_n3_014_conflict,conflict,1,0,0,12.370000000000001,0.25734833333333335,340328,1297560
249,25607,15,pair_006_n5_006_conflict,conflict,0,1,0,-0.79,0.25732333333333335,340463,1298385
250,25747,140,pair_000_n5_000_control,control,0,1,0,0.010000000000000231,0.25709,341723,1306085
251,25847,100,pair_004_n3_004_control,control,1,0,0,12.260000000000002,0.25692333333333334,342623,1311585
252,25935,88,pair_016_n5_016_conflict,conflict,1,0,0,12.380000000000003,0.25677666666666665,343415,1316425
253,26029,94,pair_005_n3_005_control,control,1,0,0,12.320000000000002,0.25661999999999996,344261,1321595
254,26127,98,pair_013_n3_013_conflict,conflict,1,0,0,12.280000000000001,0.25645666666666667,345143,1326985
255,26247,120,pair_001_n3_001_conflict,conflict,1,0,0,12.06,0.25625666666666663,346223,1333585
256,26365,118,pair_005_n5_005_conflict,conflict,1,0,0,12.080000000000002,0.25606,347285,1340075
257,26462,97,pair_004_n5_004_control,control,0,1,0,1.240000000000001,0.25589833333333334,348158,1345410
258,26556,94,pair_003_n5_003_conflict,conflict,1,0,0,12.320000000000002,0.25574166666666664,349004,1350580
259,26660,104,pair_002_n3_002_control,control,1,0,0,12.220000000000002,0.25556833333333334,349940,1356300
260,26750,90,pair_006_n3_006_conflict,conflict,1,0,0,12.360000000000001,0.2554183333333333,350750,1361250
261,26830,80,pair_001_n5_001_conflict,conflict,1,0,0,12.46,0.255285,351470,1365650
262,26916,86,pair_015_n5_015_control,control,1,0,0,12.400000000000002,0.25514166666666666,352244,1370380
263,27001,85,pair_011_n5_011_control,control,1,0,0,12.410000000000002,0.255,353009,1375055
264,27114,113,pair_007_n5_007_conflict,conflict,1,0,0,12.130000000000003,0.25481166666666666,354026,1381270
265,27191,77,pair_017_n3_017_control,control,1,0,0,12.490000000000002,0.2546833333333333,354719,1385505
266,27318,127,pair_010_n3_010_control,control,1,0,0,11.990000000000002,0.25447166666666665,355862,1392490
267,27416,98,pair_015_n3_015_control,control,1,0,0,12.280000000000001,0.2543083333333333,356744,1397880
268,27514,98,pair_015_n5_015_conflict,conflict,1,0,0,12.280000000000001,0.254145,357626,1403270
269,27613,99,pair_002_n3_002_conflict,conflict,1,0,0,12.270000000000001,0.25398,358517,1408715
270,27716,103,pair_009_n5_009_conflict,conflict,0,1,0,1.1300000000000021,0.2538083333333333,359444,1414380
271,27817,101,pair_010_n5_010_conflict,conflict,0,1,0,1.2500000000000013,0.25364,360353,1419935
272,27912,95,pair_007_n3_007_control,control,0,1,0,1.3100000000000023,0.25348166666666666,361208,1425160
273,28057,145,pair_012_n5_012_conflict,conflict,1,0,0,11.81,0.25323999999999997,362513,1433135
274,28179,122,pair_008_n3_008_conflict,conflict,1,0,0,12.040000000000003,0.25303666666666663,363611,1439845
275,28289,110,pair_005_n3_005_conflict,conflict,1,0,0,12.160000000000002,0.2528533333333333,364601,1445895
276,28424,135,pair_013_n5_013_control,control,1,0,0,11.91,0.25262833333333334,365816,1453320
277,28520,96,pair_017_n5_017_control,control,1,0,0,12.3,0.2524683333333333,366680,1458600
278,28615,95,pair_005_n5_005_control,control,1,0,0,12.310000000000002,0.25231,367535,1463825
279,28754,139,pair_004_n5_004_conflict,conflict,1,0,0,11.870000000000001,0.2520783333333333,368786,1471470
280,28804,50,pair_010_n3_010_conflict,conflict,0,1,0,-0.3400000000000002,0.25199499999999997,369236,1474220
281,28814,10,pair_013_n5_013_conflict,conflict,0,1,0,-0.74,0.2519783333333333,369326,1474770
282,28963,149,pair_004_n3_004_conflict,conflict,1,0,0,11.770000000000001,0.25173,370667,1482965
283,29049,86,pair_006_n3_006_control,control,0,1,0,0.2000000000000004,0.2515866666666666,371441,1487695
284,29138,89,pair_013_n3_013_control,control,1,0,0,12.370000000000001,0.2514383333333333,372242,1492590
285,29246,108,pair_017_n5_017_conflict,conflict,1,0,0,12.180000000000001,0.2512583333333333,373214,1498530
286,29359,113,pair_006_n5_006_control,control,1,0,0,12.13,0.25107,374231,1504745
287,29443,84,pair_014_n5_014_conflict,conflict,1,0,0,12.420000000000002,0.25093,374987,1509365
288,29569,126,pair_013_n3_013_conflict,conflict,1,0,0,12.000000000000002,0.25072,376121,1516295
289,29587,18,pair_004_n3_004_conflict,conflict,0,1,0,-0.87,0.25068999999999997,376283,1517285
290,29610,23,pair_014_n5_014_conflict,conflict,0,1,0,-0.4700000000000001,0.25065166666666666,376490,1518550
291,29728,118,pair_014_n3_014_conflict,conflict,1,0,0,12.080000000000002,0.250455,377552,1525040
292,29861,133,pair_001_n5_001_control,control,1,0,0,11.930000000000001,0.2502333333333333,378749,1532355
293,29961,100,pair_001_n5_001_conflict,conflict,0,1,0,1.2100000000000017,0.25006666666666666,379649,1537855
294,30051,90,pair_011_n3_011_conflict,conflict,1,0,0,12.360000000000001,0.24991666666666665,380306,1542958
295,30060,9,pair_011_n5_011_control,control,0,1,0,-0.73,0.24990166666666666,380360,1543480
296,30254,194,pair_015_n5_015_conflict,conflict,1,0,0,11.32,0.24957833333333332,381524,1554732
297,30331,77,pair_002_n3_002_conflict,conflict,1,0,0,12.490000000000002,0.24945,381986,1559198
298,30450,119,pair_013_n5_013_conflict,conflict,1,0,0,12.07,0.24925166666666665,382700,1566100
299,30544,94,pair_003_n3_003_control,control,1,0,0,12.32,0.24909499999999998,383264,1571552
300,30645,101,pair_015_n3_015_conflict,conflict,1,0,0,12.250000000000002,0.24892666666666666,383870,1577410
301,30769,124,pair_000_n5_000_conflict,conflict,1,0,0,12.020000000000001,0.24872,384614,1584602
302,30864,95,pair_010_n5_010_control,control,0,1,0,1.2600000000000011,0.24856166666666665,385184,1590112
303,30954,90,pair_008_n5_008_control,control,0,1,0,1.3600000000000017,0.24841166666666664,385724,1595332
304,31051,97,pair_000_n3_000_control,control,1,0,0,12.290000000000001,0.24825,386306,1600958
305,31084,33,pair_008_n3_008_conflict,conflict,0,1,0,-0.16999999999999982,0.248195,386504,1602872
306,31219,135,pair_004_n5_004_control,control,0,1,0,0.910000000000001,0.24797,387314,1610702
307,31314,95,pair_007_n5_007_control,control,1,0,0,12.310000000000002,0.24781166666666665,387884,1616212
308,31455,141,pair_012_n5_012_control,control,1,0,0,11.850000000000001,0.24757666666666667,388730,1624390
309,31505,50,pair_006_n5_006_control,control,0,1,0,0.46000000000000063,0.24749333333333332,389030,1627290
310,31568,63,pair_006_n5_006_conflict,conflict,0,1,0,0.28000000000000047,0.24738833333333332,389408,1630944
311,31654,86,pair_007_n3_007_control,control,0,1,0,1.3500000000000019,0.247245,389924,1635932
312,31739,85,pair_000_n3_000_conflict,conflict,1,0,0,12.410000000000002,0.2471033333333333,390434,1640862
313,31867,128,pair_016_n5_016_conflict,conflict,1,0,0,11.98,0.24689,391202,1648286
314,31968,101,pair_011_n5_011_conflict,conflict,1,0,0,12.250000000000002,0.24672166666666667,391808,1654144
315,32082,114,pair_001_n3_001_control,control,1,0,0,12.120000000000003,0.24653166666666665,392492,1660756
316,32304,222,pair_005_n5_005_conflict,conflict,1,0,0,11.040000000000001,0.24616166666666667,393824,1673632
317,32349,45,pair_011_n3_011_control,control,0,1,0,0.16000000000000036,0.24608666666666665,394094,1676242
318,32475,126,pair_013_n3_013_control,control,1,0,0,12.0,0.24587666666666666,394850,1683550
319,32581,106,pair_002_n3_002_control,control,0,1,0,1.2000000000000028,0.24569999999999997,395486,1689698
320,32666,85,pair_010_n3_010_conflict,conflict,1,0,0,12.410000000000002,0.24555833333333332,395996,1694628
321,32759,93,pair_017_n5_017_control,control,1,0,0,12.330000000000002,0.2454033333333333,396554,1700022
322,32763,4,pair_007_n3_007_conflict,conflict,0,1,0,-0.88,0.24539666666666665,396578,1700254
323,32844,81,pair_014_n5_014_control,control,1,0,0,12.450000000000001,0.24526166666666666,397064,1704952
324,32928,84,pair_012_n3_012_control,control,1,0,0,12.420000000000002,0.24512166666666665,397568,1709824
325,32990,62,pair_004_n3_004_control,control,0,1,0,0.7900000000000009,0.24501833333333334,397940,1713420
326,33091,101,pair_003_n5_003_conflict,conflict,1,0,0,12.250000000000002,0.24484999999999998,398546,1719278
327,33194,103,pair_010_n5_010_conflict,conflict,1,0,0,12.23,0.24467833333333333,399164,1725252
328,33280,86,pair_006_n3_006_conflict,conflict,1,0,0,12.400000000000002,0.244535,399680,1730240
329,33390,110,pair_006_n3_006_control,control,1,0,0,12.16,0.24435166666666666,400340,1736620
330,33503,113,pair_013_n5_013_control,control,1,0,0,12.13,0.24416333333333332,401018,1743174
331,33586,83,pair_012_n3_012_conflict,conflict,1,0,0,12.430000000000001,0.244025,401516,1747988
332,33691,105,pair_015_n3_015_control,control,1,0,0,12.21,0.24384999999999998,402146,1754078
333,33777,86,pair_017_n3_017_control,control,1,0,0,12.400000000000002,0.24370666666666665,402662,1759066
334,33863,86,pair_007_n5_007_conflict,conflict,1,0,0,12.400000000000002,0.24356333333333333,403178,1764054
335,33985,122,pair_010_n3_010_control,control,1,0,0,12.040000000000001,0.24336,403910,1771130
336,34104,119,pair_003_n3_003_conflict,conflict,1,0,0,12.07,0.24316166666666666,404624,1778032
337,34212,108,pair_017_n5_017_conflict,conflict,1,0,0,12.180000000000001,0.24298166666666665,405272,1784296
338,34300,88,pair_015_n5_015_control,control,1,0,0,12.38,0.242835,405800,1789400
339,34396,96,pair_005_n3_005_control,control,1,0,0,12.3,0.24267499999999997,406376,1794968
340,34478,82,pair_001_n3_001_conflict,conflict,0,1,0,1.3400000000000012,0.24253833333333333,406868,1799724
341,34579,101,pair_002_n5_002_control,control,1,0,0,12.250000000000002,0.24236999999999997,407474,1805582
342,34622,43,pair_008_n3_008_control,control,0,1,0,-0.21999999999999997,0.24229833333333334,407732,1808076
343,34718,96,pair_016_n3_016_control,control,1,0,0,12.3,0.24213833333333332,408308,1813644
344,34807,89,pair_016_n5_016_control,control,1,0,0,12.370000000000001,0.24198999999999998,408842,1818806
345,34815,8,pair_009_n5_009_control,control,0,1,0,-0.8200000000000001,0.24197666666666665,408890,1819270
346,34924,109,pair_017_n3_017_conflict,conflict,1,0,0,12.170000000000002,0.24179499999999998,409544,1825592
347,35009,85,pair_005_n3_005_conflict,conflict,1,0,0,12.410000000000002,0.24165333333333333,410054,1830522
348,35048,39,pair_008_n5_008_conflict,conflict,0,1,0,-0.22999999999999987,0.24158833333333332,410288,1832784
349,35160,112,pair_003_n5_003_control,control,1,0,0,12.14,0.24140166666666665,410960,1839280
350,35260,100,pair_000_n5_000_control,control,1,0,0,12.260000000000002,0.24123499999999998,411560,1845080
351,35357,97,pair_016_n3_016_conflict,conflict,1,0,0,12.290000000000001,0.2410733333333333,412142,1850706
352,35387,30,pair_009_n3_009_conflict,conflict,0,1,0,-1.04,0.2410233333333333,412322,1852446
353,35472,85,pair_009_n3_009_control,control,1,0,0,12.410000000000002,0.24088166666666666,412832,1857376
354,35490,18,pair_014_n3_014_control,control,0,1,0,-1.02,0.24085166666666666,412940,1858420
355,35586,96,pair_002_n5_002_conflict,conflict,1,0,0,12.3,0.24069166666666666,413516,1863988
356,35588,2,pair_009_n5_009_conflict,conflict,0,1,0,-0.96,0.24068833333333334,413528,1864104
357,35683,95,pair_012_n5_012_conflict,conflict,1,0,0,12.310000000000002,0.24053,414098,1869614
358,35761,78,pair_005_n5_005_control,control,1,0,0,12.48,0.2404,414566,1874138
359,35865,104,pair_004_n5_004_conflict,conflict,1,0,0,12.220000000000002,0.24022666666666664,415190,1880170
360,35880,15,pair_006_n3_006_control,control,0,1,0,-0.99,0.24020166666666665,415280,1881040
361,35992,112,pair_011_n5_011_conflict,conflict,1,0,0,12.14,0.24001499999999998,415952,1887536
362,36052,60,pair_000_n3_000_control,control,0,1,0,0.860000000000001,0.239915,416312,1891016
363,36086,34,pair_012_n5_012_control,control,0,1,0,-1.13,0.2398583333333333,416516,1892988
364,36171,85,pair_007_n3_007_conflict,conflict,1,0,0,12.410000000000002,0.23971666666666666,417026,1897918
365,36272,101,pair_007_n5_007_control,control,1,0,0,12.250000000000002,0.2395483333333333,417632,1903776
366,36385,113,pair_009_n5_009_control,control,1,0,0,12.13,0.23936,418310,1910330
367,36480,95,pair_001_n3_001_conflict,conflict,1,0,0,12.310000000000002,0.23920166666666665,418880,1915840
368,36575,95,pair_005_n3_005_conflict,conflict,1,0,0,12.310000000000002,0.23904333333333333,419450,1921350
369,36595,20,pair_011_n3_011_control,control,0,1,0,-0.89,0.23901,419570,1922510
370,36684,89,pair_002_n5_002_conflict,conflict,1,0,0,12.370000000000001,0.23886166666666664,420104,1927672
371,36739,55,pair_008_n3_008_control,control,0,1,0,-0.3899999999999999,0.23876999999999998,420434,1930862
372,36751,12,pair_006_n5_006_control,control,0,1,0,-0.96,0.23875,420506,1931558
373,36761,10,pair_009_n3_009_control,control,0,1,0,-0.94,0.23873333333333333,420566,1932138
374,36856,95,pair_007_n3_007_control,control,0,1,0,1.2100000000000009,0.23857499999999998,421136,1937648
375,36860,4,pair_014_n3_014_conflict,conflict,0,1,0,-0.88,0.23856833333333333,421160,1937880
376,36957,97,pair_014_n3_014_control,control,1,0,0,12.290000000000001,0.23840666666666666,421742,1943506
377,36991,34,pair_017_n3_017_control,control,0,1,0,-1.23,0.23834999999999998,421946,1945478
378,37095,104,pair_015_n5_015_conflict,conflict,1,0,0,12.22,0.23817666666666665,422570,1951510
379,37220,125,pair_016_n3_016_control,control,1,0,0,12.010000000000002,0.23796833333333334,423320,1958760
380,37346,126,pair_017_n5_017_control,control,1,0,0,12.0,0.23775833333333332,424076,1966068
381,37359,13,pair_006_n5_006_conflict,conflict,0,1,0,-0.82,0.23773666666666665,424154,1966822
382,37476,117,pair_008_n5_008_control,control,1,0,0,12.090000000000002,0.23754166666666665,424856,1973608
383,37570,94,pair_015_n5_015_control,control,1,0,0,12.320000000000002,0.23738499999999998,425420,1979060
384,37699,129,pair_013_n3_013_control,control,1,0,0,11.97,0.23717,426194,1986542
385,37804,105,pair_003_n3_003_control,control,1,0,0,12.21,0.23699499999999998,426824,1992632
386,37876,72,pair_004_n5_004_conflict,conflict,0,1,0,0.7900000000000009,0.236875,427256,1996808
387,37957,81,pair_000_n3_000_conflict,conflict,1,0,0,12.450000000000003,0.23674,427742,2001506
388,38040,83,pair_005_n5_005_conflict,conflict,1,0,0,12.430000000000001,0.23660166666666665,428240,2006320
389,38120,80,pair_010_n3_010_conflict,conflict,0,1,0,1.4600000000000017,0.23646833333333334,428720,2010960
390,38123,3,pair_005_n5_005_control,control,0,1,0,-0.92,0.2364633333333333,428738,2011134
391,38202,79,pair_011_n5_011_control,control,0,1,0,1.3700000000000014,0.23633166666666666,429212,2015716
392,38288,86,pair_001_n3_001_control,control,1,0,0,12.400000000000002,0.23618833333333333,429728,2020704
393,38392,104,pair_002_n3_002_conflict,conflict,1,0,0,12.22,0.23601499999999997,430352,2026736
394,38483,91,pair_011_n3_011_conflict,conflict,1,0,0,12.350000000000001,0.2358633333333333,430898,2032014
395,38571,88,pair_012_n3_012_conflict,conflict,1,0,0,12.380000000000003,0.23571666666666666,431426,2037118
396,38575,4,pair_002_n5_002_control,control,0,1,0,-0.88,0.23570999999999998,431450,2037350
397,38668,93,pair_002_n3_002_control,control,1,0,0,12.330000000000002,0.235555,432008,2042744
398,38750,82,pair_004_n5_004_control,control,0,1,0,1.3400000000000012,0.23541833333333334,432500,2047500
399,38904,154,pair_001_n5_001_control,control,1,0,0,11.72,0.23516166666666666,433424,2056432
400,39008,104,pair_016_n3_016_conflict,conflict,0,1,0,1.1700000000000017,0.23498833333333333,434048,2062464
401,39102,94,pair_008_n3_008_conflict,conflict,0,1,0,-0.7800000000000004,0.23483166666666666,434612,2067916
402,39216,114,pair_010_n5_010_control,control,1,0,0,12.120000000000003,0.23464166666666664,435296,2074528
403,39247,31,pair_013_n5_013_control,control,0,1,0,-0.4,0.23459,435482,2076326
404,39251,4,pair_013_n3_013_conflict,conflict,0,1,0,-0.88,0.2345833333333333,435506,2076558
405,39355,104,pair_012_n5_012_conflict,conflict,1,0,0,12.220000000000002,0.23441,436130,2082590
406,39445,90,pair_004_n3_004_conflict,conflict,1,0,0,12.360000000000001,0.23425999999999997,436670,2087810
407,39549,104,pair_006_n3_006_conflict,conflict,1,0,0,12.220000000000002,0.23408666666666667,437294,2093842
408,39647,98,pair_017_n3_017_conflict,conflict,1,0,0,12.280000000000001,0.23392333333333332,437882,2099526
409,39732,85,pair_007_n5_007_conflict,conflict,1,0,0,12.410000000000002,0.23378166666666667,438392,2104456
410,39831,99,pair_005_n3_005_control,control,1,0,0,12.270000000000001,0.23361666666666664,438986,2110198
411,39924,93,pair_015_n3_015_conflict,conflict,1,0,0,12.330000000000002,0.23346166666666665,439544,2115592
412,40007,83,pair_014_n5_014_control,control,1,0,0,12.430000000000001,0.23332333333333333,440042,2120406
413,40100,93,pair_015_n3_015_control,control,1,0,0,12.330000000000002,0.2331683333333333,440600,2125800
414,40198,98,pair_003_n5_003_control,control,1,0,0,12.280000000000001,0.233005,441188,2131484
415,40296,98,pair_012_n3_012_control,control,1,0,0,12.280000000000001,0.23284166666666667,441776,2137168
416,40383,87,pair_003_n5_003_conflict,conflict,1,0,0,12.390000000000002,0.23269666666666666,442298,2142214
417,40469,86,pair_013_n5_013_conflict,conflict,1,0,0,12.400000000000002,0.23255333333333333,442814,2147202
418,40588,119,pair_001_n5_001_conflict,conflict,1,0,0,12.07,0.23235499999999998,443528,2154104
419,40673,85,pair_000_n5_000_control,control,1,0,0,12.410000000000002,0.23221333333333333,444038,2159034
420,40762,89,pair_017_n5_017_conflict,conflict,1,0,0,12.370000000000001,0.232065,444572,2164196
421,40865,103,pair_010_n5_010_conflict,conflict,1,0,0,12.23,0.23189333333333334,445190,2170170
422,40958,93,pair_009_n5_009_conflict,conflict,1,0,0,12.330000000000002,0.23173833333333332,445748,2175564
423,40970,12,pair_016_n5_016_conflict,conflict,0,1,0,-0.6100000000000001,0.2317183333333333,445820,2176260
424,41090,120,pair_000_n5_000_conflict,conflict,1,0,0,12.06,0.23151833333333333,446540,2183220
425,41183,93,pair_010_n3_010_control,control,1,0,0,12.330000000000002,0.2313633333333333,447098,2188614
426,41306,123,pair_014_n5_014_conflict,conflict,1,0,0,12.030000000000001,0.23115833333333333,447836,2195748
427,41399,93,pair_016_n5_016_control,control,0,1,0,1.2300000000000013,0.23100333333333334,448394,2201142
428,41508,109,pair_008_n5_008_conflict,conflict,1,0,0,12.170000000000002,0.23082166666666665,449048,2207464
429,41588,80,pair_009_n3_009_conflict,conflict,1,0,0,12.46,0.23068833333333333,449528,2212104
430,41683,95,pair_004_n3_004_control,control,1,0,0,12.310000000000002,0.23052999999999998,450098,2217614
431,41769,86,pair_003_n3_003_conflict,conflict,1,0,0,12.400000000000002,0.23038666666666666,450614,2222602
432,41839,70,pair_014_n3_014_control,control,1,0,0,12.560000000000002,0.23026999999999997,451034,2226662
433,41961,122,pair_006_n3_006_conflict,conflict,1,0,0,12.040000000000001,0.23006666666666664,451766,2233738
434,42036,75,pair_016_n5_016_conflict,conflict,0,1,0,1.3100000000000018,0.22994166666666666,452216,2238088
435,42126,90,pair_008_n5_008_conflict,conflict,1,0,0,12.360000000000001,0.22979166666666667,452756,2243308
436,42216,90,pair_008_n5_008_control,control,1,0,0,12.360000000000001,0.22964166666666666,453296,2248528
437,42291,75,pair_008_n3_008_control,control,1,0,0,12.510000000000002,0.22951666666666665,453746,2252878
438,42397,106,pair_001_n5_001_control,control,1,0,0,12.200000000000001,0.22934,454382,2259026
439,42566,169,pair_009_n5_009_control,control,1,0,0,11.57,0.2290583333333333,455396,2268828
440,42667,101,pair_003_n3_003_control,control,1,0,0,12.250000000000002,0.22888999999999998,456002,2274686
441,42756,89,pair_002_n3_002_conflict,conflict,0,1,0,1.2700000000000014,0.22874166666666665,456536,2279848
442,42838,82,pair_000_n3_000_control,control,1,0,0,12.440000000000001,0.228605,457028,2284604
443,42925,87,pair_017_n3_017_control,control,1,0,0,12.39,0.22846,457550,2289650
444,43032,107,pair_001_n5_001_conflict,conflict,1,0,0,12.190000000000001,0.22828166666666666,458192,2295856
445,43129,97,pair_010_n5_010_control,control,1,0,0,12.290000000000001,0.22812,458774,2301482
446,43224,95,pair_009_n5_009_conflict,conflict,0,1,0,1.3100000000000014,0.22796166666666667,459344,2306992
447,43327,103,pair_006_n3_006_control,control,1,0,0,12.23,0.22779,459962,2312966
448,43411,84,pair_009_n3_009_conflict,conflict,1,0,0,12.420000000000002,0.22765,460466,2317838
449,43422,11,pair_015_n3_015_conflict,conflict,0,1,0,-0.85,0.22763166666666665,460532,2318476
450,43505,83,pair_009_n3_009_control,control,1,0,0,12.430000000000001,0.22749333333333333,461030,2323290
451,43592,87,pair_015_n3_015_control,control,1,0,0,12.39,0.22734833333333332,461552,2328336
452,43682,90,pair_015_n5_015_conflict,conflict,1,0,0,12.360000000000001,0.22719833333333334,462092,2333556
453,43786,104,pair_002_n3_002_control,control,1,0,0,12.220000000000002,0.22702499999999998,462716,2339588
454,43878,92,pair_010_n5_010_conflict,conflict,1,0,0,12.340000000000002,0.22687166666666664,463268,2344924
455,43966,88,pair_004_n3_004_control,control,1,0,0,12.380000000000003,0.22672499999999998,463796,2350028
456,44045,79,pair_017_n5_017_control,control,1,0,0,12.470000000000002,0.2265933333333333,464270,2354610
457,44138,93,pair_011_n3_011_conflict,conflict,1,0,0,12.330000000000002,0.22643833333333332,464828,2360004
458,44229,91,pair_005_n5_005_conflict,conflict,1,0,0,12.350000000000001,0.22628666666666664,465374,2365282
459,44321,92,pair_015_n5_015_control,control,1,0,0,12.340000000000002,0.22613333333333333,465926,2370618
460,44426,105,pair_004_n5_004_control,control,1,0,0,12.210000000000003,0.22595833333333332,466556,2376708
461,44509,83,pair_012_n5_012_control,control,1,0,0,12.430000000000001,0.22582,467054,2381522
462,44605,96,pair_006_n5_006_control,control,1,0,0,12.3,0.22565999999999997,467630,2387090
463,44666,61,pair_013_n3_013_control,control,0,1,0,0.8000000000000009,0.2255583333333333,467996,2390628
464,44764,98,pair_016_n5_016_control,control,1,0,0,12.280000000000001,0.22539499999999998,468584,2396312
465,44852,88,pair_005_n5_005_control,control,1,0,0,12.38,0.22524833333333333,469112,2401416
466,44951,99,pair_000_n5_000_conflict,conflict,1,0,0,12.270000000000001,0.2250833333333333,469706,2407158
467,45033,82,pair_007_n5_007_control,control,0,1,0,1.3400000000000012,0.22494666666666666,470198,2411914
468,45119,86,pair_013_n5_013_conflict,conflict,1,0,0,12.400000000000002,0.22480333333333333,470714,2416902
469,45207,88,pair_010_n3_010_control,control,0,1,0,1.2300000000000013,0.22465666666666667,471242,2422006
470,45296,89,pair_014_n5_014_control,control,1,0,0,12.370000000000001,0.2245083333333333,471776,2427168
471,45383,87,pair_001_n3_001_conflict,conflict,0,1,0,1.3900000000000015,0.2243633333333333,472298,2432214
472,45441,58,pair_003_n5_003_control,control,0,1,0,0.7300000000000009,0.22426666666666667,472646,2435578
473,45515,74,pair_006_n5_006_conflict,conflict,1,0,0,12.520000000000001,0.2241433333333333,473090,2439870
474,45636,121,pair_007_n3_007_control,control,1,0,0,12.050000000000004,0.22394166666666665,473816,2446888
475,45737,101,pair_012_n3_012_control,control,1,0,0,12.250000000000002,0.22377333333333332,474422,2452746
476,45818,81,pair_002_n5_002_conflict,conflict,1,0,0,12.450000000000001,0.22363833333333333,474908,2457444
477,45916,98,pair_004_n3_004_conflict,conflict,1,0,0,12.280000000000003,0.22347499999999998,475496,2463128
478,46010,94,pair_016_n3_016_control,control,0,1,0,1.0700000000000016,0.22331833333333334,476060,2468580
479,46066,56,pair_014_n5_014_conflict,conflict,0,1,0,0.8000000000000009,0.223225,476396,2471828
480,46171,105,pair_014_n3_014_conflict,conflict,1,0,0,12.21,0.22304999999999997,477026,2477918
481,46273,102,pair_017_n5_017_conflict,conflict,1,0,0,12.240000000000002,0.22288,477638,2483834
482,46351,78,pair_007_n5_007_conflict,conflict,1,0,0,12.480000000000002,0.22275,478106,2488358
483,46448,97,pair_003_n3_003_conflict,conflict,1,0,0,12.290000000000001,0.22258833333333333,478688,2493984
484,46533,85,pair_000_n3_000_conflict,conflict,1,0,0,12.410000000000002,0.22244666666666665,479198,2498914
485,46613,80,pair_010_n3_010_conflict,conflict,0,1,0,1.4100000000000015,0.2223133333333333,479678,2503554
486,46707,94,pair_005_n3_005_control,control,1,0,0,12.32,0.22215666666666667,480242,2509006
487,46787,80,pair_004_n5_004_conflict,conflict,1,0,0,12.46,0.22202333333333332,480722,2513646
488,46871,84,pair_013_n3_013_conflict,conflict,1,0,0,12.420000000000002,0.22188333333333332,481226,2518518
489,47107,236,pair_008_n3_008_conflict,conflict,0,1,0,-2.1500000000000012,0.22149,482642,2532206
490,47230,123,pair_011_n5_011_control,control,1,0,0,12.030000000000001,0.221285,483380,2539340
491,47317,87,pair_012_n5_012_conflict,conflict,1,0,0,12.390000000000002,0.22114,483902,2544386
492,47333,16,pair_011_n5_011_conflict,conflict,0,1,0,-0.8,0.22111333333333333,483998,2545314
493,47419,86,pair_013_n5_013_control,control,1,0,0,12.400000000000002,0.22097,484514,2550302
494,47529,110,pair_000_n5_000_control,control,1,0,0,12.160000000000004,0.22078666666666666,485174,2556682
495,47623,94,pair_005_n3_005_conflict,conflict,1,0,0,12.320000000000002,0.22063,485738,2562134
496,47715,92,pair_003_n5_003_conflict,conflict,1,0,0,12.340000000000002,0.22047666666666665,486290,2567470
497,47843,128,pair_016_n3_016_conflict,conflict,0,1,0,0.9800000000000009,0.2202633333333333,487058,2574894
498,47927,84,pair_012_n3_012_conflict,conflict,1,0,0,12.420000000000002,0.22012333333333334,487562,2579766
499,48023,96,pair_002_n5_002_control,control,1,0,0,12.3,0.21996333333333332,488138,2585334
500,48125,102,pair_007_n3_007_conflict,conflict,1,0,0,12.240000000000002,0.21979333333333334,488750,2591250
501,48232,107,pair_001_n3_001_control,control,1,0,0,12.190000000000001,0.219615,489392,2597456
502,48243,11,pair_011_n3_011_control,control,0,1,0,-0.9,0.21959666666666666,489458,2598094
503,48324,81,pair_017_n3_017_conflict,conflict,1,0,0,12.450000000000001,0.21946166666666667,489944,2602792
504,48412,88,pair_007_n5_007_conflict,conflict,1,0,0,12.38,0.21931499999999998,490472,2607896
505,48503,91,pair_013_n5_013_control,control,1,0,0,12.350000000000001,0.21916333333333332,491018,2613174
506,48615,112,pair_005_n3_005_conflict,conflict,0,1,0,1.0400000000000014,0.21897666666666665,491690,2619670
507,48715,100,pair_001_n5_001_conflict,conflict,1,0,0,12.260000000000002,0.21881,492290,2625470
508,48828,113,pair_014_n3_014_control,control,1,0,0,12.13,0.21862166666666666,492968,2632024
509,48941,113,pair_001_n3_001_control,control,1,0,0,12.130000000000003,0.2184333333333333,493646,2638578
510,49050,109,pair_015_n5_015_conflict,conflict,1,0,0,12.170000000000002,0.21825166666666665,494300,2644900
511,49074,24,pair_000_n3_000_conflict,conflict,0,1,0,-0.73,0.21821166666666664,494444,2646292
512,49167,93,pair_003_n5_003_control,control,1,0,0,12.330000000000002,0.21805666666666665,495002,2651686
513,49262,95,pair_003_n3_003_control,control,1,0,0,12.310000000000002,0.2178983333333333,495572,2657196
514,49349,87,pair_012_n3_012_conflict,conflict,1,0,0,12.390000000000002,0.21775333333333333,496094,2662242
515,49447,98,pair_016_n5_016_control,control,1,0,0,12.280000000000003,0.21759,496682,2667926
516,49545,98,pair_007_n5_007_control,control,0,1,0,1.2800000000000016,0.21742666666666666,497270,2673610
517,49648,103,pair_013_n5_013_conflict,conflict,1,0,0,12.23,0.21725499999999998,497888,2679584
518,49729,81,pair_012_n5_012_control,control,1,0,0,12.450000000000001,0.21711999999999998,498374,2684282
519,49815,86,pair_016_n5_016_conflict,conflict,1,0,0,12.400000000000002,0.21697666666666665,498890,2689270
520,49904,89,pair_005_n5_005_control,control,1,0,0,12.370000000000001,0.21682833333333332,499424,2694432
521,50003,99,pair_008_n5_008_conflict,conflict,0,1,0,-0.7800000000000002,0.21666333333333332,500012,2700180
522,50098,95,pair_002_n5_002_conflict,conflict,1,0,0,12.310000000000002,0.216505,500392,2705880
523,50217,119,pair_001_n5_001_control,control,0,1,0,0.2200000000000002,0.21630666666666665,500868,2713020
524,50314,97,pair_016_n3_016_control,control,1,0,0,12.290000000000001,0.21614499999999998,501256,2718840
525,50324,10,pair_011_n5_011_control,control,0,1,0,-0.64,0.2161283333333333,501296,2719440
526,50333,9,pair_005_n5_005_conflict,conflict,0,1,0,-0.98,0.21611333333333332,501332,2719980
527,50420,87,pair_004_n3_004_control,control,1,0,0,12.390000000000002,0.21596833333333332,501680,2725200
528,50497,77,pair_008_n3_008_conflict,conflict,1,0,0,12.490000000000002,0.21583999999999998,501988,2729820
529,50585,88,pair_016_n3_016_conflict,conflict,1,0,0,12.380000000000003,0.21569333333333332,502340,2735100
530,50668,83,pair_004_n5_004_control,control,1,0,0,12.430000000000001,0.215555,502672,2740080
531,50749,81,pair_002_n3_002_conflict,conflict,1,0,0,12.450000000000001,0.21542,502996,2744940
532,50833,84,pair_017_n3_017_conflict,conflict,1,0,0,12.420000000000002,0.21527999999999997,503332,2749980
533,50916,83,pair_012_n3_012_control,control,1,0,0,12.430000000000001,0.21514166666666668,503664,2754960
534,51010,94,pair_010_n5_010_conflict,conflict,0,1,0,1.2200000000000015,0.21498499999999998,504040,2760600
535,51087,77,pair_005_n3_005_control,control,1,0,0,12.490000000000002,0.21485666666666664,504348,2765220
536,51193,106,pair_003_n3_003_conflict,conflict,1,0,0,12.200000000000001,0.21467999999999998,504772,2771580
537,51286,93,pair_008_n3_008_control,control,1,0,0,12.330000000000002,0.214525,505144,2777160
538,51372,86,pair_000_n5_000_conflict,conflict,0,1,0,1.2500000000000013,0.21438166666666664,505488,2782320
539,51471,99,pair_011_n5_011_conflict,conflict,1,0,0,12.270000000000001,0.21421666666666667,505884,2788260
540,51567,96,pair_014_n3_014_conflict,conflict,1,0,0,12.3,0.21405666666666667,506268,2794020
541,51661,94,pair_014_n5_014_conflict,conflict,1,0,0,12.320000000000002,0.21389999999999998,506644,2799660
542,51761,100,pair_004_n5_004_conflict,conflict,1,0,0,12.260000000000002,0.21373333333333333,507044,2805660
543,51840,79,pair_007_n3_007_conflict,conflict,1,0,0,12.470000000000002,0.21360166666666666,507360,2810400
544,51934,94,pair_009_n3_009_control,control,1,0,0,12.320000000000002,0.213445,507736,2816040
545,52010,76,pair_013_n3_013_control,control,1,0,0,12.500000000000002,0.21331833333333333,508040,2820600
546,52090,80,pair_001_n3_001_conflict,conflict,1,0,0,12.460000000000003,0.21318499999999999,508360,2825400
547,52188,98,pair_017_n5_017_control,control,1,0,0,12.280000000000001,0.21302166666666666,508752,2831280
548,52274,86,pair_010_n3_010_conflict,conflict,1,0,0,12.400000000000002,0.21287833333333334,509096,2836440
549,52353,79,pair_011_n3_011_control,control,1,0,0,12.470000000000002,0.21274666666666664,509412,2841180
550,52443,90,pair_003_n5_003_conflict,conflict,1,0,0,12.360000000000001,0.21259666666666666,509772,2846580
551,52531,88,pair_008_n5_008_control,control,1,0,0,12.380000000000003,0.21244999999999997,510124,2851860
552,52620,89,pair_007_n3_007_control,control,1,0,0,12.370000000000001,0.21230166666666667,510480,2857200
553,52704,84,pair_006_n3_006_conflict,conflict,1,0,0,12.420000000000002,0.21216166666666664,510816,2862240
554,52797,93,pair_006_n5_006_conflict,conflict,1,0,0,12.330000000000002,0.21200666666666665,511188,2867820
555,52874,77,pair_015_n3_015_control,control,1,0,0,12.490000000000002,0.21187833333333334,511496,2872440
556,52966,92,pair_012_n5_012_conflict,conflict,1,0,0,12.340000000000002,0.211725,511864,2877960
557,53059,93,pair_011_n3_011_conflict,conflict,1,0,0,12.330000000000002,0.21156999999999998,512236,2883540
558,53147,88,pair_009_n5_009_conflict,conflict,1,0,0,12.380000000000003,0.21142333333333332,512588,2888820
559,53237,90,pair_002_n5_002_control,control,0,1,0,1.3600000000000012,0.2112733333333333,512948,2894220
560,53332,95,pair_017_n3_017_control,control,1,0,0,12.310000000000002,0.211115,513328,2899920
561,53423,91,pair_002_n3_002_control,control,1,0,0,12.350000000000001,0.21096333333333334,513692,2905380
562,53519,96,pair_017_n5_017_conflict,conflict,1,0,0,12.3,0.21080333333333334,514076,2911140
563,53613,94,pair_009_n3_009_conflict,conflict,1,0,0,12.32,0.21064666666666665,514452,2916780
564,53707,94,pair_015_n3_015_conflict,conflict,1,0,0,12.320000000000002,0.21048999999999998,514828,2922420
565,53808,101,pair_015_n5_015_control,control,1,0,0,12.25,0.21032166666666666,515232,2928480
566,53896,88,pair_006_n5_006_control,control,1,0,0,12.380000000000003,0.210175,515584,2933760
567,53973,77,pair_010_n3_010_control,control,0,1,0,0.6900000000000008,0.21004666666666666,515892,2938380
568,54060,87,pair_010_n5_010_control,control,1,0,0,12.39,0.20990166666666665,516240,2943600
569,54144,84,pair_013_n3_013_conflict,conflict,1,0,0,12.420000000000002,0.20976166666666665,516576,2948640
570,54236,92,pair_014_n5_014_control,control,1,0,0,12.340000000000002,0.20960833333333334,516944,2954160
571,54314,78,pair_009_n5_009_control,control,1,0,0,12.48,0.20947833333333332,517256,2958840
572,54394,80,pair_006_n3_006_control,control,1,0,0,12.46,0.209345,517576,2963640
573,54496,102,pair_000_n3_000_control,control,1,0,0,12.240000000000002,0.209175,517984,2969760
574,54533,37,pair_004_n3_004_conflict,conflict,0,1,0,-1.1099999999999999,0.20911333333333332,518132,2971980
575,54628,95,pair_000_n5_000_control,control,1,0,0,12.31,0.208955,518512,2977680
576,54714,86,pair_015_n3_015_conflict,conflict,1,0,0,12.400000000000002,0.20881166666666667,518856,2982840
577,54804,90,pair_015_n5_015_control,control,1,0,0,12.360000000000001,0.20866166666666666,519216,2988240
578,54901,97,pair_013_n5_013_conflict,conflict,1,0,0,12.290000000000001,0.2085,519604,2994060
579,54994,93,pair_006_n3_006_control,control,1,0,0,12.330000000000002,0.208345,519976,2999640
580,54999,5,pair_016_n3_016_conflict,conflict,0,1,0,-0.9400000000000001,0.20833666666666667,519996,2999940
581,55089,90,pair_009_n3_009_conflict,conflict,1,0,0,12.360000000000001,0.20818666666666666,520356,3005340
582,55172,83,pair_010_n3_010_control,control,0,1,0,1.3800000000000017,0.20804833333333334,520688,3010320
583,55258,86,pair_011_n5_011_conflict,conflict,1,0,0,12.400000000000002,0.207905,521032,3015480
584,55330,72,pair_008_n5_008_conflict,conflict,0,1,0,0.5900000000000007,0.207785,521320,3019800
585,55424,94,pair_017_n3_017_conflict,conflict,1,0,0,12.32,0.2076283333333333,521696,3025440
586,55525,101,pair_000_n3_000_control,control,1,0,0,12.250000000000002,0.20745999999999998,522100,3031500
587,55607,82,pair_004_n3_004_control,control,1,0,0,12.440000000000001,0.2073233333333333,522428,3036420
588,55682,75,pair_009_n5_009_control,control,1,0,0,12.510000000000002,0.20719833333333332,522728,3040920
589,55762,80,pair_013_n5_013_control,control,1,0,0,12.46,0.207065,523048,3045720
590,55848,86,pair_017_n3_017_control,control,1,0,0,12.400000000000002,0.20692166666666667,523392,3050880
591,55943,95,pair_015_n3_015_control,control,1,0,0,12.310000000000002,0.20676333333333333,523772,3056580
592,56023,80,pair_011_n3_011_conflict,conflict,0,1,0,1.410000000000002,0.20662999999999998,524092,3061380
593,56106,83,pair_017_n5_017_conflict,conflict,1,0,0,12.430000000000001,0.20649166666666666,524424,3066360
594,56176,70,pair_003_n5_003_conflict,conflict,0,1,0,0.7100000000000009,0.20637499999999998,524704,3070560
595,56259,83,pair_005_n3_005_control,control,1,0,0,12.430000000000001,0.20623666666666665,525036,3075540
596,56348,89,pair_016_n3_016_control,control,1,0,0,12.370000000000001,0.20608833333333332,525392,3080880
597,56407,59,pair_003_n5_003_control,control,0,1,0,0.7200000000000009,0.20599,525628,3084420
598,56492,85,pair_005_n5_005_control,control,1,0,0,12.410000000000002,0.20584833333333333,525968,3089520
599,56570,78,pair_012_n5_012_control,control,1,0,0,12.48,0.20571833333333334,526280,3094200
600,56674,104,pair_000_n5_000_conflict,conflict,1,0,0,12.22,0.20554499999999998,526696,3100440
601,56702,28,pair_001_n3_001_control,control,0,1,0,-0.21999999999999986,0.20549833333333334,526808,3102120
602,56819,117,pair_003_n3_003_control,control,1,0,0,12.090000000000002,0.20530333333333334,527276,3109140
603,56850,31,pair_001_n5_001_conflict,conflict,0,1,0,-0.29999999999999993,0.20525166666666667,527400,3111000
604,56944,94,pair_013_n3_013_conflict,conflict,1,0,0,12.320000000000002,0.20509499999999997,527776,3116640
605,57037,93,pair_002_n3_002_conflict,conflict,1,0,0,12.330000000000002,0.20493999999999998,528148,3122220
606,57043,6,pair_006_n5_006_conflict,conflict,0,1,0,-0.9,0.20493,528172,3122580
607,57053,10,pair_011_n3_011_control,control,0,1,0,-0.89,0.20491333333333334,528212,3123180
608,57138,85,pair_017_n5_017_control,control,1,0,0,12.410000000000002,0.20477166666666666,528552,3128280
609,57232,94,pair_004_n5_004_control,control,1,0,0,12.32,0.204615,528928,3133920
610,57325,93,pair_000_n3_000_conflict,conflict,1,0,0,12.330000000000002,0.20445999999999998,529300,3139500
611,57419,94,pair_003_n3_003_conflict,conflict,1,0,0,12.320000000000002,0.20430333333333334,529676,3145140
612,57505,86,pair_014_n5_014_control,control,1,0,0,12.400000000000002,0.20416,530020,3150300
613,57581,76,pair_007_n3_007_conflict,conflict,1,0,0,12.500000000000002,0.20403333333333332,530324,3154860
614,57661,80,pair_008_n3_008_control,control,1,0,0,12.46,0.20389999999999997,530644,3159660
615,57738,77,pair_002_n3_002_control,control,1,0,0,12.490000000000002,0.20377166666666666,530952,3164280
616,57774,36,pair_006_n3_006_conflict,conflict,0,1,0,-1.05,0.20371166666666665,531096,3166440
617,57854,80,pair_007_n3_007_control,control,1,0,0,12.46,0.2035783333333333,531416,3171240
618,57947,93,pair_002_n5_002_control,control,1,0,0,12.330000000000002,0.20342333333333332,531788,3176820
619,58029,82,pair_016_n5_016_conflict,conflict,0,1,0,1.3400000000000012,0.20328666666666667,532116,3181740
620,58123,94,pair_009_n5_009_conflict,conflict,1,0,0,12.32,0.20312999999999998,532492,3187380
621,58200,77,pair_004_n5_004_conflict,conflict,1,0,0,12.490000000000002,0.20300166666666664,532800,3192000
622,58292,92,pair_010_n5_010_conflict,conflict,1,0,0,12.340000000000002,0.20284833333333332,533168,3197520
623,58365,73,pair_012_n3_012_conflict,conflict,1,0,0,12.530000000000001,0.20272666666666667,533460,3201900
624,58461,96,pair_014_n3_014_control,control,1,0,0,12.3,0.20256666666666667,533844,3207660
625,58542,81,pair_016_n5_016_control,control,1,0,0,12.450000000000001,0.20243166666666665,534168,3212520
626,58630,88,pair_006_n5_006_control,control,1,0,0,12.380000000000003,0.202285,534520,3217800
627,58731,101,pair_000_n5_000_control,control,1,0,0,12.250000000000002,0.20211666666666667,534924,3223860
628,58826,95,pair_007_n5_007_conflict,conflict,1,0,0,12.310000000000002,0.20195833333333332,535304,3229560
629,58919,93,pair_012_n3_012_control,control,1,0,0,12.330000000000002,0.20180333333333333,535676,3235140
630,59004,85,pair_010_n5_010_control,control,1,0,0,12.410000000000002,0.20166166666666666,536016,3240240
631,59097,93,pair_005_n3_005_conflict,conflict,0,1,0,1.3300000000000014,0.20150666666666667,536388,3245820
632,59190,93,pair_009_n3_009_control,control,1,0,0,12.330000000000002,0.20135166666666665,536760,3251400
633,59268,78,pair_014_n5_014_conflict,conflict,1,0,0,12.480000000000002,0.20122166666666666,537072,3256080
634,59364,96,pair_014_n3_014_conflict,conflict,1,0,0,12.3,0.20106166666666664,537456,3261840
635,59465,101,pair_015_n5_015_conflict,conflict,1,0,0,12.250000000000002,0.2008933333333333,537860,3267900
636,59553,88,pair_007_n5_007_control,control,1,0,0,12.380000000000003,0.20074666666666666,538212,3273180
637,59648,95,pair_001_n3_001_conflict,conflict,1,0,0,12.310000000000002,0.2005883333333333,538592,3278880
638,59739,91,pair_005_n5_005_conflict,conflict,1,0,0,12.350000000000001,0.20043666666666665,538956,3284340
639,59824,85,pair_001_n5_001_control,control,1,0,0,12.410000000000002,0.200295,539296,3289440
640,59925,101,pair_011_n5_011_control,control,1,0,0,12.250000000000002,0.20012666666666667,539700,3295500
641,60008,83,pair_013_n3_013_control,control,1,0,0,12.430000000000001,0.19998833333333332,540032,3300480
642,60142,134,pair_008_n5_008_control,control,1,0,0,11.920000000000002,0.19976499999999997,540568,3308520
643,60235,93,pair_004_n3_004_conflict,conflict,1,0,0,12.330000000000002,0.19961,540940,3314100
644,60361,126,pair_008_n3_008_conflict,conflict,1,0,0,12.0,0.1994,541444,3321660
645,60499,138,pair_012_n5_012_conflict,conflict,1,0,0,11.88,0.19916999999999999,541996,3329940
646,60532,33,pair_010_n3_010_conflict,conflict,0,1,0,-0.16999999999999982,0.199115,542128,3331920
647,60623,91,pair_002_n5_002_conflict,conflict,1,0,0,12.350000000000001,0.19896333333333333,542492,3337380
648,60705,82,pair_012_n5_012_conflict,conflict,1,0,0,12.440000000000001,0.19882666666666665,542820,3342300
649,60792,87,pair_010_n3_010_conflict,conflict,0,1,0,1.3400000000000016,0.19868166666666665,543168,3347520
650,60908,116,pair_012_n3_012_conflict,conflict,1,0,0,12.100000000000001,0.19848833333333332,543632,3354480
651,61018,110,pair_002_n3_002_conflict,conflict,1,0,0,12.160000000000002,0.198305,544072,3361080
652,61095,77,pair_009_n3_009_conflict,conflict,1,0,0,12.490000000000002,0.19817666666666667,544380,3365700
653,61183,88,pair_013_n5_013_conflict,conflict,1,0,0,12.38,0.19802999999999998,544732,3370980
654,61268,85,pair_008_n3_008_control,control,1,0,0,12.410000000000002,0.19788833333333333,545072,3376080
655,61279,11,pair_012_n3_012_control,control,0,1,0,-0.85,0.19787,545116,3376740
656,61362,83,pair_005_n3_005_control,control,1,0,0,12.430000000000001,0.19773166666666664,545448,3381720
657,61440,78,pair_005_n5_005_control,control,0,1,0,1.4800000000000022,0.19760166666666668,545760,3386400
658,61524,84,pair_017_n5_017_control,control,1,0,0,12.420000000000002,0.19746166666666665,546096,3391440
659,61585,61,pair_015_n5_015_conflict,conflict,0,1,0,0.6500000000000008,0.19735999999999998,546340,3395100
660,61670,85,pair_001_n3_001_control,control,0,1,0,-0.9400000000000004,0.19721833333333333,546680,3400200
661,61748,78,pair_016_n3_016_conflict,conflict,1,0,0,12.48,0.1970883333333333,546992,3404880
662,61842,94,pair_006_n3_006_conflict,conflict,1,0,0,12.320000000000002,0.19693166666666667,547368,3410520
663,61930,88,pair_015_n3_015_control,control,1,0,0,12.380000000000003,0.196785,547720,3415800
664,62015,85,pair_013_n5_013_control,control,1,0,0,12.410000000000002,0.19664333333333334,548060,3420900
665,62091,76,pair_000_n5_000_control,control,1,0,0,12.500000000000002,0.19651666666666667,548364,3425460
666,62191,100,pair_011_n3_011_conflict,conflict,1,0,0,12.260000000000002,0.19634999999999997,548764,3431460
667,62268,77,pair_003_n3_003_control,control,1,0,0,12.490000000000002,0.19622166666666666,549072,3436080
668,62347,79,pair_002_n5_002_control,control,1,0,0,12.470000000000002,0.19609,549388,3440820
669,62440,93,pair_014_n3_014_conflict,conflict,1,0,0,12.330000000000002,0.19593499999999997,549760,3446400
670,62504,64,pair_017_n3_017_conflict,conflict,0,1,0,0.6200000000000008,0.19582833333333333,550016,3450240
671,62587,83,pair_002_n5_002_conflict,conflict,1,0,0,12.430000000000001,0.19568999999999998,550348,3455220
672,62677,90,pair_003_n5_003_conflict,conflict,1,0,0,12.360000000000001,0.19554,550708,3460620
673,62752,75,pair_017_n3_017_control,control,1,0,0,12.510000000000002,0.195415,551008,3465120
674,62845,93,pair_008_n3_008_conflict,conflict,1,0,0,12.330000000000002,0.19526,551380,3470700
675,62930,85,pair_009_n5_009_control,control,1,0,0,12.410000000000002,0.19511833333333334,551720,3475800
676,62956,26,pair_010_n5_010_control,control,0,1,0,-0.09999999999999976,0.195075,551824,3477360
677,63033,77,pair_005_n3_005_conflict,conflict,1,0,0,12.490000000000002,0.19494666666666666,552132,3481980
678,63136,103,pair_009_n3_009_control,control,1,0,0,12.230000000000002,0.19477499999999998,552544,3488160
679,63237,101,pair_014_n3_014_control,control,1,0,0,12.250000000000002,0.19460666666666665,552948,3494220
680,63328,91,pair_010_n5_010_conflict,conflict,1,0,0,12.350000000000001,0.194455,553312,3499680
681,63405,77,pair_011_n5_011_conflict,conflict,1,0,0,12.490000000000002,0.19432666666666665,553620,3504300
682,63486,81,pair_015_n5_015_control,control,1,0,0,12.450000000000001,0.19419166666666665,553944,3509160
683,63586,100,pair_016_n5_016_conflict,conflict,1,0,0,12.260000000000002,0.194025,554344,3515160
684,63600,14,pair_014_n5_014_control,control,0,1,0,-0.73,0.19400166666666666,554400,3516000
685,63688,88,pair_000_n3_000_control,control,1,0,0,12.380000000000003,0.193855,554752,3521280
686,63757,69,pair_006_n3_006_control,control,1,0,0,12.570000000000002,0.19374,555028,3525420
687,63845,88,pair_013_n3_013_conflict,conflict,1,0,0,12.380000000000003,0.19359333333333334,555380,3530700
688,63931,86,pair_004_n5_004_conflict,conflict,1,0,0,12.400000000000002,0.19344999999999998,555724,3535860
689,64039,108,pair_006_n5_006_control,control,1,0,0,12.180000000000001,0.19327,556156,3542340
690,64124,85,pair_013_n3_013_control,control,1,0,0,12.410000000000002,0.19312833333333332,556496,3547440
691,64212,88,pair_012_n5_012_control,control,1,0,0,12.380000000000003,0.19298166666666666,556848,3552720
692,64226,14,pair_007_n5_007_control,control,0,1,0,-0.73,0.19295833333333334,556904,3553560
693,64259,33,pair_010_n3_010_control,control,0,1,0,-0.21999999999999986,0.19290333333333332,557036,3555540
694,64343,84,pair_000_n3_000_conflict,conflict,1,0,0,12.420000000000002,0.19276333333333334,557372,3560580
695,64446,103,pair_008_n5_008_conflict,conflict,1,0,0,12.230000000000002,0.19259166666666666,557784,3566760
696,64470,24,pair_001_n5_001_conflict,conflict,0,1,0,-0.2799999999999999,0.19255166666666665,557880,3568200
697,64546,76,pair_007_n5_007_conflict,conflict,1,0,0,12.500000000000002,0.19242499999999998,558184,3572760
698,64639,93,pair_007_n3_007_conflict,conflict,1,0,0,12.330000000000002,0.19227,558556,3578340
699,64737,98,pair_014_n5_014_conflict,conflict,1,0,0,12.280000000000001,0.19210666666666665,558948,3584220
700,64863,126,pair_011_n3_011_control,control,1,0,0,12.000000000000002,0.19189666666666666,559452,3591780
701,64960,97,pair_006_n5_006_conflict,conflict,1,0,0,12.290000000000003,0.191735,559840,3597600
702,65054,94,pair_002_n3_002_control,control,0,1,0,1.2700000000000014,0.19157833333333332,560216,3603240
703,65134,80,pair_016_n5_016_control,control,1,0,0,12.46,0.19144499999999998,560536,3608040
704,65233,99,pair_005_n5_005_conflict,conflict,1,0,0,12.270000000000001,0.19128,560932,3613980
705,65303,70,pair_003_n3_003_conflict,conflict,1,0,0,12.560000000000002,0.19116333333333332,561212,3618180
706,65396,93,pair_003_n5_003_control,control,1,0,0,12.330000000000002,0.19100833333333334,561584,3623760
707,65485,89,pair_009_n5_009_conflict,conflict,0,1,0,1.2700000000000014,0.19085999999999997,561940,3629100
708,65570,85,pair_001_n3_001_conflict,conflict,1,0,0,12.410000000000002,0.19071833333333332,562280,3634200
709,65651,81,pair_000_n5_000_conflict,conflict,1,0,0,12.450000000000003,0.19058333333333333,562604,3639060
710,65723,72,pair_017_n5_017_conflict,conflict,1,0,0,12.540000000000003,0.19046333333333332,562892,3643380
711,65851,128,pair_015_n3_015_conflict,conflict,1,0,0,11.98,0.19024999999999997,563404,3651060
712,65938,87,pair_004_n3_004_conflict,conflict,1,0,0,12.39,0.19010499999999997,563752,3656280
713,66026,88,pair_001_n5_001_control,control,0,1,0,1.2300000000000013,0.18995833333333334,564104,3661560
714,66108,82,pair_008_n5_008_control,control,1,0,0,12.440000000000001,0.18982166666666667,564432,3666480
715,66209,101,pair_016_n3_016_control,control,1,0,0,12.250000000000002,0.18965333333333334,564836,3672540
716,66287,78,pair_004_n5_004_control,control,1,0,0,12.48,0.18952333333333332,565148,3677220
717,66369,82,pair_011_n5_011_control,control,1,0,0,12.440000000000001,0.18938666666666665,565476,3682140
718,66462,93,pair_007_n3_007_control,control,1,0,0,12.330000000000002,0.18923166666666666,565848,3687720
719,66551,89,pair_004_n3_004_control,control,0,1,0,1.320000000000002,0.18908333333333333,566204,3693060
720,66628,77,pair_004_n3_004_control,control,1,0,0,12.490000000000002,0.18895499999999998,566512,3697680
721,66715,87,pair_001_n3_001_control,control,1,0,0,12.390000000000002,0.18880999999999998,566860,3702900
722,66807,92,pair_014_n5_014_conflict,conflict,1,0,0,12.340000000000002,0.18865666666666664,567228,3708420
723,66881,74,pair_005_n3_005_control,control,1,0,0,12.520000000000001,0.18853333333333333,567524,3712860
724,66996,115,pair_003_n5_003_conflict,conflict,1,0,0,12.110000000000001,0.18834166666666666,567984,3719760
725,67026,30,pair_010_n3_010_conflict,conflict,0,1,0,-0.18999999999999984,0.18829166666666663,568104,3721560
726,67120,94,pair_004_n3_004_conflict,conflict,1,0,0,12.320000000000002,0.188135,568480,3727200
727,67143,23,pair_010_n5_010_control,control,0,1,0,-0.21999999999999986,0.18809666666666666,568572,3728580
728,67216,73,pair_007_n3_007_conflict,conflict,0,1,0,1.4800000000000013,0.187975,568864,3732960
729,67294,78,pair_011_n5_011_conflict,conflict,1,0,0,12.480000000000002,0.18784499999999998,569176,3737640
730,67375,81,pair_001_n3_001_conflict,conflict,1,0,0,12.450000000000001,0.18771,569500,3742500
731,67518,143,pair_016_n5_016_control,control,1,0,0,11.830000000000002,0.18747166666666665,570072,3751080
732,67625,107,pair_010_n5_010_conflict,conflict,1,0,0,12.190000000000001,0.1872933333333333,570500,3757500
733,67685,60,pair_014_n5_014_control,control,0,1,0,0.7100000000000009,0.18719333333333332,570740,3761100
734,67771,86,pair_004_n5_004_control,control,1,0,0,12.400000000000002,0.18705,571084,3766260
735,67852,81,pair_006_n5_006_control,control,1,0,0,12.450000000000001,0.186915,571408,3771120
736,67952,100,pair_013_n5_013_control,control,1,0,0,12.260000000000002,0.18674833333333332,571808,3777120
737,68019,67,pair_000_n3_000_conflict,conflict,0,1,0,0.7900000000000009,0.18663666666666667,572076,3781140
738,68104,85,pair_006_n5_006_conflict,conflict,1,0,0,12.410000000000002,0.186495,572416,3786240
739,68203,99,pair_011_n3_011_control,control,1,0,0,12.270000000000001,0.18633,572812,3792180
740,68286,83,pair_009_n3_009_conflict,conflict,1,0,0,12.430000000000001,0.18619166666666664,573144,3797160
741,68366,80,pair_015_n5_015_conflict,conflict,1,0,0,12.46,0.18605833333333333,573464,3801960
742,68450,84,pair_009_n3_009_control,control,1,0,0,12.420000000000002,0.18591833333333332,573800,3807000
743,68534,84,pair_013_n3_013_control,control,1,0,0,12.420000000000002,0.18577833333333332,574136,3812040
744,68625,91,pair_005_n5_005_conflict,conflict,1,0,0,12.350000000000001,0.18562666666666666,574500,3817500
745,68710,85,pair_003_n5_003_control,control,0,1,0,1.410000000000002,0.18548499999999998,574840,3822600
746,68787,77,pair_012_n3_012_control,control,1,0,0,12.490000000000002,0.18535666666666667,575148,3827220
747,68870,83,pair_016_n3_016_conflict,conflict,1,0,0,12.430000000000001,0.18521833333333332,575480,3832200
748,68953,83,pair_017_n3_017_conflict,conflict,1,0,0,12.430000000000001,0.18508,575812,3837180
749,68969,16,pair_009_n5_009_conflict,conflict,0,1,0,-0.8,0.18505333333333332,575876,3838140
750,69047,78,pair_003_n3_003_control,control,1,0,0,12.48,0.18492333333333333,576188,3842820
751,69053,6,pair_017_n5_017_control,control,0,1,0,-1.0,0.18491333333333332,576212,3843180
752,69126,73,pair_004_n5_004_conflict,conflict,1,0,0,12.530000000000001,0.18479166666666666,576504,3847560
753,69212,86,pair_007_n5_007_control,control,1,0,0,12.400000000000002,0.1846483333333333,576848,3852720
754,69289,77,pair_002_n3_002_conflict,conflict,1,0,0,12.490000000000002,0.18452,577156,3857340
755,69382,93,pair_008_n3_008_conflict,conflict,1,0,0,12.330000000000002,0.184365,577528,3862920
756,69460,78,pair_014_n3_014_control,control,1,0,0,12.48,0.18423499999999998,577840,3867600
757,69537,77,pair_013_n3_013_conflict,conflict,1,0,0,12.490000000000002,0.18410666666666664,578148,3872220
758,69610,73,pair_014_n3_014_conflict,conflict,1,0,0,12.530000000000001,0.183985,578440,3876600
759,69694,84,pair_012_n5_012_control,control,1,0,0,12.420000000000002,0.18384499999999998,578776,3881640
760,69781,87,pair_006_n3_006_conflict,conflict,1,0,0,12.39,0.18369999999999997,579124,3886860
761,69872,91,pair_013_n5_013_conflict,conflict,1,0,0,12.350000000000001,0.1835483333333333,579488,3892320
762,69967,95,pair_017_n5_017_conflict,conflict,1,0,0,12.310000000000002,0.18339,579868,3898020
763,70050,83,pair_001_n5_001_control,control,1,0,0,12.430000000000001,0.18325166666666665,580150,3903050
764,70145,95,pair_012_n5_012_conflict,conflict,1,0,0,12.310000000000002,0.18309333333333333,580435,3908845
765,70229,84,pair_011_n3_011_conflict,conflict,1,0,0,12.420000000000002,0.18295333333333333,580687,3913969
766,70304,75,pair_006_n3_006_control,control,1,0,0,12.510000000000002,0.18282833333333331,580912,3918544
767,70377,73,pair_017_n3_017_control,control,1,0,0,12.530000000000001,0.18270666666666666,581131,3922997
768,70453,76,pair_002_n5_002_conflict,conflict,1,0,0,12.500000000000002,0.18258,581359,3927633
769,70535,82,pair_015_n3_015_conflict,conflict,1,0,0,12.440000000000001,0.18244333333333332,581605,3932635
770,70655,120,pair_016_n5_016_conflict,conflict,1,0,0,12.06,0.1822433333333333,581965,3939955
771,70746,91,pair_008_n3_008_control,control,1,0,0,12.350000000000001,0.18209166666666665,582238,3945506
772,70843,97,pair_000_n5_000_control,control,1,0,0,12.290000000000003,0.18192999999999998,582529,3951423
773,70936,93,pair_015_n3_015_control,control,1,0,0,12.330000000000002,0.181775,582808,3957096
774,71008,72,pair_005_n5_005_control,control,1,0,0,12.540000000000003,0.18165499999999998,583024,3961488
775,71086,78,pair_002_n5_002_control,control,1,0,0,12.48,0.181525,583258,3966246
776,71166,80,pair_008_n5_008_control,control,1,0,0,12.46,0.18139166666666667,583498,3971126
777,71260,94,pair_010_n3_010_control,control,1,0,0,12.32,0.18123499999999998,583780,3976860
778,71268,8,pair_005_n3_005_conflict,conflict,0,1,0,-0.77,0.18122166666666667,583804,3977348
779,71371,103,pair_001_n5_001_conflict,conflict,1,0,0,12.230000000000002,0.18105,584113,3983631
780,71466,95,pair_007_n5_007_conflict,conflict,1,0,0,12.310000000000002,0.18089166666666667,584398,3989426
781,71555,89,pair_011_n5_011_control,control,1,0,0,12.370000000000001,0.1807433333333333,584665,3994855
782,71653,98,pair_002_n3_002_control,control,1,0,0,12.280000000000001,0.18058,584959,4000833
783,71735,82,pair_007_n3_007_control,control,1,0,0,12.440000000000001,0.18044333333333332,585205,4005835
784,71827,92,pair_012_n3_012_conflict,conflict,1,0,0,12.340000000000002,0.18029,585481,4011447
785,71901,74,pair_009_n5_009_control,control,1,0,0,12.520000000000001,0.18016666666666664,585703,4015961
786,71980,79,pair_016_n3_016_control,control,1,0,0,12.470000000000002,0.180035,585940,4020780
787,72057,77,pair_003_n3_003_conflict,conflict,1,0,0,12.490000000000002,0.17990666666666666,586171,4025477
788,72137,80,pair_000_n5_000_conflict,conflict,1,0,0,12.46,0.17977333333333334,586411,4030357
789,72205,68,pair_008_n5_008_conflict,conflict,1,0,0,12.580000000000002,0.17966,586615,4034505
790,72281,76,pair_015_n5_015_control,control,1,0,0,12.500000000000002,0.17953333333333332,586843,4039141
791,72368,87,pair_000_n3_000_control,control,1,0,0,12.39,0.17938833333333332,587104,4044448
792,72469,101,pair_011_n3_011_conflict,conflict,1,0,0,12.250000000000002,0.17922,587407,4050609
793,72541,72,pair_000_n5_000_conflict,conflict,0,1,0,0.6400000000000008,0.17909999999999998,587623,4055001
794,72640,99,pair_001_n3_001_control,control,1,0,0,12.270000000000001,0.17893499999999998,587920,4061040
795,72725,85,pair_008_n3_008_conflict,conflict,1,0,0,12.410000000000002,0.1787933333333333,588175,4066225
796,72867,142,pair_000_n3_000_conflict,conflict,1,0,0,11.840000000000002,0.17855666666666664,588601,4074887
797,72950,83,pair_007_n3_007_control,control,1,0,0,12.430000000000001,0.17841833333333332,588850,4079950
798,72971,21,pair_007_n5_007_control,control,0,1,0,-0.7,0.17838333333333334,588913,4081231
799,73065,94,pair_000_n5_000_control,control,1,0,0,12.32,0.17822666666666664,589195,4086965
800,73152,87,pair_007_n5_007_conflict,conflict,1,0,0,12.39,0.17808166666666664,589456,4092272
801,73243,91,pair_011_n5_011_conflict,conflict,1,0,0,12.350000000000001,0.17792999999999998,589729,4097823
802,73330,87,pair_006_n3_006_control,control,1,0,0,12.39,0.17778499999999997,589990,4103130
803,73409,79,pair_012_n3_012_conflict,conflict,1,0,0,12.470000000000002,0.17765333333333333,590227,4107949
804,73492,83,pair_015_n3_015_control,control,1,0,0,12.430000000000001,0.17751499999999998,590476,4113012
805,73564,72,pair_013_n5_013_conflict,conflict,1,0,0,12.540000000000003,0.17739499999999997,590692,4117404
806,73659,95,pair_012_n5_012_conflict,conflict,1,0,0,12.310000000000002,0.17723666666666665,590977,4123199
807,73741,82,pair_010_n3_010_control,control,1,0,0,12.440000000000001,0.17709999999999998,591223,4128201
808,73796,55,pair_005_n5_005_conflict,conflict,0,1,0,0.7600000000000009,0.17700833333333332,591388,4131556
809,73873,77,pair_016_n5_016_conflict,conflict,1,0,0,12.490000000000002,0.17687999999999998,591619,4136253
810,73969,96,pair_016_n5_016_control,control,1,0,0,12.3,0.17672,591907,4142109
811,74047,78,pair_015_n5_015_control,control,1,0,0,12.48,0.17658999999999997,592141,4146867
812,74124,77,pair_001_n3_001_conflict,conflict,1,0,0,12.490000000000002,0.17646166666666666,592372,4151564
813,74208,84,pair_014_n5_014_conflict,conflict,1,0,0,12.420000000000002,0.17632166666666665,592624,4156688
814,74290,82,pair_007_n3_007_conflict,conflict,1,0,0,12.440000000000001,0.17618499999999998,592870,4161690
815,74322,32,pair_008_n3_008_control,control,0,1,0,-0.1599999999999998,0.17613166666666666,592966,4163642
816,74402,80,pair_017_n3_017_control,control,1,0,0,12.46,0.1759983333333333,593206,4168522
817,74492,90,pair_014_n5_014_control,control,1,0,0,12.360000000000001,0.17584833333333333,593476,4174012
818,74569,77,pair_004_n5_004_control,control,1,0,0,12.490000000000002,0.17572,593707,4178709
819,74658,89,pair_005_n5_005_control,control,1,0,0,12.370000000000001,0.17557166666666665,593974,4184138
820,74726,68,pair_010_n5_010_conflict,conflict,0,1,0,0.6800000000000008,0.17545833333333333,594178,4188286
821,74807,81,pair_002_n3_002_control,control,1,0,0,12.450000000000003,0.17532333333333333,594421,4193227
822,74895,88,pair_004_n3_004_control,control,1,0,0,12.380000000000003,0.17517666666666665,594685,4198595
823,74979,84,pair_003_n3_003_conflict,conflict,1,0,0,12.420000000000002,0.17503666666666667,594937,4203719
824,75061,82,pair_003_n5_003_control,control,1,0,0,12.440000000000001,0.1749,595183,4208721
825,75154,93,pair_011_n3_011_control,control,1,0,0,12.330000000000002,0.17474499999999998,595462,4214394
826,75234,80,pair_000_n3_000_control,control,1,0,0,12.46,0.17461166666666667,595702,4219274
827,75244,10,pair_006_n5_006_control,control,0,1,0,-0.64,0.174595,595732,4219884
828,75332,88,pair_016_n3_016_conflict,conflict,1,0,0,12.380000000000003,0.17444833333333332,595996,4225252
829,75410,78,pair_004_n3_004_conflict,conflict,1,0,0,12.480000000000002,0.17431833333333333,596230,4230010
830,75487,77,pair_009_n5_009_control,control,1,0,0,12.490000000000002,0.17418999999999998,596461,4234707
831,75570,83,pair_008_n5_008_conflict,conflict,1,0,0,12.430000000000001,0.17405166666666666,596710,4239770
832,75645,75,pair_012_n5_012_control,control,1,0,0,12.510000000000002,0.17392666666666665,596935,4244345
833,75730,85,pair_005_n3_005_conflict,conflict,1,0,0,12.410000000000002,0.173785,597190,4249530
834,75806,76,pair_002_n3_002_conflict,conflict,1,0,0,12.500000000000002,0.17365833333333333,597418,4254166
835,75877,71,pair_016_n3_016_control,control,1,0,0,12.55,0.17354,597631,4258497
836,75957,80,pair_008_n5_008_control,control,0,1,0,1.4600000000000013,0.17340666666666665,597871,4263377
837,76035,78,pair_002_n5_002_conflict,conflict,0,1,0,1.4800000000000013,0.17327666666666666,598105,4268135
838,76118,83,pair_009_n3_009_conflict,conflict,1,0,0,12.430000000000001,0.1731383333333333,598354,4273198
839,76201,83,pair_015_n3_015_conflict,conflict,1,0,0,12.430000000000001,0.173,598603,4278261
840,76273,72,pair_013_n5_013_control,control,1,0,0,12.540000000000001,0.17287999999999998,598819,4282653
841,76367,94,pair_003_n5_003_conflict,conflict,1,0,0,12.32,0.1727233333333333,599101,4288387
842,76449,82,pair_015_n5_015_conflict,conflict,1,0,0,12.440000000000001,0.17258666666666667,599347,4293389
843,76523,74,pair_017_n5_017_conflict,conflict,1,0,0,12.520000000000001,0.17246333333333333,599569,4297903
844,76613,90,pair_006_n5_006_conflict,conflict,1,0,0,12.360000000000001,0.17231333333333332,599839,4303393
845,76694,81,pair_010_n3_010_conflict,conflict,1,0,0,12.450000000000001,0.17217833333333332,600082,4308334
846,76777,83,pair_014_n3_014_control,control,1,0,0,12.430000000000001,0.17204,600331,4313397
847,76871,94,pair_013_n3_013_control,control,1,0,0,12.320000000000002,0.17188333333333333,600613,4319131
848,76943,72,pair_011_n5_011_control,control,0,1,0,1.5400000000000018,0.17176333333333332,600829,4323523
849,77000,57,pair_006_n3_006_conflict,conflict,0,1,0,0.5400000000000007,0.1716683333333333,601000,4327000
850,77081,81,pair_017_n5_017_control,control,1,0,0,12.450000000000001,0.17153333333333332,601243,4331941
851,77162,81,pair_002_n5_002_control,control,1,0,0,12.450000000000001,0.17139833333333332,601486,4336882
852,77243,81,pair_001_n5_001_control,control,1,0,0,12.450000000000001,0.17126333333333332,601729,4341823
853,77333,90,pair_009_n3_009_control,control,1,0,0,12.360000000000001,0.1711133333333333,601999,4347313
854,77416,83,pair_017_n3_017_conflict,conflict,1,0,0,12.430000000000001,0.170975,602248,4352376
855,77492,76,pair_010_n5_010_control,control,1,0,0,12.500000000000002,0.17084833333333332,602476,4357012
856,77578,86,pair_014_n3_014_conflict,conflict,1,0,0,12.400000000000002,0.170705,602734,4362258
857,77654,76,pair_001_n5_001_conflict,conflict,1,0,0,12.500000000000002,0.17057833333333333,602962,4366894
858,77734,80,pair_004_n5_004_conflict,conflict,1,0,0,12.46,0.17044499999999999,603202,4371774
859,77810,76,pair_013_n3_013_conflict,conflict,1,0,0,12.500000000000002,0.17031833333333332,603430,4376410
860,77896,86,pair_012_n3_012_control,control,1,0,0,12.400000000000002,0.170175,603688,4381656
861,77964,68,pair_003_n3_003_control,control,1,0,0,12.580000000000002,0.17006166666666667,603892,4385804
862,78060,96,pair_009_n5_009_conflict,conflict,1,0,0,12.3,0.16990166666666665,604180,4391660
863,78153,93,pair_005_n3_005_control,control,1,0,0,12.330000000000002,0.16974666666666666,604459,4397333
864,78224,71,pair_004_n5_004_conflict,conflict,1,0,0,12.55,0.16962833333333333,604672,4401664
865,78301,77,pair_013_n3_013_control,control,1,0,0,12.490000000000002,0.16949999999999998,604903,4406361
866,78378,77,pair_000_n3_000_conflict,conflict,1,0,0,12.490000000000002,0.16937166666666664,605134,4411058
867,78465,87,pair_009_n5_009_conflict,conflict,1,0,0,12.39,0.16922666666666666,605395,4416365
868,78561,96,pair_006_n5_006_control,control,1,0,0,12.3,0.16906666666666664,605683,4422221
869,78641,80,pair_003_n3_003_control,control,1,0,0,12.46,0.16893333333333332,605923,4427101
870,78733,92,pair_006_n5_006_conflict,conflict,1,0,0,12.340000000000002,0.16877999999999999,606199,4432713
871,78808,75,pair_009_n3_009_conflict,conflict,1,0,0,12.510000000000002,0.168655,606424,4437288
872,78878,70,pair_013_n3_013_conflict,conflict,1,0,0,12.560000000000002,0.16853833333333332,606634,4441558
873,78953,75,pair_012_n3_012_conflict,conflict,1,0,0,12.510000000000002,0.16841333333333333,606859,4446133
874,79042,89,pair_015_n5_015_control,control,1,0,0,12.370000000000001,0.168265,607126,4451562
875,79117,75,pair_003_n5_003_control,control,1,0,0,12.510000000000002,0.16813999999999998,607351,4456137
876,79127,10,pair_014_n5_014_control,control,0,1,0,-0.74,0.16812333333333332,607381,4456747
877,79208,81,pair_008_n3_008_conflict,conflict,1,0,0,12.450000000000001,0.16798833333333332,607624,4461688
878,79317,109,pair_006_n3_006_control,control,1,0,0,12.170000000000002,0.16780666666666666,607951,4468337
879,79405,88,pair_016_n3_016_control,control,1,0,0,12.38,0.16765999999999998,608215,4473705
880,79500,95,pair_004_n5_004_control,control,1,0,0,12.310000000000002,0.16750166666666666,608500,4479500
881,79580,80,pair_005_n3_005_conflict,conflict,1,0,0,12.46,0.1673683333333333,608740,4484380
882,79659,79,pair_005_n5_005_control,control,1,0,0,12.470000000000002,0.16723666666666664,608977,4489199
883,79736,77,pair_012_n5_012_conflict,conflict,1,0,0,12.490000000000002,0.16710833333333333,609208,4493896
884,79820,84,pair_007_n3_007_conflict,conflict,1,0,0,12.420000000000002,0.16696833333333333,609460,4499020
885,79887,67,pair_013_n5_013_conflict,conflict,1,0,0,12.590000000000002,0.16685666666666665,609661,4503107
886,79970,83,pair_004_n3_004_conflict,conflict,1,0,0,12.430000000000001,0.16671833333333333,609910,4508170
887,80058,88,pair_017_n5_017_control,control,1,0,0,12.38,0.16657166666666665,610116,4513596
888,80132,74,pair_008_n5_008_control,control,1,0,0,12.520000000000001,0.1664483333333333,610264,4518184
889,80213,81,pair_007_n5_007_control,control,1,0,0,12.450000000000001,0.1663133333333333,610426,4523206
890,80309,96,pair_010_n5_010_control,control,1,0,0,12.3,0.16615333333333332,610618,4529158
891,80399,90,pair_001_n5_001_control,control,1,0,0,12.360000000000001,0.16600333333333334,610798,4534738
892,80408,9,pair_015_n5_015_conflict,conflict,0,1,0,-0.6799999999999999,0.16598833333333332,610816,4535296
893,80524,116,pair_010_n3_010_control,control,1,0,0,12.100000000000001,0.165795,611048,4542488
894,80608,84,pair_004_n3_004_control,control,1,0,0,12.420000000000002,0.165655,611216,4547696
895,80696,88,pair_003_n5_003_conflict,conflict,1,0,0,12.38,0.1655083333333333,611392,4553152
896,80778,82,pair_009_n3_009_control,control,1,0,0,12.440000000000001,0.16537166666666667,611556,4558236
897,80856,78,pair_014_n5_014_conflict,conflict,1,0,0,12.480000000000002,0.16524166666666665,611712,4563072
898,80941,85,pair_002_n3_002_control,control,1,0,0,12.410000000000002,0.1651,611882,4568342
899,81025,84,pair_008_n5_008_conflict,conflict,1,0,0,12.420000000000002,0.16496,612050,4573550
900,81109,84,pair_014_n3_014_control,control,1,0,0,12.420000000000002,0.16482,612218,4578758
901,81189,80,pair_015_n3_015_conflict,conflict,1,0,0,12.46,0.16468666666666665,612378,4583718
902,81274,85,pair_010_n5_010_conflict,conflict,1,0,0,12.410000000000002,0.164545,612548,4588988
903,81354,80,pair_000_n5_000_control,control,1,0,0,12.46,0.16441166666666665,612708,4593948
904,81437,83,pair_015_n3_015_control,control,1,0,0,12.430000000000001,0.16427333333333333,612874,4599094
905,81510,73,pair_017_n3_017_control,control,1,0,0,12.530000000000001,0.16415166666666667,613020,4603620
906,81583,73,pair_002_n3_002_conflict,conflict,0,1,0,1.4800000000000013,0.16402999999999998,613166,4608146
907,81668,85,pair_003_n3_003_conflict,conflict,1,0,0,12.410000000000002,0.16388833333333333,613336,4613416
908,81755,87,pair_016_n3_016_conflict,conflict,1,0,0,12.39,0.16374333333333332,613510,4618810
909,81827,72,pair_011_n3_011_conflict,conflict,1,0,0,12.540000000000001,0.16362333333333332,613654,4623274
910,81909,82,pair_013_n5_013_control,control,1,0,0,12.440000000000001,0.16348666666666667,613818,4628358
911,81993,84,pair_011_n5_011_control,control,1,0,0,12.420000000000002,0.16334666666666667,613986,4633566
912,82079,86,pair_005_n5_005_conflict,conflict,1,0,0,12.400000000000002,0.1632033333333333,614158,4638898
913,82179,100,pair_014_n3_014_conflict,conflict,1,0,0,12.260000000000002,0.16303666666666666,614358,4645098
914,82252,73,pair_000_n3_000_control,control,1,0,0,12.530000000000001,0.16291499999999998,614504,4649624
915,82334,82,pair_011_n5_011_conflict,conflict,1,0,0,12.440000000000001,0.16277833333333333,614668,4654708
916,82413,79,pair_017_n5_017_conflict,conflict,1,0,0,12.47,0.16264666666666666,614826,4659606
917,82496,83,pair_012_n3_012_control,control,1,0,0,12.430000000000001,0.1625083333333333,614992,4664752
918,82514,18,pair_016_n5_016_conflict,conflict,0,1,0,-0.42000000000000004,0.16247833333333334,615028,4665868
919,82587,73,pair_001_n5_001_conflict,conflict,1,0,0,12.530000000000001,0.16235666666666665,615174,4670394
920,82669,82,pair_009_n5_009_control,control,1,0,0,12.440000000000001,0.16221999999999998,615338,4675478
921,82744,75,pair_002_n5_002_conflict,conflict,1,0,0,12.510000000000002,0.162095,615488,4680128
922,82836,92,pair_000_n5_000_conflict,conflict,1,0,0,12.340000000000002,0.16194166666666665,615672,4685832
923,83010,174,pair_008_n3_008_control,control,1,0,0,11.520000000000003,0.16165166666666667,616020,4696620
924,83095,85,pair_011_n3_011_control,control,1,0,0,12.410000000000002,0.16151,616190,4701890
925,83169,74,pair_017_n3_017_conflict,conflict,1,0,0,12.520000000000001,0.16138666666666665,616338,4706478
926,83251,82,pair_002_n5_002_control,control,1,0,0,12.440000000000001,0.16124999999999998,616502,4711562
927,83333,82,pair_010_n3_010_conflict,conflict,1,0,0,12.440000000000001,0.16111333333333333,616666,4716646
928,83418,85,pair_005_n3_005_control,control,1,0,0,12.410000000000002,0.16097166666666665,616836,4721916
929,83486,68,pair_012_n5_012_control,control,1,0,0,12.580000000000002,0.16085833333333333,616972,4726132
930,83569,83,pair_007_n5_007_conflict,conflict,1,0,0,12.430000000000001,0.16072,617138,4731278
931,83646,77,pair_007_n3_007_control,control,1,0,0,12.490000000000002,0.16059166666666666,617292,4736052
932,83723,77,pair_001_n3_001_control,control,1,0,0,12.490000000000002,0.16046333333333332,617446,4740826
933,83802,79,pair_006_n3_006_conflict,conflict,1,0,0,12.470000000000002,0.16033166666666665,617604,4745724
934,83890,88,pair_016_n5_016_control,control,1,0,0,12.38,0.160185,617780,4751180
935,83978,88,pair_001_n3_001_conflict,conflict,1,0,0,12.38,0.1600383333333333,617956,4756636
936,84071,93,pair_013_n5_013_conflict,conflict,1,0,0,12.330000000000002,0.15988333333333332,618142,4762402
937,84153,82,pair_008_n3_008_conflict,conflict,1,0,0,12.440000000000001,0.15974666666666665,618306,4767486
938,84228,75,pair_000_n5_000_conflict,conflict,1,0,0,12.510000000000002,0.15962166666666666,618456,4772136
939,84311,83,pair_015_n3_015_control,control,1,0,0,12.430000000000001,0.1594833333333333,618622,4777282
940,84394,83,pair_010_n3_010_conflict,conflict,1,0,0,12.430000000000001,0.159345,618788,4782428
941,84471,77,pair_003_n5_003_control,control,1,0,0,12.490000000000002,0.15921666666666665,618942,4787202
942,84549,78,pair_007_n3_007_control,control,1,0,0,12.48,0.15908666666666665,619098,4792038
943,84627,78,pair_005_n3_005_control,control,1,0,0,12.48,0.15895666666666666,619254,4796874
944,84711,84,pair_016_n3_016_conflict,conflict,1,0,0,12.420000000000002,0.15881666666666666,619422,4802082
945,84785,74,pair_010_n5_010_control,control,1,0,0,12.520000000000001,0.15869333333333333,619570,4806670
946,84866,81,pair_017_n3_017_conflict,conflict,1,0,0,12.450000000000001,0.15855833333333333,619732,4811692
947,84946,80,pair_013_n3_013_conflict,conflict,1,0,0,12.46,0.15842499999999998,619892,4816652
948,85032,86,pair_005_n5_005_conflict,conflict,0,1,0,1.3500000000000014,0.15828166666666665,620064,4821984
949,85109,77,pair_004_n5_004_control,control,1,0,0,12.490000000000002,0.1581533333333333,620218,4826758
950,85210,101,pair_014_n3_014_control,control,1,0,0,12.250000000000002,0.157985,620420,4833020
951,85311,101,pair_000_n3_000_conflict,conflict,1,0,0,12.250000000000002,0.15781666666666666,620622,4839282
952,85392,81,pair_009_n5_009_control,control,1,0,0,12.450000000000003,0.15768166666666666,620784,4844304
953,85481,89,pair_011_n3_011_control,control,1,0,0,12.370000000000001,0.15753333333333333,620962,4849822
954,85567,86,pair_002_n3_002_control,control,1,0,0,12.400000000000002,0.15739,621134,4855154
955,85648,81,pair_001_n5_001_control,control,1,0,0,12.450000000000001,0.15725499999999998,621296,4860176
956,85733,85,pair_002_n3_002_conflict,conflict,1,0,0,12.410000000000002,0.15711333333333333,621466,4865446
957,85805,72,pair_013_n3_013_control,control,1,0,0,12.540000000000001,0.15699333333333332,621610,4869910
958,85884,79,pair_009_n3_009_control,control,1,0,0,12.470000000000002,0.15686166666666665,621768,4874808
959,85968,84,pair_007_n5_007_control,control,1,0,0,12.420000000000002,0.15672166666666665,621936,4880016
960,86046,78,pair_002_n5_002_control,control,1,0,0,12.48,0.15659166666666666,622092,4884852
961,86128,82,pair_017_n5_017_conflict,conflict,1,0,0,12.440000000000001,0.15645499999999998,622256,4889936
962,86207,79,pair_000_n3_000_control,control,1,0,0,12.470000000000002,0.15632333333333331,622414,4894834
963,86279,72,pair_016_n5_016_control,control,1,0,0,12.540000000000001,0.15620333333333333,622558,4899298
964,86365,86,pair_008_n3_008_control,control,1,0,0,12.400000000000002,0.15605999999999998,622730,4904630
965,86441,76,pair_015_n5_015_conflict,conflict,1,0,0,12.500000000000002,0.1559333333333333,622882,4909342
966,86517,76,pair_008_n5_008_conflict,conflict,0,1,0,1.4500000000000015,0.15580666666666665,623034,4914054
967,86597,80,pair_003_n3_003_conflict,conflict,1,0,0,12.46,0.15567333333333333,623194,4919014
968,86683,86,pair_016_n3_016_control,control,1,0,0,12.400000000000002,0.15553,623366,4924346
969,86766,83,pair_011_n3_011_conflict,conflict,1,0,0,12.430000000000001,0.15539166666666665,623532,4929492
970,86848,82,pair_015_n3_015_conflict,conflict,1,0,0,12.440000000000001,0.15525499999999998,623696,4934576
971,86926,78,pair_001_n3_001_conflict,conflict,1,0,0,12.480000000000002,0.15512499999999999,623852,4939412
972,87003,77,pair_012_n5_012_control,control,1,0,0,12.490000000000002,0.15499666666666664,624006,4944186
973,87099,96,pair_006_n3_006_control,control,1,0,0,12.3,0.15483666666666665,624198,4950138
974,87181,82,pair_002_n5_002_conflict,conflict,1,0,0,12.440000000000001,0.15469999999999998,624362,4955222
975,87257,76,pair_004_n3_004_control,control,1,0,0,12.500000000000002,0.1545733333333333,624514,4959934
976,87333,76,pair_003_n3_003_control,control,1,0,0,12.500000000000002,0.15444666666666665,624666,4964646
977,87415,82,pair_010_n5_010_conflict,conflict,1,0,0,12.440000000000001,0.15431,624830,4969730
978,87425,10,pair_006_n5_006_control,control,0,1,0,-0.64,0.1542933333333333,624850,4970350
979,87500,75,pair_011_n5_011_conflict,conflict,1,0,0,12.510000000000002,0.15416833333333332,625000,4975000
980,87584,84,pair_014_n3_014_conflict,conflict,1,0,0,12.420000000000002,0.15402833333333332,625168,4980208
981,87662,78,pair_013_n5_013_control,control,1,0,0,12.48,0.15389833333333333,625324,4985044
982,87783,121,pair_001_n5_001_conflict,conflict,1,0,0,12.05,0.15369666666666665,625566,4992546
983,87860,77,pair_010_n3_010_control,control,1,0,0,12.490000000000002,0.15356833333333333,625720,4997320
984,87943,83,pair_017_n5_017_control,control,1,0,0,12.430000000000001,0.15342999999999998,625886,5002466
985,88030,87,pair_005_n3_005_conflict,conflict,1,0,0,12.39,0.15328499999999998,626060,5007860
986,88049,19,pair_015_n5_015_control,control,0,1,0,-0.43000000000000005,0.15325333333333332,626098,5009038
987,88133,84,pair_012_n3_012_control,control,1,0,0,12.420000000000002,0.15311333333333332,626266,5014246
988,88212,79,pair_012_n3_012_conflict,conflict,1,0,0,12.470000000000002,0.15298166666666665,626424,5019144
989,88282,70,pair_006_n3_006_conflict,conflict,1,0,0,12.560000000000002,0.152865,626564,5023484
990,88366,84,pair_016_n5_016_conflict,conflict,1,0,0,12.420000000000002,0.152725,626732,5028692
991,88448,82,pair_014_n5_014_control,control,1,0,0,12.440000000000001,0.15258833333333333,626896,5033776
992,88533,85,pair_003_n5_003_conflict,conflict,1,0,0,12.410000000000002,0.15244666666666665,627066,5039046
993,88571,38,pair_009_n3_009_conflict,conflict,0,1,0,0.28000000000000047,0.15238333333333332,627142,5041402
994,88653,82,pair_004_n3_004_conflict,conflict,1,0,0,12.440000000000001,0.15224666666666667,627306,5046486
995,88730,77,pair_000_n5_000_control,control,1,0,0,12.490000000000002,0.15211833333333333,627460,5051260
996,88741,11,pair_008_n5_008_control,control,0,1,0,-0.85,0.15209999999999999,627482,5051942
997,88815,74,pair_007_n3_007_conflict,conflict,1,0,0,12.520000000000001,0.15197666666666665,627630,5056530
998,88895,80,pair_011_n5_011_control,control,1,0,0,12.46,0.15184333333333333,627790,5061490
999,88981,86,pair_006_n5_006_conflict,conflict,1,0,0,12.400000000000002,0.1517,627962,5066822
1000,89075,94,pair_005_n5_005_control,control,1,0,0,12.320000000000002,0.15154333333333334,628150,5072650
1001,89165,90,pair_007_n5_007_conflict,conflict,1,0,0,12.360000000000001,0.15139333333333332,628330,5078230
1002,89242,77,pair_014_n5_014_conflict,conflict,1,0,0,12.490000000000002,0.15126499999999998,628484,5083004
1003,89325,83,pair_004_n5_004_conflict,conflict,1,0,0,12.430000000000001,0.15112666666666666,628650,5088150
1004,89411,86,pair_012_n5_012_conflict,conflict,1,0,0,12.400000000000002,0.15098333333333333,628822,5093482
1005,89493,82,pair_009_n5_009_conflict,conflict,1,0,0,12.440000000000001,0.15084666666666666,628986,5098566
1006,89568,75,pair_017_n3_017_control,control,1,0,0,12.510000000000002,0.15072166666666664,629136,5103216
1007,89646,78,pair_001_n3_001_control,control,1,0,0,12.480000000000002,0.15059166666666665,629292,5108052
1008,89740,94,pair_004_n5_004_conflict,conflict,1,0,0,12.320000000000002,0.15043499999999999,629480,5113880
1009,89812,72,pair_007_n5_007_conflict,conflict,1,0,0,12.540000000000003,0.15031499999999998,629624,5118344
1010,89888,76,pair_017_n5_017_control,control,1,0,0,12.500000000000002,0.1501883333333333,629776,5123056
1011,89968,80,pair_002_n3_002_conflict,conflict,1,0,0,12.46,0.150055,629936,5128016
1012,90060,92,pair_003_n5_003_conflict,conflict,1,0,0,12.340000000000002,0.14990166666666666,630060,5133780
1013,90134,74,pair_004_n3_004_control,control,1,0,0,12.520000000000001,0.14977833333333332,630134,5138442
1014,90213,79,pair_014_n3_014_conflict,conflict,1,0,0,12.470000000000002,0.14964666666666665,630213,5143419
1015,90226,13,pair_007_n5_007_control,control,0,1,0,-0.52,0.14962499999999998,630226,5144238
1016,90301,75,pair_006_n3_006_conflict,conflict,1,0,0,12.510000000000002,0.1495,630301,5148963
1017,90382,81,pair_003_n3_003_control,control,1,0,0,12.450000000000001,0.149365,630382,5154066
1018,90450,68,pair_013_n3_013_conflict,conflict,1,0,0,12.580000000000002,0.14925166666666664,630450,5158350
1019,90529,79,pair_001_n5_001_conflict,conflict,1,0,0,12.470000000000002,0.14912,630529,5163327
1020,90610,81,pair_015_n5_015_conflict,conflict,1,0,0,12.450000000000001,0.14898499999999998,630610,5168430
1021,90690,80,pair_016_n5_016_conflict,conflict,1,0,0,12.46,0.14885166666666666,630690,5173470
1022,90705,15,pair_011_n5_011_control,control,0,1,0,-0.6400000000000001,0.14882666666666666,630705,5174415
1023,90784,79,pair_005_n3_005_conflict,conflict,1,0,0,12.470000000000002,0.148695,630784,5179392
1024,90864,80,pair_001_n5_001_control,control,1,0,0,12.46,0.14856166666666665,630864,5184432
1025,90940,76,pair_003_n5_003_control,control,1,0,0,12.500000000000002,0.14843499999999998,630940,5189220
1026,91013,73,pair_008_n5_008_control,control,1,0,0,12.530000000000001,0.14831333333333332,631013,5193819
1027,91096,83,pair_005_n5_005_conflict,conflict,1,0,0,12.430000000000001,0.148175,631096,5199048
1028,91174,78,pair_011_n5_011_conflict,conflict,1,0,0,12.48,0.14804499999999998,631174,5203962
1029,91269,95,pair_002_n3_002_control,control,1,0,0,12.310000000000002,0.14788666666666667,631269,5209947
1030,91342,73,pair_008_n3_008_control,control,1,0,0,12.530000000000001,0.14776499999999998,631342,5214546
1031,91423,81,pair_007_n3_007_conflict,conflict,1,0,0,12.450000000000001,0.14762999999999998,631423,5219649
1032,91499,76,pair_015_n5_015_control,control,1,0,0,12.500000000000002,0.14750333333333332,631499,5224437
1033,91577,78,pair_017_n3_017_conflict,conflict,1,0,0,12.48,0.14737333333333333,631577,5229351
1034,91660,83,pair_006_n5_006_conflict,conflict,1,0,0,12.430000000000001,0.14723499999999998,631660,5234580
1035,91740,80,pair_002_n5_002_conflict,conflict,1,0,0,12.46,0.14710166666666666,631740,5239620
1036,91833,93,pair_010_n3_010_control,control,1,0,0,12.330000000000002,0.14694666666666664,631833,5245479
1037,91921,88,pair_007_n3_007_control,control,1,0,0,12.38,0.14679999999999999,631921,5251023
1038,91991,70,pair_013_n3_013_control,control,1,0,0,12.560000000000002,0.14668333333333333,631991,5255433
1039,92077,86,pair_016_n3_016_control,control,1,0,0,12.400000000000002,0.14653999999999998,632077,5260851
1040,92154,77,pair_012_n3_012_conflict,conflict,1,0,0,12.490000000000002,0.14641166666666666,632154,5265702
1041,92226,72,pair_010_n5_010_conflict,conflict,1,0,0,12.540000000000001,0.14629166666666665,632226,5270238
1042,92316,90,pair_001_n3_001_conflict,conflict,1,0,0,12.360000000000001,0.14614166666666664,632316,5275908
1043,92397,81,pair_014_n5_014_conflict,conflict,1,0,0,12.450000000000001,0.14600666666666665,632397,5281011
1044,92482,85,pair_016_n3_016_conflict,conflict,1,0,0,12.410000000000002,0.145865,632482,5286366
1045,92559,77,pair_000_n5_000_control,control,1,0,0,12.490000000000002,0.14573666666666665,632559,5291217
1046,92636,77,pair_000_n3_000_control,control,1,0,0,12.490000000000002,0.1456083333333333,632636,5296068
1047,92717,81,pair_009_n3_009_conflict,conflict,1,0,0,12.450000000000001,0.14547333333333332,632717,5301171
1048,92797,80,pair_000_n3_000_conflict,conflict,1,0,0,12.46,0.14534,632797,5306211
1049,92878,81,pair_012_n5_012_conflict,conflict,1,0,0,12.450000000000001,0.145205,632878,5311314
1050,92945,67,pair_006_n5_006_control,control,1,0,0,12.590000000000002,0.14509333333333332,632945,5315535
1051,93032,87,pair_010_n3_010_conflict,conflict,1,0,0,12.39,0.14494833333333332,633032,5321016
1052,93057,25,pair_013_n5_013_control,control,0,1,0,-0.64,0.14490666666666666,633057,5322591
1053,93136,79,pair_013_n5_013_conflict,conflict,1,0,0,12.470000000000002,0.144775,633136,5327568
1054,93146,10,pair_016_n5_016_control,control,0,1,0,-0.74,0.14475833333333332,633146,5328198
1055,93224,78,pair_004_n3_004_conflict,conflict,1,0,0,12.48,0.14462833333333333,633224,5333112
1056,93308,84,pair_003_n3_003_conflict,conflict,1,0,0,12.420000000000002,0.14448833333333333,633308,5338404
1057,93400,92,pair_005_n5_005_control,control,1,0,0,12.340000000000002,0.144335,633400,5344200
1058,93473,73,pair_017_n3_017_control,control,1,0,0,12.530000000000001,0.14421333333333333,633473,5348799
1059,93556,83,pair_009_n3_009_control,control,1,0,0,12.430000000000001,0.14407499999999998,633556,5354028
1060,93622,66,pair_008_n3_008_conflict,conflict,0,1,0,0.9500000000000011,0.14396499999999998,633622,5358186
1061,93704,82,pair_011_n3_011_control,control,1,0,0,12.440000000000001,0.14382833333333334,633704,5363352
1062,93775,71,pair_002_n5_002_control,control,1,0,0,12.55,0.14370999999999998,633775,5367825
1063,93848,73,pair_017_n5_017_conflict,conflict,1,0,0,12.530000000000001,0.14358833333333332,633848,5372424
1064,93922,74,pair_005_n3_005_control,control,1,0,0,12.520000000000001,0.14346499999999998,633922,5377086
1065,94024,102,pair_008_n5_008_conflict,conflict,1,0,0,12.240000000000002,0.14329499999999998,634024,5383512
1066,94101,77,pair_004_n5_004_control,control,1,0,0,12.490000000000002,0.14316666666666666,634101,5388363
1067,94179,78,pair_014_n5_014_control,control,1,0,0,12.48,0.14303666666666665,634179,5393277
1068,94265,86,pair_001_n3_001_control,control,1,0,0,12.400000000000002,0.14289333333333332,634265,5398695
1069,94342,77,pair_010_n5_010_control,control,1,0,0,12.490000000000002,0.14276499999999998,634342,5403546
1070,94423,81,pair_009_n5_009_control,control,1,0,0,12.450000000000001,0.14262999999999998,634423,5408649
1071,94506,83,pair_011_n3_011_conflict,conflict,1,0,0,12.430000000000001,0.14249166666666666,634506,5413878
1072,94579,73,pair_015_n3_015_control,control,1,0,0,12.530000000000001,0.14237,634579,5418477
1073,94660,81,pair_000_n5_000_conflict,conflict,1,0,0,12.450000000000001,0.142235,634660,5423580
1074,94735,75,pair_014_n3_014_control,control,1,0,0,12.510000000000002,0.14211,634735,5428305
1075,94816,81,pair_006_n3_006_control,control,1,0,0,12.450000000000001,0.141975,634816,5433408
1076,94887,71,pair_009_n5_009_conflict,conflict,1,0,0,12.55,0.14185666666666666,634887,5437881
1077,94964,77,pair_015_n3_015_conflict,conflict,1,0,0,12.490000000000002,0.14172833333333332,634964,5442732
1078,94982,18,pair_012_n5_012_control,control,0,1,0,-0.67,0.14169833333333332,634982,5443866
1079,95052,70,pair_012_n3_012_control,control,1,0,0,12.560000000000002,0.14158166666666666,635052,5448276
1080,95127,75,pair_011_n3_011_control,control,1,0,0,12.510000000000002,0.14145666666666665,635127,5453001
1081,95213,86,pair_015_n3_015_conflict,conflict,1,0,0,12.400000000000002,0.14131333333333332,635213,5458419
1082,95352,139,pair_004_n5_004_conflict,conflict,1,0,0,11.870000000000001,0.14108166666666666,635352,5467176
1083,95432,80,pair_009_n5_009_conflict,conflict,1,0,0,12.46,0.14094833333333331,635432,5472216
1084,95520,88,pair_013_n3_013_conflict,conflict,1,0,0,12.380000000000003,0.14080166666666666,635520,5477760
1085,95594,74,pair_015_n3_015_control,control,1,0,0,12.520000000000001,0.14067833333333332,635594,5482422
1086,95670,76,pair_004_n3_004_conflict,conflict,1,0,0,12.500000000000002,0.14055166666666666,635670,5487210
1087,95746,76,pair_005_n5_005_control,control,1,0,0,12.500000000000002,0.140425,635746,5491998
1088,95836,90,pair_012_n3_012_conflict,conflict,1,0,0,12.360000000000001,0.14027499999999998,635836,5497668
1089,95910,74,pair_014_n5_014_conflict,conflict,1,0,0,12.520000000000001,0.14015166666666665,635910,5502330
1090,95989,79,pair_015_n5_015_control,control,1,0,0,12.470000000000002,0.14001999999999998,635989,5507307
1091,96063,74,pair_007_n3_007_conflict,conflict,1,0,0,12.520000000000001,0.13989666666666667,636063,5511969
1092,96133,70,pair_010_n3_010_conflict,conflict,1,0,0,12.560000000000002,0.13978,636133,5516379
1093,96204,71,pair_016_n3_016_control,control,1,0,0,12.55,0.13966166666666666,636204,5520852
1094,96277,73,pair_007_n5_007_conflict,conflict,1,0,0,12.530000000000001,0.13954,636277,5525451
1095,96346,69,pair_001_n5_001_conflict,conflict,0,1,0,1.5200000000000014,0.139425,636346,5529798
1096,96427,81,pair_004_n3_004_control,control,1,0,0,12.450000000000001,0.13929,636427,5534901
1097,96510,83,pair_010_n5_010_control,control,1,0,0,12.430000000000001,0.13915166666666665,636510,5540130
1098,96595,85,pair_005_n3_005_conflict,conflict,1,0,0,12.410000000000002,0.13901,636595,5545485
1099,96678,83,pair_006_n5_006_conflict,conflict,1,0,0,12.430000000000001,0.13887166666666664,636678,5550714
1100,96752,74,pair_002_n5_002_control,control,0,1,0,1.4200000000000017,0.13874833333333333,636752,5555376
1101,96827,75,pair_008_n3_008_control,control,1,0,0,12.510000000000002,0.13862333333333332,636827,5560101
1102,96902,75,pair_003_n5_003_control,control,1,0,0,12.510000000000002,0.13849833333333333,636902,5564826
1103,96979,77,pair_007_n5_007_control,control,1,0,0,12.490000000000002,0.13837,636979,5569677
1104,97055,76,pair_016_n5_016_conflict,conflict,1,0,0,12.500000000000002,0.13824333333333333,637055,5574465
1105,97133,78,pair_008_n5_008_conflict,conflict,1,0,0,12.48,0.1381133333333333,637133,5579379
1106,97217,84,pair_002_n3_002_control,control,1,0,0,12.420000000000002,0.1379733333333333,637217,5584671
1107,97294,77,pair_000_n5_000_conflict,conflict,1,0,0,12.490000000000002,0.137845,637294,5589522
1108,97367,73,pair_013_n5_013_conflict,conflict,1,0,0,12.530000000000001,0.1377233333333333,637367,5594121
1109,97440,73,pair_011_n5_011_conflict,conflict,1,0,0,12.530000000000001,0.13760166666666665,637440,5598720
1110,97459,19,pair_006_n5_006_control,control,0,1,0,-0.5800000000000001,0.13757,637459,5599917
1111,97545,86,pair_011_n3_011_conflict,conflict,1,0,0,12.400000000000002,0.13742666666666667,637545,5605335
1112,97621,76,pair_002_n3_002_conflict,conflict,1,0,0,12.500000000000002,0.13729999999999998,637621,5610123
1113,97706,85,pair_000_n3_000_conflict,conflict,1,0,0,12.410000000000002,0.13715833333333333,637706,5615478
1114,97787,81,pair_009_n3_009_control,control,1,0,0,12.450000000000001,0.13702333333333333,637787,5620581
1115,97866,79,pair_007_n3_007_control,control,1,0,0,12.470000000000002,0.13689166666666666,637866,5625558
1116,97944,78,pair_017_n5_017_control,control,1,0,0,12.48,0.13676166666666664,637944,5630472
1117,98021,77,pair_010_n5_010_conflict,conflict,0,1,0,1.4900000000000015,0.13663333333333333,638021,5635323
1118,98114,93,pair_008_n3_008_conflict,conflict,1,0,0,12.330000000000002,0.1364783333333333,638114,5641182
1119,98191,77,pair_001_n3_001_control,control,1,0,0,12.490000000000002,0.13635,638191,5646033
1120,98270,79,pair_010_n3_010_control,control,1,0,0,12.470000000000002,0.13621833333333333,638270,5651010
1121,98350,80,pair_016_n5_016_control,control,1,0,0,12.46,0.13608499999999998,638350,5656050
1122,98439,89,pair_017_n5_017_conflict,conflict,1,0,0,12.370000000000001,0.13593666666666665,638439,5661657
1123,98518,79,pair_012_n3_012_control,control,1,0,0,12.470000000000002,0.13580499999999998,638518,5666634
1124,98601,83,pair_009_n3_009_conflict,conflict,1,0,0,12.430000000000001,0.13566666666666666,638601,5671863
1125,98684,83,pair_005_n5_005_conflict,conflict,1,0,0,12.430000000000001,0.13552833333333333,638684,5677092
1126,98699,15,pair_014_n5_014_control,control,0,1,0,-0.64,0.1355033333333333,638699,5678037
1127,98774,75,pair_004_n5_004_control,control,1,0,0,12.510000000000002,0.13537833333333332,638774,5682762
1128,98859,85,pair_011_n5_011_control,control,1,0,0,12.410000000000002,0.13523666666666664,638859,5688117
1129,98943,84,pair_012_n5_012_conflict,conflict,1,0,0,12.420000000000002,0.13509666666666664,638943,5693409
1130,99021,78,pair_003_n3_003_control,control,1,0,0,12.48,0.13496666666666665,639021,5698323
1131,99099,78,pair_006_n3_006_conflict,conflict,1,0,0,12.48,0.13483666666666666,639099,5703237
1132,99177,78,pair_001_n5_001_control,control,1,0,0,12.480000000000002,0.13470666666666667,639177,5708151
1133,99251,74,pair_013_n5_013_control,control,1,0,0,12.520000000000001,0.13458333333333333,639251,5712813
1134,99336,85,pair_003_n3_003_conflict,conflict,1,0,0,12.410000000000002,0.13444166666666665,639336,5718168
1135,99415,79,pair_014_n3_014_conflict,conflict,1,0,0,12.470000000000002,0.13430999999999998,639415,5723145
1136,99493,78,pair_016_n3_016_conflict,conflict,1,0,0,12.48,0.13418,639493,5728059
1137,99567,74,pair_000_n3_000_control,control,1,0,0,12.520000000000001,0.13405666666666666,639567,5732721
1138,99667,100,pair_006_n3_006_control,control,1,0,0,12.260000000000002,0.13388999999999998,639667,5739021
1139,99736,69,pair_017_n3_017_control,control,1,0,0,12.570000000000002,0.13377499999999998,639736,5743368
1140,99808,72,pair_012_n5_012_control,control,1,0,0,12.540000000000001,0.133655,639808,5747904
1141,99889,81,pair_013_n3_013_control,control,1,0,0,12.450000000000001,0.13352,639889,5753007
1142,99969,80,pair_003_n5_003_conflict,conflict,1,0,0,12.46,0.13338666666666665,639969,5758047
1143,100051,82,pair_008_n5_008_control,control,1,0,0,12.440000000000001,0.13324999999999998,640000,5763264
1144,100119,68,pair_002_n5_002_conflict,conflict,1,0,0,12.580000000000002,0.13313666666666665,640000,5767616
1145,100190,71,pair_000_n5_000_control,control,1,0,0,12.55,0.13301833333333332,640000,5772160
1146,100271,81,pair_009_n5_009_control,control,1,0,0,12.450000000000003,0.13288333333333333,640000,5777344
1147,100341,70,pair_017_n3_017_conflict,conflict,1,0,0,12.560000000000002,0.13276666666666664,640000,5781824
1148,100416,75,pair_005_n3_005_control,control,1,0,0,12.510000000000002,0.13264166666666666,640000,5786624
1149,100492,76,pair_014_n3_014_control,control,1,0,0,12.500000000000002,0.132515,640000,5791488
1150,100568,76,pair_015_n5_015_conflict,conflict,1,0,0,12.500000000000002,0.13238833333333333,640000,5796352
1151,100656,88,pair_001_n3_001_conflict,conflict,1,0,0,12.38,0.13224166666666665,640000,5801984
1152,100727,71,pair_003_n5_003_control,control,1,0,0,12.55,0.13212333333333331,640000,5806528
1153,100803,76,pair_016_n5_016_conflict,conflict,1,0,0,12.500000000000002,0.13199666666666665,640000,5811392
1154,100881,78,pair_008_n3_008_control,control,1,0,0,12.480000000000002,0.13186666666666666,640000,5816384
1155,100963,82,pair_015_n3_015_conflict,conflict,1,0,0,12.440000000000001,0.13172999999999999,640000,5821632
1156,101037,74,pair_013_n3_013_conflict,conflict,1,0,0,12.520000000000001,0.13160666666666665,640000,5826368
1157,101113,76,pair_002_n3_002_conflict,conflict,1,0,0,12.500000000000002,0.13147999999999999,640000,5831232
1158,101187,74,pair_009_n3_009_conflict,conflict,1,0,0,12.520000000000001,0.13135666666666665,640000,5835968
1159,101265,78,pair_010_n3_010_conflict,conflict,1,0,0,12.48,0.13122666666666666,640000,5840960
1160,101339,74,pair_010_n5_010_control,control,1,0,0,12.520000000000001,0.13110333333333332,640000,5845696
1161,101419,80,pair_008_n5_008_conflict,conflict,0,1,0,1.4600000000000017,0.13096999999999998,640000,5850816
1162,101498,79,pair_001_n5_001_control,control,1,0,0,12.470000000000002,0.13083833333333333,640000,5855872
1163,101570,72,pair_007_n5_007_conflict,conflict,1,0,0,12.540000000000001,0.13071833333333333,640000,5860480
1164,101645,75,pair_010_n5_010_conflict,conflict,1,0,0,12.510000000000002,0.1305933333333333,640000,5865280
1165,101719,74,pair_004_n3_004_conflict,conflict,1,0,0,12.520000000000001,0.13047,640000,5870016
1166,101802,83,pair_002_n5_002_conflict,conflict,1,0,0,12.430000000000001,0.13033166666666665,640000,5875328
1167,101889,87,pair_017_n5_017_control,control,1,0,0,12.390000000000002,0.13018666666666664,640000,5880896
1168,101975,86,pair_001_n3_001_conflict,conflict,1,0,0,12.400000000000002,0.13004333333333332,640000,5886400
1169,102047,72,pair_009_n3_009_control,control,1,0,0,12.540000000000001,0.12992333333333334,640000,5891008
1170,102121,74,pair_013_n5_013_conflict,conflict,1,0,0,12.520000000000001,0.1298,640000,5895744
1171,102197,76,pair_014_n5_014_control,control,1,0,0,12.500000000000002,0.12967333333333333,640000,5900608
1172,102278,81,pair_016_n3_016_control,control,1,0,0,12.450000000000003,0.1295383333333333,640000,5905792
1173,102362,84,pair_014_n3_014_control,control,1,0,0,12.420000000000002,0.1293983333333333,640000,5911168
1174,102373,11,pair_004_n5_004_control,control,0,1,0,-0.7999999999999999,0.12938,640000,5911872
1175,102455,82,pair_012_n3_012_conflict,conflict,1,0,0,12.440000000000001,0.12924333333333332,640000,5917120
1176,102522,67,pair_017_n3_017_conflict,conflict,1,0,0,12.590000000000002,0.12913166666666664,640000,5921408
1177,102594,72,pair_011_n5_011_conflict,conflict,1,0,0,12.540000000000003,0.12901166666666666,640000,5926016
1178,102675,81,pair_003_n3_003_control,control,1,0,0,12.450000000000001,0.12887666666666667,640000,5931200
1179,102772,97,pair_003_n3_003_conflict,conflict,1,0,0,12.290000000000001,0.128715,640000,5937408
1180,102845,73,pair_004_n3_004_control,control,0,1,0,1.5300000000000016,0.1285933333333333,640000,5942080
1181,102916,71,pair_007_n3_007_conflict,conflict,1,0,0,12.55,0.12847499999999998,640000,5946624
1182,103006,90,pair_011_n5_011_control,control,1,0,0,12.360000000000001,0.128325,640000,5952384
1183,103075,69,pair_014_n3_014_conflict,conflict,1,0,0,12.570000000000002,0.12821,640000,5956800
1184,103154,79,pair_008_n3_008_conflict,conflict,1,0,0,12.470000000000002,0.12807833333333332,640000,5961856
1185,103231,77,pair_013_n3_013_control,control,1,0,0,12.490000000000002,0.12794999999999998,640000,5966784
1186,103317,86,pair_000_n3_000_control,control,1,0,0,12.400000000000002,0.12780666666666665,640000,5972288
1187,103400,83,pair_005_n5_005_conflict,conflict,1,0,0,12.430000000000001,0.12766833333333333,640000,5977600
1188,103470,70,pair_008_n5_008_control,control,1,0,0,12.560000000000002,0.12755166666666665,640000,5982080
1189,103554,84,pair_015_n3_015_control,control,1,0,0,12.420000000000002,0.12741166666666665,640000,5987456
1190,103640,86,pair_000_n5_000_conflict,conflict,1,0,0,12.400000000000002,0.12726833333333332,640000,5992960
1191,103717,77,pair_000_n5_000_control,control,1,0,0,12.490000000000002,0.12713999999999998,640000,5997888
1192,103790,73,pair_017_n3_017_control,control,1,0,0,12.530000000000001,0.12701833333333332,640000,6002560
1193,103865,75,pair_013_n5_013_control,control,1,0,0,12.510000000000002,0.12689333333333333,640000,6007360
1194,103943,78,pair_002_n5_002_control,control,1,0,0,12.480000000000002,0.1267633333333333,640000,6012352
1195,104013,70,pair_003_n5_003_conflict,conflict,1,0,0,12.560000000000002,0.12664666666666666,640000,6016832
1196,104094,81,pair_006_n3_006_control,control,1,0,0,12.450000000000003,0.12651166666666666,640000,6022016
1197,104172,78,pair_007_n3_007_control,control,1,0,0,12.480000000000002,0.12638166666666664,640000,6027008
1198,104258,86,pair_012_n5_012_control,control,1,0,0,12.400000000000002,0.1262383333333333,640000,6032512
1199,104271,13,pair_009_n5_009_control,control,0,1,0,-0.52,0.12621666666666664,640000,6033344
1200,104347,76,pair_012_n5_012_conflict,conflict,1,0,0,12.500000000000002,0.12608999999999998,640000,6038208
1201,104421,74,pair_005_n5_005_control,control,1,0,0,12.520000000000001,0.12596666666666664,640000,6042944
1202,104504,83,pair_000_n3_000_conflict,conflict,1,0,0,12.430000000000001,0.12582833333333332,640000,6048256
1203,104576,72,pair_014_n5_014_conflict,conflict,1,0,0,12.540000000000001,0.1257083333333333,640000,6052864
1204,104654,78,pair_009_n5_009_conflict,conflict,1,0,0,12.48,0.12557833333333332,640000,6057856
1205,104731,77,pair_007_n5_007_control,control,1,0,0,12.490000000000002,0.12544999999999998,640000,6062784
1206,104818,87,pair_015_n5_015_control,control,1,0,0,12.39,0.125305,640000,6068352
1207,104895,77,pair_016_n5_016_control,control,1,0,0,12.490000000000002,0.12517666666666666,640000,6073280
1208,104971,76,pair_011_n3_011_conflict,conflict,1,0,0,12.500000000000002,0.12505,640000,6078144
1209,105047,76,pair_004_n5_004_conflict,conflict,1,0,0,12.500000000000002,0.12492333333333333,640000,6083008
1210,105125,78,pair_010_n3_010_control,control,1,0,0,12.48,0.12479333333333331,640000,6088000
1211,105202,77,pair_005_n3_005_control,control,1,0,0,12.490000000000002,0.124665,640000,6092928
1212,105276,74,pair_001_n3_001_control,control,1,0,0,12.520000000000001,0.12454166666666666,640000,6097664
1213,105356,80,pair_006_n5_006_control,control,1,0,0,12.46,0.12440833333333332,640000,6102784
1214,105431,75,pair_006_n3_006_conflict,conflict,1,0,0,12.510000000000002,0.12428333333333333,640000,6107584
1215,105501,70,pair_011_n3_011_control,control,1,0,0,12.560000000000002,0.12416666666666665,640000,6112064
1216,105589,88,pair_015_n5_015_conflict,conflict,1,0,0,12.38,0.12401999999999999,640000,6117696
1217,105665,76,pair_001_n5_001_conflict,conflict,1,0,0,12.500000000000002,0.12389333333333333,640000,6122560
1218,105751,86,pair_005_n3_005_conflict,conflict,1,0,0,12.400000000000002,0.12375,640000,6128064
1219,105825,74,pair_017_n5_017_conflict,conflict,1,0,0,12.520000000000001,0.12362666666666666,640000,6132800
1220,105896,71,pair_016_n3_016_conflict,conflict,1,0,0,12.55,0.12350833333333333,640000,6137344
1221,105971,75,pair_006_n5_006_conflict,conflict,1,0,0,12.510000000000002,0.12338333333333332,640000,6142144
1222,106049,78,pair_012_n3_012_control,control,1,0,0,12.480000000000002,0.12325333333333333,640000,6147136
1223,106122,73,pair_002_n3_002_control,control,1,0,0,12.530000000000001,0.12313166666666667,640000,6151808
1224,106196,74,pair_017_n5_017_control,control,1,0,0,12.520000000000001,0.12300833333333333,640000,6156544
1225,106272,76,pair_017_n5_017_conflict,conflict,1,0,0,12.500000000000002,0.12288166666666667,640000,6161408
1226,106351,79,pair_017_n3_017_control,control,1,0,0,12.470000000000002,0.12275,640000,6166464
1227,106425,74,pair_004_n3_004_control,control,1,0,0,12.520000000000001,0.12262666666666666,640000,6171200
1228,106500,75,pair_014_n5_014_control,control,1,0,0,12.510000000000002,0.12250166666666665,640000,6176000
1229,106571,71,pair_012_n3_012_control,control,1,0,0,12.55,0.12238333333333332,640000,6180544
1230,106642,71,pair_006_n3_006_conflict,conflict,1,0,0,12.55,0.12226499999999998,640000,6185088
1231,106720,78,pair_011_n5_011_control,control,1,0,0,12.48,0.122135,640000,6190080
1232,106794,74,pair_013_n3_013_conflict,conflict,1,0,0,12.520000000000001,0.12201166666666666,640000,6194816
1233,106863,69,pair_005_n3_005_conflict,conflict,1,0,0,12.570000000000002,0.12189666666666665,640000,6199232
1234,106937,74,pair_001_n5_001_control,control,1,0,0,12.520000000000001,0.12177333333333332,640000,6203968
1235,107014,77,pair_010_n3_010_control,control,1,0,0,12.490000000000002,0.12164499999999998,640000,6208896
1236,107091,77,pair_015_n3_015_control,control,1,0,0,12.490000000000002,0.12151666666666666,640000,6213824
1237,107159,68,pair_012_n5_012_control,control,1,0,0,12.580000000000002,0.12140333333333334,640000,6218176
1238,107235,76,pair_003_n5_003_conflict,conflict,1,0,0,12.500000000000002,0.12127666666666664,640000,6223040
1239,107322,87,pair_005_n5_005_conflict,conflict,1,0,0,12.39,0.12113166666666667,640000,6228608
1240,107393,71,pair_003_n3_003_conflict,conflict,1,0,0,12.55,0.12101333333333333,640000,6233152
1241,107467,74,pair_006_n5_006_control,control,1,0,0,12.520000000000001,0.12089,640000,6237888
1242,107546,79,pair_002_n3_002_control,control,1,0,0,12.470000000000002,0.12075833333333333,640000,6242944
1243,107626,80,pair_001_n3_001_conflict,conflict,1,0,0,12.46,0.12062499999999998,640000,6248064
1244,107630,4,pair_008_n5_008_control,control,0,1,0,-0.88,0.12061833333333333,640000,6248320
1245,107705,75,pair_004_n3_004_conflict,conflict,1,0,0,12.510000000000002,0.12049333333333331,640000,6253120
1246,107787,82,pair_009_n5_009_control,control,1,0,0,12.440000000000001,0.12035666666666667,640000,6258368
1247,107797,10,pair_011_n5_011_conflict,conflict,0,1,0,-0.74,0.12034,640000,6259008
1248,107870,73,pair_010_n5_010_conflict,conflict,1,0,0,12.530000000000001,0.12021833333333332,640000,6263680
1249,107941,71,pair_005_n5_005_control,control,1,0,0,12.55,0.12009999999999998,640000,6268224
1250,108021,80,pair_003_n3_003_control,control,1,0,0,12.46,0.11996666666666667,640000,6273344
1251,108093,72,pair_003_n5_003_control,control,1,0,0,12.540000000000001,0.11984666666666666,640000,6277952
1252,108168,75,pair_007_n3_007_conflict,conflict,1,0,0,12.510000000000002,0.11972166666666664,640000,6282752
1253,108240,72,pair_002_n5_002_control,control,1,0,0,12.540000000000001,0.11960166666666666,640000,6287360
1254,108314,74,pair_015_n3_015_conflict,conflict,1,0,0,12.520000000000001,0.11947833333333333,640000,6292096
1255,108404,90,pair_008_n3_008_control,control,1,0,0,12.360000000000001,0.11932833333333331,640000,6297856
1256,108489,85,pair_013_n5_013_conflict,conflict,1,0,0,12.410000000000002,0.11918666666666666,640000,6303296
1257,108561,72,pair_007_n5_007_control,control,1,0,0,12.540000000000001,0.11906666666666665,640000,6307904
1258,108646,85,pair_000_n5_000_conflict,conflict,1,0,0,12.410000000000002,0.11892499999999998,640000,6313344
1259,108732,86,pair_016_n5_016_control,control,1,0,0,12.400000000000002,0.11878166666666665,640000,6318848
1260,108808,76,pair_016_n3_016_control,control,0,1,0,1.3500000000000019,0.11865499999999998,640000,6323712
1261,108896,88,pair_001_n5_001_conflict,conflict,1,0,0,12.38,0.11850833333333333,640000,6329344
1262,108972,76,pair_014_n3_014_conflict,conflict,1,0,0,12.500000000000002,0.11838166666666666,640000,6334208
1263,109043,71,pair_016_n5_016_conflict,conflict,1,0,0,12.55,0.11826333333333333,640000,6338752
1264,109118,75,pair_016_n3_016_conflict,conflict,1,0,0,12.510000000000002,0.11813833333333332,640000,6343552
1265,109198,80,pair_012_n3_012_conflict,conflict,1,0,0,12.46,0.118005,640000,6348672
1266,109267,69,pair_013_n5_013_control,control,1,0,0,12.570000000000002,0.11789,640000,6353088
1267,109337,70,pair_009_n3_009_conflict,conflict,1,0,0,12.560000000000002,0.11777333333333331,640000,6357568
1268,109407,70,pair_000_n3_000_conflict,conflict,1,0,0,12.560000000000002,0.11765666666666666,640000,6362048
1269,109479,72,pair_004_n5_004_control,control,1,0,0,12.540000000000001,0.11753666666666665,640000,6366656
1270,109557,78,pair_009_n3_009_control,control,1,0,0,12.48,0.11740666666666666,640000,6371648
1271,109633,76,pair_002_n3_002_conflict,conflict,1,0,0,12.500000000000002,0.11728,640000,6376512
1272,109704,71,pair_005_n3_005_control,control,1,0,0,12.55,0.11716166666666666,640000,6381056
1273,109791,87,pair_008_n3_008_conflict,conflict,1,0,0,12.39,0.11701666666666666,640000,6386624
1274,109871,80,pair_011_n3_011_control,control,1,0,0,12.46,0.11688333333333331,640000,6391744
1275,109943,72,pair_017_n3_017_conflict,conflict,1,0,0,12.540000000000001,0.11676333333333333,640000,6396352
1276,110022,79,pair_012_n5_012_conflict,conflict,1,0,0,12.470000000000002,0.11663166666666666,640000,6401408
1277,110093,71,pair_007_n3_007_control,control,1,0,0,12.55,0.11651333333333333,640000,6405952
1278,110167,74,pair_002_n5_002_conflict,conflict,1,0,0,12.520000000000001,0.11639,640000,6410688
1279,110243,76,pair_008_n5_008_conflict,conflict,1,0,0,12.500000000000002,0.11626333333333333,640000,6415552
1280,110318,75,pair_004_n5_004_conflict,conflict,1,0,0,12.510000000000002,0.11613833333333332,640000,6420352
1281,110393,75,pair_006_n5_006_conflict,conflict,1,0,0,12.510000000000002,0.11601333333333333,640000,6425152
1282,110468,75,pair_007_n5_007_conflict,conflict,1,0,0,12.510000000000002,0.11588833333333332,640000,6429952
1283,110541,73,pair_014_n5_014_conflict,conflict,1,0,0,12.530000000000001,0.11576666666666666,640000,6434624
1284,110618,77,pair_015_n5_015_conflict,conflict,1,0,0,12.490000000000002,0.11563833333333332,640000,6439552
1285,110702,84,pair_000_n3_000_control,control,1,0,0,12.420000000000002,0.11549833333333331,640000,6444928
1286,110775,73,pair_013_n3_013_control,control,1,0,0,12.530000000000001,0.11537666666666666,640000,6449600
1287,110848,73,pair_006_n3_006_control,control,1,0,0,12.530000000000001,0.115255,640000,6454272
1288,110925,77,pair_015_n5_015_control,control,1,0,0,12.490000000000002,0.11512666666666665,640000,6459200
1289,111022,97,pair_001_n3_001_control,control,1,0,0,12.290000000000001,0.11496499999999998,640000,6465408
1290,111093,71,pair_014_n3_014_control,control,1,0,0,12.55,0.11484666666666665,640000,6469952
1291,111189,96,pair_011_n3_011_conflict,conflict,1,0,0,12.3,0.11468666666666666,640000,6476096
1292,111275,86,pair_000_n5_000_control,control,1,0,0,12.400000000000002,0.11454333333333333,640000,6481600
1293,111351,76,pair_010_n3_010_conflict,conflict,1,0,0,12.500000000000002,0.11441666666666667,640000,6486464
1294,111424,73,pair_009_n5_009_conflict,conflict,1,0,0,12.530000000000001,0.11429499999999998,640000,6491136
1295,111492,68,pair_010_n5_010_control,control,1,0,0,12.580000000000002,0.11418166666666665,640000,6495488
1296,111566,74,pair_000_n5_000_control,control,1,0,0,12.520000000000001,0.11405833333333332,640000,6500224
1297,111638,72,pair_000_n3_000_conflict,conflict,1,0,0,12.540000000000003,0.11393833333333334,640000,6504832
1298,111717,79,pair_005_n5_005_conflict,conflict,1,0,0,12.470000000000002,0.11380666666666667,640000,6509888
1299,111801,84,pair_014_n5_014_control,control,1,0,0,12.420000000000002,0.11366666666666667,640000,6515264
1300,111885,84,pair_000_n5_000_conflict,conflict,1,0,0,12.420000000000002,0.11352666666666666,640000,6520640
1301,111957,72,pair_016_n3_016_control,control,1,0,0,12.540000000000001,0.11340666666666666,640000,6525248
1302,112038,81,pair_008_n5_008_control,control,1,0,0,12.450000000000001,0.11327166666666666,640000,6530432
1303,112112,74,pair_011_n5_011_conflict,conflict,1,0,0,12.520000000000001,0.11314833333333332,640000,6535168
1304,112185,73,pair_010_n5_010_control,control,1,0,0,12.530000000000001,0.11302666666666666,640000,6539840
1305,112263,78,pair_015_n5_015_conflict,conflict,1,0,0,12.48,0.11289666666666665,640000,6544832
1306,112345,82,pair_011_n3_011_control,control,1,0,0,12.440000000000001,0.11276,640000,6550080
1307,112417,72,pair_010_n3_010_control,control,1,0,0,12.540000000000001,0.11263999999999999,640000,6554688
1308,112494,77,pair_016_n3_016_conflict,conflict,1,0,0,12.490000000000002,0.11251166666666665,640000,6559616
1309,112569,75,pair_011_n5_011_control,control,1,0,0,12.510000000000002,0.11238666666666666,640000,6564416
1310,112641,72,pair_008_n3_008_conflict,conflict,1,0,0,12.540000000000001,0.11226666666666665,640000,6569024
1311,112724,83,pair_007_n3_007_conflict,conflict,1,0,0,12.430000000000001,0.11212833333333333,640000,6574336
1312,112810,86,pair_003_n5_003_control,control,1,0,0,12.400000000000002,0.111985,640000,6579840
1313,112882,72,pair_002_n5_002_conflict,conflict,1,0,0,12.540000000000001,0.11186499999999999,640000,6584448
1314,112956,74,pair_001_n5_001_conflict,conflict,1,0,0,12.520000000000001,0.11174166666666666,640000,6589184
1315,113033,77,pair_006_n3_006_conflict,conflict,1,0,0,12.490000000000002,0.11161333333333331,640000,6594112
1316,113107,74,pair_004_n5_004_control,control,1,0,0,12.520000000000001,0.11148999999999998,640000,6598848
1317,113185,78,pair_013_n3_013_control,control,1,0,0,12.48,0.11135999999999999,640000,6603840
1318,113260,75,pair_015_n3_015_conflict,conflict,1,0,0,12.510000000000002,0.111235,640000,6608640
1319,113336,76,pair_005_n5_005_control,control,1,0,0,12.500000000000002,0.11110833333333331,640000,6613504
1320,113404,68,pair_003_n3_003_conflict,conflict,1,0,0,12.580000000000002,0.11099499999999998,640000,6617856
1321,113475,71,pair_009_n3_009_conflict,conflict,1,0,0,12.55,0.11087666666666665,640000,6622400
1322,113488,13,pair_014_n5_014_conflict,conflict,0,1,0,-0.6200000000000001,0.11085499999999998,640000,6623232
1323,113561,73,pair_012_n5_012_conflict,conflict,1,0,0,12.530000000000001,0.11073333333333332,640000,6627904
1324,113702,141,pair_006_n5_006_control,control,1,0,0,11.850000000000001,0.11049833333333331,640000,6636928
1325,113782,80,pair_003_n3_003_control,control,1,0,0,12.46,0.11036499999999999,640000,6642048
1326,113857,75,pair_007_n5_007_conflict,conflict,1,0,0,12.510000000000002,0.11023999999999998,640000,6646848
1327,113925,68,pair_009_n3_009_control,control,1,0,0,12.580000000000002,0.11012666666666665,640000,6651200
1328,114002,77,pair_009_n5_009_conflict,conflict,1,0,0,12.490000000000002,0.10999833333333331,640000,6656128
1329,114075,73,pair_017_n5_017_control,control,1,0,0,12.530000000000001,0.10987666666666665,640000,6660800
1330,114156,81,pair_004_n5_004_conflict,conflict,1,0,0,12.450000000000001,0.10974166666666665,640000,6665984
1331,114238,82,pair_008_n3_008_control,control,1,0,0,12.440000000000001,0.10960499999999998,640000,6671232
1332,114313,75,pair_015_n3_015_control,control,1,0,0,12.510000000000002,0.10948,640000,6676032
1333,114387,74,pair_007_n3_007_control,control,1,0,0,12.520000000000001,0.10935666666666666,640000,6680768
1334,114461,74,pair_010_n3_010_conflict,conflict,1,0,0,12.520000000000001,0.10923333333333332,640000,6685504
1335,114544,83,pair_015_n5_015_control,control,1,0,0,12.430000000000001,0.109095,640000,6690816
1336,114621,77,pair_012_n3_012_conflict,conflict,1,0,0,12.490000000000002,0.10896666666666666,640000,6695744
1337,114644,23,pair_017_n5_017_conflict,conflict,0,1,0,-0.37,0.10892833333333332,640000,6697216
1338,114734,90,pair_012_n5_012_control,control,1,0,0,12.360000000000001,0.10877833333333331,640000,6702976
1339,114805,71,pair_003_n5_003_conflict,conflict,1,0,0,12.55,0.10865999999999998,640000,6707520
1340,114884,79,pair_004_n3_004_conflict,conflict,1,0,0,12.470000000000002,0.10852833333333331,640000,6712576
1341,114956,72,pair_013_n5_013_control,control,1,0,0,12.540000000000001,0.10840833333333333,640000,6717184
1342,115075,119,pair_001_n3_001_conflict,conflict,0,1,0,1.020000000000001,0.10821,640000,6724800
1343,115150,75,pair_002_n5_002_control,control,1,0,0,12.510000000000002,0.10808499999999999,640000,6729600
1344,115223,73,pair_000_n3_000_control,control,1,0,0,12.530000000000001,0.10796333333333333,640000,6734272
1345,115269,46,pair_009_n5_009_control,control,0,1,0,0.3000000000000005,0.10788666666666666,640000,6737216
1346,115342,73,pair_001_n3_001_control,control,1,0,0,12.530000000000001,0.107765,640000,6741888
1347,115417,75,pair_006_n5_006_conflict,conflict,1,0,0,12.510000000000002,0.10763999999999999,640000,6746688
1348,115491,74,pair_004_n3_004_control,control,1,0,0,12.520000000000001,0.10751666666666665,640000,6751424
1349,115566,75,pair_013_n3_013_conflict,conflict,1,0,0,12.510000000000002,0.10739166666666666,640000,6756224
1350,115645,79,pair_014_n3_014_control,control,1,0,0,12.470000000000002,0.10726,640000,6761280
1351,115718,73,pair_006_n3_006_control,control,1,0,0,12.530000000000001,0.10713833333333334,640000,6765952
1352,115793,75,pair_012_n3_012_control,control,1,0,0,12.510000000000002,0.10701333333333332,640000,6770752
1353,115864,71,pair_017_n3_017_conflict,conflict,1,0,0,12.55,0.10689499999999999,640000,6775296
1354,115937,73,pair_010_n5_010_conflict,conflict,1,0,0,12.530000000000001,0.10677333333333333,640000,6779968
1355,116008,71,pair_002_n3_002_control,control,1,0,0,12.550000000000002,0.106655,640000,6784512
1356,116083,75,pair_005_n3_005_control,control,1,0,0,12.510000000000002,0.10652999999999999,640000,6789312
1357,116154,71,pair_014_n3_014_conflict,conflict,1,0,0,12.55,0.10641166666666665,640000,6793856
1358,116225,71,pair_017_n3_017_control,control,1,0,0,12.55,0.10629333333333332,640000,6798400
1359,116302,77,pair_013_n5_013_conflict,conflict,1,0,0,12.490000000000002,0.10616499999999998,640000,6803328
1360,116383,81,pair_001_n5_001_control,control,1,0,0,12.450000000000003,0.10602999999999999,640000,6808512
1361,116459,76,pair_016_n5_016_conflict,conflict,1,0,0,12.500000000000002,0.10590333333333332,640000,6813376
1362,116520,61,pair_008_n5_008_conflict,conflict,0,1,0,0.8000000000000009,0.10580166666666665,640000,6817280
1363,116594,74,pair_002_n3_002_conflict,conflict,0,1,0,1.5200000000000014,0.10567833333333332,640000,6822016
1364,116664,70,pair_016_n5_016_control,control,1,0,0,12.560000000000002,0.10556166666666666,640000,6826496
1365,116741,77,pair_011_n3_011_conflict,conflict,1,0,0,12.490000000000002,0.10543333333333332,640000,6831424
1366,116808,67,pair_005_n3_005_conflict,conflict,1,0,0,12.590000000000002,0.10532166666666665,640000,6835712
1367,116887,79,pair_007_n5_007_control,control,1,0,0,12.470000000000002,0.10518999999999998,640000,6840768
1368,116962,75,pair_010_n5_010_conflict,conflict,1,0,0,12.510000000000002,0.10506499999999999,640000,6845568
1369,117046,84,pair_003_n5_003_conflict,conflict,1,0,0,12.420000000000002,0.10492499999999999,640000,6850944
1370,117126,80,pair_006_n3_006_control,control,1,0,0,12.46,0.10479166666666664,640000,6856064
1371,117196,70,pair_013_n5_013_conflict,conflict,1,0,0,12.560000000000002,0.10467499999999999,640000,6860544
1372,117270,74,pair_005_n5_005_control,control,1,0,0,12.520000000000001,0.10455166666666665,640000,6865280
1373,117343,73,pair_008_n3_008_control,control,1,0,0,12.530000000000001,0.10443,640000,6869952
1374,117416,73,pair_012_n5_012_conflict,conflict,1,0,0,12.530000000000001,0.10430833333333331,640000,6874624
1375,117494,78,pair_009_n5_009_control,control,1,0,0,12.480000000000002,0.10417833333333332,640000,6879616
1376,117571,77,pair_017_n5_017_control,control,1,0,0,12.490000000000002,0.10404999999999998,640000,6884544
1377,117637,66,pair_010_n5_010_control,control,1,0,0,12.600000000000001,0.10393999999999998,640000,6888768
1378,117712,75,pair_002_n5_002_conflict,conflict,1,0,0,12.510000000000002,0.10381499999999999,640000,6893568
1379,117783,71,pair_016_n5_016_conflict,conflict,1,0,0,12.55,0.10369666666666666,640000,6898112
1380,117869,86,pair_003_n3_003_conflict,conflict,1,0,0,12.400000000000002,0.10355333333333333,640000,6903616
1381,117956,87,pair_005_n3_005_conflict,conflict,1,0,0,12.39,0.10340833333333332,640000,6909184
1382,118037,81,pair_011_n3_011_conflict,conflict,1,0,0,12.450000000000001,0.10327333333333333,640000,6914368
1383,118109,72,pair_009_n5_009_conflict,conflict,1,0,0,12.540000000000001,0.10315333333333332,640000,6918976
1384,118178,69,pair_005_n3_005_control,control,1,0,0,12.570000000000002,0.10303833333333332,640000,6923392
1385,118214,36,pair_007_n3_007_conflict,conflict,0,1,0,0.15000000000000036,0.10297833333333331,640000,6925696
1386,118290,76,pair_002_n5_002_control,control,1,0,0,12.500000000000002,0.10285166666666665,640000,6930560
1387,118309,19,pair_015_n5_015_control,control,0,1,0,-0.2799999999999999,0.10282,640000,6931776
1388,118384,75,pair_000_n3_000_conflict,conflict,1,0,0,12.510000000000002,0.10269499999999998,640000,6936576
1389,118467,83,pair_006_n3_006_conflict,conflict,1,0,0,12.430000000000001,0.10255666666666666,640000,6941888
1390,118541,74,pair_012_n3_012_control,control,1,0,0,12.520000000000001,0.10243333333333332,640000,6946624
1391,118619,78,pair_014_n3_014_conflict,conflict,1,0,0,12.480000000000002,0.10230333333333333,640000,6951616
1392,118698,79,pair_004_n3_004_conflict,conflict,1,0,0,12.470000000000002,0.10217166666666666,640000,6956672
1393,118777,79,pair_016_n3_016_conflict,conflict,1,0,0,12.470000000000002,0.10203999999999999,640000,6961728
1394,118849,72,pair_001_n3_001_control,control,1,0,0,12.540000000000001,0.10191999999999998,640000,6966336
1395,118926,77,pair_017_n3_017_control,control,1,0,0,12.490000000000002,0.10179166666666667,640000,6971264
1396,119003,77,pair_007_n5_007_conflict,conflict,1,0,0,12.490000000000002,0.10166333333333333,640000,6976192
1397,119080,77,pair_009_n3_009_control,control,1,0,0,12.490000000000002,0.10153499999999999,640000,6981120
1398,119167,87,pair_015_n3_015_conflict,conflict,1,0,0,12.39,0.10138999999999998,640000,6986688
1399,119257,90,pair_007_n3_007_control,control,1,0,0,12.360000000000003,0.10124,640000,6992448
1400,119335,78,pair_001_n3_001_conflict,conflict,1,0,0,12.480000000000002,0.10110999999999998,640000,6997440
1401,119409,74,pair_000_n3_000_control,control,1,0,0,12.520000000000001,0.10098666666666667,640000,7002176
1402,119480,71,pair_006_n5_006_conflict,conflict,1,0,0,12.55,0.10086833333333331,640000,7006720
1403,119556,76,pair_011_n5_011_conflict,conflict,1,0,0,12.500000000000002,0.10074166666666665,640000,7011584
1404,119633,77,pair_002_n3_002_conflict,conflict,1,0,0,12.490000000000002,0.10061333333333333,640000,7016512
1405,119704,71,pair_010_n3_010_conflict,conflict,1,0,0,12.55,0.100495,640000,7021056
1406,119781,77,pair_007_n5_007_control,control,1,0,0,12.490000000000002,0.10036666666666666,640000,7025984
1407,119849,68,pair_014_n5_014_conflict,conflict,1,0,0,12.580000000000002,0.10025333333333333,640000,7030336
1408,119928,79,pair_003_n3_003_control,control,1,0,0,12.470000000000002,0.10012166666666666,640000,7035392
1409,120001,73,pair_017_n3_017_conflict,conflict,1,0,0,12.530000000000001,0.09999999999999998,640000,7040064
1410,120081,80,pair_011_n5_011_control,control,1,0,0,12.46,0.09986666666666666,640000,7045184
1411,120154,73,pair_016_n5_016_control,control,1,0,0,12.530000000000001,0.099745,640000,7049856
1412,120231,77,pair_012_n3_012_conflict,conflict,1,0,0,12.490000000000002,0.09961666666666666,640000,7054784
1413,120309,78,pair_008_n5_008_control,control,1,0,0,12.48,0.09948666666666667,640000,7059776
1414,120385,76,pair_000_n5_000_conflict,conflict,1,0,0,12.500000000000002,0.09935999999999998,640000,7064640
1415,120460,75,pair_014_n5_014_control,control,1,0,0,12.510000000000002,0.09923499999999999,640000,7069440
1416,120534,74,pair_012_n5_012_control,control,1,0,0,12.520000000000003,0.09911166666666665,640000,7074176
1417,120609,75,pair_008_n5_008_conflict,conflict,1,0,0,12.510000000000002,0.09898666666666667,640000,7078976
1418,120685,76,pair_011_n3_011_control,control,1,0,0,12.500000000000002,0.09885999999999998,640000,7083840
1419,120768,83,pair_005_n5_005_conflict,conflict,1,0,0,12.430000000000003,0.09872166666666665,640000,7089152
1420,120842,74,pair_009_n3_009_conflict,conflict,1,0,0,12.520000000000001,0.09859833333333332,640000,7093888
1421,120915,73,pair_015_n5_015_conflict,conflict,1,0,0,12.530000000000001,0.09847666666666666,640000,7098560
1422,120970,55,pair_004_n5_004_control,control,0,1,0,0.910000000000001,0.098385,640000,7102080
1423,121053,83,pair_013_n5_013_control,control,1,0,0,12.430000000000001,0.09824666666666665,640000,7107392
1424,121122,69,pair_001_n5_001_conflict,conflict,1,0,0,12.570000000000002,0.09813166666666664,640000,7111808
1425,121193,71,pair_006_n5_006_control,control,1,0,0,12.55,0.09801333333333331,640000,7116352
1426,121266,73,pair_010_n3_010_control,control,1,0,0,12.530000000000001,0.09789166666666665,640000,7121024
1427,121347,81,pair_014_n3_014_control,control,1,0,0,12.450000000000001,0.09775666666666666,640000,7126208
1428,121429,82,pair_017_n5_017_conflict,conflict,1,0,0,12.440000000000001,0.09761999999999998,640000,7131456
1429,121497,68,pair_015_n3_015_control,control,1,0,0,12.580000000000002,0.09750666666666666,640000,7135808
1430,121576,79,pair_001_n5_001_control,control,1,0,0,12.470000000000002,0.09737499999999999,640000,7140864
1431,121603,27,pair_008_n3_008_conflict,conflict,0,1,0,-0.05999999999999972,0.09733,640000,7142592
1432,121693,90,pair_000_n5_000_control,control,1,0,0,12.360000000000001,0.09717999999999999,640000,7148352
1433,121764,71,pair_013_n3_013_control,control,1,0,0,12.55,0.09706166666666666,640000,7152896
1434,121841,77,pair_002_n3_002_control,control,1,0,0,12.490000000000002,0.09693333333333332,640000,7157824
1435,121924,83,pair_004_n5_004_conflict,conflict,1,0,0,12.430000000000001,0.09679499999999999,640000,7163136
1436,121999,75,pair_003_n5_003_control,control,1,0,0,12.510000000000002,0.09666999999999998,640000,7167936
1437,122080,81,pair_016_n3_016_control,control,1,0,0,12.450000000000001,0.09653499999999998,640000,7173120
1438,122160,80,pair_004_n3_004_control,control,1,0,0,12.46,0.09640166666666666,640000,7178240
1439,122248,88,pair_013_n3_013_conflict,conflict,1,0,0,12.380000000000003,0.09625499999999998,640000,7183872
1440,122331,83,pair_017_n5_017_control,control,1,0,0,12.430000000000001,0.09611666666666666,640000,7189184
1441,122410,79,pair_010_n5_010_conflict,conflict,1,0,0,12.470000000000002,0.09598499999999999,640000,7194240
1442,122483,73,pair_004_n3_004_control,control,1,0,0,12.530000000000001,0.09586333333333333,640000,7198912
1443,122553,70,pair_013_n5_013_control,control,1,0,0,12.560000000000002,0.09574666666666665,640000,7203392
1444,122624,71,pair_012_n5_012_control,control,1,0,0,12.55,0.09562833333333332,640000,7207936
1445,122693,69,pair_017_n3_017_control,control,1,0,0,12.570000000000002,0.09551333333333331,640000,7212352
1446,122769,76,pair_011_n3_011_conflict,conflict,1,0,0,12.500000000000002,0.09538666666666665,640000,7217216
1447,122846,77,pair_008_n5_008_control,control,1,0,0,12.490000000000002,0.09525833333333333,640000,7222144
1448,122921,75,pair_014_n5_014_conflict,conflict,1,0,0,12.510000000000002,0.09513333333333332,640000,7226944
1449,122996,75,pair_014_n5_014_control,control,1,0,0,12.510000000000002,0.09500833333333333,640000,7231744
1450,123064,68,pair_005_n5_005_conflict,conflict,1,0,0,12.580000000000002,0.09489499999999998,640000,7236096
1451,123132,68,pair_006_n3_006_conflict,conflict,1,0,0,12.580000000000002,0.09478166666666665,640000,7240448
1452,123202,70,pair_006_n3_006_control,control,1,0,0,12.560000000000002,0.094665,640000,7244928
1453,123269,67,pair_002_n3_002_control,control,1,0,0,12.590000000000002,0.09455333333333332,640000,7249216
1454,123342,73,pair_010_n5_010_control,control,1,0,0,12.530000000000001,0.09443166666666666,640000,7253888
1455,123424,82,pair_011_n5_011_conflict,conflict,1,0,0,12.440000000000001,0.09429499999999999,640000,7259136
1456,123502,78,pair_006_n5_006_control,control,1,0,0,12.48,0.094165,640000,7264128
1457,123583,81,pair_014_n3_014_control,control,1,0,0,12.450000000000001,0.09403,640000,7269312
1458,123660,77,pair_000_n5_000_conflict,conflict,1,0,0,12.490000000000002,0.09390166666666666,640000,7274240
1459,123736,76,pair_000_n3_000_conflict,conflict,1,0,0,12.500000000000002,0.093775,640000,7279104
1460,123811,75,pair_006_n5_006_conflict,conflict,1,0,0,12.510000000000002,0.09364999999999998,640000,7283904
1461,123891,80,pair_001_n3_001_conflict,conflict,1,0,0,12.46,0.09351666666666666,640000,7289024
1462,123961,70,pair_009_n3_009_conflict,conflict,1,0,0,12.560000000000002,0.09339999999999998,640000,7293504
1463,124034,73,pair_013_n3_013_conflict,conflict,1,0,0,12.530000000000001,0.09327833333333332,640000,7298176
1464,124111,77,pair_012_n3_012_control,control,1,0,0,12.490000000000002,0.09314999999999998,640000,7303104
1465,124192,81,pair_014_n3_014_conflict,conflict,1,0,0,12.450000000000001,0.09301499999999999,640000,7308288
1466,124273,81,pair_007_n5_007_control,control,1,0,0,12.450000000000001,0.09287999999999999,640000,7313472
1467,124351,78,pair_016_n3_016_control,control,1,0,0,12.48,0.09275,640000,7318464
1468,124424,73,pair_004_n5_004_conflict,conflict,1,0,0,12.530000000000001,0.09262833333333331,640000,7323136
1469,124496,72,pair_003_n5_003_control,control,1,0,0,12.540000000000001,0.09250833333333333,640000,7327744
1470,124584,88,pair_002_n5_002_control,control,1,0,0,12.38,0.09236166666666665,640000,7333376
1471,124652,68,pair_015_n5_015_control,control,1,0,0,12.580000000000002,0.09224833333333332,640000,7337728
1472,124721,69,pair_008_n3_008_conflict,conflict,0,1,0,-0.4800000000000001,0.09213333333333332,640000,7342144
1473,124795,74,pair_015_n3_015_control,control,1,0,0,12.520000000000001,0.09200999999999998,640000,7346880
1474,124865,70,pair_003_n5_003_conflict,conflict,1,0,0,12.560000000000002,0.09189333333333333,640000,7351360
1475,124936,71,pair_005_n5_005_control,control,1,0,0,12.55,0.091775,640000,7355904
1476,125007,71,pair_002_n5_002_conflict,conflict,1,0,0,12.55,0.09165666666666666,640000,7360448
1477,125076,69,pair_017_n3_017_conflict,conflict,1,0,0,12.570000000000002,0.09154166666666666,640000,7364864
1478,125153,77,pair_017_n5_017_conflict,conflict,1,0,0,12.490000000000002,0.09141333333333332,640000,7369792
1479,125193,40,pair_007_n3_007_control,control,0,1,0,0.26000000000000045,0.09134666666666666,640000,7372352
1480,125263,70,pair_012_n3_012_conflict,conflict,1,0,0,12.560000000000002,0.09122999999999998,640000,7376832
1481,125336,73,pair_011_n5_011_control,control,1,0,0,12.530000000000001,0.09110833333333332,640000,7381504
1482,125416,80,pair_013_n3_013_control,control,1,0,0,12.46,0.090975,640000,7386624
1483,125482,66,pair_009_n5_009_control,control,1,0,0,12.600000000000001,0.090865,640000,7390848
1484,125561,79,pair_002_n3_002_conflict,conflict,1,0,0,12.470000000000002,0.09073333333333333,640000,7395904
1485,125635,74,pair_003_n3_003_control,control,1,0,0,12.520000000000001,0.09061,640000,7400640
1486,125710,75,pair_009_n3_009_control,control,1,0,0,12.510000000000002,0.09048499999999998,640000,7405440
1487,125780,70,pair_015_n5_015_conflict,conflict,1,0,0,12.560000000000002,0.09036833333333333,640000,7409920
1488,125852,72,pair_001_n5_001_control,control,1,0,0,12.540000000000001,0.09024833333333332,640000,7414528
1489,125921,69,pair_005_n3_005_control,control,1,0,0,12.570000000000002,0.09013333333333332,640000,7418944
1490,125989,68,pair_008_n5_008_conflict,conflict,1,0,0,12.580000000000002,0.09001999999999999,640000,7423296
1491,126065,76,pair_009_n5_009_conflict,conflict,1,0,0,12.500000000000002,0.08989333333333333,640000,7428160
1492,126151,86,pair_010_n3_010_conflict,conflict,1,0,0,12.400000000000002,0.08975,640000,7433664
1493,126223,72,pair_007_n5_007_conflict,conflict,1,0,0,12.540000000000001,0.08962999999999999,640000,7438272
1494,126291,68,pair_000_n3_000_control,control,1,0,0,12.580000000000002,0.08951666666666666,640000,7442624
1495,126364,73,pair_000_n5_000_control,control,1,0,0,12.530000000000001,0.089395,640000,7447296
1496,126435,71,pair_016_n5_016_control,control,1,0,0,12.55,0.08927666666666664,640000,7451840
1497,126512,77,pair_005_n3_005_conflict,conflict,1,0,0,12.490000000000002,0.08914833333333333,640000,7456768
1498,126586,74,pair_013_n5_013_conflict,conflict,1,0,0,12.520000000000001,0.08902499999999999,640000,7461504
1499,126663,77,pair_016_n3_016_conflict,conflict,1,0,0,12.490000000000002,0.08889666666666665,640000,7466432
1500,126734,71,pair_010_n3_010_control,control,1,0,0,12.55,0.08877833333333332,640000,7470976
1501,126801,67,pair_003_n3_003_conflict,conflict,1,0,0,12.590000000000002,0.08866666666666664,640000,7475264
1502,126868,67,pair_001_n3_001_control,control,1,0,0,12.590000000000002,0.088555,640000,7479552
1503,126938,70,pair_015_n3_015_conflict,conflict,1,0,0,12.560000000000002,0.08843833333333331,640000,7484032
1504,127006,68,pair_012_n5_012_conflict,conflict,1,0,0,12.580000000000002,0.08832499999999999,640000,7488384
1505,127077,71,pair_004_n5_004_control,control,1,0,0,12.550000000000002,0.08820666666666666,640000,7492928
1506,127147,70,pair_001_n5_001_conflict,conflict,1,0,0,12.560000000000002,0.08809,640000,7497408
1507,127218,71,pair_016_n5_016_conflict,conflict,1,0,0,12.55,0.08797166666666664,640000,7501952
1508,127289,71,pair_007_n3_007_conflict,conflict,1,0,0,12.55,0.08785333333333331,640000,7506496
1509,127366,77,pair_008_n3_008_control,control,1,0,0,12.490000000000002,0.087725,640000,7511424
1510,127439,73,pair_004_n3_004_conflict,conflict,1,0,0,12.530000000000001,0.08760333333333331,640000,7516096
1511,127509,70,pair_011_n3_011_control,control,1,0,0,12.560000000000002,0.08748666666666666,640000,7520576
1512,127586,77,pair_013_n5_013_control,control,1,0,0,12.490000000000002,0.08735833333333332,640000,7525504
1513,127656,70,pair_004_n5_004_conflict,conflict,1,0,0,12.560000000000002,0.08724166666666666,640000,7529984
1514,127729,73,pair_009_n3_009_control,control,1,0,0,12.530000000000001,0.08711999999999998,640000,7534656
1515,127810,81,pair_006_n5_006_conflict,conflict,1,0,0,12.450000000000001,0.08698499999999998,640000,7539840
1516,127840,30,pair_007_n5_007_control,control,0,1,0,0.11000000000000032,0.08693499999999998,640000,7541760
1517,127917,77,pair_002_n5_002_control,control,1,0,0,12.490000000000002,0.08680666666666664,640000,7546688
1518,127989,72,pair_014_n3_014_control,control,1,0,0,12.540000000000001,0.08668666666666666,640000,7551296
1519,128065,76,pair_010_n5_010_conflict,conflict,1,0,0,12.500000000000002,0.08656,640000,7556160
1520,128134,69,pair_016_n5_016_control,control,1,0,0,12.570000000000002,0.086445,640000,7560576
1521,128205,71,pair_002_n5_002_conflict,conflict,1,0,0,12.55,0.08632666666666666,640000,7565120
1522,128284,79,pair_015_n3_015_conflict,conflict,1,0,0,12.470000000000002,0.086195,640000,7570176
1523,128356,72,pair_017_n5_017_conflict,conflict,1,0,0,12.540000000000003,0.08607499999999998,640000,7574784
1524,128425,69,pair_015_n3_015_control,control,1,0,0,12.570000000000002,0.08595999999999998,640000,7579200
1525,128493,68,pair_017_n3_017_conflict,conflict,1,0,0,12.580000000000002,0.08584666666666665,640000,7583552
1526,128563,70,pair_004_n3_004_conflict,conflict,1,0,0,12.560000000000002,0.08573,640000,7588032
1527,128645,82,pair_004_n5_004_control,control,1,0,0,12.440000000000001,0.08559333333333333,640000,7593280
1528,128723,78,pair_007_n3_007_control,control,1,0,0,12.480000000000002,0.08546333333333334,640000,7598272
1529,128797,74,pair_011_n3_011_control,control,1,0,0,12.520000000000001,0.08534,640000,7603008
1530,128871,74,pair_011_n3_011_conflict,conflict,1,0,0,12.520000000000001,0.08521666666666666,640000,7607744
1531,128947,76,pair_008_n3_008_control,control,1,0,0,12.500000000000002,0.08509,640000,7612608
1532,129025,78,pair_009_n5_009_conflict,conflict,1,0,0,12.480000000000002,0.08495999999999998,640000,7617600
1533,129094,69,pair_016_n3_016_conflict,conflict,1,0,0,12.570000000000002,0.08484499999999998,640000,7622016
1534,129168,74,pair_012_n3_012_control,control,1,0,0,12.520000000000001,0.08472166666666667,640000,7626752
1535,129243,75,pair_014_n5_014_control,control,1,0,0,12.510000000000002,0.08459666666666665,640000,7631552
1536,129318,75,pair_001_n3_001_conflict,conflict,1,0,0,12.510000000000002,0.08447166666666667,640000,7636352
1537,129393,75,pair_000_n5_000_conflict,conflict,1,0,0,12.510000000000002,0.08434666666666665,640000,7641152
1538,129464,71,pair_002_n3_002_conflict,conflict,1,0,0,12.55,0.08422833333333332,640000,7645696
1539,129533,69,pair_002_n3_002_control,control,1,0,0,12.570000000000002,0.08411333333333332,640000,7650112
1540,129605,72,pair_000_n5_000_control,control,1,0,0,12.540000000000001,0.08399333333333331,640000,7654720
1541,129677,72,pair_003_n3_003_control,control,1,0,0,12.540000000000001,0.08387333333333333,640000,7659328
1542,129754,77,pair_001_n5_001_control,control,1,0,0,12.490000000000002,0.08374499999999999,640000,7664256
1543,129823,69,pair_000_n3_000_control,control,1,0,0,12.570000000000002,0.08362999999999998,640000,7668672
1544,129900,77,pair_011_n5_011_conflict,conflict,1,0,0,12.490000000000002,0.08350166666666667,640000,7673600
1545,129982,82,pair_005_n3_005_control,control,1,0,0,12.440000000000001,0.083365,640000,7678848
1546,130055,73,pair_015_n5_015_conflict,conflict,1,0,0,12.530000000000001,0.08324333333333334,640000,7683520
1547,130124,69,pair_003_n5_003_conflict,conflict,1,0,0,12.570000000000002,0.08312833333333333,640000,7687936
1548,130192,68,pair_007_n3_007_conflict,conflict,1,0,0,12.580000000000002,0.08301499999999998,640000,7692288
1549,130224,32,pair_008_n5_008_conflict,conflict,0,1,0,-0.05999999999999972,0.08296166666666666,640000,7694336
1550,130296,72,pair_017_n5_017_control,control,1,0,0,12.540000000000003,0.08284166666666665,640000,7698944
1551,130365,69,pair_003_n5_003_control,control,1,0,0,12.570000000000002,0.08272666666666664,640000,7703360
1552,130438,73,pair_001_n5_001_conflict,conflict,1,0,0,12.530000000000001,0.08260499999999998,640000,7708032
1553,130504,66,pair_010_n3_010_control,control,1,0,0,12.600000000000001,0.08249499999999999,640000,7712256
1554,130576,72,pair_007_n5_007_conflict,conflict,1,0,0,12.540000000000001,0.08237499999999998,640000,7716864
1555,130652,76,pair_016_n5_016_conflict,conflict,1,0,0,12.500000000000002,0.08224833333333331,640000,7721728
1556,130734,82,pair_014_n3_014_conflict,conflict,1,0,0,12.440000000000001,0.08211166666666667,640000,7726976
1557,130808,74,pair_004_n3_004_control,control,1,0,0,12.520000000000001,0.08198833333333333,640000,7731712
1558,130885,77,pair_005_n5_005_conflict,conflict,1,0,0,12.490000000000002,0.08185999999999999,640000,7736640
1559,130960,75,pair_013_n3_013_control,control,1,0,0,12.510000000000002,0.081735,640000,7741440
1560,131049,89,pair_016_n3_016_control,control,0,1,0,1.3700000000000014,0.08158666666666667,640000,7747136
1561,131119,70,pair_015_n5_015_control,control,1,0,0,12.560000000000002,0.08146999999999999,640000,7751616
1562,131187,68,pair_012_n5_012_conflict,conflict,1,0,0,12.580000000000002,0.08135666666666666,640000,7755968
1563,131256,69,pair_017_n3_017_control,control,1,0,0,12.570000000000002,0.08124166666666666,640000,7760384
1564,131330,74,pair_009_n3_009_conflict,conflict,1,0,0,12.520000000000003,0.08111833333333332,640000,7765120
1565,131403,73,pair_011_n5_011_control,control,1,0,0,12.530000000000001,0.08099666666666666,640000,7769792
1566,131472,69,pair_005_n3_005_conflict,conflict,1,0,0,12.570000000000002,0.08088166666666666,640000,7774208
1567,131540,68,pair_006_n3_006_control,control,1,0,0,12.580000000000002,0.08076833333333333,640000,7778560
1568,131612,72,pair_000_n3_000_conflict,conflict,1,0,0,12.540000000000003,0.08064833333333332,640000,7783168
1569,131689,77,pair_001_n3_001_control,control,1,0,0,12.490000000000002,0.08051999999999998,640000,7788096
1570,131758,69,pair_009_n5_009_control,control,1,0,0,12.570000000000002,0.08040499999999998,640000,7792512
1571,131852,94,pair_010_n5_010_control,control,1,0,0,12.320000000000002,0.08024833333333331,640000,7798528
1572,131928,76,pair_006_n3_006_conflict,conflict,1,0,0,12.500000000000002,0.08012166666666665,640000,7803392
1573,131999,71,pair_008_n3_008_conflict,conflict,1,0,0,12.55,0.08000333333333332,640000,7807936
1574,132070,71,pair_005_n5_005_control,control,1,0,0,12.55,0.07988499999999998,640000,7812480
1575,132140,70,pair_010_n3_010_conflict,conflict,1,0,0,12.560000000000002,0.07976833333333333,640000,7816960
1576,132209,69,pair_008_n5_008_control,control,1,0,0,12.570000000000002,0.07965333333333333,640000,7821376
1577,132323,114,pair_012_n5_012_control,control,1,0,0,12.120000000000001,0.07946333333333333,640000,7828672
1578,132401,78,pair_012_n3_012_conflict,conflict,1,0,0,12.480000000000002,0.07933333333333331,640000,7833664
1579,132475,74,pair_003_n3_003_conflict,conflict,1,0,0,12.520000000000003,0.07921,640000,7838400
1580,132542,67,pair_013_n5_013_conflict,conflict,1,0,0,12.590000000000002,0.07909833333333333,640000,7842688
1581,132619,77,pair_006_n5_006_control,control,1,0,0,12.490000000000002,0.07896999999999998,640000,7847616
1582,132687,68,pair_013_n3_013_conflict,conflict,1,0,0,12.580000000000002,0.07885666666666666,640000,7851968
1583,132762,75,pair_014_n5_014_conflict,conflict,1,0,0,12.510000000000002,0.07873166666666664,640000,7856768
1584,132838,76,pair_001_n5_001_conflict,conflict,1,0,0,12.500000000000002,0.07860499999999998,640000,7861632
1585,132920,82,pair_009_n3_009_conflict,conflict,1,0,0,12.440000000000001,0.07846833333333333,640000,7866880
1586,132988,68,pair_017_n5_017_control,control,1,0,0,12.580000000000002,0.07835499999999998,640000,7871232
1587,133066,78,pair_005_n3_005_control,control,1,0,0,12.480000000000002,0.07822499999999999,640000,7876224
1588,133135,69,pair_003_n3_003_control,control,1,0,0,12.570000000000002,0.07810999999999998,640000,7880640
1589,133204,69,pair_014_n5_014_conflict,conflict,1,0,0,12.570000000000002,0.07799499999999998,640000,7885056
1590,133247,43,pair_006_n5_006_control,control,0,1,0,0.48000000000000065,0.07792333333333332,640000,7887808
1591,133316,69,pair_017_n3_017_control,control,1,0,0,12.570000000000002,0.07780833333333331,640000,7892224
1592,133387,71,pair_007_n5_007_control,control,1,0,0,12.550000000000002,0.07768999999999998,640000,7896768
1593,133465,78,pair_008_n3_008_conflict,conflict,1,0,0,12.48,0.07755999999999999,640000,7901760
1594,133473,8,pair_004_n3_004_conflict,conflict,0,1,0,-0.87,0.07754666666666665,640000,7902272
1595,133554,81,pair_005_n5_005_control,control,1,0,0,12.450000000000001,0.07741166666666666,640000,7907456
1596,133622,68,pair_011_n3_011_control,control,1,0,0,12.580000000000002,0.07729833333333333,640000,7911808
1597,133690,68,pair_003_n5_003_conflict,conflict,1,0,0,12.580000000000002,0.07718499999999998,640000,7916160
1598,133760,70,pair_004_n5_004_control,control,1,0,0,12.560000000000002,0.07706833333333332,640000,7920640
1599,133839,79,pair_011_n5_011_conflict,conflict,1,0,0,12.470000000000002,0.07693666666666665,640000,7925696
1600,133913,74,pair_006_n3_006_conflict,conflict,1,0,0,12.520000000000001,0.07681333333333332,640000,7930432
1601,133988,75,pair_000_n5_000_control,control,1,0,0,12.510000000000002,0.07668833333333333,640000,7935232
1602,134056,68,pair_009_n5_009_control,control,1,0,0,12.580000000000002,0.07657499999999998,640000,7939584
1603,134125,69,pair_017_n5_017_conflict,conflict,1,0,0,12.570000000000002,0.07646,640000,7944000
1604,134203,78,pair_013_n3_013_control,control,1,0,0,12.48,0.07632999999999998,640000,7948992
1605,134277,74,pair_013_n3_013_conflict,conflict,1,0,0,12.520000000000001,0.07620666666666664,640000,7953728
1606,134355,78,pair_014_n5_014_control,control,1,0,0,12.480000000000002,0.07607666666666665,640000,7958720
1607,134426,71,pair_006_n5_006_conflict,conflict,1,0,0,12.55,0.07595833333333332,640000,7963264
1608,134503,77,pair_011_n3_011_conflict,conflict,1,0,0,12.490000000000002,0.07582999999999998,640000,7968192
1609,134577,74,pair_015_n5_015_control,control,1,0,0,12.520000000000001,0.07570666666666664,640000,7972928
1610,134654,77,pair_016_n3_016_control,control,1,0,0,12.490000000000002,0.07557833333333333,640000,7977856
1611,134687,33,pair_007_n3_007_control,control,0,1,0,0.18000000000000038,0.07552333333333333,640000,7979968
1612,134758,71,pair_012_n3_012_control,control,1,0,0,12.55,0.075405,640000,7984512
1613,134839,81,pair_005_n5_005_conflict,conflict,1,0,0,12.450000000000001,0.07526999999999998,640000,7989696
1614,134910,71,pair_009_n5_009_conflict,conflict,1,0,0,12.55,0.07515166666666664,640000,7994240
1615,134986,76,pair_004_n3_004_control,control,1,0,0,12.500000000000002,0.07502499999999998,640000,7999104
1616,135060,74,pair_007_n5_007_conflict,conflict,1,0,0,12.520000000000001,0.07490166666666664,640000,8003840
1617,135129,69,pair_016_n5_016_control,control,1,0,0,12.570000000000002,0.07478666666666667,640000,8008256
1618,135200,71,pair_010_n5_010_conflict,conflict,1,0,0,12.55,0.07466833333333331,640000,8012800
1619,135274,74,pair_001_n3_001_control,control,1,0,0,12.520000000000001,0.074545,640000,8017536
1620,135342,68,pair_001_n3_001_conflict,conflict,1,0,0,12.580000000000002,0.07443166666666665,640000,8021888
1621,135412,70,pair_000_n3_000_conflict,conflict,1,0,0,12.560000000000002,0.07431499999999999,640000,8026368
1622,135488,76,pair_007_n3_007_conflict,conflict,1,0,0,12.500000000000002,0.07418833333333333,640000,8031232
1623,135557,69,pair_012_n3_012_conflict,conflict,1,0,0,12.570000000000002,0.07407333333333332,640000,8035648
1624,135628,71,pair_017_n3_017_conflict,conflict,1,0,0,12.55,0.07395499999999999,640000,8040192
1625,135699,71,pair_016_n3_016_conflict,conflict,1,0,0,12.55,0.07383666666666666,640000,8044736
1626,135770,71,pair_005_n3_005_conflict,conflict,1,0,0,12.55,0.07371833333333333,640000,8049280
1627,135850,80,pair_003_n3_003_conflict,conflict,1,0,0,12.46,0.07358499999999998,640000,8054400
1628,135922,72,pair_012_n5_012_conflict,conflict,1,0,0,12.540000000000001,0.073465,640000,8059008
1629,135989,67,pair_009_n3_009_control,control,1,0,0,12.590000000000002,0.07335333333333333,640000,8063296
1630,136056,67,pair_010_n3_010_control,control,1,0,0,12.590000000000002,0.07324166666666665,640000,8067584
1631,136129,73,pair_004_n5_004_conflict,conflict,1,0,0,12.530000000000001,0.07311999999999999,640000,8072256
1632,136202,73,pair_014_n3_014_conflict,conflict,1,0,0,12.530000000000001,0.07299833333333333,640000,8076928
1633,136279,77,pair_015_n5_015_conflict,conflict,1,0,0,12.490000000000002,0.07286999999999999,640000,8081856
1634,136350,71,pair_015_n3_015_conflict,conflict,1,0,0,12.55,0.07275166666666666,640000,8086400
1635,136426,76,pair_001_n5_001_control,control,1,0,0,12.500000000000002,0.072625,640000,8091264
1636,136495,69,pair_002_n3_002_conflict,conflict,1,0,0,12.570000000000002,0.07250999999999999,640000,8095680
1637,136572,77,pair_002_n5_002_conflict,conflict,1,0,0,12.490000000000002,0.07238166666666665,640000,8100608
1638,136642,70,pair_006_n3_006_control,control,1,0,0,12.560000000000002,0.072265,640000,8105088
1639,136712,70,pair_015_n3_015_control,control,1,0,0,12.560000000000002,0.07214833333333331,640000,8109568
1640,136785,73,pair_008_n5_008_conflict,conflict,1,0,0,12.530000000000001,0.07202666666666666,640000,8114240
1641,136856,71,pair_000_n3_000_control,control,1,0,0,12.55,0.07190833333333332,640000,8118784
1642,136927,71,pair_010_n5_010_control,control,1,0,0,12.55,0.07178999999999999,640000,8123328
1643,137000,73,pair_003_n5_003_control,control,1,0,0,12.530000000000001,0.07166833333333333,640000,8128000
1644,137073,73,pair_012_n5_012_control,control,1,0,0,12.530000000000001,0.07154666666666665,640000,8132672
1645,137143,70,pair_011_n5_011_control,control,1,0,0,12.560000000000002,0.07143,640000,8137152
1646,137210,67,pair_002_n5_002_control,control,1,0,0,12.590000000000002,0.07131833333333332,640000,8141440
1647,137286,76,pair_016_n5_016_conflict,conflict,1,0,0,12.500000000000002,0.07119166666666665,640000,8146304
1648,137353,67,pair_010_n3_010_conflict,conflict,1,0,0,12.590000000000002,0.07107999999999998,640000,8150592
1649,137424,71,pair_014_n3_014_control,control,1,0,0,12.55,0.07096166666666665,640000,8155136
1650,137506,82,pair_008_n5_008_control,control,1,0,0,12.440000000000001,0.070825,640000,8160384
1651,137578,72,pair_002_n3_002_control,control,1,0,0,12.540000000000003,0.07070499999999999,640000,8164992
1652,137588,10,pair_000_n5_000_conflict,conflict,0,1,0,-0.64,0.07068833333333333,640000,8165632
1653,137659,71,pair_013_n5_013_conflict,conflict,1,0,0,12.55,0.07057,640000,8170176
1654,137732,73,pair_013_n5_013_control,control,1,0,0,12.530000000000001,0.07044833333333334,640000,8174848
1655,137802,70,pair_008_n3_008_control,control,1,0,0,12.560000000000002,0.07033166666666665,640000,8179328
1656,137871,69,pair_000_n5_000_conflict,conflict,1,0,0,12.570000000000002,0.07021666666666665,640000,8183744
1657,137952,81,pair_010_n3_010_control,control,1,0,0,12.450000000000001,0.07008166666666665,640000,8188928
1658,138029,77,pair_017_n3_017_control,control,1,0,0,12.490000000000002,0.06995333333333331,640000,8193856
1659,138102,73,pair_013_n3_013_control,control,1,0,0,12.530000000000001,0.06983166666666665,640000,8198528
1660,138174,72,pair_016_n3_016_control,control,1,0,0,12.540000000000001,0.06971166666666664,640000,8203136
1661,138252,78,pair_006_n3_006_control,control,1,0,0,12.48,0.06958166666666665,640000,8208128
1662,138319,67,pair_007_n3_007_control,control,1,0,0,12.590000000000002,0.06946999999999998,640000,8212416
1663,138389,70,pair_016_n5_016_conflict,conflict,1,0,0,12.560000000000002,0.06935333333333332,640000,8216896
1664,138458,69,pair_011_n5_011_control,control,1,0,0,12.570000000000002,0.06923833333333332,640000,8221312
1665,138536,78,pair_004_n3_004_conflict,conflict,1,0,0,12.48,0.06910833333333333,640000,8226304
1666,138604,68,pair_004_n3_004_control,control,1,0,0,12.580000000000002,0.068995,640000,8230656
1667,138680,76,pair_000_n5_000_control,control,1,0,0,12.500000000000002,0.06886833333333331,640000,8235520
1668,138754,74,pair_012_n5_012_control,control,1,0,0,12.520000000000001,0.068745,640000,8240256
1669,138827,73,pair_004_n5_004_conflict,conflict,1,0,0,12.530000000000001,0.06862333333333331,640000,8244928
1670,138905,78,pair_003_n5_003_control,control,1,0,0,12.48,0.06849333333333332,640000,8249920
1671,138932,27,pair_008_n3_008_control,control,0,1,0,-0.009999999999999676,0.06844833333333333,640000,8251648
1672,139001,69,pair_017_n3_017_conflict,conflict,1,0,0,12.570000000000002,0.06833333333333333,640000,8256064
1673,139070,69,pair_002_n5_002_conflict,conflict,1,0,0,12.570000000000002,0.06821833333333333,640000,8260480
1674,139144,74,pair_000_n3_000_conflict,conflict,1,0,0,12.520000000000001,0.06809499999999999,640000,8265216
1675,139216,72,pair_012_n5_012_conflict,conflict,1,0,0,12.540000000000001,0.06797499999999998,640000,8269824
1676,139317,101,pair_008_n5_008_conflict,conflict,1,0,0,12.250000000000002,0.06780666666666665,640000,8276288
1677,139389,72,pair_003_n3_003_control,control,1,0,0,12.540000000000001,0.06768666666666664,640000,8280896
1678,139458,69,pair_000_n3_000_control,control,1,0,0,12.570000000000002,0.06757166666666667,640000,8285312
1679,139532,74,pair_015_n3_015_conflict,conflict,1,0,0,12.520000000000001,0.06744833333333333,640000,8290048
1680,139602,70,pair_004_n5_004_control,control,1,0,0,12.560000000000002,0.06733166666666665,640000,8294528
1681,139673,71,pair_015_n3_015_control,control,1,0,0,12.55,0.06721333333333332,640000,8299072
1682,139746,73,pair_002_n3_002_conflict,conflict,1,0,0,12.530000000000001,0.06709166666666666,640000,8303744
1683,139820,74,pair_011_n5_011_conflict,conflict,1,0,0,12.520000000000001,0.06696833333333332,640000,8308480
1684,139890,70,pair_007_n3_007_conflict,conflict,1,0,0,12.560000000000002,0.06685166666666664,640000,8312960
1685,139961,71,pair_017_n5_017_conflict,conflict,1,0,0,12.55,0.06673333333333331,640000,8317504
1686,140030,69,pair_002_n5_002_control,control,1,0,0,12.570000000000002,0.06661833333333333,640000,8321920
1687,140102,72,pair_015_n5_015_control,control,1,0,0,12.540000000000001,0.06649833333333333,640000,8326528
1688,140175,73,pair_014_n3_014_control,control,1,0,0,12.530000000000001,0.06637666666666667,640000,8331200
1689,140249,74,pair_010_n3_010_conflict,conflict,1,0,0,12.520000000000001,0.06625333333333333,640000,8335936
1690,140319,70,pair_014_n5_014_control,control,1,0,0,12.560000000000002,0.06613666666666665,640000,8340416
1691,140393,74,pair_009_n5_009_control,control,1,0,0,12.520000000000001,0.06601333333333331,640000,8345152
1692,140469,76,pair_013_n5_013_conflict,conflict,1,0,0,12.500000000000002,0.06588666666666665,640000,8350016
1693,140544,75,pair_003_n5_003_conflict,conflict,1,0,0,12.510000000000002,0.06576166666666666,640000,8354816
1694,140626,82,pair_011_n3_011_conflict,conflict,0,1,0,1.390000000000002,0.06562499999999999,640000,8360064
1695,140701,75,pair_012_n3_012_conflict,conflict,1,0,0,12.510000000000002,0.0655,640000,8364864
1696,140769,68,pair_007_n5_007_conflict,conflict,1,0,0,12.580000000000002,0.06538666666666665,640000,8369216
1697,140837,68,pair_005_n5_005_conflict,conflict,1,0,0,12.580000000000002,0.06527333333333332,640000,8373568
1698,140911,74,pair_008_n5_008_control,control,1,0,0,12.520000000000001,0.06514999999999999,640000,8378304
1699,140984,73,pair_001_n5_001_control,control,1,0,0,12.530000000000001,0.06502833333333333,640000,8382976
1700,141056,72,pair_001_n3_001_control,control,1,0,0,12.540000000000001,0.06490833333333332,640000,8387584
1701,141132,76,pair_016_n3_016_conflict,conflict,1,0,0,12.500000000000002,0.06478166666666665,640000,8392448
1702,141202,70,pair_005_n3_005_control,control,1,0,0,12.560000000000002,0.064665,640000,8396928
1703,141271,69,pair_008_n3_008_conflict,conflict,1,0,0,12.570000000000002,0.06455,640000,8401344
1704,141339,68,pair_005_n5_005_control,control,1,0,0,12.580000000000002,0.06443666666666664,640000,8405696
1705,141418,79,pair_014_n3_014_conflict,conflict,1,0,0,12.470000000000002,0.064305,640000,8410752
1706,141492,74,pair_001_n5_001_conflict,conflict,1,0,0,12.520000000000001,0.06418166666666666,640000,8415488
1707,141562,70,pair_001_n3_001_conflict,conflict,1,0,0,12.560000000000002,0.06406499999999998,640000,8419968
1708,141633,71,pair_007_n5_007_control,control,1,0,0,12.55,0.06394666666666665,640000,8424512
1709,141715,82,pair_006_n5_006_control,control,1,0,0,12.440000000000001,0.06380999999999998,640000,8429760
1710,141782,67,pair_009_n5_009_conflict,conflict,1,0,0,12.590000000000002,0.06369833333333333,640000,8434048
1711,141854,72,pair_015_n5_015_conflict,conflict,1,0,0,12.540000000000001,0.06357833333333332,640000,8438656
1712,141928,74,pair_009_n3_009_control,control,1,0,0,12.520000000000001,0.06345499999999998,640000,8443392
1713,141996,68,pair_013_n3_013_conflict,conflict,1,0,0,12.580000000000002,0.06334166666666666,640000,8447744
1714,142066,70,pair_016_n5_016_control,control,1,0,0,12.560000000000002,0.06322499999999998,640000,8452224
1715,142138,72,pair_010_n5_010_control,control,1,0,0,12.540000000000001,0.063105,640000,8456832
1716,142214,76,pair_017_n5_017_control,control,1,0,0,12.500000000000002,0.06297833333333333,640000,8461696
1717,142283,69,pair_011_n3_011_control,control,1,0,0,12.570000000000002,0.06286333333333333,640000,8466112
1718,142356,73,pair_003_n3_003_conflict,conflict,1,0,0,12.530000000000001,0.06274166666666667,640000,8470784
1719,142431,75,pair_002_n3_002_control,control,1,0,0,12.510000000000002,0.06261666666666665,640000,8475584
1720,142498,67,pair_013_n5_013_control,control,1,0,0,12.590000000000002,0.06250499999999998,640000,8479872
1721,142572,74,pair_009_n3_009_conflict,conflict,1,0,0,12.520000000000001,0.06238166666666667,640000,8484608
1722,142643,71,pair_014_n5_014_conflict,conflict,1,0,0,12.55,0.06226333333333331,640000,8489152
1723,142715,72,pair_005_n3_005_conflict,conflict,1,0,0,12.540000000000003,0.06214333333333333,640000,8493760
1724,142789,74,pair_006_n3_006_conflict,conflict,1,0,0,12.520000000000001,0.06201999999999999,640000,8498496
1725,142867,78,pair_010_n5_010_conflict,conflict,1,0,0,12.48,0.06189,640000,8503488
1726,142937,70,pair_006_n5_006_conflict,conflict,1,0,0,12.560000000000002,0.06177333333333332,640000,8507968
1727,143010,73,pair_012_n3_012_control,control,1,0,0,12.530000000000001,0.06165166666666666,640000,8512640
1728,143078,68,pair_010_n3_010_conflict,conflict,1,0,0,12.580000000000002,0.061538333333333334,640000,8516992
1729,143149,71,pair_007_n5_007_conflict,conflict,1,0,0,12.55,0.06142,640000,8521536
1730,143221,72,pair_001_n5_001_conflict,conflict,1,0,0,12.540000000000001,0.06129999999999999,640000,8526144
1731,143298,77,pair_005_n3_005_conflict,conflict,1,0,0,12.490000000000002,0.06117166666666665,640000,8531072
1732,143378,80,pair_017_n3_017_conflict,conflict,1,0,0,12.46,0.06103833333333333,640000,8536192
1733,143449,71,pair_012_n3_012_control,control,1,0,0,12.55,0.06092,640000,8540736
1734,143526,77,pair_016_n3_016_control,control,1,0,0,12.490000000000002,0.06079166666666666,640000,8545664
1735,143596,70,pair_000_n5_000_conflict,conflict,1,0,0,12.560000000000002,0.06067499999999998,640000,8550144
1736,143663,67,pair_015_n3_015_conflict,conflict,1,0,0,12.590000000000002,0.06056333333333333,640000,8554432
1737,143732,69,pair_014_n3_014_conflict,conflict,1,0,0,12.570000000000002,0.060448333333333326,640000,8558848
1738,143805,73,pair_011_n5_011_conflict,conflict,1,0,0,12.530000000000001,0.06032666666666667,640000,8563520
1739,143876,71,pair_003_n3_003_control,control,0,1,0,1.4500000000000015,0.060208333333333336,640000,8568064
1740,143951,75,pair_010_n5_010_control,control,1,0,0,12.510000000000002,0.06008333333333332,640000,8572864
1741,144021,70,pair_011_n3_011_conflict,conflict,1,0,0,12.560000000000002,0.05996666666666667,640000,8577344
1742,144069,48,pair_017_n5_017_control,control,0,1,0,0.830000000000001,0.059886666666666644,640000,8580416
1743,144137,68,pair_005_n5_005_control,control,1,0,0,12.580000000000002,0.05977333333333332,640000,8584768
1744,144207,70,pair_002_n3_002_conflict,conflict,1,0,0,12.560000000000002,0.05965666666666666,640000,8589248
1745,144309,102,pair_004_n3_004_control,control,1,0,0,12.240000000000002,0.05948666666666666,640000,8595776
1746,144380,71,pair_000_n3_000_conflict,conflict,1,0,0,12.55,0.05936833333333333,640000,8600320
1747,144390,10,pair_015_n3_015_control,control,0,1,0,-0.69,0.059351666666666664,640000,8600960
1748,144495,105,pair_008_n3_008_conflict,conflict,1,0,0,12.21,0.059176666666666655,640000,8607680
1749,144573,78,pair_001_n3_001_conflict,conflict,1,0,0,12.48,0.059046666666666664,640000,8612672
1750,144642,69,pair_009_n3_009_conflict,conflict,1,0,0,12.570000000000002,0.05893166666666666,640000,8617088
1751,144709,67,pair_011_n5_011_control,control,1,0,0,12.590000000000002,0.05881999999999998,640000,8621376
1752,144780,71,pair_003_n3_003_conflict,conflict,1,0,0,12.55,0.05870166666666665,640000,8625920
1753,144849,69,pair_012_n5_012_conflict,conflict,0,1,0,1.5700000000000016,0.05858666666666665,640000,8630336
1754,144917,68,pair_013_n5_013_conflict,conflict,1,0,0,12.580000000000002,0.05847333333333332,640000,8634688
1755,144995,78,pair_016_n5_016_conflict,conflict,1,0,0,12.480000000000002,0.05834333333333333,640000,8639680
1756,145071,76,pair_008_n5_008_conflict,conflict,1,0,0,12.500000000000002,0.05821666666666667,640000,8644544
1757,145146,75,pair_004_n3_004_conflict,conflict,1,0,0,12.510000000000002,0.05809166666666665,640000,8649344
1758,145217,71,pair_005_n3_005_control,control,1,0,0,12.55,0.05797333333333332,640000,8653888
1759,145293,76,pair_006_n5_006_conflict,conflict,1,0,0,12.500000000000002,0.05784666666666666,640000,8658752
1760,145363,70,pair_017_n3_017_control,control,1,0,0,12.560000000000002,0.057729999999999976,640000,8663232
1761,145442,79,pair_016_n5_016_control,control,1,0,0,12.470000000000002,0.057598333333333335,640000,8668288
1762,145511,69,pair_015_n5_015_control,control,1,0,0,12.570000000000002,0.05748333333333333,640000,8672704
1763,145583,72,pair_014_n3_014_control,control,1,0,0,12.540000000000001,0.05736333333333332,640000,8677312
1764,145651,68,pair_017_n5_017_conflict,conflict,1,0,0,12.580000000000002,0.057249999999999995,640000,8681664
1765,145724,73,pair_006_n3_006_conflict,conflict,1,0,0,12.530000000000001,0.05712833333333331,640000,8686336
1766,145793,69,pair_012_n3_012_conflict,conflict,1,0,0,12.570000000000002,0.05701333333333333,640000,8690752
1767,145868,75,pair_004_n5_004_conflict,conflict,1,0,0,12.510000000000002,0.05688833333333332,640000,8695552
1768,145937,69,pair_008_n3_008_control,control,1,0,0,12.570000000000002,0.056773333333333315,640000,8699968
1769,146009,72,pair_009_n3_009_control,control,1,0,0,12.540000000000001,0.05665333333333333,640000,8704576
1770,146078,69,pair_000_n5_000_control,control,1,0,0,12.570000000000002,0.05653833333333333,640000,8708992
1771,146149,71,pair_002_n3_002_control,control,1,0,0,12.55,0.05642,640000,8713536
1772,146220,71,pair_013_n3_013_control,control,1,0,0,12.55,0.056301666666666667,640000,8718080
1773,146303,83,pair_010_n5_010_conflict,conflict,1,0,0,12.430000000000001,0.056163333333333315,640000,8723392
1774,146374,71,pair_008_n5_008_control,control,1,0,0,12.55,0.056044999999999984,640000,8727936
1775,146451,77,pair_010_n3_010_control,control,1,0,0,12.490000000000002,0.05591666666666664,640000,8732864
1776,146518,67,pair_016_n3_016_conflict,conflict,1,0,0,12.590000000000002,0.055804999999999993,640000,8737152
1777,146586,68,pair_002_n5_002_conflict,conflict,1,0,0,12.580000000000002,0.05569166666666667,640000,8741504
1778,146657,71,pair_001_n3_001_control,control,1,0,0,12.55,0.055573333333333336,640000,8746048
1779,146732,75,pair_005_n5_005_conflict,conflict,1,0,0,12.510000000000002,0.05544833333333332,640000,8750848
1780,146804,72,pair_007_n5_007_control,control,1,0,0,12.540000000000001,0.05532833333333331,640000,8755456
1781,146871,67,pair_015_n5_015_conflict,conflict,1,0,0,12.590000000000002,0.055216666666666664,640000,8759744
1782,146943,72,pair_011_n3_011_control,control,1,0,0,12.540000000000001,0.055096666666666655,640000,8764352
1783,147013,70,pair_014_n5_014_conflict,conflict,1,0,0,12.560000000000002,0.05498,640000,8768832
1784,147081,68,pair_007_n3_007_conflict,conflict,1,0,0,12.580000000000002,0.05486666666666665,640000,8773184
1785,147152,71,pair_006_n5_006_control,control,1,0,0,12.55,0.054748333333333316,640000,8777728
1786,147221,69,pair_007_n3_007_control,control,1,0,0,12.570000000000002,0.05463333333333331,640000,8782144
1787,147293,72,pair_013_n5_013_control,control,1,0,0,12.540000000000001,0.05451333333333333,640000,8786752
1788,147368,75,pair_012_n5_012_control,control,1,0,0,12.510000000000002,0.054388333333333316,640000,8791552
1789,147434,66,pair_003_n5_003_control,control,1,0,0,12.600000000000001,0.05427833333333332,640000,8795776
1790,147506,72,pair_013_n3_013_conflict,conflict,1,0,0,12.540000000000001,0.054158333333333336,640000,8800384
1791,147577,71,pair_009_n5_009_conflict,conflict,1,0,0,12.55,0.05403999999999998,640000,8804928
1792,147646,69,pair_000_n3_000_control,control,1,0,0,12.570000000000002,0.053925,640000,8809344
1793,147715,69,pair_014_n5_014_control,control,1,0,0,12.570000000000002,0.05381,640000,8813760
1794,147788,73,pair_001_n5_001_control,control,1,0,0,12.530000000000001,0.05368833333333331,640000,8818432
1795,147856,68,pair_003_n5_003_conflict,conflict,1,0,0,12.580000000000002,0.053574999999999984,640000,8822784
1796,147965,109,pair_004_n5_004_control,control,1,0,0,12.170000000000002,0.05339333333333332,640000,8829760
1797,148034,69,pair_006_n3_006_control,control,1,0,0,12.570000000000002,0.053278333333333316,640000,8834176
1798,148101,67,pair_002_n5_002_control,control,1,0,0,12.590000000000002,0.05316666666666667,640000,8838464
1799,148170,69,pair_009_n5_009_control,control,1,0,0,12.570000000000002,0.053051666666666664,640000,8842880
1800,148241,71,pair_006_n3_006_control,control,1,0,0,12.55,0.05293333333333333,640000,8847424
1801,148307,66,pair_004_n5_004_conflict,conflict,1,0,0,12.600000000000001,0.05282333333333333,640000,8851648
1802,148381,74,pair_004_n3_004_conflict,conflict,1,0,0,12.520000000000001,0.0527,640000,8856384
1803,148450,69,pair_015_n5_015_control,control,1,0,0,12.570000000000002,0.05258499999999999,640000,8860800
1804,148520,70,pair_008_n5_008_control,control,1,0,0,12.560000000000002,0.05246833333333331,640000,8865280
1805,148591,71,pair_008_n5_008_conflict,conflict,1,0,0,12.550000000000002,0.05234999999999998,640000,8869824
1806,148667,76,pair_016_n3_016_conflict,conflict,1,0,0,12.500000000000002,0.052223333333333316,640000,8874688
1807,148735,68,pair_012_n3_012_control,control,1,0,0,12.580000000000002,0.05210999999999999,640000,8879040
1808,148807,72,pair_015_n3_015_conflict,conflict,1,0,0,12.540000000000001,0.05198999999999998,640000,8883648
1809,148875,68,pair_009_n5_009_control,control,1,0,0,12.580000000000002,0.051876666666666654,640000,8888000
1810,148945,70,pair_011_n3_011_conflict,conflict,1,0,0,12.560000000000002,0.05176,640000,8892480
1811,149014,69,pair_010_n5_010_control,control,1,0,0,12.570000000000002,0.051644999999999996,640000,8896896
1812,149085,71,pair_000_n5_000_conflict,conflict,1,0,0,12.55,0.051526666666666665,640000,8901440
1813,149154,69,pair_005_n3_005_control,control,1,0,0,12.570000000000002,0.05141166666666666,640000,8905856
1814,149224,70,pair_014_n5_014_control,control,1,0,0,12.560000000000002,0.05129499999999998,640000,8910336
1815,149293,69,pair_007_n5_007_conflict,conflict,1,0,0,12.570000000000002,0.051179999999999976,640000,8914752
1816,149363,70,pair_012_n5_012_control,control,1,0,0,12.560000000000002,0.05106333333333332,640000,8919232
1817,149437,74,pair_000_n3_000_control,control,1,0,0,12.520000000000001,0.050939999999999985,640000,8923968
1818,149505,68,pair_008_n3_008_conflict,conflict,1,0,0,12.580000000000002,0.05082666666666666,640000,8928320
1819,149575,70,pair_014_n3_014_control,control,1,0,0,12.560000000000002,0.05070999999999998,640000,8932800
1820,149646,71,pair_005_n3_005_conflict,conflict,1,0,0,12.55,0.050591666666666646,640000,8937344
1821,149718,72,pair_009_n5_009_conflict,conflict,1,0,0,12.540000000000001,0.050471666666666665,640000,8941952
1822,149786,68,pair_012_n3_012_conflict,conflict,1,0,0,12.580000000000002,0.05035833333333331,640000,8946304
1823,149853,67,pair_011_n5_011_control,control,1,0,0,12.590000000000002,0.05024666666666666,640000,8950592
1824,149922,69,pair_017_n3_017_conflict,conflict,1,0,0,12.570000000000002,0.05013166666666666,640000,8955008
1825,149988,66,pair_000_n3_000_conflict,conflict,0,1,0,1.6000000000000014,0.05002166666666666,640000,8959232
1826,150062,74,pair_007_n5_007_control,control,1,0,0,12.520000000000001,0.04999999999999999,640000,8963968
1827,150138,76,pair_011_n5_011_conflict,conflict,1,0,0,12.500000000000002,0.04999999999999999,640000,8968832
1828,150206,68,pair_015_n5_015_conflict,conflict,1,0,0,12.580000000000002,0.04999999999999999,640000,8973184
1829,150276,70,pair_001_n5_001_conflict,conflict,1,0,0,12.560000000000002,0.04999999999999999,640000,8977664
1830,150347,71,pair_005_n5_005_conflict,conflict,1,0,0,12.55,0.04999999999999999,640000,8982208
1831,150421,74,pair_016_n3_016_control,control,1,0,0,12.520000000000001,0.04999999999999999,640000,8986944
1832,150492,71,pair_013_n5_013_conflict,conflict,1,0,0,12.55,0.04999999999999999,640000,8991488
1833,150560,68,pair_007_n3_007_conflict,conflict,1,0,0,12.580000000000002,0.04999999999999999,640000,8995840
1834,150631,71,pair_010_n3_010_conflict,conflict,1,0,0,12.55,0.04999999999999999,640000,9000384
1835,150705,74,pair_014_n3_014_conflict,conflict,1,0,0,12.520000000000001,0.04999999999999999,640000,9005120
1836,150773,68,pair_003_n3_003_conflict,conflict,1,0,0,12.580000000000002,0.04999999999999999,640000,9009472
1837,150776,3,pair_005_n5_005_control,control,0,1,0,-0.92,0.04999999999999999,640000,9009664
1838,150846,70,pair_016_n5_016_control,control,1,0,0,12.560000000000002,0.04999999999999999,640000,9014144
1839,150915,69,pair_017_n3_017_control,control,1,0,0,12.570000000000002,0.04999999999999999,640000,9018560
1840,150986,71,pair_006_n5_006_conflict,conflict,1,0,0,12.55,0.04999999999999999,640000,9023104
1841,151054,68,pair_006_n3_006_conflict,conflict,1,0,0,12.580000000000002,0.04999999999999999,640000,9027456
1842,151126,72,pair_004_n5_004_control,control,1,0,0,12.540000000000001,0.04999999999999999,640000,9032064
1843,151202,76,pair_017_n5_017_conflict,conflict,1,0,0,12.500000000000002,0.04999999999999999,640000,9036928
1844,151272,70,pair_010_n3_010_control,control,1,0,0,12.560000000000002,0.04999999999999999,640000,9041408
1845,151344,72,pair_009_n3_009_control,control,1,0,0,12.540000000000001,0.04999999999999999,640000,9046016
1846,151357,13,pair_013_n5_013_control,control,0,1,0,-0.52,0.04999999999999999,640000,9046848
1847,151428,71,pair_002_n5_002_control,control,1,0,0,12.55,0.04999999999999999,640000,9051392
1848,151500,72,pair_006_n5_006_control,control,1,0,0,12.540000000000001,0.04999999999999999,640000,9056000
1849,151571,71,pair_002_n3_002_control,control,1,0,0,12.55,0.04999999999999999,640000,9060544
1850,151642,71,pair_003_n5_003_conflict,conflict,1,0,0,12.55,0.04999999999999999,640000,9065088
1851,151713,71,pair_008_n3_008_control,control,1,0,0,12.55,0.04999999999999999,640000,9069632
1852,151781,68,pair_001_n3_001_conflict,conflict,1,0,0,12.580000000000002,0.04999999999999999,640000,9073984
1853,151858,77,pair_016_n5_016_conflict,conflict,1,0,0,12.490000000000002,0.04999999999999999,640000,9078912
1854,151926,68,pair_000_n5_000_control,control,1,0,0,12.580000000000002,0.04999999999999999,640000,9083264
1855,151995,69,pair_003_n3_003_control,control,1,0,0,12.570000000000002,0.04999999999999999,640000,9087680
1856,152075,80,pair_002_n3_002_conflict,conflict,1,0,0,12.46,0.04999999999999999,640000,9092800
1857,152142,67,pair_004_n3_004_control,control,1,0,0,12.590000000000002,0.04999999999999999,640000,9097088
1858,152212,70,pair_011_n3_011_control,control,1,0,0,12.560000000000002,0.04999999999999999,640000,9101568
1859,152291,79,pair_002_n5_002_conflict,conflict,1,0,0,12.470000000000002,0.04999999999999999,640000,9106624
1860,152359,68,pair_013_n3_013_conflict,conflict,1,0,0,12.580000000000002,0.04999999999999999,640000,9110976
1861,152432,73,pair_014_n5_014_conflict,conflict,1,0,0,12.530000000000001,0.04999999999999999,640000,9115648
1862,152505,73,pair_009_n3_009_conflict,conflict,1,0,0,12.530000000000001,0.04999999999999999,640000,9120320
1863,152575,70,pair_003_n5_003_control,control,1,0,0,12.560000000000002,0.04999999999999999,640000,9124800
1864,152644,69,pair_001_n5_001_control,control,1,0,0,12.570000000000002,0.04999999999999999,640000,9129216
1865,152713,69,pair_013_n3_013_control,control,1,0,0,12.570000000000002,0.04999999999999999,640000,9133632
1866,152782,69,pair_015_n3_015_control,control,1,0,0,12.570000000000002,0.04999999999999999,640000,9138048
1867,152851,69,pair_017_n5_017_control,control,1,0,0,12.570000000000002,0.04999999999999999,640000,9142464
1868,152918,67,pair_001_n3_001_control,control,1,0,0,12.590000000000002,0.04999999999999999,640000,9146752
1869,152985,67,pair_007_n3_007_control,control,1,0,0,12.590000000000002,0.04999999999999999,640000,9151040
1870,153056,71,pair_010_n5_010_conflict,conflict,1,0,0,12.55,0.04999999999999999,640000,9155584
1871,153123,67,pair_012_n5_012_conflict,conflict,1,0,0,12.590000000000002,0.04999999999999999,640000,9159872
1872,153193,70,pair_007_n3_007_conflict,conflict,1,0,0,12.560000000000002,0.04999999999999999,640000,9164352
1873,153200,7,pair_004_n3_004_conflict,conflict,0,1,0,-0.76,0.04999999999999999,640000,9164800
1874,153205,5,pair_005_n3_005_conflict,conflict,0,1,0,-0.84,0.04999999999999999,640000,9165120
1875,153218,13,pair_014_n5_014_conflict,conflict,0,1,0,-0.6200000000000001,0.04999999999999999,640000,9165952
1876,153302,84,pair_008_n3_008_control,control,1,0,0,12.420000000000002,0.04999999999999999,640000,9171328
1877,153374,72,pair_009_n5_009_conflict,conflict,1,0,0,12.540000000000001,0.04999999999999999,640000,9175936
1878,153446,72,pair_017_n5_017_control,control,1,0,0,12.540000000000001,0.04999999999999999,640000,9180544
1879,153512,66,pair_002_n5_002_control,control,1,0,0,12.600000000000001,0.04999999999999999,640000,9184768
1880,153585,73,pair_016_n3_016_control,control,1,0,0,12.530000000000001,0.04999999999999999,640000,9189440
1881,153654,69,pair_016_n5_016_control,control,1,0,0,12.570000000000002,0.04999999999999999,640000,9193856
1882,153724,70,pair_003_n3_003_conflict,conflict,1,0,0,12.560000000000002,0.04999999999999999,640000,9198336
1883,153794,70,pair_009_n3_009_control,control,1,0,0,12.560000000000002,0.04999999999999999,640000,9202816
1884,153863,69,pair_010_n5_010_control,control,1,0,0,12.570000000000002,0.04999999999999999,640000,9207232
1885,153931,68,pair_003_n5_003_control,control,1,0,0,12.580000000000002,0.04999999999999999,640000,9211584
1886,154003,72,pair_007_n5_007_conflict,conflict,1,0,0,12.540000000000003,0.04999999999999999,640000,9216192
1887,154071,68,pair_013_n3_013_conflict,conflict,1,0,0,12.580000000000002,0.04999999999999999,640000,9220544
1888,154138,67,pair_011_n3_011_conflict,conflict,1,0,0,12.590000000000002,0.04999999999999999,640000,9224832
1889,154211,73,pair_013_n3_013_control,control,1,0,0,12.530000000000001,0.04999999999999999,640000,9229504
1890,154282,71,pair_009_n5_009_control,control,1,0,0,12.55,0.04999999999999999,640000,9234048
1891,154359,77,pair_004_n5_004_control,control,1,0,0,12.490000000000002,0.04999999999999999,640000,9238976
1892,154434,75,pair_012_n3_012_conflict,conflict,1,0,0,12.510000000000002,0.04999999999999999,640000,9243776
1893,154545,111,pair_006_n3_006_conflict,conflict,1,0,0,12.150000000000006,0.04999999999999999,640000,9250880
1894,154613,68,pair_008_n3_008_conflict,conflict,1,0,0,12.580000000000002,0.04999999999999999,640000,9255232
1895,154704,91,pair_006_n5_006_conflict,conflict,1,0,0,12.350000000000001,0.04999999999999999,640000,9261056
1896,154772,68,pair_011_n5_011_conflict,conflict,1,0,0,12.580000000000002,0.04999999999999999,640000,9265408
1897,154826,54,pair_001_n5_001_conflict,conflict,0,1,0,0.7200000000000009,0.04999999999999999,640000,9268864
1898,154879,53,pair_015_n5_015_control,control,0,1,0,0.7800000000000009,0.04999999999999999,640000,9272256
1899,154947,68,pair_014_n3_014_conflict,conflict,1,0,0,12.580000000000002,0.04999999999999999,640000,9276608
1900,155017,70,pair_000_n3_000_control,control,1,0,0,12.560000000000002,0.04999999999999999,640000,9281088
1901,155089,72,pair_008_n5_008_conflict,conflict,1,0,0,12.540000000000001,0.04999999999999999,640000,9285696
1902,155161,72,pair_000_n3_000_conflict,conflict,1,0,0,12.540000000000001,0.04999999999999999,640000,9290304
1903,155218,57,pair_005_n5_005_conflict,conflict,0,1,0,0.840000000000001,0.04999999999999999,640000,9293952
1904,155518,300,pair_002_n3_002_control,control,0,0,0,0.15000000000000338,0.04999999999999999,640000,9313152
1905,155602,84,pair_010_n3_010_conflict,conflict,1,0,0,12.420000000000002,0.04999999999999999,640000,9318528
1906,155676,74,pair_008_n5_008_control,control,1,0,0,12.520000000000001,0.04999999999999999,640000,9323264
1907,155746,70,pair_012_n5_012_control,control,1,0,0,12.560000000000002,0.04999999999999999,640000,9327744
1908,155812,66,pair_003_n3_003_control,control,1,0,0,12.600000000000001,0.04999999999999999,640000,9331968
1909,155881,69,pair_016_n5_016_conflict,conflict,1,0,0,12.570000000000002,0.04999999999999999,640000,9336384
1910,155950,69,pair_014_n5_014_control,control,1,0,0,12.570000000000002,0.04999999999999999,640000,9340800
1911,156019,69,pair_007_n5_007_control,control,1,0,0,12.570000000000002,0.04999999999999999,640000,9345216
1912,156130,111,pair_004_n5_004_conflict,conflict,1,0,0,12.150000000000002,0.04999999999999999,640000,9352320
1913,156208,78,pair_017_n3_017_conflict,conflict,1,0,0,12.480000000000002,0.04999999999999999,640000,9357312
1914,156277,69,pair_002_n3_002_conflict,conflict,1,0,0,12.570000000000002,0.04999999999999999,640000,9361728
1915,156343,66,pair_001_n3_001_control,control,1,0,0,12.600000000000001,0.04999999999999999,640000,9365952
1916,156426,83,pair_010_n5_010_conflict,conflict,1,0,0,12.430000000000001,0.04999999999999999,640000,9371264
1917,156501,75,pair_015_n3_015_conflict,conflict,1,0,0,12.510000000000002,0.04999999999999999,640000,9376064
1918,156572,71,pair_001_n5_001_control,control,1,0,0,12.55,0.04999999999999999,640000,9380608
1919,156645,73,pair_006_n5_006_control,control,1,0,0,12.530000000000001,0.04999999999999999,640000,9385280
1920,156722,77,pair_000_n5_000_control,control,1,0,0,12.490000000000002,0.04999999999999999,640000,9390208
1921,156740,18,pair_015_n5_015_conflict,conflict,0,1,0,-0.31999999999999995,0.04999999999999999,640000,9391360
1922,156810,70,pair_007_n3_007_control,control,1,0,0,12.560000000000002,0.04999999999999999,640000,9395840
1923,156882,72,pair_012_n3_012_control,control,1,0,0,12.540000000000003,0.04999999999999999,640000,9400448
1924,156951,69,pair_013_n5_013_conflict,conflict,1,0,0,12.570000000000002,0.04999999999999999,640000,9404864
1925,156973,22,pair_001_n3_001_conflict,conflict,0,1,0,-0.30999999999999994,0.04999999999999999,640000,9406272
1926,157046,73,pair_003_n5_003_conflict,conflict,1,0,0,12.530000000000001,0.04999999999999999,640000,9410944
1927,157121,75,pair_017_n5_017_conflict,conflict,1,0,0,12.510000000000002,0.04999999999999999,640000,9415744
1928,157189,68,pair_005_n3_005_control,control,1,0,0,12.580000000000002,0.04999999999999999,640000,9420096
1929,157202,13,pair_012_n5_012_conflict,conflict,0,1,0,-0.52,0.04999999999999999,640000,9420928
1930,157273,71,pair_011_n5_011_control,control,1,0,0,12.55,0.04999999999999999,640000,9425472
1931,157342,69,pair_011_n3_011_control,control,1,0,0,12.570000000000002,0.04999999999999999,640000,9429888
1932,157414,72,pair_013_n5_013_control,control,1,0,0,12.540000000000001,0.04999999999999999,640000,9434496
1933,157466,52,pair_017_n3_017_control,control,0,1,0,0.7900000000000009,0.04999999999999999,640000,9437824
1934,157538,72,pair_015_n3_015_control,control,1,0,0,12.540000000000001,0.04999999999999999,640000,9442432
1935,157615,77,pair_005_n5_005_control,control,1,0,0,12.490000000000002,0.04999999999999999,640000,9447360
1936,157691,76,pair_002_n5_002_conflict,conflict,1,0,0,12.500000000000002,0.04999999999999999,640000,9452224
1937,157746,55,pair_000_n5_000_conflict,conflict,0,1,0,0.860000000000001,0.04999999999999999,640000,9455744
1938,157816,70,pair_009_n3_009_conflict,conflict,1,0,0,12.560000000000002,0.04999999999999999,640000,9460224
1939,157887,71,pair_006_n3_006_control,control,1,0,0,12.55,0.04999999999999999,640000,9464768
1940,157956,69,pair_004_n3_004_control,control,1,0,0,12.570000000000002,0.04999999999999999,640000,9469184
1941,158025,69,pair_014_n3_014_control,control,1,0,0,12.570000000000002,0.04999999999999999,640000,9473600
1942,158101,76,pair_016_n3_016_conflict,conflict,1,0,0,12.500000000000002,0.04999999999999999,640000,9478464
1943,158178,77,pair_010_n3_010_control,control,1,0,0,12.490000000000002,0.04999999999999999,640000,9483392
1944,158245,67,pair_009_n3_009_conflict,conflict,1,0,0,12.590000000000002,0.04999999999999999,640000,9487680
1945,158322,77,pair_011_n3_011_control,control,1,0,0,12.490000000000002,0.04999999999999999,640000,9492608
1946,158391,69,pair_007_n3_007_conflict,conflict,1,0,0,12.570000000000002,0.04999999999999999,640000,9497024
1947,158460,69,pair_003_n5_003_conflict,conflict,1,0,0,12.570000000000002,0.04999999999999999,640000,9501440
1948,158528,68,pair_000_n5_000_control,control,1,0,0,12.580000000000002,0.04999999999999999,640000,9505792
1949,158596,68,pair_006_n3_006_conflict,conflict,1,0,0,12.580000000000002,0.04999999999999999,640000,9510144
1950,158665,69,pair_011_n3_011_conflict,conflict,1,0,0,12.570000000000002,0.04999999999999999,640000,9514560
1951,158735,70,pair_000_n3_000_conflict,conflict,1,0,0,12.560000000000002,0.04999999999999999,640000,9519040
1952,158801,66,pair_003_n3_003_conflict,conflict,1,0,0,12.600000000000001,0.04999999999999999,640000,9523264
1953,158876,75,pair_009_n5_009_conflict,conflict,1,0,0,12.510000000000002,0.04999999999999999,640000,9528064
1954,158952,76,pair_006_n5_006_conflict,conflict,1,0,0,12.500000000000002,0.04999999999999999,640000,9532928
1955,159022,70,pair_008_n5_008_conflict,conflict,0,1,0,1.5100000000000016,0.04999999999999999,640000,9537408
1956,159090,68,pair_004_n5_004_control,control,1,0,0,12.580000000000002,0.04999999999999999,640000,9541760
1957,159159,69,pair_008_n5_008_control,control,1,0,0,12.570000000000002,0.04999999999999999,640000,9546176
1958,159231,72,pair_002_n3_002_control,control,1,0,0,12.540000000000001,0.04999999999999999,640000,9550784
1959,159297,66,pair_017_n5_017_control,control,1,0,0,12.600000000000001,0.04999999999999999,640000,9555008
1960,159300,3,pair_005_n3_005_control,control,0,1,0,-0.92,0.04999999999999999,640000,9555200
1961,159372,72,pair_010_n5_010_conflict,conflict,1,0,0,12.540000000000003,0.04999999999999999,640000,9559808
1962,159446,74,pair_012_n3_012_conflict,conflict,1,0,0,12.520000000000001,0.04999999999999999,640000,9564544
1963,159515,69,pair_003_n3_003_control,control,1,0,0,12.570000000000002,0.04999999999999999,640000,9568960
1964,159599,84,pair_001_n3_001_conflict,conflict,1,0,0,12.420000000000002,0.04999999999999999,640000,9574336
1965,159623,24,pair_010_n5_010_control,control,0,1,0,-0.17999999999999983,0.04999999999999999,640000,9575872
1966,159695,72,pair_012_n5_012_conflict,conflict,1,0,0,12.540000000000001,0.04999999999999999,640000,9580480
1967,159769,74,pair_013_n5_013_conflict,conflict,1,0,0,12.520000000000001,0.04999999999999999,640000,9585216
1968,159840,71,pair_011_n5_011_conflict,conflict,1,0,0,12.55,0.04999999999999999,640000,9589760
1969,159910,70,pair_007_n3_007_control,control,1,0,0,12.560000000000002,0.04999999999999999,640000,9594240
1970,159979,69,pair_001_n3_001_control,control,1,0,0,12.570000000000002,0.04999999999999999,640000,9598656
1971,160048,69,pair_014_n5_014_conflict,conflict,1,0,0,12.570000000000002,0.04999999999999999,640000,9603072
1972,160118,70,pair_005_n5_005_conflict,conflict,1,0,0,12.560000000000002,0.04999999999999999,640000,9607552
1973,160197,79,pair_016_n5_016_conflict,conflict,1,0,0,12.470000000000002,0.04999999999999999,640000,9612608
1974,160267,70,pair_011_n5_011_control,control,1,0,0,12.560000000000002,0.04999999999999999,640000,9617088
1975,160334,67,pair_003_n5_003_control,control,1,0,0,12.590000000000002,0.04999999999999999,640000,9621376
1976,160408,74,pair_005_n3_005_conflict,conflict,1,0,0,12.520000000000001,0.04999999999999999,640000,9626112
1977,160477,69,pair_015_n3_015_control,control,1,0,0,12.570000000000002,0.04999999999999999,640000,9630528
1978,160545,68,pair_015_n5_015_conflict,conflict,1,0,0,12.580000000000002,0.04999999999999999,640000,9634880
1979,160611,66,pair_009_n5_009_control,control,1,0,0,12.600000000000001,0.04999999999999999,640000,9639104
1980,160683,72,pair_002_n3_002_conflict,conflict,1,0,0,12.540000000000001,0.04999999999999999,640000,9643712
1981,160754,71,pair_015_n5_015_control,control,1,0,0,12.55,0.04999999999999999,640000,9648256
1982,160825,71,pair_016_n5_016_control,control,1,0,0,12.55,0.04999999999999999,640000,9652800
1983,160899,74,pair_004_n3_004_conflict,conflict,1,0,0,12.520000000000001,0.04999999999999999,640000,9657536
1984,160967,68,pair_012_n5_012_control,control,1,0,0,12.580000000000002,0.04999999999999999,640000,9661888
1985,161038,71,pair_016_n3_016_conflict,conflict,1,0,0,12.55,0.04999999999999999,640000,9666432
1986,161107,69,pair_014_n5_014_control,control,1,0,0,12.570000000000002,0.04999999999999999,640000,9670848
1987,161176,69,pair_014_n3_014_conflict,conflict,1,0,0,12.570000000000002,0.04999999999999999,640000,9675264
1988,161266,90,pair_014_n3_014_control,control,1,0,0,12.360000000000001,0.04999999999999999,640000,9681024
1989,161341,75,pair_010_n3_010_conflict,conflict,1,0,0,12.510000000000002,0.04999999999999999,640000,9685824
1990,161417,76,pair_015_n3_015_conflict,conflict,1,0,0,12.500000000000002,0.04999999999999999,640000,9690688
1991,161487,70,pair_004_n5_004_conflict,conflict,1,0,0,12.560000000000002,0.04999999999999999,640000,9695168
1992,161553,66,pair_008_n3_008_control,control,1,0,0,12.600000000000001,0.04999999999999999,640000,9699392
1993,161564,11,pair_013_n5_013_control,control,0,1,0,-0.8,0.04999999999999999,640000,9700096
1994,161781,217,pair_002_n5_002_conflict,conflict,1,0,0,11.09,0.04999999999999999,640000,9713984
1995,161858,77,pair_006_n5_006_control,control,1,0,0,12.490000000000002,0.04999999999999999,640000,9718912
1996,162001,143,pair_001_n5_001_control,control,1,0,0,11.830000000000002,0.04999999999999999,640000,9728064
1997,162069,68,pair_016_n3_016_control,control,1,0,0,12.580000000000002,0.04999999999999999,640000,9732416
1998,162141,72,pair_017_n3_017_control,control,1,0,0,12.540000000000001,0.04999999999999999,640000,9737024
1999,162212,71,pair_012_n3_012_control,control,1,0,0,12.55,0.04999999999999999,640000,9741568
2000,162291,79,pair_001_n5_001_conflict,conflict,1,0,0,12.470000000000002,0.04999999999999999,640000,9746624
2001,162360,69,pair_010_n3_010_control,control,1,0,0,12.570000000000002,0.04999999999999999,640000,9751040
2002,162439,79,pair_005_n5_005_control,control,1,0,0,12.470000000000002,0.04999999999999999,640000,9756096
2003,162507,68,pair_013_n3_013_control,control,1,0,0,12.580000000000002,0.04999999999999999,640000,9760448
2004,162586,79,pair_007_n5_007_control,control,1,0,0,12.470000000000002,0.04999999999999999,640000,9765504
2005,162656,70,pair_004_n3_004_control,control,1,0,0,12.560000000000002,0.04999999999999999,640000,9769984
2006,162729,73,pair_000_n3_000_control,control,1,0,0,12.530000000000001,0.04999999999999999,640000,9774656
2007,162798,69,pair_002_n5_002_control,control,1,0,0,12.570000000000002,0.04999999999999999,640000,9779072
2008,162866,68,pair_000_n5_000_conflict,conflict,1,0,0,12.580000000000002,0.04999999999999999,640000,9783424
2009,162936,70,pair_007_n5_007_conflict,conflict,1,0,0,12.560000000000002,0.04999999999999999,640000,9787904
2010,163004,68,pair_009_n3_009_control,control,1,0,0,12.580000000000002,0.04999999999999999,640000,9792256
2011,163072,68,pair_008_n3_008_conflict,conflict,1,0,0,12.580000000000002,0.04999999999999999,640000,9796608
2012,163139,67,pair_013_n3_013_conflict,conflict,1,0,0,12.590000000000002,0.04999999999999999,640000,9800896
2013,163207,68,pair_017_n3_017_conflict,conflict,1,0,0,12.580000000000002,0.04999999999999999,640000,9805248
2014,163275,68,pair_017_n5_017_conflict,conflict,1,0,0,12.580000000000002,0.04999999999999999,640000,9809600
2015,163345,70,pair_006_n3_006_control,control,1,0,0,12.560000000000002,0.04999999999999999,640000,9814080
2016,163417,72,pair_009_n5_009_control,control,1,0,0,12.540000000000001,0.04999999999999999,640000,9818688
2017,163485,68,pair_015_n5_015_control,control,1,0,0,12.580000000000002,0.04999999999999999,640000,9823040
2018,163553,68,pair_012_n3_012_conflict,conflict,1,0,0,12.580000000000002,0.04999999999999999,640000,9827392
2019,163636,83,pair_001_n3_001_conflict,conflict,1,0,0,12.430000000000001,0.04999999999999999,640000,9832704
2020,163708,72,pair_005_n5_005_control,control,1,0,0,12.540000000000003,0.04999999999999999,640000,9837312
2021,163783,75,pair_013_n5_013_control,control,1,0,0,12.510000000000002,0.04999999999999999,640000,9842112
2022,163856,73,pair_006_n5_006_conflict,conflict,1,0,0,12.530000000000001,0.04999999999999999,640000,9846784
2023,163928,72,pair_005_n3_005_conflict,conflict,1,0,0,12.540000000000003,0.04999999999999999,640000,9851392
2024,163997,69,pair_014_n3_014_control,control,1,0,0,12.570000000000002,0.04999999999999999,640000,9855808
2025,164071,74,pair_016_n5_016_control,control,1,0,0,12.520000000000001,0.04999999999999999,640000,9860544
2026,164089,18,pair_015_n5_015_conflict,conflict,0,1,0,-0.31999999999999995,0.04999999999999999,640000,9861696
2027,164174,85,pair_000_n3_000_control,control,1,0,0,12.410000000000002,0.04999999999999999,640000,9867136
2028,164244,70,pair_008_n5_008_conflict,conflict,1,0,0,12.560000000000002,0.04999999999999999,640000,9871616
2029,164312,68,pair_006_n3_006_control,control,1,0,0,12.580000000000002,0.04999999999999999,640000,9875968
2030,164321,9,pair_009_n5_009_conflict,conflict,0,1,0,-0.6799999999999999,0.04999999999999999,640000,9876544
2031,164394,73,pair_011_n3_011_control,control,1,0,0,12.530000000000001,0.04999999999999999,640000,9881216
2032,164462,68,pair_003_n5_003_conflict,conflict,1,0,0,12.580000000000002,0.04999999999999999,640000,9885568
2033,164528,66,pair_011_n5_011_control,control,1,0,0,12.600000000000001,0.04999999999999999,640000,9889792
2034,164598,70,pair_010_n5_010_conflict,conflict,1,0,0,12.560000000000002,0.04999999999999999,640000,9894272
2035,164672,74,pair_007_n3_007_control,control,1,0,0,12.520000000000001,0.04999999999999999,640000,9899008
2036,164746,74,pair_005_n3_005_control,control,1,0,0,12.520000000000001,0.04999999999999999,640000,9903744
2037,164819,73,pair_016_n3_016_control,control,1,0,0,12.530000000000001,0.04999999999999999,640000,9908416
2038,164889,70,pair_017_n5_017_conflict,conflict,1,0,0,12.560000000000002,0.04999999999999999,640000,9912896
2039,164956,67,pair_007_n5_007_conflict,conflict,1,0,0,12.590000000000002,0.04999999999999999,640000,9917184
2040,165029,73,pair_003_n5_003_control,control,1,0,0,12.530000000000001,0.04999999999999999,640000,9921856
2041,165100,71,pair_011_n5_011_conflict,conflict,1,0,0,12.55,0.04999999999999999,640000,9926400
2042,165167,67,pair_016_n3_016_conflict,conflict,1,0,0,12.590000000000002,0.04999999999999999,640000,9930688
2043,165237,70,pair_008_n3_008_conflict,conflict,1,0,0,12.560000000000002,0.04999999999999999,640000,9935168
2044,165306,69,pair_000_n5_000_control,control,1,0,0,12.570000000000002,0.04999999999999999,640000,9939584
2045,165606,300,pair_004_n3_004_conflict,conflict,0,0,0,0.05000000000000435,0.04999999999999999,640000,9958784
2046,165685,79,pair_011_n3_011_conflict,conflict,1,0,0,12.470000000000002,0.04999999999999999,640000,9963840
2047,165751,66,pair_017_n3_017_control,control,1,0,0,12.600000000000001,0.04999999999999999,640000,9968064
2048,165821,70,pair_009_n3_009_control,control,1,0,0,12.560000000000002,0.04999999999999999,640000,9972544
2049,165891,70,pair_010_n3_010_control,control,1,0,0,12.560000000000002,0.04999999999999999,640000,9977024
2050,165990,99,pair_008_n5_008_control,control,1,0,0,12.270000000000001,0.04999999999999999,640000,9983360
2051,166061,71,pair_005_n5_005_conflict,conflict,1,0,0,12.55,0.04999999999999999,640000,9987904
2052,166130,69,pair_002_n5_002_control,control,1,0,0,12.570000000000002,0.04999999999999999,640000,9992320
2053,166201,71,pair_006_n5_006_control,control,1,0,0,12.55,0.04999999999999999,640000,9996864
2054,166272,71,pair_013_n5_013_conflict,conflict,1,0,0,12.55,0.04999999999999999,640000,10001408
2055,166343,71,pair_013_n3_013_conflict,conflict,1,0,0,12.55,0.04999999999999999,640000,10005952
2056,166409,66,pair_000_n3_000_conflict,conflict,1,0,0,12.600000000000001,0.04999999999999999,640000,10010176
2057,166481,72,pair_003_n3_003_conflict,conflict,1,0,0,12.540000000000001,0.04999999999999999,640000,10014784
2058,166552,71,pair_012_n5_012_control,control,1,0,0,12.55,0.04999999999999999,640000,10019328
2059,166622,70,pair_001_n5_001_control,control,1,0,0,12.560000000000002,0.04999999999999999,640000,10023808
2060,166690,68,pair_013_n3_013_control,control,1,0,0,12.580000000000002,0.04999999999999999,640000,10028160
2061,166758,68,pair_002_n3_002_control,control,1,0,0,12.580000000000002,0.04999999999999999,640000,10032512
2062,166827,69,pair_002_n3_002_conflict,conflict,1,0,0,12.570000000000002,0.04999999999999999,640000,10036928
2063,166895,68,pair_003_n3_003_control,control,1,0,0,12.580000000000002,0.04999999999999999,640000,10041280
2064,166972,77,pair_006_n3_006_conflict,conflict,1,0,0,12.490000000000002,0.04999999999999999,640000,10046208
2065,167044,72,pair_000_n5_000_conflict,conflict,1,0,0,12.540000000000001,0.04999999999999999,640000,10050816
2066,167120,76,pair_014_n5_014_conflict,conflict,1,0,0,12.500000000000002,0.04999999999999999,640000,10055680
2067,167271,151,pair_001_n3_001_control,control,1,0,0,11.75,0.04999999999999999,640000,10065344
2068,167340,69,pair_004_n5_004_control,control,1,0,0,12.570000000000002,0.04999999999999999,640000,10069760
2069,167408,68,pair_002_n5_002_conflict,conflict,1,0,0,12.580000000000002,0.04999999999999999,640000,10074112
2070,167476,68,pair_014_n3_014_conflict,conflict,1,0,0,12.580000000000002,0.04999999999999999,640000,10078464
2071,167553,77,pair_008_n3_008_control,control,1,0,0,12.490000000000002,0.04999999999999999,640000,10083392
2072,167619,66,pair_015_n3_015_conflict,conflict,1,0,0,12.600000000000001,0.04999999999999999,640000,10087616
2073,167686,67,pair_007_n3_007_conflict,conflict,1,0,0,12.590000000000002,0.04999999999999999,640000,10091904
2074,167722,36,pair_007_n5_007_control,control,0,1,0,0.15000000000000036,0.04999999999999999,640000,10094208
2075,167793,71,pair_010_n5_010_control,control,1,0,0,12.55,0.04999999999999999,640000,10098752
2076,167869,76,pair_017_n5_017_control,control,1,0,0,12.500000000000002,0.04999999999999999,640000,10103616
2077,167937,68,pair_016_n5_016_conflict,conflict,1,0,0,12.580000000000002,0.04999999999999999,640000,10107968
2078,168007,70,pair_004_n3_004_control,control,1,0,0,12.560000000000002,0.04999999999999999,640000,10112448
2079,168078,71,pair_015_n3_015_control,control,1,0,0,12.55,0.04999999999999999,640000,10116992
2080,168148,70,pair_012_n3_012_control,control,1,0,0,12.560000000000002,0.04999999999999999,640000,10121472
2081,168214,66,pair_017_n3_017_conflict,conflict,1,0,0,12.600000000000001,0.04999999999999999,640000,10125696
2082,168289,75,pair_010_n3_010_conflict,conflict,1,0,0,12.510000000000002,0.04999999999999999,640000,10130496
2083,168357,68,pair_009_n3_009_conflict,conflict,1,0,0,12.580000000000002,0.04999999999999999,640000,10134848
2084,168428,71,pair_004_n5_004_conflict,conflict,1,0,0,12.55,0.04999999999999999,640000,10139392
2085,168503,75,pair_014_n5_014_control,control,1,0,0,12.510000000000002,0.04999999999999999,640000,10144192
2086,168569,66,pair_012_n5_012_conflict,conflict,1,0,0,12.600000000000001,0.04999999999999999,640000,10148416
2087,168641,72,pair_001_n5_001_conflict,conflict,1,0,0,12.540000000000003,0.04999999999999999,640000,10153024
2088,168714,73,pair_004_n3_004_conflict,conflict,1,0,0,12.530000000000001,0.04999999999999999,640000,10157696
2089,168791,77,pair_002_n3_002_control,control,1,0,0,12.490000000000002,0.04999999999999999,640000,10162624
2090,168863,72,pair_003_n3_003_conflict,conflict,1,0,0,12.540000000000001,0.04999999999999999,640000,10167232
2091,168938,75,pair_015_n3_015_control,control,1,0,0,12.510000000000002,0.04999999999999999,640000,10172032
2092,169010,72,pair_003_n5_003_conflict,conflict,1,0,0,12.540000000000001,0.04999999999999999,640000,10176640
2093,169078,68,pair_005_n3_005_control,control,1,0,0,12.580000000000002,0.04999999999999999,640000,10180992
2094,169144,66,pair_009_n3_009_control,control,1,0,0,12.600000000000001,0.04999999999999999,640000,10185216
2095,169213,69,pair_001_n3_001_control,control,1,0,0,12.570000000000002,0.04999999999999999,640000,10189632
2096,169280,67,pair_013_n5_013_conflict,conflict,1,0,0,12.590000000000002,0.04999999999999999,640000,10193920
2097,169357,77,pair_009_n3_009_conflict,conflict,1,0,0,12.490000000000002,0.04999999999999999,640000,10198848
2098,169433,76,pair_000_n3_000_control,control,1,0,0,12.500000000000002,0.04999999999999999,640000,10203712
2099,169501,68,pair_017_n5_017_conflict,conflict,1,0,0,12.580000000000002,0.04999999999999999,640000,10208064
2100,169574,73,pair_017_n5_017_control,control,1,0,0,12.530000000000001,0.04999999999999999,640000,10212736
2101,169647,73,pair_014_n3_014_control,control,1,0,0,12.530000000000001,0.04999999999999999,640000,10217408
2102,169721,74,pair_017_n3_017_conflict,conflict,1,0,0,12.520000000000001,0.04999999999999999,640000,10222144
2103,169789,68,pair_000_n5_000_control,control,1,0,0,12.580000000000002,0.04999999999999999,640000,10226496
2104,169860,71,pair_014_n5_014_conflict,conflict,1,0,0,12.55,0.04999999999999999,640000,10231040
2105,169932,72,pair_013_n3_013_control,control,1,0,0,12.540000000000001,0.04999999999999999,640000,10235648
2106,170232,300,pair_007_n3_007_conflict,conflict,0,0,0,-0.20000000000000034,0.04999999999999999,640000,10254848
2107,170298,66,pair_011_n3_011_control,control,1,0,0,12.600000000000001,0.04999999999999999,640000,10259072
2108,170367,69,pair_004_n3_004_control,control,1,0,0,12.57,0.04999999999999999,640000,10263488
2109,170667,300,pair_009_n5_009_control,control,0,0,0,-0.15000000000000052,0.04999999999999999,640000,10282688
2110,170739,72,pair_005_n5_005_control,control,1,0,0,12.540000000000001,0.04999999999999999,640000,10287296
2111,170812,73,pair_002_n5_002_control,control,1,0,0,12.530000000000003,0.04999999999999999,640000,10291968
2112,170882,70,pair_012_n3_012_conflict,conflict,1,0,0,12.560000000000002,0.04999999999999999,640000,10296448
2113,170950,68,pair_003_n3_003_control,control,1,0,0,12.580000000000002,0.04999999999999999,640000,10300800
2114,171019,69,pair_001_n5_001_control,control,1,0,0,12.570000000000002,0.04999999999999999,640000,10305216
2115,171090,71,pair_015_n5_015_conflict,conflict,1,0,0,12.55,0.04999999999999999,640000,10309760
2116,171160,70,pair_005_n5_005_conflict,conflict,1,0,0,12.560000000000002,0.04999999999999999,640000,10314240
2117,171229,69,pair_016_n3_016_control,control,1,0,0,12.570000000000002,0.04999999999999999,640000,10318656
2118,171300,71,pair_006_n3_006_conflict,conflict,1,0,0,12.55,0.04999999999999999,640000,10323200
2119,171371,71,pair_013_n5_013_control,control,1,0,0,12.55,0.04999999999999999,640000,10327744
2120,171444,73,pair_010_n3_010_control,control,1,0,0,12.530000000000001,0.04999999999999999,640000,10332416
2121,171515,71,pair_010_n3_010_conflict,conflict,1,0,0,12.55,0.04999999999999999,640000,10336960
2122,171694,179,pair_010_n5_010_control,control,0,1,0,0.4700000000000044,0.04999999999999999,640000,10348416
2123,171771,77,pair_008_n5_008_conflict,conflict,0,1,0,1.4900000000000015,0.04999999999999999,640000,10353344
2124,171844,73,pair_012_n3_012_control,control,1,0,0,12.530000000000001,0.04999999999999999,640000,10358016
2125,171920,76,pair_002_n5_002_conflict,conflict,1,0,0,12.500000000000002,0.04999999999999999,640000,10362880
2126,171988,68,pair_011_n3_011_conflict,conflict,1,0,0,12.580000000000002,0.04999999999999999,640000,10367232
2127,172060,72,pair_014_n3_014_conflict,conflict,1,0,0,12.540000000000001,0.04999999999999999,640000,10371840
2128,172127,67,pair_006_n5_006_conflict,conflict,1,0,0,12.590000000000002,0.04999999999999999,640000,10376128
2129,172201,74,pair_006_n3_006_control,control,1,0,0,12.520000000000001,0.04999999999999999,640000,10380864
2130,172271,70,pair_016_n3_016_conflict,conflict,1,0,0,12.560000000000002,0.04999999999999999,640000,10385344
2131,172571,300,pair_007_n3_007_control,control,0,0,0,-0.4000000000000006,0.04999999999999999,640000,10404544
2132,172871,300,pair_004_n5_004_conflict,conflict,0,0,0,-0.3000000000000006,0.04999999999999999,640000,10423744
2133,172943,72,pair_007_n5_007_conflict,conflict,1,0,0,12.540000000000001,0.04999999999999999,640000,10428352
2134,173013,70,pair_007_n5_007_control,control,1,0,0,12.560000000000002,0.04999999999999999,640000,10432832
2135,173083,70,pair_015_n5_015_control,control,1,0,0,12.560000000000002,0.04999999999999999,640000,10437312
2136,173154,71,pair_000_n3_000_conflict,conflict,1,0,0,12.55,0.04999999999999999,640000,10441856
2137,173225,71,pair_000_n5_000_conflict,conflict,1,0,0,12.55,0.04999999999999999,640000,10446400
2138,173297,72,pair_003_n5_003_control,control,1,0,0,12.540000000000001,0.04999999999999999,640000,10451008
2139,173371,74,pair_011_n5_011_conflict,conflict,1,0,0,12.520000000000001,0.04999999999999999,640000,10455744
2140,173440,69,pair_008_n3_008_control,control,1,0,0,12.570000000000002,0.04999999999999999,640000,10460160
2141,173513,73,pair_006_n5_006_control,control,1,0,0,12.530000000000001,0.04999999999999999,640000,10464832
2142,173581,68,pair_016_n5_016_conflict,conflict,1,0,0,12.580000000000002,0.04999999999999999,640000,10469184
2143,173647,66,pair_012_n5_012_control,control,1,0,0,12.600000000000001,0.04999999999999999,640000,10473408
2144,173718,71,pair_014_n5_014_control,control,1,0,0,12.55,0.04999999999999999,640000,10477952
2145,173788,70,pair_012_n5_012_conflict,conflict,1,0,0,12.560000000000002,0.04999999999999999,640000,10482432
2146,173855,67,pair_010_n5_010_conflict,conflict,1,0,0,12.590000000000002,0.04999999999999999,640000,10486720
2147,173923,68,pair_001_n5_001_conflict,conflict,1,0,0,12.580000000000002,0.04999999999999999,640000,10491072
2148,173992,69,pair_011_n5_011_control,control,1,0,0,12.570000000000002,0.04999999999999999,640000,10495488
2149,174062,70,pair_017_n3_017_control,control,1,0,0,12.560000000000002,0.04999999999999999,640000,10499968
2150,174137,75,pair_002_n3_002_conflict,conflict,1,0,0,12.510000000000002,0.04999999999999999,640000,10504768
2151,174205,68,pair_015_n3_015_conflict,conflict,1,0,0,12.580000000000002,0.04999999999999999,640000,10509120
2152,174274,69,pair_009_n5_009_conflict,conflict,1,0,0,12.570000000000002,0.04999999999999999,640000,10513536
2153,174344,70,pair_008_n5_008_control,control,1,0,0,12.560000000000002,0.04999999999999999,640000,10518016
2154,174584,240,pair_016_n5_016_control,control,1,0,0,10.860000000000005,0.04999999999999999,640000,10533376
2155,174652,68,pair_008_n3_008_conflict,conflict,1,0,0,12.580000000000002,0.04999999999999999,640000,10537728
2156,174727,75,pair_005_n3_005_conflict,conflict,1,0,0,12.510000000000002,0.04999999999999999,640000,10542528
2157,174794,67,pair_001_n3_001_conflict,conflict,1,0,0,12.590000000000002,0.04999999999999999,640000,10546816
2158,174846,52,pair_004_n5_004_control,control,0,1,0,0.7900000000000009,0.04999999999999999,640000,10550144
2159,174912,66,pair_013_n3_013_conflict,conflict,1,0,0,12.600000000000001,0.04999999999999999,640000,10554368
2160,174988,76,pair_015_n3_015_conflict,conflict,1,0,0,12.500000000000002,0.04999999999999999,640000,10559232
2161,175061,73,pair_003_n5_003_control,control,1,0,0,12.530000000000001,0.04999999999999999,640000,10563904
2162,175134,73,pair_011_n5_011_conflict,conflict,1,0,0,12.530000000000001,0.04999999999999999,640000,10568576
2163,175206,72,pair_007_n3_007_conflict,conflict,1,0,0,12.540000000000001,0.04999999999999999,640000,10573184
2164,175277,71,pair_004_n3_004_control,control,1,0,0,12.55,0.04999999999999999,640000,10577728
2165,175433,156,pair_002_n3_002_control,control,1,0,0,11.700000000000001,0.04999999999999999,640000,10587712
2166,175597,164,pair_000_n5_000_conflict,conflict,1,0,0,11.620000000000001,0.04999999999999999,640000,10598208
2167,175664,67,pair_017_n3_017_conflict,conflict,1,0,0,12.590000000000002,0.04999999999999999,640000,10602496
2168,175738,74,pair_016_n5_016_control,control,1,0,0,12.520000000000001,0.04999999999999999,640000,10607232
2169,175814,76,pair_015_n3_015_control,control,1,0,0,12.500000000000002,0.04999999999999999,640000,10612096
2170,175893,79,pair_008_n5_008_control,control,1,0,0,12.470000000000002,0.04999999999999999,640000,10617152
2171,175963,70,pair_008_n3_008_conflict,conflict,1,0,0,12.560000000000002,0.04999999999999999,640000,10621632
2172,176033,70,pair_015_n5_015_control,control,1,0,0,12.560000000000002,0.04999999999999999,640000,10626112
2173,176102,69,pair_014_n5_014_control,control,1,0,0,12.570000000000002,0.04999999999999999,640000,10630528
2174,176175,73,pair_013_n3_013_conflict,conflict,1,0,0,12.530000000000001,0.04999999999999999,640000,10635200
2175,176241,66,pair_013_n5_013_conflict,conflict,1,0,0,12.600000000000001,0.04999999999999999,640000,10639424
2176,176313,72,pair_016_n3_016_conflict,conflict,1,0,0,12.540000000000003,0.04999999999999999,640000,10644032
2177,176381,68,pair_017_n5_017_conflict,conflict,1,0,0,12.580000000000002,0.04999999999999999,640000,10648384
2178,176450,69,pair_003_n3_003_conflict,conflict,1,0,0,12.570000000000002,0.04999999999999999,640000,10652800
2179,176516,66,pair_003_n3_003_control,control,1,0,0,12.600000000000001,0.04999999999999999,640000,10657024
2180,176591,75,pair_005_n3_005_conflict,conflict,1,0,0,12.510000000000002,0.04999999999999999,640000,10661824
2181,176665,74,pair_007_n3_007_control,control,1,0,0,12.520000000000001,0.04999999999999999,640000,10666560
2182,176734,69,pair_008_n3_008_control,control,1,0,0,12.570000000000002,0.04999999999999999,640000,10670976
2183,176806,72,pair_012_n5_012_control,control,1,0,0,12.540000000000003,0.04999999999999999,640000,10675584
2184,176873,67,pair_009_n3_009_control,control,1,0,0,12.590000000000002,0.04999999999999999,640000,10679872
2185,176946,73,pair_007_n5_007_control,control,1,0,0,12.530000000000001,0.04999999999999999,640000,10684544
2186,177015,69,pair_014_n5_014_conflict,conflict,1,0,0,12.570000000000002,0.04999999999999999,640000,10688960
2187,177084,69,pair_003_n5_003_conflict,conflict,1,0,0,12.570000000000002,0.04999999999999999,640000,10693376
2188,177157,73,pair_006_n3_006_control,control,1,0,0,12.530000000000001,0.04999999999999999,640000,10698048
2189,177227,70,pair_016_n3_016_control,control,1,0,0,12.560000000000002,0.04999999999999999,640000,10702528
2190,177296,69,pair_011_n3_011_conflict,conflict,1,0,0,12.570000000000002,0.04999999999999999,640000,10706944
2191,177365,69,pair_014_n3_014_control,control,1,0,0,12.570000000000002,0.04999999999999999,640000,10711360
2192,177431,66,pair_010_n3_010_control,control,1,0,0,12.600000000000001,0.04999999999999999,640000,10715584
2193,177501,70,pair_015_n5_015_conflict,conflict,1,0,0,12.560000000000002,0.04999999999999999,640000,10720064
2194,177569,68,pair_013_n5_013_control,control,1,0,0,12.580000000000002,0.04999999999999999,640000,10724416
2195,177648,79,pair_014_n3_014_conflict,conflict,1,0,0,12.470000000000002,0.04999999999999999,640000,10729472
2196,177715,67,pair_000_n5_000_control,control,1,0,0,12.590000000000002,0.04999999999999999,640000,10733760
2197,177764,49,pair_010_n5_010_control,control,0,1,0,0.870000000000001,0.04999999999999999,640000,10736896
2198,177835,71,pair_004_n3_004_conflict,conflict,1,0,0,12.55,0.04999999999999999,640000,10741440
2199,177844,9,pair_007_n5_007_conflict,conflict,0,1,0,-0.78,0.04999999999999999,640000,10742016
2200,177917,73,pair_004_n5_004_control,control,1,0,0,12.530000000000001,0.04999999999999999,640000,10746688
2201,177985,68,pair_006_n5_006_control,control,1,0,0,12.580000000000002,0.04999999999999999,640000,10751040
2202,178056,71,pair_005_n5_005_conflict,conflict,1,0,0,12.55,0.04999999999999999,640000,10755584
2203,178128,72,pair_000_n3_000_conflict,conflict,1,0,0,12.540000000000001,0.04999999999999999,640000,10760192
2204,178199,71,pair_017_n3_017_control,control,1,0,0,12.55,0.04999999999999999,640000,10764736
2205,178265,66,pair_002_n5_002_conflict,conflict,1,0,0,12.600000000000001,0.04999999999999999,640000,10768960
2206,178337,72,pair_010_n5_010_conflict,conflict,1,0,0,12.540000000000001,0.04999999999999999,640000,10773568
2207,178410,73,pair_012_n5_012_conflict,conflict,1,0,0,12.530000000000001,0.04999999999999999,640000,10778240
2208,178485,75,pair_009_n3_009_conflict,conflict,1,0,0,12.510000000000002,0.04999999999999999,640000,10783040
2209,178552,67,pair_006_n3_006_conflict,conflict,1,0,0,12.590000000000002,0.04999999999999999,640000,10787328
2210,178623,71,pair_012_n3_012_control,control,1,0,0,12.55,0.04999999999999999,640000,10791872
2211,178692,69,pair_012_n3_012_conflict,conflict,1,0,0,12.570000000000002,0.04999999999999999,640000,10796288
2212,178765,73,pair_001_n5_001_conflict,conflict,1,0,0,12.530000000000001,0.04999999999999999,640000,10800960
2213,178840,75,pair_005_n3_005_control,control,1,0,0,12.510000000000002,0.04999999999999999,640000,10805760
2214,178914,74,pair_002_n5_002_control,control,1,0,0,12.520000000000001,0.04999999999999999,640000,10810496
2215,178981,67,pair_013_n3_013_control,control,1,0,0,12.590000000000002,0.04999999999999999,640000,10814784
2216,179052,71,pair_011_n3_011_control,control,1,0,0,12.55,0.04999999999999999,640000,10819328
2217,179123,71,pair_010_n3_010_conflict,conflict,1,0,0,12.55,0.04999999999999999,640000,10823872
2218,179194,71,pair_001_n3_001_control,control,1,0,0,12.55,0.04999999999999999,640000,10828416
2219,179267,73,pair_011_n5_011_control,control,1,0,0,12.530000000000001,0.04999999999999999,640000,10833088
2220,179334,67,pair_001_n3_001_conflict,conflict,1,0,0,12.590000000000002,0.04999999999999999,640000,10837376
2221,179338,4,pair_005_n5_005_control,control,0,1,0,-0.88,0.04999999999999999,640000,10837632
2222,179347,9,pair_016_n5_016_conflict,conflict,0,1,0,-0.6799999999999999,0.04999999999999999,640000,10838208
2223,179359,12,pair_009_n5_009_conflict,conflict,0,1,0,-0.56,0.04999999999999999,640000,10838976
2224,179434,75,pair_004_n5_004_conflict,conflict,1,0,0,12.510000000000002,0.04999999999999999,640000,10843776
2225,179512,78,pair_006_n5_006_conflict,conflict,1,0,0,12.48,0.04999999999999999,640000,10848768
2226,179582,70,pair_000_n3_000_control,control,1,0,0,12.560000000000002,0.04999999999999999,640000,10853248
2227,179653,71,pair_009_n5_009_control,control,1,0,0,12.55,0.04999999999999999,640000,10857792
2228,179726,73,pair_017_n5_017_control,control,1,0,0,12.530000000000001,0.04999999999999999,640000,10862464
2229,179795,69,pair_008_n5_008_conflict,conflict,1,0,0,12.570000000000002,0.04999999999999999,640000,10866880
2230,179868,73,pair_001_n5_001_control,control,1,0,0,12.530000000000001,0.04999999999999999,640000,10871552
2231,179938,70,pair_002_n3_002_conflict,conflict,1,0,0,12.560000000000002,0.04999999999999999,640000,10876032
2232,180007,69,pair_002_n5_002_control,control,1,0,0,12.570000000000002,0.04999999999999999,640000,10880448
2233,180075,68,pair_012_n3_012_control,control,1,0,0,12.580000000000002,0.04999999999999999,640000,10884800
2234,180149,74,pair_000_n5_000_conflict,conflict,1,0,0,12.520000000000001,0.04999999999999999,640000,10889536
2235,180219,70,pair_006_n5_006_conflict,conflict,1,0,0,12.560000000000002,0.04999999999999999,640000,10894016
2236,180295,76,pair_003_n5_003_control,control,1,0,0,12.500000000000002,0.04999999999999999,640000,10898880
2237,180367,72,pair_015_n3_015_control,control,1,0,0,12.540000000000003,0.04999999999999999,640000,10903488
2238,180439,72,pair_016_n5_016_control,control,1,0,0,12.540000000000001,0.04999999999999999,640000,10908096
2239,180520,81,pair_003_n3_003_control,control,1,0,0,12.450000000000001,0.04999999999999999,640000,10913280
2240,180646,126,pair_011_n3_011_control,control,1,0,0,12.0,0.04999999999999999,640000,10921344
2241,180720,74,pair_013_n3_013_control,control,1,0,0,12.520000000000001,0.04999999999999999,640000,10926080
2242,180792,72,pair_014_n3_014_control,control,1,0,0,12.540000000000001,0.04999999999999999,640000,10930688
2243,180934,142,pair_008_n5_008_conflict,conflict,1,0,0,11.84,0.04999999999999999,640000,10939776
2244,181234,300,pair_002_n3_002_control,control,0,0,0,0.1999999999999994,0.04999999999999999,640000,10958976
2245,181307,73,pair_002_n3_002_conflict,conflict,1,0,0,12.530000000000001,0.04999999999999999,640000,10963648
2246,181516,209,pair_000_n5_000_control,control,1,0,0,11.17,0.04999999999999999,640000,10977024
2247,181660,144,pair_015_n5_015_control,control,1,0,0,11.82,0.04999999999999999,640000,10986240
2248,181917,257,pair_005_n3_005_control,control,1,0,0,10.690000000000001,0.04999999999999999,640000,11002688
2249,182026,109,pair_000_n3_000_conflict,conflict,1,0,0,12.170000000000002,0.04999999999999999,640000,11009664
2250,182107,81,pair_001_n3_001_conflict,conflict,1,0,0,12.450000000000001,0.04999999999999999,640000,11014848
2251,182188,81,pair_004_n5_004_control,control,1,0,0,12.450000000000001,0.04999999999999999,640000,11020032
2252,182261,73,pair_007_n3_007_control,control,1,0,0,12.530000000000001,0.04999999999999999,640000,11024704
2253,182438,177,pair_008_n5_008_control,control,1,0,0,11.49,0.04999999999999999,640000,11036032
2254,182511,73,pair_010_n5_010_control,control,1,0,0,12.530000000000001,0.04999999999999999,640000,11040704
2255,182581,70,pair_009_n3_009_conflict,conflict,1,0,0,12.560000000000002,0.04999999999999999,640000,11045184
2256,182649,68,pair_014_n5_014_control,control,1,0,0,12.580000000000002,0.04999999999999999,640000,11049536
2257,182726,77,pair_016_n3_016_conflict,conflict,1,0,0,12.490000000000002,0.04999999999999999,640000,11054464
2258,183026,300,pair_010_n3_010_control,control,0,0,0,0.14999999999999986,0.04999999999999999,640000,11073664
2259,183094,68,pair_015_n5_015_conflict,conflict,1,0,0,12.580000000000002,0.04999999999999999,640000,11078016
2260,183169,75,pair_012_n5_012_control,control,1,0,0,12.510000000000002,0.04999999999999999,640000,11082816
2261,183239,70,pair_001_n3_001_control,control,1,0,0,12.560000000000002,0.04999999999999999,640000,11087296
2262,183313,74,pair_004_n3_004_conflict,conflict,1,0,0,12.520000000000001,0.04999999999999999,640000,11092032
2263,183385,72,pair_001_n5_001_control,control,1,0,0,12.540000000000001,0.04999999999999999,640000,11096640
2264,183451,66,pair_009_n3_009_control,control,1,0,0,12.600000000000001,0.04999999999999999,640000,11100864
2265,183457,6,pair_007_n5_007_control,control,0,1,0,-0.8,0.04999999999999999,640000,11101248
2266,183528,71,pair_004_n3_004_control,control,1,0,0,12.55,0.04999999999999999,640000,11105792
2267,183643,115,pair_015_n3_015_conflict,conflict,1,0,0,12.110000000000001,0.04999999999999999,640000,11113152
2268,183723,80,pair_011_n5_011_control,control,1,0,0,12.46,0.04999999999999999,640000,11118272
2269,183800,77,pair_014_n3_014_conflict,conflict,1,0,0,12.490000000000002,0.04999999999999999,640000,11123200
2270,183870,70,pair_003_n5_003_conflict,conflict,1,0,0,12.560000000000002,0.04999999999999999,640000,11127680
2271,183943,73,pair_011_n3_011_conflict,conflict,1,0,0,12.530000000000001,0.04999999999999999,640000,11132352
2272,184012,69,pair_007_n5_007_conflict,conflict,1,0,0,12.570000000000002,0.04999999999999999,640000,11136768
2273,184089,77,pair_013_n5_013_conflict,conflict,1,0,0,12.490000000000002,0.04999999999999999,640000,11141696
2274,184159,70,pair_017_n5_017_conflict,conflict,1,0,0,12.560000000000002,0.04999999999999999,640000,11146176
2275,184243,84,pair_013_n3_013_conflict,conflict,1,0,0,12.420000000000002,0.04999999999999999,640000,11151552
2276,184312,69,pair_016_n3_016_control,control,1,0,0,12.570000000000002,0.04999999999999999,640000,11155968
2277,184385,73,pair_006_n5_006_control,control,1,0,0,12.530000000000001,0.04999999999999999,640000,11160640
2278,184457,72,pair_010_n5_010_conflict,conflict,1,0,0,12.540000000000001,0.04999999999999999,640000,11165248
2279,184528,71,pair_005_n5_005_conflict,conflict,1,0,0,12.55,0.04999999999999999,640000,11169792
2280,184599,71,pair_010_n3_010_conflict,conflict,1,0,0,12.55,0.04999999999999999,640000,11174336
2281,184667,68,pair_007_n3_007_conflict,conflict,1,0,0,12.580000000000002,0.04999999999999999,640000,11178688
2282,184739,72,pair_017_n5_017_control,control,1,0,0,12.540000000000003,0.04999999999999999,640000,11183296
2283,184813,74,pair_003_n3_003_conflict,conflict,1,0,0,12.520000000000001,0.04999999999999999,640000,11188032
2284,184888,75,pair_008_n3_008_control,control,1,0,0,12.510000000000002,0.04999999999999999,640000,11192832
2285,184958,70,pair_005_n3_005_conflict,conflict,1,0,0,12.560000000000002,0.04999999999999999,640000,11197312
2286,185026,68,pair_001_n5_001_conflict,conflict,1,0,0,12.580000000000002,0.04999999999999999,640000,11201664
2287,185092,66,pair_012_n3_012_conflict,conflict,1,0,0,12.600000000000001,0.04999999999999999,640000,11205888
2288,185101,9,pair_014_n5_014_conflict,conflict,0,1,0,-0.6799999999999999,0.04999999999999999,640000,11206464
2289,185167,66,pair_011_n5_011_conflict,conflict,1,0,0,12.600000000000001,0.04999999999999999,640000,11210688
2290,185237,70,pair_006_n3_006_control,control,1,0,0,12.560000000000002,0.04999999999999999,640000,11215168
2291,185305,68,pair_013_n5_013_control,control,1,0,0,12.580000000000002,0.04999999999999999,640000,11219520
2292,185377,72,pair_002_n5_002_conflict,conflict,1,0,0,12.540000000000003,0.04999999999999999,640000,11224128
2293,185429,52,pair_000_n3_000_control,control,0,1,0,0.9400000000000011,0.04999999999999999,640000,11227456
2294,185504,75,pair_009_n5_009_conflict,conflict,1,0,0,12.510000000000002,0.04999999999999999,640000,11232256
2295,185574,70,pair_012_n5_012_conflict,conflict,1,0,0,12.560000000000002,0.04999999999999999,640000,11236736
2296,185642,68,pair_009_n5_009_control,control,1,0,0,12.580000000000002,0.04999999999999999,640000,11241088
2297,185714,72,pair_005_n5_005_control,control,1,0,0,12.540000000000003,0.04999999999999999,640000,11245696
2298,185784,70,pair_004_n5_004_conflict,conflict,1,0,0,12.560000000000002,0.04999999999999999,640000,11250176
2299,185856,72,pair_017_n3_017_conflict,conflict,1,0,0,12.540000000000001,0.04999999999999999,640000,11254784
2300,185936,80,pair_008_n3_008_conflict,conflict,0,1,0,1.4600000000000013,0.04999999999999999,640000,11259904
2301,186004,68,pair_016_n5_016_conflict,conflict,1,0,0,12.580000000000002,0.04999999999999999,640000,11264256
2302,186075,71,pair_017_n3_017_control,control,1,0,0,12.55,0.04999999999999999,640000,11268800
2303,186142,67,pair_006_n3_006_conflict,conflict,1,0,0,12.590000000000002,0.04999999999999999,640000,11273088
2304,186209,67,pair_013_n3_013_control,control,1,0,0,12.590000000000002,0.04999999999999999,640000,11277376
2305,186280,71,pair_013_n5_013_conflict,conflict,1,0,0,12.55,0.04999999999999999,640000,11281920
2306,186347,67,pair_017_n5_017_control,control,1,0,0,12.590000000000002,0.04999999999999999,640000,11286208
2307,186428,81,pair_012_n5_012_conflict,conflict,1,0,0,12.450000000000001,0.04999999999999999,640000,11291392
2308,186435,7,pair_007_n5_007_conflict,conflict,0,1,0,-0.76,0.04999999999999999,640000,11291840
2309,186503,68,pair_008_n3_008_conflict,conflict,1,0,0,12.580000000000002,0.04999999999999999,640000,11296192
2310,186576,73,pair_008_n3_008_control,control,0,1,0,1.4800000000000018,0.04999999999999999,640000,11300864
2311,186644,68,pair_014_n3_014_control,control,1,0,0,12.580000000000002,0.04999999999999999,640000,11305216
2312,186712,68,pair_012_n3_012_conflict,conflict,1,0,0,12.580000000000002,0.04999999999999999,640000,11309568
2313,186787,75,pair_004_n5_004_control,control,1,0,0,12.510000000000002,0.04999999999999999,640000,11314368
2314,186857,70,pair_007_n5_007_control,control,1,0,0,12.560000000000002,0.04999999999999999,640000,11318848
2315,186928,71,pair_015_n3_015_control,control,1,0,0,12.55,0.04999999999999999,640000,11323392
2316,187001,73,pair_013_n5_013_control,control,1,0,0,12.530000000000001,0.04999999999999999,640000,11328064
2317,187078,77,pair_002_n3_002_control,control,1,0,0,12.490000000000002,0.04999999999999999,640000,11332992
2318,187150,72,pair_001_n5_001_conflict,conflict,1,0,0,12.540000000000001,0.04999999999999999,640000,11337600
2319,187224,74,pair_010_n3_010_conflict,conflict,1,0,0,12.520000000000001,0.04999999999999999,640000,11342336
2320,187293,69,pair_016_n3_016_control,control,1,0,0,12.570000000000002,0.04999999999999999,640000,11346752
2321,187299,6,pair_016_n5_016_control,control,0,1,0,-0.8,0.04999999999999999,640000,11347136
2322,187368,69,pair_009_n3_009_conflict,conflict,1,0,0,12.570000000000002,0.04999999999999999,640000,11351552
2323,187440,72,pair_011_n5_011_conflict,conflict,1,0,0,12.540000000000001,0.04999999999999999,640000,11356160
2324,187515,75,pair_017_n5_017_conflict,conflict,1,0,0,12.510000000000002,0.04999999999999999,640000,11360960
2325,187586,71,pair_003_n3_003_control,control,1,0,0,12.55,0.04999999999999999,640000,11365504
2326,187658,72,pair_009_n3_009_control,control,1,0,0,12.540000000000001,0.04999999999999999,640000,11370112
2327,187728,70,pair_007_n3_007_conflict,conflict,1,0,0,12.560000000000002,0.04999999999999999,640000,11374592
2328,187814,86,pair_012_n5_012_control,control,1,0,0,12.400000000000002,0.04999999999999999,640000,11380096
2329,187898,84,pair_016_n5_016_conflict,conflict,1,0,0,12.420000000000002,0.04999999999999999,640000,11385472
2330,187974,76,pair_011_n3_011_conflict,conflict,1,0,0,12.500000000000002,0.04999999999999999,640000,11390336
2331,188043,69,pair_006_n3_006_control,control,1,0,0,12.570000000000002,0.04999999999999999,640000,11394752
2332,188119,76,pair_014_n5_014_conflict,conflict,1,0,0,12.500000000000002,0.04999999999999999,640000,11399616
2333,188194,75,pair_009_n5_009_conflict,conflict,1,0,0,12.510000000000002,0.04999999999999999,640000,11404416
2334,188264,70,pair_013_n3_013_conflict,conflict,1,0,0,12.560000000000002,0.04999999999999999,640000,11408896
2335,188331,67,pair_017_n3_017_conflict,conflict,1,0,0,12.590000000000002,0.04999999999999999,640000,11413184
2336,188397,66,pair_014_n5_014_control,control,1,0,0,12.600000000000001,0.04999999999999999,640000,11417408
2337,188465,68,pair_001_n3_001_control,control,1,0,0,12.580000000000002,0.04999999999999999,640000,11421760
2338,188551,86,pair_010_n5_010_conflict,conflict,0,1,0,1.3000000000000052,0.04999999999999999,640000,11427264
2339,188621,70,pair_008_n5_008_control,control,1,0,0,12.560000000000002,0.04999999999999999,640000,11431744
2340,188692,71,pair_015_n5_015_control,control,1,0,0,12.55,0.04999999999999999,640000,11436288
2341,188765,73,pair_007_n3_007_control,control,1,0,0,12.530000000000001,0.04999999999999999,640000,11440960
2342,188840,75,pair_000_n5_000_conflict,conflict,1,0,0,12.510000000000002,0.04999999999999999,640000,11445760
2343,188867,27,pair_001_n5_001_control,control,0,1,0,-0.2599999999999999,0.04999999999999999,640000,11447488
2344,188935,68,pair_006_n3_006_conflict,conflict,1,0,0,12.580000000000002,0.04999999999999999,640000,11451840
2345,189007,72,pair_003_n3_003_conflict,conflict,1,0,0,12.540000000000001,0.04999999999999999,640000,11456448
2346,189080,73,pair_006_n5_006_control,control,1,0,0,12.530000000000001,0.04999999999999999,640000,11461120
2347,189151,71,pair_004_n3_004_conflict,conflict,1,0,0,12.55,0.04999999999999999,640000,11465664
2348,189217,66,pair_015_n5_015_conflict,conflict,1,0,0,12.600000000000001,0.04999999999999999,640000,11469888
2349,189290,73,pair_000_n3_000_control,control,1,0,0,12.530000000000001,0.04999999999999999,640000,11474560
2350,189361,71,pair_005_n3_005_conflict,conflict,1,0,0,12.55,0.04999999999999999,640000,11479104
2351,189429,68,pair_015_n3_015_conflict,conflict,1,0,0,12.580000000000002,0.04999999999999999,640000,11483456
2352,189501,72,pair_011_n5_011_control,control,1,0,0,12.540000000000001,0.04999999999999999,640000,11488064
2353,189572,71,pair_002_n5_002_control,control,1,0,0,12.55,0.04999999999999999,640000,11492608
2354,189646,74,pair_008_n5_008_conflict,conflict,1,0,0,12.520000000000001,0.04999999999999999,640000,11497344
2355,189713,67,pair_005_n3_005_control,control,1,0,0,12.590000000000002,0.04999999999999999,640000,11501632
2356,189786,73,pair_006_n5_006_conflict,conflict,1,0,0,12.530000000000001,0.04999999999999999,640000,11506304
2357,189857,71,pair_001_n3_001_conflict,conflict,1,0,0,12.55,0.04999999999999999,640000,11510848
2358,189935,78,pair_005_n5_005_conflict,conflict,1,0,0,12.48,0.04999999999999999,640000,11515840
2359,190001,66,pair_009_n5_009_control,control,1,0,0,12.600000000000001,0.04999999999999999,640000,11520064
2360,190082,81,pair_002_n3_002_conflict,conflict,1,0,0,12.450000000000001,0.04999999999999999,640000,11525248
2361,190151,69,pair_014_n3_014_conflict,conflict,1,0,0,12.570000000000002,0.04999999999999999,640000,11529664
2362,190226,75,pair_003_n5_003_control,control,1,0,0,12.510000000000002,0.04999999999999999,640000,11534464
2363,190237,11,pair_004_n5_004_conflict,conflict,0,1,0,-0.7,0.04999999999999999,640000,11535168
2364,190309,72,pair_000_n3_000_conflict,conflict,1,0,0,12.540000000000001,0.04999999999999999,640000,11539776
2365,190380,71,pair_010_n5_010_control,control,1,0,0,12.55,0.04999999999999999,640000,11544320
2366,190449,69,pair_016_n3_016_conflict,conflict,1,0,0,12.570000000000002,0.04999999999999999,640000,11548736
2367,190515,66,pair_000_n5_000_control,control,1,0,0,12.600000000000001,0.04999999999999999,640000,11552960
2368,190588,73,pair_010_n3_010_control,control,1,0,0,12.530000000000001,0.04999999999999999,640000,11557632
2369,190661,73,pair_003_n5_003_conflict,conflict,1,0,0,12.530000000000001,0.04999999999999999,640000,11562304
2370,190730,69,pair_002_n5_002_conflict,conflict,1,0,0,12.570000000000002,0.04999999999999999,640000,11566720
2371,190801,71,pair_011_n3_011_control,control,1,0,0,12.55,0.04999999999999999,640000,11571264
2372,190871,70,pair_004_n3_004_control,control,1,0,0,12.560000000000002,0.04999999999999999,640000,11575744
2373,190936,65,pair_012_n3_012_control,control,0,1,0,1.5600000000000014,0.04999999999999999,640000,11579904
2374,191004,68,pair_017_n3_017_control,control,1,0,0,12.580000000000002,0.04999999999999999,640000,11584256
2375,191076,72,pair_005_n5_005_control,control,1,0,0,12.540000000000001,0.04999999999999999,640000,11588864
2376,191147,71,pair_013_n3_013_conflict,conflict,1,0,0,12.55,0.04999999999999999,640000,11593408
2377,191222,75,pair_000_n5_000_conflict,conflict,1,0,0,12.510000000000002,0.04999999999999999,640000,11598208
2378,191295,73,pair_009_n3_009_control,control,1,0,0,12.530000000000001,0.04999999999999999,640000,11602880
2379,191371,76,pair_004_n3_004_conflict,conflict,1,0,0,12.500000000000002,0.04999999999999999,640000,11607744
2380,191408,37,pair_009_n3_009_conflict,conflict,0,1,0,0.3400000000000005,0.04999999999999999,640000,11610112
2381,191474,66,pair_017_n5_017_control,control,1,0,0,12.600000000000001,0.04999999999999999,640000,11614336
2382,191544,70,pair_001_n5_001_conflict,conflict,1,0,0,12.560000000000002,0.04999999999999999,640000,11618816
2383,191653,109,pair_016_n3_016_control,control,1,0,0,12.170000000000002,0.04999999999999999,640000,11625792
2384,191731,78,pair_002_n3_002_control,control,1,0,0,12.48,0.04999999999999999,640000,11630784
2385,191801,70,pair_007_n5_007_control,control,1,0,0,12.560000000000002,0.04999999999999999,640000,11635264
2386,191880,79,pair_017_n5_017_conflict,conflict,1,0,0,12.470000000000002,0.04999999999999999,640000,11640320
2387,191951,71,pair_013_n3_013_control,control,1,0,0,12.55,0.04999999999999999,640000,11644864
2388,192021,70,pair_004_n5_004_conflict,conflict,1,0,0,12.560000000000002,0.04999999999999999,640000,11649344
2389,192087,66,pair_012_n3_012_conflict,conflict,1,0,0,12.600000000000001,0.04999999999999999,640000,11653568
2390,192164,77,pair_011_n3_011_conflict,conflict,1,0,0,12.490000000000002,0.04999999999999999,640000,11658496
2391,192235,71,pair_010_n5_010_control,control,1,0,0,12.55,0.04999999999999999,640000,11663040
2392,192303,68,pair_010_n3_010_control,control,1,0,0,12.580000000000002,0.04999999999999999,640000,11667392
2393,192370,67,pair_001_n3_001_conflict,conflict,1,0,0,12.590000000000002,0.04999999999999999,640000,11671680
2394,192438,68,pair_001_n5_001_control,control,1,0,0,12.580000000000002,0.04999999999999999,640000,11676032
2395,192511,73,pair_010_n3_010_conflict,conflict,1,0,0,12.530000000000001,0.04999999999999999,640000,11680704
2396,192514,3,pair_012_n5_012_conflict,conflict,0,1,0,-0.92,0.04999999999999999,640000,11680896
2397,192584,70,pair_015_n3_015_control,control,1,0,0,12.560000000000002,0.04999999999999999,640000,11685376
2398,192656,72,pair_006_n3_006_control,control,1,0,0,12.540000000000001,0.04999999999999999,640000,11689984
2399,192729,73,pair_014_n3_014_control,control,1,0,0,12.530000000000001,0.04999999999999999,640000,11694656
2400,192799,70,pair_002_n3_002_conflict,conflict,1,0,0,12.560000000000002,0.04999999999999999,640000,11699136
2401,192868,69,pair_017_n3_017_conflict,conflict,1,0,0,12.570000000000002,0.04999999999999999,640000,11703552
2402,192935,67,pair_007_n3_007_conflict,conflict,1,0,0,12.590000000000002,0.04999999999999999,640000,11707840
2403,193005,70,pair_007_n3_007_control,control,1,0,0,12.560000000000002,0.04999999999999999,640000,11712320
2404,193075,70,pair_011_n5_011_conflict,conflict,1,0,0,12.560000000000002,0.04999999999999999,640000,11716800
2405,193142,67,pair_010_n5_010_conflict,conflict,1,0,0,12.590000000000002,0.04999999999999999,640000,11721088
2406,193215,73,pair_000_n3_000_conflict,conflict,1,0,0,12.530000000000001,0.04999999999999999,640000,11725760
2407,193283,68,pair_008_n5_008_control,control,1,0,0,12.580000000000002,0.04999999999999999,640000,11730112
2408,193351,68,pair_008_n3_008_conflict,conflict,1,0,0,12.580000000000002,0.04999999999999999,640000,11734464
2409,193419,68,pair_012_n5_012_control,control,1,0,0,12.580000000000002,0.04999999999999999,640000,11738816
2410,193488,69,pair_009_n5_009_control,control,1,0,0,12.570000000000002,0.04999999999999999,640000,11743232
2411,193555,67,pair_014_n3_014_conflict,conflict,1,0,0,12.590000000000002,0.04999999999999999,640000,11747520
2412,193624,69,pair_015_n5_015_control,control,1,0,0,12.570000000000002,0.04999999999999999,640000,11751936
2413,193692,68,pair_016_n5_016_conflict,conflict,1,0,0,12.580000000000002,0.04999999999999999,640000,11756288
2414,193765,73,pair_005_n3_005_conflict,conflict,1,0,0,12.530000000000001,0.04999999999999999,640000,11760960
2415,193833,68,pair_016_n3_016_conflict,conflict,1,0,0,12.580000000000002,0.04999999999999999,640000,11765312
2416,193905,72,pair_006_n5_006_conflict,conflict,0,1,0,1.5400000000000014,0.04999999999999999,640000,11769920
2417,193975,70,pair_002_n5_002_control,control,1,0,0,12.560000000000002,0.04999999999999999,640000,11774400
2418,194048,73,pair_000_n3_000_control,control,1,0,0,12.530000000000001,0.04999999999999999,640000,11779072
2419,194117,69,pair_017_n3_017_control,control,1,0,0,12.570000000000002,0.04999999999999999,640000,11783488
2420,194185,68,pair_011_n5_011_control,control,1,0,0,12.580000000000002,0.04999999999999999,640000,11787840
2421,194260,75,pair_005_n5_005_control,control,1,0,0,12.510000000000002,0.04999999999999999,640000,11792640
2422,194330,70,pair_009_n5_009_conflict,conflict,1,0,0,12.560000000000002,0.04999999999999999,640000,11797120
2423,194397,67,pair_008_n3_008_control,control,1,0,0,12.590000000000002,0.04999999999999999,640000,11801408
2424,194471,74,pair_013_n5_013_conflict,conflict,1,0,0,12.520000000000001,0.04999999999999999,640000,11806144
2425,194540,69,pair_015_n3_015_conflict,conflict,1,0,0,12.570000000000002,0.04999999999999999,640000,11810560
2426,194608,68,pair_003_n5_003_control,control,1,0,0,12.580000000000002,0.04999999999999999,640000,11814912
2427,194687,79,pair_005_n3_005_control,control,1,0,0,12.470000000000002,0.04999999999999999,640000,11819968
2428,194755,68,pair_003_n3_003_conflict,conflict,1,0,0,12.580000000000002,0.04999999999999999,640000,11824320
2429,194828,73,pair_006_n5_006_control,control,1,0,0,12.530000000000001,0.04999999999999999,640000,11828992
2430,194898,70,pair_006_n3_006_conflict,conflict,1,0,0,12.560000000000002,0.04999999999999999,640000,11833472
2431,194966,68,pair_002_n5_002_conflict,conflict,1,0,0,12.580000000000002,0.04999999999999999,640000,11837824
2432,195037,71,pair_014_n5_014_control,control,1,0,0,12.55,0.04999999999999999,640000,11842368
2433,195115,78,pair_016_n5_016_control,control,1,0,0,12.480000000000002,0.04999999999999999,640000,11847360
2434,195192,77,pair_014_n5_014_conflict,conflict,1,0,0,12.490000000000002,0.04999999999999999,640000,11852288
2435,195261,69,pair_015_n5_015_conflict,conflict,1,0,0,12.570000000000002,0.04999999999999999,640000,11856704
2436,195329,68,pair_011_n3_011_control,control,1,0,0,12.580000000000002,0.04999999999999999,640000,11861056
2437,195397,68,pair_001_n3_001_control,control,1,0,0,12.580000000000002,0.04999999999999999,640000,11865408
2438,195463,66,pair_004_n5_004_control,control,1,0,0,12.600000000000001,0.04999999999999999,640000,11869632
2439,195530,67,pair_004_n3_004_control,control,1,0,0,12.590000000000002,0.04999999999999999,640000,11873920
2440,195596,66,pair_003_n5_003_conflict,conflict,1,0,0,12.600000000000001,0.04999999999999999,640000,11878144
2441,195666,70,pair_000_n5_000_control,control,1,0,0,12.560000000000002,0.04999999999999999,640000,11882624
2442,195738,72,pair_012_n3_012_control,control,1,0,0,12.540000000000001,0.04999999999999999,640000,11887232
2443,195804,66,pair_013_n5_013_control,control,1,0,0,12.600000000000001,0.04999999999999999,640000,11891456
2444,195871,67,pair_005_n5_005_conflict,conflict,1,0,0,12.590000000000002,0.04999999999999999,640000,11895744
2445,195941,70,pair_007_n5_007_conflict,conflict,1,0,0,12.560000000000002,0.04999999999999999,640000,11900224
2446,196015,74,pair_008_n5_008_conflict,conflict,1,0,0,12.520000000000001,0.04999999999999999,640000,11904960
2447,196081,66,pair_003_n3_003_control,control,1,0,0,12.600000000000001,0.04999999999999999,640000,11909184
2448,196153,72,pair_006_n5_006_control,control,1,0,0,12.540000000000001,0.04999999999999999,640000,11913792
2449,196220,67,pair_014_n5_014_control,control,1,0,0,12.590000000000002,0.04999999999999999,640000,11918080
2450,196287,67,pair_010_n3_010_conflict,conflict,1,0,0,12.590000000000002,0.04999999999999999,640000,11922368
2451,196355,68,pair_010_n5_010_conflict,conflict,1,0,0,12.580000000000002,0.04999999999999999,640000,11926720
2452,196424,69,pair_012_n3_012_control,control,1,0,0,12.570000000000002,0.04999999999999999,640000,11931136
2453,196498,74,pair_006_n3_006_control,control,1,0,0,12.520000000000001,0.04999999999999999,640000,11935872
2454,196568,70,pair_011_n3_011_control,control,1,0,0,12.560000000000002,0.04999999999999999,640000,11940352
2455,196634,66,pair_007_n5_007_control,control,1,0,0,12.600000000000001,0.04999999999999999,640000,11944576
2456,196702,68,pair_017_n5_017_control,control,1,0,0,12.580000000000002,0.04999999999999999,640000,11948928
2457,196770,68,pair_005_n3_005_control,control,1,0,0,12.580000000000002,0.04999999999999999,640000,11953280
2458,196842,72,pair_007_n5_007_conflict,conflict,1,0,0,12.540000000000001,0.04999999999999999,640000,11957888
2459,196911,69,pair_014_n3_014_conflict,conflict,1,0,0,12.570000000000002,0.04999999999999999,640000,11962304
2460,196983,72,pair_016_n5_016_conflict,conflict,1,0,0,12.540000000000001,0.04999999999999999,640000,11966912
2461,197055,72,pair_002_n5_002_control,control,1,0,0,12.540000000000001,0.04999999999999999,640000,11971520
2462,197123,68,pair_005_n5_005_control,control,1,0,0,12.580000000000002,0.04999999999999999,640000,11975872
2463,197193,70,pair_004_n5_004_conflict,conflict,1,0,0,12.560000000000002,0.04999999999999999,640000,11980352
2464,197261,68,pair_013_n3_013_conflict,conflict,1,0,0,12.580000000000002,0.04999999999999999,640000,11984704
2465,197328,67,pair_011_n5_011_conflict,conflict,1,0,0,12.590000000000002,0.04999999999999999,640000,11988992
2466,197407,79,pair_010_n3_010_control,control,1,0,0,12.470000000000002,0.04999999999999999,640000,11994048
2467,197475,68,pair_010_n5_010_control,control,1,0,0,12.580000000000002,0.04999999999999999,640000,11998400
2468,197543,68,pair_009_n3_009_control,control,1,0,0,12.580000000000002,0.04999999999999999,640000,12002752
2469,197611,68,pair_004_n5_004_control,control,1,0,0,12.580000000000002,0.04999999999999999,640000,12007104
2470,197679,68,pair_002_n3_002_control,control,1,0,0,12.580000000000002,0.04999999999999999,640000,12011456
2471,197751,72,pair_013_n3_013_control,control,1,0,0,12.540000000000001,0.04999999999999999,640000,12016064
2472,197824,73,pair_003_n3_003_control,control,1,0,0,12.530000000000001,0.04999999999999999,640000,12020736
2473,197896,72,pair_014_n5_014_conflict,conflict,1,0,0,12.540000000000001,0.04999999999999999,640000,12025344
2474,197964,68,pair_012_n5_012_conflict,conflict,1,0,0,12.580000000000002,0.04999999999999999,640000,12029696
2475,198030,66,pair_017_n3_017_conflict,conflict,1,0,0,12.600000000000001,0.04999999999999999,640000,12033920
2476,198100,70,pair_016_n3_016_control,control,1,0,0,12.560000000000002,0.04999999999999999,640000,12038400
2477,198173,73,pair_003_n5_003_conflict,conflict,1,0,0,12.530000000000001,0.04999999999999999,640000,12043072
2478,198246,73,pair_013_n5_013_conflict,conflict,1,0,0,12.530000000000001,0.04999999999999999,640000,12047744
2479,198318,72,pair_001_n5_001_conflict,conflict,1,0,0,12.540000000000001,0.04999999999999999,640000,12052352
2480,198389,71,pair_006_n3_006_conflict,conflict,1,0,0,12.55,0.04999999999999999,640000,12056896
2481,198458,69,pair_006_n5_006_conflict,conflict,1,0,0,12.570000000000002,0.04999999999999999,640000,12061312
2482,198526,68,pair_017_n5_017_conflict,conflict,1,0,0,12.580000000000002,0.04999999999999999,640000,12065664
2483,198596,70,pair_008_n5_008_conflict,conflict,1,0,0,12.560000000000002,0.04999999999999999,640000,12070144
2484,198666,70,pair_008_n5_008_control,control,1,0,0,12.560000000000002,0.04999999999999999,640000,12074624
2485,198734,68,pair_008_n3_008_control,control,1,0,0,12.580000000000002,0.04999999999999999,640000,12078976
2486,198803,69,pair_009_n5_009_control,control,1,0,0,12.570000000000002,0.04999999999999999,640000,12083392
2487,198875,72,pair_016_n5_016_control,control,1,0,0,12.540000000000001,0.04999999999999999,640000,12088000
2488,198941,66,pair_012_n5_012_control,control,1,0,0,12.600000000000001,0.04999999999999999,640000,12092224
2489,199009,68,pair_013_n5_013_control,control,1,0,0,12.580000000000002,0.04999999999999999,640000,12096576
2490,199075,66,pair_000_n5_000_conflict,conflict,1,0,0,12.600000000000001,0.04999999999999999,640000,12100800
2491,199150,75,pair_012_n3_012_conflict,conflict,1,0,0,12.510000000000002,0.04999999999999999,640000,12105600
2492,199220,70,pair_004_n3_004_conflict,conflict,1,0,0,12.560000000000002,0.04999999999999999,640000,12110080
2493,199290,70,pair_004_n3_004_control,control,1,0,0,12.560000000000002,0.04999999999999999,640000,12114560
2494,199313,23,pair_001_n3_001_control,control,0,1,0,-0.11999999999999977,0.04999999999999999,640000,12116032
2495,199383,70,pair_009_n5_009_conflict,conflict,1,0,0,12.560000000000002,0.04999999999999999,640000,12120512
2496,199431,48,pair_002_n5_002_conflict,conflict,0,1,0,0.7800000000000009,0.04999999999999999,640000,12123584
2497,199498,67,pair_011_n3_011_conflict,conflict,1,0,0,12.590000000000002,0.04999999999999999,640000,12127872
2498,199568,70,pair_005_n3_005_conflict,conflict,1,0,0,12.560000000000002,0.04999999999999999,640000,12132352
2499,199636,68,pair_015_n3_015_conflict,conflict,1,0,0,12.580000000000002,0.04999999999999999,640000,12136704
2500,199711,75,pair_016_n3_016_conflict,conflict,1,0,0,12.510000000000002,0.04999999999999999,640000,12141504
2501,199777,66,pair_002_n3_002_conflict,conflict,1,0,0,12.600000000000001,0.04999999999999999,640000,12145728
2502,199845,68,pair_017_n3_017_control,control,1,0,0,12.580000000000002,0.04999999999999999,640000,12150080
2503,199917,72,pair_000_n3_000_conflict,conflict,1,0,0,12.540000000000001,0.04999999999999999,640000,12154688
2504,199986,69,pair_001_n5_001_control,control,1,0,0,12.570000000000002,0.04999999999999999,640000,12159104
2505,200000,14,pair_008_n3_008_conflict,conflict,0,0,1,0.5599999999999999,0.04999999999999999,640000,12160000
