episode,environment_steps,episode_steps,scenario_id,condition,success,collision,budget_cutoff,return,epsilon,demo_samples_cumulative,online_samples_cumulative
0,89,89,pair_009_n3_009_conflict,conflict,1,0,0,12.370000000000001,0.2998533333333333,1424,4272
1,94,5,pair_013_n5_013_conflict,conflict,0,1,0,-0.84,0.299845,1504,4512
2,195,101,pair_009_n3_009_control,control,1,0,0,12.250000000000002,0.29967666666666665,3120,9360
3,247,52,pair_007_n5_007_control,control,0,1,0,0.14000000000000035,0.29958999999999997,3952,11856
4,316,69,pair_000_n5_000_control,control,0,1,0,0.6700000000000008,0.299475,5056,15168
5,394,78,pair_008_n5_008_control,control,1,0,0,12.480000000000002,0.29934499999999997,6304,18912
6,403,9,pair_012_n3_012_conflict,conflict,0,1,0,-0.78,0.29933,6448,19344
7,497,94,pair_006_n5_006_conflict,conflict,1,0,0,12.32,0.29917333333333335,7952,23856
8,506,9,pair_013_n3_013_conflict,conflict,0,1,0,-0.78,0.2991583333333333,8096,24288
9,509,3,pair_005_n5_005_conflict,conflict,0,1,0,-0.92,0.2991533333333333,8144,24432
10,628,119,pair_013_n3_013_control,control,1,0,0,12.07,0.29895499999999997,10048,30144
11,754,126,pair_005_n5_005_control,control,1,0,0,12.0,0.298745,12064,36192
12,854,100,pair_015_n3_015_conflict,conflict,1,0,0,12.260000000000002,0.29857833333333333,13664,40992
13,939,85,pair_005_n3_005_control,control,1,0,0,12.410000000000002,0.2984366666666667,15024,45072
14,949,10,pair_015_n3_015_control,control,0,1,0,-0.79,0.29841999999999996,15184,45552
15,1027,78,pair_004_n5_004_control,control,0,1,0,1.430000000000002,0.29829,16432,49296
16,1147,120,pair_010_n5_010_control,control,0,1,0,0.9600000000000011,0.29808999999999997,18352,55056
17,1254,107,pair_001_n3_001_conflict,conflict,0,1,0,1.140000000000001,0.29791166666666663,20064,60192
18,1339,85,pair_012_n5_012_conflict,conflict,0,1,0,1.3600000000000012,0.29777,21424,64272
19,1438,99,pair_011_n3_011_control,control,0,1,0,1.220000000000001,0.297605,23008,69024
20,1540,102,pair_011_n5_011_control,control,0,1,0,1.1900000000000013,0.297435,24640,73920
21,1643,103,pair_017_n5_017_conflict,conflict,1,0,0,12.230000000000002,0.2972633333333333,26288,78864
22,1739,96,pair_003_n5_003_conflict,conflict,0,1,0,1.2500000000000013,0.29710333333333333,27824,83472
23,1767,28,pair_015_n5_015_conflict,conflict,0,1,0,-0.4700000000000002,0.29705666666666664,28272,84816
24,1780,13,pair_015_n5_015_control,control,0,1,0,-0.6200000000000001,0.297035,28480,85440
25,1871,91,pair_009_n5_009_control,control,1,0,0,12.350000000000001,0.29688333333333333,29936,89808
26,1959,88,pair_010_n5_010_conflict,conflict,1,0,0,12.38,0.29673666666666665,31344,94032
27,2057,98,pair_003_n3_003_control,control,1,0,0,12.280000000000001,0.2965733333333333,32912,98736
28,2162,105,pair_003_n3_003_conflict,conflict,1,0,0,12.21,0.2963983333333333,34592,103776
29,2249,87,pair_010_n3_010_conflict,conflict,1,0,0,12.39,0.2962533333333333,35984,107952
30,2361,112,pair_014_n3_014_conflict,conflict,1,0,0,12.14,0.29606666666666664,37776,113328
31,2455,94,pair_017_n3_017_control,control,1,0,0,12.32,0.29591,39280,117840
32,2550,95,pair_016_n5_016_conflict,conflict,1,0,0,12.310000000000002,0.29575166666666663,40800,122400
33,2647,97,pair_000_n3_000_conflict,conflict,0,1,0,1.1900000000000013,0.29558999999999996,42352,127056
34,2742,95,pair_008_n5_008_conflict,conflict,0,1,0,1.2100000000000013,0.29543166666666665,43872,131616
35,2851,109,pair_004_n5_004_conflict,conflict,1,0,0,12.170000000000002,0.29525,45616,136848
36,2931,80,pair_000_n3_000_control,control,1,0,0,12.46,0.29511666666666664,46896,140688
37,3030,99,pair_011_n3_011_conflict,conflict,1,0,0,12.270000000000001,0.29495166666666667,48480,145440
38,3036,6,pair_016_n3_016_control,control,0,1,0,-1.0,0.29494166666666666,48576,145728
39,3123,87,pair_006_n5_006_control,control,0,1,0,1.2900000000000023,0.29479666666666665,49968,149904
40,3216,93,pair_001_n5_001_conflict,conflict,1,0,0,12.330000000000002,0.29464166666666664,51456,154368
41,3313,97,pair_013_n5_013_control,control,1,0,0,12.290000000000001,0.29447999999999996,53008,159024
42,3391,78,pair_002_n3_002_control,control,1,0,0,12.48,0.29435,54256,162768
43,3496,105,pair_008_n3_008_control,control,0,1,0,1.060000000000001,0.29417499999999996,55936,167808
44,3602,106,pair_006_n3_006_conflict,conflict,1,0,0,12.200000000000001,0.2939983333333333,57632,172896
45,3695,93,pair_017_n3_017_conflict,conflict,1,0,0,12.330000000000002,0.29384333333333335,59120,177360
46,3722,27,pair_001_n3_001_control,control,0,1,0,-0.20999999999999985,0.29379833333333333,59552,178656
47,3815,93,pair_004_n3_004_control,control,1,0,0,12.330000000000002,0.2936433333333333,61040,183120
48,3932,117,pair_000_n5_000_conflict,conflict,1,0,0,12.090000000000002,0.2934483333333333,62912,188736
49,4012,80,pair_002_n3_002_conflict,conflict,0,1,0,1.3100000000000014,0.293315,64192,192576
50,4188,176,pair_002_n5_002_control,control,1,0,0,11.5,0.2930216666666667,67008,201024
51,4274,86,pair_007_n3_007_control,control,1,0,0,12.400000000000002,0.2928783333333333,68384,205152
52,4393,119,pair_002_n5_002_conflict,conflict,1,0,0,12.070000000000002,0.29268,70288,210864
53,4502,109,pair_007_n3_007_conflict,conflict,1,0,0,12.170000000000002,0.2924983333333333,72032,216096
54,4584,82,pair_001_n5_001_control,control,1,0,0,12.440000000000001,0.29236166666666663,73344,220032
55,4720,136,pair_004_n3_004_conflict,conflict,1,0,0,11.900000000000002,0.292135,75520,226560
56,4813,93,pair_017_n5_017_control,control,1,0,0,12.330000000000002,0.29198,77008,231024
57,4900,87,pair_010_n3_010_control,control,1,0,0,12.390000000000002,0.291835,78400,235200
58,4990,90,pair_008_n3_008_conflict,conflict,1,0,0,12.360000000000001,0.29168499999999997,79840,239520
59,5083,93,pair_007_n5_007_conflict,conflict,1,0,0,12.330000000000002,0.29153,81328,243984
60,5181,98,pair_014_n5_014_control,control,1,0,0,12.280000000000001,0.29136666666666666,82896,248688
61,5280,99,pair_011_n5_011_conflict,conflict,1,0,0,12.270000000000001,0.29120166666666664,84480,253440
62,5386,106,pair_016_n5_016_control,control,1,0,0,12.200000000000001,0.291025,86176,258528
63,5487,101,pair_014_n5_014_conflict,conflict,1,0,0,12.250000000000002,0.29085666666666665,87792,263376
64,5609,122,pair_012_n3_012_control,control,1,0,0,12.040000000000004,0.2906533333333333,89744,269232
65,5709,100,pair_012_n5_012_control,control,1,0,0,12.260000000000002,0.29048666666666667,91344,274032
66,5819,110,pair_016_n3_016_conflict,conflict,0,1,0,0.9600000000000011,0.2903033333333333,93104,279312
67,5903,84,pair_006_n3_006_control,control,1,0,0,12.420000000000002,0.29016333333333333,94448,283344
68,6010,107,pair_005_n3_005_conflict,conflict,1,0,0,12.190000000000001,0.289985,96160,288480
69,6107,97,pair_009_n5_009_conflict,conflict,1,0,0,12.290000000000003,0.2898233333333333,97712,293136
70,6233,126,pair_003_n5_003_control,control,1,0,0,12.0,0.28961333333333333,99728,299184
71,6322,89,pair_014_n3_014_control,control,1,0,0,12.370000000000001,0.289465,101152,303456
72,6434,112,pair_013_n3_013_conflict,conflict,1,0,0,12.140000000000002,0.2892783333333333,102944,308832
73,6536,102,pair_006_n5_006_control,control,1,0,0,12.240000000000002,0.2891083333333333,104576,313728
74,6640,104,pair_007_n3_007_control,control,0,1,0,1.1200000000000014,0.288935,106240,318720
75,6742,102,pair_002_n3_002_conflict,conflict,1,0,0,12.240000000000002,0.288765,107872,323616
76,6844,102,pair_017_n3_017_conflict,conflict,1,0,0,12.240000000000002,0.288595,109504,328512
77,6972,128,pair_016_n5_016_conflict,conflict,1,0,0,11.98,0.28838166666666665,111552,334656
78,6986,14,pair_000_n5_000_conflict,conflict,0,1,0,-0.6799999999999999,0.2883583333333333,111776,335328
79,7092,106,pair_008_n5_008_control,control,0,1,0,1.2000000000000024,0.28818166666666667,113472,340416
80,7169,77,pair_009_n3_009_control,control,1,0,0,12.490000000000002,0.28805333333333333,114704,344112
81,7276,107,pair_012_n5_012_conflict,conflict,1,0,0,12.190000000000001,0.287875,116416,349248
82,7394,118,pair_007_n5_007_conflict,conflict,1,0,0,12.080000000000002,0.2876783333333333,118304,354912
83,7489,95,pair_012_n3_012_control,control,0,1,0,1.2100000000000013,0.28752,119824,359472
84,7578,89,pair_010_n3_010_control,control,1,0,0,12.370000000000001,0.28737166666666664,121248,363744
85,7713,135,pair_002_n5_002_conflict,conflict,1,0,0,11.91,0.28714666666666666,123408,370224
86,7861,148,pair_004_n5_004_conflict,conflict,1,0,0,11.780000000000001,0.2869,125776,377328
87,7971,110,pair_016_n3_016_conflict,conflict,0,1,0,1.0600000000000014,0.2867166666666667,127536,382608
88,8067,96,pair_009_n5_009_conflict,conflict,1,0,0,12.3,0.2865566666666667,129072,387216
89,8169,102,pair_006_n3_006_conflict,conflict,1,0,0,12.240000000000002,0.2863866666666667,130704,392112
90,8258,89,pair_007_n3_007_conflict,conflict,1,0,0,12.370000000000001,0.2862383333333333,132128,396384
91,8366,108,pair_014_n5_014_conflict,conflict,1,0,0,12.180000000000003,0.2860583333333333,133856,401568
92,8471,105,pair_001_n5_001_control,control,1,0,0,12.21,0.2858833333333333,135536,406608
93,8559,88,pair_013_n5_013_conflict,conflict,1,0,0,12.38,0.28573666666666664,136944,410832
94,8659,100,pair_017_n3_017_control,control,1,0,0,12.260000000000002,0.28557,138544,415632
95,8764,105,pair_013_n5_013_control,control,1,0,0,12.21,0.285395,140224,420672
96,8866,102,pair_006_n5_006_conflict,conflict,1,0,0,12.240000000000002,0.285225,141856,425568
97,8993,127,pair_015_n3_015_control,control,1,0,0,11.990000000000002,0.28501333333333334,143888,431664
98,9024,31,pair_010_n5_010_control,control,0,1,0,-0.2499999999999999,0.28496166666666667,144384,433152
99,9114,90,pair_012_n5_012_control,control,1,0,0,12.360000000000001,0.28481166666666663,145824,437472
100,9207,93,pair_005_n5_005_conflict,conflict,1,0,0,12.330000000000002,0.28465666666666667,147312,441936
101,9301,94,pair_009_n3_009_conflict,conflict,1,0,0,12.320000000000002,0.2845,148816,446448
102,9332,31,pair_008_n3_008_conflict,conflict,0,1,0,0.10000000000000031,0.2844483333333333,149312,447936
103,9447,115,pair_004_n3_004_control,control,1,0,0,12.110000000000001,0.28425666666666666,151152,453456
104,9550,103,pair_003_n3_003_conflict,conflict,1,0,0,12.23,0.284085,152800,458400
105,9631,81,pair_005_n3_005_conflict,conflict,0,1,0,1.3000000000000016,0.28395,154096,462288
106,9733,102,pair_003_n3_003_control,control,1,0,0,12.240000000000002,0.28378,155728,467184
107,9825,92,pair_008_n5_008_conflict,conflict,1,0,0,12.340000000000002,0.28362666666666664,157200,471600
108,9935,110,pair_011_n3_011_conflict,conflict,1,0,0,12.16,0.2834433333333333,158960,476880
109,10016,81,pair_011_n3_011_control,control,1,0,0,12.450000000000003,0.28330833333333333,160192,480832
110,10107,91,pair_015_n3_015_conflict,conflict,1,0,0,12.350000000000001,0.28315666666666667,161284,485564
111,10203,96,pair_000_n3_000_conflict,conflict,1,0,0,12.3,0.2829966666666667,162436,490556
112,10291,88,pair_011_n5_011_conflict,conflict,1,0,0,12.38,0.28285,163492,495132
113,10377,86,pair_000_n5_000_control,control,1,0,0,12.400000000000002,0.28270666666666666,164524,499604
114,10472,95,pair_014_n5_014_control,control,1,0,0,12.310000000000002,0.28254833333333335,165664,504544
115,10566,94,pair_017_n5_017_conflict,conflict,1,0,0,12.320000000000002,0.28239166666666665,166792,509432
116,10678,112,pair_002_n3_002_control,control,1,0,0,12.14,0.282205,168136,515256
117,10759,81,pair_014_n3_014_conflict,conflict,1,0,0,12.450000000000001,0.28207,169108,519468
118,10840,81,pair_015_n5_015_control,control,1,0,0,12.450000000000001,0.281935,170080,523680
119,10943,103,pair_006_n3_006_control,control,1,0,0,12.23,0.2817633333333333,171316,529036
120,11048,105,pair_001_n3_001_conflict,conflict,1,0,0,12.21,0.28158833333333333,172576,534496
121,11169,121,pair_016_n5_016_control,control,1,0,0,12.05,0.2813866666666667,174028,540788
122,11281,112,pair_009_n5_009_control,control,1,0,0,12.14,0.2812,175372,546612
123,11370,89,pair_013_n3_013_control,control,1,0,0,12.370000000000001,0.28105166666666664,176440,551240
124,11473,103,pair_001_n5_001_conflict,conflict,1,0,0,12.23,0.28087999999999996,177676,556596
125,11561,88,pair_004_n3_004_conflict,conflict,0,1,0,1.2800000000000011,0.28073333333333333,178732,561172
126,11647,86,pair_000_n3_000_control,control,1,0,0,12.400000000000002,0.28059,179764,565644
127,11740,93,pair_010_n3_010_conflict,conflict,1,0,0,12.330000000000002,0.280435,180880,570480
128,11767,27,pair_001_n3_001_control,control,0,1,0,-0.36,0.28039,181204,571884
129,11864,97,pair_016_n3_016_control,control,0,1,0,1.140000000000001,0.2802283333333333,182368,576928
130,11958,94,pair_007_n5_007_control,control,1,0,0,12.320000000000002,0.28007166666666666,183496,581816
131,12048,90,pair_017_n5_017_control,control,1,0,0,12.360000000000001,0.2799216666666667,184576,586496
132,12154,106,pair_003_n5_003_control,control,0,1,0,1.1500000000000012,0.27974499999999997,185848,592008
133,12189,35,pair_008_n3_008_control,control,0,1,0,-0.08999999999999975,0.27968666666666664,186268,593828
134,12296,107,pair_011_n5_011_control,control,0,1,0,1.140000000000001,0.2795083333333333,187552,599392
135,12386,90,pair_002_n5_002_control,control,1,0,0,12.360000000000001,0.2793583333333333,188632,604072
136,12479,93,pair_014_n3_014_control,control,1,0,0,12.330000000000002,0.2792033333333333,189748,608908
137,12564,85,pair_005_n5_005_control,control,1,0,0,12.410000000000002,0.27906166666666665,190768,613328
138,12567,3,pair_005_n3_005_control,control,0,1,0,-0.92,0.2790566666666667,190804,613484
139,12574,7,pair_012_n3_012_conflict,conflict,0,1,0,-1.06,0.279045,190888,613848
140,12669,95,pair_015_n5_015_conflict,conflict,1,0,0,12.310000000000002,0.27888666666666667,192028,618788
141,12756,87,pair_010_n5_010_conflict,conflict,1,0,0,12.39,0.27874166666666667,193072,623312
142,12932,176,pair_003_n5_003_conflict,conflict,1,0,0,11.5,0.2784483333333333,195184,632464
143,13021,89,pair_004_n5_004_control,control,1,0,0,12.370000000000001,0.2783,196252,637092
144,13321,300,pair_017_n5_017_control,control,0,0,0,-0.9000000000000011,0.2778,199852,652692
145,13442,121,pair_004_n5_004_control,control,1,0,0,12.05,0.27759833333333334,201304,658984
146,13544,102,pair_005_n3_005_control,control,1,0,0,12.240000000000002,0.27742833333333333,202528,664288
147,13651,107,pair_014_n5_014_conflict,conflict,1,0,0,12.190000000000001,0.27725,203812,669852
148,13747,96,pair_013_n3_013_conflict,conflict,1,0,0,12.3,0.27709,204964,674844
149,13853,106,pair_007_n3_007_control,control,1,0,0,12.200000000000003,0.27691333333333334,206236,680356
150,13966,113,pair_002_n3_002_conflict,conflict,1,0,0,12.13,0.276725,207592,686232
151,14072,106,pair_015_n5_015_conflict,conflict,1,0,0,12.200000000000001,0.27654833333333334,208864,691744
152,14088,16,pair_016_n5_016_control,control,0,1,0,-0.8,0.27652166666666667,209056,692576
153,14186,98,pair_009_n5_009_control,control,1,0,0,12.280000000000001,0.2763583333333333,210232,697672
154,14291,105,pair_006_n5_006_control,control,0,1,0,1.2100000000000013,0.27618333333333334,211492,703132
155,14380,89,pair_010_n5_010_control,control,1,0,0,12.370000000000001,0.276035,212560,707760
156,14470,90,pair_016_n5_016_conflict,conflict,0,1,0,1.2100000000000017,0.275885,213640,712440
157,14570,100,pair_008_n5_008_conflict,conflict,1,0,0,12.260000000000002,0.27571833333333334,214840,717640
158,14666,96,pair_013_n5_013_control,control,1,0,0,12.3,0.27555833333333335,215992,722632
159,14771,105,pair_005_n3_005_conflict,conflict,1,0,0,12.210000000000003,0.2753833333333333,217252,728092
160,14859,88,pair_017_n3_017_conflict,conflict,1,0,0,12.380000000000003,0.2752366666666667,218308,732668
161,14975,116,pair_012_n5_012_conflict,conflict,0,1,0,1.1000000000000014,0.2750433333333333,219700,738700
162,15077,102,pair_008_n5_008_control,control,1,0,0,12.240000000000002,0.2748733333333333,220924,744004
163,15190,113,pair_002_n3_002_control,control,1,0,0,12.13,0.274685,222280,749880
164,15284,94,pair_016_n3_016_control,control,0,1,0,1.0700000000000012,0.2745283333333333,223408,754768
165,15385,101,pair_015_n3_015_control,control,1,0,0,12.250000000000002,0.27436,224620,760020
166,15482,97,pair_013_n3_013_control,control,1,0,0,12.290000000000003,0.2741983333333333,225784,765064
167,15563,81,pair_012_n5_012_control,control,1,0,0,12.450000000000001,0.2740633333333333,226756,769276
168,15675,112,pair_007_n3_007_conflict,conflict,0,1,0,0.9900000000000011,0.27387666666666666,228100,775100
169,15769,94,pair_014_n5_014_control,control,1,0,0,12.320000000000002,0.27371999999999996,229228,779988
170,15879,110,pair_001_n3_001_conflict,conflict,1,0,0,12.160000000000002,0.27353666666666665,230548,785708
171,15996,117,pair_012_n3_012_control,control,1,0,0,12.090000000000002,0.27334166666666665,231952,791792
172,16092,96,pair_000_n3_000_control,control,1,0,0,12.3,0.27318166666666666,233104,796784
173,16199,107,pair_015_n5_015_control,control,1,0,0,12.190000000000001,0.2730033333333333,234388,802348
174,16317,118,pair_004_n5_004_conflict,conflict,0,1,0,1.0800000000000014,0.27280666666666664,235804,808484
175,16399,82,pair_000_n5_000_control,control,1,0,0,12.440000000000001,0.27266999999999997,236788,812748
176,16485,86,pair_004_n3_004_conflict,conflict,1,0,0,12.400000000000002,0.27252666666666664,237820,817220
177,16599,114,pair_003_n5_003_control,control,1,0,0,12.120000000000001,0.27233666666666667,239188,823148
178,16858,259,pair_001_n5_001_conflict,conflict,1,0,0,10.670000000000002,0.271905,242296,836616
179,16962,104,pair_011_n5_011_conflict,conflict,0,1,0,1.1200000000000014,0.27173166666666665,243544,842024
180,17004,42,pair_001_n3_001_control,control,0,1,0,-0.4600000000000001,0.27166166666666663,244048,844208
181,17111,107,pair_010_n5_010_conflict,conflict,1,0,0,12.190000000000003,0.2714833333333333,245332,849772
182,17224,113,pair_003_n3_003_control,control,0,1,0,0.9800000000000011,0.271295,246688,855648
183,17231,7,pair_015_n3_015_conflict,conflict,0,1,0,-0.91,0.2712833333333333,246772,856012
184,17338,107,pair_000_n5_000_conflict,conflict,1,0,0,12.190000000000001,0.271105,248056,861576
185,17420,82,pair_017_n5_017_conflict,conflict,1,0,0,12.440000000000001,0.2709683333333333,249040,865840
186,17513,93,pair_009_n3_009_control,control,1,0,0,12.330000000000002,0.27081333333333335,250156,870676
187,17606,93,pair_004_n3_004_control,control,1,0,0,12.330000000000002,0.27065833333333333,251272,875512
188,17692,86,pair_008_n3_008_conflict,conflict,0,1,0,1.4000000000000017,0.270515,252304,879984
189,17785,93,pair_005_n5_005_control,control,1,0,0,12.330000000000002,0.27036,253420,884820
190,17891,106,pair_002_n5_002_control,control,1,0,0,12.200000000000003,0.27018333333333333,254692,890332
191,17979,88,pair_011_n3_011_control,control,0,1,0,1.3300000000000014,0.27003666666666665,255748,894908
192,18069,90,pair_013_n5_013_conflict,conflict,1,0,0,12.360000000000001,0.26988666666666666,256828,899588
193,18222,153,pair_003_n5_003_conflict,conflict,1,0,0,11.73,0.26963166666666666,258664,907544
194,18315,93,pair_002_n5_002_conflict,conflict,1,0,0,12.330000000000002,0.26947666666666664,259780,912380
195,18403,88,pair_007_n5_007_conflict,conflict,1,0,0,12.38,0.26933,260836,916956
196,18504,101,pair_009_n5_009_conflict,conflict,1,0,0,12.250000000000002,0.26916166666666663,262048,922208
197,18515,11,pair_014_n3_014_conflict,conflict,0,1,0,-0.7999999999999999,0.26914333333333335,262180,922780
198,18614,99,pair_012_n3_012_conflict,conflict,0,1,0,1.2700000000000022,0.2689783333333333,263368,927928
199,18713,99,pair_006_n3_006_control,control,1,0,0,12.270000000000001,0.26881333333333335,264556,933076
200,18812,99,pair_009_n3_009_conflict,conflict,1,0,0,12.270000000000001,0.2686483333333333,265744,938224
201,18902,90,pair_011_n3_011_conflict,conflict,0,1,0,1.360000000000002,0.26849833333333334,266824,942904
202,18986,84,pair_006_n3_006_conflict,conflict,1,0,0,12.420000000000002,0.2683583333333333,267832,947272
203,19103,117,pair_008_n3_008_control,control,1,0,0,12.090000000000003,0.2681633333333333,269236,953356
204,19200,97,pair_017_n3_017_control,control,1,0,0,12.290000000000003,0.26800166666666664,270400,958400
205,19294,94,pair_010_n3_010_control,control,0,1,0,1.3200000000000016,0.267845,271528,963288
206,19399,105,pair_006_n5_006_conflict,conflict,1,0,0,12.21,0.26766999999999996,272788,968748
207,19495,96,pair_016_n3_016_conflict,conflict,1,0,0,12.3,0.26750999999999997,273940,973740
208,19608,113,pair_001_n5_001_control,control,1,0,0,12.13,0.2673216666666667,275296,979616
209,19706,98,pair_014_n3_014_control,control,1,0,0,12.280000000000001,0.26715833333333333,276472,984712
210,19816,110,pair_000_n3_000_conflict,conflict,1,0,0,12.160000000000002,0.26697499999999996,277792,990432
211,19922,106,pair_007_n5_007_control,control,1,0,0,12.200000000000001,0.2667983333333333,279064,995944
212,19956,34,pair_010_n3_010_conflict,conflict,0,1,0,-0.22999999999999987,0.26674166666666665,279472,997712
213,20045,89,pair_003_n3_003_conflict,conflict,1,0,0,12.370000000000001,0.26659333333333335,280405,1002475
214,20122,77,pair_011_n5_011_control,control,1,0,0,12.490000000000002,0.266465,281098,1006710
215,20228,106,pair_005_n5_005_conflict,conflict,1,0,0,12.200000000000003,0.26628833333333335,282052,1012540
216,20354,126,pair_015_n3_015_conflict,conflict,1,0,0,12.0,0.2660783333333333,283186,1019470
217,20442,88,pair_017_n5_017_conflict,conflict,1,0,0,12.38,0.2659316666666667,283978,1024310
218,20558,116,pair_013_n5_013_control,control,1,0,0,12.100000000000001,0.2657383333333333,285022,1030690
219,20684,126,pair_001_n3_001_conflict,conflict,1,0,0,12.000000000000002,0.2655283333333333,286156,1037620
220,20817,133,pair_015_n3_015_control,control,1,0,0,11.930000000000003,0.26530666666666664,287353,1044935
221,20912,95,pair_001_n3_001_control,control,0,1,0,1.260000000000002,0.2651483333333333,288208,1050160
222,20992,80,pair_011_n5_011_control,control,0,1,0,1.3600000000000017,0.265015,288928,1054560
223,21113,121,pair_003_n5_003_control,control,1,0,0,12.050000000000002,0.26481333333333335,290017,1061215
224,21201,88,pair_009_n5_009_conflict,conflict,0,1,0,1.3800000000000012,0.26466666666666666,290809,1066055
225,21302,101,pair_011_n5_011_conflict,conflict,0,1,0,1.1500000000000012,0.26449833333333334,291718,1071610
226,21485,183,pair_005_n3_005_conflict,conflict,0,1,0,0.4300000000000004,0.26419333333333334,293365,1081675
227,21622,137,pair_016_n3_016_conflict,conflict,0,1,0,0.840000000000001,0.263965,294598,1089210
228,21717,95,pair_017_n3_017_conflict,conflict,1,0,0,12.310000000000002,0.26380666666666663,295453,1094435
229,21901,184,pair_003_n3_003_conflict,conflict,1,0,0,11.42,0.2635,297109,1104555
230,21994,93,pair_005_n5_005_control,control,1,0,0,12.330000000000002,0.263345,297946,1109670
231,22125,131,pair_000_n5_000_control,control,1,0,0,11.950000000000001,0.2631266666666667,299125,1116875
232,22238,113,pair_000_n3_000_control,control,1,0,0,12.130000000000003,0.26293833333333333,300142,1123090
233,22316,78,pair_003_n5_003_conflict,conflict,0,1,0,0.48000000000000065,0.2628083333333333,300844,1127380
234,22431,115,pair_002_n3_002_conflict,conflict,1,0,0,12.110000000000001,0.26261666666666666,301879,1133705
235,22521,90,pair_008_n3_008_control,control,0,1,0,1.3600000000000017,0.2624666666666666,302689,1138655
236,22625,104,pair_014_n5_014_conflict,conflict,1,0,0,12.220000000000002,0.2622933333333333,303625,1144375
237,22740,115,pair_006_n3_006_conflict,conflict,1,0,0,12.110000000000001,0.2621016666666667,304660,1150700
238,22826,86,pair_015_n5_015_conflict,conflict,1,0,0,12.400000000000002,0.2619583333333333,305434,1155430
239,22913,87,pair_014_n5_014_control,control,1,0,0,12.39,0.26181333333333334,306217,1160215
240,23027,114,pair_002_n5_002_control,control,1,0,0,12.120000000000001,0.2616233333333333,307243,1166485
241,23138,111,pair_009_n3_009_conflict,conflict,1,0,0,12.150000000000002,0.26143833333333333,308242,1172590
242,23230,92,pair_013_n3_013_control,control,1,0,0,12.340000000000002,0.261285,309070,1177650
243,23312,82,pair_016_n3_016_control,control,0,1,0,1.390000000000002,0.2611483333333333,309808,1182160
244,23401,89,pair_012_n3_012_control,control,0,1,0,1.2200000000000015,0.261,310609,1187055
245,23491,90,pair_000_n3_000_conflict,conflict,1,0,0,12.360000000000001,0.26084999999999997,311419,1192005
246,23571,80,pair_001_n5_001_control,control,0,1,0,1.4600000000000013,0.26071666666666665,312139,1196405
247,23576,5,pair_007_n5_007_conflict,conflict,0,1,0,-0.94,0.2607083333333333,312184,1196680
248,23705,129,pair_011_n3_011_conflict,conflict,1,0,0,11.97,0.2604933333333333,313345,1203775
249,23713,8,pair_004_n3_004_control,control,0,1,0,-0.87,0.26048,313417,1204215
250,23778,65,pair_000_n5_000_conflict,conflict,0,1,0,0.8100000000000009,0.26037166666666667,314002,1207790
251,23872,94,pair_012_n5_012_control,control,1,0,0,12.320000000000004,0.260215,314848,1212960
252,23883,11,pair_015_n5_015_control,control,0,1,0,-0.9,0.26019666666666663,314947,1213565
253,23889,6,pair_006_n3_006_control,control,0,1,0,-0.9,0.2601866666666667,315001,1213895
254,24009,120,pair_001_n5_001_conflict,conflict,1,0,0,12.060000000000002,0.25998666666666664,316081,1220495
255,24105,96,pair_016_n5_016_conflict,conflict,0,1,0,1.3000000000000016,0.25982666666666665,316945,1225775
256,24322,217,pair_010_n3_010_conflict,conflict,1,0,0,11.090000000000005,0.259465,318898,1237710
257,24420,98,pair_006_n5_006_conflict,conflict,1,0,0,12.280000000000001,0.25930166666666665,319780,1243100
258,24510,90,pair_013_n5_013_conflict,conflict,1,0,0,12.360000000000001,0.25915166666666667,320590,1248050
259,24541,31,pair_010_n3_010_control,control,0,1,0,-0.2499999999999999,0.2591,320869,1249755
260,24643,102,pair_010_n5_010_conflict,conflict,0,1,0,1.1400000000000015,0.25893,321787,1255365
261,24743,100,pair_002_n5_002_conflict,conflict,1,0,0,12.260000000000002,0.25876333333333335,322687,1260865
262,24750,7,pair_009_n5_009_control,control,0,1,0,-1.06,0.25875166666666666,322750,1261250
263,24841,91,pair_004_n5_004_control,control,1,0,0,12.350000000000001,0.2586,323569,1266255
264,24920,79,pair_007_n3_007_conflict,conflict,1,0,0,12.470000000000002,0.2584683333333333,324280,1270600
265,25018,98,pair_011_n3_011_control,control,1,0,0,12.280000000000001,0.258305,325162,1275990
266,25122,104,pair_014_n3_014_conflict,conflict,1,0,0,12.220000000000002,0.25813166666666665,326098,1281710
267,25129,7,pair_017_n3_017_control,control,0,1,0,-0.86,0.25812,326161,1282095
268,25211,82,pair_014_n3_014_control,control,1,0,0,12.440000000000001,0.25798333333333334,326899,1286605
269,25316,105,pair_006_n5_006_control,control,1,0,0,12.210000000000003,0.2578083333333333,327844,1292380
270,25404,88,pair_003_n3_003_control,control,1,0,0,12.380000000000003,0.2576616666666667,328636,1297220
271,25409,5,pair_007_n5_007_control,control,0,1,0,-0.94,0.25765333333333335,328681,1297495
272,25420,11,pair_008_n5_008_control,control,0,1,0,-0.8500000000000001,0.257635,328780,1298100
273,25427,7,pair_007_n3_007_control,control,0,1,0,-1.01,0.2576233333333333,328843,1298485
274,25507,80,pair_002_n3_002_control,control,0,1,0,1.410000000000002,0.25749,329563,1302885
275,25561,54,pair_010_n5_010_control,control,0,1,0,-0.43000000000000005,0.25739999999999996,330049,1305855
276,25680,119,pair_004_n3_004_conflict,conflict,1,0,0,12.07,0.25720166666666666,331120,1312400
277,25742,62,pair_009_n3_009_control,control,0,1,0,0.14000000000000035,0.2570983333333333,331678,1315810
278,25823,81,pair_005_n3_005_control,control,1,0,0,12.450000000000001,0.2569633333333333,332407,1320265
279,25910,87,pair_004_n5_004_conflict,conflict,0,1,0,0.5900000000000007,0.2568183333333333,333190,1325050
280,26032,122,pair_008_n5_008_conflict,conflict,1,0,0,12.040000000000001,0.256615,334288,1331760
281,26127,95,pair_017_n5_017_control,control,1,0,0,12.310000000000002,0.25645666666666667,335143,1336985
282,26237,110,pair_012_n3_012_conflict,conflict,1,0,0,12.160000000000002,0.25627333333333335,336133,1343035
283,26282,45,pair_008_n3_008_conflict,conflict,0,1,0,-0.2899999999999999,0.2561983333333333,336538,1345510
284,26376,94,pair_016_n5_016_control,control,1,0,0,12.32,0.25604166666666667,337384,1350680
285,26382,6,pair_012_n5_012_conflict,conflict,0,1,0,-0.95,0.25603166666666666,337438,1351010
286,26471,89,pair_013_n3_013_conflict,conflict,1,0,0,12.370000000000001,0.25588333333333335,338239,1355905
287,26564,93,pair_005_n5_005_conflict,conflict,1,0,0,12.330000000000002,0.25572833333333334,339076,1361020
288,26649,85,pair_003_n5_003_conflict,conflict,1,0,0,12.410000000000002,0.25558666666666663,339841,1365695
289,26656,7,pair_009_n5_009_conflict,conflict,0,1,0,-0.86,0.255575,339904,1366080
290,26749,93,pair_014_n3_014_control,control,1,0,0,12.330000000000002,0.25542,340741,1371195
291,26882,133,pair_007_n5_007_conflict,conflict,1,0,0,11.930000000000001,0.2551983333333333,341938,1378510
292,27025,143,pair_010_n5_010_conflict,conflict,1,0,0,11.830000000000002,0.25495999999999996,343225,1386375
293,27137,112,pair_002_n5_002_conflict,conflict,1,0,0,12.140000000000002,0.2547733333333333,344233,1392535
294,27217,80,pair_007_n3_007_conflict,conflict,1,0,0,12.46,0.25464,344953,1396935
295,27224,7,pair_015_n3_015_conflict,conflict,0,1,0,-0.86,0.25462833333333335,345016,1397320
296,27329,105,pair_008_n3_008_control,control,1,0,0,12.21,0.2544533333333333,345961,1403095
297,27418,89,pair_007_n3_007_control,control,1,0,0,12.370000000000001,0.254305,346762,1407990
298,27518,100,pair_017_n5_017_conflict,conflict,1,0,0,12.260000000000002,0.2541383333333333,347662,1413490
299,27609,91,pair_015_n5_015_control,control,1,0,0,12.350000000000001,0.25398666666666664,348481,1418495
300,27616,7,pair_013_n5_013_conflict,conflict,0,1,0,-0.86,0.253975,348544,1418880
301,27623,7,pair_006_n5_006_conflict,conflict,0,1,0,-0.96,0.2539633333333333,348607,1419265
302,27729,106,pair_012_n5_012_control,control,1,0,0,12.200000000000003,0.25378666666666666,349561,1425095
303,27820,91,pair_013_n3_013_conflict,conflict,1,0,0,12.350000000000001,0.253635,350380,1430100
304,27916,96,pair_000_n5_000_conflict,conflict,1,0,0,12.3,0.253475,351244,1435380
305,28014,98,pair_003_n5_003_control,control,1,0,0,12.280000000000001,0.25331166666666666,352126,1440770
306,28113,99,pair_013_n5_013_control,control,1,0,0,12.270000000000001,0.25314666666666663,353017,1446215
307,28217,104,pair_010_n3_010_control,control,0,1,0,1.220000000000001,0.25297333333333333,353953,1451935
308,28313,96,pair_008_n3_008_conflict,conflict,1,0,0,12.300000000000002,0.25281333333333333,354817,1457215
309,28401,88,pair_000_n3_000_conflict,conflict,1,0,0,12.380000000000003,0.25266666666666665,355609,1462055
310,28491,90,pair_012_n3_012_conflict,conflict,1,0,0,12.360000000000001,0.25251666666666667,356419,1467005
311,28588,97,pair_006_n3_006_control,control,1,0,0,12.290000000000001,0.252355,357292,1472340
312,28695,107,pair_017_n3_017_conflict,conflict,1,0,0,12.190000000000001,0.25217666666666666,358255,1478225
313,28766,71,pair_017_n5_017_control,control,0,1,0,0.6000000000000008,0.25205833333333333,358894,1482130
314,28861,95,pair_017_n3_017_control,control,1,0,0,12.310000000000002,0.2519,359749,1487355
315,28885,24,pair_001_n3_001_control,control,0,1,0,-0.32999999999999996,0.25186,359965,1488675
316,28974,89,pair_006_n5_006_control,control,1,0,0,12.370000000000001,0.25171166666666667,360766,1493570
317,28978,4,pair_011_n3_011_control,control,0,1,0,-0.88,0.251705,360802,1493790
318,29088,110,pair_014_n5_014_conflict,conflict,1,0,0,12.160000000000002,0.25152166666666664,361792,1499840
319,29194,106,pair_004_n5_004_conflict,conflict,1,0,0,12.200000000000003,0.251345,362746,1505670
320,29279,85,pair_005_n5_005_conflict,conflict,0,1,0,0.46000000000000063,0.25120333333333333,363511,1510345
321,29293,14,pair_008_n5_008_conflict,conflict,0,1,0,-0.98,0.25117999999999996,363637,1511115
322,29382,89,pair_005_n5_005_control,control,1,0,0,12.370000000000001,0.25103166666666665,364438,1516010
323,29482,100,pair_013_n3_013_control,control,1,0,0,12.260000000000003,0.250865,365338,1521510
324,29561,79,pair_011_n5_011_conflict,conflict,1,0,0,12.47,0.2507333333333333,366049,1525855
325,29657,96,pair_002_n3_002_control,control,1,0,0,12.3,0.2505733333333333,366913,1531135
326,29664,7,pair_002_n5_002_control,control,0,1,0,-0.9099999999999999,0.2505616666666667,366976,1531520
327,29758,94,pair_012_n3_012_control,control,1,0,0,12.320000000000002,0.250405,367822,1536690
328,29767,9,pair_002_n3_002_conflict,conflict,0,1,0,-0.98,0.25039,367903,1537185
329,29879,112,pair_016_n3_016_conflict,conflict,1,0,0,12.14,0.25020333333333333,368911,1543345
330,29980,101,pair_010_n5_010_control,control,1,0,0,12.250000000000002,0.250035,369820,1548900
331,29995,15,pair_016_n5_016_conflict,conflict,0,1,0,-1.09,0.25001,369955,1549725
332,30084,89,pair_008_n5_008_control,control,1,0,0,12.370000000000001,0.24986166666666665,370756,1554620
333,30092,8,pair_012_n5_012_conflict,conflict,0,1,0,-1.07,0.24984833333333334,370828,1555060
334,30186,94,pair_011_n3_011_conflict,conflict,1,0,0,12.32,0.24969166666666665,371674,1560230
335,30189,3,pair_005_n3_005_conflict,conflict,0,1,0,-0.92,0.24968666666666667,371701,1560395
336,30273,84,pair_006_n3_006_conflict,conflict,1,0,0,12.420000000000002,0.24954666666666664,372457,1565015
337,30285,12,pair_004_n3_004_conflict,conflict,0,1,0,-0.66,0.24952666666666665,372565,1565675
338,30311,26,pair_001_n5_001_control,control,0,1,0,-0.3500000000000001,0.24948333333333333,372799,1567105
339,30397,86,pair_003_n3_003_control,control,1,0,0,12.400000000000002,0.24934,373573,1571835
340,30478,81,pair_003_n3_003_conflict,conflict,1,0,0,12.450000000000001,0.24920499999999998,374302,1576290
341,30582,104,pair_001_n5_001_conflict,conflict,1,0,0,12.220000000000002,0.24903166666666665,375238,1582010
342,30830,248,pair_009_n3_009_control,control,1,0,0,10.78,0.24861833333333333,377470,1595650
343,30921,91,pair_016_n5_016_control,control,0,1,0,1.3000000000000016,0.24846666666666667,378289,1600655
344,31041,120,pair_000_n5_000_control,control,0,1,0,1.060000000000001,0.24826666666666666,379369,1607255
345,31138,97,pair_015_n3_015_control,control,1,0,0,12.290000000000001,0.248105,380242,1612590
346,31241,103,pair_016_n3_016_control,control,0,1,0,0.9800000000000011,0.24793333333333334,381169,1618255
347,31322,81,pair_004_n5_004_control,control,0,1,0,0.6500000000000008,0.24779833333333331,381898,1622710
348,31426,104,pair_000_n3_000_control,control,1,0,0,12.220000000000002,0.24762499999999998,382834,1628430
349,31455,29,pair_010_n3_010_conflict,conflict,0,1,0,-0.2799999999999999,0.24757666666666667,383095,1630025
350,31479,24,pair_014_n3_014_conflict,conflict,0,1,0,-1.18,0.24753666666666665,383311,1631345
351,31568,89,pair_015_n5_015_conflict,conflict,1,0,0,12.370000000000001,0.24738833333333332,384112,1636240
352,31656,88,pair_009_n5_009_control,control,1,0,0,12.380000000000003,0.24724166666666667,384904,1641080
353,31769,113,pair_004_n3_004_control,control,1,0,0,12.13,0.24705333333333332,385921,1647295
354,31854,85,pair_014_n5_014_control,control,0,1,0,0.36000000000000054,0.24691166666666664,386686,1651970
355,31860,6,pair_009_n3_009_conflict,conflict,0,1,0,-0.95,0.24690166666666666,386740,1652300
356,32010,150,pair_007_n5_007_control,control,1,0,0,11.76,0.24665166666666666,388090,1660550
357,32108,98,pair_005_n3_005_control,control,1,0,0,12.280000000000001,0.2464883333333333,388972,1665940
358,32226,118,pair_011_n5_011_control,control,1,0,0,12.080000000000002,0.24629166666666666,390034,1672430
359,32396,170,pair_001_n3_001_conflict,conflict,0,1,0,0.5600000000000005,0.24600833333333333,391564,1681780
360,32499,103,pair_008_n3_008_control,control,0,1,0,1.180000000000001,0.24583666666666665,392491,1687445
361,32589,90,pair_001_n3_001_conflict,conflict,1,0,0,12.360000000000001,0.24568666666666666,393301,1692395
362,32669,80,pair_009_n3_009_control,control,1,0,0,12.46,0.24555333333333332,394021,1696795
363,32757,88,pair_014_n5_014_conflict,conflict,1,0,0,12.38,0.24540666666666666,394813,1701635
364,32829,72,pair_010_n5_010_control,control,0,1,0,0.6900000000000008,0.24528666666666665,395461,1705595
365,32937,108,pair_014_n3_014_control,control,1,0,0,12.180000000000001,0.24510666666666664,396433,1711535
366,33034,97,pair_015_n3_015_conflict,conflict,1,0,0,12.290000000000001,0.244945,397306,1716870
367,33138,104,pair_006_n5_006_conflict,conflict,1,0,0,12.22,0.24477166666666667,398242,1722590
368,33301,163,pair_016_n3_016_control,control,0,1,0,0.5800000000000014,0.2445,399709,1731555
369,33394,93,pair_008_n3_008_conflict,conflict,1,0,0,12.330000000000002,0.24434499999999998,400546,1736670
370,33520,126,pair_009_n3_009_conflict,conflict,0,1,0,-0.5000000000000002,0.244135,401680,1743600
371,33620,100,pair_003_n5_003_conflict,conflict,1,0,0,12.260000000000002,0.24396833333333331,402580,1749100
372,33714,94,pair_010_n3_010_conflict,conflict,1,0,0,12.320000000000002,0.24381166666666665,403426,1754270
373,33803,89,pair_012_n3_012_control,control,0,1,0,1.2700000000000014,0.24366333333333332,404227,1759165
374,33895,92,pair_012_n3_012_conflict,conflict,1,0,0,12.340000000000002,0.24351,405055,1764225
375,34001,106,pair_000_n5_000_conflict,conflict,1,0,0,12.200000000000001,0.24333333333333332,406009,1770055
376,34091,90,pair_003_n3_003_control,control,1,0,0,12.360000000000001,0.2431833333333333,406819,1775005
377,34195,104,pair_008_n5_008_control,control,1,0,0,12.22,0.24301,407755,1780725
378,34212,17,pair_006_n5_006_control,control,0,1,0,-1.01,0.24298166666666665,407908,1781660
379,34219,7,pair_007_n3_007_control,control,0,1,0,-0.91,0.24297,407971,1782045
380,34285,66,pair_005_n5_005_conflict,conflict,0,1,0,0.6000000000000008,0.24286,408565,1785675
381,34427,142,pair_016_n5_016_control,control,1,0,0,11.840000000000003,0.24262333333333333,409843,1793485
382,34517,90,pair_004_n3_004_control,control,1,0,0,12.360000000000001,0.24247333333333332,410653,1798435
383,34817,300,pair_017_n5_017_control,control,0,0,0,0.15000000000000271,0.24197333333333332,413353,1814935
384,34901,84,pair_017_n3_017_control,control,1,0,0,12.420000000000002,0.24183333333333332,414109,1819555
385,34979,78,pair_001_n3_001_control,control,1,0,0,12.480000000000002,0.24170333333333333,414811,1823845
386,34996,17,pair_005_n3_005_conflict,conflict,0,1,0,-1.06,0.24167499999999997,414964,1824780
387,35000,4,pair_013_n3_013_control,control,0,1,0,-0.88,0.24166833333333332,415000,1825000
388,35157,157,pair_002_n5_002_control,control,1,0,0,11.690000000000001,0.24140666666666666,416413,1833635
389,35243,86,pair_003_n3_003_conflict,conflict,1,0,0,12.400000000000002,0.24126333333333333,417187,1838365
390,35357,114,pair_001_n5_001_conflict,conflict,1,0,0,12.120000000000003,0.2410733333333333,418213,1844635
391,35444,87,pair_011_n3_011_conflict,conflict,1,0,0,12.390000000000002,0.24092833333333333,418996,1849420
392,35530,86,pair_011_n3_011_control,control,1,0,0,12.400000000000002,0.240785,419770,1854150
393,35630,100,pair_002_n5_002_conflict,conflict,1,0,0,12.260000000000002,0.24061833333333332,420670,1859650
394,35722,92,pair_013_n3_013_conflict,conflict,1,0,0,12.340000000000002,0.24046499999999998,421498,1864710
395,35822,100,pair_012_n5_012_conflict,conflict,1,0,0,12.260000000000002,0.24029833333333334,422398,1870210
396,35917,95,pair_012_n5_012_control,control,1,0,0,12.310000000000002,0.24014,423253,1875435
397,36022,105,pair_015_n5_015_conflict,conflict,1,0,0,12.21,0.23996499999999998,424198,1881210
398,36126,104,pair_005_n3_005_control,control,1,0,0,12.22,0.23979166666666665,425134,1886930
399,36213,87,pair_008_n5_008_conflict,conflict,1,0,0,12.39,0.23964666666666665,425917,1891715
400,36319,106,pair_005_n5_005_control,control,0,1,0,1.2000000000000015,0.23947,426871,1897545
401,36403,84,pair_007_n3_007_conflict,conflict,1,0,0,12.420000000000002,0.23933,427627,1902165
402,36428,25,pair_013_n5_013_conflict,conflict,0,1,0,-0.4900000000000001,0.23928833333333333,427852,1903540
403,36532,104,pair_004_n5_004_conflict,conflict,0,1,0,1.220000000000001,0.239115,428788,1909260
404,36622,90,pair_011_n5_011_control,control,1,0,0,12.360000000000001,0.23896499999999998,429598,1914210
405,36723,101,pair_000_n5_000_control,control,1,0,0,12.250000000000002,0.23879666666666666,430507,1919765
406,36815,92,pair_011_n5_011_conflict,conflict,0,1,0,1.2400000000000015,0.23864333333333332,431335,1924825
407,36900,85,pair_006_n3_006_control,control,1,0,0,12.410000000000002,0.23850166666666667,432100,1929500
408,37016,116,pair_000_n3_000_conflict,conflict,1,0,0,12.100000000000001,0.23830833333333332,433144,1935880
409,37144,128,pair_010_n5_010_conflict,conflict,1,0,0,11.98,0.238095,434296,1942920
410,37251,107,pair_009_n5_009_control,control,1,0,0,12.190000000000001,0.23791666666666667,435259,1948805
411,37379,128,pair_010_n3_010_control,control,0,1,0,0.8800000000000008,0.23770333333333332,436411,1955845
412,37473,94,pair_004_n5_004_control,control,1,0,0,12.320000000000002,0.23754666666666666,437257,1961015
413,37576,103,pair_016_n5_016_conflict,conflict,1,0,0,12.23,0.237375,438184,1966680
414,37676,100,pair_014_n3_014_conflict,conflict,1,0,0,12.260000000000002,0.23720833333333333,439084,1972180
415,37682,6,pair_017_n3_017_conflict,conflict,0,1,0,-1.0,0.23719833333333332,439138,1972510
416,37774,92,pair_014_n5_014_control,control,1,0,0,12.340000000000002,0.237045,439966,1977570
417,37865,91,pair_006_n3_006_conflict,conflict,1,0,0,12.350000000000001,0.23689333333333332,440785,1982575
418,37957,92,pair_001_n5_001_control,control,1,0,0,12.340000000000002,0.23674,441613,1987635
419,38047,90,pair_003_n5_003_control,control,1,0,0,12.360000000000001,0.23659,442423,1992585
420,38137,90,pair_015_n3_015_control,control,1,0,0,12.360000000000001,0.23643999999999998,443233,1997535
421,38225,88,pair_007_n5_007_conflict,conflict,1,0,0,12.380000000000003,0.23629333333333333,444025,2002375
422,38328,103,pair_016_n3_016_conflict,conflict,1,0,0,12.230000000000002,0.23612166666666667,444952,2008040
423,38339,11,pair_002_n3_002_control,control,0,1,0,-0.9500000000000001,0.23610333333333333,445051,2008645
424,38419,80,pair_004_n3_004_conflict,conflict,1,0,0,12.46,0.23596999999999999,445771,2013045
425,38424,5,pair_007_n5_007_control,control,0,1,0,-0.9400000000000001,0.23596166666666665,445816,2013320
426,38507,83,pair_013_n5_013_control,control,1,0,0,12.430000000000001,0.23582333333333333,446563,2017885
427,38615,108,pair_017_n5_017_conflict,conflict,1,0,0,12.180000000000001,0.23564333333333332,447535,2023825
428,38701,86,pair_009_n5_009_conflict,conflict,1,0,0,12.400000000000002,0.2355,448309,2028555
429,38713,12,pair_015_n5_015_control,control,0,1,0,-0.81,0.23548,448417,2029215
430,38794,81,pair_000_n3_000_control,control,1,0,0,12.450000000000003,0.23534499999999997,449146,2033670
431,38892,98,pair_002_n3_002_conflict,conflict,0,1,0,1.280000000000002,0.23518166666666665,450028,2039060
432,38985,93,pair_015_n3_015_control,control,1,0,0,12.330000000000002,0.23502666666666666,450865,2044175
433,39068,83,pair_013_n3_013_conflict,conflict,1,0,0,12.430000000000001,0.2348883333333333,451612,2048740
434,39148,80,pair_004_n3_004_control,control,1,0,0,12.46,0.234755,452332,2053140
435,39258,110,pair_005_n5_005_control,control,1,0,0,12.16,0.23457166666666665,453322,2059190
436,39267,9,pair_014_n3_014_conflict,conflict,0,1,0,-0.78,0.23455666666666664,453403,2059685
437,39346,79,pair_003_n3_003_conflict,conflict,1,0,0,12.470000000000002,0.234425,454114,2064030
438,39352,6,pair_009_n5_009_conflict,conflict,0,1,0,-0.9,0.23441499999999998,454168,2064360
439,39459,107,pair_005_n5_005_conflict,conflict,1,0,0,12.190000000000001,0.23423666666666665,455131,2070245
440,39523,64,pair_001_n3_001_conflict,conflict,0,1,0,-0.7300000000000004,0.23413,455707,2073765
441,39616,93,pair_001_n5_001_control,control,1,0,0,12.330000000000002,0.233975,456544,2078880
442,39703,87,pair_010_n3_010_conflict,conflict,0,1,0,0.49000000000000066,0.23382999999999998,457327,2083665
443,39795,92,pair_007_n5_007_conflict,conflict,1,0,0,12.340000000000002,0.23367666666666664,458155,2088725
444,39888,93,pair_007_n5_007_control,control,1,0,0,12.330000000000002,0.23352166666666666,458992,2093840
445,39981,93,pair_006_n3_006_control,control,1,0,0,12.330000000000002,0.23336666666666667,459829,2098955
446,40077,96,pair_011_n3_011_conflict,conflict,1,0,0,12.3,0.23320666666666667,460462,2104466
447,40159,82,pair_002_n3_002_control,control,1,0,0,12.440000000000001,0.23307,460954,2109222
448,40256,97,pair_006_n3_006_conflict,conflict,1,0,0,12.290000000000001,0.23290833333333333,461536,2114848
449,40366,110,pair_005_n3_005_conflict,conflict,1,0,0,12.160000000000002,0.232725,462196,2121228
450,40447,81,pair_014_n3_014_control,control,1,0,0,12.450000000000001,0.23259,462682,2125926
451,40551,104,pair_010_n3_010_control,control,1,0,0,12.220000000000002,0.23241666666666666,463306,2131958
452,40622,71,pair_015_n5_015_control,control,0,1,0,0.600000000000001,0.23229833333333333,463732,2136076
453,40753,131,pair_003_n5_003_conflict,conflict,1,0,0,11.950000000000001,0.23208,464518,2143674
454,40858,105,pair_004_n5_004_conflict,conflict,0,1,0,1.110000000000002,0.23190499999999997,465148,2149764
455,40946,88,pair_013_n5_013_control,control,1,0,0,12.380000000000003,0.23175833333333332,465676,2154868
456,41035,89,pair_000_n3_000_control,control,1,0,0,12.370000000000003,0.23160999999999998,466210,2160030
457,41124,89,pair_002_n5_002_control,control,1,0,0,12.370000000000001,0.23146166666666665,466744,2165192
458,41230,106,pair_012_n3_012_conflict,conflict,1,0,0,12.200000000000001,0.231285,467380,2171340
459,41324,94,pair_013_n3_013_control,control,1,0,0,12.320000000000002,0.23112833333333332,467944,2176792
460,41404,80,pair_017_n3_017_conflict,conflict,1,0,0,12.46,0.230995,468424,2181432
461,41500,96,pair_005_n3_005_control,control,1,0,0,12.3,0.23083499999999998,469000,2187000
462,41587,87,pair_015_n3_015_conflict,conflict,1,0,0,12.390000000000002,0.23069,469522,2192046
463,41682,95,pair_012_n5_012_conflict,conflict,1,0,0,12.31,0.23053166666666663,470092,2197556
464,41760,78,pair_003_n3_003_control,control,1,0,0,12.48,0.23040166666666667,470560,2202080
465,41862,102,pair_008_n3_008_conflict,conflict,1,0,0,12.240000000000002,0.23023166666666667,471172,2207996
466,41951,89,pair_009_n5_009_control,control,1,0,0,12.370000000000001,0.2300833333333333,471706,2213158
467,42045,94,pair_007_n3_007_control,control,0,1,0,1.2700000000000014,0.22992666666666667,472270,2218610
468,42141,96,pair_011_n5_011_conflict,conflict,1,0,0,12.3,0.22976666666666667,472846,2224178
469,42241,100,pair_016_n3_016_conflict,conflict,1,0,0,12.260000000000002,0.22959999999999997,473446,2229978
470,42248,7,pair_016_n3_016_control,control,0,1,0,-0.91,0.22958833333333334,473488,2230384
471,42338,90,pair_014_n5_014_control,control,1,0,0,12.360000000000001,0.22943833333333333,474028,2235604
472,42426,88,pair_008_n5_008_control,control,1,0,0,12.380000000000003,0.22929166666666667,474556,2240708
473,42512,86,pair_006_n5_006_conflict,conflict,1,0,0,12.400000000000002,0.22914833333333334,475072,2245696
474,42605,93,pair_007_n3_007_conflict,conflict,1,0,0,12.330000000000002,0.22899333333333333,475630,2251090
475,42690,85,pair_001_n3_001_control,control,1,0,0,12.410000000000002,0.22885166666666668,476140,2256020
476,42787,97,pair_012_n5_012_control,control,1,0,0,12.290000000000003,0.22869,476722,2261646
477,42881,94,pair_008_n3_008_control,control,1,0,0,12.320000000000002,0.2285333333333333,477286,2267098
478,42988,107,pair_008_n5_008_conflict,conflict,1,0,0,12.190000000000001,0.22835499999999997,477928,2273304
479,43086,98,pair_002_n3_002_conflict,conflict,1,0,0,12.280000000000001,0.22819166666666665,478516,2278988
480,43167,81,pair_009_n3_009_conflict,conflict,1,0,0,12.450000000000001,0.22805666666666666,479002,2283686
481,43251,84,pair_002_n5_002_conflict,conflict,1,0,0,12.420000000000002,0.22791666666666666,479506,2288558
482,43332,81,pair_011_n5_011_control,control,1,0,0,12.450000000000001,0.22778166666666666,479992,2293256
483,43418,86,pair_011_n3_011_control,control,1,0,0,12.400000000000002,0.22763833333333333,480508,2298244
484,43497,79,pair_014_n5_014_conflict,conflict,1,0,0,12.470000000000002,0.22750666666666663,480982,2302826
485,43584,87,pair_017_n5_017_control,control,1,0,0,12.39,0.22736166666666666,481504,2307872
486,43687,103,pair_017_n5_017_conflict,conflict,1,0,0,12.23,0.22719,482122,2313846
487,43777,90,pair_013_n5_013_conflict,conflict,1,0,0,12.360000000000003,0.22704,482662,2319066
488,43870,93,pair_012_n3_012_control,control,1,0,0,12.330000000000002,0.226885,483220,2324460
489,43953,83,pair_009_n3_009_control,control,1,0,0,12.430000000000001,0.22674666666666665,483718,2329274
490,44040,87,pair_001_n5_001_conflict,conflict,1,0,0,12.39,0.22660166666666665,484240,2334320
491,44056,16,pair_016_n5_016_control,control,0,1,0,-1.0,0.22657499999999997,484336,2335248
492,44148,92,pair_004_n5_004_control,control,1,0,0,12.340000000000002,0.22642166666666666,484888,2340584
493,44245,97,pair_000_n5_000_control,control,0,1,0,1.2400000000000015,0.22626,485470,2346210
494,44327,82,pair_000_n3_000_conflict,conflict,1,0,0,12.440000000000003,0.22612333333333334,485962,2350966
495,44423,96,pair_003_n5_003_control,control,1,0,0,12.3,0.22596333333333332,486538,2356534
496,44516,93,pair_006_n5_006_control,control,1,0,0,12.330000000000002,0.22580833333333333,487096,2361928
497,44604,88,pair_015_n5_015_conflict,conflict,1,0,0,12.38,0.22566166666666665,487624,2367032
498,44711,107,pair_010_n5_010_conflict,conflict,1,0,0,12.190000000000001,0.2254833333333333,488266,2373238
499,44805,94,pair_000_n5_000_conflict,conflict,0,1,0,1.2200000000000024,0.22532666666666668,488830,2378690
500,44924,119,pair_016_n5_016_conflict,conflict,1,0,0,12.070000000000002,0.22512833333333332,489544,2385592
501,44996,72,pair_010_n5_010_control,control,0,1,0,0.5400000000000007,0.2250083333333333,489976,2389768
502,45126,130,pair_004_n3_004_conflict,conflict,1,0,0,11.96,0.22479166666666667,490756,2397308
503,45209,83,pair_017_n3_017_control,control,1,0,0,12.430000000000001,0.22465333333333332,491254,2402122
504,45306,97,pair_017_n5_017_conflict,conflict,1,0,0,12.290000000000001,0.22449166666666664,491836,2407748
505,45401,95,pair_004_n5_004_conflict,conflict,1,0,0,12.310000000000002,0.22433333333333333,492406,2413258
506,45487,86,pair_001_n3_001_conflict,conflict,1,0,0,12.400000000000002,0.22419,492922,2418246
507,45573,86,pair_017_n3_017_control,control,1,0,0,12.400000000000002,0.22404666666666667,493438,2423234
508,45659,86,pair_000_n5_000_control,control,1,0,0,12.400000000000002,0.22390333333333332,493954,2428222
509,45743,84,pair_016_n5_016_conflict,conflict,1,0,0,12.420000000000002,0.22376333333333331,494458,2433094
510,45847,104,pair_008_n5_008_conflict,conflict,1,0,0,12.22,0.22358999999999998,495082,2439126
511,45935,88,pair_014_n5_014_conflict,conflict,1,0,0,12.380000000000003,0.22344333333333333,495610,2444230
512,46023,88,pair_000_n3_000_conflict,conflict,0,1,0,1.2300000000000013,0.22329666666666664,496138,2449334
513,46112,89,pair_006_n5_006_conflict,conflict,1,0,0,12.370000000000001,0.22314833333333334,496672,2454496
514,46205,93,pair_007_n5_007_control,control,1,0,0,12.330000000000002,0.22299333333333332,497230,2459890
515,46289,84,pair_006_n3_006_control,control,1,0,0,12.420000000000002,0.22285333333333332,497734,2464762
516,46376,87,pair_008_n3_008_control,control,1,0,0,12.390000000000002,0.22270833333333334,498256,2469808
517,46458,82,pair_013_n5_013_conflict,conflict,1,0,0,12.440000000000001,0.22257166666666667,498748,2474564
518,46560,102,pair_006_n5_006_control,control,1,0,0,12.240000000000002,0.22240166666666666,499360,2480480
519,46655,95,pair_014_n3_014_conflict,conflict,1,0,0,12.310000000000002,0.22224333333333332,499930,2485990
520,46744,89,pair_002_n5_002_conflict,conflict,0,1,0,1.3200000000000012,0.222095,500464,2491152
521,46836,92,pair_013_n5_013_control,control,1,0,0,12.340000000000002,0.22194166666666665,501016,2496488
522,46933,97,pair_010_n5_010_control,control,1,0,0,12.290000000000003,0.22177999999999998,501598,2502114
523,47006,73,pair_015_n3_015_conflict,conflict,0,1,0,0.5300000000000007,0.22165833333333332,502036,2506348
524,47082,76,pair_007_n5_007_conflict,conflict,1,0,0,12.500000000000002,0.22153166666666665,502492,2510756
525,47163,81,pair_002_n3_002_control,control,1,0,0,12.450000000000001,0.22139666666666666,502978,2515454
526,47241,78,pair_004_n5_004_control,control,1,0,0,12.48,0.22126666666666667,503446,2519978
527,47325,84,pair_005_n5_005_conflict,conflict,1,0,0,12.420000000000002,0.22112666666666664,503950,2524850
528,47477,152,pair_014_n3_014_control,control,1,0,0,11.740000000000002,0.2208733333333333,504862,2533666
529,47562,85,pair_011_n5_011_conflict,conflict,0,1,0,1.4100000000000015,0.22073166666666666,505372,2538596
530,47674,112,pair_007_n3_007_conflict,conflict,1,0,0,12.14,0.220545,506044,2545092
531,47760,86,pair_000_n5_000_conflict,conflict,0,1,0,1.4000000000000017,0.22040166666666666,506560,2550080
532,47847,87,pair_005_n3_005_conflict,conflict,0,1,0,1.2900000000000014,0.22025666666666666,507082,2555126
533,47937,90,pair_015_n5_015_control,control,1,0,0,12.360000000000001,0.22010666666666667,507622,2560346
534,48013,76,pair_016_n3_016_conflict,conflict,0,1,0,1.3000000000000012,0.21998,508078,2564754
535,48098,85,pair_002_n3_002_conflict,conflict,1,0,0,12.410000000000002,0.2198383333333333,508588,2569684
536,48180,82,pair_007_n3_007_control,control,1,0,0,12.440000000000001,0.21970166666666666,509080,2574440
537,48266,86,pair_017_n5_017_control,control,1,0,0,12.400000000000002,0.21955833333333333,509596,2579428
538,48350,84,pair_013_n3_013_conflict,conflict,1,0,0,12.420000000000002,0.21941833333333333,510100,2584300
539,48443,93,pair_012_n3_012_conflict,conflict,1,0,0,12.330000000000002,0.2192633333333333,510658,2589694
540,48536,93,pair_000_n3_000_control,control,1,0,0,12.330000000000002,0.21910833333333332,511216,2595088
541,48624,88,pair_010_n3_010_control,control,1,0,0,12.380000000000003,0.21896166666666667,511744,2600192
542,48715,91,pair_014_n5_014_control,control,1,0,0,12.350000000000001,0.21881,512290,2605470
543,48791,76,pair_011_n3_011_conflict,conflict,1,0,0,12.500000000000002,0.21868333333333334,512746,2609878
544,48870,79,pair_009_n3_009_control,control,1,0,0,12.470000000000002,0.21855166666666664,513220,2614460
545,48956,86,pair_001_n3_001_control,control,1,0,0,12.400000000000002,0.21840833333333332,513736,2619448
546,49042,86,pair_011_n3_011_control,control,1,0,0,12.400000000000002,0.218265,514252,2624436
547,49132,90,pair_005_n3_005_control,control,1,0,0,12.360000000000003,0.218115,514792,2629656
548,49212,80,pair_004_n3_004_conflict,conflict,1,0,0,12.46,0.21798166666666666,515272,2634296
549,49312,100,pair_003_n5_003_conflict,conflict,1,0,0,12.260000000000002,0.21781499999999998,515872,2640096
550,49409,97,pair_008_n5_008_control,control,1,0,0,12.290000000000001,0.2176533333333333,516454,2645722
551,49494,85,pair_001_n5_001_control,control,1,0,0,12.410000000000002,0.21751166666666666,516964,2650652
552,49589,95,pair_010_n5_010_conflict,conflict,0,1,0,1.160000000000001,0.21735333333333334,517534,2656162
553,49711,122,pair_008_n3_008_conflict,conflict,0,1,0,-1.0100000000000002,0.21715,518266,2663238
554,49792,81,pair_017_n3_017_conflict,conflict,1,0,0,12.450000000000003,0.21701499999999999,518752,2667936
555,49881,89,pair_015_n3_015_control,control,1,0,0,12.370000000000001,0.21686666666666665,519286,2673098
556,49968,87,pair_013_n3_013_control,control,1,0,0,12.390000000000002,0.21672166666666665,519808,2678144
557,50052,84,pair_012_n3_012_control,control,1,0,0,12.420000000000002,0.21658166666666667,520312,2683016
558,50135,83,pair_005_n5_005_control,control,1,0,0,12.430000000000001,0.21644333333333332,520810,2687830
559,50168,33,pair_003_n5_003_control,control,0,1,0,-0.5700000000000003,0.21638833333333332,521008,2689744
560,50258,90,pair_001_n5_001_conflict,conflict,1,0,0,12.360000000000001,0.2162383333333333,521548,2694964
561,50351,93,pair_006_n3_006_conflict,conflict,1,0,0,12.330000000000002,0.21608333333333332,522106,2700358
562,50447,96,pair_009_n5_009_control,control,1,0,0,12.3,0.21592333333333333,522682,2705926
563,50462,15,pair_009_n5_009_conflict,conflict,0,1,0,-0.79,0.2158983333333333,522772,2706796
564,50546,84,pair_012_n5_012_conflict,conflict,1,0,0,12.420000000000002,0.21575833333333333,523276,2711668
565,50624,78,pair_003_n3_003_control,control,1,0,0,12.48,0.2156283333333333,523744,2716192
566,50705,81,pair_003_n3_003_conflict,conflict,1,0,0,12.450000000000001,0.21549333333333331,524230,2720890
567,50794,89,pair_012_n5_012_control,control,1,0,0,12.370000000000001,0.215345,524764,2726052
568,50907,113,pair_009_n3_009_conflict,conflict,1,0,0,12.13,0.21515666666666666,525442,2732606
569,50993,86,pair_016_n3_016_control,control,0,1,0,1.1500000000000012,0.21501333333333333,525958,2737594
570,51075,82,pair_016_n5_016_control,control,1,0,0,12.440000000000001,0.21487666666666666,526450,2742350
571,51196,121,pair_002_n5_002_control,control,1,0,0,12.05,0.214675,527176,2749368
572,51296,100,pair_011_n5_011_control,control,1,0,0,12.260000000000002,0.21450833333333333,527776,2755168
573,51377,81,pair_004_n3_004_control,control,1,0,0,12.450000000000001,0.2143733333333333,528262,2759866
574,51459,82,pair_010_n3_010_conflict,conflict,1,0,0,12.440000000000001,0.21423666666666666,528754,2764622
575,51560,101,pair_015_n5_015_conflict,conflict,1,0,0,12.250000000000002,0.2140683333333333,529360,2770480
576,51668,108,pair_005_n5_005_conflict,conflict,1,0,0,12.180000000000001,0.21388833333333332,530008,2776744
577,51765,97,pair_015_n3_015_conflict,conflict,1,0,0,12.290000000000001,0.21372666666666668,530590,2782370
578,51843,78,pair_006_n5_006_control,control,1,0,0,12.480000000000002,0.21359666666666666,531058,2786894
579,51934,91,pair_013_n5_013_control,control,1,0,0,12.350000000000001,0.213445,531604,2792172
580,52022,88,pair_012_n5_012_conflict,conflict,1,0,0,12.380000000000003,0.2132983333333333,532132,2797276
581,52125,103,pair_001_n5_001_control,control,1,0,0,12.230000000000006,0.21312666666666666,532750,2803250
582,52247,122,pair_001_n3_001_control,control,1,0,0,12.040000000000001,0.21292333333333333,533482,2810326
583,52337,90,pair_017_n3_017_conflict,conflict,1,0,0,12.360000000000001,0.21277333333333331,534022,2815546
584,52431,94,pair_008_n5_008_control,control,1,0,0,12.320000000000002,0.21261666666666668,534586,2820998
585,52519,88,pair_007_n5_007_control,control,1,0,0,12.38,0.21247,535114,2826102
586,52612,93,pair_003_n3_003_control,control,1,0,0,12.330000000000002,0.21231499999999998,535672,2831496
587,52691,79,pair_015_n3_015_control,control,1,0,0,12.470000000000002,0.21218333333333333,536146,2836078
588,52775,84,pair_011_n5_011_conflict,conflict,1,0,0,12.420000000000002,0.2120433333333333,536650,2840950
589,52869,94,pair_000_n3_000_control,control,1,0,0,12.320000000000002,0.21188666666666667,537214,2846402
590,52946,77,pair_002_n3_002_conflict,conflict,1,0,0,12.490000000000002,0.21175833333333333,537676,2850868
591,53031,85,pair_005_n5_005_control,control,0,1,0,1.260000000000002,0.21161666666666668,538186,2855798
592,53121,90,pair_001_n5_001_conflict,conflict,1,0,0,12.360000000000003,0.21146666666666664,538726,2861018
593,53198,77,pair_013_n3_013_conflict,conflict,1,0,0,12.490000000000002,0.21133833333333332,539188,2865484
594,53286,88,pair_013_n5_013_conflict,conflict,1,0,0,12.380000000000003,0.21119166666666667,539716,2870588
595,53378,92,pair_012_n3_012_conflict,conflict,1,0,0,12.340000000000002,0.21103833333333333,540268,2875924
596,53479,101,pair_002_n5_002_control,control,1,0,0,12.250000000000002,0.21087,540874,2881782
597,53595,116,pair_010_n5_010_conflict,conflict,1,0,0,12.100000000000001,0.21067666666666665,541570,2888510
598,53676,81,pair_012_n3_012_control,control,1,0,0,12.450000000000001,0.21054166666666665,542056,2893208
599,53756,80,pair_007_n3_007_control,control,1,0,0,12.46,0.2104083333333333,542536,2897848
600,53860,104,pair_010_n5_010_control,control,0,1,0,1.1200000000000014,0.210235,543160,2903880
601,53944,84,pair_006_n3_006_control,control,1,0,0,12.420000000000002,0.21009499999999998,543664,2908752
602,54042,98,pair_014_n3_014_conflict,conflict,1,0,0,12.280000000000001,0.20993166666666666,544252,2914436
603,54133,91,pair_009_n3_009_conflict,conflict,1,0,0,12.350000000000001,0.20978,544798,2919714
604,54233,100,pair_008_n5_008_conflict,conflict,1,0,0,12.260000000000002,0.20961333333333332,545398,2925514
605,54309,76,pair_014_n5_014_conflict,conflict,1,0,0,12.500000000000002,0.20948666666666665,545854,2929922
606,54391,82,pair_004_n3_004_conflict,conflict,1,0,0,12.440000000000001,0.20934999999999998,546346,2934678
607,54465,74,pair_002_n3_002_control,control,1,0,0,12.520000000000001,0.20922666666666667,546790,2938970
608,54543,78,pair_001_n3_001_conflict,conflict,1,0,0,12.48,0.20909666666666665,547258,2943494
609,54623,80,pair_000_n3_000_conflict,conflict,1,0,0,12.46,0.20896333333333333,547738,2948134
610,54711,88,pair_000_n5_000_control,control,1,0,0,12.380000000000003,0.20881666666666665,548266,2953238
611,54785,74,pair_004_n3_004_control,control,1,0,0,12.520000000000001,0.20869333333333334,548710,2957530
612,54881,96,pair_016_n5_016_conflict,conflict,1,0,0,12.300000000000004,0.20853333333333332,549286,2963098
613,54967,86,pair_009_n5_009_conflict,conflict,1,0,0,12.400000000000002,0.20839,549802,2968086
614,55048,81,pair_016_n3_016_control,control,1,0,0,12.450000000000003,0.208255,550288,2972784
615,55057,9,pair_013_n3_013_control,control,0,1,0,-0.88,0.20823999999999998,550342,2973306
616,55139,82,pair_004_n5_004_control,control,1,0,0,12.440000000000001,0.2081033333333333,550834,2978062
617,55224,85,pair_016_n5_016_control,control,0,1,0,1.2100000000000013,0.20796166666666666,551344,2982992
618,55303,79,pair_000_n5_000_conflict,conflict,0,1,0,1.3200000000000012,0.20783,551818,2987574
619,55401,98,pair_011_n5_011_control,control,1,0,0,12.280000000000001,0.20766666666666667,552406,2993258
620,55407,6,pair_012_n5_012_control,control,0,1,0,-0.85,0.20765666666666666,552442,2993606
621,55488,81,pair_005_n3_005_control,control,1,0,0,12.450000000000001,0.20752166666666666,552928,2998304
622,55574,86,pair_015_n5_015_control,control,1,0,0,12.400000000000002,0.20737833333333333,553444,3003292
623,55652,78,pair_006_n5_006_conflict,conflict,1,0,0,12.48,0.2072483333333333,553912,3007816
624,55738,86,pair_011_n3_011_conflict,conflict,1,0,0,12.400000000000002,0.20710499999999998,554428,3012804
625,55813,75,pair_003_n5_003_conflict,conflict,1,0,0,12.510000000000002,0.20698,554878,3017154
626,55888,75,pair_014_n3_014_control,control,1,0,0,12.510000000000002,0.20685499999999998,555328,3021504
627,55975,87,pair_004_n5_004_conflict,conflict,1,0,0,12.39,0.20671,555850,3026550
628,56049,74,pair_016_n3_016_conflict,conflict,0,1,0,1.3700000000000014,0.20658666666666664,556294,3030842
629,56121,72,pair_017_n5_017_conflict,conflict,1,0,0,12.540000000000003,0.20646666666666666,556726,3035018
630,56203,82,pair_011_n3_011_control,control,1,0,0,12.440000000000003,0.20632999999999999,557218,3039774
631,56299,96,pair_007_n3_007_conflict,conflict,0,1,0,1.3000000000000016,0.20617,557794,3045342
632,56533,234,pair_003_n3_003_conflict,conflict,1,0,0,10.92,0.20578,559198,3058914
633,56613,80,pair_007_n5_007_conflict,conflict,1,0,0,12.46,0.20564666666666664,559678,3063554
634,56624,11,pair_009_n5_009_control,control,0,1,0,-0.8,0.2056283333333333,559744,3064192
635,56703,79,pair_009_n3_009_control,control,1,0,0,12.470000000000002,0.20549666666666666,560218,3068774
636,56789,86,pair_005_n3_005_conflict,conflict,1,0,0,12.400000000000002,0.20535333333333333,560734,3073762
637,56866,77,pair_008_n3_008_control,control,1,0,0,12.490000000000002,0.205225,561196,3078228
638,56951,85,pair_015_n5_015_conflict,conflict,1,0,0,12.410000000000002,0.20508333333333334,561706,3083158
639,57037,86,pair_006_n3_006_conflict,conflict,1,0,0,12.400000000000002,0.20493999999999998,562222,3088146
640,57131,94,pair_002_n5_002_conflict,conflict,1,0,0,12.32,0.20478333333333332,562786,3093598
641,57212,81,pair_010_n3_010_control,control,0,1,0,1.4000000000000012,0.20464833333333332,563272,3098296
642,57304,92,pair_010_n3_010_conflict,conflict,1,0,0,12.340000000000002,0.20449499999999998,563824,3103632
643,57408,104,pair_017_n3_017_control,control,1,0,0,12.22,0.20432166666666665,564448,3109664
644,57505,97,pair_014_n5_014_control,control,1,0,0,12.290000000000003,0.20416,565030,3115290
645,57589,84,pair_017_n5_017_control,control,1,0,0,12.420000000000002,0.20401999999999998,565534,3120162
646,57675,86,pair_003_n5_003_control,control,1,0,0,12.400000000000002,0.20387666666666665,566050,3125150
647,57771,96,pair_008_n3_008_conflict,conflict,1,0,0,12.300000000000002,0.20371666666666666,566626,3130718
648,57850,79,pair_013_n5_013_conflict,conflict,1,0,0,12.470000000000002,0.203585,567100,3135300
649,57951,101,pair_009_n5_009_control,control,1,0,0,12.250000000000002,0.20341666666666666,567706,3141158
650,58037,86,pair_004_n3_004_control,control,1,0,0,12.400000000000002,0.2032733333333333,568222,3146146
651,58115,78,pair_012_n5_012_conflict,conflict,1,0,0,12.48,0.20314333333333334,568690,3150670
652,58118,3,pair_005_n5_005_control,control,0,1,0,-0.92,0.2031383333333333,568708,3150844
653,58208,90,pair_011_n3_011_conflict,conflict,1,0,0,12.360000000000001,0.20298833333333333,569248,3156064
654,58291,83,pair_017_n5_017_control,control,1,0,0,12.430000000000001,0.20284999999999997,569746,3160878
655,58377,86,pair_001_n3_001_conflict,conflict,1,0,0,12.400000000000002,0.20270666666666665,570262,3165866
656,58457,80,pair_008_n3_008_control,control,1,0,0,12.46,0.20257333333333333,570742,3170506
657,58534,77,pair_007_n5_007_conflict,conflict,1,0,0,12.490000000000002,0.20244499999999999,571204,3174972
658,58631,97,pair_016_n3_016_control,control,1,0,0,12.290000000000003,0.20228333333333332,571786,3180598
659,58721,90,pair_002_n3_002_conflict,conflict,1,0,0,12.360000000000001,0.20213333333333333,572326,3185818
660,58805,84,pair_005_n5_005_conflict,conflict,1,0,0,12.420000000000002,0.2019933333333333,572830,3190690
661,58808,3,pair_005_n3_005_control,control,0,1,0,-0.92,0.20198833333333333,572848,3190864
662,58888,80,pair_002_n5_002_control,control,1,0,0,12.46,0.201855,573328,3195504
663,58966,78,pair_000_n3_000_conflict,conflict,1,0,0,12.480000000000002,0.201725,573796,3200028
664,59054,88,pair_014_n5_014_conflict,conflict,1,0,0,12.38,0.2015783333333333,574324,3205132
665,59149,95,pair_000_n3_000_control,control,1,0,0,12.310000000000002,0.20142,574894,3210642
666,59154,5,pair_016_n5_016_control,control,0,1,0,-0.89,0.20141166666666666,574924,3210932
667,59236,82,pair_007_n3_007_conflict,conflict,1,0,0,12.440000000000001,0.20127499999999998,575416,3215688
668,59320,84,pair_013_n3_013_control,control,1,0,0,12.420000000000002,0.201135,575920,3220560
669,59397,77,pair_010_n5_010_control,control,1,0,0,12.490000000000002,0.20100666666666667,576382,3225026
670,59479,82,pair_007_n3_007_control,control,1,0,0,12.440000000000001,0.20087,576874,3229782
671,59550,71,pair_005_n3_005_conflict,conflict,0,1,0,1.4500000000000015,0.20075166666666666,577300,3233900
672,59628,78,pair_012_n3_012_control,control,1,0,0,12.48,0.20062166666666664,577768,3238424
673,59712,84,pair_010_n3_010_conflict,conflict,1,0,0,12.420000000000002,0.20048166666666667,578272,3243296
674,59792,80,pair_001_n5_001_control,control,0,1,0,1.4600000000000017,0.20034833333333332,578752,3247936
675,59876,84,pair_013_n3_013_conflict,conflict,1,0,0,12.420000000000002,0.20020833333333332,579256,3252808
676,59955,79,pair_000_n5_000_conflict,conflict,1,0,0,12.47,0.20007666666666665,579730,3257390
677,59962,7,pair_015_n5_015_conflict,conflict,0,1,0,-0.96,0.200065,579772,3257796
678,60039,77,pair_011_n3_011_control,control,1,0,0,12.490000000000002,0.19993666666666665,580156,3262340
679,60121,82,pair_017_n3_017_control,control,1,0,0,12.440000000000001,0.19979999999999998,580484,3267260
680,60216,95,pair_000_n5_000_control,control,0,1,0,1.2600000000000011,0.19964166666666666,580864,3272960
681,60294,78,pair_015_n3_015_conflict,conflict,1,0,0,12.48,0.19951166666666664,581176,3277640
682,60374,80,pair_003_n3_003_control,control,0,1,0,1.3600000000000017,0.19937833333333332,581496,3282440
683,60466,92,pair_002_n5_002_conflict,conflict,1,0,0,12.340000000000002,0.19922499999999999,581864,3287960
684,60559,93,pair_006_n5_006_control,control,1,0,0,12.330000000000002,0.19906999999999997,582236,3293540
685,60643,84,pair_011_n5_011_control,control,1,0,0,12.420000000000002,0.19893,582572,3298580
686,60658,15,pair_004_n5_004_conflict,conflict,0,1,0,-0.7899999999999999,0.198905,582632,3299480
687,60734,76,pair_010_n5_010_conflict,conflict,1,0,0,12.500000000000002,0.19877833333333333,582936,3304040
688,60823,89,pair_009_n3_009_control,control,1,0,0,12.370000000000001,0.19862999999999997,583292,3309380
689,60913,90,pair_010_n3_010_control,control,1,0,0,12.360000000000001,0.19848,583652,3314780
690,60989,76,pair_001_n5_001_conflict,conflict,1,0,0,12.500000000000002,0.19835333333333333,583956,3319340
691,61073,84,pair_004_n5_004_control,control,1,0,0,12.420000000000002,0.19821333333333332,584292,3324380
692,61150,77,pair_013_n5_013_control,control,1,0,0,12.490000000000002,0.19808499999999998,584600,3329000
693,61242,92,pair_012_n3_012_conflict,conflict,1,0,0,12.340000000000002,0.19793166666666667,584968,3334520
694,61336,94,pair_002_n3_002_control,control,1,0,0,12.320000000000002,0.19777499999999998,585344,3340160
695,61417,81,pair_015_n5_015_control,control,1,0,0,12.450000000000003,0.19763999999999998,585668,3345020
696,61505,88,pair_014_n5_014_control,control,1,0,0,12.38,0.19749333333333333,586020,3350300
697,61590,85,pair_006_n3_006_conflict,conflict,1,0,0,12.410000000000002,0.19735166666666665,586360,3355400
698,61677,87,pair_016_n5_016_conflict,conflict,1,0,0,12.390000000000002,0.19720666666666664,586708,3360620
699,61757,80,pair_014_n3_014_control,control,1,0,0,12.46,0.19707333333333332,587028,3365420
700,61857,100,pair_011_n5_011_conflict,conflict,1,0,0,12.260000000000002,0.19690666666666667,587428,3371420
701,61942,85,pair_017_n5_017_conflict,conflict,1,0,0,12.410000000000002,0.196765,587768,3376520
702,62040,98,pair_001_n3_001_control,control,1,0,0,12.280000000000001,0.19660166666666667,588160,3382400
703,62144,104,pair_003_n5_003_control,control,1,0,0,12.220000000000002,0.19642833333333332,588576,3388640
704,62232,88,pair_008_n5_008_conflict,conflict,1,0,0,12.380000000000003,0.19628166666666666,588928,3393920
705,62325,93,pair_008_n5_008_control,control,1,0,0,12.330000000000002,0.19612666666666667,589300,3399500
706,62407,82,pair_014_n3_014_conflict,conflict,1,0,0,12.440000000000001,0.19599,589628,3404420
707,62472,65,pair_003_n5_003_conflict,conflict,0,1,0,0.6600000000000008,0.19588166666666668,589888,3408320
708,62552,80,pair_009_n5_009_conflict,conflict,1,0,0,12.46,0.1957483333333333,590208,3413120
709,62618,66,pair_015_n3_015_control,control,0,1,0,0.6500000000000008,0.1956383333333333,590472,3417080
710,62706,88,pair_016_n3_016_conflict,conflict,1,0,0,12.38,0.19549166666666667,590824,3422360
711,62791,85,pair_017_n3_017_conflict,conflict,1,0,0,12.410000000000002,0.19534999999999997,591164,3427460
712,62877,86,pair_006_n3_006_control,control,1,0,0,12.400000000000002,0.19520666666666664,591508,3432620
713,62965,88,pair_012_n5_012_control,control,0,1,0,1.3800000000000021,0.19505999999999998,591860,3437900
714,63050,85,pair_008_n3_008_conflict,conflict,1,0,0,12.410000000000002,0.1949183333333333,592200,3443000
715,63140,90,pair_004_n3_004_conflict,conflict,1,0,0,12.360000000000001,0.19476833333333332,592560,3448400
716,63224,84,pair_003_n3_003_conflict,conflict,1,0,0,12.420000000000002,0.19462833333333332,592896,3453440
717,63307,83,pair_009_n3_009_conflict,conflict,1,0,0,12.430000000000001,0.19449,593228,3458420
718,63384,77,pair_006_n5_006_conflict,conflict,1,0,0,12.490000000000002,0.19436166666666665,593536,3463040
719,63470,86,pair_007_n5_007_control,control,1,0,0,12.400000000000002,0.19421833333333333,593880,3468200
720,63550,80,pair_003_n5_003_control,control,1,0,0,12.46,0.194085,594200,3473000
721,63644,94,pair_007_n5_007_control,control,1,0,0,12.320000000000002,0.1939283333333333,594576,3478640
722,63738,94,pair_016_n5_016_control,control,1,0,0,12.320000000000002,0.19377166666666668,594952,3484280
723,63820,82,pair_012_n3_012_control,control,1,0,0,12.440000000000001,0.193635,595280,3489200
724,63901,81,pair_010_n5_010_control,control,1,0,0,12.450000000000003,0.1935,595604,3494060
725,63987,86,pair_007_n3_007_control,control,1,0,0,12.400000000000002,0.19335666666666665,595948,3499220
726,64076,89,pair_009_n3_009_conflict,conflict,1,0,0,12.370000000000001,0.19320833333333332,596304,3504560
727,64172,96,pair_013_n5_013_conflict,conflict,1,0,0,12.3,0.19304833333333332,596688,3510320
728,64243,71,pair_001_n5_001_control,control,0,1,0,1.4500000000000015,0.19293,596972,3514580
729,64336,93,pair_000_n3_000_control,control,1,0,0,12.330000000000002,0.19277499999999997,597344,3520160
730,64414,78,pair_017_n3_017_conflict,conflict,1,0,0,12.48,0.19264499999999998,597656,3524840
731,64494,80,pair_006_n5_006_conflict,conflict,1,0,0,12.46,0.19251166666666664,597976,3529640
732,64572,78,pair_016_n5_016_conflict,conflict,1,0,0,12.480000000000002,0.19238166666666667,598288,3534320
733,64644,72,pair_016_n3_016_control,control,1,0,0,12.540000000000001,0.19226166666666666,598576,3538640
734,64726,82,pair_006_n3_006_control,control,1,0,0,12.440000000000001,0.192125,598904,3543560
735,64802,76,pair_011_n5_011_conflict,conflict,0,1,0,1.5000000000000013,0.19199833333333333,599208,3548120
736,64888,86,pair_002_n3_002_conflict,conflict,1,0,0,12.400000000000002,0.191855,599552,3553280
737,64980,92,pair_005_n5_005_control,control,1,0,0,12.340000000000002,0.19170166666666666,599920,3558800
738,65058,78,pair_007_n5_007_conflict,conflict,1,0,0,12.480000000000002,0.19157166666666664,600232,3563480
739,65148,90,pair_005_n3_005_control,control,1,0,0,12.360000000000001,0.19142166666666666,600592,3568880
740,65226,78,pair_003_n3_003_conflict,conflict,1,0,0,12.480000000000002,0.19129166666666664,600904,3573560
741,65308,82,pair_004_n3_004_conflict,conflict,1,0,0,12.440000000000001,0.191155,601232,3578480
742,65394,86,pair_010_n3_010_conflict,conflict,1,0,0,12.400000000000002,0.19101166666666664,601576,3583640
743,65476,82,pair_004_n5_004_control,control,1,0,0,12.440000000000001,0.190875,601904,3588560
744,65562,86,pair_011_n3_011_control,control,1,0,0,12.400000000000002,0.19073166666666666,602248,3593720
745,65657,95,pair_002_n3_002_control,control,0,1,0,1.2600000000000011,0.19057333333333332,602628,3599420
746,65664,7,pair_014_n5_014_conflict,conflict,0,1,0,-0.86,0.19056166666666666,602656,3599840
747,65749,85,pair_017_n3_017_control,control,1,0,0,12.410000000000002,0.19041999999999998,602996,3604940
748,65843,94,pair_008_n5_008_control,control,1,0,0,12.320000000000002,0.19026333333333334,603372,3610580
749,65930,87,pair_005_n5_005_conflict,conflict,1,0,0,12.390000000000002,0.19011833333333333,603720,3615800
750,66023,93,pair_015_n5_015_control,control,1,0,0,12.330000000000002,0.18996333333333332,604092,3621380
751,66110,87,pair_003_n5_003_conflict,conflict,0,1,0,1.3900000000000015,0.1898183333333333,604440,3626600
752,66119,9,pair_009_n5_009_control,control,0,1,0,-0.73,0.18980333333333332,604476,3627140
753,66208,89,pair_015_n5_015_conflict,conflict,1,0,0,12.370000000000001,0.189655,604832,3632480
754,66298,90,pair_000_n5_000_control,control,1,0,0,12.360000000000001,0.18950499999999998,605192,3637880
755,66361,63,pair_008_n3_008_conflict,conflict,0,1,0,-0.42000000000000015,0.18939999999999999,605444,3641660
756,66445,84,pair_009_n3_009_control,control,1,0,0,12.420000000000002,0.18925999999999998,605780,3646700
757,66520,75,pair_017_n5_017_control,control,1,0,0,12.510000000000002,0.189135,606080,3651200
758,66606,86,pair_002_n5_002_control,control,1,0,0,12.400000000000002,0.18899166666666667,606424,3656360
759,66702,96,pair_004_n3_004_control,control,1,0,0,12.300000000000002,0.18883166666666668,606808,3662120
760,66786,84,pair_006_n3_006_conflict,conflict,1,0,0,12.420000000000002,0.18869166666666665,607144,3667160
761,66885,99,pair_000_n5_000_conflict,conflict,1,0,0,12.270000000000001,0.18852666666666668,607540,3673100
762,66967,82,pair_009_n5_009_conflict,conflict,0,1,0,1.3400000000000016,0.18839,607868,3678020
763,67062,95,pair_015_n3_015_conflict,conflict,1,0,0,12.310000000000002,0.18823166666666666,608248,3683720
764,67148,86,pair_006_n5_006_control,control,1,0,0,12.400000000000002,0.1880883333333333,608592,3688880
765,67233,85,pair_012_n5_012_conflict,conflict,0,1,0,1.410000000000002,0.18794666666666665,608932,3693980
766,67360,127,pair_000_n3_000_conflict,conflict,1,0,0,11.99000000000001,0.18773499999999999,609440,3701600
767,67459,99,pair_012_n3_012_conflict,conflict,1,0,0,12.270000000000001,0.18757,609836,3707540
768,67534,75,pair_013_n5_013_control,control,1,0,0,12.510000000000002,0.18744499999999997,610136,3712040
769,67622,88,pair_016_n3_016_conflict,conflict,1,0,0,12.380000000000003,0.18729833333333332,610488,3717320
770,67706,84,pair_014_n5_014_control,control,1,0,0,12.420000000000002,0.18715833333333332,610824,3722360
771,67784,78,pair_008_n3_008_control,control,1,0,0,12.480000000000002,0.18702833333333332,611136,3727040
772,67870,86,pair_005_n3_005_conflict,conflict,1,0,0,12.400000000000002,0.186885,611480,3732200
773,67958,88,pair_007_n3_007_conflict,conflict,1,0,0,12.380000000000003,0.18673833333333334,611832,3737480
774,68045,87,pair_003_n3_003_control,control,1,0,0,12.39,0.18659333333333333,612180,3742700
775,68140,95,pair_001_n3_001_control,control,1,0,0,12.310000000000002,0.186435,612560,3748400
776,68255,115,pair_014_n3_014_control,control,1,0,0,12.110000000000001,0.18624333333333332,613020,3755300
777,68338,83,pair_013_n3_013_conflict,conflict,1,0,0,12.430000000000001,0.186105,613352,3760280
778,68413,75,pair_015_n3_015_control,control,1,0,0,12.510000000000002,0.18597999999999998,613652,3764780
779,68501,88,pair_004_n5_004_conflict,conflict,1,0,0,12.380000000000003,0.18583333333333332,614004,3770060
780,68588,87,pair_017_n5_017_conflict,conflict,1,0,0,12.39,0.18568833333333332,614352,3775280
781,68665,77,pair_013_n3_013_control,control,1,0,0,12.490000000000002,0.18556,614660,3779900
782,68750,85,pair_011_n3_011_conflict,conflict,1,0,0,12.410000000000002,0.18541833333333332,615000,3785000
783,68835,85,pair_001_n3_001_conflict,conflict,1,0,0,12.410000000000002,0.18527666666666665,615340,3790100
784,68929,94,pair_010_n3_010_control,control,1,0,0,12.320000000000002,0.18512,615716,3795740
785,69017,88,pair_001_n5_001_conflict,conflict,1,0,0,12.380000000000003,0.18497333333333332,616068,3801020
786,69047,30,pair_010_n5_010_conflict,conflict,0,1,0,-0.18999999999999984,0.18492333333333333,616188,3802820
787,69137,90,pair_012_n5_012_control,control,1,0,0,12.360000000000001,0.18477333333333332,616548,3808220
788,69237,100,pair_014_n3_014_conflict,conflict,1,0,0,12.260000000000002,0.18460666666666664,616948,3814220
789,69323,86,pair_011_n5_011_control,control,1,0,0,12.400000000000002,0.1844633333333333,617292,3819380
790,69409,86,pair_002_n5_002_conflict,conflict,1,0,0,12.400000000000002,0.18431999999999998,617636,3824540
791,69495,86,pair_008_n5_008_conflict,conflict,1,0,0,12.400000000000002,0.18417666666666666,617980,3829700
792,69577,82,pair_014_n3_014_conflict,conflict,1,0,0,12.440000000000001,0.18403999999999998,618308,3834620
793,69659,82,pair_008_n3_008_conflict,conflict,1,0,0,12.440000000000001,0.1839033333333333,618636,3839540
794,69729,70,pair_002_n3_002_control,control,1,0,0,12.560000000000002,0.18378666666666665,618916,3843740
795,69817,88,pair_012_n3_012_conflict,conflict,1,0,0,12.38,0.18363999999999997,619268,3849020
796,69895,78,pair_010_n3_010_control,control,1,0,0,12.480000000000002,0.18351,619580,3853700
797,69968,73,pair_005_n3_005_conflict,conflict,0,1,0,1.430000000000002,0.18338833333333332,619872,3858080
798,70060,92,pair_005_n5_005_conflict,conflict,1,0,0,12.340000000000002,0.18323499999999998,620180,3863660
799,70140,80,pair_006_n5_006_control,control,1,0,0,12.46,0.18310166666666666,620420,3868540
800,70218,78,pair_007_n3_007_conflict,conflict,1,0,0,12.480000000000002,0.18297166666666664,620654,3873298
801,70302,84,pair_007_n5_007_conflict,conflict,1,0,0,12.420000000000002,0.18283166666666667,620906,3878422
802,70396,94,pair_002_n5_002_conflict,conflict,1,0,0,12.320000000000002,0.18267499999999998,621188,3884156
803,70476,80,pair_003_n3_003_control,control,1,0,0,12.46,0.18254166666666666,621428,3889036
804,70565,89,pair_016_n5_016_control,control,1,0,0,12.370000000000001,0.18239333333333332,621695,3894465
805,70647,82,pair_004_n5_004_control,control,1,0,0,12.440000000000001,0.18225666666666665,621941,3899467
806,70749,102,pair_011_n3_011_conflict,conflict,1,0,0,12.240000000000002,0.18208666666666667,622247,3905689
807,70836,87,pair_011_n3_011_control,control,1,0,0,12.39,0.18194166666666667,622508,3910996
808,70935,99,pair_010_n5_010_conflict,conflict,1,0,0,12.270000000000001,0.18177666666666664,622805,3917035
809,71031,96,pair_014_n5_014_control,control,1,0,0,12.3,0.18161666666666665,623093,3922891
810,71113,82,pair_009_n5_009_conflict,conflict,1,0,0,12.440000000000001,0.18147999999999997,623339,3927893
811,71198,85,pair_008_n3_008_control,control,1,0,0,12.410000000000002,0.18133833333333332,623594,3933078
812,71285,87,pair_010_n5_010_control,control,1,0,0,12.390000000000002,0.18119333333333332,623855,3938385
813,71372,87,pair_001_n3_001_control,control,1,0,0,12.39,0.1810483333333333,624116,3943692
814,71453,81,pair_016_n3_016_conflict,conflict,1,0,0,12.450000000000001,0.18091333333333331,624359,3948633
815,71534,81,pair_003_n3_003_conflict,conflict,1,0,0,12.450000000000001,0.18077833333333332,624602,3953574
816,71611,77,pair_015_n3_015_conflict,conflict,1,0,0,12.490000000000002,0.18064999999999998,624833,3958271
817,71691,80,pair_009_n3_009_control,control,1,0,0,12.46,0.18051666666666666,625073,3963151
818,71771,80,pair_002_n5_002_control,control,1,0,0,12.46,0.18038333333333334,625313,3968031
819,71854,83,pair_011_n5_011_conflict,conflict,1,0,0,12.430000000000003,0.180245,625562,3973094
820,71941,87,pair_015_n5_015_conflict,conflict,1,0,0,12.39,0.18009999999999998,625823,3978401
821,71946,5,pair_016_n5_016_conflict,conflict,0,1,0,-0.84,0.18009166666666665,625838,3978706
822,72025,79,pair_009_n5_009_control,control,1,0,0,12.470000000000002,0.17996,626075,3983525
823,72102,77,pair_011_n5_011_control,control,1,0,0,12.490000000000002,0.17983166666666667,626306,3988222
824,72180,78,pair_017_n5_017_conflict,conflict,1,0,0,12.48,0.17970166666666665,626540,3992980
825,72258,78,pair_000_n3_000_control,control,1,0,0,12.480000000000002,0.17957166666666666,626774,3997738
826,72351,93,pair_004_n5_004_conflict,conflict,1,0,0,12.330000000000002,0.17941666666666667,627053,4003411
827,72450,99,pair_013_n5_013_control,control,1,0,0,12.270000000000001,0.17925166666666664,627350,4009450
828,72524,74,pair_012_n5_012_control,control,1,0,0,12.520000000000001,0.17912833333333333,627572,4013964
829,72606,82,pair_008_n5_008_control,control,1,0,0,12.440000000000001,0.17899166666666666,627818,4018966
830,72680,74,pair_005_n5_005_control,control,1,0,0,12.520000000000001,0.17886833333333332,628040,4023480
831,72763,83,pair_015_n5_015_control,control,1,0,0,12.430000000000001,0.17873,628289,4028543
832,72836,73,pair_005_n3_005_control,control,1,0,0,12.530000000000001,0.1786083333333333,628508,4032996
833,72915,79,pair_013_n3_013_conflict,conflict,1,0,0,12.470000000000002,0.17847666666666667,628745,4037815
834,73004,89,pair_013_n5_013_conflict,conflict,1,0,0,12.370000000000001,0.1783283333333333,629012,4043244
835,73082,78,pair_009_n3_009_conflict,conflict,1,0,0,12.48,0.17819833333333332,629246,4048002
836,73167,85,pair_001_n5_001_control,control,1,0,0,12.410000000000002,0.17805666666666664,629501,4053187
837,73244,77,pair_012_n3_012_control,control,1,0,0,12.490000000000002,0.17792833333333333,629732,4057884
838,73313,69,pair_001_n3_001_conflict,conflict,1,0,0,12.570000000000002,0.17781333333333332,629939,4062093
839,73399,86,pair_007_n3_007_control,control,1,0,0,12.400000000000002,0.17767,630197,4067339
840,73484,85,pair_000_n5_000_control,control,1,0,0,12.410000000000002,0.17752833333333332,630452,4072524
841,73569,85,pair_004_n3_004_control,control,1,0,0,12.410000000000002,0.17738666666666664,630707,4077709
842,73645,76,pair_015_n3_015_control,control,1,0,0,12.500000000000002,0.17725999999999997,630935,4082345
843,73723,78,pair_003_n5_003_control,control,1,0,0,12.48,0.17713,631169,4087103
844,73810,87,pair_016_n3_016_control,control,1,0,0,12.390000000000002,0.176985,631430,4092410
845,73889,79,pair_000_n5_000_conflict,conflict,1,0,0,12.470000000000002,0.1768533333333333,631667,4097229
846,73974,85,pair_014_n3_014_control,control,1,0,0,12.410000000000002,0.17671166666666666,631922,4102414
847,74074,100,pair_001_n5_001_conflict,conflict,1,0,0,12.260000000000002,0.176545,632222,4108514
848,74147,73,pair_007_n5_007_control,control,1,0,0,12.530000000000001,0.17642333333333332,632441,4112967
849,74231,84,pair_003_n5_003_conflict,conflict,0,1,0,1.4200000000000013,0.17628333333333332,632693,4118091
850,74329,98,pair_010_n3_010_conflict,conflict,1,0,0,12.280000000000001,0.17612,632987,4124069
851,74387,58,pair_008_n5_008_conflict,conflict,0,1,0,0.930000000000001,0.1760233333333333,633161,4127607
852,74498,111,pair_014_n5_014_conflict,conflict,1,0,0,12.150000000000002,0.17583833333333332,633494,4134378
853,74583,85,pair_006_n3_006_conflict,conflict,1,0,0,12.410000000000002,0.17569666666666667,633749,4139563
854,74593,10,pair_012_n5_012_conflict,conflict,0,1,0,-0.94,0.17568,633779,4140173
855,74679,86,pair_000_n3_000_conflict,conflict,1,0,0,12.400000000000002,0.17553666666666667,634037,4145419
856,74763,84,pair_002_n3_002_conflict,conflict,1,0,0,12.420000000000002,0.17539666666666665,634289,4150543
857,74845,82,pair_004_n3_004_conflict,conflict,1,0,0,12.440000000000001,0.17525999999999997,634535,4155545
858,74930,85,pair_006_n5_006_conflict,conflict,1,0,0,12.410000000000002,0.17511833333333332,634790,4160730
859,75014,84,pair_017_n3_017_conflict,conflict,1,0,0,12.420000000000002,0.17497833333333332,635042,4165854
860,75113,99,pair_017_n5_017_control,control,1,0,0,12.270000000000001,0.17481333333333332,635339,4171893
861,75117,4,pair_006_n3_006_control,control,0,1,0,-0.88,0.17480666666666667,635351,4172137
862,75198,81,pair_013_n3_013_control,control,1,0,0,12.450000000000001,0.17467166666666664,635594,4177078
863,75285,87,pair_017_n3_017_control,control,1,0,0,12.39,0.17452666666666666,635855,4182385
864,75363,78,pair_006_n5_006_conflict,conflict,0,1,0,1.4800000000000013,0.17439666666666664,636089,4187143
865,75465,102,pair_000_n5_000_conflict,conflict,1,0,0,12.240000000000002,0.17422666666666667,636395,4193365
866,75548,83,pair_013_n3_013_conflict,conflict,1,0,0,12.430000000000001,0.17408833333333332,636644,4198428
867,75633,85,pair_003_n3_003_conflict,conflict,1,0,0,12.410000000000002,0.17394666666666667,636899,4203613
868,75724,91,pair_014_n5_014_conflict,conflict,1,0,0,12.350000000000001,0.17379499999999998,637172,4209164
869,75800,76,pair_003_n5_003_conflict,conflict,1,0,0,12.500000000000002,0.1736683333333333,637400,4213800
870,75877,77,pair_003_n5_003_control,control,1,0,0,12.490000000000002,0.17354,637631,4218497
871,75955,78,pair_008_n3_008_conflict,conflict,1,0,0,12.480000000000002,0.17340999999999998,637865,4223255
872,76049,94,pair_007_n3_007_conflict,conflict,1,0,0,12.320000000000002,0.17325333333333331,638147,4228989
873,76142,93,pair_000_n5_000_control,control,1,0,0,12.330000000000002,0.17309833333333333,638426,4234662
874,76236,94,pair_007_n5_007_control,control,1,0,0,12.32,0.17294166666666666,638708,4240396
875,76250,14,pair_000_n3_000_conflict,conflict,0,1,0,-0.68,0.1729183333333333,638750,4241250
876,76368,118,pair_012_n5_012_control,control,1,0,0,12.080000000000002,0.17272166666666666,639104,4248448
877,76448,80,pair_005_n3_005_conflict,conflict,1,0,0,12.46,0.17258833333333332,639344,4253328
878,76525,77,pair_006_n3_006_conflict,conflict,1,0,0,12.490000000000002,0.17246,639575,4258025
879,76607,82,pair_013_n5_013_conflict,conflict,1,0,0,12.440000000000001,0.17232333333333333,639821,4263027
880,76695,88,pair_011_n5_011_conflict,conflict,1,0,0,12.38,0.17217666666666664,640085,4268395
881,76703,8,pair_002_n3_002_control,control,0,1,0,-0.97,0.17216333333333333,640109,4268883
882,76779,76,pair_001_n5_001_conflict,conflict,1,0,0,12.500000000000002,0.17203666666666664,640337,4273519
883,76863,84,pair_013_n3_013_control,control,1,0,0,12.420000000000002,0.17189666666666664,640589,4278643
884,76933,70,pair_009_n5_009_conflict,conflict,1,0,0,12.560000000000002,0.17178,640799,4282913
885,77015,82,pair_015_n3_015_conflict,conflict,1,0,0,12.440000000000001,0.17164333333333331,641045,4287915
886,77108,93,pair_004_n5_004_control,control,1,0,0,12.330000000000002,0.17148833333333333,641324,4293588
887,77198,90,pair_001_n5_001_control,control,0,1,0,1.3600000000000017,0.17133833333333331,641594,4299078
888,77203,5,pair_008_n5_008_conflict,conflict,0,1,0,-0.9400000000000001,0.17132999999999998,641609,4299383
889,77208,5,pair_007_n3_007_control,control,0,1,0,-0.9400000000000001,0.17132166666666665,641624,4299688
890,77279,71,pair_009_n3_009_control,control,1,0,0,12.55,0.17120333333333332,641837,4304019
891,77375,96,pair_016_n3_016_conflict,conflict,1,0,0,12.300000000000002,0.17104333333333333,642125,4309875
892,77466,91,pair_015_n5_015_control,control,1,0,0,12.350000000000001,0.17089166666666666,642398,4315426
893,77557,91,pair_010_n3_010_control,control,1,0,0,12.350000000000001,0.17073999999999998,642671,4320977
894,77635,78,pair_017_n3_017_control,control,1,0,0,12.480000000000002,0.17060999999999998,642905,4325735
895,77716,81,pair_016_n5_016_conflict,conflict,1,0,0,12.450000000000003,0.170475,643148,4330676
896,77798,82,pair_017_n3_017_conflict,conflict,1,0,0,12.440000000000001,0.1703383333333333,643394,4335678
897,77870,72,pair_006_n3_006_control,control,1,0,0,12.540000000000001,0.17021833333333333,643610,4340070
898,77944,74,pair_009_n5_009_control,control,1,0,0,12.520000000000003,0.170095,643832,4344584
899,78020,76,pair_012_n5_012_conflict,conflict,1,0,0,12.500000000000002,0.16996833333333333,644060,4349220
900,78103,83,pair_015_n3_015_control,control,1,0,0,12.430000000000001,0.16982999999999998,644309,4354283
901,78194,91,pair_009_n3_009_conflict,conflict,1,0,0,12.350000000000003,0.16967833333333332,644582,4359834
902,78282,88,pair_012_n3_012_control,control,1,0,0,12.380000000000003,0.16953166666666666,644846,4365202
903,78373,91,pair_007_n5_007_conflict,conflict,1,0,0,12.350000000000001,0.16937999999999998,645119,4370753
904,78450,77,pair_002_n5_002_conflict,conflict,1,0,0,12.490000000000002,0.16925166666666666,645350,4375450
905,78535,85,pair_010_n5_010_conflict,conflict,1,0,0,12.410000000000002,0.16910999999999998,645605,4380635
906,78607,72,pair_016_n5_016_control,control,1,0,0,12.540000000000003,0.16899,645821,4385027
907,78685,78,pair_002_n5_002_control,control,1,0,0,12.480000000000002,0.16885999999999998,646055,4389785
908,78772,87,pair_017_n5_017_control,control,1,0,0,12.39,0.16871499999999998,646316,4395092
909,78859,87,pair_017_n5_017_conflict,conflict,1,0,0,12.39,0.16857,646577,4400399
910,78941,82,pair_010_n3_010_conflict,conflict,1,0,0,12.440000000000001,0.16843333333333332,646823,4405401
911,79034,93,pair_003_n3_003_control,control,1,0,0,12.330000000000002,0.16827833333333334,647102,4411074
912,79112,78,pair_001_n3_001_control,control,1,0,0,12.48,0.16814833333333332,647336,4415832
913,79192,80,pair_011_n3_011_conflict,conflict,1,0,0,12.46,0.168015,647576,4420712
914,79290,98,pair_011_n5_011_control,control,1,0,0,12.280000000000001,0.16785166666666665,647870,4426690
915,79365,75,pair_004_n5_004_conflict,conflict,1,0,0,12.510000000000002,0.16772666666666666,648095,4431265
916,79440,75,pair_014_n3_014_control,control,1,0,0,12.510000000000002,0.16760166666666665,648320,4435840
917,79518,78,pair_004_n3_004_control,control,0,1,0,1.4800000000000013,0.16747166666666666,648554,4440598
918,79598,80,pair_005_n3_005_control,control,1,0,0,12.46,0.1673383333333333,648794,4445478
919,79683,85,pair_011_n3_011_control,control,1,0,0,12.410000000000002,0.16719666666666666,649049,4450663
920,79774,91,pair_008_n3_008_control,control,1,0,0,12.350000000000001,0.167045,649322,4456214
921,79859,85,pair_001_n3_001_conflict,conflict,1,0,0,12.410000000000002,0.16690333333333332,649577,4461399
922,79944,85,pair_013_n5_013_control,control,1,0,0,12.410000000000002,0.16676166666666667,649832,4466584
923,80021,77,pair_004_n3_004_conflict,conflict,1,0,0,12.490000000000002,0.16663333333333333,650042,4471302
924,80110,89,pair_016_n3_016_control,control,1,0,0,12.370000000000001,0.166485,650220,4476820
925,80185,75,pair_014_n3_014_conflict,conflict,1,0,0,12.510000000000002,0.16635999999999998,650370,4481470
926,80265,80,pair_000_n3_000_control,control,1,0,0,12.460000000000003,0.16622666666666666,650530,4486430
927,80352,87,pair_006_n5_006_control,control,1,0,0,12.390000000000002,0.16608166666666666,650704,4491824
928,80439,87,pair_005_n5_005_control,control,0,1,0,1.3400000000000012,0.16593666666666665,650878,4497218
929,80516,77,pair_015_n5_015_conflict,conflict,1,0,0,12.490000000000002,0.16580833333333334,651032,4501992
930,80595,79,pair_014_n5_014_control,control,1,0,0,12.470000000000002,0.16567666666666667,651190,4506890
931,80599,4,pair_005_n5_005_conflict,conflict,0,1,0,-0.88,0.16566999999999998,651198,4507138
932,80605,6,pair_012_n3_012_conflict,conflict,0,1,0,-0.95,0.16566,651210,4507510
933,80694,89,pair_008_n5_008_control,control,1,0,0,12.370000000000001,0.16551166666666667,651388,4513028
934,80772,78,pair_010_n5_010_control,control,0,1,0,1.4800000000000018,0.16538166666666665,651544,4517864
935,80850,78,pair_002_n3_002_conflict,conflict,1,0,0,12.480000000000002,0.16525166666666666,651700,4522700
936,80931,81,pair_011_n3_011_conflict,conflict,1,0,0,12.450000000000001,0.16511666666666666,651862,4527722
937,81028,97,pair_015_n3_015_conflict,conflict,1,0,0,12.290000000000003,0.164955,652056,4533736
938,81112,84,pair_000_n3_000_control,control,1,0,0,12.420000000000002,0.164815,652224,4538944
939,81193,81,pair_006_n3_006_control,control,1,0,0,12.450000000000001,0.16468,652386,4543966
940,81271,78,pair_014_n3_014_control,control,1,0,0,12.480000000000002,0.16455,652542,4548802
941,81350,79,pair_017_n5_017_control,control,1,0,0,12.470000000000002,0.16441833333333333,652700,4553700
942,81438,88,pair_009_n3_009_conflict,conflict,1,0,0,12.38,0.16427166666666665,652876,4559156
943,81526,88,pair_000_n5_000_control,control,1,0,0,12.380000000000003,0.164125,653052,4564612
944,81620,94,pair_014_n5_014_control,control,1,0,0,12.320000000000002,0.16396833333333333,653240,4570440
945,81700,80,pair_008_n3_008_conflict,conflict,1,0,0,12.46,0.16383499999999998,653400,4575400
946,81778,78,pair_014_n5_014_conflict,conflict,1,0,0,12.48,0.163705,653556,4580236
947,81855,77,pair_005_n5_005_conflict,conflict,1,0,0,12.490000000000002,0.16357666666666665,653710,4585010
948,81933,78,pair_011_n3_011_control,control,1,0,0,12.480000000000002,0.16344666666666666,653866,4589846
949,82013,80,pair_002_n5_002_control,control,1,0,0,12.46,0.1633133333333333,654026,4594806
950,82096,83,pair_017_n3_017_conflict,conflict,1,0,0,12.430000000000001,0.163175,654192,4599952
951,82177,81,pair_015_n5_015_conflict,conflict,1,0,0,12.450000000000001,0.16304,654354,4604974
952,82253,76,pair_016_n3_016_conflict,conflict,0,1,0,1.4000000000000012,0.16291333333333333,654506,4609686
953,82341,88,pair_012_n3_012_conflict,conflict,1,0,0,12.380000000000003,0.16276666666666664,654682,4615142
954,82418,77,pair_005_n3_005_control,control,1,0,0,12.490000000000002,0.16263833333333333,654836,4619916
955,82499,81,pair_009_n5_009_conflict,conflict,1,0,0,12.450000000000001,0.16250333333333333,654998,4624938
956,82579,80,pair_017_n5_017_conflict,conflict,1,0,0,12.46,0.16237,655158,4629898
957,82659,80,pair_006_n5_006_control,control,1,0,0,12.46,0.16223666666666667,655318,4634858
958,82742,83,pair_009_n5_009_control,control,1,0,0,12.430000000000001,0.16209833333333332,655484,4640004
959,82840,98,pair_009_n3_009_control,control,1,0,0,12.280000000000001,0.161935,655680,4646080
960,82922,82,pair_011_n5_011_control,control,1,0,0,12.440000000000001,0.16179833333333332,655844,4651164
961,82929,7,pair_015_n3_015_control,control,0,1,0,-0.91,0.16178666666666666,655858,4651598
962,83011,82,pair_012_n3_012_control,control,1,0,0,12.440000000000001,0.16165,656022,4656682
963,83097,86,pair_004_n3_004_conflict,conflict,1,0,0,12.400000000000002,0.16150666666666666,656194,4662014
964,83177,80,pair_016_n5_016_conflict,conflict,1,0,0,12.46,0.1613733333333333,656354,4666974
965,83183,6,pair_013_n5_013_control,control,0,1,0,-0.9,0.16136333333333333,656366,4667346
966,83261,78,pair_006_n5_006_conflict,conflict,1,0,0,12.480000000000002,0.1612333333333333,656522,4672182
967,83392,131,pair_012_n5_012_control,control,1,0,0,11.950000000000006,0.161015,656784,4680304
968,83489,97,pair_004_n5_004_control,control,1,0,0,12.290000000000001,0.16085333333333332,656978,4686318
969,83570,81,pair_004_n3_004_control,control,1,0,0,12.450000000000001,0.16071833333333332,657140,4691340
970,83652,82,pair_017_n3_017_control,control,1,0,0,12.440000000000001,0.16058166666666665,657304,4696424
971,83746,94,pair_001_n5_001_conflict,conflict,1,0,0,12.320000000000002,0.16042499999999998,657492,4702252
972,83826,80,pair_006_n3_006_conflict,conflict,1,0,0,12.46,0.16029166666666667,657652,4707212
973,83910,84,pair_002_n5_002_conflict,conflict,1,0,0,12.420000000000002,0.16015166666666666,657820,4712420
974,83993,83,pair_015_n5_015_control,control,1,0,0,12.430000000000001,0.1600133333333333,657986,4717566
975,84005,12,pair_004_n5_004_conflict,conflict,0,1,0,-0.81,0.15999333333333332,658010,4718310
976,84079,74,pair_007_n5_007_control,control,1,0,0,12.520000000000001,0.15986999999999998,658158,4722898
977,84166,87,pair_007_n3_007_control,control,1,0,0,12.39,0.15972499999999998,658332,4728292
978,84239,73,pair_013_n5_013_conflict,conflict,1,0,0,12.530000000000001,0.15960333333333332,658478,4732818
979,84323,84,pair_013_n3_013_control,control,1,0,0,12.420000000000002,0.15946333333333332,658646,4738026
980,84398,75,pair_007_n5_007_conflict,conflict,1,0,0,12.510000000000002,0.15933833333333333,658796,4742676
981,84475,77,pair_001_n3_001_conflict,conflict,1,0,0,12.490000000000002,0.15921,658950,4747450
982,84557,82,pair_014_n3_014_conflict,conflict,1,0,0,12.440000000000001,0.15907333333333332,659114,4752534
983,84644,87,pair_016_n5_016_control,control,1,0,0,12.39,0.1589283333333333,659288,4757928
984,84729,85,pair_002_n3_002_conflict,conflict,1,0,0,12.410000000000002,0.15878666666666666,659458,4763198
985,84814,85,pair_003_n5_003_control,control,1,0,0,12.410000000000002,0.15864499999999998,659628,4768468
986,84886,72,pair_005_n5_005_control,control,0,1,0,0.6400000000000008,0.158525,659772,4772932
987,84960,74,pair_003_n3_003_conflict,conflict,1,0,0,12.520000000000001,0.15840166666666666,659920,4777520
988,85042,82,pair_013_n3_013_conflict,conflict,1,0,0,12.440000000000003,0.158265,660084,4782604
989,85124,82,pair_001_n5_001_control,control,1,0,0,12.440000000000001,0.15812833333333332,660248,4787688
990,85208,84,pair_010_n3_010_conflict,conflict,1,0,0,12.420000000000002,0.15798833333333331,660416,4792896
991,85294,86,pair_010_n5_010_control,control,1,0,0,12.400000000000002,0.15784499999999999,660588,4798228
992,85300,6,pair_016_n3_016_control,control,0,1,0,-0.8,0.15783499999999998,660600,4798600
993,85384,84,pair_000_n5_000_conflict,conflict,1,0,0,12.420000000000002,0.157695,660768,4803808
994,85463,79,pair_000_n3_000_conflict,conflict,1,0,0,12.470000000000002,0.15756333333333333,660926,4808706
995,85548,85,pair_002_n3_002_control,control,1,0,0,12.410000000000002,0.15742166666666665,661096,4813976
996,85623,75,pair_011_n5_011_conflict,conflict,1,0,0,12.510000000000002,0.15729666666666667,661246,4818626
997,85706,83,pair_007_n3_007_conflict,conflict,1,0,0,12.430000000000001,0.15715833333333332,661412,4823772
998,85763,57,pair_010_n5_010_conflict,conflict,0,1,0,0.7900000000000009,0.15706333333333333,661526,4827306
999,85840,77,pair_003_n3_003_control,control,1,0,0,12.490000000000002,0.156935,661680,4832080
1000,85925,85,pair_008_n3_008_control,control,1,0,0,12.410000000000002,0.1567933333333333,661850,4837350
1001,86002,77,pair_001_n3_001_control,control,1,0,0,12.490000000000002,0.156665,662004,4842124
1002,86007,5,pair_008_n5_008_control,control,0,1,0,-0.84,0.15665666666666667,662014,4842434
1003,86095,88,pair_003_n5_003_conflict,conflict,1,0,0,12.38,0.15650999999999998,662190,4847890
1004,86212,117,pair_008_n5_008_conflict,conflict,1,0,0,12.090000000000003,0.15631499999999998,662424,4855144
1005,86302,90,pair_010_n3_010_control,control,1,0,0,12.360000000000001,0.156165,662604,4860724
1006,86378,76,pair_012_n5_012_conflict,conflict,1,0,0,12.500000000000002,0.15603833333333333,662756,4865436
1007,86459,81,pair_005_n3_005_conflict,conflict,1,0,0,12.450000000000001,0.1559033333333333,662918,4870458
1008,86530,71,pair_010_n5_010_control,control,1,0,0,12.55,0.15578499999999998,663060,4874860
1009,86611,81,pair_002_n5_002_control,control,1,0,0,12.450000000000003,0.15564999999999998,663222,4879882
1010,86707,96,pair_003_n3_003_control,control,1,0,0,12.300000000000002,0.15549,663414,4885834
1011,86786,79,pair_009_n3_009_control,control,1,0,0,12.470000000000002,0.15535833333333332,663572,4890732
1012,86918,132,pair_017_n3_017_conflict,conflict,1,0,0,11.940000000000001,0.15513833333333332,663836,4898916
1013,86996,78,pair_010_n3_010_control,control,0,1,0,1.3800000000000021,0.15500833333333333,663992,4903752
1014,87000,4,pair_017_n5_017_control,control,0,1,0,-0.88,0.15500166666666665,664000,4904000
1015,87078,78,pair_003_n5_003_conflict,conflict,1,0,0,12.48,0.15487166666666666,664156,4908836
1016,87150,72,pair_013_n3_013_control,control,1,0,0,12.540000000000003,0.15475166666666665,664300,4913300
1017,87158,8,pair_011_n5_011_control,control,0,1,0,-0.82,0.1547383333333333,664316,4913796
1018,87162,4,pair_015_n5_015_control,control,0,1,0,-0.88,0.15473166666666666,664324,4914044
1019,87278,116,pair_016_n5_016_conflict,conflict,1,0,0,12.100000000000001,0.15453833333333333,664556,4921236
1020,87370,92,pair_005_n5_005_conflict,conflict,1,0,0,12.340000000000002,0.154385,664740,4926940
1021,87522,152,pair_008_n3_008_control,control,1,0,0,11.74,0.15413166666666667,665044,4936364
1022,87607,85,pair_004_n3_004_conflict,conflict,1,0,0,12.410000000000002,0.15399,665214,4941634
1023,87693,86,pair_004_n3_004_control,control,1,0,0,12.400000000000002,0.15384666666666666,665386,4946966
1024,87774,81,pair_012_n3_012_control,control,1,0,0,12.450000000000003,0.15371166666666666,665548,4951988
1025,87868,94,pair_013_n3_013_conflict,conflict,1,0,0,12.320000000000002,0.153555,665736,4957816
1026,87957,89,pair_001_n5_001_conflict,conflict,1,0,0,12.370000000000001,0.15340666666666666,665914,4963334
1027,88037,80,pair_002_n3_002_conflict,conflict,1,0,0,12.46,0.15327333333333332,666074,4968294
1028,88122,85,pair_004_n5_004_control,control,1,0,0,12.410000000000002,0.15313166666666667,666244,4973564
1029,88204,82,pair_017_n5_017_conflict,conflict,1,0,0,12.440000000000001,0.152995,666408,4978648
1030,88285,81,pair_014_n3_014_conflict,conflict,1,0,0,12.450000000000003,0.15286,666570,4983670
1031,88367,82,pair_013_n5_013_conflict,conflict,1,0,0,12.440000000000001,0.15272333333333332,666734,4988754
1032,88458,91,pair_008_n5_008_conflict,conflict,1,0,0,12.350000000000001,0.15257166666666666,666916,4994396
1033,88529,71,pair_015_n5_015_conflict,conflict,1,0,0,12.55,0.15245333333333333,667058,4998798
1034,88612,83,pair_016_n3_016_conflict,conflict,1,0,0,12.430000000000001,0.15231499999999998,667224,5003944
1035,88685,73,pair_001_n3_001_control,control,1,0,0,12.530000000000001,0.15219333333333332,667370,5008470
1036,88786,101,pair_011_n3_011_control,control,1,0,0,12.250000000000002,0.152025,667572,5014732
1037,88863,77,pair_009_n3_009_conflict,conflict,1,0,0,12.490000000000002,0.15189666666666665,667726,5019506
1038,88940,77,pair_006_n5_006_control,control,1,0,0,12.490000000000002,0.1517683333333333,667880,5024280
1039,89033,93,pair_000_n5_000_conflict,conflict,1,0,0,12.330000000000002,0.15161333333333332,668066,5030046
1040,89115,82,pair_000_n3_000_control,control,1,0,0,12.440000000000001,0.15147666666666665,668230,5035130
1041,89197,82,pair_002_n3_002_control,control,1,0,0,12.440000000000001,0.15134,668394,5040214
1042,89267,70,pair_012_n3_012_conflict,conflict,0,1,0,1.4600000000000013,0.15122333333333332,668534,5044554
1043,89350,83,pair_006_n5_006_conflict,conflict,0,1,0,1.3800000000000012,0.151085,668700,5049700
1044,89467,117,pair_014_n3_014_control,control,1,0,0,12.090000000000002,0.15089,668934,5056954
1045,89537,70,pair_003_n5_003_control,control,1,0,0,12.560000000000002,0.15077333333333331,669074,5061294
1046,89614,77,pair_003_n3_003_conflict,conflict,1,0,0,12.490000000000002,0.150645,669228,5066068
1047,89698,84,pair_015_n3_015_conflict,conflict,1,0,0,12.420000000000002,0.150505,669396,5071276
1048,89789,91,pair_013_n5_013_control,control,1,0,0,12.350000000000001,0.1503533333333333,669578,5076918
1049,89875,86,pair_016_n5_016_control,control,1,0,0,12.400000000000002,0.15020999999999998,669750,5082250
1050,89956,81,pair_008_n3_008_conflict,conflict,1,0,0,12.450000000000003,0.150075,669912,5087272
1051,90044,88,pair_004_n5_004_conflict,conflict,1,0,0,12.380000000000003,0.14992833333333333,670044,5092772
1052,90128,84,pair_007_n5_007_conflict,conflict,1,0,0,12.420000000000002,0.14978833333333333,670128,5098064
1053,90135,7,pair_007_n5_007_control,control,0,1,0,-0.86,0.14977666666666667,670135,5098505
1054,90215,80,pair_017_n3_017_control,control,1,0,0,12.46,0.14964333333333332,670215,5103545
1055,90293,78,pair_001_n5_001_control,control,1,0,0,12.480000000000002,0.14951333333333333,670293,5108459
1056,90382,89,pair_014_n5_014_control,control,1,0,0,12.370000000000001,0.149365,670382,5114066
1057,90520,138,pair_008_n5_008_control,control,1,0,0,11.88,0.149135,670520,5122760
1058,90599,79,pair_009_n5_009_conflict,conflict,1,0,0,12.470000000000002,0.14900333333333332,670599,5127737
1059,90685,86,pair_007_n3_007_control,control,1,0,0,12.400000000000002,0.14886,670685,5133155
1060,90694,9,pair_005_n3_005_conflict,conflict,0,1,0,-0.9299999999999999,0.14884499999999998,670694,5133722
1061,90777,83,pair_014_n5_014_conflict,conflict,1,0,0,12.430000000000001,0.14870666666666665,670777,5138951
1062,90859,82,pair_000_n5_000_control,control,1,0,0,12.440000000000001,0.14856999999999998,670859,5144117
1063,90872,13,pair_012_n5_012_control,control,0,1,0,-0.97,0.1485483333333333,670872,5144936
1064,90883,11,pair_006_n3_006_conflict,conflict,0,1,0,-0.75,0.14853,670883,5145629
1065,90952,69,pair_011_n3_011_conflict,conflict,1,0,0,12.570000000000002,0.148415,670952,5149976
1066,90956,4,pair_012_n5_012_conflict,conflict,0,1,0,-0.88,0.1484083333333333,670956,5150228
1067,91047,91,pair_006_n3_006_control,control,1,0,0,12.350000000000001,0.14825666666666665,671047,5155961
1068,91121,74,pair_007_n3_007_conflict,conflict,1,0,0,12.520000000000001,0.1481333333333333,671121,5160623
1069,91126,5,pair_009_n5_009_control,control,0,1,0,-0.84,0.14812499999999998,671126,5160938
1070,91202,76,pair_015_n3_015_control,control,1,0,0,12.500000000000002,0.14799833333333332,671202,5165726
1071,91280,78,pair_002_n5_002_conflict,conflict,1,0,0,12.480000000000002,0.14786833333333332,671280,5170640
1072,91357,77,pair_016_n3_016_control,control,1,0,0,12.490000000000002,0.14773999999999998,671357,5175491
1073,91439,82,pair_010_n3_010_conflict,conflict,1,0,0,12.440000000000001,0.1476033333333333,671439,5180657
1074,91521,82,pair_000_n3_000_conflict,conflict,1,0,0,12.440000000000001,0.14746666666666666,671521,5185823
1075,91603,82,pair_005_n5_005_control,control,1,0,0,12.440000000000001,0.14733,671603,5190989
1076,91683,80,pair_010_n5_010_conflict,conflict,1,0,0,12.46,0.14719666666666664,671683,5196029
1077,91767,84,pair_011_n5_011_conflict,conflict,1,0,0,12.420000000000002,0.14705666666666667,671767,5201321
1078,91854,87,pair_005_n3_005_control,control,1,0,0,12.39,0.14691166666666666,671854,5206802
1079,91941,87,pair_001_n3_001_conflict,conflict,1,0,0,12.390000000000002,0.14676666666666666,671941,5212283
1080,92018,77,pair_000_n3_000_control,control,1,0,0,12.490000000000002,0.14663833333333331,672018,5217134
1081,92098,80,pair_011_n5_011_control,control,1,0,0,12.46,0.146505,672098,5222174
1082,92182,84,pair_010_n5_010_control,control,1,0,0,12.420000000000002,0.146365,672182,5227466
1083,92262,80,pair_000_n3_000_conflict,conflict,1,0,0,12.46,0.14623166666666665,672262,5232506
1084,92351,89,pair_017_n3_017_conflict,conflict,1,0,0,12.370000000000001,0.14608333333333332,672351,5238113
1085,92433,82,pair_007_n3_007_control,control,1,0,0,12.440000000000001,0.14594666666666667,672433,5243279
1086,92504,71,pair_012_n5_012_conflict,conflict,1,0,0,12.55,0.1458283333333333,672504,5247752
1087,92516,12,pair_004_n3_004_conflict,conflict,0,1,0,-0.76,0.14580833333333332,672516,5248508
1088,92592,76,pair_005_n5_005_conflict,conflict,1,0,0,12.500000000000002,0.14568166666666665,672592,5253296
1089,92686,94,pair_009_n5_009_conflict,conflict,1,0,0,12.32,0.145525,672686,5259218
1090,92761,75,pair_004_n5_004_conflict,conflict,1,0,0,12.510000000000002,0.1454,672761,5263943
1091,92846,85,pair_012_n3_012_control,control,1,0,0,12.410000000000002,0.14525833333333332,672846,5269298
1092,92923,77,pair_006_n5_006_conflict,conflict,1,0,0,12.490000000000002,0.14512999999999998,672923,5274149
1093,93010,87,pair_012_n5_012_control,control,1,0,0,12.39,0.144985,673010,5279630
1094,93086,76,pair_001_n5_001_conflict,conflict,1,0,0,12.500000000000002,0.1448583333333333,673086,5284418
1095,93160,74,pair_014_n3_014_conflict,conflict,1,0,0,12.520000000000001,0.144735,673160,5289080
1096,93230,70,pair_008_n5_008_control,control,1,0,0,12.560000000000002,0.14461833333333332,673230,5293490
1097,93310,80,pair_011_n3_011_conflict,conflict,1,0,0,12.46,0.144485,673310,5298530
1098,93395,85,pair_011_n5_011_conflict,conflict,1,0,0,12.410000000000004,0.14434333333333332,673395,5303885
1099,93480,85,pair_003_n3_003_control,control,1,0,0,12.410000000000002,0.14420166666666664,673480,5309240
1100,93558,78,pair_011_n3_011_control,control,1,0,0,12.480000000000002,0.14407166666666665,673558,5314154
1101,93643,85,pair_001_n5_001_control,control,1,0,0,12.410000000000002,0.14393,673643,5319509
1102,93727,84,pair_017_n3_017_control,control,1,0,0,12.420000000000002,0.14379,673727,5324801
1103,93809,82,pair_005_n5_005_control,control,1,0,0,12.440000000000001,0.14365333333333333,673809,5329967
1104,93892,83,pair_000_n5_000_conflict,conflict,1,0,0,12.430000000000001,0.14351499999999998,673892,5335196
1105,93981,89,pair_005_n3_005_conflict,conflict,1,0,0,12.370000000000001,0.14336666666666664,673981,5340803
1106,94063,82,pair_015_n5_015_conflict,conflict,1,0,0,12.440000000000001,0.14323,674063,5345969
1107,94137,74,pair_010_n3_010_control,control,1,0,0,12.520000000000001,0.14310666666666666,674137,5350631
1108,94215,78,pair_015_n5_015_control,control,1,0,0,12.480000000000002,0.14297666666666667,674215,5355545
1109,94299,84,pair_016_n5_016_conflict,conflict,1,0,0,12.420000000000002,0.14283666666666667,674299,5360837
1110,94391,92,pair_003_n3_003_conflict,conflict,1,0,0,12.340000000000002,0.14268333333333333,674391,5366633
1111,94475,84,pair_007_n3_007_conflict,conflict,1,0,0,12.420000000000002,0.14254333333333333,674475,5371925
1112,94552,77,pair_013_n3_013_control,control,1,0,0,12.490000000000002,0.14241499999999999,674552,5376776
1113,94635,83,pair_016_n3_016_conflict,conflict,1,0,0,12.430000000000001,0.14227666666666666,674635,5382005
1114,94708,73,pair_008_n5_008_conflict,conflict,1,0,0,12.530000000000001,0.14215499999999998,674708,5386604
1115,94793,85,pair_017_n5_017_conflict,conflict,1,0,0,12.410000000000002,0.14201333333333332,674793,5391959
1116,94874,81,pair_013_n5_013_conflict,conflict,1,0,0,12.450000000000003,0.14187833333333333,674874,5397062
1117,94946,72,pair_015_n3_015_conflict,conflict,1,0,0,12.540000000000003,0.14175833333333332,674946,5401598
1118,95028,82,pair_009_n3_009_conflict,conflict,1,0,0,12.440000000000001,0.14162166666666665,675028,5406764
1119,95115,87,pair_014_n5_014_conflict,conflict,1,0,0,12.39,0.14147666666666667,675115,5412245
1120,95193,78,pair_016_n3_016_control,control,1,0,0,12.480000000000002,0.14134666666666665,675193,5417159
1121,95271,78,pair_014_n3_014_control,control,1,0,0,12.48,0.14121666666666666,675271,5422073
1122,95350,79,pair_013_n5_013_control,control,1,0,0,12.470000000000002,0.141085,675350,5427050
1123,95423,73,pair_000_n5_000_control,control,0,1,0,1.4800000000000013,0.14096333333333333,675423,5431649
1124,95506,83,pair_002_n5_002_conflict,conflict,1,0,0,12.430000000000001,0.14082499999999998,675506,5436878
1125,95587,81,pair_008_n3_008_conflict,conflict,1,0,0,12.450000000000001,0.14068999999999998,675587,5441981
1126,95660,73,pair_005_n3_005_control,control,1,0,0,12.530000000000001,0.14056833333333332,675660,5446580
1127,95729,69,pair_004_n5_004_control,control,1,0,0,12.570000000000002,0.14045333333333332,675729,5450927
1128,95822,93,pair_010_n3_010_conflict,conflict,1,0,0,12.330000000000002,0.14029833333333333,675822,5456786
1129,95891,69,pair_001_n3_001_control,control,1,0,0,12.570000000000002,0.14018333333333333,675891,5461133
1130,95977,86,pair_012_n3_012_conflict,conflict,1,0,0,12.400000000000002,0.14004,675977,5466551
1131,96089,112,pair_017_n5_017_control,control,1,0,0,12.140000000000004,0.13985333333333333,676089,5473607
1132,96178,89,pair_008_n3_008_control,control,0,1,0,-0.6300000000000003,0.139705,676178,5479214
1133,96263,85,pair_004_n3_004_control,control,1,0,0,12.410000000000002,0.13956333333333332,676263,5484569
1134,96339,76,pair_003_n5_003_control,control,1,0,0,12.500000000000002,0.13943666666666665,676339,5489357
1135,96432,93,pair_002_n3_002_control,control,1,0,0,12.330000000000002,0.13928166666666666,676432,5495216
1136,96509,77,pair_002_n3_002_conflict,conflict,1,0,0,12.490000000000002,0.13915333333333332,676509,5500067
1137,96583,74,pair_013_n3_013_conflict,conflict,1,0,0,12.520000000000001,0.13903,676583,5504729
1138,96658,75,pair_010_n5_010_conflict,conflict,1,0,0,12.510000000000002,0.138905,676658,5509454
1139,96737,79,pair_001_n3_001_conflict,conflict,1,0,0,12.470000000000002,0.13877333333333333,676737,5514431
1140,96812,75,pair_007_n5_007_conflict,conflict,1,0,0,12.510000000000002,0.13864833333333332,676812,5519156
1141,96885,73,pair_014_n5_014_control,control,1,0,0,12.530000000000001,0.13852666666666666,676885,5523755
1142,96961,76,pair_015_n3_015_control,control,1,0,0,12.500000000000002,0.1384,676961,5528543
1143,97033,72,pair_016_n5_016_control,control,1,0,0,12.540000000000001,0.13828,677033,5533079
1144,97105,72,pair_006_n3_006_control,control,1,0,0,12.540000000000001,0.13815999999999998,677105,5537615
1145,97210,105,pair_009_n5_009_control,control,1,0,0,12.21,0.137985,677210,5544230
1146,97290,80,pair_009_n3_009_control,control,1,0,0,12.46,0.13785166666666665,677290,5549270
1147,97371,81,pair_006_n5_006_control,control,1,0,0,12.450000000000001,0.13771666666666665,677371,5554373
1148,97443,72,pair_003_n5_003_conflict,conflict,1,0,0,12.540000000000001,0.13759666666666664,677443,5558909
1149,97524,81,pair_007_n5_007_control,control,1,0,0,12.450000000000001,0.13746166666666665,677524,5564012
1150,97594,70,pair_006_n3_006_conflict,conflict,1,0,0,12.560000000000002,0.137345,677594,5568422
1151,97676,82,pair_002_n5_002_control,control,1,0,0,12.440000000000001,0.13720833333333332,677676,5573588
1152,97753,77,pair_005_n3_005_control,control,1,0,0,12.490000000000002,0.13707999999999998,677753,5578439
1153,97825,72,pair_002_n5_002_control,control,1,0,0,12.540000000000001,0.13696,677825,5582975
1154,97896,71,pair_015_n3_015_conflict,conflict,1,0,0,12.55,0.13684166666666667,677896,5587448
1155,97975,79,pair_012_n5_012_conflict,conflict,1,0,0,12.47,0.13671,677975,5592425
1156,98050,75,pair_009_n3_009_control,control,1,0,0,12.510000000000002,0.13658499999999998,678050,5597150
1157,98058,8,pair_004_n5_004_conflict,conflict,0,1,0,-0.87,0.13657166666666665,678058,5597654
1158,98132,74,pair_009_n5_009_control,control,1,0,0,12.520000000000001,0.1364483333333333,678132,5602316
1159,98209,77,pair_007_n5_007_conflict,conflict,0,1,0,1.4400000000000013,0.13632,678209,5607167
1160,98283,74,pair_000_n5_000_control,control,1,0,0,12.520000000000001,0.13619666666666666,678283,5611829
1161,98363,80,pair_012_n5_012_control,control,1,0,0,12.46,0.13606333333333331,678363,5616869
1162,98445,82,pair_012_n3_012_conflict,conflict,1,0,0,12.440000000000003,0.13592666666666667,678445,5622035
1163,98537,92,pair_016_n3_016_control,control,1,0,0,12.340000000000002,0.13577333333333333,678537,5627831
1164,98543,6,pair_014_n3_014_control,control,0,1,0,-0.8,0.13576333333333332,678543,5628209
1165,98615,72,pair_003_n5_003_conflict,conflict,0,1,0,1.5400000000000014,0.1356433333333333,678615,5632745
1166,98698,83,pair_017_n3_017_conflict,conflict,1,0,0,12.430000000000001,0.135505,678698,5637974
1167,98770,72,pair_001_n5_001_conflict,conflict,1,0,0,12.540000000000001,0.13538499999999998,678770,5642510
1168,98852,82,pair_011_n5_011_control,control,1,0,0,12.440000000000001,0.13524833333333333,678852,5647676
1169,98926,74,pair_006_n3_006_conflict,conflict,1,0,0,12.520000000000001,0.135125,678926,5652338
1170,99003,77,pair_000_n3_000_conflict,conflict,1,0,0,12.490000000000002,0.13499666666666665,679003,5657189
1171,99081,78,pair_013_n3_013_control,control,1,0,0,12.48,0.13486666666666666,679081,5662103
1172,99162,81,pair_013_n5_013_conflict,conflict,1,0,0,12.450000000000001,0.13473166666666667,679162,5667206
1173,99244,82,pair_010_n3_010_conflict,conflict,1,0,0,12.440000000000001,0.134595,679244,5672372
1174,99329,85,pair_001_n3_001_conflict,conflict,1,0,0,12.410000000000002,0.1344533333333333,679329,5677727
1175,99407,78,pair_013_n3_013_conflict,conflict,1,0,0,12.48,0.13432333333333332,679407,5682641
1176,99484,77,pair_007_n5_007_control,control,1,0,0,12.490000000000002,0.13419499999999998,679484,5687492
1177,99559,75,pair_010_n5_010_conflict,conflict,1,0,0,12.510000000000002,0.13407,679559,5692217
1178,99666,107,pair_009_n3_009_conflict,conflict,1,0,0,12.190000000000007,0.13389166666666666,679666,5698958
1179,99736,70,pair_014_n3_014_conflict,conflict,1,0,0,12.560000000000002,0.13377499999999998,679736,5703368
1180,99821,85,pair_007_n3_007_control,control,1,0,0,12.410000000000002,0.13363333333333333,679821,5708723
1181,99901,80,pair_010_n3_010_control,control,1,0,0,12.46,0.13349999999999998,679901,5713763
1182,99998,97,pair_017_n3_017_control,control,1,0,0,12.290000000000001,0.1333383333333333,679998,5719874
1183,100076,78,pair_005_n5_005_conflict,conflict,1,0,0,12.48,0.13320833333333332,680076,5724788
1184,100149,73,pair_004_n3_004_control,control,1,0,0,12.530000000000001,0.13308666666666666,680149,5729387
1185,100229,80,pair_008_n3_008_control,control,1,0,0,12.46,0.1329533333333333,680229,5734427
1186,100301,72,pair_017_n5_017_conflict,conflict,1,0,0,12.540000000000003,0.13283333333333333,680301,5738963
1187,100382,81,pair_001_n3_001_control,control,1,0,0,12.450000000000001,0.13269833333333333,680382,5744066
1188,100455,73,pair_008_n3_008_conflict,conflict,0,1,0,1.4800000000000018,0.13257666666666665,680455,5748665
1189,100533,78,pair_008_n5_008_conflict,conflict,0,1,0,1.3800000000000012,0.13244666666666666,680533,5753579
1190,100617,84,pair_002_n3_002_conflict,conflict,1,0,0,12.420000000000002,0.13230666666666666,680617,5758871
1191,100629,12,pair_000_n3_000_control,control,0,1,0,-0.56,0.13228666666666666,680629,5759627
1192,100639,10,pair_011_n3_011_control,control,0,1,0,-0.94,0.13227,680639,5760257
1193,100724,85,pair_004_n3_004_conflict,conflict,1,0,0,12.410000000000002,0.13212833333333332,680724,5765612
1194,100799,75,pair_006_n5_006_conflict,conflict,1,0,0,12.510000000000002,0.13200333333333333,680799,5770337
1195,100878,79,pair_001_n5_001_control,control,0,1,0,1.4700000000000015,0.13187166666666666,680878,5775314
1196,100957,79,pair_008_n5_008_control,control,1,0,0,12.470000000000002,0.13174,680957,5780291
1197,101028,71,pair_002_n3_002_control,control,1,0,0,12.55,0.13162166666666666,681028,5784764
1198,101108,80,pair_014_n5_014_conflict,conflict,1,0,0,12.46,0.13148833333333332,681108,5789804
1199,101184,76,pair_002_n5_002_conflict,conflict,1,0,0,12.500000000000002,0.13136166666666665,681184,5794592
1200,101268,84,pair_015_n5_015_control,control,1,0,0,12.420000000000002,0.13122166666666665,681268,5799884
1201,101351,83,pair_006_n3_006_control,control,1,0,0,12.430000000000001,0.13108333333333333,681351,5805113
1202,101435,84,pair_011_n3_011_conflict,conflict,1,0,0,12.420000000000002,0.13094333333333333,681435,5810405
1203,101512,77,pair_017_n5_017_control,control,1,0,0,12.490000000000002,0.130815,681512,5815256
1204,101597,85,pair_005_n3_005_conflict,conflict,1,0,0,12.410000000000002,0.13067333333333334,681597,5820611
1205,101675,78,pair_006_n5_006_control,control,1,0,0,12.48,0.13054333333333332,681675,5825525
1206,101752,77,pair_012_n3_012_control,control,0,1,0,1.4900000000000015,0.13041499999999998,681752,5830376
1207,101825,73,pair_016_n5_016_control,control,1,0,0,12.530000000000001,0.13029333333333332,681825,5834975
1208,101901,76,pair_000_n5_000_conflict,conflict,1,0,0,12.500000000000002,0.13016666666666665,681901,5839763
1209,101978,77,pair_016_n5_016_conflict,conflict,1,0,0,12.490000000000002,0.1300383333333333,681978,5844614
1210,102051,73,pair_007_n3_007_conflict,conflict,1,0,0,12.530000000000001,0.12991666666666665,682051,5849213
1211,102125,74,pair_003_n3_003_control,control,1,0,0,12.520000000000001,0.12979333333333332,682125,5853875
1212,102197,72,pair_003_n3_003_conflict,conflict,1,0,0,12.540000000000001,0.12967333333333333,682197,5858411
1213,102267,70,pair_013_n5_013_control,control,1,0,0,12.560000000000002,0.12955666666666665,682267,5862821
1214,102344,77,pair_003_n5_003_control,control,1,0,0,12.490000000000002,0.1294283333333333,682344,5867672
1215,102439,95,pair_011_n5_011_conflict,conflict,1,0,0,12.310000000000002,0.12927,682439,5873657
1216,102512,73,pair_014_n5_014_control,control,1,0,0,12.530000000000001,0.1291483333333333,682512,5878256
1217,102563,51,pair_015_n3_015_control,control,0,1,0,0.900000000000001,0.12906333333333334,682563,5881469
1218,102636,73,pair_005_n5_005_control,control,0,1,0,1.5300000000000016,0.12894166666666665,682636,5886068
1219,102706,70,pair_004_n5_004_control,control,1,0,0,12.560000000000002,0.128825,682706,5890478
1220,102791,85,pair_016_n3_016_conflict,conflict,1,0,0,12.410000000000002,0.12868333333333332,682791,5895833
1221,102868,77,pair_010_n5_010_control,control,1,0,0,12.490000000000002,0.128555,682868,5900684
1222,102939,71,pair_009_n5_009_conflict,conflict,1,0,0,12.55,0.12843666666666664,682939,5905157
1223,103015,76,pair_015_n5_015_conflict,conflict,1,0,0,12.500000000000002,0.12830999999999998,683015,5909945
1224,103094,79,pair_014_n5_014_conflict,conflict,1,0,0,12.470000000000002,0.1281783333333333,683094,5914922
1225,103169,75,pair_015_n5_015_conflict,conflict,1,0,0,12.510000000000002,0.12805333333333332,683169,5919647
1226,103247,78,pair_016_n3_016_conflict,conflict,1,0,0,12.480000000000002,0.12792333333333333,683247,5924561
1227,103329,82,pair_017_n5_017_control,control,1,0,0,12.440000000000001,0.12778666666666666,683329,5929727
1228,103334,5,pair_011_n3_011_control,control,0,1,0,-0.9400000000000001,0.12777833333333333,683334,5930042
1229,103405,71,pair_008_n3_008_conflict,conflict,1,0,0,12.55,0.12766,683405,5934515
1230,103502,97,pair_010_n3_010_conflict,conflict,1,0,0,12.290000000000001,0.12749833333333332,683502,5940626
1231,103574,72,pair_013_n5_013_control,control,1,0,0,12.540000000000001,0.12737833333333332,683574,5945162
1232,103654,80,pair_012_n5_012_control,control,1,0,0,12.46,0.127245,683654,5950202
1233,103736,82,pair_008_n5_008_control,control,1,0,0,12.440000000000001,0.12710833333333332,683736,5955368
1234,103813,77,pair_008_n3_008_control,control,1,0,0,12.490000000000002,0.12697999999999998,683813,5960219
1235,103893,80,pair_012_n3_012_conflict,conflict,1,0,0,12.46,0.12684666666666666,683893,5965259
1236,103967,74,pair_003_n3_003_control,control,1,0,0,12.520000000000001,0.12672333333333333,683967,5969921
1237,104045,78,pair_000_n5_000_control,control,1,0,0,12.48,0.12659333333333334,684045,5974835
1238,104116,71,pair_004_n3_004_control,control,1,0,0,12.55,0.12647499999999998,684116,5979308
1239,104199,83,pair_000_n5_000_conflict,conflict,1,0,0,12.430000000000001,0.12633666666666665,684199,5984537
1240,104280,81,pair_005_n3_005_control,control,1,0,0,12.450000000000001,0.12620166666666666,684280,5989640
1241,104363,83,pair_008_n5_008_conflict,conflict,1,0,0,12.430000000000001,0.12606333333333333,684363,5994869
1242,104446,83,pair_013_n3_013_conflict,conflict,1,0,0,12.430000000000001,0.12592499999999998,684446,6000098
1243,104515,69,pair_012_n5_012_conflict,conflict,1,0,0,12.570000000000002,0.12580999999999998,684515,6004445
1244,104592,77,pair_003_n5_003_control,control,1,0,0,12.490000000000002,0.12568166666666666,684592,6009296
1245,104673,81,pair_010_n5_010_control,control,1,0,0,12.450000000000001,0.12554666666666667,684673,6014399
1246,104742,69,pair_010_n5_010_conflict,conflict,1,0,0,12.570000000000002,0.12543166666666666,684742,6018746
1247,104818,76,pair_017_n3_017_control,control,1,0,0,12.500000000000002,0.125305,684818,6023534
1248,104892,74,pair_015_n3_015_conflict,conflict,1,0,0,12.520000000000001,0.12518166666666666,684892,6028196
1249,104972,80,pair_005_n3_005_conflict,conflict,1,0,0,12.46,0.12504833333333332,684972,6033236
1250,105060,88,pair_016_n5_016_control,control,1,0,0,12.38,0.12490166666666666,685060,6038780
1251,105142,82,pair_002_n5_002_control,control,1,0,0,12.440000000000001,0.12476499999999999,685142,6043946
1252,105227,85,pair_006_n3_006_control,control,1,0,0,12.410000000000002,0.12462333333333334,685227,6049301
1253,105252,25,pair_013_n5_013_conflict,conflict,0,1,0,-0.33999999999999997,0.12458166666666665,685252,6050876
1254,105324,72,pair_000_n3_000_control,control,0,1,0,1.4400000000000013,0.12446166666666666,685324,6055412
1255,105408,84,pair_013_n3_013_control,control,1,0,0,12.420000000000002,0.12432166666666666,685408,6060704
1256,105494,86,pair_007_n5_007_control,control,1,0,0,12.400000000000002,0.12417833333333334,685494,6066122
1257,105571,77,pair_003_n3_003_conflict,conflict,1,0,0,12.490000000000002,0.12405,685571,6070973
1258,105654,83,pair_011_n3_011_conflict,conflict,1,0,0,12.430000000000001,0.12391166666666664,685654,6076202
1259,105729,75,pair_017_n5_017_conflict,conflict,1,0,0,12.510000000000002,0.12378666666666666,685729,6080927
1260,105736,7,pair_009_n3_009_conflict,conflict,0,1,0,-0.86,0.123775,685736,6081368
1261,105814,78,pair_003_n5_003_conflict,conflict,1,0,0,12.48,0.12364499999999998,685814,6086282
1262,105910,96,pair_009_n3_009_control,control,1,0,0,12.300000000000002,0.12348499999999998,685910,6092330
1263,105987,77,pair_004_n5_004_control,control,1,0,0,12.490000000000002,0.12335666666666664,685987,6097181
1264,106064,77,pair_006_n5_006_conflict,conflict,1,0,0,12.490000000000002,0.12322833333333333,686064,6102032
1265,106144,80,pair_001_n5_001_control,control,1,0,0,12.46,0.12309499999999998,686144,6107072
1266,106224,80,pair_011_n5_011_conflict,conflict,1,0,0,12.46,0.12296166666666666,686224,6112112
1267,106302,78,pair_001_n3_001_conflict,conflict,1,0,0,12.48,0.12283166666666664,686302,6117026
1268,106387,85,pair_001_n3_001_control,control,1,0,0,12.410000000000002,0.12269,686387,6122381
1269,106467,80,pair_005_n5_005_control,control,1,0,0,12.46,0.12255666666666665,686467,6127421
1270,106540,73,pair_015_n5_015_control,control,1,0,0,12.530000000000001,0.12243499999999999,686540,6132020
1271,106617,77,pair_007_n3_007_control,control,1,0,0,12.490000000000002,0.12230666666666665,686617,6136871
1272,106689,72,pair_002_n3_002_control,control,1,0,0,12.540000000000001,0.12218666666666667,686689,6141407
1273,106772,83,pair_002_n5_002_conflict,conflict,1,0,0,12.430000000000001,0.12204833333333331,686772,6146636
1274,106855,83,pair_014_n5_014_control,control,1,0,0,12.430000000000001,0.12190999999999999,686855,6151865
1275,106931,76,pair_016_n5_016_conflict,conflict,1,0,0,12.500000000000002,0.12178333333333333,686931,6156653
1276,107017,86,pair_011_n5_011_control,control,1,0,0,12.400000000000002,0.12164,687017,6162071
1277,107102,85,pair_005_n5_005_conflict,conflict,0,1,0,1.4100000000000015,0.12149833333333332,687102,6167426
1278,107183,81,pair_010_n3_010_control,control,1,0,0,12.450000000000003,0.12136333333333332,687183,6172529
1279,107256,73,pair_014_n3_014_control,control,1,0,0,12.530000000000001,0.12124166666666666,687256,6177128
1280,107327,71,pair_004_n3_004_conflict,conflict,1,0,0,12.55,0.12112333333333333,687327,6181601
1281,107401,74,pair_009_n5_009_control,control,1,0,0,12.520000000000001,0.121,687401,6186263
1282,107477,76,pair_001_n5_001_conflict,conflict,1,0,0,12.500000000000002,0.12087333333333333,687477,6191051
1283,107558,81,pair_009_n5_009_conflict,conflict,1,0,0,12.450000000000001,0.12073833333333331,687558,6196154
1284,107630,72,pair_000_n3_000_conflict,conflict,1,0,0,12.540000000000001,0.12061833333333333,687630,6200690
1285,107720,90,pair_015_n3_015_control,control,1,0,0,12.360000000000005,0.12046833333333332,687720,6206360
1286,107790,70,pair_006_n5_006_control,control,1,0,0,12.560000000000002,0.12035166666666666,687790,6210770
1287,107871,81,pair_007_n3_007_conflict,conflict,1,0,0,12.450000000000001,0.12021666666666667,687871,6215873
1288,107946,75,pair_007_n5_007_conflict,conflict,1,0,0,12.510000000000002,0.12009166666666665,687946,6220598
1289,108028,82,pair_002_n3_002_conflict,conflict,1,0,0,12.440000000000001,0.11995499999999998,688028,6225764
1290,108101,73,pair_016_n3_016_control,control,1,0,0,12.530000000000001,0.11983333333333332,688101,6230363
1291,108178,77,pair_017_n3_017_conflict,conflict,1,0,0,12.490000000000002,0.11970499999999998,688178,6235214
1292,108261,83,pair_004_n5_004_conflict,conflict,1,0,0,12.430000000000001,0.11956666666666665,688261,6240443
1293,108336,75,pair_006_n3_006_conflict,conflict,1,0,0,12.510000000000002,0.11944166666666667,688336,6245168
1294,108414,78,pair_014_n3_014_conflict,conflict,1,0,0,12.48,0.11931166666666665,688414,6250082
1295,108487,73,pair_012_n3_012_control,control,1,0,0,12.530000000000001,0.11918999999999999,688487,6254681
1296,108558,71,pair_011_n3_011_conflict,conflict,1,0,0,12.55,0.11907166666666666,688558,6259154
1297,108640,82,pair_006_n3_006_control,control,1,0,0,12.440000000000001,0.11893499999999999,688640,6264320
1298,108716,76,pair_005_n5_005_conflict,conflict,0,1,0,1.4500000000000015,0.11880833333333332,688716,6269108
1299,108793,77,pair_011_n5_011_control,control,1,0,0,12.490000000000002,0.11867999999999998,688793,6273959
1300,108871,78,pair_007_n5_007_control,control,1,0,0,12.480000000000002,0.11854999999999999,688871,6278873
1301,108945,74,pair_004_n3_004_conflict,conflict,1,0,0,12.520000000000001,0.11842666666666665,688945,6283535
1302,109033,88,pair_014_n5_014_conflict,conflict,1,0,0,12.38,0.11828,689033,6289079
1303,109062,29,pair_010_n3_010_control,control,0,1,0,-0.12999999999999978,0.11823166666666665,689062,6290906
1304,109135,73,pair_006_n5_006_control,control,1,0,0,12.530000000000001,0.11810999999999999,689135,6295505
1305,109215,80,pair_011_n3_011_control,control,1,0,0,12.46,0.11797666666666665,689215,6300545
1306,109286,71,pair_004_n3_004_control,control,1,0,0,12.55,0.11785833333333331,689286,6305018
1307,109363,77,pair_000_n5_000_conflict,conflict,0,1,0,1.4900000000000015,0.11773,689363,6309869
1308,109442,79,pair_001_n3_001_control,control,1,0,0,12.470000000000002,0.11759833333333333,689442,6314846
1309,109525,83,pair_010_n5_010_conflict,conflict,1,0,0,12.430000000000001,0.11745999999999998,689525,6320075
1310,109605,80,pair_016_n5_016_control,control,1,0,0,12.46,0.11732666666666666,689605,6325115
1311,109680,75,pair_013_n5_013_control,control,1,0,0,12.510000000000002,0.11720166666666665,689680,6329840
1312,109757,77,pair_000_n3_000_conflict,conflict,1,0,0,12.490000000000002,0.11707333333333333,689757,6334691
1313,109838,81,pair_012_n3_012_control,control,1,0,0,12.450000000000001,0.11693833333333331,689838,6339794
1314,109908,70,pair_013_n3_013_conflict,conflict,1,0,0,12.560000000000002,0.11682166666666666,689908,6344204
1315,109987,79,pair_016_n5_016_conflict,conflict,1,0,0,12.470000000000002,0.11668999999999999,689987,6349181
1316,110057,70,pair_005_n3_005_conflict,conflict,1,0,0,12.560000000000002,0.11657333333333333,690057,6353591
1317,110142,85,pair_003_n5_003_control,control,1,0,0,12.410000000000002,0.11643166666666666,690142,6358946
1318,110213,71,pair_000_n3_000_control,control,1,0,0,12.55,0.11631333333333332,690213,6363419
1319,110293,80,pair_003_n3_003_conflict,conflict,1,0,0,12.46,0.11617999999999998,690293,6368459
1320,110378,85,pair_002_n3_002_control,control,1,0,0,12.410000000000002,0.11603833333333333,690378,6373814
1321,110451,73,pair_007_n5_007_conflict,conflict,1,0,0,12.530000000000001,0.11591666666666667,690451,6378413
1322,110521,70,pair_008_n3_008_control,control,1,0,0,12.560000000000002,0.11579999999999999,690521,6382823
1323,110590,69,pair_001_n5_001_conflict,conflict,1,0,0,12.570000000000002,0.11568499999999998,690590,6387170
1324,110666,76,pair_008_n5_008_conflict,conflict,1,0,0,12.500000000000002,0.11555833333333332,690666,6391958
1325,110672,6,pair_005_n5_005_control,control,0,1,0,-0.95,0.11554833333333331,690672,6392336
1326,110745,73,pair_010_n3_010_conflict,conflict,1,0,0,12.530000000000001,0.11542666666666665,690745,6396935
1327,110823,78,pair_007_n3_007_control,control,1,0,0,12.48,0.11529666666666666,690823,6401849
1328,110917,94,pair_006_n5_006_conflict,conflict,1,0,0,12.320000000000002,0.11513999999999999,690917,6407771
1329,110992,75,pair_006_n3_006_conflict,conflict,1,0,0,12.510000000000002,0.11501499999999998,690992,6412496
1330,111062,70,pair_013_n5_013_conflict,conflict,1,0,0,12.560000000000002,0.11489833333333332,691062,6416906
1331,111130,68,pair_002_n5_002_conflict,conflict,1,0,0,12.580000000000002,0.114785,691130,6421190
1332,111220,90,pair_017_n5_017_control,control,1,0,0,12.360000000000001,0.11463499999999999,691220,6426860
1333,111294,74,pair_008_n5_008_control,control,1,0,0,12.520000000000001,0.11451166666666665,691294,6431522
1334,111350,56,pair_010_n5_010_control,control,0,1,0,0.850000000000001,0.11441833333333332,691350,6435050
1335,111422,72,pair_015_n3_015_conflict,conflict,1,0,0,12.540000000000003,0.11429833333333334,691422,6439586
1336,111501,79,pair_014_n3_014_conflict,conflict,1,0,0,12.470000000000002,0.11416666666666667,691501,6444563
1337,111582,81,pair_004_n5_004_control,control,1,0,0,12.450000000000003,0.11403166666666664,691582,6449666
1338,111655,73,pair_003_n5_003_conflict,conflict,1,0,0,12.530000000000001,0.11390999999999998,691655,6454265
1339,111731,76,pair_012_n5_012_control,control,1,0,0,12.500000000000002,0.11378333333333332,691731,6459053
1340,111806,75,pair_011_n5_011_conflict,conflict,1,0,0,12.510000000000002,0.11365833333333333,691806,6463778
1341,111881,75,pair_002_n3_002_conflict,conflict,1,0,0,12.510000000000002,0.11353333333333332,691881,6468503
1342,111890,9,pair_004_n5_004_conflict,conflict,0,1,0,-0.78,0.11351833333333333,691890,6469070
1343,111969,79,pair_003_n3_003_control,control,1,0,0,12.470000000000002,0.11338666666666666,691969,6474047
1344,112041,72,pair_016_n3_016_control,control,1,0,0,12.540000000000001,0.11326666666666665,692041,6478583
1345,112113,72,pair_007_n3_007_conflict,conflict,0,1,0,1.4400000000000017,0.11314666666666665,692113,6483119
1346,112190,77,pair_000_n5_000_control,control,1,0,0,12.490000000000002,0.11301833333333333,692190,6487970
1347,112263,73,pair_012_n5_012_conflict,conflict,1,0,0,12.530000000000001,0.11289666666666665,692263,6492569
1348,112341,78,pair_017_n3_017_control,control,1,0,0,12.480000000000002,0.11276666666666665,692341,6497483
1349,112418,77,pair_001_n5_001_control,control,1,0,0,12.490000000000002,0.11263833333333331,692418,6502334
1350,112496,78,pair_009_n3_009_conflict,conflict,1,0,0,12.48,0.11250833333333332,692496,6507248
1351,112575,79,pair_017_n5_017_conflict,conflict,1,0,0,12.470000000000002,0.11237666666666665,692575,6512225
1352,112655,80,pair_016_n3_016_conflict,conflict,0,1,0,1.4600000000000017,0.11224333333333333,692655,6517265
1353,112741,86,pair_015_n5_015_conflict,conflict,1,0,0,12.400000000000002,0.11209999999999998,692741,6522683
1354,112796,55,pair_017_n3_017_conflict,conflict,0,1,0,0.8100000000000009,0.11200833333333332,692796,6526148
1355,112855,59,pair_015_n3_015_control,control,0,1,0,0.7200000000000009,0.11190999999999998,692855,6529865
1356,112935,80,pair_015_n5_015_control,control,1,0,0,12.46,0.11177666666666666,692935,6534905
1357,113008,73,pair_001_n3_001_conflict,conflict,1,0,0,12.530000000000001,0.11165499999999998,693008,6539504
1358,113080,72,pair_009_n5_009_conflict,conflict,1,0,0,12.540000000000001,0.111535,693080,6544040
1359,113149,69,pair_002_n5_002_control,control,1,0,0,12.570000000000002,0.11141999999999999,693149,6548387
1360,113221,72,pair_012_n3_012_conflict,conflict,1,0,0,12.540000000000003,0.11129999999999998,693221,6552923
1361,113293,72,pair_009_n5_009_control,control,1,0,0,12.540000000000001,0.11118,693293,6557459
1362,113365,72,pair_014_n3_014_control,control,1,0,0,12.540000000000001,0.11105999999999999,693365,6561995
1363,113444,79,pair_014_n5_014_control,control,1,0,0,12.470000000000002,0.11092833333333332,693444,6566972
1364,113517,73,pair_013_n3_013_control,control,1,0,0,12.530000000000001,0.11080666666666666,693517,6571571
1365,113588,71,pair_008_n3_008_conflict,conflict,1,0,0,12.55,0.11068833333333333,693588,6576044
1366,113658,70,pair_005_n3_005_control,control,1,0,0,12.560000000000002,0.11057166666666665,693658,6580454
1367,113739,81,pair_009_n3_009_control,control,1,0,0,12.450000000000001,0.11043666666666666,693739,6585557
1368,113809,70,pair_014_n5_014_conflict,conflict,1,0,0,12.560000000000002,0.11032,693809,6589967
1369,113902,93,pair_016_n5_016_control,control,1,0,0,12.330000000000002,0.11016499999999999,693902,6595826
1370,113973,71,pair_000_n5_000_control,control,1,0,0,12.55,0.11004666666666665,693973,6600299
1371,114044,71,pair_002_n3_002_conflict,conflict,1,0,0,12.55,0.10992833333333332,694044,6604772
1372,114129,85,pair_005_n3_005_control,control,1,0,0,12.410000000000002,0.10978666666666664,694129,6610127
1373,114208,79,pair_015_n5_015_conflict,conflict,1,0,0,12.470000000000002,0.109655,694208,6615104
1374,114285,77,pair_011_n3_011_conflict,conflict,1,0,0,12.490000000000002,0.10952666666666666,694285,6619955
1375,114366,81,pair_004_n3_004_control,control,1,0,0,12.450000000000001,0.10939166666666666,694366,6625058
1376,114436,70,pair_000_n5_000_conflict,conflict,1,0,0,12.560000000000002,0.10927499999999998,694436,6629468
1377,114504,68,pair_011_n5_011_conflict,conflict,1,0,0,12.580000000000002,0.10916166666666666,694504,6633752
1378,114584,80,pair_013_n5_013_control,control,1,0,0,12.46,0.10902833333333331,694584,6638792
1379,114656,72,pair_002_n5_002_conflict,conflict,1,0,0,12.540000000000001,0.10890833333333333,694656,6643328
1380,114734,78,pair_009_n5_009_control,control,1,0,0,12.480000000000002,0.10877833333333331,694734,6648242
1381,114812,78,pair_010_n5_010_control,control,1,0,0,12.480000000000002,0.10864833333333332,694812,6653156
1382,114896,84,pair_010_n3_010_conflict,conflict,1,0,0,12.420000000000002,0.10850833333333332,694896,6658448
1383,114971,75,pair_004_n5_004_conflict,conflict,1,0,0,12.510000000000002,0.10838333333333333,694971,6663173
1384,115049,78,pair_008_n3_008_conflict,conflict,1,0,0,12.480000000000002,0.10825333333333331,695049,6668087
1385,115129,80,pair_004_n5_004_control,control,1,0,0,12.46,0.10812,695129,6673127
1386,115207,78,pair_002_n3_002_control,control,1,0,0,12.480000000000002,0.10799,695207,6678041
1387,115284,77,pair_006_n3_006_conflict,conflict,1,0,0,12.490000000000002,0.10786166666666666,695284,6682892
1388,115357,73,pair_003_n3_003_control,control,1,0,0,12.530000000000001,0.10774,695357,6687491
1389,115433,76,pair_016_n3_016_control,control,0,1,0,1.3500000000000014,0.10761333333333331,695433,6692279
1390,115507,74,pair_006_n5_006_conflict,conflict,1,0,0,12.520000000000001,0.10749,695507,6696941
1391,115592,85,pair_017_n5_017_control,control,1,0,0,12.410000000000002,0.10734833333333332,695592,6702296
1392,115664,72,pair_005_n3_005_conflict,conflict,1,0,0,12.540000000000001,0.10722833333333331,695664,6706832
1393,115669,5,pair_007_n3_007_conflict,conflict,0,1,0,-0.89,0.10721999999999998,695669,6707147
1394,115741,72,pair_001_n5_001_conflict,conflict,1,0,0,12.540000000000001,0.1071,695741,6711683
1395,115811,70,pair_003_n3_003_conflict,conflict,1,0,0,12.560000000000002,0.10698333333333332,695811,6716093
1396,115889,78,pair_010_n5_010_conflict,conflict,1,0,0,12.48,0.10685333333333333,695889,6721007
1397,115962,73,pair_017_n5_017_conflict,conflict,1,0,0,12.530000000000001,0.10673166666666667,695962,6725606
1398,116037,75,pair_005_n5_005_conflict,conflict,1,0,0,12.510000000000002,0.10660666666666666,696037,6730331
1399,116111,74,pair_011_n5_011_control,control,1,0,0,12.520000000000001,0.10648333333333332,696111,6734993
1400,116178,67,pair_013_n3_013_conflict,conflict,1,0,0,12.590000000000002,0.10637166666666664,696178,6739214
1401,116255,77,pair_012_n5_012_conflict,conflict,1,0,0,12.490000000000002,0.10624333333333333,696255,6744065
1402,116332,77,pair_003_n5_003_control,control,1,0,0,12.490000000000002,0.10611499999999999,696332,6748916
1403,116412,80,pair_009_n5_009_conflict,conflict,0,1,0,1.3600000000000017,0.10598166666666667,696412,6753956
1404,116482,70,pair_017_n3_017_conflict,conflict,1,0,0,12.560000000000002,0.10586499999999999,696482,6758366
1405,116559,77,pair_001_n5_001_control,control,1,0,0,12.490000000000002,0.10573666666666665,696559,6763217
1406,116631,72,pair_013_n3_013_control,control,1,0,0,12.540000000000001,0.10561666666666666,696631,6767753
1407,116709,78,pair_013_n5_013_conflict,conflict,1,0,0,12.48,0.10548666666666665,696709,6772667
1408,116796,87,pair_012_n5_012_control,control,1,0,0,12.39,0.10534166666666667,696796,6778148
1409,116866,70,pair_001_n3_001_conflict,conflict,1,0,0,12.560000000000002,0.10522499999999999,696866,6782558
1410,116939,73,pair_014_n3_014_control,control,1,0,0,12.530000000000001,0.10510333333333333,696939,6787157
1411,117013,74,pair_014_n5_014_control,control,1,0,0,12.520000000000001,0.10497999999999999,697013,6791819
1412,117085,72,pair_000_n3_000_conflict,conflict,1,0,0,12.540000000000001,0.10485999999999998,697085,6796355
1413,117089,4,pair_007_n3_007_control,control,0,1,0,-0.88,0.10485333333333333,697089,6796607
1414,117159,70,pair_009_n3_009_control,control,1,0,0,12.560000000000002,0.10473666666666664,697159,6801017
1415,117233,74,pair_008_n5_008_control,control,1,0,0,12.520000000000001,0.10461333333333334,697233,6805679
1416,117304,71,pair_012_n3_012_control,control,1,0,0,12.55,0.10449499999999998,697304,6810152
1417,117384,80,pair_010_n3_010_control,control,1,0,0,12.46,0.10436166666666666,697384,6815192
1418,117453,69,pair_015_n3_015_control,control,1,0,0,12.570000000000002,0.10424666666666665,697453,6819539
1419,117527,74,pair_005_n5_005_control,control,1,0,0,12.520000000000001,0.10412333333333332,697527,6824201
1420,117600,73,pair_000_n3_000_control,control,1,0,0,12.530000000000001,0.10400166666666666,697600,6828800
1421,117675,75,pair_006_n3_006_control,control,1,0,0,12.510000000000002,0.10387666666666664,697675,6833525
1422,117753,78,pair_004_n3_004_conflict,conflict,1,0,0,12.480000000000002,0.10374666666666665,697753,6838439
1423,117833,80,pair_011_n3_011_control,control,1,0,0,12.46,0.10361333333333334,697833,6843479
1424,117907,74,pair_016_n5_016_conflict,conflict,1,0,0,12.520000000000001,0.10349,697907,6848141
1425,117977,70,pair_008_n3_008_control,control,1,0,0,12.560000000000002,0.10337333333333332,697977,6852551
1426,118053,76,pair_002_n5_002_control,control,0,1,0,1.3500000000000014,0.10324666666666665,698053,6857339
1427,118123,70,pair_007_n5_007_control,control,1,0,0,12.560000000000002,0.10313,698123,6861749
1428,118193,70,pair_015_n5_015_control,control,1,0,0,12.560000000000002,0.10301333333333332,698193,6866159
1429,118265,72,pair_016_n3_016_conflict,conflict,1,0,0,12.540000000000001,0.10289333333333331,698265,6870695
1430,118338,73,pair_003_n5_003_conflict,conflict,1,0,0,12.530000000000001,0.10277166666666665,698338,6875294
1431,118417,79,pair_001_n3_001_control,control,1,0,0,12.470000000000002,0.10263999999999998,698417,6880271
1432,118489,72,pair_015_n3_015_conflict,conflict,1,0,0,12.540000000000001,0.10252,698489,6884807
1433,118563,74,pair_012_n3_012_conflict,conflict,1,0,0,12.520000000000001,0.10239666666666666,698563,6889469
1434,118649,86,pair_008_n5_008_conflict,conflict,1,0,0,12.400000000000002,0.10225333333333333,698649,6894887
1435,118720,71,pair_014_n3_014_conflict,conflict,1,0,0,12.55,0.10213499999999998,698720,6899360
1436,118794,74,pair_009_n3_009_conflict,conflict,1,0,0,12.520000000000001,0.10201166666666667,698794,6904022
1437,118870,76,pair_007_n5_007_conflict,conflict,1,0,0,12.500000000000002,0.10188499999999998,698870,6908810
1438,118940,70,pair_006_n5_006_control,control,1,0,0,12.560000000000002,0.10176833333333332,698940,6913220
1439,119006,66,pair_017_n3_017_control,control,1,0,0,12.600000000000001,0.10165833333333332,699006,6917378
1440,119079,73,pair_003_n3_003_control,control,1,0,0,12.530000000000001,0.10153666666666666,699079,6921977
1441,119149,70,pair_006_n3_006_conflict,conflict,1,0,0,12.560000000000002,0.10141999999999998,699149,6926387
1442,119217,68,pair_013_n5_013_conflict,conflict,1,0,0,12.580000000000002,0.10130666666666666,699217,6930671
1443,119239,22,pair_001_n3_001_control,control,0,1,0,-0.1599999999999998,0.10127,699239,6932057
1444,119307,68,pair_005_n5_005_conflict,conflict,1,0,0,12.580000000000002,0.10115666666666664,699307,6936341
1445,119378,71,pair_012_n5_012_control,control,1,0,0,12.55,0.10103833333333331,699378,6940814
1446,119446,68,pair_017_n3_017_control,control,1,0,0,12.580000000000002,0.10092499999999999,699446,6945098
1447,119526,80,pair_014_n5_014_conflict,conflict,1,0,0,12.46,0.10079166666666667,699526,6950138
1448,119530,4,pair_011_n3_011_control,control,0,1,0,-0.88,0.10078499999999999,699530,6950390
1449,119599,69,pair_014_n3_014_control,control,1,0,0,12.570000000000002,0.10066999999999998,699599,6954737
1450,119673,74,pair_001_n5_001_control,control,1,0,0,12.520000000000001,0.10054666666666665,699673,6959399
1451,119746,73,pair_003_n3_003_conflict,conflict,1,0,0,12.530000000000001,0.10042499999999999,699746,6963998
1452,119818,72,pair_012_n3_012_conflict,conflict,1,0,0,12.540000000000001,0.10030499999999998,699818,6968534
1453,119891,73,pair_015_n5_015_control,control,1,0,0,12.530000000000001,0.10018333333333332,699891,6973133
1454,119962,71,pair_010_n3_010_control,control,1,0,0,12.55,0.10006499999999999,699962,6977606
1455,120048,86,pair_007_n3_007_control,control,1,0,0,12.400000000000002,0.09992166666666666,700000,6983072
1456,120119,71,pair_001_n3_001_conflict,conflict,1,0,0,12.55,0.09980333333333333,700000,6987616
1457,120198,79,pair_014_n3_014_conflict,conflict,1,0,0,12.470000000000002,0.09967166666666666,700000,6992672
1458,120271,73,pair_016_n3_016_control,control,1,0,0,12.530000000000001,0.09955,700000,6997344
1459,120349,78,pair_012_n5_012_conflict,conflict,1,0,0,12.48,0.09941999999999998,700000,7002336
1460,120421,72,pair_006_n3_006_control,control,1,0,0,12.540000000000001,0.0993,700000,7006944
1461,120501,80,pair_008_n5_008_control,control,1,0,0,12.46,0.09916666666666665,700000,7012064
1462,120573,72,pair_005_n5_005_control,control,1,0,0,12.540000000000001,0.09904666666666664,700000,7016672
1463,120650,77,pair_007_n5_007_control,control,1,0,0,12.490000000000002,0.09891833333333333,700000,7021600
1464,120720,70,pair_015_n3_015_conflict,conflict,1,0,0,12.560000000000002,0.09880166666666665,700000,7026080
1465,120788,68,pair_017_n5_017_control,control,1,0,0,12.580000000000002,0.09868833333333332,700000,7030432
1466,120859,71,pair_001_n5_001_conflict,conflict,0,1,0,1.5000000000000013,0.09856999999999999,700000,7034976
1467,120936,77,pair_008_n3_008_conflict,conflict,1,0,0,12.490000000000002,0.09844166666666665,700000,7039904
1468,121008,72,pair_016_n5_016_control,control,1,0,0,12.540000000000001,0.09832166666666667,700000,7044512
1469,121082,74,pair_017_n3_017_conflict,conflict,1,0,0,12.520000000000001,0.09819833333333333,700000,7049248
1470,121156,74,pair_011_n5_011_conflict,conflict,1,0,0,12.520000000000001,0.098075,700000,7053984
1471,121226,70,pair_008_n3_008_control,control,1,0,0,12.560000000000002,0.09795833333333331,700000,7058464
1472,121304,78,pair_007_n3_007_conflict,conflict,1,0,0,12.480000000000002,0.09782833333333332,700000,7063456
1473,121374,70,pair_009_n5_009_conflict,conflict,1,0,0,12.560000000000002,0.09771166666666667,700000,7067936
1474,121445,71,pair_014_n5_014_control,control,1,0,0,12.55,0.09759333333333331,700000,7072480
1475,121517,72,pair_003_n5_003_conflict,conflict,1,0,0,12.540000000000003,0.09747333333333333,700000,7077088
1476,121597,80,pair_002_n5_002_control,control,1,0,0,12.46,0.09733999999999998,700000,7082208
1477,121670,73,pair_015_n5_015_conflict,conflict,1,0,0,12.530000000000001,0.09721833333333332,700000,7086880
1478,121726,56,pair_004_n5_004_control,control,0,1,0,0.850000000000001,0.09712499999999999,700000,7090464
1479,121804,78,pair_000_n5_000_control,control,1,0,0,12.480000000000002,0.096995,700000,7095456
1480,121876,72,pair_002_n3_002_control,control,1,0,0,12.540000000000003,0.09687499999999999,700000,7100064
1481,121954,78,pair_005_n3_005_conflict,conflict,1,0,0,12.480000000000002,0.096745,700000,7105056
1482,122022,68,pair_016_n3_016_conflict,conflict,0,1,0,1.4800000000000013,0.09663166666666664,700000,7109408
1483,122092,70,pair_006_n5_006_control,control,1,0,0,12.560000000000002,0.09651499999999999,700000,7113888
1484,122164,72,pair_016_n5_016_conflict,conflict,1,0,0,12.540000000000001,0.09639499999999998,700000,7118496
1485,122238,74,pair_007_n5_007_conflict,conflict,1,0,0,12.520000000000001,0.09627166666666664,700000,7123232
1486,122310,72,pair_008_n5_008_conflict,conflict,1,0,0,12.540000000000001,0.09615166666666666,700000,7127840
1487,122393,83,pair_011_n5_011_control,control,1,0,0,12.430000000000001,0.09601333333333331,700000,7133152
1488,122408,15,pair_000_n3_000_conflict,conflict,0,1,0,-0.54,0.09598833333333331,700000,7134112
1489,122478,70,pair_004_n3_004_conflict,conflict,1,0,0,12.560000000000002,0.09587166666666666,700000,7138592
1490,122548,70,pair_009_n3_009_conflict,conflict,1,0,0,12.560000000000002,0.09575499999999998,700000,7143072
1491,122702,154,pair_017_n5_017_conflict,conflict,1,0,0,11.72,0.09549833333333332,700000,7152928
1492,122781,79,pair_009_n3_009_control,control,1,0,0,12.470000000000002,0.09536666666666666,700000,7157984
1493,122858,77,pair_009_n5_009_control,control,1,0,0,12.490000000000002,0.09523833333333331,700000,7162912
1494,122935,77,pair_002_n3_002_conflict,conflict,1,0,0,12.490000000000002,0.09511,700000,7167840
1495,123008,73,pair_011_n3_011_conflict,conflict,1,0,0,12.530000000000001,0.09498833333333331,700000,7172512
1496,123078,70,pair_000_n3_000_control,control,1,0,0,12.560000000000002,0.09487166666666666,700000,7176992
1497,123154,76,pair_004_n5_004_conflict,conflict,1,0,0,12.500000000000002,0.094745,700000,7181856
1498,123226,72,pair_006_n5_006_conflict,conflict,1,0,0,12.540000000000003,0.09462499999999999,700000,7186464
1499,123296,70,pair_013_n3_013_control,control,1,0,0,12.560000000000002,0.09450833333333333,700000,7190944
1500,123372,76,pair_013_n3_013_conflict,conflict,1,0,0,12.500000000000002,0.09438166666666667,700000,7195808
1501,123452,80,pair_013_n5_013_control,control,1,0,0,12.46,0.09424833333333332,700000,7200928
1502,123526,74,pair_010_n3_010_conflict,conflict,1,0,0,12.520000000000001,0.09412499999999999,700000,7205664
1503,123596,70,pair_005_n3_005_control,control,1,0,0,12.560000000000002,0.09400833333333333,700000,7210144
1504,123681,85,pair_010_n5_010_control,control,1,0,0,12.410000000000002,0.09386666666666665,700000,7215584
1505,123758,77,pair_015_n3_015_control,control,1,0,0,12.490000000000002,0.09373833333333331,700000,7220512
1506,123833,75,pair_002_n5_002_conflict,conflict,1,0,0,12.510000000000002,0.09361333333333333,700000,7225312
1507,123905,72,pair_003_n5_003_control,control,1,0,0,12.540000000000001,0.09349333333333332,700000,7229920
1508,123980,75,pair_000_n5_000_conflict,conflict,1,0,0,12.510000000000002,0.09336833333333333,700000,7234720
1509,124007,27,pair_010_n5_010_conflict,conflict,0,1,0,-0.20999999999999985,0.09332333333333331,700000,7236448
1510,124084,77,pair_012_n3_012_control,control,1,0,0,12.490000000000002,0.093195,700000,7241376
1511,124165,81,pair_004_n3_004_control,control,1,0,0,12.450000000000001,0.09305999999999998,700000,7246560
1512,124240,75,pair_001_n3_001_control,control,1,0,0,12.510000000000002,0.09293499999999999,700000,7251360
1513,124317,77,pair_011_n5_011_conflict,conflict,1,0,0,12.490000000000002,0.09280666666666665,700000,7256288
1514,124367,50,pair_004_n5_004_conflict,conflict,0,1,0,0.9600000000000011,0.09272333333333332,700000,7259488
1515,124439,72,pair_009_n3_009_conflict,conflict,1,0,0,12.540000000000001,0.09260333333333332,700000,7264096
1516,124510,71,pair_006_n3_006_control,control,1,0,0,12.55,0.09248499999999998,700000,7268640
1517,124583,73,pair_003_n5_003_control,control,1,0,0,12.530000000000001,0.09236333333333333,700000,7273312
1518,124652,69,pair_007_n3_007_conflict,conflict,1,0,0,12.570000000000002,0.09224833333333332,700000,7277728
1519,124726,74,pair_000_n5_000_control,control,1,0,0,12.520000000000001,0.09212499999999998,700000,7282464
1520,124808,82,pair_008_n3_008_conflict,conflict,1,0,0,12.440000000000001,0.09198833333333331,700000,7287712
1521,124888,80,pair_001_n3_001_conflict,conflict,1,0,0,12.46,0.09185499999999999,700000,7292832
1522,124956,68,pair_016_n3_016_conflict,conflict,0,1,0,1.3800000000000017,0.09174166666666667,700000,7297184
1523,125029,73,pair_006_n5_006_control,control,0,1,0,1.4800000000000018,0.09161999999999998,700000,7301856
1524,125101,72,pair_015_n3_015_conflict,conflict,1,0,0,12.540000000000003,0.0915,700000,7306464
1525,125180,79,pair_006_n3_006_conflict,conflict,1,0,0,12.470000000000002,0.09136833333333333,700000,7311520
1526,125259,79,pair_014_n5_014_control,control,1,0,0,12.470000000000002,0.09123666666666666,700000,7316576
1527,125334,75,pair_000_n3_000_control,control,0,1,0,1.4600000000000017,0.09111166666666665,700000,7321376
1528,125408,74,pair_016_n5_016_control,control,1,0,0,12.520000000000001,0.09098833333333331,700000,7326112
1529,125433,25,pair_013_n5_013_conflict,conflict,0,1,0,-0.33999999999999997,0.09094666666666665,700000,7327712
1530,125502,69,pair_015_n5_015_control,control,1,0,0,12.570000000000002,0.09083166666666664,700000,7332128
1531,125574,72,pair_001_n5_001_control,control,1,0,0,12.540000000000001,0.09071166666666666,700000,7336736
1532,125647,73,pair_003_n3_003_conflict,conflict,1,0,0,12.530000000000001,0.09058999999999998,700000,7341408
1533,125729,82,pair_009_n5_009_conflict,conflict,1,0,0,12.440000000000001,0.09045333333333333,700000,7346656
1534,125798,69,pair_000_n5_000_conflict,conflict,1,0,0,12.570000000000002,0.09033833333333333,700000,7351072
1535,125870,72,pair_005_n5_005_conflict,conflict,1,0,0,12.540000000000001,0.09021833333333332,700000,7355680
1536,125942,72,pair_009_n5_009_control,control,1,0,0,12.540000000000001,0.09009833333333334,700000,7360288
1537,126015,73,pair_015_n3_015_control,control,1,0,0,12.530000000000001,0.08997666666666665,700000,7364960
1538,126088,73,pair_006_n5_006_conflict,conflict,1,0,0,12.530000000000001,0.08985499999999999,700000,7369632
1539,126158,70,pair_002_n5_002_control,control,1,0,0,12.560000000000002,0.08973833333333331,700000,7374112
1540,126245,87,pair_001_n5_001_conflict,conflict,1,0,0,12.39,0.08959333333333333,700000,7379680
1541,126249,4,pair_005_n3_005_control,control,0,1,0,-0.88,0.08958666666666665,700000,7379936
1542,126320,71,pair_012_n5_012_control,control,1,0,0,12.55,0.08946833333333332,700000,7384480
1543,126399,79,pair_007_n5_007_conflict,conflict,1,0,0,12.470000000000002,0.08933666666666665,700000,7389536
1544,126474,75,pair_013_n3_013_conflict,conflict,1,0,0,12.510000000000002,0.08921166666666666,700000,7394336
1545,126547,73,pair_016_n3_016_control,control,1,0,0,12.530000000000001,0.08909,700000,7399008
1546,126632,85,pair_002_n5_002_conflict,conflict,1,0,0,12.410000000000002,0.08894833333333332,700000,7404448
1547,126708,76,pair_013_n3_013_control,control,1,0,0,12.500000000000002,0.08882166666666666,700000,7409312
1548,126778,70,pair_010_n3_010_control,control,1,0,0,12.560000000000002,0.08870499999999998,700000,7413792
1549,126846,68,pair_003_n5_003_conflict,conflict,1,0,0,12.580000000000002,0.08859166666666665,700000,7418144
1550,126916,70,pair_002_n3_002_conflict,conflict,1,0,0,12.560000000000002,0.088475,700000,7422624
1551,126993,77,pair_012_n3_012_control,control,1,0,0,12.490000000000002,0.08834666666666666,700000,7427552
1552,127060,67,pair_008_n5_008_conflict,conflict,1,0,0,12.590000000000002,0.08823499999999998,700000,7431840
1553,127126,66,pair_014_n5_014_conflict,conflict,1,0,0,12.600000000000001,0.08812499999999998,700000,7436064
1554,127200,74,pair_015_n5_015_conflict,conflict,1,0,0,12.520000000000001,0.08800166666666664,700000,7440800
1555,127274,74,pair_008_n5_008_control,control,1,0,0,12.520000000000001,0.08787833333333334,700000,7445536
1556,127342,68,pair_010_n5_010_conflict,conflict,1,0,0,12.580000000000002,0.08776499999999998,700000,7449888
1557,127416,74,pair_005_n5_005_control,control,1,0,0,12.520000000000001,0.08764166666666665,700000,7454624
1558,127487,71,pair_017_n3_017_control,control,1,0,0,12.55,0.08752333333333331,700000,7459168
1559,127557,70,pair_002_n3_002_control,control,1,0,0,12.560000000000002,0.08740666666666666,700000,7463648
1560,127669,112,pair_014_n3_014_control,control,1,0,0,12.140000000000006,0.08721999999999999,700000,7470816
1561,127742,73,pair_000_n3_000_conflict,conflict,1,0,0,12.530000000000001,0.08709833333333333,700000,7475488
1562,127817,75,pair_007_n5_007_control,control,1,0,0,12.510000000000002,0.08697333333333332,700000,7480288
1563,127896,79,pair_003_n3_003_control,control,1,0,0,12.470000000000002,0.08684166666666665,700000,7485344
1564,127967,71,pair_017_n5_017_control,control,1,0,0,12.55,0.08672333333333332,700000,7489888
1565,128056,89,pair_011_n3_011_control,control,1,0,0,12.370000000000001,0.08657499999999999,700000,7495584
1566,128136,80,pair_004_n3_004_conflict,conflict,1,0,0,12.46,0.08644166666666667,700000,7500704
1567,128211,75,pair_012_n3_012_conflict,conflict,1,0,0,12.510000000000002,0.08631666666666665,700000,7505504
1568,128291,80,pair_012_n5_012_conflict,conflict,1,0,0,12.46,0.08618333333333333,700000,7510624
1569,128362,71,pair_004_n5_004_control,control,1,0,0,12.55,0.086065,700000,7515168
1570,128483,121,pair_010_n3_010_conflict,conflict,1,0,0,12.05,0.08586333333333332,700000,7522912
1571,128556,73,pair_011_n3_011_conflict,conflict,1,0,0,12.530000000000001,0.08574166666666666,700000,7527584
1572,128627,71,pair_009_n3_009_control,control,1,0,0,12.55,0.08562333333333333,700000,7532128
1573,128698,71,pair_004_n3_004_control,control,1,0,0,12.55,0.085505,700000,7536672
1574,128770,72,pair_016_n5_016_conflict,conflict,1,0,0,12.540000000000003,0.08538499999999999,700000,7541280
1575,128840,70,pair_007_n3_007_control,control,1,0,0,12.560000000000002,0.08526833333333333,700000,7545760
1576,128912,72,pair_008_n3_008_control,control,1,0,0,12.540000000000001,0.08514833333333333,700000,7550368
1577,128968,56,pair_010_n5_010_control,control,0,1,0,0.850000000000001,0.08505499999999999,700000,7553952
1578,129040,72,pair_011_n5_011_control,control,1,0,0,12.540000000000003,0.08493499999999998,700000,7558560
1579,129109,69,pair_017_n3_017_conflict,conflict,1,0,0,12.570000000000002,0.08481999999999998,700000,7562976
1580,129182,73,pair_017_n5_017_conflict,conflict,1,0,0,12.530000000000001,0.08469833333333332,700000,7567648
1581,129256,74,pair_013_n5_013_control,control,1,0,0,12.520000000000001,0.08457499999999998,700000,7572384
1582,129320,64,pair_005_n3_005_conflict,conflict,0,1,0,0.870000000000001,0.08446833333333331,700000,7576480
1583,129390,70,pair_014_n3_014_conflict,conflict,1,0,0,12.560000000000002,0.08435166666666666,700000,7580960
1584,129466,76,pair_012_n3_012_control,control,1,0,0,12.500000000000002,0.084225,700000,7585824
1585,129536,70,pair_009_n3_009_control,control,1,0,0,12.560000000000002,0.08410833333333331,700000,7590304
1586,129616,80,pair_010_n3_010_conflict,conflict,1,0,0,12.46,0.083975,700000,7595424
1587,129626,10,pair_006_n5_006_conflict,conflict,0,1,0,-0.64,0.08395833333333333,700000,7596064
1588,129692,66,pair_016_n3_016_control,control,1,0,0,12.600000000000001,0.08384833333333333,700000,7600288
1589,129765,73,pair_017_n3_017_conflict,conflict,1,0,0,12.530000000000001,0.08372666666666664,700000,7604960
1590,129840,75,pair_004_n5_004_conflict,conflict,1,0,0,12.510000000000002,0.08360166666666666,700000,7609760
1591,129910,70,pair_000_n5_000_control,control,1,0,0,12.560000000000002,0.08348499999999998,700000,7614240
1592,129987,77,pair_010_n3_010_control,control,1,0,0,12.490000000000002,0.08335666666666666,700000,7619168
1593,130059,72,pair_015_n3_015_control,control,1,0,0,12.540000000000003,0.08323666666666665,700000,7623776
1594,130131,72,pair_014_n3_014_control,control,1,0,0,12.540000000000001,0.08311666666666664,700000,7628384
1595,130201,70,pair_014_n5_014_conflict,conflict,1,0,0,12.560000000000002,0.08299999999999999,700000,7632864
1596,130277,76,pair_007_n5_007_conflict,conflict,1,0,0,12.500000000000002,0.08287333333333333,700000,7637728
1597,130345,68,pair_013_n3_013_conflict,conflict,1,0,0,12.580000000000002,0.08276,700000,7642080
1598,130434,89,pair_004_n3_004_conflict,conflict,1,0,0,12.370000000000001,0.08261166666666667,700000,7647776
1599,130514,80,pair_006_n3_006_conflict,conflict,1,0,0,12.46,0.08247833333333332,700000,7652896
1600,130587,73,pair_011_n5_011_control,control,1,0,0,12.530000000000001,0.08235666666666666,700000,7657568
1601,130641,54,pair_010_n5_010_control,control,0,1,0,0.820000000000001,0.08226666666666665,700000,7661024
1602,130735,94,pair_011_n3_011_conflict,conflict,1,0,0,12.32,0.08210999999999999,700000,7667040
1603,130812,77,pair_014_n5_014_control,control,1,0,0,12.490000000000002,0.08198166666666665,700000,7671968
1604,130887,75,pair_012_n3_012_conflict,conflict,1,0,0,12.510000000000002,0.08185666666666666,700000,7676768
1605,130965,78,pair_002_n3_002_conflict,conflict,1,0,0,12.480000000000002,0.08172666666666664,700000,7681760
1606,131039,74,pair_003_n3_003_conflict,conflict,1,0,0,12.520000000000001,0.08160333333333333,700000,7686496
1607,131259,220,pair_017_n5_017_conflict,conflict,1,0,0,11.060000000000006,0.08123666666666665,700000,7700576
1608,131332,73,pair_000_n5_000_conflict,conflict,0,1,0,1.4800000000000018,0.08111499999999999,700000,7705248
1609,131401,69,pair_004_n5_004_control,control,1,0,0,12.570000000000002,0.08099999999999999,700000,7709664
1610,131586,185,pair_009_n5_009_control,control,1,0,0,11.41,0.08069166666666666,700000,7721504
1611,131662,76,pair_016_n3_016_conflict,conflict,1,0,0,12.500000000000002,0.080565,700000,7726368
1612,131731,69,pair_002_n5_002_control,control,1,0,0,12.570000000000002,0.08045,700000,7730784
1613,131801,70,pair_015_n5_015_conflict,conflict,1,0,0,12.560000000000002,0.08033333333333331,700000,7735264
1614,131877,76,pair_001_n5_001_control,control,1,0,0,12.500000000000002,0.08020666666666665,700000,7740128
1615,131952,75,pair_001_n5_001_conflict,conflict,1,0,0,12.510000000000002,0.08008166666666666,700000,7744928
1616,132022,70,pair_007_n5_007_control,control,1,0,0,12.560000000000002,0.07996499999999998,700000,7749408
1617,132027,5,pair_005_n5_005_conflict,conflict,0,1,0,-0.84,0.07995666666666665,700000,7749728
1618,132098,71,pair_015_n3_015_conflict,conflict,1,0,0,12.55,0.07983833333333332,700000,7754272
1619,132174,76,pair_011_n5_011_conflict,conflict,1,0,0,12.500000000000002,0.07971166666666665,700000,7759136
1620,132244,70,pair_005_n3_005_control,control,1,0,0,12.560000000000002,0.079595,700000,7763616
1621,132322,78,pair_011_n3_011_control,control,1,0,0,12.480000000000002,0.07946499999999998,700000,7768608
1622,132399,77,pair_001_n3_001_conflict,conflict,1,0,0,12.490000000000002,0.07933666666666667,700000,7773536
1623,132485,86,pair_007_n3_007_conflict,conflict,1,0,0,12.400000000000002,0.07919333333333331,700000,7779040
1624,132561,76,pair_012_n5_012_conflict,conflict,1,0,0,12.500000000000002,0.07906666666666665,700000,7783904
1625,132632,71,pair_006_n3_006_control,control,1,0,0,12.55,0.07894833333333331,700000,7788448
1626,132702,70,pair_003_n5_003_conflict,conflict,1,0,0,12.560000000000002,0.07883166666666666,700000,7792928
1627,132776,74,pair_000_n3_000_conflict,conflict,1,0,0,12.520000000000001,0.07870833333333332,700000,7797664
1628,132849,73,pair_013_n5_013_conflict,conflict,1,0,0,12.530000000000001,0.07858666666666667,700000,7802336
1629,132922,73,pair_005_n5_005_control,control,1,0,0,12.530000000000001,0.07846499999999998,700000,7807008
1630,132990,68,pair_017_n3_017_control,control,1,0,0,12.580000000000002,0.07835166666666665,700000,7811360
1631,133014,24,pair_001_n3_001_control,control,0,1,0,-0.2799999999999999,0.07831166666666667,700000,7812896
1632,133084,70,pair_013_n5_013_control,control,1,0,0,12.560000000000002,0.07819499999999999,700000,7817376
1633,133154,70,pair_007_n3_007_control,control,1,0,0,12.560000000000002,0.07807833333333333,700000,7821856
1634,133234,80,pair_008_n3_008_conflict,conflict,1,0,0,12.46,0.07794499999999999,700000,7826976
1635,133300,66,pair_016_n5_016_control,control,1,0,0,12.600000000000001,0.07783499999999999,700000,7831200
1636,133373,73,pair_003_n3_003_control,control,1,0,0,12.530000000000001,0.07771333333333333,700000,7835872
1637,133441,68,pair_016_n5_016_conflict,conflict,0,1,0,1.3300000000000014,0.0776,700000,7840224
1638,133514,73,pair_008_n3_008_control,control,1,0,0,12.530000000000001,0.07747833333333332,700000,7844896
1639,133595,81,pair_015_n5_015_control,control,1,0,0,12.450000000000001,0.07734333333333332,700000,7850080
1640,133672,77,pair_004_n3_004_control,control,1,0,0,12.490000000000002,0.07721499999999998,700000,7855008
1641,133743,71,pair_006_n5_006_control,control,1,0,0,12.55,0.07709666666666665,700000,7859552
1642,133821,78,pair_005_n3_005_conflict,conflict,1,0,0,12.480000000000002,0.07696666666666666,700000,7864544
1643,133895,74,pair_000_n3_000_control,control,1,0,0,12.520000000000001,0.07684333333333332,700000,7869280
1644,133961,66,pair_014_n3_014_conflict,conflict,1,0,0,12.600000000000001,0.07673333333333332,700000,7873504
1645,134065,104,pair_008_n5_008_control,control,1,0,0,12.220000000000002,0.07655999999999999,700000,7880160
1646,134132,67,pair_017_n5_017_control,control,1,0,0,12.590000000000002,0.07644833333333331,700000,7884448
1647,134207,75,pair_010_n5_010_conflict,conflict,1,0,0,12.510000000000002,0.07632333333333333,700000,7889248
1648,134222,15,pair_012_n5_012_control,control,0,1,0,-0.64,0.07629833333333333,700000,7890208
1649,134290,68,pair_002_n5_002_conflict,conflict,1,0,0,12.580000000000002,0.076185,700000,7894560
1650,134361,71,pair_003_n5_003_control,control,1,0,0,12.55,0.07606666666666664,700000,7899104
1651,134431,70,pair_002_n3_002_control,control,1,0,0,12.560000000000002,0.07594999999999999,700000,7903584
1652,134499,68,pair_009_n3_009_conflict,conflict,1,0,0,12.580000000000002,0.07583666666666666,700000,7907936
1653,134566,67,pair_013_n3_013_control,control,1,0,0,12.590000000000002,0.07572499999999999,700000,7912224
1654,134638,72,pair_009_n5_009_conflict,conflict,1,0,0,12.540000000000001,0.07560499999999998,700000,7916832
1655,134713,75,pair_008_n5_008_conflict,conflict,1,0,0,12.510000000000002,0.07547999999999999,700000,7921632
1656,134785,72,pair_003_n3_003_conflict,conflict,1,0,0,12.540000000000001,0.07535999999999998,700000,7926240
1657,134870,85,pair_006_n5_006_control,control,1,0,0,12.410000000000002,0.07521833333333333,700000,7931680
1658,134946,76,pair_015_n3_015_control,control,1,0,0,12.500000000000002,0.07509166666666667,700000,7936544
1659,135015,69,pair_011_n3_011_conflict,conflict,1,0,0,12.570000000000002,0.07497666666666666,700000,7940960
1660,135019,4,pair_007_n3_007_conflict,conflict,0,1,0,-0.88,0.07496999999999998,700000,7941216
1661,135088,69,pair_007_n3_007_control,control,1,0,0,12.570000000000002,0.07485499999999998,700000,7945632
1662,135159,71,pair_002_n5_002_conflict,conflict,1,0,0,12.55,0.07473666666666665,700000,7950176
1663,135230,71,pair_000_n5_000_conflict,conflict,1,0,0,12.55,0.07461833333333331,700000,7954720
1664,135304,74,pair_010_n3_010_conflict,conflict,1,0,0,12.520000000000001,0.07449499999999998,700000,7959456
1665,135376,72,pair_005_n5_005_conflict,conflict,1,0,0,12.540000000000001,0.074375,700000,7964064
1666,135451,75,pair_017_n3_017_control,control,1,0,0,12.510000000000002,0.07424999999999998,700000,7968864
1667,135524,73,pair_010_n5_010_control,control,1,0,0,12.530000000000001,0.07412833333333332,700000,7973536
1668,135597,73,pair_012_n3_012_conflict,conflict,1,0,0,12.530000000000001,0.07400666666666667,700000,7978208
1669,135677,80,pair_000_n3_000_conflict,conflict,1,0,0,12.46,0.07387333333333332,700000,7983328
1670,135747,70,pair_013_n3_013_conflict,conflict,1,0,0,12.560000000000002,0.07375666666666666,700000,7987808
1671,135823,76,pair_010_n5_010_conflict,conflict,1,0,0,12.500000000000002,0.07363,700000,7992672
1672,135899,76,pair_004_n5_004_conflict,conflict,1,0,0,12.500000000000002,0.07350333333333331,700000,7997536
1673,135974,75,pair_012_n3_012_control,control,1,0,0,12.510000000000002,0.07337833333333332,700000,8002336
1674,136048,74,pair_000_n5_000_control,control,1,0,0,12.520000000000001,0.07325499999999999,700000,8007072
1675,136116,68,pair_009_n3_009_control,control,1,0,0,12.580000000000002,0.07314166666666666,700000,8011424
1676,136189,73,pair_011_n5_011_control,control,1,0,0,12.530000000000001,0.07302,700000,8016096
1677,136268,79,pair_011_n5_011_conflict,conflict,1,0,0,12.470000000000002,0.07288833333333333,700000,8021152
1678,136341,73,pair_013_n5_013_conflict,conflict,1,0,0,12.530000000000001,0.07276666666666665,700000,8025824
1679,136422,81,pair_001_n5_001_control,control,1,0,0,12.450000000000001,0.07263166666666665,700000,8031008
1680,136497,75,pair_013_n3_013_control,control,1,0,0,12.510000000000002,0.07250666666666666,700000,8035808
1681,136570,73,pair_010_n3_010_control,control,1,0,0,12.530000000000001,0.07238499999999998,700000,8040480
1682,136646,76,pair_015_n5_015_control,control,1,0,0,12.500000000000002,0.07225833333333331,700000,8045344
1683,136716,70,pair_000_n3_000_control,control,1,0,0,12.560000000000002,0.07214166666666666,700000,8049824
1684,136788,72,pair_016_n3_016_conflict,conflict,1,0,0,12.540000000000001,0.07202166666666665,700000,8054432
1685,136865,77,pair_009_n5_009_conflict,conflict,1,0,0,12.490000000000002,0.07189333333333331,700000,8059360
1686,136937,72,pair_014_n5_014_control,control,1,0,0,12.540000000000001,0.07177333333333333,700000,8063968
1687,137008,71,pair_016_n5_016_control,control,1,0,0,12.55,0.071655,700000,8068512
1688,137078,70,pair_016_n5_016_conflict,conflict,1,0,0,12.560000000000002,0.07153833333333331,700000,8072992
1689,137150,72,pair_005_n3_005_conflict,conflict,1,0,0,12.540000000000003,0.07141833333333333,700000,8077600
1690,137217,67,pair_007_n5_007_control,control,1,0,0,12.590000000000002,0.07130666666666666,700000,8081888
1691,137290,73,pair_013_n5_013_control,control,1,0,0,12.530000000000001,0.071185,700000,8086560
1692,137364,74,pair_004_n5_004_control,control,1,0,0,12.520000000000001,0.07106166666666666,700000,8091296
1693,137440,76,pair_001_n3_001_conflict,conflict,1,0,0,12.500000000000002,0.070935,700000,8096160
1694,137515,75,pair_007_n5_007_conflict,conflict,1,0,0,12.510000000000002,0.07080999999999998,700000,8100960
1695,137584,69,pair_012_n5_012_conflict,conflict,1,0,0,12.570000000000002,0.07069499999999998,700000,8105376
1696,137653,69,pair_008_n3_008_conflict,conflict,1,0,0,12.570000000000002,0.07057999999999998,700000,8109792
1697,137722,69,pair_005_n5_005_control,control,1,0,0,12.570000000000002,0.070465,700000,8114208
1698,137796,74,pair_001_n5_001_conflict,conflict,1,0,0,12.520000000000001,0.07034166666666666,700000,8118944
1699,137868,72,pair_008_n3_008_control,control,1,0,0,12.540000000000003,0.07022166666666665,700000,8123552
1700,137935,67,pair_017_n5_017_conflict,conflict,1,0,0,12.590000000000002,0.07010999999999998,700000,8127840
1701,138002,67,pair_002_n3_002_control,control,1,0,0,12.590000000000002,0.06999833333333333,700000,8132128
1702,138077,75,pair_002_n5_002_control,control,1,0,0,12.510000000000002,0.06987333333333332,700000,8136928
1703,138149,72,pair_001_n3_001_control,control,1,0,0,12.540000000000001,0.06975333333333333,700000,8141536
1704,138226,77,pair_005_n3_005_control,control,1,0,0,12.490000000000002,0.06962499999999999,700000,8146464
1705,138312,86,pair_016_n3_016_control,control,1,0,0,12.400000000000002,0.06948166666666666,700000,8151968
1706,138383,71,pair_004_n3_004_control,control,0,1,0,1.5000000000000013,0.06936333333333333,700000,8156512
1707,138453,70,pair_015_n3_015_conflict,conflict,1,0,0,12.560000000000002,0.06924666666666665,700000,8160992
1708,138524,71,pair_006_n3_006_conflict,conflict,1,0,0,12.55,0.06912833333333332,700000,8165536
1709,138605,81,pair_014_n5_014_conflict,conflict,1,0,0,12.450000000000001,0.06899333333333332,700000,8170720
1710,138678,73,pair_008_n5_008_control,control,1,0,0,12.530000000000001,0.06887166666666666,700000,8175392
1711,138748,70,pair_004_n3_004_conflict,conflict,1,0,0,12.560000000000002,0.06875499999999998,700000,8179872
1712,138824,76,pair_006_n5_006_conflict,conflict,1,0,0,12.500000000000002,0.06862833333333332,700000,8184736
1713,138899,75,pair_014_n3_014_conflict,conflict,1,0,0,12.510000000000002,0.06850333333333333,700000,8189536
1714,138976,77,pair_003_n3_003_control,control,1,0,0,12.490000000000002,0.06837499999999999,700000,8194464
1715,139047,71,pair_009_n3_009_conflict,conflict,1,0,0,12.55,0.06825666666666666,700000,8199008
1716,139119,72,pair_003_n5_003_conflict,conflict,1,0,0,12.540000000000001,0.06813666666666665,700000,8203616
1717,139189,70,pair_003_n5_003_control,control,1,0,0,12.560000000000002,0.06802,700000,8208096
1718,139259,70,pair_015_n5_015_conflict,conflict,1,0,0,12.560000000000002,0.06790333333333332,700000,8212576
1719,139336,77,pair_017_n5_017_control,control,1,0,0,12.490000000000002,0.067775,700000,8217504
1720,139407,71,pair_011_n3_011_control,control,1,0,0,12.55,0.06765666666666664,700000,8222048
1721,139478,71,pair_008_n5_008_conflict,conflict,1,0,0,12.55,0.06753833333333331,700000,8226592
1722,139546,68,pair_006_n3_006_control,control,1,0,0,12.580000000000002,0.06742499999999998,700000,8230944
1723,139620,74,pair_012_n5_012_control,control,1,0,0,12.520000000000001,0.06730166666666665,700000,8235680
1724,139692,72,pair_009_n5_009_control,control,1,0,0,12.540000000000001,0.06718166666666667,700000,8240288
1725,139763,71,pair_017_n3_017_conflict,conflict,1,0,0,12.55,0.06706333333333334,700000,8244832
1726,139839,76,pair_002_n3_002_conflict,conflict,1,0,0,12.500000000000002,0.06693666666666664,700000,8249696
1727,139909,70,pair_014_n3_014_control,control,1,0,0,12.560000000000002,0.06681999999999999,700000,8254176
1728,139978,69,pair_006_n5_006_conflict,conflict,1,0,0,12.570000000000002,0.06670499999999999,700000,8258592
1729,140055,77,pair_005_n5_005_conflict,conflict,1,0,0,12.490000000000002,0.06657666666666665,700000,8263520
1730,140125,70,pair_008_n5_008_control,control,1,0,0,12.560000000000002,0.06645999999999999,700000,8268000
1731,140198,73,pair_005_n3_005_conflict,conflict,1,0,0,12.530000000000001,0.06633833333333333,700000,8272672
1732,140267,69,pair_007_n3_007_control,control,1,0,0,12.570000000000002,0.06622333333333333,700000,8277088
1733,140338,71,pair_016_n3_016_conflict,conflict,1,0,0,12.55,0.066105,700000,8281632
1734,140422,84,pair_001_n5_001_conflict,conflict,1,0,0,12.420000000000002,0.065965,700000,8287008
1735,140492,70,pair_001_n5_001_control,control,1,0,0,12.560000000000002,0.06584833333333331,700000,8291488
1736,140562,70,pair_000_n3_000_conflict,conflict,1,0,0,12.560000000000002,0.06573166666666666,700000,8295968
1737,140635,73,pair_009_n3_009_conflict,conflict,1,0,0,12.530000000000001,0.06561,700000,8300640
1738,140708,73,pair_011_n3_011_control,control,0,1,0,1.4800000000000013,0.06548833333333332,700000,8305312
1739,140778,70,pair_004_n5_004_control,control,1,0,0,12.560000000000002,0.06537166666666666,700000,8309792
1740,140847,69,pair_016_n3_016_control,control,1,0,0,12.570000000000002,0.06525666666666666,700000,8314208
1741,140921,74,pair_003_n5_003_control,control,1,0,0,12.520000000000001,0.06513333333333332,700000,8318944
1742,140990,69,pair_013_n3_013_control,control,1,0,0,12.570000000000002,0.06501833333333332,700000,8323360
1743,141068,78,pair_003_n3_003_control,control,1,0,0,12.480000000000002,0.06488833333333333,700000,8328352
1744,141140,72,pair_006_n3_006_conflict,conflict,1,0,0,12.540000000000001,0.06476833333333332,700000,8332960
1745,141213,73,pair_012_n5_012_control,control,0,1,0,1.4800000000000013,0.06464666666666666,700000,8337632
1746,141292,79,pair_012_n3_012_conflict,conflict,1,0,0,12.470000000000002,0.06451499999999999,700000,8342688
1747,141366,74,pair_000_n5_000_control,control,1,0,0,12.520000000000001,0.06439166666666665,700000,8347424
1748,141432,66,pair_012_n3_012_control,control,1,0,0,12.600000000000001,0.06428166666666665,700000,8351648
1749,141498,66,pair_007_n5_007_control,control,1,0,0,12.600000000000001,0.06417166666666665,700000,8355872
1750,141564,66,pair_010_n3_010_control,control,1,0,0,12.600000000000001,0.06406166666666666,700000,8360096
1751,141634,70,pair_008_n3_008_conflict,conflict,1,0,0,12.560000000000002,0.063945,700000,8364576
1752,141703,69,pair_007_n3_007_conflict,conflict,1,0,0,12.570000000000002,0.06383,700000,8368992
1753,141771,68,pair_006_n3_006_control,control,1,0,0,12.580000000000002,0.06371666666666664,700000,8373344
1754,141839,68,pair_016_n5_016_control,control,0,1,0,1.5300000000000016,0.06360333333333332,700000,8377696
1755,141906,67,pair_014_n3_014_control,control,1,0,0,12.590000000000002,0.06349166666666667,700000,8381984
1756,141975,69,pair_017_n5_017_conflict,conflict,1,0,0,12.570000000000002,0.06337666666666666,700000,8386400
1757,142041,66,pair_017_n5_017_control,control,1,0,0,12.600000000000001,0.06326666666666667,700000,8390624
1758,142112,71,pair_014_n5_014_conflict,conflict,1,0,0,12.55,0.06314833333333333,700000,8395168
1759,142180,68,pair_012_n5_012_conflict,conflict,1,0,0,12.580000000000002,0.06303499999999998,700000,8399520
1760,142249,69,pair_008_n5_008_conflict,conflict,1,0,0,12.570000000000002,0.06291999999999998,700000,8403936
1761,142330,81,pair_005_n5_005_control,control,1,0,0,12.450000000000001,0.06278499999999998,700000,8409120
1762,142413,83,pair_002_n3_002_conflict,conflict,1,0,0,12.430000000000003,0.06264666666666666,700000,8414432
1763,142483,70,pair_002_n3_002_control,control,1,0,0,12.560000000000002,0.06253,700000,8418912
1764,142552,69,pair_017_n3_017_control,control,1,0,0,12.570000000000002,0.062415,700000,8423328
1765,142627,75,pair_015_n3_015_conflict,conflict,1,0,0,12.510000000000002,0.062289999999999984,700000,8428128
1766,142723,96,pair_011_n5_011_control,control,1,0,0,12.3,0.06212999999999999,700000,8434272
1767,142800,77,pair_015_n5_015_control,control,1,0,0,12.490000000000002,0.06200166666666665,700000,8439200
1768,142883,83,pair_003_n5_003_conflict,conflict,1,0,0,12.430000000000001,0.061863333333333326,700000,8444512
1769,142952,69,pair_013_n5_013_conflict,conflict,1,0,0,12.570000000000002,0.06174833333333332,700000,8448928
1770,143139,187,pair_011_n5_011_conflict,conflict,1,0,0,11.390000000000004,0.06143666666666667,700000,8460896
1771,143212,73,pair_001_n3_001_control,control,1,0,0,12.530000000000001,0.06131499999999998,700000,8465568
1772,143290,78,pair_002_n5_002_control,control,1,0,0,12.480000000000002,0.06118499999999999,700000,8470560
1773,143360,70,pair_010_n5_010_control,control,1,0,0,12.560000000000002,0.061068333333333336,700000,8475040
1774,143432,72,pair_015_n3_015_control,control,1,0,0,12.540000000000001,0.06094833333333333,700000,8479648
1775,143508,76,pair_017_n3_017_conflict,conflict,1,0,0,12.500000000000002,0.06082166666666666,700000,8484512
1776,143575,67,pair_002_n5_002_conflict,conflict,1,0,0,12.590000000000002,0.060709999999999986,700000,8488800
1777,143644,69,pair_001_n3_001_conflict,conflict,1,0,0,12.570000000000002,0.06059499999999998,700000,8493216
1778,143717,73,pair_003_n3_003_conflict,conflict,1,0,0,12.530000000000001,0.06047333333333332,700000,8497888
1779,143785,68,pair_013_n5_013_control,control,1,0,0,12.580000000000002,0.06036,700000,8502240
1780,143863,78,pair_005_n3_005_control,control,1,0,0,12.480000000000002,0.06022999999999998,700000,8507232
1781,143933,70,pair_004_n3_004_control,control,1,0,0,12.560000000000002,0.060113333333333324,700000,8511712
1782,144003,70,pair_009_n5_009_conflict,conflict,1,0,0,12.560000000000002,0.05999666666666664,700000,8516192
1783,144071,68,pair_009_n3_009_control,control,1,0,0,12.580000000000002,0.059883333333333316,700000,8520544
1784,144142,71,pair_014_n3_014_conflict,conflict,1,0,0,12.55,0.059764999999999985,700000,8525088
1785,144209,67,pair_007_n5_007_conflict,conflict,1,0,0,12.590000000000002,0.059653333333333336,700000,8529376
1786,144275,66,pair_004_n3_004_conflict,conflict,1,0,0,12.600000000000001,0.05954333333333331,700000,8533600
1787,144341,66,pair_009_n5_009_control,control,1,0,0,12.600000000000001,0.05943333333333331,700000,8537824
1788,144410,69,pair_008_n3_008_control,control,1,0,0,12.570000000000002,0.059318333333333334,700000,8542240
1789,144483,73,pair_006_n5_006_control,control,1,0,0,12.530000000000001,0.05919666666666665,700000,8546912
1790,144557,74,pair_011_n3_011_conflict,conflict,1,0,0,12.520000000000001,0.05907333333333331,700000,8551648
1791,144627,70,pair_000_n3_000_control,control,1,0,0,12.560000000000002,0.05895666666666666,700000,8556128
1792,144702,75,pair_016_n5_016_conflict,conflict,1,0,0,12.510000000000002,0.05883166666666664,700000,8560928
1793,144771,69,pair_013_n3_013_conflict,conflict,1,0,0,12.570000000000002,0.05871666666666667,700000,8565344
1794,144844,73,pair_015_n5_015_conflict,conflict,1,0,0,12.530000000000001,0.05859499999999998,700000,8570016
1795,144916,72,pair_010_n3_010_conflict,conflict,1,0,0,12.540000000000001,0.058475,700000,8574624
1796,144987,71,pair_004_n5_004_conflict,conflict,1,0,0,12.55,0.05835666666666667,700000,8579168
1797,145062,75,pair_010_n5_010_conflict,conflict,1,0,0,12.510000000000002,0.058231666666666654,700000,8583968
1798,145132,70,pair_000_n5_000_conflict,conflict,1,0,0,12.560000000000002,0.058115,700000,8588448
1799,145203,71,pair_014_n5_014_control,control,1,0,0,12.55,0.05799666666666667,700000,8592992
1800,145276,73,pair_005_n5_005_control,control,1,0,0,12.530000000000001,0.05787499999999998,700000,8597664
1801,145345,69,pair_001_n3_001_control,control,1,0,0,12.570000000000002,0.05775999999999998,700000,8602080
1802,145415,70,pair_014_n5_014_conflict,conflict,1,0,0,12.560000000000002,0.057643333333333324,700000,8606560
1803,145483,68,pair_013_n3_013_conflict,conflict,1,0,0,12.580000000000002,0.05753,700000,8610912
1804,145552,69,pair_001_n5_001_control,control,1,0,0,12.570000000000002,0.057414999999999994,700000,8615328
1805,145620,68,pair_004_n3_004_control,control,1,0,0,12.580000000000002,0.05730166666666667,700000,8619680
1806,145690,70,pair_014_n3_014_conflict,conflict,1,0,0,12.560000000000002,0.057184999999999986,700000,8624160
1807,145759,69,pair_003_n3_003_control,control,1,0,0,12.570000000000002,0.05706999999999998,700000,8628576
1808,145829,70,pair_002_n5_002_conflict,conflict,1,0,0,12.560000000000002,0.05695333333333333,700000,8633056
1809,145897,68,pair_005_n5_005_conflict,conflict,1,0,0,12.580000000000002,0.05684,700000,8637408
1810,145965,68,pair_016_n3_016_conflict,conflict,1,0,0,12.580000000000002,0.05672666666666665,700000,8641760
1811,146034,69,pair_008_n3_008_control,control,1,0,0,12.570000000000002,0.056611666666666643,700000,8646176
1812,146103,69,pair_011_n3_011_control,control,1,0,0,12.570000000000002,0.05649666666666667,700000,8650592
1813,146176,73,pair_015_n5_015_conflict,conflict,1,0,0,12.530000000000001,0.05637499999999998,700000,8655264
1814,146245,69,pair_010_n5_010_conflict,conflict,1,0,0,12.570000000000002,0.05625999999999998,700000,8659680
1815,146311,66,pair_016_n3_016_control,control,1,0,0,12.600000000000001,0.05614999999999998,700000,8663904
1816,146382,71,pair_016_n5_016_control,control,1,0,0,12.55,0.056031666666666646,700000,8668448
1817,146451,69,pair_004_n5_004_control,control,1,0,0,12.570000000000002,0.05591666666666664,700000,8672864
1818,146522,71,pair_014_n5_014_control,control,1,0,0,12.55,0.05579833333333331,700000,8677408
1819,146596,74,pair_000_n3_000_control,control,1,0,0,12.520000000000001,0.055675,700000,8682144
1820,146662,66,pair_006_n3_006_conflict,conflict,1,0,0,12.600000000000001,0.055564999999999976,700000,8686368
1821,146728,66,pair_011_n3_011_conflict,conflict,1,0,0,12.600000000000001,0.05545499999999998,700000,8690592
1822,146738,10,pair_017_n5_017_conflict,conflict,0,1,0,-0.64,0.05543833333333331,700000,8691232
1823,146814,76,pair_009_n3_009_control,control,1,0,0,12.500000000000002,0.05531166666666665,700000,8696096
1824,146884,70,pair_011_n5_011_control,control,1,0,0,12.560000000000002,0.055194999999999994,700000,8700576
1825,146953,69,pair_006_n3_006_control,control,1,0,0,12.570000000000002,0.05507999999999999,700000,8704992
1826,147026,73,pair_001_n5_001_conflict,conflict,1,0,0,12.530000000000001,0.05495833333333333,700000,8709664
1827,147095,69,pair_007_n3_007_conflict,conflict,1,0,0,12.570000000000002,0.05484333333333333,700000,8714080
1828,147172,77,pair_007_n3_007_control,control,1,0,0,12.490000000000002,0.054714999999999986,700000,8719008
1829,147241,69,pair_007_n5_007_control,control,1,0,0,12.570000000000002,0.05459999999999998,700000,8723424
1830,147307,66,pair_015_n5_015_control,control,1,0,0,12.600000000000001,0.05448999999999998,700000,8727648
1831,147376,69,pair_008_n5_008_control,control,1,0,0,12.570000000000002,0.05437499999999998,700000,8732064
1832,147449,73,pair_010_n3_010_conflict,conflict,1,0,0,12.530000000000001,0.05425333333333332,700000,8736736
1833,147530,81,pair_006_n5_006_conflict,conflict,1,0,0,12.450000000000003,0.054118333333333324,700000,8741920
1834,147599,69,pair_013_n5_013_control,control,1,0,0,12.570000000000002,0.05400333333333332,700000,8746336
1835,147673,74,pair_017_n5_017_control,control,1,0,0,12.520000000000001,0.05387999999999998,700000,8751072
1836,147742,69,pair_012_n3_012_control,control,1,0,0,12.570000000000002,0.05376499999999998,700000,8755488
1837,147815,73,pair_016_n5_016_conflict,conflict,0,1,0,1.4300000000000015,0.05364333333333332,700000,8760160
1838,147881,66,pair_013_n5_013_conflict,conflict,1,0,0,12.600000000000001,0.05353333333333332,700000,8764384
1839,147956,75,pair_003_n5_003_conflict,conflict,1,0,0,12.510000000000002,0.053408333333333335,700000,8769184
1840,148023,67,pair_017_n3_017_conflict,conflict,1,0,0,12.590000000000002,0.05329666666666666,700000,8773472
1841,148093,70,pair_000_n5_000_control,control,1,0,0,12.560000000000002,0.05317999999999998,700000,8777952
1842,148161,68,pair_011_n5_011_conflict,conflict,1,0,0,12.580000000000002,0.05306666666666665,700000,8782304
1843,148235,74,pair_002_n5_002_control,control,1,0,0,12.520000000000001,0.052943333333333314,700000,8787040
1844,148308,73,pair_010_n3_010_control,control,1,0,0,12.530000000000001,0.052821666666666656,700000,8791712
1845,148378,70,pair_012_n5_012_control,control,1,0,0,12.560000000000002,0.052705,700000,8796192
1846,148448,70,pair_015_n3_015_conflict,conflict,1,0,0,12.560000000000002,0.05258833333333332,700000,8800672
1847,148525,77,pair_001_n3_001_conflict,conflict,1,0,0,12.490000000000002,0.05245999999999998,700000,8805600
1848,148596,71,pair_012_n5_012_conflict,conflict,1,0,0,12.55,0.05234166666666665,700000,8810144
1849,148668,72,pair_009_n5_009_conflict,conflict,1,0,0,12.540000000000001,0.052221666666666666,700000,8814752
1850,148738,70,pair_000_n5_000_conflict,conflict,1,0,0,12.560000000000002,0.052104999999999985,700000,8819232
1851,148804,66,pair_005_n3_005_control,control,0,1,0,1.5500000000000016,0.051994999999999986,700000,8823456
1852,148879,75,pair_004_n5_004_conflict,conflict,1,0,0,12.510000000000002,0.05187,700000,8828256
1853,148950,71,pair_000_n3_000_conflict,conflict,1,0,0,12.55,0.05175166666666667,700000,8832800
1854,149019,69,pair_013_n3_013_control,control,1,0,0,12.570000000000002,0.051636666666666664,700000,8837216
1855,149085,66,pair_002_n3_002_conflict,conflict,1,0,0,12.600000000000001,0.051526666666666665,700000,8841440
1856,149153,68,pair_009_n3_009_conflict,conflict,1,0,0,12.580000000000002,0.05141333333333331,700000,8845792
1857,149222,69,pair_008_n3_008_conflict,conflict,1,0,0,12.570000000000002,0.051298333333333335,700000,8850208
1858,149290,68,pair_012_n3_012_conflict,conflict,1,0,0,12.580000000000002,0.05118499999999998,700000,8854560
1859,149361,71,pair_007_n5_007_conflict,conflict,1,0,0,12.550000000000002,0.05106666666666665,700000,8859104
1860,149431,70,pair_009_n5_009_control,control,1,0,0,12.560000000000002,0.050949999999999995,700000,8863584
1861,149502,71,pair_010_n5_010_control,control,1,0,0,12.55,0.050831666666666664,700000,8868128
1862,149572,70,pair_014_n3_014_control,control,1,0,0,12.560000000000002,0.05071499999999998,700000,8872608
1863,149649,77,pair_004_n3_004_conflict,conflict,1,0,0,12.490000000000002,0.05058666666666667,700000,8877536
1864,149724,75,pair_006_n5_006_control,control,1,0,0,12.510000000000002,0.050461666666666655,700000,8882336
1865,149790,66,pair_003_n3_003_conflict,conflict,1,0,0,12.600000000000001,0.050351666666666656,700000,8886560
1866,149860,70,pair_005_n3_005_conflict,conflict,1,0,0,12.560000000000002,0.050235,700000,8891040
1867,149933,73,pair_003_n5_003_control,control,1,0,0,12.530000000000001,0.050113333333333315,700000,8895712
1868,150007,74,pair_008_n5_008_conflict,conflict,1,0,0,12.520000000000001,0.04999999999999999,700000,8900448
1869,150073,66,pair_015_n3_015_control,control,1,0,0,12.600000000000001,0.04999999999999999,700000,8904672
1870,150142,69,pair_017_n3_017_control,control,1,0,0,12.570000000000002,0.04999999999999999,700000,8909088
1871,150214,72,pair_002_n3_002_control,control,1,0,0,12.540000000000001,0.04999999999999999,700000,8913696
1872,150284,70,pair_012_n5_012_control,control,1,0,0,12.560000000000002,0.04999999999999999,700000,8918176
1873,150355,71,pair_014_n3_014_conflict,conflict,1,0,0,12.55,0.04999999999999999,700000,8922720
1874,150425,70,pair_009_n5_009_conflict,conflict,1,0,0,12.560000000000002,0.04999999999999999,700000,8927200
1875,150496,71,pair_001_n5_001_control,control,1,0,0,12.55,0.04999999999999999,700000,8931744
1876,150566,70,pair_001_n3_001_conflict,conflict,1,0,0,12.560000000000002,0.04999999999999999,700000,8936224
1877,150636,70,pair_009_n3_009_conflict,conflict,1,0,0,12.560000000000002,0.04999999999999999,700000,8940704
1878,150747,111,pair_017_n5_017_control,control,1,0,0,12.150000000000002,0.04999999999999999,700000,8947808
1879,150817,70,pair_009_n3_009_control,control,1,0,0,12.560000000000002,0.04999999999999999,700000,8952288
1880,150891,74,pair_008_n5_008_control,control,1,0,0,12.520000000000001,0.04999999999999999,700000,8957024
1881,150959,68,pair_013_n5_013_control,control,1,0,0,12.580000000000002,0.04999999999999999,700000,8961376
1882,151033,74,pair_000_n5_000_conflict,conflict,1,0,0,12.520000000000001,0.04999999999999999,700000,8966112
1883,151109,76,pair_013_n3_013_control,control,1,0,0,12.500000000000002,0.04999999999999999,700000,8970976
1884,151181,72,pair_004_n5_004_conflict,conflict,1,0,0,12.540000000000001,0.04999999999999999,700000,8975584
1885,151264,83,pair_005_n5_005_control,control,1,0,0,12.430000000000001,0.04999999999999999,700000,8980896
1886,151342,78,pair_016_n3_016_conflict,conflict,1,0,0,12.48,0.04999999999999999,700000,8985888
1887,151416,74,pair_009_n5_009_control,control,1,0,0,12.520000000000001,0.04999999999999999,700000,8990624
1888,151484,68,pair_016_n5_016_conflict,conflict,1,0,0,12.580000000000002,0.04999999999999999,700000,8994976
1889,151554,70,pair_011_n5_011_control,control,1,0,0,12.560000000000002,0.04999999999999999,700000,8999456
1890,151627,73,pair_017_n3_017_control,control,1,0,0,12.530000000000001,0.04999999999999999,700000,9004128
1891,151696,69,pair_003_n5_003_control,control,1,0,0,12.570000000000002,0.04999999999999999,700000,9008544
1892,151762,66,pair_015_n3_015_conflict,conflict,1,0,0,12.600000000000001,0.04999999999999999,700000,9012768
1893,151828,66,pair_000_n3_000_conflict,conflict,1,0,0,12.600000000000001,0.04999999999999999,700000,9016992
1894,151894,66,pair_017_n3_017_conflict,conflict,1,0,0,12.600000000000001,0.04999999999999999,700000,9021216
1895,151964,70,pair_002_n5_002_control,control,1,0,0,12.560000000000002,0.04999999999999999,700000,9025696
1896,152037,73,pair_008_n3_008_control,control,1,0,0,12.530000000000001,0.04999999999999999,700000,9030368
1897,152110,73,pair_001_n3_001_control,control,1,0,0,12.530000000000001,0.04999999999999999,700000,9035040
1898,152176,66,pair_007_n3_007_conflict,conflict,1,0,0,12.600000000000001,0.04999999999999999,700000,9039264
1899,152248,72,pair_014_n5_014_control,control,1,0,0,12.540000000000001,0.04999999999999999,700000,9043872
1900,152314,66,pair_016_n5_016_control,control,1,0,0,12.600000000000001,0.04999999999999999,700000,9048096
1901,152386,72,pair_003_n3_003_control,control,1,0,0,12.540000000000001,0.04999999999999999,700000,9052704
1902,152456,70,pair_012_n3_012_control,control,1,0,0,12.560000000000002,0.04999999999999999,700000,9057184
1903,152525,69,pair_002_n5_002_conflict,conflict,1,0,0,12.570000000000002,0.04999999999999999,700000,9061600
1904,152599,74,pair_000_n5_000_control,control,1,0,0,12.520000000000001,0.04999999999999999,700000,9066336
1905,152675,76,pair_006_n3_006_conflict,conflict,1,0,0,12.500000000000002,0.04999999999999999,700000,9071200
1906,152744,69,pair_003_n5_003_conflict,conflict,1,0,0,12.570000000000002,0.04999999999999999,700000,9075616
1907,152818,74,pair_015_n5_015_control,control,1,0,0,12.520000000000001,0.04999999999999999,700000,9080352
1908,152893,75,pair_011_n3_011_control,control,1,0,0,12.510000000000002,0.04999999999999999,700000,9085152
1909,152963,70,pair_010_n3_010_control,control,1,0,0,12.560000000000002,0.04999999999999999,700000,9089632
1910,153034,71,pair_003_n3_003_conflict,conflict,1,0,0,12.55,0.04999999999999999,700000,9094176
1911,153104,70,pair_002_n3_002_control,control,1,0,0,12.560000000000002,0.04999999999999999,700000,9098656
1912,153176,72,pair_010_n3_010_conflict,conflict,1,0,0,12.540000000000003,0.04999999999999999,700000,9103264
1913,153244,68,pair_014_n5_014_conflict,conflict,1,0,0,12.580000000000002,0.04999999999999999,700000,9107616
1914,153315,71,pair_005_n3_005_conflict,conflict,1,0,0,12.55,0.04999999999999999,700000,9112160
1915,153327,12,pair_015_n5_015_conflict,conflict,0,1,0,-0.8099999999999999,0.04999999999999999,700000,9112928
1916,153394,67,pair_005_n5_005_conflict,conflict,1,0,0,12.590000000000002,0.04999999999999999,700000,9117216
1917,153466,72,pair_004_n5_004_control,control,1,0,0,12.540000000000001,0.04999999999999999,700000,9121824
1918,153535,69,pair_007_n3_007_control,control,1,0,0,12.570000000000002,0.04999999999999999,700000,9126240
1919,153601,66,pair_002_n3_002_conflict,conflict,1,0,0,12.600000000000001,0.04999999999999999,700000,9130464
1920,153668,67,pair_001_n5_001_conflict,conflict,1,0,0,12.590000000000002,0.04999999999999999,700000,9134752
1921,153737,69,pair_011_n3_011_conflict,conflict,1,0,0,12.570000000000002,0.04999999999999999,700000,9139168
1922,153807,70,pair_012_n3_012_conflict,conflict,1,0,0,12.560000000000002,0.04999999999999999,700000,9143648
1923,153882,75,pair_012_n5_012_conflict,conflict,1,0,0,12.510000000000002,0.04999999999999999,700000,9148448
1924,153951,69,pair_000_n3_000_control,control,1,0,0,12.570000000000002,0.04999999999999999,700000,9152864
1925,154017,66,pair_006_n5_006_conflict,conflict,1,0,0,12.600000000000001,0.04999999999999999,700000,9157088
1926,154083,66,pair_004_n3_004_conflict,conflict,1,0,0,12.600000000000001,0.04999999999999999,700000,9161312
1927,154151,68,pair_006_n3_006_control,control,1,0,0,12.580000000000002,0.04999999999999999,700000,9165664
1928,154219,68,pair_007_n5_007_conflict,conflict,1,0,0,12.580000000000002,0.04999999999999999,700000,9170016
1929,154288,69,pair_010_n5_010_conflict,conflict,1,0,0,12.570000000000002,0.04999999999999999,700000,9174432
1930,154359,71,pair_004_n3_004_control,control,1,0,0,12.55,0.04999999999999999,700000,9178976
1931,154425,66,pair_008_n3_008_conflict,conflict,1,0,0,12.600000000000001,0.04999999999999999,700000,9183200
1932,154497,72,pair_017_n5_017_conflict,conflict,1,0,0,12.540000000000001,0.04999999999999999,700000,9187808
1933,154567,70,pair_013_n5_013_conflict,conflict,1,0,0,12.560000000000002,0.04999999999999999,700000,9192288
1934,154639,72,pair_010_n5_010_control,control,1,0,0,12.540000000000001,0.04999999999999999,700000,9196896
1935,154709,70,pair_005_n3_005_control,control,0,1,0,1.5600000000000018,0.04999999999999999,700000,9201376
1936,154780,71,pair_016_n3_016_control,control,1,0,0,12.55,0.04999999999999999,700000,9205920
1937,154854,74,pair_014_n3_014_control,control,1,0,0,12.520000000000001,0.04999999999999999,700000,9210656
1938,154924,70,pair_007_n5_007_control,control,1,0,0,12.560000000000002,0.04999999999999999,700000,9215136
1939,154999,75,pair_011_n5_011_conflict,conflict,1,0,0,12.510000000000002,0.04999999999999999,700000,9219936
1940,155072,73,pair_006_n5_006_control,control,1,0,0,12.530000000000001,0.04999999999999999,700000,9224608
1941,155146,74,pair_015_n3_015_control,control,1,0,0,12.520000000000001,0.04999999999999999,700000,9229344
1942,155215,69,pair_008_n5_008_conflict,conflict,1,0,0,12.570000000000002,0.04999999999999999,700000,9233760
1943,155291,76,pair_013_n3_013_conflict,conflict,1,0,0,12.500000000000002,0.04999999999999999,700000,9238624
1944,155359,68,pair_012_n3_012_conflict,conflict,1,0,0,12.580000000000002,0.04999999999999999,700000,9242976
1945,155429,70,pair_000_n3_000_conflict,conflict,1,0,0,12.560000000000002,0.04999999999999999,700000,9247456
1946,155500,71,pair_007_n5_007_control,control,1,0,0,12.55,0.04999999999999999,700000,9252000
1947,155570,70,pair_006_n3_006_control,control,1,0,0,12.560000000000002,0.04999999999999999,700000,9256480
1948,155639,69,pair_007_n3_007_conflict,conflict,1,0,0,12.570000000000002,0.04999999999999999,700000,9260896
1949,155708,69,pair_008_n5_008_conflict,conflict,1,0,0,12.570000000000002,0.04999999999999999,700000,9265312
1950,155780,72,pair_011_n3_011_control,control,1,0,0,12.540000000000001,0.04999999999999999,700000,9269920
1951,155849,69,pair_002_n5_002_control,control,1,0,0,12.570000000000002,0.04999999999999999,700000,9274336
1952,155918,69,pair_013_n3_013_conflict,conflict,1,0,0,12.570000000000002,0.04999999999999999,700000,9278752
1953,155987,69,pair_003_n5_003_conflict,conflict,1,0,0,12.570000000000002,0.04999999999999999,700000,9283168
1954,156059,72,pair_017_n5_017_conflict,conflict,1,0,0,12.540000000000001,0.04999999999999999,700000,9287776
1955,156128,69,pair_009_n3_009_control,control,1,0,0,12.570000000000002,0.04999999999999999,700000,9292192
1956,156196,68,pair_006_n3_006_conflict,conflict,1,0,0,12.580000000000002,0.04999999999999999,700000,9296544
1957,156267,71,pair_015_n3_015_control,control,1,0,0,12.55,0.04999999999999999,700000,9301088
1958,156335,68,pair_015_n3_015_conflict,conflict,1,0,0,12.580000000000002,0.04999999999999999,700000,9305440
1959,156493,158,pair_003_n3_003_conflict,conflict,1,0,0,11.68,0.04999999999999999,700000,9315552
1960,156562,69,pair_008_n3_008_control,control,1,0,0,12.570000000000002,0.04999999999999999,700000,9319968
1961,156635,73,pair_011_n5_011_control,control,1,0,0,12.530000000000001,0.04999999999999999,700000,9324640
1962,156704,69,pair_015_n5_015_conflict,conflict,1,0,0,12.570000000000002,0.04999999999999999,700000,9329056
1963,156776,72,pair_000_n5_000_conflict,conflict,1,0,0,12.540000000000001,0.04999999999999999,700000,9333664
1964,156846,70,pair_005_n3_005_conflict,conflict,1,0,0,12.560000000000002,0.04999999999999999,700000,9338144
1965,156916,70,pair_011_n5_011_conflict,conflict,1,0,0,12.560000000000002,0.04999999999999999,700000,9342624
1966,156985,69,pair_001_n3_001_control,control,1,0,0,12.570000000000002,0.04999999999999999,700000,9347040
1967,157054,69,pair_006_n5_006_conflict,conflict,1,0,0,12.570000000000002,0.04999999999999999,700000,9351456
1968,157120,66,pair_016_n5_016_control,control,0,1,0,1.6000000000000014,0.04999999999999999,700000,9355680
1969,157190,70,pair_016_n3_016_conflict,conflict,1,0,0,12.560000000000002,0.04999999999999999,700000,9360160
1970,157260,70,pair_010_n3_010_control,control,1,0,0,12.560000000000002,0.04999999999999999,700000,9364640
1971,157327,67,pair_017_n3_017_conflict,conflict,1,0,0,12.590000000000002,0.04999999999999999,700000,9368928
1972,157394,67,pair_017_n5_017_control,control,1,0,0,12.590000000000002,0.04999999999999999,700000,9373216
1973,157465,71,pair_009_n3_009_conflict,conflict,1,0,0,12.55,0.04999999999999999,700000,9377760
1974,157535,70,pair_012_n3_012_control,control,1,0,0,12.560000000000002,0.04999999999999999,700000,9382240
1975,157604,69,pair_005_n5_005_control,control,1,0,0,12.570000000000002,0.04999999999999999,700000,9386656
1976,157676,72,pair_002_n5_002_conflict,conflict,1,0,0,12.540000000000003,0.04999999999999999,700000,9391264
1977,157745,69,pair_000_n5_000_control,control,1,0,0,12.570000000000002,0.04999999999999999,700000,9395680
1978,157815,70,pair_000_n3_000_control,control,1,0,0,12.560000000000002,0.04999999999999999,700000,9400160
1979,157885,70,pair_001_n5_001_conflict,conflict,1,0,0,12.560000000000002,0.04999999999999999,700000,9404640
1980,157954,69,pair_003_n5_003_control,control,1,0,0,12.570000000000002,0.04999999999999999,700000,9409056
1981,158022,68,pair_014_n5_014_conflict,conflict,1,0,0,12.580000000000002,0.04999999999999999,700000,9413408
1982,158096,74,pair_016_n5_016_conflict,conflict,1,0,0,12.520000000000001,0.04999999999999999,700000,9418144
1983,158176,80,pair_010_n5_010_conflict,conflict,1,0,0,12.46,0.04999999999999999,700000,9423264
1984,158254,78,pair_004_n3_004_control,control,1,0,0,12.480000000000002,0.04999999999999999,700000,9428256
1985,158333,79,pair_008_n5_008_control,control,1,0,0,12.470000000000002,0.04999999999999999,700000,9433312
1986,158422,89,pair_013_n5_013_control,control,1,0,0,12.370000000000001,0.04999999999999999,700000,9439008
1987,158501,79,pair_012_n5_012_conflict,conflict,1,0,0,12.470000000000002,0.04999999999999999,700000,9444064
1988,158571,70,pair_004_n3_004_conflict,conflict,1,0,0,12.560000000000002,0.04999999999999999,700000,9448544
1989,158637,66,pair_014_n3_014_conflict,conflict,1,0,0,12.600000000000001,0.04999999999999999,700000,9452768
1990,158707,70,pair_003_n3_003_control,control,1,0,0,12.560000000000002,0.04999999999999999,700000,9457248
1991,158774,67,pair_004_n5_004_conflict,conflict,1,0,0,12.590000000000002,0.04999999999999999,700000,9461536
1992,158778,4,pair_005_n3_005_control,control,0,1,0,-0.88,0.04999999999999999,700000,9461792
1993,158854,76,pair_011_n3_011_conflict,conflict,1,0,0,12.500000000000002,0.04999999999999999,700000,9466656
1994,158923,69,pair_008_n3_008_conflict,conflict,1,0,0,12.570000000000002,0.04999999999999999,700000,9471072
1995,158993,70,pair_002_n3_002_conflict,conflict,1,0,0,12.560000000000002,0.04999999999999999,700000,9475552
1996,159059,66,pair_014_n3_014_control,control,1,0,0,12.600000000000001,0.04999999999999999,700000,9479776
1997,159131,72,pair_007_n3_007_control,control,1,0,0,12.540000000000001,0.04999999999999999,700000,9484384
1998,159199,68,pair_015_n5_015_control,control,1,0,0,12.580000000000002,0.04999999999999999,700000,9488736
1999,159268,69,pair_001_n5_001_control,control,1,0,0,12.570000000000002,0.04999999999999999,700000,9493152
2000,159340,72,pair_006_n5_006_control,control,1,0,0,12.540000000000001,0.04999999999999999,700000,9497760
2001,159410,70,pair_012_n5_012_control,control,1,0,0,12.560000000000002,0.04999999999999999,700000,9502240
2002,159479,69,pair_009_n5_009_conflict,conflict,1,0,0,12.570000000000002,0.04999999999999999,700000,9506656
2003,159548,69,pair_009_n5_009_control,control,1,0,0,12.570000000000002,0.04999999999999999,700000,9511072
2004,159619,71,pair_016_n3_016_control,control,1,0,0,12.55,0.04999999999999999,700000,9515616
2005,159691,72,pair_005_n5_005_conflict,conflict,1,0,0,12.540000000000001,0.04999999999999999,700000,9520224
2006,159762,71,pair_002_n3_002_control,control,1,0,0,12.55,0.04999999999999999,700000,9524768
2007,159833,71,pair_017_n3_017_control,control,1,0,0,12.55,0.04999999999999999,700000,9529312
2008,159907,74,pair_010_n5_010_control,control,1,0,0,12.520000000000001,0.04999999999999999,700000,9534048
2009,159979,72,pair_013_n3_013_control,control,1,0,0,12.540000000000001,0.04999999999999999,700000,9538656
2010,160046,67,pair_013_n5_013_conflict,conflict,1,0,0,12.590000000000002,0.04999999999999999,700000,9542944
2011,160113,67,pair_007_n5_007_conflict,conflict,1,0,0,12.590000000000002,0.04999999999999999,700000,9547232
2012,160182,69,pair_004_n5_004_control,control,1,0,0,12.570000000000002,0.04999999999999999,700000,9551648
2013,160251,69,pair_010_n3_010_conflict,conflict,1,0,0,12.570000000000002,0.04999999999999999,700000,9556064
2014,160317,66,pair_014_n5_014_control,control,1,0,0,12.600000000000001,0.04999999999999999,700000,9560288
2015,160390,73,pair_001_n3_001_conflict,conflict,1,0,0,12.530000000000001,0.04999999999999999,700000,9564960
2016,160463,73,pair_001_n3_001_conflict,conflict,1,0,0,12.530000000000001,0.04999999999999999,700000,9569632
2017,160533,70,pair_005_n3_005_conflict,conflict,1,0,0,12.560000000000002,0.04999999999999999,700000,9574112
2018,160604,71,pair_004_n5_004_conflict,conflict,1,0,0,12.550000000000002,0.04999999999999999,700000,9578656
2019,160674,70,pair_017_n5_017_conflict,conflict,1,0,0,12.560000000000002,0.04999999999999999,700000,9583136
2020,160741,67,pair_001_n5_001_conflict,conflict,1,0,0,12.590000000000002,0.04999999999999999,700000,9587424
2021,160809,68,pair_002_n5_002_conflict,conflict,1,0,0,12.580000000000002,0.04999999999999999,700000,9591776
2022,160883,74,pair_013_n3_013_conflict,conflict,1,0,0,12.520000000000001,0.04999999999999999,700000,9596512
2023,160951,68,pair_014_n5_014_conflict,conflict,1,0,0,12.580000000000002,0.04999999999999999,700000,9600864
2024,161022,71,pair_016_n5_016_control,control,1,0,0,12.55,0.04999999999999999,700000,9605408
2025,161092,70,pair_017_n3_017_control,control,1,0,0,12.560000000000002,0.04999999999999999,700000,9609888
2026,161161,69,pair_003_n5_003_control,control,1,0,0,12.570000000000002,0.04999999999999999,700000,9614304
2027,161233,72,pair_006_n5_006_control,control,1,0,0,12.540000000000001,0.04999999999999999,700000,9618912
2028,161303,70,pair_013_n5_013_control,control,1,0,0,12.560000000000002,0.04999999999999999,700000,9623392
2029,161374,71,pair_017_n3_017_conflict,conflict,1,0,0,12.55,0.04999999999999999,700000,9627936
2030,161443,69,pair_007_n3_007_control,control,1,0,0,12.570000000000002,0.04999999999999999,700000,9632352
2031,161512,69,pair_002_n5_002_control,control,1,0,0,12.570000000000002,0.04999999999999999,700000,9636768
2032,161584,72,pair_000_n3_000_conflict,conflict,0,1,0,1.5400000000000014,0.04999999999999999,700000,9641376
2033,161654,70,pair_011_n3_011_control,control,1,0,0,12.560000000000002,0.04999999999999999,700000,9645856
2034,161725,71,pair_005_n5_005_control,control,1,0,0,12.55,0.04999999999999999,700000,9650400
2035,161791,66,pair_004_n5_004_control,control,1,0,0,12.600000000000001,0.04999999999999999,700000,9654624
2036,161857,66,pair_009_n3_009_control,control,1,0,0,12.600000000000001,0.04999999999999999,700000,9658848
2037,161923,66,pair_001_n3_001_control,control,1,0,0,12.600000000000001,0.04999999999999999,700000,9663072
2038,161993,70,pair_010_n3_010_control,control,1,0,0,12.560000000000002,0.04999999999999999,700000,9667552
2039,162061,68,pair_012_n5_012_conflict,conflict,1,0,0,12.580000000000002,0.04999999999999999,700000,9671904
2040,162132,71,pair_007_n3_007_conflict,conflict,1,0,0,12.55,0.04999999999999999,700000,9676448
2041,162202,70,pair_010_n5_010_conflict,conflict,1,0,0,12.560000000000002,0.04999999999999999,700000,9680928
2042,162272,70,pair_011_n5_011_control,control,1,0,0,12.560000000000002,0.04999999999999999,700000,9685408
2043,162344,72,pair_002_n3_002_conflict,conflict,1,0,0,12.540000000000001,0.04999999999999999,700000,9690016
2044,162416,72,pair_000_n5_000_control,control,1,0,0,12.540000000000003,0.04999999999999999,700000,9694624
2045,162488,72,pair_016_n5_016_conflict,conflict,1,0,0,12.540000000000001,0.04999999999999999,700000,9699232
2046,162557,69,pair_007_n5_007_control,control,1,0,0,12.570000000000002,0.04999999999999999,700000,9703648
2047,162630,73,pair_009_n5_009_conflict,conflict,1,0,0,12.530000000000001,0.04999999999999999,700000,9708320
2048,162702,72,pair_008_n5_008_control,control,1,0,0,12.540000000000003,0.04999999999999999,700000,9712928
2049,162768,66,pair_012_n3_012_control,control,1,0,0,12.600000000000001,0.04999999999999999,700000,9717152
2050,162836,68,pair_005_n5_005_conflict,conflict,1,0,0,12.580000000000002,0.04999999999999999,700000,9721504
2051,162906,70,pair_003_n3_003_control,control,1,0,0,12.560000000000002,0.04999999999999999,700000,9725984
2052,162980,74,pair_016_n3_016_conflict,conflict,1,0,0,12.520000000000001,0.04999999999999999,700000,9730720
2053,163050,70,pair_016_n3_016_control,control,1,0,0,12.560000000000002,0.04999999999999999,700000,9735200
2054,163123,73,pair_009_n3_009_conflict,conflict,1,0,0,12.530000000000001,0.04999999999999999,700000,9739872
2055,163192,69,pair_008_n3_008_control,control,1,0,0,12.570000000000002,0.04999999999999999,700000,9744288
2056,163261,69,pair_007_n5_007_conflict,conflict,1,0,0,12.570000000000002,0.04999999999999999,700000,9748704
2057,163328,67,pair_011_n5_011_conflict,conflict,1,0,0,12.590000000000002,0.04999999999999999,700000,9752992
2058,163400,72,pair_000_n3_000_control,control,1,0,0,12.540000000000001,0.04999999999999999,700000,9757600
2059,163470,70,pair_012_n5_012_control,control,1,0,0,12.560000000000002,0.04999999999999999,700000,9762080
2060,163544,74,pair_014_n3_014_control,control,1,0,0,12.520000000000001,0.04999999999999999,700000,9766816
2061,163614,70,pair_006_n3_006_control,control,1,0,0,12.560000000000002,0.04999999999999999,700000,9771296
2062,163683,69,pair_011_n3_011_conflict,conflict,1,0,0,12.570000000000002,0.04999999999999999,700000,9775712
2063,163751,68,pair_012_n3_012_conflict,conflict,1,0,0,12.580000000000002,0.04999999999999999,700000,9780064
2064,163819,68,pair_015_n5_015_conflict,conflict,1,0,0,12.580000000000002,0.04999999999999999,700000,9784416
2065,163889,70,pair_005_n3_005_control,control,1,0,0,12.560000000000002,0.04999999999999999,700000,9788896
2066,163958,69,pair_008_n3_008_conflict,conflict,1,0,0,12.570000000000002,0.04999999999999999,700000,9793312
2067,164037,79,pair_010_n3_010_conflict,conflict,1,0,0,12.470000000000002,0.04999999999999999,700000,9798368
2068,164120,83,pair_010_n5_010_control,control,1,0,0,12.430000000000003,0.04999999999999999,700000,9803680
2069,164189,69,pair_002_n3_002_control,control,1,0,0,12.570000000000002,0.04999999999999999,700000,9808096
2070,164258,69,pair_006_n5_006_conflict,conflict,1,0,0,12.570000000000002,0.04999999999999999,700000,9812512
2071,164326,68,pair_014_n3_014_conflict,conflict,1,0,0,12.580000000000002,0.04999999999999999,700000,9816864
2072,164397,71,pair_015_n5_015_control,control,1,0,0,12.55,0.04999999999999999,700000,9821408
2073,164474,77,pair_004_n3_004_conflict,conflict,1,0,0,12.490000000000002,0.04999999999999999,700000,9826336
2074,164543,69,pair_003_n3_003_conflict,conflict,1,0,0,12.570000000000002,0.04999999999999999,700000,9830752
2075,164613,70,pair_004_n3_004_control,control,1,0,0,12.560000000000002,0.04999999999999999,700000,9835232
2076,164683,70,pair_017_n5_017_control,control,1,0,0,12.560000000000002,0.04999999999999999,700000,9839712
2077,164750,67,pair_015_n3_015_control,control,1,0,0,12.590000000000002,0.04999999999999999,700000,9844000
2078,164816,66,pair_015_n3_015_conflict,conflict,1,0,0,12.600000000000001,0.04999999999999999,700000,9848224
2079,164889,73,pair_009_n5_009_control,control,1,0,0,12.530000000000001,0.04999999999999999,700000,9852896
2080,164964,75,pair_000_n5_000_conflict,conflict,1,0,0,12.510000000000002,0.04999999999999999,700000,9857696
2081,165031,67,pair_014_n5_014_control,control,1,0,0,12.590000000000002,0.04999999999999999,700000,9861984
2082,165110,79,pair_001_n5_001_control,control,1,0,0,12.470000000000002,0.04999999999999999,700000,9867040
2083,165183,73,pair_013_n5_013_conflict,conflict,1,0,0,12.530000000000001,0.04999999999999999,700000,9871712
2084,165256,73,pair_013_n3_013_control,control,1,0,0,12.530000000000001,0.04999999999999999,700000,9876384
2085,165325,69,pair_008_n5_008_conflict,conflict,1,0,0,12.570000000000002,0.04999999999999999,700000,9880800
2086,165397,72,pair_003_n5_003_conflict,conflict,1,0,0,12.540000000000003,0.04999999999999999,700000,9885408
2087,165471,74,pair_006_n3_006_conflict,conflict,1,0,0,12.520000000000001,0.04999999999999999,700000,9890144
2088,165541,70,pair_013_n3_013_conflict,conflict,1,0,0,12.560000000000002,0.04999999999999999,700000,9894624
2089,165612,71,pair_011_n3_011_conflict,conflict,1,0,0,12.55,0.04999999999999999,700000,9899168
2090,165684,72,pair_003_n5_003_conflict,conflict,1,0,0,12.540000000000003,0.04999999999999999,700000,9903776
2091,165750,66,pair_014_n5_014_control,control,1,0,0,12.600000000000001,0.04999999999999999,700000,9908000
2092,165816,66,pair_009_n3_009_control,control,1,0,0,12.600000000000001,0.04999999999999999,700000,9912224
2093,165887,71,pair_009_n3_009_conflict,conflict,1,0,0,12.55,0.04999999999999999,700000,9916768
2094,165957,70,pair_001_n3_001_conflict,conflict,1,0,0,12.560000000000002,0.04999999999999999,700000,9921248
2095,165968,11,pair_011_n5_011_conflict,conflict,0,1,0,-0.6000000000000001,0.04999999999999999,700000,9921952
2096,166038,70,pair_011_n5_011_control,control,1,0,0,12.560000000000002,0.04999999999999999,700000,9926432
2097,166110,72,pair_005_n5_005_control,control,1,0,0,12.540000000000003,0.04999999999999999,700000,9931040
2098,166184,74,pair_016_n3_016_control,control,0,1,0,1.4700000000000015,0.04999999999999999,700000,9935776
2099,166255,71,pair_012_n3_012_conflict,conflict,1,0,0,12.55,0.04999999999999999,700000,9940320
2100,166323,68,pair_007_n5_007_conflict,conflict,1,0,0,12.580000000000002,0.04999999999999999,700000,9944672
2101,166396,73,pair_003_n3_003_conflict,conflict,1,0,0,12.530000000000001,0.04999999999999999,700000,9949344
2102,166477,81,pair_015_n5_015_control,control,1,0,0,12.450000000000001,0.04999999999999999,700000,9954528
2103,166545,68,pair_013_n3_013_control,control,1,0,0,12.580000000000002,0.04999999999999999,700000,9958880
2104,166618,73,pair_003_n5_003_control,control,1,0,0,12.530000000000001,0.04999999999999999,700000,9963552
2105,166691,73,pair_002_n3_002_conflict,conflict,1,0,0,12.530000000000001,0.04999999999999999,700000,9968224
2106,166759,68,pair_005_n5_005_conflict,conflict,1,0,0,12.580000000000002,0.04999999999999999,700000,9972576
2107,166825,66,pair_010_n3_010_control,control,1,0,0,12.600000000000001,0.04999999999999999,700000,9976800
2108,166898,73,pair_008_n5_008_control,control,1,0,0,12.530000000000001,0.04999999999999999,700000,9981472
2109,166969,71,pair_015_n5_015_conflict,conflict,1,0,0,12.55,0.04999999999999999,700000,9986016
2110,167035,66,pair_009_n5_009_control,control,1,0,0,12.600000000000001,0.04999999999999999,700000,9990240
2111,167108,73,pair_003_n3_003_control,control,1,0,0,12.530000000000001,0.04999999999999999,700000,9994912
2112,167174,66,pair_005_n3_005_conflict,conflict,1,0,0,12.600000000000001,0.04999999999999999,700000,9999136
2113,167240,66,pair_006_n5_006_control,control,1,0,0,12.600000000000001,0.04999999999999999,700000,10003360
2114,167307,67,pair_017_n5_017_conflict,conflict,1,0,0,12.590000000000002,0.04999999999999999,700000,10007648
2115,167380,73,pair_009_n5_009_conflict,conflict,1,0,0,12.530000000000001,0.04999999999999999,700000,10012320
2116,167450,70,pair_007_n3_007_conflict,conflict,1,0,0,12.560000000000002,0.04999999999999999,700000,10016800
2117,167520,70,pair_010_n5_010_control,control,1,0,0,12.560000000000002,0.04999999999999999,700000,10021280
2118,167572,52,pair_001_n5_001_conflict,conflict,0,1,0,0.7900000000000009,0.04999999999999999,700000,10024608
2119,167648,76,pair_016_n5_016_conflict,conflict,1,0,0,12.500000000000002,0.04999999999999999,700000,10029472
2120,167731,83,pair_014_n5_014_conflict,conflict,1,0,0,12.430000000000001,0.04999999999999999,700000,10034784
2121,167797,66,pair_017_n3_017_control,control,1,0,0,12.600000000000001,0.04999999999999999,700000,10039008
2122,167871,74,pair_012_n5_012_conflict,conflict,1,0,0,12.520000000000001,0.04999999999999999,700000,10043744
2123,167948,77,pair_000_n5_000_control,control,1,0,0,12.490000000000002,0.04999999999999999,700000,10048672
2124,168015,67,pair_016_n3_016_conflict,conflict,1,0,0,12.590000000000002,0.04999999999999999,700000,10052960
2125,168081,66,pair_012_n3_012_control,control,1,0,0,12.600000000000001,0.04999999999999999,700000,10057184
2126,168151,70,pair_001_n5_001_control,control,1,0,0,12.560000000000002,0.04999999999999999,700000,10061664
2127,168223,72,pair_006_n3_006_conflict,conflict,1,0,0,12.540000000000001,0.04999999999999999,700000,10066272
2128,168338,115,pair_008_n5_008_conflict,conflict,1,0,0,12.110000000000003,0.04999999999999999,700000,10073632
2129,168408,70,pair_000_n3_000_conflict,conflict,0,1,0,1.5600000000000018,0.04999999999999999,700000,10078112
2130,168477,69,pair_010_n3_010_conflict,conflict,1,0,0,12.570000000000002,0.04999999999999999,700000,10082528
2131,168548,71,pair_002_n5_002_conflict,conflict,1,0,0,12.55,0.04999999999999999,700000,10087072
2132,168623,75,pair_000_n5_000_conflict,conflict,1,0,0,12.510000000000002,0.04999999999999999,700000,10091872
2133,168689,66,pair_008_n3_008_conflict,conflict,1,0,0,12.600000000000001,0.04999999999999999,700000,10096096
2134,168761,72,pair_016_n5_016_control,control,1,0,0,12.540000000000003,0.04999999999999999,700000,10100704
2135,168834,73,pair_007_n5_007_control,control,1,0,0,12.530000000000001,0.04999999999999999,700000,10105376
2136,168900,66,pair_017_n5_017_control,control,1,0,0,12.600000000000001,0.04999999999999999,700000,10109600
2137,168970,70,pair_010_n5_010_conflict,conflict,1,0,0,12.560000000000002,0.04999999999999999,700000,10114080
2138,169036,66,pair_013_n5_013_conflict,conflict,1,0,0,12.600000000000001,0.04999999999999999,700000,10118304
2139,169105,69,pair_007_n3_007_control,control,1,0,0,12.570000000000002,0.04999999999999999,700000,10122720
2140,169171,66,pair_005_n3_005_control,control,1,0,0,12.600000000000001,0.04999999999999999,700000,10126944
2141,169240,69,pair_014_n3_014_control,control,1,0,0,12.570000000000002,0.04999999999999999,700000,10131360
2142,169317,77,pair_006_n5_006_conflict,conflict,1,0,0,12.490000000000002,0.04999999999999999,700000,10136288
2143,169388,71,pair_004_n3_004_control,control,1,0,0,12.55,0.04999999999999999,700000,10140832
2144,169458,70,pair_013_n5_013_control,control,1,0,0,12.560000000000002,0.04999999999999999,700000,10145312
2145,169532,74,pair_011_n3_011_control,control,1,0,0,12.520000000000001,0.04999999999999999,700000,10150048
2146,169598,66,pair_015_n3_015_conflict,conflict,1,0,0,12.600000000000001,0.04999999999999999,700000,10154272
2147,169666,68,pair_017_n3_017_conflict,conflict,1,0,0,12.580000000000002,0.04999999999999999,700000,10158624
2148,169739,73,pair_004_n5_004_control,control,1,0,0,12.530000000000001,0.04999999999999999,700000,10163296
2149,169808,69,pair_002_n5_002_control,control,1,0,0,12.570000000000002,0.04999999999999999,700000,10167712
2150,169877,69,pair_004_n3_004_conflict,conflict,1,0,0,12.570000000000002,0.04999999999999999,700000,10172128
2151,169949,72,pair_006_n3_006_control,control,1,0,0,12.540000000000001,0.04999999999999999,700000,10176736
2152,170021,72,pair_004_n5_004_conflict,conflict,1,0,0,12.540000000000003,0.04999999999999999,700000,10181344
2153,170090,69,pair_002_n3_002_control,control,1,0,0,12.570000000000002,0.04999999999999999,700000,10185760
2154,170160,70,pair_008_n3_008_control,control,1,0,0,12.560000000000002,0.04999999999999999,700000,10190240
2155,170226,66,pair_015_n3_015_control,control,1,0,0,12.600000000000001,0.04999999999999999,700000,10194464
2156,170299,73,pair_014_n3_014_conflict,conflict,1,0,0,12.530000000000001,0.04999999999999999,700000,10199136
2157,170368,69,pair_012_n5_012_control,control,1,0,0,12.570000000000002,0.04999999999999999,700000,10203552
2158,170441,73,pair_001_n3_001_control,control,1,0,0,12.530000000000001,0.04999999999999999,700000,10208224
2159,170511,70,pair_000_n3_000_control,control,1,0,0,12.560000000000002,0.04999999999999999,700000,10212704
2160,170581,70,pair_001_n5_001_conflict,conflict,1,0,0,12.560000000000002,0.04999999999999999,700000,10217184
2161,170663,82,pair_016_n3_016_control,control,1,0,0,12.440000000000001,0.04999999999999999,700000,10222432
2162,170732,69,pair_009_n5_009_control,control,1,0,0,12.570000000000002,0.04999999999999999,700000,10226848
2163,170798,66,pair_007_n3_007_conflict,conflict,1,0,0,12.600000000000001,0.04999999999999999,700000,10231072
2164,170867,69,pair_011_n3_011_control,control,1,0,0,12.570000000000002,0.04999999999999999,700000,10235488
2165,170937,70,pair_017_n3_017_conflict,conflict,1,0,0,12.560000000000002,0.04999999999999999,700000,10239968
2166,171009,72,pair_006_n5_006_control,control,1,0,0,12.540000000000001,0.04999999999999999,700000,10244576
2167,171075,66,pair_008_n5_008_control,control,1,0,0,12.600000000000001,0.04999999999999999,700000,10248800
2168,171150,75,pair_000_n5_000_conflict,conflict,1,0,0,12.510000000000002,0.04999999999999999,700000,10253600
2169,171227,77,pair_000_n3_000_control,control,1,0,0,12.490000000000002,0.04999999999999999,700000,10258528
2170,171297,70,pair_002_n5_002_control,control,1,0,0,12.560000000000002,0.04999999999999999,700000,10263008
2171,171364,67,pair_017_n3_017_control,control,1,0,0,12.590000000000002,0.04999999999999999,700000,10267296
2172,171433,69,pair_010_n3_010_control,control,1,0,0,12.570000000000002,0.04999999999999999,700000,10271712
2173,171502,69,pair_012_n3_012_conflict,conflict,1,0,0,12.570000000000002,0.04999999999999999,700000,10276128
2174,171571,69,pair_007_n3_007_control,control,1,0,0,12.570000000000002,0.04999999999999999,700000,10280544
2175,171644,73,pair_001_n3_001_control,control,1,0,0,12.530000000000001,0.04999999999999999,700000,10285216
2176,171714,70,pair_001_n3_001_conflict,conflict,1,0,0,12.560000000000002,0.04999999999999999,700000,10289696
2177,171780,66,pair_010_n3_010_conflict,conflict,1,0,0,12.600000000000001,0.04999999999999999,700000,10293920
2178,171858,78,pair_003_n5_003_conflict,conflict,1,0,0,12.480000000000002,0.04999999999999999,700000,10298912
2179,171924,66,pair_014_n3_014_control,control,1,0,0,12.600000000000001,0.04999999999999999,700000,10303136
2180,171991,67,pair_013_n5_013_conflict,conflict,1,0,0,12.590000000000002,0.04999999999999999,700000,10307424
2181,172060,69,pair_005_n3_005_conflict,conflict,1,0,0,12.570000000000002,0.04999999999999999,700000,10311840
2182,172127,67,pair_007_n5_007_conflict,conflict,1,0,0,12.590000000000002,0.04999999999999999,700000,10316128
2183,172336,209,pair_006_n5_006_conflict,conflict,1,0,0,11.170000000000003,0.04999999999999999,700000,10329504
2184,172405,69,pair_008_n3_008_conflict,conflict,1,0,0,12.570000000000002,0.04999999999999999,700000,10333920
2185,172475,70,pair_000_n3_000_conflict,conflict,1,0,0,12.560000000000002,0.04999999999999999,700000,10338400
2186,172541,66,pair_013_n3_013_conflict,conflict,1,0,0,12.600000000000001,0.04999999999999999,700000,10342624
2187,172614,73,pair_011_n3_011_conflict,conflict,1,0,0,12.530000000000001,0.04999999999999999,700000,10347296
2188,172633,19,pair_001_n5_001_control,control,0,1,0,-0.2799999999999999,0.04999999999999999,700000,10348512
2189,172699,66,pair_013_n5_013_control,control,1,0,0,12.600000000000001,0.04999999999999999,700000,10352736
2190,172771,72,pair_004_n3_004_control,control,1,0,0,12.540000000000001,0.04999999999999999,700000,10357344
2191,172839,68,pair_016_n3_016_conflict,conflict,1,0,0,12.580000000000002,0.04999999999999999,700000,10361696
2192,172912,73,pair_017_n5_017_conflict,conflict,1,0,0,12.530000000000001,0.04999999999999999,700000,10366368
2193,172983,71,pair_005_n5_005_conflict,conflict,1,0,0,12.55,0.04999999999999999,700000,10370912
2194,173052,69,pair_002_n3_002_conflict,conflict,1,0,0,12.570000000000002,0.04999999999999999,700000,10375328
2195,173121,69,pair_005_n5_005_control,control,1,0,0,12.570000000000002,0.04999999999999999,700000,10379744
2196,173191,70,pair_010_n5_010_conflict,conflict,1,0,0,12.560000000000002,0.04999999999999999,700000,10384224
2197,173301,110,pair_015_n5_015_control,control,1,0,0,12.160000000000002,0.04999999999999999,700000,10391264
2198,173373,72,pair_011_n5_011_control,control,1,0,0,12.540000000000003,0.04999999999999999,700000,10395872
2199,173445,72,pair_008_n5_008_conflict,conflict,1,0,0,12.540000000000001,0.04999999999999999,700000,10400480
2200,173520,75,pair_012_n5_012_conflict,conflict,1,0,0,12.510000000000002,0.04999999999999999,700000,10405280
2201,173586,66,pair_005_n3_005_control,control,1,0,0,12.600000000000001,0.04999999999999999,700000,10409504
2202,173652,66,pair_010_n5_010_control,control,1,0,0,12.600000000000001,0.04999999999999999,700000,10413728
2203,173662,10,pair_014_n5_014_control,control,0,1,0,-0.74,0.04999999999999999,700000,10414368
2204,173731,69,pair_007_n5_007_control,control,1,0,0,12.570000000000002,0.04999999999999999,700000,10418784
2205,173800,69,pair_011_n5_011_conflict,conflict,1,0,0,12.570000000000002,0.04999999999999999,700000,10423200
2206,173869,69,pair_000_n5_000_control,control,1,0,0,12.570000000000002,0.04999999999999999,700000,10427616
2207,173938,69,pair_009_n3_009_conflict,conflict,1,0,0,12.570000000000002,0.04999999999999999,700000,10432032
2208,174008,70,pair_002_n3_002_control,control,1,0,0,12.560000000000002,0.04999999999999999,700000,10436512
2209,174081,73,pair_006_n3_006_conflict,conflict,1,0,0,12.530000000000001,0.04999999999999999,700000,10441184
2210,174156,75,pair_017_n5_017_control,control,1,0,0,12.510000000000002,0.04999999999999999,700000,10445984
2211,174225,69,pair_012_n3_012_control,control,1,0,0,12.570000000000002,0.04999999999999999,700000,10450400
2212,174291,66,pair_009_n3_009_control,control,1,0,0,12.600000000000001,0.04999999999999999,700000,10454624
2213,174361,70,pair_015_n3_015_control,control,1,0,0,12.560000000000002,0.04999999999999999,700000,10459104
2214,174429,68,pair_015_n3_015_conflict,conflict,1,0,0,12.580000000000002,0.04999999999999999,700000,10463456
2215,174500,71,pair_014_n3_014_conflict,conflict,1,0,0,12.550000000000002,0.04999999999999999,700000,10468000
2216,174568,68,pair_004_n5_004_conflict,conflict,1,0,0,12.580000000000002,0.04999999999999999,700000,10472352
2217,174637,69,pair_016_n5_016_control,control,1,0,0,12.570000000000002,0.04999999999999999,700000,10476768
2218,174707,70,pair_003_n3_003_control,control,1,0,0,12.560000000000002,0.04999999999999999,700000,10481248
2219,174783,76,pair_004_n3_004_conflict,conflict,1,0,0,12.500000000000002,0.04999999999999999,700000,10486112
2220,174851,68,pair_014_n5_014_conflict,conflict,1,0,0,12.580000000000002,0.04999999999999999,700000,10490464
2221,174923,72,pair_016_n5_016_conflict,conflict,1,0,0,12.540000000000001,0.04999999999999999,700000,10495072
2222,174996,73,pair_003_n5_003_control,control,1,0,0,12.530000000000001,0.04999999999999999,700000,10499744
2223,175066,70,pair_012_n5_012_control,control,1,0,0,12.560000000000002,0.04999999999999999,700000,10504224
2224,175139,73,pair_003_n3_003_conflict,conflict,1,0,0,12.530000000000001,0.04999999999999999,700000,10508896
2225,175208,69,pair_008_n3_008_control,control,1,0,0,12.570000000000002,0.04999999999999999,700000,10513312
2226,175308,100,pair_015_n5_015_conflict,conflict,1,0,0,12.260000000000002,0.04999999999999999,700000,10519712
2227,175380,72,pair_002_n5_002_conflict,conflict,1,0,0,12.540000000000001,0.04999999999999999,700000,10524320
2228,175466,86,pair_013_n3_013_control,control,1,0,0,12.400000000000002,0.04999999999999999,700000,10529824
2229,175535,69,pair_009_n5_009_conflict,conflict,1,0,0,12.570000000000002,0.04999999999999999,700000,10534240
2230,175608,73,pair_006_n3_006_control,control,1,0,0,12.530000000000001,0.04999999999999999,700000,10538912
2231,175680,72,pair_004_n5_004_control,control,1,0,0,12.540000000000001,0.04999999999999999,700000,10543520
2232,175756,76,pair_003_n5_003_conflict,conflict,1,0,0,12.500000000000002,0.04999999999999999,700000,10548384
2233,175834,78,pair_000_n3_000_conflict,conflict,1,0,0,12.48,0.04999999999999999,700000,10553376
2234,175913,79,pair_017_n5_017_control,control,1,0,0,12.470000000000002,0.04999999999999999,700000,10558432
2235,175988,75,pair_000_n5_000_conflict,conflict,1,0,0,12.510000000000002,0.04999999999999999,700000,10563232
2236,176057,69,pair_002_n5_002_control,control,1,0,0,12.570000000000002,0.04999999999999999,700000,10567648
2237,176126,69,pair_001_n3_001_conflict,conflict,1,0,0,12.570000000000002,0.04999999999999999,700000,10572064
2238,176192,66,pair_005_n5_005_control,control,1,0,0,12.600000000000001,0.04999999999999999,700000,10576288
2239,176269,77,pair_004_n3_004_control,control,1,0,0,12.490000000000002,0.04999999999999999,700000,10581216
2240,176338,69,pair_007_n5_007_control,control,1,0,0,12.570000000000002,0.04999999999999999,700000,10585632
2241,176408,70,pair_015_n3_015_conflict,conflict,1,0,0,12.560000000000002,0.04999999999999999,700000,10590112
2242,176480,72,pair_011_n3_011_control,control,1,0,0,12.540000000000001,0.04999999999999999,700000,10594720
2243,176557,77,pair_004_n5_004_control,control,1,0,0,12.490000000000002,0.04999999999999999,700000,10599648
2244,176628,71,pair_016_n3_016_control,control,1,0,0,12.55,0.04999999999999999,700000,10604192
2245,176701,73,pair_001_n5_001_control,control,1,0,0,12.530000000000001,0.04999999999999999,700000,10608864
2246,176769,68,pair_013_n5_013_control,control,1,0,0,12.580000000000002,0.04999999999999999,700000,10613216
2247,176837,68,pair_006_n3_006_control,control,1,0,0,12.580000000000002,0.04999999999999999,700000,10617568
2248,176913,76,pair_010_n5_010_conflict,conflict,1,0,0,12.500000000000002,0.04999999999999999,700000,10622432
2249,176983,70,pair_004_n3_004_conflict,conflict,1,0,0,12.560000000000002,0.04999999999999999,700000,10626912
2250,177056,73,pair_005_n3_005_control,control,1,0,0,12.530000000000001,0.04999999999999999,700000,10631584
2251,177123,67,pair_017_n3_017_control,control,1,0,0,12.590000000000002,0.04999999999999999,700000,10635872
2252,177193,70,pair_010_n3_010_control,control,1,0,0,12.560000000000002,0.04999999999999999,700000,10640352
2253,177266,73,pair_005_n3_005_conflict,conflict,1,0,0,12.530000000000001,0.04999999999999999,700000,10645024
2254,177335,69,pair_002_n3_002_conflict,conflict,1,0,0,12.570000000000002,0.04999999999999999,700000,10649440
2255,177402,67,pair_008_n5_008_conflict,conflict,1,0,0,12.590000000000002,0.04999999999999999,700000,10653728
2256,177469,67,pair_013_n5_013_conflict,conflict,1,0,0,12.590000000000002,0.04999999999999999,700000,10658016
2257,177540,71,pair_012_n5_012_conflict,conflict,1,0,0,12.550000000000002,0.04999999999999999,700000,10662560
2258,177611,71,pair_005_n5_005_conflict,conflict,1,0,0,12.55,0.04999999999999999,700000,10667104
2259,177681,70,pair_017_n3_017_conflict,conflict,1,0,0,12.560000000000002,0.04999999999999999,700000,10671584
2260,177758,77,pair_011_n3_011_conflict,conflict,1,0,0,12.490000000000002,0.04999999999999999,700000,10676512
2261,177828,70,pair_008_n3_008_conflict,conflict,1,0,0,12.560000000000002,0.04999999999999999,700000,10680992
2262,177898,70,pair_003_n3_003_control,control,1,0,0,12.560000000000002,0.04999999999999999,700000,10685472
2263,177971,73,pair_011_n5_011_control,control,1,0,0,12.530000000000001,0.04999999999999999,700000,10690144
2264,178039,68,pair_016_n3_016_conflict,conflict,1,0,0,12.580000000000002,0.04999999999999999,700000,10694496
2265,178113,74,pair_002_n3_002_control,control,1,0,0,12.520000000000001,0.04999999999999999,700000,10699232
2266,178182,69,pair_008_n3_008_control,control,1,0,0,12.570000000000002,0.04999999999999999,700000,10703648
2267,178283,101,pair_016_n5_016_control,control,1,0,0,12.250000000000004,0.04999999999999999,700000,10710112
2268,178351,68,pair_002_n5_002_conflict,conflict,1,0,0,12.580000000000002,0.04999999999999999,700000,10714464
2269,178425,74,pair_000_n3_000_control,control,1,0,0,12.520000000000001,0.04999999999999999,700000,10719200
2270,178502,77,pair_008_n5_008_control,control,1,0,0,12.490000000000002,0.04999999999999999,700000,10724128
2271,178570,68,pair_016_n5_016_conflict,conflict,1,0,0,12.580000000000002,0.04999999999999999,700000,10728480
2272,178640,70,pair_013_n3_013_conflict,conflict,1,0,0,12.560000000000002,0.04999999999999999,700000,10732960
2273,178711,71,pair_015_n5_015_conflict,conflict,1,0,0,12.55,0.04999999999999999,700000,10737504
2274,178778,67,pair_001_n5_001_conflict,conflict,1,0,0,12.590000000000002,0.04999999999999999,700000,10741792
2275,178850,72,pair_014_n3_014_control,control,1,0,0,12.540000000000001,0.04999999999999999,700000,10746400
2276,178929,79,pair_012_n3_012_conflict,conflict,0,1,0,1.4700000000000015,0.04999999999999999,700000,10751456
2277,178998,69,pair_003_n3_003_conflict,conflict,1,0,0,12.570000000000002,0.04999999999999999,700000,10755872
2278,179070,72,pair_009_n3_009_control,control,1,0,0,12.540000000000001,0.04999999999999999,700000,10760480
2279,179139,69,pair_009_n5_009_control,control,1,0,0,12.570000000000002,0.04999999999999999,700000,10764896
2280,179211,72,pair_003_n5_003_control,control,1,0,0,12.540000000000003,0.04999999999999999,700000,10769504
2281,179282,71,pair_006_n3_006_conflict,conflict,1,0,0,12.55,0.04999999999999999,700000,10774048
2282,179353,71,pair_007_n5_007_conflict,conflict,1,0,0,12.55,0.04999999999999999,700000,10778592
2283,179426,73,pair_015_n5_015_control,control,1,0,0,12.530000000000001,0.04999999999999999,700000,10783264
2284,179495,69,pair_014_n5_014_control,control,1,0,0,12.570000000000002,0.04999999999999999,700000,10787680
2285,179566,71,pair_009_n3_009_conflict,conflict,1,0,0,12.55,0.04999999999999999,700000,10792224
2286,179641,75,pair_007_n3_007_conflict,conflict,1,0,0,12.510000000000002,0.04999999999999999,700000,10797024
2287,179717,76,pair_006_n5_006_control,control,1,0,0,12.500000000000004,0.04999999999999999,700000,10801888
2288,179786,69,pair_012_n3_012_control,control,1,0,0,12.570000000000002,0.04999999999999999,700000,10806304
2289,179863,77,pair_010_n5_010_control,control,1,0,0,12.490000000000002,0.04999999999999999,700000,10811232
2290,179944,81,pair_012_n5_012_control,control,1,0,0,12.450000000000001,0.04999999999999999,700000,10816416
2291,180011,67,pair_011_n5_011_conflict,conflict,1,0,0,12.590000000000002,0.04999999999999999,700000,10820704
2292,180079,68,pair_015_n3_015_control,control,1,0,0,12.580000000000002,0.04999999999999999,700000,10825056
2293,180146,67,pair_001_n3_001_control,control,1,0,0,12.590000000000002,0.04999999999999999,700000,10829344
2294,180215,69,pair_004_n5_004_conflict,conflict,1,0,0,12.570000000000002,0.04999999999999999,700000,10833760
2295,180227,12,pair_000_n5_000_control,control,0,1,0,-0.56,0.04999999999999999,700000,10834528
2296,180297,70,pair_006_n5_006_conflict,conflict,1,0,0,12.560000000000002,0.04999999999999999,700000,10839008
2297,180309,12,pair_017_n5_017_conflict,conflict,0,1,0,-0.81,0.04999999999999999,700000,10839776
2298,180379,70,pair_014_n3_014_conflict,conflict,1,0,0,12.560000000000002,0.04999999999999999,700000,10844256
2299,180452,73,pair_013_n3_013_control,control,1,0,0,12.530000000000001,0.04999999999999999,700000,10848928
2300,180521,69,pair_007_n3_007_control,control,1,0,0,12.570000000000002,0.04999999999999999,700000,10853344
2301,180594,73,pair_010_n3_010_conflict,conflict,1,0,0,12.530000000000001,0.04999999999999999,700000,10858016
2302,180687,93,pair_009_n5_009_conflict,conflict,1,0,0,12.330000000000005,0.04999999999999999,700000,10863968
2303,180739,52,pair_014_n5_014_conflict,conflict,0,1,0,0.6400000000000008,0.04999999999999999,700000,10867296
2304,180809,70,pair_016_n3_016_conflict,conflict,1,0,0,12.560000000000002,0.04999999999999999,700000,10871776
2305,180878,69,pair_004_n3_004_control,control,1,0,0,12.570000000000002,0.04999999999999999,700000,10876192
2306,180947,69,pair_002_n3_002_conflict,conflict,1,0,0,12.570000000000002,0.04999999999999999,700000,10880608
2307,181016,69,pair_017_n5_017_control,control,1,0,0,12.570000000000002,0.04999999999999999,700000,10885024
2308,181091,75,pair_003_n5_003_conflict,conflict,1,0,0,12.510000000000002,0.04999999999999999,700000,10889824
2309,181161,70,pair_010_n5_010_control,control,1,0,0,12.560000000000002,0.04999999999999999,700000,10894304
2310,181235,74,pair_003_n3_003_conflict,conflict,1,0,0,12.520000000000001,0.04999999999999999,700000,10899040
2311,181305,70,pair_006_n5_006_control,control,1,0,0,12.560000000000002,0.04999999999999999,700000,10903520
2312,181373,68,pair_005_n5_005_conflict,conflict,1,0,0,12.580000000000002,0.04999999999999999,700000,10907872
2313,181444,71,pair_007_n5_007_control,control,1,0,0,12.55,0.04999999999999999,700000,10912416
2314,181513,69,pair_000_n3_000_conflict,conflict,1,0,0,12.570000000000002,0.04999999999999999,700000,10916832
2315,181581,68,pair_017_n3_017_conflict,conflict,1,0,0,12.580000000000002,0.04999999999999999,700000,10921184
2316,181650,69,pair_001_n5_001_conflict,conflict,1,0,0,12.570000000000002,0.04999999999999999,700000,10925600
2317,181725,75,pair_008_n5_008_conflict,conflict,1,0,0,12.510000000000002,0.04999999999999999,700000,10930400
2318,181796,71,pair_015_n5_015_control,control,1,0,0,12.55,0.04999999999999999,700000,10934944
2319,181867,71,pair_008_n5_008_control,control,1,0,0,12.55,0.04999999999999999,700000,10939488
2320,181945,78,pair_013_n5_013_control,control,1,0,0,12.48,0.04999999999999999,700000,10944480
2321,182011,66,pair_016_n3_016_control,control,1,0,0,12.600000000000001,0.04999999999999999,700000,10948704
2322,182083,72,pair_009_n5_009_conflict,conflict,1,0,0,12.540000000000001,0.04999999999999999,700000,10953312
2323,182152,69,pair_004_n5_004_control,control,1,0,0,12.570000000000002,0.04999999999999999,700000,10957728
2324,182222,70,pair_009_n3_009_conflict,conflict,1,0,0,12.560000000000002,0.04999999999999999,700000,10962208
2325,182291,69,pair_000_n3_000_control,control,1,0,0,12.570000000000002,0.04999999999999999,700000,10966624
2326,182361,70,pair_014_n5_014_control,control,1,0,0,12.560000000000002,0.04999999999999999,700000,10971104
2327,182431,70,pair_011_n5_011_control,control,1,0,0,12.560000000000002,0.04999999999999999,700000,10975584
2328,182497,66,pair_007_n3_007_conflict,conflict,1,0,0,12.600000000000001,0.04999999999999999,700000,10979808
2329,182570,73,pair_012_n3_012_control,control,1,0,0,12.530000000000001,0.04999999999999999,700000,10984480
2330,182640,70,pair_007_n3_007_control,control,1,0,0,12.560000000000002,0.04999999999999999,700000,10988960
2331,182707,67,pair_015_n3_015_conflict,conflict,1,0,0,12.590000000000002,0.04999999999999999,700000,10993248
2332,182776,69,pair_011_n5_011_conflict,conflict,1,0,0,12.570000000000002,0.04999999999999999,700000,10997664
2333,182848,72,pair_010_n3_010_control,control,1,0,0,12.540000000000001,0.04999999999999999,700000,11002272
2334,182931,83,pair_014_n3_014_control,control,1,0,0,12.430000000000003,0.04999999999999999,700000,11007584
2335,183007,76,pair_016_n5_016_conflict,conflict,1,0,0,12.500000000000002,0.04999999999999999,700000,11012448
2336,183079,72,pair_007_n5_007_conflict,conflict,1,0,0,12.540000000000001,0.04999999999999999,700000,11017056
2337,183152,73,pair_013_n5_013_conflict,conflict,1,0,0,12.530000000000001,0.04999999999999999,700000,11021728
2338,183218,66,pair_008_n3_008_control,control,1,0,0,12.600000000000001,0.04999999999999999,700000,11025952
2339,183294,76,pair_012_n3_012_conflict,conflict,1,0,0,12.500000000000002,0.04999999999999999,700000,11030816
2340,183365,71,pair_006_n3_006_conflict,conflict,1,0,0,12.55,0.04999999999999999,700000,11035360
2341,183434,69,pair_016_n5_016_control,control,1,0,0,12.570000000000002,0.04999999999999999,700000,11039776
2342,183503,69,pair_005_n5_005_control,control,1,0,0,12.570000000000002,0.04999999999999999,700000,11044192
2343,183574,71,pair_011_n3_011_conflict,conflict,1,0,0,12.55,0.04999999999999999,700000,11048736
2344,183647,73,pair_006_n5_006_conflict,conflict,1,0,0,12.530000000000001,0.04999999999999999,700000,11053408
2345,183713,66,pair_017_n5_017_conflict,conflict,1,0,0,12.600000000000001,0.04999999999999999,700000,11057632
2346,183785,72,pair_013_n3_013_control,control,1,0,0,12.540000000000003,0.04999999999999999,700000,11062240
2347,183855,70,pair_011_n3_011_control,control,1,0,0,12.560000000000002,0.04999999999999999,700000,11066720
2348,183925,70,pair_003_n5_003_control,control,1,0,0,12.560000000000002,0.04999999999999999,700000,11071200
2349,184003,78,pair_012_n5_012_control,control,0,1,0,1.4800000000000013,0.04999999999999999,700000,11076192
2350,184074,71,pair_005_n3_005_conflict,conflict,1,0,0,12.55,0.04999999999999999,700000,11080736
2351,184143,69,pair_001_n3_001_control,control,1,0,0,12.570000000000002,0.04999999999999999,700000,11085152
2352,184220,77,pair_004_n3_004_conflict,conflict,1,0,0,12.490000000000002,0.04999999999999999,700000,11090080
2353,184288,68,pair_009_n3_009_control,control,1,0,0,12.580000000000002,0.04999999999999999,700000,11094432
2354,184357,69,pair_009_n5_009_control,control,1,0,0,12.570000000000002,0.04999999999999999,700000,11098848
2355,184428,71,pair_013_n3_013_conflict,conflict,1,0,0,12.55,0.04999999999999999,700000,11103392
2356,184500,72,pair_003_n3_003_control,control,1,0,0,12.540000000000001,0.04999999999999999,700000,11108000
2357,184575,75,pair_000_n5_000_conflict,conflict,1,0,0,12.510000000000002,0.04999999999999999,700000,11112800
2358,184645,70,pair_014_n3_014_conflict,conflict,1,0,0,12.560000000000002,0.04999999999999999,700000,11117280
2359,184723,78,pair_010_n3_010_conflict,conflict,1,0,0,12.480000000000002,0.04999999999999999,700000,11122272
2360,184789,66,pair_002_n3_002_control,control,1,0,0,12.600000000000001,0.04999999999999999,700000,11126496
2361,184857,68,pair_015_n5_015_conflict,conflict,1,0,0,12.580000000000002,0.04999999999999999,700000,11130848
2362,184925,68,pair_006_n3_006_control,control,1,0,0,12.580000000000002,0.04999999999999999,700000,11135200
2363,185050,125,pair_017_n3_017_control,control,1,0,0,12.010000000000002,0.04999999999999999,700000,11143200
2364,185120,70,pair_002_n5_002_control,control,1,0,0,12.560000000000002,0.04999999999999999,700000,11147680
2365,185190,70,pair_001_n5_001_control,control,1,0,0,12.560000000000002,0.04999999999999999,700000,11152160
2366,185258,68,pair_014_n5_014_conflict,conflict,1,0,0,12.580000000000002,0.04999999999999999,700000,11156512
2367,185330,72,pair_008_n3_008_conflict,conflict,1,0,0,12.540000000000003,0.04999999999999999,700000,11161120
2368,185405,75,pair_012_n5_012_conflict,conflict,1,0,0,12.510000000000002,0.04999999999999999,700000,11165920
2369,185476,71,pair_001_n3_001_conflict,conflict,1,0,0,12.55,0.04999999999999999,700000,11170464
2370,185543,67,pair_015_n3_015_control,control,1,0,0,12.590000000000002,0.04999999999999999,700000,11174752
2371,185614,71,pair_004_n5_004_conflict,conflict,1,0,0,12.55,0.04999999999999999,700000,11179296
2372,185681,67,pair_010_n5_010_conflict,conflict,1,0,0,12.590000000000002,0.04999999999999999,700000,11183584
2373,185752,71,pair_005_n3_005_control,control,1,0,0,12.55,0.04999999999999999,700000,11188128
2374,185825,73,pair_000_n5_000_control,control,1,0,0,12.530000000000001,0.04999999999999999,700000,11192800
2375,185893,68,pair_002_n5_002_conflict,conflict,1,0,0,12.580000000000002,0.04999999999999999,700000,11197152
2376,185961,68,pair_014_n3_014_conflict,conflict,1,0,0,12.580000000000002,0.04999999999999999,700000,11201504
2377,186037,76,pair_012_n5_012_conflict,conflict,1,0,0,12.500000000000002,0.04999999999999999,700000,11206368
2378,186106,69,pair_014_n5_014_control,control,1,0,0,12.570000000000002,0.04999999999999999,700000,11210784
2379,186175,69,pair_015_n5_015_conflict,conflict,1,0,0,12.570000000000002,0.04999999999999999,700000,11215200
2380,186246,71,pair_006_n3_006_control,control,1,0,0,12.55,0.04999999999999999,700000,11219744
2381,186323,77,pair_009_n5_009_conflict,conflict,1,0,0,12.490000000000002,0.04999999999999999,700000,11224672
2382,186396,73,pair_016_n3_016_control,control,1,0,0,12.530000000000001,0.04999999999999999,700000,11229344
2383,186466,70,pair_012_n5_012_control,control,1,0,0,12.560000000000002,0.04999999999999999,700000,11233824
2384,186545,79,pair_003_n3_003_conflict,conflict,1,0,0,12.470000000000002,0.04999999999999999,700000,11238880
2385,186612,67,pair_001_n5_001_conflict,conflict,1,0,0,12.590000000000002,0.04999999999999999,700000,11243168
2386,186679,67,pair_007_n5_007_conflict,conflict,1,0,0,12.590000000000002,0.04999999999999999,700000,11247456
2387,186748,69,pair_010_n3_010_conflict,conflict,1,0,0,12.570000000000002,0.04999999999999999,700000,11251872
2388,186820,72,pair_016_n3_016_conflict,conflict,1,0,0,12.540000000000001,0.04999999999999999,700000,11256480
2389,186890,70,pair_014_n5_014_conflict,conflict,1,0,0,12.560000000000002,0.04999999999999999,700000,11260960
2390,186959,69,pair_011_n3_011_control,control,1,0,0,12.570000000000002,0.04999999999999999,700000,11265376
2391,187028,69,pair_013_n3_013_control,control,1,0,0,12.570000000000002,0.04999999999999999,700000,11269792
2392,187100,72,pair_006_n5_006_control,control,1,0,0,12.540000000000001,0.04999999999999999,700000,11274400
2393,187171,71,pair_002_n5_002_control,control,1,0,0,12.55,0.04999999999999999,700000,11278944
2394,187218,47,pair_000_n5_000_control,control,0,1,0,0.840000000000001,0.04999999999999999,700000,11281952
2395,187292,74,pair_000_n5_000_conflict,conflict,1,0,0,12.520000000000001,0.04999999999999999,700000,11286688
2396,187360,68,pair_009_n3_009_control,control,1,0,0,12.580000000000002,0.04999999999999999,700000,11291040
2397,187391,31,pair_008_n3_008_control,control,0,1,0,-0.1499999999999998,0.04999999999999999,700000,11293024
2398,187463,72,pair_002_n5_002_conflict,conflict,1,0,0,12.540000000000001,0.04999999999999999,700000,11297632
2399,187531,68,pair_002_n3_002_control,control,1,0,0,12.580000000000002,0.04999999999999999,700000,11301984
2400,187605,74,pair_010_n5_010_control,control,1,0,0,12.520000000000001,0.04999999999999999,700000,11306720
2401,187677,72,pair_005_n5_005_conflict,conflict,1,0,0,12.540000000000001,0.04999999999999999,700000,11311328
2402,187743,66,pair_006_n3_006_conflict,conflict,1,0,0,12.600000000000001,0.04999999999999999,700000,11315552
2403,187809,66,pair_015_n3_015_control,control,1,0,0,12.600000000000001,0.04999999999999999,700000,11319776
2404,187878,69,pair_006_n5_006_conflict,conflict,1,0,0,12.570000000000002,0.04999999999999999,700000,11324192
2405,187960,82,pair_011_n5_011_control,control,1,0,0,12.440000000000001,0.04999999999999999,700000,11329440
2406,188027,67,pair_007_n5_007_control,control,1,0,0,12.590000000000002,0.04999999999999999,700000,11333728
2407,188093,66,pair_007_n3_007_control,control,1,0,0,12.600000000000001,0.04999999999999999,700000,11337952
2408,188144,51,pair_001_n3_001_control,control,0,1,0,0.900000000000001,0.04999999999999999,700000,11341216
2409,188222,78,pair_003_n5_003_conflict,conflict,1,0,0,12.48,0.04999999999999999,700000,11346208
2410,188293,71,pair_013_n5_013_control,control,1,0,0,12.550000000000002,0.04999999999999999,700000,11350752
2411,188298,5,pair_005_n5_005_control,control,0,1,0,-0.89,0.04999999999999999,700000,11351072
2412,188374,76,pair_009_n5_009_control,control,1,0,0,12.500000000000002,0.04999999999999999,700000,11355936
2413,188445,71,pair_014_n3_014_control,control,1,0,0,12.550000000000002,0.04999999999999999,700000,11360480
2414,188517,72,pair_001_n5_001_control,control,1,0,0,12.540000000000003,0.04999999999999999,700000,11365088
2415,188587,70,pair_002_n3_002_conflict,conflict,1,0,0,12.560000000000002,0.04999999999999999,700000,11369568
2416,188656,69,pair_000_n3_000_conflict,conflict,1,0,0,12.570000000000002,0.04999999999999999,700000,11373984
2417,188726,70,pair_016_n5_016_control,control,1,0,0,12.560000000000002,0.04999999999999999,700000,11378464
2418,188796,70,pair_010_n5_010_conflict,conflict,1,0,0,12.560000000000002,0.04999999999999999,700000,11382944
2419,188862,66,pair_015_n5_015_control,control,1,0,0,12.600000000000001,0.04999999999999999,700000,11387168
2420,188928,66,pair_000_n3_000_control,control,1,0,0,12.600000000000001,0.04999999999999999,700000,11391392
2421,189009,81,pair_011_n5_011_conflict,conflict,1,0,0,12.450000000000001,0.04999999999999999,700000,11396576
2422,189080,71,pair_004_n5_004_control,control,1,0,0,12.55,0.04999999999999999,700000,11401120
2423,189162,82,pair_008_n5_008_control,control,1,0,0,12.440000000000001,0.04999999999999999,700000,11406368
2424,189239,77,pair_017_n5_017_conflict,conflict,1,0,0,12.490000000000002,0.04999999999999999,700000,11411296
2425,189314,75,pair_013_n5_013_conflict,conflict,1,0,0,12.510000000000002,0.04999999999999999,700000,11416096
2426,189383,69,pair_004_n3_004_control,control,1,0,0,12.570000000000002,0.04999999999999999,700000,11420512
2427,189626,243,pair_008_n5_008_conflict,conflict,0,1,0,-2.220000000000001,0.04999999999999999,700000,11436064
2428,189696,70,pair_009_n3_009_conflict,conflict,1,0,0,12.560000000000002,0.04999999999999999,700000,11440544
2429,189781,85,pair_005_n3_005_conflict,conflict,1,0,0,12.410000000000002,0.04999999999999999,700000,11445984
2430,189850,69,pair_001_n3_001_conflict,conflict,1,0,0,12.570000000000002,0.04999999999999999,700000,11450400
2431,189925,75,pair_016_n5_016_conflict,conflict,1,0,0,12.510000000000002,0.04999999999999999,700000,11455200
2432,189993,68,pair_017_n3_017_control,control,1,0,0,12.580000000000002,0.04999999999999999,700000,11459552
2433,190063,70,pair_010_n3_010_control,control,1,0,0,12.560000000000002,0.04999999999999999,700000,11464032
2434,190135,72,pair_017_n5_017_control,control,1,0,0,12.540000000000001,0.04999999999999999,700000,11468640
2435,190212,77,pair_008_n3_008_conflict,conflict,1,0,0,12.490000000000002,0.04999999999999999,700000,11473568
2436,190279,67,pair_013_n3_013_conflict,conflict,1,0,0,12.590000000000002,0.04999999999999999,700000,11477856
2437,190356,77,pair_003_n3_003_control,control,1,0,0,12.490000000000002,0.04999999999999999,700000,11482784
2438,190437,81,pair_007_n3_007_conflict,conflict,1,0,0,12.450000000000001,0.04999999999999999,700000,11487968
2439,190506,69,pair_003_n5_003_control,control,1,0,0,12.570000000000002,0.04999999999999999,700000,11492384
2440,190580,74,pair_005_n3_005_control,control,1,0,0,12.520000000000001,0.04999999999999999,700000,11497120
2441,190651,71,pair_012_n3_012_conflict,conflict,1,0,0,12.55,0.04999999999999999,700000,11501664
2442,190726,75,pair_004_n5_004_conflict,conflict,1,0,0,12.510000000000002,0.04999999999999999,700000,11506464
2443,190794,68,pair_015_n3_015_conflict,conflict,1,0,0,12.580000000000002,0.04999999999999999,700000,11510816
2444,190869,75,pair_012_n3_012_control,control,1,0,0,12.510000000000002,0.04999999999999999,700000,11515616
2445,190950,81,pair_004_n3_004_conflict,conflict,1,0,0,12.450000000000001,0.04999999999999999,700000,11520800
2446,191027,77,pair_011_n3_011_conflict,conflict,1,0,0,12.490000000000002,0.04999999999999999,700000,11525728
2447,191097,70,pair_017_n3_017_conflict,conflict,1,0,0,12.560000000000002,0.04999999999999999,700000,11530208
2448,191172,75,pair_011_n3_011_conflict,conflict,1,0,0,12.510000000000002,0.04999999999999999,700000,11535008
2449,191238,66,pair_000_n5_000_control,control,1,0,0,12.600000000000001,0.04999999999999999,700000,11539232
2450,191307,69,pair_007_n5_007_control,control,1,0,0,12.570000000000002,0.04999999999999999,700000,11543648
2451,191375,68,pair_002_n5_002_conflict,conflict,1,0,0,12.580000000000002,0.04999999999999999,700000,11548000
2452,191445,70,pair_011_n5_011_control,control,1,0,0,12.560000000000002,0.04999999999999999,700000,11552480
2453,191515,70,pair_008_n5_008_conflict,conflict,1,0,0,12.560000000000002,0.04999999999999999,700000,11556960
2454,191587,72,pair_000_n5_000_conflict,conflict,1,0,0,12.540000000000003,0.04999999999999999,700000,11561568
2455,191656,69,pair_001_n3_001_conflict,conflict,1,0,0,12.570000000000002,0.04999999999999999,700000,11565984
2456,191725,69,pair_000_n3_000_conflict,conflict,1,0,0,12.570000000000002,0.04999999999999999,700000,11570400
2457,191793,68,pair_013_n3_013_conflict,conflict,1,0,0,12.580000000000002,0.04999999999999999,700000,11574752
2458,191862,69,pair_010_n3_010_control,control,1,0,0,12.570000000000002,0.04999999999999999,700000,11579168
2459,191934,72,pair_005_n3_005_control,control,1,0,0,12.540000000000001,0.04999999999999999,700000,11583776
2460,192004,70,pair_002_n3_002_conflict,conflict,1,0,0,12.560000000000002,0.04999999999999999,700000,11588256
2461,192072,68,pair_017_n5_017_conflict,conflict,1,0,0,12.580000000000002,0.04999999999999999,700000,11592608
2462,192141,69,pair_016_n5_016_control,control,1,0,0,12.570000000000002,0.04999999999999999,700000,11597024
2463,192215,74,pair_017_n3_017_control,control,1,0,0,12.520000000000001,0.04999999999999999,700000,11601760
2464,192281,66,pair_017_n5_017_control,control,1,0,0,12.600000000000001,0.04999999999999999,700000,11605984
2465,192366,85,pair_012_n5_012_control,control,1,0,0,12.410000000000002,0.04999999999999999,700000,11611424
2466,192443,77,pair_014_n5_014_conflict,conflict,1,0,0,12.490000000000002,0.04999999999999999,700000,11616352
2467,192520,77,pair_010_n5_010_control,control,1,0,0,12.490000000000002,0.04999999999999999,700000,11621280
2468,192591,71,pair_007_n5_007_conflict,conflict,1,0,0,12.55,0.04999999999999999,700000,11625824
2469,192661,70,pair_015_n3_015_conflict,conflict,1,0,0,12.560000000000002,0.04999999999999999,700000,11630304
2470,192728,67,pair_009_n3_009_control,control,1,0,0,12.590000000000002,0.04999999999999999,700000,11634592
2471,192799,71,pair_015_n5_015_conflict,conflict,1,0,0,12.55,0.04999999999999999,700000,11639136
2472,192871,72,pair_006_n3_006_conflict,conflict,1,0,0,12.540000000000003,0.04999999999999999,700000,11643744
2473,192940,69,pair_004_n5_004_conflict,conflict,1,0,0,12.570000000000002,0.04999999999999999,700000,11648160
2474,193011,71,pair_003_n3_003_control,control,1,0,0,12.55,0.04999999999999999,700000,11652704
2475,193077,66,pair_017_n3_017_conflict,conflict,1,0,0,12.600000000000001,0.04999999999999999,700000,11656928
2476,193146,69,pair_013_n5_013_conflict,conflict,1,0,0,12.570000000000002,0.04999999999999999,700000,11661344
2477,193213,67,pair_009_n3_009_conflict,conflict,1,0,0,12.590000000000002,0.04999999999999999,700000,11665632
2478,193283,70,pair_015_n3_015_control,control,1,0,0,12.560000000000002,0.04999999999999999,700000,11670112
2479,193354,71,pair_006_n5_006_conflict,conflict,1,0,0,12.55,0.04999999999999999,700000,11674656
2480,193423,69,pair_011_n3_011_control,control,1,0,0,12.570000000000002,0.04999999999999999,700000,11679072
2481,193490,67,pair_013_n3_013_control,control,1,0,0,12.590000000000002,0.04999999999999999,700000,11683360
2482,193556,66,pair_009_n5_009_conflict,conflict,1,0,0,12.600000000000001,0.04999999999999999,700000,11687584
2483,193625,69,pair_007_n3_007_control,control,1,0,0,12.570000000000002,0.04999999999999999,700000,11692000
2484,193697,72,pair_014_n3_014_control,control,1,0,0,12.540000000000001,0.04999999999999999,700000,11696608
2485,193763,66,pair_003_n3_003_conflict,conflict,1,0,0,12.600000000000001,0.04999999999999999,700000,11700832
2486,193836,73,pair_003_n5_003_conflict,conflict,1,0,0,12.530000000000001,0.04999999999999999,700000,11705504
2487,193905,69,pair_013_n5_013_control,control,1,0,0,12.570000000000002,0.04999999999999999,700000,11709920
2488,193975,70,pair_011_n5_011_conflict,conflict,1,0,0,12.560000000000002,0.04999999999999999,700000,11714400
2489,194044,69,pair_004_n3_004_conflict,conflict,1,0,0,12.570000000000002,0.04999999999999999,700000,11718816
2490,194114,70,pair_012_n5_012_conflict,conflict,1,0,0,12.560000000000002,0.04999999999999999,700000,11723296
2491,194180,66,pair_006_n3_006_control,control,1,0,0,12.600000000000001,0.04999999999999999,700000,11727520
2492,194251,71,pair_010_n5_010_conflict,conflict,1,0,0,12.55,0.04999999999999999,700000,11732064
2493,194325,74,pair_005_n3_005_conflict,conflict,1,0,0,12.520000000000001,0.04999999999999999,700000,11736800
2494,194394,69,pair_008_n3_008_conflict,conflict,1,0,0,12.570000000000002,0.04999999999999999,700000,11741216
2495,194471,77,pair_008_n5_008_control,control,1,0,0,12.490000000000002,0.04999999999999999,700000,11746144
2496,194537,66,pair_004_n5_004_control,control,1,0,0,12.600000000000001,0.04999999999999999,700000,11750368
2497,194603,66,pair_006_n5_006_control,control,1,0,0,12.600000000000001,0.04999999999999999,700000,11754592
2498,194672,69,pair_001_n3_001_control,control,1,0,0,12.570000000000002,0.04999999999999999,700000,11759008
2499,194741,69,pair_002_n3_002_control,control,1,0,0,12.570000000000002,0.04999999999999999,700000,11763424
2500,194812,71,pair_005_n5_005_conflict,conflict,1,0,0,12.55,0.04999999999999999,700000,11767968
2501,194881,69,pair_010_n3_010_conflict,conflict,1,0,0,12.570000000000002,0.04999999999999999,700000,11772384
2502,194951,70,pair_005_n5_005_control,control,1,0,0,12.560000000000002,0.04999999999999999,700000,11776864
2503,195020,69,pair_016_n3_016_control,control,1,0,0,12.570000000000002,0.04999999999999999,700000,11781280
2504,195091,71,pair_012_n3_012_control,control,1,0,0,12.55,0.04999999999999999,700000,11785824
2505,195163,72,pair_012_n3_012_conflict,conflict,1,0,0,12.540000000000001,0.04999999999999999,700000,11790432
2506,195232,69,pair_003_n5_003_control,control,1,0,0,12.570000000000002,0.04999999999999999,700000,11794848
2507,195303,71,pair_001_n5_001_conflict,conflict,1,0,0,12.55,0.04999999999999999,700000,11799392
2508,195381,78,pair_016_n5_016_conflict,conflict,1,0,0,12.480000000000002,0.04999999999999999,700000,11804384
2509,195450,69,pair_014_n3_014_conflict,conflict,1,0,0,12.570000000000002,0.04999999999999999,700000,11808800
2510,195519,69,pair_002_n5_002_control,control,1,0,0,12.570000000000002,0.04999999999999999,700000,11813216
2511,195591,72,pair_001_n5_001_control,control,1,0,0,12.540000000000001,0.04999999999999999,700000,11817824
2512,195661,70,pair_014_n5_014_control,control,1,0,0,12.560000000000002,0.04999999999999999,700000,11822304
2513,195733,72,pair_004_n3_004_control,control,1,0,0,12.540000000000001,0.04999999999999999,700000,11826912
2514,195801,68,pair_015_n5_015_control,control,1,0,0,12.580000000000002,0.04999999999999999,700000,11831264
2515,195874,73,pair_007_n3_007_conflict,conflict,1,0,0,12.530000000000001,0.04999999999999999,700000,11835936
2516,195945,71,pair_016_n3_016_conflict,conflict,1,0,0,12.55,0.04999999999999999,700000,11840480
2517,196015,70,pair_000_n3_000_control,control,1,0,0,12.560000000000002,0.04999999999999999,700000,11844960
2518,196088,73,pair_009_n5_009_control,control,1,0,0,12.530000000000001,0.04999999999999999,700000,11849632
2519,196163,75,pair_008_n3_008_control,control,1,0,0,12.510000000000002,0.04999999999999999,700000,11854432
2520,196233,70,pair_002_n5_002_conflict,conflict,1,0,0,12.560000000000002,0.04999999999999999,700000,11858912
2521,196302,69,pair_005_n3_005_conflict,conflict,1,0,0,12.570000000000002,0.04999999999999999,700000,11863328
2522,196372,70,pair_007_n3_007_control,control,1,0,0,12.560000000000002,0.04999999999999999,700000,11867808
2523,196441,69,pair_010_n3_010_control,control,1,0,0,12.570000000000002,0.04999999999999999,700000,11872224
2524,196513,72,pair_012_n3_012_control,control,1,0,0,12.540000000000003,0.04999999999999999,700000,11876832
2525,196581,68,pair_016_n5_016_conflict,conflict,1,0,0,12.580000000000002,0.04999999999999999,700000,11881184
2526,196650,69,pair_000_n3_000_conflict,conflict,1,0,0,12.570000000000002,0.04999999999999999,700000,11885600
2527,196717,67,pair_014_n3_014_conflict,conflict,1,0,0,12.590000000000002,0.04999999999999999,700000,11889888
2528,196784,67,pair_007_n5_007_conflict,conflict,1,0,0,12.590000000000002,0.04999999999999999,700000,11894176
2529,196852,68,pair_015_n5_015_conflict,conflict,1,0,0,12.580000000000002,0.04999999999999999,700000,11898528
2530,196921,69,pair_007_n5_007_control,control,1,0,0,12.570000000000002,0.04999999999999999,700000,11902944
2531,196998,77,pair_001_n3_001_control,control,1,0,0,12.490000000000002,0.04999999999999999,700000,11907872
2532,197072,74,pair_017_n5_017_conflict,conflict,1,0,0,12.520000000000001,0.04999999999999999,700000,11912608
2533,197140,68,pair_016_n3_016_conflict,conflict,1,0,0,12.580000000000002,0.04999999999999999,700000,11916960
2534,197207,67,pair_017_n3_017_control,control,1,0,0,12.590000000000002,0.04999999999999999,700000,11921248
2535,197276,69,pair_006_n5_006_conflict,conflict,1,0,0,12.570000000000002,0.04999999999999999,700000,11925664
2536,197346,70,pair_013_n3_013_conflict,conflict,1,0,0,12.560000000000002,0.04999999999999999,700000,11930144
2537,197418,72,pair_017_n5_017_control,control,1,0,0,12.540000000000001,0.04999999999999999,700000,11934752
2538,197485,67,pair_009_n3_009_conflict,conflict,1,0,0,12.590000000000002,0.04999999999999999,700000,11939040
2539,197554,69,pair_008_n5_008_control,control,1,0,0,12.570000000000002,0.04999999999999999,700000,11943456
2540,197624,70,pair_013_n3_013_control,control,1,0,0,12.560000000000002,0.04999999999999999,700000,11947936
2541,197694,70,pair_008_n3_008_conflict,conflict,1,0,0,12.560000000000002,0.04999999999999999,700000,11952416
2542,197762,68,pair_014_n3_014_control,control,1,0,0,12.580000000000002,0.04999999999999999,700000,11956768
2543,197831,69,pair_002_n5_002_control,control,1,0,0,12.570000000000002,0.04999999999999999,700000,11961184
2544,197901,70,pair_000_n5_000_conflict,conflict,1,0,0,12.560000000000002,0.04999999999999999,700000,11965664
2545,197973,72,pair_002_n3_002_conflict,conflict,1,0,0,12.540000000000001,0.04999999999999999,700000,11970272
2546,198039,66,pair_006_n3_006_conflict,conflict,1,0,0,12.600000000000001,0.04999999999999999,700000,11974496
2547,198106,67,pair_005_n5_005_conflict,conflict,1,0,0,12.590000000000002,0.04999999999999999,700000,11978784
2548,198173,67,pair_003_n5_003_conflict,conflict,1,0,0,12.590000000000002,0.04999999999999999,700000,11983072
2549,198248,75,pair_011_n5_011_conflict,conflict,1,0,0,12.510000000000002,0.04999999999999999,700000,11987872
2550,198320,72,pair_006_n5_006_control,control,1,0,0,12.540000000000001,0.04999999999999999,700000,11992480
2551,198388,68,pair_012_n5_012_conflict,conflict,1,0,0,12.580000000000002,0.04999999999999999,700000,11996832
2552,198454,66,pair_001_n5_001_control,control,1,0,0,12.600000000000001,0.04999999999999999,700000,12001056
2553,198523,69,pair_010_n5_010_control,control,1,0,0,12.570000000000002,0.04999999999999999,700000,12005472
2554,198594,71,pair_008_n3_008_control,control,1,0,0,12.55,0.04999999999999999,700000,12010016
2555,198600,6,pair_004_n5_004_control,control,0,1,0,-0.8,0.04999999999999999,700000,12010400
2556,198671,71,pair_012_n3_012_conflict,conflict,1,0,0,12.550000000000002,0.04999999999999999,700000,12014944
2557,198742,71,pair_003_n3_003_conflict,conflict,1,0,0,12.55,0.04999999999999999,700000,12019488
2558,198811,69,pair_011_n5_011_control,control,1,0,0,12.570000000000002,0.04999999999999999,700000,12023904
2559,198881,70,pair_014_n5_014_conflict,conflict,1,0,0,12.560000000000002,0.04999999999999999,700000,12028384
2560,198958,77,pair_013_n5_013_conflict,conflict,1,0,0,12.490000000000002,0.04999999999999999,700000,12033312
2561,199028,70,pair_012_n5_012_control,control,1,0,0,12.560000000000002,0.04999999999999999,700000,12037792
2562,199099,71,pair_006_n3_006_control,control,1,0,0,12.55,0.04999999999999999,700000,12042336
2563,199168,69,pair_007_n3_007_conflict,conflict,1,0,0,12.570000000000002,0.04999999999999999,700000,12046752
2564,199238,70,pair_015_n3_015_control,control,1,0,0,12.560000000000002,0.04999999999999999,700000,12051232
2565,199308,70,pair_000_n5_000_control,control,1,0,0,12.560000000000002,0.04999999999999999,700000,12055712
2566,199379,71,pair_001_n3_001_conflict,conflict,1,0,0,12.55,0.04999999999999999,700000,12060256
2567,199451,72,pair_004_n5_004_conflict,conflict,1,0,0,12.540000000000001,0.04999999999999999,700000,12064864
2568,199524,73,pair_011_n3_011_control,control,1,0,0,12.530000000000001,0.04999999999999999,700000,12069536
2569,199592,68,pair_013_n5_013_control,control,1,0,0,12.580000000000002,0.04999999999999999,700000,12073888
2570,199660,68,pair_001_n5_001_conflict,conflict,1,0,0,12.580000000000002,0.04999999999999999,700000,12078240
2571,199733,73,pair_004_n3_004_control,control,1,0,0,12.530000000000001,0.04999999999999999,700000,12082912
2572,199802,69,pair_009_n5_009_control,control,1,0,0,12.570000000000002,0.04999999999999999,700000,12087328
2573,199811,9,pair_009_n5_009_conflict,conflict,0,1,0,-0.78,0.04999999999999999,700000,12087904
2574,199883,72,pair_017_n3_017_conflict,conflict,1,0,0,12.540000000000001,0.04999999999999999,700000,12092512
2575,199949,66,pair_015_n3_015_conflict,conflict,1,0,0,12.600000000000001,0.04999999999999999,700000,12096736
2576,200000,51,pair_015_n5_015_control,control,0,0,1,2.040000000000001,0.04999999999999999,700000,12100000
