episode,environment_steps,episode_steps,scenario_id,condition,success,collision,budget_cutoff,return,epsilon,demo_samples_cumulative,online_samples_cumulative
0,48,48,pair_009_n3_009_conflict,conflict,0,1,0,0.38000000000000056,0.29992166666666664,768,2304
1,141,93,pair_013_n5_013_conflict,conflict,1,0,0,12.330000000000002,0.2997666666666667,2256,6768
2,203,62,pair_009_n3_009_control,control,0,1,0,0.24000000000000044,0.29966333333333334,3248,9744
3,210,7,pair_007_n5_007_control,control,0,1,0,-0.86,0.29965166666666665,3360,10080
4,232,22,pair_000_n5_000_control,control,0,1,0,-0.6600000000000001,0.29961499999999996,3712,11136
5,323,91,pair_008_n5_008_control,control,1,0,0,12.350000000000001,0.2994633333333333,5168,15504
6,410,87,pair_012_n3_012_conflict,conflict,1,0,0,12.39,0.2993183333333333,6560,19680
7,479,69,pair_006_n5_006_conflict,conflict,0,1,0,0.37000000000000055,0.2992033333333333,7664,22992
8,487,8,pair_013_n3_013_conflict,conflict,0,1,0,-0.87,0.29919,7792,23376
9,504,17,pair_005_n5_005_conflict,conflict,0,1,0,-0.4600000000000001,0.29916166666666666,8064,24192
10,520,16,pair_013_n3_013_control,control,0,1,0,-0.6000000000000001,0.299135,8320,24960
11,603,83,pair_005_n5_005_control,control,1,0,0,12.430000000000001,0.29899666666666663,9648,28944
12,615,12,pair_015_n3_015_conflict,conflict,0,1,0,-0.66,0.29897666666666667,9840,29520
13,633,18,pair_005_n3_005_control,control,0,1,0,-0.5200000000000001,0.29894666666666664,10128,30384
14,715,82,pair_015_n3_015_control,control,1,0,0,12.440000000000001,0.29880999999999996,11440,34320
15,805,90,pair_004_n5_004_control,control,1,0,0,12.360000000000001,0.29866,12880,38640
16,889,84,pair_010_n5_010_control,control,1,0,0,12.420000000000002,0.29852,14224,42672
17,978,89,pair_001_n3_001_conflict,conflict,1,0,0,12.370000000000001,0.29837166666666665,15648,46944
18,1005,27,pair_012_n5_012_conflict,conflict,0,1,0,-0.5600000000000003,0.29832666666666663,16080,48240
19,1039,34,pair_011_n3_011_control,control,0,1,0,0.02000000000000024,0.29827,16624,49872
20,1087,48,pair_011_n5_011_control,control,0,1,0,-0.11999999999999977,0.29819,17392,52176
21,1098,11,pair_017_n5_017_conflict,conflict,0,1,0,-0.6000000000000001,0.29817166666666667,17568,52704
22,1202,104,pair_003_n5_003_conflict,conflict,1,0,0,12.220000000000002,0.2979983333333333,19232,57696
23,1226,24,pair_015_n5_015_conflict,conflict,0,1,0,-0.68,0.2979583333333333,19616,58848
24,1242,16,pair_015_n5_015_control,control,0,1,0,-0.5000000000000001,0.29793166666666665,19872,59616
25,1255,13,pair_009_n5_009_control,control,0,1,0,-0.52,0.29791,20080,60240
26,1349,94,pair_010_n5_010_conflict,conflict,1,0,0,12.320000000000002,0.2977533333333333,21584,64752
27,1366,17,pair_003_n3_003_control,control,0,1,0,-0.4600000000000001,0.29772499999999996,21856,65568
28,1488,122,pair_003_n3_003_conflict,conflict,1,0,0,12.040000000000001,0.29752166666666663,23808,71424
29,1590,102,pair_010_n3_010_conflict,conflict,1,0,0,12.240000000000002,0.2973516666666667,25440,76320
30,1596,6,pair_014_n3_014_conflict,conflict,0,1,0,-0.9,0.29734166666666667,25536,76608
31,1691,95,pair_017_n3_017_control,control,1,0,0,12.310000000000002,0.2971833333333333,27056,81168
32,1718,27,pair_016_n5_016_conflict,conflict,0,1,0,-0.56,0.29713833333333334,27488,82464
33,1729,11,pair_000_n3_000_conflict,conflict,0,1,0,-0.65,0.29712,27664,82992
34,1819,90,pair_008_n5_008_conflict,conflict,0,1,0,0.9600000000000009,0.29697,29104,87312
35,1912,93,pair_004_n5_004_conflict,conflict,0,1,0,1.1300000000000012,0.296815,30592,91776
36,2019,107,pair_000_n3_000_control,control,0,1,0,1.0900000000000012,0.29663666666666666,32304,96912
37,2110,91,pair_011_n3_011_conflict,conflict,1,0,0,12.350000000000001,0.296485,33760,101280
38,2128,18,pair_016_n3_016_control,control,0,1,0,-0.72,0.29645499999999997,34048,102144
39,2139,11,pair_006_n5_006_control,control,0,1,0,-0.65,0.2964366666666667,34224,102672
40,2227,88,pair_001_n5_001_conflict,conflict,1,0,0,12.380000000000003,0.29629,35632,106896
41,2238,11,pair_013_n5_013_control,control,0,1,0,-0.6000000000000001,0.29627166666666666,35808,107424
42,2349,111,pair_002_n3_002_control,control,1,0,0,12.150000000000002,0.29608666666666666,37584,112752
43,2444,95,pair_008_n3_008_control,control,1,0,0,12.310000000000002,0.29592833333333335,39104,117312
44,2502,58,pair_006_n3_006_conflict,conflict,0,1,0,0.38000000000000056,0.29583166666666666,40032,120096
45,2509,7,pair_017_n3_017_conflict,conflict,0,1,0,-0.86,0.29581999999999997,40144,120432
46,2587,78,pair_001_n3_001_control,control,1,0,0,12.48,0.29569,41392,124176
47,2664,77,pair_004_n3_004_control,control,1,0,0,12.490000000000002,0.29556166666666667,42624,127872
48,2760,96,pair_000_n5_000_conflict,conflict,1,0,0,12.3,0.2954016666666667,44160,132480
49,2849,89,pair_002_n3_002_conflict,conflict,1,0,0,12.370000000000001,0.2952533333333333,45584,136752
50,2856,7,pair_002_n5_002_control,control,0,1,0,-0.86,0.2952416666666667,45696,137088
51,2964,108,pair_007_n3_007_control,control,1,0,0,12.180000000000001,0.29506166666666667,47424,142272
52,3064,100,pair_002_n5_002_conflict,conflict,0,1,0,1.2100000000000013,0.29489499999999996,49024,147072
53,3071,7,pair_007_n3_007_conflict,conflict,0,1,0,-0.86,0.29488333333333333,49136,147408
54,3176,105,pair_001_n5_001_control,control,0,1,0,1.2100000000000013,0.29470833333333335,50816,152448
55,3277,101,pair_004_n3_004_conflict,conflict,1,0,0,12.250000000000002,0.29453999999999997,52432,157296
56,3368,91,pair_017_n5_017_control,control,1,0,0,12.350000000000001,0.2943883333333333,53888,161664
57,3458,90,pair_010_n3_010_control,control,1,0,0,12.360000000000001,0.2942383333333333,55328,165984
58,3560,102,pair_008_n3_008_conflict,conflict,1,0,0,12.240000000000002,0.2940683333333333,56960,170880
59,3566,6,pair_007_n5_007_conflict,conflict,0,1,0,-0.9,0.2940583333333333,57056,171168
60,3667,101,pair_014_n5_014_control,control,1,0,0,12.250000000000002,0.29389,58672,176016
61,3784,117,pair_011_n5_011_conflict,conflict,1,0,0,12.090000000000002,0.293695,60544,181632
62,3900,116,pair_016_n5_016_control,control,1,0,0,12.100000000000001,0.29350166666666666,62400,187200
63,4003,103,pair_014_n5_014_conflict,conflict,1,0,0,12.23,0.29333,64048,192144
64,4010,7,pair_012_n3_012_control,control,0,1,0,-0.86,0.29331833333333335,64160,192480
65,4120,110,pair_012_n5_012_control,control,1,0,0,12.16,0.293135,65920,197760
66,4222,102,pair_016_n3_016_conflict,conflict,1,0,0,12.240000000000002,0.292965,67552,202656
67,4316,94,pair_006_n3_006_control,control,1,0,0,12.320000000000002,0.29280833333333334,69056,207168
68,4333,17,pair_005_n3_005_conflict,conflict,0,1,0,-0.4600000000000001,0.29278,69328,207984
69,4418,85,pair_009_n5_009_conflict,conflict,1,0,0,12.410000000000002,0.29263833333333333,70688,212064
70,4515,97,pair_003_n5_003_control,control,0,1,0,1.240000000000001,0.29247666666666666,72240,216720
71,4600,85,pair_014_n3_014_control,control,1,0,0,12.410000000000002,0.292335,73600,220800
72,4704,104,pair_013_n3_013_conflict,conflict,1,0,0,12.22,0.29216166666666665,75264,225792
73,4791,87,pair_006_n5_006_control,control,1,0,0,12.39,0.29201666666666665,76656,229968
74,4884,93,pair_007_n3_007_control,control,1,0,0,12.330000000000002,0.29186166666666663,78144,234432
75,4976,92,pair_002_n3_002_conflict,conflict,1,0,0,12.340000000000002,0.29170833333333335,79616,238848
76,5103,127,pair_017_n3_017_conflict,conflict,1,0,0,11.990000000000002,0.2914966666666667,81648,244944
77,5198,95,pair_016_n5_016_conflict,conflict,1,0,0,12.310000000000002,0.2913383333333333,83168,249504
78,5285,87,pair_000_n5_000_conflict,conflict,1,0,0,12.39,0.2911933333333333,84560,253680
79,5365,80,pair_008_n5_008_control,control,1,0,0,12.46,0.29106,85840,257520
80,5469,104,pair_009_n3_009_control,control,1,0,0,12.22,0.2908866666666667,87504,262512
81,5565,96,pair_012_n5_012_conflict,conflict,1,0,0,12.3,0.29072666666666663,89040,267120
82,5665,100,pair_007_n5_007_conflict,conflict,1,0,0,12.260000000000002,0.29056,90640,271920
83,5802,137,pair_012_n3_012_control,control,1,0,0,11.89,0.29033166666666665,92832,278496
84,5913,111,pair_010_n3_010_control,control,1,0,0,12.15,0.29014666666666666,94608,283824
85,6008,95,pair_002_n5_002_conflict,conflict,1,0,0,12.310000000000002,0.28998833333333335,96128,288384
86,6119,111,pair_004_n5_004_conflict,conflict,0,1,0,1.1000000000000023,0.2898033333333333,97904,293712
87,6217,98,pair_016_n3_016_conflict,conflict,1,0,0,12.280000000000001,0.28964,99472,298416
88,6334,117,pair_009_n5_009_conflict,conflict,1,0,0,12.090000000000002,0.289445,101344,304032
89,6534,200,pair_006_n3_006_conflict,conflict,1,0,0,11.26,0.28911166666666666,104544,313632
90,6639,105,pair_007_n3_007_conflict,conflict,1,0,0,12.21,0.2889366666666667,106224,318672
91,6726,87,pair_014_n5_014_conflict,conflict,1,0,0,12.39,0.28879166666666667,107616,322848
92,6906,180,pair_001_n5_001_control,control,0,1,0,0.36000000000000254,0.28849166666666665,110496,331488
93,6997,91,pair_013_n5_013_conflict,conflict,1,0,0,12.350000000000001,0.28834,111952,335856
94,7021,24,pair_017_n3_017_control,control,0,1,0,-0.6800000000000002,0.2883,112336,337008
95,7113,92,pair_013_n5_013_control,control,1,0,0,12.340000000000002,0.28814666666666666,113808,341424
96,7223,110,pair_006_n5_006_conflict,conflict,0,1,0,1.1600000000000015,0.28796333333333335,115568,346704
97,7324,101,pair_015_n3_015_control,control,1,0,0,12.250000000000002,0.28779499999999997,117184,351552
98,7418,94,pair_010_n5_010_control,control,1,0,0,12.32,0.28763833333333333,118688,356064
99,7525,107,pair_012_n5_012_control,control,1,0,0,12.190000000000001,0.28746,120400,361200
100,7794,269,pair_005_n5_005_conflict,conflict,1,0,0,10.57,0.28701166666666666,124704,374112
101,7892,98,pair_009_n3_009_conflict,conflict,1,0,0,12.280000000000001,0.2868483333333333,126272,378816
102,7933,41,pair_008_n3_008_conflict,conflict,0,1,0,-0.1499999999999998,0.28678,126928,380784
103,8098,165,pair_004_n3_004_control,control,0,1,0,0.5100000000000007,0.286505,129568,388704
104,8398,300,pair_003_n3_003_conflict,conflict,0,0,0,-2.4500000000000006,0.286005,134368,403104
105,8698,300,pair_005_n3_005_conflict,conflict,0,0,0,-2.4499999999999975,0.285505,139168,417504
106,8998,300,pair_003_n3_003_control,control,0,0,0,-2.749999999999999,0.285005,143968,431904
107,9298,300,pair_008_n5_008_conflict,conflict,0,0,0,0.04999999999999949,0.284505,148768,446304
108,9387,89,pair_011_n3_011_conflict,conflict,0,1,0,1.120000000000001,0.28435666666666665,150192,450576
109,9687,300,pair_011_n3_011_control,control,0,0,0,0.09999999999999938,0.28385666666666665,154992,464976
110,9825,138,pair_015_n3_015_conflict,conflict,1,0,0,11.88,0.28362666666666664,157200,471600
111,10125,300,pair_000_n3_000_conflict,conflict,0,0,0,-1.2999999999999952,0.28312666666666664,161750,486250
112,10227,102,pair_011_n5_011_conflict,conflict,0,1,0,1.1400000000000015,0.28295666666666663,163178,491350
113,10325,98,pair_000_n5_000_control,control,0,1,0,1.1800000000000015,0.28279333333333334,164550,496250
114,10456,131,pair_014_n5_014_control,control,1,0,0,11.950000000000001,0.28257499999999997,166384,502800
115,10543,87,pair_017_n5_017_conflict,conflict,1,0,0,12.39,0.28243,167602,507150
116,10643,100,pair_002_n3_002_control,control,1,0,0,12.260000000000002,0.2822633333333333,169002,512150
117,10645,2,pair_014_n3_014_conflict,conflict,0,1,0,-0.96,0.28226,169030,512250
118,10767,122,pair_015_n5_015_control,control,1,0,0,12.040000000000001,0.2820566666666667,170738,518350
119,10864,97,pair_006_n3_006_control,control,1,0,0,12.290000000000001,0.281895,172096,523200
120,10946,82,pair_001_n3_001_conflict,conflict,1,0,0,12.440000000000001,0.28175833333333333,173244,527300
121,11070,124,pair_016_n5_016_control,control,1,0,0,12.020000000000001,0.28155166666666664,174980,533500
122,11176,106,pair_009_n5_009_control,control,1,0,0,12.200000000000001,0.281375,176464,538800
123,11287,111,pair_013_n3_013_control,control,1,0,0,12.150000000000002,0.28119,178018,544350
124,11324,37,pair_001_n5_001_conflict,conflict,0,1,0,-0.31000000000000005,0.2811283333333333,178536,546200
125,11428,104,pair_004_n3_004_conflict,conflict,1,0,0,12.220000000000002,0.280955,179992,551400
126,11519,91,pair_000_n3_000_control,control,1,0,0,12.350000000000001,0.2808033333333333,181266,555950
127,11560,41,pair_010_n3_010_conflict,conflict,0,1,0,-0.35,0.280735,181840,558000
128,11664,104,pair_001_n3_001_control,control,1,0,0,12.220000000000002,0.28056166666666665,183296,563200
129,11687,23,pair_016_n3_016_control,control,0,1,0,-0.9700000000000001,0.28052333333333335,183618,564350
130,11881,194,pair_007_n5_007_control,control,1,0,0,11.320000000000002,0.2802,186334,574050
131,12005,124,pair_017_n5_017_control,control,1,0,0,12.020000000000001,0.2799933333333333,188070,580250
132,12231,226,pair_003_n5_003_control,control,1,0,0,11.0,0.2796166666666667,191234,591550
133,12335,104,pair_008_n3_008_control,control,1,0,0,12.220000000000002,0.2794433333333333,192690,596750
134,12468,133,pair_011_n5_011_control,control,1,0,0,11.930000000000001,0.27922166666666665,194552,603400
135,12556,88,pair_002_n5_002_control,control,1,0,0,12.380000000000003,0.27907499999999996,195784,607800
136,12655,99,pair_014_n3_014_control,control,1,0,0,12.270000000000001,0.27891,197170,612750
137,12782,127,pair_005_n5_005_control,control,1,0,0,11.990000000000002,0.2786983333333333,198948,619100
138,12883,101,pair_005_n3_005_control,control,1,0,0,12.250000000000002,0.27853,200362,624150
139,12970,87,pair_012_n3_012_conflict,conflict,1,0,0,12.390000000000002,0.278385,201580,628500
140,13074,104,pair_015_n5_015_conflict,conflict,1,0,0,12.220000000000002,0.27821166666666663,203036,633700
141,13185,111,pair_010_n5_010_conflict,conflict,1,0,0,12.150000000000002,0.27802666666666664,204590,639250
142,13303,118,pair_003_n5_003_conflict,conflict,1,0,0,12.080000000000002,0.27782999999999997,206242,645150
143,13403,100,pair_004_n5_004_control,control,1,0,0,12.260000000000002,0.2776633333333333,207642,650150
144,13477,74,pair_017_n5_017_control,control,1,0,0,12.520000000000001,0.27754,208678,653850
145,13586,109,pair_004_n5_004_control,control,1,0,0,12.170000000000002,0.2773583333333333,210204,659300
146,13677,91,pair_005_n3_005_control,control,1,0,0,12.350000000000001,0.27720666666666666,211478,663850
147,13784,107,pair_014_n5_014_conflict,conflict,1,0,0,12.190000000000001,0.2770283333333333,212976,669200
148,13898,114,pair_013_n3_013_conflict,conflict,1,0,0,12.120000000000001,0.2768383333333333,214572,674900
149,14014,116,pair_007_n3_007_control,control,1,0,0,12.100000000000001,0.276645,216196,680700
150,14100,86,pair_002_n3_002_conflict,conflict,1,0,0,12.400000000000002,0.27650166666666665,217400,685000
151,14221,121,pair_015_n5_015_conflict,conflict,1,0,0,12.05,0.2763,219094,691050
152,14230,9,pair_016_n5_016_control,control,0,1,0,-0.98,0.276285,219220,691500
153,14326,96,pair_009_n5_009_control,control,1,0,0,12.3,0.276125,220564,696300
154,14432,106,pair_006_n5_006_control,control,1,0,0,12.200000000000001,0.27594833333333335,222048,701600
155,14670,238,pair_010_n5_010_control,control,1,0,0,10.88,0.27555166666666664,225380,713500
156,14758,88,pair_016_n5_016_conflict,conflict,1,0,0,12.380000000000003,0.275405,226612,717900
157,14928,170,pair_008_n5_008_conflict,conflict,1,0,0,11.56,0.27512166666666665,228992,726400
158,15024,96,pair_013_n5_013_control,control,1,0,0,12.3,0.27496166666666666,230336,731200
159,15115,91,pair_005_n3_005_conflict,conflict,1,0,0,12.350000000000001,0.27481,231610,735750
160,15121,6,pair_017_n3_017_conflict,conflict,0,1,0,-0.85,0.2748,231694,736050
161,15254,133,pair_012_n5_012_conflict,conflict,1,0,0,11.930000000000001,0.2745783333333333,233556,742700
162,15366,112,pair_008_n5_008_control,control,1,0,0,12.14,0.27439166666666664,235124,748300
163,15368,2,pair_002_n3_002_control,control,0,1,0,-0.96,0.27438833333333335,235152,748400
164,15472,104,pair_016_n3_016_control,control,1,0,0,12.22,0.274215,236608,753600
165,15585,113,pair_015_n3_015_control,control,1,0,0,12.13,0.27402666666666664,238190,759250
166,15677,92,pair_013_n3_013_control,control,1,0,0,12.340000000000002,0.2738733333333333,239478,763850
167,15801,124,pair_012_n5_012_control,control,1,0,0,12.020000000000001,0.27366666666666667,241214,770050
168,15897,96,pair_007_n3_007_conflict,conflict,1,0,0,12.3,0.2735066666666667,242558,774850
169,15989,92,pair_014_n5_014_control,control,1,0,0,12.340000000000002,0.27335333333333334,243846,779450
170,16084,95,pair_001_n3_001_conflict,conflict,1,0,0,12.310000000000002,0.27319499999999997,245176,784200
171,16190,106,pair_012_n3_012_control,control,1,0,0,12.200000000000001,0.2730183333333333,246660,789500
172,16290,100,pair_000_n3_000_control,control,1,0,0,12.260000000000002,0.27285166666666666,248060,794500
173,16390,100,pair_015_n5_015_control,control,1,0,0,12.260000000000002,0.272685,249460,799500
174,16496,106,pair_004_n5_004_conflict,conflict,1,0,0,12.200000000000001,0.2725083333333333,250944,804800
175,16584,88,pair_000_n5_000_control,control,1,0,0,12.380000000000003,0.27236166666666667,252176,809200
176,16678,94,pair_004_n3_004_conflict,conflict,1,0,0,12.320000000000002,0.272205,253492,813900
177,16807,129,pair_003_n5_003_control,control,1,0,0,11.97,0.27199,255298,820350
178,16946,139,pair_001_n5_001_conflict,conflict,1,0,0,11.870000000000001,0.2717583333333333,257244,827300
179,17040,94,pair_011_n5_011_conflict,conflict,1,0,0,12.320000000000002,0.27160166666666663,258560,832000
180,17131,91,pair_001_n3_001_control,control,1,0,0,12.350000000000001,0.27144999999999997,259834,836550
181,17240,109,pair_010_n5_010_conflict,conflict,1,0,0,12.170000000000002,0.27126833333333333,261360,842000
182,17340,100,pair_003_n3_003_control,control,1,0,0,12.260000000000002,0.27110166666666663,262760,847000
183,17453,113,pair_015_n3_015_conflict,conflict,1,0,0,12.13,0.27091333333333334,264342,852650
184,17544,91,pair_000_n5_000_conflict,conflict,1,0,0,12.350000000000001,0.2707616666666667,265616,857200
185,17632,88,pair_017_n5_017_conflict,conflict,1,0,0,12.38,0.270615,266848,861600
186,17639,7,pair_009_n3_009_control,control,0,1,0,-0.86,0.2706033333333333,266946,861950
187,17748,109,pair_004_n3_004_control,control,1,0,0,12.170000000000002,0.27042166666666667,268472,867400
188,17828,80,pair_008_n3_008_conflict,conflict,0,1,0,1.4600000000000013,0.2702883333333333,269592,871400
189,17911,83,pair_005_n5_005_control,control,1,0,0,12.430000000000001,0.27015,270754,875550
190,18005,94,pair_002_n5_002_control,control,1,0,0,12.320000000000002,0.2699933333333333,272070,880250
191,18101,96,pair_011_n3_011_control,control,1,0,0,12.3,0.2698333333333333,273414,885050
192,18202,101,pair_013_n5_013_conflict,conflict,1,0,0,12.250000000000002,0.269665,274828,890100
193,18291,89,pair_003_n5_003_conflict,conflict,1,0,0,12.370000000000001,0.2695166666666666,276074,894550
194,18400,109,pair_002_n5_002_conflict,conflict,1,0,0,12.170000000000002,0.269335,277600,900000
195,18402,2,pair_007_n5_007_conflict,conflict,0,1,0,-0.96,0.26933166666666664,277628,900100
196,18489,87,pair_009_n5_009_conflict,conflict,0,1,0,1.2900000000000014,0.26918666666666663,278846,904450
197,18602,113,pair_014_n3_014_conflict,conflict,1,0,0,12.13,0.26899833333333334,280428,910100
198,18706,104,pair_012_n3_012_conflict,conflict,1,0,0,12.220000000000002,0.268825,281884,915300
199,18861,155,pair_006_n3_006_control,control,1,0,0,11.71,0.2685666666666667,284054,923050
200,18957,96,pair_009_n3_009_conflict,conflict,1,0,0,12.3,0.2684066666666667,285398,927850
201,19072,115,pair_011_n3_011_conflict,conflict,1,0,0,12.110000000000001,0.268215,287008,933600
202,19167,95,pair_006_n3_006_conflict,conflict,1,0,0,12.310000000000002,0.26805666666666667,288338,938350
203,19258,91,pair_008_n3_008_control,control,1,0,0,12.350000000000001,0.267905,289612,942900
204,19498,240,pair_017_n3_017_control,control,1,0,0,10.860000000000001,0.267505,292972,954900
205,19590,92,pair_010_n3_010_control,control,0,1,0,1.2400000000000015,0.26735166666666665,294260,959500
206,19686,96,pair_006_n5_006_conflict,conflict,1,0,0,12.3,0.26719166666666666,295604,964300
207,19775,89,pair_016_n3_016_conflict,conflict,1,0,0,12.370000000000001,0.2670433333333333,296850,968750
208,19866,91,pair_001_n5_001_control,control,1,0,0,12.350000000000001,0.26689166666666664,298124,973300
209,19957,91,pair_014_n3_014_control,control,1,0,0,12.350000000000001,0.26674,299398,977850
210,20057,100,pair_000_n3_000_conflict,conflict,1,0,0,12.260000000000002,0.26657333333333333,300627,983021
211,20147,90,pair_007_n5_007_control,control,1,0,0,12.360000000000001,0.26642333333333335,301617,987791
212,20179,32,pair_010_n3_010_conflict,conflict,0,1,0,-0.20999999999999985,0.26637,301969,989487
213,20281,102,pair_003_n3_003_conflict,conflict,1,0,0,12.240000000000002,0.2662,303091,994893
214,20390,109,pair_011_n5_011_control,control,1,0,0,12.170000000000002,0.2660183333333333,304290,1000670
215,20488,98,pair_005_n5_005_conflict,conflict,0,1,0,1.2300000000000013,0.265855,305368,1005864
216,20576,88,pair_015_n3_015_conflict,conflict,1,0,0,12.380000000000003,0.2657083333333333,306336,1010528
217,20669,93,pair_017_n5_017_conflict,conflict,1,0,0,12.330000000000002,0.2655533333333333,307359,1015457
218,20750,81,pair_013_n5_013_control,control,1,0,0,12.450000000000001,0.2654183333333333,308250,1019750
219,20878,128,pair_001_n3_001_conflict,conflict,1,0,0,11.98,0.26520499999999997,309658,1026534
220,20886,8,pair_015_n3_015_control,control,0,1,0,-0.87,0.26519166666666666,309746,1026958
221,20970,84,pair_001_n3_001_control,control,1,0,0,12.420000000000002,0.2650516666666667,310670,1031410
222,21089,119,pair_011_n5_011_control,control,0,1,0,0.6700000000000008,0.26485333333333333,311979,1037717
223,21143,54,pair_003_n5_003_control,control,0,1,0,-0.73,0.26476333333333335,312573,1040579
224,21228,85,pair_009_n5_009_conflict,conflict,1,0,0,12.410000000000002,0.26462166666666664,313508,1045084
225,21313,85,pair_011_n5_011_conflict,conflict,1,0,0,12.410000000000002,0.26448,314443,1049589
226,21613,300,pair_005_n3_005_conflict,conflict,0,0,0,0.19999999999999968,0.26398,317743,1065489
227,21699,86,pair_016_n3_016_conflict,conflict,0,1,0,1.100000000000001,0.26383666666666666,318689,1070047
228,21794,95,pair_017_n3_017_conflict,conflict,1,0,0,12.310000000000002,0.26367833333333335,319734,1075082
229,21890,96,pair_003_n3_003_conflict,conflict,0,1,0,1.2500000000000013,0.2635183333333333,320790,1080170
230,22190,300,pair_005_n5_005_control,control,0,0,0,0.15000000000000077,0.2630183333333333,324090,1096070
231,22490,300,pair_000_n5_000_control,control,0,0,0,0.1999999999999999,0.2625183333333333,327390,1111970
232,22589,99,pair_000_n3_000_control,control,0,1,0,1.2700000000000014,0.2623533333333333,328479,1117217
233,22889,300,pair_003_n5_003_conflict,conflict,0,0,0,0.19999999999999943,0.2618533333333333,331779,1133117
234,23189,300,pair_002_n3_002_conflict,conflict,0,0,0,-3.677613769070831e-16,0.2613533333333333,335079,1149017
235,23386,197,pair_008_n3_008_control,control,0,1,0,0.24000000000000066,0.261025,337246,1159458
236,23487,101,pair_014_n5_014_conflict,conflict,0,1,0,0.8000000000000007,0.2608566666666666,338357,1164811
237,23598,111,pair_006_n3_006_conflict,conflict,1,0,0,12.150000000000002,0.26067166666666663,339578,1170694
238,23707,109,pair_015_n5_015_conflict,conflict,1,0,0,12.170000000000002,0.26049,340777,1176471
239,23833,126,pair_014_n5_014_control,control,1,0,0,12.000000000000004,0.26028,342163,1183149
240,23841,8,pair_002_n5_002_control,control,0,1,0,-0.87,0.26026666666666665,342251,1183573
241,23957,116,pair_009_n3_009_conflict,conflict,1,0,0,12.100000000000003,0.2600733333333333,343527,1189721
242,24083,126,pair_013_n3_013_control,control,1,0,0,12.0,0.25986333333333334,344913,1196399
243,24085,2,pair_016_n3_016_control,control,0,1,0,-0.96,0.25986,344935,1196505
244,24099,14,pair_012_n3_012_control,control,0,1,0,-0.98,0.25983666666666666,345089,1197247
245,24376,277,pair_000_n3_000_conflict,conflict,1,0,0,10.49,0.25937499999999997,348136,1211928
246,24470,94,pair_001_n5_001_control,control,1,0,0,12.320000000000002,0.25921833333333333,349170,1216910
247,24570,100,pair_007_n5_007_conflict,conflict,1,0,0,12.260000000000002,0.2590516666666667,350270,1222210
248,24614,44,pair_011_n3_011_conflict,conflict,0,1,0,-0.07999999999999974,0.2589783333333333,350754,1224542
249,24634,20,pair_004_n3_004_control,control,0,1,0,-0.99,0.258945,350974,1225602
250,24735,101,pair_000_n5_000_conflict,conflict,1,0,0,12.250000000000002,0.25877666666666665,352085,1230955
251,24753,18,pair_012_n5_012_control,control,0,1,0,-1.07,0.2587466666666667,352283,1231909
252,24843,90,pair_015_n5_015_control,control,1,0,0,12.360000000000001,0.25859666666666664,353273,1236679
253,24896,53,pair_006_n3_006_control,control,0,1,0,0.48000000000000065,0.25850833333333334,353856,1239488
254,24994,98,pair_001_n5_001_conflict,conflict,1,0,0,12.280000000000001,0.258345,354934,1244682
255,25091,97,pair_016_n5_016_conflict,conflict,1,0,0,12.290000000000001,0.2581833333333333,356001,1249823
256,25206,115,pair_010_n3_010_conflict,conflict,1,0,0,12.110000000000001,0.2579916666666667,357266,1255918
257,25304,98,pair_006_n5_006_conflict,conflict,0,1,0,1.2800000000000011,0.2578283333333333,358344,1261112
258,25393,89,pair_013_n5_013_conflict,conflict,1,0,0,12.370000000000001,0.25767999999999996,359323,1265829
259,25483,90,pair_010_n3_010_control,control,1,0,0,12.360000000000001,0.25753,360313,1270599
260,25573,90,pair_010_n5_010_conflict,conflict,1,0,0,12.360000000000001,0.25738,361303,1275369
261,25667,94,pair_002_n5_002_conflict,conflict,1,0,0,12.320000000000002,0.2572233333333333,362337,1280351
262,25762,95,pair_009_n5_009_control,control,1,0,0,12.310000000000002,0.257065,363382,1285386
263,25860,98,pair_004_n5_004_control,control,1,0,0,12.280000000000001,0.25690166666666664,364460,1290580
264,25866,6,pair_007_n3_007_conflict,conflict,0,1,0,-0.9,0.25689166666666663,364526,1290898
265,25954,88,pair_011_n3_011_control,control,1,0,0,12.38,0.256745,365494,1295562
266,26043,89,pair_014_n3_014_conflict,conflict,1,0,0,12.370000000000001,0.25659666666666664,366473,1300279
267,26060,17,pair_017_n3_017_control,control,0,1,0,-1.01,0.25656833333333334,366660,1301180
268,26065,5,pair_014_n3_014_control,control,0,1,0,-0.89,0.25656,366715,1301445
269,26070,5,pair_006_n5_006_control,control,0,1,0,-0.89,0.2565516666666667,366770,1301710
270,26172,102,pair_003_n3_003_control,control,1,0,0,12.240000000000002,0.2563816666666667,367892,1307116
271,26253,81,pair_007_n5_007_control,control,1,0,0,12.450000000000001,0.2562466666666667,368783,1311409
272,26332,79,pair_008_n5_008_control,control,1,0,0,12.470000000000002,0.256115,369652,1315596
273,26422,90,pair_007_n3_007_control,control,1,0,0,12.360000000000001,0.255965,370642,1320366
274,26507,85,pair_002_n3_002_control,control,1,0,0,12.410000000000002,0.2558233333333333,371577,1324871
275,26602,95,pair_010_n5_010_control,control,1,0,0,12.310000000000002,0.255665,372622,1329906
276,26702,100,pair_004_n3_004_conflict,conflict,1,0,0,12.260000000000002,0.2554983333333333,373722,1335206
277,26791,89,pair_009_n3_009_control,control,1,0,0,12.370000000000001,0.25534999999999997,374701,1339923
278,26890,99,pair_005_n3_005_control,control,0,1,0,1.270000000000001,0.255185,375790,1345170
279,26991,101,pair_004_n5_004_conflict,conflict,1,0,0,12.250000000000002,0.25501666666666667,376901,1350523
280,27086,95,pair_008_n5_008_conflict,conflict,1,0,0,12.310000000000002,0.2548583333333333,377946,1355558
281,27169,83,pair_017_n5_017_control,control,0,1,0,0.880000000000001,0.25472,378859,1359957
282,27275,106,pair_012_n3_012_conflict,conflict,1,0,0,12.200000000000001,0.25454333333333334,380025,1365575
283,27372,97,pair_008_n3_008_conflict,conflict,1,0,0,12.290000000000003,0.2543816666666667,381092,1370716
284,27465,93,pair_016_n5_016_control,control,1,0,0,12.330000000000002,0.25422666666666666,382115,1375645
285,27565,100,pair_012_n5_012_conflict,conflict,1,0,0,12.260000000000002,0.25406,383215,1380945
286,27664,99,pair_013_n3_013_conflict,conflict,1,0,0,12.270000000000001,0.253895,384304,1386192
287,27831,167,pair_005_n5_005_conflict,conflict,1,0,0,11.59,0.25361666666666666,386141,1395043
288,27925,94,pair_003_n5_003_conflict,conflict,1,0,0,12.32,0.25346,387175,1400025
289,28046,121,pair_009_n5_009_conflict,conflict,1,0,0,12.05,0.2532583333333333,388506,1406438
290,28156,110,pair_014_n3_014_control,control,1,0,0,12.160000000000002,0.253075,389716,1412268
291,28301,145,pair_007_n5_007_conflict,conflict,1,0,0,11.81,0.2528333333333333,391311,1419953
292,28382,81,pair_010_n5_010_conflict,conflict,0,1,0,0.6000000000000008,0.2526983333333333,392202,1424246
293,28443,61,pair_002_n5_002_conflict,conflict,0,1,0,1.0500000000000012,0.25259666666666664,392873,1427479
294,28537,94,pair_007_n3_007_conflict,conflict,1,0,0,12.32,0.25244,393907,1432461
295,28634,97,pair_015_n3_015_conflict,conflict,1,0,0,12.290000000000001,0.2522783333333333,394974,1437602
296,28735,101,pair_008_n3_008_control,control,1,0,0,12.250000000000002,0.25211,396085,1442955
297,28739,4,pair_007_n3_007_control,control,0,1,0,-0.88,0.25210333333333335,396129,1443167
298,28815,76,pair_017_n5_017_conflict,conflict,1,0,0,12.500000000000002,0.2519766666666666,396965,1447195
299,28836,21,pair_015_n5_015_control,control,0,1,0,-0.6500000000000001,0.2519416666666667,397196,1448308
300,28936,100,pair_013_n5_013_conflict,conflict,1,0,0,12.260000000000002,0.25177499999999997,398296,1453608
301,29025,89,pair_006_n5_006_conflict,conflict,1,0,0,12.370000000000001,0.25162666666666667,399275,1458325
302,29130,105,pair_012_n5_012_control,control,0,1,0,1.2100000000000013,0.25145166666666663,400430,1463890
303,29215,85,pair_013_n3_013_conflict,conflict,1,0,0,12.410000000000002,0.25131,401365,1468395
304,29335,120,pair_000_n5_000_conflict,conflict,1,0,0,12.060000000000002,0.25111,402685,1474755
305,29450,115,pair_003_n5_003_control,control,1,0,0,12.110000000000001,0.2509183333333333,403950,1480850
306,29554,104,pair_013_n5_013_control,control,1,0,0,12.220000000000002,0.250745,405094,1486362
307,29670,116,pair_010_n3_010_control,control,1,0,0,12.100000000000001,0.2505516666666667,406370,1492510
308,29788,118,pair_008_n3_008_conflict,conflict,0,1,0,0.880000000000001,0.250355,407668,1498764
309,29877,89,pair_000_n3_000_conflict,conflict,1,0,0,12.370000000000001,0.25020666666666663,408647,1503481
310,29987,110,pair_012_n3_012_conflict,conflict,1,0,0,12.160000000000002,0.2500233333333333,409857,1509311
311,30070,83,pair_006_n3_006_control,control,1,0,0,12.430000000000001,0.249885,410700,1513780
312,30148,78,pair_017_n3_017_conflict,conflict,1,0,0,12.48,0.249755,411480,1517992
313,30234,86,pair_017_n5_017_control,control,1,0,0,12.400000000000002,0.24961166666666665,412340,1522636
314,30341,107,pair_017_n3_017_control,control,1,0,0,12.190000000000001,0.2494333333333333,413410,1528414
315,30443,102,pair_001_n3_001_control,control,0,1,0,0.9900000000000011,0.24926333333333334,414430,1533922
316,30531,88,pair_006_n5_006_control,control,1,0,0,12.380000000000003,0.24911666666666665,415310,1538674
317,30632,101,pair_011_n3_011_control,control,1,0,0,12.250000000000002,0.24894833333333333,416320,1544128
318,30710,78,pair_014_n5_014_conflict,conflict,1,0,0,12.48,0.2488183333333333,417100,1548340
319,30850,140,pair_004_n5_004_conflict,conflict,1,0,0,11.860000000000001,0.248585,418500,1555900
320,30935,85,pair_005_n5_005_conflict,conflict,0,1,0,1.260000000000002,0.24844333333333332,419350,1560490
321,30940,5,pair_008_n5_008_conflict,conflict,0,1,0,-0.94,0.248435,419400,1560760
322,31064,124,pair_005_n5_005_control,control,1,0,0,12.02,0.24822833333333333,420640,1567456
323,31154,90,pair_013_n3_013_control,control,1,0,0,12.360000000000001,0.24807833333333332,421540,1572316
324,31159,5,pair_011_n5_011_conflict,conflict,0,1,0,-0.84,0.24806999999999998,421590,1572586
325,31254,95,pair_002_n3_002_control,control,1,0,0,12.310000000000002,0.24791166666666664,422540,1577716
326,31373,119,pair_002_n5_002_control,control,1,0,0,12.070000000000002,0.2477133333333333,423730,1584142
327,31377,4,pair_012_n3_012_control,control,0,1,0,-0.98,0.24770666666666666,423770,1584358
328,31483,106,pair_002_n3_002_conflict,conflict,1,0,0,12.200000000000001,0.24752999999999997,424830,1590082
329,31580,97,pair_016_n3_016_conflict,conflict,1,0,0,12.290000000000001,0.24736833333333333,425800,1595320
330,31616,36,pair_010_n5_010_control,control,0,1,0,-0.09999999999999976,0.24730833333333332,426160,1597264
331,31638,22,pair_016_n5_016_conflict,conflict,0,1,0,-1.01,0.24727166666666667,426380,1598452
332,31643,5,pair_008_n5_008_control,control,0,1,0,-0.84,0.24726333333333333,426430,1598722
333,31857,214,pair_012_n5_012_conflict,conflict,1,0,0,11.120000000000001,0.24690666666666666,428570,1610278
334,31961,104,pair_011_n3_011_conflict,conflict,1,0,0,12.220000000000002,0.24673333333333333,429610,1615894
335,32054,93,pair_005_n3_005_conflict,conflict,1,0,0,12.330000000000002,0.24657833333333332,430540,1620916
336,32167,113,pair_006_n3_006_conflict,conflict,1,0,0,12.130000000000003,0.24639,431670,1627018
337,32182,15,pair_004_n3_004_conflict,conflict,0,1,0,-0.99,0.246365,431820,1627828
338,32284,102,pair_001_n5_001_control,control,1,0,0,12.240000000000002,0.246195,432840,1633336
339,32392,108,pair_003_n3_003_control,control,1,0,0,12.180000000000001,0.24601499999999998,433920,1639168
340,32509,117,pair_003_n3_003_conflict,conflict,1,0,0,12.090000000000002,0.24581999999999998,435090,1645486
341,32603,94,pair_001_n5_001_conflict,conflict,1,0,0,12.320000000000002,0.24566333333333332,436030,1650562
342,32694,91,pair_009_n3_009_control,control,1,0,0,12.350000000000001,0.24551166666666666,436940,1655476
343,32790,96,pair_016_n5_016_control,control,1,0,0,12.3,0.24535166666666666,437900,1660660
344,32870,80,pair_000_n5_000_control,control,1,0,0,12.46,0.24521833333333332,438700,1664980
345,32999,129,pair_015_n3_015_control,control,1,0,0,11.97,0.24500333333333332,439990,1671946
346,33103,104,pair_016_n3_016_control,control,1,0,0,12.220000000000002,0.24483,441030,1677562
347,33212,109,pair_004_n5_004_control,control,1,0,0,12.170000000000003,0.24464833333333333,442120,1683448
348,33306,94,pair_000_n3_000_control,control,1,0,0,12.320000000000002,0.24449166666666666,443060,1688524
349,33423,117,pair_010_n3_010_conflict,conflict,1,0,0,12.090000000000002,0.24429666666666666,444230,1694842
350,33526,103,pair_014_n3_014_conflict,conflict,1,0,0,12.230000000000002,0.24412499999999998,445260,1700404
351,33614,88,pair_015_n5_015_conflict,conflict,1,0,0,12.38,0.24397833333333332,446140,1705156
352,33713,99,pair_009_n5_009_control,control,1,0,0,12.270000000000001,0.24381333333333333,447130,1710502
353,33826,113,pair_004_n3_004_control,control,1,0,0,12.130000000000003,0.24362499999999998,448260,1716604
354,33914,88,pair_014_n5_014_control,control,1,0,0,12.38,0.24347833333333332,449140,1721356
355,34027,113,pair_009_n3_009_conflict,conflict,1,0,0,12.13,0.24328999999999998,450270,1727458
356,34131,104,pair_007_n5_007_control,control,1,0,0,12.22,0.24311666666666665,451310,1733074
357,34218,87,pair_005_n3_005_control,control,1,0,0,12.39,0.24297166666666664,452180,1737772
358,34319,101,pair_011_n5_011_control,control,1,0,0,12.250000000000002,0.24280333333333332,453190,1743226
359,34410,91,pair_001_n3_001_conflict,conflict,1,0,0,12.350000000000001,0.24265166666666665,454100,1748140
360,34497,87,pair_008_n3_008_control,control,1,0,0,12.39,0.24250666666666665,454970,1752838
361,34568,71,pair_001_n3_001_conflict,conflict,1,0,0,12.55,0.24238833333333332,455680,1756672
362,34655,87,pair_009_n3_009_control,control,1,0,0,12.39,0.2422433333333333,456550,1761370
363,34734,79,pair_014_n5_014_conflict,conflict,1,0,0,12.470000000000002,0.24211166666666667,457340,1765636
364,34827,93,pair_010_n5_010_control,control,1,0,0,12.330000000000002,0.24195666666666665,458270,1770658
365,34915,88,pair_014_n3_014_control,control,1,0,0,12.380000000000003,0.24181,459150,1775410
366,35036,121,pair_015_n3_015_conflict,conflict,1,0,0,12.05,0.2416083333333333,460360,1781944
367,35126,90,pair_006_n5_006_conflict,conflict,1,0,0,12.360000000000001,0.24145833333333333,461260,1786804
368,35224,98,pair_016_n3_016_control,control,1,0,0,12.280000000000001,0.24129499999999998,462240,1792096
369,35303,79,pair_008_n3_008_conflict,conflict,1,0,0,12.470000000000002,0.2411633333333333,463030,1796362
370,35412,109,pair_009_n3_009_conflict,conflict,1,0,0,12.170000000000002,0.24098166666666665,464120,1802248
371,35545,133,pair_003_n5_003_conflict,conflict,0,1,0,0.9300000000000013,0.24075999999999997,465450,1809430
372,35636,91,pair_010_n3_010_conflict,conflict,1,0,0,12.350000000000001,0.2406083333333333,466360,1814344
373,35731,95,pair_012_n3_012_control,control,1,0,0,12.310000000000002,0.24045,467310,1819474
374,35852,121,pair_012_n3_012_conflict,conflict,1,0,0,12.050000000000002,0.2402483333333333,468520,1826008
375,35957,105,pair_000_n5_000_conflict,conflict,1,0,0,12.21,0.2400733333333333,469570,1831678
376,36051,94,pair_003_n3_003_control,control,1,0,0,12.320000000000002,0.23991666666666667,470510,1836754
377,36136,85,pair_008_n5_008_control,control,1,0,0,12.410000000000002,0.239775,471360,1841344
378,36141,5,pair_006_n5_006_control,control,0,1,0,-0.94,0.23976666666666666,471410,1841614
379,36233,92,pair_007_n3_007_control,control,1,0,0,12.340000000000002,0.23961333333333332,472330,1846582
380,36311,78,pair_005_n5_005_conflict,conflict,1,0,0,12.480000000000002,0.23948333333333333,473110,1850794
381,36397,86,pair_016_n5_016_control,control,1,0,0,12.400000000000002,0.23934,473970,1855438
382,36498,101,pair_004_n3_004_control,control,1,0,0,12.250000000000002,0.23917166666666667,474980,1860892
383,36597,99,pair_017_n5_017_control,control,1,0,0,12.270000000000001,0.23900666666666665,475970,1866238
384,36699,102,pair_017_n3_017_control,control,1,0,0,12.240000000000002,0.23883666666666664,476990,1871746
385,36784,85,pair_001_n3_001_control,control,1,0,0,12.410000000000002,0.238695,477840,1876336
386,36891,107,pair_005_n3_005_conflict,conflict,1,0,0,12.190000000000001,0.23851666666666665,478910,1882114
387,36893,2,pair_013_n3_013_control,control,0,1,0,-0.96,0.23851333333333333,478930,1882222
388,36987,94,pair_002_n5_002_control,control,1,0,0,12.320000000000002,0.23835666666666666,479870,1887298
389,37074,87,pair_003_n3_003_conflict,conflict,1,0,0,12.39,0.23821166666666665,480740,1891996
390,37169,95,pair_001_n5_001_conflict,conflict,1,0,0,12.310000000000002,0.23805333333333334,481690,1897126
391,37262,93,pair_011_n3_011_conflict,conflict,1,0,0,12.330000000000002,0.23789833333333332,482620,1902148
392,37392,130,pair_011_n3_011_control,control,1,0,0,11.96,0.23768166666666665,483920,1909168
393,37496,104,pair_002_n5_002_conflict,conflict,1,0,0,12.220000000000002,0.23750833333333332,484960,1914784
394,37577,81,pair_013_n3_013_conflict,conflict,1,0,0,12.450000000000001,0.23737333333333333,485770,1919158
395,37668,91,pair_012_n5_012_conflict,conflict,1,0,0,12.350000000000001,0.23722166666666666,486680,1924072
396,37785,117,pair_012_n5_012_control,control,0,1,0,1.040000000000001,0.23702666666666666,487850,1930390
397,37875,90,pair_015_n5_015_conflict,conflict,1,0,0,12.360000000000001,0.23687666666666665,488750,1935250
398,37966,91,pair_005_n3_005_control,control,1,0,0,12.350000000000001,0.236725,489660,1940164
399,38055,89,pair_008_n5_008_conflict,conflict,1,0,0,12.370000000000001,0.23657666666666666,490550,1944970
400,38082,27,pair_005_n5_005_control,control,0,1,0,-0.56,0.23653166666666664,490820,1946428
401,38172,90,pair_007_n3_007_conflict,conflict,1,0,0,12.360000000000001,0.23638166666666666,491720,1951288
402,38266,94,pair_013_n5_013_conflict,conflict,1,0,0,12.320000000000002,0.236225,492660,1956364
403,38349,83,pair_004_n5_004_conflict,conflict,0,1,0,1.4300000000000015,0.23608666666666667,493490,1960846
404,38365,16,pair_011_n5_011_control,control,0,1,0,-0.95,0.23606,493650,1961710
405,38461,96,pair_000_n5_000_control,control,1,0,0,12.3,0.2359,494610,1966894
406,38551,90,pair_011_n5_011_conflict,conflict,1,0,0,12.360000000000001,0.23575,495510,1971754
407,38625,74,pair_006_n3_006_control,control,1,0,0,12.520000000000001,0.23562666666666665,496250,1975750
408,38713,88,pair_000_n3_000_conflict,conflict,1,0,0,12.380000000000003,0.23548,497130,1980502
409,38814,101,pair_010_n5_010_conflict,conflict,1,0,0,12.250000000000002,0.23531166666666664,498140,1985956
410,38917,103,pair_009_n5_009_control,control,1,0,0,12.23,0.23514,499170,1991518
411,39042,125,pair_010_n3_010_control,control,1,0,0,12.010000000000002,0.23493166666666665,500420,1998268
412,39141,99,pair_004_n5_004_control,control,1,0,0,12.270000000000001,0.23476666666666665,501410,2003614
413,39266,125,pair_016_n5_016_conflict,conflict,1,0,0,12.010000000000002,0.2345583333333333,502660,2010364
414,39343,77,pair_014_n3_014_conflict,conflict,1,0,0,12.490000000000002,0.23442999999999997,503430,2014522
415,39458,115,pair_017_n3_017_conflict,conflict,1,0,0,12.110000000000001,0.23423833333333333,504580,2020732
416,39536,78,pair_014_n5_014_control,control,1,0,0,12.48,0.2341083333333333,505360,2024944
417,39630,94,pair_006_n3_006_conflict,conflict,1,0,0,12.320000000000002,0.23395166666666667,506300,2030020
418,39720,90,pair_001_n5_001_control,control,1,0,0,12.360000000000001,0.23380166666666666,507200,2034880
419,39813,93,pair_003_n5_003_control,control,1,0,0,12.330000000000002,0.23364666666666667,508130,2039902
420,39909,96,pair_015_n3_015_control,control,1,0,0,12.300000000000002,0.23348666666666668,509090,2045086
421,39997,88,pair_007_n5_007_conflict,conflict,1,0,0,12.380000000000003,0.23334,509970,2049838
422,40019,22,pair_016_n3_016_conflict,conflict,0,1,0,-0.56,0.2333033333333333,510133,2051083
423,40105,86,pair_002_n3_002_control,control,1,0,0,12.400000000000002,0.23315999999999998,510735,2055985
424,40187,82,pair_004_n3_004_conflict,conflict,1,0,0,12.440000000000001,0.2330233333333333,511309,2060659
425,40270,83,pair_007_n5_007_control,control,1,0,0,12.430000000000001,0.232885,511890,2065390
426,40365,95,pair_013_n5_013_control,control,1,0,0,12.310000000000002,0.23272666666666664,512555,2070805
427,40445,80,pair_017_n5_017_conflict,conflict,1,0,0,12.46,0.23259333333333332,513115,2075365
428,40547,102,pair_009_n5_009_conflict,conflict,1,0,0,12.240000000000002,0.23242333333333332,513829,2081179
429,40629,82,pair_015_n5_015_control,control,1,0,0,12.440000000000001,0.23228666666666664,514403,2085853
430,40726,97,pair_000_n3_000_control,control,1,0,0,12.290000000000001,0.23212499999999997,515082,2091382
431,40827,101,pair_002_n3_002_conflict,conflict,1,0,0,12.250000000000002,0.23195666666666664,515789,2097139
432,40922,95,pair_015_n3_015_control,control,1,0,0,12.310000000000002,0.23179833333333333,516454,2102554
433,41001,79,pair_013_n3_013_conflict,conflict,1,0,0,12.470000000000002,0.23166666666666666,517007,2107057
434,41098,97,pair_004_n3_004_control,control,1,0,0,12.290000000000001,0.231505,517686,2112586
435,41203,105,pair_005_n5_005_control,control,1,0,0,12.21,0.23132999999999998,518421,2118571
436,41327,124,pair_014_n3_014_conflict,conflict,1,0,0,12.020000000000001,0.23112333333333332,519289,2125639
437,41433,106,pair_003_n3_003_conflict,conflict,1,0,0,12.200000000000001,0.23094666666666666,520031,2131681
438,41521,88,pair_009_n5_009_conflict,conflict,1,0,0,12.38,0.2308,520647,2136697
439,41621,100,pair_005_n5_005_conflict,conflict,1,0,0,12.260000000000002,0.23063333333333333,521347,2142397
440,41694,73,pair_001_n3_001_conflict,conflict,1,0,0,12.530000000000001,0.23051166666666667,521858,2146558
441,41785,91,pair_001_n5_001_control,control,1,0,0,12.350000000000001,0.23036,522495,2151745
442,41870,85,pair_010_n3_010_conflict,conflict,1,0,0,12.410000000000002,0.2302183333333333,523090,2156590
443,41876,6,pair_007_n5_007_conflict,conflict,0,1,0,-0.8,0.23020833333333332,523132,2156932
444,41965,89,pair_007_n5_007_control,control,1,0,0,12.370000000000003,0.23006,523755,2162005
445,42038,73,pair_006_n3_006_control,control,1,0,0,12.530000000000001,0.22993833333333333,524266,2166166
446,42126,88,pair_011_n3_011_conflict,conflict,1,0,0,12.380000000000003,0.22979166666666667,524882,2171182
447,42215,89,pair_002_n3_002_control,control,1,0,0,12.370000000000001,0.2296433333333333,525505,2176255
448,42295,80,pair_006_n3_006_conflict,conflict,1,0,0,12.46,0.22951,526065,2180815
449,42386,91,pair_005_n3_005_conflict,conflict,1,0,0,12.350000000000001,0.22935833333333333,526702,2186002
450,42392,6,pair_014_n3_014_control,control,0,1,0,-0.95,0.22934833333333332,526744,2186344
451,42477,85,pair_010_n3_010_control,control,1,0,0,12.410000000000002,0.22920666666666667,527339,2191189
452,42565,88,pair_015_n5_015_control,control,1,0,0,12.380000000000003,0.22905999999999999,527955,2196205
453,42668,103,pair_003_n5_003_conflict,conflict,1,0,0,12.23,0.2288883333333333,528676,2202076
454,42756,88,pair_004_n5_004_conflict,conflict,1,0,0,12.380000000000003,0.22874166666666665,529292,2207092
455,42838,82,pair_013_n5_013_control,control,1,0,0,12.440000000000001,0.228605,529866,2211766
456,42925,87,pair_000_n3_000_control,control,1,0,0,12.39,0.22846,530475,2216725
457,43004,79,pair_002_n5_002_control,control,1,0,0,12.470000000000002,0.22832833333333333,531028,2221228
458,43080,76,pair_012_n3_012_conflict,conflict,1,0,0,12.500000000000002,0.22820166666666664,531560,2225560
459,43168,88,pair_013_n3_013_control,control,1,0,0,12.380000000000003,0.228055,532176,2230576
460,43258,90,pair_017_n3_017_conflict,conflict,1,0,0,12.360000000000001,0.22790499999999997,532806,2235706
461,43333,75,pair_005_n3_005_control,control,0,1,0,1.4100000000000015,0.22777999999999998,533331,2239981
462,43416,83,pair_015_n3_015_conflict,conflict,1,0,0,12.430000000000001,0.22764166666666666,533912,2244712
463,43503,87,pair_012_n5_012_conflict,conflict,1,0,0,12.390000000000002,0.22749666666666665,534521,2249671
464,43596,93,pair_003_n3_003_control,control,1,0,0,12.330000000000002,0.22734166666666666,535172,2254972
465,43686,90,pair_008_n3_008_conflict,conflict,1,0,0,12.360000000000001,0.22719166666666665,535802,2260102
466,43775,89,pair_009_n5_009_control,control,1,0,0,12.370000000000001,0.22704333333333332,536425,2265175
467,43863,88,pair_007_n3_007_control,control,1,0,0,12.38,0.22689666666666664,537041,2270191
468,43949,86,pair_011_n5_011_conflict,conflict,1,0,0,12.400000000000002,0.2267533333333333,537643,2275093
469,44021,72,pair_016_n3_016_conflict,conflict,1,0,0,12.540000000000001,0.22663333333333333,538147,2279197
470,44105,84,pair_016_n3_016_control,control,1,0,0,12.420000000000002,0.22649333333333332,538735,2283985
471,44198,93,pair_014_n5_014_control,control,1,0,0,12.330000000000002,0.2263383333333333,539386,2289286
472,44289,91,pair_008_n5_008_control,control,1,0,0,12.350000000000001,0.22618666666666665,540023,2294473
473,44385,96,pair_006_n5_006_conflict,conflict,1,0,0,12.3,0.22602666666666665,540695,2299945
474,44476,91,pair_007_n3_007_conflict,conflict,1,0,0,12.350000000000001,0.225875,541332,2305132
475,44575,99,pair_001_n3_001_control,control,1,0,0,12.270000000000001,0.22571,542025,2310775
476,44692,117,pair_012_n5_012_control,control,1,0,0,12.090000000000002,0.225515,542844,2317444
477,44780,88,pair_008_n3_008_control,control,1,0,0,12.38,0.22536833333333334,543460,2322460
478,44782,2,pair_008_n5_008_conflict,conflict,0,1,0,-0.96,0.22536499999999998,543474,2322574
479,44864,82,pair_002_n3_002_conflict,conflict,1,0,0,12.440000000000001,0.2252283333333333,544048,2327248
480,44944,80,pair_009_n3_009_conflict,conflict,1,0,0,12.46,0.225095,544608,2331808
481,45032,88,pair_002_n5_002_conflict,conflict,1,0,0,12.38,0.2249483333333333,545224,2336824
482,45129,97,pair_011_n5_011_control,control,1,0,0,12.290000000000001,0.22478666666666666,545903,2342353
483,45215,86,pair_011_n3_011_control,control,1,0,0,12.400000000000002,0.2246433333333333,546505,2347255
484,45304,89,pair_014_n5_014_conflict,conflict,1,0,0,12.370000000000001,0.224495,547128,2352328
485,45417,113,pair_017_n5_017_control,control,1,0,0,12.13,0.22430666666666665,547919,2358769
486,45504,87,pair_017_n5_017_conflict,conflict,1,0,0,12.39,0.22416166666666665,548528,2363728
487,45592,88,pair_013_n5_013_conflict,conflict,1,0,0,12.380000000000003,0.224015,549144,2368744
488,45663,71,pair_012_n3_012_control,control,1,0,0,12.55,0.22389666666666666,549641,2372791
489,45758,95,pair_009_n3_009_control,control,1,0,0,12.310000000000002,0.22373833333333332,550306,2378206
490,45854,96,pair_001_n5_001_conflict,conflict,1,0,0,12.3,0.22357833333333332,550978,2383678
491,45946,92,pair_016_n5_016_control,control,1,0,0,12.340000000000002,0.22342499999999998,551622,2388922
492,45960,14,pair_004_n5_004_control,control,0,1,0,-0.88,0.22340166666666667,551720,2389720
493,46042,82,pair_000_n5_000_control,control,1,0,0,12.440000000000001,0.223265,552294,2394394
494,46121,79,pair_000_n3_000_conflict,conflict,1,0,0,12.470000000000002,0.22313333333333332,552847,2398897
495,46206,85,pair_003_n5_003_control,control,1,0,0,12.410000000000002,0.22299166666666664,553442,2403742
496,46319,113,pair_006_n5_006_control,control,1,0,0,12.13,0.22280333333333333,554233,2410183
497,46409,90,pair_015_n5_015_conflict,conflict,1,0,0,12.360000000000001,0.22265333333333331,554863,2415313
498,46493,84,pair_010_n5_010_conflict,conflict,1,0,0,12.420000000000002,0.22251333333333334,555451,2420101
499,46577,84,pair_000_n5_000_conflict,conflict,1,0,0,12.420000000000002,0.2223733333333333,556039,2424889
500,46662,85,pair_016_n5_016_conflict,conflict,1,0,0,12.410000000000002,0.22223166666666666,556634,2429734
501,46754,92,pair_010_n5_010_control,control,1,0,0,12.340000000000002,0.22207833333333332,557278,2434978
502,46865,111,pair_004_n3_004_conflict,conflict,1,0,0,12.150000000000002,0.22189333333333333,558055,2441305
503,46942,77,pair_017_n3_017_control,control,1,0,0,12.490000000000002,0.221765,558594,2445694
504,47038,96,pair_017_n5_017_conflict,conflict,1,0,0,12.3,0.221605,559266,2451166
505,47096,58,pair_004_n5_004_conflict,conflict,0,1,0,-1.3199999999999998,0.2215083333333333,559672,2454472
506,47176,80,pair_001_n3_001_conflict,conflict,1,0,0,12.46,0.221375,560232,2459032
507,47260,84,pair_017_n3_017_control,control,1,0,0,12.420000000000002,0.221235,560820,2463820
508,47366,106,pair_000_n5_000_control,control,1,0,0,12.200000000000001,0.22105833333333333,561562,2469862
509,47444,78,pair_016_n5_016_conflict,conflict,1,0,0,12.480000000000002,0.22092833333333334,562108,2474308
510,47554,110,pair_008_n5_008_conflict,conflict,1,0,0,12.160000000000002,0.22074499999999997,562878,2480578
511,47656,102,pair_014_n5_014_conflict,conflict,1,0,0,12.240000000000002,0.220575,563592,2486392
512,47739,83,pair_000_n3_000_conflict,conflict,1,0,0,12.430000000000001,0.22043666666666667,564173,2491123
513,47818,79,pair_006_n5_006_conflict,conflict,1,0,0,12.470000000000002,0.22030499999999997,564726,2495626
514,47898,80,pair_007_n5_007_control,control,1,0,0,12.46,0.22017166666666665,565286,2500186
515,48008,110,pair_006_n3_006_control,control,1,0,0,12.160000000000002,0.21998833333333334,566056,2506456
516,48099,91,pair_008_n3_008_control,control,1,0,0,12.350000000000001,0.21983666666666665,566693,2511643
517,48184,85,pair_013_n5_013_conflict,conflict,1,0,0,12.410000000000002,0.21969499999999997,567288,2516488
518,48276,92,pair_006_n5_006_control,control,0,1,0,1.3400000000000016,0.21954166666666663,567932,2521732
519,48281,5,pair_014_n3_014_conflict,conflict,0,1,0,-0.84,0.2195333333333333,567967,2522017
520,48372,91,pair_002_n5_002_conflict,conflict,1,0,0,12.350000000000001,0.21938166666666664,568604,2527204
521,48463,91,pair_013_n5_013_control,control,1,0,0,12.350000000000001,0.21922999999999998,569241,2532391
522,48553,90,pair_010_n5_010_control,control,1,0,0,12.360000000000001,0.21908,569871,2537521
523,48633,80,pair_015_n3_015_conflict,conflict,1,0,0,12.46,0.21894666666666665,570431,2542081
524,48716,83,pair_007_n5_007_conflict,conflict,1,0,0,12.430000000000001,0.21880833333333333,571012,2546812
525,48804,88,pair_002_n3_002_control,control,1,0,0,12.38,0.21866166666666664,571628,2551828
526,48905,101,pair_004_n5_004_control,control,1,0,0,12.250000000000002,0.21849333333333332,572335,2557585
527,49078,173,pair_005_n5_005_conflict,conflict,1,0,0,11.530000000000001,0.21820499999999998,573546,2567446
528,49154,76,pair_014_n3_014_control,control,1,0,0,12.500000000000002,0.21807833333333332,574078,2571778
529,49249,95,pair_011_n5_011_conflict,conflict,1,0,0,12.310000000000002,0.21792,574743,2577193
530,49354,105,pair_007_n3_007_conflict,conflict,1,0,0,12.21,0.217745,575478,2583178
531,49447,93,pair_000_n5_000_conflict,conflict,1,0,0,12.330000000000002,0.21759,576129,2588479
532,49541,94,pair_005_n3_005_conflict,conflict,1,0,0,12.32,0.2174333333333333,576787,2593837
533,49630,89,pair_015_n5_015_control,control,1,0,0,12.370000000000001,0.217285,577410,2598910
534,49722,92,pair_016_n3_016_conflict,conflict,1,0,0,12.340000000000002,0.21713166666666667,578054,2604154
535,49808,86,pair_002_n3_002_conflict,conflict,1,0,0,12.400000000000002,0.21698833333333334,578656,2609056
536,49899,91,pair_007_n3_007_control,control,1,0,0,12.350000000000001,0.21683666666666665,579293,2614243
537,49975,76,pair_017_n5_017_control,control,1,0,0,12.500000000000002,0.21670999999999999,579825,2618575
538,50069,94,pair_013_n3_013_conflict,conflict,1,0,0,12.32,0.21655333333333332,580345,2624071
539,50156,87,pair_012_n3_012_conflict,conflict,1,0,0,12.39,0.2164083333333333,580780,2629204
540,50240,84,pair_000_n3_000_control,control,1,0,0,12.420000000000002,0.21626833333333334,581200,2634160
541,50334,94,pair_010_n3_010_control,control,1,0,0,12.32,0.21611166666666665,581670,2639706
542,50422,88,pair_014_n5_014_control,control,1,0,0,12.38,0.215965,582110,2644898
543,50512,90,pair_011_n3_011_conflict,conflict,1,0,0,12.360000000000001,0.21581499999999998,582560,2650208
544,50591,79,pair_009_n3_009_control,control,1,0,0,12.470000000000002,0.21568333333333334,582955,2654869
545,50684,93,pair_001_n3_001_control,control,1,0,0,12.330000000000002,0.21552833333333332,583420,2660356
546,50772,88,pair_011_n3_011_control,control,1,0,0,12.380000000000003,0.21538166666666664,583860,2665548
547,50856,84,pair_005_n3_005_control,control,1,0,0,12.420000000000002,0.21524166666666666,584280,2670504
548,50937,81,pair_004_n3_004_conflict,conflict,1,0,0,12.450000000000001,0.21510666666666667,584685,2675283
549,51029,92,pair_003_n5_003_conflict,conflict,1,0,0,12.340000000000002,0.21495333333333333,585145,2680711
550,51116,87,pair_008_n5_008_control,control,1,0,0,12.39,0.21480833333333332,585580,2685844
551,51201,85,pair_001_n5_001_control,control,1,0,0,12.410000000000002,0.21466666666666667,586005,2690859
552,51295,94,pair_010_n5_010_conflict,conflict,1,0,0,12.320000000000002,0.21450999999999998,586475,2696405
553,51372,77,pair_008_n3_008_conflict,conflict,1,0,0,12.490000000000002,0.21438166666666664,586860,2700948
554,51449,77,pair_017_n3_017_conflict,conflict,1,0,0,12.490000000000002,0.21425333333333332,587245,2705491
555,51531,82,pair_015_n3_015_control,control,1,0,0,12.440000000000001,0.21411666666666665,587655,2710329
556,51618,87,pair_013_n3_013_control,control,1,0,0,12.39,0.21397166666666667,588090,2715462
557,51706,88,pair_012_n3_012_control,control,1,0,0,12.380000000000003,0.213825,588530,2720654
558,51790,84,pair_005_n5_005_control,control,1,0,0,12.420000000000002,0.21368499999999999,588950,2725610
559,51875,85,pair_003_n5_003_control,control,1,0,0,12.410000000000002,0.2135433333333333,589375,2730625
560,51965,90,pair_001_n5_001_conflict,conflict,1,0,0,12.360000000000001,0.21339333333333332,589825,2735935
561,52041,76,pair_006_n3_006_conflict,conflict,1,0,0,12.500000000000002,0.21326666666666666,590205,2740419
562,52136,95,pair_009_n5_009_control,control,1,0,0,12.310000000000002,0.21310833333333332,590680,2746024
563,52217,81,pair_009_n5_009_conflict,conflict,0,1,0,1.3500000000000014,0.21297333333333332,591085,2750803
564,52300,83,pair_012_n5_012_conflict,conflict,1,0,0,12.430000000000001,0.212835,591500,2755700
565,52389,89,pair_003_n3_003_control,control,1,0,0,12.370000000000001,0.21268666666666664,591945,2760951
566,52480,91,pair_003_n3_003_conflict,conflict,1,0,0,12.350000000000001,0.21253499999999997,592400,2766320
567,52529,49,pair_012_n5_012_control,control,0,1,0,-0.93,0.21245333333333333,592645,2769211
568,52621,92,pair_009_n3_009_conflict,conflict,1,0,0,12.340000000000002,0.2123,593105,2774639
569,52716,95,pair_016_n3_016_control,control,1,0,0,12.310000000000002,0.21214166666666667,593580,2780244
570,52803,87,pair_016_n5_016_control,control,1,0,0,12.39,0.21199666666666667,594015,2785377
571,52908,105,pair_002_n5_002_control,control,1,0,0,12.21,0.21182166666666666,594540,2791572
572,52993,85,pair_011_n5_011_control,control,1,0,0,12.410000000000002,0.21167999999999998,594965,2796587
573,53086,93,pair_004_n3_004_control,control,1,0,0,12.330000000000002,0.211525,595430,2802074
574,53176,90,pair_010_n3_010_conflict,conflict,1,0,0,12.360000000000001,0.21137499999999998,595880,2807384
575,53277,101,pair_015_n5_015_conflict,conflict,1,0,0,12.250000000000002,0.21120666666666665,596385,2813343
576,53365,88,pair_005_n5_005_conflict,conflict,1,0,0,12.380000000000003,0.21105999999999997,596825,2818535
577,53448,83,pair_015_n3_015_conflict,conflict,1,0,0,12.430000000000001,0.21092166666666667,597240,2823432
578,53534,86,pair_006_n5_006_control,control,1,0,0,12.400000000000002,0.21077833333333332,597670,2828506
579,53621,87,pair_013_n5_013_control,control,1,0,0,12.39,0.21063333333333334,598105,2833639
580,53718,97,pair_012_n5_012_conflict,conflict,1,0,0,12.290000000000001,0.21047166666666667,598590,2839362
581,53811,93,pair_001_n5_001_control,control,1,0,0,12.330000000000002,0.21031666666666665,599055,2844849
582,53933,122,pair_001_n3_001_control,control,1,0,0,12.040000000000001,0.21011333333333332,599665,2852047
583,53940,7,pair_017_n3_017_conflict,conflict,0,1,0,-0.86,0.21010166666666666,599700,2852460
584,54044,104,pair_008_n5_008_control,control,1,0,0,12.220000000000002,0.20992833333333333,600220,2858596
585,54122,78,pair_007_n5_007_control,control,0,1,0,1.080000000000001,0.2097983333333333,600610,2863198
586,54214,92,pair_003_n3_003_control,control,1,0,0,12.340000000000002,0.20964499999999997,601070,2868626
587,54298,84,pair_015_n3_015_control,control,1,0,0,12.420000000000002,0.209505,601490,2873582
588,54402,104,pair_011_n5_011_conflict,conflict,1,0,0,12.220000000000002,0.20933166666666664,602010,2879718
589,54497,95,pair_000_n3_000_control,control,1,0,0,12.310000000000002,0.20917333333333332,602485,2885323
590,54584,87,pair_002_n3_002_conflict,conflict,1,0,0,12.39,0.20902833333333332,602920,2890456
591,54673,89,pair_005_n5_005_control,control,1,0,0,12.370000000000001,0.20887999999999998,603365,2895707
592,54756,83,pair_001_n5_001_conflict,conflict,0,1,0,1.4300000000000015,0.20874166666666666,603780,2900604
593,54843,87,pair_013_n3_013_conflict,conflict,1,0,0,12.390000000000002,0.20859666666666665,604215,2905737
594,54939,96,pair_013_n5_013_conflict,conflict,1,0,0,12.3,0.20843666666666666,604695,2911401
595,55025,86,pair_012_n3_012_conflict,conflict,1,0,0,12.400000000000002,0.20829333333333333,605125,2916475
596,55107,82,pair_002_n5_002_control,control,1,0,0,12.440000000000001,0.20815666666666666,605535,2921313
597,55188,81,pair_010_n5_010_conflict,conflict,1,0,0,12.450000000000001,0.20802166666666666,605940,2926092
598,55332,144,pair_012_n3_012_control,control,1,0,0,11.820000000000002,0.20778166666666664,606660,2934588
599,55418,86,pair_007_n3_007_control,control,0,1,0,1.3500000000000014,0.2076383333333333,607090,2939662
600,55506,88,pair_010_n5_010_control,control,1,0,0,12.38,0.20749166666666666,607530,2944854
601,55583,77,pair_006_n3_006_control,control,1,0,0,12.490000000000002,0.20736333333333332,607915,2949397
602,55660,77,pair_014_n3_014_conflict,conflict,1,0,0,12.490000000000002,0.207235,608300,2953940
603,55753,93,pair_009_n3_009_conflict,conflict,1,0,0,12.330000000000002,0.20708,608765,2959427
604,55828,75,pair_008_n5_008_conflict,conflict,1,0,0,12.510000000000002,0.206955,609140,2963852
605,55936,108,pair_014_n5_014_conflict,conflict,1,0,0,12.180000000000001,0.206775,609680,2970224
606,56021,85,pair_004_n3_004_conflict,conflict,1,0,0,12.410000000000002,0.20663333333333334,610105,2975239
607,56114,93,pair_002_n3_002_control,control,1,0,0,12.330000000000002,0.20647833333333332,610570,2980726
608,56187,73,pair_001_n3_001_conflict,conflict,1,0,0,12.530000000000001,0.20635666666666666,610935,2985033
609,56279,92,pair_000_n3_000_conflict,conflict,1,0,0,12.340000000000002,0.20620333333333332,611395,2990461
610,56365,86,pair_000_n5_000_control,control,1,0,0,12.400000000000002,0.20606,611825,2995535
611,56452,87,pair_004_n3_004_control,control,1,0,0,12.39,0.205915,612260,3000668
612,56542,90,pair_016_n5_016_conflict,conflict,1,0,0,12.360000000000001,0.20576499999999998,612710,3005978
613,56618,76,pair_009_n5_009_conflict,conflict,1,0,0,12.500000000000002,0.2056383333333333,613090,3010462
614,56698,80,pair_016_n3_016_control,control,1,0,0,12.46,0.205505,613490,3015182
615,56776,78,pair_013_n3_013_control,control,1,0,0,12.48,0.20537499999999997,613880,3019784
616,56855,79,pair_004_n5_004_control,control,1,0,0,12.470000000000002,0.20524333333333333,614275,3024445
617,56936,81,pair_016_n5_016_control,control,1,0,0,12.450000000000001,0.20510833333333334,614680,3029224
618,57020,84,pair_000_n5_000_conflict,conflict,1,0,0,12.420000000000002,0.2049683333333333,615100,3034180
619,57104,84,pair_011_n5_011_control,control,1,0,0,12.420000000000002,0.20482833333333333,615520,3039136
620,57195,91,pair_012_n5_012_control,control,1,0,0,12.350000000000001,0.20467666666666667,615975,3044505
621,57288,93,pair_005_n3_005_control,control,0,1,0,1.3300000000000014,0.20452166666666666,616440,3049992
622,57370,82,pair_015_n5_015_control,control,1,0,0,12.440000000000001,0.20438499999999998,616850,3054830
623,57446,76,pair_006_n5_006_conflict,conflict,1,0,0,12.500000000000002,0.20425833333333332,617230,3059314
624,57530,84,pair_011_n3_011_conflict,conflict,1,0,0,12.420000000000002,0.20411833333333332,617650,3064270
625,57638,108,pair_003_n5_003_conflict,conflict,1,0,0,12.180000000000005,0.20393833333333333,618190,3070642
626,57723,85,pair_014_n3_014_control,control,1,0,0,12.410000000000002,0.20379666666666665,618615,3075657
627,57813,90,pair_004_n5_004_conflict,conflict,1,0,0,12.360000000000001,0.20364666666666664,619065,3080967
628,57894,81,pair_016_n3_016_conflict,conflict,1,0,0,12.450000000000001,0.20351166666666665,619470,3085746
629,57982,88,pair_017_n5_017_conflict,conflict,1,0,0,12.380000000000003,0.203365,619910,3090938
630,58066,84,pair_011_n3_011_control,control,1,0,0,12.420000000000002,0.203225,620330,3095894
631,58159,93,pair_007_n3_007_conflict,conflict,1,0,0,12.330000000000002,0.20306999999999997,620795,3101381
632,58262,103,pair_003_n3_003_conflict,conflict,1,0,0,12.23,0.20289833333333332,621310,3107458
633,58370,108,pair_007_n5_007_conflict,conflict,1,0,0,12.180000000000001,0.20271833333333333,621850,3113830
634,58455,85,pair_009_n5_009_control,control,1,0,0,12.410000000000002,0.20257666666666665,622275,3118845
635,58560,105,pair_009_n3_009_control,control,1,0,0,12.21,0.20240166666666665,622800,3125040
636,58653,93,pair_005_n3_005_conflict,conflict,1,0,0,12.330000000000002,0.20224666666666666,623265,3130527
637,58749,96,pair_008_n3_008_control,control,1,0,0,12.3,0.20208666666666664,623745,3136191
638,58837,88,pair_015_n5_015_conflict,conflict,1,0,0,12.380000000000003,0.20194,624185,3141383
639,58911,74,pair_006_n3_006_conflict,conflict,1,0,0,12.520000000000001,0.20181666666666664,624555,3145749
640,58994,83,pair_002_n5_002_conflict,conflict,1,0,0,12.430000000000001,0.20167833333333332,624970,3150646
641,59075,81,pair_010_n3_010_control,control,1,0,0,12.450000000000001,0.20154333333333332,625375,3155425
642,59157,82,pair_010_n3_010_conflict,conflict,1,0,0,12.440000000000001,0.20140666666666665,625785,3160263
643,59163,6,pair_017_n3_017_control,control,0,1,0,-0.9,0.20139666666666667,625815,3160617
644,59268,105,pair_014_n5_014_control,control,1,0,0,12.21,0.20122166666666666,626340,3166812
645,59355,87,pair_017_n5_017_control,control,1,0,0,12.39,0.20107666666666665,626775,3171945
646,59442,87,pair_003_n5_003_control,control,0,1,0,1.2900000000000014,0.20093166666666668,627210,3177078
647,59520,78,pair_008_n3_008_conflict,conflict,1,0,0,12.48,0.20080166666666666,627600,3181680
648,59608,88,pair_013_n5_013_conflict,conflict,1,0,0,12.380000000000003,0.20065499999999997,628040,3186872
649,59687,79,pair_009_n5_009_control,control,1,0,0,12.470000000000002,0.20052333333333333,628435,3191533
650,59765,78,pair_004_n3_004_control,control,1,0,0,12.48,0.2003933333333333,628825,3196135
651,59856,91,pair_012_n5_012_conflict,conflict,1,0,0,12.350000000000001,0.20024166666666665,629280,3201504
652,59953,97,pair_005_n5_005_control,control,1,0,0,12.290000000000001,0.20007999999999998,629765,3207227
653,60040,87,pair_011_n3_011_conflict,conflict,1,0,0,12.390000000000002,0.19993499999999997,630160,3212400
654,60120,80,pair_017_n5_017_control,control,1,0,0,12.46,0.19980166666666666,630480,3217200
655,60207,87,pair_001_n3_001_conflict,conflict,1,0,0,12.390000000000002,0.19965666666666665,630828,3222420
656,60281,74,pair_008_n3_008_control,control,1,0,0,12.520000000000001,0.19953333333333334,631124,3226860
657,60377,96,pair_007_n5_007_conflict,conflict,1,0,0,12.3,0.19937333333333332,631508,3232620
658,60455,78,pair_016_n3_016_control,control,1,0,0,12.48,0.19924333333333333,631820,3237300
659,60545,90,pair_002_n3_002_conflict,conflict,1,0,0,12.360000000000001,0.19909333333333332,632180,3242700
660,60628,83,pair_005_n5_005_conflict,conflict,1,0,0,12.430000000000001,0.198955,632512,3247680
661,60712,84,pair_005_n3_005_control,control,1,0,0,12.420000000000002,0.198815,632848,3252720
662,60793,81,pair_002_n5_002_control,control,1,0,0,12.450000000000001,0.19868,633172,3257580
663,60880,87,pair_000_n3_000_conflict,conflict,1,0,0,12.39,0.198535,633520,3262800
664,60957,77,pair_014_n5_014_conflict,conflict,1,0,0,12.490000000000002,0.19840666666666668,633828,3267420
665,61041,84,pair_000_n3_000_control,control,1,0,0,12.420000000000002,0.19826666666666665,634164,3272460
666,61121,80,pair_016_n5_016_control,control,1,0,0,12.46,0.19813333333333333,634484,3277260
667,61203,82,pair_007_n3_007_conflict,conflict,1,0,0,12.440000000000001,0.19799666666666665,634812,3282180
668,61288,85,pair_013_n3_013_control,control,1,0,0,12.410000000000002,0.197855,635152,3287280
669,61381,93,pair_010_n5_010_control,control,1,0,0,12.330000000000002,0.1977,635524,3292860
670,61433,52,pair_007_n3_007_control,control,0,1,0,0.0900000000000003,0.1976133333333333,635732,3295980
671,61529,96,pair_005_n3_005_conflict,conflict,1,0,0,12.3,0.19745333333333331,636116,3301740
672,61613,84,pair_012_n3_012_control,control,1,0,0,12.420000000000002,0.19731333333333334,636452,3306780
673,61693,80,pair_010_n3_010_conflict,conflict,1,0,0,12.46,0.19718,636772,3311580
674,61780,87,pair_001_n5_001_control,control,1,0,0,12.39,0.197035,637120,3316800
675,61873,93,pair_013_n3_013_conflict,conflict,1,0,0,12.330000000000002,0.19688,637492,3322380
676,61960,87,pair_000_n5_000_conflict,conflict,1,0,0,12.39,0.196735,637840,3327600
677,62041,81,pair_015_n5_015_conflict,conflict,1,0,0,12.450000000000001,0.1966,638164,3332460
678,62124,83,pair_011_n3_011_control,control,1,0,0,12.430000000000001,0.19646166666666665,638496,3337440
679,62222,98,pair_017_n3_017_control,control,1,0,0,12.280000000000001,0.19629833333333332,638888,3343320
680,62299,77,pair_000_n5_000_control,control,1,0,0,12.490000000000002,0.19616999999999998,639196,3347940
681,62397,98,pair_015_n3_015_conflict,conflict,1,0,0,12.280000000000001,0.19600666666666666,639588,3353820
682,62492,95,pair_003_n3_003_control,control,1,0,0,12.310000000000002,0.19584833333333332,639968,3359520
683,62568,76,pair_002_n5_002_conflict,conflict,1,0,0,12.500000000000002,0.19572166666666665,640272,3364080
684,62652,84,pair_006_n5_006_control,control,1,0,0,12.420000000000002,0.19558166666666665,640608,3369120
685,62659,7,pair_011_n5_011_control,control,0,1,0,-0.76,0.19557,640636,3369540
686,62746,87,pair_004_n5_004_conflict,conflict,1,0,0,12.39,0.195425,640984,3374760
687,62831,85,pair_010_n5_010_conflict,conflict,1,0,0,12.410000000000002,0.1952833333333333,641324,3379860
688,62922,91,pair_009_n3_009_control,control,1,0,0,12.350000000000001,0.19513166666666665,641688,3385320
689,62959,37,pair_010_n3_010_control,control,0,1,0,-0.1599999999999998,0.19507,641836,3387540
690,63036,77,pair_001_n5_001_conflict,conflict,1,0,0,12.490000000000002,0.19494166666666665,642144,3392160
691,63124,88,pair_004_n5_004_control,control,1,0,0,12.380000000000003,0.194795,642496,3397440
692,63224,100,pair_013_n5_013_control,control,1,0,0,12.260000000000002,0.19462833333333332,642896,3403440
693,63296,72,pair_012_n3_012_conflict,conflict,1,0,0,12.540000000000001,0.19450833333333334,643184,3407760
694,63380,84,pair_002_n3_002_control,control,1,0,0,12.420000000000002,0.1943683333333333,643520,3412800
695,63489,109,pair_015_n5_015_control,control,1,0,0,12.170000000000002,0.19418666666666667,643956,3419340
696,63571,82,pair_014_n5_014_control,control,1,0,0,12.440000000000001,0.19405,644284,3424260
697,63665,94,pair_006_n3_006_conflict,conflict,1,0,0,12.32,0.1938933333333333,644660,3429900
698,63753,88,pair_016_n5_016_conflict,conflict,1,0,0,12.38,0.19374666666666665,645012,3435180
699,63847,94,pair_014_n3_014_control,control,1,0,0,12.32,0.19358999999999998,645388,3440820
700,63934,87,pair_011_n5_011_conflict,conflict,1,0,0,12.39,0.19344499999999998,645736,3446040
701,63997,63,pair_017_n5_017_conflict,conflict,0,1,0,1.080000000000001,0.19333999999999998,645988,3449820
702,64107,110,pair_001_n3_001_control,control,1,0,0,12.160000000000002,0.19315666666666664,646428,3456420
703,64203,96,pair_003_n5_003_control,control,1,0,0,12.3,0.19299666666666665,646812,3462180
704,64304,101,pair_008_n5_008_conflict,conflict,1,0,0,12.250000000000002,0.19282833333333332,647216,3468240
705,64385,81,pair_008_n5_008_control,control,1,0,0,12.450000000000001,0.19269333333333333,647540,3473100
706,64469,84,pair_014_n3_014_conflict,conflict,1,0,0,12.420000000000002,0.19255333333333333,647876,3478140
707,64568,99,pair_003_n5_003_conflict,conflict,1,0,0,12.270000000000001,0.19238833333333333,648272,3484080
708,64648,80,pair_009_n5_009_conflict,conflict,1,0,0,12.46,0.192255,648592,3488880
709,64723,75,pair_015_n3_015_control,control,1,0,0,12.510000000000002,0.19213,648892,3493380
710,64808,85,pair_016_n3_016_conflict,conflict,1,0,0,12.410000000000002,0.19198833333333332,649232,3498480
711,64893,85,pair_017_n3_017_conflict,conflict,1,0,0,12.410000000000002,0.19184666666666667,649572,3503580
712,64987,94,pair_006_n3_006_control,control,1,0,0,12.320000000000002,0.19168999999999997,649948,3509220
713,65081,94,pair_012_n5_012_control,control,1,0,0,12.320000000000002,0.19153333333333333,650324,3514860
714,65165,84,pair_008_n3_008_conflict,conflict,1,0,0,12.420000000000002,0.1913933333333333,650660,3519900
715,65247,82,pair_004_n3_004_conflict,conflict,1,0,0,12.440000000000001,0.19125666666666666,650988,3524820
716,65320,73,pair_003_n3_003_conflict,conflict,1,0,0,12.530000000000001,0.191135,651280,3529200
717,65393,73,pair_009_n3_009_conflict,conflict,1,0,0,12.530000000000001,0.1910133333333333,651572,3533580
718,65487,94,pair_006_n5_006_conflict,conflict,1,0,0,12.320000000000002,0.19085666666666667,651948,3539220
719,65569,82,pair_007_n5_007_control,control,1,0,0,12.440000000000001,0.19072,652276,3544140
720,65649,80,pair_003_n5_003_control,control,1,0,0,12.46,0.19058666666666665,652596,3548940
721,65753,104,pair_007_n5_007_control,control,1,0,0,12.220000000000002,0.19041333333333332,653012,3555180
722,65835,82,pair_016_n5_016_control,control,1,0,0,12.440000000000001,0.19027666666666665,653340,3560100
723,65840,5,pair_012_n3_012_control,control,0,1,0,-0.84,0.19026833333333332,653360,3560400
724,65917,77,pair_010_n5_010_control,control,1,0,0,12.490000000000002,0.19013999999999998,653668,3565020
725,66006,89,pair_007_n3_007_control,control,1,0,0,12.370000000000001,0.18999166666666667,654024,3570360
726,66011,5,pair_009_n3_009_conflict,conflict,0,1,0,-0.84,0.18998333333333334,654044,3570660
727,66087,76,pair_013_n5_013_conflict,conflict,1,0,0,12.500000000000002,0.18985666666666667,654348,3575220
728,66183,96,pair_001_n5_001_control,control,1,0,0,12.3,0.18969666666666665,654732,3580980
729,66265,82,pair_000_n3_000_control,control,1,0,0,12.440000000000001,0.18956,655060,3585900
730,66352,87,pair_017_n3_017_conflict,conflict,1,0,0,12.39,0.189415,655408,3591120
731,66440,88,pair_006_n5_006_conflict,conflict,1,0,0,12.380000000000003,0.18926833333333332,655760,3596400
732,66527,87,pair_016_n5_016_conflict,conflict,1,0,0,12.39,0.1891233333333333,656108,3601620
733,66609,82,pair_016_n3_016_control,control,1,0,0,12.440000000000001,0.18898666666666664,656436,3606540
734,66705,96,pair_006_n3_006_control,control,1,0,0,12.3,0.18882666666666664,656820,3612300
735,66780,75,pair_011_n5_011_conflict,conflict,1,0,0,12.510000000000002,0.18870166666666666,657120,3616800
736,66868,88,pair_002_n3_002_conflict,conflict,1,0,0,12.380000000000003,0.18855499999999997,657472,3622080
737,66949,81,pair_005_n5_005_control,control,1,0,0,12.450000000000001,0.18841999999999998,657796,3626940
738,67027,78,pair_007_n5_007_conflict,conflict,1,0,0,12.480000000000002,0.18828999999999999,658108,3631620
739,67117,90,pair_005_n3_005_control,control,1,0,0,12.360000000000001,0.18813999999999997,658468,3637020
740,67200,83,pair_003_n3_003_conflict,conflict,1,0,0,12.430000000000001,0.18800166666666665,658800,3642000
741,67287,87,pair_004_n3_004_conflict,conflict,1,0,0,12.390000000000002,0.18785666666666667,659148,3647220
742,67364,77,pair_010_n3_010_conflict,conflict,1,0,0,12.490000000000002,0.18772833333333333,659456,3651840
743,67444,80,pair_004_n5_004_control,control,1,0,0,12.46,0.18759499999999998,659776,3656640
744,67524,80,pair_011_n3_011_control,control,1,0,0,12.46,0.18746166666666664,660096,3661440
745,67597,73,pair_002_n3_002_control,control,1,0,0,12.530000000000001,0.18734,660388,3665820
746,67686,89,pair_014_n5_014_conflict,conflict,1,0,0,12.370000000000001,0.18719166666666665,660744,3671160
747,67774,88,pair_017_n3_017_control,control,1,0,0,12.380000000000003,0.187045,661096,3676440
748,67779,5,pair_008_n5_008_control,control,0,1,0,-0.94,0.18703666666666666,661116,3676740
749,67868,89,pair_005_n5_005_conflict,conflict,1,0,0,12.370000000000001,0.18688833333333332,661472,3682080
750,67969,101,pair_015_n5_015_control,control,1,0,0,12.250000000000002,0.18672,661876,3688140
751,68064,95,pair_003_n5_003_conflict,conflict,1,0,0,12.310000000000002,0.18656166666666665,662256,3693840
752,68145,81,pair_009_n5_009_control,control,1,0,0,12.450000000000001,0.18642666666666666,662580,3698700
753,68236,91,pair_015_n5_015_conflict,conflict,1,0,0,12.350000000000001,0.18627499999999997,662944,3704160
754,68336,100,pair_000_n5_000_control,control,1,0,0,12.260000000000002,0.18610833333333332,663344,3710160
755,68371,35,pair_008_n3_008_conflict,conflict,0,1,0,-0.08999999999999975,0.18605,663484,3712260
756,68449,78,pair_009_n3_009_control,control,1,0,0,12.48,0.18591999999999997,663796,3716940
757,68533,84,pair_017_n5_017_control,control,1,0,0,12.420000000000002,0.18578,664132,3721980
758,68609,76,pair_002_n5_002_control,control,1,0,0,12.500000000000002,0.18565333333333334,664436,3726540
759,68689,80,pair_004_n3_004_control,control,1,0,0,12.460000000000003,0.18552,664756,3731340
760,68763,74,pair_006_n3_006_conflict,conflict,1,0,0,12.520000000000001,0.18539666666666665,665052,3735780
761,68852,89,pair_000_n5_000_conflict,conflict,1,0,0,12.370000000000001,0.18524833333333332,665408,3741120
762,68882,30,pair_009_n5_009_conflict,conflict,0,1,0,-0.6900000000000002,0.18519833333333333,665528,3742920
763,68967,85,pair_015_n3_015_conflict,conflict,1,0,0,12.410000000000002,0.18505666666666665,665868,3748020
764,69050,83,pair_006_n5_006_control,control,1,0,0,12.430000000000001,0.18491833333333332,666200,3753000
765,69166,116,pair_012_n5_012_conflict,conflict,1,0,0,12.100000000000001,0.18472499999999997,666664,3759960
766,69242,76,pair_000_n3_000_conflict,conflict,1,0,0,12.500000000000002,0.1845983333333333,666968,3764520
767,69321,79,pair_012_n3_012_conflict,conflict,1,0,0,12.470000000000002,0.18446666666666667,667284,3769260
768,69406,85,pair_013_n5_013_control,control,1,0,0,12.410000000000002,0.184325,667624,3774360
769,69495,89,pair_016_n3_016_conflict,conflict,1,0,0,12.370000000000001,0.18417666666666666,667980,3779700
770,69574,79,pair_014_n5_014_control,control,1,0,0,12.470000000000002,0.184045,668296,3784440
771,69648,74,pair_008_n3_008_control,control,1,0,0,12.520000000000001,0.18392166666666665,668592,3788880
772,69729,81,pair_005_n3_005_conflict,conflict,1,0,0,12.450000000000001,0.18378666666666665,668916,3793740
773,69774,45,pair_007_n3_007_conflict,conflict,0,1,0,0.060000000000000275,0.18371166666666666,669096,3796440
774,69852,78,pair_003_n3_003_control,control,1,0,0,12.480000000000002,0.18358166666666664,669408,3801120
775,69938,86,pair_001_n3_001_control,control,1,0,0,12.400000000000002,0.18343833333333331,669752,3806280
776,70019,81,pair_014_n3_014_control,control,1,0,0,12.450000000000001,0.18330333333333332,670057,3811159
777,70100,81,pair_013_n3_013_conflict,conflict,1,0,0,12.450000000000003,0.18316833333333332,670300,3816100
778,70193,93,pair_015_n3_015_control,control,1,0,0,12.330000000000002,0.1830133333333333,670579,3821773
779,70283,90,pair_004_n5_004_conflict,conflict,1,0,0,12.360000000000001,0.18286333333333332,670849,3827263
780,70376,93,pair_017_n5_017_conflict,conflict,1,0,0,12.330000000000002,0.1827083333333333,671128,3832936
781,70461,85,pair_013_n3_013_control,control,1,0,0,12.410000000000002,0.18256666666666665,671383,3838121
782,70543,82,pair_011_n3_011_conflict,conflict,1,0,0,12.440000000000001,0.18242999999999998,671629,3843123
783,70625,82,pair_001_n3_001_conflict,conflict,1,0,0,12.440000000000001,0.1822933333333333,671875,3848125
784,70701,76,pair_010_n3_010_control,control,1,0,0,12.500000000000002,0.18216666666666664,672103,3852761
785,70783,82,pair_001_n5_001_conflict,conflict,1,0,0,12.440000000000001,0.18202999999999997,672349,3857763
786,70865,82,pair_010_n5_010_conflict,conflict,1,0,0,12.440000000000001,0.18189333333333332,672595,3862765
787,70940,75,pair_012_n5_012_control,control,1,0,0,12.510000000000002,0.1817683333333333,672820,3867340
788,71018,78,pair_014_n3_014_conflict,conflict,1,0,0,12.48,0.18163833333333332,673054,3872098
789,71100,82,pair_011_n5_011_control,control,1,0,0,12.440000000000001,0.18150166666666667,673300,3877100
790,71184,84,pair_002_n5_002_conflict,conflict,1,0,0,12.420000000000002,0.18136166666666664,673552,3882224
791,71267,83,pair_008_n5_008_conflict,conflict,1,0,0,12.430000000000001,0.18122333333333332,673801,3887287
792,71357,90,pair_014_n3_014_conflict,conflict,1,0,0,12.360000000000001,0.1810733333333333,674071,3892777
793,71439,82,pair_008_n3_008_conflict,conflict,1,0,0,12.440000000000001,0.18093666666666666,674317,3897779
794,71519,80,pair_002_n3_002_control,control,1,0,0,12.46,0.18080333333333332,674557,3902659
795,71597,78,pair_012_n3_012_conflict,conflict,1,0,0,12.48,0.18067333333333332,674791,3907417
796,71682,85,pair_010_n3_010_control,control,1,0,0,12.410000000000002,0.18053166666666665,675046,3912602
797,71770,88,pair_005_n3_005_conflict,conflict,1,0,0,12.38,0.180385,675310,3917970
798,71852,82,pair_005_n5_005_conflict,conflict,1,0,0,12.440000000000001,0.18024833333333332,675556,3922972
799,71932,80,pair_006_n5_006_control,control,1,0,0,12.46,0.18011499999999997,675796,3927852
800,72022,90,pair_007_n3_007_conflict,conflict,1,0,0,12.360000000000001,0.17996499999999999,676066,3933342
801,72068,46,pair_007_n5_007_conflict,conflict,0,1,0,0.050000000000000266,0.17988833333333332,676204,3936148
802,72131,63,pair_002_n5_002_conflict,conflict,0,1,0,0.7800000000000009,0.17978333333333332,676393,3939991
803,72358,227,pair_003_n3_003_control,control,1,0,0,10.99,0.17940499999999998,677074,3953838
804,72440,82,pair_016_n5_016_control,control,1,0,0,12.440000000000001,0.1792683333333333,677320,3958840
805,72513,73,pair_004_n5_004_control,control,1,0,0,12.530000000000001,0.17914666666666668,677539,3963293
806,72595,82,pair_011_n3_011_conflict,conflict,1,0,0,12.440000000000001,0.17901,677785,3968295
807,72674,79,pair_011_n3_011_control,control,1,0,0,12.470000000000002,0.1788783333333333,678022,3973114
808,72703,29,pair_010_n5_010_conflict,conflict,0,1,0,-0.029999999999999694,0.17883,678109,3974883
809,72789,86,pair_014_n5_014_control,control,1,0,0,12.400000000000002,0.17868666666666666,678367,3980129
810,72795,6,pair_009_n5_009_conflict,conflict,0,1,0,-0.9,0.17867666666666665,678385,3980495
811,72873,78,pair_008_n3_008_control,control,1,0,0,12.48,0.17854666666666666,678619,3985253
812,72952,79,pair_010_n5_010_control,control,1,0,0,12.470000000000002,0.178415,678856,3990072
813,73037,85,pair_001_n3_001_control,control,1,0,0,12.410000000000002,0.17827333333333334,679111,3995257
814,73130,93,pair_016_n3_016_conflict,conflict,1,0,0,12.330000000000002,0.17811833333333332,679390,4000930
815,73242,112,pair_003_n3_003_conflict,conflict,1,0,0,12.14,0.17793166666666665,679726,4007762
816,73256,14,pair_015_n3_015_conflict,conflict,0,1,0,-0.4800000000000001,0.17790833333333333,679768,4008616
817,73340,84,pair_009_n3_009_control,control,1,0,0,12.420000000000002,0.1777683333333333,680020,4013740
818,73417,77,pair_002_n5_002_control,control,1,0,0,12.490000000000002,0.17764,680251,4018437
819,73502,85,pair_011_n5_011_conflict,conflict,1,0,0,12.410000000000002,0.1774983333333333,680506,4023622
820,73593,91,pair_015_n5_015_conflict,conflict,1,0,0,12.350000000000001,0.17734666666666665,680779,4029173
821,73679,86,pair_016_n5_016_conflict,conflict,1,0,0,12.400000000000002,0.17720333333333332,681037,4034419
822,73760,81,pair_009_n5_009_control,control,1,0,0,12.450000000000003,0.17706833333333333,681280,4039360
823,73833,73,pair_011_n5_011_control,control,1,0,0,12.530000000000001,0.17694666666666664,681499,4043813
824,73918,85,pair_017_n5_017_conflict,conflict,1,0,0,12.410000000000002,0.176805,681754,4048998
825,74005,87,pair_000_n3_000_control,control,1,0,0,12.39,0.17665999999999998,682015,4054305
826,74079,74,pair_004_n5_004_conflict,conflict,1,0,0,12.520000000000001,0.17653666666666668,682237,4058819
827,74163,84,pair_013_n5_013_control,control,1,0,0,12.420000000000002,0.17639666666666665,682489,4063943
828,74247,84,pair_012_n5_012_control,control,1,0,0,12.420000000000002,0.17625666666666667,682741,4069067
829,74331,84,pair_008_n5_008_control,control,1,0,0,12.420000000000002,0.17611666666666664,682993,4074191
830,74415,84,pair_005_n5_005_control,control,1,0,0,12.420000000000002,0.17597666666666667,683245,4079315
831,74422,7,pair_015_n5_015_control,control,0,1,0,-0.86,0.17596499999999998,683266,4079742
832,74512,90,pair_005_n3_005_control,control,1,0,0,12.360000000000001,0.175815,683536,4085232
833,74519,7,pair_013_n3_013_conflict,conflict,0,1,0,-0.81,0.1758033333333333,683557,4085659
834,74608,89,pair_013_n5_013_conflict,conflict,1,0,0,12.370000000000001,0.175655,683824,4091088
835,74699,91,pair_009_n3_009_conflict,conflict,1,0,0,12.350000000000001,0.17550333333333332,684097,4096639
836,74782,83,pair_001_n5_001_control,control,1,0,0,12.430000000000001,0.175365,684346,4101702
837,74863,81,pair_012_n3_012_control,control,1,0,0,12.450000000000003,0.17523,684589,4106643
838,74941,78,pair_001_n3_001_conflict,conflict,1,0,0,12.480000000000002,0.17509999999999998,684823,4111401
839,75037,96,pair_007_n3_007_control,control,1,0,0,12.3,0.17493999999999998,685111,4117257
840,75111,74,pair_000_n5_000_control,control,1,0,0,12.520000000000001,0.17481666666666665,685333,4121771
841,75206,95,pair_004_n3_004_control,control,1,0,0,12.310000000000002,0.17465833333333333,685618,4127566
842,75278,72,pair_015_n3_015_control,control,1,0,0,12.540000000000003,0.17453833333333332,685834,4131958
843,75379,101,pair_003_n5_003_control,control,1,0,0,12.250000000000002,0.17437,686137,4138119
844,75381,2,pair_016_n3_016_control,control,0,1,0,-0.96,0.17436666666666664,686143,4138241
845,75454,73,pair_000_n5_000_conflict,conflict,1,0,0,12.530000000000001,0.17424499999999998,686362,4142694
846,75532,78,pair_014_n3_014_control,control,1,0,0,12.480000000000002,0.174115,686596,4147452
847,75608,76,pair_001_n5_001_conflict,conflict,1,0,0,12.500000000000002,0.17398833333333333,686824,4152088
848,75692,84,pair_007_n5_007_control,control,1,0,0,12.420000000000002,0.17384833333333333,687076,4157212
849,75777,85,pair_003_n5_003_conflict,conflict,1,0,0,12.410000000000002,0.17370666666666665,687331,4162397
850,75851,74,pair_010_n3_010_conflict,conflict,1,0,0,12.520000000000001,0.1735833333333333,687553,4166911
851,75951,100,pair_008_n5_008_conflict,conflict,1,0,0,12.260000000000002,0.17341666666666666,687853,4173011
852,76027,76,pair_014_n5_014_conflict,conflict,1,0,0,12.500000000000002,0.17329,688081,4177647
853,76102,75,pair_006_n3_006_conflict,conflict,1,0,0,12.510000000000002,0.17316499999999999,688306,4182222
854,76182,80,pair_012_n5_012_conflict,conflict,1,0,0,12.46,0.17303166666666667,688546,4187102
855,76272,90,pair_000_n3_000_conflict,conflict,1,0,0,12.360000000000001,0.17288166666666666,688816,4192592
856,76367,95,pair_002_n3_002_conflict,conflict,1,0,0,12.310000000000002,0.1727233333333333,689101,4198387
857,76451,84,pair_004_n3_004_conflict,conflict,1,0,0,12.420000000000002,0.1725833333333333,689353,4203511
858,76546,95,pair_006_n5_006_conflict,conflict,1,0,0,12.310000000000002,0.172425,689638,4209306
859,76642,96,pair_017_n3_017_conflict,conflict,1,0,0,12.3,0.172265,689926,4215162
860,76719,77,pair_017_n5_017_control,control,1,0,0,12.490000000000002,0.17213666666666666,690157,4219859
861,76797,78,pair_006_n3_006_control,control,1,0,0,12.48,0.17200666666666667,690391,4224617
862,76882,85,pair_013_n3_013_control,control,1,0,0,12.410000000000002,0.171865,690646,4229802
863,76959,77,pair_017_n3_017_control,control,1,0,0,12.490000000000002,0.17173666666666665,690877,4234499
864,77049,90,pair_006_n5_006_conflict,conflict,1,0,0,12.360000000000001,0.17158666666666667,691147,4239989
865,77127,78,pair_000_n5_000_conflict,conflict,1,0,0,12.480000000000002,0.17145666666666665,691381,4244747
866,77218,91,pair_013_n3_013_conflict,conflict,1,0,0,12.350000000000001,0.17130499999999999,691654,4250298
867,77316,98,pair_003_n3_003_conflict,conflict,1,0,0,12.280000000000001,0.17114166666666666,691948,4256276
868,77407,91,pair_014_n5_014_conflict,conflict,1,0,0,12.350000000000001,0.17098999999999998,692221,4261827
869,77488,81,pair_003_n5_003_conflict,conflict,1,0,0,12.450000000000001,0.17085499999999998,692464,4266768
870,77586,98,pair_003_n5_003_control,control,1,0,0,12.280000000000001,0.17069166666666666,692758,4272746
871,77715,129,pair_008_n3_008_conflict,conflict,1,0,0,11.97,0.17047666666666667,693145,4280615
872,77821,106,pair_007_n3_007_conflict,conflict,1,0,0,12.200000000000001,0.17029999999999998,693463,4287081
873,77908,87,pair_000_n5_000_control,control,1,0,0,12.39,0.170155,693724,4292388
874,77997,89,pair_007_n5_007_control,control,1,0,0,12.370000000000001,0.17000666666666667,693991,4297817
875,78073,76,pair_000_n3_000_conflict,conflict,1,0,0,12.500000000000002,0.16987999999999998,694219,4302453
876,78165,92,pair_012_n5_012_control,control,1,0,0,12.340000000000002,0.16972666666666666,694495,4308065
877,78247,82,pair_005_n3_005_conflict,conflict,1,0,0,12.440000000000001,0.16959,694741,4313067
878,78326,79,pair_006_n3_006_conflict,conflict,1,0,0,12.470000000000002,0.16945833333333332,694978,4317886
879,78414,88,pair_013_n5_013_conflict,conflict,1,0,0,12.380000000000003,0.16931166666666667,695242,4323254
880,78455,41,pair_011_n5_011_conflict,conflict,0,1,0,-0.04999999999999982,0.16924333333333333,695365,4325755
881,78527,72,pair_002_n3_002_control,control,1,0,0,12.540000000000001,0.16912333333333332,695581,4330147
882,78611,84,pair_001_n5_001_conflict,conflict,1,0,0,12.420000000000002,0.16898333333333332,695833,4335271
883,78690,79,pair_013_n3_013_control,control,1,0,0,12.470000000000002,0.16885166666666665,696070,4340090
884,78693,3,pair_009_n5_009_conflict,conflict,0,1,0,-0.92,0.16884666666666664,696079,4340273
885,78772,79,pair_015_n3_015_conflict,conflict,1,0,0,12.470000000000002,0.16871499999999998,696316,4345092
886,78862,90,pair_004_n5_004_control,control,1,0,0,12.360000000000001,0.168565,696586,4350582
887,78943,81,pair_001_n5_001_control,control,1,0,0,12.450000000000001,0.16843,696829,4355523
888,79026,83,pair_008_n5_008_conflict,conflict,1,0,0,12.430000000000001,0.16829166666666664,697078,4360586
889,79107,81,pair_007_n3_007_control,control,1,0,0,12.450000000000001,0.16815666666666665,697321,4365527
890,79187,80,pair_009_n3_009_control,control,1,0,0,12.46,0.16802333333333333,697561,4370407
891,79296,109,pair_016_n3_016_conflict,conflict,1,0,0,12.170000000000002,0.16784166666666667,697888,4377056
892,79403,107,pair_015_n5_015_control,control,1,0,0,12.190000000000001,0.16766333333333333,698209,4383583
893,79494,91,pair_010_n3_010_control,control,1,0,0,12.350000000000001,0.16751166666666664,698482,4389134
894,79577,83,pair_017_n3_017_control,control,1,0,0,12.430000000000001,0.16737333333333332,698731,4394197
895,79652,75,pair_016_n5_016_conflict,conflict,1,0,0,12.510000000000002,0.16724833333333333,698956,4398772
896,79732,80,pair_017_n3_017_conflict,conflict,1,0,0,12.46,0.16711499999999999,699196,4403652
897,79810,78,pair_006_n3_006_control,control,1,0,0,12.480000000000002,0.166985,699430,4408410
898,79816,6,pair_009_n5_009_control,control,0,1,0,-0.8,0.16697499999999998,699448,4408776
899,79888,72,pair_012_n5_012_conflict,conflict,1,0,0,12.540000000000003,0.16685499999999998,699664,4413168
900,79896,8,pair_015_n3_015_control,control,0,1,0,-0.77,0.16684166666666667,699688,4413656
901,79975,79,pair_009_n3_009_conflict,conflict,1,0,0,12.470000000000002,0.16671,699925,4418475
902,80057,82,pair_012_n3_012_control,control,1,0,0,12.440000000000001,0.16657333333333332,700114,4423534
903,80132,75,pair_007_n5_007_conflict,conflict,1,0,0,12.510000000000002,0.1664483333333333,700264,4428184
904,80243,111,pair_002_n5_002_conflict,conflict,1,0,0,12.150000000000002,0.16626333333333332,700486,4435066
905,80317,74,pair_010_n5_010_conflict,conflict,1,0,0,12.520000000000001,0.16613999999999998,700634,4439654
906,80400,83,pair_016_n5_016_control,control,1,0,0,12.430000000000001,0.16600166666666666,700800,4444800
907,80479,79,pair_002_n5_002_control,control,1,0,0,12.470000000000002,0.16587,700958,4449698
908,80560,81,pair_017_n5_017_control,control,1,0,0,12.450000000000001,0.165735,701120,4454720
909,80636,76,pair_017_n5_017_conflict,conflict,1,0,0,12.500000000000002,0.16560833333333333,701272,4459432
910,80713,77,pair_010_n3_010_conflict,conflict,1,0,0,12.490000000000002,0.16548,701426,4464206
911,80792,79,pair_003_n3_003_control,control,1,0,0,12.470000000000002,0.16534833333333332,701584,4469104
912,80879,87,pair_001_n3_001_control,control,1,0,0,12.39,0.1652033333333333,701758,4474498
913,80960,81,pair_011_n3_011_conflict,conflict,1,0,0,12.450000000000001,0.16506833333333332,701920,4479520
914,81048,88,pair_011_n5_011_control,control,1,0,0,12.380000000000003,0.16492166666666666,702096,4484976
915,81136,88,pair_004_n5_004_conflict,conflict,1,0,0,12.38,0.16477499999999998,702272,4490432
916,81215,79,pair_014_n3_014_control,control,1,0,0,12.470000000000002,0.16464333333333334,702430,4495330
917,81297,82,pair_004_n3_004_control,control,1,0,0,12.440000000000001,0.16450666666666666,702594,4500414
918,81378,81,pair_005_n3_005_control,control,1,0,0,12.450000000000003,0.16437166666666667,702756,4505436
919,81453,75,pair_011_n3_011_control,control,1,0,0,12.510000000000002,0.16424666666666665,702906,4510086
920,81551,98,pair_008_n3_008_control,control,1,0,0,12.280000000000001,0.16408333333333333,703102,4516162
921,81624,73,pair_001_n3_001_conflict,conflict,1,0,0,12.530000000000001,0.16396166666666664,703248,4520688
922,81713,89,pair_013_n5_013_control,control,1,0,0,12.370000000000001,0.1638133333333333,703426,4526206
923,81795,82,pair_004_n3_004_conflict,conflict,1,0,0,12.440000000000001,0.16367666666666666,703590,4531290
924,81873,78,pair_016_n3_016_control,control,1,0,0,12.48,0.16354666666666665,703746,4536126
925,81880,7,pair_014_n3_014_conflict,conflict,0,1,0,-0.86,0.16353499999999999,703760,4536560
926,81960,80,pair_000_n3_000_control,control,1,0,0,12.46,0.16340166666666667,703920,4541520
927,82046,86,pair_006_n5_006_control,control,1,0,0,12.400000000000002,0.1632583333333333,704092,4546852
928,82148,102,pair_005_n5_005_control,control,1,0,0,12.240000000000002,0.16308833333333334,704296,4553176
929,82235,87,pair_015_n5_015_conflict,conflict,1,0,0,12.390000000000002,0.16294333333333333,704470,4558570
930,82315,80,pair_014_n5_014_control,control,1,0,0,12.46,0.16280999999999998,704630,4563530
931,82394,79,pair_005_n5_005_conflict,conflict,1,0,0,12.470000000000002,0.1626783333333333,704788,4568428
932,82487,93,pair_012_n3_012_conflict,conflict,1,0,0,12.330000000000002,0.16252333333333333,704974,4574194
933,82579,92,pair_008_n5_008_control,control,1,0,0,12.340000000000002,0.16237,705158,4579898
934,82675,96,pair_010_n5_010_control,control,1,0,0,12.3,0.16221,705350,4585850
935,82752,77,pair_002_n3_002_conflict,conflict,1,0,0,12.490000000000002,0.16208166666666665,705504,4590624
936,82836,84,pair_011_n3_011_conflict,conflict,1,0,0,12.420000000000002,0.16194166666666665,705672,4595832
937,82919,83,pair_015_n3_015_conflict,conflict,1,0,0,12.430000000000001,0.16180333333333333,705838,4600978
938,82996,77,pair_000_n3_000_control,control,1,0,0,12.490000000000002,0.16167499999999999,705992,4605752
939,83069,73,pair_006_n3_006_control,control,1,0,0,12.530000000000001,0.16155333333333333,706138,4610278
940,83157,88,pair_014_n3_014_control,control,1,0,0,12.38,0.16140666666666664,706314,4615734
941,83233,76,pair_017_n5_017_control,control,1,0,0,12.500000000000002,0.16127999999999998,706466,4620446
942,83306,73,pair_009_n3_009_conflict,conflict,1,0,0,12.530000000000001,0.16115833333333332,706612,4624972
943,83380,74,pair_000_n5_000_control,control,1,0,0,12.520000000000001,0.16103499999999998,706760,4629560
944,83463,83,pair_014_n5_014_control,control,1,0,0,12.430000000000001,0.16089666666666666,706926,4634706
945,83536,73,pair_008_n3_008_conflict,conflict,1,0,0,12.530000000000001,0.160775,707072,4639232
946,83614,78,pair_014_n5_014_conflict,conflict,1,0,0,12.480000000000002,0.16064499999999998,707228,4644068
947,83707,93,pair_005_n5_005_conflict,conflict,1,0,0,12.330000000000002,0.16049,707414,4649834
948,83783,76,pair_011_n3_011_control,control,1,0,0,12.500000000000002,0.16036333333333333,707566,4654546
949,83861,78,pair_002_n5_002_control,control,1,0,0,12.48,0.1602333333333333,707722,4659382
950,83944,83,pair_017_n3_017_conflict,conflict,1,0,0,12.430000000000001,0.160095,707888,4664528
951,84019,75,pair_015_n5_015_conflict,conflict,1,0,0,12.510000000000002,0.15997,708038,4669178
952,84098,79,pair_016_n3_016_conflict,conflict,1,0,0,12.470000000000002,0.15983833333333333,708196,4674076
953,84172,74,pair_012_n3_012_conflict,conflict,1,0,0,12.520000000000001,0.159715,708344,4678664
954,84257,85,pair_005_n3_005_control,control,1,0,0,12.410000000000002,0.15957333333333332,708514,4683934
955,84336,79,pair_009_n5_009_conflict,conflict,1,0,0,12.470000000000002,0.15944166666666665,708672,4688832
956,84419,83,pair_017_n5_017_conflict,conflict,1,0,0,12.430000000000001,0.15930333333333332,708838,4693978
957,84490,71,pair_006_n5_006_control,control,1,0,0,12.55,0.159185,708980,4698380
958,84562,72,pair_009_n5_009_control,control,1,0,0,12.540000000000001,0.15906499999999998,709124,4702844
959,84570,8,pair_009_n3_009_control,control,0,1,0,-0.92,0.15905166666666665,709140,4703340
960,84649,79,pair_011_n5_011_control,control,1,0,0,12.470000000000002,0.15891999999999998,709298,4708238
961,84719,70,pair_015_n3_015_control,control,1,0,0,12.560000000000002,0.15880333333333332,709438,4712578
962,84803,84,pair_012_n3_012_control,control,1,0,0,12.420000000000002,0.15866333333333332,709606,4717786
963,84883,80,pair_004_n3_004_conflict,conflict,1,0,0,12.46,0.15852999999999998,709766,4722746
964,84964,81,pair_016_n5_016_conflict,conflict,1,0,0,12.450000000000003,0.15839499999999998,709928,4727768
965,85032,68,pair_013_n5_013_control,control,1,0,0,12.580000000000002,0.15828166666666665,710064,4731984
966,85120,88,pair_006_n5_006_conflict,conflict,1,0,0,12.380000000000003,0.158135,710240,4737440
967,85193,73,pair_012_n5_012_control,control,1,0,0,12.530000000000001,0.1580133333333333,710386,4741966
968,85271,78,pair_004_n5_004_control,control,1,0,0,12.48,0.15788333333333332,710542,4746802
969,85353,82,pair_004_n3_004_control,control,1,0,0,12.440000000000001,0.15774666666666665,710706,4751886
970,85435,82,pair_017_n3_017_control,control,1,0,0,12.440000000000001,0.15761,710870,4756970
971,85514,79,pair_001_n5_001_conflict,conflict,1,0,0,12.470000000000002,0.15747833333333333,711028,4761868
972,85587,73,pair_006_n3_006_conflict,conflict,1,0,0,12.530000000000001,0.15735666666666664,711174,4766394
973,85673,86,pair_002_n5_002_conflict,conflict,1,0,0,12.400000000000002,0.15721333333333332,711346,4771726
974,85744,71,pair_015_n5_015_control,control,1,0,0,12.550000000000002,0.15709499999999998,711488,4776128
975,85819,75,pair_004_n5_004_conflict,conflict,1,0,0,12.510000000000002,0.15697,711638,4780778
976,85821,2,pair_007_n5_007_control,control,0,1,0,-0.96,0.15696666666666664,711642,4780902
977,85903,82,pair_007_n3_007_control,control,1,0,0,12.440000000000001,0.15683,711806,4785986
978,85990,87,pair_013_n5_013_conflict,conflict,1,0,0,12.39,0.156685,711980,4791380
979,86067,77,pair_013_n3_013_control,control,1,0,0,12.490000000000002,0.15655666666666665,712134,4796154
980,86071,4,pair_007_n5_007_conflict,conflict,0,1,0,-0.88,0.15655,712142,4796402
981,86140,69,pair_001_n3_001_conflict,conflict,1,0,0,12.570000000000002,0.156435,712280,4800680
982,86220,80,pair_014_n3_014_conflict,conflict,1,0,0,12.46,0.15630166666666664,712440,4805640
983,86303,83,pair_016_n5_016_control,control,1,0,0,12.430000000000001,0.15616333333333332,712606,4810786
984,86389,86,pair_002_n3_002_conflict,conflict,1,0,0,12.400000000000002,0.15602,712778,4816118
985,86485,96,pair_003_n5_003_control,control,1,0,0,12.3,0.15586,712970,4822070
986,86565,80,pair_005_n5_005_control,control,1,0,0,12.46,0.15572666666666665,713130,4827030
987,86641,76,pair_003_n3_003_conflict,conflict,1,0,0,12.500000000000002,0.1556,713282,4831742
988,86724,83,pair_013_n3_013_conflict,conflict,1,0,0,12.430000000000001,0.15546166666666666,713448,4836888
989,86804,80,pair_001_n5_001_control,control,1,0,0,12.46,0.15532833333333332,713608,4841848
990,86881,77,pair_010_n3_010_conflict,conflict,1,0,0,12.490000000000002,0.15519999999999998,713762,4846622
991,86971,90,pair_010_n5_010_control,control,1,0,0,12.360000000000001,0.15505,713942,4852202
992,87052,81,pair_016_n3_016_control,control,1,0,0,12.450000000000001,0.154915,714104,4857224
993,87129,77,pair_000_n5_000_conflict,conflict,1,0,0,12.490000000000002,0.15478666666666666,714258,4861998
994,87205,76,pair_000_n3_000_conflict,conflict,1,0,0,12.500000000000002,0.15466,714410,4866710
995,87294,89,pair_002_n3_002_control,control,1,0,0,12.370000000000001,0.15451166666666666,714588,4872228
996,87376,82,pair_011_n5_011_conflict,conflict,1,0,0,12.440000000000001,0.15437499999999998,714752,4877312
997,87410,34,pair_007_n3_007_conflict,conflict,0,1,0,0.17000000000000037,0.15431833333333334,714820,4879420
998,87484,74,pair_010_n5_010_conflict,conflict,1,0,0,12.520000000000001,0.154195,714968,4884008
999,87560,76,pair_003_n3_003_control,control,1,0,0,12.500000000000002,0.15406833333333333,715120,4888720
1000,87650,90,pair_008_n3_008_control,control,1,0,0,12.360000000000003,0.15391833333333332,715300,4894300
1001,87738,88,pair_001_n3_001_control,control,1,0,0,12.38,0.15377166666666667,715476,4899756
1002,87814,76,pair_008_n5_008_control,control,1,0,0,12.500000000000002,0.15364499999999998,715628,4904468
1003,87894,80,pair_003_n5_003_conflict,conflict,1,0,0,12.46,0.15351166666666666,715788,4909428
1004,87978,84,pair_008_n5_008_conflict,conflict,1,0,0,12.420000000000002,0.15337166666666666,715956,4914636
1005,88060,82,pair_010_n3_010_control,control,1,0,0,12.440000000000001,0.15323499999999998,716120,4919720
1006,88129,69,pair_012_n5_012_conflict,conflict,1,0,0,12.570000000000002,0.15311999999999998,716258,4923998
1007,88214,85,pair_005_n3_005_conflict,conflict,1,0,0,12.410000000000002,0.15297833333333333,716428,4929268
1008,88295,81,pair_010_n5_010_control,control,1,0,0,12.450000000000001,0.15284333333333333,716590,4934290
1009,88377,82,pair_002_n5_002_control,control,1,0,0,12.440000000000001,0.15270666666666666,716754,4939374
1010,88456,79,pair_003_n3_003_control,control,1,0,0,12.470000000000002,0.152575,716912,4944272
1011,88532,76,pair_009_n3_009_control,control,1,0,0,12.500000000000002,0.15244833333333332,717064,4948984
1012,88609,77,pair_017_n3_017_conflict,conflict,1,0,0,12.490000000000002,0.15231999999999998,717218,4953758
1013,88683,74,pair_010_n3_010_control,control,1,0,0,12.520000000000001,0.15219666666666665,717366,4958346
1014,88763,80,pair_017_n5_017_control,control,1,0,0,12.46,0.15206333333333333,717526,4963306
1015,88852,89,pair_003_n5_003_conflict,conflict,1,0,0,12.370000000000001,0.151915,717704,4968824
1016,88929,77,pair_013_n3_013_control,control,1,0,0,12.490000000000002,0.15178666666666665,717858,4973598
1017,88935,6,pair_011_n5_011_control,control,0,1,0,-0.8,0.15177666666666664,717870,4973970
1018,89013,78,pair_015_n5_015_control,control,1,0,0,12.480000000000002,0.15164666666666665,718026,4978806
1019,89095,82,pair_016_n5_016_conflict,conflict,1,0,0,12.440000000000001,0.15150999999999998,718190,4983890
1020,89176,81,pair_005_n5_005_conflict,conflict,1,0,0,12.450000000000001,0.15137499999999998,718352,4988912
1021,89246,70,pair_008_n3_008_control,control,1,0,0,12.560000000000002,0.15125833333333333,718492,4993252
1022,89320,74,pair_004_n3_004_conflict,conflict,1,0,0,12.520000000000001,0.151135,718640,4997840
1023,89390,70,pair_004_n3_004_control,control,1,0,0,12.560000000000002,0.1510183333333333,718780,5002180
1024,89465,75,pair_012_n3_012_control,control,1,0,0,12.510000000000002,0.15089333333333332,718930,5006830
1025,89471,6,pair_013_n3_013_conflict,conflict,0,1,0,-0.9,0.1508833333333333,718942,5007202
1026,89545,74,pair_001_n5_001_conflict,conflict,1,0,0,12.520000000000001,0.15075999999999998,719090,5011790
1027,89620,75,pair_002_n3_002_conflict,conflict,1,0,0,12.510000000000002,0.150635,719240,5016440
1028,89702,82,pair_004_n5_004_control,control,1,0,0,12.440000000000001,0.15049833333333332,719404,5021524
1029,89783,81,pair_017_n5_017_conflict,conflict,1,0,0,12.450000000000001,0.15036333333333332,719566,5026546
1030,89867,84,pair_014_n3_014_conflict,conflict,1,0,0,12.420000000000002,0.15022333333333332,719734,5031754
1031,89942,75,pair_013_n5_013_conflict,conflict,1,0,0,12.510000000000002,0.15009833333333333,719884,5036404
1032,90017,75,pair_008_n5_008_conflict,conflict,1,0,0,12.510000000000002,0.14997333333333332,720017,5041071
1033,90111,94,pair_015_n5_015_conflict,conflict,1,0,0,12.320000000000002,0.14981666666666665,720111,5046993
1034,90185,74,pair_016_n3_016_conflict,conflict,1,0,0,12.520000000000001,0.14969333333333332,720185,5051655
1035,90266,81,pair_001_n3_001_control,control,1,0,0,12.450000000000003,0.14955833333333332,720266,5056758
1036,90340,74,pair_011_n3_011_control,control,1,0,0,12.520000000000001,0.14943499999999998,720340,5061420
1037,90388,48,pair_009_n3_009_conflict,conflict,0,1,0,0.38000000000000056,0.149355,720388,5064444
1038,90458,70,pair_006_n5_006_control,control,1,0,0,12.560000000000002,0.14923833333333333,720458,5068854
1039,90531,73,pair_000_n5_000_conflict,conflict,1,0,0,12.530000000000001,0.14911666666666665,720531,5073453
1040,90611,80,pair_000_n3_000_control,control,1,0,0,12.46,0.14898333333333333,720611,5078493
1041,90691,80,pair_002_n3_002_control,control,1,0,0,12.46,0.14884999999999998,720691,5083533
1042,90773,82,pair_012_n3_012_conflict,conflict,1,0,0,12.440000000000001,0.1487133333333333,720773,5088699
1043,90863,90,pair_006_n5_006_conflict,conflict,1,0,0,12.360000000000001,0.14856333333333333,720863,5094369
1044,90940,77,pair_014_n3_014_control,control,1,0,0,12.490000000000002,0.14843499999999998,720940,5099220
1045,91013,73,pair_003_n5_003_control,control,1,0,0,12.530000000000001,0.14831333333333332,721013,5103819
1046,91093,80,pair_003_n3_003_conflict,conflict,1,0,0,12.46,0.14817999999999998,721093,5108859
1047,91179,86,pair_015_n3_015_conflict,conflict,1,0,0,12.400000000000002,0.14803666666666665,721179,5114277
1048,91257,78,pair_013_n5_013_control,control,1,0,0,12.480000000000002,0.14790666666666666,721257,5119191
1049,91331,74,pair_016_n5_016_control,control,1,0,0,12.520000000000001,0.14778333333333332,721331,5123853
1050,91415,84,pair_008_n3_008_conflict,conflict,1,0,0,12.420000000000002,0.14764333333333332,721415,5129145
1051,91487,72,pair_004_n5_004_conflict,conflict,1,0,0,12.540000000000001,0.1475233333333333,721487,5133681
1052,91526,39,pair_007_n5_007_conflict,conflict,0,1,0,0.12000000000000033,0.14745833333333333,721526,5136138
1053,91566,40,pair_007_n5_007_control,control,0,1,0,0.16000000000000036,0.14739166666666664,721566,5138658
1054,91640,74,pair_017_n3_017_control,control,1,0,0,12.520000000000001,0.14726833333333333,721640,5143320
1055,91723,83,pair_001_n5_001_control,control,1,0,0,12.430000000000001,0.14712999999999998,721723,5148549
1056,91799,76,pair_014_n5_014_control,control,1,0,0,12.500000000000002,0.14700333333333332,721799,5153337
1057,91874,75,pair_008_n5_008_control,control,1,0,0,12.510000000000002,0.14687833333333333,721874,5158062
1058,91952,78,pair_009_n5_009_conflict,conflict,1,0,0,12.48,0.14674833333333331,721952,5162976
1059,92028,76,pair_007_n3_007_control,control,1,0,0,12.500000000000002,0.14662166666666665,722028,5167764
1060,92115,87,pair_005_n3_005_conflict,conflict,1,0,0,12.39,0.14647666666666664,722115,5173245
1061,92186,71,pair_014_n5_014_conflict,conflict,1,0,0,12.55,0.1463583333333333,722186,5177718
1062,92268,82,pair_000_n5_000_control,control,1,0,0,12.440000000000001,0.14622166666666667,722268,5182884
1063,92343,75,pair_012_n5_012_control,control,1,0,0,12.510000000000002,0.14609666666666665,722343,5187609
1064,92416,73,pair_006_n3_006_conflict,conflict,1,0,0,12.530000000000001,0.145975,722416,5192208
1065,92501,85,pair_011_n3_011_conflict,conflict,0,1,0,1.3600000000000017,0.14583333333333331,722501,5197563
1066,92583,82,pair_012_n5_012_conflict,conflict,1,0,0,12.440000000000001,0.14569666666666667,722583,5202729
1067,92654,71,pair_006_n3_006_control,control,1,0,0,12.55,0.1455783333333333,722654,5207202
1068,92735,81,pair_007_n3_007_conflict,conflict,1,0,0,12.450000000000001,0.1454433333333333,722735,5212305
1069,92845,110,pair_009_n5_009_control,control,1,0,0,12.16,0.14526,722845,5219235
1070,92921,76,pair_015_n3_015_control,control,1,0,0,12.500000000000002,0.1451333333333333,722921,5224023
1071,92997,76,pair_002_n5_002_conflict,conflict,1,0,0,12.500000000000002,0.14500666666666664,722997,5228811
1072,93078,81,pair_016_n3_016_control,control,1,0,0,12.450000000000001,0.14487166666666665,723078,5233914
1073,93156,78,pair_010_n3_010_conflict,conflict,1,0,0,12.48,0.14474166666666666,723156,5238828
1074,93240,84,pair_000_n3_000_conflict,conflict,1,0,0,12.420000000000002,0.14460166666666666,723240,5244120
1075,93319,79,pair_005_n5_005_control,control,1,0,0,12.470000000000002,0.14447,723319,5249097
1076,93410,91,pair_010_n5_010_conflict,conflict,1,0,0,12.350000000000001,0.14431833333333333,723410,5254830
1077,93491,81,pair_011_n5_011_conflict,conflict,1,0,0,12.450000000000001,0.14418333333333333,723491,5259933
1078,93567,76,pair_005_n3_005_control,control,1,0,0,12.500000000000002,0.14405666666666667,723567,5264721
1079,93642,75,pair_001_n3_001_conflict,conflict,1,0,0,12.510000000000002,0.14393166666666665,723642,5269446
1080,93716,74,pair_000_n3_000_control,control,1,0,0,12.520000000000001,0.14380833333333332,723716,5274108
1081,93786,70,pair_011_n5_011_control,control,1,0,0,12.560000000000002,0.14369166666666666,723786,5278518
1082,93863,77,pair_010_n5_010_control,control,1,0,0,12.490000000000002,0.14356333333333332,723863,5283369
1083,93937,74,pair_000_n3_000_conflict,conflict,1,0,0,12.520000000000001,0.14343999999999998,723937,5288031
1084,94011,74,pair_017_n3_017_conflict,conflict,1,0,0,12.520000000000001,0.14331666666666665,724011,5292693
1085,94081,70,pair_007_n3_007_control,control,1,0,0,12.560000000000002,0.1432,724081,5297103
1086,94152,71,pair_012_n5_012_conflict,conflict,1,0,0,12.55,0.14308166666666666,724152,5301576
1087,94233,81,pair_004_n3_004_conflict,conflict,1,0,0,12.450000000000001,0.14294666666666667,724233,5306679
1088,94315,82,pair_005_n5_005_conflict,conflict,1,0,0,12.440000000000001,0.14281,724315,5311845
1089,94390,75,pair_009_n5_009_conflict,conflict,1,0,0,12.510000000000002,0.14268499999999998,724390,5316570
1090,94460,70,pair_004_n5_004_conflict,conflict,1,0,0,12.560000000000002,0.14256833333333332,724460,5320980
1091,94545,85,pair_012_n3_012_control,control,1,0,0,12.410000000000002,0.14242666666666665,724545,5326335
1092,94624,79,pair_006_n5_006_conflict,conflict,1,0,0,12.470000000000002,0.14229499999999998,724624,5331312
1093,94699,75,pair_012_n5_012_control,control,1,0,0,12.510000000000002,0.14217,724699,5336037
1094,94780,81,pair_001_n5_001_conflict,conflict,1,0,0,12.450000000000001,0.142035,724780,5341140
1095,94858,78,pair_014_n3_014_conflict,conflict,1,0,0,12.480000000000002,0.14190499999999998,724858,5346054
1096,94932,74,pair_008_n5_008_control,control,1,0,0,12.520000000000001,0.14178166666666667,724932,5350716
1097,95046,114,pair_011_n3_011_conflict,conflict,1,0,0,12.120000000000001,0.14159166666666664,725046,5357898
1098,95126,80,pair_011_n5_011_conflict,conflict,1,0,0,12.46,0.14145833333333332,725126,5362938
1099,95204,78,pair_003_n3_003_control,control,1,0,0,12.48,0.14132833333333333,725204,5367852
1100,95281,77,pair_011_n3_011_control,control,1,0,0,12.490000000000002,0.1412,725281,5372703
1101,95362,81,pair_001_n5_001_control,control,1,0,0,12.450000000000001,0.141065,725362,5377806
1102,95441,79,pair_017_n3_017_control,control,1,0,0,12.47,0.14093333333333333,725441,5382783
1103,95564,123,pair_005_n5_005_control,control,1,0,0,12.030000000000003,0.14072833333333332,725564,5390532
1104,95640,76,pair_000_n5_000_conflict,conflict,1,0,0,12.500000000000002,0.14060166666666665,725640,5395320
1105,95732,92,pair_005_n3_005_conflict,conflict,1,0,0,12.340000000000002,0.14044833333333331,725732,5401116
1106,95813,81,pair_015_n5_015_conflict,conflict,1,0,0,12.450000000000001,0.14031333333333332,725813,5406219
1107,95895,82,pair_010_n3_010_control,control,1,0,0,12.440000000000001,0.14017666666666664,725895,5411385
1108,95969,74,pair_015_n5_015_control,control,1,0,0,12.520000000000001,0.14005333333333334,725969,5416047
1109,96046,77,pair_016_n5_016_conflict,conflict,1,0,0,12.490000000000002,0.139925,726046,5420898
1110,96129,83,pair_003_n3_003_conflict,conflict,1,0,0,12.430000000000001,0.13978666666666664,726129,5426127
1111,96208,79,pair_007_n3_007_conflict,conflict,1,0,0,12.470000000000002,0.139655,726208,5431104
1112,96284,76,pair_013_n3_013_control,control,1,0,0,12.500000000000002,0.1395283333333333,726284,5435892
1113,96359,75,pair_016_n3_016_conflict,conflict,1,0,0,12.510000000000002,0.13940333333333332,726359,5440617
1114,96361,2,pair_008_n5_008_conflict,conflict,0,1,0,-0.96,0.1394,726361,5440743
1115,96438,77,pair_017_n5_017_conflict,conflict,1,0,0,12.490000000000002,0.13927166666666665,726438,5445594
1116,96519,81,pair_013_n5_013_conflict,conflict,1,0,0,12.450000000000001,0.13913666666666666,726519,5450697
1117,96605,86,pair_015_n3_015_conflict,conflict,1,0,0,12.400000000000002,0.13899333333333333,726605,5456115
1118,96690,85,pair_009_n3_009_conflict,conflict,1,0,0,12.410000000000002,0.13885166666666665,726690,5461470
1119,96762,72,pair_014_n5_014_conflict,conflict,1,0,0,12.540000000000003,0.13873166666666664,726762,5466006
1120,96834,72,pair_016_n3_016_control,control,1,0,0,12.540000000000001,0.13861166666666666,726834,5470542
1121,96907,73,pair_014_n3_014_control,control,1,0,0,12.530000000000001,0.13849,726907,5475141
1122,96989,82,pair_013_n5_013_control,control,1,0,0,12.440000000000001,0.13835333333333333,726989,5480307
1123,97002,13,pair_000_n5_000_control,control,0,1,0,-0.5700000000000001,0.13833166666666666,727002,5481126
1124,97086,84,pair_002_n5_002_conflict,conflict,1,0,0,12.420000000000002,0.13819166666666666,727086,5486418
1125,97167,81,pair_008_n3_008_conflict,conflict,1,0,0,12.450000000000001,0.13805666666666666,727167,5491521
1126,97240,73,pair_005_n3_005_control,control,1,0,0,12.530000000000001,0.137935,727240,5496120
1127,97311,71,pair_004_n5_004_control,control,1,0,0,12.55,0.13781666666666664,727311,5500593
1128,97380,69,pair_010_n3_010_conflict,conflict,1,0,0,12.570000000000002,0.13770166666666667,727380,5504940
1129,97457,77,pair_001_n3_001_control,control,1,0,0,12.490000000000002,0.13757333333333333,727457,5509791
1130,97539,82,pair_012_n3_012_conflict,conflict,1,0,0,12.440000000000001,0.13743666666666665,727539,5514957
1131,97609,70,pair_017_n5_017_control,control,1,0,0,12.560000000000002,0.13732,727609,5519367
1132,97683,74,pair_008_n3_008_control,control,1,0,0,12.520000000000001,0.13719666666666666,727683,5524029
1133,97759,76,pair_004_n3_004_control,control,1,0,0,12.500000000000002,0.13707,727759,5528817
1134,97838,79,pair_003_n5_003_control,control,1,0,0,12.470000000000002,0.13693833333333333,727838,5533794
1135,97840,2,pair_002_n3_002_control,control,0,1,0,-0.96,0.136935,727840,5533920
1136,97912,72,pair_002_n3_002_conflict,conflict,1,0,0,12.540000000000001,0.136815,727912,5538456
1137,97984,72,pair_013_n3_013_conflict,conflict,1,0,0,12.540000000000001,0.13669499999999998,727984,5542992
1138,98065,81,pair_010_n5_010_conflict,conflict,1,0,0,12.450000000000003,0.13656,728065,5548095
1139,98141,76,pair_001_n3_001_conflict,conflict,1,0,0,12.500000000000002,0.13643333333333332,728141,5552883
1140,98224,83,pair_007_n5_007_conflict,conflict,1,0,0,12.430000000000001,0.136295,728224,5558112
1141,98297,73,pair_014_n5_014_control,control,1,0,0,12.530000000000001,0.1361733333333333,728297,5562711
1142,98380,83,pair_015_n3_015_control,control,1,0,0,12.430000000000001,0.136035,728380,5567940
1143,98463,83,pair_016_n5_016_control,control,1,0,0,12.430000000000001,0.13589666666666667,728463,5573169
1144,98544,81,pair_006_n3_006_control,control,1,0,0,12.450000000000001,0.13576166666666667,728544,5578272
1145,98618,74,pair_009_n5_009_control,control,1,0,0,12.520000000000001,0.13563833333333333,728618,5582934
1146,98624,6,pair_009_n3_009_control,control,0,1,0,-0.85,0.13562833333333332,728624,5583312
1147,98702,78,pair_006_n5_006_control,control,1,0,0,12.48,0.13549833333333333,728702,5588226
1148,98779,77,pair_003_n5_003_conflict,conflict,1,0,0,12.490000000000002,0.13537,728779,5593077
1149,98861,82,pair_007_n5_007_control,control,1,0,0,12.440000000000001,0.13523333333333332,728861,5598243
1150,98943,82,pair_006_n3_006_conflict,conflict,1,0,0,12.440000000000001,0.13509666666666664,728943,5603409
1151,99035,92,pair_002_n5_002_control,control,1,0,0,12.340000000000002,0.13494333333333333,729035,5609205
1152,99108,73,pair_005_n3_005_control,control,1,0,0,12.530000000000001,0.13482166666666665,729108,5613804
1153,99191,83,pair_002_n5_002_control,control,1,0,0,12.430000000000001,0.13468333333333332,729191,5619033
1154,99263,72,pair_015_n3_015_conflict,conflict,1,0,0,12.540000000000001,0.1345633333333333,729263,5623569
1155,99337,74,pair_012_n5_012_conflict,conflict,1,0,0,12.520000000000001,0.13443999999999998,729337,5628231
1156,99407,70,pair_009_n3_009_control,control,1,0,0,12.560000000000002,0.13432333333333332,729407,5632641
1157,99479,72,pair_004_n5_004_conflict,conflict,1,0,0,12.540000000000001,0.1342033333333333,729479,5637177
1158,99549,70,pair_009_n5_009_control,control,1,0,0,12.560000000000002,0.13408666666666666,729549,5641587
1159,99625,76,pair_007_n5_007_conflict,conflict,1,0,0,12.500000000000002,0.13396,729625,5646375
1160,99699,74,pair_000_n5_000_control,control,1,0,0,12.520000000000001,0.13383666666666666,729699,5651037
1161,99784,85,pair_012_n5_012_control,control,1,0,0,12.410000000000002,0.13369499999999998,729784,5656392
1162,99857,73,pair_012_n3_012_conflict,conflict,1,0,0,12.530000000000001,0.13357333333333332,729857,5660991
1163,99867,10,pair_016_n3_016_control,control,0,1,0,-0.99,0.13355666666666666,729867,5661621
1164,99951,84,pair_014_n3_014_control,control,1,0,0,12.420000000000002,0.13341666666666666,729951,5666913
1165,100027,76,pair_003_n5_003_conflict,conflict,1,0,0,12.500000000000002,0.13329,730027,5671701
1166,100098,71,pair_017_n3_017_conflict,conflict,1,0,0,12.55,0.13317166666666666,730098,5676174
1167,100180,82,pair_001_n5_001_conflict,conflict,1,0,0,12.440000000000001,0.133035,730180,5681340
1168,100252,72,pair_011_n5_011_control,control,1,0,0,12.540000000000001,0.13291499999999998,730252,5685876
1169,100328,76,pair_006_n3_006_conflict,conflict,1,0,0,12.500000000000002,0.1327883333333333,730328,5690664
1170,100405,77,pair_000_n3_000_conflict,conflict,1,0,0,12.490000000000002,0.13266,730405,5695515
1171,100410,5,pair_013_n3_013_control,control,0,1,0,-0.84,0.13265166666666667,730410,5695830
1172,100491,81,pair_013_n5_013_conflict,conflict,1,0,0,12.450000000000001,0.13251666666666664,730491,5700933
1173,100566,75,pair_010_n3_010_conflict,conflict,1,0,0,12.510000000000002,0.13239166666666666,730566,5705658
1174,100639,73,pair_001_n3_001_conflict,conflict,1,0,0,12.530000000000001,0.13227,730639,5710257
1175,100708,69,pair_013_n3_013_conflict,conflict,1,0,0,12.570000000000002,0.132155,730708,5714604
1176,100786,78,pair_007_n5_007_control,control,1,0,0,12.48,0.13202499999999998,730786,5719518
1177,100861,75,pair_010_n5_010_conflict,conflict,1,0,0,12.510000000000002,0.1319,730861,5724243
1178,100936,75,pair_009_n3_009_conflict,conflict,1,0,0,12.510000000000002,0.13177499999999998,730936,5728968
1179,101011,75,pair_014_n3_014_conflict,conflict,1,0,0,12.510000000000002,0.13165,731011,5733693
1180,101102,91,pair_007_n3_007_control,control,1,0,0,12.350000000000001,0.13149833333333333,731102,5739426
1181,101185,83,pair_010_n3_010_control,control,1,0,0,12.430000000000001,0.13135999999999998,731185,5744655
1182,101260,75,pair_017_n3_017_control,control,1,0,0,12.510000000000002,0.131235,731260,5749380
1183,101463,203,pair_005_n5_005_conflict,conflict,1,0,0,11.23,0.13089666666666666,731463,5762169
1184,101538,75,pair_004_n3_004_control,control,1,0,0,12.510000000000002,0.13077166666666665,731538,5766894
1185,101615,77,pair_008_n3_008_control,control,1,0,0,12.490000000000002,0.13064333333333333,731615,5771745
1186,101695,80,pair_017_n5_017_conflict,conflict,1,0,0,12.46,0.13051,731695,5776785
1187,101771,76,pair_001_n3_001_control,control,1,0,0,12.500000000000002,0.13038333333333332,731771,5781573
1188,101850,79,pair_008_n3_008_conflict,conflict,1,0,0,12.470000000000002,0.13025166666666665,731850,5786550
1189,101917,67,pair_008_n5_008_conflict,conflict,1,0,0,12.590000000000002,0.13013999999999998,731917,5790771
1190,101983,66,pair_002_n3_002_conflict,conflict,1,0,0,12.600000000000001,0.13002999999999998,731983,5794929
1191,102057,74,pair_000_n3_000_control,control,1,0,0,12.520000000000001,0.12990666666666664,732057,5799591
1192,102133,76,pair_011_n3_011_control,control,1,0,0,12.500000000000002,0.12977999999999998,732133,5804379
1193,102212,79,pair_004_n3_004_conflict,conflict,1,0,0,12.470000000000002,0.1296483333333333,732212,5809356
1194,102284,72,pair_006_n5_006_conflict,conflict,1,0,0,12.540000000000003,0.12952833333333333,732284,5813892
1195,102364,80,pair_001_n5_001_control,control,1,0,0,12.46,0.12939499999999998,732364,5818932
1196,102448,84,pair_008_n5_008_control,control,1,0,0,12.420000000000002,0.12925499999999998,732448,5824224
1197,102525,77,pair_002_n3_002_control,control,1,0,0,12.490000000000002,0.12912666666666667,732525,5829075
1198,102601,76,pair_014_n5_014_conflict,conflict,1,0,0,12.500000000000002,0.12899999999999998,732601,5833863
1199,102676,75,pair_002_n5_002_conflict,conflict,1,0,0,12.510000000000002,0.128875,732676,5838588
1200,102757,81,pair_015_n5_015_control,control,1,0,0,12.450000000000001,0.12874,732757,5843691
1201,102836,79,pair_006_n3_006_control,control,1,0,0,12.470000000000002,0.12860833333333332,732836,5848668
1202,102910,74,pair_011_n3_011_conflict,conflict,1,0,0,12.520000000000001,0.128485,732910,5853330
1203,103000,90,pair_017_n5_017_control,control,1,0,0,12.360000000000001,0.12833499999999998,733000,5859000
1204,103071,71,pair_005_n3_005_conflict,conflict,0,1,0,-1.0000000000000002,0.12821666666666665,733071,5863473
1205,103144,73,pair_006_n5_006_control,control,1,0,0,12.530000000000001,0.128095,733144,5868072
1206,103217,73,pair_012_n3_012_control,control,1,0,0,12.530000000000001,0.12797333333333333,733217,5872671
1207,103289,72,pair_016_n5_016_control,control,1,0,0,12.540000000000001,0.12785333333333332,733289,5877207
1208,103363,74,pair_000_n5_000_conflict,conflict,1,0,0,12.520000000000001,0.12772999999999998,733363,5881869
1209,103437,74,pair_016_n5_016_conflict,conflict,1,0,0,12.520000000000001,0.12760666666666665,733437,5886531
1210,103510,73,pair_007_n3_007_conflict,conflict,1,0,0,12.530000000000001,0.127485,733510,5891130
1211,103587,77,pair_003_n3_003_control,control,1,0,0,12.490000000000002,0.12735666666666665,733587,5895981
1212,103659,72,pair_003_n3_003_conflict,conflict,1,0,0,12.540000000000003,0.12723666666666666,733659,5900517
1213,103738,79,pair_013_n5_013_control,control,1,0,0,12.470000000000002,0.127105,733738,5905494
1214,103808,70,pair_003_n5_003_control,control,1,0,0,12.560000000000002,0.12698833333333331,733808,5909904
1215,103884,76,pair_011_n5_011_conflict,conflict,1,0,0,12.500000000000002,0.12686166666666665,733884,5914692
1216,103959,75,pair_014_n5_014_control,control,1,0,0,12.510000000000002,0.12673666666666666,733959,5919417
1217,104034,75,pair_015_n3_015_control,control,1,0,0,12.510000000000002,0.12661166666666665,734034,5924142
1218,104103,69,pair_005_n5_005_control,control,1,0,0,12.570000000000002,0.12649666666666665,734103,5928489
1219,104177,74,pair_004_n5_004_control,control,1,0,0,12.520000000000001,0.1263733333333333,734177,5933151
1220,104249,72,pair_016_n3_016_conflict,conflict,1,0,0,12.540000000000003,0.12625333333333333,734249,5937687
1221,104322,73,pair_010_n5_010_control,control,1,0,0,12.530000000000001,0.12613166666666664,734322,5942286
1222,104401,79,pair_009_n5_009_conflict,conflict,1,0,0,12.470000000000002,0.126,734401,5947263
1223,104476,75,pair_015_n5_015_conflict,conflict,1,0,0,12.510000000000002,0.125875,734476,5951988
1224,104558,82,pair_014_n5_014_conflict,conflict,1,0,0,12.440000000000001,0.1257383333333333,734558,5957154
1225,104637,79,pair_015_n5_015_conflict,conflict,1,0,0,12.470000000000002,0.12560666666666664,734637,5962131
1226,104711,74,pair_016_n3_016_conflict,conflict,1,0,0,12.520000000000001,0.12548333333333334,734711,5966793
1227,104791,80,pair_017_n5_017_control,control,1,0,0,12.46,0.12535,734791,5971833
1228,104868,77,pair_011_n3_011_control,control,1,0,0,12.490000000000002,0.12522166666666665,734868,5976684
1229,104945,77,pair_008_n3_008_conflict,conflict,1,0,0,12.490000000000002,0.12509333333333333,734945,5981535
1230,105021,76,pair_010_n3_010_conflict,conflict,1,0,0,12.500000000000002,0.12496666666666664,735021,5986323
1231,105096,75,pair_013_n5_013_control,control,1,0,0,12.510000000000002,0.12484166666666666,735096,5991048
1232,105165,69,pair_012_n5_012_control,control,1,0,0,12.570000000000002,0.12472666666666665,735165,5995395
1233,105167,2,pair_008_n5_008_control,control,0,1,0,-0.96,0.12472333333333332,735167,5995521
1234,105238,71,pair_008_n3_008_control,control,0,1,0,1.4000000000000012,0.124605,735238,5999994
1235,105312,74,pair_012_n3_012_conflict,conflict,1,0,0,12.520000000000001,0.12448166666666666,735312,6004656
1236,105383,71,pair_003_n3_003_control,control,1,0,0,12.55,0.12436333333333333,735383,6009129
1237,105451,68,pair_000_n5_000_control,control,1,0,0,12.580000000000002,0.12425,735451,6013413
1238,105532,81,pair_004_n3_004_control,control,1,0,0,12.450000000000001,0.12411499999999998,735532,6018516
1239,105602,70,pair_000_n5_000_conflict,conflict,1,0,0,12.560000000000002,0.12399833333333332,735602,6022926
1240,105681,79,pair_005_n3_005_control,control,1,0,0,12.470000000000002,0.12386666666666665,735681,6027903
1241,105747,66,pair_008_n5_008_conflict,conflict,1,0,0,12.600000000000001,0.12375666666666665,735747,6032061
1242,105821,74,pair_013_n3_013_conflict,conflict,1,0,0,12.520000000000001,0.12363333333333332,735821,6036723
1243,105894,73,pair_012_n5_012_conflict,conflict,1,0,0,12.530000000000001,0.12351166666666666,735894,6041322
1244,105911,17,pair_003_n5_003_control,control,0,1,0,-0.4600000000000001,0.12348333333333333,735911,6042393
1245,105988,77,pair_010_n5_010_control,control,1,0,0,12.490000000000002,0.12335499999999999,735988,6047244
1246,106058,70,pair_010_n5_010_conflict,conflict,1,0,0,12.560000000000002,0.12323833333333331,736058,6051654
1247,106139,81,pair_017_n3_017_control,control,1,0,0,12.450000000000001,0.12310333333333331,736139,6056757
1248,106215,76,pair_015_n3_015_conflict,conflict,1,0,0,12.500000000000002,0.12297666666666665,736215,6061545
1249,106299,84,pair_005_n3_005_conflict,conflict,1,0,0,12.420000000000002,0.12283666666666665,736299,6066837
1250,106484,185,pair_016_n5_016_control,control,1,0,0,11.41,0.12252833333333332,736484,6078492
1251,106557,73,pair_002_n5_002_control,control,1,0,0,12.530000000000001,0.12240666666666666,736557,6083091
1252,106634,77,pair_006_n3_006_control,control,1,0,0,12.490000000000002,0.12227833333333332,736634,6087942
1253,106660,26,pair_013_n5_013_conflict,conflict,0,1,0,-0.65,0.12223499999999998,736660,6089580
1254,106736,76,pair_000_n3_000_control,control,1,0,0,12.500000000000002,0.12210833333333332,736736,6094368
1255,106808,72,pair_013_n3_013_control,control,1,0,0,12.540000000000001,0.12198833333333331,736808,6098904
1256,106882,74,pair_007_n5_007_control,control,1,0,0,12.520000000000001,0.121865,736882,6103566
1257,106970,88,pair_003_n3_003_conflict,conflict,1,0,0,12.380000000000003,0.12171833333333332,736970,6109110
1258,107045,75,pair_011_n3_011_conflict,conflict,1,0,0,12.510000000000002,0.12159333333333333,737045,6113835
1259,107118,73,pair_017_n5_017_conflict,conflict,1,0,0,12.530000000000001,0.12147166666666664,737118,6118434
1260,107193,75,pair_009_n3_009_conflict,conflict,1,0,0,12.510000000000002,0.12134666666666666,737193,6123159
1261,107274,81,pair_003_n5_003_conflict,conflict,1,0,0,12.450000000000001,0.12121166666666666,737274,6128262
1262,107351,77,pair_009_n3_009_control,control,1,0,0,12.490000000000002,0.12108333333333332,737351,6133113
1263,107422,71,pair_004_n5_004_control,control,1,0,0,12.55,0.12096499999999999,737422,6137586
1264,107499,77,pair_006_n5_006_conflict,conflict,1,0,0,12.490000000000002,0.12083666666666665,737499,6142437
1265,107571,72,pair_001_n5_001_control,control,1,0,0,12.540000000000003,0.12071666666666667,737571,6146973
1266,107649,78,pair_011_n5_011_conflict,conflict,1,0,0,12.48,0.12058666666666665,737649,6151887
1267,107720,71,pair_001_n3_001_conflict,conflict,1,0,0,12.55,0.12046833333333332,737720,6156360
1268,107797,77,pair_001_n3_001_control,control,1,0,0,12.490000000000002,0.12034,737797,6161211
1269,107878,81,pair_005_n5_005_control,control,1,0,0,12.450000000000001,0.12020499999999998,737878,6166314
1270,107956,78,pair_015_n5_015_control,control,1,0,0,12.48,0.12007499999999999,737956,6171228
1271,108034,78,pair_007_n3_007_control,control,1,0,0,12.480000000000002,0.119945,738034,6176142
1272,108113,79,pair_002_n3_002_control,control,1,0,0,12.470000000000002,0.11981333333333333,738113,6181119
1273,108189,76,pair_002_n5_002_conflict,conflict,1,0,0,12.500000000000002,0.11968666666666666,738189,6185907
1274,108257,68,pair_014_n5_014_control,control,1,0,0,12.580000000000002,0.11957333333333331,738257,6190191
1275,108331,74,pair_016_n5_016_conflict,conflict,1,0,0,12.520000000000001,0.11945,738331,6194853
1276,108414,83,pair_011_n5_011_control,control,1,0,0,12.430000000000001,0.11931166666666665,738414,6200082
1277,108486,72,pair_005_n5_005_conflict,conflict,1,0,0,12.540000000000001,0.11919166666666667,738486,6204618
1278,108563,77,pair_010_n3_010_control,control,1,0,0,12.490000000000002,0.11906333333333333,738563,6209469
1279,108636,73,pair_014_n3_014_control,control,1,0,0,12.530000000000001,0.11894166666666667,738636,6214068
1280,108712,76,pair_004_n3_004_conflict,conflict,1,0,0,12.500000000000002,0.11881499999999998,738712,6218856
1281,108804,92,pair_009_n5_009_control,control,1,0,0,12.340000000000002,0.11866166666666667,738804,6224652
1282,108877,73,pair_001_n5_001_conflict,conflict,1,0,0,12.530000000000001,0.11853999999999998,738877,6229251
1283,108952,75,pair_009_n5_009_conflict,conflict,1,0,0,12.510000000000002,0.11841499999999999,738952,6233976
1284,109031,79,pair_000_n3_000_conflict,conflict,1,0,0,12.470000000000002,0.11828333333333332,739031,6238953
1285,109102,71,pair_015_n3_015_control,control,1,0,0,12.55,0.11816499999999999,739102,6243426
1286,109182,80,pair_006_n5_006_control,control,1,0,0,12.460000000000003,0.11803166666666665,739182,6248466
1287,109188,6,pair_007_n3_007_conflict,conflict,0,1,0,-0.85,0.11802166666666666,739188,6248844
1288,109267,79,pair_007_n5_007_conflict,conflict,1,0,0,12.470000000000002,0.11789,739267,6253821
1289,109338,71,pair_002_n3_002_conflict,conflict,1,0,0,12.55,0.11777166666666666,739338,6258294
1290,109409,71,pair_016_n3_016_control,control,1,0,0,12.55,0.11765333333333333,739409,6262767
1291,109487,78,pair_017_n3_017_conflict,conflict,1,0,0,12.48,0.11752333333333331,739487,6267681
1292,109564,77,pair_004_n5_004_conflict,conflict,1,0,0,12.490000000000002,0.117395,739564,6272532
1293,109651,87,pair_006_n3_006_conflict,conflict,1,0,0,12.39,0.11725,739651,6278013
1294,109719,68,pair_014_n3_014_conflict,conflict,1,0,0,12.580000000000002,0.11713666666666667,739719,6282297
1295,109797,78,pair_012_n3_012_control,control,1,0,0,12.48,0.11700666666666665,739797,6287211
1296,109874,77,pair_011_n3_011_conflict,conflict,1,0,0,12.490000000000002,0.11687833333333333,739874,6292062
1297,109947,73,pair_006_n3_006_control,control,1,0,0,12.530000000000001,0.11675666666666665,739947,6296661
1298,110019,72,pair_005_n5_005_conflict,conflict,1,0,0,12.540000000000001,0.11663666666666667,740019,6301197
1299,110093,74,pair_011_n5_011_control,control,1,0,0,12.520000000000001,0.11651333333333333,740093,6305859
1300,110181,88,pair_007_n5_007_control,control,1,0,0,12.38,0.11636666666666665,740181,6311403
1301,110263,82,pair_004_n3_004_conflict,conflict,1,0,0,12.440000000000001,0.11623,740263,6316569
1302,110343,80,pair_014_n5_014_conflict,conflict,1,0,0,12.46,0.11609666666666665,740343,6321609
1303,110411,68,pair_010_n3_010_control,control,1,0,0,12.580000000000002,0.11598333333333333,740411,6325893
1304,110494,83,pair_006_n5_006_control,control,1,0,0,12.430000000000001,0.11584499999999998,740494,6331122
1305,110578,84,pair_011_n3_011_control,control,1,0,0,12.420000000000002,0.115705,740578,6336414
1306,110651,73,pair_004_n3_004_control,control,1,0,0,12.530000000000001,0.11558333333333332,740651,6341013
1307,110721,70,pair_000_n5_000_conflict,conflict,1,0,0,12.560000000000002,0.11546666666666666,740721,6345423
1308,110799,78,pair_001_n3_001_control,control,1,0,0,12.48,0.11533666666666664,740799,6350337
1309,110879,80,pair_010_n5_010_conflict,conflict,1,0,0,12.46,0.11520333333333332,740879,6355377
1310,110953,74,pair_016_n5_016_control,control,1,0,0,12.520000000000001,0.11507999999999999,740953,6360039
1311,111039,86,pair_013_n5_013_control,control,1,0,0,12.400000000000002,0.11493666666666666,741039,6365457
1312,111116,77,pair_000_n3_000_conflict,conflict,1,0,0,12.490000000000002,0.11480833333333332,741116,6370308
1313,111188,72,pair_012_n3_012_control,control,1,0,0,12.540000000000003,0.11468833333333331,741188,6374844
1314,111269,81,pair_013_n3_013_conflict,conflict,1,0,0,12.450000000000003,0.11455333333333331,741269,6379947
1315,111350,81,pair_016_n5_016_conflict,conflict,1,0,0,12.450000000000001,0.11441833333333332,741350,6385050
1316,111427,77,pair_005_n3_005_conflict,conflict,1,0,0,12.490000000000002,0.11429,741427,6389901
1317,111502,75,pair_003_n5_003_control,control,1,0,0,12.510000000000002,0.11416499999999999,741502,6394626
1318,111570,68,pair_000_n3_000_control,control,1,0,0,12.580000000000002,0.11405166666666666,741570,6398910
1319,111652,82,pair_003_n3_003_conflict,conflict,1,0,0,12.440000000000001,0.11391499999999999,741652,6404076
1320,111723,71,pair_002_n3_002_control,control,1,0,0,12.55,0.11379666666666666,741723,6408549
1321,111810,87,pair_007_n5_007_conflict,conflict,1,0,0,12.39,0.11365166666666665,741810,6414030
1322,111882,72,pair_008_n3_008_control,control,1,0,0,12.540000000000001,0.11353166666666664,741882,6418566
1323,111952,70,pair_001_n5_001_conflict,conflict,1,0,0,12.560000000000002,0.11341499999999999,741952,6422976
1324,112024,72,pair_008_n5_008_conflict,conflict,1,0,0,12.540000000000001,0.11329499999999998,742024,6427512
1325,112098,74,pair_005_n5_005_control,control,1,0,0,12.520000000000001,0.11317166666666664,742098,6432174
1326,112175,77,pair_010_n3_010_conflict,conflict,1,0,0,12.490000000000002,0.11304333333333333,742175,6437025
1327,112261,86,pair_007_n3_007_control,control,1,0,0,12.400000000000002,0.1129,742261,6442443
1328,112333,72,pair_006_n5_006_conflict,conflict,1,0,0,12.540000000000001,0.11277999999999999,742333,6446979
1329,112403,70,pair_006_n3_006_conflict,conflict,1,0,0,12.560000000000002,0.11266333333333331,742403,6451389
1330,112475,72,pair_013_n5_013_conflict,conflict,1,0,0,12.540000000000001,0.11254333333333333,742475,6455925
1331,112559,84,pair_002_n5_002_conflict,conflict,1,0,0,12.420000000000002,0.11240333333333333,742559,6461217
1332,112643,84,pair_017_n5_017_control,control,1,0,0,12.420000000000002,0.11226333333333333,742643,6466509
1333,112650,7,pair_008_n5_008_control,control,0,1,0,-0.76,0.11225166666666667,742650,6466950
1334,112726,76,pair_010_n5_010_control,control,1,0,0,12.500000000000002,0.112125,742726,6471738
1335,112732,6,pair_015_n3_015_conflict,conflict,0,1,0,-0.9,0.11211499999999999,742732,6472116
1336,112807,75,pair_014_n3_014_conflict,conflict,1,0,0,12.510000000000002,0.11198999999999998,742807,6476841
1337,112877,70,pair_004_n5_004_control,control,1,0,0,12.560000000000002,0.11187333333333332,742877,6481251
1338,112953,76,pair_003_n5_003_conflict,conflict,1,0,0,12.500000000000002,0.11174666666666666,742953,6486039
1339,112974,21,pair_012_n5_012_control,control,0,1,0,-0.19999999999999984,0.11171166666666665,742974,6487362
1340,113051,77,pair_011_n5_011_conflict,conflict,1,0,0,12.490000000000002,0.11158333333333331,743051,6492213
1341,113055,4,pair_002_n3_002_conflict,conflict,0,1,0,-0.88,0.11157666666666666,743055,6492465
1342,113130,75,pair_004_n5_004_conflict,conflict,1,0,0,12.510000000000002,0.11145166666666664,743130,6497190
1343,113214,84,pair_003_n3_003_control,control,1,0,0,12.420000000000002,0.11131166666666664,743214,6502482
1344,113286,72,pair_016_n3_016_control,control,1,0,0,12.540000000000001,0.11119166666666666,743286,6507018
1345,113293,7,pair_007_n3_007_conflict,conflict,0,1,0,-0.76,0.11118,743293,6507459
1346,113366,73,pair_000_n5_000_control,control,1,0,0,12.530000000000001,0.11105833333333331,743366,6512058
1347,113437,71,pair_012_n5_012_conflict,conflict,1,0,0,12.55,0.11093999999999998,743437,6516531
1348,113514,77,pair_017_n3_017_control,control,1,0,0,12.490000000000002,0.11081166666666667,743514,6521382
1349,113595,81,pair_001_n5_001_control,control,1,0,0,12.450000000000003,0.11067666666666665,743595,6526485
1350,113597,2,pair_009_n3_009_conflict,conflict,0,1,0,-0.96,0.11067333333333332,743597,6526611
1351,113675,78,pair_017_n5_017_conflict,conflict,1,0,0,12.480000000000002,0.11054333333333333,743675,6531525
1352,113752,77,pair_016_n3_016_conflict,conflict,1,0,0,12.490000000000002,0.11041499999999999,743752,6536376
1353,113860,108,pair_015_n5_015_conflict,conflict,1,0,0,12.180000000000001,0.110235,743860,6543180
1354,113931,71,pair_017_n3_017_conflict,conflict,1,0,0,12.55,0.11011666666666667,743931,6547653
1355,114002,71,pair_015_n3_015_control,control,1,0,0,12.55,0.10999833333333331,744002,6552126
1356,114083,81,pair_015_n5_015_control,control,1,0,0,12.450000000000001,0.10986333333333331,744083,6557229
1357,114161,78,pair_001_n3_001_conflict,conflict,1,0,0,12.48,0.10973333333333332,744161,6562143
1358,114239,78,pair_009_n5_009_conflict,conflict,1,0,0,12.48,0.10960333333333333,744239,6567057
1359,114307,68,pair_002_n5_002_control,control,1,0,0,12.580000000000002,0.10948999999999998,744307,6571341
1360,114380,73,pair_012_n3_012_conflict,conflict,1,0,0,12.530000000000001,0.10936833333333332,744380,6575940
1361,114450,70,pair_009_n5_009_control,control,1,0,0,12.560000000000002,0.10925166666666666,744450,6580350
1362,114522,72,pair_014_n3_014_control,control,1,0,0,12.540000000000001,0.10913166666666665,744522,6584886
1363,114593,71,pair_014_n5_014_control,control,1,0,0,12.55,0.10901333333333332,744593,6589359
1364,114662,69,pair_013_n3_013_control,control,1,0,0,12.570000000000002,0.10889833333333332,744662,6593706
1365,114742,80,pair_008_n3_008_conflict,conflict,1,0,0,12.46,0.108765,744742,6598746
1366,114816,74,pair_005_n3_005_control,control,1,0,0,12.520000000000001,0.10864166666666666,744816,6603408
1367,114888,72,pair_009_n3_009_control,control,1,0,0,12.540000000000001,0.10852166666666666,744888,6607944
1368,114961,73,pair_014_n5_014_conflict,conflict,1,0,0,12.530000000000001,0.1084,744961,6612543
1369,115030,69,pair_016_n5_016_control,control,1,0,0,12.570000000000002,0.10828499999999999,745030,6616890
1370,115106,76,pair_000_n5_000_control,control,1,0,0,12.500000000000002,0.10815833333333333,745106,6621678
1371,115178,72,pair_002_n3_002_conflict,conflict,1,0,0,12.540000000000001,0.10803833333333332,745178,6626214
1372,115248,70,pair_005_n3_005_control,control,1,0,0,12.560000000000002,0.10792166666666667,745248,6630624
1373,115330,82,pair_015_n5_015_conflict,conflict,1,0,0,12.440000000000001,0.10778499999999999,745330,6635790
1374,115400,70,pair_011_n3_011_conflict,conflict,1,0,0,12.560000000000002,0.10766833333333331,745400,6640200
1375,115479,79,pair_004_n3_004_control,control,1,0,0,12.470000000000002,0.10753666666666667,745479,6645177
1376,115556,77,pair_000_n5_000_conflict,conflict,1,0,0,12.490000000000002,0.10740833333333333,745556,6650028
1377,115640,84,pair_011_n5_011_conflict,conflict,1,0,0,12.420000000000002,0.10726833333333333,745640,6655320
1378,115713,73,pair_013_n5_013_control,control,1,0,0,12.530000000000001,0.10714666666666667,745713,6659919
1379,115792,79,pair_002_n5_002_conflict,conflict,1,0,0,12.470000000000002,0.107015,745792,6664896
1380,115869,77,pair_009_n5_009_control,control,1,0,0,12.490000000000002,0.10688666666666666,745869,6669747
1381,115947,78,pair_010_n5_010_control,control,1,0,0,12.48,0.10675666666666667,745947,6674661
1382,116019,72,pair_010_n3_010_conflict,conflict,1,0,0,12.540000000000003,0.10663666666666666,746019,6679197
1383,116100,81,pair_004_n5_004_conflict,conflict,1,0,0,12.450000000000001,0.10650166666666666,746100,6684300
1384,116169,69,pair_008_n3_008_conflict,conflict,1,0,0,12.570000000000002,0.10638666666666666,746169,6688647
1385,116247,78,pair_004_n5_004_control,control,1,0,0,12.48,0.10625666666666667,746247,6693561
1386,116316,69,pair_002_n3_002_control,control,1,0,0,12.570000000000002,0.10614166666666666,746316,6697908
1387,116387,71,pair_006_n3_006_conflict,conflict,1,0,0,12.55,0.10602333333333333,746387,6702381
1388,116472,85,pair_003_n3_003_control,control,1,0,0,12.410000000000002,0.10588166666666665,746472,6707736
1389,116542,70,pair_016_n3_016_control,control,1,0,0,12.560000000000002,0.105765,746542,6712146
1390,116612,70,pair_006_n5_006_conflict,conflict,1,0,0,12.560000000000002,0.10564833333333332,746612,6716556
1391,116685,73,pair_017_n5_017_control,control,1,0,0,12.530000000000001,0.10552666666666666,746685,6721155
1392,116709,24,pair_005_n3_005_conflict,conflict,0,1,0,-0.5300000000000002,0.10548666666666665,746709,6722667
1393,116786,77,pair_007_n3_007_conflict,conflict,1,0,0,12.490000000000002,0.10535833333333333,746786,6727518
1394,116860,74,pair_001_n5_001_conflict,conflict,1,0,0,12.520000000000001,0.105235,746860,6732180
1395,116936,76,pair_003_n3_003_conflict,conflict,1,0,0,12.500000000000002,0.10510833333333333,746936,6736968
1396,117014,78,pair_010_n5_010_conflict,conflict,1,0,0,12.480000000000002,0.10497833333333331,747014,6741882
1397,117094,80,pair_017_n5_017_conflict,conflict,1,0,0,12.46,0.104845,747094,6746922
1398,117170,76,pair_005_n5_005_conflict,conflict,1,0,0,12.500000000000002,0.10471833333333333,747170,6751710
1399,117237,67,pair_011_n5_011_control,control,0,1,0,1.1900000000000013,0.10460666666666665,747237,6755931
1400,117322,85,pair_013_n3_013_conflict,conflict,1,0,0,12.410000000000002,0.104465,747322,6761286
1401,117395,73,pair_012_n5_012_conflict,conflict,1,0,0,12.530000000000001,0.10434333333333332,747395,6765885
1402,117485,90,pair_003_n5_003_control,control,1,0,0,12.360000000000001,0.10419333333333333,747485,6771555
1403,117552,67,pair_009_n5_009_conflict,conflict,1,0,0,12.590000000000002,0.10408166666666666,747552,6775776
1404,117623,71,pair_017_n3_017_conflict,conflict,1,0,0,12.55,0.10396333333333332,747623,6780249
1405,117692,69,pair_001_n5_001_control,control,1,0,0,12.570000000000002,0.10384833333333332,747692,6784596
1406,117771,79,pair_013_n3_013_control,control,1,0,0,12.470000000000002,0.10371666666666665,747771,6789573
1407,117843,72,pair_013_n5_013_conflict,conflict,1,0,0,12.540000000000001,0.10359666666666664,747843,6794109
1408,117917,74,pair_012_n5_012_control,control,1,0,0,12.520000000000001,0.10347333333333333,747917,6798771
1409,117986,69,pair_001_n3_001_conflict,conflict,1,0,0,12.570000000000002,0.10335833333333333,747986,6803118
1410,117992,6,pair_014_n3_014_control,control,0,1,0,-0.85,0.10334833333333332,747992,6803496
1411,118072,80,pair_014_n5_014_control,control,1,0,0,12.46,0.103215,748072,6808536
1412,118146,74,pair_000_n3_000_conflict,conflict,1,0,0,12.520000000000001,0.10309166666666666,748146,6813198
1413,118220,74,pair_007_n3_007_control,control,1,0,0,12.520000000000001,0.10296833333333333,748220,6817860
1414,118293,73,pair_009_n3_009_control,control,1,0,0,12.530000000000001,0.10284666666666664,748293,6822459
1415,118376,83,pair_008_n5_008_control,control,1,0,0,12.430000000000001,0.10270833333333332,748376,6827688
1416,118455,79,pair_012_n3_012_control,control,1,0,0,12.470000000000002,0.10257666666666665,748455,6832665
1417,118523,68,pair_010_n3_010_control,control,1,0,0,12.580000000000002,0.10246333333333332,748523,6836949
1418,118598,75,pair_015_n3_015_control,control,1,0,0,12.510000000000002,0.10233833333333331,748598,6841674
1419,118670,72,pair_005_n5_005_control,control,1,0,0,12.540000000000001,0.10221833333333333,748670,6846210
1420,118748,78,pair_000_n3_000_control,control,1,0,0,12.480000000000002,0.10208833333333331,748748,6851124
1421,118861,113,pair_006_n3_006_control,control,1,0,0,12.130000000000006,0.10189999999999999,748861,6858243
1422,118937,76,pair_004_n3_004_conflict,conflict,1,0,0,12.500000000000002,0.10177333333333333,748937,6863031
1423,119018,81,pair_011_n3_011_control,control,1,0,0,12.450000000000001,0.10163833333333333,749018,6868134
1424,119090,72,pair_016_n5_016_conflict,conflict,1,0,0,12.540000000000001,0.10151833333333332,749090,6872670
1425,119124,34,pair_008_n3_008_control,control,0,1,0,-0.07999999999999974,0.10146166666666664,749124,6874812
1426,119198,74,pair_002_n5_002_control,control,1,0,0,12.520000000000001,0.10133833333333334,749198,6879474
1427,119266,68,pair_007_n5_007_control,control,1,0,0,12.580000000000002,0.10122499999999998,749266,6883758
1428,119338,72,pair_015_n5_015_control,control,1,0,0,12.540000000000001,0.101105,749338,6888294
1429,119412,74,pair_016_n3_016_conflict,conflict,1,0,0,12.520000000000001,0.10098166666666666,749412,6892956
1430,119483,71,pair_003_n5_003_conflict,conflict,1,0,0,12.55,0.10086333333333333,749483,6897429
1431,119553,70,pair_001_n3_001_control,control,1,0,0,12.560000000000002,0.10074666666666665,749553,6901839
1432,119632,79,pair_015_n3_015_conflict,conflict,1,0,0,12.470000000000002,0.10061499999999998,749632,6906816
1433,119636,4,pair_012_n3_012_conflict,conflict,0,1,0,-0.88,0.10060833333333333,749636,6907068
1434,119705,69,pair_008_n5_008_conflict,conflict,1,0,0,12.570000000000002,0.10049333333333332,749705,6911415
1435,119786,81,pair_014_n3_014_conflict,conflict,1,0,0,12.450000000000001,0.10035833333333333,749786,6916518
1436,119855,69,pair_009_n3_009_conflict,conflict,1,0,0,12.570000000000002,0.10024333333333332,749855,6920865
1437,119925,70,pair_007_n5_007_conflict,conflict,1,0,0,12.560000000000002,0.10012666666666667,749925,6925275
1438,119994,69,pair_006_n5_006_control,control,1,0,0,12.570000000000002,0.10001166666666667,749994,6929622
1439,120066,72,pair_017_n3_017_control,control,1,0,0,12.540000000000001,0.09989166666666666,750066,6934158
1440,120136,70,pair_003_n3_003_control,control,1,0,0,12.560000000000002,0.099775,750136,6938568
1441,120212,76,pair_006_n3_006_conflict,conflict,1,0,0,12.500000000000002,0.09964833333333331,750212,6943356
1442,120288,76,pair_013_n5_013_conflict,conflict,1,0,0,12.500000000000002,0.09952166666666665,750288,6948144
1443,120360,72,pair_001_n3_001_control,control,1,0,0,12.540000000000001,0.09940166666666667,750360,6952680
1444,120437,77,pair_005_n5_005_conflict,conflict,1,0,0,12.490000000000002,0.09927333333333332,750437,6957531
1445,120508,71,pair_012_n5_012_control,control,1,0,0,12.55,0.099155,750508,6962004
1446,120580,72,pair_017_n3_017_control,control,1,0,0,12.540000000000001,0.09903499999999998,750580,6966540
1447,120653,73,pair_014_n5_014_conflict,conflict,1,0,0,12.530000000000001,0.09891333333333333,750653,6971139
1448,120725,72,pair_011_n3_011_control,control,1,0,0,12.540000000000001,0.09879333333333332,750725,6975675
1449,120798,73,pair_014_n3_014_control,control,1,0,0,12.530000000000001,0.09867166666666666,750798,6980274
1450,120870,72,pair_001_n5_001_control,control,1,0,0,12.540000000000001,0.09855166666666665,750870,6984810
1451,120946,76,pair_003_n3_003_conflict,conflict,1,0,0,12.500000000000002,0.09842499999999998,750946,6989598
1452,121013,67,pair_012_n3_012_conflict,conflict,1,0,0,12.590000000000002,0.09831333333333334,751013,6993819
1453,121112,99,pair_015_n5_015_control,control,1,0,0,12.270000000000001,0.09814833333333331,751112,7000056
1454,121184,72,pair_010_n3_010_control,control,1,0,0,12.540000000000001,0.09802833333333333,751184,7004592
1455,121256,72,pair_007_n3_007_control,control,1,0,0,12.540000000000003,0.09790833333333332,751256,7009128
1456,121326,70,pair_001_n3_001_conflict,conflict,1,0,0,12.560000000000002,0.09779166666666667,751326,7013538
1457,121328,2,pair_014_n3_014_conflict,conflict,0,1,0,-0.96,0.09778833333333331,751328,7013664
1458,121335,7,pair_016_n3_016_control,control,0,1,0,-0.8099999999999999,0.09777666666666665,751335,7014105
1459,121404,69,pair_012_n5_012_conflict,conflict,1,0,0,12.570000000000002,0.09766166666666665,751404,7018452
1460,121482,78,pair_006_n3_006_control,control,1,0,0,12.48,0.09753166666666666,751482,7023366
1461,121562,80,pair_008_n5_008_control,control,1,0,0,12.46,0.09739833333333331,751562,7028406
1462,121636,74,pair_005_n5_005_control,control,1,0,0,12.520000000000001,0.097275,751636,7033068
1463,121708,72,pair_007_n5_007_control,control,1,0,0,12.540000000000001,0.09715499999999999,751708,7037604
1464,121788,80,pair_015_n3_015_conflict,conflict,1,0,0,12.46,0.09702166666666664,751788,7042644
1465,121863,75,pair_017_n5_017_control,control,1,0,0,12.510000000000002,0.09689666666666666,751863,7047369
1466,121933,70,pair_001_n5_001_conflict,conflict,1,0,0,12.560000000000002,0.09677999999999998,751933,7051779
1467,122000,67,pair_008_n3_008_conflict,conflict,1,0,0,12.590000000000002,0.09666833333333333,752000,7056000
1468,122071,71,pair_016_n5_016_control,control,1,0,0,12.55,0.09655,752071,7060473
1469,122150,79,pair_017_n3_017_conflict,conflict,1,0,0,12.470000000000002,0.09641833333333333,752150,7065450
1470,122223,73,pair_011_n5_011_conflict,conflict,1,0,0,12.530000000000001,0.09629666666666667,752223,7070049
1471,122300,77,pair_008_n3_008_control,control,1,0,0,12.490000000000002,0.09616833333333333,752300,7074900
1472,122384,84,pair_007_n3_007_conflict,conflict,1,0,0,12.420000000000002,0.09602833333333333,752384,7080192
1473,122463,79,pair_009_n5_009_conflict,conflict,1,0,0,12.470000000000002,0.09589666666666666,752463,7085169
1474,122541,78,pair_014_n5_014_control,control,1,0,0,12.48,0.09576666666666667,752541,7090083
1475,122615,74,pair_003_n5_003_conflict,conflict,1,0,0,12.520000000000001,0.09564333333333333,752615,7094745
1476,122687,72,pair_002_n5_002_control,control,1,0,0,12.540000000000003,0.09552333333333332,752687,7099281
1477,122758,71,pair_015_n5_015_conflict,conflict,1,0,0,12.55,0.09540499999999999,752758,7103754
1478,122833,75,pair_004_n5_004_control,control,1,0,0,12.510000000000002,0.09527999999999998,752833,7108479
1479,122904,71,pair_000_n5_000_control,control,1,0,0,12.55,0.09516166666666664,752904,7112952
1480,122974,70,pair_002_n3_002_control,control,1,0,0,12.560000000000002,0.09504499999999999,752974,7117362
1481,123054,80,pair_005_n3_005_conflict,conflict,1,0,0,12.46,0.09491166666666664,753054,7122402
1482,123058,4,pair_016_n3_016_conflict,conflict,0,1,0,-0.88,0.09490499999999999,753058,7122654
1483,123129,71,pair_006_n5_006_control,control,1,0,0,12.55,0.09478666666666666,753129,7127127
1484,123207,78,pair_016_n5_016_conflict,conflict,1,0,0,12.480000000000002,0.09465666666666667,753207,7132041
1485,123284,77,pair_007_n5_007_conflict,conflict,1,0,0,12.490000000000002,0.09452833333333333,753284,7136892
1486,123357,73,pair_008_n5_008_conflict,conflict,1,0,0,12.530000000000001,0.09440666666666667,753357,7141491
1487,123425,68,pair_011_n5_011_control,control,0,1,0,1.4800000000000013,0.09429333333333331,753425,7145775
1488,123495,70,pair_000_n3_000_conflict,conflict,1,0,0,12.560000000000002,0.09417666666666666,753495,7150185
1489,123564,69,pair_004_n3_004_conflict,conflict,1,0,0,12.570000000000002,0.09406166666666665,753564,7154532
1490,123637,73,pair_009_n3_009_conflict,conflict,1,0,0,12.530000000000001,0.09394,753637,7159131
1491,123708,71,pair_017_n5_017_conflict,conflict,1,0,0,12.55,0.09382166666666666,753708,7163604
1492,123785,77,pair_009_n3_009_control,control,1,0,0,12.490000000000002,0.09369333333333332,753785,7168455
1493,123859,74,pair_009_n5_009_control,control,1,0,0,12.520000000000001,0.09356999999999999,753859,7173117
1494,123934,75,pair_002_n3_002_conflict,conflict,1,0,0,12.510000000000002,0.093445,753934,7177842
1495,124002,68,pair_011_n3_011_conflict,conflict,1,0,0,12.580000000000002,0.09333166666666665,754002,7182126
1496,124080,78,pair_000_n3_000_control,control,1,0,0,12.480000000000002,0.09320166666666665,754080,7187040
1497,124161,81,pair_004_n5_004_conflict,conflict,1,0,0,12.450000000000001,0.09306666666666666,754161,7192143
1498,124237,76,pair_006_n5_006_conflict,conflict,1,0,0,12.500000000000002,0.09294,754237,7196931
1499,124311,74,pair_013_n3_013_control,control,1,0,0,12.520000000000001,0.09281666666666666,754311,7201593
1500,124387,76,pair_013_n3_013_conflict,conflict,1,0,0,12.500000000000002,0.09269,754387,7206381
1501,124463,76,pair_013_n5_013_control,control,1,0,0,12.500000000000002,0.09256333333333333,754463,7211169
1502,124533,70,pair_010_n3_010_conflict,conflict,1,0,0,12.560000000000002,0.09244666666666665,754533,7215579
1503,124605,72,pair_005_n3_005_control,control,1,0,0,12.540000000000001,0.09232666666666667,754605,7220115
1504,124678,73,pair_010_n5_010_control,control,1,0,0,12.530000000000001,0.09220499999999998,754678,7224714
1505,124750,72,pair_015_n3_015_control,control,1,0,0,12.540000000000001,0.092085,754750,7229250
1506,124830,80,pair_002_n5_002_conflict,conflict,1,0,0,12.46,0.09195166666666665,754830,7234290
1507,124904,74,pair_003_n5_003_control,control,1,0,0,12.520000000000001,0.09182833333333332,754904,7238952
1508,124982,78,pair_000_n5_000_conflict,conflict,1,0,0,12.480000000000002,0.09169833333333333,754982,7243866
1509,125051,69,pair_010_n5_010_conflict,conflict,1,0,0,12.570000000000002,0.09158333333333332,755051,7248213
1510,125120,69,pair_012_n3_012_control,control,1,0,0,12.570000000000002,0.09146833333333332,755120,7252560
1511,125193,73,pair_004_n3_004_control,control,1,0,0,12.530000000000001,0.09134666666666666,755193,7257159
1512,125273,80,pair_001_n3_001_control,control,1,0,0,12.46,0.09121333333333331,755273,7262199
1513,125279,6,pair_011_n5_011_conflict,conflict,0,1,0,-0.8,0.09120333333333333,755279,7262577
1514,125352,73,pair_004_n5_004_conflict,conflict,1,0,0,12.530000000000001,0.09108166666666664,755352,7267176
1515,125427,75,pair_009_n3_009_conflict,conflict,1,0,0,12.510000000000002,0.09095666666666666,755427,7271901
1516,125499,72,pair_006_n3_006_control,control,1,0,0,12.540000000000001,0.09083666666666665,755499,7276437
1517,125574,75,pair_003_n5_003_control,control,1,0,0,12.510000000000002,0.09071166666666666,755574,7281162
1518,125653,79,pair_007_n3_007_conflict,conflict,1,0,0,12.470000000000002,0.09058,755653,7286139
1519,125726,73,pair_000_n5_000_control,control,1,0,0,12.530000000000001,0.09045833333333334,755726,7290738
1520,125801,75,pair_008_n3_008_conflict,conflict,1,0,0,12.510000000000002,0.09033333333333332,755801,7295463
1521,125879,78,pair_001_n3_001_conflict,conflict,1,0,0,12.480000000000002,0.09020333333333333,755879,7300377
1522,125947,68,pair_016_n3_016_conflict,conflict,1,0,0,12.580000000000002,0.09008999999999998,755947,7304661
1523,126017,70,pair_006_n5_006_control,control,1,0,0,12.560000000000002,0.08997333333333332,756017,7309071
1524,126092,75,pair_015_n3_015_conflict,conflict,1,0,0,12.510000000000002,0.08984833333333334,756092,7313796
1525,126104,12,pair_006_n3_006_conflict,conflict,0,1,0,-0.66,0.08982833333333332,756104,7314552
1526,126174,70,pair_014_n5_014_control,control,1,0,0,12.560000000000002,0.08971166666666666,756174,7318962
1527,126246,72,pair_000_n3_000_control,control,1,0,0,12.540000000000001,0.08959166666666665,756246,7323498
1528,126318,72,pair_016_n5_016_control,control,1,0,0,12.540000000000001,0.08947166666666664,756318,7328034
1529,126341,23,pair_013_n5_013_conflict,conflict,0,1,0,-0.6200000000000001,0.08943333333333331,756341,7329483
1530,126414,73,pair_015_n5_015_control,control,1,0,0,12.530000000000001,0.08931166666666665,756414,7334082
1531,126490,76,pair_001_n5_001_control,control,1,0,0,12.500000000000002,0.08918499999999999,756490,7338870
1532,126568,78,pair_003_n3_003_conflict,conflict,1,0,0,12.48,0.089055,756568,7343784
1533,126638,70,pair_009_n5_009_conflict,conflict,1,0,0,12.560000000000002,0.08893833333333331,756638,7348194
1534,126711,73,pair_000_n5_000_conflict,conflict,1,0,0,12.530000000000001,0.08881666666666665,756711,7352793
1535,126785,74,pair_005_n5_005_conflict,conflict,1,0,0,12.520000000000001,0.08869333333333332,756785,7357455
1536,126853,68,pair_009_n5_009_control,control,1,0,0,12.580000000000002,0.08857999999999999,756853,7361739
1537,126929,76,pair_015_n3_015_control,control,1,0,0,12.500000000000002,0.08845333333333333,756929,7366527
1538,127002,73,pair_006_n5_006_conflict,conflict,1,0,0,12.530000000000001,0.08833166666666667,757002,7371126
1539,127078,76,pair_002_n5_002_control,control,1,0,0,12.500000000000002,0.08820499999999998,757078,7375914
1540,127161,83,pair_001_n5_001_conflict,conflict,1,0,0,12.430000000000001,0.08806666666666665,757161,7381143
1541,127234,73,pair_005_n3_005_control,control,1,0,0,12.530000000000001,0.087945,757234,7385742
1542,127302,68,pair_012_n5_012_control,control,1,0,0,12.580000000000002,0.08783166666666667,757302,7390026
1543,127371,69,pair_007_n5_007_conflict,conflict,1,0,0,12.570000000000002,0.08771666666666667,757371,7394373
1544,127442,71,pair_013_n3_013_conflict,conflict,1,0,0,12.55,0.08759833333333333,757442,7398846
1545,127516,74,pair_016_n3_016_control,control,1,0,0,12.520000000000001,0.087475,757516,7403508
1546,127593,77,pair_002_n5_002_conflict,conflict,1,0,0,12.490000000000002,0.08734666666666666,757593,7408359
1547,127666,73,pair_013_n3_013_control,control,1,0,0,12.530000000000001,0.087225,757666,7412958
1548,127736,70,pair_010_n3_010_control,control,1,0,0,12.560000000000002,0.08710833333333332,757736,7417368
1549,127808,72,pair_003_n5_003_conflict,conflict,1,0,0,12.540000000000001,0.08698833333333333,757808,7421904
1550,127880,72,pair_002_n3_002_conflict,conflict,1,0,0,12.540000000000001,0.08686833333333333,757880,7426440
1551,127951,71,pair_012_n3_012_control,control,1,0,0,12.55,0.08675,757951,7430913
1552,128022,71,pair_008_n5_008_conflict,conflict,1,0,0,12.55,0.08663166666666666,758022,7435386
1553,128101,79,pair_014_n5_014_conflict,conflict,1,0,0,12.470000000000002,0.0865,758101,7440363
1554,128177,76,pair_015_n5_015_conflict,conflict,1,0,0,12.500000000000002,0.08637333333333333,758177,7445151
1555,128251,74,pair_008_n5_008_control,control,0,1,0,1.5200000000000018,0.08625,758251,7449813
1556,128318,67,pair_010_n5_010_conflict,conflict,1,0,0,12.590000000000002,0.08613833333333332,758318,7454034
1557,128393,75,pair_005_n5_005_control,control,1,0,0,12.510000000000002,0.08601333333333333,758393,7458759
1558,128470,77,pair_017_n3_017_control,control,1,0,0,12.490000000000002,0.08588499999999999,758470,7463610
1559,128552,82,pair_002_n3_002_control,control,1,0,0,12.440000000000001,0.08574833333333332,758552,7468776
1560,128634,82,pair_014_n3_014_control,control,1,0,0,12.440000000000001,0.08561166666666667,758634,7473942
1561,128704,70,pair_000_n3_000_conflict,conflict,1,0,0,12.560000000000002,0.08549499999999999,758704,7478352
1562,128780,76,pair_007_n5_007_control,control,1,0,0,12.500000000000002,0.08536833333333332,758780,7483140
1563,128849,69,pair_003_n3_003_control,control,1,0,0,12.570000000000002,0.08525333333333332,758849,7487487
1564,128922,73,pair_017_n5_017_control,control,1,0,0,12.530000000000001,0.08513166666666666,758922,7492086
1565,128993,71,pair_011_n3_011_control,control,1,0,0,12.55,0.08501333333333333,758993,7496559
1566,129065,72,pair_004_n3_004_conflict,conflict,1,0,0,12.540000000000001,0.08489333333333332,759065,7501095
1567,129132,67,pair_012_n3_012_conflict,conflict,1,0,0,12.590000000000002,0.08478166666666664,759132,7505316
1568,129228,96,pair_012_n5_012_conflict,conflict,1,0,0,12.3,0.08462166666666665,759228,7511364
1569,129298,70,pair_004_n5_004_control,control,1,0,0,12.560000000000002,0.084505,759298,7515774
1570,129370,72,pair_010_n3_010_conflict,conflict,1,0,0,12.540000000000001,0.08438499999999999,759370,7520310
1571,129445,75,pair_011_n3_011_conflict,conflict,1,0,0,12.510000000000002,0.08426,759445,7525035
1572,129518,73,pair_009_n3_009_control,control,1,0,0,12.530000000000001,0.08413833333333331,759518,7529634
1573,129588,70,pair_004_n3_004_control,control,1,0,0,12.560000000000002,0.08402166666666666,759588,7534044
1574,129664,76,pair_016_n5_016_conflict,conflict,1,0,0,12.500000000000002,0.083895,759664,7538832
1575,129735,71,pair_007_n3_007_control,control,1,0,0,12.55,0.08377666666666667,759735,7543305
1576,129765,30,pair_008_n3_008_control,control,0,1,0,0.060000000000000275,0.08372666666666664,759765,7545195
1577,129838,73,pair_010_n5_010_control,control,1,0,0,12.530000000000001,0.08360499999999998,759838,7549794
1578,129914,76,pair_011_n5_011_control,control,1,0,0,12.500000000000002,0.08347833333333332,759914,7554582
1579,129982,68,pair_017_n3_017_conflict,conflict,1,0,0,12.580000000000002,0.083365,759982,7558866
1580,130052,70,pair_017_n5_017_conflict,conflict,1,0,0,12.560000000000002,0.08324833333333331,760000,7563328
1581,130118,66,pair_013_n5_013_control,control,1,0,0,12.600000000000001,0.08313833333333331,760000,7567552
1582,130191,73,pair_005_n3_005_conflict,conflict,1,0,0,12.530000000000001,0.08301666666666666,760000,7572224
1583,130265,74,pair_014_n3_014_conflict,conflict,1,0,0,12.520000000000001,0.08289333333333332,760000,7576960
1584,130564,299,pair_012_n3_012_control,control,1,0,0,10.27,0.082395,760000,7596096
1585,130636,72,pair_009_n3_009_control,control,1,0,0,12.540000000000001,0.08227499999999999,760000,7600704
1586,130707,71,pair_010_n3_010_conflict,conflict,1,0,0,12.55,0.08215666666666666,760000,7605248
1587,130777,70,pair_006_n5_006_conflict,conflict,1,0,0,12.560000000000002,0.08204,760000,7609728
1588,130850,73,pair_016_n3_016_control,control,1,0,0,12.530000000000001,0.08191833333333332,760000,7614400
1589,130921,71,pair_017_n3_017_conflict,conflict,1,0,0,12.55,0.08179999999999998,760000,7618944
1590,130994,73,pair_004_n5_004_conflict,conflict,1,0,0,12.530000000000001,0.08167833333333333,760000,7623616
1591,131067,73,pair_000_n5_000_control,control,1,0,0,12.530000000000001,0.08155666666666667,760000,7628288
1592,131140,73,pair_010_n3_010_control,control,1,0,0,12.530000000000001,0.08143499999999998,760000,7632960
1593,131195,55,pair_015_n3_015_control,control,0,1,0,0.8100000000000009,0.08134333333333332,760000,7636480
1594,131264,69,pair_014_n3_014_control,control,1,0,0,12.570000000000002,0.08122833333333332,760000,7640896
1595,131332,68,pair_014_n5_014_conflict,conflict,1,0,0,12.580000000000002,0.08111499999999999,760000,7645248
1596,131402,70,pair_007_n5_007_conflict,conflict,1,0,0,12.560000000000002,0.08099833333333331,760000,7649728
1597,131471,69,pair_013_n3_013_conflict,conflict,1,0,0,12.570000000000002,0.08088333333333333,760000,7654144
1598,131539,68,pair_004_n3_004_conflict,conflict,1,0,0,12.580000000000002,0.08076999999999998,760000,7658496
1599,131610,71,pair_006_n3_006_conflict,conflict,1,0,0,12.55,0.08065166666666665,760000,7663040
1600,131680,70,pair_011_n5_011_control,control,1,0,0,12.560000000000002,0.080535,760000,7667520
1601,131751,71,pair_010_n5_010_control,control,1,0,0,12.55,0.08041666666666666,760000,7672064
1602,131819,68,pair_011_n3_011_conflict,conflict,1,0,0,12.580000000000002,0.08030333333333331,760000,7676416
1603,131889,70,pair_014_n5_014_control,control,1,0,0,12.560000000000002,0.08018666666666666,760000,7680896
1604,131959,70,pair_012_n3_012_conflict,conflict,1,0,0,12.560000000000002,0.08007,760000,7685376
1605,132029,70,pair_002_n3_002_conflict,conflict,1,0,0,12.560000000000002,0.07995333333333332,760000,7689856
1606,132102,73,pair_003_n3_003_conflict,conflict,1,0,0,12.530000000000001,0.07983166666666666,760000,7694528
1607,132179,77,pair_017_n5_017_conflict,conflict,1,0,0,12.490000000000002,0.07970333333333332,760000,7699456
1608,132250,71,pair_000_n5_000_conflict,conflict,1,0,0,12.55,0.07958499999999999,760000,7704000
1609,132330,80,pair_004_n5_004_control,control,1,0,0,12.46,0.07945166666666664,760000,7709120
1610,132399,69,pair_009_n5_009_control,control,1,0,0,12.570000000000002,0.07933666666666667,760000,7713536
1611,132471,72,pair_016_n3_016_conflict,conflict,1,0,0,12.540000000000001,0.07921666666666666,760000,7718144
1612,132556,85,pair_002_n5_002_control,control,1,0,0,12.410000000000002,0.07907499999999998,760000,7723584
1613,132626,70,pair_015_n5_015_conflict,conflict,1,0,0,12.560000000000002,0.07895833333333332,760000,7728064
1614,132696,70,pair_001_n5_001_control,control,1,0,0,12.560000000000002,0.07884166666666664,760000,7732544
1615,132767,71,pair_001_n5_001_conflict,conflict,1,0,0,12.55,0.07872333333333331,760000,7737088
1616,132841,74,pair_007_n5_007_control,control,1,0,0,12.520000000000001,0.07859999999999998,760000,7741824
1617,132937,96,pair_005_n5_005_conflict,conflict,1,0,0,12.3,0.07843999999999998,760000,7747968
1618,133011,74,pair_015_n3_015_conflict,conflict,1,0,0,12.520000000000001,0.07831666666666665,760000,7752704
1619,133083,72,pair_011_n5_011_conflict,conflict,1,0,0,12.540000000000003,0.07819666666666666,760000,7757312
1620,133104,21,pair_005_n3_005_control,control,0,1,0,-0.35,0.07816166666666666,760000,7758656
1621,133180,76,pair_011_n3_011_control,control,1,0,0,12.500000000000002,0.078035,760000,7763520
1622,133253,73,pair_001_n3_001_conflict,conflict,1,0,0,12.530000000000001,0.07791333333333333,760000,7768192
1623,133327,74,pair_007_n3_007_conflict,conflict,1,0,0,12.520000000000001,0.07779,760000,7772928
1624,133403,76,pair_012_n5_012_conflict,conflict,1,0,0,12.500000000000002,0.07766333333333333,760000,7777792
1625,133476,73,pair_006_n3_006_control,control,1,0,0,12.530000000000001,0.07754166666666665,760000,7782464
1626,133548,72,pair_003_n5_003_conflict,conflict,1,0,0,12.540000000000001,0.07742166666666667,760000,7787072
1627,133622,74,pair_000_n3_000_conflict,conflict,1,0,0,12.520000000000001,0.07729833333333333,760000,7791808
1628,133692,70,pair_013_n5_013_conflict,conflict,1,0,0,12.560000000000002,0.07718166666666665,760000,7796288
1629,133768,76,pair_005_n5_005_control,control,1,0,0,12.500000000000002,0.07705499999999998,760000,7801152
1630,133840,72,pair_017_n3_017_control,control,1,0,0,12.540000000000001,0.07693499999999998,760000,7805760
1631,133911,71,pair_001_n3_001_control,control,1,0,0,12.55,0.07681666666666664,760000,7810304
1632,133985,74,pair_013_n5_013_control,control,1,0,0,12.520000000000001,0.07669333333333334,760000,7815040
1633,134057,72,pair_007_n3_007_control,control,1,0,0,12.540000000000003,0.07657333333333333,760000,7819648
1634,134187,130,pair_008_n3_008_conflict,conflict,1,0,0,11.96,0.07635666666666666,760000,7827968
1635,134257,70,pair_016_n5_016_control,control,1,0,0,12.560000000000002,0.07624,760000,7832448
1636,134338,81,pair_003_n3_003_control,control,1,0,0,12.450000000000001,0.07610499999999998,760000,7837632
1637,134411,73,pair_016_n5_016_conflict,conflict,1,0,0,12.530000000000001,0.07598333333333332,760000,7842304
1638,134490,79,pair_008_n3_008_control,control,1,0,0,12.470000000000002,0.07585166666666665,760000,7847360
1639,134564,74,pair_015_n5_015_control,control,1,0,0,12.520000000000001,0.07572833333333331,760000,7852096
1640,134631,67,pair_004_n3_004_control,control,1,0,0,12.590000000000002,0.07561666666666667,760000,7856384
1641,134704,73,pair_006_n5_006_control,control,1,0,0,12.530000000000001,0.07549499999999998,760000,7861056
1642,134786,82,pair_005_n3_005_conflict,conflict,1,0,0,12.440000000000001,0.07535833333333333,760000,7866304
1643,134858,72,pair_000_n3_000_control,control,1,0,0,12.540000000000001,0.07523833333333332,760000,7870912
1644,134924,66,pair_014_n3_014_conflict,conflict,1,0,0,12.600000000000001,0.07512833333333332,760000,7875136
1645,134992,68,pair_008_n5_008_control,control,1,0,0,12.580000000000002,0.075015,760000,7879488
1646,135058,66,pair_017_n5_017_control,control,1,0,0,12.600000000000001,0.074905,760000,7883712
1647,135132,74,pair_010_n5_010_conflict,conflict,1,0,0,12.520000000000001,0.07478166666666666,760000,7888448
1648,135201,69,pair_012_n5_012_control,control,1,0,0,12.570000000000002,0.07466666666666666,760000,7892864
1649,135274,73,pair_002_n5_002_conflict,conflict,1,0,0,12.530000000000001,0.074545,760000,7897536
1650,135343,69,pair_003_n5_003_control,control,1,0,0,12.570000000000002,0.07443,760000,7901952
1651,135416,73,pair_002_n3_002_control,control,1,0,0,12.530000000000001,0.07430833333333331,760000,7906624
1652,135492,76,pair_009_n3_009_conflict,conflict,1,0,0,12.500000000000002,0.07418166666666665,760000,7911488
1653,135562,70,pair_013_n3_013_control,control,1,0,0,12.560000000000002,0.07406499999999999,760000,7915968
1654,135635,73,pair_009_n5_009_conflict,conflict,1,0,0,12.530000000000001,0.07394333333333333,760000,7920640
1655,135710,75,pair_008_n5_008_conflict,conflict,1,0,0,12.510000000000002,0.07381833333333332,760000,7925440
1656,135779,69,pair_003_n3_003_conflict,conflict,1,0,0,12.570000000000002,0.07370333333333332,760000,7929856
1657,135849,70,pair_006_n5_006_control,control,1,0,0,12.560000000000002,0.07358666666666666,760000,7934336
1658,135923,74,pair_015_n3_015_control,control,1,0,0,12.520000000000001,0.07346333333333332,760000,7939072
1659,135992,69,pair_011_n3_011_conflict,conflict,1,0,0,12.570000000000002,0.07334833333333332,760000,7943488
1660,136060,68,pair_007_n3_007_conflict,conflict,1,0,0,12.580000000000002,0.073235,760000,7947840
1661,136134,74,pair_007_n3_007_control,control,1,0,0,12.520000000000001,0.07311166666666666,760000,7952576
1662,136208,74,pair_002_n5_002_conflict,conflict,1,0,0,12.520000000000001,0.07298833333333332,760000,7957312
1663,136281,73,pair_000_n5_000_conflict,conflict,1,0,0,12.530000000000001,0.07286666666666666,760000,7961984
1664,136353,72,pair_010_n3_010_conflict,conflict,1,0,0,12.540000000000001,0.07274666666666665,760000,7966592
1665,136425,72,pair_005_n5_005_conflict,conflict,1,0,0,12.540000000000003,0.07262666666666664,760000,7971200
1666,136504,79,pair_017_n3_017_control,control,1,0,0,12.470000000000002,0.07249499999999998,760000,7976256
1667,136576,72,pair_010_n5_010_control,control,1,0,0,12.540000000000001,0.072375,760000,7980864
1668,136648,72,pair_012_n3_012_conflict,conflict,1,0,0,12.540000000000001,0.07225499999999999,760000,7985472
1669,136718,70,pair_000_n3_000_conflict,conflict,1,0,0,12.560000000000002,0.07213833333333333,760000,7989952
1670,136789,71,pair_013_n3_013_conflict,conflict,1,0,0,12.55,0.07202,760000,7994496
1671,136862,73,pair_010_n5_010_conflict,conflict,1,0,0,12.530000000000001,0.07189833333333331,760000,7999168
1672,136934,72,pair_004_n5_004_conflict,conflict,1,0,0,12.540000000000003,0.07177833333333333,760000,8003776
1673,137005,71,pair_012_n3_012_control,control,1,0,0,12.55,0.07166,760000,8008320
1674,137075,70,pair_000_n5_000_control,control,1,0,0,12.560000000000002,0.07154333333333332,760000,8012800
1675,137147,72,pair_009_n3_009_control,control,1,0,0,12.540000000000001,0.07142333333333331,760000,8017408
1676,137216,69,pair_011_n5_011_control,control,1,0,0,12.570000000000002,0.07130833333333333,760000,8021824
1677,137287,71,pair_011_n5_011_conflict,conflict,1,0,0,12.55,0.07118999999999998,760000,8026368
1678,137356,69,pair_013_n5_013_conflict,conflict,1,0,0,12.570000000000002,0.071075,760000,8030784
1679,137424,68,pair_001_n5_001_control,control,1,0,0,12.580000000000002,0.07096166666666665,760000,8035136
1680,137497,73,pair_013_n3_013_control,control,1,0,0,12.530000000000001,0.07083999999999999,760000,8039808
1681,137565,68,pair_010_n3_010_control,control,0,1,0,1.4800000000000013,0.07072666666666666,760000,8044160
1682,137572,7,pair_015_n5_015_control,control,0,1,0,-0.76,0.070715,760000,8044608
1683,137640,68,pair_000_n3_000_control,control,1,0,0,12.580000000000002,0.07060166666666665,760000,8048960
1684,137714,74,pair_016_n3_016_conflict,conflict,1,0,0,12.520000000000001,0.07047833333333331,760000,8053696
1685,137787,73,pair_009_n5_009_conflict,conflict,1,0,0,12.530000000000001,0.07035666666666665,760000,8058368
1686,137859,72,pair_014_n5_014_control,control,1,0,0,12.540000000000001,0.07023666666666664,760000,8062976
1687,137932,73,pair_016_n5_016_control,control,1,0,0,12.530000000000001,0.07011499999999998,760000,8067648
1688,138004,72,pair_016_n5_016_conflict,conflict,1,0,0,12.540000000000001,0.069995,760000,8072256
1689,138077,73,pair_005_n3_005_conflict,conflict,1,0,0,12.530000000000001,0.06987333333333332,760000,8076928
1690,138153,76,pair_007_n5_007_control,control,1,0,0,12.500000000000002,0.06974666666666665,760000,8081792
1691,138227,74,pair_013_n5_013_control,control,1,0,0,12.520000000000001,0.06962333333333331,760000,8086528
1692,138299,72,pair_004_n5_004_control,control,1,0,0,12.540000000000001,0.06950333333333333,760000,8091136
1693,138372,73,pair_001_n3_001_conflict,conflict,1,0,0,12.530000000000001,0.06938166666666665,760000,8095808
1694,138444,72,pair_007_n5_007_conflict,conflict,1,0,0,12.540000000000001,0.06926166666666667,760000,8100416
1695,138470,26,pair_012_n5_012_conflict,conflict,0,1,0,-0.4500000000000002,0.06921833333333333,760000,8102080
1696,138538,68,pair_008_n3_008_conflict,conflict,0,1,0,1.4800000000000013,0.069105,760000,8106432
1697,138611,73,pair_005_n5_005_control,control,1,0,0,12.530000000000001,0.06898333333333331,760000,8111104
1698,138679,68,pair_001_n5_001_conflict,conflict,1,0,0,12.580000000000002,0.06886999999999999,760000,8115456
1699,138753,74,pair_008_n3_008_control,control,1,0,0,12.520000000000001,0.06874666666666665,760000,8120192
1700,138826,73,pair_017_n5_017_conflict,conflict,1,0,0,12.530000000000001,0.06862499999999999,760000,8124864
1701,138896,70,pair_002_n3_002_control,control,1,0,0,12.560000000000002,0.06850833333333331,760000,8129344
1702,138970,74,pair_002_n5_002_control,control,1,0,0,12.520000000000001,0.068385,760000,8134080
1703,139039,69,pair_001_n3_001_control,control,1,0,0,12.570000000000002,0.06827,760000,8138496
1704,139108,69,pair_005_n3_005_control,control,1,0,0,12.570000000000002,0.068155,760000,8142912
1705,139175,67,pair_016_n3_016_control,control,1,0,0,12.590000000000002,0.06804333333333332,760000,8147200
1706,139245,70,pair_004_n3_004_control,control,1,0,0,12.560000000000002,0.06792666666666666,760000,8151680
1707,139320,75,pair_015_n3_015_conflict,conflict,1,0,0,12.510000000000002,0.06780166666666665,760000,8156480
1708,139391,71,pair_006_n3_006_conflict,conflict,1,0,0,12.550000000000002,0.06768333333333332,760000,8161024
1709,139465,74,pair_014_n5_014_conflict,conflict,1,0,0,12.520000000000001,0.06755999999999998,760000,8165760
1710,139536,71,pair_008_n5_008_control,control,1,0,0,12.55,0.06744166666666665,760000,8170304
1711,139605,69,pair_004_n3_004_conflict,conflict,1,0,0,12.570000000000002,0.06732666666666665,760000,8174720
1712,139676,71,pair_006_n5_006_conflict,conflict,1,0,0,12.55,0.06720833333333331,760000,8179264
1713,139742,66,pair_014_n3_014_conflict,conflict,1,0,0,12.600000000000001,0.06709833333333332,760000,8183488
1714,139818,76,pair_003_n3_003_control,control,1,0,0,12.500000000000002,0.06697166666666665,760000,8188352
1715,139889,71,pair_009_n3_009_conflict,conflict,1,0,0,12.55,0.06685333333333332,760000,8192896
1716,139961,72,pair_003_n5_003_conflict,conflict,1,0,0,12.540000000000001,0.06673333333333331,760000,8197504
1717,140037,76,pair_003_n5_003_control,control,1,0,0,12.500000000000002,0.06660666666666665,760000,8202368
1718,140106,69,pair_015_n5_015_conflict,conflict,1,0,0,12.570000000000002,0.06649166666666664,760000,8206784
1719,140179,73,pair_017_n5_017_control,control,1,0,0,12.530000000000001,0.06636999999999998,760000,8211456
1720,140248,69,pair_011_n3_011_control,control,1,0,0,12.570000000000002,0.06625499999999998,760000,8215872
1721,140253,5,pair_008_n5_008_conflict,conflict,0,1,0,-0.84,0.06624666666666665,760000,8216192
1722,140327,74,pair_006_n3_006_control,control,1,0,0,12.520000000000001,0.06612333333333331,760000,8220928
1723,140399,72,pair_012_n5_012_control,control,1,0,0,12.540000000000001,0.06600333333333333,760000,8225536
1724,140404,5,pair_009_n5_009_control,control,0,1,0,-0.84,0.065995,760000,8225856
1725,140473,69,pair_017_n3_017_conflict,conflict,1,0,0,12.570000000000002,0.06588,760000,8230272
1726,140552,79,pair_002_n3_002_conflict,conflict,1,0,0,12.470000000000002,0.06574833333333333,760000,8235328
1727,140626,74,pair_014_n3_014_control,control,1,0,0,12.520000000000001,0.06562499999999999,760000,8240064
1728,140694,68,pair_006_n5_006_conflict,conflict,1,0,0,12.580000000000002,0.06551166666666666,760000,8244416
1729,140767,73,pair_005_n5_005_conflict,conflict,1,0,0,12.530000000000001,0.06538999999999998,760000,8249088
1730,140836,69,pair_008_n5_008_control,control,1,0,0,12.570000000000002,0.065275,760000,8253504
1731,140903,67,pair_005_n3_005_conflict,conflict,1,0,0,12.590000000000002,0.06516333333333332,760000,8257792
1732,140970,67,pair_007_n3_007_control,control,1,0,0,12.590000000000002,0.06505166666666665,760000,8262080
1733,141045,75,pair_016_n3_016_conflict,conflict,1,0,0,12.510000000000002,0.06492666666666666,760000,8266880
1734,141112,67,pair_001_n5_001_conflict,conflict,1,0,0,12.590000000000002,0.06481499999999998,760000,8271168
1735,141181,69,pair_001_n5_001_control,control,1,0,0,12.570000000000002,0.06469999999999998,760000,8275584
1736,141253,72,pair_000_n3_000_conflict,conflict,1,0,0,12.540000000000003,0.06458,760000,8280192
1737,141329,76,pair_009_n3_009_conflict,conflict,1,0,0,12.500000000000002,0.06445333333333333,760000,8285056
1738,141399,70,pair_011_n3_011_control,control,1,0,0,12.560000000000002,0.06433666666666665,760000,8289536
1739,141468,69,pair_004_n5_004_control,control,1,0,0,12.570000000000002,0.06422166666666665,760000,8293952
1740,141543,75,pair_016_n3_016_control,control,1,0,0,12.510000000000002,0.06409666666666666,760000,8298752
1741,141609,66,pair_003_n5_003_control,control,1,0,0,12.600000000000001,0.06398666666666666,760000,8302976
1742,141678,69,pair_013_n3_013_control,control,1,0,0,12.570000000000002,0.06387166666666666,760000,8307392
1743,141748,70,pair_003_n3_003_control,control,1,0,0,12.560000000000002,0.06375499999999998,760000,8311872
1744,141816,68,pair_006_n3_006_conflict,conflict,1,0,0,12.580000000000002,0.06364166666666665,760000,8316224
1745,141885,69,pair_012_n5_012_control,control,1,0,0,12.570000000000002,0.06352666666666665,760000,8320640
1746,141956,71,pair_012_n3_012_conflict,conflict,1,0,0,12.55,0.06340833333333332,760000,8325184
1747,142028,72,pair_000_n5_000_control,control,1,0,0,12.540000000000001,0.06328833333333334,760000,8329792
1748,142097,69,pair_012_n3_012_control,control,1,0,0,12.570000000000002,0.06317333333333333,760000,8334208
1749,142167,70,pair_007_n5_007_control,control,1,0,0,12.560000000000002,0.06305666666666665,760000,8338688
1750,142236,69,pair_010_n3_010_control,control,1,0,0,12.570000000000002,0.06294166666666665,760000,8343104
1751,142305,69,pair_008_n3_008_conflict,conflict,1,0,0,12.570000000000002,0.06282666666666664,760000,8347520
1752,142372,67,pair_007_n3_007_conflict,conflict,1,0,0,12.590000000000002,0.06271499999999999,760000,8351808
1753,142442,70,pair_006_n3_006_control,control,1,0,0,12.560000000000002,0.06259833333333331,760000,8356288
1754,142510,68,pair_016_n5_016_control,control,1,0,0,12.580000000000002,0.062484999999999985,760000,8360640
1755,142582,72,pair_014_n3_014_control,control,1,0,0,12.540000000000001,0.062364999999999976,760000,8365248
1756,142662,80,pair_017_n5_017_conflict,conflict,1,0,0,12.46,0.06223166666666666,760000,8370368
1757,142734,72,pair_017_n5_017_control,control,1,0,0,12.540000000000001,0.06211166666666665,760000,8374976
1758,142805,71,pair_014_n5_014_conflict,conflict,1,0,0,12.55,0.06199333333333332,760000,8379520
1759,142872,67,pair_012_n5_012_conflict,conflict,1,0,0,12.590000000000002,0.06188166666666667,760000,8383808
1760,142943,71,pair_008_n5_008_conflict,conflict,1,0,0,12.55,0.06176333333333331,760000,8388352
1761,143011,68,pair_005_n5_005_control,control,1,0,0,12.580000000000002,0.06164999999999998,760000,8392704
1762,143079,68,pair_002_n3_002_conflict,conflict,1,0,0,12.580000000000002,0.061536666666666656,760000,8397056
1763,143148,69,pair_002_n3_002_control,control,1,0,0,12.570000000000002,0.06142166666666665,760000,8401472
1764,143220,72,pair_017_n3_017_control,control,1,0,0,12.540000000000001,0.06130166666666664,760000,8406080
1765,143289,69,pair_015_n3_015_conflict,conflict,1,0,0,12.570000000000002,0.06118666666666667,760000,8410496
1766,143362,73,pair_011_n5_011_control,control,1,0,0,12.530000000000001,0.06106499999999998,760000,8415168
1767,143430,68,pair_015_n5_015_control,control,1,0,0,12.580000000000002,0.060951666666666654,760000,8419520
1768,143500,70,pair_003_n5_003_conflict,conflict,1,0,0,12.560000000000002,0.060835,760000,8424000
1769,143573,73,pair_013_n5_013_conflict,conflict,1,0,0,12.530000000000001,0.060713333333333314,760000,8428672
1770,143651,78,pair_011_n5_011_conflict,conflict,1,0,0,12.48,0.06058333333333332,760000,8433664
1771,143721,70,pair_001_n3_001_control,control,1,0,0,12.560000000000002,0.06046666666666667,760000,8438144
1772,143799,78,pair_002_n5_002_control,control,1,0,0,12.480000000000002,0.06033666666666665,760000,8443136
1773,143874,75,pair_010_n5_010_control,control,1,0,0,12.510000000000002,0.06021166666666666,760000,8447936
1774,143945,71,pair_015_n3_015_control,control,1,0,0,12.55,0.06009333333333333,760000,8452480
1775,144022,77,pair_017_n3_017_conflict,conflict,1,0,0,12.490000000000002,0.05996499999999999,760000,8457408
1776,144092,70,pair_002_n5_002_conflict,conflict,1,0,0,12.560000000000002,0.05984833333333331,760000,8461888
1777,144158,66,pair_001_n3_001_conflict,conflict,1,0,0,12.600000000000001,0.05973833333333331,760000,8466112
1778,144176,18,pair_003_n3_003_conflict,conflict,0,1,0,-0.31999999999999995,0.059708333333333335,760000,8467264
1779,144246,70,pair_013_n5_013_control,control,1,0,0,12.560000000000002,0.059591666666666654,760000,8471744
1780,144314,68,pair_005_n3_005_control,control,1,0,0,12.580000000000002,0.05947833333333333,760000,8476096
1781,144382,68,pair_004_n3_004_control,control,1,0,0,12.580000000000002,0.059365,760000,8480448
1782,144456,74,pair_009_n5_009_conflict,conflict,1,0,0,12.520000000000001,0.059241666666666665,760000,8485184
1783,144523,67,pair_009_n3_009_control,control,1,0,0,12.590000000000002,0.05912999999999999,760000,8489472
1784,144599,76,pair_014_n3_014_conflict,conflict,1,0,0,12.500000000000002,0.059003333333333324,760000,8494336
1785,144670,71,pair_007_n5_007_conflict,conflict,1,0,0,12.55,0.05888499999999999,760000,8498880
1786,144739,69,pair_004_n3_004_conflict,conflict,1,0,0,12.570000000000002,0.05876999999999999,760000,8503296
1787,144812,73,pair_009_n5_009_control,control,1,0,0,12.530000000000001,0.05864833333333333,760000,8507968
1788,144901,89,pair_008_n3_008_control,control,1,0,0,12.370000000000001,0.058499999999999996,760000,8513664
1789,144972,71,pair_006_n5_006_control,control,1,0,0,12.55,0.058381666666666665,760000,8518208
1790,145043,71,pair_011_n3_011_conflict,conflict,1,0,0,12.55,0.058263333333333334,760000,8522752
1791,145110,67,pair_000_n3_000_control,control,1,0,0,12.590000000000002,0.05815166666666666,760000,8527040
1792,145180,70,pair_016_n5_016_conflict,conflict,1,0,0,12.560000000000002,0.058034999999999975,760000,8531520
1793,145249,69,pair_013_n3_013_conflict,conflict,1,0,0,12.570000000000002,0.05792,760000,8535936
1794,145323,74,pair_015_n5_015_conflict,conflict,1,0,0,12.520000000000001,0.05779666666666666,760000,8540672
1795,145349,26,pair_010_n3_010_conflict,conflict,0,1,0,-0.09999999999999976,0.05775333333333332,760000,8542336
1796,145426,77,pair_004_n5_004_conflict,conflict,1,0,0,12.490000000000002,0.05762499999999998,760000,8547264
1797,145494,68,pair_010_n5_010_conflict,conflict,1,0,0,12.580000000000002,0.057511666666666655,760000,8551616
1798,145563,69,pair_000_n5_000_conflict,conflict,1,0,0,12.570000000000002,0.05739666666666665,760000,8556032
1799,145633,70,pair_014_n5_014_control,control,1,0,0,12.560000000000002,0.05728,760000,8560512
1800,145705,72,pair_005_n5_005_control,control,1,0,0,12.540000000000001,0.05715999999999999,760000,8565120
1801,145773,68,pair_001_n3_001_control,control,1,0,0,12.580000000000002,0.05704666666666666,760000,8569472
1802,145780,7,pair_014_n5_014_conflict,conflict,0,1,0,-0.91,0.057035,760000,8569920
1803,145850,70,pair_013_n3_013_conflict,conflict,1,0,0,12.560000000000002,0.05691833333333332,760000,8574400
1804,145927,77,pair_001_n5_001_control,control,1,0,0,12.490000000000002,0.05678999999999998,760000,8579328
1805,146000,73,pair_004_n3_004_control,control,1,0,0,12.530000000000001,0.05666833333333332,760000,8584000
1806,146070,70,pair_014_n3_014_conflict,conflict,1,0,0,12.560000000000002,0.05655166666666667,760000,8588480
1807,146142,72,pair_003_n3_003_control,control,1,0,0,12.540000000000001,0.05643166666666666,760000,8593088
1808,146211,69,pair_002_n5_002_conflict,conflict,1,0,0,12.570000000000002,0.056316666666666654,760000,8597504
1809,146280,69,pair_005_n5_005_conflict,conflict,1,0,0,12.570000000000002,0.05620166666666665,760000,8601920
1810,146351,71,pair_016_n3_016_conflict,conflict,1,0,0,12.55,0.05608333333333332,760000,8606464
1811,146423,72,pair_008_n3_008_control,control,1,0,0,12.540000000000001,0.05596333333333331,760000,8611072
1812,146491,68,pair_011_n3_011_control,control,1,0,0,12.580000000000002,0.05584999999999998,760000,8615424
1813,146557,66,pair_015_n5_015_conflict,conflict,1,0,0,12.600000000000001,0.055739999999999984,760000,8619648
1814,146627,70,pair_010_n5_010_conflict,conflict,1,0,0,12.560000000000002,0.05562333333333333,760000,8624128
1815,146697,70,pair_016_n3_016_control,control,1,0,0,12.560000000000002,0.05550666666666665,760000,8628608
1816,146773,76,pair_016_n5_016_control,control,1,0,0,12.500000000000002,0.055379999999999985,760000,8633472
1817,146844,71,pair_004_n5_004_control,control,1,0,0,12.55,0.05526166666666665,760000,8638016
1818,146912,68,pair_014_n5_014_control,control,1,0,0,12.580000000000002,0.05514833333333333,760000,8642368
1819,146980,68,pair_000_n3_000_control,control,1,0,0,12.580000000000002,0.055035,760000,8646720
1820,147054,74,pair_006_n3_006_conflict,conflict,1,0,0,12.520000000000001,0.054911666666666664,760000,8651456
1821,147121,67,pair_011_n3_011_conflict,conflict,1,0,0,12.590000000000002,0.05479999999999999,760000,8655744
1822,147190,69,pair_017_n5_017_conflict,conflict,1,0,0,12.570000000000002,0.054684999999999984,760000,8660160
1823,147258,68,pair_009_n3_009_control,control,1,0,0,12.580000000000002,0.05457166666666666,760000,8664512
1824,147324,66,pair_011_n5_011_control,control,1,0,0,12.600000000000001,0.05446166666666666,760000,8668736
1825,147396,72,pair_006_n3_006_control,control,1,0,0,12.540000000000003,0.05434166666666665,760000,8673344
1826,147467,71,pair_001_n5_001_conflict,conflict,1,0,0,12.55,0.05422333333333332,760000,8677888
1827,147535,68,pair_007_n3_007_conflict,conflict,1,0,0,12.580000000000002,0.05410999999999999,760000,8682240
1828,147604,69,pair_007_n3_007_control,control,1,0,0,12.570000000000002,0.05399499999999999,760000,8686656
1829,147674,70,pair_007_n5_007_control,control,1,0,0,12.560000000000002,0.053878333333333334,760000,8691136
1830,147749,75,pair_015_n5_015_control,control,1,0,0,12.510000000000002,0.05375333333333332,760000,8695936
1831,147818,69,pair_008_n5_008_control,control,1,0,0,12.570000000000002,0.053638333333333316,760000,8700352
1832,147887,69,pair_010_n3_010_conflict,conflict,1,0,0,12.570000000000002,0.05352333333333331,760000,8704768
1833,147957,70,pair_006_n5_006_conflict,conflict,1,0,0,12.560000000000002,0.05340666666666666,760000,8709248
1834,148030,73,pair_013_n5_013_control,control,1,0,0,12.530000000000001,0.053285,760000,8713920
1835,148100,70,pair_017_n5_017_control,control,1,0,0,12.560000000000002,0.05316833333333332,760000,8718400
1836,148176,76,pair_012_n3_012_control,control,1,0,0,12.500000000000002,0.053041666666666654,760000,8723264
1837,148242,66,pair_016_n5_016_conflict,conflict,1,0,0,12.600000000000001,0.052931666666666655,760000,8727488
1838,148313,71,pair_013_n5_013_conflict,conflict,1,0,0,12.55,0.05281333333333332,760000,8732032
1839,148382,69,pair_003_n5_003_conflict,conflict,1,0,0,12.570000000000002,0.05269833333333332,760000,8736448
1840,148456,74,pair_017_n3_017_conflict,conflict,1,0,0,12.520000000000001,0.05257499999999998,760000,8741184
1841,148526,70,pair_000_n5_000_control,control,1,0,0,12.560000000000002,0.05245833333333333,760000,8745664
1842,148597,71,pair_011_n5_011_conflict,conflict,1,0,0,12.55,0.05234,760000,8750208
1843,148665,68,pair_002_n5_002_control,control,1,0,0,12.580000000000002,0.052226666666666643,760000,8754560
1844,148735,70,pair_010_n3_010_control,control,1,0,0,12.560000000000002,0.05210999999999999,760000,8759040
1845,148805,70,pair_012_n5_012_control,control,1,0,0,12.560000000000002,0.051993333333333336,760000,8763520
1846,148877,72,pair_015_n3_015_conflict,conflict,1,0,0,12.540000000000001,0.05187333333333333,760000,8768128
1847,148947,70,pair_001_n3_001_conflict,conflict,1,0,0,12.560000000000002,0.051756666666666645,760000,8772608
1848,148985,38,pair_012_n5_012_conflict,conflict,0,1,0,-0.7700000000000002,0.05169333333333331,760000,8775040
1849,149055,70,pair_009_n5_009_conflict,conflict,1,0,0,12.560000000000002,0.05157666666666666,760000,8779520
1850,149121,66,pair_000_n5_000_conflict,conflict,1,0,0,12.600000000000001,0.05146666666666666,760000,8783744
1851,149187,66,pair_005_n3_005_control,control,1,0,0,12.600000000000001,0.05135666666666666,760000,8787968
1852,149258,71,pair_004_n5_004_conflict,conflict,1,0,0,12.55,0.05123833333333333,760000,8792512
1853,149326,68,pair_000_n3_000_conflict,conflict,1,0,0,12.580000000000002,0.051124999999999976,760000,8796864
1854,149395,69,pair_013_n3_013_control,control,1,0,0,12.570000000000002,0.05101,760000,8801280
1855,149469,74,pair_002_n3_002_conflict,conflict,1,0,0,12.520000000000001,0.05088666666666666,760000,8806016
1856,149555,86,pair_009_n3_009_conflict,conflict,1,0,0,12.400000000000002,0.050743333333333335,760000,8811520
1857,149622,67,pair_008_n3_008_conflict,conflict,1,0,0,12.590000000000002,0.05063166666666666,760000,8815808
1858,149690,68,pair_012_n3_012_conflict,conflict,1,0,0,12.580000000000002,0.05051833333333333,760000,8820160
1859,149759,69,pair_007_n5_007_conflict,conflict,1,0,0,12.570000000000002,0.05040333333333333,760000,8824576
1860,149831,72,pair_009_n5_009_control,control,1,0,0,12.540000000000001,0.05028333333333332,760000,8829184
1861,149900,69,pair_010_n5_010_control,control,1,0,0,12.570000000000002,0.050168333333333315,760000,8833600
1862,149967,67,pair_014_n3_014_control,control,1,0,0,12.590000000000002,0.050056666666666666,760000,8837888
1863,150034,67,pair_004_n3_004_conflict,conflict,1,0,0,12.590000000000002,0.04999999999999999,760000,8842176
1864,150101,67,pair_006_n5_006_control,control,1,0,0,12.590000000000002,0.04999999999999999,760000,8846464
1865,150167,66,pair_003_n3_003_conflict,conflict,1,0,0,12.600000000000001,0.04999999999999999,760000,8850688
1866,150234,67,pair_005_n3_005_conflict,conflict,1,0,0,12.590000000000002,0.04999999999999999,760000,8854976
1867,150301,67,pair_003_n5_003_control,control,1,0,0,12.590000000000002,0.04999999999999999,760000,8859264
1868,150371,70,pair_008_n5_008_conflict,conflict,1,0,0,12.560000000000002,0.04999999999999999,760000,8863744
1869,150442,71,pair_015_n3_015_control,control,1,0,0,12.55,0.04999999999999999,760000,8868288
1870,150514,72,pair_017_n3_017_control,control,1,0,0,12.540000000000003,0.04999999999999999,760000,8872896
1871,150586,72,pair_002_n3_002_control,control,1,0,0,12.540000000000001,0.04999999999999999,760000,8877504
1872,150660,74,pair_012_n5_012_control,control,1,0,0,12.520000000000001,0.04999999999999999,760000,8882240
1873,150733,73,pair_014_n3_014_conflict,conflict,1,0,0,12.530000000000001,0.04999999999999999,760000,8886912
1874,150799,66,pair_009_n5_009_conflict,conflict,1,0,0,12.600000000000001,0.04999999999999999,760000,8891136
1875,150826,27,pair_001_n5_001_control,control,0,1,0,-0.20999999999999985,0.04999999999999999,760000,8892864
1876,150900,74,pair_001_n3_001_conflict,conflict,1,0,0,12.520000000000001,0.04999999999999999,760000,8897600
1877,150969,69,pair_009_n3_009_conflict,conflict,1,0,0,12.570000000000002,0.04999999999999999,760000,8902016
1878,151040,71,pair_017_n5_017_control,control,1,0,0,12.55,0.04999999999999999,760000,8906560
1879,151046,6,pair_009_n3_009_control,control,0,1,0,-0.8,0.04999999999999999,760000,8906944
1880,151114,68,pair_008_n5_008_control,control,1,0,0,12.580000000000002,0.04999999999999999,760000,8911296
1881,151182,68,pair_013_n5_013_control,control,1,0,0,12.580000000000002,0.04999999999999999,760000,8915648
1882,151248,66,pair_000_n5_000_conflict,conflict,1,0,0,12.600000000000001,0.04999999999999999,760000,8919872
1883,151320,72,pair_013_n3_013_control,control,1,0,0,12.540000000000001,0.04999999999999999,760000,8924480
1884,151392,72,pair_004_n5_004_conflict,conflict,1,0,0,12.540000000000001,0.04999999999999999,760000,8929088
1885,151462,70,pair_005_n5_005_control,control,1,0,0,12.560000000000002,0.04999999999999999,760000,8933568
1886,151534,72,pair_016_n3_016_conflict,conflict,1,0,0,12.540000000000001,0.04999999999999999,760000,8938176
1887,151609,75,pair_009_n5_009_control,control,1,0,0,12.510000000000002,0.04999999999999999,760000,8942976
1888,151677,68,pair_016_n5_016_conflict,conflict,1,0,0,12.580000000000002,0.04999999999999999,760000,8947328
1889,151743,66,pair_011_n5_011_control,control,1,0,0,12.600000000000001,0.04999999999999999,760000,8951552
1890,151809,66,pair_017_n3_017_control,control,1,0,0,12.600000000000001,0.04999999999999999,760000,8955776
1891,151889,80,pair_003_n5_003_control,control,1,0,0,12.46,0.04999999999999999,760000,8960896
1892,151960,71,pair_015_n3_015_conflict,conflict,1,0,0,12.55,0.04999999999999999,760000,8965440
1893,152043,83,pair_000_n3_000_conflict,conflict,0,1,0,1.3800000000000017,0.04999999999999999,760000,8970752
1894,152115,72,pair_017_n3_017_conflict,conflict,1,0,0,12.540000000000001,0.04999999999999999,760000,8975360
1895,152183,68,pair_002_n5_002_control,control,1,0,0,12.580000000000002,0.04999999999999999,760000,8979712
1896,152249,66,pair_008_n3_008_control,control,1,0,0,12.600000000000001,0.04999999999999999,760000,8983936
1897,152315,66,pair_001_n3_001_control,control,1,0,0,12.600000000000001,0.04999999999999999,760000,8988160
1898,152446,131,pair_007_n3_007_conflict,conflict,1,0,0,11.950000000000005,0.04999999999999999,760000,8996544
1899,152516,70,pair_014_n5_014_control,control,1,0,0,12.560000000000002,0.04999999999999999,760000,9001024
1900,152588,72,pair_016_n5_016_control,control,1,0,0,12.540000000000001,0.04999999999999999,760000,9005632
1901,152656,68,pair_003_n3_003_control,control,1,0,0,12.580000000000002,0.04999999999999999,760000,9009984
1902,152722,66,pair_012_n3_012_control,control,1,0,0,12.600000000000001,0.04999999999999999,760000,9014208
1903,152792,70,pair_002_n5_002_conflict,conflict,1,0,0,12.560000000000002,0.04999999999999999,760000,9018688
1904,152864,72,pair_000_n5_000_control,control,1,0,0,12.540000000000001,0.04999999999999999,760000,9023296
1905,152932,68,pair_006_n3_006_conflict,conflict,1,0,0,12.580000000000002,0.04999999999999999,760000,9027648
1906,153004,72,pair_003_n5_003_conflict,conflict,1,0,0,12.540000000000001,0.04999999999999999,760000,9032256
1907,153077,73,pair_015_n5_015_control,control,1,0,0,12.530000000000001,0.04999999999999999,760000,9036928
1908,153152,75,pair_011_n3_011_control,control,1,0,0,12.510000000000002,0.04999999999999999,760000,9041728
1909,153220,68,pair_010_n3_010_control,control,1,0,0,12.580000000000002,0.04999999999999999,760000,9046080
1910,153293,73,pair_003_n3_003_conflict,conflict,1,0,0,12.530000000000001,0.04999999999999999,760000,9050752
1911,153362,69,pair_002_n3_002_control,control,1,0,0,12.570000000000002,0.04999999999999999,760000,9055168
1912,153434,72,pair_010_n3_010_conflict,conflict,1,0,0,12.540000000000001,0.04999999999999999,760000,9059776
1913,153500,66,pair_014_n5_014_conflict,conflict,1,0,0,12.600000000000001,0.04999999999999999,760000,9064000
1914,153571,71,pair_005_n3_005_conflict,conflict,1,0,0,12.55,0.04999999999999999,760000,9068544
1915,153641,70,pair_015_n5_015_conflict,conflict,1,0,0,12.560000000000002,0.04999999999999999,760000,9073024
1916,153717,76,pair_005_n5_005_conflict,conflict,1,0,0,12.500000000000002,0.04999999999999999,760000,9077888
1917,153785,68,pair_004_n5_004_control,control,1,0,0,12.580000000000002,0.04999999999999999,760000,9082240
1918,153852,67,pair_007_n3_007_control,control,1,0,0,12.590000000000002,0.04999999999999999,760000,9086528
1919,153921,69,pair_002_n3_002_conflict,conflict,1,0,0,12.570000000000002,0.04999999999999999,760000,9090944
1920,153945,24,pair_001_n5_001_conflict,conflict,0,1,0,-0.07999999999999974,0.04999999999999999,760000,9092480
1921,154022,77,pair_011_n3_011_conflict,conflict,1,0,0,12.490000000000002,0.04999999999999999,760000,9097408
1922,154089,67,pair_012_n3_012_conflict,conflict,1,0,0,12.590000000000002,0.04999999999999999,760000,9101696
1923,154159,70,pair_012_n5_012_conflict,conflict,1,0,0,12.560000000000002,0.04999999999999999,760000,9106176
1924,154231,72,pair_000_n3_000_control,control,1,0,0,12.540000000000001,0.04999999999999999,760000,9110784
1925,154304,73,pair_006_n5_006_conflict,conflict,1,0,0,12.530000000000001,0.04999999999999999,760000,9115456
1926,154374,70,pair_004_n3_004_conflict,conflict,1,0,0,12.560000000000002,0.04999999999999999,760000,9119936
1927,154440,66,pair_006_n3_006_control,control,1,0,0,12.600000000000001,0.04999999999999999,760000,9124160
1928,154507,67,pair_007_n5_007_conflict,conflict,1,0,0,12.590000000000002,0.04999999999999999,760000,9128448
1929,154577,70,pair_010_n5_010_conflict,conflict,1,0,0,12.560000000000002,0.04999999999999999,760000,9132928
1930,154647,70,pair_004_n3_004_control,control,1,0,0,12.560000000000002,0.04999999999999999,760000,9137408
1931,154719,72,pair_008_n3_008_conflict,conflict,1,0,0,12.540000000000001,0.04999999999999999,760000,9142016
1932,154788,69,pair_017_n5_017_conflict,conflict,1,0,0,12.570000000000002,0.04999999999999999,760000,9146432
1933,154857,69,pair_013_n5_013_conflict,conflict,1,0,0,12.570000000000002,0.04999999999999999,760000,9150848
1934,154930,73,pair_010_n5_010_control,control,1,0,0,12.530000000000001,0.04999999999999999,760000,9155520
1935,155000,70,pair_005_n3_005_control,control,1,0,0,12.560000000000002,0.04999999999999999,760000,9160000
1936,155091,91,pair_016_n3_016_control,control,1,0,0,12.350000000000001,0.04999999999999999,760000,9165824
1937,155165,74,pair_014_n3_014_control,control,1,0,0,12.520000000000001,0.04999999999999999,760000,9170560
1938,155231,66,pair_007_n5_007_control,control,1,0,0,12.600000000000001,0.04999999999999999,760000,9174784
1939,155297,66,pair_011_n5_011_conflict,conflict,1,0,0,12.600000000000001,0.04999999999999999,760000,9179008
1940,155370,73,pair_006_n5_006_control,control,1,0,0,12.530000000000001,0.04999999999999999,760000,9183680
1941,155439,69,pair_015_n3_015_control,control,1,0,0,12.570000000000002,0.04999999999999999,760000,9188096
1942,155509,70,pair_008_n5_008_conflict,conflict,1,0,0,12.560000000000002,0.04999999999999999,760000,9192576
1943,155578,69,pair_013_n3_013_conflict,conflict,1,0,0,12.570000000000002,0.04999999999999999,760000,9196992
1944,155644,66,pair_012_n3_012_conflict,conflict,1,0,0,12.600000000000001,0.04999999999999999,760000,9201216
1945,155715,71,pair_000_n3_000_conflict,conflict,1,0,0,12.55,0.04999999999999999,760000,9205760
1946,155783,68,pair_007_n5_007_control,control,1,0,0,12.580000000000002,0.04999999999999999,760000,9210112
1947,155851,68,pair_006_n3_006_control,control,1,0,0,12.580000000000002,0.04999999999999999,760000,9214464
1948,155917,66,pair_007_n3_007_conflict,conflict,1,0,0,12.600000000000001,0.04999999999999999,760000,9218688
1949,155984,67,pair_008_n5_008_conflict,conflict,1,0,0,12.590000000000002,0.04999999999999999,760000,9222976
1950,156053,69,pair_011_n3_011_control,control,1,0,0,12.570000000000002,0.04999999999999999,760000,9227392
1951,156121,68,pair_002_n5_002_control,control,1,0,0,12.580000000000002,0.04999999999999999,760000,9231744
1952,156189,68,pair_013_n3_013_conflict,conflict,1,0,0,12.580000000000002,0.04999999999999999,760000,9236096
1953,156255,66,pair_003_n5_003_conflict,conflict,0,1,0,1.6000000000000014,0.04999999999999999,760000,9240320
1954,156326,71,pair_017_n5_017_conflict,conflict,1,0,0,12.55,0.04999999999999999,760000,9244864
1955,156398,72,pair_009_n3_009_control,control,1,0,0,12.540000000000001,0.04999999999999999,760000,9249472
1956,156470,72,pair_006_n3_006_conflict,conflict,1,0,0,12.540000000000001,0.04999999999999999,760000,9254080
1957,156544,74,pair_015_n3_015_control,control,1,0,0,12.520000000000001,0.04999999999999999,760000,9258816
1958,156616,72,pair_015_n3_015_conflict,conflict,1,0,0,12.540000000000001,0.04999999999999999,760000,9263424
1959,156688,72,pair_003_n3_003_conflict,conflict,1,0,0,12.540000000000001,0.04999999999999999,760000,9268032
1960,156759,71,pair_008_n3_008_control,control,1,0,0,12.55,0.04999999999999999,760000,9272576
1961,156830,71,pair_011_n5_011_control,control,1,0,0,12.55,0.04999999999999999,760000,9277120
1962,156899,69,pair_015_n5_015_conflict,conflict,1,0,0,12.570000000000002,0.04999999999999999,760000,9281536
1963,156968,69,pair_000_n5_000_conflict,conflict,1,0,0,12.570000000000002,0.04999999999999999,760000,9285952
1964,157037,69,pair_005_n3_005_conflict,conflict,1,0,0,12.570000000000002,0.04999999999999999,760000,9290368
1965,157107,70,pair_011_n5_011_conflict,conflict,1,0,0,12.560000000000002,0.04999999999999999,760000,9294848
1966,157173,66,pair_001_n3_001_control,control,1,0,0,12.600000000000001,0.04999999999999999,760000,9299072
1967,157239,66,pair_006_n5_006_conflict,conflict,1,0,0,12.600000000000001,0.04999999999999999,760000,9303296
1968,157313,74,pair_016_n5_016_control,control,1,0,0,12.520000000000001,0.04999999999999999,760000,9308032
1969,157379,66,pair_016_n3_016_conflict,conflict,1,0,0,12.600000000000001,0.04999999999999999,760000,9312256
1970,157448,69,pair_010_n3_010_control,control,1,0,0,12.570000000000002,0.04999999999999999,760000,9316672
1971,157514,66,pair_017_n3_017_conflict,conflict,1,0,0,12.600000000000001,0.04999999999999999,760000,9320896
1972,157585,71,pair_017_n5_017_control,control,1,0,0,12.55,0.04999999999999999,760000,9325440
1973,157657,72,pair_009_n3_009_conflict,conflict,1,0,0,12.540000000000001,0.04999999999999999,760000,9330048
1974,157727,70,pair_012_n3_012_control,control,1,0,0,12.560000000000002,0.04999999999999999,760000,9334528
1975,157799,72,pair_005_n5_005_control,control,1,0,0,12.540000000000001,0.04999999999999999,760000,9339136
1976,157867,68,pair_002_n5_002_conflict,conflict,1,0,0,12.580000000000002,0.04999999999999999,760000,9343488
1977,157935,68,pair_000_n5_000_control,control,1,0,0,12.580000000000002,0.04999999999999999,760000,9347840
1978,158001,66,pair_000_n3_000_control,control,1,0,0,12.600000000000001,0.04999999999999999,760000,9352064
1979,158073,72,pair_001_n5_001_conflict,conflict,1,0,0,12.540000000000001,0.04999999999999999,760000,9356672
1980,158298,225,pair_003_n5_003_control,control,1,0,0,11.01,0.04999999999999999,760000,9371072
1981,158370,72,pair_014_n5_014_conflict,conflict,1,0,0,12.540000000000001,0.04999999999999999,760000,9375680
1982,158439,69,pair_016_n5_016_conflict,conflict,1,0,0,12.570000000000002,0.04999999999999999,760000,9380096
1983,158507,68,pair_010_n5_010_conflict,conflict,1,0,0,12.580000000000002,0.04999999999999999,760000,9384448
1984,158593,86,pair_004_n3_004_control,control,1,0,0,12.400000000000002,0.04999999999999999,760000,9389952
1985,158670,77,pair_008_n5_008_control,control,1,0,0,12.490000000000002,0.04999999999999999,760000,9394880
1986,158742,72,pair_013_n5_013_control,control,1,0,0,12.540000000000003,0.04999999999999999,760000,9399488
1987,158812,70,pair_012_n5_012_conflict,conflict,1,0,0,12.560000000000002,0.04999999999999999,760000,9403968
1988,158884,72,pair_004_n3_004_conflict,conflict,1,0,0,12.540000000000001,0.04999999999999999,760000,9408576
1989,158891,7,pair_014_n3_014_conflict,conflict,0,1,0,-0.76,0.04999999999999999,760000,9409024
1990,158964,73,pair_003_n3_003_control,control,1,0,0,12.530000000000001,0.04999999999999999,760000,9413696
1991,159030,66,pair_004_n5_004_conflict,conflict,0,1,0,1.6000000000000014,0.04999999999999999,760000,9417920
1992,159099,69,pair_005_n3_005_control,control,1,0,0,12.570000000000002,0.04999999999999999,760000,9422336
1993,159169,70,pair_011_n3_011_conflict,conflict,1,0,0,12.560000000000002,0.04999999999999999,760000,9426816
1994,159239,70,pair_008_n3_008_conflict,conflict,1,0,0,12.560000000000002,0.04999999999999999,760000,9431296
1995,159313,74,pair_002_n3_002_conflict,conflict,1,0,0,12.520000000000001,0.04999999999999999,760000,9436032
1996,159383,70,pair_014_n3_014_control,control,1,0,0,12.560000000000002,0.04999999999999999,760000,9440512
1997,159459,76,pair_007_n3_007_control,control,1,0,0,12.500000000000002,0.04999999999999999,760000,9445376
1998,159529,70,pair_015_n5_015_control,control,1,0,0,12.560000000000002,0.04999999999999999,760000,9449856
1999,159598,69,pair_001_n5_001_control,control,1,0,0,12.570000000000002,0.04999999999999999,760000,9454272
2000,159668,70,pair_006_n5_006_control,control,1,0,0,12.560000000000002,0.04999999999999999,760000,9458752
2001,159736,68,pair_012_n5_012_control,control,1,0,0,12.580000000000002,0.04999999999999999,760000,9463104
2002,159804,68,pair_009_n5_009_conflict,conflict,1,0,0,12.580000000000002,0.04999999999999999,760000,9467456
2003,159874,70,pair_009_n5_009_control,control,1,0,0,12.560000000000002,0.04999999999999999,760000,9471936
2004,159944,70,pair_016_n3_016_control,control,1,0,0,12.560000000000002,0.04999999999999999,760000,9476416
2005,160017,73,pair_005_n5_005_conflict,conflict,1,0,0,12.530000000000001,0.04999999999999999,760000,9481088
2006,160087,70,pair_002_n3_002_control,control,1,0,0,12.560000000000002,0.04999999999999999,760000,9485568
2007,160158,71,pair_017_n3_017_control,control,1,0,0,12.55,0.04999999999999999,760000,9490112
2008,160181,23,pair_010_n5_010_control,control,0,1,0,-0.16999999999999982,0.04999999999999999,760000,9491584
2009,160250,69,pair_013_n3_013_control,control,1,0,0,12.570000000000002,0.04999999999999999,760000,9496000
2010,160317,67,pair_013_n5_013_conflict,conflict,1,0,0,12.590000000000002,0.04999999999999999,760000,9500288
2011,160385,68,pair_007_n5_007_conflict,conflict,1,0,0,12.580000000000002,0.04999999999999999,760000,9504640
2012,160456,71,pair_004_n5_004_control,control,1,0,0,12.55,0.04999999999999999,760000,9509184
2013,160527,71,pair_010_n3_010_conflict,conflict,1,0,0,12.55,0.04999999999999999,760000,9513728
2014,160593,66,pair_014_n5_014_control,control,1,0,0,12.600000000000001,0.04999999999999999,760000,9517952
2015,160662,69,pair_001_n3_001_conflict,conflict,1,0,0,12.570000000000002,0.04999999999999999,760000,9522368
2016,160732,70,pair_001_n3_001_conflict,conflict,1,0,0,12.560000000000002,0.04999999999999999,760000,9526848
2017,160802,70,pair_005_n3_005_conflict,conflict,1,0,0,12.560000000000002,0.04999999999999999,760000,9531328
2018,160878,76,pair_004_n5_004_conflict,conflict,1,0,0,12.500000000000002,0.04999999999999999,760000,9536192
2019,160947,69,pair_017_n5_017_conflict,conflict,1,0,0,12.570000000000002,0.04999999999999999,760000,9540608
2020,161014,67,pair_001_n5_001_conflict,conflict,1,0,0,12.590000000000002,0.04999999999999999,760000,9544896
2021,161082,68,pair_002_n5_002_conflict,conflict,1,0,0,12.580000000000002,0.04999999999999999,760000,9549248
2022,161151,69,pair_013_n3_013_conflict,conflict,1,0,0,12.570000000000002,0.04999999999999999,760000,9553664
2023,161228,77,pair_014_n5_014_conflict,conflict,1,0,0,12.490000000000002,0.04999999999999999,760000,9558592
2024,161302,74,pair_016_n5_016_control,control,1,0,0,12.520000000000001,0.04999999999999999,760000,9563328
2025,161376,74,pair_017_n3_017_control,control,1,0,0,12.520000000000001,0.04999999999999999,760000,9568064
2026,161455,79,pair_003_n5_003_control,control,1,0,0,12.470000000000002,0.04999999999999999,760000,9573120
2027,161523,68,pair_006_n5_006_control,control,1,0,0,12.580000000000002,0.04999999999999999,760000,9577472
2028,161589,66,pair_013_n5_013_control,control,1,0,0,12.600000000000001,0.04999999999999999,760000,9581696
2029,161657,68,pair_017_n3_017_conflict,conflict,1,0,0,12.580000000000002,0.04999999999999999,760000,9586048
2030,161729,72,pair_007_n3_007_control,control,1,0,0,12.540000000000001,0.04999999999999999,760000,9590656
2031,161799,70,pair_002_n5_002_control,control,1,0,0,12.560000000000002,0.04999999999999999,760000,9595136
2032,161871,72,pair_000_n3_000_conflict,conflict,1,0,0,12.540000000000001,0.04999999999999999,760000,9599744
2033,161943,72,pair_011_n3_011_control,control,1,0,0,12.540000000000001,0.04999999999999999,760000,9604352
2034,162015,72,pair_005_n5_005_control,control,1,0,0,12.540000000000001,0.04999999999999999,760000,9608960
2035,162085,70,pair_004_n5_004_control,control,1,0,0,12.560000000000002,0.04999999999999999,760000,9613440
2036,162157,72,pair_009_n3_009_control,control,1,0,0,12.540000000000001,0.04999999999999999,760000,9618048
2037,162225,68,pair_001_n3_001_control,control,1,0,0,12.580000000000002,0.04999999999999999,760000,9622400
2038,162301,76,pair_010_n3_010_control,control,1,0,0,12.500000000000002,0.04999999999999999,760000,9627264
2039,162374,73,pair_012_n5_012_conflict,conflict,1,0,0,12.530000000000001,0.04999999999999999,760000,9631936
2040,162450,76,pair_007_n3_007_conflict,conflict,1,0,0,12.500000000000002,0.04999999999999999,760000,9636800
2041,162517,67,pair_010_n5_010_conflict,conflict,1,0,0,12.590000000000002,0.04999999999999999,760000,9641088
2042,162583,66,pair_011_n5_011_control,control,1,0,0,12.600000000000001,0.04999999999999999,760000,9645312
2043,162654,71,pair_002_n3_002_conflict,conflict,1,0,0,12.55,0.04999999999999999,760000,9649856
2044,162724,70,pair_000_n5_000_control,control,1,0,0,12.560000000000002,0.04999999999999999,760000,9654336
2045,162791,67,pair_016_n5_016_conflict,conflict,1,0,0,12.590000000000002,0.04999999999999999,760000,9658624
2046,162857,66,pair_007_n5_007_control,control,1,0,0,12.600000000000001,0.04999999999999999,760000,9662848
2047,162928,71,pair_009_n5_009_conflict,conflict,1,0,0,12.55,0.04999999999999999,760000,9667392
2048,162995,67,pair_008_n5_008_control,control,1,0,0,12.590000000000002,0.04999999999999999,760000,9671680
2049,163063,68,pair_012_n3_012_control,control,1,0,0,12.580000000000002,0.04999999999999999,760000,9676032
2050,163136,73,pair_005_n5_005_conflict,conflict,1,0,0,12.530000000000001,0.04999999999999999,760000,9680704
2051,163213,77,pair_003_n3_003_control,control,1,0,0,12.490000000000002,0.04999999999999999,760000,9685632
2052,163281,68,pair_016_n3_016_conflict,conflict,1,0,0,12.580000000000002,0.04999999999999999,760000,9689984
2053,163347,66,pair_016_n3_016_control,control,1,0,0,12.600000000000001,0.04999999999999999,760000,9694208
2054,163416,69,pair_009_n3_009_conflict,conflict,1,0,0,12.570000000000002,0.04999999999999999,760000,9698624
2055,163486,70,pair_008_n3_008_control,control,1,0,0,12.560000000000002,0.04999999999999999,760000,9703104
2056,163557,71,pair_007_n5_007_conflict,conflict,1,0,0,12.55,0.04999999999999999,760000,9707648
2057,163627,70,pair_011_n5_011_conflict,conflict,1,0,0,12.560000000000002,0.04999999999999999,760000,9712128
2058,163695,68,pair_000_n3_000_control,control,1,0,0,12.580000000000002,0.04999999999999999,760000,9716480
2059,163765,70,pair_012_n5_012_control,control,1,0,0,12.560000000000002,0.04999999999999999,760000,9720960
2060,163838,73,pair_014_n3_014_control,control,1,0,0,12.530000000000001,0.04999999999999999,760000,9725632
2061,163843,5,pair_006_n3_006_control,control,0,1,0,-0.84,0.04999999999999999,760000,9725952
2062,163914,71,pair_011_n3_011_conflict,conflict,1,0,0,12.55,0.04999999999999999,760000,9730496
2063,163982,68,pair_012_n3_012_conflict,conflict,1,0,0,12.580000000000002,0.04999999999999999,760000,9734848
2064,164052,70,pair_015_n5_015_conflict,conflict,1,0,0,12.560000000000002,0.04999999999999999,760000,9739328
2065,164121,69,pair_005_n3_005_control,control,1,0,0,12.570000000000002,0.04999999999999999,760000,9743744
2066,164192,71,pair_008_n3_008_conflict,conflict,1,0,0,12.55,0.04999999999999999,760000,9748288
2067,164291,99,pair_010_n3_010_conflict,conflict,1,0,0,12.270000000000001,0.04999999999999999,760000,9754624
2068,164407,116,pair_010_n5_010_control,control,1,0,0,12.100000000000001,0.04999999999999999,760000,9762048
2069,164487,80,pair_002_n3_002_control,control,1,0,0,12.46,0.04999999999999999,760000,9767168
2070,164558,71,pair_006_n5_006_conflict,conflict,1,0,0,12.55,0.04999999999999999,760000,9771712
2071,164626,68,pair_014_n3_014_conflict,conflict,1,0,0,12.580000000000002,0.04999999999999999,760000,9776064
2072,164698,72,pair_015_n5_015_control,control,1,0,0,12.540000000000001,0.04999999999999999,760000,9780672
2073,164768,70,pair_004_n3_004_conflict,conflict,1,0,0,12.560000000000002,0.04999999999999999,760000,9785152
2074,164836,68,pair_003_n3_003_conflict,conflict,1,0,0,12.580000000000002,0.04999999999999999,760000,9789504
2075,164908,72,pair_004_n3_004_control,control,1,0,0,12.540000000000001,0.04999999999999999,760000,9794112
2076,164987,79,pair_017_n5_017_control,control,1,0,0,12.470000000000002,0.04999999999999999,760000,9799168
2077,165054,67,pair_015_n3_015_control,control,1,0,0,12.590000000000002,0.04999999999999999,760000,9803456
2078,165127,73,pair_015_n3_015_conflict,conflict,1,0,0,12.530000000000001,0.04999999999999999,760000,9808128
2079,165204,77,pair_009_n5_009_control,control,1,0,0,12.490000000000002,0.04999999999999999,760000,9813056
2080,165271,67,pair_000_n5_000_conflict,conflict,1,0,0,12.590000000000002,0.04999999999999999,760000,9817344
2081,165343,72,pair_014_n5_014_control,control,1,0,0,12.540000000000001,0.04999999999999999,760000,9821952
2082,165417,74,pair_001_n5_001_control,control,1,0,0,12.520000000000001,0.04999999999999999,760000,9826688
2083,165483,66,pair_013_n5_013_conflict,conflict,1,0,0,12.600000000000001,0.04999999999999999,760000,9830912
2084,165551,68,pair_013_n3_013_control,control,1,0,0,12.580000000000002,0.04999999999999999,760000,9835264
2085,165623,72,pair_008_n5_008_conflict,conflict,1,0,0,12.540000000000003,0.04999999999999999,760000,9839872
2086,165694,71,pair_003_n5_003_conflict,conflict,1,0,0,12.55,0.04999999999999999,760000,9844416
2087,165761,67,pair_006_n3_006_conflict,conflict,1,0,0,12.590000000000002,0.04999999999999999,760000,9848704
2088,165834,73,pair_013_n3_013_conflict,conflict,1,0,0,12.530000000000001,0.04999999999999999,760000,9853376
2089,165907,73,pair_011_n3_011_conflict,conflict,1,0,0,12.530000000000001,0.04999999999999999,760000,9858048
2090,165975,68,pair_003_n5_003_conflict,conflict,1,0,0,12.580000000000002,0.04999999999999999,760000,9862400
2091,166043,68,pair_014_n5_014_control,control,1,0,0,12.580000000000002,0.04999999999999999,760000,9866752
2092,166112,69,pair_009_n3_009_control,control,1,0,0,12.570000000000002,0.04999999999999999,760000,9871168
2093,166179,67,pair_009_n3_009_conflict,conflict,1,0,0,12.590000000000002,0.04999999999999999,760000,9875456
2094,166247,68,pair_001_n3_001_conflict,conflict,1,0,0,12.580000000000002,0.04999999999999999,760000,9879808
2095,166276,29,pair_011_n5_011_conflict,conflict,0,1,0,0.07000000000000028,0.04999999999999999,760000,9881664
2096,166344,68,pair_011_n5_011_control,control,1,0,0,12.580000000000002,0.04999999999999999,760000,9886016
2097,166414,70,pair_005_n5_005_control,control,1,0,0,12.560000000000002,0.04999999999999999,760000,9890496
2098,166487,73,pair_016_n3_016_control,control,1,0,0,12.530000000000001,0.04999999999999999,760000,9895168
2099,166557,70,pair_012_n3_012_conflict,conflict,1,0,0,12.560000000000002,0.04999999999999999,760000,9899648
2100,166627,70,pair_007_n5_007_conflict,conflict,1,0,0,12.560000000000002,0.04999999999999999,760000,9904128
2101,166695,68,pair_003_n3_003_conflict,conflict,1,0,0,12.580000000000002,0.04999999999999999,760000,9908480
2102,166762,67,pair_015_n5_015_control,control,1,0,0,12.590000000000002,0.04999999999999999,760000,9912768
2103,166833,71,pair_013_n3_013_control,control,1,0,0,12.55,0.04999999999999999,760000,9917312
2104,166899,66,pair_003_n5_003_control,control,1,0,0,12.600000000000001,0.04999999999999999,760000,9921536
2105,166967,68,pair_002_n3_002_conflict,conflict,1,0,0,12.580000000000002,0.04999999999999999,760000,9925888
2106,167035,68,pair_005_n5_005_conflict,conflict,1,0,0,12.580000000000002,0.04999999999999999,760000,9930240
2107,167103,68,pair_010_n3_010_control,control,1,0,0,12.580000000000002,0.04999999999999999,760000,9934592
2108,167169,66,pair_008_n5_008_control,control,1,0,0,12.600000000000001,0.04999999999999999,760000,9938816
2109,167240,71,pair_015_n5_015_conflict,conflict,1,0,0,12.55,0.04999999999999999,760000,9943360
2110,167311,71,pair_009_n5_009_control,control,1,0,0,12.55,0.04999999999999999,760000,9947904
2111,167381,70,pair_003_n3_003_control,control,1,0,0,12.560000000000002,0.04999999999999999,760000,9952384
2112,167448,67,pair_005_n3_005_conflict,conflict,1,0,0,12.590000000000002,0.04999999999999999,760000,9956672
2113,167520,72,pair_006_n5_006_control,control,1,0,0,12.540000000000001,0.04999999999999999,760000,9961280
2114,167592,72,pair_017_n5_017_conflict,conflict,1,0,0,12.540000000000001,0.04999999999999999,760000,9965888
2115,167664,72,pair_009_n5_009_conflict,conflict,1,0,0,12.540000000000001,0.04999999999999999,760000,9970496
2116,167736,72,pair_007_n3_007_conflict,conflict,1,0,0,12.540000000000001,0.04999999999999999,760000,9975104
2117,167802,66,pair_010_n5_010_control,control,1,0,0,12.600000000000001,0.04999999999999999,760000,9979328
2118,167874,72,pair_001_n5_001_conflict,conflict,1,0,0,12.540000000000001,0.04999999999999999,760000,9983936
2119,167943,69,pair_016_n5_016_conflict,conflict,1,0,0,12.570000000000002,0.04999999999999999,760000,9988352
2120,168011,68,pair_014_n5_014_conflict,conflict,1,0,0,12.580000000000002,0.04999999999999999,760000,9992704
2121,168087,76,pair_017_n3_017_control,control,1,0,0,12.500000000000002,0.04999999999999999,760000,9997568
2122,168103,16,pair_012_n5_012_conflict,conflict,0,1,0,-0.5000000000000001,0.04999999999999999,760000,9998592
2123,168172,69,pair_000_n5_000_control,control,1,0,0,12.570000000000002,0.04999999999999999,760000,10003008
2124,168242,70,pair_016_n3_016_conflict,conflict,1,0,0,12.560000000000002,0.04999999999999999,760000,10007488
2125,168309,67,pair_012_n3_012_control,control,1,0,0,12.590000000000002,0.04999999999999999,760000,10011776
2126,168381,72,pair_001_n5_001_control,control,1,0,0,12.540000000000001,0.04999999999999999,760000,10016384
2127,168453,72,pair_006_n3_006_conflict,conflict,1,0,0,12.540000000000001,0.04999999999999999,760000,10020992
2128,168529,76,pair_008_n5_008_conflict,conflict,1,0,0,12.500000000000002,0.04999999999999999,760000,10025856
2129,168598,69,pair_000_n3_000_conflict,conflict,1,0,0,12.570000000000002,0.04999999999999999,760000,10030272
2130,168666,68,pair_010_n3_010_conflict,conflict,1,0,0,12.580000000000002,0.04999999999999999,760000,10034624
2131,168736,70,pair_002_n5_002_conflict,conflict,1,0,0,12.560000000000002,0.04999999999999999,760000,10039104
2132,168807,71,pair_000_n5_000_conflict,conflict,1,0,0,12.55,0.04999999999999999,760000,10043648
2133,168879,72,pair_008_n3_008_conflict,conflict,1,0,0,12.540000000000003,0.04999999999999999,760000,10048256
2134,168951,72,pair_016_n5_016_control,control,1,0,0,12.540000000000001,0.04999999999999999,760000,10052864
2135,169027,76,pair_007_n5_007_control,control,1,0,0,12.500000000000002,0.04999999999999999,760000,10057728
2136,169098,71,pair_017_n5_017_control,control,1,0,0,12.55,0.04999999999999999,760000,10062272
2137,169175,77,pair_010_n5_010_conflict,conflict,1,0,0,12.490000000000002,0.04999999999999999,760000,10067200
2138,169244,69,pair_013_n5_013_conflict,conflict,1,0,0,12.570000000000002,0.04999999999999999,760000,10071616
2139,169314,70,pair_007_n3_007_control,control,1,0,0,12.560000000000002,0.04999999999999999,760000,10076096
2140,169389,75,pair_005_n3_005_control,control,1,0,0,12.510000000000002,0.04999999999999999,760000,10080896
2141,169463,74,pair_014_n3_014_control,control,1,0,0,12.520000000000001,0.04999999999999999,760000,10085632
2142,169534,71,pair_006_n5_006_conflict,conflict,1,0,0,12.55,0.04999999999999999,760000,10090176
2143,169601,67,pair_004_n3_004_control,control,1,0,0,12.590000000000002,0.04999999999999999,760000,10094464
2144,169676,75,pair_013_n5_013_control,control,1,0,0,12.510000000000002,0.04999999999999999,760000,10099264
2145,169744,68,pair_011_n3_011_control,control,1,0,0,12.580000000000002,0.04999999999999999,760000,10103616
2146,169818,74,pair_015_n3_015_conflict,conflict,1,0,0,12.520000000000001,0.04999999999999999,760000,10108352
2147,169887,69,pair_017_n3_017_conflict,conflict,1,0,0,12.570000000000002,0.04999999999999999,760000,10112768
2148,169961,74,pair_004_n5_004_control,control,1,0,0,12.520000000000001,0.04999999999999999,760000,10117504
2149,169965,4,pair_002_n5_002_control,control,0,1,0,-0.88,0.04999999999999999,760000,10117760
2150,170037,72,pair_004_n3_004_conflict,conflict,1,0,0,12.540000000000003,0.04999999999999999,760000,10122368
2151,170108,71,pair_006_n3_006_control,control,1,0,0,12.55,0.04999999999999999,760000,10126912
2152,170188,80,pair_004_n5_004_conflict,conflict,1,0,0,12.460000000000003,0.04999999999999999,760000,10132032
2153,170256,68,pair_002_n3_002_control,control,1,0,0,12.580000000000002,0.04999999999999999,760000,10136384
2154,170325,69,pair_008_n3_008_control,control,1,0,0,12.570000000000002,0.04999999999999999,760000,10140800
2155,170399,74,pair_015_n3_015_control,control,1,0,0,12.520000000000001,0.04999999999999999,760000,10145536
2156,170470,71,pair_014_n3_014_conflict,conflict,1,0,0,12.55,0.04999999999999999,760000,10150080
2157,170538,68,pair_012_n5_012_control,control,1,0,0,12.580000000000002,0.04999999999999999,760000,10154432
2158,170610,72,pair_001_n3_001_control,control,1,0,0,12.540000000000001,0.04999999999999999,760000,10159040
2159,170679,69,pair_000_n3_000_control,control,1,0,0,12.570000000000002,0.04999999999999999,760000,10163456
2160,170750,71,pair_001_n5_001_conflict,conflict,1,0,0,12.55,0.04999999999999999,760000,10168000
2161,170822,72,pair_016_n3_016_control,control,1,0,0,12.540000000000001,0.04999999999999999,760000,10172608
2162,170897,75,pair_009_n5_009_control,control,1,0,0,12.510000000000002,0.04999999999999999,760000,10177408
2163,170964,67,pair_007_n3_007_conflict,conflict,1,0,0,12.590000000000002,0.04999999999999999,760000,10181696
2164,171032,68,pair_011_n3_011_control,control,1,0,0,12.580000000000002,0.04999999999999999,760000,10186048
2165,171087,55,pair_017_n3_017_conflict,conflict,0,1,0,1.160000000000001,0.04999999999999999,760000,10189568
2166,171160,73,pair_006_n5_006_control,control,1,0,0,12.530000000000001,0.04999999999999999,760000,10194240
2167,171262,102,pair_008_n5_008_control,control,1,0,0,12.240000000000002,0.04999999999999999,760000,10200768
2168,171328,66,pair_000_n5_000_conflict,conflict,1,0,0,12.600000000000001,0.04999999999999999,760000,10204992
2169,171396,68,pair_000_n3_000_control,control,1,0,0,12.580000000000002,0.04999999999999999,760000,10209344
2170,171470,74,pair_002_n5_002_control,control,1,0,0,12.520000000000001,0.04999999999999999,760000,10214080
2171,171540,70,pair_017_n3_017_control,control,1,0,0,12.560000000000002,0.04999999999999999,760000,10218560
2172,171608,68,pair_010_n3_010_control,control,1,0,0,12.580000000000002,0.04999999999999999,760000,10222912
2173,171676,68,pair_012_n3_012_conflict,conflict,1,0,0,12.580000000000002,0.04999999999999999,760000,10227264
2174,171747,71,pair_007_n3_007_control,control,1,0,0,12.55,0.04999999999999999,760000,10231808
2175,171818,71,pair_001_n3_001_control,control,1,0,0,12.55,0.04999999999999999,760000,10236352
2176,171889,71,pair_001_n3_001_conflict,conflict,1,0,0,12.55,0.04999999999999999,760000,10240896
2177,171969,80,pair_010_n3_010_conflict,conflict,1,0,0,12.46,0.04999999999999999,760000,10246016
2178,172037,68,pair_003_n5_003_conflict,conflict,1,0,0,12.580000000000002,0.04999999999999999,760000,10250368
2179,172105,68,pair_014_n3_014_control,control,1,0,0,12.580000000000002,0.04999999999999999,760000,10254720
2180,172178,73,pair_013_n5_013_conflict,conflict,1,0,0,12.530000000000001,0.04999999999999999,760000,10259392
2181,172251,73,pair_005_n3_005_conflict,conflict,1,0,0,12.530000000000001,0.04999999999999999,760000,10264064
2182,172319,68,pair_007_n5_007_conflict,conflict,1,0,0,12.580000000000002,0.04999999999999999,760000,10268416
2183,172391,72,pair_006_n5_006_conflict,conflict,1,0,0,12.540000000000001,0.04999999999999999,760000,10273024
2184,172461,70,pair_008_n3_008_conflict,conflict,1,0,0,12.560000000000002,0.04999999999999999,760000,10277504
2185,172531,70,pair_000_n3_000_conflict,conflict,1,0,0,12.560000000000002,0.04999999999999999,760000,10281984
2186,172600,69,pair_013_n3_013_conflict,conflict,1,0,0,12.570000000000002,0.04999999999999999,760000,10286400
2187,172671,71,pair_011_n3_011_conflict,conflict,1,0,0,12.55,0.04999999999999999,760000,10290944
2188,172742,71,pair_001_n5_001_control,control,1,0,0,12.55,0.04999999999999999,760000,10295488
2189,172811,69,pair_013_n5_013_control,control,1,0,0,12.570000000000002,0.04999999999999999,760000,10299904
2190,172882,71,pair_004_n3_004_control,control,1,0,0,12.55,0.04999999999999999,760000,10304448
2191,172948,66,pair_016_n3_016_conflict,conflict,1,0,0,12.600000000000001,0.04999999999999999,760000,10308672
2192,173016,68,pair_017_n5_017_conflict,conflict,1,0,0,12.580000000000002,0.04999999999999999,760000,10313024
2193,173084,68,pair_005_n5_005_conflict,conflict,1,0,0,12.580000000000002,0.04999999999999999,760000,10317376
2194,173151,67,pair_002_n3_002_conflict,conflict,1,0,0,12.590000000000002,0.04999999999999999,760000,10321664
2195,173218,67,pair_005_n5_005_control,control,1,0,0,12.590000000000002,0.04999999999999999,760000,10325952
2196,173284,66,pair_010_n5_010_conflict,conflict,1,0,0,12.600000000000001,0.04999999999999999,760000,10330176
2197,173311,27,pair_015_n5_015_control,control,0,1,0,-0.10999999999999976,0.04999999999999999,760000,10331904
2198,173389,78,pair_011_n5_011_control,control,1,0,0,12.480000000000002,0.04999999999999999,760000,10336896
2199,173458,69,pair_008_n5_008_conflict,conflict,1,0,0,12.570000000000002,0.04999999999999999,760000,10341312
2200,173525,67,pair_012_n5_012_conflict,conflict,1,0,0,12.590000000000002,0.04999999999999999,760000,10345600
2201,173593,68,pair_005_n3_005_control,control,1,0,0,12.580000000000002,0.04999999999999999,760000,10349952
2202,173662,69,pair_010_n5_010_control,control,1,0,0,12.570000000000002,0.04999999999999999,760000,10354368
2203,173667,5,pair_014_n5_014_control,control,0,1,0,-0.84,0.04999999999999999,760000,10354688
2204,173739,72,pair_007_n5_007_control,control,1,0,0,12.540000000000001,0.04999999999999999,760000,10359296
2205,173746,7,pair_011_n5_011_conflict,conflict,0,1,0,-0.76,0.04999999999999999,760000,10359744
2206,173820,74,pair_000_n5_000_control,control,1,0,0,12.520000000000001,0.04999999999999999,760000,10364480
2207,173888,68,pair_009_n3_009_conflict,conflict,1,0,0,12.580000000000002,0.04999999999999999,760000,10368832
2208,173959,71,pair_002_n3_002_control,control,1,0,0,12.55,0.04999999999999999,760000,10373376
2209,174030,71,pair_006_n3_006_conflict,conflict,1,0,0,12.55,0.04999999999999999,760000,10377920
2210,174098,68,pair_017_n5_017_control,control,1,0,0,12.580000000000002,0.04999999999999999,760000,10382272
2211,174168,70,pair_012_n3_012_control,control,1,0,0,12.560000000000002,0.04999999999999999,760000,10386752
2212,174238,70,pair_009_n3_009_control,control,1,0,0,12.560000000000002,0.04999999999999999,760000,10391232
2213,174306,68,pair_015_n3_015_control,control,1,0,0,12.580000000000002,0.04999999999999999,760000,10395584
2214,174378,72,pair_015_n3_015_conflict,conflict,1,0,0,12.540000000000001,0.04999999999999999,760000,10400192
2215,174446,68,pair_014_n3_014_conflict,conflict,1,0,0,12.580000000000002,0.04999999999999999,760000,10404544
2216,174516,70,pair_004_n5_004_conflict,conflict,1,0,0,12.560000000000002,0.04999999999999999,760000,10409024
2217,174589,73,pair_016_n5_016_control,control,1,0,0,12.530000000000001,0.04999999999999999,760000,10413696
2218,174606,17,pair_003_n3_003_control,control,0,1,0,-0.4600000000000001,0.04999999999999999,760000,10414784
2219,174676,70,pair_004_n3_004_conflict,conflict,1,0,0,12.560000000000002,0.04999999999999999,760000,10419264
2220,174747,71,pair_014_n5_014_conflict,conflict,1,0,0,12.55,0.04999999999999999,760000,10423808
2221,174813,66,pair_016_n5_016_conflict,conflict,1,0,0,12.600000000000001,0.04999999999999999,760000,10428032
2222,174830,17,pair_003_n5_003_control,control,0,1,0,-0.41000000000000003,0.04999999999999999,760000,10429120
2223,174897,67,pair_012_n5_012_control,control,1,0,0,12.590000000000002,0.04999999999999999,760000,10433408
2224,174968,71,pair_003_n3_003_conflict,conflict,1,0,0,12.55,0.04999999999999999,760000,10437952
2225,175040,72,pair_008_n3_008_control,control,1,0,0,12.540000000000003,0.04999999999999999,760000,10442560
2226,175113,73,pair_015_n5_015_conflict,conflict,1,0,0,12.530000000000001,0.04999999999999999,760000,10447232
2227,175183,70,pair_002_n5_002_conflict,conflict,1,0,0,12.560000000000002,0.04999999999999999,760000,10451712
2228,175252,69,pair_013_n3_013_control,control,1,0,0,12.570000000000002,0.04999999999999999,760000,10456128
2229,175325,73,pair_009_n5_009_conflict,conflict,1,0,0,12.530000000000001,0.04999999999999999,760000,10460800
2230,175392,67,pair_006_n3_006_control,control,1,0,0,12.590000000000002,0.04999999999999999,760000,10465088
2231,175463,71,pair_004_n5_004_control,control,1,0,0,12.55,0.04999999999999999,760000,10469632
2232,175530,67,pair_003_n5_003_conflict,conflict,1,0,0,12.590000000000002,0.04999999999999999,760000,10473920
2233,175602,72,pair_000_n3_000_conflict,conflict,1,0,0,12.540000000000001,0.04999999999999999,760000,10478528
2234,175669,67,pair_017_n5_017_control,control,1,0,0,12.590000000000002,0.04999999999999999,760000,10482816
2235,175736,67,pair_000_n5_000_conflict,conflict,1,0,0,12.590000000000002,0.04999999999999999,760000,10487104
2236,175804,68,pair_002_n5_002_control,control,0,1,0,1.4800000000000013,0.04999999999999999,760000,10491456
2237,175876,72,pair_001_n3_001_conflict,conflict,1,0,0,12.540000000000001,0.04999999999999999,760000,10496064
2238,175945,69,pair_005_n5_005_control,control,1,0,0,12.570000000000002,0.04999999999999999,760000,10500480
2239,176013,68,pair_004_n3_004_control,control,1,0,0,12.580000000000002,0.04999999999999999,760000,10504832
2240,176082,69,pair_007_n5_007_control,control,1,0,0,12.570000000000002,0.04999999999999999,760000,10509248
2241,176149,67,pair_015_n3_015_conflict,conflict,1,0,0,12.590000000000002,0.04999999999999999,760000,10513536
2242,176219,70,pair_011_n3_011_control,control,1,0,0,12.560000000000002,0.04999999999999999,760000,10518016
2243,176299,80,pair_004_n5_004_control,control,1,0,0,12.46,0.04999999999999999,760000,10523136
2244,176375,76,pair_016_n3_016_control,control,1,0,0,12.500000000000002,0.04999999999999999,760000,10528000
2245,176453,78,pair_001_n5_001_control,control,1,0,0,12.48,0.04999999999999999,760000,10532992
2246,176530,77,pair_013_n5_013_control,control,1,0,0,12.490000000000002,0.04999999999999999,760000,10537920
2247,176534,4,pair_006_n3_006_control,control,0,1,0,-0.88,0.04999999999999999,760000,10538176
2248,176603,69,pair_010_n5_010_conflict,conflict,1,0,0,12.570000000000002,0.04999999999999999,760000,10542592
2249,176671,68,pair_004_n3_004_conflict,conflict,1,0,0,12.580000000000002,0.04999999999999999,760000,10546944
2250,176735,64,pair_005_n3_005_control,control,0,1,0,1.3200000000000016,0.04999999999999999,760000,10551040
2251,176801,66,pair_017_n3_017_control,control,1,0,0,12.600000000000001,0.04999999999999999,760000,10555264
2252,176873,72,pair_010_n3_010_control,control,1,0,0,12.540000000000001,0.04999999999999999,760000,10559872
2253,176947,74,pair_005_n3_005_conflict,conflict,1,0,0,12.520000000000001,0.04999999999999999,760000,10564608
2254,177022,75,pair_002_n3_002_conflict,conflict,1,0,0,12.510000000000002,0.04999999999999999,760000,10569408
2255,177091,69,pair_008_n5_008_conflict,conflict,1,0,0,12.570000000000002,0.04999999999999999,760000,10573824
2256,177159,68,pair_013_n5_013_conflict,conflict,1,0,0,12.580000000000002,0.04999999999999999,760000,10578176
2257,177227,68,pair_012_n5_012_conflict,conflict,1,0,0,12.580000000000002,0.04999999999999999,760000,10582528
2258,177294,67,pair_005_n5_005_conflict,conflict,1,0,0,12.590000000000002,0.04999999999999999,760000,10586816
2259,177365,71,pair_017_n3_017_conflict,conflict,1,0,0,12.55,0.04999999999999999,760000,10591360
2260,177436,71,pair_011_n3_011_conflict,conflict,1,0,0,12.55,0.04999999999999999,760000,10595904
2261,177506,70,pair_008_n3_008_conflict,conflict,1,0,0,12.560000000000002,0.04999999999999999,760000,10600384
2262,177573,67,pair_003_n3_003_control,control,1,0,0,12.590000000000002,0.04999999999999999,760000,10604672
2263,177648,75,pair_011_n5_011_control,control,1,0,0,12.510000000000002,0.04999999999999999,760000,10609472
2264,177714,66,pair_016_n3_016_conflict,conflict,1,0,0,12.600000000000001,0.04999999999999999,760000,10613696
2265,177788,74,pair_002_n3_002_control,control,1,0,0,12.520000000000001,0.04999999999999999,760000,10618432
2266,177868,80,pair_008_n3_008_control,control,1,0,0,12.46,0.04999999999999999,760000,10623552
2267,177942,74,pair_016_n5_016_control,control,1,0,0,12.520000000000001,0.04999999999999999,760000,10628288
2268,177947,5,pair_002_n5_002_conflict,conflict,0,1,0,-0.84,0.04999999999999999,760000,10628608
2269,178019,72,pair_000_n3_000_control,control,1,0,0,12.540000000000001,0.04999999999999999,760000,10633216
2270,178099,80,pair_008_n5_008_control,control,1,0,0,12.46,0.04999999999999999,760000,10638336
2271,178167,68,pair_016_n5_016_conflict,conflict,1,0,0,12.580000000000002,0.04999999999999999,760000,10642688
2272,178238,71,pair_013_n3_013_conflict,conflict,1,0,0,12.55,0.04999999999999999,760000,10647232
2273,178306,68,pair_015_n5_015_conflict,conflict,1,0,0,12.580000000000002,0.04999999999999999,760000,10651584
2274,178376,70,pair_001_n5_001_conflict,conflict,1,0,0,12.560000000000002,0.04999999999999999,760000,10656064
2275,178443,67,pair_014_n3_014_control,control,1,0,0,12.590000000000002,0.04999999999999999,760000,10660352
2276,178509,66,pair_012_n3_012_conflict,conflict,1,0,0,12.600000000000001,0.04999999999999999,760000,10664576
2277,178577,68,pair_003_n3_003_conflict,conflict,1,0,0,12.580000000000002,0.04999999999999999,760000,10668928
2278,178643,66,pair_009_n3_009_control,control,1,0,0,12.600000000000001,0.04999999999999999,760000,10673152
2279,178712,69,pair_009_n5_009_control,control,1,0,0,12.570000000000002,0.04999999999999999,760000,10677568
2280,178784,72,pair_003_n5_003_control,control,1,0,0,12.540000000000001,0.04999999999999999,760000,10682176
2281,178850,66,pair_006_n3_006_conflict,conflict,1,0,0,12.600000000000001,0.04999999999999999,760000,10686400
2282,178916,66,pair_007_n5_007_conflict,conflict,1,0,0,12.600000000000001,0.04999999999999999,760000,10690624
2283,178982,66,pair_015_n5_015_control,control,1,0,0,12.600000000000001,0.04999999999999999,760000,10694848
2284,179054,72,pair_014_n5_014_control,control,1,0,0,12.540000000000001,0.04999999999999999,760000,10699456
2285,179126,72,pair_009_n3_009_conflict,conflict,1,0,0,12.540000000000001,0.04999999999999999,760000,10704064
2286,179194,68,pair_007_n3_007_conflict,conflict,1,0,0,12.580000000000002,0.04999999999999999,760000,10708416
2287,179264,70,pair_006_n5_006_control,control,1,0,0,12.560000000000002,0.04999999999999999,760000,10712896
2288,179342,78,pair_012_n3_012_control,control,1,0,0,12.48,0.04999999999999999,760000,10717888
2289,179412,70,pair_010_n5_010_control,control,1,0,0,12.560000000000002,0.04999999999999999,760000,10722368
2290,179485,73,pair_012_n5_012_control,control,1,0,0,12.530000000000001,0.04999999999999999,760000,10727040
2291,179535,50,pair_011_n5_011_conflict,conflict,0,1,0,-0.1399999999999999,0.04999999999999999,760000,10730240
2292,179603,68,pair_015_n3_015_control,control,1,0,0,12.580000000000002,0.04999999999999999,760000,10734592
2293,179674,71,pair_001_n3_001_control,control,1,0,0,12.55,0.04999999999999999,760000,10739136
2294,179745,71,pair_004_n5_004_conflict,conflict,1,0,0,12.55,0.04999999999999999,760000,10743680
2295,179811,66,pair_000_n5_000_control,control,1,0,0,12.600000000000001,0.04999999999999999,760000,10747904
2296,179882,71,pair_006_n5_006_conflict,conflict,1,0,0,12.55,0.04999999999999999,760000,10752448
2297,179948,66,pair_017_n5_017_conflict,conflict,1,0,0,12.600000000000001,0.04999999999999999,760000,10756672
2298,180020,72,pair_014_n3_014_conflict,conflict,1,0,0,12.540000000000001,0.04999999999999999,760000,10761280
2299,180092,72,pair_013_n3_013_control,control,1,0,0,12.540000000000001,0.04999999999999999,760000,10765888
2300,180160,68,pair_007_n3_007_control,control,1,0,0,12.580000000000002,0.04999999999999999,760000,10770240
2301,180241,81,pair_010_n3_010_conflict,conflict,1,0,0,12.450000000000001,0.04999999999999999,760000,10775424
2302,180311,70,pair_009_n5_009_conflict,conflict,1,0,0,12.560000000000002,0.04999999999999999,760000,10779904
2303,180378,67,pair_014_n5_014_conflict,conflict,1,0,0,12.590000000000002,0.04999999999999999,760000,10784192
2304,180446,68,pair_016_n3_016_conflict,conflict,1,0,0,12.580000000000002,0.04999999999999999,760000,10788544
2305,180515,69,pair_004_n3_004_control,control,1,0,0,12.570000000000002,0.04999999999999999,760000,10792960
2306,180586,71,pair_002_n3_002_conflict,conflict,1,0,0,12.55,0.04999999999999999,760000,10797504
2307,180654,68,pair_017_n5_017_control,control,1,0,0,12.580000000000002,0.04999999999999999,760000,10801856
2308,180723,69,pair_003_n5_003_conflict,conflict,1,0,0,12.570000000000002,0.04999999999999999,760000,10806272
2309,180794,71,pair_010_n5_010_control,control,1,0,0,12.55,0.04999999999999999,760000,10810816
2310,180862,68,pair_003_n3_003_conflict,conflict,1,0,0,12.580000000000002,0.04999999999999999,760000,10815168
2311,180932,70,pair_006_n5_006_control,control,1,0,0,12.560000000000002,0.04999999999999999,760000,10819648
2312,180999,67,pair_005_n5_005_conflict,conflict,1,0,0,12.590000000000002,0.04999999999999999,760000,10823936
2313,181073,74,pair_007_n5_007_control,control,1,0,0,12.520000000000001,0.04999999999999999,760000,10828672
2314,181148,75,pair_000_n3_000_conflict,conflict,1,0,0,12.510000000000002,0.04999999999999999,760000,10833472
2315,181218,70,pair_017_n3_017_conflict,conflict,1,0,0,12.560000000000002,0.04999999999999999,760000,10837952
2316,181289,71,pair_001_n5_001_conflict,conflict,1,0,0,12.55,0.04999999999999999,760000,10842496
2317,181359,70,pair_008_n5_008_conflict,conflict,1,0,0,12.560000000000002,0.04999999999999999,760000,10846976
2318,181425,66,pair_015_n5_015_control,control,1,0,0,12.600000000000001,0.04999999999999999,760000,10851200
2319,181497,72,pair_008_n5_008_control,control,1,0,0,12.540000000000003,0.04999999999999999,760000,10855808
2320,181568,71,pair_013_n5_013_control,control,1,0,0,12.55,0.04999999999999999,760000,10860352
2321,181643,75,pair_016_n3_016_control,control,1,0,0,12.510000000000002,0.04999999999999999,760000,10865152
2322,181710,67,pair_009_n5_009_conflict,conflict,1,0,0,12.590000000000002,0.04999999999999999,760000,10869440
2323,181781,71,pair_004_n5_004_control,control,1,0,0,12.55,0.04999999999999999,760000,10873984
2324,181858,77,pair_009_n3_009_conflict,conflict,1,0,0,12.490000000000002,0.04999999999999999,760000,10878912
2325,181929,71,pair_000_n3_000_control,control,1,0,0,12.55,0.04999999999999999,760000,10883456
2326,181996,67,pair_014_n5_014_control,control,1,0,0,12.590000000000002,0.04999999999999999,760000,10887744
2327,182064,68,pair_011_n5_011_control,control,1,0,0,12.580000000000002,0.04999999999999999,760000,10892096
2328,182132,68,pair_007_n3_007_conflict,conflict,1,0,0,12.580000000000002,0.04999999999999999,760000,10896448
2329,182198,66,pair_012_n3_012_control,control,1,0,0,12.600000000000001,0.04999999999999999,760000,10900672
2330,182264,66,pair_007_n3_007_control,control,1,0,0,12.600000000000001,0.04999999999999999,760000,10904896
2331,182336,72,pair_015_n3_015_conflict,conflict,1,0,0,12.540000000000001,0.04999999999999999,760000,10909504
2332,182408,72,pair_011_n5_011_conflict,conflict,1,0,0,12.540000000000003,0.04999999999999999,760000,10914112
2333,182479,71,pair_010_n3_010_control,control,1,0,0,12.55,0.04999999999999999,760000,10918656
2334,182551,72,pair_014_n3_014_control,control,1,0,0,12.540000000000001,0.04999999999999999,760000,10923264
2335,182620,69,pair_016_n5_016_conflict,conflict,1,0,0,12.570000000000002,0.04999999999999999,760000,10927680
2336,182686,66,pair_007_n5_007_conflict,conflict,1,0,0,12.600000000000001,0.04999999999999999,760000,10931904
2337,182756,70,pair_013_n5_013_conflict,conflict,1,0,0,12.560000000000002,0.04999999999999999,760000,10936384
2338,182830,74,pair_008_n3_008_control,control,1,0,0,12.520000000000001,0.04999999999999999,760000,10941120
2339,182897,67,pair_012_n3_012_conflict,conflict,1,0,0,12.590000000000002,0.04999999999999999,760000,10945408
2340,182964,67,pair_006_n3_006_conflict,conflict,1,0,0,12.590000000000002,0.04999999999999999,760000,10949696
2341,183037,73,pair_016_n5_016_control,control,1,0,0,12.530000000000001,0.04999999999999999,760000,10954368
2342,183108,71,pair_005_n5_005_control,control,1,0,0,12.55,0.04999999999999999,760000,10958912
2343,183178,70,pair_011_n3_011_conflict,conflict,1,0,0,12.560000000000002,0.04999999999999999,760000,10963392
2344,183247,69,pair_006_n5_006_conflict,conflict,1,0,0,12.570000000000002,0.04999999999999999,760000,10967808
2345,183317,70,pair_017_n5_017_conflict,conflict,1,0,0,12.560000000000002,0.04999999999999999,760000,10972288
2346,183323,6,pair_013_n3_013_control,control,0,1,0,-0.8,0.04999999999999999,760000,10972672
2347,183389,66,pair_011_n3_011_control,control,1,0,0,12.600000000000001,0.04999999999999999,760000,10976896
2348,183463,74,pair_003_n5_003_control,control,1,0,0,12.520000000000001,0.04999999999999999,760000,10981632
2349,183529,66,pair_012_n5_012_control,control,1,0,0,12.600000000000001,0.04999999999999999,760000,10985856
2350,183603,74,pair_005_n3_005_conflict,conflict,0,1,0,1.5200000000000014,0.04999999999999999,760000,10990592
2351,183674,71,pair_001_n3_001_control,control,1,0,0,12.55,0.04999999999999999,760000,10995136
2352,183744,70,pair_004_n3_004_conflict,conflict,1,0,0,12.560000000000002,0.04999999999999999,760000,10999616
2353,183812,68,pair_009_n3_009_control,control,1,0,0,12.580000000000002,0.04999999999999999,760000,11003968
2354,183878,66,pair_009_n5_009_control,control,1,0,0,12.600000000000001,0.04999999999999999,760000,11008192
2355,183952,74,pair_013_n3_013_conflict,conflict,1,0,0,12.520000000000001,0.04999999999999999,760000,11012928
2356,184020,68,pair_003_n3_003_control,control,1,0,0,12.580000000000002,0.04999999999999999,760000,11017280
2357,184124,104,pair_000_n5_000_conflict,conflict,1,0,0,12.220000000000006,0.04999999999999999,760000,11023936
2358,184192,68,pair_014_n3_014_conflict,conflict,1,0,0,12.580000000000002,0.04999999999999999,760000,11028288
2359,184261,69,pair_010_n3_010_conflict,conflict,1,0,0,12.570000000000002,0.04999999999999999,760000,11032704
2360,184332,71,pair_002_n3_002_control,control,1,0,0,12.55,0.04999999999999999,760000,11037248
2361,184403,71,pair_015_n5_015_conflict,conflict,1,0,0,12.55,0.04999999999999999,760000,11041792
2362,184471,68,pair_006_n3_006_control,control,1,0,0,12.580000000000002,0.04999999999999999,760000,11046144
2363,184543,72,pair_017_n3_017_control,control,1,0,0,12.540000000000003,0.04999999999999999,760000,11050752
2364,184612,69,pair_002_n5_002_control,control,1,0,0,12.570000000000002,0.04999999999999999,760000,11055168
2365,184682,70,pair_001_n5_001_control,control,1,0,0,12.560000000000002,0.04999999999999999,760000,11059648
2366,184756,74,pair_014_n5_014_conflict,conflict,1,0,0,12.520000000000001,0.04999999999999999,760000,11064384
2367,184826,70,pair_008_n3_008_conflict,conflict,1,0,0,12.560000000000002,0.04999999999999999,760000,11068864
2368,184895,69,pair_012_n5_012_conflict,conflict,1,0,0,12.570000000000002,0.04999999999999999,760000,11073280
2369,184963,68,pair_001_n3_001_conflict,conflict,1,0,0,12.580000000000002,0.04999999999999999,760000,11077632
2370,185036,73,pair_015_n3_015_control,control,1,0,0,12.530000000000001,0.04999999999999999,760000,11082304
2371,185105,69,pair_004_n5_004_conflict,conflict,1,0,0,12.570000000000002,0.04999999999999999,760000,11086720
2372,185171,66,pair_010_n5_010_conflict,conflict,1,0,0,12.600000000000001,0.04999999999999999,760000,11090944
2373,185241,70,pair_005_n3_005_control,control,1,0,0,12.560000000000002,0.04999999999999999,760000,11095424
2374,185307,66,pair_000_n5_000_control,control,1,0,0,12.600000000000001,0.04999999999999999,760000,11099648
2375,185373,66,pair_002_n5_002_conflict,conflict,1,0,0,12.600000000000001,0.04999999999999999,760000,11103872
2376,185439,66,pair_014_n3_014_conflict,conflict,1,0,0,12.600000000000001,0.04999999999999999,760000,11108096
2377,185505,66,pair_012_n5_012_conflict,conflict,1,0,0,12.600000000000001,0.04999999999999999,760000,11112320
2378,185578,73,pair_014_n5_014_control,control,1,0,0,12.530000000000001,0.04999999999999999,760000,11116992
2379,185650,72,pair_015_n5_015_conflict,conflict,1,0,0,12.540000000000001,0.04999999999999999,760000,11121600
2380,185724,74,pair_006_n3_006_control,control,1,0,0,12.520000000000001,0.04999999999999999,760000,11126336
2381,185790,66,pair_009_n5_009_conflict,conflict,1,0,0,12.600000000000001,0.04999999999999999,760000,11130560
2382,185857,67,pair_016_n3_016_control,control,1,0,0,12.590000000000002,0.04999999999999999,760000,11134848
2383,185925,68,pair_012_n5_012_control,control,1,0,0,12.580000000000002,0.04999999999999999,760000,11139200
2384,185994,69,pair_003_n3_003_conflict,conflict,1,0,0,12.570000000000002,0.04999999999999999,760000,11143616
2385,186069,75,pair_001_n5_001_conflict,conflict,1,0,0,12.510000000000002,0.04999999999999999,760000,11148416
2386,186138,69,pair_007_n5_007_conflict,conflict,1,0,0,12.570000000000002,0.04999999999999999,760000,11152832
2387,186214,76,pair_010_n3_010_conflict,conflict,1,0,0,12.500000000000002,0.04999999999999999,760000,11157696
2388,186280,66,pair_016_n3_016_conflict,conflict,1,0,0,12.600000000000001,0.04999999999999999,760000,11161920
2389,186353,73,pair_014_n5_014_conflict,conflict,1,0,0,12.530000000000001,0.04999999999999999,760000,11166592
2390,186419,66,pair_011_n3_011_control,control,1,0,0,12.600000000000001,0.04999999999999999,760000,11170816
2391,186489,70,pair_013_n3_013_control,control,1,0,0,12.560000000000002,0.04999999999999999,760000,11175296
2392,186557,68,pair_006_n5_006_control,control,1,0,0,12.580000000000002,0.04999999999999999,760000,11179648
2393,186629,72,pair_002_n5_002_control,control,1,0,0,12.540000000000001,0.04999999999999999,760000,11184256
2394,186704,75,pair_000_n5_000_control,control,1,0,0,12.510000000000002,0.04999999999999999,760000,11189056
2395,186770,66,pair_000_n5_000_conflict,conflict,1,0,0,12.600000000000001,0.04999999999999999,760000,11193280
2396,186838,68,pair_009_n3_009_control,control,1,0,0,12.580000000000002,0.04999999999999999,760000,11197632
2397,186908,70,pair_008_n3_008_control,control,1,0,0,12.560000000000002,0.04999999999999999,760000,11202112
2398,186978,70,pair_002_n5_002_conflict,conflict,1,0,0,12.560000000000002,0.04999999999999999,760000,11206592
2399,187047,69,pair_002_n3_002_control,control,1,0,0,12.570000000000002,0.04999999999999999,760000,11211008
2400,187124,77,pair_010_n5_010_control,control,1,0,0,12.490000000000002,0.04999999999999999,760000,11215936
2401,187209,85,pair_005_n5_005_conflict,conflict,1,0,0,12.410000000000002,0.04999999999999999,760000,11221376
2402,187282,73,pair_006_n3_006_conflict,conflict,1,0,0,12.530000000000001,0.04999999999999999,760000,11226048
2403,187355,73,pair_015_n3_015_control,control,1,0,0,12.530000000000001,0.04999999999999999,760000,11230720
2404,187424,69,pair_006_n5_006_conflict,conflict,1,0,0,12.570000000000002,0.04999999999999999,760000,11235136
2405,187495,71,pair_011_n5_011_control,control,1,0,0,12.55,0.04999999999999999,760000,11239680
2406,187565,70,pair_007_n5_007_control,control,1,0,0,12.560000000000002,0.04999999999999999,760000,11244160
2407,187634,69,pair_007_n3_007_control,control,1,0,0,12.570000000000002,0.04999999999999999,760000,11248576
2408,187706,72,pair_001_n3_001_control,control,1,0,0,12.540000000000001,0.04999999999999999,760000,11253184
2409,187776,70,pair_003_n5_003_conflict,conflict,1,0,0,12.560000000000002,0.04999999999999999,760000,11257664
2410,187845,69,pair_013_n5_013_control,control,1,0,0,12.570000000000002,0.04999999999999999,760000,11262080
2411,187920,75,pair_005_n5_005_control,control,1,0,0,12.510000000000002,0.04999999999999999,760000,11266880
2412,187989,69,pair_009_n5_009_control,control,1,0,0,12.570000000000002,0.04999999999999999,760000,11271296
2413,188063,74,pair_014_n3_014_control,control,1,0,0,12.520000000000001,0.04999999999999999,760000,11276032
2414,188130,67,pair_001_n5_001_control,control,1,0,0,12.590000000000002,0.04999999999999999,760000,11280320
2415,188198,68,pair_002_n3_002_conflict,conflict,1,0,0,12.580000000000002,0.04999999999999999,760000,11284672
2416,188274,76,pair_000_n3_000_conflict,conflict,1,0,0,12.500000000000002,0.04999999999999999,760000,11289536
2417,188343,69,pair_016_n5_016_control,control,1,0,0,12.570000000000002,0.04999999999999999,760000,11293952
2418,188409,66,pair_010_n5_010_conflict,conflict,1,0,0,12.600000000000001,0.04999999999999999,760000,11298176
2419,188485,76,pair_015_n5_015_control,control,1,0,0,12.500000000000002,0.04999999999999999,760000,11303040
2420,188554,69,pair_000_n3_000_control,control,1,0,0,12.570000000000002,0.04999999999999999,760000,11307456
2421,188630,76,pair_011_n5_011_conflict,conflict,1,0,0,12.500000000000002,0.04999999999999999,760000,11312320
2422,188700,70,pair_004_n5_004_control,control,1,0,0,12.560000000000002,0.04999999999999999,760000,11316800
2423,188767,67,pair_008_n5_008_control,control,1,0,0,12.590000000000002,0.04999999999999999,760000,11321088
2424,188834,67,pair_017_n5_017_conflict,conflict,1,0,0,12.590000000000002,0.04999999999999999,760000,11325376
2425,188913,79,pair_013_n5_013_conflict,conflict,1,0,0,12.470000000000002,0.04999999999999999,760000,11330432
2426,188980,67,pair_004_n3_004_control,control,1,0,0,12.590000000000002,0.04999999999999999,760000,11334720
2427,189050,70,pair_008_n5_008_conflict,conflict,1,0,0,12.560000000000002,0.04999999999999999,760000,11339200
2428,189118,68,pair_009_n3_009_conflict,conflict,1,0,0,12.580000000000002,0.04999999999999999,760000,11343552
2429,189191,73,pair_005_n3_005_conflict,conflict,1,0,0,12.530000000000001,0.04999999999999999,760000,11348224
2430,189258,67,pair_001_n3_001_conflict,conflict,1,0,0,12.590000000000002,0.04999999999999999,760000,11352512
2431,189328,70,pair_016_n5_016_conflict,conflict,1,0,0,12.560000000000002,0.04999999999999999,760000,11356992
2432,189400,72,pair_017_n3_017_control,control,1,0,0,12.540000000000003,0.04999999999999999,760000,11361600
2433,189474,74,pair_010_n3_010_control,control,1,0,0,12.520000000000001,0.04999999999999999,760000,11366336
2434,189543,69,pair_017_n5_017_control,control,1,0,0,12.570000000000002,0.04999999999999999,760000,11370752
2435,189612,69,pair_008_n3_008_conflict,conflict,1,0,0,12.570000000000002,0.04999999999999999,760000,11375168
2436,189678,66,pair_013_n3_013_conflict,conflict,1,0,0,12.600000000000001,0.04999999999999999,760000,11379392
2437,189750,72,pair_003_n3_003_control,control,1,0,0,12.540000000000001,0.04999999999999999,760000,11384000
2438,189818,68,pair_007_n3_007_conflict,conflict,1,0,0,12.580000000000002,0.04999999999999999,760000,11388352
2439,189887,69,pair_003_n5_003_control,control,1,0,0,12.570000000000002,0.04999999999999999,760000,11392768
2440,189958,71,pair_005_n3_005_control,control,1,0,0,12.55,0.04999999999999999,760000,11397312
2441,190025,67,pair_012_n3_012_conflict,conflict,1,0,0,12.590000000000002,0.04999999999999999,760000,11401600
2442,190091,66,pair_004_n5_004_conflict,conflict,1,0,0,12.600000000000001,0.04999999999999999,760000,11405824
2443,190161,70,pair_015_n3_015_conflict,conflict,1,0,0,12.560000000000002,0.04999999999999999,760000,11410304
2444,190235,74,pair_012_n3_012_control,control,1,0,0,12.520000000000001,0.04999999999999999,760000,11415040
2445,190307,72,pair_004_n3_004_conflict,conflict,1,0,0,12.540000000000001,0.04999999999999999,760000,11419648
2446,190375,68,pair_011_n3_011_conflict,conflict,1,0,0,12.580000000000002,0.04999999999999999,760000,11424000
2447,190443,68,pair_017_n3_017_conflict,conflict,1,0,0,12.580000000000002,0.04999999999999999,760000,11428352
2448,190516,73,pair_011_n3_011_conflict,conflict,1,0,0,12.530000000000001,0.04999999999999999,760000,11433024
2449,190588,72,pair_000_n5_000_control,control,1,0,0,12.540000000000001,0.04999999999999999,760000,11437632
2450,190658,70,pair_007_n5_007_control,control,1,0,0,12.560000000000002,0.04999999999999999,760000,11442112
2451,190726,68,pair_002_n5_002_conflict,conflict,1,0,0,12.580000000000002,0.04999999999999999,760000,11446464
2452,190796,70,pair_011_n5_011_control,control,1,0,0,12.560000000000002,0.04999999999999999,760000,11450944
2453,190863,67,pair_008_n5_008_conflict,conflict,1,0,0,12.590000000000002,0.04999999999999999,760000,11455232
2454,190937,74,pair_000_n5_000_conflict,conflict,1,0,0,12.520000000000001,0.04999999999999999,760000,11459968
2455,191004,67,pair_001_n3_001_conflict,conflict,1,0,0,12.590000000000002,0.04999999999999999,760000,11464256
2456,191074,70,pair_000_n3_000_conflict,conflict,1,0,0,12.560000000000002,0.04999999999999999,760000,11468736
2457,191151,77,pair_013_n3_013_conflict,conflict,1,0,0,12.490000000000002,0.04999999999999999,760000,11473664
2458,191220,69,pair_010_n3_010_control,control,1,0,0,12.570000000000002,0.04999999999999999,760000,11478080
2459,191291,71,pair_005_n3_005_control,control,1,0,0,12.55,0.04999999999999999,760000,11482624
2460,191366,75,pair_002_n3_002_conflict,conflict,1,0,0,12.510000000000002,0.04999999999999999,760000,11487424
2461,191435,69,pair_017_n5_017_conflict,conflict,1,0,0,12.570000000000002,0.04999999999999999,760000,11491840
2462,191504,69,pair_016_n5_016_control,control,1,0,0,12.570000000000002,0.04999999999999999,760000,11496256
2463,191589,85,pair_017_n3_017_control,control,1,0,0,12.410000000000002,0.04999999999999999,760000,11501696
2464,191659,70,pair_017_n5_017_control,control,1,0,0,12.560000000000002,0.04999999999999999,760000,11506176
2465,191731,72,pair_012_n5_012_control,control,1,0,0,12.540000000000001,0.04999999999999999,760000,11510784
2466,191801,70,pair_014_n5_014_conflict,conflict,1,0,0,12.560000000000002,0.04999999999999999,760000,11515264
2467,191872,71,pair_010_n5_010_control,control,1,0,0,12.55,0.04999999999999999,760000,11519808
2468,191943,71,pair_007_n5_007_conflict,conflict,1,0,0,12.55,0.04999999999999999,760000,11524352
2469,192014,71,pair_015_n3_015_conflict,conflict,1,0,0,12.550000000000002,0.04999999999999999,760000,11528896
2470,192087,73,pair_009_n3_009_control,control,1,0,0,12.530000000000001,0.04999999999999999,760000,11533568
2471,192155,68,pair_015_n5_015_conflict,conflict,1,0,0,12.580000000000002,0.04999999999999999,760000,11537920
2472,192227,72,pair_006_n3_006_conflict,conflict,1,0,0,12.540000000000001,0.04999999999999999,760000,11542528
2473,192297,70,pair_004_n5_004_conflict,conflict,1,0,0,12.560000000000002,0.04999999999999999,760000,11547008
2474,192365,68,pair_003_n3_003_control,control,1,0,0,12.580000000000002,0.04999999999999999,760000,11551360
2475,192433,68,pair_017_n3_017_conflict,conflict,1,0,0,12.580000000000002,0.04999999999999999,760000,11555712
2476,192502,69,pair_013_n5_013_conflict,conflict,1,0,0,12.570000000000002,0.04999999999999999,760000,11560128
2477,192570,68,pair_009_n3_009_conflict,conflict,1,0,0,12.580000000000002,0.04999999999999999,760000,11564480
2478,192643,73,pair_015_n3_015_control,control,1,0,0,12.530000000000001,0.04999999999999999,760000,11569152
2479,192712,69,pair_006_n5_006_conflict,conflict,1,0,0,12.570000000000002,0.04999999999999999,760000,11573568
2480,192780,68,pair_011_n3_011_control,control,1,0,0,12.580000000000002,0.04999999999999999,760000,11577920
2481,192859,79,pair_013_n3_013_control,control,1,0,0,12.470000000000002,0.04999999999999999,760000,11582976
2482,192926,67,pair_009_n5_009_conflict,conflict,1,0,0,12.590000000000002,0.04999999999999999,760000,11587264
2483,192997,71,pair_007_n3_007_control,control,1,0,0,12.55,0.04999999999999999,760000,11591808
2484,193067,70,pair_014_n3_014_control,control,1,0,0,12.560000000000002,0.04999999999999999,760000,11596288
2485,193145,78,pair_003_n3_003_conflict,conflict,1,0,0,12.480000000000002,0.04999999999999999,760000,11601280
2486,193218,73,pair_003_n5_003_conflict,conflict,1,0,0,12.530000000000001,0.04999999999999999,760000,11605952
2487,193290,72,pair_013_n5_013_control,control,1,0,0,12.540000000000001,0.04999999999999999,760000,11610560
2488,193364,74,pair_011_n5_011_conflict,conflict,1,0,0,12.520000000000001,0.04999999999999999,760000,11615296
2489,193433,69,pair_004_n3_004_conflict,conflict,1,0,0,12.570000000000002,0.04999999999999999,760000,11619712
2490,193503,70,pair_012_n5_012_conflict,conflict,1,0,0,12.560000000000002,0.04999999999999999,760000,11624192
2491,193579,76,pair_006_n3_006_control,control,1,0,0,12.500000000000002,0.04999999999999999,760000,11629056
2492,193647,68,pair_010_n5_010_conflict,conflict,1,0,0,12.580000000000002,0.04999999999999999,760000,11633408
2493,193713,66,pair_005_n3_005_conflict,conflict,1,0,0,12.600000000000001,0.04999999999999999,760000,11637632
2494,193785,72,pair_008_n3_008_conflict,conflict,1,0,0,12.540000000000001,0.04999999999999999,760000,11642240
2495,193856,71,pair_008_n5_008_control,control,1,0,0,12.55,0.04999999999999999,760000,11646784
2496,193923,67,pair_004_n5_004_control,control,1,0,0,12.590000000000002,0.04999999999999999,760000,11651072
2497,194001,78,pair_006_n5_006_control,control,1,0,0,12.48,0.04999999999999999,760000,11656064
2498,194070,69,pair_001_n3_001_control,control,1,0,0,12.570000000000002,0.04999999999999999,760000,11660480
2499,194140,70,pair_002_n3_002_control,control,1,0,0,12.560000000000002,0.04999999999999999,760000,11664960
2500,194211,71,pair_005_n5_005_conflict,conflict,1,0,0,12.55,0.04999999999999999,760000,11669504
2501,194279,68,pair_010_n3_010_conflict,conflict,1,0,0,12.580000000000002,0.04999999999999999,760000,11673856
2502,194349,70,pair_005_n5_005_control,control,1,0,0,12.560000000000002,0.04999999999999999,760000,11678336
2503,194421,72,pair_016_n3_016_control,control,1,0,0,12.540000000000003,0.04999999999999999,760000,11682944
2504,194493,72,pair_012_n3_012_control,control,1,0,0,12.540000000000001,0.04999999999999999,760000,11687552
2505,194566,73,pair_012_n3_012_conflict,conflict,1,0,0,12.530000000000001,0.04999999999999999,760000,11692224
2506,194640,74,pair_003_n5_003_control,control,1,0,0,12.520000000000001,0.04999999999999999,760000,11696960
2507,194708,68,pair_001_n5_001_conflict,conflict,1,0,0,12.580000000000002,0.04999999999999999,760000,11701312
2508,194781,73,pair_016_n5_016_conflict,conflict,1,0,0,12.530000000000001,0.04999999999999999,760000,11705984
2509,194850,69,pair_014_n3_014_conflict,conflict,1,0,0,12.570000000000002,0.04999999999999999,760000,11710400
2510,194918,68,pair_002_n5_002_control,control,1,0,0,12.580000000000002,0.04999999999999999,760000,11714752
2511,194989,71,pair_001_n5_001_control,control,1,0,0,12.55,0.04999999999999999,760000,11719296
2512,195066,77,pair_014_n5_014_control,control,1,0,0,12.490000000000002,0.04999999999999999,760000,11724224
2513,195137,71,pair_004_n3_004_control,control,1,0,0,12.55,0.04999999999999999,760000,11728768
2514,195205,68,pair_015_n5_015_control,control,1,0,0,12.580000000000002,0.04999999999999999,760000,11733120
2515,195277,72,pair_007_n3_007_conflict,conflict,1,0,0,12.540000000000001,0.04999999999999999,760000,11737728
2516,195346,69,pair_016_n3_016_conflict,conflict,1,0,0,12.570000000000002,0.04999999999999999,760000,11742144
2517,195415,69,pair_000_n3_000_control,control,1,0,0,12.570000000000002,0.04999999999999999,760000,11746560
2518,195482,67,pair_009_n5_009_control,control,1,0,0,12.590000000000002,0.04999999999999999,760000,11750848
2519,195552,70,pair_008_n3_008_control,control,1,0,0,12.560000000000002,0.04999999999999999,760000,11755328
2520,195620,68,pair_002_n5_002_conflict,conflict,1,0,0,12.580000000000002,0.04999999999999999,760000,11759680
2521,195687,67,pair_005_n3_005_conflict,conflict,1,0,0,12.590000000000002,0.04999999999999999,760000,11763968
2522,195760,73,pair_007_n3_007_control,control,1,0,0,12.530000000000001,0.04999999999999999,760000,11768640
2523,195828,68,pair_010_n3_010_control,control,1,0,0,12.580000000000002,0.04999999999999999,760000,11772992
2524,195897,69,pair_012_n3_012_control,control,1,0,0,12.570000000000002,0.04999999999999999,760000,11777408
2525,195966,69,pair_016_n5_016_conflict,conflict,1,0,0,12.570000000000002,0.04999999999999999,760000,11781824
2526,196037,71,pair_000_n3_000_conflict,conflict,1,0,0,12.55,0.04999999999999999,760000,11786368
2527,196109,72,pair_014_n3_014_conflict,conflict,1,0,0,12.540000000000001,0.04999999999999999,760000,11790976
2528,196178,69,pair_007_n5_007_conflict,conflict,1,0,0,12.570000000000002,0.04999999999999999,760000,11795392
2529,196248,70,pair_015_n5_015_conflict,conflict,1,0,0,12.560000000000002,0.04999999999999999,760000,11799872
2530,196316,68,pair_007_n5_007_control,control,1,0,0,12.580000000000002,0.04999999999999999,760000,11804224
2531,196388,72,pair_001_n3_001_control,control,1,0,0,12.540000000000001,0.04999999999999999,760000,11808832
2532,196455,67,pair_017_n5_017_conflict,conflict,1,0,0,12.590000000000002,0.04999999999999999,760000,11813120
2533,196526,71,pair_016_n3_016_conflict,conflict,1,0,0,12.55,0.04999999999999999,760000,11817664
2534,196594,68,pair_017_n3_017_control,control,1,0,0,12.580000000000002,0.04999999999999999,760000,11822016
2535,196666,72,pair_006_n5_006_conflict,conflict,1,0,0,12.540000000000003,0.04999999999999999,760000,11826624
2536,196732,66,pair_013_n3_013_conflict,conflict,1,0,0,12.600000000000001,0.04999999999999999,760000,11830848
2537,196800,68,pair_017_n5_017_control,control,1,0,0,12.580000000000002,0.04999999999999999,760000,11835200
2538,196867,67,pair_009_n3_009_conflict,conflict,1,0,0,12.590000000000002,0.04999999999999999,760000,11839488
2539,196942,75,pair_008_n5_008_control,control,1,0,0,12.510000000000002,0.04999999999999999,760000,11844288
2540,196948,6,pair_013_n3_013_control,control,0,1,0,-0.8,0.04999999999999999,760000,11844672
2541,197015,67,pair_008_n3_008_conflict,conflict,1,0,0,12.590000000000002,0.04999999999999999,760000,11848960
2542,197086,71,pair_014_n3_014_control,control,1,0,0,12.55,0.04999999999999999,760000,11853504
2543,197155,69,pair_002_n5_002_control,control,0,1,0,1.5700000000000016,0.04999999999999999,760000,11857920
2544,197224,69,pair_000_n5_000_conflict,conflict,1,0,0,12.570000000000002,0.04999999999999999,760000,11862336
2545,197298,74,pair_002_n3_002_conflict,conflict,1,0,0,12.520000000000001,0.04999999999999999,760000,11867072
2546,197368,70,pair_006_n3_006_conflict,conflict,1,0,0,12.560000000000002,0.04999999999999999,760000,11871552
2547,197436,68,pair_005_n5_005_conflict,conflict,1,0,0,12.580000000000002,0.04999999999999999,760000,11875904
2548,197507,71,pair_003_n5_003_conflict,conflict,1,0,0,12.55,0.04999999999999999,760000,11880448
2549,197577,70,pair_011_n5_011_conflict,conflict,1,0,0,12.560000000000002,0.04999999999999999,760000,11884928
2550,197649,72,pair_006_n5_006_control,control,1,0,0,12.540000000000001,0.04999999999999999,760000,11889536
2551,197717,68,pair_012_n5_012_conflict,conflict,1,0,0,12.580000000000002,0.04999999999999999,760000,11893888
2552,197784,67,pair_001_n5_001_control,control,1,0,0,12.590000000000002,0.04999999999999999,760000,11898176
2553,197851,67,pair_010_n5_010_control,control,1,0,0,12.590000000000002,0.04999999999999999,760000,11902464
2554,197918,67,pair_008_n3_008_control,control,1,0,0,12.590000000000002,0.04999999999999999,760000,11906752
2555,197989,71,pair_004_n5_004_control,control,1,0,0,12.55,0.04999999999999999,760000,11911296
2556,198057,68,pair_012_n3_012_conflict,conflict,1,0,0,12.580000000000002,0.04999999999999999,760000,11915648
2557,198123,66,pair_003_n3_003_conflict,conflict,1,0,0,12.600000000000001,0.04999999999999999,760000,11919872
2558,198189,66,pair_011_n5_011_control,control,1,0,0,12.600000000000001,0.04999999999999999,760000,11924096
2559,198260,71,pair_014_n5_014_conflict,conflict,1,0,0,12.55,0.04999999999999999,760000,11928640
2560,198328,68,pair_013_n5_013_conflict,conflict,1,0,0,12.580000000000002,0.04999999999999999,760000,11932992
2561,198403,75,pair_012_n5_012_control,control,1,0,0,12.510000000000002,0.04999999999999999,760000,11937792
2562,198469,66,pair_006_n3_006_control,control,1,0,0,12.600000000000001,0.04999999999999999,760000,11942016
2563,198536,67,pair_007_n3_007_conflict,conflict,1,0,0,12.590000000000002,0.04999999999999999,760000,11946304
2564,198604,68,pair_015_n3_015_control,control,1,0,0,12.580000000000002,0.04999999999999999,760000,11950656
2565,198677,73,pair_000_n5_000_control,control,1,0,0,12.530000000000001,0.04999999999999999,760000,11955328
2566,198752,75,pair_001_n3_001_conflict,conflict,1,0,0,12.510000000000002,0.04999999999999999,760000,11960128
2567,198827,75,pair_004_n5_004_conflict,conflict,1,0,0,12.510000000000002,0.04999999999999999,760000,11964928
2568,198897,70,pair_011_n3_011_control,control,1,0,0,12.560000000000002,0.04999999999999999,760000,11969408
2569,198968,71,pair_013_n5_013_control,control,1,0,0,12.55,0.04999999999999999,760000,11973952
2570,199038,70,pair_001_n5_001_conflict,conflict,1,0,0,12.560000000000002,0.04999999999999999,760000,11978432
2571,199108,70,pair_004_n3_004_control,control,1,0,0,12.560000000000002,0.04999999999999999,760000,11982912
2572,199176,68,pair_009_n5_009_control,control,1,0,0,12.580000000000002,0.04999999999999999,760000,11987264
2573,199252,76,pair_009_n5_009_conflict,conflict,1,0,0,12.500000000000002,0.04999999999999999,760000,11992128
2574,199326,74,pair_017_n3_017_conflict,conflict,1,0,0,12.520000000000001,0.04999999999999999,760000,11996864
2575,199399,73,pair_015_n3_015_conflict,conflict,1,0,0,12.530000000000001,0.04999999999999999,760000,12001536
2576,199467,68,pair_015_n5_015_control,control,1,0,0,12.580000000000002,0.04999999999999999,760000,12005888
2577,199538,71,pair_003_n3_003_control,control,1,0,0,12.55,0.04999999999999999,760000,12010432
2578,199611,73,pair_004_n3_004_conflict,conflict,1,0,0,12.530000000000001,0.04999999999999999,760000,12015104
2579,199678,67,pair_011_n3_011_conflict,conflict,1,0,0,12.590000000000002,0.04999999999999999,760000,12019392
2580,199747,69,pair_000_n3_000_control,control,1,0,0,12.570000000000002,0.04999999999999999,760000,12023808
2581,199820,73,pair_010_n5_010_conflict,conflict,1,0,0,12.530000000000001,0.04999999999999999,760000,12028480
2582,199890,70,pair_003_n5_003_control,control,1,0,0,12.560000000000002,0.04999999999999999,760000,12032960
2583,199956,66,pair_002_n3_002_control,control,1,0,0,12.600000000000001,0.04999999999999999,760000,12037184
2584,200000,44,pair_009_n3_009_control,control,0,0,1,1.5100000000000007,0.04999999999999999,760000,12040000
