episode,environment_steps,episode_steps,scenario_id,condition,success,collision,budget_cutoff,return,epsilon,demo_samples_cumulative,online_samples_cumulative,visible_dynamic_steps_cumulative,reference_risk_steps_cumulative,sampled_visible_dynamic_cumulative,risk_samples_cumulative,risk_buffer_size,risk_marked_total,risk_coverage_count,handover_progress,proposed_risk_steps_cumulative,intervention_steps_cumulative,teacher_fallback_steps_cumulative,teacher_unavailable_steps_cumulative,teacher_cache_hits_cumulative,teacher_planner_calls_cumulative,action_margin_candidate_steps_cumulative,action_margin_labeled_steps_cumulative,action_margin_safe_labels_cumulative,action_margin_blocked_labels_cumulative,action_margin_mean_loss,action_margin_batch_items_cumulative,prediction_loss_mean,prediction_td_loss_mean,prediction_q_abs_max,prediction_gradient_norm_mean,prediction_gradient_norm_max,prediction_diagnostic_batch_size,safe_samples_cumulative,safe_buffer_size,safe_coverage_count
0,108,108,pair_003_n5_003_conflict,conflict,1,0,0,12.180000000000001,0.29982166666666665,1728,5184,69,0,21,0,0,0,0,0.0,0,0,0,0,0,0,0,0,0,0,0.0,0,0.0,0.00028675265369841965,10.066781997680664,0.2954675368964672,1.1526681184768677,0,0,0,0
1,116,8,pair_002_n5_002_conflict,conflict,0,1,0,-0.87,0.29980833333333334,1856,5568,77,0,24,0,0,0,0,0.0,0,0,0,0,0,0,0,0,0,0,0.0,0,0.0,0.00028566201656538963,10.066781997680664,0.2969716698059748,1.1526681184768677,0,0,0,0
2,119,3,pair_014_n5_014_conflict,conflict,0,1,0,-0.92,0.2998033333333333,1904,5712,80,1,24,0,0,0,0,0.0,0,0,0,0,0,0,0,0,0,0,0.0,0,0.0,0.00028850012392826974,10.102426528930664,0.30029531217673244,1.1526681184768677,0,0,0,0
3,123,4,pair_005_n3_005_control,control,0,1,0,-0.9299999999999999,0.29979666666666666,1968,5904,84,1,26,0,0,0,0,0.0,0,0,0,0,0,0,0,0,0,0,0.0,0,0.0,0.0002894383313075632,10.102426528930664,0.299132351831692,1.1526681184768677,0,0,0,0
4,219,96,pair_001_n5_001_conflict,conflict,1,0,0,12.3,0.29963666666666666,3504,10512,123,1,86,0,0,0,0,0.0,0,0,0,0,0,0,0,0,0,0,0.0,0,0.0,0.0020263310781383427,10.102426528930664,0.35751282573426696,1.4498348236083984,0,0,0,0
5,246,27,pair_001_n3_001_conflict,conflict,0,1,0,-0.1599999999999998,0.29959166666666665,3936,11808,140,2,106,0,0,0,0,0.0,0,0,0,0,0,0,0,0,0,0,0.0,0,0.0,0.002365682495280445,10.12423038482666,0.3569386606293965,1.4498348236083984,0,0,0,0
6,281,35,pair_004_n3_004_control,control,0,1,0,-0.6399999999999999,0.2995333333333333,4496,13488,161,3,127,0,0,0,0,0.0,0,0,0,0,0,0,0,0,0,0,0.0,0,0.0,0.0021198991777456543,10.12423038482666,0.36145092240697124,1.4498348236083984,0,0,0,0
7,374,93,pair_004_n5_004_conflict,conflict,1,0,0,12.330000000000002,0.2993783333333333,5984,17952,226,3,222,0,0,0,0,0.0,0,0,0,0,0,0,0,0,0,0,0.0,0,0.0,0.003724422867938734,10.12423038482666,0.4099657831783282,2.1067678928375244,0,0,0,0
8,494,120,pair_004_n5_004_control,control,1,0,0,12.060000000000002,0.2991783333333333,7904,23712,300,3,408,0,0,0,0,0.0,0,0,0,0,0,0,0,0,0,0,0.0,0,0.0,0.003999114912473418,10.14139461517334,0.45422247384376974,2.1067678928375244,0,0,0,0
9,578,84,pair_011_n5_011_control,control,1,0,0,12.420000000000002,0.2990383333333333,9248,27744,339,3,551,0,0,0,0,0.0,0,0,0,0,0,0,0,0,0,0,0.0,0,0.0,0.0037701661115889695,10.14139461517334,0.48228689933124813,2.3045108318328857,0,0,0,0
10,602,24,pair_003_n3_003_conflict,conflict,0,1,0,-0.4800000000000001,0.2989983333333333,9632,28896,358,3,592,0,0,0,0,0.0,0,0,0,0,0,0,0,0,0,0,0.0,0,0.0,0.0036504075133082753,10.14139461517334,0.4846992327234525,2.3045108318328857,0,0,0,0
11,605,3,pair_005_n5_005_conflict,conflict,0,1,0,-0.92,0.29899333333333333,9680,29040,361,3,598,0,0,0,0,0.0,0,0,0,0,0,0,0,0,0,0,0.0,0,0.0,0.003635722621125631,10.14139461517334,0.4857875870679282,2.3045108318328857,0,0,0,0
12,643,38,pair_001_n3_001_control,control,0,1,0,-0.2699999999999999,0.29893,10288,30864,387,4,677,0,0,0,0,0.0,0,0,0,0,0,0,0,0,0,0,0.0,0,0.0,0.0036524258346271863,10.14139461517334,0.4958125837929373,2.3045108318328857,0,0,0,0
13,738,95,pair_006_n5_006_control,control,1,0,0,12.310000000000002,0.29877166666666666,11808,35424,450,4,906,0,0,0,0,0.0,0,0,0,0,0,0,0,0,0,0,0.0,0,0.0,0.004123934343597457,10.14139461517334,0.5154829435277639,2.3045108318328857,0,0,0,0
14,755,17,pair_016_n5_016_control,control,0,1,0,-0.4600000000000001,0.2987433333333333,12080,36240,467,5,948,0,0,0,0,0.0,0,0,0,0,0,0,0,0,0,0,0.0,0,0.0,0.004049356718681019,10.14139461517334,0.5205022513200313,2.3045108318328857,0,0,0,0
15,758,3,pair_007_n5_007_control,control,0,1,0,-0.97,0.29873833333333333,12128,36384,470,5,956,0,0,0,0,0.0,0,0,0,0,0,0,0,0,0,0,0.0,0,0.0,0.004037701254124639,10.14139461517334,0.5228093833168649,2.3045108318328857,0,0,0,0
16,858,100,pair_007_n3_007_conflict,conflict,1,0,0,12.260000000000002,0.2985716666666667,13728,41184,523,5,1227,0,0,0,0,0.0,0,0,0,0,0,0,0,0,0,0,0.0,0,0.0,0.00437319958160888,10.14139461517334,0.5158864389084679,2.3045108318328857,0,0,0,0
17,963,105,pair_008_n5_008_control,control,1,0,0,12.21,0.29839666666666664,15408,46224,567,5,1550,0,0,0,0,0.0,0,0,0,0,0,0,0,0,0,0,0.0,0,0.0,0.00490195053658409,10.146742820739746,0.5412701544596553,2.3045108318328857,0,0,0,0
18,1047,84,pair_000_n3_000_conflict,conflict,1,0,0,12.420000000000002,0.29825666666666667,16752,50256,604,5,1836,0,0,0,0,0.0,0,0,0,0,0,0,0,0,0,0,0.0,0,0.0,0.00502229796099815,10.146742820739746,0.5265670648376602,2.3045108318328857,0,0,0,0
19,1137,90,pair_011_n3_011_conflict,conflict,1,0,0,12.360000000000001,0.29810666666666663,18192,54576,634,5,2125,0,0,0,0,0.0,0,0,0,0,0,0,0,0,0,0,0.0,0,0.0,0.005138713874036169,10.155871391296387,0.5308209751407462,2.3045108318328857,0,0,0,0
20,1236,99,pair_010_n3_010_control,control,1,0,0,12.270000000000001,0.29794166666666666,19776,59328,656,5,2476,0,0,0,0,0.0,0,0,0,0,0,0,0,0,0,0,0.0,0,0.0,0.005388845338735825,10.209968566894531,0.538362070695048,2.3045108318328857,0,0,0,0
21,1344,108,pair_002_n3_002_control,control,1,0,0,12.180000000000001,0.29776166666666665,21504,64512,696,6,2882,0,0,0,0,0.0,0,0,0,0,0,0,0,0,0,0,0.0,0,0.0,0.00583487176688669,10.209968566894531,0.5459115724384208,2.3045108318328857,0,0,0,0
22,1348,4,pair_017_n5_017_conflict,conflict,0,1,0,-0.9299999999999999,0.297755,21568,64704,700,8,2896,0,0,0,0,0.0,0,0,0,0,0,0,0,0,0,0,0.0,0,0.0,0.00582067731649189,10.209968566894531,0.5455135894629783,2.3045108318328857,0,0,0,0
23,1447,99,pair_016_n3_016_conflict,conflict,1,0,0,12.270000000000001,0.29758999999999997,23152,69456,741,8,3311,0,0,0,0,0.0,0,0,0,0,0,0,0,0,0,0,0.0,0,0.0,0.0058999456838525555,10.209968566894531,0.5436030413154783,2.3045108318328857,0,0,0,0
24,1543,96,pair_012_n5_012_conflict,conflict,1,0,0,12.300000000000002,0.29742999999999997,24688,74064,783,8,3724,0,0,0,0,0.0,0,0,0,0,0,0,0,0,0,0,0.0,0,0.0,0.005901664973927191,10.209968566894531,0.5503119766490071,2.3045108318328857,0,0,0,0
25,1843,300,pair_000_n3_000_control,control,0,0,0,-1.5000000000000016,0.29692999999999997,29488,88464,802,8,5038,0,0,0,0,0.0,0,0,0,0,0,0,0,0,0,0,0.0,0,0.0,0.006174650955408656,10.209968566894531,0.5325767863137578,2.3045108318328857,0,0,0,0
26,1949,106,pair_007_n3_007_control,control,1,0,0,12.200000000000001,0.2967533333333333,31184,93552,843,8,5546,0,0,0,0,0.0,0,0,0,0,0,0,0,0,0,0,0.0,0,0.0,0.0064518916389175365,10.209968566894531,0.5625711511457392,3.1568119525909424,0,0,0,0
27,2087,138,pair_008_n3_008_conflict,conflict,1,0,0,11.88,0.2965233333333333,33392,100176,855,8,6208,0,0,0,0,0.0,0,0,0,0,0,0,0,0,0,0,0.0,0,0.0,0.006644391257228131,10.209968566894531,0.5573005244790951,3.1568119525909424,0,0,0,0
28,2092,5,pair_012_n3_012_control,control,0,1,0,-0.84,0.296515,33472,100416,860,8,6234,0,0,0,0,0.0,0,0,0,0,0,0,0,0,0,0,0.0,0,0.0,0.006687881348166429,10.209968566894531,0.5579920440198174,3.1568119525909424,0,0,0,0
29,2206,114,pair_010_n5_010_control,control,1,0,0,12.120000000000001,0.296325,35296,105888,905,8,6829,0,0,0,0,0.0,0,0,0,0,0,0,0,0,0,0,0.0,0,0.0,0.006559500110026984,10.209968566894531,0.5665581024708674,3.1568119525909424,0,0,0,0
30,2295,89,pair_015_n3_015_conflict,conflict,1,0,0,12.370000000000001,0.29617666666666664,36720,110160,938,8,7317,0,0,0,0,0.0,0,0,0,0,0,0,0,0,0,0,0.0,0,0.0,0.006912260254623606,10.209968566894531,0.572996775668788,3.1568119525909424,0,0,0,0
31,2383,88,pair_013_n5_013_conflict,conflict,1,0,0,12.380000000000003,0.29603,38128,114384,1021,9,7775,0,0,0,0,0.0,0,0,0,0,0,0,0,0,0,0,0.0,0,0.0,0.006995698752577524,10.209968566894531,0.5796616255879039,3.1568119525909424,0,0,0,0
32,2385,2,pair_006_n3_006_conflict,conflict,0,1,0,-0.96,0.29602666666666666,38160,114480,1023,9,7785,0,0,0,0,0.0,0,0,0,0,0,0,0,0,0,0,0.0,0,0.0,0.006990579486719871,10.209968566894531,0.5796594133784123,3.1568119525909424,0,0,0,0
33,2492,107,pair_000_n5_000_conflict,conflict,1,0,0,12.190000000000001,0.2958483333333333,39872,119616,1056,9,8417,0,0,0,0,0.0,0,0,0,0,0,0,0,0,0,0,0.0,0,0.0,0.007165990504699437,10.209968566894531,0.5798369238450585,3.1568119525909424,0,0,0,0
34,2507,15,pair_006_n3_006_control,control,0,1,0,-0.5900000000000001,0.2958233333333333,40112,120336,1071,11,8504,0,0,0,0,0.0,0,0,0,0,0,0,0,0,0,0,0.0,0,0.0,0.00717700405516997,10.209968566894531,0.5806609034028586,3.1568119525909424,0,0,0,0
35,2612,105,pair_011_n5_011_conflict,conflict,1,0,0,12.21,0.29564833333333335,41792,125376,1091,11,9081,0,0,0,0,0.0,0,0,0,0,0,0,0,0,0,0,0.0,0,0.0,0.007109112705493902,10.209968566894531,0.5758855723872907,3.1568119525909424,0,0,0,0
36,2719,107,pair_010_n3_010_conflict,conflict,1,0,0,12.190000000000001,0.29547,43504,130512,1106,11,9740,0,0,0,0,0.0,0,0,0,0,0,0,0,0,0,0,0.0,0,0.0,0.007347969403339928,10.209968566894531,0.5755725705872162,3.1568119525909424,0,0,0,0
37,2843,124,pair_003_n3_003_control,control,1,0,0,12.02,0.2952633333333333,45488,136464,1142,11,10486,0,0,0,0,0.0,0,0,0,0,0,0,0,0,0,0,0.0,0,0.0,0.007601807050084794,10.209968566894531,0.5760076869517627,3.1568119525909424,0,0,0,0
38,2846,3,pair_005_n3_005_conflict,conflict,0,1,0,-0.92,0.29525833333333334,45536,136608,1145,11,10501,0,0,0,0,0.0,0,0,0,0,0,0,0,0,0,0,0.0,0,0.0,0.007636301136063387,10.209968566894531,0.5764562865635426,3.1568119525909424,0,0,0,0
39,2967,121,pair_015_n5_015_control,control,1,0,0,12.05,0.29505666666666663,47472,142416,1190,11,11274,0,0,0,0,0.0,0,0,0,0,0,0,0,0,0,0,0.0,0,0.0,0.007733175375245245,10.209968566894531,0.5873533906562635,3.1568119525909424,0,0,0,0
40,2969,2,pair_016_n3_016_control,control,0,1,0,-0.96,0.29505333333333333,47504,142512,1192,11,11287,0,0,0,0,0.0,0,0,0,0,0,0,0,0,0,0,0.0,0,0.0,0.007728715965346654,10.209968566894531,0.5874773979208342,3.1568119525909424,0,0,0,0
41,2971,2,pair_012_n5_012_control,control,0,1,0,-0.96,0.29505,47536,142608,1194,11,11307,0,0,0,0,0.0,0,0,0,0,0,0,0,0,0,0,0.0,0,0.0,0.0077243545107581165,10.209968566894531,0.5874833233086489,3.1568119525909424,0,0,0,0
42,2973,2,pair_012_n3_012_conflict,conflict,0,1,0,-0.96,0.2950466666666667,47568,142704,1196,11,11322,0,0,0,0,0.0,0,0,0,0,0,0,0,0,0,0,0.0,0,0.0,0.007719912857424853,10.209968566894531,0.5873860471230031,3.1568119525909424,0,0,0,0
43,2975,2,pair_009_n3_009_control,control,0,1,0,-0.96,0.2950433333333333,47600,142800,1198,11,11334,0,0,0,0,0.0,0,0,0,0,0,0,0,0,0,0,0.0,0,0.0,0.007790266472162452,10.209968566894531,0.5878229371746297,3.1568119525909424,0,0,0,0
44,2977,2,pair_009_n3_009_conflict,conflict,0,1,0,-0.96,0.29503999999999997,47632,142896,1200,11,11344,0,0,0,0,0.0,0,0,0,0,0,0,0,0,0,0,0.0,0,0.0,0.007785824893956445,10.209968566894531,0.587983492520964,3.1568119525909424,0,0,0,0
45,2981,4,pair_014_n3_014_control,control,0,1,0,-0.98,0.2950333333333333,47696,143088,1204,11,11370,0,0,0,0,0.0,0,0,0,0,0,0,0,0,0,0,0.0,0,0.0,0.007814246109433615,10.209968566894531,0.5885959901959104,3.1568119525909424,0,0,0,0
46,2985,4,pair_015_n3_015_control,control,0,1,0,-0.98,0.29502666666666666,47760,143280,1208,11,11399,0,0,0,0,0.0,0,0,0,0,0,0,0,0,0,0,0.0,0,0.0,0.007843551360788502,10.209968566894531,0.5894611222217081,3.1568119525909424,0,0,0,0
47,3168,183,pair_017_n5_017_control,control,1,0,0,11.43,0.29472166666666666,50688,152064,1316,11,12683,0,0,0,0,0.0,0,0,0,0,0,0,0,0,0,0,0.0,0,0.0,0.008360304407463014,10.209968566894531,0.5929850119082586,3.1568119525909424,0,0,0,0
48,3248,80,pair_010_n5_010_conflict,conflict,1,0,0,12.46,0.29458833333333334,51968,155904,1357,11,13287,0,0,0,0,0.0,0,0,0,0,0,0,0,0,0,0,0.0,0,0.0,0.008496288507818204,10.209968566894531,0.5931704848244318,3.1568119525909424,0,0,0,0
49,3281,33,pair_017_n3_017_control,control,0,1,0,-0.72,0.2945333333333333,52496,157488,1390,11,13546,0,0,0,0,0.0,0,0,0,0,0,0,0,0,0,0,0.0,0,0.0,0.008533456971041548,10.209968566894531,0.5933297659488749,3.1568119525909424,0,0,0,0
50,3392,111,pair_013_n5_013_control,control,1,0,0,12.150000000000002,0.2943483333333333,54272,162816,1456,11,14405,0,0,0,0,0.0,0,0,0,0,0,0,0,0,0,0,0.0,0,0.0,0.008567568167147741,10.21947193145752,0.5921629599107755,3.1568119525909424,0,0,0,0
51,3398,6,pair_015_n5_015_conflict,conflict,0,1,0,-1.0,0.2943383333333333,54368,163104,1462,11,14457,0,0,0,0,0.0,0,0,0,0,0,0,0,0,0,0,0.0,0,0.0,0.008555052734093417,10.21947193145752,0.5915656746000604,3.1568119525909424,0,0,0,0
52,3417,19,pair_014_n5_014_control,control,0,1,0,-1.08,0.29430666666666666,54672,164016,1481,12,14606,0,0,0,0,0.0,0,0,0,0,0,0,0,0,0,0,0.0,0,0.0,0.008716410261472119,10.21947193145752,0.5932687489260812,3.1568119525909424,0,0,0,0
53,3571,154,pair_002_n5_002_control,control,1,0,0,11.72,0.29405,57136,171408,1550,12,15845,0,0,0,0,0.0,0,0,0,0,0,0,0,0,0,0,0.0,0,0.0,0.00912976350295645,10.21947193145752,0.5940245736642809,3.1568119525909424,0,0,0,0
54,3583,12,pair_009_n5_009_conflict,conflict,0,1,0,-1.01,0.29403,57328,171984,1562,12,15941,0,0,0,0,0.0,0,0,0,0,0,0,0,0,0,0,0.0,0,0.0,0.009138589068526952,10.21947193145752,0.5945107137865979,3.1568119525909424,0,0,0,0
55,3690,107,pair_000_n5_000_control,control,1,0,0,12.190000000000001,0.2938516666666667,59040,177120,1608,12,16876,0,0,0,0,0.0,0,0,0,0,0,0,0,0,0,0,0.0,0,0.0,0.009304755257434233,10.21947193145752,0.604856783937572,3.1568119525909424,0,0,0,0
56,3803,113,pair_016_n5_016_conflict,conflict,1,0,0,12.13,0.29366333333333333,60848,182544,1676,12,17953,0,0,0,0,0.0,0,0,0,0,0,0,0,0,0,0,0.0,0,0.0,0.009685851603683446,10.21947193145752,0.6174960904437564,3.1568119525909424,0,0,0,0
57,3904,101,pair_011_n3_011_control,control,1,0,0,12.250000000000002,0.293495,62464,187392,1724,12,18910,0,0,0,0,0.0,0,0,0,0,0,0,0,0,0,0,0.0,0,0.0,0.00995328168279811,10.21947193145752,0.6209223117268087,3.1568119525909424,0,0,0,0
58,4021,117,pair_001_n5_001_control,control,1,0,0,12.09,0.2933,64336,193008,1814,12,20048,0,0,0,0,0.0,0,0,0,0,0,0,0,0,0,0,0.0,0,0.0,0.010257286404215814,10.21947193145752,0.6289488808551859,3.1568119525909424,0,0,0,0
59,4028,7,pair_014_n3_014_conflict,conflict,0,1,0,-1.01,0.2932883333333333,64448,193344,1821,12,20114,0,0,0,0,0.0,0,0,0,0,0,0,0,0,0,0,0.0,0,0.0,0.010263434385536408,10.21947193145752,0.6284732093230859,3.1568119525909424,0,0,0,0
60,4035,7,pair_013_n3_013_control,control,0,1,0,-1.01,0.29327666666666663,64560,193680,1828,12,20185,0,0,0,0,0.0,0,0,0,0,0,0,0,0,0,0,0.0,0,0.0,0.010295969428308625,10.21947193145752,0.628721458436702,3.1568119525909424,0,0,0,0
61,4132,97,pair_007_n5_007_conflict,conflict,1,0,0,12.290000000000003,0.293115,66112,198336,1890,12,21163,0,0,0,0,0.0,0,0,0,0,0,0,0,0,0,0,0.0,0,0.0,0.010528232706756761,10.254938125610352,0.6289884985869955,3.1568119525909424,0,0,0,0
62,4218,86,pair_008_n5_008_conflict,conflict,0,1,0,0.900000000000001,0.29297166666666663,67488,202464,1942,12,22053,0,0,0,0,0.0,0,0,0,0,0,0,0,0,0,0,0.0,0,0.0,0.010732155551086317,10.254938125610352,0.6316156551173869,3.1568119525909424,0,0,0,0
63,4303,85,pair_008_n3_008_control,control,0,1,0,1.3600000000000017,0.29283,68848,206544,1990,12,22959,0,0,0,0,0.0,0,0,0,0,0,0,0,0,0,0,0.0,0,0.0,0.010842807981299758,10.254938125610352,0.6405338904301586,3.1568119525909424,0,0,0,0
64,4446,143,pair_003_n5_003_control,control,1,0,0,11.830000000000002,0.29259166666666664,71136,213408,2039,12,24571,0,0,0,0,0.0,0,0,0,0,0,0,0,0,0,0,0.0,0,0.0,0.011130468950374655,10.254938125610352,0.6484444880400572,3.184828281402588,0,0,0,0
65,4557,111,pair_017_n3_017_conflict,conflict,1,0,0,12.15,0.29240666666666665,72912,218736,2077,12,25831,0,0,0,0,0.0,0,0,0,0,0,0,0,0,0,0,0.0,0,0.0,0.011339001512925904,10.258289337158203,0.6588446152565516,3.4636313915252686,0,0,0,0
66,4607,50,pair_006_n5_006_conflict,conflict,0,1,0,0.36000000000000054,0.2923233333333333,73712,221136,2121,12,26411,0,0,0,0,0.0,0,0,0,0,0,0,0,0,0,0,0.0,0,0.0,0.011448592096185968,10.258289337158203,0.6647340719793692,3.4636313915252686,0,0,0,0
67,4695,88,pair_002_n3_002_conflict,conflict,1,0,0,12.38,0.29217666666666664,75120,225360,2163,12,27452,0,0,0,0,0.0,0,0,0,0,0,0,0,0,0,0,0.0,0,0.0,0.011507469948915655,10.258289337158203,0.6665142888018784,3.4636313915252686,0,0,0,0
68,4748,53,pair_009_n5_009_control,control,0,1,0,0.18000000000000038,0.29208833333333334,75968,227904,2208,12,28108,0,0,0,0,0.0,0,0,0,0,0,0,0,0,0,0,0.0,0,0.0,0.01158823158998005,10.258289337158203,0.6692872450148755,3.4636313915252686,0,0,0,0
69,4847,99,pair_004_n3_004_conflict,conflict,1,0,0,12.270000000000001,0.2919233333333333,77552,232656,2248,12,29366,0,0,0,0,0.0,0,0,0,0,0,0,0,0,0,0,0.0,0,0.0,0.011756626881901204,10.258289337158203,0.6694555005309586,3.4636313915252686,0,0,0,0
70,4931,84,pair_005_n5_005_control,control,1,0,0,12.420000000000002,0.29178333333333334,78896,236688,2276,12,30402,0,0,0,0,0.0,0,0,0,0,0,0,0,0,0,0,0.0,0,0.0,0.01186634875984601,10.2928466796875,0.6755182006902716,3.58807373046875,0,0,0,0
71,5012,81,pair_013_n3_013_conflict,conflict,1,0,0,12.450000000000001,0.29164833333333334,80192,240576,2322,12,31443,0,0,0,0,0.0,0,0,0,0,0,0,0,0,0,0,0.0,0,0.0,0.011899978559771072,10.2928466796875,0.6775071033869751,3.58807373046875,0,0,0,0
72,5120,108,pair_011_n3_011_control,control,0,1,0,1.1300000000000012,0.29146833333333333,81920,245760,2337,13,32835,0,0,0,0,0.0,0,0,0,0,0,0,0,0,0,0,0.0,0,0.0,0.011866343683115588,10.2928466796875,0.676183533985386,3.58807373046875,0,0,0,0
73,5209,89,pair_010_n3_010_conflict,conflict,1,0,0,12.370000000000001,0.29131999999999997,83344,250032,2361,13,33985,0,0,0,0,0.0,0,0,0,0,0,0,0,0,0,0,0.0,0,0.0,0.011937022273104836,10.2928466796875,0.6793037795784075,3.58807373046875,0,0,0,0
74,5323,114,pair_003_n5_003_conflict,conflict,1,0,0,12.120000000000001,0.29113,85168,255504,2385,13,35535,0,0,0,0,0.0,0,0,0,0,0,0,0,0,0,0,0.0,0,0.0,0.01206388428970837,10.2928466796875,0.6971168945585984,4.025179862976074,0,0,0,0
75,5410,87,pair_008_n5_008_conflict,conflict,1,0,0,12.390000000000002,0.290985,86560,259680,2432,13,36646,0,0,0,0,0.0,0,0,0,0,0,0,0,0,0,0,0.0,0,0.0,0.01208430446482678,10.2928466796875,0.6986719338002988,4.025179862976074,0,0,0,0
76,5511,101,pair_010_n5_010_control,control,1,0,0,12.250000000000002,0.29081666666666667,88176,264528,2445,13,38022,0,0,0,0,0.0,0,0,0,0,0,0,0,0,0,0,0.0,0,0.0,0.012078651751081719,10.2928466796875,0.699491148685448,4.025179862976074,0,0,0,0
77,5640,129,pair_002_n5_002_control,control,1,0,0,11.97,0.29060166666666665,90240,270720,2496,13,39782,0,0,0,0,0.0,0,0,0,0,0,0,0,0,0,0,0.0,0,0.0,0.01212869973589593,10.2928466796875,0.7059002778331043,4.025179862976074,0,0,0,0
78,5738,98,pair_015_n5_015_control,control,1,0,0,12.280000000000001,0.2904383333333333,91808,275424,2578,13,41134,0,0,0,0,0.0,0,0,0,0,0,0,0,0,0,0,0.0,0,0.0,0.012287293409245423,10.2928466796875,0.7050544260928012,4.025179862976074,0,0,0,0
79,5789,51,pair_006_n5_006_control,control,0,1,0,0.4000000000000006,0.2903533333333333,92624,277872,2613,14,41886,0,0,0,0,0.0,0,0,0,0,0,0,0,0,0,0,0.0,0,0.0,0.012293509978329217,10.2928466796875,0.7039175946754528,4.025179862976074,0,0,0,0
80,5893,104,pair_013_n3_013_control,control,1,0,0,12.22,0.29018,94288,282864,2661,16,43381,0,0,0,0,0.0,0,0,0,0,0,0,0,0,0,0,0.0,0,0.0,0.012356001584160448,10.2928466796875,0.7034750017597475,4.025179862976074,0,0,0,0
81,5984,91,pair_014_n3_014_conflict,conflict,1,0,0,12.350000000000001,0.29002833333333333,95744,287232,2710,16,44758,0,0,0,0,0.0,0,0,0,0,0,0,0,0,0,0,0.0,0,0.0,0.012325565588676705,10.2928466796875,0.7041263984996243,4.025179862976074,0,0,0,0
82,6087,103,pair_008_n5_008_control,control,1,0,0,12.23,0.28985666666666665,97392,292176,2726,16,46340,0,0,0,0,0.0,0,0,0,0,0,0,0,0,0,0,0.0,0,0.0,0.012357211139158046,10.2928466796875,0.7059049447589889,4.025179862976074,0,0,0,0
83,6193,106,pair_011_n5_011_conflict,conflict,1,0,0,12.200000000000001,0.28968,99088,297264,2763,17,47953,0,0,0,0,0.0,0,0,0,0,0,0,0,0,0,0,0.0,0,0.0,0.012397060811615549,10.2928466796875,0.710237289049079,4.025179862976074,0,0,0,0
84,6280,87,pair_003_n3_003_control,control,1,0,0,12.39,0.289535,100480,301440,2801,17,49320,0,0,0,0,0.0,0,0,0,0,0,0,0,0,0,0,0.0,0,0.0,0.012475044028947977,10.2928466796875,0.7107905823829329,4.025179862976074,0,0,0,0
85,6421,141,pair_007_n3_007_conflict,conflict,1,0,0,11.850000000000001,0.2893,102736,308208,2830,17,51483,0,0,0,0,0.0,0,0,0,0,0,0,0,0,0,0,0.0,0,0.0,0.012470757668832955,10.2928466796875,0.712252704466098,4.025179862976074,0,0,0,0
86,6552,131,pair_014_n3_014_control,control,1,0,0,11.950000000000001,0.2890816666666667,104832,314496,2869,17,53520,0,0,0,0,0.0,0,0,0,0,0,0,0,0,0,0,0.0,0,0.0,0.012519425081318753,10.2928466796875,0.7176813626845546,4.025179862976074,0,0,0,0
87,6727,175,pair_010_n5_010_conflict,conflict,1,0,0,11.510000000000002,0.28879,107632,322896,2883,17,56300,0,0,0,0,0.0,0,0,0,0,0,0,0,0,0,0,0.0,0,0.0,0.012523400113907141,10.2928466796875,0.720890710053912,4.025179862976074,0,0,0,0
88,6818,91,pair_003_n3_003_conflict,conflict,0,1,0,1.3000000000000016,0.28863833333333333,109088,327264,2914,17,57807,0,0,0,0,0.0,0,0,0,0,0,0,0,0,0,0,0.0,0,0.0,0.012587260071137038,10.2928466796875,0.7247812006905037,4.025179862976074,0,0,0,0
89,6915,97,pair_008_n3_008_control,control,1,0,0,12.290000000000001,0.28847666666666666,110640,331920,2932,17,59369,0,0,0,0,0.0,0,0,0,0,0,0,0,0,0,0,0.0,0,0.0,0.012586104255288739,10.2928466796875,0.7257457649067249,4.025179862976074,0,0,0,0
90,7005,90,pair_001_n5_001_control,control,1,0,0,12.360000000000001,0.2883266666666667,112080,336240,2958,17,60859,0,0,0,0,0.0,0,0,0,0,0,0,0,0,0,0,0.0,0,0.0,0.012635182249766534,10.2928466796875,0.7278434317388827,4.025179862976074,0,0,0,0
91,7102,97,pair_003_n5_003_control,control,1,0,0,12.290000000000001,0.288165,113632,340896,3004,17,62499,0,0,0,0,0.0,0,0,0,0,0,0,0,0,0,0,0.0,0,0.0,0.012672944179727735,10.320208549499512,0.7303765871863938,4.025179862976074,0,0,0,0
92,7206,104,pair_001_n5_001_conflict,conflict,1,0,0,12.220000000000002,0.28799166666666665,115296,345888,3037,19,64262,0,0,0,0,0.0,0,0,0,0,0,0,0,0,0,0,0.0,0,0.0,0.012755762637946767,10.320208549499512,0.7308889786805105,4.025179862976074,0,0,0,0
93,7282,76,pair_001_n3_001_conflict,conflict,0,1,0,1.200000000000001,0.287865,116512,349536,3061,19,65543,0,0,0,0,0.0,0,0,0,0,0,0,0,0,0,0,0.0,0,0.0,0.012786109937072581,10.32459545135498,0.7322524194069774,4.025179862976074,0,0,0,0
94,7284,2,pair_006_n3_006_conflict,conflict,0,1,0,-0.96,0.2878616666666667,116544,349632,3063,19,65577,0,0,0,0,0.0,0,0,0,0,0,0,0,0,0,0,0.0,0,0.0,0.012783543920392533,10.32459545135498,0.7322417972028923,4.025179862976074,0,0,0,0
95,7360,76,pair_005_n5_005_conflict,conflict,1,0,0,12.500000000000002,0.28773499999999996,117760,353280,3097,19,66856,0,0,0,0,0.0,0,0,0,0,0,0,0,0,0,0,0.0,0,0.0,0.0127901194051664,10.32459545135498,0.7348220648094708,4.025179862976074,0,0,0,0
96,7472,112,pair_013_n5_013_control,control,1,0,0,12.14,0.2875483333333333,119552,358656,3180,19,68817,0,0,0,0,0.0,0,0,0,0,0,0,0,0,0,0,0.0,0,0.0,0.012805141538413407,10.41643238067627,0.7366834555513762,4.025179862976074,0,0,0,0
97,7560,88,pair_001_n3_001_control,control,1,0,0,12.38,0.28740166666666667,120960,362880,3221,19,70304,0,0,0,0,0.0,0,0,0,0,0,0,0,0,0,0,0.0,0,0.0,0.012828123318793289,10.41643238067627,0.7369772035828126,4.025179862976074,0,0,0,0
98,7686,126,pair_008_n3_008_conflict,conflict,1,0,0,12.000000000000002,0.2871916666666667,122976,368928,3280,19,72486,0,0,0,0,0.0,0,0,0,0,0,0,0,0,0,0,0.0,0,0.0,0.012865316122480635,10.436226844787598,0.7376418559979953,4.025179862976074,0,0,0,0
99,7899,213,pair_015_n5_015_conflict,conflict,1,0,0,11.13,0.28683666666666663,126384,379152,3461,19,76382,0,0,0,0,0.0,0,0,0,0,0,0,0,0,0,0,0.0,0,0.0,0.012964188547067153,10.62194538116455,0.7401375230430052,4.025179862976074,0,0,0,0
100,7904,5,pair_006_n5_006_conflict,conflict,0,1,0,-0.84,0.2868283333333333,126464,379392,3466,19,76487,0,0,0,0,0.0,0,0,0,0,0,0,0,0,0,0,0.0,0,0.0,0.01295889540145655,10.62194538116455,0.7403010593772948,4.025179862976074,0,0,0,0
101,7995,91,pair_007_n5_007_conflict,conflict,1,0,0,12.350000000000001,0.28667666666666664,127920,383760,3523,19,78291,0,0,0,0,0.0,0,0,0,0,0,0,0,0,0,0,0.0,0,0.0,0.013002710476844353,10.62194538116455,0.740192302230459,4.025179862976074,0,0,0,0
102,8100,105,pair_012_n3_012_conflict,conflict,1,0,0,12.21,0.28650166666666665,129600,388800,3559,19,80343,0,0,0,0,0.0,0,0,0,0,0,0,0,0,0,0,0.0,0,0.0,0.013025416672820107,10.687528610229492,0.7414048778314005,4.025179862976074,0,0,0,0
103,8209,109,pair_017_n5_017_conflict,conflict,1,0,0,12.170000000000002,0.28631999999999996,131344,394032,3621,19,82471,0,0,0,0,0.0,0,0,0,0,0,0,0,0,0,0,0.0,0,0.0,0.013106514435300105,10.687528610229492,0.7449287526980669,4.025179862976074,0,0,0,0
104,8315,106,pair_012_n3_012_control,control,1,0,0,12.200000000000001,0.2861433333333333,133040,399120,3685,19,84619,0,0,0,0,0.0,0,0,0,0,0,0,0,0,0,0,0.0,0,0.0,0.013115831884462484,10.687528610229492,0.7456651994222646,4.025179862976074,0,0,0,0
105,8411,96,pair_000_n3_000_conflict,conflict,1,0,0,12.3,0.2859833333333333,134576,403728,3719,19,86642,0,0,0,0,0.0,0,0,0,0,0,0,0,0,0,0,0.0,0,0.0,0.013136892917099994,10.687528610229492,0.7473193509381293,4.025179862976074,0,0,0,0
106,8514,103,pair_014_n5_014_conflict,conflict,1,0,0,12.23,0.28581166666666663,136224,408672,3784,19,88884,0,0,0,0,0.0,0,0,0,0,0,0,0,0,0,0,0.0,0,0.0,0.013139588326117883,10.687528610229492,0.7478997806237653,4.025179862976074,0,0,0,0
107,8608,94,pair_000_n5_000_conflict,conflict,1,0,0,12.32,0.285655,137728,413184,3840,19,90845,0,0,0,0,0.0,0,0,0,0,0,0,0,0,0,0,0.0,0,0.0,0.013194854642148927,10.687528610229492,0.7506855981509707,4.025179862976074,0,0,0,0
108,8611,3,pair_012_n5_012_conflict,conflict,0,1,0,-0.92,0.28565,137776,413328,3843,19,90910,0,0,0,0,0.0,0,0,0,0,0,0,0,0,0,0,0.0,0,0.0,0.0132089633947741,10.687528610229492,0.7509580514648019,4.025179862976074,0,0,0,0
109,8722,111,pair_013_n5_013_conflict,conflict,1,0,0,12.150000000000002,0.28546499999999997,139552,418656,3906,19,93319,0,0,0,0,0.0,0,0,0,0,0,0,0,0,0,0,0.0,0,0.0,0.01326576122625305,10.687528610229492,0.7508756464481358,4.025179862976074,0,0,0,0
110,8824,102,pair_002_n3_002_control,control,1,0,0,12.240000000000002,0.28529499999999997,141184,423552,3941,19,95520,0,0,0,0,0.0,0,0,0,0,0,0,0,0,0,0,0.0,0,0.0,0.013316111374263867,10.687528610229492,0.7515900810441241,4.025179862976074,0,0,0,0
111,8828,4,pair_009_n3_009_control,control,0,1,0,-0.88,0.2852883333333333,141248,423744,3945,19,95607,0,0,0,0,0.0,0,0,0,0,0,0,0,0,0,0,0.0,0,0.0,0.013320922936525047,10.687528610229492,0.7519215661418377,4.025179862976074,0,0,0,0
112,8916,88,pair_002_n5_002_conflict,conflict,1,0,0,12.38,0.2851416666666667,142656,427968,3999,19,97484,0,0,0,0,0.0,0,0,0,0,0,0,0,0,0,0,0.0,0,0.0,0.01330330393437232,10.687528610229492,0.7547740094639869,4.025179862976074,0,0,0,0
113,9019,103,pair_016_n5_016_control,control,1,0,0,12.23,0.28497,144304,432912,4080,19,99610,0,0,0,0,0.0,0,0,0,0,0,0,0,0,0,0,0.0,0,0.0,0.013301548189346696,10.687528610229492,0.7545462097635584,4.025179862976074,0,0,0,0
114,9110,91,pair_011_n5_011_control,control,0,1,0,1.0000000000000013,0.28481833333333334,145760,437280,4146,19,101492,0,0,0,0,0.0,0,0,0,0,0,0,0,0,0,0,0.0,0,0.0,0.013303771060654722,10.687528610229492,0.7530751997576342,4.025179862976074,0,0,0,0
115,9213,103,pair_017_n5_017_control,control,1,0,0,12.23,0.28464666666666666,147408,442224,4218,19,103677,0,0,0,0,0.0,0,0,0,0,0,0,0,0,0,0,0.0,0,0.0,0.01325337227421783,10.687528610229492,0.7549784227804969,4.025179862976074,0,0,0,0
116,9309,96,pair_017_n3_017_control,control,1,0,0,12.3,0.28448666666666667,148944,446832,4284,19,105788,0,0,0,0,0.0,0,0,0,0,0,0,0,0,0,0,0.0,0,0.0,0.01329340911374904,10.687528610229492,0.7577343235135108,4.025179862976074,0,0,0,0
117,9417,108,pair_000_n5_000_control,control,1,0,0,12.180000000000001,0.28430666666666665,150672,452016,4366,19,108129,0,0,0,0,0.0,0,0,0,0,0,0,0,0,0,0,0.0,0,0.0,0.013279381274616782,10.687528610229492,0.758177885180443,4.025179862976074,0,0,0,0
118,9513,96,pair_016_n3_016_control,control,1,0,0,12.3,0.28414666666666666,152208,456624,4408,19,110251,0,0,0,0,0.0,0,0,0,0,0,0,0,0,0,0,0.0,0,0.0,0.013293426132088896,10.687528610229492,0.759666946267931,4.025179862976074,0,0,0,0
119,9600,87,pair_000_n3_000_control,control,0,1,0,1.1400000000000015,0.28400166666666665,153600,460800,4449,19,112151,0,0,0,0,0.0,0,0,0,0,0,0,0,0,0,0,0.0,0,0.0,0.013284201984253438,10.687528610229492,0.762514681359559,4.025179862976074,0,0,0,0
120,9698,98,pair_007_n3_007_control,control,1,0,0,12.280000000000001,0.2838383333333333,155168,465504,4495,19,114284,0,0,0,0,0.0,0,0,0,0,0,0,0,0,0,0,0.0,0,0.0,0.013264278534633234,10.687528610229492,0.7639043469807476,4.025179862976074,0,0,0,0
121,9785,87,pair_009_n5_009_control,control,1,0,0,12.39,0.2836933333333333,156560,469680,4531,19,116150,0,0,0,0,0.0,0,0,0,0,0,0,0,0,0,0,0.0,0,0.0,0.013251347719287125,10.687528610229492,0.7638098100067997,4.025179862976074,0,0,0,0
122,9816,31,pair_004_n5_004_control,control,0,1,0,-0.6500000000000001,0.2836416666666667,157056,471168,4555,19,116781,0,0,0,0,0.0,0,0,0,0,0,0,0,0,0,0,0.0,0,0.0,0.01326011609272022,10.687528610229492,0.7648331358694466,4.025179862976074,0,0,0,0
123,9904,88,pair_004_n5_004_conflict,conflict,0,1,0,1.1300000000000021,0.283495,158464,475392,4601,19,118745,0,0,0,0,0.0,0,0,0,0,0,0,0,0,0,0,0.0,0,0.0,0.013267541026626166,10.687528610229492,0.7645212763915537,4.025179862976074,0,0,0,0
124,10006,102,pair_009_n3_009_conflict,conflict,1,0,0,12.240000000000002,0.283325,160096,480288,4682,19,120994,0,0,0,0,0.0,0,0,0,0,0,0,0,0,0,0,0.0,0,0.0,0.013221891344000003,10.687528610229492,0.7642543871849612,4.025179862976074,0,0,0,0
125,10118,112,pair_017_n3_017_conflict,conflict,0,1,0,0.8900000000000008,0.2831383333333333,161888,485664,4752,19,123503,0,0,0,0,0.0,0,0,0,0,0,0,0,0,0,0,0.0,0,0.0,0.013309375280545597,10.687528610229492,0.76687702639288,4.025179862976074,0,0,0,0
126,10231,113,pair_011_n3_011_conflict,conflict,1,0,0,12.130000000000003,0.28295,163696,491088,4819,22,126084,0,0,0,0,0.0,0,0,0,0,0,0,0,0,0,0,0.0,0,0.0,0.013372962960955848,10.687528610229492,0.7661530961839743,4.025179862976074,0,0,0,0
127,10311,80,pair_005_n3_005_control,control,0,1,0,1.2600000000000011,0.28281666666666666,164976,494928,4848,22,127860,0,0,0,0,0.0,0,0,0,0,0,0,0,0,0,0,0.0,0,0.0,0.013465097796475515,10.687528610229492,0.7665174822808511,4.025179862976074,0,0,0,0
128,10422,111,pair_016_n3_016_conflict,conflict,1,0,0,12.150000000000002,0.28263166666666667,166752,500256,4928,22,130370,0,0,0,0,0.0,0,0,0,0,0,0,0,0,0,0,0.0,0,0.0,0.013482739704697117,10.687528610229492,0.7669051949578551,4.025179862976074,0,0,0,0
129,10517,95,pair_013_n3_013_conflict,conflict,1,0,0,12.310000000000002,0.2824733333333333,168272,504816,4977,22,132601,0,0,0,0,0.0,0,0,0,0,0,0,0,0,0,0,0.0,0,0.0,0.013531822770072083,10.687528610229492,0.7670623926697158,4.025179862976074,0,0,0,0
130,10520,3,pair_016_n5_016_conflict,conflict,0,1,0,-0.92,0.2824683333333333,168320,504960,4980,22,132685,0,0,0,0,0.0,0,0,0,0,0,0,0,0,0,0,0.0,0,0.0,0.0135294779803822,10.687528610229492,0.7670403446908332,4.025179862976074,0,0,0,0
131,10625,105,pair_015_n3_015_control,control,1,0,0,12.21,0.28229333333333334,170000,510000,5026,22,135094,0,0,0,0,0.0,0,0,0,0,0,0,0,0,0,0,0.0,0,0.0,0.013500682462728583,10.687528610229492,0.7679852266997099,4.025179862976074,0,0,0,0
132,10734,109,pair_015_n3_015_conflict,conflict,1,0,0,12.170000000000002,0.28211166666666665,171744,515232,5079,22,137639,0,0,0,0,0.0,0,0,0,0,0,0,0,0,0,0,0.0,0,0.0,0.01351741408701425,10.687528610229492,0.7681760849821248,4.025179862976074,0,0,0,0
133,10840,106,pair_004_n3_004_conflict,conflict,1,0,0,12.200000000000003,0.281935,173440,520320,5128,23,140093,0,0,0,0,0.0,0,0,0,0,0,0,0,0,0,0,0.0,0,0.0,0.01352156091266954,10.687528610229492,0.7683364964848062,4.025179862976074,0,0,0,0
134,10936,96,pair_004_n3_004_control,control,1,0,0,12.3,0.281775,174976,524928,5179,23,142368,0,0,0,0,0.0,0,0,0,0,0,0,0,0,0,0,0.0,0,0.0,0.013538244186437056,10.687528610229492,0.7684382920546202,4.025179862976074,0,0,0,0
135,11028,92,pair_002_n3_002_conflict,conflict,0,1,0,1.2900000000000031,0.28162166666666666,176448,529344,5217,27,144531,0,0,0,0,0.0,0,0,0,0,0,0,0,0,0,0,0.0,0,0.0,0.013583472642433899,10.687528610229492,0.7695720838992575,4.025179862976074,0,0,0,0
136,11124,96,pair_005_n5_005_control,control,1,0,0,12.3,0.28146166666666667,177984,533952,5284,27,146833,0,0,0,0,0.0,0,0,0,0,0,0,0,0,0,0,0.0,0,0.0,0.013616603359717124,10.687528610229492,0.7730345667473146,4.025179862976074,0,0,0,0
137,11226,102,pair_009_n5_009_conflict,conflict,1,0,0,12.240000000000002,0.28129166666666666,179616,538848,5327,27,149175,0,0,0,0,0.0,0,0,0,0,0,0,0,0,0,0,0.0,0,0.0,0.01362391427779854,10.687528610229492,0.7768775299475202,4.025179862976074,0,0,0,0
138,11329,103,pair_014_n5_014_control,control,1,0,0,12.23,0.28112,181264,543792,5397,27,151625,0,0,0,0,0.0,0,0,0,0,0,0,0,0,0,0,0.0,0,0.0,0.013632843295753908,10.687528610229492,0.7770185647442738,4.025179862976074,0,0,0,0
139,11445,116,pair_007_n5_007_control,control,0,1,0,0.6500000000000008,0.28092666666666666,183120,549360,5485,27,154463,0,0,0,0,0.0,0,0,0,0,0,0,0,0,0,0,0.0,0,0.0,0.013666996151476546,10.687528610229492,0.7803717793601408,4.025179862976074,0,0,0,0
140,11526,81,pair_010_n3_010_control,control,1,0,0,12.450000000000001,0.28079166666666666,184416,553248,5536,27,156486,0,0,0,0,0.0,0,0,0,0,0,0,0,0,0,0,0.0,0,0.0,0.013690118948993118,10.687528610229492,0.7815011199261542,4.025179862976074,0,0,0,0
141,11533,7,pair_005_n3_005_conflict,conflict,0,1,0,-0.81,0.28078,184528,553584,5543,27,156643,0,0,0,0,0.0,0,0,0,0,0,0,0,0,0,0,0.0,0,0.0,0.01368404162696795,10.687528610229492,0.7813344782939137,4.025179862976074,0,0,0,0
142,11632,99,pair_012_n5_012_control,control,1,0,0,12.270000000000001,0.280615,186112,558336,5600,27,159039,0,0,0,0,0.0,0,0,0,0,0,0,0,0,0,0,0.0,0,0.0,0.01368759761402496,10.687528610229492,0.7819136807467966,4.025179862976074,0,0,0,0
143,11720,88,pair_006_n3_006_control,control,1,0,0,12.380000000000003,0.2804683333333333,187520,562560,5639,27,161193,0,0,0,0,0.0,0,0,0,0,0,0,0,0,0,0,0.0,0,0.0,0.013719051587870915,10.687528610229492,0.7815103655882853,4.025179862976074,0,0,0,0
144,11812,92,pair_015_n3_015_conflict,conflict,1,0,0,12.340000000000002,0.280315,188992,566976,5694,27,163439,0,0,0,0,0.0,0,0,0,0,0,0,0,0,0,0,0.0,0,0.0,0.013762153136406137,10.687528610229492,0.7831274991158977,4.025179862976074,0,0,0,0
145,11911,99,pair_001_n3_001_conflict,conflict,1,0,0,12.270000000000001,0.28015,190576,571728,5743,27,165923,0,0,0,0,0.0,0,0,0,0,0,0,0,0,0,0,0.0,0,0.0,0.013772075174355755,10.687528610229492,0.7822477780646864,4.025179862976074,0,0,0,0
146,11923,12,pair_017_n5_017_conflict,conflict,0,1,0,-1.06,0.28013,190768,572304,5755,27,166225,0,0,0,0,0.0,0,0,0,0,0,0,0,0,0,0,0.0,0,0.0,0.013775016916276384,10.687528610229492,0.7823591947992653,4.025179862976074,0,0,0,0
147,12007,84,pair_010_n3_010_control,control,1,0,0,12.420000000000002,0.27998999999999996,192112,576336,5807,27,168318,0,0,0,0,0.0,0,0,0,0,0,0,0,0,0,0,0.0,0,0.0,0.013829523223358989,10.687528610229492,0.7840477947140736,4.025179862976074,0,0,0,0
148,12102,95,pair_011_n5_011_conflict,conflict,1,0,0,12.310000000000002,0.27983166666666665,193632,580896,5847,27,170623,0,0,0,0,0.0,0,0,0,0,0,0,0,0,0,0,0.0,0,0.0,0.013833462064558957,10.687528610229492,0.785097110490594,4.025179862976074,0,0,0,0
149,12190,88,pair_017_n3_017_control,control,1,0,0,12.380000000000003,0.27968499999999996,195040,585120,5889,27,172709,0,0,0,0,0.0,0,0,0,0,0,0,0,0,0,0,0.0,0,0.0,0.013848412622313691,10.687528610229492,0.7858952553741102,4.025179862976074,0,0,0,0
150,12300,110,pair_000_n3_000_conflict,conflict,1,0,0,12.16,0.27950166666666665,196800,590400,5939,27,175404,0,0,0,0,0.0,0,0,0,0,0,0,0,0,0,0,0.0,0,0.0,0.013887879774332893,10.687528610229492,0.7858708301221392,4.025179862976074,0,0,0,0
151,12444,144,pair_012_n5_012_control,control,1,0,0,11.82,0.27926166666666663,199104,597312,5988,27,178836,0,0,0,0,0.0,0,0,0,0,0,0,0,0,0,0,0.0,0,0.0,0.013926036595570417,10.687528610229492,0.7896336619993681,4.025179862976074,0,0,0,0
152,12603,159,pair_006_n5_006_control,control,0,1,0,0.6200000000000008,0.27899666666666667,201648,604944,6088,27,182580,0,0,0,0,0.0,0,0,0,0,0,0,0,0,0,0,0.0,0,0.0,0.01398953695240747,10.687528610229492,0.7911368838960626,4.025179862976074,0,0,0,0
153,12707,104,pair_016_n3_016_conflict,conflict,1,0,0,12.220000000000002,0.2788233333333333,203312,609936,6128,27,185091,0,0,0,0,0.0,0,0,0,0,0,0,0,0,0,0,0.0,0,0.0,0.014041385391516403,10.687528610229492,0.7914887837776267,4.025179862976074,0,0,0,0
154,12806,99,pair_016_n5_016_conflict,conflict,1,0,0,12.270000000000001,0.27865833333333334,204896,614688,6194,27,187459,0,0,0,0,0.0,0,0,0,0,0,0,0,0,0,0,0.0,0,0.0,0.014053200722126413,10.687528610229492,0.7931169185514865,4.025179862976074,0,0,0,0
155,12949,143,pair_010_n5_010_control,control,0,1,0,0.8300000000000005,0.27842,207184,621552,6307,27,190866,0,0,0,0,0.0,0,0,0,0,0,0,0,0,0,0,0.0,0,0.0,0.014073054819436898,10.687528610229492,0.7934369279145194,4.025179862976074,0,0,0,0
156,13044,95,pair_011_n3_011_control,control,1,0,0,12.310000000000002,0.27826166666666663,208704,626112,6349,27,193134,0,0,0,0,0.0,0,0,0,0,0,0,0,0,0,0,0.0,0,0.0,0.014089376660286868,10.687528610229492,0.7941801754718636,4.025179862976074,0,0,0,0
157,13163,119,pair_004_n5_004_control,control,0,1,0,0.920000000000001,0.27806333333333333,210608,631824,6400,27,195985,0,0,0,0,0.0,0,0,0,0,0,0,0,0,0,0,0.0,0,0.0,0.014142619120897,10.687528610229492,0.7954116233188749,4.025179862976074,0,0,0,0
158,13256,93,pair_004_n3_004_conflict,conflict,0,1,0,1.180000000000002,0.2779083333333333,212096,636288,6442,28,198174,0,0,0,0,0.0,0,0,0,0,0,0,0,0,0,0,0.0,0,0.0,0.014171792587455233,10.687528610229492,0.7976483018473342,4.025179862976074,0,0,0,0
159,13351,95,pair_007_n5_007_conflict,conflict,1,0,0,12.310000000000002,0.27775,213616,640848,6523,28,200426,0,0,0,0,0.0,0,0,0,0,0,0,0,0,0,0,0.0,0,0.0,0.014196428254886128,10.687528610229492,0.7979823441993361,4.025179862976074,0,0,0,0
160,13461,110,pair_013_n5_013_conflict,conflict,1,0,0,12.16,0.27756666666666663,215376,646128,6621,28,203089,0,0,0,0,0.0,0,0,0,0,0,0,0,0,0,0,0.0,0,0.0,0.014298394338359081,10.687528610229492,0.7993867876037627,4.025179862976074,0,0,0,0
161,13573,112,pair_010_n5_010_conflict,conflict,0,1,0,1.0900000000000007,0.27737999999999996,217168,651504,6690,28,205852,0,0,0,0,0.0,0,0,0,0,0,0,0,0,0,0,0.0,0,0.0,0.01435883199561273,10.687528610229492,0.799919561490994,4.025179862976074,0,0,0,0
162,13654,81,pair_012_n3_012_control,control,1,0,0,12.450000000000003,0.27724499999999996,218464,655392,6733,30,207816,0,0,0,0,0.0,0,0,0,0,0,0,0,0,0,0,0.0,0,0.0,0.014362575474774028,10.687528610229492,0.8010701029513032,4.025179862976074,0,0,0,0
163,13770,116,pair_017_n5_017_control,control,1,0,0,12.100000000000001,0.27705166666666664,220320,660960,6826,30,210710,0,0,0,0,0.0,0,0,0,0,0,0,0,0,0,0,0.0,0,0.0,0.014378092160317857,10.687528610229492,0.8035488376864648,4.025179862976074,0,0,0,0
164,13888,118,pair_000_n5_000_control,control,1,0,0,12.080000000000002,0.27685499999999996,222208,666624,6900,30,213644,0,0,0,0,0.0,0,0,0,0,0,0,0,0,0,0,0.0,0,0.0,0.014427888108014188,10.687528610229492,0.8035547112771643,4.025179862976074,0,0,0,0
165,13991,103,pair_014_n3_014_control,control,1,0,0,12.230000000000002,0.27668333333333334,223856,671568,6953,30,216272,0,0,0,0,0.0,0,0,0,0,0,0,0,0,0,0,0.0,0,0.0,0.01446342872485134,10.687528610229492,0.8040415668584096,4.025179862976074,0,0,0,0
166,14105,114,pair_010_n3_010_conflict,conflict,1,0,0,12.120000000000001,0.2764933333333333,225680,677040,7013,30,219119,0,0,0,0,0.0,0,0,0,0,0,0,0,0,0,0,0.0,0,0.0,0.014438028999924149,10.687528610229492,0.803560618126685,4.025179862976074,0,0,0,0
167,14193,88,pair_017_n3_017_conflict,conflict,1,0,0,12.38,0.27634666666666663,227088,681264,7053,30,221382,0,0,0,0,0.0,0,0,0,0,0,0,0,0,0,0,0.0,0,0.0,0.014476491061687472,10.687528610229492,0.8071446510823571,4.025179862976074,0,0,0,0
168,14295,102,pair_016_n3_016_control,control,1,0,0,12.240000000000002,0.2761766666666667,228720,686160,7115,32,224014,0,0,0,0,0.0,0,0,0,0,0,0,0,0,0,0,0.0,0,0.0,0.014484079336724033,10.687528610229492,0.8063070384872183,4.025179862976074,0,0,0,0
169,14390,95,pair_006_n5_006_conflict,conflict,1,0,0,12.310000000000002,0.2760183333333333,230240,690720,7194,32,226483,0,0,0,0,0.0,0,0,0,0,0,0,0,0,0,0,0.0,0,0.0,0.014496989104573144,10.687528610229492,0.8061136922789343,4.025179862976074,0,0,0,0
170,14490,100,pair_013_n5_013_control,control,1,0,0,12.260000000000002,0.27585166666666666,231840,695520,7250,32,229112,0,0,0,0,0.0,0,0,0,0,0,0,0,0,0,0,0.0,0,0.0,0.01449842293597394,10.687528610229492,0.805958240051041,4.025179862976074,0,0,0,0
171,14584,94,pair_009_n3_009_conflict,conflict,1,0,0,12.32,0.27569499999999997,233344,700032,7275,32,231534,0,0,0,0,0.0,0,0,0,0,0,0,0,0,0,0,0.0,0,0.0,0.014513194390331946,10.687528610229492,0.8049114016373858,4.025179862976074,0,0,0,0
172,14679,95,pair_015_n5_015_conflict,conflict,1,0,0,12.310000000000002,0.27553666666666665,234864,704592,7343,32,233967,0,0,0,0,0.0,0,0,0,0,0,0,0,0,0,0,0.0,0,0.0,0.014486616893709291,10.687528610229492,0.8054318234383587,4.025179862976074,0,0,0,0
173,14817,138,pair_015_n3_015_control,control,1,0,0,11.880000000000003,0.27530666666666664,237072,711216,7440,32,237502,0,0,0,0,0.0,0,0,0,0,0,0,0,0,0,0,0.0,0,0.0,0.01451933056492916,10.687528610229492,0.8067105557785125,4.025179862976074,0,0,0,0
174,14906,89,pair_012_n3_012_conflict,conflict,1,0,0,12.370000000000001,0.27515833333333334,238496,715488,7490,33,239832,0,0,0,0,0.0,0,0,0,0,0,0,0,0,0,0,0.0,0,0.0,0.014526421039894521,10.687528610229492,0.808245428541432,4.025179862976074,0,0,0,0
175,15061,155,pair_008_n5_008_control,control,0,1,0,0.31000000000000005,0.2749,240976,722928,7533,33,243875,0,0,0,0,0.0,0,0,0,0,0,0,0,0,0,0,0.0,0,0.0,0.014503209990234082,10.687528610229492,0.8094055115916644,4.025179862976074,0,0,0,0
176,15198,137,pair_000_n5_000_conflict,conflict,0,1,0,0.7400000000000009,0.27467166666666665,243168,729504,7614,36,247547,0,0,0,0,0.0,0,0,0,0,0,0,0,0,0,0,0.0,0,0.0,0.014514178917283632,10.687528610229492,0.8116232844259321,4.025179862976074,0,0,0,0
177,15314,116,pair_012_n5_012_conflict,conflict,0,1,0,1.0500000000000012,0.2744783333333333,245024,735072,7677,36,250642,0,0,0,0,0.0,0,0,0,0,0,0,0,0,0,0,0.0,0,0.0,0.014492889301624453,10.795372009277344,0.8131880785906715,4.025179862976074,0,0,0,0
178,15426,112,pair_003_n3_003_control,control,0,1,0,0.9900000000000013,0.27429166666666666,246816,740448,7720,36,253628,0,0,0,0,0.0,0,0,0,0,0,0,0,0,0,0,0.0,0,0.0,0.014469276529802405,10.795372009277344,0.8131602848978402,4.025179862976074,0,0,0,0
179,15524,98,pair_013_n3_013_conflict,conflict,1,0,0,12.280000000000001,0.2741283333333333,248384,745152,7785,36,256226,0,0,0,0,0.0,0,0,0,0,0,0,0,0,0,0,0.0,0,0.0,0.014484792855064916,10.795372009277344,0.8145004351828771,4.025179862976074,0,0,0,0
180,15639,115,pair_001_n5_001_conflict,conflict,0,1,0,0.7100000000000009,0.27393666666666666,250224,750672,7869,42,259342,0,0,0,0,0.0,0,0,0,0,0,0,0,0,0,0,0.0,0,0.0,0.014492731811757099,10.795372009277344,0.8165065387758289,4.025179862976074,0,0,0,0
181,15745,106,pair_016_n5_016_control,control,1,0,0,12.200000000000001,0.27376,251920,755760,7967,43,262256,0,0,0,0,0.0,0,0,0,0,0,0,0,0,0,0,0.0,0,0.0,0.014528336841634312,10.795372009277344,0.8201767674474848,4.025179862976074,0,0,0,0
182,15865,120,pair_007_n3_007_conflict,conflict,1,0,0,12.060000000000002,0.27355999999999997,253840,761520,8065,44,265654,0,0,0,0,0.0,0,0,0,0,0,0,0,0,0,0,0.0,0,0.0,0.014570304066162864,10.795372009277344,0.8202015729464316,4.025179862976074,0,0,0,0
183,15957,92,pair_002_n3_002_control,control,1,0,0,12.340000000000002,0.27340666666666663,255312,765936,8107,44,268191,0,0,0,0,0.0,0,0,0,0,0,0,0,0,0,0,0.0,0,0.0,0.014607857230919898,10.795372009277344,0.8227785584470306,4.025179862976074,0,0,0,0
184,16081,124,pair_005_n3_005_conflict,conflict,1,0,0,12.020000000000001,0.2732,257296,771888,8191,44,271656,0,0,0,0,0.0,0,0,0,0,0,0,0,0,0,0,0.0,0,0.0,0.014668777964209203,10.795372009277344,0.8262588744090615,4.025179862976074,0,0,0,0
185,16169,88,pair_001_n5_001_control,control,1,0,0,12.380000000000003,0.2730533333333333,258704,776112,8254,44,274120,0,0,0,0,0.0,0,0,0,0,0,0,0,0,0,0,0.0,0,0.0,0.014665946796713182,10.795372009277344,0.8276591581119134,4.025179862976074,0,0,0,0
186,16292,123,pair_003_n5_003_conflict,conflict,1,0,0,12.030000000000001,0.2728483333333333,260672,782016,8313,44,277546,0,0,0,0,0.0,0,0,0,0,0,0,0,0,0,0,0.0,0,0.0,0.014682982636961385,10.795372009277344,0.8262213152593649,4.025179862976074,0,0,0,0
187,16388,96,pair_002_n3_002_conflict,conflict,1,0,0,12.3,0.2726883333333333,262208,786624,8361,44,280242,0,0,0,0,0.0,0,0,0,0,0,0,0,0,0,0,0.0,0,0.0,0.01472389716952714,10.795372009277344,0.8305556681108304,4.040670871734619,0,0,0,0
188,16500,112,pair_001_n3_001_control,control,1,0,0,12.14,0.27250166666666664,264000,792000,8431,44,283369,0,0,0,0,0.0,0,0,0,0,0,0,0,0,0,0,0.0,0,0.0,0.01472810298281944,10.795372009277344,0.8309874198361102,4.040670871734619,0,0,0,0
189,16628,128,pair_004_n5_004_conflict,conflict,1,0,0,11.98,0.2722883333333333,266048,798144,8518,44,287005,0,0,0,0,0.0,0,0,0,0,0,0,0,0,0,0,0.0,0,0.0,0.01472538986731005,10.795372009277344,0.831287749663792,4.040670871734619,0,0,0,0
190,16746,118,pair_006_n3_006_conflict,conflict,1,0,0,12.080000000000002,0.2720916666666667,267936,803808,8600,44,290276,0,0,0,0,0.0,0,0,0,0,0,0,0,0,0,0,0.0,0,0.0,0.01474128938990714,10.964280128479004,0.8320896827877075,4.040670871734619,0,0,0,0
191,16857,111,pair_014_n3_014_conflict,conflict,1,0,0,12.150000000000002,0.27190666666666663,269712,809136,8673,48,293384,0,0,0,0,0.0,0,0,0,0,0,0,0,0,0,0,0.0,0,0.0,0.014716109965567976,11.063497543334961,0.8321475994415144,4.040670871734619,0,0,0,0
192,16974,117,pair_003_n3_003_conflict,conflict,1,0,0,12.090000000000002,0.2717116666666667,271584,814752,8717,48,296666,0,0,0,0,0.0,0,0,0,0,0,0,0,0,0,0,0.0,0,0.0,0.014722113256013525,11.063497543334961,0.8319244110858904,4.040670871734619,0,0,0,0
193,17064,90,pair_007_n3_007_control,control,1,0,0,12.360000000000001,0.27156166666666665,273024,819072,8791,48,299188,0,0,0,0,0.0,0,0,0,0,0,0,0,0,0,0,0.0,0,0.0,0.01472473054335215,11.063497543334961,0.8335712791150466,4.040670871734619,0,0,0,0
194,17150,86,pair_008_n3_008_conflict,conflict,1,0,0,12.400000000000002,0.2714183333333333,274400,823200,8825,48,301606,0,0,0,0,0.0,0,0,0,0,0,0,0,0,0,0,0.0,0,0.0,0.014714270053245907,11.063497543334961,0.8335544290839975,4.040670871734619,0,0,0,0
195,17261,111,pair_011_n3_011_conflict,conflict,1,0,0,12.150000000000002,0.2712333333333333,276176,828528,8863,48,304694,0,0,0,0,0.0,0,0,0,0,0,0,0,0,0,0,0.0,0,0.0,0.014693213253519164,11.063497543334961,0.8342251491505581,4.040670871734619,0,0,0,0
196,17355,94,pair_002_n5_002_conflict,conflict,0,1,0,1.1700000000000013,0.27107666666666663,277680,833040,8920,48,307348,0,0,0,0,0.0,0,0,0,0,0,0,0,0,0,0,0.0,0,0.0,0.014692964417927763,11.378193855285645,0.8357894945548414,4.040670871734619,0,0,0,0
197,17462,107,pair_005_n5_005_conflict,conflict,1,0,0,12.190000000000001,0.2708983333333333,279392,838176,8963,48,310284,0,0,0,0,0.0,0,0,0,0,0,0,0,0,0,0,0.0,0,0.0,0.014688371574487623,11.378193855285645,0.8360103468768331,4.040670871734619,0,0,0,0
198,17570,108,pair_011_n5_011_control,control,1,0,0,12.180000000000001,0.27071833333333334,281120,843360,9011,48,313302,0,0,0,0,0.0,0,0,0,0,0,0,0,0,0,0,0.0,0,0.0,0.014674481106460047,11.378193855285645,0.8364149574655775,4.040670871734619,0,0,0,0
199,17659,89,pair_013_n3_013_control,control,1,0,0,12.370000000000001,0.27057,282544,847632,9070,48,315803,0,0,0,0,0.0,0,0,0,0,0,0,0,0,0,0,0.0,0,0.0,0.01468548828127676,11.378193855285645,0.8380985392230252,4.315352916717529,0,0,0,0
200,17743,84,pair_004_n3_004_control,control,1,0,0,12.420000000000002,0.27043,283888,851664,9106,48,318191,0,0,0,0,0.0,0,0,0,0,0,0,0,0,0,0,0.0,0,0.0,0.01470449225673224,11.378193855285645,0.8411182299251496,4.315352916717529,0,0,0,0
201,17769,26,pair_014_n5_014_conflict,conflict,0,1,0,-1.05,0.27038666666666666,284304,852912,9132,52,318925,0,0,0,0,0.0,0,0,0,0,0,0,0,0,0,0,0.0,0,0.0,0.014700790341338154,11.378193855285645,0.8424386927700023,4.567763328552246,0,0,0,0
202,17875,106,pair_009_n5_009_control,control,1,0,0,12.200000000000001,0.27021,286000,858000,9219,55,321845,0,0,0,0,0.0,0,0,0,0,0,0,0,0,0,0,0.0,0,0.0,0.01468954235900086,11.378193855285645,0.8428659965663732,4.567763328552246,0,0,0,0
203,17963,88,pair_008_n3_008_control,control,1,0,0,12.380000000000003,0.2700633333333333,287408,862224,9276,55,324237,0,0,0,0,0.0,0,0,0,0,0,0,0,0,0,0,0.0,0,0.0,0.014683785176838928,11.378193855285645,0.8441291166555417,4.567763328552246,0,0,0,0
204,18068,105,pair_006_n3_006_control,control,1,0,0,12.21,0.26988833333333334,289088,867264,9347,60,327186,0,0,0,0,0.0,0,0,0,0,0,0,0,0,0,0,0.0,0,0.0,0.014669027997646293,11.378193855285645,0.8431564291155855,4.567763328552246,0,0,0,0
205,18191,123,pair_000_n3_000_control,control,1,0,0,12.030000000000001,0.26968333333333333,291056,873168,9423,60,330577,0,0,0,0,0.0,0,0,0,0,0,0,0,0,0,0,0.0,0,0.0,0.01468499078026721,11.378193855285645,0.8458162439347819,4.567763328552246,0,0,0,0
206,18286,95,pair_014_n5_014_control,control,1,0,0,12.310000000000002,0.269525,292576,877728,9499,60,333298,0,0,0,0,0.0,0,0,0,0,0,0,0,0,0,0,0.0,0,0.0,0.014666508944201339,11.378193855285645,0.8475525372057712,4.567763328552246,0,0,0,0
207,18386,100,pair_009_n3_009_control,control,1,0,0,12.260000000000002,0.2693583333333333,294176,882528,9567,60,336108,0,0,0,0,0.0,0,0,0,0,0,0,0,0,0,0,0.0,0,0.0,0.014646715202467185,11.378193855285645,0.8484038867458157,4.567763328552246,0,0,0,0
208,18389,3,pair_009_n5_009_conflict,conflict,0,1,0,-0.92,0.26935333333333333,294224,882672,9570,60,336191,0,0,0,0,0.0,0,0,0,0,0,0,0,0,0,0,0.0,0,0.0,0.014647722749224204,11.378193855285645,0.8485644887634457,4.567763328552246,0,0,0,0
209,18478,89,pair_015_n5_015_control,control,1,0,0,12.370000000000001,0.26920499999999997,295648,886944,9639,60,338701,0,0,0,0,0.0,0,0,0,0,0,0,0,0,0,0,0.0,0,0.0,0.014637329866211215,11.378193855285645,0.8501557347998071,4.567763328552246,0,0,0,0
210,18568,90,pair_005_n3_005_control,control,0,1,0,1.3100000000000014,0.269055,297088,891264,9669,60,341254,0,0,0,0,0.0,0,0,0,0,0,0,0,0,0,0,0.0,0,0.0,0.014617047223981664,11.378193855285645,0.8505670912193639,4.567763328552246,0,0,0,0
211,18681,113,pair_005_n5_005_control,control,1,0,0,12.13,0.26886666666666664,298896,896688,9720,60,344433,0,0,0,0,0.0,0,0,0,0,0,0,0,0,0,0,0.0,0,0.0,0.014610603038662724,11.378193855285645,0.8509374235192697,4.567763328552246,0,0,0,0
212,18791,110,pair_002_n5_002_control,control,1,0,0,12.16,0.26868333333333333,300656,901968,9757,60,347379,0,0,0,0,0.0,0,0,0,0,0,0,0,0,0,0,0.0,0,0.0,0.014585962311643615,11.378193855285645,0.8512674906752442,4.567763328552246,0,0,0,0
213,18794,3,pair_007_n5_007_control,control,0,1,0,-0.97,0.26867833333333335,300704,902112,9760,60,347453,0,0,0,0,0.0,0,0,0,0,0,0,0,0,0,0,0.0,0,0.0,0.014584358072961996,11.378193855285645,0.851243287882589,4.567763328552246,0,0,0,0
214,18876,82,pair_003_n5_003_control,control,1,0,0,12.440000000000001,0.2685416666666667,302016,906048,9815,60,349716,0,0,0,0,0.0,0,0,0,0,0,0,0,0,0,0,0.0,0,0.0,0.014577322081265949,11.378193855285645,0.8525581738860651,4.567763328552246,0,0,0,0
215,18976,100,pair_008_n5_008_conflict,conflict,1,0,0,12.260000000000002,0.268375,303616,910848,9878,60,352526,0,0,0,0,0.0,0,0,0,0,0,0,0,0,0,0,0.0,0,0.0,0.014561149568351563,11.378193855285645,0.8537547964516133,4.567763328552246,0,0,0,0
216,18980,4,pair_002_n3_002_control,control,0,1,0,-0.98,0.2683683333333333,303680,911040,9882,60,352638,0,0,0,0,0.0,0,0,0,0,0,0,0,0,0,0,0.0,0,0.0,0.014559615817037012,11.378193855285645,0.8537510665409361,4.567763328552246,0,0,0,0
217,19078,98,pair_000_n5_000_control,control,1,0,0,12.280000000000001,0.26820499999999997,305248,915744,9946,60,355356,0,0,0,0,0.0,0,0,0,0,0,0,0,0,0,0,0.0,0,0.0,0.01454669227394197,11.378193855285645,0.8555698393966011,4.567763328552246,0,0,0,0
218,19082,4,pair_005_n5_005_conflict,conflict,0,1,0,-0.88,0.2681983333333333,305312,915936,9950,60,355464,0,0,0,0,0.0,0,0,0,0,0,0,0,0,0,0,0.0,0,0.0,0.014545253259496084,11.378193855285645,0.8558644510620338,4.567763328552246,0,0,0,0
219,19196,114,pair_001_n5_001_conflict,conflict,1,0,0,12.120000000000001,0.2680083333333333,307136,921408,9970,60,358638,0,0,0,0,0.0,0,0,0,0,0,0,0,0,0,0,0.0,0,0.0,0.014543406247955222,11.475980758666992,0.8563536291944523,4.567763328552246,0,0,0,0
220,19299,103,pair_000_n5_000_conflict,conflict,1,0,0,12.23,0.26783666666666667,308784,926352,10050,61,361473,0,0,0,0,0.0,0,0,0,0,0,0,0,0,0,0,0.0,0,0.0,0.01452253147678244,11.475980758666992,0.8564496511109245,4.567763328552246,0,0,0,0
221,19409,110,pair_017_n3_017_conflict,conflict,1,0,0,12.160000000000002,0.2676533333333333,310544,931632,10117,64,364518,0,0,0,0,0.0,0,0,0,0,0,0,0,0,0,0,0.0,0,0.0,0.014505660384417146,11.475980758666992,0.8574384336210424,4.567763328552246,0,0,0,0
222,19524,115,pair_013_n3_013_conflict,conflict,1,0,0,12.110000000000001,0.26746166666666665,312384,937152,10204,67,367725,0,0,0,0,0.0,0,0,0,0,0,0,0,0,0,0,0.0,0,0.0,0.014493728946192738,11.94290542602539,0.8578942866849583,4.567763328552246,0,0,0,0
223,19608,84,pair_009_n3_009_control,control,1,0,0,12.420000000000002,0.2673216666666667,313728,941184,10262,67,370094,0,0,0,0,0.0,0,0,0,0,0,0,0,0,0,0,0.0,0,0.0,0.014461200370328874,11.94290542602539,0.8580588741604731,4.567763328552246,0,0,0,0
224,19706,98,pair_006_n5_006_conflict,conflict,1,0,0,12.280000000000001,0.26715833333333333,315296,945888,10353,67,372881,0,0,0,0,0.0,0,0,0,0,0,0,0,0,0,0,0.0,0,0.0,0.014432567112356624,11.94290542602539,0.8572177881336013,4.567763328552246,0,0,0,0
225,19796,90,pair_008_n5_008_control,control,1,0,0,12.360000000000001,0.2670083333333333,316736,950208,10415,67,375360,0,0,0,0,0.0,0,0,0,0,0,0,0,0,0,0,0.0,0,0.0,0.014412255071363567,11.94290542602539,0.8571116308554454,4.567763328552246,0,0,0,0
226,19879,83,pair_004_n3_004_conflict,conflict,1,0,0,12.430000000000001,0.26687,318064,954192,10458,67,377734,0,0,0,0,0.0,0,0,0,0,0,0,0,0,0,0,0.0,0,0.0,0.014381277484035143,11.94290542602539,0.8580619046922096,4.567763328552246,0,0,0,0
227,19970,91,pair_016_n3_016_conflict,conflict,1,0,0,12.350000000000001,0.26671833333333334,319520,958560,10508,67,380270,0,0,0,0,0.0,0,0,0,0,0,0,0,0,0,0,0.0,0,0.0,0.014348751556234331,11.94290542602539,0.8582121011818319,4.567763328552246,0,0,0,0
228,20065,95,pair_003_n5_003_control,control,1,0,0,12.310000000000002,0.26656,321040,963120,10582,67,382970,0,0,0,0,0.0,0,0,0,0,0,0,0,0,0,0,0.0,0,0.0,0.01433466641524599,11.94290542602539,0.8599778286044233,4.567763328552246,0,0,0,0
229,20164,99,pair_015_n5_015_conflict,conflict,1,0,0,12.270000000000001,0.266395,322624,967872,10663,69,385852,0,0,0,0,0.0,0,0,0,0,0,0,0,0,0,0,0.0,0,0.0,0.014296554254191114,11.94290542602539,0.861263633254979,4.567763328552246,0,0,0,0
230,20253,89,pair_017_n3_017_control,control,1,0,0,12.370000000000001,0.26624666666666663,324048,972144,10712,69,388386,0,0,0,0,0.0,0,0,0,0,0,0,0,0,0,0,0.0,0,0.0,0.01427300086477941,11.94290542602539,0.8612298927102171,4.567763328552246,0,0,0,0
231,20343,90,pair_013_n5_013_control,control,1,0,0,12.360000000000001,0.26609666666666665,325488,976464,10800,70,390950,0,0,0,0,0.0,0,0,0,0,0,0,0,0,0,0,0.0,0,0.0,0.014246687349311065,11.94290542602539,0.8607051087868322,4.567763328552246,0,0,0,0
232,20444,101,pair_001_n5_001_control,control,1,0,0,12.250000000000002,0.2659283333333333,327104,981312,10831,70,393899,0,0,0,0,0.0,0,0,0,0,0,0,0,0,0,0,0.0,0,0.0,0.014217532749224753,11.94290542602539,0.8607825568574312,4.567763328552246,0,0,0,0
233,20541,97,pair_003_n3_003_control,control,1,0,0,12.290000000000001,0.26576666666666665,328656,985968,10858,70,396670,0,0,0,0,0.0,0,0,0,0,0,0,0,0,0,0,0.0,0,0.0,0.01418187952719184,11.94290542602539,0.8605140721369465,4.567763328552246,0,0,0,0
234,20645,104,pair_009_n5_009_conflict,conflict,1,0,0,12.220000000000002,0.26559333333333335,330320,990960,10951,71,399618,0,0,0,0,0.0,0,0,0,0,0,0,0,0,0,0,0.0,0,0.0,0.014141139422052508,11.94290542602539,0.8596205852179637,4.567763328552246,0,0,0,0
235,20733,88,pair_007_n5_007_conflict,conflict,1,0,0,12.38,0.26544666666666666,331728,995184,11003,71,402144,0,0,0,0,0.0,0,0,0,0,0,0,0,0,0,0,0.0,0,0.0,0.01411780039837606,11.94290542602539,0.858942818546774,4.567763328552246,0,0,0,0
236,20835,102,pair_017_n5_017_control,control,1,0,0,12.240000000000002,0.26527666666666666,333360,1000080,11071,71,405076,0,0,0,0,0.0,0,0,0,0,0,0,0,0,0,0,0.0,0,0.0,0.014076200254855975,11.94290542602539,0.8580176938403838,4.567763328552246,0,0,0,0
237,20927,92,pair_016_n5_016_control,control,1,0,0,12.340000000000002,0.2651233333333333,334832,1004496,11145,72,407744,0,0,0,0,0.0,0,0,0,0,0,0,0,0,0,0,0.0,0,0.0,0.01404146997900916,11.94290542602539,0.8582956917651053,4.567763328552246,0,0,0,0
238,21037,110,pair_012_n5_012_conflict,conflict,1,0,0,12.160000000000002,0.26494,336592,1009776,11219,72,410958,0,0,0,0,0.0,0,0,0,0,0,0,0,0,0,0,0.0,0,0.0,0.013997880588870635,11.94290542602539,0.8588566949975576,4.567763328552246,0,0,0,0
239,21134,97,pair_000_n3_000_conflict,conflict,1,0,0,12.290000000000001,0.26477833333333334,338144,1014432,11260,72,413820,0,0,0,0,0.0,0,0,0,0,0,0,0,0,0,0,0.0,0,0.0,0.013965999899498401,11.94290542602539,0.8594599571058744,4.567763328552246,0,0,0,0
240,21222,88,pair_006_n5_006_control,control,1,0,0,12.380000000000003,0.26463166666666665,339552,1018656,11333,72,416419,0,0,0,0,0.0,0,0,0,0,0,0,0,0,0,0,0.0,0,0.0,0.013931000590232744,11.94290542602539,0.8606831472892437,4.567763328552246,0,0,0,0
241,21341,119,pair_005_n3_005_control,control,1,0,0,12.07,0.2644333333333333,341456,1024368,11372,72,419928,0,0,0,0,0.0,0,0,0,0,0,0,0,0,0,0,0.0,0,0.0,0.013887918054954334,11.94290542602539,0.8600831403793319,4.567763328552246,0,0,0,0
242,21433,92,pair_000_n3_000_control,control,1,0,0,12.340000000000002,0.26427999999999996,342928,1028784,11403,72,422622,0,0,0,0,0.0,0,0,0,0,0,0,0,0,0,0,0.0,0,0.0,0.013863219330948945,11.94290542602539,0.8604046382738773,4.567763328552246,0,0,0,0
243,21515,82,pair_008_n5_008_conflict,conflict,1,0,0,12.440000000000001,0.26414333333333334,344240,1032720,11454,72,424983,0,0,0,0,0.0,0,0,0,0,0,0,0,0,0,0,0.0,0,0.0,0.013838986861873794,11.94290542602539,0.8599653715992837,4.567763328552246,0,0,0,0
244,21618,103,pair_015_n5_015_control,control,1,0,0,12.23,0.26397166666666666,345888,1037664,11505,72,427979,0,0,0,0,0.0,0,0,0,0,0,0,0,0,0,0,0.0,0,0.0,0.01379650816478034,11.94290542602539,0.8600992809369187,4.567763328552246,0,0,0,0
245,21708,90,pair_011_n3_011_conflict,conflict,0,1,0,1.3100000000000014,0.2638216666666667,347328,1041984,11545,73,430559,0,0,0,0,0.0,0,0,0,0,0,0,0,0,0,0,0.0,0,0.0,0.013764466107862612,11.94290542602539,0.8594778114223623,4.567763328552246,0,0,0,0
246,21800,92,pair_015_n3_015_conflict,conflict,1,0,0,12.340000000000002,0.26366833333333334,348800,1046400,11584,74,433265,0,0,0,0,0.0,0,0,0,0,0,0,0,0,0,0,0.0,0,0.0,0.013738984845144383,11.94290542602539,0.8613892146291365,4.567763328552246,0,0,0,0
247,21904,104,pair_016_n5_016_conflict,conflict,1,0,0,12.220000000000002,0.263495,350464,1051392,11667,75,436259,0,0,0,0,0.0,0,0,0,0,0,0,0,0,0,0,0.0,0,0.0,0.013694909061387896,11.94290542602539,0.8608290610815058,4.567763328552246,0,0,0,0
248,22001,97,pair_010_n5_010_control,control,0,1,0,1.2400000000000015,0.2633333333333333,352016,1056048,11702,75,439070,0,0,0,0,0.0,0,0,0,0,0,0,0,0,0,0,0.0,0,0.0,0.013661206585655965,11.94290542602539,0.8601657075593342,4.567763328552246,0,0,0,0
249,22094,93,pair_003_n3_003_conflict,conflict,1,0,0,12.330000000000002,0.2631783333333333,353504,1060512,11754,75,441747,0,0,0,0,0.0,0,0,0,0,0,0,0,0,0,0,0.0,0,0.0,0.013637635441609026,11.94290542602539,0.8594783997654509,4.567763328552246,0,0,0,0
250,22172,78,pair_009_n3_009_conflict,conflict,1,0,0,12.480000000000002,0.26304833333333333,354752,1064256,11797,75,443969,0,0,0,0,0.0,0,0,0,0,0,0,0,0,0,0,0.0,0,0.0,0.013606912723568962,11.94290542602539,0.8599462489768541,4.567763328552246,0,0,0,0
251,22257,85,pair_012_n3_012_conflict,conflict,1,0,0,12.410000000000002,0.2629066666666667,356112,1068336,11829,75,446389,0,0,0,0,0.0,0,0,0,0,0,0,0,0,0,0,0.0,0,0.0,0.013575725279929054,11.94290542602539,0.8596414905546932,4.567763328552246,0,0,0,0
252,22360,103,pair_012_n3_012_control,control,1,0,0,12.23,0.262735,357760,1073280,11877,75,449265,0,0,0,0,0.0,0,0,0,0,0,0,0,0,0,0,0.0,0,0.0,0.013538700584864071,11.94290542602539,0.8606452173477602,4.567763328552246,0,0,0,0
253,22396,36,pair_014_n5_014_control,control,0,1,0,-0.3500000000000001,0.262675,358336,1075008,11913,76,450274,0,0,0,0,0.0,0,0,0,0,0,0,0,0,0,0,0.0,0,0.0,0.013527827328993935,11.94290542602539,0.8607679818175363,4.567763328552246,0,0,0,0
254,22490,94,pair_004_n5_004_control,control,1,0,0,12.32,0.2625183333333333,359840,1079520,11951,76,452899,0,0,0,0,0.0,0,0,0,0,0,0,0,0,0,0,0.0,0,0.0,0.013512684683976962,11.94290542602539,0.8615995175174942,4.567763328552246,0,0,0,0
255,22580,90,pair_011_n5_011_conflict,conflict,1,0,0,12.360000000000001,0.2623683333333333,361280,1083840,11979,76,455492,0,0,0,0,0.0,0,0,0,0,0,0,0,0,0,0,0.0,0,0.0,0.013490702325714301,11.94290542602539,0.8608160962804366,4.567763328552246,0,0,0,0
256,22694,114,pair_005_n3_005_conflict,conflict,1,0,0,12.120000000000003,0.2621783333333333,363104,1089312,12027,76,458598,0,0,0,0,0.0,0,0,0,0,0,0,0,0,0,0,0.0,0,0.0,0.013450659921719765,11.94290542602539,0.8609939811324777,4.567763328552246,0,0,0,0
257,22790,96,pair_014_n3_014_control,control,1,0,0,12.3,0.26201833333333335,364640,1093920,12094,76,461324,0,0,0,0,0.0,0,0,0,0,0,0,0,0,0,0,0.0,0,0.0,0.013417200885474217,11.94290542602539,0.8608593397766855,4.567763328552246,0,0,0,0
258,22896,106,pair_001_n3_001_control,control,1,0,0,12.200000000000001,0.26184166666666664,366336,1099008,12147,76,464284,0,0,0,0,0.0,0,0,0,0,0,0,0,0,0,0,0.0,0,0.0,0.013379186518968397,11.94290542602539,0.8603611695101019,4.567763328552246,0,0,0,0
259,22901,5,pair_016_n3_016_control,control,0,1,0,-0.89,0.2618333333333333,366416,1099248,12152,77,464415,0,0,0,0,0.0,0,0,0,0,0,0,0,0,0,0,0.0,0,0.0,0.013377381775725485,11.94290542602539,0.8603450536546854,4.567763328552246,0,0,0,0
260,22986,85,pair_008_n3_008_conflict,conflict,1,0,0,12.410000000000002,0.26169166666666666,367776,1103328,12208,77,466823,0,0,0,0,0.0,0,0,0,0,0,0,0,0,0,0,0.0,0,0.0,0.013362124552422302,11.94290542602539,0.8605724521888729,4.567763328552246,0,0,0,0
261,23077,91,pair_006_n3_006_conflict,conflict,1,0,0,12.350000000000001,0.26154,369232,1107696,12271,78,469406,0,0,0,0,0.0,0,0,0,0,0,0,0,0,0,0,0.0,0,0.0,0.013332831883024414,11.94290542602539,0.8603855250002538,4.567763328552246,0,0,0,0
262,23167,90,pair_002_n5_002_control,control,1,0,0,12.360000000000001,0.26139,370672,1112016,12330,78,471899,0,0,0,0,0.0,0,0,0,0,0,0,0,0,0,0,0.0,0,0.0,0.013310361428418389,11.94290542602539,0.8604092324369591,4.567763328552246,0,0,0,0
263,23263,96,pair_011_n5_011_control,control,1,0,0,12.3,0.26122999999999996,372208,1116624,12393,78,474597,0,0,0,0,0.0,0,0,0,0,0,0,0,0,0,0,0.0,0,0.0,0.013271626589071678,11.94290542602539,0.8615192382955583,4.567763328552246,0,0,0,0
264,23351,88,pair_001_n3_001_conflict,conflict,1,0,0,12.38,0.26108333333333333,373616,1120848,12436,78,477030,0,0,0,0,0.0,0,0,0,0,0,0,0,0,0,0,0.0,0,0.0,0.013246308959203541,12.105700492858887,0.8622565413921532,4.567763328552246,0,0,0,0
265,23459,108,pair_012_n5_012_control,control,1,0,0,12.180000000000001,0.2609033333333333,375344,1126032,12524,81,480085,0,0,0,0,0.0,0,0,0,0,0,0,0,0,0,0,0.0,0,0.0,0.013218351374109313,12.105700492858887,0.8621698219937005,4.567763328552246,0,0,0,0
266,23553,94,pair_009_n5_009_control,control,1,0,0,12.32,0.2607466666666667,376848,1130544,12613,83,482765,0,0,0,0,0.0,0,0,0,0,0,0,0,0,0,0,0.0,0,0.0,0.013186533683888007,12.105700492858887,0.8625882116491148,4.567763328552246,0,0,0,0
267,23649,96,pair_014_n3_014_conflict,conflict,1,0,0,12.300000000000002,0.26058666666666663,378384,1135152,12655,84,485457,0,0,0,0,0.0,0,0,0,0,0,0,0,0,0,0,0.0,0,0.0,0.013166302265826574,12.105700492858887,0.86146705609351,4.567763328552246,0,0,0,0
268,23736,87,pair_008_n3_008_control,control,1,0,0,12.39,0.2604416666666667,379776,1139328,12707,84,487937,0,0,0,0,0.0,0,0,0,0,0,0,0,0,0,0,0.0,0,0.0,0.013138599411495856,12.105700492858887,0.8604809967279127,4.567763328552246,0,0,0,0
269,23823,87,pair_017_n5_017_conflict,conflict,1,0,0,12.39,0.2602966666666667,381168,1143504,12778,85,490454,0,0,0,0,0.0,0,0,0,0,0,0,0,0,0,0,0.0,0,0.0,0.013116152663484704,12.105700492858887,0.8600572437401832,4.567763328552246,0,0,0,0
270,23914,91,pair_010_n3_010_conflict,conflict,1,0,0,12.350000000000001,0.26014499999999996,382624,1147872,12833,85,493071,0,0,0,0,0.0,0,0,0,0,0,0,0,0,0,0,0.0,0,0.0,0.013089862361497848,12.105700492858887,0.86002953853265,4.567763328552246,0,0,0,0
271,24015,101,pair_011_n3_011_control,control,1,0,0,12.250000000000002,0.25997666666666663,384240,1152720,12878,85,495926,0,0,0,0,0.0,0,0,0,0,0,0,0,0,0,0,0.0,0,0.0,0.013061675288394503,12.105700492858887,0.8594285383940754,4.567763328552246,0,0,0,0
272,24103,88,pair_010_n3_010_control,control,1,0,0,12.38,0.25983,385648,1156944,12934,85,498429,0,0,0,0,0.0,0,0,0,0,0,0,0,0,0,0,0.0,0,0.0,0.01303373746625564,12.105700492858887,0.8585890635355162,4.567763328552246,0,0,0,0
273,24198,95,pair_002_n3_002_conflict,conflict,1,0,0,12.310000000000002,0.25967166666666663,387168,1161504,12973,86,501148,0,0,0,0,0.0,0,0,0,0,0,0,0,0,0,0,0.0,0,0.0,0.01299880706351469,12.105700492858887,0.8580738833355464,4.567763328552246,0,0,0,0
274,24293,95,pair_007_n3_007_conflict,conflict,1,0,0,12.310000000000002,0.2595133333333333,388688,1166064,13043,86,503846,0,0,0,0,0.0,0,0,0,0,0,0,0,0,0,0,0.0,0,0.0,0.01296166277509224,12.105700492858887,0.8579170599683935,4.567763328552246,0,0,0,0
275,24388,95,pair_006_n3_006_control,control,1,0,0,12.310000000000002,0.259355,390208,1170624,13114,87,506595,0,0,0,0,0.0,0,0,0,0,0,0,0,0,0,0,0.0,0,0.0,0.012931051783204316,12.105700492858887,0.8575023195400195,4.567763328552246,0,0,0,0
276,24469,81,pair_015_n3_015_control,control,1,0,0,12.450000000000003,0.25922,391504,1174512,13157,87,508869,0,0,0,0,0.0,0,0,0,0,0,0,0,0,0,0,0.0,0,0.0,0.012906987503985798,12.105700492858887,0.8572360182102519,4.567763328552246,0,0,0,0
277,24555,86,pair_004_n5_004_conflict,conflict,1,0,0,12.400000000000002,0.2590766666666667,392880,1178640,13221,87,511320,0,0,0,0,0.0,0,0,0,0,0,0,0,0,0,0,0.0,0,0.0,0.01287205773857963,12.105700492858887,0.8562506651386355,4.567763328552246,0,0,0,0
278,24645,90,pair_007_n3_007_control,control,0,1,0,1.3100000000000014,0.25892666666666664,394320,1182960,13278,88,513940,0,0,0,0,0.0,0,0,0,0,0,0,0,0,0,0,0.0,0,0.0,0.012844143968313375,12.105700492858887,0.8558090869440108,4.567763328552246,0,0,0,0
279,24650,5,pair_014_n5_014_conflict,conflict,0,1,0,-0.94,0.2589183333333333,394400,1183200,13283,88,514074,0,0,0,0,0.0,0,0,0,0,0,0,0,0,0,0,0.0,0,0.0,0.012842250682014389,12.105700492858887,0.8557953346885635,4.567763328552246,0,0,0,0
280,24745,95,pair_007_n5_007_control,control,1,0,0,12.310000000000002,0.25876,395920,1187760,13362,88,516790,0,0,0,0,0.0,0,0,0,0,0,0,0,0,0,0,0.0,0,0.0,0.012809918103989315,12.105700492858887,0.8550526193052735,4.567763328552246,0,0,0,0
281,24865,120,pair_004_n3_004_control,control,1,0,0,12.06,0.25856,397840,1193520,13441,90,520254,0,0,0,0,0.0,0,0,0,0,0,0,0,0,0,0,0.0,0,0.0,0.012776656961559526,12.105700492858887,0.8540385116747171,4.567763328552246,0,0,0,0
282,24961,96,pair_010_n5_010_conflict,conflict,0,1,0,1.2500000000000013,0.25839999999999996,399376,1198128,13493,90,523023,0,0,0,0,0.0,0,0,0,0,0,0,0,0,0,0,0.0,0,0.0,0.01274308235076593,12.105700492858887,0.8526227849394497,4.567763328552246,0,0,0,0
283,25047,86,pair_013_n5_013_conflict,conflict,1,0,0,12.400000000000002,0.25825666666666663,400752,1202256,13551,90,525517,0,0,0,0,0.0,0,0,0,0,0,0,0,0,0,0,0.0,0,0.0,0.012715518696337682,12.105700492858887,0.8527277745452992,4.567763328552246,0,0,0,0
284,25141,94,pair_003_n5_003_conflict,conflict,1,0,0,12.320000000000002,0.2581,402256,1206768,13615,90,528244,0,0,0,0,0.0,0,0,0,0,0,0,0,0,0,0,0.0,0,0.0,0.01269322142417412,12.105700492858887,0.8526564400822699,4.567763328552246,0,0,0,0
285,25229,88,pair_002_n5_002_conflict,conflict,1,0,0,12.380000000000003,0.2579533333333333,403664,1210992,13663,92,530803,0,0,0,0,0.0,0,0,0,0,0,0,0,0,0,0,0.0,0,0.0,0.012684641919848362,12.105700492858887,0.8522089397427454,4.567763328552246,0,0,0,0
286,25323,94,pair_005_n5_005_control,control,1,0,0,12.32,0.2577966666666667,405168,1215504,13721,92,533540,0,0,0,0,0.0,0,0,0,0,0,0,0,0,0,0,0.0,0,0.0,0.012653546994988545,12.105700492858887,0.8516903331151162,4.567763328552246,0,0,0,0
287,25325,2,pair_013_n3_013_control,control,0,1,0,-0.96,0.2577933333333333,405200,1215600,13723,92,533599,0,0,0,0,0.0,0,0,0,0,0,0,0,0,0,0,0.0,0,0.0,0.012652787259404193,12.105700492858887,0.8517068391478633,4.567763328552246,0,0,0,0
288,25421,96,pair_015_n3_015_control,control,1,0,0,12.3,0.2576333333333333,406736,1220208,13762,92,536351,0,0,0,0,0.0,0,0,0,0,0,0,0,0,0,0,0.0,0,0.0,0.012618276417859103,12.105700492858887,0.851540004126433,4.567763328552246,0,0,0,0
289,25510,89,pair_016_n3_016_conflict,conflict,1,0,0,12.370000000000001,0.25748499999999996,408160,1224480,13824,92,538919,0,0,0,0,0.0,0,0,0,0,0,0,0,0,0,0,0.0,0,0.0,0.01258914803732177,12.105700492858887,0.8506995803879895,4.567763328552246,0,0,0,0
290,25599,89,pair_016_n5_016_conflict,conflict,1,0,0,12.370000000000001,0.25733666666666666,409584,1228752,13896,93,541513,0,0,0,0,0.0,0,0,0,0,0,0,0,0,0,0,0.0,0,0.0,0.012578043909099276,12.105700492858887,0.8509548330444003,4.567763328552246,0,0,0,0
291,25687,88,pair_012_n5_012_conflict,conflict,1,0,0,12.38,0.25719,410992,1232976,13960,95,544121,0,0,0,0,0.0,0,0,0,0,0,0,0,0,0,0,0.0,0,0.0,0.012551484519907648,12.105700492858887,0.8512063925506377,4.567763328552246,0,0,0,0
292,25787,100,pair_005_n5_005_conflict,conflict,1,0,0,12.260000000000002,0.2570233333333333,412592,1237776,14019,95,546992,0,0,0,0,0.0,0,0,0,0,0,0,0,0,0,0,0.0,0,0.0,0.012519107351128895,12.105700492858887,0.8501587887384339,4.567763328552246,0,0,0,0
293,25889,102,pair_014_n3_014_conflict,conflict,1,0,0,12.240000000000002,0.2568533333333333,414224,1242672,14101,101,550033,0,0,0,0,0.0,0,0,0,0,0,0,0,0,0,0,0.0,0,0.0,0.012493243010182325,12.105700492858887,0.8496398601807333,4.567763328552246,0,0,0,0
294,25968,79,pair_008_n3_008_control,control,1,0,0,12.470000000000002,0.2567216666666666,415488,1246464,14154,101,552299,0,0,0,0,0.0,0,0,0,0,0,0,0,0,0,0,0.0,0,0.0,0.012471302982673231,12.105700492858887,0.8494015980407323,4.567763328552246,0,0,0,0
295,26054,86,pair_001_n3_001_control,control,1,0,0,12.400000000000002,0.25657833333333335,416864,1250592,14216,101,554837,0,0,0,0,0.0,0,0,0,0,0,0,0,0,0,0,0.0,0,0.0,0.012448213246033355,12.105700492858887,0.8485982912885205,4.567763328552246,0,0,0,0
296,26146,92,pair_006_n3_006_control,control,1,0,0,12.340000000000002,0.256425,418336,1255008,14278,102,557536,0,0,0,0,0.0,0,0,0,0,0,0,0,0,0,0,0.0,0,0.0,0.012421304925575966,12.105700492858887,0.8482916791942793,4.567763328552246,0,0,0,0
297,26223,77,pair_011_n5_011_control,control,1,0,0,12.490000000000002,0.2562966666666667,419568,1258704,14326,102,559808,0,0,0,0,0.0,0,0,0,0,0,0,0,0,0,0,0.0,0,0.0,0.012394478163275853,12.105700492858887,0.8480037894111032,4.567763328552246,0,0,0,0
298,26310,87,pair_014_n5_014_conflict,conflict,1,0,0,12.39,0.25615166666666667,420960,1262880,14402,102,562398,0,0,0,0,0.0,0,0,0,0,0,0,0,0,0,0,0.0,0,0.0,0.012368035521270974,12.105700492858887,0.8478899947428847,4.567763328552246,0,0,0,0
299,26393,83,pair_004_n3_004_control,control,1,0,0,12.430000000000003,0.2560133333333333,422288,1266864,14455,102,564870,0,0,0,0,0.0,0,0,0,0,0,0,0,0,0,0,0.0,0,0.0,0.012342907557882454,12.105700492858887,0.8472148679427327,4.567763328552246,0,0,0,0
300,26492,99,pair_000_n3_000_control,control,1,0,0,12.270000000000001,0.25584833333333334,423872,1271616,14505,102,567887,0,0,0,0,0.0,0,0,0,0,0,0,0,0,0,0,0.0,0,0.0,0.012315335560178836,12.105700492858887,0.8475012615483795,4.567763328552246,0,0,0,0
301,26588,96,pair_015_n5_015_control,control,1,0,0,12.3,0.2556883333333333,425408,1276224,14582,102,570700,0,0,0,0,0.0,0,0,0,0,0,0,0,0,0,0,0.0,0,0.0,0.012284612897880874,12.105700492858887,0.846733882482781,4.567763328552246,0,0,0,0
302,26612,24,pair_017_n3_017_conflict,conflict,0,1,0,-0.5300000000000001,0.2556483333333333,425792,1277376,14606,102,571390,0,0,0,0,0.0,0,0,0,0,0,0,0,0,0,0,0.0,0,0.0,0.012278145408618562,12.105700492858887,0.8466550705160856,4.567763328552246,0,0,0,0
303,26710,98,pair_012_n3_012_conflict,conflict,1,0,0,12.280000000000001,0.25548499999999996,427360,1282080,14654,102,574252,0,0,0,0,0.0,0,0,0,0,0,0,0,0,0,0,0.0,0,0.0,0.012252842306464161,12.105700492858887,0.8474593576054305,4.567763328552246,0,0,0,0
304,26777,67,pair_006_n3_006_conflict,conflict,0,1,0,0.14000000000000057,0.25537333333333334,428432,1285296,14700,102,576195,0,0,0,0,0.0,0,0,0,0,0,0,0,0,0,0,0.0,0,0.0,0.012229496726225053,12.105700492858887,0.8467631330867709,4.567763328552246,0,0,0,0
305,26859,82,pair_008_n5_008_conflict,conflict,1,0,0,12.440000000000001,0.25523666666666667,429744,1289232,14755,102,578594,0,0,0,0,0.0,0,0,0,0,0,0,0,0,0,0,0.0,0,0.0,0.01220487255857601,12.105700492858887,0.8459807284785372,4.567763328552246,0,0,0,0
306,26938,79,pair_002_n3_002_conflict,conflict,1,0,0,12.470000000000002,0.25510499999999997,431008,1293024,14795,102,580972,0,0,0,0,0.0,0,0,0,0,0,0,0,0,0,0,0.0,0,0.0,0.012189177211505364,12.105700492858887,0.8452746321753716,4.567763328552246,0,0,0,0
307,27022,84,pair_017_n3_017_control,control,1,0,0,12.420000000000002,0.254965,432352,1297056,14846,102,583407,0,0,0,0,0.0,0,0,0,0,0,0,0,0,0,0,0.0,0,0.0,0.012161033521524547,12.105700492858887,0.8454413048495784,4.567763328552246,0,0,0,0
308,27113,91,pair_005_n3_005_conflict,conflict,1,0,0,12.350000000000001,0.25481333333333334,433808,1301424,14903,104,586077,0,0,0,0,0.0,0,0,0,0,0,0,0,0,0,0,0.0,0,0.0,0.01213688079978261,12.105700492858887,0.8453312137288213,4.567763328552246,0,0,0,0
309,27197,84,pair_001_n3_001_conflict,conflict,1,0,0,12.420000000000002,0.2546733333333333,435152,1305456,14954,104,588568,0,0,0,0,0.0,0,0,0,0,0,0,0,0,0,0,0.0,0,0.0,0.012115040614826315,12.105700492858887,0.845112031735936,4.567763328552246,0,0,0,0
310,27304,107,pair_001_n5_001_conflict,conflict,1,0,0,12.190000000000001,0.25449499999999997,436864,1310592,15046,104,591730,0,0,0,0,0.0,0,0,0,0,0,0,0,0,0,0,0.0,0,0.0,0.01208393009142188,12.105700492858887,0.8449277018745769,4.567763328552246,0,0,0,0
311,27308,4,pair_015_n5_015_conflict,conflict,0,1,0,-0.9299999999999999,0.2544883333333333,436928,1310784,15050,104,591854,0,0,0,0,0.0,0,0,0,0,0,0,0,0,0,0,0.0,0,0.0,0.012082662736343104,12.105700492858887,0.8449588816865194,4.567763328552246,0,0,0,0
312,27399,91,pair_010_n5_010_control,control,1,0,0,12.350000000000001,0.25433666666666666,438384,1315152,15110,104,594523,0,0,0,0,0.0,0,0,0,0,0,0,0,0,0,0,0.0,0,0.0,0.01206193251383286,12.241024017333984,0.8448310885993086,4.567763328552246,0,0,0,0
313,27479,80,pair_000_n3_000_conflict,conflict,1,0,0,12.46,0.25420333333333334,439664,1318992,15164,104,596886,0,0,0,0,0.0,0,0,0,0,0,0,0,0,0,0,0.0,0,0.0,0.012051398536742846,12.241024017333984,0.8447740771731981,4.567763328552246,0,0,0,0
314,27596,117,pair_004_n5_004_control,control,1,0,0,12.090000000000002,0.25400833333333334,441536,1324608,15248,105,600361,0,0,0,0,0.0,0,0,0,0,0,0,0,0,0,0,0.0,0,0.0,0.01202548498065325,12.241024017333984,0.843766587303706,4.567763328552246,0,0,0,0
315,27684,88,pair_016_n5_016_control,control,1,0,0,12.38,0.25386166666666665,442944,1328832,15332,106,603008,0,0,0,0,0.0,0,0,0,0,0,0,0,0,0,0,0.0,0,0.0,0.012006121752825014,12.241024017333984,0.8432638188746683,4.567763328552246,0,0,0,0
316,27753,69,pair_003_n5_003_control,control,0,1,0,1.0700000000000016,0.2537466666666667,444048,1332144,15372,107,605044,0,0,0,0,0.0,0,0,0,0,0,0,0,0,0,0,0.0,0,0.0,0.011987750688873613,12.241024017333984,0.84341371256273,4.567763328552246,0,0,0,0
317,27860,107,pair_016_n3_016_control,control,1,0,0,12.190000000000001,0.25356833333333334,445760,1337280,15433,107,608290,0,0,0,0,0.0,0,0,0,0,0,0,0,0,0,0,0.0,0,0.0,0.011958789375393008,12.241024017333984,0.8434257273063497,4.567763328552246,0,0,0,0
318,27949,89,pair_009_n3_009_conflict,conflict,1,0,0,12.370000000000001,0.25342,447184,1341552,15456,107,610940,0,0,0,0,0.0,0,0,0,0,0,0,0,0,0,0,0.0,0,0.0,0.01194369605178331,12.241024017333984,0.8434511107117068,4.567763328552246,0,0,0,0
319,28044,95,pair_012_n3_012_control,control,1,0,0,12.310000000000002,0.25326166666666666,448704,1346112,15500,107,613812,0,0,0,0,0.0,0,0,0,0,0,0,0,0,0,0,0.0,0,0.0,0.011917068694347778,12.241024017333984,0.8436281238196384,4.567763328552246,0,0,0,0
320,28138,94,pair_010_n3_010_control,control,1,0,0,12.32,0.25310499999999997,450208,1350624,15528,107,616648,0,0,0,0,0.0,0,0,0,0,0,0,0,0,0,0,0.0,0,0.0,0.011893790371274998,12.241024017333984,0.8438479919760399,4.567763328552246,0,0,0,0
321,28234,96,pair_007_n3_007_control,control,1,0,0,12.3,0.252945,451744,1355232,15553,107,619448,0,0,0,0,0.0,0,0,0,0,0,0,0,0,0,0,0.0,0,0.0,0.011869570701882935,12.241024017333984,0.8432686677732467,4.567763328552246,0,0,0,0
322,28339,105,pair_002_n5_002_control,control,1,0,0,12.21,0.25277,453424,1360272,15587,107,622514,0,0,0,0,0.0,0,0,0,0,0,0,0,0,0,0,0.0,0,0.0,0.011849011684774258,12.241024017333984,0.8435349790199641,4.567763328552246,0,0,0,0
323,28430,91,pair_001_n5_001_control,control,1,0,0,12.350000000000001,0.25261833333333333,454880,1364640,15640,107,625164,0,0,0,0,0.0,0,0,0,0,0,0,0,0,0,0,0.0,0,0.0,0.01183050072440601,12.241024017333984,0.842761908417795,4.567763328552246,0,0,0,0
324,28538,108,pair_011_n3_011_conflict,conflict,1,0,0,12.180000000000001,0.2524383333333333,456608,1369824,15662,107,628261,0,0,0,0,0.0,0,0,0,0,0,0,0,0,0,0,0.0,0,0.0,0.011802952795775805,12.241024017333984,0.8420062147152564,4.567763328552246,0,0,0,0
325,28622,84,pair_010_n5_010_conflict,conflict,1,0,0,12.420000000000002,0.2522983333333333,457952,1373856,15711,107,630652,0,0,0,0,0.0,0,0,0,0,0,0,0,0,0,0,0.0,0,0.0,0.011778348198928227,12.241024017333984,0.8409918085335837,4.567763328552246,0,0,0,0
326,28722,100,pair_013_n5_013_control,control,1,0,0,12.260000000000002,0.25213166666666664,459552,1378656,15774,107,633536,0,0,0,0,0.0,0,0,0,0,0,0,0,0,0,0,0.0,0,0.0,0.011748858588626081,12.241024017333984,0.8400137850204876,4.567763328552246,0,0,0,0
327,28726,4,pair_007_n3_007_conflict,conflict,0,1,0,-0.88,0.252125,459616,1378848,15778,107,633662,0,0,0,0,0.0,0,0,0,0,0,0,0,0,0,0,0.0,0,0.0,0.011747664931895715,12.241024017333984,0.8399835565280913,4.567763328552246,0,0,0,0
328,28822,96,pair_014_n5_014_control,control,1,0,0,12.3,0.251965,461152,1383456,15857,107,636461,0,0,0,0,0.0,0,0,0,0,0,0,0,0,0,0,0.0,0,0.0,0.011725623356105356,12.241024017333984,0.8402183119162512,4.567763328552246,0,0,0,0
329,28918,96,pair_003_n3_003_control,control,1,0,0,12.3,0.251805,462688,1388064,15918,107,639158,0,0,0,0,0.0,0,0,0,0,0,0,0,0,0,0,0.0,0,0.0,0.011700609558414178,12.241024017333984,0.8395546949543592,4.567763328552246,0,0,0,0
330,29030,112,pair_006_n5_006_conflict,conflict,0,1,0,0.9900000000000009,0.25161833333333333,464480,1393440,15987,107,642371,0,0,0,0,0.0,0,0,0,0,0,0,0,0,0,0,0.0,0,0.0,0.011687106143336536,12.241024017333984,0.8387666918286657,4.567763328552246,0,0,0,0
331,29122,92,pair_011_n3_011_control,control,1,0,0,12.340000000000002,0.251465,465952,1397856,16005,109,644941,0,0,0,0,0.0,0,0,0,0,0,0,0,0,0,0,0.0,0,0.0,0.011674488641862709,12.241024017333984,0.8389421517240985,4.567763328552246,0,0,0,0
332,29282,160,pair_009_n5_009_conflict,conflict,0,1,0,0.5600000000000009,0.2511983333333333,468512,1405536,16132,109,649534,0,0,0,0,0.0,0,0,0,0,0,0,0,0,0,0,0.0,0,0.0,0.01165442535613252,12.301783561706543,0.8388818910563747,4.567763328552246,0,0,0,0
333,29374,92,pair_005_n3_005_control,control,1,0,0,12.340000000000002,0.25104499999999996,469984,1409952,16184,109,652181,0,0,0,0,0.0,0,0,0,0,0,0,0,0,0,0,0.0,0,0.0,0.011642810374674567,12.301783561706543,0.8392527505732977,4.567763328552246,0,0,0,0
334,29474,100,pair_009_n5_009_control,control,1,0,0,12.260000000000002,0.2508783333333333,471584,1414752,16260,109,655085,0,0,0,0,0.0,0,0,0,0,0,0,0,0,0,0,0.0,0,0.0,0.011618421139079925,12.301783561706543,0.8396332298883296,4.567763328552246,0,0,0,0
335,29577,103,pair_004_n5_004_conflict,conflict,0,1,0,1.1300000000000017,0.25070666666666663,473232,1419696,16336,110,658093,0,0,0,0,0.0,0,0,0,0,0,0,0,0,0,0,0.0,0,0.0,0.011590599422126733,12.301783561706543,0.8396768441940367,4.567763328552246,0,0,0,0
336,29653,76,pair_013_n5_013_conflict,conflict,1,0,0,12.500000000000002,0.25057999999999997,474448,1423344,16394,110,660298,0,0,0,0,0.0,0,0,0,0,0,0,0,0,0,0,0.0,0,0.0,0.011581585624971025,12.301783561706543,0.8399205061983355,4.567763328552246,0,0,0,0
337,29788,135,pair_017_n5_017_conflict,conflict,1,0,0,11.91,0.250355,476608,1429824,16467,110,664246,0,0,0,0,0.0,0,0,0,0,0,0,0,0,0,0,0.0,0,0.0,0.011558368751553664,12.301783561706543,0.8399523850448471,4.567763328552246,0,0,0,0
338,29874,86,pair_010_n3_010_conflict,conflict,1,0,0,12.400000000000002,0.25021166666666667,477984,1433952,16513,110,666708,0,0,0,0,0.0,0,0,0,0,0,0,0,0,0,0,0.0,0,0.0,0.011537315530225693,12.301783561706543,0.8396767335865005,4.567763328552246,0,0,0,0
339,29968,94,pair_009_n3_009_control,control,1,0,0,12.32,0.25005499999999997,479488,1438464,16584,111,669425,0,0,0,0,0.0,0,0,0,0,0,0,0,0,0,0,0.0,0,0.0,0.011525126364354408,12.301783561706543,0.8395350035643593,4.567763328552246,0,0,0,0
340,30050,82,pair_014_n3_014_control,control,1,0,0,12.440000000000001,0.24991833333333333,480800,1442400,16646,111,671834,0,0,0,0,0.0,0,0,0,0,0,0,0,0,0,0,0.0,0,0.0,0.011504060015110543,12.301783561706543,0.8396254135723444,4.567763328552246,0,0,0,0
341,30130,80,pair_000_n5_000_conflict,conflict,1,0,0,12.46,0.24978499999999998,482080,1446240,16702,111,674162,0,0,0,0,0.0,0,0,0,0,0,0,0,0,0,0,0.0,0,0.0,0.011484985516951369,12.301783561706543,0.8389693352395969,4.567763328552246,0,0,0,0
342,30224,94,pair_007_n5_007_control,control,1,0,0,12.320000000000002,0.2496283333333333,483584,1450752,16776,111,676969,0,0,0,0,0.0,0,0,0,0,0,0,0,0,0,0,0.0,0,0.0,0.011470073436756878,12.301783561706543,0.8395184579286492,4.567763328552246,0,0,0,0
343,30323,99,pair_015_n3_015_conflict,conflict,1,0,0,12.270000000000001,0.24946333333333331,485168,1455504,16811,111,679875,0,0,0,0,0.0,0,0,0,0,0,0,0,0,0,0,0.0,0,0.0,0.01144711773892158,12.301783561706543,0.8390844055045329,4.567763328552246,0,0,0,0
344,30403,80,pair_008_n3_008_conflict,conflict,1,0,0,12.46,0.24933,486448,1459344,16859,111,682211,0,0,0,0,0.0,0,0,0,0,0,0,0,0,0,0,0.0,0,0.0,0.011428730588492872,12.301783561706543,0.8388715240477254,4.567763328552246,0,0,0,0
345,30703,300,pair_000_n5_000_control,control,0,0,0,-7.7021722333370235e-16,0.24883,491248,1473744,17141,111,691156,0,0,0,0,0.0,0,0,0,0,0,0,0,0,0,0,0.0,0,0.0,0.011374275134510684,12.301783561706543,0.8388097869914857,4.567763328552246,0,0,0,0
346,30710,7,pair_006_n5_006_control,control,0,1,0,-0.96,0.2488183333333333,491360,1474080,17148,111,691367,0,0,0,0,0.0,0,0,0,0,0,0,0,0,0,0,0.0,0,0.0,0.011373738585875294,12.301783561706543,0.8389379536599595,4.567763328552246,0,0,0,0
347,30808,98,pair_012_n5_012_control,control,1,0,0,12.280000000000001,0.248655,492928,1478784,17201,111,694293,0,0,0,0,0.0,0,0,0,0,0,0,0,0,0,0,0.0,0,0.0,0.01135807937260079,12.301783561706543,0.8404433050333039,4.567763328552246,0,0,0,0
348,30887,79,pair_011_n5_011_conflict,conflict,0,1,0,1.4200000000000013,0.24852333333333332,494192,1482576,17247,111,696585,0,0,0,0,0.0,0,0,0,0,0,0,0,0,0,0,0.0,0,0.0,0.011343848549731129,12.301783561706543,0.8404575940523074,4.567763328552246,0,0,0,0
349,30971,84,pair_004_n3_004_conflict,conflict,1,0,0,12.420000000000002,0.24838333333333332,495536,1486608,17283,111,699102,0,0,0,0,0.0,0,0,0,0,0,0,0,0,0,0,0.0,0,0.0,0.011329575747563386,12.301783561706543,0.8400520341029579,4.567763328552246,0,0,0,0
350,31057,86,pair_002_n5_002_conflict,conflict,1,0,0,12.400000000000002,0.24824,496912,1490736,17311,111,701705,0,0,0,0,0.0,0,0,0,0,0,0,0,0,0,0,0.0,0,0.0,0.01131119515497169,12.301783561706543,0.8393494157889405,4.567763328552246,0,0,0,0
351,31141,84,pair_013_n3_013_control,control,1,0,0,12.420000000000002,0.2481,498256,1494768,17379,111,704209,0,0,0,0,0.0,0,0,0,0,0,0,0,0,0,0,0.0,0,0.0,0.011293647114167363,12.301783561706543,0.8391654376724833,4.567763328552246,0,0,0,0
352,31144,3,pair_002_n3_002_control,control,0,1,0,-0.97,0.24809499999999998,498304,1494912,17382,111,704309,0,0,0,0,0.0,0,0,0,0,0,0,0,0,0,0,0.0,0,0.0,0.011292820415549446,12.301783561706543,0.8391463770578366,4.567763328552246,0,0,0,0
353,31231,87,pair_003_n5_003_conflict,conflict,1,0,0,12.39,0.24795,499696,1499088,17422,113,706885,0,0,0,0,0.0,0,0,0,0,0,0,0,0,0,0,0.0,0,0.0,0.011273484509764493,12.301783561706543,0.8383345349011991,4.567763328552246,0,0,0,0
354,31332,101,pair_005_n5_005_control,control,1,0,0,12.250000000000002,0.24778166666666665,501312,1503936,17465,113,709936,0,0,0,0,0.0,0,0,0,0,0,0,0,0,0,0,0.0,0,0.0,0.01125604555504069,12.301783561706543,0.8375969339967878,4.567763328552246,0,0,0,0
355,31632,300,pair_013_n3_013_conflict,conflict,0,0,0,0.09999999999999955,0.24728166666666665,506112,1518336,17524,114,718851,0,0,0,0,0.0,0,0,0,0,0,0,0,0,0,0,0.0,0,0.0,0.011200727221837048,12.301783561706543,0.8383070984337696,4.567763328552246,0,0,0,0
356,31646,14,pair_017_n5_017_control,control,0,1,0,-0.98,0.24725833333333333,506336,1519008,17538,114,719277,0,0,0,0,0.0,0,0,0,0,0,0,0,0,0,0,0.0,0,0.0,0.011199686483327927,12.301783561706543,0.8384250848690216,4.567763328552246,0,0,0,0
357,31652,6,pair_007_n5_007_conflict,conflict,0,1,0,-0.95,0.24724833333333332,506432,1519296,17544,114,719436,0,0,0,0,0.0,0,0,0,0,0,0,0,0,0,0,0.0,0,0.0,0.011198207361876348,12.301783561706543,0.8385267227772883,4.567763328552246,0,0,0,0
358,31730,78,pair_003_n3_003_conflict,conflict,1,0,0,12.48,0.24711833333333333,507680,1523040,17591,114,721674,0,0,0,0,0.0,0,0,0,0,0,0,0,0,0,0,0.0,0,0.0,0.01118853320700361,12.301783561706543,0.8387950188071451,4.567763328552246,0,0,0,0
359,31825,95,pair_008_n5_008_control,control,1,0,0,12.310000000000002,0.24695999999999999,509200,1527600,17656,114,724498,0,0,0,0,0.0,0,0,0,0,0,0,0,0,0,0,0.0,0,0.0,0.011170531337833758,12.301783561706543,0.8387322342885659,4.567763328552246,0,0,0,0
360,31925,100,pair_015_n3_015_conflict,conflict,1,0,0,12.260000000000002,0.2467933333333333,510800,1532400,17710,114,727471,0,0,0,0,0.0,0,0,0,0,0,0,0,0,0,0,0.0,0,0.0,0.011163698206987059,12.301783561706543,0.8388039710233827,4.567763328552246,0,0,0,0
361,32010,85,pair_007_n3_007_conflict,conflict,1,0,0,12.410000000000002,0.24665166666666666,512160,1536480,17736,114,729994,0,0,0,0,0.0,0,0,0,0,0,0,0,0,0,0,0.0,0,0.0,0.011147560488622907,12.301783561706543,0.8392285107012043,4.567763328552246,0,0,0,0
362,32023,13,pair_000_n5_000_control,control,0,1,0,-0.52,0.24663,512368,1537104,17749,114,730397,0,0,0,0,0.0,0,0,0,0,0,0,0,0,0,0,0.0,0,0.0,0.011146450842314156,12.301783561706543,0.83912471893144,4.567763328552246,0,0,0,0
363,32131,108,pair_009_n5_009_control,control,1,0,0,12.180000000000001,0.24645,514096,1542288,17853,114,733621,0,0,0,0,0.0,0,0,0,0,0,0,0,0,0,0,0.0,0,0.0,0.01112196259316396,12.301783561706543,0.838332440065448,4.567763328552246,0,0,0,0
364,32212,81,pair_008_n3_008_conflict,conflict,1,0,0,12.450000000000001,0.246315,515392,1546176,17891,114,735966,0,0,0,0,0.0,0,0,0,0,0,0,0,0,0,0,0.0,0,0.0,0.011114402270041908,12.301783561706543,0.8390166057454967,4.567763328552246,0,0,0,0
365,32310,98,pair_010_n3_010_conflict,conflict,1,0,0,12.280000000000001,0.24615166666666666,516960,1550880,17951,114,738827,0,0,0,0,0.0,0,0,0,0,0,0,0,0,0,0,0.0,0,0.0,0.01110710395489642,12.301783561706543,0.8389511928207313,4.567763328552246,0,0,0,0
366,32432,122,pair_004_n3_004_conflict,conflict,1,0,0,12.040000000000003,0.24594833333333332,518912,1556736,18033,114,742408,0,0,0,0,0.0,0,0,0,0,0,0,0,0,0,0,0.0,0,0.0,0.011090961465057154,12.301783561706543,0.8394198454421985,4.567763328552246,0,0,0,0
367,32732,300,pair_015_n5_015_control,control,0,0,0,0.09999999999999948,0.24544833333333332,523712,1571136,18307,116,751374,0,0,0,0,0.0,0,0,0,0,0,0,0,0,0,0,0.0,0,0.0,0.011045752217652314,12.301783561706543,0.8389020411397947,4.567763328552246,0,0,0,0
368,32819,87,pair_010_n5_010_control,control,1,0,0,12.39,0.24530333333333332,525104,1575312,18351,116,753947,0,0,0,0,0.0,0,0,0,0,0,0,0,0,0,0,0.0,0,0.0,0.011026821866628057,12.301783561706543,0.8385564645665419,4.567763328552246,0,0,0,0
369,32943,124,pair_011_n3_011_conflict,conflict,1,0,0,12.020000000000001,0.24509666666666666,527088,1581264,18432,116,757632,0,0,0,0,0.0,0,0,0,0,0,0,0,0,0,0,0.0,0,0.0,0.011006460170809798,12.301783561706543,0.8381548576194127,4.567763328552246,0,0,0,0
370,33021,78,pair_014_n3_014_control,control,1,0,0,12.48,0.24496666666666667,528336,1585008,18494,116,759977,0,0,0,0,0.0,0,0,0,0,0,0,0,0,0,0,0.0,0,0.0,0.010991437868389003,12.301783561706543,0.8379861842658148,4.567763328552246,0,0,0,0
371,33112,91,pair_017_n3_017_control,control,1,0,0,12.350000000000001,0.244815,529792,1589376,18531,116,762710,0,0,0,0,0.0,0,0,0,0,0,0,0,0,0,0,0.0,0,0.0,0.01097891922918475,12.301783561706543,0.8386048856738677,4.567763328552246,0,0,0,0
372,33198,86,pair_002_n3_002_conflict,conflict,1,0,0,12.400000000000002,0.24467166666666665,531168,1593504,18562,116,765259,0,0,0,0,0.0,0,0,0,0,0,0,0,0,0,0,0.0,0,0.0,0.010966500176355655,12.301783561706543,0.8382604003081734,4.567763328552246,0,0,0,0
373,33291,93,pair_003_n3_003_control,control,1,0,0,12.330000000000002,0.24451666666666666,532656,1597968,18606,116,768017,0,0,0,0,0.0,0,0,0,0,0,0,0,0,0,0,0.0,0,0.0,0.010943797296824095,12.301783561706543,0.8378298637651591,4.567763328552246,0,0,0,0
374,33562,271,pair_013_n3_013_control,control,1,0,0,10.550000000000004,0.24406499999999998,536992,1610976,18665,117,775886,0,0,0,0,0.0,0,0,0,0,0,0,0,0,0,0,0.0,0,0.0,0.010909221987125671,12.301783561706543,0.8375210827366353,4.567763328552246,0,0,0,0
375,33566,4,pair_009_n3_009_conflict,conflict,0,1,0,-0.98,0.24405833333333332,537056,1611168,18669,117,775994,0,0,0,0,0.0,0,0,0,0,0,0,0,0,0,0,0.0,0,0.0,0.010908244338559617,12.301783561706543,0.8374620617370602,4.567763328552246,0,0,0,0
376,33667,101,pair_010_n3_010_control,control,1,0,0,12.250000000000002,0.24389,538672,1616016,18708,117,778917,0,0,0,0,0.0,0,0,0,0,0,0,0,0,0,0,0.0,0,0.0,0.01089064221200344,12.301783561706543,0.8376886157835303,4.567763328552246,0,0,0,0
377,33699,32,pair_013_n5_013_control,control,0,1,0,-0.26,0.24383666666666665,539184,1617552,18740,118,779846,0,0,0,0,0.0,0,0,0,0,0,0,0,0,0,0,0.0,0,0.0,0.0108825773067151,12.301783561706543,0.8373706203421443,4.567763328552246,0,0,0,0
378,33788,89,pair_006_n5_006_control,control,1,0,0,12.370000000000001,0.2436883333333333,540608,1621824,18774,118,782421,0,0,0,0,0.0,0,0,0,0,0,0,0,0,0,0,0.0,0,0.0,0.010861864710675843,12.301783561706543,0.8368531303685672,4.567763328552246,0,0,0,0
379,33879,91,pair_006_n5_006_conflict,conflict,1,0,0,12.350000000000001,0.24353666666666665,542064,1626192,18847,118,785115,0,0,0,0,0.0,0,0,0,0,0,0,0,0,0,0,0.0,0,0.0,0.01084747210461992,12.301783561706543,0.8365045357428471,4.567763328552246,0,0,0,0
380,33963,84,pair_008_n3_008_control,control,0,1,0,1.3700000000000014,0.24339666666666665,543408,1630224,18888,118,787472,0,0,0,0,0.0,0,0,0,0,0,0,0,0,0,0,0.0,0,0.0,0.010839919957442915,12.301783561706543,0.836135139186923,4.567763328552246,0,0,0,0
381,34055,92,pair_000_n3_000_control,control,1,0,0,12.340000000000002,0.2432433333333333,544880,1634640,18929,118,790128,0,0,0,0,0.0,0,0,0,0,0,0,0,0,0,0,0.0,0,0.0,0.01083486505980168,12.301783561706543,0.8358464720685622,4.567763328552246,0,0,0,0
382,34355,300,pair_015_n5_015_conflict,conflict,0,0,0,0.05000000000000103,0.2427433333333333,549680,1649040,19184,118,798748,0,0,0,0,0.0,0,0,0,0,0,0,0,0,0,0,0.0,0,0.0,0.010795436029331104,12.301783561706543,0.8350542697118626,4.567763328552246,0,0,0,0
383,34447,92,pair_010_n5_010_conflict,conflict,1,0,0,12.340000000000002,0.24258999999999997,551152,1653456,19229,118,801390,0,0,0,0,0.0,0,0,0,0,0,0,0,0,0,0,0.0,0,0.0,0.010787415008150811,12.301783561706543,0.8353814649747306,4.567763328552246,0,0,0,0
384,34530,83,pair_001_n3_001_control,control,1,0,0,12.430000000000001,0.24245166666666665,552480,1657440,19265,118,803824,0,0,0,0,0.0,0,0,0,0,0,0,0,0,0,0,0.0,0,0.0,0.010773130775825502,12.301783561706543,0.835815558684766,4.567763328552246,0,0,0,0
385,34532,2,pair_006_n3_006_conflict,conflict,0,1,0,-0.96,0.24244833333333332,552512,1657536,19267,118,803882,0,0,0,0,0.0,0,0,0,0,0,0,0,0,0,0,0.0,0,0.0,0.0107726514473638,12.301783561706543,0.8358100246029944,4.567763328552246,0,0,0,0
386,34621,89,pair_000_n5_000_conflict,conflict,1,0,0,12.370000000000001,0.2423,553936,1661808,19311,118,806400,0,0,0,0,0.0,0,0,0,0,0,0,0,0,0,0,0.0,0,0.0,0.01075190619243317,12.301783561706543,0.8356552168410893,4.567763328552246,0,0,0,0
387,34752,131,pair_007_n5_007_control,control,1,0,0,11.950000000000001,0.24208166666666664,556032,1668096,19398,118,810180,0,0,0,0,0.0,0,0,0,0,0,0,0,0,0,0,0.0,0,0.0,0.010734282325232119,12.301783561706543,0.83554742902295,4.567763328552246,0,0,0,0
388,34868,116,pair_013_n5_013_conflict,conflict,1,0,0,12.100000000000001,0.24188833333333332,557888,1673664,19467,118,813545,0,0,0,0,0.0,0,0,0,0,0,0,0,0,0,0,0.0,0,0.0,0.010720553119378043,12.301783561706543,0.8356821272290689,4.567763328552246,0,0,0,0
389,34872,4,pair_016_n5_016_conflict,conflict,0,1,0,-0.9299999999999999,0.24188166666666666,557952,1673856,19471,119,813653,0,0,0,0,0.0,0,0,0,0,0,0,0,0,0,0,0.0,0,0.0,0.010722078334829322,12.301783561706543,0.8356471130328822,4.567763328552246,0,0,0,0
390,34885,13,pair_005_n3_005_control,control,0,1,0,-0.92,0.24186,558160,1674480,19484,119,814011,0,0,0,0,0.0,0,0,0,0,0,0,0,0,0,0,0.0,0,0.0,0.010721442085158175,12.301783561706543,0.8355443046191595,4.567763328552246,0,0,0,0
391,34968,83,pair_001_n5_001_conflict,conflict,0,1,0,1.2800000000000016,0.24172166666666667,559488,1678464,19541,119,816386,0,0,0,0,0.0,0,0,0,0,0,0,0,0,0,0,0.0,0,0.0,0.010709178868642531,12.301783561706543,0.8355114697863834,4.567763328552246,0,0,0,0
392,35058,90,pair_009_n5_009_conflict,conflict,1,0,0,12.360000000000001,0.24157166666666666,560928,1682784,19610,119,818959,0,0,0,0,0.0,0,0,0,0,0,0,0,0,0,0,0.0,0,0.0,0.01070184670742107,12.301783561706543,0.8346816739057872,4.567763328552246,0,0,0,0
393,35216,158,pair_005_n5_005_conflict,conflict,0,1,0,0.6800000000000008,0.24130833333333332,563456,1690368,19713,119,823477,0,0,0,0,0.0,0,0,0,0,0,0,0,0,0,0,0.0,0,0.0,0.01068988440242759,12.301783561706543,0.8354290606353414,4.567763328552246,0,0,0,0
394,35222,6,pair_016_n3_016_control,control,0,1,0,-0.9,0.24129833333333334,563552,1690656,19719,120,823641,0,0,0,0,0.0,0,0,0,0,0,0,0,0,0,0,0.0,0,0.0,0.010689368456983156,12.301783561706543,0.8356117139081829,4.567763328552246,0,0,0,0
395,35316,94,pair_013_n3_013_conflict,conflict,1,0,0,12.320000000000002,0.24114166666666664,565056,1695168,19765,121,826311,0,0,0,0,0.0,0,0,0,0,0,0,0,0,0,0,0.0,0,0.0,0.010689389535367999,12.301783561706543,0.8364925828706656,4.567763328552246,0,0,0,0
396,35421,105,pair_007_n5_007_conflict,conflict,1,0,0,12.21,0.24096666666666666,566736,1700208,19856,123,829290,0,0,0,0,0.0,0,0,0,0,0,0,0,0,0,0,0.0,0,0.0,0.010673455428929845,12.301783561706543,0.8366126633257873,4.567763328552246,0,0,0,0
397,35533,112,pair_011_n5_011_control,control,1,0,0,12.14,0.24078,568528,1705584,19940,125,832498,0,0,0,0,0.0,0,0,0,0,0,0,0,0,0,0,0.0,0,0.0,0.01066461048056872,12.301783561706543,0.8375446539917585,4.567763328552246,0,0,0,0
398,35626,93,pair_014_n5_014_control,control,1,0,0,12.330000000000002,0.24062499999999998,570016,1710048,19991,125,835162,0,0,0,0,0.0,0,0,0,0,0,0,0,0,0,0,0.0,0,0.0,0.01066306446369666,12.301783561706543,0.8373240988595656,4.567763328552246,0,0,0,0
399,35733,107,pair_008_n5_008_control,control,0,1,0,1.0400000000000027,0.24044666666666664,571728,1715184,20057,125,838249,0,0,0,0,0.0,0,0,0,0,0,0,0,0,0,0,0.0,0,0.0,0.010658323782924438,12.301783561706543,0.8369888522512697,4.567763328552246,0,0,0,0
400,35739,6,pair_016_n3_016_conflict,conflict,0,1,0,-0.9,0.24043666666666666,571824,1715472,20063,126,838422,0,0,0,0,0.0,0,0,0,0,0,0,0,0,0,0,0.0,0,0.0,0.010656973216534641,12.301783561706543,0.8369499808555989,4.567763328552246,0,0,0,0
401,35822,83,pair_003_n5_003_conflict,conflict,0,1,0,1.1800000000000015,0.24029833333333334,573152,1719456,20118,129,840793,0,0,0,0,0.0,0,0,0,0,0,0,0,0,0,0,0.0,0,0.0,0.010645338036185567,12.301783561706543,0.8366217084119695,4.567763328552246,0,0,0,0
402,35910,88,pair_003_n5_003_control,control,0,1,0,1.1300000000000012,0.24015166666666665,574560,1723680,20156,130,843329,0,0,0,0,0.0,0,0,0,0,0,0,0,0,0,0,0.0,0,0.0,0.010632610963799086,12.301783561706543,0.8363675229021601,4.567763328552246,0,0,0,0
403,35997,87,pair_012_n3_012_control,control,1,0,0,12.39,0.24000666666666665,575952,1727856,20190,130,845823,0,0,0,0,0.0,0,0,0,0,0,0,0,0,0,0,0.0,0,0.0,0.01062070636605136,12.301783561706543,0.8364057261457456,4.567763328552246,0,0,0,0
404,36084,87,pair_012_n5_012_control,control,1,0,0,12.39,0.23986166666666664,577344,1732032,20248,130,848341,0,0,0,0,0.0,0,0,0,0,0,0,0,0,0,0,0.0,0,0.0,0.010617866088666555,12.301783561706543,0.836264733160944,4.567763328552246,0,0,0,0
405,36170,86,pair_008_n5_008_conflict,conflict,1,0,0,12.400000000000002,0.2397183333333333,578720,1736160,20295,130,850757,0,0,0,0,0.0,0,0,0,0,0,0,0,0,0,0,0.0,0,0.0,0.010617797094921985,12.301783561706543,0.8373694525131447,4.567763328552246,0,0,0,0
406,36258,88,pair_003_n3_003_conflict,conflict,1,0,0,12.380000000000003,0.23957166666666665,580128,1740384,20348,130,853272,0,0,0,0,0.0,0,0,0,0,0,0,0,0,0,0,0.0,0,0.0,0.010612754123419606,12.301783561706543,0.8380878603722272,4.567763328552246,0,0,0,0
407,36334,76,pair_007_n3_007_control,control,1,0,0,12.500000000000002,0.239445,581344,1744032,20406,130,855362,0,0,0,0,0.0,0,0,0,0,0,0,0,0,0,0,0.0,0,0.0,0.01060326997505092,12.301783561706543,0.8377716095264846,4.567763328552246,0,0,0,0
408,36442,108,pair_004_n5_004_conflict,conflict,1,0,0,12.180000000000001,0.239265,583072,1749216,20461,130,858478,0,0,0,0,0.0,0,0,0,0,0,0,0,0,0,0,0.0,0,0.0,0.01059553239785519,12.301783561706543,0.8379898591558534,4.567763328552246,0,0,0,0
409,36529,87,pair_014_n3_014_conflict,conflict,1,0,0,12.39,0.23912,584464,1753392,20493,130,860939,0,0,0,0,0.0,0,0,0,0,0,0,0,0,0,0,0.0,0,0.0,0.010589468737165389,12.301783561706543,0.8378117747613312,4.567763328552246,0,0,0,0
410,36616,87,pair_011_n5_011_conflict,conflict,0,1,0,1.140000000000001,0.238975,585856,1757568,20543,132,863387,0,0,0,0,0.0,0,0,0,0,0,0,0,0,0,0,0.0,0,0.0,0.01057663232302198,12.301783561706543,0.837997061756395,4.567763328552246,0,0,0,0
411,36700,84,pair_012_n3_012_conflict,conflict,1,0,0,12.420000000000002,0.238835,587200,1761600,20588,132,865716,0,0,0,0,0.0,0,0,0,0,0,0,0,0,0,0,0.0,0,0.0,0.01057138583537187,12.301783561706543,0.8385134599593846,4.567763328552246,0,0,0,0
412,36762,62,pair_014_n5_014_conflict,conflict,0,1,0,0.6400000000000008,0.23873166666666665,588192,1764576,20650,133,867431,0,0,0,0,0.0,0,0,0,0,0,0,0,0,0,0,0.0,0,0.0,0.010562743453845266,12.301783561706543,0.8380777892815163,4.567763328552246,0,0,0,0
413,36845,83,pair_017_n5_017_control,control,1,0,0,12.430000000000001,0.23859333333333332,589520,1768560,20708,133,869799,0,0,0,0,0.0,0,0,0,0,0,0,0,0,0,0,0.0,0,0.0,0.010550957639572485,12.301783561706543,0.8377284574630905,4.567763328552246,0,0,0,0
414,36987,142,pair_002_n5_002_control,control,0,1,0,0.6900000000000006,0.23835666666666666,591792,1775376,20809,134,873904,0,0,0,0,0.0,0,0,0,0,0,0,0,0,0,0,0.0,0,0.0,0.010536967440147389,12.301783561706543,0.8381877883938503,4.567763328552246,0,0,0,0
415,37107,120,pair_006_n3_006_control,control,1,0,0,12.06,0.23815666666666666,593712,1781136,20868,134,877413,0,0,0,0,0.0,0,0,0,0,0,0,0,0,0,0,0.0,0,0.0,0.010539181646978391,12.301783561706543,0.8389149816200745,4.567763328552246,0,0,0,0
416,37213,106,pair_004_n5_004_control,control,1,0,0,12.200000000000001,0.23798,595408,1786224,20932,136,880435,0,0,0,0,0.0,0,0,0,0,0,0,0,0,0,0,0.0,0,0.0,0.01054234275036417,12.301783561706543,0.8387116179842943,4.567763328552246,0,0,0,0
417,37295,82,pair_002_n3_002_control,control,1,0,0,12.440000000000001,0.23784333333333332,596720,1790160,20968,136,882804,0,0,0,0,0.0,0,0,0,0,0,0,0,0,0,0,0.0,0,0.0,0.010547919076177666,12.301783561706543,0.8388581347717331,4.567763328552246,0,0,0,0
418,37400,105,pair_017_n3_017_conflict,conflict,1,0,0,12.21,0.23766833333333331,598400,1795200,21008,136,885868,0,0,0,0,0.0,0,0,0,0,0,0,0,0,0,0,0.0,0,0.0,0.010546459198274067,12.301783561706543,0.8399240466289442,4.567763328552246,0,0,0,0
419,37489,89,pair_002_n5_002_conflict,conflict,1,0,0,12.370000000000001,0.23751999999999998,599824,1799472,21059,138,888421,0,0,0,0,0.0,0,0,0,0,0,0,0,0,0,0,0.0,0,0.0,0.010543324163019792,12.301783561706543,0.83993297528605,4.567763328552246,0,0,0,0
420,37587,98,pair_009_n3_009_control,control,1,0,0,12.280000000000001,0.23735666666666666,601392,1804176,21117,138,891197,0,0,0,0,0.0,0,0,0,0,0,0,0,0,0,0,0.0,0,0.0,0.01053294014152934,12.301783561706543,0.8401230672123567,4.567763328552246,0,0,0,0
421,37683,96,pair_011_n3_011_control,control,1,0,0,12.3,0.23719666666666667,602928,1808784,21167,138,893934,0,0,0,0,0.0,0,0,0,0,0,0,0,0,0,0,0.0,0,0.0,0.010526576484043884,12.301783561706543,0.8399699280586697,4.567763328552246,0,0,0,0
422,37779,96,pair_015_n3_015_control,control,1,0,0,12.3,0.23703666666666667,604464,1813392,21221,138,896668,0,0,0,0,0.0,0,0,0,0,0,0,0,0,0,0,0.0,0,0.0,0.010524210588543418,12.301783561706543,0.8403894815124784,4.567763328552246,0,0,0,0
423,37874,95,pair_000_n3_000_conflict,conflict,1,0,0,12.310000000000002,0.2368783333333333,605984,1817952,21262,138,899425,0,0,0,0,0.0,0,0,0,0,0,0,0,0,0,0,0.0,0,0.0,0.01052665912419651,12.301783561706543,0.8413212772105384,4.567763328552246,0,0,0,0
424,37949,75,pair_012_n5_012_conflict,conflict,1,0,0,12.510000000000002,0.23675333333333332,607184,1821552,21315,138,901596,0,0,0,0,0.0,0,0,0,0,0,0,0,0,0,0,0.0,0,0.0,0.01052630161072715,12.301783561706543,0.8411498298499581,4.567763328552246,0,0,0,0
425,38057,108,pair_016_n5_016_control,control,0,1,0,0.830000000000001,0.2365733333333333,608912,1826736,21404,138,904740,0,0,0,0,0.0,0,0,0,0,0,0,0,0,0,0,0.0,0,0.0,0.010517610456431275,12.301783561706543,0.8412030476522336,4.567763328552246,0,0,0,0
426,38144,87,pair_005_n3_005_conflict,conflict,1,0,0,12.39,0.23642833333333332,610304,1830912,21446,138,907291,0,0,0,0,0.0,0,0,0,0,0,0,0,0,0,0,0.0,0,0.0,0.010521326552592908,12.301783561706543,0.8417963874149827,4.567763328552246,0,0,0,0
427,38389,245,pair_005_n5_005_control,control,1,0,0,10.81,0.23602,614224,1842672,21662,138,914319,0,0,0,0,0.0,0,0,0,0,0,0,0,0,0,0,0.0,0,0.0,0.01050110437776345,12.301783561706543,0.8422845487118629,4.567763328552246,0,0,0,0
428,38479,90,pair_001_n3_001_conflict,conflict,1,0,0,12.360000000000001,0.23586999999999997,615664,1846992,21682,138,916985,0,0,0,0,0.0,0,0,0,0,0,0,0,0,0,0,0.0,0,0.0,0.01049379332850574,12.301783561706543,0.8426144216059589,4.567763328552246,0,0,0,0
429,38577,98,pair_001_n5_001_control,control,0,1,0,1.080000000000001,0.23570666666666668,617232,1851696,21760,138,919809,0,0,0,0,0.0,0,0,0,0,0,0,0,0,0,0,0.0,0,0.0,0.010488643922683592,12.301783561706543,0.841964916487108,4.567763328552246,0,0,0,0
430,38646,69,pair_004_n3_004_control,control,0,1,0,1.2700000000000014,0.23559166666666664,618336,1855008,21790,138,921824,0,0,0,0,0.0,0,0,0,0,0,0,0,0,0,0,0.0,0,0.0,0.010484211181316531,12.301783561706543,0.8420032041667115,4.567763328552246,0,0,0,0
431,38765,119,pair_017_n5_017_conflict,conflict,0,1,0,0.7700000000000009,0.23539333333333332,620240,1860720,21838,138,925253,0,0,0,0,0.0,0,0,0,0,0,0,0,0,0,0,0.0,0,0.0,0.010487888366686073,12.301783561706543,0.8416778263765547,4.567763328552246,0,0,0,0
432,38858,93,pair_012_n3_012_conflict,conflict,1,0,0,12.330000000000002,0.23523833333333333,621728,1865184,21875,138,927862,0,0,0,0,0.0,0,0,0,0,0,0,0,0,0,0,0.0,0,0.0,0.010481739180481108,12.301783561706543,0.8414252662170889,4.567763328552246,0,0,0,0
433,38936,78,pair_014_n3_014_conflict,conflict,1,0,0,12.48,0.2351083333333333,622976,1868928,21908,138,930104,0,0,0,0,0.0,0,0,0,0,0,0,0,0,0,0,0.0,0,0.0,0.010504541125419573,12.301783561706543,0.8419597122271627,4.567763328552246,0,0,0,0
434,39045,109,pair_003_n5_003_conflict,conflict,1,0,0,12.170000000000002,0.23492666666666667,624720,1874160,21981,138,933163,0,0,0,0,0.0,0,0,0,0,0,0,0,0,0,0,0.0,0,0.0,0.010512017415664819,12.301783561706543,0.8420358993497067,4.567763328552246,0,0,0,0
435,39140,95,pair_013_n5_013_control,control,1,0,0,12.310000000000002,0.23476833333333333,626240,1878720,22048,138,935842,0,0,0,0,0.0,0,0,0,0,0,0,0,0,0,0,0.0,0,0.0,0.010520712017157687,12.301783561706543,0.8417712878659995,4.567763328552246,0,0,0,0
436,39281,141,pair_009_n5_009_conflict,conflict,0,1,0,0.7500000000000016,0.23453333333333332,628496,1885488,22150,138,939813,0,0,0,0,0.0,0,0,0,0,0,0,0,0,0,0,0.0,0,0.0,0.010523866253483623,12.301783561706543,0.8421242817671027,4.567763328552246,0,0,0,0
437,39384,103,pair_013_n3_013_control,control,1,0,0,12.230000000000002,0.23436166666666663,630144,1890432,22214,138,942708,0,0,0,0,0.0,0,0,0,0,0,0,0,0,0,0,0.0,0,0.0,0.010523329059360062,12.301783561706543,0.8418879136349968,4.567763328552246,0,0,0,0
438,39470,86,pair_015_n3_015_conflict,conflict,1,0,0,12.400000000000002,0.2342183333333333,631520,1894560,22264,138,945107,0,0,0,0,0.0,0,0,0,0,0,0,0,0,0,0,0.0,0,0.0,0.010536117332262495,12.301783561706543,0.8416196499943397,4.567763328552246,0,0,0,0
439,39557,87,pair_014_n5_014_conflict,conflict,1,0,0,12.39,0.23407333333333333,632912,1898736,22311,138,947568,0,0,0,0,0.0,0,0,0,0,0,0,0,0,0,0,0.0,0,0.0,0.010531938154183199,12.301783561706543,0.841446212038464,4.567763328552246,0,0,0,0
440,39643,86,pair_005_n5_005_control,control,1,0,0,12.400000000000002,0.23392999999999997,634288,1902864,22361,139,949980,0,0,0,0,0.0,0,0,0,0,0,0,0,0,0,0,0.0,0,0.0,0.010527739990007237,12.301783561706543,0.8410316958167494,4.567763328552246,0,0,0,0
441,39729,86,pair_015_n3_015_control,control,1,0,0,12.400000000000002,0.23378666666666664,635664,1906992,22415,139,952410,0,0,0,0,0.0,0,0,0,0,0,0,0,0,0,0,0.0,0,0.0,0.010522374872815217,12.301783561706543,0.8413895148805114,4.567763328552246,0,0,0,0
442,39839,110,pair_011_n5_011_conflict,conflict,0,1,0,1.060000000000001,0.23360333333333333,637424,1912272,22487,139,955518,0,0,0,0,0.0,0,0,0,0,0,0,0,0,0,0,0.0,0,0.0,0.010514777049003284,12.301783561706543,0.8414393196631397,4.567763328552246,0,0,0,0
443,39921,82,pair_004_n3_004_conflict,conflict,1,0,0,12.440000000000001,0.23346666666666666,638736,1916208,22522,139,957796,0,0,0,0,0.0,0,0,0,0,0,0,0,0,0,0,0.0,0,0.0,0.010504258842367421,12.301783561706543,0.8412262579789498,4.567763328552246,0,0,0,0
444,40016,95,pair_004_n5_004_conflict,conflict,1,0,0,12.310000000000002,0.23330833333333334,640256,1920768,22583,139,960454,0,0,0,0,0.0,0,0,0,0,0,0,0,0,0,0,0.0,0,0.0,0.010496164205722656,12.301783561706543,0.8412507604600479,4.567763328552246,0,0,0,0
445,40106,90,pair_013_n3_013_conflict,conflict,1,0,0,12.360000000000001,0.23315833333333333,641696,1925088,22639,139,962986,0,0,0,0,0.0,0,0,0,0,0,0,0,0,0,0,0.0,0,0.0,0.010497180455438605,12.301783561706543,0.8409177490294969,4.567763328552246,0,0,0,0
446,40194,88,pair_010_n5_010_conflict,conflict,1,0,0,12.38,0.23301166666666667,643104,1929312,22687,139,965543,0,0,0,0,0.0,0,0,0,0,0,0,0,0,0,0,0.0,0,0.0,0.010507716206931741,12.301783561706543,0.8417870353008046,4.567763328552246,0,0,0,0
447,40287,93,pair_009_n3_009_conflict,conflict,1,0,0,12.330000000000002,0.23285666666666666,644592,1933776,22758,139,968254,0,0,0,0,0.0,0,0,0,0,0,0,0,0,0,0,0.0,0,0.0,0.01050292013948557,12.301783561706543,0.841582671774461,4.567763328552246,0,0,0,0
448,40384,97,pair_006_n5_006_control,control,1,0,0,12.290000000000001,0.23269499999999999,646144,1938432,22819,139,971089,0,0,0,0,0.0,0,0,0,0,0,0,0,0,0,0,0.0,0,0.0,0.01049922072563382,12.301783561706543,0.841385957497095,4.567763328552246,0,0,0,0
449,40478,94,pair_000_n5_000_control,control,1,0,0,12.320000000000002,0.23253833333333332,647648,1942944,22884,139,973753,0,0,0,0,0.0,0,0,0,0,0,0,0,0,0,0,0.0,0,0.0,0.010495698042081145,12.301783561706543,0.8417152947705216,4.567763328552246,0,0,0,0
450,40563,85,pair_001_n3_001_conflict,conflict,1,0,0,12.410000000000002,0.23239666666666664,649008,1947024,22927,139,976240,0,0,0,0,0.0,0,0,0,0,0,0,0,0,0,0,0.0,0,0.0,0.010483754435457815,12.301783561706543,0.8413581279708287,4.567763328552246,0,0,0,0
451,40642,79,pair_016_n5_016_conflict,conflict,1,0,0,12.470000000000002,0.232265,650272,1950816,22981,139,978511,0,0,0,0,0.0,0,0,0,0,0,0,0,0,0,0,0.0,0,0.0,0.010475881088358998,12.301783561706543,0.841452632359845,4.567763328552246,0,0,0,0
452,40738,96,pair_001_n5_001_conflict,conflict,1,0,0,12.3,0.232105,651808,1955424,23045,139,981272,0,0,0,0,0.0,0,0,0,0,0,0,0,0,0,0,0.0,0,0.0,0.010466163045677504,12.301783561706543,0.8413864019810564,4.567763328552246,0,0,0,0
453,40824,86,pair_005_n3_005_control,control,1,0,0,12.400000000000002,0.23196166666666665,653184,1959552,23085,139,983744,0,0,0,0,0.0,0,0,0,0,0,0,0,0,0,0,0.0,0,0.0,0.010457247829803127,12.301783561706543,0.8412206135505426,4.567763328552246,0,0,0,0
454,40905,81,pair_008_n3_008_conflict,conflict,1,0,0,12.450000000000001,0.23182666666666665,654480,1963440,23140,139,986023,0,0,0,0,0.0,0,0,0,0,0,0,0,0,0,0,0.0,0,0.0,0.01044647005316205,12.301783561706543,0.8410208558393926,4.567763328552246,0,0,0,0
455,40986,81,pair_016_n3_016_conflict,conflict,0,1,0,0.8000000000000009,0.23169166666666666,655776,1967328,23179,139,988303,0,0,0,0,0.0,0,0,0,0,0,0,0,0,0,0,0.0,0,0.0,0.010448831051397808,12.301783561706543,0.8411494646373098,4.567763328552246,0,0,0,0
456,41078,92,pair_017_n5_017_conflict,conflict,0,1,0,1.240000000000001,0.23153833333333332,657248,1971744,23221,139,990974,0,0,0,0,0.0,0,0,0,0,0,0,0,0,0,0,0.0,0,0.0,0.01043947565400696,12.301783561706543,0.8415486559759624,4.567763328552246,0,0,0,0
457,41157,79,pair_016_n3_016_control,control,1,0,0,12.470000000000002,0.23140666666666665,658512,1975536,23267,139,993218,0,0,0,0,0.0,0,0,0,0,0,0,0,0,0,0,0.0,0,0.0,0.010436461774817218,12.301783561706543,0.8418566069669827,4.567763328552246,0,0,0,0
458,41239,82,pair_015_n5_015_control,control,1,0,0,12.440000000000001,0.23126999999999998,659824,1979472,23328,139,995577,0,0,0,0,0.0,0,0,0,0,0,0,0,0,0,0,0.0,0,0.0,0.010424505186415738,12.301783561706543,0.8417446257009914,4.567763328552246,0,0,0,0
459,41326,87,pair_011_n3_011_conflict,conflict,1,0,0,12.390000000000002,0.23112499999999997,661216,1983648,23373,139,998040,0,0,0,0,0.0,0,0,0,0,0,0,0,0,0,0,0.0,0,0.0,0.010422420899817144,12.301783561706543,0.8417010413436271,4.567763328552246,0,0,0,0
460,41413,87,pair_012_n3_012_control,control,1,0,0,12.39,0.23098,662608,1987824,23415,140,1000485,0,0,0,0,0.0,0,0,0,0,0,0,0,0,0,0,0.0,0,0.0,0.010416105626439548,12.301783561706543,0.8418133334202893,4.567763328552246,0,0,0,0
461,41497,84,pair_008_n3_008_control,control,1,0,0,12.420000000000002,0.23084,663952,1991856,23462,140,1002877,0,0,0,0,0.0,0,0,0,0,0,0,0,0,0,0,0.0,0,0.0,0.010415095392167006,12.301783561706543,0.8422175071931822,4.567763328552246,0,0,0,0
462,41568,71,pair_003_n3_003_control,control,1,0,0,12.55,0.23072166666666666,665088,1995264,23499,140,1004890,0,0,0,0,0.0,0,0,0,0,0,0,0,0,0,0,0.0,0,0.0,0.010412374050435299,12.301783561706543,0.8424098491865415,4.567763328552246,0,0,0,0
463,41654,86,pair_006_n3_006_control,control,1,0,0,12.400000000000002,0.23057833333333333,666464,1999392,23547,140,1007297,0,0,0,0,0.0,0,0,0,0,0,0,0,0,0,0,0.0,0,0.0,0.01040876470036068,12.301783561706543,0.8423791882126923,4.567763328552246,0,0,0,0
464,41730,76,pair_017_n5_017_control,control,1,0,0,12.500000000000002,0.23045166666666667,667680,2003040,23592,140,1009422,0,0,0,0,0.0,0,0,0,0,0,0,0,0,0,0,0.0,0,0.0,0.010405361868466198,12.301783561706543,0.8424289430935974,4.567763328552246,0,0,0,0
465,41821,91,pair_011_n5_011_control,control,1,0,0,12.350000000000001,0.2303,669136,2007408,23654,140,1012015,0,0,0,0,0.0,0,0,0,0,0,0,0,0,0,0,0.0,0,0.0,0.010394546026168542,12.301783561706543,0.842085227004111,4.567763328552246,0,0,0,0
466,41826,5,pair_002_n5_002_control,control,0,1,0,-0.9400000000000001,0.23029166666666667,669216,2007648,23659,141,1012155,0,0,0,0,0.0,0,0,0,0,0,0,0,0,0,0,0.0,0,0.0,0.010397066460803865,12.301783561706543,0.8420598669824105,4.567763328552246,0,0,0,0
467,41836,10,pair_005_n5_005_conflict,conflict,0,1,0,-0.84,0.230275,669376,2008128,23669,141,1012446,0,0,0,0,0.0,0,0,0,0,0,0,0,0,0,0,0.0,0,0.0,0.01039648295106282,12.301783561706543,0.8420691063994199,4.567763328552246,0,0,0,0
468,41924,88,pair_007_n5_007_conflict,conflict,1,0,0,12.38,0.23012833333333332,670784,2012352,23744,142,1014949,0,0,0,0,0.0,0,0,0,0,0,0,0,0,0,0,0.0,0,0.0,0.0103846023025888,12.301783561706543,0.8420633482151431,4.567763328552246,0,0,0,0
469,42011,87,pair_011_n3_011_control,control,1,0,0,12.39,0.22998333333333332,672176,2016528,23793,142,1017422,0,0,0,0,0.0,0,0,0,0,0,0,0,0,0,0,0.0,0,0.0,0.010379682871597318,12.301783561706543,0.8418635775362555,4.567763328552246,0,0,0,0
470,42103,92,pair_005_n3_005_conflict,conflict,1,0,0,12.340000000000002,0.22982999999999998,673648,2020944,23845,142,1020048,0,0,0,0,0.0,0,0,0,0,0,0,0,0,0,0,0.0,0,0.0,0.010374349159991912,12.301783561706543,0.8425161976132232,4.567763328552246,0,0,0,0
471,42185,82,pair_003_n3_003_conflict,conflict,0,1,0,1.140000000000001,0.2296933333333333,674960,2024880,23875,142,1022389,0,0,0,0,0.0,0,0,0,0,0,0,0,0,0,0,0.0,0,0.0,0.010368595056553798,12.301783561706543,0.8425359810932657,4.567763328552246,0,0,0,0
472,42265,80,pair_003_n5_003_control,control,1,0,0,12.46,0.22956,676240,2028720,23929,142,1024729,0,0,0,0,0.0,0,0,0,0,0,0,0,0,0,0,0.0,0,0.0,0.010356140126549108,12.301783561706543,0.8421836709837902,4.567763328552246,0,0,0,0
473,42359,94,pair_017_n3_017_control,control,1,0,0,12.320000000000002,0.22940333333333332,677744,2033232,23989,142,1027443,0,0,0,0,0.0,0,0,0,0,0,0,0,0,0,0,0.0,0,0.0,0.01035925196278069,12.301783561706543,0.8433615264987978,4.567763328552246,0,0,0,0
474,42468,109,pair_009_n3_009_control,control,1,0,0,12.170000000000002,0.22922166666666666,679488,2038464,24055,142,1030642,0,0,0,0,0.0,0,0,0,0,0,0,0,0,0,0,0.0,0,0.0,0.010364638636983383,12.301783561706543,0.8436668712530944,4.567763328552246,0,0,0,0
475,42557,89,pair_000_n3_000_control,control,1,0,0,12.370000000000001,0.22907333333333332,680912,2042736,24100,143,1033260,0,0,0,0,0.0,0,0,0,0,0,0,0,0,0,0,0.0,0,0.0,0.010353801172627528,12.301783561706543,0.8434382691638629,4.567763328552246,0,0,0,0
476,42656,99,pair_010_n3_010_conflict,conflict,1,0,0,12.270000000000001,0.22890833333333332,682496,2047488,24148,143,1036075,0,0,0,0,0.0,0,0,0,0,0,0,0,0,0,0,0.0,0,0.0,0.010347546784859198,12.301783561706543,0.8431999004076638,4.567763328552246,0,0,0,0
477,42741,85,pair_014_n3_014_control,control,1,0,0,12.410000000000002,0.22876666666666667,683856,2051568,24184,143,1038551,0,0,0,0,0.0,0,0,0,0,0,0,0,0,0,0,0.0,0,0.0,0.010338094773629009,12.301783561706543,0.8434183658579498,4.567763328552246,0,0,0,0
478,42746,5,pair_012_n5_012_control,control,0,1,0,-0.84,0.22875833333333334,683936,2051808,24189,143,1038697,0,0,0,0,0.0,0,0,0,0,0,0,0,0,0,0,0.0,0,0.0,0.010337670770034989,12.301783561706543,0.8433993581805934,4.567763328552246,0,0,0,0
479,42838,92,pair_008_n5_008_conflict,conflict,1,0,0,12.340000000000002,0.228605,685408,2056224,24249,143,1041395,0,0,0,0,0.0,0,0,0,0,0,0,0,0,0,0,0.0,0,0.0,0.01033752793307988,12.301783561706543,0.8438893706510433,4.567763328552246,0,0,0,0
480,42862,24,pair_016_n5_016_control,control,0,1,0,-0.5800000000000002,0.228565,685792,2057376,24273,146,1042084,0,0,0,0,0.0,0,0,0,0,0,0,0,0,0,0,0.0,0,0.0,0.010335779666343092,12.301783561706543,0.8439442612017231,4.567763328552246,0,0,0,0
481,42935,73,pair_002_n3_002_conflict,conflict,1,0,0,12.530000000000001,0.22844333333333333,686960,2060880,24310,146,1044200,0,0,0,0,0.0,0,0,0,0,0,0,0,0,0,0,0.0,0,0.0,0.010333338619007865,12.301783561706543,0.8438552772514569,4.567763328552246,0,0,0,0
482,43045,110,pair_004_n5_004_control,control,1,0,0,12.16,0.22826,688720,2066160,24370,147,1047354,0,0,0,0,0.0,0,0,0,0,0,0,0,0,0,0,0.0,0,0.0,0.010330290368481187,12.301783561706543,0.8441239730044221,4.567763328552246,0,0,0,0
483,43138,93,pair_008_n5_008_control,control,1,0,0,12.330000000000002,0.228105,690208,2070624,24416,148,1050020,0,0,0,0,0.0,0,0,0,0,0,0,0,0,0,0,0.0,0,0.0,0.010321776341299998,12.301783561706543,0.8444873410455785,4.567763328552246,0,0,0,0
484,43226,88,pair_009_n5_009_control,control,1,0,0,12.38,0.22795833333333332,691616,2074848,24477,148,1052545,0,0,0,0,0.0,0,0,0,0,0,0,0,0,0,0,0.0,0,0.0,0.010320083688911729,12.301783561706543,0.8448376000243893,4.567763328552246,0,0,0,0
485,43310,84,pair_007_n3_007_conflict,conflict,1,0,0,12.420000000000002,0.22781833333333332,692960,2078880,24531,148,1054936,0,0,0,0,0.0,0,0,0,0,0,0,0,0,0,0,0.0,0,0.0,0.01032485973834302,12.301783561706543,0.8451509959277955,4.567763328552246,0,0,0,0
486,43435,125,pair_006_n3_006_conflict,conflict,1,0,0,12.010000000000005,0.22760999999999998,694960,2084880,24592,149,1058601,0,0,0,0,0.0,0,0,0,0,0,0,0,0,0,0,0.0,0,0.0,0.010333980288430931,12.301783561706543,0.8461924972751736,4.567763328552246,0,0,0,0
487,43523,88,pair_012_n5_012_conflict,conflict,1,0,0,12.380000000000003,0.22746333333333332,696368,2089104,24649,149,1061086,0,0,0,0,0.0,0,0,0,0,0,0,0,0,0,0,0.0,0,0.0,0.010323321861950492,12.301783561706543,0.846127777934563,4.567763328552246,0,0,0,0
488,43604,81,pair_007_n5_007_control,control,1,0,0,12.450000000000001,0.22732833333333333,697664,2092992,24715,149,1063460,0,0,0,0,0.0,0,0,0,0,0,0,0,0,0,0,0.0,0,0.0,0.010313953679653346,12.301783561706543,0.8460217677731295,4.567763328552246,0,0,0,0
489,43613,9,pair_015_n5_015_conflict,conflict,0,1,0,-0.83,0.2273133333333333,697808,2093424,24724,150,1063706,0,0,0,0,0.0,0,0,0,0,0,0,0,0,0,0,0.0,0,0.0,0.01031278511265614,12.301783561706543,0.8459702345937001,4.567763328552246,0,0,0,0
490,43727,114,pair_017_n3_017_conflict,conflict,1,0,0,12.120000000000001,0.22712333333333332,699632,2098896,24774,150,1066961,0,0,0,0,0.0,0,0,0,0,0,0,0,0,0,0,0.0,0,0.0,0.010305768120277049,12.301783561706543,0.8460638010615187,4.567763328552246,0,0,0,0
491,43820,93,pair_002_n3_002_control,control,1,0,0,12.330000000000002,0.22696833333333333,701120,2103360,24818,150,1069650,0,0,0,0,0.0,0,0,0,0,0,0,0,0,0,0,0.0,0,0.0,0.010302964421518564,12.301783561706543,0.8460284303143937,4.567763328552246,0,0,0,0
492,43916,96,pair_010_n5_010_control,control,1,0,0,12.3,0.22680833333333333,702656,2107968,24878,150,1072331,0,0,0,0,0.0,0,0,0,0,0,0,0,0,0,0,0.0,0,0.0,0.010293061593116526,12.301783561706543,0.8460053634264528,4.567763328552246,0,0,0,0
493,44003,87,pair_004_n3_004_control,control,1,0,0,12.390000000000002,0.22666333333333333,704048,2112144,24919,150,1074829,0,0,0,0,0.0,0,0,0,0,0,0,0,0,0,0,0.0,0,0.0,0.010283631185585923,12.301783561706543,0.8456312179279872,4.567763328552246,0,0,0,0
494,44102,99,pair_000_n5_000_conflict,conflict,1,0,0,12.270000000000001,0.2264983333333333,705632,2116896,24980,150,1077645,0,0,0,0,0.0,0,0,0,0,0,0,0,0,0,0,0.0,0,0.0,0.010284166197799692,12.301783561706543,0.8457904575842152,4.567763328552246,0,0,0,0
495,44188,86,pair_007_n3_007_control,control,1,0,0,12.400000000000002,0.22635499999999997,707008,2121024,25047,150,1080141,0,0,0,0,0.0,0,0,0,0,0,0,0,0,0,0,0.0,0,0.0,0.010274493495074394,12.301783561706543,0.8462319890521682,4.567763328552246,0,0,0,0
496,44269,81,pair_006_n5_006_conflict,conflict,1,0,0,12.450000000000001,0.22621999999999998,708304,2124912,25113,150,1082463,0,0,0,0,0.0,0,0,0,0,0,0,0,0,0,0,0.0,0,0.0,0.010264955098698689,12.301783561706543,0.8460342379730741,4.567763328552246,0,0,0,0
497,44295,26,pair_013_n5_013_conflict,conflict,0,1,0,-0.6000000000000001,0.22617666666666664,708720,2126160,25139,151,1083219,0,0,0,0,0.0,0,0,0,0,0,0,0,0,0,0,0.0,0,0.0,0.010262527382694267,12.301783561706543,0.8460583874569536,4.567763328552246,0,0,0,0
498,44374,79,pair_002_n5_002_conflict,conflict,0,1,0,1.0700000000000012,0.226045,709984,2129952,25186,152,1085453,0,0,0,0,0.0,0,0,0,0,0,0,0,0,0,0,0.0,0,0.0,0.010260580225188876,12.301783561706543,0.8457800987931201,4.567763328552246,0,0,0,0
499,44466,92,pair_001_n5_001_control,control,1,0,0,12.340000000000002,0.22589166666666666,711456,2134368,25236,152,1088063,0,0,0,0,0.0,0,0,0,0,0,0,0,0,0,0,0.0,0,0.0,0.010258209408694716,12.301783561706543,0.8459510326270973,4.567763328552246,0,0,0,0
500,44555,89,pair_014_n5_014_control,control,1,0,0,12.370000000000001,0.22574333333333332,712880,2138640,25289,152,1090606,0,0,0,0,0.0,0,0,0,0,0,0,0,0,0,0,0.0,0,0.0,0.010248304802473405,12.301783561706543,0.8461238063926626,4.567763328552246,0,0,0,0
501,44639,84,pair_010_n3_010_control,control,1,0,0,12.420000000000002,0.22560333333333332,714224,2142672,25333,152,1093040,0,0,0,0,0.0,0,0,0,0,0,0,0,0,0,0,0.0,0,0.0,0.010244619878920346,12.301783561706543,0.8462284821814162,4.567763328552246,0,0,0,0
502,44731,92,pair_000_n3_000_conflict,conflict,1,0,0,12.340000000000002,0.22544999999999998,715696,2147088,25375,152,1095645,0,0,0,0,0.0,0,0,0,0,0,0,0,0,0,0,0.0,0,0.0,0.010241756464785312,12.301783561706543,0.8457941336491518,4.567763328552246,0,0,0,0
503,44817,86,pair_001_n3_001_control,control,1,0,0,12.400000000000002,0.22530666666666666,717072,2151216,25428,152,1098134,0,0,0,0,0.0,0,0,0,0,0,0,0,0,0,0,0.0,0,0.0,0.01023240321031504,12.301783561706543,0.8455986093092519,4.567763328552246,0,0,0,0
504,44903,86,pair_013_n5_013_control,control,1,0,0,12.400000000000002,0.22516333333333333,718448,2155344,25492,152,1100622,0,0,0,0,0.0,0,0,0,0,0,0,0,0,0,0,0.0,0,0.0,0.010225550480396159,12.301783561706543,0.8453456476257168,4.567763328552246,0,0,0,0
505,44991,88,pair_015_n3_015_conflict,conflict,1,0,0,12.38,0.22501666666666664,719856,2159568,25542,152,1103176,0,0,0,0,0.0,0,0,0,0,0,0,0,0,0,0,0.0,0,0.0,0.010215959752450612,12.301783561706543,0.845662403108155,4.567763328552246,0,0,0,0
506,45081,90,pair_007_n3_007_conflict,conflict,1,0,0,12.360000000000001,0.22486666666666666,721296,2163888,25610,152,1105724,0,0,0,0,0.0,0,0,0,0,0,0,0,0,0,0,0.0,0,0.0,0.010212602020946477,12.301783561706543,0.8457566946449497,4.567763328552246,0,0,0,0
507,45159,78,pair_000_n3_000_conflict,conflict,1,0,0,12.48,0.22473666666666664,722544,2167632,25649,152,1107951,0,0,0,0,0.0,0,0,0,0,0,0,0,0,0,0,0.0,0,0.0,0.010205241475947141,12.301783561706543,0.8458673527941944,4.567763328552246,0,0,0,0
508,45268,109,pair_005_n5_005_conflict,conflict,1,0,0,12.170000000000002,0.224555,724288,2172864,25691,152,1111073,0,0,0,0,0.0,0,0,0,0,0,0,0,0,0,0,0.0,0,0.0,0.010193372345094662,12.301783561706543,0.846397750832335,4.567763328552246,0,0,0,0
509,45355,87,pair_004_n5_004_control,control,1,0,0,12.39,0.22441,725680,2177040,25734,152,1113550,0,0,0,0,0.0,0,0,0,0,0,0,0,0,0,0,0.0,0,0.0,0.01019490300575271,12.301783561706543,0.8469999655212609,4.567763328552246,0,0,0,0
510,45445,90,pair_006_n5_006_control,control,1,0,0,12.360000000000001,0.22426,727120,2181360,25805,153,1116155,0,0,0,0,0.0,0,0,0,0,0,0,0,0,0,0,0.0,0,0.0,0.010193144624552656,12.301783561706543,0.8469223111336306,4.567763328552246,0,0,0,0
511,45539,94,pair_005_n3_005_control,control,1,0,0,12.32,0.22410333333333332,728624,2185872,25842,153,1118803,0,0,0,0,0.0,0,0,0,0,0,0,0,0,0,0,0.0,0,0.0,0.010186033154015518,12.301783561706543,0.8464757492870698,4.567763328552246,0,0,0,0
512,45617,78,pair_013_n3_013_conflict,conflict,1,0,0,12.48,0.2239733333333333,729872,2189616,25899,153,1121036,0,0,0,0,0.0,0,0,0,0,0,0,0,0,0,0,0.0,0,0.0,0.010176945425011862,12.301783561706543,0.8466589253811958,4.567763328552246,0,0,0,0
513,45713,96,pair_010_n5_010_control,control,1,0,0,12.3,0.2238133333333333,731408,2194224,25956,153,1123805,0,0,0,0,0.0,0,0,0,0,0,0,0,0,0,0,0.0,0,0.0,0.010168490656248051,12.301783561706543,0.8463943114851501,4.567763328552246,0,0,0,0
514,45721,8,pair_007_n3_007_control,control,0,1,0,-1.02,0.2238,731536,2194608,25964,153,1124022,0,0,0,0,0.0,0,0,0,0,0,0,0,0,0,0,0.0,0,0.0,0.010167681140752543,12.301783561706543,0.8463251933291125,4.567763328552246,0,0,0,0
515,45802,81,pair_002_n3_002_conflict,conflict,1,0,0,12.450000000000003,0.223665,732832,2198496,25996,153,1126350,0,0,0,0,0.0,0,0,0,0,0,0,0,0,0,0,0.0,0,0.0,0.010164830231590765,12.301783561706543,0.8460406100559305,4.567763328552246,0,0,0,0
516,45879,77,pair_016_n5_016_conflict,conflict,1,0,0,12.490000000000002,0.22353666666666666,734064,2202192,26064,153,1128511,0,0,0,0,0.0,0,0,0,0,0,0,0,0,0,0,0.0,0,0.0,0.010162066130402414,12.301783561706543,0.8465279205875907,4.567763328552246,0,0,0,0
517,45968,89,pair_000_n5_000_conflict,conflict,1,0,0,12.370000000000001,0.22338833333333333,735488,2206464,26118,153,1131096,0,0,0,0,0.0,0,0,0,0,0,0,0,0,0,0,0.0,0,0.0,0.010156604274179654,12.301783561706543,0.8465369987341481,4.567763328552246,0,0,0,0
518,46041,73,pair_008_n3_008_conflict,conflict,1,0,0,12.530000000000001,0.22326666666666667,736656,2209968,26155,153,1133147,0,0,0,0,0.0,0,0,0,0,0,0,0,0,0,0,0.0,0,0.0,0.0101457016583586,12.301783561706543,0.8459189066623778,4.567763328552246,0,0,0,0
519,46128,87,pair_016_n3_016_control,control,1,0,0,12.39,0.22312166666666666,738048,2214144,26209,153,1135544,0,0,0,0,0.0,0,0,0,0,0,0,0,0,0,0,0.0,0,0.0,0.010132871995749082,12.301783561706543,0.8454424306559138,4.567763328552246,0,0,0,0
520,46209,81,pair_013_n3_013_control,control,1,0,0,12.450000000000001,0.22298666666666667,739344,2218032,26266,153,1137862,0,0,0,0,0.0,0,0,0,0,0,0,0,0,0,0,0.0,0,0.0,0.010128260639742434,12.301783561706543,0.8453101755721011,4.567763328552246,0,0,0,0
521,46285,76,pair_008_n5_008_conflict,conflict,0,1,0,1.3000000000000016,0.22286,740560,2221680,26323,153,1140090,0,0,0,0,0.0,0,0,0,0,0,0,0,0,0,0,0.0,0,0.0,0.010121040810497616,12.301783561706543,0.8453755576089483,4.567763328552246,0,0,0,0
522,46351,66,pair_014_n3_014_control,control,0,1,0,0.6000000000000008,0.22275,741616,2224848,26371,157,1142004,0,0,0,0,0.0,0,0,0,0,0,0,0,0,0,0,0.0,0,0.0,0.01011928499720023,12.301783561706543,0.8449323289998524,4.567763328552246,0,0,0,0
523,46434,83,pair_006_n3_006_control,control,1,0,0,12.430000000000001,0.22261166666666665,742944,2228832,26420,158,1144438,0,0,0,0,0.0,0,0,0,0,0,0,0,0,0,0,0.0,0,0.0,0.01011217190001764,12.301783561706543,0.8447544042194087,4.567763328552246,0,0,0,0
524,46522,88,pair_003_n3_003_control,control,0,1,0,1.2800000000000025,0.22246499999999997,744352,2233056,26472,159,1146966,0,0,0,0,0.0,0,0,0,0,0,0,0,0,0,0,0.0,0,0.0,0.010101007027187223,12.301783561706543,0.8445923926389948,4.567763328552246,0,0,0,0
525,46610,88,pair_005_n5_005_control,control,1,0,0,12.380000000000003,0.22231833333333334,745760,2237280,26532,159,1149525,0,0,0,0,0.0,0,0,0,0,0,0,0,0,0,0,0.0,0,0.0,0.010089079422425202,12.301783561706543,0.8444763710839817,4.567763328552246,0,0,0,0
526,46683,73,pair_016_n3_016_conflict,conflict,1,0,0,12.530000000000001,0.22219666666666665,746928,2240784,26585,159,1151649,0,0,0,0,0.0,0,0,0,0,0,0,0,0,0,0,0.0,0,0.0,0.010079013534787773,12.301783561706543,0.8446201428315283,4.567763328552246,0,0,0,0
527,46766,83,pair_005_n3_005_conflict,conflict,1,0,0,12.430000000000001,0.2220583333333333,748256,2244768,26625,159,1154036,0,0,0,0,0.0,0,0,0,0,0,0,0,0,0,0,0.0,0,0.0,0.01007271254808742,12.301783561706543,0.8442823503262266,4.567763328552246,0,0,0,0
528,46848,82,pair_009_n5_009_control,control,0,1,0,1.2400000000000015,0.22192166666666666,749568,2248704,26695,159,1156446,0,0,0,0,0.0,0,0,0,0,0,0,0,0,0,0,0.0,0,0.0,0.010070909903951014,12.301783561706543,0.8446847889884492,4.567763328552246,0,0,0,0
529,46948,100,pair_012_n5_012_control,control,1,0,0,12.260000000000002,0.22175499999999998,751168,2253504,26730,159,1159339,0,0,0,0,0.0,0,0,0,0,0,0,0,0,0,0,0.0,0,0.0,0.010059778279827812,12.301783561706543,0.8444290776006068,4.567763328552246,0,0,0,0
530,47033,85,pair_001_n5_001_conflict,conflict,1,0,0,12.410000000000002,0.22161333333333333,752528,2257584,26790,159,1161776,0,0,0,0,0.0,0,0,0,0,0,0,0,0,0,0,0.0,0,0.0,0.010053486210408993,12.301783561706543,0.8441162209266687,4.567763328552246,0,0,0,0
531,47104,71,pair_008_n3_008_control,control,1,0,0,12.55,0.221495,753664,2260992,26830,159,1163813,0,0,0,0,0.0,0,0,0,0,0,0,0,0,0,0,0.0,0,0.0,0.010053448194240266,12.301783561706543,0.844227189427843,4.567763328552246,0,0,0,0
532,47218,114,pair_017_n5_017_conflict,conflict,1,0,0,12.120000000000003,0.22130499999999997,755488,2266464,26904,160,1167073,0,0,0,0,0.0,0,0,0,0,0,0,0,0,0,0,0.0,0,0.0,0.010041871794344247,12.301783561706543,0.8439889036384783,4.567763328552246,0,0,0,0
533,47315,97,pair_014_n3_014_conflict,conflict,1,0,0,12.290000000000001,0.2211433333333333,757040,2271120,26975,160,1169849,0,0,0,0,0.0,0,0,0,0,0,0,0,0,0,0,0.0,0,0.0,0.010029015698138497,12.301783561706543,0.8436795866827257,4.567763328552246,0,0,0,0
534,47392,77,pair_002_n5_002_control,control,1,0,0,12.490000000000002,0.221015,758272,2274816,27022,160,1172137,0,0,0,0,0.0,0,0,0,0,0,0,0,0,0,0,0.0,0,0.0,0.010020541125457638,12.301783561706543,0.8434142516285686,4.567763328552246,0,0,0,0
535,47484,92,pair_008_n5_008_control,control,1,0,0,12.340000000000002,0.22086166666666665,759744,2279232,27064,160,1174821,0,0,0,0,0.0,0,0,0,0,0,0,0,0,0,0,0.0,0,0.0,0.010011488736027389,12.301783561706543,0.8433877650471285,4.567763328552246,0,0,0,0
536,47576,92,pair_004_n3_004_control,control,1,0,0,12.340000000000002,0.22070833333333334,761216,2283648,27104,160,1177406,0,0,0,0,0.0,0,0,0,0,0,0,0,0,0,0,0.0,0,0.0,0.010000376449842278,12.301783561706543,0.8435716031045075,4.567763328552246,0,0,0,0
537,47654,78,pair_004_n3_004_conflict,conflict,1,0,0,12.48,0.22057833333333332,762464,2287392,27155,160,1179669,0,0,0,0,0.0,0,0,0,0,0,0,0,0,0,0,0.0,0,0.0,0.009990524217545996,12.301783561706543,0.8436619005813155,4.567763328552246,0,0,0,0
538,47770,116,pair_016_n5_016_control,control,1,0,0,12.100000000000001,0.220385,764320,2292960,27203,160,1182950,0,0,0,0,0.0,0,0,0,0,0,0,0,0,0,0,0.0,0,0.0,0.009978794824072252,12.301783561706543,0.8436507364353666,4.567763328552246,0,0,0,0
539,47855,85,pair_012_n3_012_control,control,1,0,0,12.410000000000002,0.22024333333333332,765680,2297040,27234,160,1185326,0,0,0,0,0.0,0,0,0,0,0,0,0,0,0,0,0.0,0,0.0,0.009971984477700799,12.301783561706543,0.8435263304099971,4.567763328552246,0,0,0,0
540,47954,99,pair_012_n5_012_conflict,conflict,0,1,0,1.1700000000000021,0.22007833333333332,767264,2301792,27285,160,1188157,0,0,0,0,0.0,0,0,0,0,0,0,0,0,0,0,0.0,0,0.0,0.009963224172300611,12.301783561706543,0.8432616090289986,4.567763328552246,0,0,0,0
541,48029,75,pair_002_n5_002_conflict,conflict,1,0,0,12.510000000000002,0.21995333333333333,768464,2305392,27320,162,1190252,0,0,0,0,0.0,0,0,0,0,0,0,0,0,0,0,0.0,0,0.0,0.009960452891839656,12.301783561706543,0.8432984674262285,4.567763328552246,0,0,0,0
542,48329,300,pair_017_n5_017_control,control,0,0,0,0.14999999999999927,0.21945333333333333,773264,2319792,27564,162,1198729,0,0,0,0,0.0,0,0,0,0,0,0,0,0,0,0,0.0,0,0.0,0.00995587885932549,12.301783561706543,0.8440833701234233,4.567763328552246,0,0,0,0
543,48468,139,pair_015_n5_015_control,control,1,0,0,11.870000000000001,0.21922166666666665,775488,2326464,27638,162,1202741,0,0,0,0,0.0,0,0,0,0,0,0,0,0,0,0,0.0,0,0.0,0.009946384728077493,12.301783561706543,0.84439092303355,4.567763328552246,0,0,0,0
544,48768,300,pair_014_n5_014_control,control,0,0,0,-2.706168622523819e-16,0.21872166666666665,780288,2340864,27667,162,1211196,0,0,0,0,0.0,0,0,0,0,0,0,0,0,0,0,0.0,0,0.0,0.00992925939889785,12.301783561706543,0.8448184537566484,4.567763328552246,0,0,0,0
545,48820,52,pair_009_n5_009_conflict,conflict,0,1,0,0.1900000000000004,0.21863499999999997,781120,2343360,27706,164,1212635,0,0,0,0,0.0,0,0,0,0,0,0,0,0,0,0,0.0,0,0.0,0.009925526928569373,12.301783561706543,0.8449124305347261,4.567763328552246,0,0,0,0
546,48941,121,pair_011_n3_011_conflict,conflict,1,0,0,12.05,0.2184333333333333,783056,2349168,27760,164,1215971,0,0,0,0,0.0,0,0,0,0,0,0,0,0,0,0,0.0,0,0.0,0.00991558512007581,12.301783561706543,0.8456223058940349,4.567763328552246,0,0,0,0
547,49035,94,pair_017_n3_017_control,control,1,0,0,12.320000000000002,0.21827666666666667,784560,2353680,27816,164,1218593,0,0,0,0,0.0,0,0,0,0,0,0,0,0,0,0,0.0,0,0.0,0.009909920492686634,12.301783561706543,0.8454639163791322,4.567763328552246,0,0,0,0
548,49125,90,pair_013_n5_013_conflict,conflict,1,0,0,12.360000000000001,0.21812666666666664,786000,2358000,27880,164,1221144,0,0,0,0,0.0,0,0,0,0,0,0,0,0,0,0,0.0,0,0.0,0.009902696512237548,12.301783561706543,0.8455874402681911,4.567763328552246,0,0,0,0
549,49236,111,pair_015_n5_015_conflict,conflict,1,0,0,12.150000000000002,0.21794166666666664,787776,2363328,27948,164,1224239,0,0,0,0,0.0,0,0,0,0,0,0,0,0,0,0,0.0,0,0.0,0.009892141108334251,12.301783561706543,0.8455730309075935,4.567763328552246,0,0,0,0
550,49325,89,pair_004_n5_004_conflict,conflict,1,0,0,12.370000000000001,0.21779333333333334,789200,2367600,28015,164,1226696,0,0,0,0,0.0,0,0,0,0,0,0,0,0,0,0,0.0,0,0.0,0.009886787358157323,12.301783561706543,0.8453736607732277,4.567763328552246,0,0,0,0
551,49435,110,pair_002_n3_002_control,control,1,0,0,12.160000000000002,0.21760999999999997,790960,2372880,28072,164,1229780,0,0,0,0,0.0,0,0,0,0,0,0,0,0,0,0,0.0,0,0.0,0.009880467376789796,12.301783561706543,0.8456305634582294,4.567763328552246,0,0,0,0
552,49553,118,pair_012_n3_012_conflict,conflict,1,0,0,12.080000000000004,0.21741333333333332,792848,2378544,28138,166,1232998,0,0,0,0,0.0,0,0,0,0,0,0,0,0,0,0,0.0,0,0.0,0.009869157305832571,12.301783561706543,0.8454157015217735,4.567763328552246,0,0,0,0
553,49637,84,pair_003_n5_003_conflict,conflict,0,1,0,1.3700000000000019,0.21727333333333332,794192,2382576,28186,166,1235311,0,0,0,0,0.0,0,0,0,0,0,0,0,0,0,0,0.0,0,0.0,0.009864032054738514,12.301783561706543,0.8463410067875408,4.567763328552246,0,0,0,0
554,49728,91,pair_014_n5_014_conflict,conflict,1,0,0,12.350000000000001,0.21712166666666666,795648,2386944,28230,166,1237844,0,0,0,0,0.0,0,0,0,0,0,0,0,0,0,0,0.0,0,0.0,0.009858257874820161,12.301783561706543,0.8460072976750327,4.567763328552246,0,0,0,0
555,49811,83,pair_010_n3_010_control,control,1,0,0,12.430000000000001,0.2169833333333333,796976,2390928,28259,166,1240152,0,0,0,0,0.0,0,0,0,0,0,0,0,0,0,0,0.0,0,0.0,0.009849108684054201,12.301783561706543,0.8462305805881448,4.567763328552246,0,0,0,0
556,49893,82,pair_001_n5_001_control,control,1,0,0,12.440000000000001,0.21684666666666666,798288,2394864,28284,166,1242446,0,0,0,0,0.0,0,0,0,0,0,0,0,0,0,0,0.0,0,0.0,0.009840439435438764,12.301783561706543,0.8466898480075322,4.567763328552246,0,0,0,0
557,49984,91,pair_006_n5_006_conflict,conflict,1,0,0,12.350000000000001,0.21669499999999997,799744,2399232,28330,166,1244952,0,0,0,0,0.0,0,0,0,0,0,0,0,0,0,0,0.0,0,0.0,0.009831644441290513,12.301783561706543,0.8467101508459877,4.567763328552246,0,0,0,0
558,50065,81,pair_001_n3_001_conflict,conflict,1,0,0,12.450000000000003,0.21655999999999997,800390,2403770,28360,166,1247613,0,0,0,0,0.0,0,0,0,0,0,0,0,0,0,0,0.0,0,0.0,0.009822294293128623,12.301783561706543,0.8464152604925991,4.567763328552246,0,0,0,0
559,50169,104,pair_015_n3_015_control,control,1,0,0,12.22,0.21638666666666667,801014,2409802,28405,166,1251047,0,0,0,0,0.0,0,0,0,0,0,0,0,0,0,0,0.0,0,0.0,0.009813225105902657,12.301783561706543,0.8467778469872657,4.567763328552246,0,0,0,0
560,50257,88,pair_000_n3_000_control,control,1,0,0,12.380000000000003,0.21624,801542,2414906,28439,166,1254008,0,0,0,0,0.0,0,0,0,0,0,0,0,0,0,0,0.0,0,0.0,0.009806749021960569,12.301783561706543,0.8471575345589634,4.567763328552246,0,0,0,0
561,50338,81,pair_000_n5_000_control,control,1,0,0,12.450000000000001,0.216105,802028,2419604,28479,166,1256714,0,0,0,0,0.0,0,0,0,0,0,0,0,0,0,0,0.0,0,0.0,0.009798710349322975,12.301783561706543,0.8470298008728476,4.567763328552246,0,0,0,0
562,50415,77,pair_003_n3_003_conflict,conflict,1,0,0,12.490000000000002,0.21597666666666665,802490,2424070,28512,166,1259241,0,0,0,0,0.0,0,0,0,0,0,0,0,0,0,0,0.0,0,0.0,0.009792324670233502,12.301783561706543,0.8471319811932021,4.567763328552246,0,0,0,0
563,50507,92,pair_003_n5_003_control,control,1,0,0,12.340000000000002,0.2158233333333333,803042,2429406,28559,167,1262249,0,0,0,0,0.0,0,0,0,0,0,0,0,0,0,0,0.0,0,0.0,0.009782441370741763,12.301783561706543,0.8468627962221741,4.567763328552246,0,0,0,0
564,50591,84,pair_007_n5_007_conflict,conflict,1,0,0,12.420000000000002,0.21568333333333334,803546,2434278,28636,167,1264970,0,0,0,0,0.0,0,0,0,0,0,0,0,0,0,0,0.0,0,0.0,0.009773781875443397,12.301783561706543,0.8466328487510555,4.567763328552246,0,0,0,0
565,50676,85,pair_006_n3_006_conflict,conflict,1,0,0,12.410000000000002,0.21554166666666666,804056,2439208,28692,167,1267738,0,0,0,0,0.0,0,0,0,0,0,0,0,0,0,0,0.0,0,0.0,0.00976634849322027,12.301783561706543,0.8464981107138937,4.567763328552246,0,0,0,0
566,50761,85,pair_010_n5_010_conflict,conflict,0,1,0,1.3600000000000017,0.21539999999999998,804566,2444138,28732,167,1270508,0,0,0,0,0.0,0,0,0,0,0,0,0,0,0,0,0.0,0,0.0,0.00975768482829487,12.301783561706543,0.8463562139879642,4.567763328552246,0,0,0,0
567,50849,88,pair_007_n5_007_control,control,1,0,0,12.380000000000003,0.21525333333333332,805094,2449242,28807,167,1273336,0,0,0,0,0.0,0,0,0,0,0,0,0,0,0,0,0.0,0,0.0,0.009746845955419265,12.301783561706543,0.8461877736867113,4.567763328552246,0,0,0,0
568,50937,88,pair_011_n3_011_control,control,1,0,0,12.380000000000003,0.21510666666666667,805622,2454346,28826,167,1276184,0,0,0,0,0.0,0,0,0,0,0,0,0,0,0,0,0.0,0,0.0,0.009737230912752996,12.301783561706543,0.8462541199111343,4.567763328552246,0,0,0,0
569,51013,76,pair_009_n3_009_conflict,conflict,1,0,0,12.500000000000002,0.21498,806078,2458754,28882,168,1278689,0,0,0,0,0.0,0,0,0,0,0,0,0,0,0,0,0.0,0,0.0,0.009730848160283584,12.301783561706543,0.8467236633155286,4.567763328552246,0,0,0,0
570,51093,80,pair_017_n3_017_conflict,conflict,1,0,0,12.46,0.21484666666666666,806558,2463394,28920,168,1281304,0,0,0,0,0.0,0,0,0,0,0,0,0,0,0,0,0.0,0,0.0,0.009722162515288303,12.301783561706543,0.8471925512061281,4.567763328552246,0,0,0,0
571,51181,88,pair_011_n5_011_control,control,1,0,0,12.38,0.2147,807086,2468498,28959,168,1284117,0,0,0,0,0.0,0,0,0,0,0,0,0,0,0,0,0.0,0,0.0,0.009714908287889602,12.301783561706543,0.8475438369537879,4.567763328552246,0,0,0,0
572,51268,87,pair_010_n3_010_conflict,conflict,1,0,0,12.39,0.214555,807608,2473544,28993,169,1286942,0,0,0,0,0.0,0,0,0,0,0,0,0,0,0,0,0.0,0,0.0,0.009703990561478054,12.301783561706543,0.8473935264225645,4.567763328552246,0,0,0,0
573,51314,46,pair_009_n3_009_control,control,0,1,0,0.3000000000000005,0.21447833333333333,807884,2476212,29029,171,1288450,0,0,0,0,0.0,0,0,0,0,0,0,0,0,0,0,0.0,0,0.0,0.009698784656608606,12.301783561706543,0.8473967391138815,4.567763328552246,0,0,0,0
574,51407,93,pair_011_n5_011_conflict,conflict,1,0,0,12.330000000000002,0.2143233333333333,808442,2481606,29072,171,1291522,0,0,0,0,0.0,0,0,0,0,0,0,0,0,0,0,0.0,0,0.0,0.009694297726107762,12.301783561706543,0.8476167176212887,4.567763328552246,0,0,0,0
575,51497,90,pair_001_n3_001_control,control,1,0,0,12.360000000000001,0.21417333333333333,808982,2486826,29094,171,1294449,0,0,0,0,0.0,0,0,0,0,0,0,0,0,0,0,0.0,0,0.0,0.00968622496068573,12.301783561706543,0.8472501512987687,4.567763328552246,0,0,0,0
576,51499,2,pair_012_n3_012_conflict,conflict,0,1,0,-0.96,0.21416999999999997,808994,2486942,29096,171,1294520,0,0,0,0,0.0,0,0,0,0,0,0,0,0,0,0,0.0,0,0.0,0.009685933015737508,12.301783561706543,0.8472321710672395,4.567763328552246,0,0,0,0
577,51588,89,pair_000_n5_000_control,control,1,0,0,12.370000000000001,0.21402166666666667,809528,2492104,29146,171,1297378,0,0,0,0,0.0,0,0,0,0,0,0,0,0,0,0,0.0,0,0.0,0.009678234831361395,12.301783561706543,0.847076261430845,4.567763328552246,0,0,0,0
578,51676,88,pair_009_n5_009_conflict,conflict,1,0,0,12.380000000000003,0.21387499999999998,810056,2497208,29221,173,1300247,0,0,0,0,0.0,0,0,0,0,0,0,0,0,0,0,0.0,0,0.0,0.00966862639569316,12.301783561706543,0.8468328600843306,4.567763328552246,0,0,0,0
579,51758,82,pair_011_n3_011_conflict,conflict,1,0,0,12.440000000000001,0.2137383333333333,810548,2501964,29248,173,1302942,0,0,0,0,0.0,0,0,0,0,0,0,0,0,0,0,0.0,0,0.0,0.009660256794490339,12.301783561706543,0.8470054713581201,4.567763328552246,0,0,0,0
580,51838,80,pair_015_n3_015_conflict,conflict,1,0,0,12.46,0.213605,811028,2506604,29301,174,1305533,0,0,0,0,0.0,0,0,0,0,0,0,0,0,0,0,0.0,0,0.0,0.009651223585666483,12.301783561706543,0.8468832073338964,4.567763328552246,0,0,0,0
581,51927,89,pair_007_n3_007_control,control,1,0,0,12.370000000000001,0.21345666666666666,811562,2511766,29362,174,1308401,0,0,0,0,0.0,0,0,0,0,0,0,0,0,0,0,0.0,0,0.0,0.009643701615976424,12.301783561706543,0.8468879941527493,4.567763328552246,0,0,0,0
582,51947,20,pair_006_n3_006_conflict,conflict,0,1,0,-0.69,0.21342333333333333,811682,2512926,29382,174,1309034,0,0,0,0,0.0,0,0,0,0,0,0,0,0,0,0,0.0,0,0.0,0.00964124782455951,12.301783561706543,0.8468722970754465,4.567763328552246,0,0,0,0
583,51967,20,pair_015_n5_015_control,control,0,1,0,-0.69,0.21338999999999997,811802,2514086,29402,174,1309662,0,0,0,0,0.0,0,0,0,0,0,0,0,0,0,0,0.0,0,0.0,0.009638766003930627,12.301783561706543,0.8467625688416951,4.567763328552246,0,0,0,0
584,52051,84,pair_011_n5_011_conflict,conflict,1,0,0,12.420000000000002,0.21325,812306,2518958,29436,174,1312413,0,0,0,0,0.0,0,0,0,0,0,0,0,0,0,0,0.0,0,0.0,0.009635695455168809,12.301783561706543,0.846357647406113,4.567763328552246,0,0,0,0
585,52142,91,pair_001_n3_001_conflict,conflict,1,0,0,12.350000000000001,0.21309833333333333,812852,2524236,29463,174,1315316,0,0,0,0,0.0,0,0,0,0,0,0,0,0,0,0,0.0,0,0.0,0.00962671675328966,12.301783561706543,0.846048430103138,4.567763328552246,0,0,0,0
586,52230,88,pair_008_n3_008_conflict,conflict,1,0,0,12.38,0.21295166666666665,813380,2529340,29498,175,1318176,0,0,0,0,0.0,0,0,0,0,0,0,0,0,0,0,0.0,0,0.0,0.009623396454020768,12.301783561706543,0.8459194560037228,4.567763328552246,0,0,0,0
587,52310,80,pair_017_n3_017_conflict,conflict,0,1,0,1.3100000000000014,0.21281833333333333,813860,2533980,29542,177,1320713,0,0,0,0,0.0,0,0,0,0,0,0,0,0,0,0,0.0,0,0.0,0.009613727324351002,12.301783561706543,0.8455121151904612,4.567763328552246,0,0,0,0
588,52388,78,pair_009_n3_009_control,control,1,0,0,12.480000000000002,0.2126883333333333,814328,2538504,29569,177,1323258,0,0,0,0,0.0,0,0,0,0,0,0,0,0,0,0,0.0,0,0.0,0.00960549357549545,12.301783561706543,0.8456742809469963,4.567763328552246,0,0,0,0
589,52470,82,pair_014_n3_014_control,control,1,0,0,12.440000000000001,0.21255166666666664,814820,2543260,29632,177,1325949,0,0,0,0,0.0,0,0,0,0,0,0,0,0,0,0,0.0,0,0.0,0.009602310941895122,12.301783561706543,0.845354217982652,4.567763328552246,0,0,0,0
590,52483,13,pair_000_n5_000_conflict,conflict,0,1,0,-0.52,0.21253,814898,2544014,29645,177,1326384,0,0,0,0,0.0,0,0,0,0,0,0,0,0,0,0,0.0,0,0.0,0.009600774510753016,12.301783561706543,0.845349803667974,4.567763328552246,0,0,0,0
591,52584,101,pair_002_n5_002_conflict,conflict,1,0,0,12.250000000000002,0.21236166666666667,815504,2549872,29683,177,1329615,0,0,0,0,0.0,0,0,0,0,0,0,0,0,0,0,0.0,0,0.0,0.009592467080466708,12.301783561706543,0.845091607092599,4.567763328552246,0,0,0,0
592,52664,80,pair_007_n5_007_conflict,conflict,1,0,0,12.46,0.21222833333333332,815984,2554512,29751,178,1332233,0,0,0,0,0.0,0,0,0,0,0,0,0,0,0,0,0.0,0,0.0,0.009589168620243909,12.301783561706543,0.8447452095605235,4.567763328552246,0,0,0,0
593,52767,103,pair_010_n5_010_control,control,1,0,0,12.230000000000002,0.21205666666666667,816602,2560486,29809,178,1335556,0,0,0,0,0.0,0,0,0,0,0,0,0,0,0,0,0.0,0,0.0,0.009581915427494729,12.301783561706543,0.8445450962298273,4.567763328552246,0,0,0,0
594,52846,79,pair_011_n3_011_control,control,1,0,0,12.470000000000002,0.21192499999999997,817076,2565068,29838,178,1338103,0,0,0,0,0.0,0,0,0,0,0,0,0,0,0,0,0.0,0,0.0,0.00957525524992644,12.301783561706543,0.8440771677019485,4.567763328552246,0,0,0,0
595,52923,77,pair_016_n3_016_conflict,conflict,1,0,0,12.490000000000002,0.21179666666666666,817538,2569534,29881,178,1340533,0,0,0,0,0.0,0,0,0,0,0,0,0,0,0,0,0.0,0,0.0,0.009581676375538521,12.301783561706543,0.8441394279077202,4.567763328552246,0,0,0,0
596,53004,81,pair_016_n5_016_conflict,conflict,1,0,0,12.450000000000001,0.21166166666666664,818024,2574232,29930,178,1343108,0,0,0,0,0.0,0,0,0,0,0,0,0,0,0,0,0.0,0,0.0,0.009578239259106683,12.301783561706543,0.844364776965987,4.567763328552246,0,0,0,0
597,53083,79,pair_009_n3_009_conflict,conflict,1,0,0,12.470000000000002,0.21153,818498,2578814,29954,178,1345685,0,0,0,0,0.0,0,0,0,0,0,0,0,0,0,0,0.0,0,0.0,0.009573992289141242,12.301783561706543,0.8442777933829471,4.567763328552246,0,0,0,0
598,53167,84,pair_010_n5_010_conflict,conflict,1,0,0,12.420000000000002,0.21139,819002,2583686,29995,178,1348307,0,0,0,0,0.0,0,0,0,0,0,0,0,0,0,0,0.0,0,0.0,0.009565838947555897,12.301783561706543,0.8444523218763287,4.567763328552246,0,0,0,0
599,53259,92,pair_017_n5_017_conflict,conflict,1,0,0,12.340000000000002,0.21123666666666666,819554,2589022,30046,178,1351182,0,0,0,0,0.0,0,0,0,0,0,0,0,0,0,0,0.0,0,0.0,0.009563617959623488,12.301783561706543,0.8445984659360354,4.567763328552246,0,0,0,0
600,53337,78,pair_004_n5_004_conflict,conflict,1,0,0,12.48,0.21110666666666666,820022,2593546,30089,178,1353652,0,0,0,0,0.0,0,0,0,0,0,0,0,0,0,0,0.0,0,0.0,0.009559319927953728,12.301783561706543,0.8441996118835876,4.567763328552246,0,0,0,0
601,53340,3,pair_002_n3_002_control,control,0,1,0,-0.97,0.21110166666666666,820040,2593720,30092,178,1353744,0,0,0,0,0.0,0,0,0,0,0,0,0,0,0,0,0.0,0,0.0,0.009558987216703084,12.301783561706543,0.8442250538773466,4.567763328552246,0,0,0,0
602,53421,81,pair_007_n5_007_control,control,1,0,0,12.450000000000001,0.21096666666666664,820526,2598418,30130,179,1356348,0,0,0,0,0.0,0,0,0,0,0,0,0,0,0,0,0.0,0,0.0,0.009559436304444929,12.301783561706543,0.8442796478972822,4.567763328552246,0,0,0,0
603,53505,84,pair_012_n3_012_control,control,1,0,0,12.420000000000002,0.21082666666666666,821030,2603290,30161,179,1358999,0,0,0,0,0.0,0,0,0,0,0,0,0,0,0,0,0.0,0,0.0,0.009560438559127107,12.301783561706543,0.8442883268021324,4.567763328552246,0,0,0,0
604,53606,101,pair_001_n3_001_control,control,1,0,0,12.250000000000002,0.21065833333333334,821636,2609148,30203,179,1362147,0,0,0,0,0.0,0,0,0,0,0,0,0,0,0,0,0.0,0,0.0,0.009559573437224841,12.301783561706543,0.8442147252292447,4.567763328552246,0,0,0,0
605,53689,83,pair_010_n3_010_conflict,conflict,1,0,0,12.430000000000001,0.21051999999999998,822134,2613962,30238,179,1364753,0,0,0,0,0.0,0,0,0,0,0,0,0,0,0,0,0.0,0,0.0,0.009556775950644312,12.301783561706543,0.8446993616432202,4.567763328552246,0,0,0,0
606,53780,91,pair_004_n3_004_conflict,conflict,1,0,0,12.350000000000001,0.21036833333333332,822680,2619240,30279,179,1367549,0,0,0,0,0.0,0,0,0,0,0,0,0,0,0,0,0.0,0,0.0,0.009548613878293203,12.301783561706543,0.8441284591960002,4.567763328552246,0,0,0,0
607,53866,86,pair_000_n3_000_control,control,1,0,0,12.400000000000002,0.210225,823196,2624228,30310,179,1370180,0,0,0,0,0.0,0,0,0,0,0,0,0,0,0,0,0.0,0,0.0,0.00954323583594127,12.301783561706543,0.8439957153841398,4.567763328552246,0,0,0,0
608,53972,106,pair_005_n3_005_control,control,1,0,0,12.200000000000001,0.21004833333333334,823832,2630376,30341,179,1373502,0,0,0,0,0.0,0,0,0,0,0,0,0,0,0,0,0.0,0,0.0,0.009535936972524467,12.301783561706543,0.843669230909704,4.567763328552246,0,0,0,0
609,53980,8,pair_002_n5_002_control,control,0,1,0,-0.87,0.21003499999999997,823880,2630840,30349,179,1373747,0,0,0,0,0.0,0,0,0,0,0,0,0,0,0,0,0.0,0,0.0,0.009534769828653216,12.301783561706543,0.8435870748252386,4.567763328552246,0,0,0,0
610,54065,85,pair_001_n5_001_conflict,conflict,1,0,0,12.410000000000002,0.20989333333333332,824390,2635770,30408,179,1376352,0,0,0,0,0.0,0,0,0,0,0,0,0,0,0,0,0.0,0,0.0,0.009527372677660914,12.301783561706543,0.8432110303109047,4.567763328552246,0,0,0,0
611,54138,73,pair_005_n5_005_control,control,1,0,0,12.530000000000001,0.20977166666666666,824828,2640004,30441,180,1378650,0,0,0,0,0.0,0,0,0,0,0,0,0,0,0,0,0.0,0,0.0,0.009527508211194602,12.301783561706543,0.8431717021205144,4.567763328552246,0,0,0,0
612,54140,2,pair_013_n3_013_control,control,0,1,0,-0.96,0.20976833333333333,824840,2640120,30443,180,1378715,0,0,0,0,0.0,0,0,0,0,0,0,0,0,0,0,0.0,0,0.0,0.009527225304832012,12.301783561706543,0.8431806466357777,4.567763328552246,0,0,0,0
613,54228,88,pair_012_n5_012_conflict,conflict,1,0,0,12.38,0.20962166666666665,825368,2645224,30501,182,1381430,0,0,0,0,0.0,0,0,0,0,0,0,0,0,0,0,0.0,0,0.0,0.009523730438829836,12.301783561706543,0.8427878753618744,4.567763328552246,0,0,0,0
614,54315,87,pair_000_n3_000_conflict,conflict,1,0,0,12.39,0.20947666666666664,825890,2650270,30536,182,1384101,0,0,0,0,0.0,0,0,0,0,0,0,0,0,0,0,0.0,0,0.0,0.009520185105156403,12.301783561706543,0.8426651482199502,4.567763328552246,0,0,0,0
615,54412,97,pair_014_n3_014_conflict,conflict,1,0,0,12.290000000000001,0.20931499999999997,826472,2655896,30588,182,1387095,0,0,0,0,0.0,0,0,0,0,0,0,0,0,0,0,0.0,0,0.0,0.009523993164742606,12.301783561706543,0.8423907607193717,4.567763328552246,0,0,0,0
616,54497,85,pair_006_n3_006_control,control,1,0,0,12.410000000000002,0.20917333333333332,826982,2660826,30611,182,1389748,0,0,0,0,0.0,0,0,0,0,0,0,0,0,0,0,0.0,0,0.0,0.009515985758999968,12.301783561706543,0.8426283615855547,4.567763328552246,0,0,0,0
617,54579,82,pair_008_n3_008_control,control,1,0,0,12.440000000000001,0.20903666666666665,827474,2665582,30642,182,1392275,0,0,0,0,0.0,0,0,0,0,0,0,0,0,0,0,0.0,0,0.0,0.009506962837561358,12.301783561706543,0.8423911920654306,4.567763328552246,0,0,0,0
618,54678,99,pair_014_n5_014_control,control,1,0,0,12.270000000000001,0.20887166666666665,828068,2671324,30710,182,1395277,0,0,0,0,0.0,0,0,0,0,0,0,0,0,0,0,0.0,0,0.0,0.009505532985334169,12.301783561706543,0.8420475682340043,4.567763328552246,0,0,0,0
619,54760,82,pair_017_n5_017_control,control,1,0,0,12.440000000000001,0.208735,828560,2676080,30754,182,1397771,0,0,0,0,0.0,0,0,0,0,0,0,0,0,0,0,0.0,0,0.0,0.009500662979943293,12.301783561706543,0.8424176004851662,4.567763328552246,0,0,0,0
620,54835,75,pair_015_n3_015_control,control,1,0,0,12.510000000000002,0.20861,829010,2680430,30789,182,1400061,0,0,0,0,0.0,0,0,0,0,0,0,0,0,0,0,0.0,0,0.0,0.009497045337377358,12.301783561706543,0.842165528032482,4.567763328552246,0,0,0,0
621,54918,83,pair_004_n3_004_control,control,1,0,0,12.430000000000001,0.20847166666666667,829508,2685244,30833,182,1402584,0,0,0,0,0.0,0,0,0,0,0,0,0,0,0,0,0.0,0,0.0,0.009491974021416699,12.301783561706543,0.8418206881540525,4.567763328552246,0,0,0,0
622,55007,89,pair_013_n3_013_conflict,conflict,1,0,0,12.370000000000001,0.2083233333333333,830042,2690406,30872,182,1405264,0,0,0,0,0.0,0,0,0,0,0,0,0,0,0,0,0.0,0,0.0,0.009488874570078205,12.301783561706543,0.8417728272927282,4.567763328552246,0,0,0,0
623,55097,90,pair_006_n5_006_control,control,1,0,0,12.360000000000001,0.20817333333333332,830582,2695626,30947,183,1408062,0,0,0,0,0.0,0,0,0,0,0,0,0,0,0,0,0.0,0,0.0,0.009485487919909896,12.301783561706543,0.8416875653237782,4.567763328552246,0,0,0,0
624,55181,84,pair_002_n3_002_conflict,conflict,1,0,0,12.420000000000002,0.20803333333333332,831086,2700498,30987,183,1410593,0,0,0,0,0.0,0,0,0,0,0,0,0,0,0,0,0.0,0,0.0,0.009480812296078606,12.301783561706543,0.8419252070505224,4.567763328552246,0,0,0,0
625,55264,83,pair_014_n5_014_conflict,conflict,1,0,0,12.430000000000001,0.207895,831584,2705312,31028,183,1413134,0,0,0,0,0.0,0,0,0,0,0,0,0,0,0,0,0.0,0,0.0,0.009474940049189947,12.301783561706543,0.8413694722093057,4.567763328552246,0,0,0,0
626,55361,97,pair_008_n5_008_conflict,conflict,1,0,0,12.290000000000001,0.20773333333333333,832166,2710938,31081,183,1416103,0,0,0,0,0.0,0,0,0,0,0,0,0,0,0,0,0.0,0,0.0,0.009465957018416037,12.301783561706543,0.8412827115318326,4.567763328552246,0,0,0,0
627,55440,79,pair_008_n5_008_control,control,1,0,0,12.470000000000002,0.20760166666666666,832640,2715520,31104,183,1418490,0,0,0,0,0.0,0,0,0,0,0,0,0,0,0,0,0.0,0,0.0,0.009466699701516082,12.301783561706543,0.8415052431488066,4.567763328552246,0,0,0,0
628,55545,105,pair_016_n5_016_control,control,1,0,0,12.21,0.20742666666666665,833270,2721610,31185,187,1421693,0,0,0,0,0.0,0,0,0,0,0,0,0,0,0,0,0.0,0,0.0,0.009462426896002634,12.301783561706543,0.8416400134708648,4.567763328552246,0,0,0,0
629,55627,82,pair_011_n5_011_control,control,1,0,0,12.440000000000001,0.20728999999999997,833762,2726366,31227,187,1424132,0,0,0,0,0.0,0,0,0,0,0,0,0,0,0,0,0.0,0,0.0,0.009461883475876393,12.301783561706543,0.8414073318948144,4.567763328552246,0,0,0,0
630,55724,97,pair_003_n5_003_control,control,1,0,0,12.290000000000001,0.2071283333333333,834344,2731992,31266,187,1427076,0,0,0,0,0.0,0,0,0,0,0,0,0,0,0,0,0.0,0,0.0,0.009466238761358246,12.301783561706543,0.8411543560543924,4.567763328552246,0,0,0,0
631,55809,85,pair_004_n5_004_control,control,1,0,0,12.410000000000002,0.20698666666666665,834854,2736922,31309,187,1429604,0,0,0,0,0.0,0,0,0,0,0,0,0,0,0,0,0.0,0,0.0,0.009462911292462243,12.301783561706543,0.8409967143268139,4.567763328552246,0,0,0,0
632,55903,94,pair_001_n5_001_control,control,1,0,0,12.320000000000002,0.20682999999999999,835418,2742374,31329,187,1432330,0,0,0,0,0.0,0,0,0,0,0,0,0,0,0,0,0.0,0,0.0,0.00945852648352885,12.301783561706543,0.8407113649675214,4.567763328552246,0,0,0,0
633,55993,90,pair_012_n5_012_control,control,1,0,0,12.360000000000001,0.20667999999999997,835958,2747594,31403,187,1435027,0,0,0,0,0.0,0,0,0,0,0,0,0,0,0,0,0.0,0,0.0,0.00944961861503155,12.301783561706543,0.8403315396381235,4.567763328552246,0,0,0,0
634,56071,78,pair_003_n3_003_conflict,conflict,1,0,0,12.480000000000002,0.20654999999999998,836426,2752118,31440,187,1437333,0,0,0,0,0.0,0,0,0,0,0,0,0,0,0,0,0.0,0,0.0,0.009444418852059029,12.301783561706543,0.8402411254135709,4.567763328552246,0,0,0,0
635,56162,91,pair_015_n5_015_conflict,conflict,1,0,0,12.350000000000001,0.20639833333333332,836972,2757396,31484,187,1439984,0,0,0,0,0.0,0,0,0,0,0,0,0,0,0,0,0.0,0,0.0,0.009445297141304253,12.301783561706543,0.8403260039876951,4.567763328552246,0,0,0,0
636,56266,104,pair_013_n5_013_control,control,1,0,0,12.22,0.206225,837596,2763428,31544,188,1443017,0,0,0,0,0.0,0,0,0,0,0,0,0,0,0,0,0.0,0,0.0,0.00943847671564194,12.301783561706543,0.8400438192166724,4.567763328552246,0,0,0,0
637,56392,126,pair_009_n5_009_control,control,1,0,0,12.0,0.206015,838352,2770736,31656,190,1446773,0,0,0,0,0.0,0,0,0,0,0,0,0,0,0,0,0.0,0,0.0,0.009433480384959263,12.301783561706543,0.8396050803607946,4.567763328552246,0,0,0,0
638,56519,127,pair_007_n3_007_conflict,conflict,1,0,0,11.990000000000002,0.20580333333333334,839114,2778102,31687,191,1450564,0,0,0,0,0.0,0,0,0,0,0,0,0,0,0,0,0.0,0,0.0,0.009432354828697937,12.301783561706543,0.8394462334003955,4.567763328552246,0,0,0,0
639,56622,103,pair_005_n5_005_conflict,conflict,1,0,0,12.23,0.20563166666666666,839732,2784076,31717,191,1453619,0,0,0,0,0.0,0,0,0,0,0,0,0,0,0,0,0.0,0,0.0,0.009435176959643113,12.301783561706543,0.8397972238337942,4.567763328552246,0,0,0,0
640,56722,100,pair_005_n3_005_conflict,conflict,1,0,0,12.260000000000002,0.205465,840332,2789876,31750,192,1456557,0,0,0,0,0.0,0,0,0,0,0,0,0,0,0,0,0.0,0,0.0,0.009432222955287211,12.301783561706543,0.8393154841772222,4.567763328552246,0,0,0,0
641,56811,89,pair_016_n3_016_control,control,1,0,0,12.370000000000001,0.20531666666666665,840866,2795038,31799,192,1459142,0,0,0,0,0.0,0,0,0,0,0,0,0,0,0,0,0.0,0,0.0,0.009428111297730942,12.301783561706543,0.8394656506676879,4.567763328552246,0,0,0,0
642,56905,94,pair_003_n5_003_conflict,conflict,1,0,0,12.32,0.20516,841430,2800490,31839,192,1461952,0,0,0,0,0.0,0,0,0,0,0,0,0,0,0,0,0.0,0,0.0,0.009428499149148603,12.301783561706543,0.8391831874454949,4.567763328552246,0,0,0,0
643,56912,7,pair_013_n5_013_conflict,conflict,0,1,0,-0.91,0.20514833333333332,841472,2800896,31846,192,1462143,0,0,0,0,0.0,0,0,0,0,0,0,0,0,0,0,0.0,0,0.0,0.009429596436319583,12.301783561706543,0.8392117724897987,4.567763328552246,0,0,0,0
644,56995,83,pair_003_n3_003_control,control,1,0,0,12.430000000000001,0.20500999999999997,841970,2805710,31870,192,1464620,0,0,0,0,0.0,0,0,0,0,0,0,0,0,0,0,0.0,0,0.0,0.009422570237133191,12.301783561706543,0.8388527324493948,4.567763328552246,0,0,0,0
645,57070,75,pair_010_n3_010_control,control,1,0,0,12.510000000000002,0.20488499999999998,842420,2810060,31891,192,1466715,0,0,0,0,0.0,0,0,0,0,0,0,0,0,0,0,0.0,0,0.0,0.00941849432107962,12.301783561706543,0.8388637100713073,4.567763328552246,0,0,0,0
646,57149,79,pair_006_n5_006_conflict,conflict,1,0,0,12.470000000000002,0.20475333333333334,842894,2814642,31929,192,1468959,0,0,0,0,0.0,0,0,0,0,0,0,0,0,0,0,0.0,0,0.0,0.009417398333965642,12.301783561706543,0.8386862161719305,4.567763328552246,0,0,0,0
647,57245,96,pair_017_n3_017_control,control,1,0,0,12.3,0.20459333333333332,843470,2820210,31983,192,1471741,0,0,0,0,0.0,0,0,0,0,0,0,0,0,0,0,0.0,0,0.0,0.009415475415767925,12.301783561706543,0.8388483945403958,4.567763328552246,0,0,0,0
648,57315,70,pair_003_n5_003_conflict,conflict,1,0,0,12.560000000000002,0.20447666666666664,843890,2824270,32030,192,1473797,0,0,0,0,0.0,0,0,0,0,0,0,0,0,0,0,0.0,0,0.0,0.009408091683105031,12.301783561706543,0.8388042821020699,4.567763328552246,0,0,0,0
649,57404,89,pair_012_n3_012_control,control,1,0,0,12.370000000000001,0.20432833333333333,844424,2829432,32082,192,1476424,0,0,0,0,0.0,0,0,0,0,0,0,0,0,0,0,0.0,0,0.0,0.009404687929383938,12.301783561706543,0.8395357491417307,4.567763328552246,0,0,0,0
650,57495,91,pair_012_n5_012_control,control,1,0,0,12.350000000000001,0.20417666666666667,844970,2834710,32139,192,1479096,0,0,0,0,0.0,0,0,0,0,0,0,0,0,0,0,0.0,0,0.0,0.00940500476599076,12.301783561706543,0.839590267656501,4.567763328552246,0,0,0,0
651,57575,80,pair_006_n5_006_conflict,conflict,0,1,0,1.4100000000000015,0.20404333333333333,845450,2839350,32196,194,1481529,0,0,0,0,0.0,0,0,0,0,0,0,0,0,0,0,0.0,0,0.0,0.00940093097407479,12.301783561706543,0.8392547519892273,4.567763328552246,0,0,0,0
652,57651,76,pair_002_n3_002_conflict,conflict,1,0,0,12.500000000000002,0.20391666666666663,845906,2843758,32238,194,1483762,0,0,0,0,0.0,0,0,0,0,0,0,0,0,0,0,0.0,0,0.0,0.009400078008738762,12.301783561706543,0.839171458077483,4.567763328552246,0,0,0,0
653,57735,84,pair_008_n3_008_control,control,1,0,0,12.420000000000002,0.20377666666666666,846410,2848630,32273,194,1486294,0,0,0,0,0.0,0,0,0,0,0,0,0,0,0,0,0.0,0,0.0,0.009396876331977722,12.301783561706543,0.839136661086988,4.567763328552246,0,0,0,0
654,57739,4,pair_013_n5_013_conflict,conflict,0,1,0,-0.98,0.20377,846434,2848862,32277,194,1486429,0,0,0,0,0.0,0,0,0,0,0,0,0,0,0,0,0.0,0,0.0,0.009396514249086824,12.301783561706543,0.8391633943745198,4.567763328552246,0,0,0,0
655,57834,95,pair_006_n5_006_control,control,1,0,0,12.310000000000002,0.20361166666666664,847004,2854372,32329,194,1489255,0,0,0,0,0.0,0,0,0,0,0,0,0,0,0,0,0.0,0,0.0,0.009393603187871108,12.301783561706543,0.839173017023996,4.567763328552246,0,0,0,0
656,57927,93,pair_007_n3_007_control,control,1,0,0,12.330000000000002,0.20345666666666667,847562,2859766,32365,195,1492014,0,0,0,0,0.0,0,0,0,0,0,0,0,0,0,0,0.0,0,0.0,0.00938959113934353,12.301783561706543,0.8389848941656022,4.567763328552246,0,0,0,0
657,58022,95,pair_011_n5_011_control,control,1,0,0,12.310000000000002,0.2032983333333333,848132,2865276,32383,195,1494840,0,0,0,0,0.0,0,0,0,0,0,0,0,0,0,0,0.0,0,0.0,0.009384497912857294,12.301783561706543,0.8388063007275354,4.567763328552246,0,0,0,0
658,58103,81,pair_008_n3_008_conflict,conflict,1,0,0,12.450000000000001,0.2031633333333333,848618,2869974,32408,195,1497267,0,0,0,0,0.0,0,0,0,0,0,0,0,0,0,0,0.0,0,0.0,0.009381086475476927,12.301783561706543,0.8388638826198646,4.567763328552246,0,0,0,0
659,58184,81,pair_005_n3_005_conflict,conflict,1,0,0,12.450000000000001,0.2030283333333333,849104,2874672,32449,195,1499600,0,0,0,0,0.0,0,0,0,0,0,0,0,0,0,0,0.0,0,0.0,0.009378992829055015,12.301783561706543,0.8387920462258304,4.567763328552246,0,0,0,0
660,58265,81,pair_008_n5_008_control,control,1,0,0,12.450000000000003,0.20289333333333331,849590,2879370,32474,195,1501956,0,0,0,0,0.0,0,0,0,0,0,0,0,0,0,0,0.0,0,0.0,0.00937279740425937,12.301783561706543,0.8385075993349046,4.567763328552246,0,0,0,0
661,58346,81,pair_005_n5_005_control,control,1,0,0,12.450000000000001,0.20275833333333332,850076,2884068,32519,195,1504281,0,0,0,0,0.0,0,0,0,0,0,0,0,0,0,0,0.0,0,0.0,0.009365024064147253,12.301783561706543,0.8384065505529191,4.567763328552246,0,0,0,0
662,58427,81,pair_014_n3_014_conflict,conflict,1,0,0,12.450000000000001,0.20262333333333332,850562,2888766,32582,196,1506599,0,0,0,0,0.0,0,0,0,0,0,0,0,0,0,0,0.0,0,0.0,0.009361439501310711,12.301783561706543,0.8382574460676134,4.567763328552246,0,0,0,0
663,58519,92,pair_015_n5_015_control,control,1,0,0,12.340000000000002,0.20246999999999998,851114,2894102,32651,196,1509340,0,0,0,0,0.0,0,0,0,0,0,0,0,0,0,0,0.0,0,0.0,0.009356860864513353,12.301783561706543,0.8379922809776075,4.567763328552246,0,0,0,0
664,58596,77,pair_000_n5_000_control,control,1,0,0,12.490000000000002,0.20234166666666664,851576,2898568,32686,196,1511623,0,0,0,0,0.0,0,0,0,0,0,0,0,0,0,0,0.0,0,0.0,0.009352654459160024,12.301783561706543,0.8379572150723421,4.567763328552246,0,0,0,0
665,58690,94,pair_011_n5_011_conflict,conflict,1,0,0,12.320000000000002,0.202185,852140,2904020,32739,196,1514304,0,0,0,0,0.0,0,0,0,0,0,0,0,0,0,0,0.0,0,0.0,0.009348495853056329,12.301783561706543,0.8376474976704962,4.567763328552246,0,0,0,0
666,58771,81,pair_016_n3_016_conflict,conflict,1,0,0,12.450000000000001,0.20205,852626,2908718,32774,196,1516709,0,0,0,0,0.0,0,0,0,0,0,0,0,0,0,0,0.0,0,0.0,0.009341306221768398,12.301783561706543,0.8373400435810114,4.567763328552246,0,0,0,0
667,58862,91,pair_009_n3_009_conflict,conflict,1,0,0,12.350000000000001,0.20189833333333332,853172,2913996,32820,196,1519375,0,0,0,0,0.0,0,0,0,0,0,0,0,0,0,0,0.0,0,0.0,0.00933330950336603,12.301783561706543,0.8372558293914002,4.567763328552246,0,0,0,0
668,58949,87,pair_001_n3_001_control,control,1,0,0,12.39,0.20175333333333334,853694,2919042,32876,196,1521972,0,0,0,0,0.0,0,0,0,0,0,0,0,0,0,0,0.0,0,0.0,0.00932440685118047,12.301783561706543,0.8369282322216552,4.567763328552246,0,0,0,0
669,59035,86,pair_016_n5_016_control,control,1,0,0,12.400000000000002,0.20160999999999998,854210,2924030,32940,196,1524479,0,0,0,0,0.0,0,0,0,0,0,0,0,0,0,0,0.0,0,0.0,0.009315833564150921,12.301783561706543,0.8366898904171431,4.567763328552246,0,0,0,0
670,59119,84,pair_015_n3_015_control,control,1,0,0,12.420000000000002,0.20146999999999998,854714,2928902,32978,196,1526962,0,0,0,0,0.0,0,0,0,0,0,0,0,0,0,0,0.0,0,0.0,0.00931099333429765,12.301783561706543,0.8366716225339168,4.567763328552246,0,0,0,0
671,59213,94,pair_013_n5_013_control,control,1,0,0,12.32,0.20131333333333332,855278,2934354,33037,196,1529722,0,0,0,0,0.0,0,0,0,0,0,0,0,0,0,0,0.0,0,0.0,0.009302714154257005,12.301783561706543,0.8364232782756527,4.567763328552246,0,0,0,0
672,59300,87,pair_009_n3_009_control,control,1,0,0,12.39,0.20116833333333334,855800,2939400,33105,196,1532275,0,0,0,0,0.0,0,0,0,0,0,0,0,0,0,0,0.0,0,0.0,0.0092923816064797,12.301783561706543,0.8359821453960345,4.567763328552246,0,0,0,0
673,59392,92,pair_001_n3_001_conflict,conflict,1,0,0,12.340000000000002,0.201015,856352,2944736,33157,196,1534982,0,0,0,0,0.0,0,0,0,0,0,0,0,0,0,0,0.0,0,0.0,0.009281945465590342,12.301783561706543,0.8354326059057586,4.567763328552246,0,0,0,0
674,59476,84,pair_005_n5_005_conflict,conflict,1,0,0,12.420000000000002,0.20087499999999997,856856,2949608,33208,196,1537454,0,0,0,0,0.0,0,0,0,0,0,0,0,0,0,0,0.0,0,0.0,0.009275205235858168,12.301783561706543,0.8353985495655455,4.567763328552246,0,0,0,0
675,59561,85,pair_015_n5_015_conflict,conflict,1,0,0,12.41,0.20073333333333332,857366,2954538,33252,196,1540031,0,0,0,0,0.0,0,0,0,0,0,0,0,0,0,0,0.0,0,0.0,0.009265046803949996,12.301783561706543,0.835301198082825,4.567763328552246,0,0,0,0
676,59653,92,pair_001_n5_001_control,control,1,0,0,12.340000000000002,0.20057999999999998,857918,2959874,33313,199,1542794,0,0,0,0,0.0,0,0,0,0,0,0,0,0,0,0,0.0,0,0.0,0.009253960721121833,12.301783561706543,0.8348275107647365,4.567763328552246,0,0,0,0
677,59750,97,pair_001_n5_001_conflict,conflict,1,0,0,12.290000000000001,0.2004183333333333,858500,2965500,33374,200,1545695,0,0,0,0,0.0,0,0,0,0,0,0,0,0,0,0,0.0,0,0.0,0.009244581490942856,12.301783561706543,0.8347548516945422,4.567763328552246,0,0,0,0
678,59841,91,pair_010_n3_010_conflict,conflict,1,0,0,12.350000000000001,0.20026666666666665,859046,2970778,33425,200,1548379,0,0,0,0,0.0,0,0,0,0,0,0,0,0,0,0,0.0,0,0.0,0.009235949955331878,12.301783561706543,0.8344281378244987,4.567763328552246,0,0,0,0
679,59921,80,pair_004_n3_004_conflict,conflict,1,0,0,12.46,0.20013333333333333,859526,2975418,33464,200,1550800,0,0,0,0,0.0,0,0,0,0,0,0,0,0,0,0,0.0,0,0.0,0.009230261279725057,12.301783561706543,0.8347870981576972,4.567763328552246,0,0,0,0
680,60009,88,pair_000_n5_000_conflict,conflict,1,0,0,12.380000000000003,0.19998666666666665,860054,2980522,33506,200,1553446,0,0,0,0,0.0,0,0,0,0,0,0,0,0,0,0,0.0,0,0.0,0.009226201506033056,12.301783561706543,0.8345289312374892,4.567763328552246,0,0,0,0
681,60092,83,pair_012_n3_012_conflict,conflict,1,0,0,12.430000000000001,0.19984833333333332,860552,2985336,33544,200,1555940,0,0,0,0,0.0,0,0,0,0,0,0,0,0,0,0,0.0,0,0.0,0.009216456729317608,12.301783561706543,0.8340888526302124,4.567763328552246,0,0,0,0
682,60183,91,pair_004_n3_004_control,control,1,0,0,12.350000000000001,0.19969666666666666,861098,2990614,33580,200,1558615,0,0,0,0,0.0,0,0,0,0,0,0,0,0,0,0,0.0,0,0.0,0.009206417972404402,12.301783561706543,0.8337417402974042,4.567763328552246,0,0,0,0
683,60259,76,pair_000_n3_000_control,control,1,0,0,12.500000000000002,0.19956999999999997,861554,2995022,33630,200,1560814,0,0,0,0,0.0,0,0,0,0,0,0,0,0,0,0,0.0,0,0.0,0.009199112886224617,12.301783561706543,0.8334642806251289,4.567763328552246,0,0,0,0
684,60333,74,pair_016_n5_016_conflict,conflict,1,0,0,12.520000000000001,0.19944666666666666,861998,2999314,33669,200,1563001,0,0,0,0,0.0,0,0,0,0,0,0,0,0,0,0,0.0,0,0.0,0.009191385575364367,12.301783561706543,0.8332974771189746,4.567763328552246,0,0,0,0
685,60413,80,pair_006_n3_006_control,control,1,0,0,12.46,0.19931333333333334,862478,3003954,33735,201,1565436,0,0,0,0,0.0,0,0,0,0,0,0,0,0,0,0,0.0,0,0.0,0.009184866687959939,12.301783561706543,0.833032624173291,4.567763328552246,0,0,0,0
686,60502,89,pair_014_n5_014_control,control,1,0,0,12.370000000000001,0.19916499999999998,863012,3009116,33791,202,1568078,0,0,0,0,0.0,0,0,0,0,0,0,0,0,0,0,0.0,0,0.0,0.009175166756117238,12.301783561706543,0.8330429238772603,4.567763328552246,0,0,0,0
687,60599,97,pair_003_n3_003_conflict,conflict,1,0,0,12.290000000000001,0.1990033333333333,863594,3014742,33852,202,1570990,0,0,0,0,0.0,0,0,0,0,0,0,0,0,0,0,0.0,0,0.0,0.009167789998864475,12.301783561706543,0.8327579600509811,4.567763328552246,0,0,0,0
688,60682,83,pair_008_n5_008_conflict,conflict,1,0,0,12.430000000000001,0.198865,864092,3019556,33905,202,1573497,0,0,0,0,0.0,0,0,0,0,0,0,0,0,0,0,0.0,0,0.0,0.009158491283369046,12.301783561706543,0.8323438630240836,4.567763328552246,0,0,0,0
689,60760,78,pair_016_n3_016_control,control,0,1,0,0.880000000000001,0.198735,864560,3024080,33959,202,1575854,0,0,0,0,0.0,0,0,0,0,0,0,0,0,0,0,0.0,0,0.0,0.009152253635647119,12.301783561706543,0.8319684369109726,4.567763328552246,0,0,0,0
690,60829,69,pair_013_n3_013_conflict,conflict,0,1,0,0.820000000000001,0.19862,864974,3028082,34005,202,1577989,0,0,0,0,0.0,0,0,0,0,0,0,0,0,0,0,0.0,0,0.0,0.009145102295119585,12.301783561706543,0.8317293073980409,4.567763328552246,0,0,0,0
691,60921,92,pair_004_n5_004_control,control,1,0,0,12.340000000000002,0.19846666666666665,865526,3033418,34061,204,1580756,0,0,0,0,0.0,0,0,0,0,0,0,0,0,0,0,0.0,0,0.0,0.009140269175333223,12.301783561706543,0.8313830518349559,4.567763328552246,0,0,0,0
692,60936,15,pair_015_n3_015_conflict,conflict,0,1,0,-0.9400000000000001,0.19844166666666666,865616,3034288,34076,205,1581188,0,0,0,0,0.0,0,0,0,0,0,0,0,0,0,0,0.0,0,0.0,0.009138649881865144,12.301783561706543,0.8313252143704589,4.567763328552246,0,0,0,0
693,61029,93,pair_009_n5_009_conflict,conflict,1,0,0,12.330000000000002,0.19828666666666667,866174,3039682,34118,205,1584006,0,0,0,0,0.0,0,0,0,0,0,0,0,0,0,0,0.0,0,0.0,0.00913922919099137,12.301783561706543,0.8312578401015933,4.567763328552246,0,0,0,0
694,61123,94,pair_002_n5_002_control,control,1,0,0,12.32,0.19812999999999997,866738,3045134,34171,205,1586872,0,0,0,0,0.0,0,0,0,0,0,0,0,0,0,0,0.0,0,0.0,0.00913144015473806,12.301783561706543,0.8315185818913466,4.567763328552246,0,0,0,0
695,61140,17,pair_006_n3_006_conflict,conflict,0,1,0,-0.56,0.19810166666666668,866840,3046120,34188,205,1587396,0,0,0,0,0.0,0,0,0,0,0,0,0,0,0,0,0.0,0,0.0,0.009129480994380526,12.301783561706543,0.8315123295202781,4.567763328552246,0,0,0,0
696,61238,98,pair_017_n5_017_conflict,conflict,1,0,0,12.280000000000001,0.19793833333333333,867428,3051804,34251,205,1590393,0,0,0,0,0.0,0,0,0,0,0,0,0,0,0,0,0.0,0,0.0,0.009120356414184882,12.301783561706543,0.8312566601833551,4.567763328552246,0,0,0,0
697,61318,80,pair_007_n3_007_conflict,conflict,1,0,0,12.46,0.197805,867908,3056444,34305,205,1592823,0,0,0,0,0.0,0,0,0,0,0,0,0,0,0,0,0.0,0,0.0,0.009117323161777826,12.301783561706543,0.8309726181140449,4.567763328552246,0,0,0,0
698,61410,92,pair_011_n3_011_conflict,conflict,1,0,0,12.340000000000002,0.19765166666666667,868460,3061780,34364,205,1595649,0,0,0,0,0.0,0,0,0,0,0,0,0,0,0,0,0.0,0,0.0,0.009109799001329872,12.301783561706543,0.8306657905084808,4.567763328552246,0,0,0,0
699,61498,88,pair_010_n5_010_conflict,conflict,1,0,0,12.38,0.197505,868988,3066884,34421,205,1598372,0,0,0,0,0.0,0,0,0,0,0,0,0,0,0,0,0.0,0,0.0,0.009103126239813979,12.301783561706543,0.8304278785446434,4.567763328552246,0,0,0,0
700,61574,76,pair_014_n3_014_control,control,0,1,0,0.4500000000000006,0.19737833333333332,869444,3071292,34485,209,1600719,0,0,0,0,0.0,0,0,0,0,0,0,0,0,0,0,0.0,0,0.0,0.009102785327012065,12.301783561706543,0.8304605327286624,4.567763328552246,0,0,0,0
701,61669,95,pair_005_n3_005_control,control,1,0,0,12.310000000000002,0.19722,870014,3076802,34540,209,1603653,0,0,0,0,0.0,0,0,0,0,0,0,0,0,0,0,0.0,0,0.0,0.009092532461683905,12.301783561706543,0.8301053849938886,4.567763328552246,0,0,0,0
702,61752,83,pair_017_n3_017_control,control,1,0,0,12.430000000000001,0.19708166666666666,870512,3081616,34576,209,1606256,0,0,0,0,0.0,0,0,0,0,0,0,0,0,0,0,0.0,0,0.0,0.009087367385869904,12.301783561706543,0.82980821080075,4.567763328552246,0,0,0,0
703,61827,75,pair_007_n5_007_conflict,conflict,1,0,0,12.510000000000002,0.19695666666666667,870962,3085966,34637,209,1608567,0,0,0,0,0.0,0,0,0,0,0,0,0,0,0,0,0.0,0,0.0,0.00908061935756679,12.301783561706543,0.8295314238580744,4.567763328552246,0,0,0,0
704,61915,88,pair_017_n5_017_control,control,1,0,0,12.380000000000003,0.19680999999999998,871490,3091070,34709,209,1611315,0,0,0,0,0.0,0,0,0,0,0,0,0,0,0,0,0.0,0,0.0,0.009077851358228696,12.301783561706543,0.8294424708702797,4.567763328552246,0,0,0,0
705,62010,95,pair_004_n5_004_conflict,conflict,1,0,0,12.310000000000002,0.19665166666666667,872060,3096580,34754,209,1614281,0,0,0,0,0.0,0,0,0,0,0,0,0,0,0,0,0.0,0,0.0,0.00907227680388721,12.301783561706543,0.8291329121063938,4.567763328552246,0,0,0,0
706,62098,88,pair_011_n3_011_control,control,1,0,0,12.380000000000003,0.19650499999999999,872588,3101684,34798,209,1617017,0,0,0,0,0.0,0,0,0,0,0,0,0,0,0,0,0.0,0,0.0,0.009068966896060767,12.301783561706543,0.8287109073075773,4.567763328552246,0,0,0,0
707,62102,4,pair_009_n5_009_control,control,0,1,0,-0.98,0.19649833333333333,872612,3101916,34802,209,1617148,0,0,0,0,0.0,0,0,0,0,0,0,0,0,0,0,0.0,0,0.0,0.00906852239068568,12.301783561706543,0.8286998629810733,4.567763328552246,0,0,0,0
708,62194,92,pair_002_n3_002_control,control,1,0,0,12.340000000000002,0.196345,873164,3107252,34846,209,1620052,0,0,0,0,0.0,0,0,0,0,0,0,0,0,0,0,0.0,0,0.0,0.009060094710712981,12.301783561706543,0.8285920692061611,4.567763328552246,0,0,0,0
709,62275,81,pair_013_n3_013_control,control,1,0,0,12.450000000000001,0.19621,873650,3111950,34908,209,1622662,0,0,0,0,0.0,0,0,0,0,0,0,0,0,0,0,0.0,0,0.0,0.009056114859443031,12.301783561706543,0.8284202538950227,4.567763328552246,0,0,0,0
710,62354,79,pair_003_n5_003_control,control,1,0,0,12.470000000000002,0.19607833333333333,874124,3116532,34958,209,1625201,0,0,0,0,0.0,0,0,0,0,0,0,0,0,0,0,0.0,0,0.0,0.009047419983847935,12.301783561706543,0.8280383934774004,4.567763328552246,0,0,0,0
711,62445,91,pair_017_n3_017_conflict,conflict,1,0,0,12.350000000000001,0.19592666666666664,874670,3121810,34997,209,1628063,0,0,0,0,0.0,0,0,0,0,0,0,0,0,0,0,0.0,0,0.0,0.009037749216077385,12.301783561706543,0.8281127491159475,4.567763328552246,0,0,0,0
712,62522,77,pair_010_n3_010_control,control,1,0,0,12.490000000000002,0.19579833333333332,875132,3126276,35050,209,1630470,0,0,0,0,0.0,0,0,0,0,0,0,0,0,0,0,0.0,0,0.0,0.009032527863018983,12.301783561706543,0.827771386568184,4.567763328552246,0,0,0,0
713,62601,79,pair_000_n3_000_conflict,conflict,1,0,0,12.470000000000002,0.19566666666666666,875606,3130858,35102,209,1632951,0,0,0,0,0.0,0,0,0,0,0,0,0,0,0,0,0.0,0,0.0,0.009025790190999049,12.301783561706543,0.8273659806688861,4.567763328552246,0,0,0,0
714,62688,87,pair_002_n5_002_conflict,conflict,1,0,0,12.39,0.19552166666666665,876128,3135904,35144,209,1635690,0,0,0,0,0.0,0,0,0,0,0,0,0,0,0,0,0.0,0,0.0,0.009025784715088433,12.301783561706543,0.8270823473082033,4.567763328552246,0,0,0,0
715,62775,87,pair_003_n3_003_control,control,1,0,0,12.39,0.19537666666666664,876650,3140950,35194,209,1638396,0,0,0,0,0.0,0,0,0,0,0,0,0,0,0,0,0.0,0,0.0,0.0090179209566112,12.301783561706543,0.8267423690656108,4.567763328552246,0,0,0,0
716,62850,75,pair_010_n5_010_control,control,1,0,0,12.510000000000002,0.19525166666666666,877100,3145300,35235,209,1640785,0,0,0,0,0.0,0,0,0,0,0,0,0,0,0,0,0.0,0,0.0,0.009011733375427244,12.301783561706543,0.8266092083778591,4.567763328552246,0,0,0,0
717,62933,83,pair_007_n5_007_control,control,1,0,0,12.430000000000001,0.1951133333333333,877598,3150114,35304,209,1643414,0,0,0,0,0.0,0,0,0,0,0,0,0,0,0,0,0.0,0,0.0,0.009004542645028054,12.301783561706543,0.8263362335806285,4.567763328552246,0,0,0,0
718,63017,84,pair_012_n5_012_conflict,conflict,1,0,0,12.420000000000002,0.19497333333333333,878102,3154986,35345,209,1646092,0,0,0,0,0.0,0,0,0,0,0,0,0,0,0,0,0.0,0,0.0,0.008999455718904856,12.301783561706543,0.8258975234197101,4.567763328552246,0,0,0,0
719,63099,82,pair_014_n5_014_conflict,conflict,1,0,0,12.440000000000001,0.19483666666666666,878594,3159742,35417,209,1648739,0,0,0,0,0.0,0,0,0,0,0,0,0,0,0,0,0.0,0,0.0,0.008990123321127478,12.301783561706543,0.8256429365462177,4.567763328552246,0,0,0,0
720,63181,82,pair_012_n3_012_control,control,1,0,0,12.440000000000001,0.19469999999999998,879086,3164498,35465,209,1651339,0,0,0,0,0.0,0,0,0,0,0,0,0,0,0,0,0.0,0,0.0,0.008981308602991966,12.301783561706543,0.8253813214963057,4.567763328552246,0,0,0,0
721,63251,70,pair_015_n5_015_control,control,1,0,0,12.560000000000002,0.19458333333333333,879506,3168558,35515,209,1653663,0,0,0,0,0.0,0,0,0,0,0,0,0,0,0,0,0.0,0,0.0,0.008976355080131792,12.301783561706543,0.8251670176245683,4.567763328552246,0,0,0,0
722,63323,72,pair_011_n5_011_conflict,conflict,0,1,0,1.4900000000000015,0.19446333333333332,879938,3172734,35557,209,1655994,0,0,0,0,0.0,0,0,0,0,0,0,0,0,0,0,0.0,0,0.0,0.00897050347865653,12.301783561706543,0.8248730001089353,4.567763328552246,0,0,0,0
723,63415,92,pair_013_n3_013_conflict,conflict,1,0,0,12.340000000000002,0.19430999999999998,880490,3178070,35625,209,1658996,0,0,0,0,0.0,0,0,0,0,0,0,0,0,0,0,0.0,0,0.0,0.008961286265549297,12.301783561706543,0.8243336881587208,4.567763328552246,0,0,0,0
724,63493,78,pair_001_n3_001_control,control,0,1,0,1.4300000000000015,0.19418,880958,3182594,35665,209,1661609,0,0,0,0,0.0,0,0,0,0,0,0,0,0,0,0,0.0,0,0.0,0.008954710205495438,12.301783561706543,0.8237742261607512,4.567763328552246,0,0,0,0
725,63581,88,pair_000_n5_000_conflict,conflict,1,0,0,12.38,0.19403333333333334,881486,3187698,35709,209,1664476,0,0,0,0,0.0,0,0,0,0,0,0,0,0,0,0,0.0,0,0.0,0.008947688176079627,12.301783561706543,0.823706301102238,4.567763328552246,0,0,0,0
726,63658,77,pair_009_n3_009_conflict,conflict,1,0,0,12.490000000000002,0.193905,881948,3192164,35769,210,1667004,0,0,0,0,0.0,0,0,0,0,0,0,0,0,0,0,0.0,0,0.0,0.008941228003832936,12.301783561706543,0.8235404404198765,4.567763328552246,0,0,0,0
727,63660,2,pair_006_n3_006_conflict,conflict,0,1,0,-0.96,0.19390166666666664,881960,3192280,35771,210,1667073,0,0,0,0,0.0,0,0,0,0,0,0,0,0,0,0,0.0,0,0.0,0.008941030243527262,12.301783561706543,0.823544917353483,4.567763328552246,0,0,0,0
728,63743,83,pair_008_n5_008_control,control,1,0,0,12.430000000000001,0.19376333333333334,882458,3197094,35826,210,1669778,0,0,0,0,0.0,0,0,0,0,0,0,0,0,0,0,0.0,0,0.0,0.00893245461255248,12.301783561706543,0.823399625480032,4.567763328552246,0,0,0,0
729,63831,88,pair_015_n3_015_control,control,1,0,0,12.38,0.19361666666666666,882986,3202198,35881,210,1672660,0,0,0,0,0.0,0,0,0,0,0,0,0,0,0,0,0.0,0,0.0,0.008923111997943593,12.301783561706543,0.8231723308423164,4.567763328552246,0,0,0,0
730,63909,78,pair_015_n5_015_conflict,conflict,1,0,0,12.48,0.19348666666666664,883454,3206722,35911,210,1675241,0,0,0,0,0.0,0,0,0,0,0,0,0,0,0,0,0.0,0,0.0,0.008915253651421925,12.301783561706543,0.8229761164663457,4.567763328552246,0,0,0,0
731,63988,79,pair_007_n3_007_conflict,conflict,1,0,0,12.470000000000002,0.193355,883928,3211304,35963,210,1677832,0,0,0,0,0.0,0,0,0,0,0,0,0,0,0,0,0.0,0,0.0,0.008906947228190128,12.301783561706543,0.822811354371041,4.567763328552246,0,0,0,0
732,64069,81,pair_007_n5_007_conflict,conflict,1,0,0,12.450000000000001,0.19322,884414,3216002,36028,210,1680560,0,0,0,0,0.0,0,0,0,0,0,0,0,0,0,0,0.0,0,0.0,0.00889762878254446,12.301783561706543,0.8223316686522102,4.567763328552246,0,0,0,0
733,64146,77,pair_002_n3_002_control,control,1,0,0,12.490000000000002,0.19309166666666666,884876,3220468,36066,211,1683056,0,0,0,0,0.0,0,0,0,0,0,0,0,0,0,0,0.0,0,0.0,0.008893635967165928,12.301783561706543,0.8222303351885841,4.567763328552246,0,0,0,0
734,64234,88,pair_001_n5_001_control,control,1,0,0,12.38,0.19294499999999998,885404,3225572,36111,211,1685969,0,0,0,0,0.0,0,0,0,0,0,0,0,0,0,0,0.0,0,0.0,0.008886352081687384,12.301783561706543,0.8219733125889089,4.567763328552246,0,0,0,0
735,64319,85,pair_013_n5_013_control,control,1,0,0,12.410000000000002,0.19280333333333333,885914,3230502,36173,211,1688724,0,0,0,0,0.0,0,0,0,0,0,0,0,0,0,0,0.0,0,0.0,0.008881514233018714,12.301783561706543,0.8218233113853802,4.567763328552246,0,0,0,0
736,64402,83,pair_003_n3_003_control,control,1,0,0,12.430000000000001,0.19266499999999998,886412,3235316,36220,211,1691420,0,0,0,0,0.0,0,0,0,0,0,0,0,0,0,0,0.0,0,0.0,0.008881859839605948,12.301783561706543,0.8220589579900683,4.567763328552246,0,0,0,0
737,64422,20,pair_004_n3_004_control,control,0,1,0,-0.5400000000000001,0.19263166666666665,886532,3236476,36238,211,1692064,0,0,0,0,0.0,0,0,0,0,0,0,0,0,0,0,0.0,0,0.0,0.008881495048033221,12.301783561706543,0.8221412244072182,4.567763328552246,0,0,0,0
738,64509,87,pair_005_n5_005_control,control,1,0,0,12.39,0.19248666666666664,887054,3241522,36291,211,1695012,0,0,0,0,0.0,0,0,0,0,0,0,0,0,0,0,0.0,0,0.0,0.008872345177369404,12.301783561706543,0.8217608514032608,4.567763328552246,0,0,0,0
739,64584,75,pair_005_n5_005_conflict,conflict,1,0,0,12.510000000000002,0.19236166666666665,887504,3245872,36331,211,1697482,0,0,0,0,0.0,0,0,0,0,0,0,0,0,0,0,0.0,0,0.0,0.008867795463201149,12.301783561706543,0.8217376216065434,4.567763328552246,0,0,0,0
740,64666,82,pair_015_n3_015_conflict,conflict,1,0,0,12.440000000000001,0.19222499999999998,887996,3250628,36372,211,1700196,0,0,0,0,0.0,0,0,0,0,0,0,0,0,0,0,0.0,0,0.0,0.008862575280477132,12.301783561706543,0.8216663182556138,4.567763328552246,0,0,0,0
741,64738,72,pair_004_n5_004_control,control,1,0,0,12.540000000000001,0.19210499999999997,888428,3254804,36417,211,1702639,0,0,0,0,0.0,0,0,0,0,0,0,0,0,0,0,0.0,0,0.0,0.008858069404029936,12.301783561706543,0.8216193688735253,4.567763328552246,0,0,0,0
742,64820,82,pair_011_n3_011_control,control,1,0,0,12.440000000000001,0.19196833333333332,888920,3259560,36466,211,1705323,0,0,0,0,0.0,0,0,0,0,0,0,0,0,0,0,0.0,0,0.0,0.008853496946030354,12.301783561706543,0.8211650366197486,4.567763328552246,0,0,0,0
743,64909,89,pair_004_n3_004_conflict,conflict,1,0,0,12.370000000000001,0.19182,889454,3264722,36528,211,1708318,0,0,0,0,0.0,0,0,0,0,0,0,0,0,0,0,0.0,0,0.0,0.008844400192397375,12.301783561706543,0.8208532559965958,4.567763328552246,0,0,0,0
744,64999,90,pair_008_n3_008_conflict,conflict,1,0,0,12.360000000000001,0.19167,889994,3269942,36584,211,1711298,0,0,0,0,0.0,0,0,0,0,0,0,0,0,0,0,0.0,0,0.0,0.008836938671474087,12.301783561706543,0.820291525699528,4.567763328552246,0,0,0,0
745,65016,17,pair_009_n5_009_control,control,0,1,0,-0.56,0.19164166666666665,890096,3270928,36601,211,1711861,0,0,0,0,0.0,0,0,0,0,0,0,0,0,0,0,0.0,0,0.0,0.008835129194693364,12.301783561706543,0.8201751433431156,4.567763328552246,0,0,0,0
746,65093,77,pair_002_n3_002_conflict,conflict,1,0,0,12.490000000000002,0.1915133333333333,890558,3275394,36638,211,1714460,0,0,0,0,0.0,0,0,0,0,0,0,0,0,0,0,0.0,0,0.0,0.00883342416140909,12.301783561706543,0.8202071784992249,4.567763328552246,0,0,0,0
747,65164,71,pair_004_n5_004_conflict,conflict,1,0,0,12.55,0.19139499999999998,890984,3279512,36678,211,1716885,0,0,0,0,0.0,0,0,0,0,0,0,0,0,0,0,0.0,0,0.0,0.008827848701427634,12.301783561706543,0.8198747814789421,4.567763328552246,0,0,0,0
748,65168,4,pair_016_n3_016_control,control,0,1,0,-0.9299999999999999,0.19138833333333333,891008,3279744,36682,212,1717004,0,0,0,0,0.0,0,0,0,0,0,0,0,0,0,0,0.0,0,0.0,0.00882835846449892,12.301783561706543,0.8198602252488687,4.567763328552246,0,0,0,0
749,65195,27,pair_003_n3_003_conflict,conflict,0,1,0,-0.20999999999999985,0.1913433333333333,891170,3281310,36699,212,1717905,0,0,0,0,0.0,0,0,0,0,0,0,0,0,0,0,0.0,0,0.0,0.00882862258345686,12.301783561706543,0.8198787971180233,4.567763328552246,0,0,0,0
750,65277,82,pair_012_n5_012_control,control,1,0,0,12.440000000000001,0.19120666666666664,891662,3286066,36740,212,1720637,0,0,0,0,0.0,0,0,0,0,0,0,0,0,0,0,0.0,0,0.0,0.008821078563829356,12.301783561706543,0.819605072673058,4.567763328552246,0,0,0,0
751,65353,76,pair_014_n5_014_conflict,conflict,1,0,0,12.500000000000002,0.19107999999999997,892118,3290474,36805,212,1723267,0,0,0,0,0.0,0,0,0,0,0,0,0,0,0,0,0.0,0,0.0,0.008824247445740736,12.301783561706543,0.8195227570322743,4.567763328552246,0,0,0,0
752,65435,82,pair_000_n3_000_conflict,conflict,1,0,0,12.440000000000001,0.19094333333333333,892610,3295230,36842,212,1726036,0,0,0,0,0.0,0,0,0,0,0,0,0,0,0,0,0.0,0,0.0,0.008822930442084615,12.301783561706543,0.8194576974106207,4.567763328552246,0,0,0,0
753,65533,98,pair_011_n5_011_control,control,1,0,0,12.280000000000001,0.19078,893198,3300914,36884,212,1729408,0,0,0,0,0.0,0,0,0,0,0,0,0,0,0,0,0.0,0,0.0,0.008819074374983422,12.301783561706543,0.8192338534552203,4.567763328552246,0,0,0,0
754,65613,80,pair_008_n3_008_control,control,1,0,0,12.46,0.19064666666666666,893678,3305554,36924,212,1732132,0,0,0,0,0.0,0,0,0,0,0,0,0,0,0,0,0.0,0,0.0,0.008817075212855654,12.301783561706543,0.8192938641258181,4.567763328552246,0,0,0,0
755,65700,87,pair_002_n5_002_conflict,conflict,1,0,0,12.390000000000002,0.19050166666666665,894200,3310600,36975,212,1735052,0,0,0,0,0.0,0,0,0,0,0,0,0,0,0,0,0.0,0,0.0,0.008812728964367623,12.301783561706543,0.8189796378799746,4.567763328552246,0,0,0,0
756,65782,82,pair_014_n5_014_control,control,1,0,0,12.440000000000001,0.190365,894692,3315356,37048,212,1737832,0,0,0,0,0.0,0,0,0,0,0,0,0,0,0,0,0.0,0,0.0,0.008808232372919392,12.301783561706543,0.8188861299128674,4.567763328552246,0,0,0,0
757,65865,83,pair_001_n5_001_conflict,conflict,1,0,0,12.430000000000001,0.19022666666666666,895190,3320170,37111,212,1740754,0,0,0,0,0.0,0,0,0,0,0,0,0,0,0,0,0.0,0,0.0,0.008800709095488071,12.301783561706543,0.8185653974599545,4.567763328552246,0,0,0,0
758,65961,96,pair_017_n5_017_conflict,conflict,1,0,0,12.3,0.19006666666666666,895766,3325738,37186,212,1744154,0,0,0,0,0.0,0,0,0,0,0,0,0,0,0,0,0.0,0,0.0,0.00879504790253618,12.301783561706543,0.8183662719565765,4.567763328552246,0,0,0,0
759,66041,80,pair_012_n5_012_conflict,conflict,1,0,0,12.46,0.18993333333333334,896246,3330378,37243,212,1746906,0,0,0,0,0.0,0,0,0,0,0,0,0,0,0,0,0.0,0,0.0,0.008787736075205112,12.301783561706543,0.818229147841536,4.567763328552246,0,0,0,0
760,66120,79,pair_011_n3_011_conflict,conflict,1,0,0,12.470000000000002,0.18980166666666665,896720,3334960,37288,212,1749639,0,0,0,0,0.0,0,0,0,0,0,0,0,0,0,0,0.0,0,0.0,0.00878502048986952,12.301783561706543,0.8179189973351919,4.567763328552246,0,0,0,0
761,66197,77,pair_016_n5_016_conflict,conflict,1,0,0,12.490000000000002,0.1896733333333333,897182,3339426,37344,212,1752349,0,0,0,0,0.0,0,0,0,0,0,0,0,0,0,0,0.0,0,0.0,0.00877769750061463,12.301783561706543,0.8177750930616657,4.567763328552246,0,0,0,0
762,66290,93,pair_009_n3_009_control,control,1,0,0,12.330000000000002,0.18951833333333332,897740,3344820,37418,212,1755562,0,0,0,0,0.0,0,0,0,0,0,0,0,0,0,0,0.0,0,0.0,0.008772166336963531,12.301783561706543,0.8173915032628373,4.567763328552246,0,0,0,0
763,66367,77,pair_014_n3_014_conflict,conflict,1,0,0,12.490000000000002,0.18939,898202,3349286,37458,212,1758294,0,0,0,0,0.0,0,0,0,0,0,0,0,0,0,0,0.0,0,0.0,0.008765413444039583,12.301783561706543,0.8172332950432369,4.567763328552246,0,0,0,0
764,66457,90,pair_017_n3_017_control,control,1,0,0,12.360000000000001,0.18924,898742,3354506,37515,212,1761398,0,0,0,0,0.0,0,0,0,0,0,0,0,0,0,0,0.0,0,0.0,0.008759431765628099,12.301783561706543,0.8170559411062625,4.567763328552246,0,0,0,0
765,66534,77,pair_013_n3_013_control,control,1,0,0,12.490000000000002,0.18911166666666665,899204,3358972,37572,212,1764103,0,0,0,0,0.0,0,0,0,0,0,0,0,0,0,0,0.0,0,0.0,0.008754772046013904,12.301783561706543,0.8170841100596886,4.567763328552246,0,0,0,0
766,66625,91,pair_010_n3_010_conflict,conflict,1,0,0,12.350000000000001,0.18896,899750,3364250,37593,212,1767295,0,0,0,0,0.0,0,0,0,0,0,0,0,0,0,0,0.0,0,0.0,0.008750729063505483,12.301783561706543,0.8166336363592581,4.567763328552246,0,0,0,0
767,66718,93,pair_003_n5_003_control,control,1,0,0,12.330000000000002,0.188805,900308,3369644,37651,212,1770600,0,0,0,0,0.0,0,0,0,0,0,0,0,0,0,0,0.0,0,0.0,0.008741424710188822,12.301783561706543,0.8161476343833199,4.567763328552246,0,0,0,0
768,66804,86,pair_007_n5_007_control,control,1,0,0,12.400000000000002,0.18866166666666667,900824,3374632,37726,212,1773641,0,0,0,0,0.0,0,0,0,0,0,0,0,0,0,0,0.0,0,0.0,0.008735015926262048,12.301783561706543,0.8161879370852718,4.567763328552246,0,0,0,0
769,66879,75,pair_010_n3_010_control,control,1,0,0,12.510000000000002,0.18853666666666666,901274,3378982,37766,212,1776331,0,0,0,0,0.0,0,0,0,0,0,0,0,0,0,0,0.0,0,0.0,0.00873299161322985,12.301783561706543,0.8159018138784762,4.567763328552246,0,0,0,0
770,66965,86,pair_012_n3_012_conflict,conflict,1,0,0,12.400000000000002,0.1883933333333333,901790,3383970,37809,212,1779437,0,0,0,0,0.0,0,0,0,0,0,0,0,0,0,0,0.0,0,0.0,0.008725584681453475,12.301783561706543,0.8157702590284159,4.567763328552246,0,0,0,0
771,67041,76,pair_000_n5_000_control,control,1,0,0,12.500000000000002,0.18826666666666664,902246,3388378,37844,213,1782149,0,0,0,0,0.0,0,0,0,0,0,0,0,0,0,0,0.0,0,0.0,0.0087212947910998,12.301783561706543,0.8155578951148815,4.567763328552246,0,0,0,0
772,67122,81,pair_014_n3_014_control,control,0,1,0,0.4500000000000006,0.18813166666666664,902732,3393076,37904,227,1784976,0,0,0,0,0.0,0,0,0,0,0,0,0,0,0,0,0.0,0,0.0,0.008718988216297113,12.301783561706543,0.8155102594498207,4.567763328552246,0,0,0,0
773,67203,81,pair_006_n5_006_conflict,conflict,1,0,0,12.450000000000001,0.18799666666666665,903218,3397774,37965,227,1787900,0,0,0,0,0.0,0,0,0,0,0,0,0,0,0,0,0.0,0,0.0,0.008715357607979066,12.301783561706543,0.8151576107090789,4.567763328552246,0,0,0,0
774,67287,84,pair_017_n3_017_conflict,conflict,1,0,0,12.420000000000002,0.18785666666666667,903722,3402646,38000,227,1790894,0,0,0,0,0.0,0,0,0,0,0,0,0,0,0,0,0.0,0,0.0,0.008710300988089423,12.301783561706543,0.8150638542952655,4.567763328552246,0,0,0,0
775,67342,55,pair_006_n5_006_control,control,0,1,0,0.26000000000000045,0.187765,904052,3405836,38046,227,1792883,0,0,0,0,0.0,0,0,0,0,0,0,0,0,0,0,0.0,0,0.0,0.008710528088762643,12.301783561706543,0.8147650123248702,4.567763328552246,0,0,0,0
776,67420,78,pair_000_n3_000_control,control,0,1,0,1.430000000000002,0.187635,904520,3410360,38078,227,1795641,0,0,0,0,0.0,0,0,0,0,0,0,0,0,0,0,0.0,0,0.0,0.008706600348989782,12.301783561706543,0.8144716202822085,4.567763328552246,0,0,0,0
777,67515,95,pair_007_n3_007_control,control,1,0,0,12.310000000000002,0.18747666666666665,905090,3415870,38143,227,1799012,0,0,0,0,0.0,0,0,0,0,0,0,0,0,0,0,0.0,0,0.0,0.008703152584348735,12.301783561706543,0.8145557371426478,4.567763328552246,0,0,0,0
778,67593,78,pair_009_n5_009_conflict,conflict,1,0,0,12.48,0.18734666666666666,905558,3420394,38206,227,1801765,0,0,0,0,0.0,0,0,0,0,0,0,0,0,0,0,0.0,0,0.0,0.008698914896135963,12.301783561706543,0.8144778360473955,4.567763328552246,0,0,0,0
779,67670,77,pair_013_n5_013_conflict,conflict,1,0,0,12.490000000000002,0.18721833333333332,906020,3424860,38282,227,1804535,0,0,0,0,0.0,0,0,0,0,0,0,0,0,0,0,0.0,0,0.0,0.008693273240531969,12.301783561706543,0.8143027148281491,4.567763328552246,0,0,0,0
780,67748,78,pair_005_n3_005_conflict,conflict,1,0,0,12.48,0.18708833333333333,906488,3429384,38315,227,1807318,0,0,0,0,0.0,0,0,0,0,0,0,0,0,0,0,0.0,0,0.0,0.008687053158096978,12.301783561706543,0.8142583228745257,4.567763328552246,0,0,0,0
781,67831,83,pair_001_n3_001_conflict,conflict,1,0,0,12.430000000000001,0.18695,906986,3434198,38355,227,1810283,0,0,0,0,0.0,0,0,0,0,0,0,0,0,0,0,0.0,0,0.0,0.00868305869684702,12.301783561706543,0.8140182730846106,4.567763328552246,0,0,0,0
782,67907,76,pair_017_n5_017_control,control,1,0,0,12.500000000000002,0.18682333333333334,907442,3438606,38405,227,1813047,0,0,0,0,0.0,0,0,0,0,0,0,0,0,0,0,0.0,0,0.0,0.008677903341035654,12.301783561706543,0.8138557386850768,4.567763328552246,0,0,0,0
783,67995,88,pair_016_n3_016_conflict,conflict,1,0,0,12.38,0.18667666666666666,907970,3443710,38456,227,1816199,0,0,0,0,0.0,0,0,0,0,0,0,0,0,0,0,0.0,0,0.0,0.008673849517644681,12.301783561706543,0.8135617727116962,4.567763328552246,0,0,0,0
784,68094,99,pair_016_n5_016_control,control,1,0,0,12.270000000000001,0.18651166666666666,908564,3449452,38528,227,1819708,0,0,0,0,0.0,0,0,0,0,0,0,0,0,0,0,0.0,0,0.0,0.008667681005206207,12.301783561706543,0.8131798981080098,4.567763328552246,0,0,0,0
785,68167,73,pair_002_n5_002_control,control,1,0,0,12.530000000000001,0.18639,909002,3453686,38563,227,1822287,0,0,0,0,0.0,0,0,0,0,0,0,0,0,0,0,0.0,0,0.0,0.008662604437854993,12.301783561706543,0.812991739872207,4.567763328552246,0,0,0,0
786,68271,104,pair_008_n5_008_conflict,conflict,1,0,0,12.220000000000002,0.18621666666666664,909626,3459718,38605,231,1825981,0,0,0,0,0.0,0,0,0,0,0,0,0,0,0,0,0.0,0,0.0,0.008662669809119417,12.301783561706543,0.8132621355402695,4.567763328552246,0,0,0,0
787,68354,83,pair_010_n5_010_control,control,1,0,0,12.430000000000001,0.18607833333333332,910124,3464532,38636,231,1828897,0,0,0,0,0.0,0,0,0,0,0,0,0,0,0,0,0.0,0,0.0,0.008658932185813113,12.301783561706543,0.8135952462883969,4.567763328552246,0,0,0,0
788,68437,83,pair_005_n3_005_control,control,1,0,0,12.430000000000001,0.18594,910622,3469346,38659,231,1831790,0,0,0,0,0.0,0,0,0,0,0,0,0,0,0,0,0.0,0,0.0,0.008656778947056158,12.301783561706543,0.8132448906130728,4.567763328552246,0,0,0,0
789,68516,79,pair_010_n5_010_conflict,conflict,1,0,0,12.47,0.18580833333333333,911096,3473928,38678,231,1834575,0,0,0,0,0.0,0,0,0,0,0,0,0,0,0,0,0.0,0,0.0,0.00865141384850464,12.301783561706543,0.8132027788285092,4.567763328552246,0,0,0,0
790,68608,92,pair_006_n3_006_control,control,1,0,0,12.340000000000002,0.185655,911648,3479264,38705,231,1837736,0,0,0,0,0.0,0,0,0,0,0,0,0,0,0,0,0.0,0,0.0,0.008645917320120886,12.301783561706543,0.8131409732211353,4.567763328552246,0,0,0,0
791,68681,73,pair_003_n5_003_conflict,conflict,1,0,0,12.530000000000001,0.18553333333333333,912086,3483498,38736,231,1840244,0,0,0,0,0.0,0,0,0,0,0,0,0,0,0,0,0.0,0,0.0,0.008641977535151243,12.301783561706543,0.8129512996250187,4.567763328552246,0,0,0,0
792,68785,104,pair_006_n3_006_conflict,conflict,1,0,0,12.22,0.18535999999999997,912710,3489530,38760,231,1843878,0,0,0,0,0.0,0,0,0,0,0,0,0,0,0,0,0.0,0,0.0,0.008636865962436378,12.301783561706543,0.812813916426005,4.567763328552246,0,0,0,0
793,68889,104,pair_011_n5_011_control,control,1,0,0,12.220000000000002,0.18518666666666667,913334,3495562,38816,231,1847515,0,0,0,0,0.0,0,0,0,0,0,0,0,0,0,0,0.0,0,0.0,0.008632409464496024,12.301783561706543,0.8125761603346927,4.567763328552246,0,0,0,0
794,68968,79,pair_001_n3_001_conflict,conflict,1,0,0,12.470000000000002,0.18505499999999997,913808,3500144,38827,231,1850230,0,0,0,0,0.0,0,0,0,0,0,0,0,0,0,0,0.0,0,0.0,0.008628920791245777,12.301783561706543,0.8125071118938157,4.567763328552246,0,0,0,0
795,69053,85,pair_001_n5_001_conflict,conflict,1,0,0,12.410000000000002,0.18491333333333332,914318,3505074,38848,231,1853182,0,0,0,0,0.0,0,0,0,0,0,0,0,0,0,0,0.0,0,0.0,0.008625252849511118,12.301783561706543,0.8123608490739526,4.567763328552246,0,0,0,0
796,69132,79,pair_015_n3_015_control,control,1,0,0,12.470000000000002,0.18478166666666665,914792,3509656,38887,231,1855905,0,0,0,0,0.0,0,0,0,0,0,0,0,0,0,0,0.0,0,0.0,0.008622689807386221,12.301783561706543,0.8124365089695076,4.567763328552246,0,0,0,0
797,69215,83,pair_012_n3_012_control,control,1,0,0,12.430000000000001,0.18464333333333333,915290,3514470,38917,231,1858814,0,0,0,0,0.0,0,0,0,0,0,0,0,0,0,0,0.0,0,0.0,0.008617582723817298,12.301783561706543,0.8124275235820758,4.567763328552246,0,0,0,0
798,69291,76,pair_008_n3_008_control,control,1,0,0,12.500000000000002,0.18451666666666666,915746,3518878,38935,231,1861405,0,0,0,0,0.0,0,0,0,0,0,0,0,0,0,0,0.0,0,0.0,0.008614603919737618,12.301783561706543,0.8121179973339697,4.567763328552246,0,0,0,0
799,69375,84,pair_000_n3_000_conflict,conflict,1,0,0,12.420000000000002,0.18437666666666666,916250,3523750,38967,231,1864255,0,0,0,0,0.0,0,0,0,0,0,0,0,0,0,0,0.0,0,0.0,0.008608211477897717,12.301783561706543,0.8119557467153481,4.567763328552246,0,0,0,0
800,69465,90,pair_004_n5_004_control,control,1,0,0,12.360000000000001,0.18422666666666665,916790,3528970,39016,231,1867255,0,0,0,0,0.0,0,0,0,0,0,0,0,0,0,0,0.0,0,0.0,0.00860193112816737,12.301783561706543,0.811714618099454,4.567763328552246,0,0,0,0
801,69545,80,pair_013_n3_013_control,control,1,0,0,12.46,0.18409333333333333,917270,3533610,39050,231,1869950,0,0,0,0,0.0,0,0,0,0,0,0,0,0,0,0,0.0,0,0.0,0.00859597039312742,12.301783561706543,0.8118125149736861,4.567763328552246,0,0,0,0
802,69550,5,pair_017_n5_017_conflict,conflict,0,1,0,-0.84,0.184085,917300,3533900,39055,231,1870102,0,0,0,0,0.0,0,0,0,0,0,0,0,0,0,0,0.0,0,0.0,0.008595488871443182,12.301783561706543,0.811805985512856,4.567763328552246,0,0,0,0
803,69657,107,pair_010_n5_010_conflict,conflict,1,0,0,12.190000000000001,0.18390666666666666,917942,3540106,39101,231,1873700,0,0,0,0,0.0,0,0,0,0,0,0,0,0,0,0,0.0,0,0.0,0.008593691222670076,12.301783561706543,0.8115914067195203,4.567763328552246,0,0,0,0
804,69740,83,pair_009_n3_009_conflict,conflict,1,0,0,12.430000000000001,0.1837683333333333,918440,3544920,39151,231,1876464,0,0,0,0,0.0,0,0,0,0,0,0,0,0,0,0,0.0,0,0.0,0.008588112898384641,12.301783561706543,0.8112281724064901,4.567763328552246,0,0,0,0
805,69827,87,pair_009_n5_009_control,control,1,0,0,12.39,0.1836233333333333,918962,3549966,39203,231,1879424,0,0,0,0,0.0,0,0,0,0,0,0,0,0,0,0,0.0,0,0.0,0.008581798936449586,12.301783561706543,0.8112347234228132,4.567763328552246,0,0,0,0
806,69909,82,pair_007_n5_007_conflict,conflict,1,0,0,12.440000000000001,0.18348666666666666,919454,3554722,39277,235,1882164,0,0,0,0,0.0,0,0,0,0,0,0,0,0,0,0,0.0,0,0.0,0.008578898796790304,12.301783561706543,0.8110633380794741,4.567763328552246,0,0,0,0
807,70008,99,pair_005_n5_005_conflict,conflict,1,0,0,12.270000000000001,0.18332166666666666,920048,3560464,39332,236,1885467,0,0,0,0,0.0,0,0,0,0,0,0,0,0,0,0,0.0,0,0.0,0.008574566407522672,12.301783561706543,0.8109413236966556,4.567763328552246,0,0,0,0
808,70094,86,pair_002_n5_002_control,control,1,0,0,12.400000000000002,0.18317833333333333,920564,3565452,39380,236,1888378,0,0,0,0,0.0,0,0,0,0,0,0,0,0,0,0,0.0,0,0.0,0.008570661782128609,12.301783561706543,0.8106983702212175,4.567763328552246,0,0,0,0
809,70177,83,pair_002_n5_002_conflict,conflict,1,0,0,12.430000000000001,0.18303999999999998,921062,3570266,39417,236,1891139,0,0,0,0,0.0,0,0,0,0,0,0,0,0,0,0,0.0,0,0.0,0.008563389828517792,12.301783561706543,0.8104469358998766,4.567763328552246,0,0,0,0
810,70265,88,pair_016_n3_016_control,control,1,0,0,12.38,0.18289333333333332,921590,3575370,39476,236,1894054,0,0,0,0,0.0,0,0,0,0,0,0,0,0,0,0,0.0,0,0.0,0.008555305324893457,12.301783561706543,0.8101750433794364,4.567763328552246,0,0,0,0
811,70341,76,pair_001_n5_001_control,control,1,0,0,12.500000000000002,0.18276666666666666,922046,3579778,39508,236,1896598,0,0,0,0,0.0,0,0,0,0,0,0,0,0,0,0,0.0,0,0.0,0.008550324361116203,12.301783561706543,0.810002725063927,4.567763328552246,0,0,0,0
812,70432,91,pair_010_n5_010_control,control,1,0,0,12.350000000000001,0.18261499999999997,922592,3585056,39555,236,1899577,0,0,0,0,0.0,0,0,0,0,0,0,0,0,0,0,0.0,0,0.0,0.008545741912672938,12.301783561706543,0.8096610140353729,4.567763328552246,0,0,0,0
813,70513,81,pair_012_n3_012_conflict,conflict,1,0,0,12.450000000000003,0.18247999999999998,923078,3589754,39598,236,1902284,0,0,0,0,0.0,0,0,0,0,0,0,0,0,0,0,0.0,0,0.0,0.008539901662534915,12.301783561706543,0.8094711232497047,4.567763328552246,0,0,0,0
814,70585,72,pair_014_n5_014_conflict,conflict,1,0,0,12.540000000000003,0.18236,923510,3593930,39650,236,1904676,0,0,0,0,0.0,0,0,0,0,0,0,0,0,0,0,0.0,0,0.0,0.008533673887912381,12.301783561706543,0.8097041156334795,4.567763328552246,0,0,0,0
815,70677,92,pair_014_n3_014_conflict,conflict,1,0,0,12.340000000000002,0.18220666666666666,924062,3599266,39677,236,1907712,0,0,0,0,0.0,0,0,0,0,0,0,0,0,0,0,0.0,0,0.0,0.008527839396784599,12.301783561706543,0.809390132358981,4.567763328552246,0,0,0,0
816,70759,82,pair_014_n3_014_control,control,1,0,0,12.440000000000001,0.18207,924554,3604022,39718,236,1910441,0,0,0,0,0.0,0,0,0,0,0,0,0,0,0,0,0.0,0,0.0,0.00851968418882241,12.301783561706543,0.8090420040913888,4.567763328552246,0,0,0,0
817,70847,88,pair_000_n3_000_control,control,1,0,0,12.380000000000003,0.18192333333333333,925082,3609126,39763,236,1913344,0,0,0,0,0.0,0,0,0,0,0,0,0,0,0,0,0.0,0,0.0,0.008516637759309744,12.301783561706543,0.809048972540924,4.567763328552246,0,0,0,0
818,70930,83,pair_003_n3_003_conflict,conflict,1,0,0,12.430000000000001,0.18178499999999997,925580,3613940,39807,236,1916013,0,0,0,0,0.0,0,0,0,0,0,0,0,0,0,0,0.0,0,0.0,0.008511544796313178,12.301783561706543,0.8086982151464281,4.567763328552246,0,0,0,0
819,70999,69,pair_015_n3_015_conflict,conflict,1,0,0,12.570000000000002,0.18167,925994,3617942,39853,236,1918214,0,0,0,0,0.0,0,0,0,0,0,0,0,0,0,0,0.0,0,0.0,0.008506493103446533,12.301783561706543,0.8083737459280387,4.567763328552246,0,0,0,0
820,71083,84,pair_010_n3_010_conflict,conflict,1,0,0,12.420000000000002,0.18152999999999997,926498,3622814,39888,236,1920978,0,0,0,0,0.0,0,0,0,0,0,0,0,0,0,0,0.0,0,0.0,0.00850262832600593,12.301783561706543,0.8081987980508073,4.567763328552246,0,0,0,0
821,71164,81,pair_013_n5_013_conflict,conflict,1,0,0,12.450000000000001,0.18139499999999997,926984,3627512,39936,236,1923649,0,0,0,0,0.0,0,0,0,0,0,0,0,0,0,0,0.0,0,0.0,0.008497099894108273,12.301783561706543,0.8082054716763516,4.567763328552246,0,0,0,0
822,71242,78,pair_004_n5_004_conflict,conflict,1,0,0,12.48,0.181265,927452,3632036,39972,236,1926206,0,0,0,0,0.0,0,0,0,0,0,0,0,0,0,0,0.0,0,0.0,0.008490037674924726,12.301783561706543,0.807844004704149,4.567763328552246,0,0,0,0
823,71340,98,pair_000_n5_000_control,control,1,0,0,12.280000000000001,0.18110166666666666,928040,3637720,40027,236,1929417,0,0,0,0,0.0,0,0,0,0,0,0,0,0,0,0,0.0,0,0.0,0.008484279425378811,12.301783561706543,0.8077035976310643,4.567763328552246,0,0,0,0
824,71420,80,pair_006_n5_006_control,control,1,0,0,12.46,0.18096833333333334,928520,3642360,40087,236,1931993,0,0,0,0,0.0,0,0,0,0,0,0,0,0,0,0,0.0,0,0.0,0.00847722998075245,12.301783561706543,0.807500700609254,4.567763328552246,0,0,0,0
825,71496,76,pair_007_n3_007_control,control,1,0,0,12.500000000000002,0.18084166666666665,928976,3646768,40140,236,1934480,0,0,0,0,0.0,0,0,0,0,0,0,0,0,0,0,0.0,0,0.0,0.008472027798965595,12.301783561706543,0.8074286996186446,4.567763328552246,0,0,0,0
826,71577,81,pair_007_n3_007_conflict,conflict,1,0,0,12.450000000000003,0.18070666666666665,929462,3651466,40198,236,1937103,0,0,0,0,0.0,0,0,0,0,0,0,0,0,0,0,0.0,0,0.0,0.008466236109362658,12.301783561706543,0.8071929239662422,4.567763328552246,0,0,0,0
827,71579,2,pair_016_n3_016_conflict,conflict,0,1,0,-0.96,0.18070333333333333,929474,3651582,40200,236,1937187,0,0,0,0,0.0,0,0,0,0,0,0,0,0,0,0,0.0,0,0.0,0.008466081390612579,12.301783561706543,0.8071845436750307,4.567763328552246,0,0,0,0
828,71825,246,pair_017_n5_017_control,control,1,0,0,10.800000000000004,0.1802933333333333,930950,3665850,40418,236,1945322,0,0,0,0,0.0,0,0,0,0,0,0,0,0,0,0,0.0,0,0.0,0.008446324400025261,12.301783561706543,0.8065451278497315,4.567763328552246,0,0,0,0
829,71918,93,pair_016_n5_016_control,control,1,0,0,12.330000000000002,0.18013833333333332,931508,3671244,40480,236,1948434,0,0,0,0,0.0,0,0,0,0,0,0,0,0,0,0,0.0,0,0.0,0.00843925967975763,12.301783561706543,0.8063581914534593,4.567763328552246,0,0,0,0
830,71998,80,pair_005_n3_005_conflict,conflict,1,0,0,12.46,0.18000499999999997,931988,3675884,40516,236,1951095,0,0,0,0,0.0,0,0,0,0,0,0,0,0,0,0,0.0,0,0.0,0.008434509814196425,12.301783561706543,0.8062285656783282,4.567763328552246,0,0,0,0
831,72003,5,pair_013_n5_013_control,control,0,1,0,-0.84,0.17999666666666664,932018,3676174,40521,236,1951242,0,0,0,0,0.0,0,0,0,0,0,0,0,0,0,0,0.0,0,0.0,0.008434017298790895,12.301783561706543,0.8062328771016963,4.567763328552246,0,0,0,0
832,72010,7,pair_009_n3_009_control,control,0,1,0,-0.96,0.179985,932060,3676580,40528,236,1951473,0,0,0,0,0.0,0,0,0,0,0,0,0,0,0,0,0.0,0,0.0,0.008433503261012148,12.301783561706543,0.8062386504651345,4.567763328552246,0,0,0,0
833,72092,82,pair_009_n5_009_conflict,conflict,1,0,0,12.440000000000001,0.17984833333333333,932552,3681336,40600,236,1954193,0,0,0,0,0.0,0,0,0,0,0,0,0,0,0,0,0.0,0,0.0,0.008431420308380044,12.301783561706543,0.8059812802260734,4.567763328552246,0,0,0,0
834,72104,12,pair_013_n3_013_conflict,conflict,0,1,0,-0.56,0.1798283333333333,932624,3682032,40612,236,1954591,0,0,0,0,0.0,0,0,0,0,0,0,0,0,0,0,0.0,0,0.0,0.008432877160985357,12.301783561706543,0.8059215777068789,4.567763328552246,0,0,0,0
835,72178,74,pair_000_n5_000_conflict,conflict,1,0,0,12.520000000000001,0.179705,933068,3686324,40661,236,1957062,0,0,0,0,0.0,0,0,0,0,0,0,0,0,0,0,0.0,0,0.0,0.008426988075123524,12.301783561706543,0.8057316530164736,4.567763328552246,0,0,0,0
836,72264,86,pair_012_n5_012_conflict,conflict,1,0,0,12.400000000000002,0.17956166666666667,933584,3691312,40699,236,1959902,0,0,0,0,0.0,0,0,0,0,0,0,0,0,0,0,0.0,0,0.0,0.008419639153918718,12.301783561706543,0.8055187494800853,4.567763328552246,0,0,0,0
837,72345,81,pair_008_n3_008_conflict,conflict,1,0,0,12.450000000000003,0.17942666666666665,934070,3696010,40747,236,1962539,0,0,0,0,0.0,0,0,0,0,0,0,0,0,0,0,0.0,0,0.0,0.008415711746657808,12.301783561706543,0.8053200175431754,4.567763328552246,0,0,0,0
838,72428,83,pair_003_n5_003_conflict,conflict,1,0,0,12.430000000000001,0.17928833333333333,934568,3700824,40782,236,1965345,0,0,0,0,0.0,0,0,0,0,0,0,0,0,0,0,0.0,0,0.0,0.008411219095523793,12.301783561706543,0.8048995916644268,4.567763328552246,0,0,0,0
839,72509,81,pair_008_n5_008_control,control,1,0,0,12.450000000000001,0.17915333333333333,935054,3705522,40831,236,1968030,0,0,0,0,0.0,0,0,0,0,0,0,0,0,0,0,0.0,0,0.0,0.008408997343855305,12.301783561706543,0.8047917765190563,4.567763328552246,0,0,0,0
840,72522,13,pair_012_n5_012_control,control,0,1,0,-0.52,0.17913166666666666,935132,3706276,40844,236,1968474,0,0,0,0,0.0,0,0,0,0,0,0,0,0,0,0,0.0,0,0.0,0.008407841907728777,12.301783561706543,0.8047576053534204,4.567763328552246,0,0,0,0
841,72608,86,pair_005_n5_005_control,control,1,0,0,12.400000000000002,0.1789883333333333,935648,3711264,40897,236,1971354,0,0,0,0,0.0,0,0,0,0,0,0,0,0,0,0,0.0,0,0.0,0.008402129955247714,12.301783561706543,0.8046783944768888,4.567763328552246,0,0,0,0
842,72700,92,pair_003_n3_003_control,control,1,0,0,12.340000000000002,0.178835,936200,3716600,40942,236,1974432,0,0,0,0,0.0,0,0,0,0,0,0,0,0,0,0,0.0,0,0.0,0.008396367682487327,12.301783561706543,0.8045393473292193,4.567763328552246,0,0,0,0
843,72784,84,pair_003_n5_003_control,control,1,0,0,12.420000000000002,0.178695,936704,3721472,40984,236,1977189,0,0,0,0,0.0,0,0,0,0,0,0,0,0,0,0,0.0,0,0.0,0.00839497563488433,12.301783561706543,0.8042106973822152,4.567763328552246,0,0,0,0
844,72866,82,pair_007_n5_007_control,control,1,0,0,12.440000000000001,0.17855833333333332,937196,3726228,41050,239,1979906,0,0,0,0,0.0,0,0,0,0,0,0,0,0,0,0,0.0,0,0.0,0.008389046290235501,12.301783561706543,0.803962627151503,4.567763328552246,0,0,0,0
845,72955,89,pair_014_n5_014_control,control,1,0,0,12.370000000000001,0.17840999999999999,937730,3731390,41100,239,1982864,0,0,0,0,0.0,0,0,0,0,0,0,0,0,0,0,0.0,0,0.0,0.008382953375734553,12.301783561706543,0.8038745207729798,4.567763328552246,0,0,0,0
846,73045,90,pair_008_n5_008_conflict,conflict,1,0,0,12.360000000000001,0.17825999999999997,938270,3736610,41138,239,1985830,0,0,0,0,0.0,0,0,0,0,0,0,0,0,0,0,0.0,0,0.0,0.008378244121487844,12.301783561706543,0.8035493796077897,4.567763328552246,0,0,0,0
847,73119,74,pair_011_n3_011_conflict,conflict,1,0,0,12.520000000000001,0.17813666666666667,938714,3740902,41150,239,1988300,0,0,0,0,0.0,0,0,0,0,0,0,0,0,0,0,0.0,0,0.0,0.008374834548027331,12.301783561706543,0.8032603445477084,4.567763328552246,0,0,0,0
848,73197,78,pair_011_n3_011_control,control,0,1,0,1.430000000000002,0.17800666666666665,939182,3745426,41166,239,1990834,0,0,0,0,0.0,0,0,0,0,0,0,0,0,0,0,0.0,0,0.0,0.008370429309385271,12.301783561706543,0.803092105801624,4.567763328552246,0,0,0,0
849,73202,5,pair_002_n3_002_control,control,0,1,0,-0.84,0.17799833333333331,939212,3745716,41171,239,1991000,0,0,0,0,0.0,0,0,0,0,0,0,0,0,0,0,0.0,0,0.0,0.008370071837128207,12.301783561706543,0.8030741164810243,4.567763328552246,0,0,0,0
850,73282,80,pair_001_n3_001_control,control,1,0,0,12.46,0.177865,939692,3750356,41211,239,1993581,0,0,0,0,0.0,0,0,0,0,0,0,0,0,0,0,0.0,0,0.0,0.008365360564723114,12.301783561706543,0.8027966631834305,4.567763328552246,0,0,0,0
851,73376,94,pair_002_n3_002_conflict,conflict,1,0,0,12.320000000000002,0.1777083333333333,940256,3755808,41245,239,1996660,0,0,0,0,0.0,0,0,0,0,0,0,0,0,0,0,0.0,0,0.0,0.008362930591641149,12.301783561706543,0.8022955595607054,4.567763328552246,0,0,0,0
852,73454,78,pair_017_n3_017_control,control,1,0,0,12.48,0.17757833333333334,940724,3760332,41275,239,1999185,0,0,0,0,0.0,0,0,0,0,0,0,0,0,0,0,0.0,0,0.0,0.00835587371362413,12.301783561706543,0.8019989738079307,4.567763328552246,0,0,0,0
853,73544,90,pair_010_n3_010_control,control,1,0,0,12.360000000000001,0.17742833333333333,941264,3765552,41319,239,2002104,0,0,0,0,0.0,0,0,0,0,0,0,0,0,0,0,0.0,0,0.0,0.008349061310356563,12.301783561706543,0.801558262997851,4.567763328552246,0,0,0,0
854,73633,89,pair_011_n5_011_conflict,conflict,1,0,0,12.370000000000001,0.17728,941798,3770714,41364,239,2004958,0,0,0,0,0.0,0,0,0,0,0,0,0,0,0,0,0.0,0,0.0,0.008342561162763336,12.301783561706543,0.8015187681856076,4.567763328552246,0,0,0,0
855,73708,75,pair_005_n3_005_control,control,1,0,0,12.510000000000002,0.177155,942248,3775064,41390,239,2007410,0,0,0,0,0.0,0,0,0,0,0,0,0,0,0,0,0.0,0,0.0,0.008339098220481496,12.301783561706543,0.8013124013152422,4.567763328552246,0,0,0,0
856,73784,76,pair_015_n5_015_conflict,conflict,1,0,0,12.500000000000002,0.17702833333333332,942704,3779472,41428,239,2009826,0,0,0,0,0.0,0,0,0,0,0,0,0,0,0,0,0.0,0,0.0,0.008333460451122798,12.301783561706543,0.8010965938069763,4.567763328552246,0,0,0,0
857,73869,85,pair_004_n3_004_control,control,1,0,0,12.410000000000002,0.17688666666666664,943214,3784402,41484,239,2012625,0,0,0,0,0.0,0,0,0,0,0,0,0,0,0,0,0.0,0,0.0,0.008329510244678734,12.301783561706543,0.8009198266690529,4.567763328552246,0,0,0,0
858,73966,97,pair_016_n5_016_conflict,conflict,1,0,0,12.290000000000001,0.176725,943796,3790028,41545,239,2015751,0,0,0,0,0.0,0,0,0,0,0,0,0,0,0,0,0.0,0,0.0,0.008320595019543141,12.301783561706543,0.800584174261759,4.567763328552246,0,0,0,0
859,74044,78,pair_004_n3_004_conflict,conflict,0,1,0,1.4300000000000015,0.176595,944264,3794552,41597,239,2018203,0,0,0,0,0.0,0,0,0,0,0,0,0,0,0,0,0.0,0,0.0,0.008313978110284396,12.301783561706543,0.8002174901437166,4.567763328552246,0,0,0,0
860,74125,81,pair_015_n5_015_control,control,1,0,0,12.450000000000001,0.17646,944750,3799250,41658,239,2020799,0,0,0,0,0.0,0,0,0,0,0,0,0,0,0,0,0.0,0,0.0,0.008310741366475976,12.301783561706543,0.7999624739744109,4.567763328552246,0,0,0,0
861,74216,91,pair_017_n3_017_conflict,conflict,1,0,0,12.350000000000001,0.17630833333333332,945296,3804528,41702,239,2023787,0,0,0,0,0.0,0,0,0,0,0,0,0,0,0,0,0.0,0,0.0,0.00830313064311914,12.301783561706543,0.7995161002636268,4.567763328552246,0,0,0,0
862,74221,5,pair_006_n5_006_conflict,conflict,0,1,0,-0.84,0.17629999999999998,945326,3804818,41707,239,2023947,0,0,0,0,0.0,0,0,0,0,0,0,0,0,0,0,0.0,0,0.0,0.008302657044323238,12.301783561706543,0.7995067931449873,4.567763328552246,0,0,0,0
863,74293,72,pair_006_n3_006_control,control,1,0,0,12.540000000000001,0.17618,945758,3808994,41749,239,2026244,0,0,0,0,0.0,0,0,0,0,0,0,0,0,0,0,0.0,0,0.0,0.00829666013128943,12.301783561706543,0.7993010809907832,4.567763328552246,0,0,0,0
864,74374,81,pair_010_n3_010_control,control,1,0,0,12.450000000000001,0.176045,946244,3813692,41804,239,2028850,0,0,0,0,0.0,0,0,0,0,0,0,0,0,0,0,0.0,0,0.0,0.00829208486555614,12.301783561706543,0.7989348698527424,4.567763328552246,0,0,0,0
865,74459,85,pair_015_n5_015_control,control,1,0,0,12.410000000000002,0.17590333333333333,946754,3818622,41861,239,2031589,0,0,0,0,0.0,0,0,0,0,0,0,0,0,0,0,0.0,0,0.0,0.008286829368764088,12.301783561706543,0.7988190355640928,4.567763328552246,0,0,0,0
866,74549,90,pair_008_n5_008_control,control,1,0,0,12.360000000000001,0.17575333333333332,947294,3823842,41920,239,2034452,0,0,0,0,0.0,0,0,0,0,0,0,0,0,0,0,0.0,0,0.0,0.008281127067302989,12.301783561706543,0.7986748293680312,4.567763328552246,0,0,0,0
867,74626,77,pair_007_n3_007_control,control,1,0,0,12.490000000000002,0.17562499999999998,947756,3828308,41976,239,2036895,0,0,0,0,0.0,0,0,0,0,0,0,0,0,0,0,0.0,0,0.0,0.00827499235646884,12.301783561706543,0.7982768042160461,4.567763328552246,0,0,0,0
868,74709,83,pair_017_n5_017_control,control,1,0,0,12.430000000000001,0.17548666666666665,948254,3833122,42031,239,2039582,0,0,0,0,0.0,0,0,0,0,0,0,0,0,0,0,0.0,0,0.0,0.008269966136936452,12.301783561706543,0.7981352388542557,4.567763328552246,0,0,0,0
869,74786,77,pair_006_n5_006_control,control,1,0,0,12.490000000000002,0.17535833333333334,948716,3837588,42099,239,2042058,0,0,0,0,0.0,0,0,0,0,0,0,0,0,0,0,0.0,0,0.0,0.008263857505271402,12.301783561706543,0.798002596804846,4.567763328552246,0,0,0,0
870,74874,88,pair_014_n5_014_control,control,1,0,0,12.38,0.17521166666666665,949244,3842692,42178,239,2044925,0,0,0,0,0.0,0,0,0,0,0,0,0,0,0,0,0.0,0,0.0,0.008258851501618158,12.301783561706543,0.7980848173072154,4.567763328552246,0,0,0,0
871,74945,71,pair_007_n5_007_conflict,conflict,1,0,0,12.55,0.17509333333333332,949670,3846810,42237,239,2047219,0,0,0,0,0.0,0,0,0,0,0,0,0,0,0,0,0.0,0,0.0,0.008255559049743923,12.301783561706543,0.7981160645170299,4.567763328552246,0,0,0,0
872,75022,77,pair_015_n3_015_conflict,conflict,1,0,0,12.490000000000002,0.17496499999999998,950132,3851276,42285,239,2049767,0,0,0,0,0.0,0,0,0,0,0,0,0,0,0,0,0.0,0,0.0,0.008250263163915507,12.301783561706543,0.7981635050686298,4.567763328552246,0,0,0,0
873,75108,86,pair_013_n3_013_conflict,conflict,1,0,0,12.400000000000002,0.17482166666666665,950648,3856264,42339,239,2052530,0,0,0,0,0.0,0,0,0,0,0,0,0,0,0,0,0.0,0,0.0,0.008243613058303538,12.301783561706543,0.7980126150890033,4.567763328552246,0,0,0,0
874,75187,79,pair_008_n5_008_conflict,conflict,1,0,0,12.470000000000002,0.17468999999999998,951122,3860846,42391,239,2055124,0,0,0,0,0.0,0,0,0,0,0,0,0,0,0,0,0.0,0,0.0,0.008238597824809726,12.301783561706543,0.7977346254496986,4.567763328552246,0,0,0,0
875,75278,91,pair_012_n5_012_control,control,1,0,0,12.350000000000001,0.17453833333333332,951668,3866124,42460,240,2058071,0,0,0,0,0.0,0,0,0,0,0,0,0,0,0,0,0.0,0,0.0,0.008230914416346633,12.301783561706543,0.7973025190507159,4.567763328552246,0,0,0,0
876,75359,81,pair_014_n3_014_control,control,1,0,0,12.450000000000003,0.17440333333333333,952154,3870822,42496,240,2060698,0,0,0,0,0.0,0,0,0,0,0,0,0,0,0,0,0.0,0,0.0,0.008226583645309518,12.301783561706543,0.7970113318950002,4.567763328552246,0,0,0,0
877,75437,78,pair_005_n5_005_conflict,conflict,1,0,0,12.48,0.17427333333333334,952622,3875346,42542,240,2063271,0,0,0,0,0.0,0,0,0,0,0,0,0,0,0,0,0.0,0,0.0,0.00822008411047599,12.301783561706543,0.7968351097985461,4.567763328552246,0,0,0,0
878,75515,78,pair_009_n3_009_conflict,conflict,1,0,0,12.48,0.17414333333333332,953090,3879870,42595,240,2065800,0,0,0,0,0.0,0,0,0,0,0,0,0,0,0,0,0.0,0,0.0,0.008213674778816798,12.301783561706543,0.7966974051698963,4.567763328552246,0,0,0,0
879,75611,96,pair_014_n5_014_conflict,conflict,1,0,0,12.3,0.17398333333333332,953666,3885438,42674,242,2068926,0,0,0,0,0.0,0,0,0,0,0,0,0,0,0,0,0.0,0,0.0,0.00820816004885259,12.301783561706543,0.7964777441188378,4.567763328552246,0,0,0,0
880,75695,84,pair_001_n3_001_conflict,conflict,1,0,0,12.420000000000002,0.17384333333333332,954170,3890310,42717,242,2071630,0,0,0,0,0.0,0,0,0,0,0,0,0,0,0,0,0.0,0,0.0,0.008202011626801956,12.301783561706543,0.7961790174490431,4.567763328552246,0,0,0,0
881,75776,81,pair_000_n3_000_conflict,conflict,1,0,0,12.450000000000001,0.17370833333333333,954656,3895008,42769,242,2074287,0,0,0,0,0.0,0,0,0,0,0,0,0,0,0,0,0.0,0,0.0,0.008196657288657918,12.301783561706543,0.7960925556950266,4.567763328552246,0,0,0,0
882,75861,85,pair_010_n5_010_control,control,1,0,0,12.410000000000002,0.17356666666666665,955166,3899938,42818,242,2077096,0,0,0,0,0.0,0,0,0,0,0,0,0,0,0,0,0.0,0,0.0,0.008189427207410768,12.301783561706543,0.795915323966907,4.567763328552246,0,0,0,0
883,75940,79,pair_012_n3_012_control,control,1,0,0,12.470000000000002,0.17343499999999998,955640,3904520,42857,242,2079676,0,0,0,0,0.0,0,0,0,0,0,0,0,0,0,0,0.0,0,0.0,0.008182450693202996,12.301783561706543,0.7955378040629651,4.567763328552246,0,0,0,0
884,76023,83,pair_017_n3_017_control,control,1,0,0,12.430000000000001,0.17329666666666665,956138,3909334,42908,243,2082410,0,0,0,0,0.0,0,0,0,0,0,0,0,0,0,0,0.0,0,0.0,0.00817568338725713,12.301783561706543,0.7955293520478384,4.567763328552246,0,0,0,0
885,76097,74,pair_012_n3_012_conflict,conflict,1,0,0,12.520000000000003,0.17317333333333332,956582,3913626,42952,245,2084816,0,0,0,0,0.0,0,0,0,0,0,0,0,0,0,0,0.0,0,0.0,0.008169162407206007,12.301783561706543,0.7953081143979843,4.567763328552246,0,0,0,0
886,76168,71,pair_017_n3_017_conflict,conflict,1,0,0,12.55,0.173055,957008,3917744,42999,245,2087119,0,0,0,0,0.0,0,0,0,0,0,0,0,0,0,0,0.0,0,0.0,0.008164809583465186,12.301783561706543,0.795409249072264,4.567763328552246,0,0,0,0
887,76246,78,pair_006_n3_006_conflict,conflict,1,0,0,12.480000000000002,0.172925,957476,3922268,43054,245,2089627,0,0,0,0,0.0,0,0,0,0,0,0,0,0,0,0,0.0,0,0.0,0.008157737793523231,12.301783561706543,0.7950332542447552,4.567763328552246,0,0,0,0
888,76330,84,pair_013_n3_013_control,control,1,0,0,12.420000000000002,0.172785,957980,3927140,43113,245,2092298,0,0,0,0,0.0,0,0,0,0,0,0,0,0,0,0,0.0,0,0.0,0.008152390002908762,12.301783561706543,0.795096332169303,4.567763328552246,0,0,0,0
889,76419,89,pair_011_n3_011_control,control,1,0,0,12.370000000000001,0.17263666666666666,958514,3932302,43158,245,2095144,0,0,0,0,0.0,0,0,0,0,0,0,0,0,0,0,0.0,0,0.0,0.008144670548569577,12.301783561706543,0.7946511136026704,4.567763328552246,0,0,0,0
890,76500,81,pair_013_n5_013_control,control,1,0,0,12.450000000000003,0.17250166666666666,959000,3937000,43232,245,2097824,0,0,0,0,0.0,0,0,0,0,0,0,0,0,0,0,0.0,0,0.0,0.008138769914159282,12.301783561706543,0.7944278160193874,4.567763328552246,0,0,0,0
891,76506,6,pair_007_n5_007_control,control,0,1,0,-0.8,0.17249166666666665,959036,3937348,43238,245,2097997,0,0,0,0,0.0,0,0,0,0,0,0,0,0,0,0,0.0,0,0.0,0.008138208695442403,12.301783561706543,0.7944033260603808,4.567763328552246,0,0,0,0
892,76586,80,pair_011_n5_011_conflict,conflict,1,0,0,12.46,0.17235833333333334,959516,3941988,43283,245,2100561,0,0,0,0,0.0,0,0,0,0,0,0,0,0,0,0,0.0,0,0.0,0.00813146799859552,12.301783561706543,0.7940701007046944,4.567763328552246,0,0,0,0
893,76662,76,pair_009_n3_009_control,control,1,0,0,12.500000000000002,0.17223166666666664,959972,3946396,43343,245,2103056,0,0,0,0,0.0,0,0,0,0,0,0,0,0,0,0,0.0,0,0.0,0.008127491615008357,12.301783561706543,0.7939390815852878,4.567763328552246,0,0,0,0
894,76740,78,pair_001_n5_001_control,control,1,0,0,12.48,0.17210166666666665,960440,3950920,43387,245,2105640,0,0,0,0,0.0,0,0,0,0,0,0,0,0,0,0,0.0,0,0.0,0.00812114989226576,12.301783561706543,0.7937764889713311,4.567763328552246,0,0,0,0
895,76812,72,pair_010_n5_010_conflict,conflict,1,0,0,12.540000000000003,0.17198166666666664,960872,3955096,43430,245,2108001,0,0,0,0,0.0,0,0,0,0,0,0,0,0,0,0,0.0,0,0.0,0.008117798886735285,12.301783561706543,0.7935312298588567,4.567763328552246,0,0,0,0
896,76880,68,pair_006_n5_006_conflict,conflict,1,0,0,12.580000000000002,0.17186833333333332,961280,3959040,43480,245,2110211,0,0,0,0,0.0,0,0,0,0,0,0,0,0,0,0,0.0,0,0.0,0.00811203032379194,12.301783561706543,0.7933820148432311,4.567763328552246,0,0,0,0
897,76964,84,pair_004_n3_004_conflict,conflict,1,0,0,12.420000000000002,0.17172833333333332,961784,3963912,43521,245,2113002,0,0,0,0,0.0,0,0,0,0,0,0,0,0,0,0,0.0,0,0.0,0.00810682559984766,12.301783561706543,0.7933993645814513,4.567763328552246,0,0,0,0
898,77044,80,pair_008_n3_008_control,control,1,0,0,12.46,0.171595,962264,3968552,43568,245,2115664,0,0,0,0,0.0,0,0,0,0,0,0,0,0,0,0,0.0,0,0.0,0.008101149270912593,12.301783561706543,0.793196522000231,4.567763328552246,0,0,0,0
899,77133,89,pair_000_n5_000_control,control,1,0,0,12.370000000000001,0.17144666666666666,962798,3973714,43609,245,2118580,0,0,0,0,0.0,0,0,0,0,0,0,0,0,0,0,0.0,0,0.0,0.008093104005061778,12.301783561706543,0.7928365837972573,4.567763328552246,0,0,0,0
900,77215,82,pair_011_n3_011_conflict,conflict,1,0,0,12.440000000000001,0.17131,963290,3978470,43647,245,2121375,0,0,0,0,0.0,0,0,0,0,0,0,0,0,0,0,0.0,0,0.0,0.008087928815297858,12.301783561706543,0.7924496378658183,4.567763328552246,0,0,0,0
901,77299,84,pair_011_n5_011_control,control,1,0,0,12.420000000000002,0.17117,963794,3983342,43695,245,2124180,0,0,0,0,0.0,0,0,0,0,0,0,0,0,0,0,0.0,0,0.0,0.008081827328584755,12.301783561706543,0.7921791513305972,4.567763328552246,0,0,0,0
902,77386,87,pair_017_n5_017_conflict,conflict,1,0,0,12.390000000000002,0.17102499999999998,964316,3988388,43755,245,2127055,0,0,0,0,0.0,0,0,0,0,0,0,0,0,0,0,0.0,0,0.0,0.008075650674137128,12.301783561706543,0.7920706902029827,4.567763328552246,0,0,0,0
903,77468,82,pair_003_n3_003_conflict,conflict,1,0,0,12.440000000000001,0.1708883333333333,964808,3993144,43801,245,2129781,0,0,0,0,0.0,0,0,0,0,0,0,0,0,0,0,0.0,0,0.0,0.008071237843168842,12.301783561706543,0.7922607749316226,4.567763328552246,0,0,0,0
904,77549,81,pair_015_n5_015_conflict,conflict,1,0,0,12.450000000000001,0.1707533333333333,965294,3997842,43868,245,2132482,0,0,0,0,0.0,0,0,0,0,0,0,0,0,0,0,0.0,0,0.0,0.008065809444538512,12.301783561706543,0.7918508096253621,4.567763328552246,0,0,0,0
905,77628,79,pair_009_n5_009_conflict,conflict,1,0,0,12.470000000000002,0.17062166666666664,965768,4002424,43940,245,2135120,0,0,0,0,0.0,0,0,0,0,0,0,0,0,0,0,0.0,0,0.0,0.00805902668306902,12.301783561706543,0.7915331153512445,4.567763328552246,0,0,0,0
906,77712,84,pair_003_n5_003_conflict,conflict,1,0,0,12.420000000000002,0.17048166666666664,966272,4007296,43976,245,2138022,0,0,0,0,0.0,0,0,0,0,0,0,0,0,0,0,0.0,0,0.0,0.008052903825447186,12.301783561706543,0.7911229829499216,4.567763328552246,0,0,0,0
907,77793,81,pair_002_n5_002_control,control,1,0,0,12.450000000000001,0.17034666666666665,966758,4011994,44020,245,2140793,0,0,0,0,0.0,0,0,0,0,0,0,0,0,0,0,0.0,0,0.0,0.008046455124680933,12.301783561706543,0.7912086577908333,4.567763328552246,0,0,0,0
908,77882,89,pair_016_n3_016_conflict,conflict,1,0,0,12.370000000000001,0.1701983333333333,967292,4017156,44083,245,2143832,0,0,0,0,0.0,0,0,0,0,0,0,0,0,0,0,0.0,0,0.0,0.008039694498500822,12.301783561706543,0.7909620183448677,4.567763328552246,0,0,0,0
909,77970,88,pair_016_n3_016_control,control,1,0,0,12.380000000000003,0.17005166666666666,967820,4022260,44151,245,2146902,0,0,0,0,0.0,0,0,0,0,0,0,0,0,0,0,0.0,0,0.0,0.008033028386110875,12.301783561706543,0.7907062791554981,4.567763328552246,0,0,0,0
910,78055,85,pair_005_n3_005_control,control,1,0,0,12.410000000000002,0.16990999999999998,968330,4027190,44186,245,2149882,0,0,0,0,0.0,0,0,0,0,0,0,0,0,0,0,0.0,0,0.0,0.008025867415986496,12.301783561706543,0.790588813526331,4.567763328552246,0,0,0,0
911,78146,91,pair_002_n3_002_conflict,conflict,1,0,0,12.350000000000001,0.16975833333333332,968876,4032468,44233,245,2153049,0,0,0,0,0.0,0,0,0,0,0,0,0,0,0,0,0.0,0,0.0,0.00801900891942688,12.301783561706543,0.7904032616043565,4.567763328552246,0,0,0,0
912,78221,75,pair_005_n5_005_control,control,1,0,0,12.510000000000002,0.16963333333333333,969326,4036818,44258,245,2155700,0,0,0,0,0.0,0,0,0,0,0,0,0,0,0,0,0.0,0,0.0,0.008012582872062343,12.301783561706543,0.7900252474181627,4.567763328552246,0,0,0,0
913,78308,87,pair_015_n3_015_control,control,1,0,0,12.39,0.16948833333333332,969848,4041864,44319,246,2158738,0,0,0,0,0.0,0,0,0,0,0,0,0,0,0,0,0.0,0,0.0,0.008005270442504464,12.301783561706543,0.789694387860375,4.567763328552246,0,0,0,0
914,78391,83,pair_013_n5_013_conflict,conflict,1,0,0,12.430000000000001,0.16935,970346,4046678,44391,248,2161629,0,0,0,0,0.0,0,0,0,0,0,0,0,0,0,0,0.0,0,0.0,0.007999116280523619,12.301783561706543,0.7893786784742625,4.567763328552246,0,0,0,0
915,78462,71,pair_006_n3_006_control,control,1,0,0,12.55,0.16923166666666667,970772,4050796,44432,248,2164124,0,0,0,0,0.0,0,0,0,0,0,0,0,0,0,0,0.0,0,0.0,0.007993180322362016,12.301783561706543,0.7891642694395906,4.567763328552246,0,0,0,0
916,78544,82,pair_003_n3_003_control,control,1,0,0,12.440000000000001,0.169095,971264,4055552,44472,248,2166995,0,0,0,0,0.0,0,0,0,0,0,0,0,0,0,0,0.0,0,0.0,0.007987270370375535,12.301783561706543,0.789085740469875,4.567763328552246,0,0,0,0
917,78618,74,pair_001_n3_001_control,control,1,0,0,12.520000000000001,0.16897166666666666,971708,4059844,44511,249,2169583,0,0,0,0,0.0,0,0,0,0,0,0,0,0,0,0,0.0,0,0.0,0.007980878903852608,12.301783561706543,0.7888027732693976,4.567763328552246,0,0,0,0
918,78702,84,pair_009_n5_009_control,control,1,0,0,12.420000000000002,0.16883166666666666,972212,4064716,44578,249,2172547,0,0,0,0,0.0,0,0,0,0,0,0,0,0,0,0,0.0,0,0.0,0.007974366260025423,12.301783561706543,0.7886031666092137,4.567763328552246,0,0,0,0
919,78775,73,pair_008_n3_008_conflict,conflict,1,0,0,12.530000000000001,0.16871,972650,4068950,44610,249,2175060,0,0,0,0,0.0,0,0,0,0,0,0,0,0,0,0,0.0,0,0.0,0.0079681837467744,12.301783561706543,0.7882282270909169,4.567763328552246,0,0,0,0
920,78869,94,pair_004_n3_004_control,control,1,0,0,12.32,0.16855333333333333,973214,4074402,44660,249,2178446,0,0,0,0,0.0,0,0,0,0,0,0,0,0,0,0,0.0,0,0.0,0.007959998664862284,12.301783561706543,0.7876874781855668,4.567763328552246,0,0,0,0
921,78900,31,pair_016_n5_016_conflict,conflict,0,1,0,-0.1499999999999998,0.16850166666666666,973400,4076200,44691,251,2179551,0,0,0,0,0.0,0,0,0,0,0,0,0,0,0,0,0.0,0,0.0,0.007957390572381859,12.301783561706543,0.7875413836408477,4.567763328552246,0,0,0,0
922,78977,77,pair_004_n5_004_control,control,1,0,0,12.490000000000002,0.16837333333333332,973862,4080666,44737,251,2182293,0,0,0,0,0.0,0,0,0,0,0,0,0,0,0,0,0.0,0,0.0,0.007952247092164553,12.301783561706543,0.7873453596844089,4.567763328552246,0,0,0,0
923,79056,79,pair_000_n3_000_control,control,1,0,0,12.470000000000002,0.16824166666666665,974336,4085248,44788,251,2185104,0,0,0,0,0.0,0,0,0,0,0,0,0,0,0,0,0.0,0,0.0,0.007946508069480657,12.301783561706543,0.7871538914594572,4.567763328552246,0,0,0,0
924,79140,84,pair_007_n3_007_conflict,conflict,1,0,0,12.420000000000002,0.16810166666666665,974840,4090120,44860,251,2188125,0,0,0,0,0.0,0,0,0,0,0,0,0,0,0,0,0.0,0,0.0,0.007941415167660832,12.301783561706543,0.7869439325710801,4.567763328552246,0,0,0,0
925,79225,85,pair_001_n5_001_conflict,conflict,1,0,0,12.41,0.16796,975350,4095050,44900,251,2191112,0,0,0,0,0.0,0,0,0,0,0,0,0,0,0,0,0.0,0,0.0,0.007934299610320909,12.301783561706543,0.7868341105453184,4.567763328552246,0,0,0,0
926,79304,79,pair_002_n5_002_conflict,conflict,0,1,0,0.820000000000001,0.16782833333333333,975824,4099632,44941,251,2193858,0,0,0,0,0.0,0,0,0,0,0,0,0,0,0,0,0.0,0,0.0,0.007927572920902638,12.301783561706543,0.786556726519201,4.567763328552246,0,0,0,0
927,79384,80,pair_012_n5_012_conflict,conflict,1,0,0,12.46,0.16769499999999998,976304,4104272,44993,251,2196683,0,0,0,0,0.0,0,0,0,0,0,0,0,0,0,0,0.0,0,0.0,0.007921468115966057,12.301783561706543,0.7862775538396475,4.567763328552246,0,0,0,0
928,79477,93,pair_002_n3_002_control,control,1,0,0,12.330000000000002,0.16754,976862,4109666,45034,251,2199988,0,0,0,0,0.0,0,0,0,0,0,0,0,0,0,0,0.0,0,0.0,0.00791401436853467,12.301783561706543,0.7859610638762953,4.567763328552246,0,0,0,0
929,79561,84,pair_004_n5_004_conflict,conflict,1,0,0,12.420000000000002,0.1674,977366,4114538,45074,251,2202961,0,0,0,0,0.0,0,0,0,0,0,0,0,0,0,0,0.0,0,0.0,0.007907612599725312,12.301783561706543,0.7856634583642264,4.567763328552246,0,0,0,0
930,79633,72,pair_010_n3_010_conflict,conflict,1,0,0,12.540000000000001,0.16727999999999998,977798,4118714,45122,251,2205484,0,0,0,0,0.0,0,0,0,0,0,0,0,0,0,0,0.0,0,0.0,0.007902266654319891,12.301783561706543,0.7853378835019654,4.567763328552246,0,0,0,0
931,79721,88,pair_014_n3_014_conflict,conflict,1,0,0,12.380000000000003,0.16713333333333333,978326,4123818,45184,251,2208598,0,0,0,0,0.0,0,0,0,0,0,0,0,0,0,0,0.0,0,0.0,0.007898274565660024,12.301783561706543,0.7851162439577181,4.567763328552246,0,0,0,0
932,79793,72,pair_003_n5_003_control,control,1,0,0,12.540000000000001,0.16701333333333332,978758,4127994,45229,251,2211199,0,0,0,0,0.0,0,0,0,0,0,0,0,0,0,0,0.0,0,0.0,0.007893228927069415,12.301783561706543,0.7848244646185658,4.567763328552246,0,0,0,0
933,79868,75,pair_000_n5_000_conflict,conflict,1,0,0,12.510000000000002,0.16688833333333333,979208,4132344,45273,251,2213897,0,0,0,0,0.0,0,0,0,0,0,0,0,0,0,0,0.0,0,0.0,0.007887885346080252,12.301783561706543,0.7845573443788353,4.567763328552246,0,0,0,0
934,79952,84,pair_016_n5_016_control,control,1,0,0,12.420000000000002,0.16674833333333333,979712,4137216,45344,251,2216878,0,0,0,0,0.0,0,0,0,0,0,0,0,0,0,0,0.0,0,0.0,0.007882158521465312,12.301783561706543,0.7845493302136239,4.567763328552246,0,0,0,0
935,80040,88,pair_005_n3_005_conflict,conflict,1,0,0,12.38,0.16660166666666665,980240,4142320,45387,251,2220066,0,0,0,0,0.0,0,0,0,0,0,0,0,0,0,0,0.0,0,0.0,0.007875832191903732,12.301783561706543,0.7845593758077751,4.567763328552246,0,0,0,0
936,80143,103,pair_009_n3_009_conflict,conflict,1,0,0,12.23,0.16643,980858,4148294,45457,253,2223737,0,0,0,0,0.0,0,0,0,0,0,0,0,0,0,0,0.0,0,0.0,0.007869203426501888,12.301783561706543,0.7842205496834211,4.567763328552246,0,0,0,0
937,80225,82,pair_003_n3_003_control,control,1,0,0,12.440000000000001,0.16629333333333332,981350,4153050,45500,253,2226660,0,0,0,0,0.0,0,0,0,0,0,0,0,0,0,0,0.0,0,0.0,0.007864267080686512,12.301783561706543,0.7842098800578419,4.567763328552246,0,0,0,0
938,80318,93,pair_008_n5_008_control,control,1,0,0,12.330000000000002,0.16613833333333333,981908,4158444,45578,254,2229972,0,0,0,0,0.0,0,0,0,0,0,0,0,0,0,0,0.0,0,0.0,0.007858851090058438,12.301783561706543,0.7841015675298404,4.567763328552246,0,0,0,0
939,80405,87,pair_012_n5_012_control,control,1,0,0,12.39,0.16599333333333333,982430,4163490,45628,254,2233101,0,0,0,0,0.0,0,0,0,0,0,0,0,0,0,0,0.0,0,0.0,0.00785289911483017,12.301783561706543,0.7839578810070857,4.567763328552246,0,0,0,0
940,80490,85,pair_010_n5_010_conflict,conflict,1,0,0,12.410000000000002,0.16585166666666665,982940,4168420,45693,254,2236084,0,0,0,0,0.0,0,0,0,0,0,0,0,0,0,0,0.0,0,0.0,0.007846401932587071,12.301783561706543,0.783646460383962,4.567763328552246,0,0,0,0
941,80575,85,pair_000_n3_000_conflict,conflict,1,0,0,12.410000000000002,0.16571,983450,4173350,45731,254,2239078,0,0,0,0,0.0,0,0,0,0,0,0,0,0,0,0,0.0,0,0.0,0.007840084102835855,12.301783561706543,0.7833866209215234,4.567763328552246,0,0,0,0
942,80651,76,pair_014_n3_014_control,control,1,0,0,12.500000000000002,0.16558333333333333,983906,4177758,45787,254,2241693,0,0,0,0,0.0,0,0,0,0,0,0,0,0,0,0,0.0,0,0.0,0.007834798794297267,12.301783561706543,0.78303675268731,4.567763328552246,0,0,0,0
943,80724,73,pair_004_n3_004_conflict,conflict,1,0,0,12.530000000000001,0.16546166666666665,984344,4181992,45827,254,2244281,0,0,0,0,0.0,0,0,0,0,0,0,0,0,0,0,0.0,0,0.0,0.007829272892037505,12.301783561706543,0.7828706021037948,4.567763328552246,0,0,0,0
944,80807,83,pair_013_n3_013_control,control,1,0,0,12.430000000000001,0.16532333333333332,984842,4186806,45892,254,2247247,0,0,0,0,0.0,0,0,0,0,0,0,0,0,0,0,0.0,0,0.0,0.007822642939185241,12.301783561706543,0.7827157022670227,4.567763328552246,0,0,0,0
945,80882,75,pair_007_n3_007_control,control,1,0,0,12.510000000000002,0.16519833333333334,985292,4191156,45950,254,2249912,0,0,0,0,0.0,0,0,0,0,0,0,0,0,0,0,0.0,0,0.0,0.007816957618220478,12.301783561706543,0.7824125016081304,4.567763328552246,0,0,0,0
946,80957,75,pair_008_n3_008_control,control,1,0,0,12.510000000000002,0.16507333333333332,985742,4195506,45986,254,2252591,0,0,0,0,0.0,0,0,0,0,0,0,0,0,0,0,0.0,0,0.0,0.007810980149124145,12.301783561706543,0.7820964694929273,4.567763328552246,0,0,0,0
947,81033,76,pair_014_n3_014_conflict,conflict,1,0,0,12.500000000000002,0.16494666666666666,986198,4199914,46023,254,2255292,0,0,0,0,0.0,0,0,0,0,0,0,0,0,0,0,0.0,0,0.0,0.007805117067215343,12.301783561706543,0.7818544012333516,4.567763328552246,0,0,0,0
948,81035,2,pair_006_n5_006_control,control,0,1,0,-0.96,0.16494333333333333,986210,4200030,46025,254,2255357,0,0,0,0,0.0,0,0,0,0,0,0,0,0,0,0,0.0,0,0.0,0.007804941520752198,12.301783561706543,0.7818432227315402,4.567763328552246,0,0,0,0
949,81113,78,pair_003_n5_003_control,control,1,0,0,12.480000000000002,0.1648133333333333,986678,4204554,46064,254,2258082,0,0,0,0,0.0,0,0,0,0,0,0,0,0,0,0,0.0,0,0.0,0.007798654939424536,12.301783561706543,0.7815680987560242,4.567763328552246,0,0,0,0
950,81202,89,pair_003_n3_003_conflict,conflict,1,0,0,12.370000000000001,0.16466499999999998,987212,4209716,46107,254,2261169,0,0,0,0,0.0,0,0,0,0,0,0,0,0,0,0,0.0,0,0.0,0.00779146265085016,12.301783561706543,0.7812825158185286,4.567763328552246,0,0,0,0
951,81292,90,pair_012_n3_012_conflict,conflict,1,0,0,12.360000000000001,0.164515,987752,4214936,46160,254,2264278,0,0,0,0,0.0,0,0,0,0,0,0,0,0,0,0,0.0,0,0.0,0.0077842938054242215,12.301783561706543,0.7809571439777647,4.567763328552246,0,0,0,0
952,81363,71,pair_005_n5_005_conflict,conflict,1,0,0,12.55,0.16439666666666666,988178,4219054,46203,255,2266767,0,0,0,0,0.0,0,0,0,0,0,0,0,0,0,0,0.0,0,0.0,0.007778582144701692,12.301783561706543,0.7807185259207858,4.567763328552246,0,0,0,0
953,81457,94,pair_012_n5_012_conflict,conflict,1,0,0,12.320000000000002,0.16424,988742,4224506,46264,255,2270082,0,0,0,0,0.0,0,0,0,0,0,0,0,0,0,0,0.0,0,0.0,0.007771694283609169,12.301783561706543,0.7806914186549133,4.567763328552246,0,0,0,0
954,81543,86,pair_006_n3_006_control,control,1,0,0,12.400000000000002,0.16409666666666667,989258,4229494,46303,255,2273114,0,0,0,0,0.0,0,0,0,0,0,0,0,0,0,0,0.0,0,0.0,0.007765660806730372,12.301783561706543,0.7806550219688662,4.567763328552246,0,0,0,0
955,81623,80,pair_017_n3_017_control,control,1,0,0,12.46,0.16396333333333332,989738,4234134,46349,255,2275967,0,0,0,0,0.0,0,0,0,0,0,0,0,0,0,0,0.0,0,0.0,0.007759963286276858,12.301783561706543,0.7806002762168053,4.567763328552246,0,0,0,0
956,81708,85,pair_013_n5_013_control,control,1,0,0,12.410000000000002,0.16382166666666664,990248,4239064,46406,255,2278993,0,0,0,0,0.0,0,0,0,0,0,0,0,0,0,0,0.0,0,0.0,0.007753282968728499,12.301783561706543,0.7804015294394802,4.567763328552246,0,0,0,0
957,81784,76,pair_010_n5_010_control,control,1,0,0,12.500000000000002,0.16369499999999998,990704,4243472,46452,255,2281669,0,0,0,0,0.0,0,0,0,0,0,0,0,0,0,0,0.0,0,0.0,0.007747103083560278,12.301783561706543,0.7800301270446739,4.567763328552246,0,0,0,0
958,81786,2,pair_015_n3_015_conflict,conflict,0,1,0,-0.96,0.16369166666666665,990716,4243588,46454,255,2281730,0,0,0,0,0.0,0,0,0,0,0,0,0,0,0,0,0.0,0,0.0,0.007746939811037921,12.301783561706543,0.7800193547159346,4.567763328552246,0,0,0,0
959,81866,80,pair_002_n5_002_control,control,1,0,0,12.46,0.16355833333333333,991196,4248228,46491,255,2284549,0,0,0,0,0.0,0,0,0,0,0,0,0,0,0,0,0.0,0,0.0,0.007740734404995144,12.301783561706543,0.7798379934010744,4.567763328552246,0,0,0,0
960,81944,78,pair_001_n5_001_conflict,conflict,1,0,0,12.480000000000002,0.16342833333333331,991664,4252752,46543,255,2287329,0,0,0,0,0.0,0,0,0,0,0,0,0,0,0,0,0.0,0,0.0,0.007734596841735014,12.301783561706543,0.7795375744439589,4.567763328552246,0,0,0,0
961,82020,76,pair_009_n5_009_conflict,conflict,1,0,0,12.500000000000002,0.16330166666666665,992120,4257160,46611,255,2290077,0,0,0,0,0.0,0,0,0,0,0,0,0,0,0,0,0.0,0,0.0,0.007728839869970537,12.301783561706543,0.7794229585747331,4.567763328552246,0,0,0,0
962,82104,84,pair_011_n3_011_conflict,conflict,1,0,0,12.420000000000002,0.16316166666666665,992624,4262032,46650,256,2293124,0,0,0,0,0.0,0,0,0,0,0,0,0,0,0,0,0.0,0,0.0,0.0077223931487831856,12.301783561706543,0.7793832815522304,4.567763328552246,0,0,0,0
963,82106,2,pair_009_n3_009_control,control,0,1,0,-0.96,0.16315833333333332,992636,4262148,46652,256,2293190,0,0,0,0,0.0,0,0,0,0,0,0,0,0,0,0,0.0,0,0.0,0.00772226804290703,12.301783561706543,0.7793856397031321,4.567763328552246,0,0,0,0
964,82183,77,pair_004_n3_004_control,control,1,0,0,12.490000000000002,0.16302999999999998,993098,4266614,46703,256,2295985,0,0,0,0,0.0,0,0,0,0,0,0,0,0,0,0,0.0,0,0.0,0.007716573930165415,12.301783561706543,0.7791726463006365,4.567763328552246,0,0,0,0
965,82256,73,pair_011_n5_011_control,control,1,0,0,12.530000000000001,0.16290833333333332,993536,4270848,46748,256,2298538,0,0,0,0,0.0,0,0,0,0,0,0,0,0,0,0,0.0,0,0.0,0.0077113894799366815,12.301783561706543,0.7790536374005673,4.567763328552246,0,0,0,0
966,82338,82,pair_011_n5_011_conflict,conflict,1,0,0,12.440000000000001,0.16277166666666665,994028,4275604,46790,256,2301546,0,0,0,0,0.0,0,0,0,0,0,0,0,0,0,0,0.0,0,0.0,0.007705207382183334,12.301783561706543,0.7786841271835384,4.567763328552246,0,0,0,0
967,82417,79,pair_008_n3_008_conflict,conflict,1,0,0,12.470000000000002,0.16263999999999998,994502,4280186,46835,256,2304438,0,0,0,0,0.0,0,0,0,0,0,0,0,0,0,0,0.0,0,0.0,0.007698913564772947,12.301783561706543,0.7783872365692268,4.567763328552246,0,0,0,0
968,82504,87,pair_016_n3_016_conflict,conflict,1,0,0,12.39,0.162495,995024,4285232,46898,256,2307570,0,0,0,0,0.0,0,0,0,0,0,0,0,0,0,0,0.0,0,0.0,0.007692332110477949,12.301783561706543,0.7782317073504607,4.567763328552246,0,0,0,0
969,82590,86,pair_014_n5_014_control,control,1,0,0,12.400000000000002,0.16235166666666664,995540,4290220,46968,256,2310733,0,0,0,0,0.0,0,0,0,0,0,0,0,0,0,0,0.0,0,0.0,0.007685693330142219,12.301783561706543,0.7779897332662823,4.567763328552246,0,0,0,0
970,82665,75,pair_017_n5_017_conflict,conflict,1,0,0,12.510000000000002,0.16222666666666666,995990,4294570,47023,256,2313528,0,0,0,0,0.0,0,0,0,0,0,0,0,0,0,0,0.0,0,0.0,0.007679972007404865,12.301783561706543,0.7777547765765419,4.567763328552246,0,0,0,0
971,82748,83,pair_006_n5_006_conflict,conflict,1,0,0,12.430000000000001,0.16208833333333333,996488,4299384,47105,258,2316634,0,0,0,0,0.0,0,0,0,0,0,0,0,0,0,0,0.0,0,0.0,0.007673710744757821,12.301783561706543,0.7775641730207019,4.567763328552246,0,0,0,0
972,82751,3,pair_016_n3_016_control,control,0,1,0,-0.97,0.16208333333333333,996506,4299558,47108,258,2316757,0,0,0,0,0.0,0,0,0,0,0,0,0,0,0,0,0.0,0,0.0,0.007673468382766551,12.301783561706543,0.7775529127002264,4.567763328552246,0,0,0,0
973,82832,81,pair_010_n3_010_conflict,conflict,1,0,0,12.450000000000001,0.16194833333333333,996992,4304256,47157,258,2319693,0,0,0,0,0.0,0,0,0,0,0,0,0,0,0,0,0.0,0,0.0,0.007667468789375306,12.301783561706543,0.7773317780936817,4.567763328552246,0,0,0,0
974,82911,79,pair_005_n3_005_control,control,1,0,0,12.470000000000002,0.16181666666666666,997466,4308838,47200,258,2322620,0,0,0,0,0.0,0,0,0,0,0,0,0,0,0,0,0.0,0,0.0,0.007661166274047002,12.301783561706543,0.7769082844158012,4.567763328552246,0,0,0,0
975,82994,83,pair_012_n3_012_control,control,1,0,0,12.430000000000001,0.1616783333333333,997964,4313652,47243,260,2325733,0,0,0,0,0.0,0,0,0,0,0,0,0,0,0,0,0.0,0,0.0,0.007654761762943188,12.301783561706543,0.7765185200501832,4.567763328552246,0,0,0,0
976,83078,84,pair_002_n5_002_conflict,conflict,1,0,0,12.420000000000002,0.1615383333333333,998468,4318524,47291,262,2328829,0,0,0,0,0.0,0,0,0,0,0,0,0,0,0,0,0.0,0,0.0,0.0076482298696538215,12.301783561706543,0.7761325143392572,4.567763328552246,0,0,0,0
977,83159,81,pair_004_n5_004_control,control,1,0,0,12.450000000000003,0.16140333333333332,998954,4323222,47336,262,2331777,0,0,0,0,0.0,0,0,0,0,0,0,0,0,0,0,0.0,0,0.0,0.007642295019544553,12.301783561706543,0.7759598298064049,4.567763328552246,0,0,0,0
978,83163,4,pair_007_n3_007_conflict,conflict,0,1,0,-0.98,0.16139666666666666,998978,4323454,47340,262,2331924,0,0,0,0,0.0,0,0,0,0,0,0,0,0,0,0,0.0,0,0.0,0.007641977223063682,12.301783561706543,0.7759616498310846,4.567763328552246,0,0,0,0
979,83242,79,pair_015_n3_015_control,control,1,0,0,12.470000000000002,0.161265,999452,4328036,47385,263,2334832,0,0,0,0,0.0,0,0,0,0,0,0,0,0,0,0,0.0,0,0.0,0.007635775468653135,12.301783561706543,0.7757105439181194,4.567763328552246,0,0,0,0
980,83329,87,pair_009_n5_009_control,control,1,0,0,12.39,0.16111999999999999,999974,4333082,47469,263,2338002,0,0,0,0,0.0,0,0,0,0,0,0,0,0,0,0,0.0,0,0.0,0.0076293705509924425,12.301783561706543,0.775368902325574,4.567763328552246,0,0,0,0
981,83410,81,pair_002_n3_002_conflict,conflict,1,0,0,12.450000000000003,0.160985,1000460,4337780,47513,263,2340978,0,0,0,0,0.0,0,0,0,0,0,0,0,0,0,0,0.0,0,0.0,0.0076236591776149675,12.301783561706543,0.7753720738194252,4.567763328552246,0,0,0,0
982,83493,83,pair_003_n5_003_conflict,conflict,1,0,0,12.430000000000001,0.16084666666666667,1000958,4342594,47560,263,2343994,0,0,0,0,0.0,0,0,0,0,0,0,0,0,0,0,0.0,0,0.0,0.0076179736410375365,12.301783561706543,0.7751692575238085,4.567763328552246,0,0,0,0
983,83576,83,pair_017_n5_017_control,control,1,0,0,12.430000000000001,0.16070833333333331,1001456,4347408,47628,265,2347049,0,0,0,0,0.0,0,0,0,0,0,0,0,0,0,0,0.0,0,0.0,0.007611884610920137,12.301783561706543,0.7748904476532678,4.567763328552246,0,0,0,0
984,83649,73,pair_004_n5_004_conflict,conflict,1,0,0,12.530000000000001,0.16058666666666666,1001894,4351642,47685,265,2349731,0,0,0,0,0.0,0,0,0,0,0,0,0,0,0,0,0.0,0,0.0,0.007606616805133045,12.301783561706543,0.7747172103395428,4.567763328552246,0,0,0,0
985,83719,70,pair_000_n5_000_conflict,conflict,1,0,0,12.560000000000002,0.16047,1002314,4355702,47734,265,2352230,0,0,0,0,0.0,0,0,0,0,0,0,0,0,0,0,0.0,0,0.0,0.0076013854405247066,12.301783561706543,0.7744912719339683,4.567763328552246,0,0,0,0
986,83786,67,pair_005_n5_005_control,control,0,1,0,1.1900000000000013,0.16035833333333332,1002716,4359588,47765,265,2354648,0,0,0,0,0.0,0,0,0,0,0,0,0,0,0,0,0.0,0,0.0,0.00759632293665978,12.301783561706543,0.7742112114578855,4.567763328552246,0,0,0,0
987,83859,73,pair_000_n3_000_control,control,1,0,0,12.530000000000001,0.16023666666666667,1003154,4363822,47793,265,2357287,0,0,0,0,0.0,0,0,0,0,0,0,0,0,0,0,0.0,0,0.0,0.007590944730579567,12.301783561706543,0.7739691682022899,4.567763328552246,0,0,0,0
988,83940,81,pair_011_n3_011_control,control,0,1,0,1.2000000000000015,0.16010166666666664,1003640,4368520,47831,265,2360149,0,0,0,0,0.0,0,0,0,0,0,0,0,0,0,0,0.0,0,0.0,0.007586752554887658,12.301783561706543,0.7739077895683141,4.567763328552246,0,0,0,0
989,84019,79,pair_005_n3_005_conflict,conflict,0,1,0,1.3700000000000014,0.15997,1004114,4373102,47872,265,2363045,0,0,0,0,0.0,0,0,0,0,0,0,0,0,0,0,0.0,0,0.0,0.007580582632737157,12.301783561706543,0.7735286363628963,4.567763328552246,0,0,0,0
990,84103,84,pair_008_n5_008_conflict,conflict,1,0,0,12.420000000000002,0.15983,1004618,4377974,47936,265,2366012,0,0,0,0,0.0,0,0,0,0,0,0,0,0,0,0,0.0,0,0.0,0.007576686596216501,12.301783561706543,0.7733391603539129,4.567763328552246,0,0,0,0
991,84174,71,pair_013_n5_013_conflict,conflict,0,1,0,0.850000000000001,0.15971166666666667,1005044,4382092,47992,268,2368568,0,0,0,0,0.0,0,0,0,0,0,0,0,0,0,0,0.0,0,0.0,0.007572939769036787,12.301783561706543,0.7731509517521715,4.567763328552246,0,0,0,0
992,84249,75,pair_006_n3_006_conflict,conflict,1,0,0,12.510000000000002,0.15958666666666665,1005494,4386442,48032,268,2371266,0,0,0,0,0.0,0,0,0,0,0,0,0,0,0,0,0.0,0,0.0,0.007573131586033071,12.301783561706543,0.7732405955059837,4.567763328552246,0,0,0,0
993,84338,89,pair_007_n5_007_control,control,1,0,0,12.370000000000001,0.15943833333333332,1006028,4391604,48116,268,2374465,0,0,0,0,0.0,0,0,0,0,0,0,0,0,0,0,0.0,0,0.0,0.00756859190941854,12.301783561706543,0.7732046221286027,4.567763328552246,0,0,0,0
994,84369,31,pair_010_n3_010_control,control,0,1,0,-0.09999999999999976,0.15938666666666665,1006214,4393402,48134,271,2375602,0,0,0,0,0.0,0,0,0,0,0,0,0,0,0,0,0.0,0,0.0,0.007568549066761321,12.301783561706543,0.7730835092550956,4.567763328552246,0,0,0,0
995,84452,83,pair_014_n5_014_conflict,conflict,1,0,0,12.430000000000001,0.15924833333333333,1006712,4398216,48208,271,2378630,0,0,0,0,0.0,0,0,0,0,0,0,0,0,0,0,0.0,0,0.0,0.0075623204103930685,12.301783561706543,0.7727257436000127,4.567763328552246,0,0,0,0
996,84533,81,pair_013_n3_013_conflict,conflict,1,0,0,12.450000000000001,0.15911333333333333,1007198,4402914,48270,271,2381577,0,0,0,0,0.0,0,0,0,0,0,0,0,0,0,0,0.0,0,0.0,0.007561852522347106,12.301783561706543,0.772598803854721,4.567763328552246,0,0,0,0
997,84613,80,pair_002_n3_002_control,control,1,0,0,12.46,0.15897999999999998,1007678,4407554,48307,271,2384551,0,0,0,0,0.0,0,0,0,0,0,0,0,0,0,0,0.0,0,0.0,0.0075606729168025254,12.301783561706543,0.772384901549169,4.567763328552246,0,0,0,0
998,84701,88,pair_000_n5_000_control,control,1,0,0,12.380000000000003,0.15883333333333333,1008206,4412658,48376,273,2387740,0,0,0,0,0.0,0,0,0,0,0,0,0,0,0,0,0.0,0,0.0,0.007559387333435096,12.301783561706543,0.7721706899180631,4.567763328552246,0,0,0,0
999,84778,77,pair_015_n5_015_control,control,1,0,0,12.490000000000002,0.15870499999999998,1008668,4417124,48445,273,2390554,0,0,0,0,0.0,0,0,0,0,0,0,0,0,0,0,0.0,0,0.0,0.0075577196064700695,12.301783561706543,0.7721440752517306,4.567763328552246,0,0,0,0
1000,84855,77,pair_016_n5_016_conflict,conflict,1,0,0,12.490000000000002,0.15857666666666664,1009130,4421590,48518,273,2393402,0,0,0,0,0.0,0,0,0,0,0,0,0,0,0,0,0.0,0,0.0,0.007557360990520645,12.301783561706543,0.7719433599773595,4.567763328552246,0,0,0,0
1001,84922,67,pair_001_n3_001_conflict,conflict,0,1,0,1.5400000000000014,0.158465,1009532,4425476,48558,273,2395854,0,0,0,0,0.0,0,0,0,0,0,0,0,0,0,0,0.0,0,0.0,0.007554443577359452,12.301783561706543,0.7719605789345672,4.567763328552246,0,0,0,0
1002,85012,90,pair_016_n5_016_control,control,1,0,0,12.360000000000001,0.15831499999999998,1010072,4430696,48621,274,2399169,0,0,0,0,0.0,0,0,0,0,0,0,0,0,0,0,0.0,0,0.0,0.0075543393398191305,12.301783561706543,0.7721474880485568,4.567763328552246,0,0,0,0
1003,85075,63,pair_001_n5_001_control,control,0,1,0,1.3300000000000014,0.15821,1010450,4434350,48669,274,2401483,0,0,0,0,0.0,0,0,0,0,0,0,0,0,0,0,0.0,0,0.0,0.007553122828352714,12.301783561706543,0.7720135960151019,4.567763328552246,0,0,0,0
1004,85155,80,pair_007_n5_007_conflict,conflict,1,0,0,12.46,0.15807666666666664,1010930,4438990,48704,274,2404450,0,0,0,0,0.0,0,0,0,0,0,0,0,0,0,0,0.0,0,0.0,0.007553932119447155,12.301783561706543,0.7720235238337004,4.567763328552246,0,0,0,0
1005,85241,86,pair_017_n3_017_conflict,conflict,1,0,0,12.400000000000002,0.15793333333333331,1011446,4443978,48758,274,2407602,0,0,0,0,0.0,0,0,0,0,0,0,0,0,0,0,0.0,0,0.0,0.0075485420841154,12.301783561706543,0.7717933223693187,4.567763328552246,0,0,0,0
1006,85329,88,pair_015_n5_015_conflict,conflict,1,0,0,12.38,0.15778666666666666,1011974,4449082,48836,275,2410848,0,0,0,0,0.0,0,0,0,0,0,0,0,0,0,0,0.0,0,0.0,0.007544956068102803,12.301783561706543,0.7717471091223707,4.567763328552246,0,0,0,0
1007,85411,82,pair_001_n3_001_control,control,1,0,0,12.440000000000001,0.15764999999999998,1012466,4453838,48865,275,2413814,0,0,0,0,0.0,0,0,0,0,0,0,0,0,0,0,0.0,0,0.0,0.0075423200979815004,12.301783561706543,0.7716877320183483,4.567763328552246,0,0,0,0
1008,85511,100,pair_013_n3_013_control,control,1,0,0,12.260000000000002,0.1574833333333333,1013066,4459638,48947,275,2417530,0,0,0,0,0.0,0,0,0,0,0,0,0,0,0,0,0.0,0,0.0,0.007537303673397247,12.301783561706543,0.7714973281543965,4.567763328552246,0,0,0,0
1009,85602,91,pair_015_n5_015_conflict,conflict,1,0,0,12.350000000000001,0.15733166666666665,1013612,4464916,49008,275,2420870,0,0,0,0,0.0,0,0,0,0,0,0,0,0,0,0,0.0,0,0.0,0.0075315965032189385,12.301783561706543,0.7711166752793158,4.567763328552246,0,0,0,0
1010,85676,74,pair_006_n5_006_control,control,1,0,0,12.520000000000001,0.1572083333333333,1014056,4469208,49068,276,2423573,0,0,0,0,0.0,0,0,0,0,0,0,0,0,0,0,0.0,0,0.0,0.007530388608572184,12.301783561706543,0.7709689586912457,4.567763328552246,0,0,0,0
1011,85757,81,pair_007_n3_007_conflict,conflict,1,0,0,12.450000000000001,0.15707333333333331,1014542,4473906,49122,277,2426611,0,0,0,0,0.0,0,0,0,0,0,0,0,0,0,0,0.0,0,0.0,0.007525409765973887,12.301783561706543,0.7707603225964481,4.567763328552246,0,0,0,0
1012,85834,77,pair_012_n5_012_conflict,conflict,1,0,0,12.490000000000002,0.156945,1015004,4478372,49182,277,2429507,0,0,0,0,0.0,0,0,0,0,0,0,0,0,0,0,0.0,0,0.0,0.0075263254013398714,12.301783561706543,0.7705748604195778,4.567763328552246,0,0,0,0
1013,85917,83,pair_002_n3_002_control,control,0,1,0,1.280000000000002,0.15680666666666665,1015502,4483186,49231,279,2432539,0,0,0,0,0.0,0,0,0,0,0,0,0,0,0,0,0.0,0,0.0,0.007523581249346963,12.301783561706543,0.7705046944801055,4.567763328552246,0,0,0,0
1014,86006,89,pair_009_n5_009_conflict,conflict,1,0,0,12.370000000000001,0.15665833333333332,1016036,4488348,49271,279,2435874,0,0,0,0,0.0,0,0,0,0,0,0,0,0,0,0,0.0,0,0.0,0.007521232593737505,12.301783561706543,0.7707015151306154,4.567763328552246,0,0,0,0
1015,86082,76,pair_006_n5_006_conflict,conflict,1,0,0,12.500000000000002,0.15653166666666665,1016492,4492756,49332,279,2438672,0,0,0,0,0.0,0,0,0,0,0,0,0,0,0,0,0.0,0,0.0,0.00751804945054434,12.301783561706543,0.7706197167627649,4.567763328552246,0,0,0,0
1016,86162,80,pair_011_n3_011_conflict,conflict,0,1,0,1.2100000000000013,0.15639833333333333,1016972,4497396,49377,280,2441701,0,0,0,0,0.0,0,0,0,0,0,0,0,0,0,0,0.0,0,0.0,0.0075141192169530064,12.301783561706543,0.7705067455045163,4.567763328552246,0,0,0,0
1017,86233,71,pair_017_n5_017_conflict,conflict,1,0,0,12.55,0.15628,1017398,4501514,49418,280,2444315,0,0,0,0,0.0,0,0,0,0,0,0,0,0,0,0,0.0,0,0.0,0.007511377208766636,12.301783561706543,0.7703626313558509,4.567763328552246,0,0,0,0
1018,86308,75,pair_007_n3_007_control,control,1,0,0,12.510000000000002,0.156155,1017848,4505864,49476,280,2447113,0,0,0,0,0.0,0,0,0,0,0,0,0,0,0,0,0.0,0,0.0,0.007506646343568322,12.301783561706543,0.7701440174331565,4.567763328552246,0,0,0,0
1019,86387,79,pair_004_n3_004_conflict,conflict,1,0,0,12.470000000000002,0.15602333333333332,1018322,4510446,49514,280,2450061,0,0,0,0,0.0,0,0,0,0,0,0,0,0,0,0,0.0,0,0.0,0.007503286951239709,12.301783561706543,0.7699197975756227,4.567763328552246,0,0,0,0
1020,86465,78,pair_009_n3_009_conflict,conflict,1,0,0,12.48,0.15589333333333333,1018790,4514970,49567,281,2452987,0,0,0,0,0.0,0,0,0,0,0,0,0,0,0,0,0.0,0,0.0,0.007498750667856447,12.301783561706543,0.7697617589544169,4.567763328552246,0,0,0,0
1021,86541,76,pair_015_n3_015_conflict,conflict,1,0,0,12.500000000000002,0.15576666666666666,1019246,4519378,49613,283,2455826,0,0,0,0,0.0,0,0,0,0,0,0,0,0,0,0,0.0,0,0.0,0.007496853755397439,12.301783561706543,0.7694277007701112,4.567763328552246,0,0,0,0
1022,86629,88,pair_016_n5_016_control,control,1,0,0,12.38,0.15561999999999998,1019774,4524482,49682,283,2459124,0,0,0,0,0.0,0,0,0,0,0,0,0,0,0,0,0.0,0,0.0,0.007492137584864712,12.301783561706543,0.7693700689788592,4.567763328552246,0,0,0,0
1023,86701,72,pair_017_n3_017_control,control,1,0,0,12.540000000000003,0.1555,1020206,4528658,49717,284,2461728,0,0,0,0,0.0,0,0,0,0,0,0,0,0,0,0,0.0,0,0.0,0.007488401180330052,12.301783561706543,0.7694268081652978,4.567763328552246,0,0,0,0
1024,86783,82,pair_010_n3_010_control,control,1,0,0,12.440000000000001,0.15536333333333333,1020698,4533414,49765,284,2464771,0,0,0,0,0.0,0,0,0,0,0,0,0,0,0,0,0.0,0,0.0,0.007485703898777043,12.301783561706543,0.7695797421135164,4.567763328552246,0,0,0,0
1025,86857,74,pair_014_n3_014_control,control,1,0,0,12.520000000000001,0.15524,1021142,4537706,49791,284,2467514,0,0,0,0,0.0,0,0,0,0,0,0,0,0,0,0,0.0,0,0.0,0.007481197516770544,12.301783561706543,0.7695734200780338,4.567763328552246,0,0,0,0
1026,86942,85,pair_011_n3_011_control,control,1,0,0,12.410000000000002,0.1550983333333333,1021652,4542636,49849,284,2470733,0,0,0,0,0.0,0,0,0,0,0,0,0,0,0,0,0.0,0,0.0,0.007477885646089401,12.301783561706543,0.7695914258456853,4.567763328552246,0,0,0,0
1027,87029,87,pair_011_n5_011_conflict,conflict,1,0,0,12.39,0.15495333333333333,1022174,4547682,49914,285,2473965,0,0,0,0,0.0,0,0,0,0,0,0,0,0,0,0,0.0,0,0.0,0.007474250006170966,12.301783561706543,0.7693666033823903,4.567763328552246,0,0,0,0
1028,87033,4,pair_005_n3_005_conflict,conflict,0,1,0,-0.9299999999999999,0.15494666666666665,1022198,4547914,49918,285,2474117,0,0,0,0,0.0,0,0,0,0,0,0,0,0,0,0,0.0,0,0.0,0.007474031832179667,12.301783561706543,0.7693465598958357,4.567763328552246,0,0,0,0
1029,87113,80,pair_005_n3_005_control,control,1,0,0,12.46,0.15481333333333333,1022678,4552554,49957,285,2477075,0,0,0,0,0.0,0,0,0,0,0,0,0,0,0,0,0.0,0,0.0,0.0074695746939882415,12.301783561706543,0.7691668134318723,4.567763328552246,0,0,0,0
1030,87185,72,pair_006_n3_006_control,control,1,0,0,12.540000000000001,0.15469333333333332,1023110,4556730,49991,285,2479734,0,0,0,0,0.0,0,0,0,0,0,0,0,0,0,0,0.0,0,0.0,0.007465820689281224,12.301783561706543,0.7691282574772534,4.567763328552246,0,0,0,0
1031,87259,74,pair_010_n3_010_conflict,conflict,1,0,0,12.520000000000001,0.15456999999999999,1023554,4561022,50033,286,2482440,0,0,0,0,0.0,0,0,0,0,0,0,0,0,0,0,0.0,0,0.0,0.007461525938305158,12.301783561706543,0.7688766266083716,4.567763328552246,0,0,0,0
1032,87336,77,pair_012_n3_012_conflict,conflict,1,0,0,12.490000000000002,0.15444166666666664,1024016,4565488,50069,286,2485315,0,0,0,0,0.0,0,0,0,0,0,0,0,0,0,0,0.0,0,0.0,0.007457052652442872,12.301783561706543,0.7688254010947205,4.567763328552246,0,0,0,0
1033,87417,81,pair_015_n3_015_control,control,1,0,0,12.450000000000001,0.15430666666666665,1024502,4570186,50103,286,2488283,0,0,0,0,0.0,0,0,0,0,0,0,0,0,0,0,0.0,0,0.0,0.00745330895441232,12.301783561706543,0.7689718371908453,4.567763328552246,0,0,0,0
1034,87489,72,pair_004_n5_004_control,control,1,0,0,12.540000000000001,0.15418666666666667,1024934,4574362,50132,286,2490856,0,0,0,0,0.0,0,0,0,0,0,0,0,0,0,0,0.0,0,0.0,0.007448711816032368,12.301783561706543,0.7688561297634119,4.567763328552246,0,0,0,0
1035,87571,82,pair_013_n3_013_conflict,conflict,1,0,0,12.440000000000001,0.15405,1025426,4579118,50189,286,2493893,0,0,0,0,0.0,0,0,0,0,0,0,0,0,0,0,0.0,0,0.0,0.007443913163854962,12.301783561706543,0.7685169282738213,4.567763328552246,0,0,0,0
1036,87660,89,pair_004_n5_004_conflict,conflict,1,0,0,12.370000000000003,0.15390166666666666,1025960,4584280,50231,290,2497157,0,0,0,0,0.0,0,0,0,0,0,0,0,0,0,0,0.0,0,0.0,0.007438463871559409,12.301783561706543,0.7684193596015649,4.567763328552246,0,0,0,0
1037,87734,74,pair_016_n3_016_conflict,conflict,1,0,0,12.520000000000001,0.15377833333333332,1026404,4588572,50272,290,2499852,0,0,0,0,0.0,0,0,0,0,0,0,0,0,0,0,0.0,0,0.0,0.007433729774777019,12.301783561706543,0.7681446283545581,4.567763328552246,0,0,0,0
1038,87814,80,pair_003_n3_003_control,control,1,0,0,12.46,0.15364499999999998,1026884,4593212,50323,290,2502770,0,0,0,0,0.0,0,0,0,0,0,0,0,0,0,0,0.0,0,0.0,0.0074289604011034535,12.301783561706543,0.7679916663757104,4.567763328552246,0,0,0,0
1039,87894,80,pair_000_n3_000_conflict,conflict,1,0,0,12.46,0.15351166666666666,1027364,4597852,50367,290,2505685,0,0,0,0,0.0,0,0,0,0,0,0,0,0,0,0,0.0,0,0.0,0.007424255691339549,12.301783561706543,0.767839427182988,4.567763328552246,0,0,0,0
1040,87980,86,pair_005_n5_005_conflict,conflict,0,1,0,0.850000000000001,0.15336833333333333,1027880,4602840,50427,290,2508803,0,0,0,0,0.0,0,0,0,0,0,0,0,0,0,0,0.0,0,0.0,0.00741920009355612,12.301783561706543,0.7678382362373076,4.567763328552246,0,0,0,0
1041,88062,82,pair_003_n5_003_control,control,1,0,0,12.440000000000001,0.15323166666666665,1028372,4607596,50465,290,2511831,0,0,0,0,0.0,0,0,0,0,0,0,0,0,0,0,0.0,0,0.0,0.0074163202082533726,12.301783561706543,0.7676258664070563,4.567763328552246,0,0,0,0
1042,88142,80,pair_000_n5_000_conflict,conflict,1,0,0,12.46,0.1530983333333333,1028852,4612236,50521,290,2514742,0,0,0,0,0.0,0,0,0,0,0,0,0,0,0,0,0.0,0,0.0,0.007412671810604274,12.301783561706543,0.767657607404762,4.567763328552246,0,0,0,0
1043,88226,84,pair_001_n5_001_conflict,conflict,1,0,0,12.420000000000002,0.15295833333333334,1029356,4617108,50585,290,2517788,0,0,0,0,0.0,0,0,0,0,0,0,0,0,0,0,0.0,0,0.0,0.00740943192887767,12.301783561706543,0.7675989905641949,4.567763328552246,0,0,0,0
1044,88299,73,pair_009_n3_009_control,control,1,0,0,12.530000000000001,0.15283666666666665,1029794,4621342,50621,290,2520426,0,0,0,0,0.0,0,0,0,0,0,0,0,0,0,0,0.0,0,0.0,0.007405155721615291,12.301783561706543,0.7674610381772463,4.567763328552246,0,0,0,0
1045,88368,69,pair_004_n3_004_control,control,0,1,0,1.3200000000000016,0.15272166666666664,1030208,4625344,50637,290,2522991,0,0,0,0,0.0,0,0,0,0,0,0,0,0,0,0,0.0,0,0.0,0.0074024484690425815,12.301783561706543,0.7672736739245533,4.567763328552246,0,0,0,0
1046,88450,82,pair_015_n5_015_control,control,1,0,0,12.440000000000001,0.152585,1030700,4630100,50698,291,2525942,0,0,0,0,0.0,0,0,0,0,0,0,0,0,0,0,0.0,0,0.0,0.007398741770683744,12.301783561706543,0.7671004929710674,4.567763328552246,0,0,0,0
1047,88536,86,pair_016_n5_016_conflict,conflict,1,0,0,12.400000000000002,0.15244166666666664,1031216,4635088,50768,291,2529137,0,0,0,0,0.0,0,0,0,0,0,0,0,0,0,0,0.0,0,0.0,0.007394025731766948,12.301783561706543,0.7669306575096224,4.567763328552246,0,0,0,0
1048,88607,71,pair_014_n5_014_control,control,1,0,0,12.55,0.1523233333333333,1031642,4639206,50814,291,2531762,0,0,0,0,0.0,0,0,0,0,0,0,0,0,0,0,0.0,0,0.0,0.0073900419016309365,12.301783561706543,0.7668128423039192,4.567763328552246,0,0,0,0
1049,88691,84,pair_010_n5_010_conflict,conflict,1,0,0,12.420000000000002,0.1521833333333333,1032146,4644078,50887,291,2534838,0,0,0,0,0.0,0,0,0,0,0,0,0,0,0,0,0.0,0,0.0,0.007386048900873876,12.301783561706543,0.766700189437373,4.567763328552246,0,0,0,0
1050,88772,81,pair_008_n3_008_control,control,1,0,0,12.450000000000001,0.1520483333333333,1032632,4648776,50937,291,2537762,0,0,0,0,0.0,0,0,0,0,0,0,0,0,0,0,0.0,0,0.0,0.007381179665971443,12.301783561706543,0.7666518940500812,4.567763328552246,0,0,0,0
1051,88848,76,pair_013_n5_013_conflict,conflict,1,0,0,12.500000000000002,0.15192166666666665,1033088,4653184,51000,291,2540562,0,0,0,0,0.0,0,0,0,0,0,0,0,0,0,0,0.0,0,0.0,0.007377170787617865,12.301783561706543,0.7665464312124356,4.567763328552246,0,0,0,0
1052,88919,71,pair_008_n5_008_control,control,1,0,0,12.55,0.15180333333333332,1033514,4657302,51030,291,2543162,0,0,0,0,0.0,0,0,0,0,0,0,0,0,0,0,0.0,0,0.0,0.0073735138134024625,12.301783561706543,0.7664440166420552,4.567763328552246,0,0,0,0
1053,88994,75,pair_001_n5_001_control,control,1,0,0,12.510000000000002,0.15167833333333333,1033964,4661652,51075,291,2545905,0,0,0,0,0.0,0,0,0,0,0,0,0,0,0,0,0.0,0,0.0,0.007369071066232591,12.301783561706543,0.7662031592045933,4.567763328552246,0,0,0,0
1054,89073,79,pair_014_n5_014_conflict,conflict,1,0,0,12.470000000000002,0.15154666666666666,1034438,4666234,51121,291,2548811,0,0,0,0,0.0,0,0,0,0,0,0,0,0,0,0,0.0,0,0.0,0.007364472453532421,12.301783561706543,0.7660675743008639,4.567763328552246,0,0,0,0
1055,89164,91,pair_003_n3_003_conflict,conflict,1,0,0,12.350000000000001,0.151395,1034984,4671512,51181,291,2552192,0,0,0,0,0.0,0,0,0,0,0,0,0,0,0,0,0.0,0,0.0,0.0073590726329190925,12.301783561706543,0.7659408105259039,4.567763328552246,0,0,0,0
1056,89243,79,pair_006_n3_006_conflict,conflict,1,0,0,12.47,0.15126333333333333,1035458,4676094,51240,291,2555112,0,0,0,0,0.0,0,0,0,0,0,0,0,0,0,0,0.0,0,0.0,0.007354163916860522,12.301783561706543,0.7657632929006137,4.567763328552246,0,0,0,0
1057,89321,78,pair_000_n3_000_control,control,1,0,0,12.480000000000002,0.15113333333333331,1035926,4680618,51282,291,2557982,0,0,0,0,0.0,0,0,0,0,0,0,0,0,0,0,0.0,0,0.0,0.0073493526685286725,12.301783561706543,0.7656567104861376,4.567763328552246,0,0,0,0
1058,89400,79,pair_014_n3_014_conflict,conflict,1,0,0,12.470000000000002,0.15100166666666665,1036400,4685200,51301,291,2560893,0,0,0,0,0.0,0,0,0,0,0,0,0,0,0,0,0.0,0,0.0,0.007344733059221988,12.301783561706543,0.7655815095944076,4.567763328552246,0,0,0,0
1059,89473,73,pair_002_n5_002_conflict,conflict,1,0,0,12.530000000000001,0.15088,1036838,4689434,51337,291,2563604,0,0,0,0,0.0,0,0,0,0,0,0,0,0,0,0,0.0,0,0.0,0.007340148193743016,12.301783561706543,0.765440668036221,4.567763328552246,0,0,0,0
1060,89547,74,pair_002_n3_002_conflict,conflict,1,0,0,12.520000000000001,0.15075666666666665,1037282,4693726,51372,291,2566330,0,0,0,0,0.0,0,0,0,0,0,0,0,0,0,0,0.0,0,0.0,0.007335552275242042,12.301783561706543,0.765252819751004,4.567763328552246,0,0,0,0
1061,89624,77,pair_011_n5_011_control,control,1,0,0,12.490000000000002,0.1506283333333333,1037744,4698192,51390,291,2569148,0,0,0,0,0.0,0,0,0,0,0,0,0,0,0,0,0.0,0,0.0,0.007330768779675105,12.301783561706543,0.7649649562459051,4.567763328552246,0,0,0,0
1062,89702,78,pair_005_n5_005_control,control,1,0,0,12.480000000000002,0.15049833333333332,1038212,4702716,51423,291,2572011,0,0,0,0,0.0,0,0,0,0,0,0,0,0,0,0,0.0,0,0.0,0.007325988154801677,12.301783561706543,0.7647482660254544,4.567763328552246,0,0,0,0
1063,89774,72,pair_007_n5_007_conflict,conflict,1,0,0,12.540000000000001,0.15037833333333334,1038644,4706892,51480,291,2574680,0,0,0,0,0.0,0,0,0,0,0,0,0,0,0,0,0.0,0,0.0,0.007321573905568781,12.301783561706543,0.7646138317857121,4.567763328552246,0,0,0,0
1064,89848,74,pair_008_n3_008_conflict,conflict,1,0,0,12.520000000000001,0.150255,1039088,4711184,51520,293,2577331,0,0,0,0,0.0,0,0,0,0,0,0,0,0,0,0,0.0,0,0.0,0.0073172198261179915,12.301783561706543,0.7646148572581765,4.567763328552246,0,0,0,0
1065,89927,79,pair_009_n5_009_control,control,1,0,0,12.470000000000002,0.15012333333333333,1039562,4715766,51597,293,2580211,0,0,0,0,0.0,0,0,0,0,0,0,0,0,0,0,0.0,0,0.0,0.007313633053894624,12.301783561706543,0.764599549771946,4.567763328552246,0,0,0,0
1066,90008,81,pair_003_n5_003_conflict,conflict,1,0,0,12.450000000000001,0.14998833333333333,1040048,4720464,51635,293,2583117,0,0,0,0,0.0,0,0,0,0,0,0,0,0,0,0,0.0,0,0.0,0.007309087976160402,12.301783561706543,0.7644130208114157,4.567763328552246,0,0,0,0
1067,90081,73,pair_017_n5_017_control,control,1,0,0,12.530000000000001,0.14986666666666665,1040486,4724698,51680,293,2585754,0,0,0,0,0.0,0,0,0,0,0,0,0,0,0,0,0.0,0,0.0,0.007305021170555804,12.301783561706543,0.7642615355318084,4.567763328552246,0,0,0,0
1068,90107,26,pair_001_n3_001_control,control,0,1,0,-0.1499999999999998,0.1498233333333333,1040642,4726206,51693,294,2586673,0,0,0,0,0.0,0,0,0,0,0,0,0,0,0,0,0.0,0,0.0,0.007303581499715537,12.301783561706543,0.7642429099009476,4.567763328552246,0,0,0,0
1069,90189,82,pair_016_n3_016_control,control,1,0,0,12.440000000000001,0.14968666666666666,1041134,4730962,51744,294,2589699,0,0,0,0,0.0,0,0,0,0,0,0,0,0,0,0,0.0,0,0.0,0.007298637279093273,12.301783561706543,0.7642516937954392,4.567763328552246,0,0,0,0
1070,90261,72,pair_001_n3_001_conflict,conflict,1,0,0,12.540000000000001,0.14956666666666665,1041566,4735138,51784,294,2592314,0,0,0,0,0.0,0,0,0,0,0,0,0,0,0,0,0.0,0,0.0,0.007295143905309278,12.301783561706543,0.7641024620200684,4.567763328552246,0,0,0,0
1071,90347,86,pair_000_n5_000_control,control,1,0,0,12.400000000000002,0.14942333333333332,1042082,4740126,51828,294,2595500,0,0,0,0,0.0,0,0,0,0,0,0,0,0,0,0,0.0,0,0.0,0.007290631688007988,12.301783561706543,0.7640273014057796,4.567763328552246,0,0,0,0
1072,90426,79,pair_008_n5_008_conflict,conflict,1,0,0,12.470000000000002,0.14929166666666666,1042556,4744708,51889,294,2598398,0,0,0,0,0.0,0,0,0,0,0,0,0,0,0,0,0.0,0,0.0,0.00728610928483734,12.301783561706543,0.7638713420117573,4.567763328552246,0,0,0,0
1073,90511,85,pair_012_n3_012_control,control,1,0,0,12.410000000000002,0.14914999999999998,1043066,4749638,51929,294,2601529,0,0,0,0,0.0,0,0,0,0,0,0,0,0,0,0,0.0,0,0.0,0.007281230881768208,12.301783561706543,0.7639623775412611,4.567763328552246,0,0,0,0
1074,90596,85,pair_013_n5_013_control,control,1,0,0,12.410000000000002,0.14900833333333333,1043576,4754568,52000,294,2604639,0,0,0,0,0.0,0,0,0,0,0,0,0,0,0,0,0.0,0,0.0,0.007275884093859479,12.301783561706543,0.7636106435553357,4.567763328552246,0,0,0,0
1075,90674,78,pair_017_n3_017_conflict,conflict,1,0,0,12.48,0.14887833333333333,1044044,4759092,52034,294,2607480,0,0,0,0,0.0,0,0,0,0,0,0,0,0,0,0,0.0,0,0.0,0.007271142361050264,12.301783561706543,0.7634320260448793,4.567763328552246,0,0,0,0
1076,90743,69,pair_002_n5_002_control,control,0,1,0,1.1700000000000013,0.14876333333333333,1044458,4763094,52061,295,2609981,0,0,0,0,0.0,0,0,0,0,0,0,0,0,0,0,0.0,0,0.0,0.0072667249799264165,12.301783561706543,0.7631884269312386,4.567763328552246,0,0,0,0
1077,90825,82,pair_010_n5_010_control,control,1,0,0,12.440000000000001,0.14862666666666666,1044950,4767850,52081,295,2612974,0,0,0,0,0.0,0,0,0,0,0,0,0,0,0,0,0.0,0,0.0,0.007262088622104105,12.301783561706543,0.7631197728333133,4.567763328552246,0,0,0,0
1078,90897,72,pair_012_n5_012_control,control,1,0,0,12.540000000000003,0.14850666666666665,1045382,4772026,52122,295,2615543,0,0,0,0,0.0,0,0,0,0,0,0,0,0,0,0,0.0,0,0.0,0.007260029159435798,12.301783561706543,0.7631074020052729,4.567763328552246,0,0,0,0
1079,90978,81,pair_007_n5_007_control,control,1,0,0,12.450000000000001,0.14837166666666665,1045868,4776724,52193,295,2618452,0,0,0,0,0.0,0,0,0,0,0,0,0,0,0,0,0.0,0,0.0,0.007255742456671551,12.301783561706543,0.7628993116835605,4.567763328552246,0,0,0,0
1080,91054,76,pair_010_n5_010_conflict,conflict,1,0,0,12.500000000000002,0.148245,1046324,4781132,52243,296,2621236,0,0,0,0,0.0,0,0,0,0,0,0,0,0,0,0,0.0,0,0.0,0.0072514790815236966,12.301783561706543,0.7629314576165939,4.567763328552246,0,0,0,0
1081,91142,88,pair_011_n5_011_control,control,1,0,0,12.38,0.14809833333333333,1046852,4786236,52306,296,2624445,0,0,0,0,0.0,0,0,0,0,0,0,0,0,0,0,0.0,0,0.0,0.007247148514299462,12.301783561706543,0.7627605517080708,4.567763328552246,0,0,0,0
1082,91223,81,pair_011_n5_011_conflict,conflict,1,0,0,12.450000000000001,0.14796333333333334,1047338,4790934,52324,296,2627326,0,0,0,0,0.0,0,0,0,0,0,0,0,0,0,0,0.0,0,0.0,0.007242220034757961,12.301783561706543,0.7626305268468232,4.567763328552246,0,0,0,0
1083,91298,75,pair_003_n5_003_control,control,1,0,0,12.510000000000002,0.14783833333333332,1047788,4795284,52376,296,2630007,0,0,0,0,0.0,0,0,0,0,0,0,0,0,0,0,0.0,0,0.0,0.007237698049433139,12.301783561706543,0.7624620541934034,4.567763328552246,0,0,0,0
1084,91372,74,pair_013_n5_013_conflict,conflict,1,0,0,12.520000000000001,0.14771499999999999,1048232,4799576,52434,296,2632657,0,0,0,0,0.0,0,0,0,0,0,0,0,0,0,0,0.0,0,0.0,0.007233291447074873,12.301783561706543,0.7622325460783292,4.567763328552246,0,0,0,0
1085,91448,76,pair_001_n5_001_control,control,1,0,0,12.500000000000002,0.14758833333333332,1048688,4803984,52451,296,2635366,0,0,0,0,0.0,0,0,0,0,0,0,0,0,0,0,0.0,0,0.0,0.00722845659608901,12.301783561706543,0.7619849920194043,4.567763328552246,0,0,0,0
1086,91536,88,pair_012_n3_012_conflict,conflict,1,0,0,12.380000000000003,0.14744166666666667,1049216,4809088,52502,298,2638510,0,0,0,0,0.0,0,0,0,0,0,0,0,0,0,0,0.0,0,0.0,0.007223272318007495,12.301783561706543,0.7617232266664482,4.567763328552246,0,0,0,0
1087,91620,84,pair_015_n3_015_conflict,conflict,1,0,0,12.420000000000002,0.14730166666666666,1049720,4813960,52550,299,2641474,0,0,0,0,0.0,0,0,0,0,0,0,0,0,0,0,0.0,0,0.0,0.007218497731918842,12.301783561706543,0.7615152399700328,4.567763328552246,0,0,0,0
1088,91705,85,pair_004_n3_004_control,control,1,0,0,12.410000000000002,0.14715999999999999,1050230,4818890,52590,299,2644508,0,0,0,0,0.0,0,0,0,0,0,0,0,0,0,0,0.0,0,0.0,0.007213850506630539,12.301783561706543,0.7612960334945844,4.567763328552246,0,0,0,0
1089,91780,75,pair_008_n3_008_control,control,1,0,0,12.510000000000002,0.147035,1050680,4823240,52611,299,2647184,0,0,0,0,0.0,0,0,0,0,0,0,0,0,0,0,0.0,0,0.0,0.007209694168287243,12.301783561706543,0.7610756575405325,4.567763328552246,0,0,0,0
1090,91806,26,pair_010_n5_010_control,control,0,1,0,2.220446049250313e-16,0.14699166666666666,1050836,4824748,52622,299,2648086,0,0,0,0,0.0,0,0,0,0,0,0,0,0,0,0,0.0,0,0.0,0.007208381171326111,12.301783561706543,0.760993023212618,4.567763328552246,0,0,0,0
1091,91882,76,pair_008_n3_008_conflict,conflict,1,0,0,12.500000000000002,0.146865,1051292,4829156,52634,299,2650825,0,0,0,0,0.0,0,0,0,0,0,0,0,0,0,0,0.0,0,0.0,0.007204647680031866,12.301783561706543,0.760974829505879,4.567763328552246,0,0,0,0
1092,91957,75,pair_000_n3_000_control,control,1,0,0,12.510000000000002,0.14673999999999998,1051742,4833506,52666,299,2653473,0,0,0,0,0.0,0,0,0,0,0,0,0,0,0,0,0.0,0,0.0,0.007200497983804817,12.301783561706543,0.7609612783518485,4.567763328552246,0,0,0,0
1093,92043,86,pair_008_n5_008_control,control,1,0,0,12.400000000000002,0.14659666666666665,1052258,4838494,52700,299,2656463,0,0,0,0,0.0,0,0,0,0,0,0,0,0,0,0,0.0,0,0.0,0.007194843839781356,12.301783561706543,0.7606080974348008,4.567763328552246,0,0,0,0
1094,92121,78,pair_008_n5_008_conflict,conflict,1,0,0,12.480000000000002,0.14646666666666666,1052726,4843018,52729,299,2659172,0,0,0,0,0.0,0,0,0,0,0,0,0,0,0,0,0.0,0,0.0,0.00719042762886826,12.301783561706543,0.7605097250964455,4.567763328552246,0,0,0,0
1095,92133,12,pair_000_n5_000_control,control,0,1,0,-0.56,0.14644666666666667,1052798,4843714,52741,299,2659610,0,0,0,0,0.0,0,0,0,0,0,0,0,0,0,0,0.0,0,0.0,0.007189688381795678,12.301783561706543,0.7605114241187247,4.567763328552246,0,0,0,0
1096,92209,76,pair_002_n5_002_conflict,conflict,1,0,0,12.500000000000002,0.14631999999999998,1053254,4848122,52785,299,2662279,0,0,0,0,0.0,0,0,0,0,0,0,0,0,0,0,0.0,0,0.0,0.007186423461634766,12.301783561706543,0.7604093234200074,4.567763328552246,0,0,0,0
1097,92286,77,pair_016_n5_016_conflict,conflict,1,0,0,12.490000000000002,0.14619166666666666,1053716,4852588,52845,299,2664943,0,0,0,0,0.0,0,0,0,0,0,0,0,0,0,0,0.0,0,0.0,0.007181295695761507,12.301783561706543,0.7600870382119373,4.567763328552246,0,0,0,0
1098,92363,77,pair_009_n3_009_control,control,1,0,0,12.490000000000002,0.14606333333333332,1054178,4857054,52912,299,2667627,0,0,0,0,0.0,0,0,0,0,0,0,0,0,0,0,0.0,0,0.0,0.0071766410580825215,12.301783561706543,0.7597852757161939,4.567763328552246,0,0,0,0
1099,92445,82,pair_004_n5_004_conflict,conflict,1,0,0,12.440000000000001,0.14592666666666665,1054670,4861810,52979,299,2670510,0,0,0,0,0.0,0,0,0,0,0,0,0,0,0,0,0.0,0,0.0,0.00717266175735423,12.301783561706543,0.7594985635359898,4.567763328552246,0,0,0,0
1100,92528,83,pair_017_n5_017_control,control,1,0,0,12.430000000000001,0.14578833333333333,1055168,4866624,53025,299,2673392,0,0,0,0,0.0,0,0,0,0,0,0,0,0,0,0,0.0,0,0.0,0.007167569245266982,12.301783561706543,0.7592880840582531,4.567763328552246,0,0,0,0
1101,92600,72,pair_015_n3_015_control,control,1,0,0,12.540000000000001,0.14566833333333332,1055600,4870800,53070,299,2675877,0,0,0,0,0.0,0,0,0,0,0,0,0,0,0,0,0.0,0,0.0,0.007163371911758026,12.301783561706543,0.7590421107025982,4.567763328552246,0,0,0,0
1102,92683,83,pair_007_n5_007_control,control,1,0,0,12.430000000000001,0.14553,1056098,4875614,53145,299,2678755,0,0,0,0,0.0,0,0,0,0,0,0,0,0,0,0,0.0,0,0.0,0.007158477768597151,12.301783561706543,0.7588595724045191,4.567763328552246,0,0,0,0
1103,92758,75,pair_007_n5_007_conflict,conflict,1,0,0,12.510000000000002,0.14540499999999998,1056548,4879964,53205,299,2681432,0,0,0,0,0.0,0,0,0,0,0,0,0,0,0,0,0.0,0,0.0,0.007154245440217812,12.301783561706543,0.7588667743896453,4.567763328552246,0,0,0,0
1104,92831,73,pair_014_n5_014_conflict,conflict,1,0,0,12.530000000000001,0.14528333333333332,1056986,4884198,53263,299,2684017,0,0,0,0,0.0,0,0,0,0,0,0,0,0,0,0,0.0,0,0.0,0.007149695086588518,12.301783561706543,0.7586990666528507,4.567763328552246,0,0,0,0
1105,92909,78,pair_007_n3_007_control,control,1,0,0,12.48,0.14515333333333333,1057454,4888722,53328,300,2686764,0,0,0,0,0.0,0,0,0,0,0,0,0,0,0,0,0.0,0,0.0,0.007146401169482041,12.301783561706543,0.7587550324635792,4.567763328552246,0,0,0,0
1106,92985,76,pair_014_n3_014_conflict,conflict,1,0,0,12.500000000000002,0.14502666666666666,1057910,4893130,53379,300,2689458,0,0,0,0,0.0,0,0,0,0,0,0,0,0,0,0,0.0,0,0.0,0.007142145040292645,12.301783561706543,0.7585966712772212,4.567763328552246,0,0,0,0
1107,93055,70,pair_005_n5_005_control,control,1,0,0,12.560000000000002,0.14490999999999998,1058330,4897190,53405,300,2691960,0,0,0,0,0.0,0,0,0,0,0,0,0,0,0,0,0.0,0,0.0,0.007137658690105883,12.301783561706543,0.7584407388171548,4.567763328552246,0,0,0,0
1108,93060,5,pair_014_n3_014_control,control,0,1,0,-0.84,0.14490166666666665,1058360,4897480,53410,300,2692133,0,0,0,0,0.0,0,0,0,0,0,0,0,0,0,0,0.0,0,0.0,0.0071373428833871036,12.301783561706543,0.7584416428265436,4.567763328552246,0,0,0,0
1109,93140,80,pair_006_n3_006_conflict,conflict,1,0,0,12.46,0.14476833333333333,1058840,4902120,53476,300,2694948,0,0,0,0,0.0,0,0,0,0,0,0,0,0,0,0,0.0,0,0.0,0.0071323483689231595,12.301783561706543,0.7582969609123033,4.567763328552246,0,0,0,0
1110,93236,96,pair_003_n3_003_conflict,conflict,1,0,0,12.3,0.1446083333333333,1059416,4907688,53528,300,2698310,0,0,0,0,0.0,0,0,0,0,0,0,0,0,0,0,0.0,0,0.0,0.007126753672294759,12.301783561706543,0.7580237092287921,4.567763328552246,0,0,0,0
1111,93329,93,pair_015_n5_015_conflict,conflict,1,0,0,12.330000000000002,0.14445333333333332,1059974,4913082,53589,306,2701574,0,0,0,0,0.0,0,0,0,0,0,0,0,0,0,0,0.0,0,0.0,0.007122143515144219,12.301783561706543,0.7578585887972369,4.567763328552246,0,0,0,0
1112,93414,85,pair_002_n5_002_control,control,1,0,0,12.410000000000002,0.14431166666666664,1060484,4918012,53619,306,2704542,0,0,0,0,0.0,0,0,0,0,0,0,0,0,0,0,0.0,0,0.0,0.007117698122878277,12.301783561706543,0.7577071195941834,4.567763328552246,0,0,0,0
1113,93428,14,pair_000_n3_000_conflict,conflict,0,1,0,-0.6300000000000001,0.14428833333333332,1060568,4918824,53633,306,2705014,0,0,0,0,0.0,0,0,0,0,0,0,0,0,0,0,0.0,0,0.0,0.00711683351965561,12.301783561706543,0.7577220470975562,4.567763328552246,0,0,0,0
1114,93501,73,pair_004_n5_004_control,control,1,0,0,12.530000000000001,0.14416666666666667,1061006,4923058,53670,306,2707587,0,0,0,0,0.0,0,0,0,0,0,0,0,0,0,0,0.0,0,0.0,0.007113390386021763,12.301783561706543,0.7576454272997226,4.567763328552246,0,0,0,0
1115,93591,90,pair_010_n3_010_conflict,conflict,1,0,0,12.360000000000001,0.14401666666666665,1061546,4928278,53691,306,2710650,0,0,0,0,0.0,0,0,0,0,0,0,0,0,0,0,0.0,0,0.0,0.007108927466275049,12.301783561706543,0.7574065990766998,4.567763328552246,0,0,0,0
1116,93674,83,pair_004_n3_004_conflict,conflict,1,0,0,12.430000000000001,0.14387833333333333,1062044,4933092,53733,306,2713488,0,0,0,0,0.0,0,0,0,0,0,0,0,0,0,0,0.0,0,0.0,0.0071064294943550006,12.301783561706543,0.7571697163595997,4.567763328552246,0,0,0,0
1117,93751,77,pair_006_n5_006_conflict,conflict,1,0,0,12.490000000000002,0.14375,1062506,4937558,53788,306,2716113,0,0,0,0,0.0,0,0,0,0,0,0,0,0,0,0,0.0,0,0.0,0.007102677378273281,12.301783561706543,0.7570140430817066,4.567763328552246,0,0,0,0
1118,93826,75,pair_007_n3_007_conflict,conflict,1,0,0,12.510000000000002,0.143625,1062956,4941908,53811,306,2718759,0,0,0,0,0.0,0,0,0,0,0,0,0,0,0,0,0.0,0,0.0,0.007098170678493803,12.301783561706543,0.7569216583637017,4.567763328552246,0,0,0,0
1119,93922,96,pair_013_n3_013_conflict,conflict,1,0,0,12.3,0.14346499999999998,1063532,4947476,53855,306,2722015,0,0,0,0,0.0,0,0,0,0,0,0,0,0,0,0,0.0,0,0.0,0.007093301598836069,12.301783561706543,0.7566968359961869,4.567763328552246,0,0,0,0
1120,94004,82,pair_005_n3_005_conflict,conflict,1,0,0,12.440000000000001,0.14332833333333334,1064024,4952232,53890,307,2724749,0,0,0,0,0.0,0,0,0,0,0,0,0,0,0,0,0.0,0,0.0,0.0070885870709375244,12.301783561706543,0.7564715767874852,4.567763328552246,0,0,0,0
1121,94084,80,pair_016_n3_016_control,control,1,0,0,12.46,0.143195,1064504,4956872,53940,307,2727432,0,0,0,0,0.0,0,0,0,0,0,0,0,0,0,0,0.0,0,0.0,0.007085216726916741,12.301783561706543,0.7563264266479144,4.567763328552246,0,0,0,0
1122,94168,84,pair_006_n5_006_control,control,1,0,0,12.420000000000002,0.143055,1065008,4961744,53999,307,2730229,0,0,0,0,0.0,0,0,0,0,0,0,0,0,0,0,0.0,0,0.0,0.007082529517360912,12.301783561706543,0.756138454180567,4.567763328552246,0,0,0,0
1123,94248,80,pair_012_n3_012_control,control,1,0,0,12.46,0.14292166666666667,1065488,4966384,54045,308,2733009,0,0,0,0,0.0,0,0,0,0,0,0,0,0,0,0,0.0,0,0.0,0.007078454629549509,12.301783561706543,0.7561053345837804,4.567763328552246,0,0,0,0
1124,94322,74,pair_003_n5_003_conflict,conflict,1,0,0,12.520000000000001,0.14279833333333333,1065932,4970676,54079,308,2735530,0,0,0,0,0.0,0,0,0,0,0,0,0,0,0,0,0.0,0,0.0,0.0070749467564611155,12.301783561706543,0.7558652995436576,4.567763328552246,0,0,0,0
1125,94395,73,pair_001_n3_001_control,control,1,0,0,12.530000000000001,0.14267666666666665,1066370,4974910,54105,308,2737981,0,0,0,0,0.0,0,0,0,0,0,0,0,0,0,0,0.0,0,0.0,0.007070841437702382,12.301783561706543,0.7557961308015184,4.567763328552246,0,0,0,0
1126,94469,74,pair_017_n3_017_conflict,conflict,1,0,0,12.520000000000001,0.1425533333333333,1066814,4979202,54143,308,2740439,0,0,0,0,0.0,0,0,0,0,0,0,0,0,0,0,0.0,0,0.0,0.007066984929354244,12.301783561706543,0.7557814495731097,4.567763328552246,0,0,0,0
1127,94546,77,pair_016_n5_016_control,control,1,0,0,12.490000000000002,0.142425,1067276,4983668,54186,309,2742999,0,0,0,0,0.0,0,0,0,0,0,0,0,0,0,0,0.0,0,0.0,0.007062941596646971,12.301783561706543,0.7555853212094258,4.567763328552246,0,0,0,0
1128,94630,84,pair_013_n5_013_control,control,1,0,0,12.420000000000002,0.142285,1067780,4988540,54267,310,2745822,0,0,0,0,0.0,0,0,0,0,0,0,0,0,0,0,0.0,0,0.0,0.007059169293452448,12.301783561706543,0.7554155526616204,4.567763328552246,0,0,0,0
1129,94706,76,pair_013_n3_013_control,control,1,0,0,12.500000000000002,0.14215833333333333,1068236,4992948,54321,311,2748398,0,0,0,0,0.0,0,0,0,0,0,0,0,0,0,0,0.0,0,0.0,0.007055771899090365,12.301783561706543,0.7551218853310959,4.567763328552246,0,0,0,0
1130,94785,79,pair_005_n3_005_control,control,1,0,0,12.470000000000002,0.14202666666666666,1068710,4997530,54366,311,2751036,0,0,0,0,0.0,0,0,0,0,0,0,0,0,0,0,0.0,0,0.0,0.007051092148909878,12.301783561706543,0.7548801141796401,4.567763328552246,0,0,0,0
1131,94863,78,pair_014_n5_014_control,control,1,0,0,12.48,0.14189666666666664,1069178,5002054,54427,311,2753667,0,0,0,0,0.0,0,0,0,0,0,0,0,0,0,0,0.0,0,0.0,0.0070471076374370376,12.301783561706543,0.7546491639488785,4.567763328552246,0,0,0,0
1132,94944,81,pair_002_n3_002_control,control,1,0,0,12.450000000000001,0.14176166666666665,1069664,5006752,54465,312,2756394,0,0,0,0,0.0,0,0,0,0,0,0,0,0,0,0,0.0,0,0.0,0.007042312884737011,12.301783561706543,0.7544035177416278,4.567763328552246,0,0,0,0
1133,95021,77,pair_011_n3_011_conflict,conflict,1,0,0,12.490000000000002,0.14163333333333333,1070126,5011218,54486,313,2758956,0,0,0,0,0.0,0,0,0,0,0,0,0,0,0,0,0.0,0,0.0,0.0070376590664689405,12.301783561706543,0.7541433780079074,4.567763328552246,0,0,0,0
1134,95094,73,pair_000_n5_000_conflict,conflict,1,0,0,12.530000000000001,0.14151166666666665,1070564,5015452,54517,313,2761395,0,0,0,0,0.0,0,0,0,0,0,0,0,0,0,0,0.0,0,0.0,0.007033608300541673,12.301783561706543,0.7539475888392386,4.567763328552246,0,0,0,0
1135,95174,80,pair_015_n5_015_control,control,1,0,0,12.46,0.14137833333333333,1071044,5020092,54562,313,2764063,0,0,0,0,0.0,0,0,0,0,0,0,0,0,0,0,0.0,0,0.0,0.00702898268094075,12.301783561706543,0.7537084738193267,4.567763328552246,0,0,0,0
1136,95256,82,pair_006_n3_006_control,control,1,0,0,12.440000000000001,0.14124166666666665,1071536,5024848,54597,313,2766828,0,0,0,0,0.0,0,0,0,0,0,0,0,0,0,0,0.0,0,0.0,0.007025401811822917,12.301783561706543,0.7535498397398966,4.567763328552246,0,0,0,0
1137,95345,89,pair_016_n3_016_conflict,conflict,1,0,0,12.370000000000001,0.14109333333333332,1072070,5030010,54658,314,2769811,0,0,0,0,0.0,0,0,0,0,0,0,0,0,0,0,0.0,0,0.0,0.007022217926219195,12.301783561706543,0.7534261854938943,4.567763328552246,0,0,0,0
1138,95417,72,pair_009_n5_009_control,control,1,0,0,12.540000000000003,0.1409733333333333,1072502,5034186,54724,314,2772182,0,0,0,0,0.0,0,0,0,0,0,0,0,0,0,0,0.0,0,0.0,0.007017951957235764,12.301783561706543,0.7532621873568142,4.567763328552246,0,0,0,0
1139,95493,76,pair_017_n3_017_control,control,1,0,0,12.500000000000002,0.14084666666666665,1072958,5038594,54763,314,2774711,0,0,0,0,0.0,0,0,0,0,0,0,0,0,0,0,0.0,0,0.0,0.007014310582200385,12.301783561706543,0.7531417967392154,4.567763328552246,0,0,0,0
1140,95567,74,pair_009_n3_009_conflict,conflict,1,0,0,12.520000000000001,0.1407233333333333,1073402,5042886,54824,317,2777180,0,0,0,0,0.0,0,0,0,0,0,0,0,0,0,0,0.0,0,0.0,0.007010794259089222,12.301783561706543,0.7528874846504799,4.567763328552246,0,0,0,0
1141,95644,77,pair_012_n5_012_conflict,conflict,1,0,0,12.490000000000002,0.140595,1073864,5047352,54886,317,2779748,0,0,0,0,0.0,0,0,0,0,0,0,0,0,0,0,0.0,0,0.0,0.00700813938020456,12.301783561706543,0.7527120542994855,4.567763328552246,0,0,0,0
1142,95730,86,pair_001_n5_001_conflict,conflict,1,0,0,12.400000000000002,0.14045166666666667,1074380,5052340,54951,318,2782685,0,0,0,0,0.0,0,0,0,0,0,0,0,0,0,0,0.0,0,0.0,0.00700345615483168,12.301783561706543,0.7524850482754444,4.567763328552246,0,0,0,0
1143,95825,95,pair_001_n3_001_conflict,conflict,1,0,0,12.310000000000006,0.14029333333333333,1074950,5057850,55015,318,2785887,0,0,0,0,0.0,0,0,0,0,0,0,0,0,0,0,0.0,0,0.0,0.006998423240259148,12.301783561706543,0.7521430274469016,4.567763328552246,0,0,0,0
1144,95899,74,pair_002_n3_002_conflict,conflict,1,0,0,12.520000000000003,0.14017,1075394,5062142,55053,320,2788334,0,0,0,0,0.0,0,0,0,0,0,0,0,0,0,0,0.0,0,0.0,0.00699454955217382,12.301783561706543,0.7519672115458395,4.567763328552246,0,0,0,0
1145,95973,74,pair_012_n5_012_control,control,1,0,0,12.520000000000001,0.14004666666666665,1075838,5066434,55105,320,2790861,0,0,0,0,0.0,0,0,0,0,0,0,0,0,0,0,0.0,0,0.0,0.006992712746920643,12.301783561706543,0.7520577311558118,4.567763328552246,0,0,0,0
1146,96051,78,pair_010_n3_010_control,control,1,0,0,12.48,0.13991666666666666,1076306,5070958,55129,320,2793531,0,0,0,0,0.0,0,0,0,0,0,0,0,0,0,0,0.0,0,0.0,0.006989362701997899,12.301783561706543,0.7520703388535548,4.567763328552246,0,0,0,0
1147,96132,81,pair_011_n3_011_control,control,1,0,0,12.450000000000001,0.13978166666666667,1076792,5075656,55174,320,2796190,0,0,0,0,0.0,0,0,0,0,0,0,0,0,0,0,0.0,0,0.0,0.006985446632160578,12.301783561706543,0.7520588581351351,4.567763328552246,0,0,0,0
1148,96213,81,pair_017_n5_017_conflict,conflict,0,1,0,1.4000000000000012,0.13964666666666667,1077278,5080354,55218,320,2798917,0,0,0,0,0.0,0,0,0,0,0,0,0,0,0,0,0.0,0,0.0,0.006981061915213045,12.301783561706543,0.7518507068568446,4.567763328552246,0,0,0,0
1149,96281,68,pair_005_n5_005_conflict,conflict,1,0,0,12.580000000000002,0.13953333333333331,1077686,5084298,55259,320,2801187,0,0,0,0,0.0,0,0,0,0,0,0,0,0,0,0,0.0,0,0.0,0.0069769207323478605,12.301783561706543,0.7515899788699447,4.567763328552246,0,0,0,0
1150,96360,79,pair_003_n3_003_control,control,1,0,0,12.470000000000002,0.13940166666666665,1078160,5088880,55298,320,2803884,0,0,0,0,0.0,0,0,0,0,0,0,0,0,0,0,0.0,0,0.0,0.006972497708438962,12.301783561706543,0.7514367174673415,4.567763328552246,0,0,0,0
1151,96450,90,pair_009_n5_009_conflict,conflict,1,0,0,12.360000000000003,0.13925166666666666,1078700,5094100,55373,322,2806931,0,0,0,0,0.0,0,0,0,0,0,0,0,0,0,0,0.0,0,0.0,0.006967808230866034,12.301783561706543,0.7512732393677723,4.567763328552246,0,0,0,0
1152,96527,77,pair_004_n5_004_control,control,1,0,0,12.490000000000002,0.13912333333333332,1079162,5098566,55419,322,2809579,0,0,0,0,0.0,0,0,0,0,0,0,0,0,0,0,0.0,0,0.0,0.006964034617651517,12.301783561706543,0.7510828856370187,4.567763328552246,0,0,0,0
1153,96603,76,pair_005_n5_005_conflict,conflict,1,0,0,12.500000000000002,0.13899666666666666,1079618,5102974,55459,322,2812148,0,0,0,0,0.0,0,0,0,0,0,0,0,0,0,0,0.0,0,0.0,0.006959659569254879,12.301783561706543,0.7510069722793615,4.567763328552246,0,0,0,0
1154,96679,76,pair_014_n5_014_conflict,conflict,1,0,0,12.500000000000002,0.13887,1080074,5107382,55510,322,2814700,0,0,0,0,0.0,0,0,0,0,0,0,0,0,0,0,0.0,0,0.0,0.00695533476218095,12.301783561706543,0.7509735016904938,4.567763328552246,0,0,0,0
1155,96771,92,pair_002_n3_002_control,control,1,0,0,12.340000000000003,0.13871666666666665,1080626,5112718,55559,325,2817854,0,0,0,0,0.0,0,0,0,0,0,0,0,0,0,0,0.0,0,0.0,0.006950772174168961,12.301783561706543,0.7507738280284207,4.567763328552246,0,0,0,0
1156,96851,80,pair_011_n3_011_control,control,1,0,0,12.46,0.1385833333333333,1081106,5117358,55600,326,2820579,0,0,0,0,0.0,0,0,0,0,0,0,0,0,0,0,0.0,0,0.0,0.006946108425571668,12.301783561706543,0.7504592124517384,4.567763328552246,0,0,0,0
1157,96922,71,pair_002_n3_002_conflict,conflict,1,0,0,12.55,0.13846499999999998,1081532,5121476,55632,326,2822992,0,0,0,0,0.0,0,0,0,0,0,0,0,0,0,0,0.0,0,0.0,0.0069425894477940725,12.301783561706543,0.7504266610250742,4.567763328552246,0,0,0,0
1158,96998,76,pair_000_n5_000_conflict,conflict,1,0,0,12.500000000000002,0.1383383333333333,1081988,5125884,55665,326,2825598,0,0,0,0,0.0,0,0,0,0,0,0,0,0,0,0,0.0,0,0.0,0.006938494577942445,12.301783561706543,0.7504202216573207,4.567763328552246,0,0,0,0
1159,97069,71,pair_006_n5_006_conflict,conflict,1,0,0,12.55,0.13821999999999998,1082414,5130002,55700,326,2827957,0,0,0,0,0.0,0,0,0,0,0,0,0,0,0,0,0.0,0,0.0,0.006934136113813096,12.301783561706543,0.7501639675331996,4.567763328552246,0,0,0,0
1160,97149,80,pair_012_n3_012_conflict,conflict,1,0,0,12.46,0.13808666666666666,1082894,5134642,55724,326,2830702,0,0,0,0,0.0,0,0,0,0,0,0,0,0,0,0,0.0,0,0.0,0.006929659607403799,12.301783561706543,0.7499696478627806,4.567763328552246,0,0,0,0
1161,97222,73,pair_003_n3_003_conflict,conflict,1,0,0,12.530000000000001,0.13796499999999998,1083332,5138876,55751,326,2833082,0,0,0,0,0.0,0,0,0,0,0,0,0,0,0,0,0.0,0,0.0,0.006925426325706425,12.301783561706543,0.749827237581393,4.567763328552246,0,0,0,0
1162,97299,77,pair_001_n5_001_control,control,1,0,0,12.490000000000002,0.13783666666666666,1083794,5143342,55781,326,2835644,0,0,0,0,0.0,0,0,0,0,0,0,0,0,0,0,0.0,0,0.0,0.0069206816243944855,12.301783561706543,0.7495710797582094,4.567763328552246,0,0,0,0
1163,97372,73,pair_007_n5_007_conflict,conflict,1,0,0,12.530000000000001,0.13771499999999998,1084232,5147576,55804,326,2838040,0,0,0,0,0.0,0,0,0,0,0,0,0,0,0,0,0.0,0,0.0,0.0069163271379233515,12.301783561706543,0.749468834669935,4.567763328552246,0,0,0,0
1164,97446,74,pair_006_n3_006_conflict,conflict,1,0,0,12.520000000000001,0.13759166666666667,1084676,5151868,55826,326,2840484,0,0,0,0,0.0,0,0,0,0,0,0,0,0,0,0,0.0,0,0.0,0.006911940371396016,12.301783561706543,0.7492162726426213,4.567763328552246,0,0,0,0
1165,97451,5,pair_015_n5_015_control,control,0,1,0,-0.84,0.13758333333333334,1084706,5152158,55831,326,2840649,0,0,0,0,0.0,0,0,0,0,0,0,0,0,0,0,0.0,0,0.0,0.006911624562450487,12.301783561706543,0.7491965195984118,4.567763328552246,0,0,0,0
1166,97529,78,pair_017_n5_017_conflict,conflict,1,0,0,12.480000000000002,0.13745333333333332,1085174,5156682,55884,326,2843190,0,0,0,0,0.0,0,0,0,0,0,0,0,0,0,0,0.0,0,0.0,0.0069071263635287665,12.301783561706543,0.7489755716160746,4.567763328552246,0,0,0,0
1167,97662,133,pair_014_n3_014_control,control,1,0,0,11.930000000000007,0.13723166666666667,1085972,5164396,55912,327,2847554,0,0,0,0,0.0,0,0,0,0,0,0,0,0,0,0,0.0,0,0.0,0.006899818992971491,12.301783561706543,0.7486471396754131,4.567763328552246,0,0,0,0
1168,97741,79,pair_015_n5_015_conflict,conflict,1,0,0,12.47,0.1371,1086446,5168978,55950,327,2850079,0,0,0,0,0.0,0,0,0,0,0,0,0,0,0,0,0.0,0,0.0,0.006894975285513333,12.301783561706543,0.7484585519739531,4.567763328552246,0,0,0,0
1169,97812,71,pair_004_n5_004_conflict,conflict,1,0,0,12.55,0.13698166666666667,1086872,5173096,55988,327,2852336,0,0,0,0,0.0,0,0,0,0,0,0,0,0,0,0,0.0,0,0.0,0.0068908907679101385,12.301783561706543,0.7483062187062484,4.567763328552246,0,0,0,0
1170,97891,79,pair_011_n3_011_conflict,conflict,1,0,0,12.470000000000002,0.13685,1087346,5177678,56011,327,2854873,0,0,0,0,0.0,0,0,0,0,0,0,0,0,0,0,0.0,0,0.0,0.006886079888699495,12.301783561706543,0.7480580068001605,4.567763328552246,0,0,0,0
1171,97973,82,pair_010_n5_010_conflict,conflict,1,0,0,12.440000000000001,0.13671333333333333,1087838,5182434,56035,327,2857437,0,0,0,0,0.0,0,0,0,0,0,0,0,0,0,0,0.0,0,0.0,0.006881000669583652,12.301783561706543,0.7478769200429289,4.567763328552246,0,0,0,0
1172,98052,79,pair_010_n5_010_control,control,1,0,0,12.470000000000002,0.13658166666666666,1088312,5187016,56070,327,2859985,0,0,0,0,0.0,0,0,0,0,0,0,0,0,0,0,0.0,0,0.0,0.006876241899831852,12.301783561706543,0.747699729644953,4.567763328552246,0,0,0,0
1173,98136,84,pair_006_n3_006_control,control,1,0,0,12.420000000000002,0.13644166666666666,1088816,5191888,56100,327,2862645,0,0,0,0,0.0,0,0,0,0,0,0,0,0,0,0,0.0,0,0.0,0.006871306253707517,12.301783561706543,0.7473561717837313,4.567763328552246,0,0,0,0
1174,98224,88,pair_012_n5_012_control,control,1,0,0,12.38,0.136295,1089344,5196992,56155,327,2865425,0,0,0,0,0.0,0,0,0,0,0,0,0,0,0,0,0.0,0,0.0,0.006866012887119149,12.301783561706543,0.7471465968393702,4.567763328552246,0,0,0,0
1175,98309,85,pair_005_n5_005_control,control,1,0,0,12.410000000000002,0.13615333333333332,1089854,5201922,56187,327,2868133,0,0,0,0,0.0,0,0,0,0,0,0,0,0,0,0,0.0,0,0.0,0.00686105864779638,12.301783561706543,0.7468244046096963,4.567763328552246,0,0,0,0
1176,98390,81,pair_006_n5_006_control,control,1,0,0,12.450000000000001,0.13601833333333332,1090340,5206620,56232,327,2870661,0,0,0,0,0.0,0,0,0,0,0,0,0,0,0,0,0.0,0,0.0,0.006856221585565697,12.301783561706543,0.7466613519876598,4.567763328552246,0,0,0,0
1177,98467,77,pair_013_n5_013_control,control,1,0,0,12.490000000000002,0.13588999999999998,1090802,5211086,56280,327,2873098,0,0,0,0,0.0,0,0,0,0,0,0,0,0,0,0,0.0,0,0.0,0.006851962648126797,12.301783561706543,0.7465462402364383,4.567763328552246,0,0,0,0
1178,98544,77,pair_001_n3_001_control,control,1,0,0,12.490000000000002,0.13576166666666667,1091264,5215552,56308,328,2875540,0,0,0,0,0.0,0,0,0,0,0,0,0,0,0,0,0.0,0,0.0,0.006847422861991118,12.301783561706543,0.7463011865693556,4.567763328552246,0,0,0,0
1179,98549,5,pair_014_n5_014_control,control,0,1,0,-0.84,0.1357533333333333,1091294,5215842,56313,328,2875689,0,0,0,0,0.0,0,0,0,0,0,0,0,0,0,0,0.0,0,0.0,0.006847142606106237,12.301783561706543,0.7462894738202533,4.567763328552246,0,0,0,0
1180,98632,83,pair_000_n3_000_control,control,1,0,0,12.430000000000001,0.13561499999999999,1091792,5220656,56355,330,2878292,0,0,0,0,0.0,0,0,0,0,0,0,0,0,0,0,0.0,0,0.0,0.0068421715956314185,12.301783561706543,0.7460179339876926,4.567763328552246,0,0,0,0
1181,98711,79,pair_000_n5_000_control,control,1,0,0,12.470000000000002,0.13548333333333332,1092266,5225238,56396,330,2880803,0,0,0,0,0.0,0,0,0,0,0,0,0,0,0,0,0.0,0,0.0,0.006837888563190725,12.301783561706543,0.7457491153302855,4.567763328552246,0,0,0,0
1182,98777,66,pair_001_n5_001_conflict,conflict,0,1,0,1.4000000000000017,0.13537333333333332,1092662,5229066,56427,330,2882854,0,0,0,0,0.0,0,0,0,0,0,0,0,0,0,0,0.0,0,0.0,0.006833784516416025,12.301783561706543,0.7454688025248252,4.567763328552246,0,0,0,0
1183,98853,76,pair_010_n3_010_conflict,conflict,0,1,0,1.2500000000000018,0.13524666666666665,1093118,5233474,56459,334,2885260,0,0,0,0,0.0,0,0,0,0,0,0,0,0,0,0,0.0,0,0.0,0.006829202412332934,12.301783561706543,0.745262104119053,4.567763328552246,0,0,0,0
1184,98926,73,pair_007_n3_007_conflict,conflict,1,0,0,12.530000000000001,0.135125,1093556,5237708,56508,334,2887588,0,0,0,0,0.0,0,0,0,0,0,0,0,0,0,0,0.0,0,0.0,0.00683066654616818,12.301783561706543,0.7453160820955673,4.567763328552246,0,0,0,0
1185,98997,71,pair_012_n5_012_conflict,conflict,1,0,0,12.55,0.13500666666666666,1093982,5241826,56546,334,2889837,0,0,0,0,0.0,0,0,0,0,0,0,0,0,0,0,0.0,0,0.0,0.00682704980507539,12.301783561706543,0.745273371901995,4.567763328552246,0,0,0,0
1186,99076,79,pair_007_n3_007_control,control,1,0,0,12.470000000000002,0.134875,1094456,5246408,56607,334,2892360,0,0,0,0,0.0,0,0,0,0,0,0,0,0,0,0,0.0,0,0.0,0.006824389539355458,12.301783561706543,0.7451165999141717,4.567763328552246,0,0,0,0
1187,99152,76,pair_016_n5_016_conflict,conflict,1,0,0,12.500000000000002,0.13474833333333333,1094912,5250816,56672,334,2894782,0,0,0,0,0.0,0,0,0,0,0,0,0,0,0,0,0.0,0,0.0,0.006823214098602854,12.301783561706543,0.7450923531191896,4.567763328552246,0,0,0,0
1188,99223,71,pair_003_n3_003_control,control,1,0,0,12.550000000000002,0.13463,1095338,5254934,56697,335,2897008,0,0,0,0,0.0,0,0,0,0,0,0,0,0,0,0,0.0,0,0.0,0.006819036500854817,12.301783561706543,0.7449380425369141,4.567763328552246,0,0,0,0
1189,99309,86,pair_005_n3_005_control,control,1,0,0,12.400000000000002,0.13448666666666664,1095854,5259922,56741,336,2899750,0,0,0,0,0.0,0,0,0,0,0,0,0,0,0,0,0.0,0,0.0,0.006814158021112031,12.301783561706543,0.7446100914502888,4.567763328552246,0,0,0,0
1190,99392,83,pair_000_n3_000_conflict,conflict,1,0,0,12.430000000000001,0.13434833333333332,1096352,5264736,56778,336,2902346,0,0,0,0,0.0,0,0,0,0,0,0,0,0,0,0,0.0,0,0.0,0.006809778928667049,12.301783561706543,0.7443496398512505,4.567763328552246,0,0,0,0
1191,99464,72,pair_001_n3_001_conflict,conflict,1,0,0,12.540000000000001,0.1342283333333333,1096784,5268912,56806,336,2904592,0,0,0,0,0.0,0,0,0,0,0,0,0,0,0,0,0.0,0,0.0,0.006805783363068025,12.301783561706543,0.7442990505030518,4.567763328552246,0,0,0,0
1192,99543,79,pair_013_n5_013_conflict,conflict,1,0,0,12.470000000000002,0.13409666666666664,1097258,5273494,56858,336,2907116,0,0,0,0,0.0,0,0,0,0,0,0,0,0,0,0,0.0,0,0.0,0.006802485182080732,12.301783561706543,0.7441333279258349,4.567763328552246,0,0,0,0
1193,99621,78,pair_011_n5_011_control,control,0,1,0,1.4800000000000022,0.13396666666666665,1097726,5278018,56906,336,2909537,0,0,0,0,0.0,0,0,0,0,0,0,0,0,0,0,0.0,0,0.0,0.006799601158777417,12.301783561706543,0.7442039107984367,4.567763328552246,0,0,0,0
1194,99692,71,pair_007_n5_007_control,control,1,0,0,12.55,0.13384833333333332,1098152,5282136,56949,336,2911839,0,0,0,0,0.0,0,0,0,0,0,0,0,0,0,0,0.0,0,0.0,0.006795473310682973,12.301783561706543,0.7440118269150487,4.567763328552246,0,0,0,0
1195,99772,80,pair_009_n3_009_conflict,conflict,1,0,0,12.46,0.133715,1098632,5286776,56994,337,2914355,0,0,0,0,0.0,0,0,0,0,0,0,0,0,0,0,0.0,0,0.0,0.006792598752454907,12.301783561706543,0.7437639136035901,4.567763328552246,0,0,0,0
1196,99847,75,pair_016_n3_016_control,control,1,0,0,12.510000000000002,0.13359,1099082,5291126,57032,337,2916748,0,0,0,0,0.0,0,0,0,0,0,0,0,0,0,0,0.0,0,0.0,0.006788453408622642,12.301783561706543,0.7436781535779595,4.567763328552246,0,0,0,0
1197,99921,74,pair_003_n5_003_control,control,0,1,0,1.0700000000000012,0.13346666666666665,1099526,5295418,57074,337,2919092,0,0,0,0,0.0,0,0,0,0,0,0,0,0,0,0,0.0,0,0.0,0.006787107467033224,12.301783561706543,0.743426681691721,4.567763328552246,0,0,0,0
1198,100004,83,pair_010_n3_010_control,control,1,0,0,12.430000000000001,0.13332833333333333,1100000,5300256,57113,337,2921696,0,0,0,0,0.0,0,0,0,0,0,0,0,0,0,0,0.0,0,0.0,0.0067882249982971704,12.301783561706543,0.7435037025211306,4.567763328552246,0,0,0,0
1199,100080,76,pair_008_n5_008_control,control,1,0,0,12.500000000000002,0.13320166666666666,1100000,5305120,57161,337,2924318,0,0,0,0,0.0,0,0,0,0,0,0,0,0,0,0,0.0,0,0.0,0.006788341455122993,12.301783561706543,0.7434723049275492,4.567763328552246,0,0,0,0
1200,100157,77,pair_002_n5_002_control,control,1,0,0,12.490000000000002,0.13307333333333332,1100000,5310048,57199,337,2926933,0,0,0,0,0.0,0,0,0,0,0,0,0,0,0,0,0.0,0,0.0,0.006785414285330683,12.301783561706543,0.7434514449967148,4.567763328552246,0,0,0,0
1201,100227,70,pair_012_n3_012_control,control,1,0,0,12.560000000000002,0.13295666666666667,1100000,5314528,57232,337,2929389,0,0,0,0,0.0,0,0,0,0,0,0,0,0,0,0,0.0,0,0.0,0.006783651714083201,12.301783561706543,0.7434855038302294,4.567763328552246,0,0,0,0
1202,100313,86,pair_008_n5_008_conflict,conflict,1,0,0,12.400000000000002,0.1328133333333333,1100000,5320032,57291,338,2932389,0,0,0,0,0.0,0,0,0,0,0,0,0,0,0,0,0.0,0,0.0,0.0067797289231622355,12.301783561706543,0.7433312538352881,4.567763328552246,0,0,0,0
1203,100389,76,pair_003_n5_003_conflict,conflict,1,0,0,12.500000000000002,0.13268666666666665,1100000,5324896,57332,338,2935041,0,0,0,0,0.0,0,0,0,0,0,0,0,0,0,0,0.0,0,0.0,0.0067762058635024046,12.301783561706543,0.7431835187053103,4.567763328552246,0,0,0,0
1204,100462,73,pair_009_n5_009_conflict,conflict,1,0,0,12.530000000000001,0.132565,1100000,5329568,57372,338,2937626,0,0,0,0,0.0,0,0,0,0,0,0,0,0,0,0,0.0,0,0.0,0.0067734787407239235,12.301783561706543,0.742930500005431,4.567763328552246,0,0,0,0
1205,100537,75,pair_015_n3_015_conflict,conflict,1,0,0,12.510000000000002,0.13244,1100000,5334368,57415,338,2940241,0,0,0,0,0.0,0,0,0,0,0,0,0,0,0,0,0.0,0,0.0,0.006772268863351796,12.301783561706543,0.7427581779158603,4.567763328552246,0,0,0,0
1206,100627,90,pair_004_n3_004_conflict,conflict,1,0,0,12.360000000000001,0.13229,1100000,5340128,57474,338,2943508,0,0,0,0,0.0,0,0,0,0,0,0,0,0,0,0,0.0,0,0.0,0.00676849675086075,12.301783561706543,0.7427315694779499,4.567763328552246,0,0,0,0
1207,100697,70,pair_008_n3_008_conflict,conflict,1,0,0,12.560000000000002,0.1321733333333333,1100000,5344608,57515,338,2945954,0,0,0,0,0.0,0,0,0,0,0,0,0,0,0,0,0.0,0,0.0,0.006765989962801571,12.301783561706543,0.7425696835328524,4.567763328552246,0,0,0,0
1208,100769,72,pair_008_n3_008_control,control,0,1,0,1.4900000000000015,0.13205333333333333,1100000,5349216,57560,338,2948488,0,0,0,0,0.0,0,0,0,0,0,0,0,0,0,0,0.0,0,0.0,0.006762211033041044,12.301783561706543,0.7424619960353259,4.567763328552246,0,0,0,0
1209,100842,73,pair_017_n3_017_control,control,1,0,0,12.530000000000001,0.13193166666666667,1100000,5353888,57597,338,2951050,0,0,0,0,0.0,0,0,0,0,0,0,0,0,0,0,0.0,0,0.0,0.00675902084450538,12.301783561706543,0.7422579761705322,4.567763328552246,0,0,0,0
1210,100919,77,pair_016_n5_016_control,control,1,0,0,12.490000000000002,0.13180333333333333,1100000,5358816,57657,338,2953843,0,0,0,0,0.0,0,0,0,0,0,0,0,0,0,0,0.0,0,0.0,0.006755310447424244,12.301783561706543,0.7421833610295563,4.567763328552246,0,0,0,0
1211,100991,72,pair_002_n5_002_conflict,conflict,0,1,0,1.4900000000000015,0.13168333333333332,1100000,5363424,57700,338,2956416,0,0,0,0,0.0,0,0,0,0,0,0,0,0,0,0,0.0,0,0.0,0.006752351746039966,12.301783561706543,0.7419167577422235,4.567763328552246,0,0,0,0
1212,101079,88,pair_013_n3_013_control,control,1,0,0,12.380000000000003,0.13153666666666666,1100000,5369056,57763,338,2959539,0,0,0,0,0.0,0,0,0,0,0,0,0,0,0,0,0.0,0,0.0,0.006748302639925629,12.301783561706543,0.7419822724895824,4.567763328552246,0,0,0,0
1213,101164,85,pair_005_n3_005_conflict,conflict,0,1,0,1.3100000000000014,0.13139499999999998,1100000,5374496,57806,340,2962492,0,0,0,0,0.0,0,0,0,0,0,0,0,0,0,0,0.0,0,0.0,0.006744457582559112,12.301783561706543,0.7418833284323312,4.567763328552246,0,0,0,0
1214,101249,85,pair_004_n3_004_control,control,1,0,0,12.410000000000002,0.13125333333333333,1100000,5379936,57840,340,2965436,0,0,0,0,0.0,0,0,0,0,0,0,0,0,0,0,0.0,0,0.0,0.006739930309527885,12.301783561706543,0.7416785157082652,4.567763328552246,0,0,0,0
1215,101323,74,pair_009_n5_009_control,control,1,0,0,12.520000000000001,0.13113,1100000,5384672,57895,341,2968039,0,0,0,0,0.0,0,0,0,0,0,0,0,0,0,0,0.0,0,0.0,0.006738238790339826,12.301783561706543,0.7415405808167639,4.567763328552246,0,0,0,0
1216,101398,75,pair_017_n3_017_conflict,conflict,1,0,0,12.510000000000002,0.13100499999999998,1100000,5389472,57932,341,2970706,0,0,0,0,0.0,0,0,0,0,0,0,0,0,0,0,0.0,0,0.0,0.0067342885845488145,12.301783561706543,0.7414521933432127,4.567763328552246,0,0,0,0
1217,101469,71,pair_016_n3_016_conflict,conflict,1,0,0,12.55,0.13088666666666665,1100000,5394016,57977,341,2973200,0,0,0,0,0.0,0,0,0,0,0,0,0,0,0,0,0.0,0,0.0,0.00673054853862809,12.301783561706543,0.7413473402109068,4.567763328552246,0,0,0,0
1218,101551,82,pair_009_n3_009_control,control,1,0,0,12.440000000000001,0.13074999999999998,1100000,5399264,58025,341,2976044,0,0,0,0,0.0,0,0,0,0,0,0,0,0,0,0,0.0,0,0.0,0.006727193041492641,12.301783561706543,0.7411404147347552,4.567763328552246,0,0,0,0
1219,101624,73,pair_011_n5_011_conflict,conflict,1,0,0,12.530000000000001,0.13062833333333332,1100000,5403936,58071,341,2978489,0,0,0,0,0.0,0,0,0,0,0,0,0,0,0,0,0.0,0,0.0,0.006724837451843866,12.301783561706543,0.7410526964090584,4.567763328552246,0,0,0,0
1220,101700,76,pair_015_n3_015_control,control,1,0,0,12.500000000000002,0.13050166666666665,1100000,5408800,58119,341,2981073,0,0,0,0,0.0,0,0,0,0,0,0,0,0,0,0,0.0,0,0.0,0.006721236405722256,12.301783561706543,0.7409279416570387,4.567763328552246,0,0,0,0
1221,101784,84,pair_017_n5_017_control,control,1,0,0,12.420000000000002,0.13036166666666665,1100000,5414176,58186,344,2983975,0,0,0,0,0.0,0,0,0,0,0,0,0,0,0,0,0.0,0,0.0,0.006716971810822737,12.301783561706543,0.7407037173372951,4.567763328552246,0,0,0,0
1222,101854,70,pair_013_n3_013_conflict,conflict,1,0,0,12.560000000000002,0.130245,1100000,5418656,58239,344,2986400,0,0,0,0,0.0,0,0,0,0,0,0,0,0,0,0,0.0,0,0.0,0.006713390354180009,12.301783561706543,0.7404944153381264,4.567763328552246,0,0,0,0
1223,101931,77,pair_014_n3_014_conflict,conflict,1,0,0,12.490000000000002,0.13011666666666666,1100000,5423584,58279,344,2989061,0,0,0,0,0.0,0,0,0,0,0,0,0,0,0,0,0.0,0,0.0,0.006709378402673572,12.301783561706543,0.7402090398484859,4.567763328552246,0,0,0,0
1224,102009,78,pair_001_n3_001_conflict,conflict,1,0,0,12.48,0.12998666666666667,1100000,5428576,58332,346,2991830,0,0,0,0,0.0,0,0,0,0,0,0,0,0,0,0,0.0,0,0.0,0.006705644211505079,12.301783561706543,0.7401188211176191,4.567763328552246,0,0,0,0
1225,102100,91,pair_005_n5_005_control,control,1,0,0,12.350000000000001,0.12983499999999998,1100000,5434400,58359,347,2995054,0,0,0,0,0.0,0,0,0,0,0,0,0,0,0,0,0.0,0,0.0,0.0067014716501225665,12.301783561706543,0.7400805803981266,4.567763328552246,0,0,0,0
1226,102103,3,pair_005_n3_005_conflict,conflict,0,1,0,-0.92,0.12983,1100000,5434592,58362,347,2995159,0,0,0,0,0.0,0,0,0,0,0,0,0,0,0,0,0.0,0,0.0,0.006701331349392653,12.301783561706543,0.7400872012499584,4.567763328552246,0,0,0,0
1227,102227,124,pair_009_n5_009_conflict,conflict,1,0,0,12.020000000000001,0.1296233333333333,1100000,5442528,58465,347,2999468,0,0,0,0,0.0,0,0,0,0,0,0,0,0,0,0,0.0,0,0.0,0.006696140583548957,12.301783561706543,0.739880490289425,4.567763328552246,0,0,0,0
1228,102305,78,pair_014_n5_014_conflict,conflict,1,0,0,12.480000000000002,0.12949333333333332,1100000,5447520,58522,347,3002188,0,0,0,0,0.0,0,0,0,0,0,0,0,0,0,0,0.0,0,0.0,0.00669205663777808,12.301783561706543,0.7396572216681054,4.567763328552246,0,0,0,0
1229,102382,77,pair_000_n3_000_conflict,conflict,1,0,0,12.490000000000002,0.12936499999999998,1100000,5452448,58567,348,3005002,0,0,0,0,0.0,0,0,0,0,0,0,0,0,0,0,0.0,0,0.0,0.00668823088107997,12.301783561706543,0.7394322452788753,4.567763328552246,0,0,0,0
1230,102458,76,pair_014_n3_014_conflict,conflict,1,0,0,12.500000000000002,0.12923833333333332,1100000,5457312,58594,348,3007727,0,0,0,0,0.0,0,0,0,0,0,0,0,0,0,0,0.0,0,0.0,0.0066857081261168915,12.301783561706543,0.739341717297382,4.567763328552246,0,0,0,0
1231,102534,76,pair_006_n5_006_control,control,1,0,0,12.500000000000002,0.12911166666666665,1100000,5462176,58658,349,3010382,0,0,0,0,0.0,0,0,0,0,0,0,0,0,0,0,0.0,0,0.0,0.006681811560183685,12.301783561706543,0.7391968760138045,4.567763328552246,0,0,0,0
1232,102619,85,pair_002_n5_002_conflict,conflict,1,0,0,12.410000000000002,0.12897,1100000,5467616,58703,349,3013422,0,0,0,0,0.0,0,0,0,0,0,0,0,0,0,0,0.0,0,0.0,0.006678255810082393,12.301783561706543,0.7389366293482864,4.567763328552246,0,0,0,0
1233,102687,68,pair_016_n5_016_conflict,conflict,1,0,0,12.580000000000002,0.12885666666666665,1100000,5471968,58763,349,3015856,0,0,0,0,0.0,0,0,0,0,0,0,0,0,0,0,0.0,0,0.0,0.006676166042402303,12.301783561706543,0.7387644843134301,4.567763328552246,0,0,0,0
1234,102771,84,pair_001_n5_001_conflict,conflict,1,0,0,12.420000000000002,0.12871666666666665,1100000,5477344,58797,351,3018891,0,0,0,0,0.0,0,0,0,0,0,0,0,0,0,0,0.0,0,0.0,0.00667180394513606,12.301783561706543,0.7386310858393961,4.567763328552246,0,0,0,0
1235,102848,77,pair_012_n5_012_control,control,1,0,0,12.490000000000002,0.12858833333333333,1100000,5482272,58850,351,3021667,0,0,0,0,0.0,0,0,0,0,0,0,0,0,0,0,0.0,0,0.0,0.0066702119660931765,12.301783561706543,0.7384999374076364,4.567763328552246,0,0,0,0
1236,102923,75,pair_013_n3_013_control,control,1,0,0,12.510000000000002,0.12846333333333332,1100000,5487072,58892,351,3024328,0,0,0,0,0.0,0,0,0,0,0,0,0,0,0,0,0.0,0,0.0,0.00666652807979074,12.301783561706543,0.7383384353932322,4.567763328552246,0,0,0,0
1237,103004,81,pair_007_n5_007_control,control,1,0,0,12.450000000000001,0.12832833333333332,1100000,5492256,58957,351,3027271,0,0,0,0,0.0,0,0,0,0,0,0,0,0,0,0,0.0,0,0.0,0.006662440270385854,12.301783561706543,0.7381112171508943,4.567763328552246,0,0,0,0
1238,103070,66,pair_011_n5_011_control,control,0,1,0,1.2500000000000013,0.12821833333333332,1100000,5496480,59005,351,3029606,0,0,0,0,0.0,0,0,0,0,0,0,0,0,0,0,0.0,0,0.0,0.006658894932043478,12.301783561706543,0.737879540659021,4.567763328552246,0,0,0,0
1239,103148,78,pair_009_n5_009_control,control,1,0,0,12.480000000000002,0.12808833333333333,1100000,5501472,59061,352,3032443,0,0,0,0,0.0,0,0,0,0,0,0,0,0,0,0,0.0,0,0.0,0.006655859804062687,12.301783561706543,0.7376786462606019,4.567763328552246,0,0,0,0
1240,103221,73,pair_016_n5_016_control,control,1,0,0,12.530000000000001,0.12796666666666665,1100000,5506144,59122,352,3035063,0,0,0,0,0.0,0,0,0,0,0,0,0,0,0,0,0.0,0,0.0,0.006652280814449654,12.301783561706543,0.7375671223483466,4.567763328552246,0,0,0,0
1241,103293,72,pair_006_n5_006_conflict,conflict,1,0,0,12.540000000000001,0.12784666666666666,1100000,5510752,59173,352,3037667,0,0,0,0,0.0,0,0,0,0,0,0,0,0,0,0,0.0,0,0.0,0.006648835996570327,12.301783561706543,0.737393989953102,4.567763328552246,0,0,0,0
1242,103369,76,pair_012_n3_012_control,control,1,0,0,12.500000000000002,0.12772,1100000,5515616,59208,353,3040355,0,0,0,0,0.0,0,0,0,0,0,0,0,0,0,0,0.0,0,0.0,0.006646789197950614,12.301783561706543,0.7373129753312395,4.567763328552246,0,0,0,0
1243,103452,83,pair_016_n3_016_conflict,conflict,1,0,0,12.430000000000001,0.12758166666666665,1100000,5520928,59251,353,3043360,0,0,0,0,0.0,0,0,0,0,0,0,0,0,0,0,0.0,0,0.0,0.006642325141544313,12.301783561706543,0.7369998936997515,4.567763328552246,0,0,0,0
1244,103533,81,pair_003_n3_003_conflict,conflict,1,0,0,12.450000000000003,0.12744666666666665,1100000,5526112,59289,357,3046229,0,0,0,0,0.0,0,0,0,0,0,0,0,0,0,0,0.0,0,0.0,0.006639200403181351,12.301783561706543,0.7368345059306628,4.567763328552246,0,0,0,0
1245,103607,74,pair_014_n5_014_control,control,1,0,0,12.520000000000001,0.12732333333333332,1100000,5530848,59331,357,3048910,0,0,0,0,0.0,0,0,0,0,0,0,0,0,0,0,0.0,0,0.0,0.006636526998967152,12.301783561706543,0.7367966661082365,4.567763328552246,0,0,0,0
1246,103680,73,pair_010_n3_010_control,control,1,0,0,12.530000000000001,0.12720166666666666,1100000,5535520,59381,360,3051534,0,0,0,0,0.0,0,0,0,0,0,0,0,0,0,0,0.0,0,0.0,0.006632767346090453,12.301783561706543,0.7366487822178313,4.567763328552246,0,0,0,0
1247,103770,90,pair_004_n3_004_conflict,conflict,1,0,0,12.360000000000003,0.12705166666666665,1100000,5541280,59430,364,3054789,0,0,0,0,0.0,0,0,0,0,0,0,0,0,0,0,0.0,0,0.0,0.006630070116617529,12.301783561706543,0.736500262400216,4.567763328552246,0,0,0,0
1248,103840,70,pair_015_n3_015_conflict,conflict,1,0,0,12.560000000000002,0.126935,1100000,5545760,59470,365,3057299,0,0,0,0,0.0,0,0,0,0,0,0,0,0,0,0,0.0,0,0.0,0.006628139025022151,12.301783561706543,0.7366127328897858,4.567763328552246,0,0,0,0
1249,103923,83,pair_008_n5_008_control,control,1,0,0,12.430000000000001,0.12679666666666667,1100000,5551072,59508,366,3060314,0,0,0,0,0.0,0,0,0,0,0,0,0,0,0,0,0.0,0,0.0,0.0066271597372385815,12.301783561706543,0.7364785375610661,4.567763328552246,0,0,0,0
1250,103997,74,pair_017_n3_017_conflict,conflict,1,0,0,12.520000000000001,0.12667333333333333,1100000,5555808,59546,366,3062992,0,0,0,0,0.0,0,0,0,0,0,0,0,0,0,0,0.0,0,0.0,0.006625039028459283,12.301783561706543,0.7363135225810498,4.567763328552246,0,0,0,0
1251,104055,58,pair_013_n3_013_conflict,conflict,0,1,0,1.0800000000000014,0.12657666666666664,1100000,5559520,59574,366,3065111,0,0,0,0,0.0,0,0,0,0,0,0,0,0,0,0,0.0,0,0.0,0.006622284783152389,12.301783561706543,0.7363547811877439,4.567763328552246,0,0,0,0
1252,104129,74,pair_009_n3_009_control,control,1,0,0,12.520000000000001,0.12645333333333333,1100000,5564256,59615,367,3067752,0,0,0,0,0.0,0,0,0,0,0,0,0,0,0,0,0.0,0,0.0,0.006620231646301288,12.301783561706543,0.7362991028715287,4.567763328552246,0,0,0,0
1253,104218,89,pair_005_n3_005_control,control,1,0,0,12.370000000000001,0.126305,1100000,5569952,59659,368,3070998,0,0,0,0,0.0,0,0,0,0,0,0,0,0,0,0,0.0,0,0.0,0.006617688480611063,12.301783561706543,0.7360806599404037,4.567763328552246,0,0,0,0
1254,104298,80,pair_011_n3_011_control,control,1,0,0,12.460000000000003,0.12617166666666665,1100000,5575072,59699,370,3073861,0,0,0,0,0.0,0,0,0,0,0,0,0,0,0,0,0.0,0,0.0,0.006615507037216346,12.301783561706543,0.7358049038321249,4.567763328552246,0,0,0,0
1255,104383,85,pair_010_n5_010_conflict,conflict,0,1,0,1.1100000000000012,0.12602999999999998,1100000,5580512,59741,370,3076842,0,0,0,0,0.0,0,0,0,0,0,0,0,0,0,0,0.0,0,0.0,0.006616089018499239,12.301783561706543,0.7356830290546493,4.567763328552246,0,0,0,0
1256,104466,83,pair_007_n5_007_conflict,conflict,1,0,0,12.430000000000001,0.12589166666666665,1100000,5585824,59799,370,3079674,0,0,0,0,0.0,0,0,0,0,0,0,0,0,0,0,0.0,0,0.0,0.006614373054701802,12.301783561706543,0.7358762540165574,4.567763328552246,0,0,0,0
1257,104541,75,pair_009_n3_009_conflict,conflict,1,0,0,12.510000000000002,0.12576666666666667,1100000,5590624,59848,370,3082327,0,0,0,0,0.0,0,0,0,0,0,0,0,0,0,0,0.0,0,0.0,0.006612172723204468,12.301783561706543,0.73606329961962,4.567763328552246,0,0,0,0
1258,104621,80,pair_016_n3_016_control,control,1,0,0,12.46,0.12563333333333332,1100000,5595744,59898,370,3085194,0,0,0,0,0.0,0,0,0,0,0,0,0,0,0,0,0.0,0,0.0,0.006610045445036149,12.301783561706543,0.7359106796744546,4.567763328552246,0,0,0,0
1259,104697,76,pair_002_n3_002_control,control,1,0,0,12.500000000000002,0.12550666666666666,1100000,5600608,59934,370,3087904,0,0,0,0,0.0,0,0,0,0,0,0,0,0,0,0,0.0,0,0.0,0.006607310607953844,12.301783561706543,0.7360861769572342,4.567763328552246,0,0,0,0
1260,104775,78,pair_011_n5_011_conflict,conflict,1,0,0,12.48,0.12537666666666666,1100000,5605600,59987,371,3090726,0,0,0,0,0.0,0,0,0,0,0,0,0,0,0,0,0.0,0,0.0,0.006605106831596273,12.301783561706543,0.7361256269302971,4.567763328552246,0,0,0,0
1261,104846,71,pair_006_n3_006_conflict,conflict,1,0,0,12.55,0.12525833333333333,1100000,5610144,60019,371,3093297,0,0,0,0,0.0,0,0,0,0,0,0,0,0,0,0,0.0,0,0.0,0.006603129391958558,12.301783561706543,0.7360141608784515,4.567763328552246,0,0,0,0
1262,104926,80,pair_008_n3_008_conflict,conflict,1,0,0,12.46,0.125125,1100000,5615264,60058,373,3096145,0,0,0,0,0.0,0,0,0,0,0,0,0,0,0,0,0.0,0,0.0,0.006600321639191681,12.301783561706543,0.73609496588287,4.567763328552246,0,0,0,0
1263,105000,74,pair_004_n5_004_control,control,1,0,0,12.520000000000001,0.12500166666666665,1100000,5620000,60100,374,3098791,0,0,0,0,0.0,0,0,0,0,0,0,0,0,0,0,0.0,0,0.0,0.006597104552687129,12.301783561706543,0.7360238376378481,4.567763328552246,0,0,0,0
1264,105076,76,pair_015_n3_015_control,control,1,0,0,12.500000000000002,0.12487499999999999,1100000,5624864,60146,374,3101553,0,0,0,0,0.0,0,0,0,0,0,0,0,0,0,0,0.0,0,0.0,0.006593654073312215,12.301783561706543,0.7357920020131945,4.567763328552246,0,0,0,0
1265,105144,68,pair_001_n5_001_control,control,1,0,0,12.580000000000002,0.12476166666666666,1100000,5629216,60200,375,3103917,0,0,0,0,0.0,0,0,0,0,0,0,0,0,0,0,0.0,0,0.0,0.006590347952400973,12.301783561706543,0.7356898307677951,4.567763328552246,0,0,0,0
1266,105215,71,pair_013_n5_013_conflict,conflict,1,0,0,12.55,0.12464333333333333,1100000,5633760,60252,375,3106419,0,0,0,0,0.0,0,0,0,0,0,0,0,0,0,0,0.0,0,0.0,0.006588270089365186,12.301783561706543,0.7355879846670327,4.567763328552246,0,0,0,0
1267,105298,83,pair_015_n5_015_conflict,conflict,1,0,0,12.430000000000001,0.12450499999999998,1100000,5639072,60310,375,3109413,0,0,0,0,0.0,0,0,0,0,0,0,0,0,0,0,0.0,0,0.0,0.006584822936789247,12.301783561706543,0.7354589408051576,4.567763328552246,0,0,0,0
1268,105371,73,pair_004_n3_004_control,control,0,1,0,1.4800000000000013,0.12438333333333332,1100000,5643744,60330,377,3111979,0,0,0,0,0.0,0,0,0,0,0,0,0,0,0,0,0.0,0,0.0,0.006581836032924435,12.301783561706543,0.735267155150424,4.567763328552246,0,0,0,0
1269,105447,76,pair_007_n3_007_conflict,conflict,1,0,0,12.500000000000002,0.12425666666666665,1100000,5648608,60386,377,3114693,0,0,0,0,0.0,0,0,0,0,0,0,0,0,0,0,0.0,0,0.0,0.006578464236298504,12.301783561706543,0.7350495503123619,4.567763328552246,0,0,0,0
1270,105525,78,pair_015_n5_015_control,control,1,0,0,12.48,0.12412666666666666,1100000,5653600,60439,377,3117442,0,0,0,0,0.0,0,0,0,0,0,0,0,0,0,0,0.0,0,0.0,0.0065748457612710125,12.301783561706543,0.7350741064802141,4.567763328552246,0,0,0,0
1271,105602,77,pair_000_n5_000_control,control,1,0,0,12.490000000000002,0.12399833333333332,1100000,5658528,60497,377,3120205,0,0,0,0,0.0,0,0,0,0,0,0,0,0,0,0,0.0,0,0.0,0.006571730711848358,12.301783561706543,0.7349597259144582,4.567763328552246,0,0,0,0
1272,105685,83,pair_012_n5_012_conflict,conflict,1,0,0,12.430000000000001,0.12386,1100000,5663840,60543,377,3123196,0,0,0,0,0.0,0,0,0,0,0,0,0,0,0,0,0.0,0,0.0,0.006568052403948254,12.301783561706543,0.7348654619002367,4.567763328552246,0,0,0,0
1273,105769,84,pair_008_n5_008_conflict,conflict,1,0,0,12.420000000000002,0.12372,1100000,5669216,60597,377,3126246,0,0,0,0,0.0,0,0,0,0,0,0,0,0,0,0,0.0,0,0.0,0.0065641850123398975,12.301783561706543,0.7347932588434436,4.567763328552246,0,0,0,0
1274,105846,77,pair_002_n5_002_control,control,1,0,0,12.490000000000002,0.12359166666666666,1100000,5674144,60636,379,3129062,0,0,0,0,0.0,0,0,0,0,0,0,0,0,0,0,0.0,0,0.0,0.006560615706916968,12.301783561706543,0.7347333257675763,4.567763328552246,0,0,0,0
1275,105919,73,pair_002_n3_002_conflict,conflict,1,0,0,12.530000000000001,0.12347,1100000,5678816,60664,379,3131704,0,0,0,0,0.0,0,0,0,0,0,0,0,0,0,0,0.0,0,0.0,0.006557368025985872,12.301783561706543,0.7346646507108329,4.567763328552246,0,0,0,0
1276,106002,83,pair_003_n3_003_control,control,1,0,0,12.430000000000001,0.12333166666666665,1100000,5684128,60699,379,3134682,0,0,0,0,0.0,0,0,0,0,0,0,0,0,0,0,0.0,0,0.0,0.006553556620398915,12.301783561706543,0.7346054666751238,4.567763328552246,0,0,0,0
1277,106078,76,pair_017_n5_017_control,control,1,0,0,12.500000000000002,0.12320499999999998,1100000,5688992,60747,379,3137413,0,0,0,0,0.0,0,0,0,0,0,0,0,0,0,0,0.0,0,0.0,0.006550031261882555,12.301783561706543,0.7344085453756463,4.567763328552246,0,0,0,0
1278,106159,81,pair_008_n3_008_control,control,1,0,0,12.450000000000001,0.12306999999999998,1100000,5694176,60788,380,3140413,0,0,0,0,0.0,0,0,0,0,0,0,0,0,0,0,0.0,0,0.0,0.00654656437279926,12.301783561706543,0.7341651299158255,4.567763328552246,0,0,0,0
1279,106230,71,pair_001_n3_001_control,control,1,0,0,12.55,0.12295166666666665,1100000,5698720,60814,380,3143030,0,0,0,0,0.0,0,0,0,0,0,0,0,0,0,0,0.0,0,0.0,0.006543795483034574,12.301783561706543,0.7340905383575028,4.567763328552246,0,0,0,0
1280,106301,71,pair_017_n5_017_conflict,conflict,1,0,0,12.55,0.12283333333333332,1100000,5703264,60856,380,3145604,0,0,0,0,0.0,0,0,0,0,0,0,0,0,0,0,0.0,0,0.0,0.006540718654062487,12.301783561706543,0.7340609538301814,4.567763328552246,0,0,0,0
1281,106378,77,pair_017_n3_017_control,control,1,0,0,12.490000000000002,0.12270499999999998,1100000,5708192,60893,380,3148367,0,0,0,0,0.0,0,0,0,0,0,0,0,0,0,0,0.0,0,0.0,0.006536850047839857,12.301783561706543,0.7338114950145648,4.567763328552246,0,0,0,0
1282,106454,76,pair_000_n3_000_control,control,1,0,0,12.500000000000002,0.12257833333333332,1100000,5713056,60933,382,3151133,0,0,0,0,0.0,0,0,0,0,0,0,0,0,0,0,0.0,0,0.0,0.0065333142673841185,12.301783561706543,0.7338403639836739,4.567763328552246,0,0,0,0
1283,106535,81,pair_014_n3_014_control,control,1,0,0,12.450000000000001,0.12244333333333332,1100000,5718240,60970,382,3154118,0,0,0,0,0.0,0,0,0,0,0,0,0,0,0,0,0.0,0,0.0,0.006529358316562718,12.301783561706543,0.7336262871141016,4.567763328552246,0,0,0,0
1284,106617,82,pair_012_n3_012_conflict,conflict,1,0,0,12.440000000000001,0.12230666666666665,1100000,5723488,61012,382,3157124,0,0,0,0,0.0,0,0,0,0,0,0,0,0,0,0,0.0,0,0.0,0.006525461586859991,12.301783561706543,0.7335715162635204,4.567763328552246,0,0,0,0
1285,106689,72,pair_000_n5_000_conflict,conflict,1,0,0,12.540000000000001,0.12218666666666667,1100000,5728096,61057,382,3159805,0,0,0,0,0.0,0,0,0,0,0,0,0,0,0,0,0.0,0,0.0,0.00652176238240708,12.301783561706543,0.7333547728127225,4.567763328552246,0,0,0,0
1286,106766,77,pair_007_n3_007_control,control,1,0,0,12.490000000000002,0.12205833333333332,1100000,5733024,61099,382,3162640,0,0,0,0,0.0,0,0,0,0,0,0,0,0,0,0,0.0,0,0.0,0.006517778730345142,12.301783561706543,0.733124837408944,4.567763328552246,0,0,0,0
1287,106851,85,pair_011_n3_011_conflict,conflict,1,0,0,12.410000000000002,0.12191666666666665,1100000,5738464,61149,384,3165803,0,0,0,0,0.0,0,0,0,0,0,0,0,0,0,0,0.0,0,0.0,0.006513402849582212,12.301783561706543,0.732811365506087,4.567763328552246,0,0,0,0
1288,106935,84,pair_010_n3_010_conflict,conflict,1,0,0,12.420000000000002,0.12177666666666664,1100000,5743840,61203,384,3168950,0,0,0,0,0.0,0,0,0,0,0,0,0,0,0,0,0.0,0,0.0,0.006509057902348857,12.301783561706543,0.7325831594403815,4.567763328552246,0,0,0,0
1289,107008,73,pair_013_n5_013_control,control,1,0,0,12.530000000000001,0.12165499999999999,1100000,5748512,61261,384,3171668,0,0,0,0,0.0,0,0,0,0,0,0,0,0,0,0,0.0,0,0.0,0.006505319832992757,12.301783561706543,0.7324544522285648,4.567763328552246,0,0,0,0
1290,107079,71,pair_003_n5_003_conflict,conflict,1,0,0,12.55,0.12153666666666665,1100000,5753056,61312,384,3174320,0,0,0,0,0.0,0,0,0,0,0,0,0,0,0,0,0.0,0,0.0,0.0065016671412585995,12.301783561706543,0.7322285936013438,4.567763328552246,0,0,0,0
1291,107161,82,pair_010_n5_010_control,control,1,0,0,12.440000000000001,0.12139999999999998,1100000,5758304,61377,385,3177368,0,0,0,0,0.0,0,0,0,0,0,0,0,0,0,0,0.0,0,0.0,0.006498084366804065,12.301783561706543,0.7322450846361261,4.567763328552246,0,0,0,0
1292,107236,75,pair_003_n5_003_control,control,1,0,0,12.510000000000002,0.121275,1100000,5763104,61429,385,3180212,0,0,0,0,0.0,0,0,0,0,0,0,0,0,0,0,0.0,0,0.0,0.006494257050800221,12.301783561706543,0.7320893594027377,4.567763328552246,0,0,0,0
1293,107336,100,pair_005_n5_005_conflict,conflict,1,0,0,12.260000000000002,0.12110833333333332,1100000,5769504,61501,385,3183970,0,0,0,0,0.0,0,0,0,0,0,0,0,0,0,0,0.0,0,0.0,0.006489170632396812,12.301783561706543,0.7318379763281476,4.567763328552246,0,0,0,0
1294,107419,83,pair_004_n5_004_conflict,conflict,1,0,0,12.430000000000001,0.12097,1100000,5774816,61555,385,3187133,0,0,0,0,0.0,0,0,0,0,0,0,0,0,0,0,0.0,0,0.0,0.006485272515121031,12.301783561706543,0.7316930380521834,4.567763328552246,0,0,0,0
1295,107494,75,pair_006_n3_006_control,control,1,0,0,12.510000000000002,0.12084499999999998,1100000,5779616,61596,385,3190010,0,0,0,0,0.0,0,0,0,0,0,0,0,0,0,0,0.0,0,0.0,0.006481661306114648,12.301783561706543,0.7315770499024605,4.567763328552246,0,0,0,0
1296,107568,74,pair_002_n5_002_conflict,conflict,1,0,0,12.520000000000001,0.12072166666666664,1100000,5784352,61628,387,3192788,0,0,0,0,0.0,0,0,0,0,0,0,0,0,0,0,0.0,0,0.0,0.00647783748779859,12.301783561706543,0.7313303444489518,4.567763328552246,0,0,0,0
1297,107645,77,pair_008_n5_008_control,control,1,0,0,12.490000000000002,0.12059333333333333,1100000,5789280,61677,387,3195673,0,0,0,0,0.0,0,0,0,0,0,0,0,0,0,0,0.0,0,0.0,0.006474430219128935,12.301783561706543,0.7312751899244313,4.567763328552246,0,0,0,0
1298,107724,79,pair_013_n3_013_control,control,1,0,0,12.470000000000002,0.12046166666666666,1100000,5794336,61724,387,3198697,0,0,0,0,0.0,0,0,0,0,0,0,0,0,0,0,0.0,0,0.0,0.006470980633801935,12.301783561706543,0.7311212993919446,4.567763328552246,0,0,0,0
1299,107807,83,pair_009_n5_009_conflict,conflict,1,0,0,12.430000000000001,0.12032333333333331,1100000,5799648,61780,387,3201805,0,0,0,0,0.0,0,0,0,0,0,0,0,0,0,0,0.0,0,0.0,0.006466826411962192,12.301783561706543,0.7309119295625788,4.567763328552246,0,0,0,0
1300,107879,72,pair_015_n3_015_conflict,conflict,1,0,0,12.540000000000001,0.12020333333333333,1100000,5804256,61824,387,3204512,0,0,0,0,0.0,0,0,0,0,0,0,0,0,0,0,0.0,0,0.0,0.006463236284900477,12.301783561706543,0.7307768742161078,4.567763328552246,0,0,0,0
1301,107959,80,pair_009_n5_009_control,control,1,0,0,12.46,0.12006999999999998,1100000,5809376,61892,387,3207564,0,0,0,0,0.0,0,0,0,0,0,0,0,0,0,0,0.0,0,0.0,0.006459200352339957,12.301783561706543,0.7306636260118189,4.567763328552246,0,0,0,0
1302,108037,78,pair_011_n3_011_conflict,conflict,1,0,0,12.48,0.11993999999999999,1100000,5814368,61935,387,3210608,0,0,0,0,0.0,0,0,0,0,0,0,0,0,0,0,0.0,0,0.0,0.006455173409250578,12.301783561706543,0.7304492601630085,4.567763328552246,0,0,0,0
1303,108133,96,pair_004_n5_004_control,control,1,0,0,12.3,0.11978,1100000,5820512,61979,387,3214312,0,0,0,0,0.0,0,0,0,0,0,0,0,0,0,0,0.0,0,0.0,0.006450930369630998,12.301783561706543,0.7302546841070143,4.567763328552246,0,0,0,0
1304,108216,83,pair_017_n3_017_conflict,conflict,1,0,0,12.430000000000001,0.11964166666666665,1100000,5825824,62027,387,3217450,0,0,0,0,0.0,0,0,0,0,0,0,0,0,0,0,0.0,0,0.0,0.006447257688324889,12.301783561706543,0.7301091246279425,4.567763328552246,0,0,0,0
1305,108293,77,pair_013_n5_013_conflict,conflict,1,0,0,12.490000000000002,0.11951333333333333,1100000,5830752,62077,387,3220387,0,0,0,0,0.0,0,0,0,0,0,0,0,0,0,0,0.0,0,0.0,0.006443525369944162,12.301783561706543,0.7298331694906423,4.567763328552246,0,0,0,0
1306,108384,91,pair_010_n5_010_control,control,1,0,0,12.350000000000001,0.11936166666666664,1100000,5836576,62148,390,3223832,0,0,0,0,0.0,0,0,0,0,0,0,0,0,0,0,0.0,0,0.0,0.006439166250240274,12.301783561706543,0.729637888448076,4.567763328552246,0,0,0,0
1307,108461,77,pair_012_n3_012_control,control,1,0,0,12.490000000000002,0.11923333333333333,1100000,5841504,62195,390,3226823,0,0,0,0,0.0,0,0,0,0,0,0,0,0,0,0,0.0,0,0.0,0.006435301143308565,12.301783561706543,0.7294547560550564,4.567763328552246,0,0,0,0
1308,108549,88,pair_015_n3_015_control,control,1,0,0,12.38,0.11908666666666665,1100000,5847136,62252,392,3230147,0,0,0,0,0.0,0,0,0,0,0,0,0,0,0,0,0.0,0,0.0,0.006430937352444835,12.301783561706543,0.7292652761599676,4.567763328552246,0,0,0,0
1309,108627,78,pair_017_n3_017_control,control,1,0,0,12.48,0.11895666666666666,1100000,5852128,62301,394,3233163,0,0,0,0,0.0,0,0,0,0,0,0,0,0,0,0,0.0,0,0.0,0.006427122560028115,12.301783561706543,0.7290615819172396,4.567763328552246,0,0,0,0
1310,108698,71,pair_000_n3_000_conflict,conflict,1,0,0,12.55,0.11883833333333332,1100000,5856672,62337,394,3235891,0,0,0,0,0.0,0,0,0,0,0,0,0,0,0,0,0.0,0,0.0,0.006423638316787733,12.301783561706543,0.7289276514468478,4.567763328552246,0,0,0,0
1311,108773,75,pair_006_n5_006_control,control,1,0,0,12.510000000000002,0.11871333333333331,1100000,5861472,62401,394,3238755,0,0,0,0,0.0,0,0,0,0,0,0,0,0,0,0,0.0,0,0.0,0.006419866294671237,12.301783561706543,0.7287878098397791,4.567763328552246,0,0,0,0
1312,108857,84,pair_003_n3_003_conflict,conflict,1,0,0,12.420000000000002,0.11857333333333331,1100000,5866848,62433,394,3241993,0,0,0,0,0.0,0,0,0,0,0,0,0,0,0,0,0.0,0,0.0,0.006415805514100848,12.301783561706543,0.7285791417346991,4.567763328552246,0,0,0,0
1313,108929,72,pair_006_n5_006_conflict,conflict,1,0,0,12.540000000000001,0.11845333333333333,1100000,5871456,62482,394,3244829,0,0,0,0,0.0,0,0,0,0,0,0,0,0,0,0,0.0,0,0.0,0.006412572275657402,12.301783561706543,0.7285116185831481,4.567763328552246,0,0,0,0
1314,109009,80,pair_002_n5_002_control,control,1,0,0,12.46,0.11831999999999998,1100000,5876576,62519,395,3247904,0,0,0,0,0.0,0,0,0,0,0,0,0,0,0,0,0.0,0,0.0,0.006408609562230053,12.301783561706543,0.728425341007063,4.567763328552246,0,0,0,0
1315,109083,74,pair_017_n5_017_control,control,1,0,0,12.520000000000001,0.11819666666666664,1100000,5881312,62564,395,3250758,0,0,0,0,0.0,0,0,0,0,0,0,0,0,0,0,0.0,0,0.0,0.00640518276290618,12.301783561706543,0.7282792922248633,4.567763328552246,0,0,0,0
1316,109155,72,pair_016_n5_016_conflict,conflict,0,1,0,0.890000000000001,0.11807666666666666,1100000,5885920,62607,395,3253489,0,0,0,0,0.0,0,0,0,0,0,0,0,0,0,0,0.0,0,0.0,0.006401972255161388,12.301783561706543,0.7283824578526714,4.567763328552246,0,0,0,0
1317,109227,72,pair_001_n5_001_control,control,1,0,0,12.540000000000001,0.11795666666666665,1100000,5890528,62650,395,3256247,0,0,0,0,0.0,0,0,0,0,0,0,0,0,0,0,0.0,0,0.0,0.006400020285340164,12.301783561706543,0.7283931599912244,4.567763328552246,0,0,0,0
1318,109306,79,pair_013_n3_013_conflict,conflict,1,0,0,12.470000000000002,0.11782499999999999,1100000,5895584,62697,395,3259342,0,0,0,0,0.0,0,0,0,0,0,0,0,0,0,0,0.0,0,0.0,0.006396295552174854,12.301783561706543,0.7281410710779719,4.567763328552246,0,0,0,0
1319,109378,72,pair_009_n3_009_control,control,1,0,0,12.540000000000001,0.11770499999999998,1100000,5900192,62756,395,3262089,0,0,0,0,0.0,0,0,0,0,0,0,0,0,0,0,0.0,0,0.0,0.00639268758078512,12.301783561706543,0.7279292675509755,4.567763328552246,0,0,0,0
1320,109458,80,pair_005_n3_005_control,control,1,0,0,12.46,0.11757166666666666,1100000,5905312,62788,396,3265177,0,0,0,0,0.0,0,0,0,0,0,0,0,0,0,0,0.0,0,0.0,0.006390094514004811,12.301783561706543,0.7277484494070428,4.567763328552246,0,0,0,0
1321,109530,72,pair_003_n5_003_conflict,conflict,1,0,0,12.540000000000003,0.11745166666666665,1100000,5909920,62824,398,3267938,0,0,0,0,0.0,0,0,0,0,0,0,0,0,0,0,0.0,0,0.0,0.006386537112455009,12.301783561706543,0.7276251497285879,4.567763328552246,0,0,0,0
1322,109616,86,pair_008_n3_008_control,control,1,0,0,12.400000000000002,0.11730833333333332,1100000,5915424,62870,399,3271252,0,0,0,0,0.0,0,0,0,0,0,0,0,0,0,0,0.0,0,0.0,0.0063855278380874165,12.301783561706543,0.7275860963993427,4.567763328552246,0,0,0,0
1323,109687,71,pair_007_n5_007_conflict,conflict,0,1,0,1.3000000000000016,0.11718999999999999,1100000,5919968,62916,401,3273948,0,0,0,0,0.0,0,0,0,0,0,0,0,0,0,0,0.0,0,0.0,0.006382139858724042,12.301783561706543,0.7274838361911335,4.567763328552246,0,0,0,0
1324,109755,68,pair_011_n5_011_conflict,conflict,1,0,0,12.580000000000002,0.11707666666666666,1100000,5924320,62961,403,3276570,0,0,0,0,0.0,0,0,0,0,0,0,0,0,0,0,0.0,0,0.0,0.006378755143339825,12.301783561706543,0.7273225397426686,4.567763328552246,0,0,0,0
1325,109834,79,pair_016_n5_016_control,control,1,0,0,12.470000000000002,0.116945,1100000,5929376,63020,403,3279580,0,0,0,0,0.0,0,0,0,0,0,0,0,0,0,0,0.0,0,0.0,0.00637499487319188,12.301783561706543,0.7271884218056257,4.567763328552246,0,0,0,0
1326,109912,78,pair_010_n5_010_conflict,conflict,1,0,0,12.480000000000002,0.116815,1100000,5934368,63055,403,3282559,0,0,0,0,0.0,0,0,0,0,0,0,0,0,0,0,0.0,0,0.0,0.006371984607567477,12.301783561706543,0.7270918906169394,4.567763328552246,0,0,0,0
1327,109987,75,pair_002_n3_002_control,control,1,0,0,12.510000000000002,0.11668999999999999,1100000,5939168,63091,404,3285420,0,0,0,0,0.0,0,0,0,0,0,0,0,0,0,0,0.0,0,0.0,0.006368566401098737,12.301783561706543,0.726987103958321,4.567763328552246,0,0,0,0
1328,110053,66,pair_008_n3_008_conflict,conflict,1,0,0,12.600000000000001,0.11657999999999999,1100000,5943392,63114,404,3287936,0,0,0,0,0.0,0,0,0,0,0,0,0,0,0,0,0.0,0,0.0,0.006365611041838406,12.301783561706543,0.7268686534278415,4.567763328552246,0,0,0,0
1329,110122,69,pair_014_n5_014_control,control,1,0,0,12.570000000000002,0.11646499999999999,1100000,5947808,63143,404,3290533,0,0,0,0,0.0,0,0,0,0,0,0,0,0,0,0,0.0,0,0.0,0.006363506310962276,12.301783561706543,0.7269014436297622,4.567763328552246,0,0,0,0
1330,110201,79,pair_006_n3_006_conflict,conflict,1,0,0,12.470000000000002,0.11633333333333332,1100000,5952864,63188,404,3293575,0,0,0,0,0.0,0,0,0,0,0,0,0,0,0,0,0.0,0,0.0,0.0063603736224760775,12.301783561706543,0.7267506070419294,4.567763328552246,0,0,0,0
1331,110274,73,pair_007_n3_007_conflict,conflict,1,0,0,12.530000000000001,0.11621166666666666,1100000,5957536,63230,405,3296405,0,0,0,0,0.0,0,0,0,0,0,0,0,0,0,0,0.0,0,0.0,0.006356768934946622,12.301783561706543,0.7265104132738371,4.567763328552246,0,0,0,0
1332,110346,72,pair_001_n3_001_control,control,0,1,0,1.4900000000000015,0.11609166666666665,1100000,5962144,63259,406,3299182,0,0,0,0,0.0,0,0,0,0,0,0,0,0,0,0,0.0,0,0.0,0.006353424486593004,12.301783561706543,0.726297240869925,4.567763328552246,0,0,0,0
1333,110418,72,pair_007_n3_007_control,control,1,0,0,12.540000000000003,0.11597166666666667,1100000,5966752,63304,406,3301945,0,0,0,0,0.0,0,0,0,0,0,0,0,0,0,0,0.0,0,0.0,0.006351944510571452,12.301783561706543,0.7260670938647276,4.567763328552246,0,0,0,0
1334,110493,75,pair_001_n3_001_conflict,conflict,1,0,0,12.510000000000002,0.11584666666666665,1100000,5971552,63353,406,3304805,0,0,0,0,0.0,0,0,0,0,0,0,0,0,0,0,0.0,0,0.0,0.0063484794349166875,12.301783561706543,0.7258527979201654,4.567763328552246,0,0,0,0
1335,110574,81,pair_003_n3_003_control,control,1,0,0,12.450000000000001,0.11571166666666666,1100000,5976736,63377,406,3307921,0,0,0,0,0.0,0,0,0,0,0,0,0,0,0,0,0.0,0,0.0,0.00634494693796877,12.301783561706543,0.7255791223540222,4.567763328552246,0,0,0,0
1336,110653,79,pair_014_n3_014_control,control,1,0,0,12.470000000000002,0.11557999999999999,1100000,5981792,63444,406,3310956,0,0,0,0,0.0,0,0,0,0,0,0,0,0,0,0,0.0,0,0.0,0.006341917859719493,12.301783561706543,0.7254711050352788,4.567763328552246,0,0,0,0
1337,110728,75,pair_014_n3_014_conflict,conflict,1,0,0,12.510000000000002,0.115455,1100000,5986592,63468,406,3313823,0,0,0,0,0.0,0,0,0,0,0,0,0,0,0,0,0.0,0,0.0,0.00633863750724295,12.301783561706543,0.7253510811862115,4.567763328552246,0,0,0,0
1338,110799,71,pair_004_n3_004_conflict,conflict,1,0,0,12.55,0.11533666666666664,1100000,5991136,63487,408,3316517,0,0,0,0,0.0,0,0,0,0,0,0,0,0,0,0,0.0,0,0.0,0.006336676812223117,12.301783561706543,0.7251583228222642,4.567763328552246,0,0,0,0
1339,110876,77,pair_009_n3_009_conflict,conflict,1,0,0,12.490000000000002,0.11520833333333333,1100000,5996064,63550,408,3319415,0,0,0,0,0.0,0,0,0,0,0,0,0,0,0,0,0.0,0,0.0,0.006333369293802842,12.301783561706543,0.7249908217899008,4.567763328552246,0,0,0,0
1340,110952,76,pair_006_n3_006_control,control,1,0,0,12.500000000000002,0.11508166666666667,1100000,6000928,63585,408,3322280,0,0,0,0,0.0,0,0,0,0,0,0,0,0,0,0,0.0,0,0.0,0.006331591571438195,12.301783561706543,0.724797201446126,4.567763328552246,0,0,0,0
1341,111018,66,pair_015_n5_015_conflict,conflict,1,0,0,12.600000000000001,0.11497166666666667,1100000,6005152,63635,409,3324782,0,0,0,0,0.0,0,0,0,0,0,0,0,0,0,0,0.0,0,0.0,0.006328879642484446,12.301783561706543,0.7246790114205929,4.567763328552246,0,0,0,0
1342,111090,72,pair_012_n5_012_conflict,conflict,1,0,0,12.540000000000001,0.11485166666666666,1100000,6009760,63682,409,3327516,0,0,0,0,0.0,0,0,0,0,0,0,0,0,0,0,0.0,0,0.0,0.00632693499871421,12.301783561706543,0.724549187193439,4.567763328552246,0,0,0,0
1343,111162,72,pair_004_n5_004_conflict,conflict,0,1,0,1.4400000000000017,0.11473166666666665,1100000,6014368,63706,410,3330218,0,0,0,0,0.0,0,0,0,0,0,0,0,0,0,0,0.0,0,0.0,0.006323586547322163,12.301783561706543,0.7244166378540416,4.567763328552246,0,0,0,0
1344,111235,73,pair_001_n5_001_conflict,conflict,1,0,0,12.530000000000001,0.11460999999999999,1100000,6019040,63743,411,3332905,0,0,0,0,0.0,0,0,0,0,0,0,0,0,0,0,0.0,0,0.0,0.00632161541688578,12.301783561706543,0.7242544208140744,4.567763328552246,0,0,0,0
1345,111313,78,pair_004_n3_004_control,control,1,0,0,12.480000000000002,0.11448,1100000,6024032,63772,411,3335840,0,0,0,0,0.0,0,0,0,0,0,0,0,0,0,0,0.0,0,0.0,0.006318229806062727,12.301783561706543,0.7242289136662454,4.567763328552246,0,0,0,0
1346,111392,79,pair_012_n3_012_conflict,conflict,1,0,0,12.470000000000002,0.11434833333333333,1100000,6029088,63805,411,3338746,0,0,0,0,0.0,0,0,0,0,0,0,0,0,0,0,0.0,0,0.0,0.006315941251279323,12.301783561706543,0.7241105687461328,4.567763328552246,0,0,0,0
1347,111468,76,pair_015_n5_015_control,control,1,0,0,12.500000000000002,0.11422166666666667,1100000,6033952,63838,411,3341556,0,0,0,0,0.0,0,0,0,0,0,0,0,0,0,0,0.0,0,0.0,0.006314290069772763,12.301783561706543,0.7242453350319685,4.567763328552246,0,0,0,0
1348,111612,144,pair_005_n3_005_conflict,conflict,0,1,0,0.7700000000000009,0.11398166666666665,1100000,6043168,63864,411,3346857,0,0,0,0,0.0,0,0,0,0,0,0,0,0,0,0,0.0,0,0.0,0.006309880274447357,12.301783561706543,0.7239770934816334,4.567763328552246,0,0,0,0
1349,111680,68,pair_017_n5_017_conflict,conflict,1,0,0,12.580000000000002,0.11386833333333332,1100000,6047520,63903,411,3349328,0,0,0,0,0.0,0,0,0,0,0,0,0,0,0,0,0.0,0,0.0,0.006309177900323743,12.301783561706543,0.7239907915483463,4.567763328552246,0,0,0,0
1350,111754,74,pair_000_n5_000_control,control,1,0,0,12.520000000000001,0.11374499999999999,1100000,6052256,63939,411,3352056,0,0,0,0,0.0,0,0,0,0,0,0,0,0,0,0,0.0,0,0.0,0.006306147561640938,12.301783561706543,0.72385133293856,4.567763328552246,0,0,0,0
1351,111854,100,pair_016_n3_016_control,control,1,0,0,12.260000000000002,0.11357833333333331,1100000,6058656,64001,411,3355711,0,0,0,0,0.0,0,0,0,0,0,0,0,0,0,0,0.0,0,0.0,0.006304382613974651,12.301783561706543,0.723936704440017,4.567763328552246,0,0,0,0
1352,111926,72,pair_016_n3_016_conflict,conflict,1,0,0,12.540000000000001,0.11345833333333333,1100000,6063264,64047,411,3358253,0,0,0,0,0.0,0,0,0,0,0,0,0,0,0,0,0.0,0,0.0,0.006302313966277734,12.301783561706543,0.7238558654866458,4.567763328552246,0,0,0,0
1353,112006,80,pair_011_n3_011_control,control,1,0,0,12.460000000000003,0.11332499999999998,1100000,6068384,64098,412,3361180,0,0,0,0,0.0,0,0,0,0,0,0,0,0,0,0,0.0,0,0.0,0.006299629458960446,12.301783561706543,0.7238892657829673,4.567763328552246,0,0,0,0
1354,112086,80,pair_008_n5_008_conflict,conflict,1,0,0,12.46,0.11319166666666666,1100000,6073504,64146,412,3364116,0,0,0,0,0.0,0,0,0,0,0,0,0,0,0,0,0.0,0,0.0,0.006296668257083521,12.301783561706543,0.7238030130636856,4.567763328552246,0,0,0,0
1355,112158,72,pair_002_n3_002_conflict,conflict,1,0,0,12.540000000000003,0.11307166666666665,1100000,6078112,64176,416,3366721,0,0,0,0,0.0,0,0,0,0,0,0,0,0,0,0,0.0,0,0.0,0.006293862263056095,12.301783561706543,0.7237599514890869,4.567763328552246,0,0,0,0
1356,112248,90,pair_007_n5_007_control,control,1,0,0,12.360000000000003,0.11292166666666664,1100000,6083872,64253,418,3370019,0,0,0,0,0.0,0,0,0,0,0,0,0,0,0,0,0.0,0,0.0,0.006290670448796474,12.301783561706543,0.7237846004540291,4.567763328552246,0,0,0,0
1357,112317,69,pair_012_n5_012_control,control,1,0,0,12.570000000000002,0.11280666666666667,1100000,6088288,64303,418,3372513,0,0,0,0,0.0,0,0,0,0,0,0,0,0,0,0,0.0,0,0.0,0.006288275646041029,12.301783561706543,0.7237936138092617,4.567763328552246,0,0,0,0
1358,112400,83,pair_005_n5_005_control,control,1,0,0,12.430000000000001,0.11266833333333331,1100000,6093600,64352,418,3375500,0,0,0,0,0.0,0,0,0,0,0,0,0,0,0,0,0.0,0,0.0,0.006285617453206499,12.301783561706543,0.7237198196931534,4.567763328552246,0,0,0,0
1359,112476,76,pair_013_n5_013_control,control,1,0,0,12.500000000000002,0.11254166666666665,1100000,6098464,64408,418,3378255,0,0,0,0,0.0,0,0,0,0,0,0,0,0,0,0,0.0,0,0.0,0.006282911922121032,12.301783561706543,0.7236858682383097,4.567763328552246,0,0,0,0
1360,112548,72,pair_014_n5_014_conflict,conflict,1,0,0,12.540000000000003,0.11242166666666664,1100000,6103072,64445,418,3380862,0,0,0,0,0.0,0,0,0,0,0,0,0,0,0,0,0.0,0,0.0,0.006280412622973534,12.301783561706543,0.7236309310327809,4.567763328552246,0,0,0,0
1361,112626,78,pair_011_n5_011_control,control,1,0,0,12.480000000000002,0.11229166666666665,1100000,6108064,64493,418,3383716,0,0,0,0,0.0,0,0,0,0,0,0,0,0,0,0,0.0,0,0.0,0.006277926288273214,12.301783561706543,0.723662225963087,4.567763328552246,0,0,0,0
1362,112746,120,pair_010_n3_010_conflict,conflict,1,0,0,12.060000000000011,0.11209166666666665,1100000,6115744,64570,421,3388173,0,0,0,0,0.0,0,0,0,0,0,0,0,0,0,0,0.0,0,0.0,0.006273572692540168,12.301783561706543,0.7236581706383406,4.567763328552246,0,0,0,0
1363,112834,88,pair_000_n5_000_conflict,conflict,1,0,0,12.380000000000003,0.11194499999999999,1100000,6121376,64630,422,3391435,0,0,0,0,0.0,0,0,0,0,0,0,0,0,0,0,0.0,0,0.0,0.006270654720119457,12.301783561706543,0.7236342891953644,4.567763328552246,0,0,0,0
1364,112920,86,pair_000_n3_000_control,control,1,0,0,12.400000000000002,0.11180166666666666,1100000,6126880,64678,422,3394649,0,0,0,0,0.0,0,0,0,0,0,0,0,0,0,0,0.0,0,0.0,0.006267901394403098,12.301783561706543,0.7235868530745314,4.567763328552246,0,0,0,0
1365,112994,74,pair_003_n5_003_control,control,1,0,0,12.520000000000001,0.11167833333333332,1100000,6131616,64715,422,3397410,0,0,0,0,0.0,0,0,0,0,0,0,0,0,0,0,0.0,0,0.0,0.006265421505419568,12.301783561706543,0.7236658471444447,4.567763328552246,0,0,0,0
1366,113126,132,pair_010_n3_010_control,control,1,0,0,11.940000000000008,0.11145833333333333,1100000,6140064,64812,424,3402358,0,0,0,0,0.0,0,0,0,0,0,0,0,0,0,0,0.0,0,0.0,0.00626096687559623,12.301783561706543,0.7234687348279099,4.567763328552246,0,0,0,0
1367,113221,95,pair_005_n5_005_conflict,conflict,1,0,0,12.31,0.11129999999999998,1100000,6146144,64875,424,3405851,0,0,0,0,0.0,0,0,0,0,0,0,0,0,0,0,0.0,0,0.0,0.006257368977340835,12.301783561706543,0.723462240277542,4.567763328552246,0,0,0,0
1368,113323,102,pair_008_n3_008_control,control,0,1,0,1.1900000000000075,0.11112999999999998,1100000,6152672,64944,425,3409571,0,0,0,0,0.0,0,0,0,0,0,0,0,0,0,0,0.0,0,0.0,0.006253138451295126,12.301783561706543,0.7232112118247223,4.567763328552246,0,0,0,0
1369,113408,85,pair_009_n3_009_conflict,conflict,0,1,0,1.360000000000003,0.11098833333333333,1100000,6158112,64995,427,3412713,0,0,0,0,0.0,0,0,0,0,0,0,0,0,0,0,0.0,0,0.0,0.006251312590252849,12.301783561706543,0.7230751269567963,4.567763328552246,0,0,0,0
1370,113477,69,pair_002_n5_002_conflict,conflict,0,1,0,1.3200000000000016,0.11087333333333332,1100000,6162528,65032,429,3415272,0,0,0,0,0.0,0,0,0,0,0,0,0,0,0,0,0.0,0,0.0,0.0062497701714586094,12.301783561706543,0.722956275817238,4.567763328552246,0,0,0,0
1371,113581,104,pair_004_n5_004_control,control,1,0,0,12.220000000000002,0.11069999999999999,1100000,6169184,65108,429,3419177,0,0,0,0,0.0,0,0,0,0,0,0,0,0,0,0,0.0,0,0.0,0.0062475819454028084,12.301783561706543,0.7229278616840485,4.567763328552246,0,0,0,0
1372,113654,73,pair_007_n3_007_conflict,conflict,1,0,0,12.530000000000001,0.11057833333333333,1100000,6173856,65160,429,3421898,0,0,0,0,0.0,0,0,0,0,0,0,0,0,0,0,0.0,0,0.0,0.006249234356433176,12.301783561706543,0.723174073962045,4.567763328552246,0,0,0,0
1373,113725,71,pair_015_n3_015_conflict,conflict,1,0,0,12.55,0.11046,1100000,6178400,65201,430,3424555,0,0,0,0,0.0,0,0,0,0,0,0,0,0,0,0,0.0,0,0.0,0.006248736116417707,12.301783561706543,0.7231674376043462,4.567763328552246,0,0,0,0
1374,113802,77,pair_006_n5_006_conflict,conflict,1,0,0,12.490000000000002,0.11033166666666666,1100000,6183328,65253,431,3427431,0,0,0,0,0.0,0,0,0,0,0,0,0,0,0,0,0.0,0,0.0,0.006247651876408468,12.301783561706543,0.7231807998472869,4.567763328552246,0,0,0,0
1375,113877,75,pair_006_n3_006_control,control,1,0,0,12.510000000000002,0.11020666666666665,1100000,6188128,65302,431,3430255,0,0,0,0,0.0,0,0,0,0,0,0,0,0,0,0,0.0,0,0.0,0.006245111594032231,12.301783561706543,0.7231186081666602,4.567763328552246,0,0,0,0
1376,113952,75,pair_001_n3_001_control,control,1,0,0,12.510000000000002,0.11008166666666666,1100000,6192928,65348,432,3433041,0,0,0,0,0.0,0,0,0,0,0,0,0,0,0,0,0.0,0,0.0,0.006243523966364138,12.301783561706543,0.7231060276305382,4.567763328552246,0,0,0,0
1377,114029,77,pair_008_n5_008_control,control,1,0,0,12.490000000000002,0.10995333333333332,1100000,6197856,65398,435,3435976,0,0,0,0,0.0,0,0,0,0,0,0,0,0,0,0,0.0,0,0.0,0.006242553497467486,12.301783561706543,0.7229066167843108,4.567763328552246,0,0,0,0
1378,114120,91,pair_005_n5_005_control,control,1,0,0,12.350000000000001,0.10980166666666666,1100000,6203680,65449,436,3439333,0,0,0,0,0.0,0,0,0,0,0,0,0,0,0,0,0.0,0,0.0,0.006240180521307036,12.301783561706543,0.7227330592135637,4.567763328552246,0,0,0,0
1379,114191,71,pair_017_n3_017_conflict,conflict,1,0,0,12.55,0.10968333333333333,1100000,6208224,65485,436,3441937,0,0,0,0,0.0,0,0,0,0,0,0,0,0,0,0,0.0,0,0.0,0.006237695926362065,12.301783561706543,0.7228234203568077,4.567763328552246,0,0,0,0
1380,114258,67,pair_000_n3_000_control,control,1,0,0,12.590000000000002,0.10957166666666665,1100000,6212512,65519,438,3444435,0,0,0,0,0.0,0,0,0,0,0,0,0,0,0,0,0.0,0,0.0,0.006234963666084471,12.301783561706543,0.722641363961301,4.567763328552246,0,0,0,0
1381,114329,71,pair_004_n3_004_conflict,conflict,1,0,0,12.55,0.10945333333333332,1100000,6217056,65557,438,3447087,0,0,0,0,0.0,0,0,0,0,0,0,0,0,0,0,0.0,0,0.0,0.006234631617537927,12.301783561706543,0.7226231205274091,4.567763328552246,0,0,0,0
1382,114404,75,pair_001_n5_001_control,control,1,0,0,12.510000000000002,0.10932833333333333,1100000,6221856,65603,440,3449891,0,0,0,0,0.0,0,0,0,0,0,0,0,0,0,0,0.0,0,0.0,0.006234989581213874,12.301783561706543,0.7225417661140197,4.567763328552246,0,0,0,0
1383,114473,69,pair_010_n3_010_conflict,conflict,1,0,0,12.570000000000002,0.10921333333333333,1100000,6226272,65642,440,3452465,0,0,0,0,0.0,0,0,0,0,0,0,0,0,0,0,0.0,0,0.0,0.006234057192804196,12.301783561706543,0.7224872637255416,4.567763328552246,0,0,0,0
1384,114547,74,pair_012_n3_012_control,control,1,0,0,12.520000000000001,0.10908999999999999,1100000,6231008,65684,441,3455214,0,0,0,0,0.0,0,0,0,0,0,0,0,0,0,0,0.0,0,0.0,0.006231961411943964,12.301783561706543,0.7223244005605257,4.567763328552246,0,0,0,0
1385,114618,71,pair_011_n3_011_control,control,1,0,0,12.55,0.10897166666666666,1100000,6235552,65724,441,3457920,0,0,0,0,0.0,0,0,0,0,0,0,0,0,0,0,0.0,0,0.0,0.006229810976138202,12.301783561706543,0.7223335329443574,4.567763328552246,0,0,0,0
1386,114688,70,pair_001_n3_001_conflict,conflict,1,0,0,12.560000000000002,0.10885499999999998,1100000,6240032,65763,442,3460456,0,0,0,0,0.0,0,0,0,0,0,0,0,0,0,0,0.0,0,0.0,0.006226887282822423,12.301783561706543,0.722133690019697,4.567763328552246,0,0,0,0
1387,114735,47,pair_006_n5_006_control,control,0,1,0,0.39000000000000057,0.10877666666666666,1100000,6243040,65810,442,3462203,0,0,0,0,0.0,0,0,0,0,0,0,0,0,0,0,0.0,0,0.0,0.006225067276763474,12.301783561706543,0.7221384516929791,4.567763328552246,0,0,0,0
1388,114811,76,pair_008_n5_008_conflict,conflict,1,0,0,12.500000000000002,0.10865,1100000,6247904,65863,443,3465041,0,0,0,0,0.0,0,0,0,0,0,0,0,0,0,0,0.0,0,0.0,0.0062241594064153475,12.301783561706543,0.7220774443256172,4.567763328552246,0,0,0,0
1389,114885,74,pair_010_n5_010_control,control,0,1,0,1.020000000000001,0.10852666666666666,1100000,6252640,65909,445,3467789,0,0,0,0,0.0,0,0,0,0,0,0,0,0,0,0,0.0,0,0.0,0.006221442857670029,12.301783561706543,0.722231259648808,4.567763328552246,0,0,0,0
1390,114962,77,pair_003_n5_003_conflict,conflict,1,0,0,12.490000000000002,0.10839833333333332,1100000,6257568,65944,445,3470689,0,0,0,0,0.0,0,0,0,0,0,0,0,0,0,0,0.0,0,0.0,0.00622143576304205,12.301783561706543,0.7221870791738539,4.567763328552246,0,0,0,0
1391,114970,8,pair_005_n3_005_conflict,conflict,0,1,0,-0.82,0.10838499999999998,1100000,6258080,65952,445,3470989,0,0,0,0,0.0,0,0,0,0,0,0,0,0,0,0,0.0,0,0.0,0.0062213881673939255,12.301783561706543,0.7222021091305094,4.567763328552246,0,0,0,0
1392,115043,73,pair_017_n5_017_conflict,conflict,1,0,0,12.530000000000001,0.10826333333333332,1100000,6262752,66007,445,3473732,0,0,0,0,0.0,0,0,0,0,0,0,0,0,0,0,0.0,0,0.0,0.006222489310377456,12.301783561706543,0.7220319744633947,4.567763328552246,0,0,0,0
1393,115124,81,pair_007_n5_007_conflict,conflict,1,0,0,12.450000000000001,0.10812833333333333,1100000,6267936,66080,446,3476868,0,0,0,0,0.0,0,0,0,0,0,0,0,0,0,0,0.0,0,0.0,0.006222696599644488,12.301783561706543,0.7220576315821865,4.567763328552246,0,0,0,0
1394,115205,81,pair_006_n3_006_conflict,conflict,1,0,0,12.450000000000001,0.10799333333333333,1100000,6273120,66122,447,3479953,0,0,0,0,0.0,0,0,0,0,0,0,0,0,0,0,0.0,0,0.0,0.006225135456178123,12.301783561706543,0.7220318084856493,4.567763328552246,0,0,0,0
1395,115208,3,pair_015_n5_015_conflict,conflict,0,1,0,-0.92,0.10798833333333333,1100000,6273312,66125,448,3480057,0,0,0,0,0.0,0,0,0,0,0,0,0,0,0,0,0.0,0,0.0,0.006226038789235434,12.301783561706543,0.7220302157305108,4.567763328552246,0,0,0,0
1396,115285,77,pair_004_n5_004_conflict,conflict,1,0,0,12.490000000000002,0.10785999999999998,1100000,6278240,66186,449,3482947,0,0,0,0,0.0,0,0,0,0,0,0,0,0,0,0,0.0,0,0.0,0.006225585759138847,12.301783561706543,0.7221088800969659,4.567763328552246,0,0,0,0
1397,115354,69,pair_004_n3_004_control,control,1,0,0,12.570000000000002,0.10774499999999998,1100000,6282656,66221,451,3485565,0,0,0,0,0.0,0,0,0,0,0,0,0,0,0,0,0.0,0,0.0,0.006226662708883728,12.301783561706543,0.7220501888271351,4.567763328552246,0,0,0,0
1398,115431,77,pair_000_n3_000_conflict,conflict,1,0,0,12.490000000000002,0.10761666666666667,1100000,6287584,66272,453,3488500,0,0,0,0,0.0,0,0,0,0,0,0,0,0,0,0,0.0,0,0.0,0.006223729982812236,12.301783561706543,0.7219742571145357,4.567763328552246,0,0,0,0
1399,115505,74,pair_003_n3_003_control,control,1,0,0,12.520000000000001,0.10749333333333333,1100000,6292320,66313,454,3491335,0,0,0,0,0.0,0,0,0,0,0,0,0,0,0,0,0.0,0,0.0,0.006225860020382742,12.301783561706543,0.7218664494773145,4.567763328552246,0,0,0,0
1400,115581,76,pair_009_n5_009_conflict,conflict,1,0,0,12.500000000000002,0.10736666666666667,1100000,6297184,66349,454,3494231,0,0,0,0,0.0,0,0,0,0,0,0,0,0,0,0,0.0,0,0.0,0.006228321937600099,12.301783561706543,0.7217811351729149,4.567763328552246,0,0,0,0
1401,115663,82,pair_002_n3_002_conflict,conflict,1,0,0,12.440000000000001,0.10722999999999999,1100000,6302432,66382,455,3497283,0,0,0,0,0.0,0,0,0,0,0,0,0,0,0,0,0.0,0,0.0,0.006226489515169698,12.301783561706543,0.7217440483320979,4.567763328552246,0,0,0,0
1402,115732,69,pair_002_n3_002_control,control,1,0,0,12.570000000000002,0.10711499999999999,1100000,6306848,66417,457,3499880,0,0,0,0,0.0,0,0,0,0,0,0,0,0,0,0,0.0,0,0.0,0.006226736722288358,12.301783561706543,0.7216646546827781,4.567763328552246,0,0,0,0
1403,115793,61,pair_011_n5_011_control,control,0,1,0,1.3500000000000014,0.10701333333333332,1100000,6310752,66452,457,3502201,0,0,0,0,0.0,0,0,0,0,0,0,0,0,0,0,0.0,0,0.0,0.00622935148447787,12.301783561706543,0.7215610118933278,4.567763328552246,0,0,0,0
1404,115909,116,pair_016_n5_016_conflict,conflict,1,0,0,12.100000000000001,0.10682,1100000,6318176,66555,457,3506557,0,0,0,0,0.0,0,0,0,0,0,0,0,0,0,0,0.0,0,0.0,0.006229727249901109,12.301783561706543,0.7214929939618424,4.567763328552246,0,0,0,0
1405,115911,2,pair_016_n3_016_conflict,conflict,0,1,0,-0.96,0.10681666666666664,1100000,6318304,66557,457,3506637,0,0,0,0,0.0,0,0,0,0,0,0,0,0,0,0,0.0,0,0.0,0.006229802155439551,12.301783561706543,0.7215016659691421,4.567763328552246,0,0,0,0
1406,115989,78,pair_009_n5_009_control,control,1,0,0,12.480000000000002,0.10668666666666665,1100000,6323296,66625,459,3509538,0,0,0,0,0.0,0,0,0,0,0,0,0,0,0,0,0.0,0,0.0,0.00622947882766564,12.301783561706543,0.7215142268379799,4.567763328552246,0,0,0,0
1407,115994,5,pair_013_n3_013_control,control,0,1,0,-0.84,0.10667833333333332,1100000,6323616,66630,459,3509734,0,0,0,0,0.0,0,0,0,0,0,0,0,0,0,0,0.0,0,0.0,0.006229459732212412,12.301783561706543,0.7215125274384386,4.567763328552246,0,0,0,0
1408,116069,75,pair_007_n5_007_control,control,1,0,0,12.510000000000002,0.10655333333333333,1100000,6328416,66686,461,3512583,0,0,0,0,0.0,0,0,0,0,0,0,0,0,0,0,0.0,0,0.0,0.006228389562155201,12.301783561706543,0.7214895076631689,4.567763328552246,0,0,0,0
1409,116146,77,pair_011_n3_011_conflict,conflict,1,0,0,12.490000000000002,0.10642499999999999,1100000,6333344,66739,461,3515515,0,0,0,0,0.0,0,0,0,0,0,0,0,0,0,0,0.0,0,0.0,0.006227906369126129,12.301783561706543,0.7214629252200366,4.567763328552246,0,0,0,0
1410,116221,75,pair_013_n3_013_conflict,conflict,1,0,0,12.510000000000002,0.10629999999999998,1100000,6338144,66795,461,3518389,0,0,0,0,0.0,0,0,0,0,0,0,0,0,0,0,0.0,0,0.0,0.006227439558433028,12.301783561706543,0.7214265517388208,4.567763328552246,0,0,0,0
1411,116223,2,pair_014_n5_014_control,control,0,1,0,-0.96,0.10629666666666665,1100000,6338272,66797,461,3518464,0,0,0,0,0.0,0,0,0,0,0,0,0,0,0,0,0.0,0,0.0,0.0062273832433056755,12.301783561706543,0.7214175548656263,4.567763328552246,0,0,0,0
1412,116300,77,pair_012_n3_012_conflict,conflict,1,0,0,12.490000000000002,0.10616833333333331,1100000,6343200,66830,462,3521450,0,0,0,0,0.0,0,0,0,0,0,0,0,0,0,0,0.0,0,0.0,0.006230584326244756,12.301783561706543,0.7212655012198561,4.567763328552246,0,0,0,0
1413,116318,18,pair_013_n5_013_conflict,conflict,0,1,0,-0.4700000000000001,0.10613833333333333,1100000,6344352,66848,464,3522127,0,0,0,0,0.0,0,0,0,0,0,0,0,0,0,0,0.0,0,0.0,0.006230831954046676,12.301783561706543,0.7212774158751856,4.567763328552246,0,0,0,0
1414,116390,72,pair_003_n3_003_conflict,conflict,1,0,0,12.540000000000001,0.10601833333333333,1100000,6348960,66884,466,3524835,0,0,0,0,0.0,0,0,0,0,0,0,0,0,0,0,0.0,0,0.0,0.006230375767981742,12.301783561706543,0.7211383516471748,4.567763328552246,0,0,0,0
1415,116473,83,pair_002_n5_002_control,control,1,0,0,12.430000000000001,0.10588,1100000,6354272,66928,467,3527924,0,0,0,0,0.0,0,0,0,0,0,0,0,0,0,0,0.0,0,0.0,0.006229456473674266,12.301783561706543,0.721152842870965,4.567763328552246,0,0,0,0
1416,116545,72,pair_008_n3_008_conflict,conflict,1,0,0,12.540000000000001,0.10575999999999999,1100000,6358880,66971,467,3530615,0,0,0,0,0.0,0,0,0,0,0,0,0,0,0,0,0.0,0,0.0,0.006229237413406932,12.301783561706543,0.7211610730185103,4.567763328552246,0,0,0,0
1417,116618,73,pair_012_n5_012_conflict,conflict,1,0,0,12.530000000000001,0.10563833333333333,1100000,6363552,67025,468,3533398,0,0,0,0,0.0,0,0,0,0,0,0,0,0,0,0,0.0,0,0.0,0.006230832799074788,12.301783561706543,0.721210291419051,4.567763328552246,0,0,0,0
1418,116640,22,pair_003_n5_003_control,control,0,1,0,-0.30999999999999994,0.10560166666666665,1100000,6364960,67037,468,3534243,0,0,0,0,0.0,0,0,0,0,0,0,0,0,0,0,0.0,0,0.0,0.0062299578101764706,12.301783561706543,0.7211302329290917,4.567763328552246,0,0,0,0
1419,116712,72,pair_000_n5_000_control,control,1,0,0,12.540000000000001,0.10548166666666667,1100000,6369568,67085,469,3536987,0,0,0,0,0.0,0,0,0,0,0,0,0,0,0,0,0.0,0,0.0,0.006232824362786922,12.301783561706543,0.7210247572890469,4.567763328552246,0,0,0,0
1420,116793,81,pair_010_n5_010_conflict,conflict,1,0,0,12.450000000000001,0.10534666666666664,1100000,6374752,67105,469,3540089,0,0,0,0,0.0,0,0,0,0,0,0,0,0,0,0,0.0,0,0.0,0.006230655136366015,12.301783561706543,0.7209786075041184,4.567763328552246,0,0,0,0
1421,116863,70,pair_015_n5_015_control,control,1,0,0,12.560000000000002,0.10522999999999999,1100000,6379232,67158,469,3542703,0,0,0,0,0.0,0,0,0,0,0,0,0,0,0,0,0.0,0,0.0,0.006229419799563517,12.301783561706543,0.7210688912608756,4.567763328552246,0,0,0,0
1422,116945,82,pair_000_n5_000_conflict,conflict,1,0,0,12.440000000000001,0.10509333333333332,1100000,6384480,67209,469,3545870,0,0,0,0,0.0,0,0,0,0,0,0,0,0,0,0,0.0,0,0.0,0.006229901294580229,12.301783561706543,0.7210323787798315,4.567763328552246,0,0,0,0
1423,117026,81,pair_017_n3_017_control,control,1,0,0,12.450000000000003,0.10495833333333332,1100000,6389664,67253,469,3548945,0,0,0,0,0.0,0,0,0,0,0,0,0,0,0,0,0.0,0,0.0,0.006229187525041852,12.301783561706543,0.7209400700022544,4.567763328552246,0,0,0,0
1424,117102,76,pair_001_n5_001_conflict,conflict,1,0,0,12.500000000000002,0.10483166666666666,1100000,6394528,67299,469,3551867,0,0,0,0,0.0,0,0,0,0,0,0,0,0,0,0,0.0,0,0.0,0.006228643798158065,12.301783561706543,0.7208499036374724,4.567763328552246,0,0,0,0
1425,117179,77,pair_012_n5_012_control,control,1,0,0,12.490000000000002,0.10470333333333331,1100000,6399456,67347,469,3554804,0,0,0,0,0.0,0,0,0,0,0,0,0,0,0,0,0.0,0,0.0,0.0062268725928242485,12.301783561706543,0.7208271278888723,4.567763328552246,0,0,0,0
1426,117256,77,pair_005_n5_005_conflict,conflict,1,0,0,12.490000000000002,0.104575,1100000,6404384,67377,469,3557680,0,0,0,0,0.0,0,0,0,0,0,0,0,0,0,0,0.0,0,0.0,0.006226467061278844,12.301783561706543,0.7208385119418971,4.567763328552246,0,0,0,0
1427,117330,74,pair_014_n3_014_conflict,conflict,1,0,0,12.520000000000001,0.10445166666666666,1100000,6409120,67412,469,3560498,0,0,0,0,0.0,0,0,0,0,0,0,0,0,0,0,0.0,0,0.0,0.006227130998446591,12.301783561706543,0.7208303209153071,4.567763328552246,0,0,0,0
1428,117404,74,pair_011_n5_011_conflict,conflict,1,0,0,12.520000000000001,0.10432833333333333,1100000,6413856,67453,470,3563242,0,0,0,0,0.0,0,0,0,0,0,0,0,0,0,0,0.0,0,0.0,0.00622919535311628,12.301783561706543,0.7207383600120483,4.567763328552246,0,0,0,0
1429,117481,77,pair_010_n3_010_control,control,1,0,0,12.490000000000002,0.10419999999999999,1100000,6418784,67495,470,3566146,0,0,0,0,0.0,0,0,0,0,0,0,0,0,0,0,0.0,0,0.0,0.006226774126237706,12.301783561706543,0.7206065971085631,4.567763328552246,0,0,0,0
1430,117554,73,pair_009_n3_009_control,control,1,0,0,12.530000000000001,0.10407833333333333,1100000,6423456,67539,470,3568921,0,0,0,0,0.0,0,0,0,0,0,0,0,0,0,0,0.0,0,0.0,0.0062256920283370034,12.301783561706543,0.7205435313525527,4.567763328552246,0,0,0,0
1431,117636,82,pair_017_n5_017_control,control,1,0,0,12.440000000000001,0.10394166666666665,1100000,6428704,67577,470,3572061,0,0,0,0,0.0,0,0,0,0,0,0,0,0,0,0,0.0,0,0.0,0.006222617969785625,12.301783561706543,0.7204012154766695,4.567763328552246,0,0,0,0
1432,117716,80,pair_013_n5_013_control,control,1,0,0,12.46,0.10380833333333334,1100000,6433824,67639,470,3575116,0,0,0,0,0.0,0,0,0,0,0,0,0,0,0,0,0.0,0,0.0,0.006220693770554062,12.301783561706543,0.7203446147582413,4.567763328552246,0,0,0,0
1433,117798,82,pair_016_n3_016_control,control,1,0,0,12.440000000000001,0.10367166666666666,1100000,6439072,67694,470,3578197,0,0,0,0,0.0,0,0,0,0,0,0,0,0,0,0,0.0,0,0.0,0.006217294900906779,12.301783561706543,0.7201771239529934,4.567763328552246,0,0,0,0
1434,117872,74,pair_015_n3_015_control,control,1,0,0,12.520000000000001,0.10354833333333333,1100000,6443808,67741,470,3580944,0,0,0,0,0.0,0,0,0,0,0,0,0,0,0,0,0.0,0,0.0,0.006214631888843038,12.301783561706543,0.7199810504323052,4.567763328552246,0,0,0,0
1435,117941,69,pair_014_n5_014_conflict,conflict,1,0,0,12.570000000000002,0.10343333333333332,1100000,6448224,67777,470,3583570,0,0,0,0,0.0,0,0,0,0,0,0,0,0,0,0,0.0,0,0.0,0.006214404616187054,12.301783561706543,0.7198551428908424,4.567763328552246,0,0,0,0
1436,118019,78,pair_007_n3_007_control,control,1,0,0,12.480000000000002,0.10330333333333333,1100000,6453216,67830,470,3586521,0,0,0,0,0.0,0,0,0,0,0,0,0,0,0,0,0.0,0,0.0,0.0062126089620451914,12.301783561706543,0.7197498880543569,4.567763328552246,0,0,0,0
1437,118096,77,pair_005_n3_005_control,control,1,0,0,12.490000000000002,0.10317499999999999,1100000,6458144,67865,470,3589343,0,0,0,0,0.0,0,0,0,0,0,0,0,0,0,0,0.0,0,0.0,0.006210488028557416,12.301783561706543,0.7195881715221439,4.567763328552246,0,0,0,0
1438,118169,73,pair_014_n3_014_control,control,1,0,0,12.530000000000001,0.10305333333333333,1100000,6462816,67925,470,3592056,0,0,0,0,0.0,0,0,0,0,0,0,0,0,0,0,0.0,0,0.0,0.006210100201354132,12.301783561706543,0.7194268254835259,4.567763328552246,0,0,0,0
1439,118173,4,pair_016_n5_016_control,control,0,1,0,-0.88,0.10304666666666665,1100000,6463072,67929,470,3592197,0,0,0,0,0.0,0,0,0,0,0,0,0,0,0,0,0.0,0,0.0,0.006209930637846062,12.301783561706543,0.7194106509382125,4.567763328552246,0,0,0,0
1440,118244,71,pair_001_n3_001_conflict,conflict,1,0,0,12.55,0.10292833333333332,1100000,6467616,67955,470,3594898,0,0,0,0,0.0,0,0,0,0,0,0,0,0,0,0,0.0,0,0.0,0.006207353813686066,12.301783561706543,0.7194868118442277,4.567763328552246,0,0,0,0
1441,118294,50,pair_006_n5_006_conflict,conflict,0,1,0,0.36000000000000054,0.10284499999999999,1100000,6470816,67994,470,3596774,0,0,0,0,0.0,0,0,0,0,0,0,0,0,0,0,0.0,0,0.0,0.0062082812633979184,12.301783561706543,0.7194579238381161,4.567763328552246,0,0,0,0
1442,118364,70,pair_012_n5_012_conflict,conflict,1,0,0,12.560000000000002,0.10272833333333331,1100000,6475296,68036,470,3599388,0,0,0,0,0.0,0,0,0,0,0,0,0,0,0,0,0.0,0,0.0,0.006207518330483794,12.301783561706543,0.7193168131271235,4.567763328552246,0,0,0,0
1443,118432,68,pair_003_n3_003_control,control,1,0,0,12.580000000000002,0.10261499999999998,1100000,6479648,68065,471,3601925,0,0,0,0,0.0,0,0,0,0,0,0,0,0,0,0,0.0,0,0.0,0.006205113712814683,12.301783561706543,0.7191247432786306,4.567763328552246,0,0,0,0
1444,118505,73,pair_017_n3_017_conflict,conflict,1,0,0,12.530000000000001,0.10249333333333333,1100000,6484320,68108,471,3604663,0,0,0,0,0.0,0,0,0,0,0,0,0,0,0,0,0.0,0,0.0,0.006202419460418561,12.301783561706543,0.719109701689099,4.567763328552246,0,0,0,0
1445,118586,81,pair_014_n3_014_conflict,conflict,1,0,0,12.450000000000001,0.10235833333333333,1100000,6489504,68140,471,3607714,0,0,0,0,0.0,0,0,0,0,0,0,0,0,0,0,0.0,0,0.0,0.006200693356543826,12.301783561706543,0.7190801431499446,4.567763328552246,0,0,0,0
1446,118662,76,pair_014_n3_014_control,control,1,0,0,12.500000000000002,0.10223166666666667,1100000,6494368,68182,471,3610589,0,0,0,0,0.0,0,0,0,0,0,0,0,0,0,0,0.0,0,0.0,0.006198738323390238,12.301783561706543,0.7189855481673766,4.567763328552246,0,0,0,0
1447,118731,69,pair_000_n5_000_conflict,conflict,1,0,0,12.570000000000002,0.10211666666666666,1100000,6498784,68227,473,3613223,0,0,0,0,0.0,0,0,0,0,0,0,0,0,0,0,0.0,0,0.0,0.006199461601393145,12.301783561706543,0.7189307488382503,4.567763328552246,0,0,0,0
1448,118802,71,pair_004_n5_004_conflict,conflict,1,0,0,12.55,0.10199833333333333,1100000,6503328,68266,474,3615903,0,0,0,0,0.0,0,0,0,0,0,0,0,0,0,0,0.0,0,0.0,0.006197964168344403,12.301783561706543,0.7187917138613077,4.567763328552246,0,0,0,0
1449,118875,73,pair_008_n5_008_conflict,conflict,1,0,0,12.530000000000001,0.10187666666666664,1100000,6508000,68301,475,3618692,0,0,0,0,0.0,0,0,0,0,0,0,0,0,0,0,0.0,0,0.0,0.006197645322154922,12.301783561706543,0.7187578952924968,4.567763328552246,0,0,0,0
1450,118946,71,pair_007_n3_007_conflict,conflict,1,0,0,12.55,0.10175833333333331,1100000,6512544,68321,475,3621406,0,0,0,0,0.0,0,0,0,0,0,0,0,0,0,0,0.0,0,0.0,0.006195229304673783,12.301783561706543,0.7186337512647423,4.567763328552246,0,0,0,0
1451,119020,74,pair_002_n3_002_control,control,1,0,0,12.520000000000001,0.10163499999999998,1100000,6517280,68353,476,3624142,0,0,0,0,0.0,0,0,0,0,0,0,0,0,0,0,0.0,0,0.0,0.006193184286270294,12.301783561706543,0.718605528926576,4.567763328552246,0,0,0,0
1452,119093,73,pair_013_n5_013_control,control,1,0,0,12.530000000000001,0.10151333333333332,1100000,6521952,68410,477,3626925,0,0,0,0,0.0,0,0,0,0,0,0,0,0,0,0,0.0,0,0.0,0.006193300165732204,12.301783561706543,0.7185488279931292,4.567763328552246,0,0,0,0
1453,119163,70,pair_001_n5_001_control,control,1,0,0,12.560000000000002,0.10139666666666666,1100000,6526432,68446,477,3629528,0,0,0,0,0.0,0,0,0,0,0,0,0,0,0,0,0.0,0,0.0,0.006192028927599566,12.301783561706543,0.7184085737590659,4.567763328552246,0,0,0,0
1454,119240,77,pair_010_n3_010_control,control,1,0,0,12.490000000000002,0.10126833333333332,1100000,6531360,68491,477,3632408,0,0,0,0,0.0,0,0,0,0,0,0,0,0,0,0,0.0,0,0.0,0.006190266532219951,12.301783561706543,0.7183651075627048,4.567763328552246,0,0,0,0
1455,119346,106,pair_001_n3_001_control,control,1,0,0,12.200000000000001,0.10109166666666666,1100000,6538144,68552,478,3636402,0,0,0,0,0.0,0,0,0,0,0,0,0,0,0,0,0.0,0,0.0,0.0061877048743897,12.301783561706543,0.7183528852149621,4.567763328552246,0,0,0,0
1456,119420,74,pair_006_n3_006_control,control,1,0,0,12.520000000000001,0.10096833333333333,1100000,6542880,68610,478,3639216,0,0,0,0,0.0,0,0,0,0,0,0,0,0,0,0,0.0,0,0.0,0.0061871109164454196,12.301783561706543,0.7181739171011567,4.567763328552246,0,0,0,0
1457,119497,77,pair_011_n5_011_conflict,conflict,1,0,0,12.490000000000002,0.10083999999999999,1100000,6547808,68652,479,3642159,0,0,0,0,0.0,0,0,0,0,0,0,0,0,0,0,0.0,0,0.0,0.006184361777724871,12.301783561706543,0.7181123298127169,4.567763328552246,0,0,0,0
1458,119573,76,pair_006_n3_006_conflict,conflict,1,0,0,12.500000000000002,0.10071333333333332,1100000,6552672,68694,479,3645045,0,0,0,0,0.0,0,0,0,0,0,0,0,0,0,0,0.0,0,0.0,0.0061814860261372,12.301783561706543,0.7179639869496858,4.567763328552246,0,0,0,0
1459,119646,73,pair_001_n5_001_conflict,conflict,1,0,0,12.530000000000001,0.10059166666666666,1100000,6557344,68738,480,3647836,0,0,0,0,0.0,0,0,0,0,0,0,0,0,0,0,0.0,0,0.0,0.006180967646353306,12.301783561706543,0.7179002253397977,4.567763328552246,0,0,0,0
1460,119723,77,pair_003_n5_003_conflict,conflict,1,0,0,12.490000000000002,0.10046333333333332,1100000,6562272,68783,480,3650737,0,0,0,0,0.0,0,0,0,0,0,0,0,0,0,0,0.0,0,0.0,0.0061778503825400165,12.301783561706543,0.7176724490783386,4.567763328552246,0,0,0,0
1461,119791,68,pair_017_n5_017_conflict,conflict,1,0,0,12.580000000000002,0.10035,1100000,6566624,68832,480,3653320,0,0,0,0,0.0,0,0,0,0,0,0,0,0,0,0,0.0,0,0.0,0.006178397466213276,12.301783561706543,0.7176578392316482,4.567763328552246,0,0,0,0
1462,119862,71,pair_005_n5_005_control,control,1,0,0,12.55,0.10023166666666666,1100000,6571168,68868,482,3655996,0,0,0,0,0.0,0,0,0,0,0,0,0,0,0,0,0.0,0,0.0,0.006177586688813125,12.301783561706543,0.7175326012390252,4.567763328552246,0,0,0,0
1463,119941,79,pair_002_n5_002_control,control,1,0,0,12.470000000000002,0.1001,1100000,6576224,68903,484,3659014,0,0,0,0,0.0,0,0,0,0,0,0,0,0,0,0,0.0,0,0.0,0.006174809280284955,12.301783561706543,0.7173184371979565,4.567763328552246,0,0,0,0
1464,120018,77,pair_012_n3_012_conflict,conflict,1,0,0,12.490000000000002,0.09997166666666665,1100000,6581152,68950,484,3661992,0,0,0,0,0.0,0,0,0,0,0,0,0,0,0,0,0.0,0,0.0,0.006172908897260706,12.301783561706543,0.7171890550145296,4.567763328552246,0,0,0,0
1465,120084,66,pair_008_n3_008_control,control,1,0,0,12.600000000000001,0.09986166666666665,1100000,6585376,68965,484,3664483,0,0,0,0,0.0,0,0,0,0,0,0,0,0,0,0,0.0,0,0.0,0.006170684945237212,12.301783561706543,0.7171917143978619,4.567763328552246,0,0,0,0
1466,120156,72,pair_010_n3_010_conflict,conflict,1,0,0,12.540000000000001,0.09974166666666665,1100000,6589984,68998,485,3667218,0,0,0,0,0.0,0,0,0,0,0,0,0,0,0,0,0.0,0,0.0,0.006169234978229942,12.301783561706543,0.7172455348008802,4.567763328552246,0,0,0,0
1467,120234,78,pair_014_n5_014_conflict,conflict,1,0,0,12.48,0.09961166666666665,1100000,6594976,69062,485,3670214,0,0,0,0,0.0,0,0,0,0,0,0,0,0,0,0,0.0,0,0.0,0.006167155286615098,12.301783561706543,0.7171170700905583,4.567763328552246,0,0,0,0
1468,120304,70,pair_000_n3_000_control,control,1,0,0,12.560000000000002,0.099495,1100000,6599456,69095,486,3672899,0,0,0,0,0.0,0,0,0,0,0,0,0,0,0,0,0.0,0,0.0,0.006164494652601441,12.301783561706543,0.7169739179327458,4.567763328552246,0,0,0,0
1469,120380,76,pair_011_n5_011_control,control,1,0,0,12.500000000000002,0.09936833333333331,1100000,6604320,69155,486,3675836,0,0,0,0,0.0,0,0,0,0,0,0,0,0,0,0,0.0,0,0.0,0.006161924526915873,12.301783561706543,0.7169572194437072,4.567763328552246,0,0,0,0
1470,120448,68,pair_007_n5_007_control,control,0,1,0,1.4300000000000015,0.09925499999999998,1100000,6608672,69217,488,3678449,0,0,0,0,0.0,0,0,0,0,0,0,0,0,0,0,0.0,0,0.0,0.006160290232348853,12.301783561706543,0.7168584256461868,4.567763328552246,0,0,0,0
1471,120524,76,pair_005_n3_005_conflict,conflict,1,0,0,12.500000000000002,0.09912833333333332,1100000,6613536,69256,489,3681392,0,0,0,0,0.0,0,0,0,0,0,0,0,0,0,0,0.0,0,0.0,0.006157197385696805,12.301783561706543,0.7166469158939147,4.567763328552246,0,0,0,0
1472,120592,68,pair_016_n3_016_conflict,conflict,1,0,0,12.580000000000002,0.09901499999999999,1100000,6617888,69293,489,3684051,0,0,0,0,0.0,0,0,0,0,0,0,0,0,0,0,0.0,0,0.0,0.006157750250576087,12.301783561706543,0.7165215528097998,4.567763328552246,0,0,0,0
1473,120670,78,pair_011_n3_011_control,control,1,0,0,12.48,0.098885,1100000,6622880,69335,489,3687070,0,0,0,0,0.0,0,0,0,0,0,0,0,0,0,0,0.0,0,0.0,0.006159361577652628,12.301783561706543,0.7165261828691833,4.567763328552246,0,0,0,0
1474,120750,80,pair_010_n5_010_conflict,conflict,1,0,0,12.46,0.09875166666666665,1100000,6628000,69399,490,3690149,0,0,0,0,0.0,0,0,0,0,0,0,0,0,0,0,0.0,0,0.0,0.006158032723850601,12.301783561706543,0.7163866916586554,4.567763328552246,0,0,0,0
1475,120819,69,pair_000_n3_000_conflict,conflict,1,0,0,12.570000000000002,0.09863666666666665,1100000,6632416,69429,491,3692868,0,0,0,0,0.0,0,0,0,0,0,0,0,0,0,0,0.0,0,0.0,0.006156396030458657,12.301783561706543,0.7161767527908356,4.567763328552246,0,0,0,0
1476,120900,81,pair_016_n5_016_control,control,1,0,0,12.450000000000001,0.09850166666666665,1100000,6637600,69477,492,3695992,0,0,0,0,0.0,0,0,0,0,0,0,0,0,0,0,0.0,0,0.0,0.00615706139468075,12.301783561706543,0.7161063085220495,4.567763328552246,0,0,0,0
1477,120982,82,pair_009_n5_009_control,control,1,0,0,12.440000000000001,0.09836499999999998,1100000,6642848,69540,492,3699179,0,0,0,0,0.0,0,0,0,0,0,0,0,0,0,0,0.0,0,0.0,0.006154976990969108,12.301783561706543,0.7162674659461524,4.567763328552246,0,0,0,0
1478,121050,68,pair_011_n3_011_conflict,conflict,1,0,0,12.580000000000002,0.09825166666666665,1100000,6647200,69581,493,3701794,0,0,0,0,0.0,0,0,0,0,0,0,0,0,0,0,0.0,0,0.0,0.006152576760111384,12.301783561706543,0.7161854213340618,4.567763328552246,0,0,0,0
1479,121121,71,pair_004_n5_004_control,control,1,0,0,12.55,0.09813333333333332,1100000,6651744,69614,494,3704557,0,0,0,0,0.0,0,0,0,0,0,0,0,0,0,0,0.0,0,0.0,0.006151045476157921,12.301783561706543,0.7160267168201175,4.567763328552246,0,0,0,0
1480,121221,100,pair_007_n3_007_control,control,1,0,0,12.260000000000002,0.09796666666666665,1100000,6658144,69699,494,3708405,0,0,0,0,0.0,0,0,0,0,0,0,0,0,0,0,0.0,0,0.0,0.006150383920712539,12.301783561706543,0.7159384807584354,4.567763328552246,0,0,0,0
1481,121282,61,pair_002_n5_002_conflict,conflict,0,1,0,1.100000000000001,0.09786499999999998,1100000,6662048,69722,494,3710744,0,0,0,0,0.0,0,0,0,0,0,0,0,0,0,0,0.0,0,0.0,0.006148947266181727,12.301783561706543,0.7157589247021376,4.567763328552246,0,0,0,0
1482,121360,78,pair_015_n3_015_conflict,conflict,1,0,0,12.48,0.09773499999999999,1100000,6667040,69766,494,3713775,0,0,0,0,0.0,0,0,0,0,0,0,0,0,0,0,0.0,0,0.0,0.00614779627056689,12.301783561706543,0.7156618525741447,4.567763328552246,0,0,0,0
1483,121432,72,pair_015_n3_015_control,control,1,0,0,12.540000000000001,0.09761499999999998,1100000,6671648,69806,494,3716555,0,0,0,0,0.0,0,0,0,0,0,0,0,0,0,0,0.0,0,0.0,0.00614581297199012,12.301783561706543,0.7156571620078452,4.567763328552246,0,0,0,0
1484,121505,73,pair_004_n3_004_control,control,1,0,0,12.530000000000001,0.09749333333333332,1100000,6676320,69839,494,3719405,0,0,0,0,0.0,0,0,0,0,0,0,0,0,0,0,0.0,0,0.0,0.006145082004349838,12.301783561706543,0.7157227202218084,4.567763328552246,0,0,0,0
1485,121587,82,pair_006_n5_006_control,control,1,0,0,12.440000000000001,0.09735666666666665,1100000,6681568,69906,495,3722594,0,0,0,0,0.0,0,0,0,0,0,0,0,0,0,0,0.0,0,0.0,0.006144686991136973,12.301783561706543,0.7157673342505854,4.567763328552246,0,0,0,0
1486,121669,82,pair_012_n5_012_control,control,1,0,0,12.440000000000001,0.09722,1100000,6686816,69956,496,3725718,0,0,0,0,0.0,0,0,0,0,0,0,0,0,0,0,0.0,0,0.0,0.006142373680071495,12.301783561706543,0.7156325480910694,4.567763328552246,0,0,0,0
1487,121736,67,pair_003_n3_003_conflict,conflict,1,0,0,12.590000000000002,0.09710833333333332,1100000,6691104,69994,496,3728337,0,0,0,0,0.0,0,0,0,0,0,0,0,0,0,0,0.0,0,0.0,0.006143058623874223,12.301783561706543,0.7157229879734254,4.567763328552246,0,0,0,0
1488,121809,73,pair_004_n3_004_conflict,conflict,1,0,0,12.530000000000001,0.09698666666666667,1100000,6695776,70035,496,3731164,0,0,0,0,0.0,0,0,0,0,0,0,0,0,0,0,0.0,0,0.0,0.006141243247546527,12.301783561706543,0.7157785406497346,4.567763328552246,0,0,0,0
1489,121925,116,pair_016_n5_016_conflict,conflict,1,0,0,12.100000000000001,0.09679333333333331,1100000,6703200,70136,499,3735623,0,0,0,0,0.0,0,0,0,0,0,0,0,0,0,0,0.0,0,0.0,0.006139700398157988,12.301783561706543,0.7157324128197412,4.567763328552246,0,0,0,0
1490,122003,78,pair_009_n5_009_conflict,conflict,1,0,0,12.480000000000002,0.09666333333333332,1100000,6708192,70196,499,3738692,0,0,0,0,0.0,0,0,0,0,0,0,0,0,0,0,0.0,0,0.0,0.006139539902359998,12.301783561706543,0.7157202024283583,4.567763328552246,0,0,0,0
1491,122079,76,pair_013_n3_013_control,control,1,0,0,12.500000000000002,0.09653666666666666,1100000,6713056,70260,499,3741616,0,0,0,0,0.0,0,0,0,0,0,0,0,0,0,0,0.0,0,0.0,0.006139621711897698,12.301783561706543,0.7156481101996139,4.567763328552246,0,0,0,0
1492,122165,86,pair_017_n5_017_control,control,1,0,0,12.400000000000002,0.09639333333333333,1100000,6718560,70311,499,3744956,0,0,0,0,0.0,0,0,0,0,0,0,0,0,0,0,0.0,0,0.0,0.006138165721170517,12.301783561706543,0.7154931810536264,4.567763328552246,0,0,0,0
1493,122234,69,pair_002_n3_002_conflict,conflict,1,0,0,12.570000000000002,0.09627833333333333,1100000,6722976,70346,501,3747620,0,0,0,0,0.0,0,0,0,0,0,0,0,0,0,0,0.0,0,0.0,0.006136983330909197,12.301783561706543,0.7154454365659596,4.567763328552246,0,0,0,0
1494,122312,78,pair_016_n3_016_control,control,1,0,0,12.480000000000002,0.09614833333333334,1100000,6727968,70405,501,3750611,0,0,0,0,0.0,0,0,0,0,0,0,0,0,0,0,0.0,0,0.0,0.006137399449002743,12.301783561706543,0.7154137256525686,4.567763328552246,0,0,0,0
1495,122386,74,pair_017_n3_017_control,control,1,0,0,12.520000000000001,0.096025,1100000,6732704,70451,501,3753549,0,0,0,0,0.0,0,0,0,0,0,0,0,0,0,0,0.0,0,0.0,0.006136905418912519,12.301783561706543,0.7152881625060495,4.567763328552246,0,0,0,0
1496,122461,75,pair_007_n5_007_conflict,conflict,1,0,0,12.510000000000002,0.09589999999999999,1100000,6737504,70513,504,3756498,0,0,0,0,0.0,0,0,0,0,0,0,0,0,0,0,0.0,0,0.0,0.006135059683610984,12.301783561706543,0.7153484076209654,4.567763328552246,0,0,0,0
1497,122533,72,pair_005_n3_005_control,control,1,0,0,12.540000000000001,0.09577999999999998,1100000,6742112,70549,505,3759242,0,0,0,0,0.0,0,0,0,0,0,0,0,0,0,0,0.0,0,0.0,0.006132957182845301,12.301783561706543,0.715269142285361,4.567763328552246,0,0,0,0
1498,122606,73,pair_013_n3_013_conflict,conflict,1,0,0,12.530000000000001,0.09565833333333332,1100000,6746784,70611,505,3762067,0,0,0,0,0.0,0,0,0,0,0,0,0,0,0,0,0.0,0,0.0,0.00613265304096766,12.301783561706543,0.7152757267052705,4.567763328552246,0,0,0,0
1499,122682,76,pair_015_n5_015_control,control,1,0,0,12.500000000000002,0.09553166666666665,1100000,6751648,70676,505,3764989,0,0,0,0,0.0,0,0,0,0,0,0,0,0,0,0,0.0,0,0.0,0.006130471066304428,12.301783561706543,0.715237976164887,4.567763328552246,0,0,0,0
1500,122758,76,pair_009_n3_009_conflict,conflict,1,0,0,12.500000000000002,0.09540499999999999,1100000,6756512,70726,505,3767927,0,0,0,0,0.0,0,0,0,0,0,0,0,0,0,0,0.0,0,0.0,0.0061304503619783665,12.301783561706543,0.7151068793429783,4.567763328552246,0,0,0,0
1501,122830,72,pair_013_n5_013_conflict,conflict,1,0,0,12.540000000000003,0.09528499999999998,1100000,6761120,70792,505,3770798,0,0,0,0,0.0,0,0,0,0,0,0,0,0,0,0,0.0,0,0.0,0.006128297407525142,12.301783561706543,0.7150316990535125,4.567763328552246,0,0,0,0
1502,122912,82,pair_000_n5_000_control,control,1,0,0,12.440000000000001,0.09514833333333333,1100000,6766368,70844,506,3774040,0,0,0,0,0.0,0,0,0,0,0,0,0,0,0,0,0.0,0,0.0,0.006126133957180776,12.301783561706543,0.714932897345341,4.567763328552246,0,0,0,0
1503,122980,68,pair_003_n5_003_control,control,1,0,0,12.580000000000002,0.09503499999999998,1100000,6770720,70877,506,3776790,0,0,0,0,0.0,0,0,0,0,0,0,0,0,0,0,0.0,0,0.0,0.006125051602169737,12.301783561706543,0.7148833522258533,4.567763328552246,0,0,0,0
1504,123058,78,pair_008_n3_008_conflict,conflict,1,0,0,12.48,0.09490499999999999,1100000,6775712,70886,506,3779886,0,0,0,0,0.0,0,0,0,0,0,0,0,0,0,0,0.0,0,0.0,0.006123152908123674,12.301783561706543,0.714889985694667,4.567763328552246,0,0,0,0
1505,123063,5,pair_014_n5_014_control,control,0,1,0,-0.84,0.09489666666666666,1100000,6776032,70891,506,3780082,0,0,0,0,0.0,0,0,0,0,0,0,0,0,0,0,0.0,0,0.0,0.006123023159103732,12.301783561706543,0.714886691794199,4.567763328552246,0,0,0,0
1506,123140,77,pair_015_n5_015_conflict,conflict,1,0,0,12.490000000000002,0.09476833333333332,1100000,6780960,70958,508,3783104,0,0,0,0,0.0,0,0,0,0,0,0,0,0,0,0,0.0,0,0.0,0.0061206133687014205,12.301783561706543,0.7147110200598407,4.567763328552246,0,0,0,0
1507,123213,73,pair_005_n5_005_conflict,conflict,1,0,0,12.530000000000001,0.09464666666666666,1100000,6785632,71004,509,3786018,0,0,0,0,0.0,0,0,0,0,0,0,0,0,0,0,0.0,0,0.0,0.006118173415548497,12.301783561706543,0.7146229847012153,4.567763328552246,0,0,0,0
1508,123289,76,pair_009_n3_009_control,control,1,0,0,12.500000000000002,0.09451999999999999,1100000,6790496,71063,509,3789061,0,0,0,0,0.0,0,0,0,0,0,0,0,0,0,0,0.0,0,0.0,0.0061161461160376945,12.301783561706543,0.7145103810458995,4.567763328552246,0,0,0,0
1509,123366,77,pair_010_n5_010_control,control,1,0,0,12.490000000000002,0.09439166666666665,1100000,6795424,71119,510,3792134,0,0,0,0,0.0,0,0,0,0,0,0,0,0,0,0,0.0,0,0.0,0.00611396736100054,12.301783561706543,0.7144173006455332,4.567763328552246,0,0,0,0
1510,123439,73,pair_012_n3_012_control,control,1,0,0,12.530000000000001,0.09426999999999999,1100000,6800096,71155,510,3795027,0,0,0,0,0.0,0,0,0,0,0,0,0,0,0,0,0.0,0,0.0,0.0061131653072363555,12.301783561706543,0.7143300392450794,4.567763328552246,0,0,0,0
1511,123509,70,pair_008_n5_008_control,control,1,0,0,12.560000000000002,0.09415333333333331,1100000,6804576,71210,510,3797764,0,0,0,0,0.0,0,0,0,0,0,0,0,0,0,0,0.0,0,0.0,0.0061117085055310055,12.301783561706543,0.714221375172158,4.567763328552246,0,0,0,0
1512,123580,71,pair_015_n3_015_control,control,1,0,0,12.55,0.09403499999999998,1100000,6809120,71248,510,3800575,0,0,0,0,0.0,0,0,0,0,0,0,0,0,0,0,0.0,0,0.0,0.006109168609206408,12.301783561706543,0.7141585441111649,4.567763328552246,0,0,0,0
1513,123658,78,pair_016_n3_016_control,control,1,0,0,12.48,0.09390499999999999,1100000,6814112,71303,511,3803637,0,0,0,0,0.0,0,0,0,0,0,0,0,0,0,0,0.0,0,0.0,0.00610626390680382,12.301783561706543,0.7140762497774115,4.567763328552246,0,0,0,0
1514,123735,77,pair_004_n5_004_conflict,conflict,1,0,0,12.490000000000002,0.09377666666666665,1100000,6819040,71358,513,3806650,0,0,0,0,0.0,0,0,0,0,0,0,0,0,0,0,0.0,0,0.0,0.006103483233377192,12.301783561706543,0.7139621435014546,4.567763328552246,0,0,0,0
1515,123809,74,pair_005_n3_005_control,control,1,0,0,12.520000000000001,0.09365333333333331,1100000,6823776,71397,515,3809604,0,0,0,0,0.0,0,0,0,0,0,0,0,0,0,0,0.0,0,0.0,0.006100580690160389,12.301783561706543,0.7137328241636544,4.567763328552246,0,0,0,0
1516,123889,80,pair_007_n3_007_control,control,1,0,0,12.46,0.09351999999999999,1100000,6828896,71460,516,3812751,0,0,0,0,0.0,0,0,0,0,0,0,0,0,0,0,0.0,0,0.0,0.0060975801340376985,12.301783561706543,0.7135625965534087,4.567763328552246,0,0,0,0
1517,123959,70,pair_000_n3_000_control,control,1,0,0,12.560000000000002,0.09340333333333331,1100000,6833376,71494,518,3815421,0,0,0,0,0.0,0,0,0,0,0,0,0,0,0,0,0.0,0,0.0,0.006094889997949345,12.301783561706543,0.7133853032894607,4.567763328552246,0,0,0,0
1518,124035,76,pair_001_n3_001_conflict,conflict,1,0,0,12.500000000000002,0.09327666666666665,1100000,6838240,71539,520,3818417,0,0,0,0,0.0,0,0,0,0,0,0,0,0,0,0,0.0,0,0.0,0.006092143470182441,12.301783561706543,0.7131737790385044,4.567763328552246,0,0,0,0
1519,124104,69,pair_011_n3_011_control,control,1,0,0,12.570000000000002,0.09316166666666664,1100000,6842656,71574,522,3821109,0,0,0,0,0.0,0,0,0,0,0,0,0,0,0,0,0.0,0,0.0,0.006089613231021719,12.301783561706543,0.7130862756790071,4.567763328552246,0,0,0,0
1520,124178,74,pair_010_n3_010_control,control,1,0,0,12.520000000000001,0.09303833333333333,1100000,6847392,71618,524,3824051,0,0,0,0,0.0,0,0,0,0,0,0,0,0,0,0,0.0,0,0.0,0.006086752164791483,12.301783561706543,0.7128746417102385,4.567763328552246,0,0,0,0
1521,124248,70,pair_010_n3_010_conflict,conflict,1,0,0,12.560000000000002,0.09292166666666665,1100000,6851872,71661,526,3826784,0,0,0,0,0.0,0,0,0,0,0,0,0,0,0,0,0.0,0,0.0,0.00608415602974977,12.301783561706543,0.7128731386657511,4.567763328552246,0,0,0,0
1522,124317,69,pair_008_n5_008_control,control,0,1,0,1.3200000000000016,0.09280666666666665,1100000,6856288,71713,526,3829534,0,0,0,0,0.0,0,0,0,0,0,0,0,0,0,0,0.0,0,0.0,0.006081368069393065,12.301783561706543,0.7127176652389593,4.567763328552246,0,0,0,0
1523,124398,81,pair_011_n5_011_conflict,conflict,1,0,0,12.450000000000003,0.09267166666666665,1100000,6861472,71766,526,3832791,0,0,0,0,0.0,0,0,0,0,0,0,0,0,0,0,0.0,0,0.0,0.006078422142554909,12.301783561706543,0.7126642072930237,4.567763328552246,0,0,0,0
1524,124472,74,pair_001_n5_001_conflict,conflict,1,0,0,12.520000000000001,0.09254833333333332,1100000,6866208,71826,526,3835667,0,0,0,0,0.0,0,0,0,0,0,0,0,0,0,0,0.0,0,0.0,0.006075698768676117,12.301783561706543,0.7125941674817082,4.567763328552246,0,0,0,0
1525,124542,70,pair_013_n3_013_control,control,1,0,0,12.560000000000002,0.09243166666666666,1100000,6870688,71878,526,3838438,0,0,0,0,0.0,0,0,0,0,0,0,0,0,0,0,0.0,0,0.0,0.006072981899739686,12.301783561706543,0.7125111839808603,4.567763328552246,0,0,0,0
1526,124626,84,pair_004_n3_004_conflict,conflict,1,0,0,12.420000000000002,0.09229166666666666,1100000,6876064,71929,528,3841747,0,0,0,0,0.0,0,0,0,0,0,0,0,0,0,0,0.0,0,0.0,0.00606995998625491,12.301783561706543,0.7122639769288835,4.567763328552246,0,0,0,0
1527,124700,74,pair_003_n3_003_conflict,conflict,1,0,0,12.520000000000001,0.09216833333333332,1100000,6880800,71970,529,3844625,0,0,0,0,0.0,0,0,0,0,0,0,0,0,0,0,0.0,0,0.0,0.006067015712594214,12.301783561706543,0.712036506872917,4.567763328552246,0,0,0,0
1528,124769,69,pair_007_n5_007_control,control,1,0,0,12.570000000000002,0.09205333333333332,1100000,6885216,72032,529,3847297,0,0,0,0,0.0,0,0,0,0,0,0,0,0,0,0,0.0,0,0.0,0.006064619619154721,12.301783561706543,0.7120298022922534,4.567763328552246,0,0,0,0
1529,124789,20,pair_016_n5_016_control,control,0,1,0,-0.44000000000000006,0.09201999999999999,1100000,6886496,72052,530,3848098,0,0,0,0,0.0,0,0,0,0,0,0,0,0,0,0,0.0,0,0.0,0.006063856962975697,12.301783561706543,0.7119969122065019,4.567763328552246,0,0,0,0
1530,124806,17,pair_012_n5_012_control,control,0,1,0,-0.4600000000000001,0.09199166666666667,1100000,6887584,72069,531,3848738,0,0,0,0,0.0,0,0,0,0,0,0,0,0,0,0,0.0,0,0.0,0.00606320079134124,12.301783561706543,0.7119581782779653,4.567763328552246,0,0,0,0
1531,124875,69,pair_002_n3_002_control,control,1,0,0,12.570000000000002,0.09187666666666666,1100000,6892000,72101,534,3851495,0,0,0,0,0.0,0,0,0,0,0,0,0,0,0,0,0.0,0,0.0,0.006063395479893162,12.301783561706543,0.7120353047642354,4.567763328552246,0,0,0,0
1532,124951,76,pair_016_n3_016_conflict,conflict,1,0,0,12.500000000000002,0.09175,1100000,6896864,72151,534,3854468,0,0,0,0,0.0,0,0,0,0,0,0,0,0,0,0,0.0,0,0.0,0.006061253907687161,12.301783561706543,0.7120956815180692,4.567763328552246,0,0,0,0
1533,125031,80,pair_010_n5_010_control,control,1,0,0,12.46,0.09161666666666665,1100000,6901984,72202,534,3857602,0,0,0,0,0.0,0,0,0,0,0,0,0,0,0,0,0.0,0,0.0,0.006059090497019586,12.301783561706543,0.7119743461917583,4.567763328552246,0,0,0,0
1534,125105,74,pair_000_n5_000_conflict,conflict,1,0,0,12.520000000000001,0.09149333333333332,1100000,6906720,72246,534,3860520,0,0,0,0,0.0,0,0,0,0,0,0,0,0,0,0,0.0,0,0.0,0.006056599419866346,12.301783561706543,0.7119536372655072,4.567763328552246,0,0,0,0
1535,125122,17,pair_017_n3_017_conflict,conflict,0,1,0,-0.51,0.09146499999999999,1100000,6907808,72263,534,3861173,0,0,0,0,0.0,0,0,0,0,0,0,0,0,0,0,0.0,0,0.0,0.006055952625361219,12.301783561706543,0.7119250641964543,4.567763328552246,0,0,0,0
1536,125205,83,pair_006_n5_006_control,control,1,0,0,12.430000000000001,0.09132666666666667,1100000,6913120,72332,535,3864546,0,0,0,0,0.0,0,0,0,0,0,0,0,0,0,0,0.0,0,0.0,0.006054022650495586,12.301783561706543,0.7118057221785526,4.567763328552246,0,0,0,0
1537,125277,72,pair_008_n3_008_control,control,1,0,0,12.540000000000001,0.09120666666666666,1100000,6917728,72370,535,3867421,0,0,0,0,0.0,0,0,0,0,0,0,0,0,0,0,0.0,0,0.0,0.006052545319455458,12.301783561706543,0.7117622702613624,4.567763328552246,0,0,0,0
1538,125353,76,pair_000_n3_000_conflict,conflict,1,0,0,12.500000000000002,0.09108,1100000,6922592,72413,535,3870410,0,0,0,0,0.0,0,0,0,0,0,0,0,0,0,0,0.0,0,0.0,0.006050750102447709,12.301783561706543,0.711579864006948,4.567763328552246,0,0,0,0
1539,125427,74,pair_017_n5_017_conflict,conflict,1,0,0,12.520000000000001,0.09095666666666666,1100000,6927328,72461,536,3873326,0,0,0,0,0.0,0,0,0,0,0,0,0,0,0,0,0.0,0,0.0,0.006048237790987564,12.301783561706543,0.711552808819921,4.567763328552246,0,0,0,0
1540,125499,72,pair_005_n3_005_conflict,conflict,1,0,0,12.540000000000001,0.09083666666666665,1100000,6931936,72496,536,3876178,0,0,0,0,0.0,0,0,0,0,0,0,0,0,0,0,0.0,0,0.0,0.006047271588372244,12.301783561706543,0.7115601982846499,4.567763328552246,0,0,0,0
1541,125573,74,pair_011_n5_011_control,control,1,0,0,12.520000000000001,0.09071333333333331,1100000,6936672,72533,536,3879102,0,0,0,0,0.0,0,0,0,0,0,0,0,0,0,0,0.0,0,0.0,0.006045016099397898,12.301783561706543,0.7116403579148403,4.567763328552246,0,0,0,0
1542,125651,78,pair_011_n3_011_conflict,conflict,1,0,0,12.48,0.09058333333333332,1100000,6941664,72568,536,3882139,0,0,0,0,0.0,0,0,0,0,0,0,0,0,0,0,0.0,0,0.0,0.006043255796962645,12.301783561706543,0.711498203056855,4.567763328552246,0,0,0,0
1543,125725,74,pair_014_n3_014_conflict,conflict,1,0,0,12.520000000000001,0.09045999999999998,1100000,6946400,72605,536,3885081,0,0,0,0,0.0,0,0,0,0,0,0,0,0,0,0,0.0,0,0.0,0.006040844872460334,12.301783561706543,0.7113346186022317,4.567763328552246,0,0,0,0
1544,125785,60,pair_013_n5_013_control,control,0,1,0,1.160000000000001,0.09036,1100000,6950240,72664,536,3887446,0,0,0,0,0.0,0,0,0,0,0,0,0,0,0,0,0.0,0,0.0,0.00603910791959941,12.301783561706543,0.7111660840678435,4.567763328552246,0,0,0,0
1545,125853,68,pair_003_n5_003_conflict,conflict,1,0,0,12.580000000000002,0.09024666666666664,1100000,6954592,72714,536,3890114,0,0,0,0,0.0,0,0,0,0,0,0,0,0,0,0,0.0,0,0.0,0.006038312419674154,12.301783561706543,0.7111212287357054,4.567763328552246,0,0,0,0
1546,125937,84,pair_012_n5_012_conflict,conflict,1,0,0,12.420000000000002,0.09010666666666667,1100000,6959968,72778,537,3893438,0,0,0,0,0.0,0,0,0,0,0,0,0,0,0,0,0.0,0,0.0,0.006035440790146142,12.301783561706543,0.7110250789500687,4.567763328552246,0,0,0,0
1547,126006,69,pair_014_n5_014_conflict,conflict,1,0,0,12.570000000000002,0.08999166666666666,1100000,6964384,72818,537,3896146,0,0,0,0,0.0,0,0,0,0,0,0,0,0,0,0,0.0,0,0.0,0.006034103396583922,12.301783561706543,0.7108182313853357,4.567763328552246,0,0,0,0
1548,126080,74,pair_006_n5_006_conflict,conflict,1,0,0,12.520000000000001,0.08986833333333333,1100000,6969120,72877,537,3899139,0,0,0,0,0.0,0,0,0,0,0,0,0,0,0,0,0.0,0,0.0,0.006031332305493554,12.301783561706543,0.7106809549386138,4.567763328552246,0,0,0,0
1549,126151,71,pair_015_n3_015_conflict,conflict,1,0,0,12.55,0.08975,1100000,6973664,72928,537,3902039,0,0,0,0,0.0,0,0,0,0,0,0,0,0,0,0,0.0,0,0.0,0.006028917792276478,12.301783561706543,0.7106244322853513,4.567763328552246,0,0,0,0
1550,126233,82,pair_012_n3_012_control,control,1,0,0,12.440000000000001,0.08961333333333332,1100000,6978912,72973,537,3905309,0,0,0,0,0.0,0,0,0,0,0,0,0,0,0,0,0.0,0,0.0,0.006026937767763486,12.301783561706543,0.7104311293367325,4.567763328552246,0,0,0,0
1551,126307,74,pair_007_n5_007_conflict,conflict,1,0,0,12.520000000000001,0.08948999999999999,1100000,6983648,73025,537,3908211,0,0,0,0,0.0,0,0,0,0,0,0,0,0,0,0,0.0,0,0.0,0.0060239327882009,12.301783561706543,0.7102645008271983,4.567763328552246,0,0,0,0
1552,126380,73,pair_003_n3_003_control,control,1,0,0,12.530000000000001,0.08936833333333333,1100000,6988320,73066,537,3911113,0,0,0,0,0.0,0,0,0,0,0,0,0,0,0,0,0.0,0,0.0,0.006021377674857097,12.301783561706543,0.7102057998469222,4.567763328552246,0,0,0,0
1553,126454,74,pair_002_n5_002_conflict,conflict,1,0,0,12.520000000000001,0.08924499999999999,1100000,6993056,73113,537,3914023,0,0,0,0,0.0,0,0,0,0,0,0,0,0,0,0,0.0,0,0.0,0.006019803801022869,12.301783561706543,0.7102380739538218,4.567763328552246,0,0,0,0
1554,126529,75,pair_015_n5_015_control,control,1,0,0,12.510000000000002,0.08911999999999998,1100000,6997856,73181,538,3917001,0,0,0,0,0.0,0,0,0,0,0,0,0,0,0,0,0.0,0,0.0,0.006017023003031014,12.301783561706543,0.7102070639064522,4.567763328552246,0,0,0,0
1555,126607,78,pair_013_n5_013_conflict,conflict,1,0,0,12.48,0.08898999999999999,1100000,7002848,73247,538,3920133,0,0,0,0,0.0,0,0,0,0,0,0,0,0,0,0,0.0,0,0.0,0.006014391163551674,12.301783561706543,0.7102260656248313,4.567763328552246,0,0,0,0
1556,126679,72,pair_004_n3_004_control,control,1,0,0,12.540000000000001,0.08886999999999998,1100000,7007456,73284,538,3923057,0,0,0,0,0.0,0,0,0,0,0,0,0,0,0,0,0.0,0,0.0,0.006012115837622688,12.301783561706543,0.7101802247166618,4.567763328552246,0,0,0,0
1557,126752,73,pair_009_n5_009_control,control,1,0,0,12.530000000000001,0.08874833333333332,1100000,7012128,73348,538,3925970,0,0,0,0,0.0,0,0,0,0,0,0,0,0,0,0,0.0,0,0.0,0.006010721030196287,12.301783561706543,0.7101074414174264,4.567763328552246,0,0,0,0
1558,126824,72,pair_016_n5_016_conflict,conflict,1,0,0,12.540000000000003,0.08862833333333331,1100000,7016736,73407,538,3928883,0,0,0,0,0.0,0,0,0,0,0,0,0,0,0,0,0.0,0,0.0,0.0060080730339976155,12.301783561706543,0.70991495475984,4.567763328552246,0,0,0,0
1559,126897,73,pair_001_n3_001_control,control,1,0,0,12.530000000000001,0.08850666666666665,1100000,7021408,73453,538,3931804,0,0,0,0,0.0,0,0,0,0,0,0,0,0,0,0,0.0,0,0.0,0.0060057747241840575,12.301783561706543,0.7098899646393304,4.567763328552246,0,0,0,0
1560,126970,73,pair_008_n3_008_conflict,conflict,1,0,0,12.530000000000001,0.08838499999999999,1100000,7026080,73498,538,3934767,0,0,0,0,0.0,0,0,0,0,0,0,0,0,0,0,0.0,0,0.0,0.006003152248780317,12.301783561706543,0.7097117232512327,4.567763328552246,0,0,0,0
1561,127041,71,pair_012_n3_012_conflict,conflict,1,0,0,12.55,0.08826666666666666,1100000,7030624,73534,538,3937621,0,0,0,0,0.0,0,0,0,0,0,0,0,0,0,0,0.0,0,0.0,0.006001599272669698,12.301783561706543,0.7096565481920994,4.567763328552246,0,0,0,0
1562,127111,70,pair_006_n3_006_conflict,conflict,1,0,0,12.560000000000002,0.08814999999999998,1100000,7035104,73583,538,3940487,0,0,0,0,0.0,0,0,0,0,0,0,0,0,0,0,0.0,0,0.0,0.006000446962149945,12.301783561706543,0.7095367374987936,4.567763328552246,0,0,0,0
1563,127181,70,pair_010_n5_010_conflict,conflict,1,0,0,12.560000000000002,0.08803333333333332,1100000,7039584,73637,538,3943340,0,0,0,0,0.0,0,0,0,0,0,0,0,0,0,0,0.0,0,0.0,0.005997804494361253,12.301783561706543,0.7094323468498408,4.567763328552246,0,0,0,0
1564,127253,72,pair_000_n5_000_control,control,0,1,0,1.3900000000000015,0.08791333333333332,1100000,7044192,73682,538,3946311,0,0,0,0,0.0,0,0,0,0,0,0,0,0,0,0,0.0,0,0.0,0.0059953506842519285,12.301783561706543,0.7092457338892852,4.567763328552246,0,0,0,0
1565,127321,68,pair_015_n5_015_conflict,conflict,1,0,0,12.580000000000002,0.08779999999999999,1100000,7048544,73737,538,3949073,0,0,0,0,0.0,0,0,0,0,0,0,0,0,0,0,0.0,0,0.0,0.005992836847203243,12.301783561706543,0.7091561579277998,4.567763328552246,0,0,0,0
1566,127395,74,pair_004_n5_004_control,control,1,0,0,12.520000000000001,0.08767666666666665,1100000,7053280,73793,538,3952071,0,0,0,0,0.0,0,0,0,0,0,0,0,0,0,0,0.0,0,0.0,0.00599242985306755,12.301783561706543,0.7090093133837093,4.567763328552246,0,0,0,0
1567,127462,67,pair_017_n3_017_control,control,1,0,0,12.590000000000002,0.08756499999999998,1100000,7057568,73835,538,3954879,0,0,0,0,0.0,0,0,0,0,0,0,0,0,0,0,0.0,0,0.0,0.005993500272936149,12.301783561706543,0.7088662437527092,4.567763328552246,0,0,0,0
1568,127536,74,pair_001_n5_001_control,control,1,0,0,12.520000000000001,0.08744166666666667,1100000,7062304,73893,538,3957913,0,0,0,0,0.0,0,0,0,0,0,0,0,0,0,0,0.0,0,0.0,0.0059940434914996866,12.301783561706543,0.708870513553163,4.567763328552246,0,0,0,0
1569,127607,71,pair_014_n3_014_control,control,1,0,0,12.55,0.08732333333333331,1100000,7066848,73945,538,3960861,0,0,0,0,0.0,0,0,0,0,0,0,0,0,0,0,0.0,0,0.0,0.005994005264932535,12.301783561706543,0.7086995942092109,4.567763328552246,0,0,0,0
1570,127684,77,pair_014_n5_014_control,control,1,0,0,12.490000000000002,0.087195,1100000,7071776,73995,538,3964100,0,0,0,0,0.0,0,0,0,0,0,0,0,0,0,0,0.0,0,0.0,0.005991057247896492,12.301783561706543,0.7084796242094971,4.567763328552246,0,0,0,0
1571,127760,76,pair_007_n3_007_conflict,conflict,1,0,0,12.500000000000002,0.08706833333333333,1100000,7076640,74055,538,3967250,0,0,0,0,0.0,0,0,0,0,0,0,0,0,0,0,0.0,0,0.0,0.005990588636539937,12.301783561706543,0.7085431845436478,4.567763328552246,0,0,0,0
1572,127844,84,pair_002_n3_002_conflict,conflict,1,0,0,12.420000000000002,0.08692833333333333,1100000,7082016,74089,538,3970788,0,0,0,0,0.0,0,0,0,0,0,0,0,0,0,0,0.0,0,0.0,0.00598974739119189,12.301783561706543,0.7084811290790521,4.567763328552246,0,0,0,0
1573,127915,71,pair_009_n3_009_control,control,1,0,0,12.55,0.08681,1100000,7086560,74145,538,3973728,0,0,0,0,0.0,0,0,0,0,0,0,0,0,0,0,0.0,0,0.0,0.0059872916143080025,12.301783561706543,0.7083783536656957,4.567763328552246,0,0,0,0
1574,127993,78,pair_005_n5_005_control,control,1,0,0,12.48,0.08667999999999998,1100000,7091552,74194,538,3976974,0,0,0,0,0.0,0,0,0,0,0,0,0,0,0,0,0.0,0,0.0,0.005985320893191572,12.301783561706543,0.708180226307067,4.567763328552246,0,0,0,0
1575,128065,72,pair_009_n3_009_conflict,conflict,1,0,0,12.540000000000001,0.08656,1100000,7096160,74254,538,3979944,0,0,0,0,0.0,0,0,0,0,0,0,0,0,0,0,0.0,0,0.0,0.005985156591842572,12.301783561706543,0.7080816590090577,4.567763328552246,0,0,0,0
1576,128138,73,pair_008_n5_008_conflict,conflict,1,0,0,12.530000000000001,0.08643833333333331,1100000,7100832,74312,538,3982987,0,0,0,0,0.0,0,0,0,0,0,0,0,0,0,0,0.0,0,0.0,0.0059837556611505366,12.301783561706543,0.7080102855183149,4.567763328552246,0,0,0,0
1577,128210,72,pair_003_n5_003_control,control,1,0,0,12.540000000000001,0.08631833333333333,1100000,7105440,74344,538,3986011,0,0,0,0,0.0,0,0,0,0,0,0,0,0,0,0,0.0,0,0.0,0.005981109064857835,12.301783561706543,0.707886218840936,4.567763328552246,0,0,0,0
1578,128284,74,pair_013_n3_013_conflict,conflict,1,0,0,12.520000000000001,0.086195,1100000,7110176,74388,538,3989097,0,0,0,0,0.0,0,0,0,0,0,0,0,0,0,0,0.0,0,0.0,0.0059792019988099574,12.301783561706543,0.7077151561617322,4.567763328552246,0,0,0,0
1579,128357,73,pair_009_n5_009_conflict,conflict,1,0,0,12.530000000000001,0.08607333333333334,1100000,7114848,74444,538,3992153,0,0,0,0,0.0,0,0,0,0,0,0,0,0,0,0,0.0,0,0.0,0.005978446236414621,12.301783561706543,0.7076098796572892,4.567763328552246,0,0,0,0
1580,128362,5,pair_017_n5_017_control,control,0,1,0,-0.84,0.086065,1100000,7115168,74449,538,3992370,0,0,0,0,0.0,0,0,0,0,0,0,0,0,0,0,0.0,0,0.0,0.005978260544672873,12.301783561706543,0.7076014645316808,4.567763328552246,0,0,0,0
1581,128434,72,pair_002_n5_002_control,control,1,0,0,12.540000000000001,0.085945,1100000,7119776,74493,538,3995405,0,0,0,0,0.0,0,0,0,0,0,0,0,0,0,0,0.0,0,0.0,0.005976890275138119,12.301783561706543,0.7076609728670703,4.567763328552246,0,0,0,0
1582,128507,73,pair_005_n5_005_conflict,conflict,1,0,0,12.530000000000001,0.08582333333333333,1100000,7124448,74540,538,3998447,0,0,0,0,0.0,0,0,0,0,0,0,0,0,0,0,0.0,0,0.0,0.00597540426130294,12.301783561706543,0.7076509818875348,4.567763328552246,0,0,0,0
1583,128598,91,pair_006_n3_006_control,control,1,0,0,12.350000000000001,0.08567166666666665,1100000,7130272,74587,538,4002244,0,0,0,0,0.0,0,0,0,0,0,0,0,0,0,0,0.0,0,0.0,0.0059744333440319,12.301783561706543,0.7074870519527696,4.567763328552246,0,0,0,0
1584,128675,77,pair_013_n5_013_conflict,conflict,1,0,0,12.490000000000002,0.08554333333333333,1100000,7135200,74662,538,4005505,0,0,0,0,0.0,0,0,0,0,0,0,0,0,0,0,0.0,0,0.0,0.005975600162716357,12.301783561706543,0.7073617495547482,4.567763328552246,0,0,0,0
1585,128751,76,pair_003_n3_003_control,control,1,0,0,12.500000000000002,0.08541666666666667,1100000,7140064,74710,538,4008720,0,0,0,0,0.0,0,0,0,0,0,0,0,0,0,0,0.0,0,0.0,0.005973017375230911,12.301783561706543,0.7072464366650775,4.567763328552246,0,0,0,0
1586,128819,68,pair_010_n3_010_control,control,1,0,0,12.580000000000002,0.08530333333333331,1100000,7144416,74756,538,4011668,0,0,0,0,0.0,0,0,0,0,0,0,0,0,0,0,0.0,0,0.0,0.005970450657019079,12.301783561706543,0.7070755221856312,4.567763328552246,0,0,0,0
1587,128890,71,pair_016_n5_016_control,control,1,0,0,12.55,0.08518499999999998,1100000,7148960,74815,538,4014663,0,0,0,0,0.0,0,0,0,0,0,0,0,0,0,0,0.0,0,0.0,0.005967891600540428,12.301783561706543,0.7069587600032955,4.567763328552246,0,0,0,0
1588,128957,67,pair_005_n3_005_control,control,1,0,0,12.590000000000002,0.08507333333333333,1100000,7153248,74850,538,4017496,0,0,0,0,0.0,0,0,0,0,0,0,0,0,0,0,0.0,0,0.0,0.005965319156072396,12.301783561706543,0.7068370060171527,4.567763328552246,0,0,0,0
1589,129026,69,pair_008_n3_008_conflict,conflict,1,0,0,12.570000000000002,0.08495833333333333,1100000,7157664,74890,538,4020415,0,0,0,0,0.0,0,0,0,0,0,0,0,0,0,0,0.0,0,0.0,0.005962572277294548,12.301783561706543,0.7066613500889602,4.567763328552246,0,0,0,0
1590,129093,67,pair_003_n5_003_conflict,conflict,1,0,0,12.590000000000002,0.08484666666666665,1100000,7161952,74930,538,4023271,0,0,0,0,0.0,0,0,0,0,0,0,0,0,0,0,0.0,0,0.0,0.005962314535282523,12.301783561706543,0.7064796486361001,4.567763328552246,0,0,0,0
1591,129168,75,pair_015_n5_015_conflict,conflict,1,0,0,12.510000000000002,0.08472166666666667,1100000,7166752,74983,538,4026535,0,0,0,0,0.0,0,0,0,0,0,0,0,0,0,0,0.0,0,0.0,0.00595959347051424,12.301783561706543,0.7064000746756632,4.567763328552246,0,0,0,0
1592,129239,71,pair_004_n3_004_conflict,conflict,1,0,0,12.55,0.08460333333333334,1100000,7171296,75018,538,4029538,0,0,0,0,0.0,0,0,0,0,0,0,0,0,0,0,0.0,0,0.0,0.005956929301407447,12.301783561706543,0.7062500011518626,4.567763328552246,0,0,0,0
1593,129310,71,pair_012_n5_012_control,control,1,0,0,12.55,0.08448499999999998,1100000,7175840,75063,538,4032576,0,0,0,0,0.0,0,0,0,0,0,0,0,0,0,0,0.0,0,0.0,0.005955724440341381,12.301783561706543,0.7060435419617572,4.567763328552246,0,0,0,0
1594,129382,72,pair_010_n5_010_control,control,1,0,0,12.540000000000001,0.084365,1100000,7180448,75103,538,4035663,0,0,0,0,0.0,0,0,0,0,0,0,0,0,0,0,0.0,0,0.0,0.0059549133192979345,12.301783561706543,0.7059658784639996,4.567763328552246,0,0,0,0
1595,129456,74,pair_017_n3_017_conflict,conflict,1,0,0,12.520000000000001,0.08424166666666666,1100000,7185184,75142,538,4038774,0,0,0,0,0.0,0,0,0,0,0,0,0,0,0,0,0.0,0,0.0,0.005952460953989514,12.301783561706543,0.7057949085495858,4.567763328552246,0,0,0,0
1596,129527,71,pair_005_n5_005_control,control,1,0,0,12.55,0.08412333333333333,1100000,7189728,75182,538,4041748,0,0,0,0,0.0,0,0,0,0,0,0,0,0,0,0,0.0,0,0.0,0.005951904449044808,12.301783561706543,0.7057715946968813,4.567763328552246,0,0,0,0
1597,129595,68,pair_006_n3_006_conflict,conflict,1,0,0,12.580000000000002,0.08401,1100000,7194080,75232,538,4044672,0,0,0,0,0.0,0,0,0,0,0,0,0,0,0,0,0.0,0,0.0,0.005950406641098019,12.301783561706543,0.7056643774821268,4.567763328552246,0,0,0,0
1598,129600,5,pair_002_n3_002_control,control,0,1,0,-0.84,0.08400166666666667,1100000,7194400,75237,538,4044898,0,0,0,0,0.0,0,0,0,0,0,0,0,0,0,0,0.0,0,0.0,0.0059502303982654995,12.301783561706543,0.7056707197782026,4.567763328552246,0,0,0,0
1599,129666,66,pair_009_n3_009_control,control,1,0,0,12.600000000000001,0.08389166666666664,1100000,7198624,75277,538,4047701,0,0,0,0,0.0,0,0,0,0,0,0,0,0,0,0,0.0,0,0.0,0.005947939184763653,12.301783561706543,0.7055798754790548,4.567763328552246,0,0,0,0
1600,129737,71,pair_006_n5_006_conflict,conflict,1,0,0,12.55,0.08377333333333331,1100000,7203168,75333,539,4050704,0,0,0,0,0.0,0,0,0,0,0,0,0,0,0,0,0.0,0,0.0,0.005946479253838165,12.301783561706543,0.7054856114868189,4.567763328552246,0,0,0,0
1601,129803,66,pair_008_n5_008_control,control,1,0,0,12.600000000000001,0.08366333333333331,1100000,7207392,75374,539,4053562,0,0,0,0,0.0,0,0,0,0,0,0,0,0,0,0,0.0,0,0.0,0.005943934870927405,12.301783561706543,0.7053675770858855,4.567763328552246,0,0,0,0
1602,129876,73,pair_003_n3_003_conflict,conflict,1,0,0,12.530000000000001,0.08354166666666665,1100000,7212064,75419,539,4056627,0,0,0,0,0.0,0,0,0,0,0,0,0,0,0,0,0.0,0,0.0,0.005941304758738658,12.301783561706543,0.7052016385224772,4.567763328552246,0,0,0,0
1603,129954,78,pair_015_n3_015_conflict,conflict,1,0,0,12.480000000000002,0.08341166666666666,1100000,7217056,75459,539,4059929,0,0,0,0,0.0,0,0,0,0,0,0,0,0,0,0,0.0,0,0.0,0.005939045038912976,12.301783561706543,0.705113916878638,4.567763328552246,0,0,0,0
1604,130021,67,pair_000_n5_000_conflict,conflict,1,0,0,12.590000000000002,0.08329999999999999,1100000,7221344,75506,539,4062774,0,0,0,0,0.0,0,0,0,0,0,0,0,0,0,0,0.0,0,0.0,0.005936621433298681,12.301783561706543,0.7050070023151503,4.567763328552246,0,0,0,0
1605,130094,73,pair_010_n3_010_conflict,conflict,1,0,0,12.530000000000001,0.08317833333333333,1100000,7226016,75547,539,4065873,0,0,0,0,0.0,0,0,0,0,0,0,0,0,0,0,0.0,0,0.0,0.005936738258739155,12.301783561706543,0.7049268678128561,4.567763328552246,0,0,0,0
1606,130163,69,pair_010_n5_010_conflict,conflict,1,0,0,12.570000000000002,0.08306333333333332,1100000,7230432,75590,539,4068844,0,0,0,0,0.0,0,0,0,0,0,0,0,0,0,0,0.0,0,0.0,0.005934494768036219,12.301783561706543,0.7048377162098496,4.567763328552246,0,0,0,0
1607,130241,78,pair_011_n5_011_conflict,conflict,1,0,0,12.480000000000002,0.08293333333333333,1100000,7235424,75631,539,4072113,0,0,0,0,0.0,0,0,0,0,0,0,0,0,0,0,0.0,0,0.0,0.0059335917718662205,12.301783561706543,0.7047601094607481,4.567763328552246,0,0,0,0
1608,130312,71,pair_006_n3_006_control,control,1,0,0,12.55,0.082815,1100000,7239968,75681,539,4075152,0,0,0,0,0.0,0,0,0,0,0,0,0,0,0,0,0.0,0,0.0,0.005931797544986347,12.301783561706543,0.7045759089882627,4.567763328552246,0,0,0,0
1609,130386,74,pair_011_n5_011_control,control,1,0,0,12.520000000000001,0.08269166666666666,1100000,7244704,75718,539,4078332,0,0,0,0,0.0,0,0,0,0,0,0,0,0,0,0,0.0,0,0.0,0.005929926991159551,12.301783561706543,0.7045273744672986,4.567763328552246,0,0,0,0
1610,130466,80,pair_017_n3_017_control,control,1,0,0,12.46,0.08255833333333332,1100000,7249824,75760,540,4081709,0,0,0,0,0.0,0,0,0,0,0,0,0,0,0,0,0.0,0,0.0,0.005926763921582193,12.301783561706543,0.7043119880756257,4.567763328552246,0,0,0,0
1611,130532,66,pair_016_n3_016_control,control,1,0,0,12.600000000000001,0.08244833333333332,1100000,7254048,75811,540,4084477,0,0,0,0,0.0,0,0,0,0,0,0,0,0,0,0,0.0,0,0.0,0.005924193143624017,12.301783561706543,0.7041417456645717,4.567763328552246,0,0,0,0
1612,130608,76,pair_013_n3_013_conflict,conflict,1,0,0,12.500000000000002,0.08232166666666665,1100000,7258912,75866,540,4087683,0,0,0,0,0.0,0,0,0,0,0,0,0,0,0,0,0.0,0,0.0,0.005922381580549059,12.301783561706543,0.7040294955955793,4.567763328552246,0,0,0,0
1613,130679,71,pair_005_n3_005_conflict,conflict,1,0,0,12.55,0.08220333333333332,1100000,7263456,75899,540,4090654,0,0,0,0,0.0,0,0,0,0,0,0,0,0,0,0,0.0,0,0.0,0.005919795311555662,12.301783561706543,0.7039773383292508,4.567763328552246,0,0,0,0
1614,130753,74,pair_000_n3_000_conflict,conflict,1,0,0,12.520000000000001,0.08207999999999999,1100000,7268192,75945,541,4093748,0,0,0,0,0.0,0,0,0,0,0,0,0,0,0,0,0.0,0,0.0,0.0059168783981217166,12.301783561706543,0.7037538833179323,4.567763328552246,0,0,0,0
1615,130776,23,pair_016_n5_016_conflict,conflict,0,1,0,-0.42000000000000004,0.08204166666666665,1100000,7269664,75968,542,4094689,0,0,0,0,0.0,0,0,0,0,0,0,0,0,0,0,0.0,0,0.0,0.005916012303446132,12.301783561706543,0.7036752574914603,4.567763328552246,0,0,0,0
1616,130850,74,pair_016_n3_016_conflict,conflict,1,0,0,12.520000000000001,0.08191833333333332,1100000,7274400,76024,542,4097784,0,0,0,0,0.0,0,0,0,0,0,0,0,0,0,0,0.0,0,0.0,0.005914620570580999,12.301783561706543,0.7036442513527462,4.567763328552246,0,0,0,0
1617,130854,4,pair_013_n3_013_control,control,0,1,0,-0.88,0.08191166666666666,1100000,7274656,76028,542,4097948,0,0,0,0,0.0,0,0,0,0,0,0,0,0,0,0,0.0,0,0.0,0.005914483856664708,12.301783561706543,0.7036334261611652,4.567763328552246,0,0,0,0
1618,130922,68,pair_007_n5_007_control,control,1,0,0,12.580000000000002,0.08179833333333333,1100000,7279008,76077,542,4100809,0,0,0,0,0.0,0,0,0,0,0,0,0,0,0,0,0.0,0,0.0,0.005913662124703953,12.301783561706543,0.7035581294040544,4.567763328552246,0,0,0,0
1619,130994,72,pair_002_n5_002_conflict,conflict,1,0,0,12.540000000000001,0.08167833333333333,1100000,7283616,76118,542,4103829,0,0,0,0,0.0,0,0,0,0,0,0,0,0,0,0,0.0,0,0.0,0.005912988055372513,12.301783561706543,0.7035231642169937,4.567763328552246,0,0,0,0
1620,131066,72,pair_011_n3_011_control,control,1,0,0,12.540000000000001,0.08155833333333332,1100000,7288224,76159,542,4106916,0,0,0,0,0.0,0,0,0,0,0,0,0,0,0,0,0.0,0,0.0,0.005912271613629134,12.301783561706543,0.7034124383444111,4.567763328552246,0,0,0,0
1621,131138,72,pair_014_n5_014_conflict,conflict,1,0,0,12.540000000000003,0.08143833333333333,1100000,7292832,76219,542,4109985,0,0,0,0,0.0,0,0,0,0,0,0,0,0,0,0,0.0,0,0.0,0.00591346271925325,12.301783561706543,0.7035292950470259,4.567763328552246,0,0,0,0
1622,131205,67,pair_002_n5_002_control,control,1,0,0,12.590000000000002,0.08132666666666666,1100000,7297120,76261,542,4112788,0,0,0,0,0.0,0,0,0,0,0,0,0,0,0,0,0.0,0,0.0,0.0059115989650518515,12.301783561706543,0.7035283794239243,4.567763328552246,0,0,0,0
1623,131279,74,pair_006_n5_006_control,control,1,0,0,12.520000000000001,0.08120333333333332,1100000,7301856,76321,546,4115897,0,0,0,0,0.0,0,0,0,0,0,0,0,0,0,0,0.0,0,0.0,0.005910884640465219,12.301783561706543,0.703432951020323,4.567763328552246,0,0,0,0
1624,131353,74,pair_011_n3_011_conflict,conflict,1,0,0,12.520000000000001,0.08107999999999999,1100000,7306592,76356,546,4119014,0,0,0,0,0.0,0,0,0,0,0,0,0,0,0,0,0.0,0,0.0,0.005909221693845359,12.301783561706543,0.703262721770623,4.567763328552246,0,0,0,0
1625,131423,70,pair_014_n3_014_conflict,conflict,1,0,0,12.560000000000002,0.08096333333333333,1100000,7311072,76394,546,4121953,0,0,0,0,0.0,0,0,0,0,0,0,0,0,0,0,0.0,0,0.0,0.005907551350051845,12.301783561706543,0.7031104677844873,4.567763328552246,0,0,0,0
1626,131494,71,pair_015_n5_015_control,control,1,0,0,12.55,0.080845,1100000,7315616,76457,546,4124922,0,0,0,0,0.0,0,0,0,0,0,0,0,0,0,0,0.0,0,0.0,0.005907820661313662,12.301783561706543,0.703128227605422,4.567763328552246,0,0,0,0
1627,131569,75,pair_005_n5_005_conflict,conflict,1,0,0,12.510000000000002,0.08071999999999999,1100000,7320416,76505,546,4128036,0,0,0,0,0.0,0,0,0,0,0,0,0,0,0,0,0.0,0,0.0,0.005906728805515789,12.301783561706543,0.7029687025383666,4.567763328552246,0,0,0,0
1628,131648,79,pair_017_n5_017_control,control,1,0,0,12.470000000000002,0.08058833333333332,1100000,7325472,76566,547,4131365,0,0,0,0,0.0,0,0,0,0,0,0,0,0,0,0,0.0,0,0.0,0.005904915734099406,12.301783561706543,0.7028112582566018,4.567763328552246,0,0,0,0
1629,131726,78,pair_014_n5_014_control,control,1,0,0,12.48,0.08045833333333333,1100000,7330464,76625,547,4134655,0,0,0,0,0.0,0,0,0,0,0,0,0,0,0,0,0.0,0,0.0,0.005901986514109674,12.301783561706543,0.7026046972212396,4.567763328552246,0,0,0,0
1630,131799,73,pair_001_n3_001_conflict,conflict,1,0,0,12.530000000000001,0.08033666666666667,1100000,7335136,76670,547,4137695,0,0,0,0,0.0,0,0,0,0,0,0,0,0,0,0,0.0,0,0.0,0.00590096040713318,12.301783561706543,0.7026364136712969,4.567763328552246,0,0,0,0
1631,131869,70,pair_008_n3_008_control,control,1,0,0,12.560000000000002,0.08021999999999999,1100000,7339616,76712,547,4140639,0,0,0,0,0.0,0,0,0,0,0,0,0,0,0,0,0.0,0,0.0,0.005899844866824578,12.301783561706543,0.7025126290050439,4.567763328552246,0,0,0,0
1632,131942,73,pair_015_n3_015_control,control,1,0,0,12.530000000000001,0.08009833333333333,1100000,7344288,76763,547,4143653,0,0,0,0,0.0,0,0,0,0,0,0,0,0,0,0,0.0,0,0.0,0.005897426209395376,12.301783561706543,0.7024851247518878,4.567763328552246,0,0,0,0
1633,132010,68,pair_004_n5_004_conflict,conflict,1,0,0,12.580000000000002,0.079985,1100000,7348640,76803,549,4146581,0,0,0,0,0.0,0,0,0,0,0,0,0,0,0,0,0.0,0,0.0,0.0058954311374301085,12.301783561706543,0.7023818108969893,4.567763328552246,0,0,0,0
1634,132083,73,pair_017_n5_017_conflict,conflict,1,0,0,12.530000000000001,0.07986333333333331,1100000,7353312,76857,549,4149634,0,0,0,0,0.0,0,0,0,0,0,0,0,0,0,0,0.0,0,0.0,0.00589446359212103,12.301783561706543,0.7023431488827007,4.567763328552246,0,0,0,0
1635,132155,72,pair_007_n3_007_conflict,conflict,1,0,0,12.540000000000001,0.07974333333333333,1100000,7357920,76913,549,4152681,0,0,0,0,0.0,0,0,0,0,0,0,0,0,0,0,0.0,0,0.0,0.005893289780876986,12.301783561706543,0.7022416741127638,4.567763328552246,0,0,0,0
1636,132221,66,pair_004_n3_004_control,control,1,0,0,12.600000000000001,0.07963333333333333,1100000,7362144,76947,549,4155465,0,0,0,0,0.0,0,0,0,0,0,0,0,0,0,0,0.0,0,0.0,0.0058932984371390575,12.301783561706543,0.7021560925545351,4.567763328552246,0,0,0,0
1637,132291,70,pair_007_n5_007_conflict,conflict,1,0,0,12.560000000000002,0.07951666666666665,1100000,7366624,77011,550,4158379,0,0,0,0,0.0,0,0,0,0,0,0,0,0,0,0,0.0,0,0.0,0.005891433365067993,12.301783561706543,0.7020528384597955,4.567763328552246,0,0,0,0
1638,132364,73,pair_007_n3_007_control,control,1,0,0,12.530000000000001,0.079395,1100000,7371296,77072,551,4161553,0,0,0,0,0.0,0,0,0,0,0,0,0,0,0,0,0.0,0,0.0,0.005889771367494708,12.301783561706543,0.7019292498352325,4.567763328552246,0,0,0,0
1639,132444,80,pair_001_n3_001_control,control,1,0,0,12.46,0.07926166666666665,1100000,7376416,77127,551,4164886,0,0,0,0,0.0,0,0,0,0,0,0,0,0,0,0,0.0,0,0.0,0.005887462923806786,12.301783561706543,0.7017589120259374,4.567763328552246,0,0,0,0
1640,132448,4,pair_009_n5_009_control,control,0,1,0,-0.88,0.07925499999999999,1100000,7376672,77131,551,4165053,0,0,0,0,0.0,0,0,0,0,0,0,0,0,0,0,0.0,0,0.0,0.005887321912555245,12.301783561706543,0.701757730985657,4.567763328552246,0,0,0,0
1641,132521,73,pair_013_n5_013_control,control,1,0,0,12.530000000000001,0.07913333333333333,1100000,7381344,77201,551,4168180,0,0,0,0,0.0,0,0,0,0,0,0,0,0,0,0,0.0,0,0.0,0.0058862955578075065,12.301783561706543,0.7016178363729273,4.567763328552246,0,0,0,0
1642,132591,70,pair_009_n3_009_conflict,conflict,1,0,0,12.560000000000002,0.07901666666666665,1100000,7385824,77257,551,4171160,0,0,0,0,0.0,0,0,0,0,0,0,0,0,0,0,0.0,0,0.0,0.005884314897195903,12.301783561706543,0.7014984453989725,4.567763328552246,0,0,0,0
1643,132668,77,pair_012_n3_012_conflict,conflict,1,0,0,12.490000000000002,0.07888833333333331,1100000,7390752,77303,551,4174405,0,0,0,0,0.0,0,0,0,0,0,0,0,0,0,0,0.0,0,0.0,0.005882045701196805,12.301783561706543,0.7014606977287096,4.567763328552246,0,0,0,0
1644,132737,69,pair_003_n5_003_control,control,1,0,0,12.570000000000002,0.07877333333333333,1100000,7395168,77356,551,4177294,0,0,0,0,0.0,0,0,0,0,0,0,0,0,0,0,0.0,0,0.0,0.005880268592846191,12.301783561706543,0.701307776200404,4.567763328552246,0,0,0,0
1645,132810,73,pair_000_n3_000_control,control,1,0,0,12.530000000000001,0.07865166666666665,1100000,7399840,77402,551,4180416,0,0,0,0,0.0,0,0,0,0,0,0,0,0,0,0,0.0,0,0.0,0.005877728362574591,12.301783561706543,0.7011833129046061,4.567763328552246,0,0,0,0
1646,132881,71,pair_002_n3_002_conflict,conflict,1,0,0,12.55,0.07853333333333332,1100000,7404384,77435,551,4183459,0,0,0,0,0.0,0,0,0,0,0,0,0,0,0,0,0.0,0,0.0,0.005875701855768342,12.301783561706543,0.7010208303943898,4.567763328552246,0,0,0,0
1647,132954,73,pair_001_n5_001_control,control,0,1,0,1.4800000000000013,0.07841166666666666,1100000,7409056,77492,551,4186596,0,0,0,0,0.0,0,0,0,0,0,0,0,0,0,0,0.0,0,0.0,0.005874007910534122,12.301783561706543,0.7010328673926444,4.567763328552246,0,0,0,0
1648,133010,56,pair_000_n5_000_control,control,0,1,0,1.0500000000000012,0.07831833333333332,1100000,7412640,77518,551,4189016,0,0,0,0,0.0,0,0,0,0,0,0,0,0,0,0,0.0,0,0.0,0.005872153035552998,12.301783561706543,0.7009421529320756,4.567763328552246,0,0,0,0
1649,133080,70,pair_004_n5_004_control,control,1,0,0,12.560000000000002,0.07820166666666667,1100000,7417120,77569,551,4191954,0,0,0,0,0.0,0,0,0,0,0,0,0,0,0,0,0.0,0,0.0,0.005870400428909457,12.301783561706543,0.7008923881931881,4.567763328552246,0,0,0,0
1650,133141,61,pair_001_n5_001_conflict,conflict,0,1,0,1.200000000000001,0.0781,1100000,7421024,77607,551,4194566,0,0,0,0,0.0,0,0,0,0,0,0,0,0,0,0,0.0,0,0.0,0.005868575584612476,12.301783561706543,0.700843295893913,4.567763328552246,0,0,0,0
1651,133219,78,pair_008_n5_008_conflict,conflict,1,0,0,12.480000000000002,0.07796999999999998,1100000,7426016,77672,552,4197940,0,0,0,0,0.0,0,0,0,0,0,0,0,0,0,0,0.0,0,0.0,0.005866416931544222,12.301783561706543,0.7006842728893332,4.567763328552246,0,0,0,0
1652,133296,77,pair_012_n5_012_conflict,conflict,1,0,0,12.490000000000002,0.07784166666666664,1100000,7430944,77713,552,4201210,0,0,0,0,0.0,0,0,0,0,0,0,0,0,0,0,0.0,0,0.0,0.005866149402178299,12.301783561706543,0.7006010890671946,4.567763328552246,0,0,0,0
1653,133362,66,pair_009_n5_009_conflict,conflict,1,0,0,12.600000000000001,0.07773166666666664,1100000,7435168,77766,552,4204097,0,0,0,0,0.0,0,0,0,0,0,0,0,0,0,0,0.0,0,0.0,0.005863932697146323,12.301783561706543,0.7004723633703608,4.567763328552246,0,0,0,0
1654,133434,72,pair_014_n3_014_control,control,1,0,0,12.540000000000001,0.07761166666666666,1100000,7439776,77800,552,4207157,0,0,0,0,0.0,0,0,0,0,0,0,0,0,0,0,0.0,0,0.0,0.005862003776767578,12.301783561706543,0.7005172760047028,4.567763328552246,0,0,0,0
1655,133503,69,pair_012_n3_012_control,control,1,0,0,12.570000000000002,0.07749666666666666,1100000,7444192,77843,552,4210136,0,0,0,0,0.0,0,0,0,0,0,0,0,0,0,0,0.0,0,0.0,0.0058596759308510585,12.301783561706543,0.7004136650150224,4.567763328552246,0,0,0,0
1656,133587,84,pair_011_n5_011_control,control,0,1,0,1.3700000000000014,0.07735666666666666,1100000,7449568,77885,554,4213665,0,0,0,0,0.0,0,0,0,0,0,0,0,0,0,0,0.0,0,0.0,0.005857262869179625,12.301783561706543,0.7002863549544074,4.567763328552246,0,0,0,0
1657,133651,64,pair_004_n5_004_control,control,0,1,0,1.1200000000000014,0.07724999999999999,1100000,7453664,77912,554,4216392,0,0,0,0,0.0,0,0,0,0,0,0,0,0,0,0,0.0,0,0.0,0.005856369535432156,12.301783561706543,0.7002608716690412,4.567763328552246,0,0,0,0
1658,133724,73,pair_009_n3_009_conflict,conflict,1,0,0,12.530000000000001,0.07712833333333333,1100000,7458336,77957,554,4219489,0,0,0,0,0.0,0,0,0,0,0,0,0,0,0,0,0.0,0,0.0,0.005855685354616475,12.301783561706543,0.7003144128640337,4.567763328552246,0,0,0,0
1659,133796,72,pair_002_n5_002_conflict,conflict,1,0,0,12.540000000000001,0.07700833333333332,1100000,7462944,78000,554,4222530,0,0,0,0,0.0,0,0,0,0,0,0,0,0,0,0,0.0,0,0.0,0.0058557761029666465,12.301783561706543,0.7002839347075702,4.567763328552246,0,0,0,0
1660,133872,76,pair_002_n3_002_conflict,conflict,1,0,0,12.500000000000002,0.07688166666666665,1100000,7467808,78036,554,4225773,0,0,0,0,0.0,0,0,0,0,0,0,0,0,0,0,0.0,0,0.0,0.005854424925668567,12.301783561706543,0.7001754406215889,4.567763328552246,0,0,0,0
1661,133948,76,pair_006_n5_006_control,control,1,0,0,12.500000000000002,0.07675499999999999,1100000,7472672,78093,554,4229008,0,0,0,0,0.0,0,0,0,0,0,0,0,0,0,0,0.0,0,0.0,0.005852045644166238,12.301783561706543,0.7001412763824683,4.567763328552246,0,0,0,0
1662,134035,87,pair_008_n3_008_conflict,conflict,1,0,0,12.390000000000002,0.07660999999999998,1100000,7478240,78139,555,4232646,0,0,0,0,0.0,0,0,0,0,0,0,0,0,0,0,0.0,0,0.0,0.005849464402802938,12.301783561706543,0.7000948747346986,4.567763328552246,0,0,0,0
1663,134136,101,pair_015_n3_015_control,control,1,0,0,12.250000000000002,0.07644166666666666,1100000,7484704,78180,555,4236892,0,0,0,0,0.0,0,0,0,0,0,0,0,0,0,0,0.0,0,0.0,0.005846703040329347,12.301783561706543,0.7000302517002993,4.567763328552246,0,0,0,0
1664,134215,79,pair_005_n3_005_conflict,conflict,1,0,0,12.470000000000002,0.07630999999999999,1100000,7489760,78222,555,4240220,0,0,0,0,0.0,0,0,0,0,0,0,0,0,0,0,0.0,0,0.0,0.005844508843338323,12.301783561706543,0.6999940073585236,4.567763328552246,0,0,0,0
1665,134285,70,pair_006_n3_006_conflict,conflict,1,0,0,12.560000000000002,0.07619333333333334,1100000,7494240,78258,555,4243129,0,0,0,0,0.0,0,0,0,0,0,0,0,0,0,0,0.0,0,0.0,0.0058426558077604145,12.301783561706543,0.6999126583574697,4.567763328552246,0,0,0,0
1666,134358,73,pair_013_n5_013_control,control,1,0,0,12.530000000000001,0.07607166666666665,1100000,7498912,78312,555,4246180,0,0,0,0,0.0,0,0,0,0,0,0,0,0,0,0,0.0,0,0.0,0.005840388339353927,12.301783561706543,0.6997799211239496,4.567763328552246,0,0,0,0
1667,134432,74,pair_010_n3_010_conflict,conflict,1,0,0,12.520000000000001,0.07594833333333331,1100000,7503648,78351,555,4249272,0,0,0,0,0.0,0,0,0,0,0,0,0,0,0,0,0.0,0,0.0,0.005837922517413138,12.301783561706543,0.6996719959067055,4.567763328552246,0,0,0,0
1668,134509,77,pair_011_n5_011_conflict,conflict,1,0,0,12.490000000000002,0.07582,1100000,7508576,78407,555,4252490,0,0,0,0,0.0,0,0,0,0,0,0,0,0,0,0,0.0,0,0.0,0.005835096265108272,12.301783561706543,0.6994557823505548,4.567763328552246,0,0,0,0
1669,134575,66,pair_017_n5_017_control,control,1,0,0,12.600000000000001,0.07571,1100000,7512800,78458,555,4255252,0,0,0,0,0.0,0,0,0,0,0,0,0,0,0,0,0.0,0,0.0,0.00583300781392179,12.301783561706543,0.6993769519160599,4.567763328552246,0,0,0,0
1670,134650,75,pair_002_n3_002_control,control,1,0,0,12.510000000000002,0.07558499999999999,1100000,7517600,78484,555,4258415,0,0,0,0,0.0,0,0,0,0,0,0,0,0,0,0,0.0,0,0.0,0.005830668169623956,12.301783561706543,0.6992417063718441,4.567763328552246,0,0,0,0
1671,134720,70,pair_016_n3_016_conflict,conflict,1,0,0,12.560000000000002,0.07546833333333333,1100000,7522080,78523,555,4261352,0,0,0,0,0.0,0,0,0,0,0,0,0,0,0,0,0.0,0,0.0,0.005828163345510679,12.301783561706543,0.699087994165869,4.567763328552246,0,0,0,0
1672,134787,67,pair_014_n5_014_control,control,1,0,0,12.590000000000002,0.07535666666666666,1100000,7526368,78563,555,4264118,0,0,0,0,0.0,0,0,0,0,0,0,0,0,0,0,0.0,0,0.0,0.005825752596823282,12.301783561706543,0.6989558120835967,4.567763328552246,0,0,0,0
1673,134857,70,pair_007_n5_007_conflict,conflict,1,0,0,12.560000000000002,0.07524,1100000,7530848,78613,555,4267100,0,0,0,0,0.0,0,0,0,0,0,0,0,0,0,0,0.0,0,0.0,0.005823348264357027,12.301783561706543,0.6987888609966348,4.567763328552246,0,0,0,0
1674,134930,73,pair_004_n3_004_conflict,conflict,1,0,0,12.530000000000001,0.07511833333333331,1100000,7535520,78635,555,4270208,0,0,0,0,0.0,0,0,0,0,0,0,0,0,0,0,0.0,0,0.0,0.005820773749133863,12.301783561706543,0.6986254096839858,4.567763328552246,0,0,0,0
1675,135000,70,pair_013_n5_013_conflict,conflict,1,0,0,12.560000000000002,0.07500166666666666,1100000,7540000,78689,555,4273160,0,0,0,0,0.0,0,0,0,0,0,0,0,0,0,0,0.0,0,0.0,0.005818326833755903,12.301783561706543,0.6985234126615993,4.567763328552246,0,0,0,0
1676,135076,76,pair_005_n3_005_control,control,1,0,0,12.500000000000002,0.074875,1100000,7544864,78719,555,4276280,0,0,0,0,0.0,0,0,0,0,0,0,0,0,0,0,0.0,0,0.0,0.005815827524896398,12.301783561706543,0.6984350284030312,4.567763328552246,0,0,0,0
1677,135147,71,pair_007_n3_007_conflict,conflict,1,0,0,12.55,0.07475666666666667,1100000,7549408,78759,555,4279284,0,0,0,0,0.0,0,0,0,0,0,0,0,0,0,0,0.0,0,0.0,0.00581370028836759,12.301783561706543,0.69838737727986,4.567763328552246,0,0,0,0
1678,135219,72,pair_017_n5_017_conflict,conflict,1,0,0,12.540000000000001,0.07463666666666666,1100000,7554016,78811,556,4282260,0,0,0,0,0.0,0,0,0,0,0,0,0,0,0,0,0.0,0,0.0,0.005811476256446668,12.301783561706543,0.6982737212132413,4.567763328552246,0,0,0,0
1679,135223,4,pair_014_n3_014_control,control,0,1,0,-0.88,0.07463,1100000,7554272,78815,556,4282419,0,0,0,0,0.0,0,0,0,0,0,0,0,0,0,0,0.0,0,0.0,0.005811328113551061,12.301783561706543,0.6982607254569421,4.567763328552246,0,0,0,0
1680,135295,72,pair_001_n5_001_conflict,conflict,1,0,0,12.540000000000003,0.07450999999999999,1100000,7558880,78869,556,4285410,0,0,0,0,0.0,0,0,0,0,0,0,0,0,0,0,0.0,0,0.0,0.005809498864589676,12.301783561706543,0.6982733900219438,4.567763328552246,0,0,0,0
1681,135364,69,pair_010_n3_010_control,control,1,0,0,12.570000000000002,0.07439499999999999,1100000,7563296,78904,556,4288271,0,0,0,0,0.0,0,0,0,0,0,0,0,0,0,0,0.0,0,0.0,0.0058073723532731155,12.301783561706543,0.6981515698649946,4.567763328552246,0,0,0,0
1682,135431,67,pair_004_n3_004_control,control,1,0,0,12.590000000000002,0.07428333333333331,1100000,7567584,78938,556,4291013,0,0,0,0,0.0,0,0,0,0,0,0,0,0,0,0,0.0,0,0.0,0.0058056008878610834,12.301783561706543,0.6980467788454274,4.567763328552246,0,0,0,0
1683,135499,68,pair_016_n3_016_control,control,1,0,0,12.580000000000002,0.07416999999999999,1100000,7571936,78988,556,4293782,0,0,0,0,0.0,0,0,0,0,0,0,0,0,0,0,0.0,0,0.0,0.005803365402440949,12.301783561706543,0.6979808233702838,4.567763328552246,0,0,0,0
1684,135577,78,pair_017_n3_017_control,control,1,0,0,12.480000000000002,0.07404,1100000,7576928,79025,556,4297035,0,0,0,0,0.0,0,0,0,0,0,0,0,0,0,0,0.0,0,0.0,0.005800823119044869,12.301783561706543,0.6978461040450693,4.567763328552246,0,0,0,0
1685,135649,72,pair_008_n3_008_control,control,1,0,0,12.540000000000001,0.07391999999999999,1100000,7581536,79073,556,4299977,0,0,0,0,0.0,0,0,0,0,0,0,0,0,0,0,0.0,0,0.0,0.005798570679513906,12.301783561706543,0.6977546506953253,4.567763328552246,0,0,0,0
1686,135723,74,pair_011_n3_011_control,control,1,0,0,12.520000000000001,0.07379666666666665,1100000,7586272,79103,556,4303009,0,0,0,0,0.0,0,0,0,0,0,0,0,0,0,0,0.0,0,0.0,0.005796112307893131,12.301783561706543,0.6976096243856845,4.567763328552246,0,0,0,0
1687,135797,74,pair_002_n5_002_control,control,1,0,0,12.520000000000001,0.07367333333333331,1100000,7591008,79136,556,4306015,0,0,0,0,0.0,0,0,0,0,0,0,0,0,0,0,0.0,0,0.0,0.005793525479786888,12.301783561706543,0.697436222984598,4.567763328552246,0,0,0,0
1688,135869,72,pair_008_n5_008_conflict,conflict,0,1,0,1.4900000000000015,0.07355333333333333,1100000,7595616,79182,560,4308940,0,0,0,0,0.0,0,0,0,0,0,0,0,0,0,0,0.0,0,0.0,0.005791034628963759,12.301783561706543,0.6973153544268713,4.567763328552246,0,0,0,0
1689,135942,73,pair_012_n5_012_conflict,conflict,1,0,0,12.530000000000001,0.07343166666666665,1100000,7600288,79232,560,4311984,0,0,0,0,0.0,0,0,0,0,0,0,0,0,0,0,0.0,0,0.0,0.005789096263025142,12.301783561706543,0.6972899351654739,4.567763328552246,0,0,0,0
1690,136013,71,pair_005_n5_005_conflict,conflict,1,0,0,12.55,0.07331333333333331,1100000,7604832,79270,560,4314895,0,0,0,0,0.0,0,0,0,0,0,0,0,0,0,0,0.0,0,0.0,0.005786585654420284,12.301783561706543,0.6971880193118646,4.567763328552246,0,0,0,0
1691,136083,70,pair_009_n3_009_control,control,1,0,0,12.560000000000002,0.07319666666666666,1100000,7609312,79313,560,4317742,0,0,0,0,0.0,0,0,0,0,0,0,0,0,0,0,0.0,0,0.0,0.005784387114847481,12.301783561706543,0.6971795420381977,4.567763328552246,0,0,0,0
1692,136161,78,pair_014_n5_014_conflict,conflict,1,0,0,12.48,0.07306666666666667,1100000,7614304,79379,560,4320891,0,0,0,0,0.0,0,0,0,0,0,0,0,0,0,0,0.0,0,0.0,0.0057817935056877915,12.301783561706543,0.6971256593234832,4.567763328552246,0,0,0,0
1693,136234,73,pair_017_n3_017_conflict,conflict,1,0,0,12.530000000000001,0.07294499999999998,1100000,7618976,79420,560,4323864,0,0,0,0,0.0,0,0,0,0,0,0,0,0,0,0,0.0,0,0.0,0.005779321821611388,12.301783561706543,0.6969847793123852,4.567763328552246,0,0,0,0
1694,136305,71,pair_001_n5_001_control,control,1,0,0,12.55,0.07282666666666665,1100000,7623520,79459,560,4326762,0,0,0,0,0.0,0,0,0,0,0,0,0,0,0,0,0.0,0,0.0,0.005776895160939214,12.301783561706543,0.6968875028578084,4.567763328552246,0,0,0,0
1695,136378,73,pair_012_n5_012_control,control,1,0,0,12.530000000000001,0.07270499999999999,1100000,7628192,79505,560,4329734,0,0,0,0,0.0,0,0,0,0,0,0,0,0,0,0,0.0,0,0.0,0.005774369659736136,12.301783561706543,0.6968306542476997,4.567763328552246,0,0,0,0
1696,136452,74,pair_011_n3_011_conflict,conflict,1,0,0,12.520000000000001,0.07258166666666666,1100000,7632928,79516,560,4332670,0,0,0,0,0.0,0,0,0,0,0,0,0,0,0,0,0.0,0,0.0,0.00577219999797454,12.301783561706543,0.6967499495868034,4.567763328552246,0,0,0,0
1697,136523,71,pair_000_n3_000_control,control,1,0,0,12.55,0.07246333333333332,1100000,7637472,79552,560,4335566,0,0,0,0,0.0,0,0,0,0,0,0,0,0,0,0,0.0,0,0.0,0.005769897831014169,12.301783561706543,0.6965833259153965,4.567763328552246,0,0,0,0
1698,136597,74,pair_003_n3_003_conflict,conflict,1,0,0,12.520000000000001,0.07233999999999999,1100000,7642208,79572,560,4338472,0,0,0,0,0.0,0,0,0,0,0,0,0,0,0,0,0.0,0,0.0,0.005767180146727755,12.301783561706543,0.6963625652735813,4.567763328552246,0,0,0,0
1699,136668,71,pair_007_n5_007_control,control,1,0,0,12.55,0.07222166666666666,1100000,7646752,79620,561,4341309,0,0,0,0,0.0,0,0,0,0,0,0,0,0,0,0,0.0,0,0.0,0.0057645952926454105,12.301783561706543,0.6962398365120063,4.567763328552246,0,0,0,0
1700,136738,70,pair_009_n5_009_conflict,conflict,1,0,0,12.560000000000002,0.072105,1100000,7651232,79681,562,4344163,0,0,0,0,0.0,0,0,0,0,0,0,0,0,0,0,0.0,0,0.0,0.005762119463873961,12.301783561706543,0.6961323825953892,4.567763328552246,0,0,0,0
1701,136805,67,pair_000_n5_000_conflict,conflict,1,0,0,12.590000000000002,0.07199333333333333,1100000,7655520,79722,562,4346820,0,0,0,0,0.0,0,0,0,0,0,0,0,0,0,0,0.0,0,0.0,0.005759639896508382,12.301783561706543,0.6960106404936293,4.567763328552246,0,0,0,0
1702,136873,68,pair_015_n3_015_conflict,conflict,1,0,0,12.580000000000002,0.07188,1100000,7659872,79766,562,4349543,0,0,0,0,0.0,0,0,0,0,0,0,0,0,0,0,0.0,0,0.0,0.005757284427954473,12.301783561706543,0.6958875790348664,4.567763328552246,0,0,0,0
1703,136944,71,pair_013_n3_013_conflict,conflict,1,0,0,12.55,0.07176166666666667,1100000,7664416,79820,562,4352408,0,0,0,0,0.0,0,0,0,0,0,0,0,0,0,0,0.0,0,0.0,0.0057547726072052245,12.301783561706543,0.6957900798347473,4.567763328552246,0,0,0,0
1704,137014,70,pair_012_n3_012_conflict,conflict,1,0,0,12.560000000000002,0.07164499999999999,1100000,7668896,79855,565,4355230,0,0,0,0,0.0,0,0,0,0,0,0,0,0,0,0,0.0,0,0.0,0.005752131551162178,12.301783561706543,0.695595920714234,4.567763328552246,0,0,0,0
1705,137081,67,pair_016_n5_016_conflict,conflict,1,0,0,12.590000000000002,0.07153333333333331,1100000,7673184,79906,565,4357825,0,0,0,0,0.0,0,0,0,0,0,0,0,0,0,0,0.0,0,0.0,0.0057496808189898005,12.301783561706543,0.6954504739564441,4.567763328552246,0,0,0,0
1706,137152,71,pair_007_n3_007_control,control,1,0,0,12.55,0.07141499999999998,1100000,7677728,79950,565,4360684,0,0,0,0,0.0,0,0,0,0,0,0,0,0,0,0,0.0,0,0.0,0.00574707340363225,12.301783561706543,0.6953001267265324,4.567763328552246,0,0,0,0
1707,137227,75,pair_004_n5_004_conflict,conflict,1,0,0,12.510000000000002,0.07128999999999999,1100000,7682528,79992,565,4363659,0,0,0,0,0.0,0,0,0,0,0,0,0,0,0,0,0.0,0,0.0,0.005744467981855138,12.301783561706543,0.6951603629834232,4.567763328552246,0,0,0,0
1708,137306,79,pair_015_n5_015_control,control,1,0,0,12.470000000000002,0.07115833333333332,1100000,7687584,80044,567,4366812,0,0,0,0,0.0,0,0,0,0,0,0,0,0,0,0,0.0,0,0.0,0.005741612100788342,12.301783561706543,0.6949318313347332,4.567763328552246,0,0,0,0
1709,137383,77,pair_006_n3_006_control,control,1,0,0,12.490000000000002,0.07102999999999998,1100000,7692512,80095,567,4369889,0,0,0,0,0.0,0,0,0,0,0,0,0,0,0,0,0.0,0,0.0,0.0057388621686878605,12.301783561706543,0.6947115517492817,4.567763328552246,0,0,0,0
1710,137466,83,pair_000_n5_000_control,control,1,0,0,12.430000000000003,0.07089166666666666,1100000,7697824,80150,575,4373207,0,0,0,0,0.0,0,0,0,0,0,0,0,0,0,0,0.0,0,0.0,0.00573631254640279,12.301783561706543,0.6945063812567434,4.567763328552246,0,0,0,0
1711,137539,73,pair_009_n5_009_control,control,1,0,0,12.530000000000001,0.07077,1100000,7702496,80213,575,4376198,0,0,0,0,0.0,0,0,0,0,0,0,0,0,0,0,0.0,0,0.0,0.005733915933656998,12.301783561706543,0.6943753684128537,4.567763328552246,0,0,0,0
1712,137614,75,pair_016_n5_016_control,control,1,0,0,12.510000000000002,0.07064499999999999,1100000,7707296,80271,575,4379196,0,0,0,0,0.0,0,0,0,0,0,0,0,0,0,0,0.0,0,0.0,0.00573205637862615,12.301783561706543,0.6943014033587799,4.567763328552246,0,0,0,0
1713,137686,72,pair_013_n3_013_control,control,1,0,0,12.540000000000001,0.07052499999999998,1100000,7711904,80331,575,4382038,0,0,0,0,0.0,0,0,0,0,0,0,0,0,0,0,0.0,0,0.0,0.005729783796848459,12.301783561706543,0.6943040206319944,4.567763328552246,0,0,0,0
1714,137764,78,pair_008_n5_008_control,control,1,0,0,12.48,0.07039499999999999,1100000,7716896,80376,575,4385225,0,0,0,0,0.0,0,0,0,0,0,0,0,0,0,0,0.0,0,0.0,0.005727445172852021,12.301783561706543,0.6943043118776984,4.567763328552246,0,0,0,0
1715,137835,71,pair_001_n3_001_conflict,conflict,1,0,0,12.55,0.07027666666666665,1100000,7721440,80385,575,4388035,0,0,0,0,0.0,0,0,0,0,0,0,0,0,0,0,0.0,0,0.0,0.0057250978162107415,12.301783561706543,0.69423788723026,4.567763328552246,0,0,0,0
1716,137906,71,pair_000_n3_000_conflict,conflict,1,0,0,12.55,0.07015833333333332,1100000,7725984,80422,576,4390888,0,0,0,0,0.0,0,0,0,0,0,0,0,0,0,0,0.0,0,0.0,0.005722803189150361,12.301783561706543,0.6941302306071622,4.567763328552246,0,0,0,0
1717,137981,75,pair_010_n5_010_control,control,1,0,0,12.510000000000002,0.07003333333333331,1100000,7730784,80479,576,4393883,0,0,0,0,0.0,0,0,0,0,0,0,0,0,0,0,0.0,0,0.0,0.005720237575032553,12.301783561706543,0.6941274482179597,4.567763328552246,0,0,0,0
1718,138054,73,pair_010_n5_010_conflict,conflict,1,0,0,12.530000000000001,0.06991166666666665,1100000,7735456,80526,576,4396822,0,0,0,0,0.0,0,0,0,0,0,0,0,0,0,0,0.0,0,0.0,0.005717655503738736,12.301783561706543,0.6939643231259172,4.567763328552246,0,0,0,0
1719,138130,76,pair_006_n5_006_conflict,conflict,1,0,0,12.500000000000002,0.06978499999999999,1100000,7740320,80582,576,4399807,0,0,0,0,0.0,0,0,0,0,0,0,0,0,0,0,0.0,0,0.0,0.005715092352589154,12.301783561706543,0.6937871517476525,4.567763328552246,0,0,0,0
1720,138204,74,pair_015_n5_015_conflict,conflict,1,0,0,12.520000000000001,0.06966166666666665,1100000,7745056,80637,576,4402751,0,0,0,0,0.0,0,0,0,0,0,0,0,0,0,0,0.0,0,0.0,0.005712460035038462,12.301783561706543,0.6936374059714943,4.567763328552246,0,0,0,0
1721,138277,73,pair_001_n3_001_control,control,1,0,0,12.530000000000001,0.06953999999999999,1100000,7749728,80679,576,4405715,0,0,0,0,0.0,0,0,0,0,0,0,0,0,0,0,0.0,0,0.0,0.005709792664437342,12.301783561706543,0.6934244748819411,4.567763328552246,0,0,0,0
1722,138347,70,pair_003_n5_003_control,control,1,0,0,12.560000000000002,0.06942333333333331,1100000,7754208,80713,576,4408511,0,0,0,0,0.0,0,0,0,0,0,0,0,0,0,0,0.0,0,0.0,0.005707514743391167,12.301783561706543,0.693263335390204,4.567763328552246,0,0,0,0
1723,138413,66,pair_003_n5_003_conflict,conflict,1,0,0,12.600000000000001,0.06931333333333331,1100000,7758432,80734,576,4411127,0,0,0,0,0.0,0,0,0,0,0,0,0,0,0,0,0.0,0,0.0,0.005705272531887518,12.301783561706543,0.6931283396910282,4.567763328552246,0,0,0,0
1724,138489,76,pair_012_n3_012_control,control,1,0,0,12.500000000000002,0.06918666666666665,1100000,7763296,80776,576,4414146,0,0,0,0,0.0,0,0,0,0,0,0,0,0,0,0,0.0,0,0.0,0.005702706540037305,12.301783561706543,0.6929453734436469,4.567763328552246,0,0,0,0
1725,138566,77,pair_003_n3_003_control,control,1,0,0,12.490000000000002,0.06905833333333333,1100000,7768224,80817,576,4417119,0,0,0,0,0.0,0,0,0,0,0,0,0,0,0,0,0.0,0,0.0,0.0056998890432084955,12.301783561706543,0.6927697449840322,4.567763328552246,0,0,0,0
1726,138635,69,pair_005_n5_005_control,control,1,0,0,12.570000000000002,0.06894333333333333,1100000,7772640,80856,576,4419872,0,0,0,0,0.0,0,0,0,0,0,0,0,0,0,0,0.0,0,0.0,0.005697601254841031,12.301783561706543,0.6926444498241473,4.567763328552246,0,0,0,0
1727,138709,74,pair_014_n3_014_conflict,conflict,1,0,0,12.520000000000001,0.06881999999999999,1100000,7777376,80896,576,4422813,0,0,0,0,0.0,0,0,0,0,0,0,0,0,0,0,0.0,0,0.0,0.0056950894104969615,12.301783561706543,0.6926361587078399,4.567763328552246,0,0,0,0
1728,138779,70,pair_015_n5_015_control,control,1,0,0,12.560000000000002,0.06870333333333331,1100000,7781856,80944,576,4425608,0,0,0,0,0.0,0,0,0,0,0,0,0,0,0,0,0.0,0,0.0,0.005692669138521627,12.301783561706543,0.6925074837712555,4.567763328552246,0,0,0,0
1729,138847,68,pair_002_n3_002_conflict,conflict,1,0,0,12.580000000000002,0.06858999999999998,1100000,7786208,80975,576,4428348,0,0,0,0,0.0,0,0,0,0,0,0,0,0,0,0,0.0,0,0.0,0.005690199147924878,12.301783561706543,0.6923483619717755,4.567763328552246,0,0,0,0
1730,138924,77,pair_010_n5_010_conflict,conflict,1,0,0,12.490000000000002,0.06846166666666664,1100000,7791136,81027,576,4431417,0,0,0,0,0.0,0,0,0,0,0,0,0,0,0,0,0.0,0,0.0,0.005687531140343689,12.301783561706543,0.6922130587975528,4.567763328552246,0,0,0,0
1731,138996,72,pair_009_n5_009_conflict,conflict,1,0,0,12.540000000000001,0.06834166666666666,1100000,7795744,81089,576,4434332,0,0,0,0,0.0,0,0,0,0,0,0,0,0,0,0,0.0,0,0.0,0.005685046133229326,12.301783561706543,0.6920664682169589,4.567763328552246,0,0,0,0
1732,139070,74,pair_013_n3_013_conflict,conflict,1,0,0,12.520000000000001,0.06821833333333333,1100000,7800480,81145,576,4437317,0,0,0,0,0.0,0,0,0,0,0,0,0,0,0,0,0.0,0,0.0,0.005682533475412763,12.301783561706543,0.6919114747749602,4.567763328552246,0,0,0,0
1733,139140,70,pair_010_n5_010_control,control,1,0,0,12.560000000000002,0.06810166666666664,1100000,7804960,81200,576,4440143,0,0,0,0,0.0,0,0,0,0,0,0,0,0,0,0,0.0,0,0.0,0.005679972578007702,12.301783561706543,0.6917826619422,4.567763328552246,0,0,0,0
1734,139215,75,pair_016_n3_016_conflict,conflict,1,0,0,12.510000000000002,0.06797666666666666,1100000,7809760,81244,576,4443150,0,0,0,0,0.0,0,0,0,0,0,0,0,0,0,0,0.0,0,0.0,0.005677201637892031,12.301783561706543,0.6915961316119029,4.567763328552246,0,0,0,0
1735,139283,68,pair_014_n3_014_conflict,conflict,1,0,0,12.580000000000002,0.06786333333333333,1100000,7814112,81271,576,4445817,0,0,0,0,0.0,0,0,0,0,0,0,0,0,0,0,0.0,0,0.0,0.005674804201438968,12.301783561706543,0.6914395841197712,4.567763328552246,0,0,0,0
1736,139355,72,pair_009_n3_009_control,control,1,0,0,12.540000000000001,0.06774333333333332,1100000,7818720,81314,576,4448690,0,0,0,0,0.0,0,0,0,0,0,0,0,0,0,0,0.0,0,0.0,0.005672371301783643,12.301783561706543,0.6912456667091821,4.567763328552246,0,0,0,0
1737,139428,73,pair_011_n3_011_control,control,1,0,0,12.530000000000001,0.06762166666666666,1100000,7823392,81353,576,4451623,0,0,0,0,0.0,0,0,0,0,0,0,0,0,0,0,0.0,0,0.0,0.005669835783510427,12.301783561706543,0.6910804838103662,4.567763328552246,0,0,0,0
1738,139500,72,pair_015_n5_015_conflict,conflict,1,0,0,12.540000000000001,0.06750166666666665,1100000,7828000,81413,576,4454542,0,0,0,0,0.0,0,0,0,0,0,0,0,0,0,0,0.0,0,0.0,0.0056673433487938836,12.301783561706543,0.6909839229741431,4.567763328552246,0,0,0,0
1739,139582,82,pair_011_n5_011_conflict,conflict,1,0,0,12.440000000000001,0.06736499999999998,1100000,7833248,81476,578,4457791,0,0,0,0,0.0,0,0,0,0,0,0,0,0,0,0,0.0,0,0.0,0.005664434188563028,12.301783561706543,0.6908505692757587,4.567763328552246,0,0,0,0
1740,139649,67,pair_011_n5_011_control,control,1,0,0,12.590000000000002,0.06725333333333333,1100000,7837536,81527,578,4460454,0,0,0,0,0.0,0,0,0,0,0,0,0,0,0,0,0.0,0,0.0,0.005662261313104603,12.301783561706543,0.6909025040701376,4.567763328552246,0,0,0,0
1741,139719,70,pair_000_n5_000_control,control,1,0,0,12.560000000000002,0.06713666666666665,1100000,7842016,81571,578,4463211,0,0,0,0,0.0,0,0,0,0,0,0,0,0,0,0,0.0,0,0.0,0.005659903247483839,12.301783561706543,0.6908089616784695,4.567763328552246,0,0,0,0
1742,139790,71,pair_000_n3_000_control,control,1,0,0,12.55,0.06701833333333332,1100000,7846560,81603,579,4466023,0,0,0,0,0.0,0,0,0,0,0,0,0,0,0,0,0.0,0,0.0,0.005657326611775459,12.301783561706543,0.6906562336371622,4.567763328552246,0,0,0,0
1743,139858,68,pair_006_n3_006_control,control,1,0,0,12.580000000000002,0.06690499999999999,1100000,7850912,81639,579,4468712,0,0,0,0,0.0,0,0,0,0,0,0,0,0,0,0,0.0,0,0.0,0.005655059872581826,12.301783561706543,0.6904995714280894,4.567763328552246,0,0,0,0
1744,139931,73,pair_012_n5_012_control,control,1,0,0,12.530000000000001,0.06678333333333333,1100000,7855584,81680,579,4471588,0,0,0,0,0.0,0,0,0,0,0,0,0,0,0,0,0.0,0,0.0,0.005652700835665587,12.301783561706543,0.6904671411493456,4.567763328552246,0,0,0,0
1745,140004,73,pair_005_n3_005_conflict,conflict,1,0,0,12.530000000000001,0.06666166666666665,1100000,7860256,81720,579,4474456,0,0,0,0,0.0,0,0,0,0,0,0,0,0,0,0,0.0,0,0.0,0.005650152454302842,12.301783561706543,0.6902746592270833,4.567763328552246,0,0,0,0
1746,140082,78,pair_009_n5_009_control,control,1,0,0,12.480000000000002,0.06653166666666666,1100000,7865248,81785,579,4477532,0,0,0,0,0.0,0,0,0,0,0,0,0,0,0,0,0.0,0,0.0,0.0056490786485623315,12.301783561706543,0.6902150674647629,4.567763328552246,0,0,0,0
1747,140153,71,pair_008_n3_008_conflict,conflict,1,0,0,12.55,0.06641333333333332,1100000,7869792,81826,579,4480343,0,0,0,0,0.0,0,0,0,0,0,0,0,0,0,0,0.0,0,0.0,0.0056470829992097795,12.301783561706543,0.6902203416926547,4.567763328552246,0,0,0,0
1748,140223,70,pair_005_n5_005_control,control,1,0,0,12.560000000000002,0.06629666666666664,1100000,7874272,81870,579,4483137,0,0,0,0,0.0,0,0,0,0,0,0,0,0,0,0,0.0,0,0.0,0.005644975848179066,12.301783561706543,0.6901433596446391,4.567763328552246,0,0,0,0
1749,140298,75,pair_016_n5_016_conflict,conflict,1,0,0,12.510000000000002,0.06617166666666666,1100000,7879072,81938,579,4486060,0,0,0,0,0.0,0,0,0,0,0,0,0,0,0,0,0.0,0,0.0,0.005642903334011524,12.301783561706543,0.6899837320660528,4.567763328552246,0,0,0,0
1750,140367,69,pair_004_n5_004_control,control,1,0,0,12.570000000000002,0.06605666666666665,1100000,7883488,81977,579,4488838,0,0,0,0,0.0,0,0,0,0,0,0,0,0,0,0,0.0,0,0.0,0.005640547607207829,12.301783561706543,0.6898352063147057,4.567763328552246,0,0,0,0
1751,140445,78,pair_003_n3_003_control,control,1,0,0,12.48,0.06592666666666666,1100000,7888480,82023,579,4491913,0,0,0,0,0.0,0,0,0,0,0,0,0,0,0,0,0.0,0,0.0,0.0056379599451850575,12.301783561706543,0.6896512160632261,4.567763328552246,0,0,0,0
1752,140514,69,pair_004_n3_004_conflict,conflict,1,0,0,12.570000000000002,0.06581166666666666,1100000,7892896,82065,579,4494633,0,0,0,0,0.0,0,0,0,0,0,0,0,0,0,0,0.0,0,0.0,0.005635615279160822,12.301783561706543,0.6895679265593235,4.567763328552246,0,0,0,0
1753,140583,69,pair_010_n3_010_conflict,conflict,1,0,0,12.570000000000002,0.06569666666666665,1100000,7897312,82113,579,4497387,0,0,0,0,0.0,0,0,0,0,0,0,0,0,0,0,0.0,0,0.0,0.0056331341620368,12.301783561706543,0.6893549282903645,4.567763328552246,0,0,0,0
1754,140653,70,pair_002_n5_002_conflict,conflict,1,0,0,12.560000000000002,0.06558,1100000,7901792,82154,579,4500171,0,0,0,0,0.0,0,0,0,0,0,0,0,0,0,0,0.0,0,0.0,0.00563064307504711,12.301783561706543,0.6891817364617869,4.567763328552246,0,0,0,0
1755,140722,69,pair_000_n3_000_conflict,conflict,1,0,0,12.570000000000002,0.065465,1100000,7906208,82189,579,4502905,0,0,0,0,0.0,0,0,0,0,0,0,0,0,0,0,0.0,0,0.0,0.00562842128305935,12.301783561706543,0.6890426573602517,4.567763328552246,0,0,0,0
1756,140794,72,pair_015_n3_015_conflict,conflict,1,0,0,12.540000000000001,0.06534499999999999,1100000,7910816,82242,579,4505758,0,0,0,0,0.0,0,0,0,0,0,0,0,0,0,0,0.0,0,0.0,0.005625899415600776,12.301783561706543,0.6889339480493004,4.567763328552246,0,0,0,0
1757,140861,67,pair_010_n3_010_control,control,1,0,0,12.590000000000002,0.06523333333333331,1100000,7915104,82286,579,4508390,0,0,0,0,0.0,0,0,0,0,0,0,0,0,0,0,0.0,0,0.0,0.005623815008668048,12.301783561706543,0.6887893544137784,4.567763328552246,0,0,0,0
1758,140933,72,pair_014_n5_014_control,control,1,0,0,12.540000000000001,0.06511333333333333,1100000,7919712,82348,579,4511205,0,0,0,0,0.0,0,0,0,0,0,0,0,0,0,0,0.0,0,0.0,0.005621362669799863,12.301783561706543,0.6886121604525023,4.567763328552246,0,0,0,0
1759,141002,69,pair_004_n3_004_control,control,1,0,0,12.570000000000002,0.06499833333333332,1100000,7924128,82389,579,4513947,0,0,0,0,0.0,0,0,0,0,0,0,0,0,0,0,0.0,0,0.0,0.005618908102109516,12.301783561706543,0.6885086053382402,4.567763328552246,0,0,0,0
1760,141068,66,pair_014_n3_014_control,control,1,0,0,12.600000000000001,0.06488833333333333,1100000,7928352,82423,579,4516520,0,0,0,0,0.0,0,0,0,0,0,0,0,0,0,0,0.0,0,0.0,0.005616479149975891,12.301783561706543,0.6883213806435108,4.567763328552246,0,0,0,0
1761,141136,68,pair_012_n5_012_conflict,conflict,1,0,0,12.580000000000002,0.064775,1100000,7932704,82476,579,4519210,0,0,0,0,0.0,0,0,0,0,0,0,0,0,0,0,0.0,0,0.0,0.00561398423377641,12.301783561706543,0.6881219964016644,4.567763328552246,0,0,0,0
1762,141203,67,pair_008_n5_008_control,control,1,0,0,12.590000000000002,0.06466333333333332,1100000,7936992,82529,579,4521799,0,0,0,0,0.0,0,0,0,0,0,0,0,0,0,0,0.0,0,0.0,0.0056119475971384255,12.301783561706543,0.6879192982753456,4.567763328552246,0,0,0,0
1763,141278,75,pair_011_n3_011_conflict,conflict,1,0,0,12.510000000000002,0.06453833333333331,1100000,7941792,82575,579,4524703,0,0,0,0,0.0,0,0,0,0,0,0,0,0,0,0,0.0,0,0.0,0.0056092484411280575,12.301783561706543,0.6877771923258386,4.567763328552246,0,0,0,0
1764,141346,68,pair_017_n5_017_conflict,conflict,1,0,0,12.580000000000002,0.06442499999999998,1100000,7946144,82628,579,4527373,0,0,0,0,0.0,0,0,0,0,0,0,0,0,0,0,0.0,0,0.0,0.00560678551133323,12.301783561706543,0.6876215734486845,4.567763328552246,0,0,0,0
1765,141417,71,pair_002_n3_002_control,control,1,0,0,12.55,0.06430666666666665,1100000,7950688,82659,580,4530120,0,0,0,0,0.0,0,0,0,0,0,0,0,0,0,0,0.0,0,0.0,0.005604301913016375,12.301783561706543,0.687405615850985,4.567763328552246,0,0,0,0
1766,141486,69,pair_000_n5_000_conflict,conflict,1,0,0,12.570000000000002,0.06419166666666665,1100000,7955104,82695,580,4532862,0,0,0,0,0.0,0,0,0,0,0,0,0,0,0,0,0.0,0,0.0,0.0056019765429766305,12.301783561706543,0.6872905827010137,4.567763328552246,0,0,0,0
1767,141556,70,pair_012_n3_012_control,control,1,0,0,12.560000000000002,0.064075,1100000,7959584,82737,580,4535589,0,0,0,0,0.0,0,0,0,0,0,0,0,0,0,0,0.0,0,0.0,0.005599384325432771,12.301783561706543,0.6870806236476065,4.567763328552246,0,0,0,0
1768,141635,79,pair_003_n3_003_conflict,conflict,1,0,0,12.470000000000002,0.06394333333333332,1100000,7964640,82777,580,4538623,0,0,0,0,0.0,0,0,0,0,0,0,0,0,0,0,0.0,0,0.0,0.00559663353852225,12.301783561706543,0.6869263526070319,4.567763328552246,0,0,0,0
1769,141695,60,pair_003_n5_003_control,control,0,1,0,1.2600000000000011,0.06384333333333334,1100000,7968480,82811,580,4540976,0,0,0,0,0.0,0,0,0,0,0,0,0,0,0,0,0.0,0,0.0,0.0055945599757871115,12.301783561706543,0.6868564425193004,4.567763328552246,0,0,0,0
1770,141772,77,pair_014_n5_014_conflict,conflict,1,0,0,12.490000000000002,0.063715,1100000,7973408,82868,580,4543988,0,0,0,0,0.0,0,0,0,0,0,0,0,0,0,0,0.0,0,0.0,0.005592925545085297,12.301783561706543,0.6868295691752913,4.567763328552246,0,0,0,0
1771,141839,67,pair_003_n5_003_conflict,conflict,1,0,0,12.590000000000002,0.06360333333333332,1100000,7977696,82918,580,4546596,0,0,0,0,0.0,0,0,0,0,0,0,0,0,0,0,0.0,0,0.0,0.005592629810400849,12.301783561706543,0.686667990884812,4.567763328552246,0,0,0,0
1772,141911,72,pair_005_n3_005_control,control,1,0,0,12.540000000000001,0.06348333333333334,1100000,7982304,82954,581,4549375,0,0,0,0,0.0,0,0,0,0,0,0,0,0,0,0,0.0,0,0.0,0.005590021609418238,12.301783561706543,0.6864790363114172,4.567763328552246,0,0,0,0
1773,141987,76,pair_007_n3_007_conflict,conflict,1,0,0,12.500000000000002,0.06335666666666664,1100000,7987168,83015,581,4552299,0,0,0,0,0.0,0,0,0,0,0,0,0,0,0,0,0.0,0,0.0,0.005587224697326683,12.301783561706543,0.6862643075867705,4.567763328552246,0,0,0,0
1774,142043,56,pair_016_n5_016_control,control,0,1,0,1.0500000000000012,0.06326333333333331,1100000,7990752,83065,581,4554494,0,0,0,0,0.0,0,0,0,0,0,0,0,0,0,0,0.0,0,0.0,0.005586200167829207,12.301783561706543,0.6861228776629394,4.567763328552246,0,0,0,0
1775,142109,66,pair_001_n5_001_conflict,conflict,1,0,0,12.600000000000001,0.06315333333333331,1100000,7994976,83118,581,4557083,0,0,0,0,0.0,0,0,0,0,0,0,0,0,0,0,0.0,0,0.0,0.005586587443817561,12.301783561706543,0.6860120572892706,4.567763328552246,0,0,0,0
1776,142182,73,pair_006_n5_006_conflict,conflict,1,0,0,12.530000000000001,0.06303166666666665,1100000,7999648,83186,581,4559950,0,0,0,0,0.0,0,0,0,0,0,0,0,0,0,0,0.0,0,0.0,0.005584427100617852,12.301783561706543,0.6859249886327217,4.567763328552246,0,0,0,0
1777,142253,71,pair_001_n3_001_control,control,1,0,0,12.55,0.06291333333333332,1100000,8004192,83230,581,4562771,0,0,0,0,0.0,0,0,0,0,0,0,0,0,0,0,0.0,0,0.0,0.005582314116758845,12.301783561706543,0.6857791119132207,4.567763328552246,0,0,0,0
1778,142332,79,pair_008_n5_008_conflict,conflict,1,0,0,12.470000000000002,0.06278166666666665,1100000,8009248,83297,581,4565834,0,0,0,0,0.0,0,0,0,0,0,0,0,0,0,0,0.0,0,0.0,0.005580428642784645,12.301783561706543,0.6856726691862959,4.567763328552246,0,0,0,0
1779,142409,77,pair_001_n5_001_control,control,1,0,0,12.490000000000002,0.06265333333333331,1100000,8014176,83332,586,4568897,0,0,0,0,0.0,0,0,0,0,0,0,0,0,0,0,0.0,0,0.0,0.005578201657385485,12.301783561706543,0.6854860163701828,4.567763328552246,0,0,0,0
1780,142478,69,pair_007_n5_007_control,control,1,0,0,12.570000000000002,0.06253833333333333,1100000,8018592,83388,587,4571679,0,0,0,0,0.0,0,0,0,0,0,0,0,0,0,0,0.0,0,0.0,0.005575940249348204,12.301783561706543,0.6853792079138613,4.567763328552246,0,0,0,0
1781,142547,69,pair_013_n5_013_conflict,conflict,1,0,0,12.570000000000002,0.06242333333333333,1100000,8023008,83433,587,4574395,0,0,0,0,0.0,0,0,0,0,0,0,0,0,0,0,0.0,0,0.0,0.005574027020832164,12.301783561706543,0.6853459492656231,4.567763328552246,0,0,0,0
1782,142615,68,pair_013_n3_013_control,control,1,0,0,12.580000000000002,0.062309999999999977,1100000,8027360,83490,587,4577112,0,0,0,0,0.0,0,0,0,0,0,0,0,0,0,0,0.0,0,0.0,0.0055725149588185105,12.301783561706543,0.6854042847809524,4.567763328552246,0,0,0,0
1783,142681,66,pair_005_n5_005_conflict,conflict,1,0,0,12.600000000000001,0.06219999999999998,1100000,8031584,83535,587,4579728,0,0,0,0,0.0,0,0,0,0,0,0,0,0,0,0,0.0,0,0.0,0.005570365286292086,12.301783561706543,0.6852898131346153,4.567763328552246,0,0,0,0
1784,142751,70,pair_007_n5_007_conflict,conflict,1,0,0,12.560000000000002,0.062083333333333324,1100000,8036064,83593,588,4582523,0,0,0,0,0.0,0,0,0,0,0,0,0,0,0,0,0.0,0,0.0,0.005568371506357072,12.301783561706543,0.685137682361344,4.567763328552246,0,0,0,0
1785,142827,76,pair_013_n5_013_control,control,1,0,0,12.500000000000002,0.06195666666666666,1100000,8040928,83637,588,4585553,0,0,0,0,0.0,0,0,0,0,0,0,0,0,0,0,0.0,0,0.0,0.005565839362796924,12.301783561706543,0.6849824704073375,4.567763328552246,0,0,0,0
1786,142900,73,pair_009_n3_009_conflict,conflict,1,0,0,12.530000000000001,0.061835,1100000,8045600,83692,588,4588479,0,0,0,0,0.0,0,0,0,0,0,0,0,0,0,0,0.0,0,0.0,0.0055635573729928755,12.301783561706543,0.6847982570899623,4.567763328552246,0,0,0,0
1787,142981,81,pair_016_n3_016_control,control,1,0,0,12.450000000000001,0.06169999999999998,1100000,8050784,83718,589,4591713,0,0,0,0,0.0,0,0,0,0,0,0,0,0,0,0,0.0,0,0.0,0.005561085988503787,12.301783561706543,0.6845731677917729,4.567763328552246,0,0,0,0
1788,143051,70,pair_004_n5_004_conflict,conflict,1,0,0,12.560000000000002,0.06158333333333332,1100000,8055264,83773,591,4594552,0,0,0,0,0.0,0,0,0,0,0,0,0,0,0,0,0.0,0,0.0,0.005558861545355469,12.301783561706543,0.6843883424678566,4.567763328552246,0,0,0,0
1789,143120,69,pair_017_n3_017_control,control,1,0,0,12.570000000000002,0.06146833333333332,1100000,8059680,83816,591,4597356,0,0,0,0,0.0,0,0,0,0,0,0,0,0,0,0,0.0,0,0.0,0.005556719349888526,12.301783561706543,0.6842291362454468,4.567763328552246,0,0,0,0
1790,143194,74,pair_002_n5_002_control,control,1,0,0,12.520000000000001,0.06134499999999998,1100000,8064416,83862,592,4600312,0,0,0,0,0.0,0,0,0,0,0,0,0,0,0,0,0.0,0,0.0,0.005554346067838334,12.301783561706543,0.6840999975063373,4.567763328552246,0,0,0,0
1791,143268,74,pair_017_n3_017_conflict,conflict,1,0,0,12.520000000000001,0.061221666666666646,1100000,8069152,83895,593,4603262,0,0,0,0,0.0,0,0,0,0,0,0,0,0,0,0,0.0,0,0.0,0.005551759070489332,12.301783561706543,0.6838974447576298,4.567763328552246,0,0,0,0
1792,143349,81,pair_001_n3_001_conflict,conflict,1,0,0,12.450000000000001,0.06108666666666665,1100000,8074336,83934,596,4606512,0,0,0,0,0.0,0,0,0,0,0,0,0,0,0,0,0.0,0,0.0,0.005548992724562587,12.301783561706543,0.6837526732804385,4.567763328552246,0,0,0,0
1793,143427,78,pair_006_n3_006_conflict,conflict,1,0,0,12.48,0.06095666666666666,1100000,8079328,83988,596,4609667,0,0,0,0,0.0,0,0,0,0,0,0,0,0,0,0,0.0,0,0.0,0.005546389115070427,12.301783561706543,0.6836497081222296,4.567763328552246,0,0,0,0
1794,143497,70,pair_015_n3_015_control,control,1,0,0,12.560000000000002,0.06083999999999998,1100000,8083808,84020,596,4612493,0,0,0,0,0.0,0,0,0,0,0,0,0,0,0,0,0.0,0,0.0,0.005544210731124375,12.301783561706543,0.6835639417945095,4.567763328552246,0,0,0,0
1795,143567,70,pair_012_n3_012_conflict,conflict,1,0,0,12.560000000000002,0.060723333333333324,1100000,8088288,84063,596,4615295,0,0,0,0,0.0,0,0,0,0,0,0,0,0,0,0,0.0,0,0.0,0.005541910743261506,12.301783561706543,0.6834659813344512,4.567763328552246,0,0,0,0
1796,143638,71,pair_007_n3_007_control,control,1,0,0,12.55,0.06060499999999999,1100000,8092832,84107,596,4618121,0,0,0,0,0.0,0,0,0,0,0,0,0,0,0,0,0.0,0,0.0,0.00553961855465749,12.301783561706543,0.6833605181711059,4.567763328552246,0,0,0,0
1797,143715,77,pair_006_n5_006_control,control,1,0,0,12.490000000000002,0.06047666666666665,1100000,8097760,84169,596,4621260,0,0,0,0,0.0,0,0,0,0,0,0,0,0,0,0,0.0,0,0.0,0.00553717598195113,12.301783561706543,0.6832625589058741,4.567763328552246,0,0,0,0
1798,143787,72,pair_008_n3_008_control,control,1,0,0,12.540000000000001,0.06035666666666664,1100000,8102368,84212,596,4624192,0,0,0,0,0.0,0,0,0,0,0,0,0,0,0,0,0.0,0,0.0,0.005534769140663108,12.301783561706543,0.6830443491913843,4.567763328552246,0,0,0,0
1799,143856,69,pair_017_n5_017_control,control,1,0,0,12.570000000000002,0.060241666666666666,1100000,8106784,84267,598,4626981,0,0,0,0,0.0,0,0,0,0,0,0,0,0,0,0,0.0,0,0.0,0.005532471701300619,12.301783561706543,0.6829338655022494,4.567763328552246,0,0,0,0
1800,143930,74,pair_005_n5_005_conflict,conflict,0,1,0,1.4200000000000013,0.06011833333333333,1100000,8111520,84297,599,4629924,0,0,0,0,0.0,0,0,0,0,0,0,0,0,0,0,0.0,0,0.0,0.005530094105252624,12.301783561706543,0.6828891707136427,4.567763328552246,0,0,0,0
1801,143999,69,pair_011_n3_011_conflict,conflict,1,0,0,12.570000000000002,0.060003333333333325,1100000,8115936,84330,600,4632705,0,0,0,0,0.0,0,0,0,0,0,0,0,0,0,0,0.0,0,0.0,0.005528452355727399,12.301783561706543,0.6828398228796297,4.567763328552246,0,0,0,0
1802,144070,71,pair_009_n5_009_control,control,1,0,0,12.55,0.059884999999999994,1100000,8120480,84397,600,4635627,0,0,0,0,0.0,0,0,0,0,0,0,0,0,0,0,0.0,0,0.0,0.0055260427495460365,12.301783561706543,0.6826948360775793,4.567763328552246,0,0,0,0
1803,144142,72,pair_015_n5_015_conflict,conflict,1,0,0,12.540000000000003,0.059764999999999985,1100000,8125088,84442,601,4638503,0,0,0,0,0.0,0,0,0,0,0,0,0,0,0,0,0.0,0,0.0,0.005523621502184129,12.301783561706543,0.6825300183437776,4.567763328552246,0,0,0,0
1804,144213,71,pair_007_n3_007_control,control,1,0,0,12.55,0.05964666666666665,1100000,8129632,84500,601,4641433,0,0,0,0,0.0,0,0,0,0,0,0,0,0,0,0,0.0,0,0.0,0.005521379007824343,12.301783561706543,0.6824492546111942,4.567763328552246,0,0,0,0
1805,144284,71,pair_010_n5_010_control,control,1,0,0,12.55,0.05952833333333332,1100000,8134176,84527,602,4644265,0,0,0,0,0.0,0,0,0,0,0,0,0,0,0,0,0.0,0,0.0,0.005519258957527097,12.301783561706543,0.6823209667341669,4.567763328552246,0,0,0,0
1806,144362,78,pair_013_n5_013_control,control,1,0,0,12.480000000000002,0.05939833333333333,1100000,8139168,84603,602,4647433,0,0,0,0,0.0,0,0,0,0,0,0,0,0,0,0,0.0,0,0.0,0.00551673785445075,12.301783561706543,0.6822469074078654,4.567763328552246,0,0,0,0
1807,144437,75,pair_015_n5_015_control,control,1,0,0,12.510000000000002,0.05927333333333332,1100000,8143968,84667,603,4650560,0,0,0,0,0.0,0,0,0,0,0,0,0,0,0,0,0.0,0,0.0,0.005514491246191146,12.301783561706543,0.6821668442252419,4.567763328552246,0,0,0,0
1808,144509,72,pair_007_n5_007_control,control,1,0,0,12.540000000000003,0.059153333333333336,1100000,8148576,84731,605,4653514,0,0,0,0,0.0,0,0,0,0,0,0,0,0,0,0,0.0,0,0.0,0.005512124595047727,12.301783561706543,0.6820042499024203,4.567763328552246,0,0,0,0
1809,144578,69,pair_003_n3_003_control,control,1,0,0,12.570000000000002,0.05903833333333333,1100000,8152992,84752,607,4656365,0,0,0,0,0.0,0,0,0,0,0,0,0,0,0,0,0.0,0,0.0,0.005509891058416834,12.301783561706543,0.6819179596565345,4.567763328552246,0,0,0,0
1810,144648,70,pair_010_n3_010_conflict,conflict,1,0,0,12.560000000000002,0.05892166666666665,1100000,8157472,84782,609,4659224,0,0,0,0,0.0,0,0,0,0,0,0,0,0,0,0,0.0,0,0.0,0.00550756792236281,12.301783561706543,0.681721916359002,4.567763328552246,0,0,0,0
1811,144726,78,pair_003_n5_003_control,control,1,0,0,12.48,0.05879166666666666,1100000,8162464,84809,609,4662362,0,0,0,0,0.0,0,0,0,0,0,0,0,0,0,0,0.0,0,0.0,0.005504956435307468,12.301783561706543,0.6816452599281589,4.567763328552246,0,0,0,0
1812,144798,72,pair_004_n3_004_control,control,1,0,0,12.540000000000001,0.05867166666666665,1100000,8167072,84826,609,4665391,0,0,0,0,0.0,0,0,0,0,0,0,0,0,0,0,0.0,0,0.0,0.0055028626377500904,12.301783561706543,0.6815467277729838,4.567763328552246,0,0,0,0
1813,144866,68,pair_003_n5_003_conflict,conflict,1,0,0,12.580000000000002,0.05855833333333332,1100000,8171424,84873,609,4668100,0,0,0,0,0.0,0,0,0,0,0,0,0,0,0,0,0.0,0,0.0,0.005500892760623104,12.301783561706543,0.6815505999840107,4.567763328552246,0,0,0,0
1814,144935,69,pair_017_n5_017_control,control,1,0,0,12.570000000000002,0.05844333333333332,1100000,8175840,84916,609,4670882,0,0,0,0,0.0,0,0,0,0,0,0,0,0,0,0,0.0,0,0.0,0.005498961463106725,12.301783561706543,0.6814782879140567,4.567763328552246,0,0,0,0
1815,145010,75,pair_002_n5_002_conflict,conflict,1,0,0,12.510000000000002,0.05831833333333333,1100000,8180640,84951,612,4673906,0,0,0,0,0.0,0,0,0,0,0,0,0,0,0,0,0.0,0,0.0,0.005496585552951243,12.301783561706543,0.6812843412477823,4.567763328552246,0,0,0,0
1816,145082,72,pair_005_n3_005_control,control,1,0,0,12.540000000000001,0.058198333333333324,1100000,8185248,84987,612,4676780,0,0,0,0,0.0,0,0,0,0,0,0,0,0,0,0,0.0,0,0.0,0.005494380771429932,12.301783561706543,0.6812101553390244,4.567763328552246,0,0,0,0
1817,145153,71,pair_016_n5_016_conflict,conflict,1,0,0,12.55,0.05807999999999999,1100000,8189792,85035,612,4679654,0,0,0,0,0.0,0,0,0,0,0,0,0,0,0,0,0.0,0,0.0,0.00549211187154757,12.301783561706543,0.6810698454826334,4.567763328552246,0,0,0,0
1818,145224,71,pair_015_n3_015_control,control,1,0,0,12.55,0.05796166666666666,1100000,8194336,85076,612,4682533,0,0,0,0,0.0,0,0,0,0,0,0,0,0,0,0,0.0,0,0.0,0.005489867897824716,12.301783561706543,0.6809522794677251,4.567763328552246,0,0,0,0
1819,145294,70,pair_001_n5_001_control,control,1,0,0,12.560000000000002,0.05784499999999998,1100000,8198816,85127,612,4685398,0,0,0,0,0.0,0,0,0,0,0,0,0,0,0,0,0.0,0,0.0,0.005487566900243568,12.301783561706543,0.6808330170179397,4.567763328552246,0,0,0,0
1820,145364,70,pair_000_n5_000_control,control,1,0,0,12.560000000000002,0.057728333333333326,1100000,8203296,85167,612,4688309,0,0,0,0,0.0,0,0,0,0,0,0,0,0,0,0,0.0,0,0.0,0.005485249455338107,12.301783561706543,0.6806871277417553,4.567763328552246,0,0,0,0
1821,145437,73,pair_014_n5_014_control,control,1,0,0,12.530000000000001,0.05760666666666667,1100000,8207968,85207,612,4691285,0,0,0,0,0.0,0,0,0,0,0,0,0,0,0,0,0.0,0,0.0,0.005482817228799608,12.301783561706543,0.6805151473631533,4.567763328552246,0,0,0,0
1822,145507,70,pair_012_n3_012_conflict,conflict,1,0,0,12.560000000000002,0.057489999999999986,1100000,8212448,85250,612,4694173,0,0,0,0,0.0,0,0,0,0,0,0,0,0,0,0,0.0,0,0.0,0.005480414300115761,12.301783561706543,0.6803271683797096,4.567763328552246,0,0,0,0
1823,145581,74,pair_011_n3_011_control,control,1,0,0,12.520000000000001,0.05736666666666665,1100000,8217184,85296,612,4697190,0,0,0,0,0.0,0,0,0,0,0,0,0,0,0,0,0.0,0,0.0,0.005477983154413474,12.301783561706543,0.6802266858609771,4.567763328552246,0,0,0,0
1824,145650,69,pair_002_n5_002_control,control,1,0,0,12.570000000000002,0.057251666666666645,1100000,8221600,85342,613,4699987,0,0,0,0,0.0,0,0,0,0,0,0,0,0,0,0,0.0,0,0.0,0.00547603148278257,12.301783561706543,0.6802183963066248,4.567763328552246,0,0,0,0
1825,145722,72,pair_017_n5_017_conflict,conflict,1,0,0,12.540000000000001,0.057131666666666664,1100000,8226208,85393,614,4702964,0,0,0,0,0.0,0,0,0,0,0,0,0,0,0,0,0.0,0,0.0,0.005473578875489891,12.301783561706543,0.680000541743315,4.567763328552246,0,0,0,0
1826,145793,71,pair_009_n5_009_conflict,conflict,1,0,0,12.55,0.05701333333333333,1100000,8230752,85445,617,4705872,0,0,0,0,0.0,0,0,0,0,0,0,0,0,0,0,0.0,0,0.0,0.005471206466901646,12.301783561706543,0.6799168307376665,4.567763328552246,0,0,0,0
1827,145865,72,pair_012_n5_012_control,control,1,0,0,12.540000000000001,0.056893333333333324,1100000,8235360,85495,617,4708766,0,0,0,0,0.0,0,0,0,0,0,0,0,0,0,0,0.0,0,0.0,0.005468884362013868,12.301783561706543,0.6798367245045406,4.567763328552246,0,0,0,0
1828,145932,67,pair_014_n5_014_conflict,conflict,1,0,0,12.590000000000002,0.05678166666666665,1100000,8239648,85537,617,4711481,0,0,0,0,0.0,0,0,0,0,0,0,0,0,0,0,0.0,0,0.0,0.005466646200021017,12.301783561706543,0.6796936540046135,4.567763328552246,0,0,0,0
1829,146001,69,pair_004_n5_004_conflict,conflict,1,0,0,12.570000000000002,0.05666666666666664,1100000,8244064,85594,617,4714327,0,0,0,0,0.0,0,0,0,0,0,0,0,0,0,0,0.0,0,0.0,0.005464271537812778,12.301783561706543,0.679505751351865,4.567763328552246,0,0,0,0
1830,146070,69,pair_001_n3_001_control,control,1,0,0,12.570000000000002,0.05655166666666667,1100000,8248480,85630,619,4717104,0,0,0,0,0.0,0,0,0,0,0,0,0,0,0,0,0.0,0,0.0,0.005461862767938798,12.301783561706543,0.6793086363646557,4.567763328552246,0,0,0,0
1831,146136,66,pair_000_n3_000_conflict,conflict,1,0,0,12.600000000000001,0.05644166666666667,1100000,8252704,85670,619,4719755,0,0,0,0,0.0,0,0,0,0,0,0,0,0,0,0,0.0,0,0.0,0.005459658088752467,12.301783561706543,0.6791668927544128,4.567763328552246,0,0,0,0
1832,146208,72,pair_002_n3_002_control,control,1,0,0,12.540000000000001,0.05632166666666666,1100000,8257312,85701,619,4722701,0,0,0,0,0.0,0,0,0,0,0,0,0,0,0,0,0.0,0,0.0,0.005457329296783885,12.301783561706543,0.6789745864586912,4.567763328552246,0,0,0,0
1833,146277,69,pair_001_n3_001_conflict,conflict,1,0,0,12.570000000000002,0.056206666666666655,1100000,8261728,85738,621,4725472,0,0,0,0,0.0,0,0,0,0,0,0,0,0,0,0,0.0,0,0.0,0.005454960513821144,12.301783561706543,0.6787816154842671,4.567763328552246,0,0,0,0
1834,146343,66,pair_000_n5_000_conflict,conflict,1,0,0,12.600000000000001,0.056096666666666656,1100000,8265952,85772,621,4728114,0,0,0,0,0.0,0,0,0,0,0,0,0,0,0,0,0.0,0,0.0,0.0054527072847772445,12.301783561706543,0.6786246275869788,4.567763328552246,0,0,0,0
1835,146416,73,pair_006_n5_006_control,control,1,0,0,12.530000000000001,0.055975,1100000,8270624,85829,621,4731081,0,0,0,0,0.0,0,0,0,0,0,0,0,0,0,0,0.0,0,0.0,0.0054502311358728735,12.301783561706543,0.6784991775724526,4.567763328552246,0,0,0,0
1836,146485,69,pair_006_n3_006_conflict,conflict,1,0,0,12.570000000000002,0.05585999999999999,1100000,8275040,85852,621,4733910,0,0,0,0,0.0,0,0,0,0,0,0,0,0,0,0,0.0,0,0.0,0.005448074482752552,12.301783561706543,0.6784138853855851,4.567763328552246,0,0,0,0
1837,146553,68,pair_008_n5_008_conflict,conflict,1,0,0,12.580000000000002,0.05574666666666667,1100000,8279392,85876,621,4736681,0,0,0,0,0.0,0,0,0,0,0,0,0,0,0,0,0.0,0,0.0,0.005445699634132284,12.301783561706543,0.6782310966310185,4.567763328552246,0,0,0,0
1838,146623,70,pair_009_n3_009_control,control,1,0,0,12.560000000000002,0.055629999999999985,1100000,8283872,85901,621,4739523,0,0,0,0,0.0,0,0,0,0,0,0,0,0,0,0,0.0,0,0.0,0.0054433334628938386,12.301783561706543,0.6781214288290757,4.567763328552246,0,0,0,0
1839,146695,72,pair_008_n3_008_conflict,conflict,1,0,0,12.540000000000001,0.055509999999999976,1100000,8288480,85922,621,4742410,0,0,0,0,0.0,0,0,0,0,0,0,0,0,0,0,0.0,0,0.0,0.005440880663599165,12.301783561706543,0.6779977673663546,4.567763328552246,0,0,0,0
1840,146761,66,pair_016_n5_016_control,control,1,0,0,12.600000000000001,0.05539999999999998,1100000,8292704,85981,621,4745070,0,0,0,0,0.0,0,0,0,0,0,0,0,0,0,0,0.0,0,0.0,0.005438685748595878,12.301783561706543,0.6778121598521559,4.567763328552246,0,0,0,0
1841,146838,77,pair_011_n5_011_conflict,conflict,1,0,0,12.490000000000002,0.05527166666666666,1100000,8297632,86025,622,4748158,0,0,0,0,0.0,0,0,0,0,0,0,0,0,0,0,0.0,0,0.0,0.0054361074883343095,12.301783561706543,0.677689641249272,4.567763328552246,0,0,0,0
1842,146908,70,pair_014_n3_014_conflict,conflict,1,0,0,12.560000000000002,0.05515499999999998,1100000,8302112,86064,622,4750923,0,0,0,0,0.0,0,0,0,0,0,0,0,0,0,0,0.0,0,0.0,0.005433821980118498,12.301783561706543,0.6775526053773426,4.567763328552246,0,0,0,0
1843,146974,66,pair_012_n3_012_control,control,1,0,0,12.600000000000001,0.05504499999999998,1100000,8306336,86093,622,4753599,0,0,0,0,0.0,0,0,0,0,0,0,0,0,0,0,0.0,0,0.0,0.005431640952428268,12.301783561706543,0.677395204479116,4.567763328552246,0,0,0,0
1844,147043,69,pair_016_n3_016_conflict,conflict,1,0,0,12.570000000000002,0.05492999999999998,1100000,8310752,86128,622,4756340,0,0,0,0,0.0,0,0,0,0,0,0,0,0,0,0,0.0,0,0.0,0.005429457261464789,12.301783561706543,0.6772316044651523,4.567763328552246,0,0,0,0
1845,147115,72,pair_013_n3_013_control,control,1,0,0,12.540000000000001,0.05481,1100000,8315360,86172,622,4759188,0,0,0,0,0.0,0,0,0,0,0,0,0,0,0,0,0.0,0,0.0,0.005427105944371927,12.301783561706543,0.677099906972499,4.567763328552246,0,0,0,0
1846,147189,74,pair_017_n3_017_control,control,1,0,0,12.520000000000001,0.05468666666666666,1100000,8320096,86205,622,4762190,0,0,0,0,0.0,0,0,0,0,0,0,0,0,0,0,0.0,0,0.0,0.005424734157043941,12.301783561706543,0.6769098575201976,4.567763328552246,0,0,0,0
1847,147257,68,pair_012_n5_012_conflict,conflict,1,0,0,12.580000000000002,0.054573333333333335,1100000,8324448,86245,622,4764913,0,0,0,0,0.0,0,0,0,0,0,0,0,0,0,0,0.0,0,0.0,0.0054228407505171545,12.301783561706543,0.67679760069645,4.567763328552246,0,0,0,0
1848,147329,72,pair_008_n5_008_control,control,1,0,0,12.540000000000001,0.054453333333333326,1100000,8329056,86269,622,4767781,0,0,0,0,0.0,0,0,0,0,0,0,0,0,0,0,0.0,0,0.0,0.005420453330433863,12.301783561706543,0.6766448437549835,4.567763328552246,0,0,0,0
1849,147396,67,pair_008_n3_008_control,control,1,0,0,12.590000000000002,0.05434166666666665,1100000,8333344,86309,622,4770476,0,0,0,0,0.0,0,0,0,0,0,0,0,0,0,0,0.0,0,0.0,0.00541833736648193,12.301783561706543,0.6765930984523423,4.567763328552246,0,0,0,0
1850,147467,71,pair_002_n3_002_conflict,conflict,1,0,0,12.55,0.05422333333333332,1100000,8337888,86340,622,4773303,0,0,0,0,0.0,0,0,0,0,0,0,0,0,0,0,0.0,0,0.0,0.00541612699494442,12.301783561706543,0.6764127075217827,4.567763328552246,0,0,0,0
1851,147534,67,pair_017_n3_017_conflict,conflict,1,0,0,12.590000000000002,0.05411166666666667,1100000,8342176,86372,622,4775957,0,0,0,0,0.0,0,0,0,0,0,0,0,0,0,0,0.0,0,0.0,0.005413863337559473,12.301783561706543,0.6762763334829068,4.567763328552246,0,0,0,0
1852,147604,70,pair_005_n5_005_control,control,1,0,0,12.560000000000002,0.05399499999999999,1100000,8346656,86416,622,4778713,0,0,0,0,0.0,0,0,0,0,0,0,0,0,0,0,0.0,0,0.0,0.005411832061796799,12.301783561706543,0.676139987248621,4.567763328552246,0,0,0,0
1853,147609,5,pair_007_n3_007_conflict,conflict,0,1,0,-0.84,0.053986666666666655,1100000,8346976,86421,622,4778921,0,0,0,0,0.0,0,0,0,0,0,0,0,0,0,0,0.0,0,0.0,0.005411675204097726,12.301783561706543,0.6761389033854422,4.567763328552246,0,0,0,0
1854,147677,68,pair_005_n3_005_conflict,conflict,1,0,0,12.580000000000002,0.05387333333333333,1100000,8351328,86455,622,4781594,0,0,0,0,0.0,0,0,0,0,0,0,0,0,0,0,0.0,0,0.0,0.005409640030101245,12.301783561706543,0.6761733934370879,4.567763328552246,0,0,0,0
1855,147744,67,pair_013_n5_013_conflict,conflict,1,0,0,12.590000000000002,0.05376166666666665,1100000,8355616,86506,622,4784214,0,0,0,0,0.0,0,0,0,0,0,0,0,0,0,0,0.0,0,0.0,0.00540753382423167,12.301783561706543,0.6760573134288425,4.567763328552246,0,0,0,0
1856,147818,74,pair_000_n3_000_control,control,1,0,0,12.520000000000001,0.053638333333333316,1100000,8360352,86544,622,4787190,0,0,0,0,0.0,0,0,0,0,0,0,0,0,0,0,0.0,0,0.0,0.005405120475700066,12.301783561706543,0.6758600857802853,4.567763328552246,0,0,0,0
1857,147888,70,pair_006_n3_006_control,control,1,0,0,12.560000000000002,0.05352166666666666,1100000,8364832,86584,622,4789996,0,0,0,0,0.0,0,0,0,0,0,0,0,0,0,0,0.0,0,0.0,0.005402865111610914,12.301783561706543,0.6757295132399185,4.567763328552246,0,0,0,0
1858,147958,70,pair_007_n5_007_conflict,conflict,1,0,0,12.560000000000002,0.05340499999999998,1100000,8369312,86624,622,4792775,0,0,0,0,0.0,0,0,0,0,0,0,0,0,0,0,0.0,0,0.0,0.00540053265986542,12.301783561706543,0.6755721346608703,4.567763328552246,0,0,0,0
1859,148028,70,pair_016_n3_016_control,control,1,0,0,12.560000000000002,0.053288333333333326,1100000,8373792,86661,622,4795590,0,0,0,0,0.0,0,0,0,0,0,0,0,0,0,0,0.0,0,0.0,0.005398212555816254,12.301783561706543,0.6754134191618788,4.567763328552246,0,0,0,0
1860,148101,73,pair_001_n5_001_conflict,conflict,1,0,0,12.530000000000001,0.05316666666666667,1100000,8378464,86701,622,4798466,0,0,0,0,0.0,0,0,0,0,0,0,0,0,0,0,0.0,0,0.0,0.005395854033723567,12.301783561706543,0.6752646395893168,4.567763328552246,0,0,0,0
1861,148171,70,pair_003_n3_003_conflict,conflict,1,0,0,12.560000000000002,0.053049999999999986,1100000,8382944,86732,622,4801255,0,0,0,0,0.0,0,0,0,0,0,0,0,0,0,0,0.0,0,0.0,0.0053935192139257584,12.301783561706543,0.6750881319958911,4.567763328552246,0,0,0,0
1862,148238,67,pair_014_n3_014_control,control,1,0,0,12.590000000000002,0.05293833333333331,1100000,8387232,86752,622,4803875,0,0,0,0,0.0,0,0,0,0,0,0,0,0,0,0,0.0,0,0.0,0.005391373675855235,12.301783561706543,0.6749435395469754,4.567763328552246,0,0,0,0
1863,148304,66,pair_004_n5_004_control,control,1,0,0,12.600000000000001,0.05282833333333331,1100000,8391456,86794,622,4806451,0,0,0,0,0.0,0,0,0,0,0,0,0,0,0,0,0.0,0,0.0,0.0053892232410495,12.301783561706543,0.6747888745682973,4.567763328552246,0,0,0,0
1864,148373,69,pair_013_n3_013_conflict,conflict,1,0,0,12.570000000000002,0.052713333333333334,1100000,8395872,86830,622,4809181,0,0,0,0,0.0,0,0,0,0,0,0,0,0,0,0,0.0,0,0.0,0.005386913158125238,12.301783561706543,0.6746053880893289,4.567763328552246,0,0,0,0
1865,148439,66,pair_009_n3_009_conflict,conflict,1,0,0,12.600000000000001,0.052603333333333335,1100000,8400096,86881,622,4811767,0,0,0,0,0.0,0,0,0,0,0,0,0,0,0,0,0.0,0,0.0,0.00538468311291954,12.301783561706543,0.6744457556191573,4.567763328552246,0,0,0,0
1866,148511,72,pair_010_n5_010_conflict,conflict,1,0,0,12.540000000000001,0.052483333333333326,1100000,8404704,86932,622,4814591,0,0,0,0,0.0,0,0,0,0,0,0,0,0,0,0,0.0,0,0.0,0.0053822318722245,12.301783561706543,0.6742889295536502,4.567763328552246,0,0,0,0
1867,148580,69,pair_010_n3_010_control,control,1,0,0,12.570000000000002,0.05236833333333332,1100000,8409120,86971,622,4817241,0,0,0,0,0.0,0,0,0,0,0,0,0,0,0,0,0.0,0,0.0,0.005379890638200914,12.301783561706543,0.6741401714216195,4.567763328552246,0,0,0,0
1868,148646,66,pair_004_n3_004_conflict,conflict,1,0,0,12.600000000000001,0.05225833333333332,1100000,8413344,87005,622,4819806,0,0,0,0,0.0,0,0,0,0,0,0,0,0,0,0,0.0,0,0.0,0.005377642043823741,12.301783561706543,0.6739689058031579,4.567763328552246,0,0,0,0
1869,148712,66,pair_006_n5_006_conflict,conflict,1,0,0,12.600000000000001,0.052148333333333324,1100000,8417568,87056,622,4822429,0,0,0,0,0.0,0,0,0,0,0,0,0,0,0,0,0.0,0,0.0,0.00537544168971655,12.301783561706543,0.6738066750124382,4.567763328552246,0,0,0,0
1870,148779,67,pair_015_n3_015_conflict,conflict,1,0,0,12.590000000000002,0.05203666666666665,1100000,8421856,87092,622,4825020,0,0,0,0,0.0,0,0,0,0,0,0,0,0,0,0,0.0,0,0.0,0.005373237406301578,12.301783561706543,0.6736678685646603,4.567763328552246,0,0,0,0
1871,148847,68,pair_011_n5_011_control,control,1,0,0,12.580000000000002,0.05192333333333332,1100000,8426208,87136,623,4827678,0,0,0,0,0.0,0,0,0,0,0,0,0,0,0,0,0.0,0,0.0,0.005370941848924121,12.301783561706543,0.673514837697999,4.567763328552246,0,0,0,0
1872,148919,72,pair_008_n5_008_conflict,conflict,1,0,0,12.540000000000001,0.05180333333333331,1100000,8430816,87188,623,4830445,0,0,0,0,0.0,0,0,0,0,0,0,0,0,0,0,0.0,0,0.0,0.005368528725883572,12.301783561706543,0.6733480223093979,4.567763328552246,0,0,0,0
1873,148989,70,pair_003_n5_003_control,control,1,0,0,12.560000000000002,0.05168666666666666,1100000,8435296,87221,623,4833153,0,0,0,0,0.0,0,0,0,0,0,0,0,0,0,0,0.0,0,0.0,0.005366206974323064,12.301783561706543,0.6732298433441681,4.567763328552246,0,0,0,0
1874,149069,80,pair_004_n5_004_control,control,1,0,0,12.46,0.05155333333333331,1100000,8440416,87259,623,4836272,0,0,0,0,0.0,0,0,0,0,0,0,0,0,0,0,0.0,0,0.0,0.005363796834970903,12.301783561706543,0.6730978401287057,4.567763328552246,0,0,0,0
1875,149137,68,pair_004_n3_004_conflict,conflict,1,0,0,12.580000000000002,0.051439999999999986,1100000,8444768,87290,623,4838888,0,0,0,0,0.0,0,0,0,0,0,0,0,0,0,0,0.0,0,0.0,0.005361702095990772,12.301783561706543,0.6730167016041114,4.567763328552246,0,0,0,0
1876,149209,72,pair_016_n3_016_conflict,conflict,1,0,0,12.540000000000001,0.05131999999999998,1100000,8449376,87330,623,4841698,0,0,0,0,0.0,0,0,0,0,0,0,0,0,0,0,0.0,0,0.0,0.005359344254366807,12.301783561706543,0.672884310597801,4.567763328552246,0,0,0,0
1877,149275,66,pair_006_n3_006_control,control,1,0,0,12.600000000000001,0.05120999999999998,1100000,8453600,87370,623,4844203,0,0,0,0,0.0,0,0,0,0,0,0,0,0,0,0,0.0,0,0.0,0.005357246396368193,12.301783561706543,0.6727295654424856,4.567763328552246,0,0,0,0
1878,149347,72,pair_017_n3_017_conflict,conflict,1,0,0,12.540000000000001,0.051089999999999997,1100000,8458208,87405,623,4846985,0,0,0,0,0.0,0,0,0,0,0,0,0,0,0,0,0.0,0,0.0,0.005354932137012192,12.301783561706543,0.6725547701194946,4.567763328552246,0,0,0,0
1879,149417,70,pair_002_n5_002_control,control,1,0,0,12.560000000000002,0.050973333333333315,1100000,8462688,87435,623,4849691,0,0,0,0,0.0,0,0,0,0,0,0,0,0,0,0,0.0,0,0.0,0.005352748043545305,12.301783561706543,0.6724193851673819,4.567763328552246,0,0,0,0
1880,149487,70,pair_001_n3_001_conflict,conflict,1,0,0,12.560000000000002,0.05085666666666666,1100000,8467168,87460,623,4852376,0,0,0,0,0.0,0,0,0,0,0,0,0,0,0,0,0.0,0,0.0,0.005350424564638414,12.301783561706543,0.6722253855000082,4.567763328552246,0,0,0,0
1881,149554,67,pair_003_n5_003_conflict,conflict,1,0,0,12.590000000000002,0.050744999999999985,1100000,8471456,87491,623,4854930,0,0,0,0,0.0,0,0,0,0,0,0,0,0,0,0,0.0,0,0.0,0.005348230793844744,12.301783561706543,0.6720907372832873,4.567763328552246,0,0,0,0
1882,149626,72,pair_009_n3_009_control,control,1,0,0,12.540000000000003,0.050624999999999976,1100000,8476064,87536,623,4857631,0,0,0,0,0.0,0,0,0,0,0,0,0,0,0,0,0.0,0,0.0,0.005346005539676267,12.301783561706543,0.6719057943980283,4.567763328552246,0,0,0,0
1883,149697,71,pair_011_n3_011_conflict,conflict,1,0,0,12.55,0.050506666666666644,1100000,8480608,87567,623,4860341,0,0,0,0,0.0,0,0,0,0,0,0,0,0,0,0,0.0,0,0.0,0.0053438894501407885,12.301783561706543,0.671799118842451,4.567763328552246,0,0,0,0
1884,149769,72,pair_013_n3_013_control,control,1,0,0,12.540000000000001,0.05038666666666666,1100000,8485216,87607,623,4862987,0,0,0,0,0.0,0,0,0,0,0,0,0,0,0,0,0.0,0,0.0,0.0053415075095619635,12.301783561706543,0.6716479588655272,4.567763328552246,0,0,0,0
1885,149839,70,pair_005_n3_005_control,control,1,0,0,12.560000000000002,0.05026999999999998,1100000,8489696,87634,623,4865658,0,0,0,0,0.0,0,0,0,0,0,0,0,0,0,0,0.0,0,0.0,0.005339178167421277,12.301783561706543,0.6714419493813791,4.567763328552246,0,0,0,0
1886,149911,72,pair_010_n5_010_control,control,1,0,0,12.540000000000001,0.05015,1100000,8494304,87670,624,4868373,0,0,0,0,0.0,0,0,0,0,0,0,0,0,0,0,0.0,0,0.0,0.005336814172547587,12.301783561706543,0.6712783503540267,4.567763328552246,0,0,0,0
1887,149981,70,pair_014_n5_014_control,control,1,0,0,12.560000000000002,0.05003333333333332,1100000,8498784,87710,624,4871000,0,0,0,0,0.0,0,0,0,0,0,0,0,0,0,0,0.0,0,0.0,0.005334521370045554,12.301783561706543,0.671182974388351,4.567763328552246,0,0,0,0
1888,150047,66,pair_017_n5_017_conflict,conflict,1,0,0,12.600000000000001,0.04999999999999999,1100000,8503008,87756,625,4873523,0,0,0,0,0.0,0,0,0,0,0,0,0,0,0,0,0.0,0,0.0,0.005332364582434974,12.301783561706543,0.6709849810232481,4.567763328552246,0,0,0,0
1889,150124,77,pair_002_n3_002_conflict,conflict,1,0,0,12.490000000000002,0.04999999999999999,1100000,8507936,87789,625,4876471,0,0,0,0,0.0,0,0,0,0,0,0,0,0,0,0,0.0,0,0.0,0.005329950310098888,12.301783561706543,0.6708511155318188,4.567763328552246,0,0,0,0
1890,150193,69,pair_017_n5_017_control,control,1,0,0,12.570000000000002,0.04999999999999999,1100000,8512352,87829,625,4879075,0,0,0,0,0.0,0,0,0,0,0,0,0,0,0,0,0.0,0,0.0,0.0053277700812359025,12.301783561706543,0.6707493679096735,4.567763328552246,0,0,0,0
1891,150266,73,pair_016_n5_016_control,control,1,0,0,12.530000000000001,0.04999999999999999,1100000,8517024,87890,625,4881872,0,0,0,0,0.0,0,0,0,0,0,0,0,0,0,0,0.0,0,0.0,0.0053254223276953195,12.301783561706543,0.6705707673861714,4.567763328552246,0,0,0,0
1892,150334,68,pair_000_n5_000_conflict,conflict,1,0,0,12.580000000000002,0.04999999999999999,1100000,8521376,87929,626,4884458,0,0,0,0,0.0,0,0,0,0,0,0,0,0,0,0,0.0,0,0.0,0.005323191687831087,12.301783561706543,0.6703930039607519,4.567763328552246,0,0,0,0
1893,150401,67,pair_014_n5_014_conflict,conflict,1,0,0,12.590000000000002,0.04999999999999999,1100000,8525664,87969,626,4886990,0,0,0,0,0.0,0,0,0,0,0,0,0,0,0,0,0.0,0,0.0,0.005321043786076521,12.301783561706543,0.6702584210319034,4.567763328552246,0,0,0,0
1894,150473,72,pair_004_n5_004_conflict,conflict,1,0,0,12.540000000000001,0.04999999999999999,1100000,8530272,88011,626,4889759,0,0,0,0,0.0,0,0,0,0,0,0,0,0,0,0,0.0,0,0.0,0.00531879726232953,12.301783561706543,0.670170227612142,4.567763328552246,0,0,0,0
1895,150542,69,pair_010_n3_010_control,control,1,0,0,12.570000000000002,0.04999999999999999,1100000,8534688,88040,626,4892405,0,0,0,0,0.0,0,0,0,0,0,0,0,0,0,0,0.0,0,0.0,0.005316705406742079,12.301783561706543,0.6700682638785992,4.567763328552246,0,0,0,0
1896,150608,66,pair_013_n5_013_conflict,conflict,1,0,0,12.600000000000001,0.04999999999999999,1100000,8538912,88091,626,4894930,0,0,0,0,0.0,0,0,0,0,0,0,0,0,0,0,0.0,0,0.0,0.005314597051271456,12.301783561706543,0.6699842339897659,4.567763328552246,0,0,0,0
1897,150675,67,pair_007_n3_007_control,control,1,0,0,12.590000000000002,0.04999999999999999,1100000,8543200,88145,626,4897460,0,0,0,0,0.0,0,0,0,0,0,0,0,0,0,0,0.0,0,0.0,0.005312431104735674,12.301783561706543,0.6698378477129181,4.567763328552246,0,0,0,0
1898,150743,68,pair_016_n5_016_conflict,conflict,1,0,0,12.580000000000002,0.04999999999999999,1100000,8547552,88198,626,4900025,0,0,0,0,0.0,0,0,0,0,0,0,0,0,0,0,0.0,0,0.0,0.0053101671299946055,12.301783561706543,0.6696347833893657,4.567763328552246,0,0,0,0
1899,150811,68,pair_014_n3_014_control,control,1,0,0,12.580000000000002,0.04999999999999999,1100000,8551904,88231,626,4902624,0,0,0,0,0.0,0,0,0,0,0,0,0,0,0,0,0.0,0,0.0,0.005307960498395365,12.301783561706543,0.6694587367515212,4.567763328552246,0,0,0,0
1900,150883,72,pair_003_n3_003_control,control,1,0,0,12.540000000000003,0.04999999999999999,1100000,8556512,88265,626,4905352,0,0,0,0,0.0,0,0,0,0,0,0,0,0,0,0,0.0,0,0.0,0.005305623918121352,12.301783561706543,0.6693057378322785,4.567763328552246,0,0,0,0
1901,150953,70,pair_000_n3_000_control,control,1,0,0,12.560000000000002,0.04999999999999999,1100000,8560992,88303,626,4907927,0,0,0,0,0.0,0,0,0,0,0,0,0,0,0,0,0.0,0,0.0,0.005303574696000598,12.301783561706543,0.669269299920492,4.567763328552246,0,0,0,0
1902,151019,66,pair_010_n3_010_conflict,conflict,1,0,0,12.600000000000001,0.04999999999999999,1100000,8565216,88332,627,4910426,0,0,0,0,0.0,0,0,0,0,0,0,0,0,0,0,0.0,0,0.0,0.005301437892625854,12.301783561706543,0.6691688919503407,4.567763328552246,0,0,0,0
1903,151023,4,pair_009_n5_009_control,control,0,1,0,-0.88,0.04999999999999999,1100000,8565472,88336,627,4910573,0,0,0,0,0.0,0,0,0,0,0,0,0,0,0,0,0.0,0,0.0,0.005301305573233839,12.301783561706543,0.6691547768350852,4.567763328552246,0,0,0,0
1904,151089,66,pair_015_n5_015_conflict,conflict,1,0,0,12.600000000000001,0.04999999999999999,1100000,8569696,88388,629,4913046,0,0,0,0,0.0,0,0,0,0,0,0,0,0,0,0,0.0,0,0.0,0.005299144114394031,12.301783561706543,0.6690087019847598,4.567763328552246,0,0,0,0
1905,151155,66,pair_008_n3_008_conflict,conflict,1,0,0,12.600000000000001,0.04999999999999999,1100000,8573920,88426,629,4915468,0,0,0,0,0.0,0,0,0,0,0,0,0,0,0,0,0.0,0,0.0,0.0052970114763053605,12.301783561706543,0.6688981654928194,4.567763328552246,0,0,0,0
1906,151223,68,pair_007_n3_007_conflict,conflict,1,0,0,12.580000000000002,0.04999999999999999,1100000,8578272,88469,629,4918002,0,0,0,0,0.0,0,0,0,0,0,0,0,0,0,0,0.0,0,0.0,0.005294819323791067,12.301783561706543,0.6687200603744279,4.567763328552246,0,0,0,0
1907,151291,68,pair_007_n5_007_conflict,conflict,1,0,0,12.580000000000002,0.04999999999999999,1100000,8582624,88532,629,4920584,0,0,0,0,0.0,0,0,0,0,0,0,0,0,0,0,0.0,0,0.0,0.00529281948411245,12.301783561706543,0.6686760529890973,4.567763328552246,0,0,0,0
1908,151359,68,pair_012_n5_012_control,control,1,0,0,12.580000000000002,0.04999999999999999,1100000,8586976,88576,629,4923098,0,0,0,0,0.0,0,0,0,0,0,0,0,0,0,0,0.0,0,0.0,0.005290630643352153,12.301783561706543,0.6684979305559988,4.567763328552246,0,0,0,0
1909,151426,67,pair_009_n3_009_conflict,conflict,1,0,0,12.590000000000002,0.04999999999999999,1100000,8591264,88627,629,4925629,0,0,0,0,0.0,0,0,0,0,0,0,0,0,0,0,0.0,0,0.0,0.0052884356114602064,12.301783561706543,0.6683404139621276,4.567763328552246,0,0,0,0
1910,151495,69,pair_015_n5_015_control,control,1,0,0,12.570000000000002,0.04999999999999999,1100000,8595680,88684,630,4928205,0,0,0,0,0.0,0,0,0,0,0,0,0,0,0,0,0.0,0,0.0,0.005286245532760375,12.301783561706543,0.6681615004784845,4.567763328552246,0,0,0,0
1911,151566,71,pair_000_n3_000_conflict,conflict,1,0,0,12.55,0.04999999999999999,1100000,8600224,88718,633,4930842,0,0,0,0,0.0,0,0,0,0,0,0,0,0,0,0,0.0,0,0.0,0.005283983372304272,12.301783561706543,0.6680022091115224,4.567763328552246,0,0,0,0
1912,151636,70,pair_008_n5_008_control,control,1,0,0,12.560000000000002,0.04999999999999999,1100000,8604704,88763,633,4933474,0,0,0,0,0.0,0,0,0,0,0,0,0,0,0,0,0.0,0,0.0,0.005281801853788196,12.301783561706543,0.66783956358797,4.567763328552246,0,0,0,0
1913,151707,71,pair_004_n3_004_control,control,1,0,0,12.55,0.04999999999999999,1100000,8609248,88799,633,4936114,0,0,0,0,0.0,0,0,0,0,0,0,0,0,0,0,0.0,0,0.0,0.005279509488954326,12.301783561706543,0.6677021023048696,4.567763328552246,0,0,0,0
1914,151774,67,pair_017_n3_017_control,control,1,0,0,12.590000000000002,0.04999999999999999,1100000,8613536,88834,633,4938636,0,0,0,0,0.0,0,0,0,0,0,0,0,0,0,0,0.0,0,0.0,0.005277434069170121,12.301783561706543,0.667620400049479,4.567763328552246,0,0,0,0
1915,151846,72,pair_007_n5_007_control,control,1,0,0,12.540000000000001,0.04999999999999999,1100000,8618144,88894,634,4941366,0,0,0,0,0.0,0,0,0,0,0,0,0,0,0,0,0.0,0,0.0,0.005275090082975355,12.301783561706543,0.6674356197339415,4.567763328552246,0,0,0,0
1916,151917,71,pair_005_n3_005_conflict,conflict,1,0,0,12.55,0.04999999999999999,1100000,8622688,88930,637,4943974,0,0,0,0,0.0,0,0,0,0,0,0,0,0,0,0,0.0,0,0.0,0.00527295265447105,12.301783561706543,0.6673309342211537,4.567763328552246,0,0,0,0
1917,151985,68,pair_002_n3_002_control,control,1,0,0,12.580000000000002,0.04999999999999999,1100000,8627040,88958,637,4946456,0,0,0,0,0.0,0,0,0,0,0,0,0,0,0,0,0.0,0,0.0,0.00527074172398742,12.301783561706543,0.6671985896253451,4.567763328552246,0,0,0,0
1918,151990,5,pair_015_n3_015_control,control,0,1,0,-0.84,0.04999999999999999,1100000,8627360,88963,637,4946640,0,0,0,0,0.0,0,0,0,0,0,0,0,0,0,0,0.0,0,0.0,0.00527059539367923,12.301783561706543,0.6671838142889808,4.567763328552246,0,0,0,0
1919,152060,70,pair_015_n3_015_conflict,conflict,1,0,0,12.560000000000002,0.04999999999999999,1100000,8631840,88995,637,4949221,0,0,0,0,0.0,0,0,0,0,0,0,0,0,0,0,0.0,0,0.0,0.005268875831875859,12.301783561706543,0.667095729037992,4.567763328552246,0,0,0,0
1920,152128,68,pair_006_n3_006_conflict,conflict,1,0,0,12.580000000000002,0.04999999999999999,1100000,8636192,89022,637,4951774,0,0,0,0,0.0,0,0,0,0,0,0,0,0,0,0,0.0,0,0.0,0.00526680557734584,12.301783561706543,0.6670271423070098,4.567763328552246,0,0,0,0
1921,152194,66,pair_011_n5_011_conflict,conflict,1,0,0,12.600000000000001,0.04999999999999999,1100000,8640416,89043,637,4954222,0,0,0,0,0.0,0,0,0,0,0,0,0,0,0,0,0.0,0,0.0,0.005264783707364952,12.301783561706543,0.6668958434341272,4.567763328552246,0,0,0,0
1922,152266,72,pair_000_n5_000_control,control,1,0,0,12.540000000000003,0.04999999999999999,1100000,8645024,89084,637,4956925,0,0,0,0,0.0,0,0,0,0,0,0,0,0,0,0,0.0,0,0.0,0.005262475155229707,12.301783561706543,0.6667292448391892,4.567763328552246,0,0,0,0
1923,152332,66,pair_006_n5_006_control,control,1,0,0,12.600000000000001,0.04999999999999999,1100000,8649248,89115,637,4959351,0,0,0,0,0.0,0,0,0,0,0,0,0,0,0,0,0.0,0,0.0,0.005260697181528585,12.301783561706543,0.6665338521636915,4.567763328552246,0,0,0,0
1924,152402,70,pair_005_n5_005_conflict,conflict,1,0,0,12.560000000000002,0.04999999999999999,1100000,8653728,89163,637,4961881,0,0,0,0,0.0,0,0,0,0,0,0,0,0,0,0,0.0,0,0.0,0.0052585276301669575,12.301783561706543,0.6663882324449557,4.567763328552246,0,0,0,0
1925,152476,74,pair_014_n3_014_conflict,conflict,1,0,0,12.520000000000001,0.04999999999999999,1100000,8658464,89183,637,4964546,0,0,0,0,0.0,0,0,0,0,0,0,0,0,0,0,0.0,0,0.0,0.005256201442586195,12.301783561706543,0.666299064234201,4.567763328552246,0,0,0,0
1926,152545,69,pair_011_n3_011_control,control,1,0,0,12.570000000000002,0.04999999999999999,1100000,8662880,89204,637,4967108,0,0,0,0,0.0,0,0,0,0,0,0,0,0,0,0,0.0,0,0.0,0.005254008932176517,12.301783561706543,0.6661351503471286,4.567763328552246,0,0,0,0
1927,152611,66,pair_013_n3_013_conflict,conflict,1,0,0,12.600000000000001,0.04999999999999999,1100000,8667104,89247,637,4969528,0,0,0,0,0.0,0,0,0,0,0,0,0,0,0,0,0.0,0,0.0,0.005251984129404002,12.301783561706543,0.665967358235385,4.567763328552246,0,0,0,0
1928,152679,68,pair_012_n5_012_conflict,conflict,1,0,0,12.580000000000002,0.04999999999999999,1100000,8671456,89288,637,4972001,0,0,0,0,0.0,0,0,0,0,0,0,0,0,0,0,0.0,0,0.0,0.005249847057871081,12.301783561706543,0.6658441958302956,4.567763328552246,0,0,0,0
1929,152753,74,pair_012_n3_012_control,control,1,0,0,12.520000000000001,0.04999999999999999,1100000,8676192,89324,637,4974692,0,0,0,0,0.0,0,0,0,0,0,0,0,0,0,0,0.0,0,0.0,0.0052474649464951196,12.301783561706543,0.66566203470027,4.567763328552246,0,0,0,0
1930,152829,76,pair_008_n3_008_control,control,1,0,0,12.500000000000002,0.04999999999999999,1100000,8681056,89354,638,4977366,0,0,0,0,0.0,0,0,0,0,0,0,0,0,0,0,0.0,0,0.0,0.005245126470484885,12.301783561706543,0.6654580251959009,4.567763328552246,0,0,0,0
1931,152899,70,pair_003_n3_003_conflict,conflict,1,0,0,12.560000000000002,0.04999999999999999,1100000,8685536,89383,638,4979853,0,0,0,0,0.0,0,0,0,0,0,0,0,0,0,0,0.0,0,0.0,0.005242972135048427,12.301783561706543,0.6653003212706287,4.567763328552246,0,0,0,0
1932,152971,72,pair_006_n5_006_conflict,conflict,1,0,0,12.540000000000001,0.04999999999999999,1100000,8690144,89435,638,4982452,0,0,0,0,0.0,0,0,0,0,0,0,0,0,0,0,0.0,0,0.0,0.005240676825838208,12.301783561706543,0.6651399400068018,4.567763328552246,0,0,0,0
1933,153046,75,pair_013_n5_013_control,control,1,0,0,12.510000000000002,0.04999999999999999,1100000,8694944,89483,638,4985162,0,0,0,0,0.0,0,0,0,0,0,0,0,0,0,0,0.0,0,0.0,0.005238365018424877,12.301783561706543,0.6650231158962645,4.567763328552246,0,0,0,0
1934,153119,73,pair_016_n3_016_control,control,1,0,0,12.530000000000001,0.04999999999999999,1100000,8699616,89518,638,4987806,0,0,0,0,0.0,0,0,0,0,0,0,0,0,0,0,0.0,0,0.0,0.005236062497670085,12.301783561706543,0.6648786898742964,4.567763328552246,0,0,0,0
1935,153189,70,pair_010_n5_010_conflict,conflict,1,0,0,12.560000000000002,0.04999999999999999,1100000,8704096,89553,638,4990244,0,0,0,0,0.0,0,0,0,0,0,0,0,0,0,0,0.0,0,0.0,0.005233837914664263,12.301783561706543,0.6647397771591679,4.567763328552246,0,0,0,0
1936,153258,69,pair_011_n5_011_control,control,1,0,0,12.570000000000002,0.04999999999999999,1100000,8708512,89592,640,4992739,0,0,0,0,0.0,0,0,0,0,0,0,0,0,0,0,0.0,0,0.0,0.005231621672354054,12.301783561706543,0.664580348824772,4.567763328552246,0,0,0,0
1937,153330,72,pair_002_n5_002_conflict,conflict,1,0,0,12.540000000000001,0.04999999999999999,1100000,8713120,89634,640,4995305,0,0,0,0,0.0,0,0,0,0,0,0,0,0,0,0,0.0,0,0.0,0.005229346367469373,12.301783561706543,0.6644367400145594,4.567763328552246,0,0,0,0
1938,153396,66,pair_012_n3_012_conflict,conflict,1,0,0,12.600000000000001,0.04999999999999999,1100000,8717344,89665,640,4997677,0,0,0,0,0.0,0,0,0,0,0,0,0,0,0,0,0.0,0,0.0,0.005227354692858073,12.301783561706543,0.6643552417039262,4.567763328552246,0,0,0,0
1939,153470,74,pair_001_n5_001_control,control,1,0,0,12.520000000000001,0.04999999999999999,1100000,8722080,89711,640,5000325,0,0,0,0,0.0,0,0,0,0,0,0,0,0,0,0,0.0,0,0.0,0.00522504199645573,12.301783561706543,0.6641938141055904,4.567763328552246,0,0,0,0
1940,153536,66,pair_005_n5_005_control,control,1,0,0,12.600000000000001,0.04999999999999999,1100000,8726304,89750,640,5002714,0,0,0,0,0.0,0,0,0,0,0,0,0,0,0,0,0.0,0,0.0,0.005222935500818323,12.301783561706543,0.6640060223997405,4.567763328552246,0,0,0,0
1941,153607,71,pair_001_n3_001_control,control,1,0,0,12.55,0.04999999999999999,1100000,8730848,89774,640,5005274,0,0,0,0,0.0,0,0,0,0,0,0,0,0,0,0,0.0,0,0.0,0.0052206610087491695,12.301783561706543,0.6638102763581174,4.567763328552246,0,0,0,0
1942,153674,67,pair_009_n5_009_conflict,conflict,1,0,0,12.590000000000002,0.04999999999999999,1100000,8735136,89828,640,5007689,0,0,0,0,0.0,0,0,0,0,0,0,0,0,0,0,0.0,0,0.0,0.00521852839111888,12.301783561706543,0.6636903821152415,4.567763328552246,0,0,0,0
1943,153746,72,pair_001_n5_001_conflict,conflict,1,0,0,12.540000000000003,0.04999999999999999,1100000,8739744,89862,640,5010346,0,0,0,0,0.0,0,0,0,0,0,0,0,0,0,0,0.0,0,0.0,0.005216230880049131,12.301783561706543,0.663585700793104,4.567763328552246,0,0,0,0
1944,153819,73,pair_013_n5_013_control,control,1,0,0,12.530000000000001,0.04999999999999999,1100000,8744416,89919,640,5012984,0,0,0,0,0.0,0,0,0,0,0,0,0,0,0,0,0.0,0,0.0,0.005213898594079647,12.301783561706543,0.6634227500975536,4.567763328552246,0,0,0,0
1945,153886,67,pair_006_n5_006_control,control,1,0,0,12.590000000000002,0.04999999999999999,1100000,8748704,89972,640,5015365,0,0,0,0,0.0,0,0,0,0,0,0,0,0,0,0,0.0,0,0.0,0.0052118353544768434,12.301783561706543,0.6632708227257241,4.567763328552246,0,0,0,0
1946,153956,70,pair_002_n5_002_control,control,1,0,0,12.560000000000002,0.04999999999999999,1100000,8753184,90003,640,5017869,0,0,0,0,0.0,0,0,0,0,0,0,0,0,0,0,0.0,0,0.0,0.005209730972085964,12.301783561706543,0.6631230480497218,4.567763328552246,0,0,0,0
1947,154019,63,pair_003_n5_003_conflict,conflict,0,1,0,1.3300000000000014,0.04999999999999999,1100000,8757216,90032,640,5020123,0,0,0,0,0.0,0,0,0,0,0,0,0,0,0,0,0.0,0,0.0,0.005207721604324674,12.301783561706543,0.6629483033371278,4.567763328552246,0,0,0,0
1948,154091,72,pair_011_n3_011_control,control,1,0,0,12.540000000000001,0.04999999999999999,1100000,8761824,90072,640,5022727,0,0,0,0,0.0,0,0,0,0,0,0,0,0,0,0,0.0,0,0.0,0.005205566256831704,12.301783561706543,0.6628506696009915,4.567763328552246,0,0,0,0
1949,154160,69,pair_014_n5_014_control,control,1,0,0,12.570000000000002,0.04999999999999999,1100000,8766240,90103,640,5025229,0,0,0,0,0.0,0,0,0,0,0,0,0,0,0,0,0.0,0,0.0,0.0052033832785897535,12.301783561706543,0.6626885829610665,4.567763328552246,0,0,0,0
1950,154234,74,pair_012_n5_012_control,control,1,0,0,12.520000000000001,0.04999999999999999,1100000,8770976,90153,640,5027910,0,0,0,0,0.0,0,0,0,0,0,0,0,0,0,0,0.0,0,0.0,0.005202113342164082,12.301783561706543,0.6625220935537648,4.567763328552246,0,0,0,0
1951,154301,67,pair_011_n3_011_conflict,conflict,1,0,0,12.590000000000002,0.04999999999999999,1100000,8775264,90191,640,5030296,0,0,0,0,0.0,0,0,0,0,0,0,0,0,0,0,0.0,0,0.0,0.0052019836292807155,12.301783561706543,0.6624017881316362,4.567763328552246,0,0,0,0
1952,154370,69,pair_005_n3_005_conflict,conflict,1,0,0,12.570000000000002,0.04999999999999999,1100000,8779680,90222,640,5032758,0,0,0,0,0.0,0,0,0,0,0,0,0,0,0,0,0.0,0,0.0,0.005200929164148722,12.301783561706543,0.6623842951227609,4.567763328552246,0,0,0,0
1953,154439,69,pair_008_n5_008_conflict,conflict,1,0,0,12.570000000000002,0.04999999999999999,1100000,8784096,90275,640,5035205,0,0,0,0,0.0,0,0,0,0,0,0,0,0,0,0,0.0,0,0.0,0.005199766902857009,12.301783561706543,0.6622219185554593,4.567763328552246,0,0,0,0
1954,154507,68,pair_004_n3_004_control,control,1,0,0,12.580000000000002,0.04999999999999999,1100000,8788448,90304,640,5037720,0,0,0,0,0.0,0,0,0,0,0,0,0,0,0,0,0.0,0,0.0,0.005197666999003117,12.301783561706543,0.6620805524754404,4.567763328552246,0,0,0,0
1955,154573,66,pair_010_n3_010_conflict,conflict,1,0,0,12.600000000000001,0.04999999999999999,1100000,8792672,90345,640,5040084,0,0,0,0,0.0,0,0,0,0,0,0,0,0,0,0,0.0,0,0.0,0.005197413236428197,12.301783561706543,0.6619596935623844,4.567763328552246,0,0,0,0
1956,154645,72,pair_017_n5_017_control,control,1,0,0,12.540000000000001,0.04999999999999999,1100000,8797280,90395,640,5042687,0,0,0,0,0.0,0,0,0,0,0,0,0,0,0,0,0.0,0,0.0,0.005196137429050512,12.301783561706543,0.6618702027854267,4.567763328552246,0,0,0,0
1957,154715,70,pair_015_n5_015_conflict,conflict,1,0,0,12.560000000000002,0.04999999999999999,1100000,8801760,90452,641,5045112,0,0,0,0,0.0,0,0,0,0,0,0,0,0,0,0,0.0,0,0.0,0.0051940491601308115,12.301783561706543,0.6616981681145493,4.567763328552246,0,0,0,0
1958,154787,72,pair_000_n5_000_conflict,conflict,1,0,0,12.540000000000001,0.04999999999999999,1100000,8806368,90497,641,5047671,0,0,0,0,0.0,0,0,0,0,0,0,0,0,0,0,0.0,0,0.0,0.005191942267143803,12.301783561706543,0.6615752564490384,4.567763328552246,0,0,0,0
1959,154856,69,pair_010_n3_010_control,control,1,0,0,12.570000000000002,0.04999999999999999,1100000,8810784,90541,642,5050100,0,0,0,0,0.0,0,0,0,0,0,0,0,0,0,0,0.0,0,0.0,0.005191815935428095,12.301783561706543,0.6615295161211072,4.567763328552246,0,0,0,0
1960,154924,68,pair_001_n5_001_conflict,conflict,1,0,0,12.580000000000002,0.04999999999999999,1100000,8815136,90576,643,5052503,0,0,0,0,0.0,0,0,0,0,0,0,0,0,0,0,0.0,0,0.0,0.00519077076319879,12.301783561706543,0.6615437648085745,4.567763328552246,0,0,0,0
1961,154998,74,pair_014_n3_014_conflict,conflict,1,0,0,12.520000000000001,0.04999999999999999,1100000,8819872,90598,643,5055162,0,0,0,0,0.0,0,0,0,0,0,0,0,0,0,0,0.0,0,0.0,0.005188559452088696,12.301783561706543,0.6613735117384544,4.567763328552246,0,0,0,0
1962,155066,68,pair_004_n5_004_conflict,conflict,1,0,0,12.580000000000002,0.04999999999999999,1100000,8824224,90625,644,5057600,0,0,0,0,0.0,0,0,0,0,0,0,0,0,0,0,0.0,0,0.0,0.005187311961029888,12.301783561706543,0.6612023364244918,4.567763328552246,0,0,0,0
1963,155135,69,pair_012_n5_012_conflict,conflict,1,0,0,12.570000000000002,0.04999999999999999,1100000,8828640,90671,645,5060008,0,0,0,0,0.0,0,0,0,0,0,0,0,0,0,0,0.0,0,0.0,0.005185222964253156,12.301783561706543,0.661074156745346,4.567763328552246,0,0,0,0
1964,155198,63,pair_011_n5_011_conflict,conflict,0,1,0,1.3300000000000014,0.04999999999999999,1100000,8832672,90705,645,5062279,0,0,0,0,0.0,0,0,0,0,0,0,0,0,0,0,0.0,0,0.0,0.0051832346338983775,12.301783561706543,0.6608938397854728,4.567763328552246,0,0,0,0
1965,155267,69,pair_010_n5_010_control,control,1,0,0,12.570000000000002,0.04999999999999999,1100000,8837088,90743,647,5064702,0,0,0,0,0.0,0,0,0,0,0,0,0,0,0,0,0.0,0,0.0,0.005182125979207058,12.301783561706543,0.6607659078010437,4.567763328552246,0,0,0,0
1966,155339,72,pair_015_n3_015_control,control,1,0,0,12.540000000000001,0.04999999999999999,1100000,8841696,90786,647,5067278,0,0,0,0,0.0,0,0,0,0,0,0,0,0,0,0,0.0,0,0.0,0.005179951795832888,12.301783561706543,0.6606504985671768,4.567763328552246,0,0,0,0
1967,155408,69,pair_013_n3_013_conflict,conflict,1,0,0,12.570000000000002,0.04999999999999999,1100000,8846112,90832,647,5069710,0,0,0,0,0.0,0,0,0,0,0,0,0,0,0,0,0.0,0,0.0,0.005179752134595752,12.301783561706543,0.6605047582586477,4.567763328552246,0,0,0,0
1968,155474,66,pair_009_n3_009_conflict,conflict,1,0,0,12.600000000000001,0.04999999999999999,1100000,8850336,90871,647,5072110,0,0,0,0,0.0,0,0,0,0,0,0,0,0,0,0,0.0,0,0.0,0.005179486624213382,12.301783561706543,0.6604069906084737,4.567763328552246,0,0,0,0
1969,155544,70,pair_015_n3_015_conflict,conflict,1,0,0,12.560000000000002,0.04999999999999999,1100000,8854816,90915,648,5074606,0,0,0,0,0.0,0,0,0,0,0,0,0,0,0,0,0.0,0,0.0,0.005178350595088726,12.301783561706543,0.6602306846352769,4.567763328552246,0,0,0,0
1970,155614,70,pair_002_n3_002_control,control,1,0,0,12.560000000000002,0.04999999999999999,1100000,8859296,90946,650,5077147,0,0,0,0,0.0,0,0,0,0,0,0,0,0,0,0,0.0,0,0.0,0.005177696995198918,12.301783561706543,0.6602169371123785,4.567763328552246,0,0,0,0
1971,155687,73,pair_004_n5_004_control,control,0,1,0,1.3300000000000014,0.04999999999999999,1100000,8863968,90966,650,5079730,0,0,0,0,0.0,0,0,0,0,0,0,0,0,0,0,0.0,0,0.0,0.005176586566938208,12.301783561706543,0.6602246216979778,4.567763328552246,0,0,0,0
1972,155777,90,pair_015_n5_015_control,control,1,0,0,12.360000000000001,0.04999999999999999,1100000,8869728,91030,650,5082907,0,0,0,0,0.0,0,0,0,0,0,0,0,0,0,0,0.0,0,0.0,0.005175020864448605,12.301783561706543,0.660162525879765,4.567763328552246,0,0,0,0
1973,155849,72,pair_012_n3_012_control,control,1,0,0,12.540000000000001,0.04999999999999999,1100000,8874336,91062,650,5085459,0,0,0,0,0.0,0,0,0,0,0,0,0,0,0,0,0.0,0,0.0,0.005174196675866187,12.301783561706543,0.6600327457371612,4.567763328552246,0,0,0,0
1974,155920,71,pair_003_n3_003_conflict,conflict,1,0,0,12.55,0.04999999999999999,1100000,8878880,91098,650,5088035,0,0,0,0,0.0,0,0,0,0,0,0,0,0,0,0,0.0,0,0.0,0.005173007282646928,12.301783561706543,0.6599362906672501,4.567763328552246,0,0,0,0
1975,156001,81,pair_000_n3_000_conflict,conflict,1,0,0,12.450000000000001,0.04999999999999999,1100000,8884064,91139,650,5090932,0,0,0,0,0.0,0,0,0,0,0,0,0,0,0,0,0.0,0,0.0,0.00517333289420486,12.301783561706543,0.6598304984233443,4.567763328552246,0,0,0,0
1976,156076,75,pair_016_n5_016_control,control,1,0,0,12.510000000000002,0.04999999999999999,1100000,8888864,91197,650,5093583,0,0,0,0,0.0,0,0,0,0,0,0,0,0,0,0,0.0,0,0.0,0.005171235968018818,12.301783561706543,0.6597623477090335,4.567763328552246,0,0,0,0
1977,156144,68,pair_007_n3_007_control,control,1,0,0,12.580000000000002,0.04999999999999999,1100000,8893216,91235,650,5096075,0,0,0,0,0.0,0,0,0,0,0,0,0,0,0,0,0.0,0,0.0,0.005170292523158056,12.301783561706543,0.6596926317922917,4.567763328552246,0,0,0,0
1978,156214,70,pair_005_n3_005_control,control,1,0,0,12.560000000000002,0.04999999999999999,1100000,8897696,91267,650,5098615,0,0,0,0,0.0,0,0,0,0,0,0,0,0,0,0,0.0,0,0.0,0.0051682915932002044,12.301783561706543,0.6595875261283346,4.567763328552246,0,0,0,0
1979,156282,68,pair_004_n3_004_conflict,conflict,1,0,0,12.580000000000002,0.04999999999999999,1100000,8902048,91288,650,5101062,0,0,0,0,0.0,0,0,0,0,0,0,0,0,0,0,0.0,0,0.0,0.005167518211182125,12.301783561706543,0.6594586770780807,4.567763328552246,0,0,0,0
1980,156350,68,pair_008_n3_008_control,control,1,0,0,12.580000000000002,0.04999999999999999,1100000,8906400,91315,650,5103476,0,0,0,0,0.0,0,0,0,0,0,0,0,0,0,0,0.0,0,0.0,0.0051659644194363575,12.301783561706543,0.6594379976789995,4.567763328552246,0,0,0,0
1981,156420,70,pair_001_n3_001_control,control,1,0,0,12.560000000000002,0.04999999999999999,1100000,8910880,91348,650,5105905,0,0,0,0,0.0,0,0,0,0,0,0,0,0,0,0,0.0,0,0.0,0.005164159057739006,12.301783561706543,0.6593832417695549,4.567763328552246,0,0,0,0
1982,156488,68,pair_016_n3_016_conflict,conflict,1,0,0,12.580000000000002,0.04999999999999999,1100000,8915232,91387,650,5108349,0,0,0,0,0.0,0,0,0,0,0,0,0,0,0,0,0.0,0,0.0,0.005163378582360504,12.301783561706543,0.6592945977628926,4.567763328552246,0,0,0,0
1983,156558,70,pair_006_n3_006_control,control,1,0,0,12.560000000000002,0.04999999999999999,1100000,8919712,91428,650,5110821,0,0,0,0,0.0,0,0,0,0,0,0,0,0,0,0,0.0,0,0.0,0.0051615283552361845,12.301783561706543,0.6592162109115179,4.567763328552246,0,0,0,0
1984,156624,66,pair_000_n5_000_control,control,0,1,0,1.5000000000000013,0.04999999999999999,1100000,8923936,91464,651,5113203,0,0,0,0,0.0,0,0,0,0,0,0,0,0,0,0,0.0,0,0.0,0.005159868706677997,12.301783561706543,0.6591302636187057,4.567763328552246,0,0,0,0
1985,156695,71,pair_017_n5_017_conflict,conflict,1,0,0,12.55,0.04999999999999999,1100000,8928480,91506,651,5115699,0,0,0,0,0.0,0,0,0,0,0,0,0,0,0,0,0.0,0,0.0,0.005159084749335618,12.301783561706543,0.6590462539484045,4.567763328552246,0,0,0,0
1986,156767,72,pair_006_n5_006_conflict,conflict,1,0,0,12.540000000000003,0.04999999999999999,1100000,8933088,91546,651,5118284,0,0,0,0,0.0,0,0,0,0,0,0,0,0,0,0,0.0,0,0.0,0.005158159269420029,12.301783561706543,0.6589678898404107,4.567763328552246,0,0,0,0
1987,156834,67,pair_014_n3_014_control,control,1,0,0,12.590000000000002,0.04999999999999999,1100000,8937376,91571,651,5120695,0,0,0,0,0.0,0,0,0,0,0,0,0,0,0,0,0.0,0,0.0,0.005158387632024426,12.301783561706543,0.65898529358837,4.567763328552246,0,0,0,0
1988,156906,72,pair_013_n5_013_conflict,conflict,1,0,0,12.540000000000001,0.04999999999999999,1100000,8941984,91627,651,5123290,0,0,0,0,0.0,0,0,0,0,0,0,0,0,0,0,0.0,0,0.0,0.00515754056883208,12.301783561706543,0.6589100626166239,4.567763328552246,0,0,0,0
1989,156976,70,pair_009_n5_009_control,control,1,0,0,12.560000000000002,0.04999999999999999,1100000,8946464,91686,651,5125788,0,0,0,0,0.0,0,0,0,0,0,0,0,0,0,0,0.0,0,0.0,0.005155635581351391,12.301783561706543,0.6588293497866772,4.567763328552246,0,0,0,0
1990,157044,68,pair_002_n5_002_conflict,conflict,1,0,0,12.580000000000002,0.04999999999999999,1100000,8950816,91718,651,5128284,0,0,0,0,0.0,0,0,0,0,0,0,0,0,0,0,0.0,0,0.0,0.005153793519986913,12.301783561706543,0.6587078452686612,4.567763328552246,0,0,0,0
1991,157115,71,pair_010_n5_010_conflict,conflict,1,0,0,12.550000000000002,0.04999999999999999,1100000,8955360,91759,653,5130872,0,0,0,0,0.0,0,0,0,0,0,0,0,0,0,0,0.0,0,0.0,0.005152643245521358,12.301783561706543,0.6585110422084447,4.567763328552246,0,0,0,0
1992,157187,72,pair_008_n3_008_conflict,conflict,1,0,0,12.540000000000001,0.04999999999999999,1100000,8959968,91792,653,5133478,0,0,0,0,0.0,0,0,0,0,0,0,0,0,0,0,0.0,0,0.0,0.005150573192530382,12.301783561706543,0.6583795518404058,4.567763328552246,0,0,0,0
1993,157257,70,pair_013_n3_013_control,control,1,0,0,12.560000000000002,0.04999999999999999,1100000,8964448,91830,653,5135977,0,0,0,0,0.0,0,0,0,0,0,0,0,0,0,0,0.0,0,0.0,0.005148579443272451,12.301783561706543,0.6581994265906677,4.567763328552246,0,0,0,0
1994,157325,68,pair_014_n5_014_conflict,conflict,1,0,0,12.580000000000002,0.04999999999999999,1100000,8968800,91877,653,5138412,0,0,0,0,0.0,0,0,0,0,0,0,0,0,0,0,0.0,0,0.0,0.005147718079515693,12.301783561706543,0.6581247220208092,4.567763328552246,0,0,0,0
1995,157399,74,pair_005_n5_005_conflict,conflict,1,0,0,12.520000000000001,0.04999999999999999,1100000,8973536,91913,653,5141135,0,0,0,0,0.0,0,0,0,0,0,0,0,0,0,0,0.0,0,0.0,0.005146512280096553,12.301783561706543,0.6579517186250093,4.567763328552246,0,0,0,0
1996,157480,81,pair_007_n5_007_conflict,conflict,1,0,0,12.450000000000001,0.04999999999999999,1100000,8978720,91978,653,5144082,0,0,0,0,0.0,0,0,0,0,0,0,0,0,0,0,0.0,0,0.0,0.005144221950222666,12.301783561706543,0.657828858883403,4.567763328552246,0,0,0,0
1997,157548,68,pair_009_n5_009_conflict,conflict,1,0,0,12.580000000000002,0.04999999999999999,1100000,8983072,92034,653,5146534,0,0,0,0,0.0,0,0,0,0,0,0,0,0,0,0,0.0,0,0.0,0.005142239062065692,12.301783561706543,0.657703862773049,4.567763328552246,0,0,0,0
1998,157619,71,pair_006_n3_006_conflict,conflict,1,0,0,12.55,0.04999999999999999,1100000,8987616,92072,653,5149099,0,0,0,0,0.0,0,0,0,0,0,0,0,0,0,0,0.0,0,0.0,0.0051413374434836085,12.301783561706543,0.6577042392498795,4.567763328552246,0,0,0,0
1999,157690,71,pair_003_n3_003_control,control,1,0,0,12.55,0.04999999999999999,1100000,8992160,92099,653,5151669,0,0,0,0,0.0,0,0,0,0,0,0,0,0,0,0,0.0,0,0.0,0.005139391980317219,12.301783561706543,0.6576312151632265,4.567763328552246,0,0,0,0
2000,157756,66,pair_016_n5_016_conflict,conflict,1,0,0,12.600000000000001,0.04999999999999999,1100000,8996384,92149,653,5154039,0,0,0,0,0.0,0,0,0,0,0,0,0,0,0,0,0.0,0,0.0,0.005138388092966672,12.301783561706543,0.6574808344819881,4.567763328552246,0,0,0,0
2001,157827,71,pair_012_n3_012_conflict,conflict,1,0,0,12.55,0.04999999999999999,1100000,9000928,92187,653,5156615,0,0,0,0,0.0,0,0,0,0,0,0,0,0,0,0,0.0,0,0.0,0.005137260605028379,12.301783561706543,0.6573229663158836,4.567763328552246,0,0,0,0
2002,157893,66,pair_016_n3_016_control,control,1,0,0,12.600000000000001,0.04999999999999999,1100000,9005152,92225,653,5158985,0,0,0,0,0.0,0,0,0,0,0,0,0,0,0,0,0.0,0,0.0,0.005137274586502609,12.301783561706543,0.6572964258997218,4.567763328552246,0,0,0,0
2003,157963,70,pair_007_n3_007_conflict,conflict,1,0,0,12.560000000000002,0.04999999999999999,1100000,9009632,92279,653,5161520,0,0,0,0,0.0,0,0,0,0,0,0,0,0,0,0,0.0,0,0.0,0.0051361123815985,12.301783561706543,0.6571264099434361,4.567763328552246,0,0,0,0
2004,158037,74,pair_007_n5_007_control,control,1,0,0,12.520000000000001,0.04999999999999999,1100000,9014368,92343,655,5164210,0,0,0,0,0.0,0,0,0,0,0,0,0,0,0,0,0.0,0,0.0,0.0051348338575003556,12.301783561706543,0.6570431831814032,4.567763328552246,0,0,0,0
2005,158103,66,pair_001_n3_001_conflict,conflict,1,0,0,12.600000000000001,0.04999999999999999,1100000,9018592,92376,655,5166641,0,0,0,0,0.0,0,0,0,0,0,0,0,0,0,0,0.0,0,0.0,0.005132965152786496,12.301783561706543,0.6569134357786659,4.567763328552246,0,0,0,0
2006,158169,66,pair_011_n5_011_control,control,1,0,0,12.600000000000001,0.04999999999999999,1100000,9022816,92411,655,5169067,0,0,0,0,0.0,0,0,0,0,0,0,0,0,0,0,0.0,0,0.0,0.005131914196661385,12.301783561706543,0.656885417303885,4.567763328552246,0,0,0,0
2007,158238,69,pair_017_n3_017_control,control,1,0,0,12.570000000000002,0.04999999999999999,1100000,9027232,92443,655,5171570,0,0,0,0,0.0,0,0,0,0,0,0,0,0,0,0,0.0,0,0.0,0.005130716351526695,12.301783561706543,0.6567725250069755,4.567763328552246,0,0,0,0
2008,158304,66,pair_001_n5_001_control,control,1,0,0,12.600000000000001,0.04999999999999999,1100000,9031456,92490,655,5173933,0,0,0,0,0.0,0,0,0,0,0,0,0,0,0,0,0.0,0,0.0,0.005128842692561701,12.301783561706543,0.6566743670098532,4.567763328552246,0,0,0,0
2009,158374,70,pair_002_n3_002_conflict,conflict,1,0,0,12.560000000000002,0.04999999999999999,1100000,9035936,92515,655,5176497,0,0,0,0,0.0,0,0,0,0,0,0,0,0,0,0,0.0,0,0.0,0.005126864798710873,12.301783561706543,0.6565486939438374,4.567763328552246,0,0,0,0
2010,158447,73,pair_003_n5_003_control,control,1,0,0,12.530000000000001,0.04999999999999999,1100000,9040608,92562,655,5179153,0,0,0,0,0.0,0,0,0,0,0,0,0,0,0,0,0.0,0,0.0,0.005125724796491941,12.301783561706543,0.6564690356727844,4.567763328552246,0,0,0,0
2011,158515,68,pair_017_n3_017_conflict,conflict,1,0,0,12.580000000000002,0.04999999999999999,1100000,9044960,92598,655,5181656,0,0,0,0,0.0,0,0,0,0,0,0,0,0,0,0,0.0,0,0.0,0.00512473295040618,12.301783561706543,0.6564511062393118,4.567763328552246,0,0,0,0
2012,158586,71,pair_008_n5_008_control,control,1,0,0,12.55,0.04999999999999999,1100000,9049504,92647,656,5184269,0,0,0,0,0.0,0,0,0,0,0,0,0,0,0,0,0.0,0,0.0,0.005122704209446373,12.301783561706543,0.6562892922860045,4.567763328552246,0,0,0,0
2013,158659,73,pair_005_n5_005_control,control,1,0,0,12.530000000000001,0.04999999999999999,1100000,9054176,92683,656,5186996,0,0,0,0,0.0,0,0,0,0,0,0,0,0,0,0,0.0,0,0.0,0.005121720809503563,12.301783561706543,0.6561548136681457,4.567763328552246,0,0,0,0
2014,158728,69,pair_009_n3_009_control,control,1,0,0,12.570000000000002,0.04999999999999999,1100000,9058592,92709,656,5189578,0,0,0,0,0.0,0,0,0,0,0,0,0,0,0,0,0.0,0,0.0,0.005120614090039039,12.301783561706543,0.656063133097054,4.567763328552246,0,0,0,0
2015,158800,72,pair_000_n3_000_control,control,1,0,0,12.540000000000001,0.04999999999999999,1100000,9063200,92746,656,5192235,0,0,0,0,0.0,0,0,0,0,0,0,0,0,0,0,0.0,0,0.0,0.0051195767790484,12.301783561706543,0.655969315838844,4.567763328552246,0,0,0,0
2016,158866,66,pair_000_n5_000_conflict,conflict,1,0,0,12.600000000000001,0.04999999999999999,1100000,9067424,92788,656,5194665,0,0,0,0,0.0,0,0,0,0,0,0,0,0,0,0,0.0,0,0.0,0.005118738177378983,12.301783561706543,0.6559058430109224,4.567763328552246,0,0,0,0
2017,158939,73,pair_013_n5_013_control,control,1,0,0,12.530000000000001,0.04999999999999999,1100000,9072096,92850,656,5197284,0,0,0,0,0.0,0,0,0,0,0,0,0,0,0,0,0.0,0,0.0,0.005117560398712249,12.301783561706543,0.6557404626719364,4.567763328552246,0,0,0,0
2018,159007,68,pair_012_n5_012_control,control,1,0,0,12.580000000000002,0.04999999999999999,1100000,9076448,92894,656,5199820,0,0,0,0,0.0,0,0,0,0,0,0,0,0,0,0,0.0,0,0.0,0.005117858447937059,12.301783561706543,0.6556404909288913,4.567763328552246,0,0,0,0
2019,159077,70,pair_001_n3_001_conflict,conflict,1,0,0,12.560000000000002,0.04999999999999999,1100000,9080928,92928,656,5202389,0,0,0,0,0.0,0,0,0,0,0,0,0,0,0,0,0.0,0,0.0,0.005117529367763026,12.301783561706543,0.6555162324744953,4.567763328552246,0,0,0,0
2020,159144,67,pair_014_n5_014_conflict,conflict,1,0,0,12.590000000000002,0.04999999999999999,1100000,9085216,92963,656,5204898,0,0,0,0,0.0,0,0,0,0,0,0,0,0,0,0,0.0,0,0.0,0.005115882626201962,12.301783561706543,0.6554409565280708,4.567763328552246,0,0,0,0
2021,159212,68,pair_001_n3_001_control,control,1,0,0,12.580000000000002,0.04999999999999999,1100000,9089568,93000,656,5207370,0,0,0,0,0.0,0,0,0,0,0,0,0,0,0,0,0.0,0,0.0,0.005114147038647762,12.301783561706543,0.6553168597491784,4.567763328552246,0,0,0,0
2022,159284,72,pair_015_n3_015_control,control,1,0,0,12.540000000000001,0.04999999999999999,1100000,9094176,93043,656,5209992,0,0,0,0,0.0,0,0,0,0,0,0,0,0,0,0,0.0,0,0.0,0.005112254562458195,12.301783561706543,0.655192896569207,4.567763328552246,0,0,0,0
2023,159352,68,pair_015_n5_015_conflict,conflict,1,0,0,12.580000000000002,0.04999999999999999,1100000,9098528,93098,656,5212561,0,0,0,0,0.0,0,0,0,0,0,0,0,0,0,0,0.0,0,0.0,0.005111517432163771,12.301783561706543,0.6552237346355587,4.567763328552246,0,0,0,0
2024,159422,70,pair_003_n5_003_conflict,conflict,1,0,0,12.560000000000002,0.04999999999999999,1100000,9103008,93146,656,5215103,0,0,0,0,0.0,0,0,0,0,0,0,0,0,0,0,0.0,0,0.0,0.005111535259377314,12.301783561706543,0.655142378180185,4.567763328552246,0,0,0,0
2025,159493,71,pair_010_n5_010_control,control,1,0,0,12.55,0.04999999999999999,1100000,9107552,93180,656,5217659,0,0,0,0,0.0,0,0,0,0,0,0,0,0,0,0,0.0,0,0.0,0.005109601135072466,12.301783561706543,0.655034702774971,4.567763328552246,0,0,0,0
2026,159497,4,pair_006_n5_006_control,control,0,1,0,-0.88,0.04999999999999999,1100000,9107808,93184,656,5217807,0,0,0,0,0.0,0,0,0,0,0,0,0,0,0,0,0.0,0,0.0,0.005109488171897964,12.301783561706543,0.6550224914626643,4.567763328552246,0,0,0,0
2027,159569,72,pair_002_n3_002_conflict,conflict,1,0,0,12.540000000000001,0.04999999999999999,1100000,9112416,93214,656,5220485,0,0,0,0,0.0,0,0,0,0,0,0,0,0,0,0,0.0,0,0.0,0.005107541747904756,12.301783561706543,0.6548842560918768,4.567763328552246,0,0,0,0
2028,159643,74,pair_001_n5_001_control,control,1,0,0,12.520000000000001,0.04999999999999999,1100000,9117152,93257,657,5223194,0,0,0,0,0.0,0,0,0,0,0,0,0,0,0,0,0.0,0,0.0,0.005105657609507372,12.301783561706543,0.6548160492642513,4.567763328552246,0,0,0,0
2029,159711,68,pair_009_n3_009_conflict,conflict,1,0,0,12.580000000000002,0.04999999999999999,1100000,9121504,93304,658,5225678,0,0,0,0,0.0,0,0,0,0,0,0,0,0,0,0,0.0,0,0.0,0.005103796897203868,12.301783561706543,0.6546901019199868,4.567763328552246,0,0,0,0
2030,159784,73,pair_003_n3_003_conflict,conflict,1,0,0,12.530000000000001,0.04999999999999999,1100000,9126176,93345,658,5228325,0,0,0,0,0.0,0,0,0,0,0,0,0,0,0,0,0.0,0,0.0,0.005101780921970565,12.301783561706543,0.6545407067138456,4.567763328552246,0,0,0,0
2031,159788,4,pair_007_n3_007_conflict,conflict,0,1,0,-0.9299999999999999,0.04999999999999999,1100000,9126432,93349,659,5228483,0,0,0,0,0.0,0,0,0,0,0,0,0,0,0,0,0.0,0,0.0,0.005101662168851653,12.301783561706543,0.6545320433825962,4.567763328552246,0,0,0,0
2032,159857,69,pair_009_n3_009_control,control,1,0,0,12.570000000000002,0.04999999999999999,1100000,9130848,93395,660,5231018,0,0,0,0,0.0,0,0,0,0,0,0,0,0,0,0,0.0,0,0.0,0.005100593135952701,12.301783561706543,0.6544225050231037,4.567763328552246,0,0,0,0
2033,159925,68,pair_011_n3_011_control,control,1,0,0,12.580000000000002,0.04999999999999999,1100000,9135200,93420,660,5233482,0,0,0,0,0.0,0,0,0,0,0,0,0,0,0,0,0.0,0,0.0,0.005099639344959141,12.301783561706543,0.6543843720611828,4.567763328552246,0,0,0,0
2034,159995,70,pair_006_n3_006_conflict,conflict,1,0,0,12.560000000000002,0.04999999999999999,1100000,9139680,93462,660,5236046,0,0,0,0,0.0,0,0,0,0,0,0,0,0,0,0,0.0,0,0.0,0.005097747389407747,12.301783561706543,0.6542093471170244,4.567763328552246,0,0,0,0
2035,160063,68,pair_012_n3_012_conflict,conflict,1,0,0,12.580000000000002,0.04999999999999999,1100000,9144032,93496,660,5238515,0,0,0,0,0.0,0,0,0,0,0,0,0,0,0,0,0.0,0,0.0,0.005095809731554453,12.301783561706543,0.6540428974240249,4.567763328552246,0,0,0,0
2036,160141,78,pair_017_n5_017_control,control,1,0,0,12.480000000000002,0.04999999999999999,1100000,9149024,93549,661,5241389,0,0,0,0,0.0,0,0,0,0,0,0,0,0,0,0,0.0,0,0.0,0.005094863020377118,12.301783561706543,0.6539283645375373,4.567763328552246,0,0,0,0
2037,160207,66,pair_000_n3_000_conflict,conflict,1,0,0,12.600000000000001,0.04999999999999999,1100000,9153248,93584,661,5243780,0,0,0,0,0.0,0,0,0,0,0,0,0,0,0,0,0.0,0,0.0,0.005094051019170338,12.301783561706543,0.6538895940014159,4.567763328552246,0,0,0,0
2038,160275,68,pair_012_n3_012_control,control,1,0,0,12.580000000000002,0.04999999999999999,1100000,9157600,93619,661,5246295,0,0,0,0,0.0,0,0,0,0,0,0,0,0,0,0,0.0,0,0.0,0.005095449389724846,12.301783561706543,0.6538425420354073,4.567763328552246,0,0,0,0
2039,160346,71,pair_003_n5_003_control,control,1,0,0,12.55,0.04999999999999999,1100000,9162144,93655,661,5248839,0,0,0,0,0.0,0,0,0,0,0,0,0,0,0,0,0.0,0,0.0,0.005094801539052173,12.301783561706543,0.6538136997031194,4.567763328552246,0,0,0,0
2040,160421,75,pair_016_n3_016_conflict,conflict,1,0,0,12.510000000000002,0.04999999999999999,1100000,9166944,93705,661,5251591,0,0,0,0,0.0,0,0,0,0,0,0,0,0,0,0,0.0,0,0.0,0.005094655137927811,12.301783561706543,0.6538423391775741,4.567763328552246,0,0,0,0
2041,160487,66,pair_000_n5_000_control,control,1,0,0,12.600000000000001,0.04999999999999999,1100000,9171168,93745,661,5253970,0,0,0,0,0.0,0,0,0,0,0,0,0,0,0,0,0.0,0,0.0,0.005093756850526983,12.301783561706543,0.6537150086665947,4.567763328552246,0,0,0,0
2042,160557,70,pair_008_n5_008_conflict,conflict,1,0,0,12.560000000000002,0.04999999999999999,1100000,9175648,93781,661,5256428,0,0,0,0,0.0,0,0,0,0,0,0,0,0,0,0,0.0,0,0.0,0.005091773294285939,12.301783561706543,0.6535551348219139,4.567763328552246,0,0,0,0
2043,160625,68,pair_010_n3_010_conflict,conflict,1,0,0,12.580000000000002,0.04999999999999999,1100000,9180000,93811,661,5258864,0,0,0,0,0.0,0,0,0,0,0,0,0,0,0,0,0.0,0,0.0,0.005090064771071798,12.301783561706543,0.6534454201119361,4.567763328552246,0,0,0,0
2044,160695,70,pair_002_n3_002_control,control,1,0,0,12.560000000000002,0.04999999999999999,1100000,9184480,93842,661,5261403,0,0,0,0,0.0,0,0,0,0,0,0,0,0,0,0,0.0,0,0.0,0.005088146460767498,12.301783561706543,0.6533210435936342,4.567763328552246,0,0,0,0
2045,160769,74,pair_010_n3_010_control,control,1,0,0,12.520000000000001,0.04999999999999999,1100000,9189216,93880,661,5264062,0,0,0,0,0.0,0,0,0,0,0,0,0,0,0,0,0.0,0,0.0,0.005087652161890389,12.301783561706543,0.653227101199674,4.567763328552246,0,0,0,0
2046,160835,66,pair_005_n3_005_conflict,conflict,1,0,0,12.600000000000001,0.04999999999999999,1100000,9193440,93906,661,5266438,0,0,0,0,0.0,0,0,0,0,0,0,0,0,0,0,0.0,0,0.0,0.005086987298638227,12.301783561706543,0.6531237308652765,4.567763328552246,0,0,0,0
2047,160914,79,pair_005_n5_005_control,control,1,0,0,12.470000000000002,0.04999999999999999,1100000,9198496,93945,661,5269325,0,0,0,0,0.0,0,0,0,0,0,0,0,0,0,0,0.0,0,0.0,0.005087554780763329,12.301783561706543,0.6530817505198113,4.567763328552246,0,0,0,0
2048,160985,71,pair_002_n5_002_conflict,conflict,1,0,0,12.55,0.04999999999999999,1100000,9203040,93976,662,5271839,0,0,0,0,0.0,0,0,0,0,0,0,0,0,0,0,0.0,0,0.0,0.005087789052131164,12.301783561706543,0.6529718186797999,4.567763328552246,0,0,0,0
2049,161056,71,pair_002_n5_002_control,control,1,0,0,12.55,0.04999999999999999,1100000,9207584,94019,663,5274408,0,0,0,0,0.0,0,0,0,0,0,0,0,0,0,0,0.0,0,0.0,0.005086812805658399,12.301783561706543,0.6528605629355398,4.567763328552246,0,0,0,0
2050,161125,69,pair_014_n5_014_control,control,1,0,0,12.570000000000002,0.04999999999999999,1100000,9212000,94080,663,5276870,0,0,0,0,0.0,0,0,0,0,0,0,0,0,0,0,0.0,0,0.0,0.005085443484252449,12.301783561706543,0.6529521722889818,4.567763328552246,0,0,0,0
2051,161195,70,pair_005_n5_005_conflict,conflict,1,0,0,12.560000000000002,0.04999999999999999,1100000,9216480,94116,663,5279424,0,0,0,0,0.0,0,0,0,0,0,0,0,0,0,0,0.0,0,0.0,0.005084558440468408,12.301783561706543,0.6529207979690234,4.567763328552246,0,0,0,0
2052,161265,70,pair_014_n3_014_control,control,1,0,0,12.560000000000002,0.04999999999999999,1100000,9220960,94169,663,5282002,0,0,0,0,0.0,0,0,0,0,0,0,0,0,0,0,0.0,0,0.0,0.005082743029600462,12.301783561706543,0.6528064653159759,4.567763328552246,0,0,0,0
2053,161339,74,pair_008_n5_008_control,control,1,0,0,12.520000000000001,0.04999999999999999,1100000,9225696,94219,664,5284711,0,0,0,0,0.0,0,0,0,0,0,0,0,0,0,0,0.0,0,0.0,0.005080795510900609,12.301783561706543,0.6527047315043732,4.567763328552246,0,0,0,0
2054,161418,79,pair_007_n5_007_conflict,conflict,1,0,0,12.470000000000002,0.04999999999999999,1100000,9230752,94269,666,5287625,0,0,0,0,0.0,0,0,0,0,0,0,0,0,0,0,0.0,0,0.0,0.00507980205276421,12.301783561706543,0.6526088711394405,4.567763328552246,0,0,0,0
2055,161486,68,pair_011_n5_011_control,control,1,0,0,12.580000000000002,0.04999999999999999,1100000,9235104,94322,666,5290160,0,0,0,0,0.0,0,0,0,0,0,0,0,0,0,0,0.0,0,0.0,0.0050779659369742025,12.301783561706543,0.6524935715893225,4.567763328552246,0,0,0,0
2056,161554,68,pair_017_n3_017_conflict,conflict,1,0,0,12.580000000000002,0.04999999999999999,1100000,9239456,94358,667,5292676,0,0,0,0,0.0,0,0,0,0,0,0,0,0,0,0,0.0,0,0.0,0.005076084093592408,12.301783561706543,0.6523622418125097,4.567763328552246,0,0,0,0
2057,161626,72,pair_016_n3_016_control,control,1,0,0,12.540000000000001,0.04999999999999999,1100000,9244064,94406,667,5295300,0,0,0,0,0.0,0,0,0,0,0,0,0,0,0,0,0.0,0,0.0,0.00507421982771386,12.301783561706543,0.6523176041324916,4.567763328552246,0,0,0,0
2058,161697,71,pair_004_n5_004_control,control,1,0,0,12.55,0.04999999999999999,1100000,9248608,94453,667,5297944,0,0,0,0,0.0,0,0,0,0,0,0,0,0,0,0,0.0,0,0.0,0.005073208457984468,12.301783561706543,0.6521751881968001,4.567763328552246,0,0,0,0
2059,161765,68,pair_004_n3_004_conflict,conflict,1,0,0,12.580000000000002,0.04999999999999999,1100000,9252960,94474,667,5300457,0,0,0,0,0.0,0,0,0,0,0,0,0,0,0,0,0.0,0,0.0,0.005072561531296705,12.301783561706543,0.652113332998719,4.567763328552246,0,0,0,0
2060,161840,75,pair_016_n5_016_conflict,conflict,1,0,0,12.510000000000002,0.04999999999999999,1100000,9257760,94536,667,5303261,0,0,0,0,0.0,0,0,0,0,0,0,0,0,0,0,0.0,0,0.0,0.005070687818501445,12.301783561706543,0.6521044803964855,4.567763328552246,0,0,0,0
2061,161908,68,pair_001_n5_001_conflict,conflict,1,0,0,12.580000000000002,0.04999999999999999,1100000,9262112,94583,667,5305725,0,0,0,0,0.0,0,0,0,0,0,0,0,0,0,0,0.0,0,0.0,0.005069720909602423,12.301783561706543,0.6520349634441475,4.567763328552246,0,0,0,0
2062,161979,71,pair_017_n5_017_conflict,conflict,1,0,0,12.55,0.04999999999999999,1100000,9266656,94634,667,5308364,0,0,0,0,0.0,0,0,0,0,0,0,0,0,0,0,0.0,0,0.0,0.0050677346456227115,12.301783561706543,0.6518803492801378,4.567763328552246,0,0,0,0
2063,162047,68,pair_003_n3_003_control,control,1,0,0,12.580000000000002,0.04999999999999999,1100000,9271008,94670,667,5310879,0,0,0,0,0.0,0,0,0,0,0,0,0,0,0,0,0.0,0,0.0,0.00506685507526663,12.301783561706543,0.651737071192135,4.567763328552246,0,0,0,0
2064,162119,72,pair_015_n5_015_control,control,1,0,0,12.540000000000003,0.04999999999999999,1100000,9275616,94716,667,5313508,0,0,0,0,0.0,0,0,0,0,0,0,0,0,0,0,0.0,0,0.0,0.005064953717473838,12.301783561706543,0.6515959493753064,4.567763328552246,0,0,0,0
2065,162191,72,pair_006_n3_006_control,control,1,0,0,12.540000000000001,0.04999999999999999,1100000,9280224,94765,667,5316205,0,0,0,0,0.0,0,0,0,0,0,0,0,0,0,0,0.0,0,0.0,0.005063893570224245,12.301783561706543,0.6514825594664541,4.567763328552246,0,0,0,0
2066,162261,70,pair_007_n5_007_control,control,1,0,0,12.560000000000002,0.04999999999999999,1100000,9284704,94811,667,5318782,0,0,0,0,0.0,0,0,0,0,0,0,0,0,0,0,0.0,0,0.0,0.005062843687215856,12.301783561706543,0.6513615765810292,4.567763328552246,0,0,0,0
2067,162336,75,pair_006_n5_006_conflict,conflict,1,0,0,12.510000000000002,0.04999999999999999,1100000,9289504,94870,667,5321551,0,0,0,0,0.0,0,0,0,0,0,0,0,0,0,0,0.0,0,0.0,0.005061657142813019,12.301783561706543,0.6512077989169622,4.567763328552246,0,0,0,0
2068,162403,67,pair_011_n3_011_conflict,conflict,1,0,0,12.590000000000002,0.04999999999999999,1100000,9293792,94895,667,5324028,0,0,0,0,0.0,0,0,0,0,0,0,0,0,0,0,0.0,0,0.0,0.0050598092851155884,12.301783561706543,0.6510896851910477,4.567763328552246,0,0,0,0
2069,162477,74,pair_013_n3_013_control,control,1,0,0,12.520000000000001,0.04999999999999999,1100000,9298528,94948,667,5326820,0,0,0,0,0.0,0,0,0,0,0,0,0,0,0,0,0.0,0,0.0,0.005060290032335642,12.301783561706543,0.6509501736335612,4.567763328552246,0,0,0,0
2070,162549,72,pair_005_n3_005_control,control,1,0,0,12.540000000000003,0.04999999999999999,1100000,9303136,94978,667,5329487,0,0,0,0,0.0,0,0,0,0,0,0,0,0,0,0,0.0,0,0.0,0.00505836455541036,12.301783561706543,0.6507896458725541,4.567763328552246,0,0,0,0
2071,162617,68,pair_008_n3_008_conflict,conflict,1,0,0,12.580000000000002,0.04999999999999999,1100000,9307488,95007,667,5331997,0,0,0,0,0.0,0,0,0,0,0,0,0,0,0,0,0.0,0,0.0,0.005056443820103652,12.301783561706543,0.6506451275971378,4.567763328552246,0,0,0,0
2072,162683,66,pair_016_n5_016_control,control,1,0,0,12.600000000000001,0.04999999999999999,1100000,9311712,95058,667,5334487,0,0,0,0,0.0,0,0,0,0,0,0,0,0,0,0,0.0,0,0.0,0.005054624460886967,12.301783561706543,0.6505167482591377,4.567763328552246,0,0,0,0
2073,162749,66,pair_008_n3_008_control,control,1,0,0,12.600000000000001,0.04999999999999999,1100000,9315936,95086,667,5336945,0,0,0,0,0.0,0,0,0,0,0,0,0,0,0,0,0.0,0,0.0,0.005052738982473264,12.301783561706543,0.6503866408984548,4.567763328552246,0,0,0,0
2074,162819,70,pair_009_n5_009_conflict,conflict,1,0,0,12.560000000000002,0.04999999999999999,1100000,9320416,95142,669,5339522,0,0,0,0,0.0,0,0,0,0,0,0,0,0,0,0,0.0,0,0.0,0.005050780801539791,12.301783561706543,0.6502293246630856,4.567763328552246,0,0,0,0
2075,162893,74,pair_004_n5_004_conflict,conflict,1,0,0,12.520000000000001,0.04999999999999999,1100000,9325152,95178,670,5342290,0,0,0,0,0.0,0,0,0,0,0,0,0,0,0,0,0.0,0,0.0,0.005048668425150035,12.301783561706543,0.650034706777481,4.567763328552246,0,0,0,0
2076,162971,78,pair_012_n5_012_conflict,conflict,1,0,0,12.48,0.04999999999999999,1100000,9330144,95228,670,5345199,0,0,0,0,0.0,0,0,0,0,0,0,0,0,0,0,0.0,0,0.0,0.005046611115025501,12.301783561706543,0.6499136235910078,4.567763328552246,0,0,0,0
2077,163039,68,pair_007_n3_007_control,control,1,0,0,12.580000000000002,0.04999999999999999,1100000,9334496,95280,670,5347744,0,0,0,0,0.0,0,0,0,0,0,0,0,0,0,0,0.0,0,0.0,0.005044699053009075,12.301783561706543,0.6497303700703109,4.567763328552246,0,0,0,0
2078,163112,73,pair_014_n3_014_conflict,conflict,1,0,0,12.530000000000001,0.04999999999999999,1100000,9339168,95309,671,5350450,0,0,0,0,0.0,0,0,0,0,0,0,0,0,0,0,0.0,0,0.0,0.005042673928950357,12.301783561706543,0.6496411337263702,4.567763328552246,0,0,0,0
2079,163182,70,pair_015_n3_015_conflict,conflict,1,0,0,12.560000000000002,0.04999999999999999,1100000,9343648,95351,672,5353080,0,0,0,0,0.0,0,0,0,0,0,0,0,0,0,0,0.0,0,0.0,0.0050406846767686985,12.301783561706543,0.6495215669192546,4.567763328552246,0,0,0,0
2080,163252,70,pair_000_n3_000_control,control,1,0,0,12.560000000000002,0.04999999999999999,1100000,9348128,95389,672,5355658,0,0,0,0,0.0,0,0,0,0,0,0,0,0,0,0,0.0,0,0.0,0.005038693326419614,12.301783561706543,0.6494206812723655,4.567763328552246,0,0,0,0
2081,163321,69,pair_011_n5_011_conflict,conflict,1,0,0,12.570000000000002,0.04999999999999999,1100000,9352544,95424,672,5358182,0,0,0,0,0.0,0,0,0,0,0,0,0,0,0,0,0.0,0,0.0,0.005036823503983817,12.301783561706543,0.6492925742100731,4.567763328552246,0,0,0,0
2082,163392,71,pair_013_n3_013_conflict,conflict,1,0,0,12.55,0.04999999999999999,1100000,9357088,95474,672,5360765,0,0,0,0,0.0,0,0,0,0,0,0,0,0,0,0,0.0,0,0.0,0.005034801398220462,12.301783561706543,0.6491265128063196,4.567763328552246,0,0,0,0
2083,163462,70,pair_010_n5_010_conflict,conflict,1,0,0,12.560000000000002,0.04999999999999999,1100000,9361568,95516,672,5363287,0,0,0,0,0.0,0,0,0,0,0,0,0,0,0,0,0.0,0,0.0,0.005032793336589005,12.301783561706543,0.648977655257375,4.567763328552246,0,0,0,0
2084,163534,72,pair_017_n3_017_control,control,1,0,0,12.540000000000001,0.04999999999999999,1100000,9366176,95548,672,5365913,0,0,0,0,0.0,0,0,0,0,0,0,0,0,0,0,0.0,0,0.0,0.005030710845721086,12.301783561706543,0.6488033145585504,4.567763328552246,0,0,0,0
2085,163602,68,pair_013_n5_013_conflict,conflict,1,0,0,12.580000000000002,0.04999999999999999,1100000,9370528,95603,672,5368473,0,0,0,0,0.0,0,0,0,0,0,0,0,0,0,0,0.0,0,0.0,0.0050287740710342225,12.301783561706543,0.6486701767819258,4.567763328552246,0,0,0,0
2086,163673,71,pair_004_n3_004_control,control,1,0,0,12.55,0.04999999999999999,1100000,9375072,95643,672,5371108,0,0,0,0,0.0,0,0,0,0,0,0,0,0,0,0,0.0,0,0.0,0.00502680647452685,12.301783561706543,0.6485691760150726,4.567763328552246,0,0,0,0
2087,163679,6,pair_009_n5_009_control,control,0,1,0,-0.8,0.04999999999999999,1100000,9375456,95649,672,5371329,0,0,0,0,0.0,0,0,0,0,0,0,0,0,0,0,0.0,0,0.0,0.0050266620698878745,12.301783561706543,0.6485495377362106,4.567763328552246,0,0,0,0
2088,163750,71,pair_014_n5_014_control,control,1,0,0,12.55,0.04999999999999999,1100000,9380000,95685,672,5374006,0,0,0,0,0.0,0,0,0,0,0,0,0,0,0,0,0.0,0,0.0,0.005025220189524952,12.301783561706543,0.6484364643787268,4.567763328552246,0,0,0,0
2089,163822,72,pair_003_n5_003_conflict,conflict,1,0,0,12.540000000000003,0.04999999999999999,1100000,9384608,95728,675,5376684,0,0,0,0,0.0,0,0,0,0,0,0,0,0,0,0,0.0,0,0.0,0.005023520945490384,12.301783561706543,0.6482938055457258,4.567763328552246,0,0,0,0
2090,163892,70,pair_003_n5_003_control,control,1,0,0,12.560000000000002,0.04999999999999999,1100000,9389088,95776,675,5379293,0,0,0,0,0.0,0,0,0,0,0,0,0,0,0,0,0.0,0,0.0,0.005021768957481236,12.301783561706543,0.648215131734614,4.567763328552246,0,0,0,0
2091,163961,69,pair_015_n3_015_control,control,1,0,0,12.570000000000002,0.04999999999999999,1100000,9393504,95820,675,5381892,0,0,0,0,0.0,0,0,0,0,0,0,0,0,0,0,0.0,0,0.0,0.00501985661973641,12.301783561706543,0.6480885981272339,4.567763328552246,0,0,0,0
2092,164031,70,pair_006_n5_006_conflict,conflict,1,0,0,12.560000000000002,0.04999999999999999,1100000,9397984,95874,676,5384512,0,0,0,0,0.0,0,0,0,0,0,0,0,0,0,0,0.0,0,0.0,0.005017893039327546,12.301783561706543,0.6479297360518392,4.567763328552246,0,0,0,0
2093,164099,68,pair_001_n3_001_control,control,0,1,0,1.3800000000000012,0.04999999999999999,1100000,9402336,95904,677,5387078,0,0,0,0,0.0,0,0,0,0,0,0,0,0,0,0,0.0,0,0.0,0.005016124689415734,12.301783561706543,0.6478103031757466,4.567763328552246,0,0,0,0
2094,164166,67,pair_000_n3_000_conflict,conflict,1,0,0,12.590000000000002,0.04999999999999999,1100000,9406624,95934,677,5389554,0,0,0,0,0.0,0,0,0,0,0,0,0,0,0,0,0.0,0,0.0,0.005015251764370085,12.301783561706543,0.6477151051246024,4.567763328552246,0,0,0,0
2095,164236,70,pair_010_n3_010_control,control,1,0,0,12.560000000000002,0.04999999999999999,1100000,9411104,95958,679,5392164,0,0,0,0,0.0,0,0,0,0,0,0,0,0,0,0,0.0,0,0.0,0.005013394671454839,12.301783561706543,0.6476228189821229,4.567763328552246,0,0,0,0
2096,164312,76,pair_002_n3_002_control,control,1,0,0,12.500000000000002,0.04999999999999999,1100000,9415968,95993,679,5394967,0,0,0,0,0.0,0,0,0,0,0,0,0,0,0,0,0.0,0,0.0,0.005012251721616802,12.301783561706543,0.6475027619900153,4.567763328552246,0,0,0,0
2097,164381,69,pair_011_n3_011_conflict,conflict,1,0,0,12.570000000000002,0.04999999999999999,1100000,9420384,96026,679,5397573,0,0,0,0,0.0,0,0,0,0,0,0,0,0,0,0,0.0,0,0.0,0.00501038017964477,12.301783561706543,0.6474044774210118,4.567763328552246,0,0,0,0
2098,164385,4,pair_005_n3_005_conflict,conflict,0,1,0,-0.9299999999999999,0.04999999999999999,1100000,9420640,96030,679,5397727,0,0,0,0,0.0,0,0,0,0,0,0,0,0,0,0,0.0,0,0.0,0.0050102929909564995,12.301783561706543,0.647404936491164,4.567763328552246,0,0,0,0
2099,164455,70,pair_011_n3_011_control,control,1,0,0,12.560000000000002,0.04999999999999999,1100000,9425120,96063,679,5400308,0,0,0,0,0.0,0,0,0,0,0,0,0,0,0,0,0.0,0,0.0,0.005009234496301904,12.301783561706543,0.6472744726244309,4.567763328552246,0,0,0,0
2100,164522,67,pair_003_n3_003_control,control,1,0,0,12.590000000000002,0.04999999999999999,1100000,9429408,96092,679,5402845,0,0,0,0,0.0,0,0,0,0,0,0,0,0,0,0,0.0,0,0.0,0.005007497566866902,12.301783561706543,0.6471843672758923,4.567763328552246,0,0,0,0
2101,164598,76,pair_015_n5_015_control,control,1,0,0,12.500000000000002,0.04999999999999999,1100000,9434272,96150,680,5405700,0,0,0,0,0.0,0,0,0,0,0,0,0,0,0,0,0.0,0,0.0,0.00500546490161107,12.301783561706543,0.6470323315454701,4.567763328552246,0,0,0,0
2102,164667,69,pair_009_n5_009_control,control,1,0,0,12.570000000000002,0.04999999999999999,1100000,9438688,96196,682,5408293,0,0,0,0,0.0,0,0,0,0,0,0,0,0,0,0,0.0,0,0.0,0.005005634976080451,12.301783561706543,0.6469477705390393,4.567763328552246,0,0,0,0
2103,164736,69,pair_014_n3_014_conflict,conflict,1,0,0,12.570000000000002,0.04999999999999999,1100000,9443104,96220,682,5410822,0,0,0,0,0.0,0,0,0,0,0,0,0,0,0,0,0.0,0,0.0,0.005003765922462227,12.301783561706543,0.6468694721720444,4.567763328552246,0,0,0,0
2104,164798,62,pair_005_n3_005_control,control,0,1,0,1.4400000000000013,0.04999999999999999,1100000,9447072,96241,682,5413069,0,0,0,0,0.0,0,0,0,0,0,0,0,0,0,0,0.0,0,0.0,0.00500204159824119,12.301783561706543,0.6468304225278633,4.567763328552246,0,0,0,0
2105,164871,73,pair_013_n3_013_conflict,conflict,1,0,0,12.530000000000001,0.04999999999999999,1100000,9451744,96265,682,5415671,0,0,0,0,0.0,0,0,0,0,0,0,0,0,0,0,0.0,0,0.0,0.005000032387200933,12.301783561706543,0.6467779951579613,4.567763328552246,0,0,0,0
2106,164941,70,pair_010_n3_010_conflict,conflict,1,0,0,12.560000000000002,0.04999999999999999,1100000,9456224,96298,682,5418264,0,0,0,0,0.0,0,0,0,0,0,0,0,0,0,0,0.0,0,0.0,0.004998426608635396,12.301783561706543,0.6466503488055232,4.567763328552246,0,0,0,0
2107,165011,70,pair_016_n3_016_control,control,1,0,0,12.560000000000002,0.04999999999999999,1100000,9460704,96342,682,5420808,0,0,0,0,0.0,0,0,0,0,0,0,0,0,0,0,0.0,0,0.0,0.004997386943716837,12.301783561706543,0.6465390296426419,4.567763328552246,0,0,0,0
2108,165078,67,pair_013_n5_013_conflict,conflict,1,0,0,12.590000000000002,0.04999999999999999,1100000,9464992,96387,682,5423299,0,0,0,0,0.0,0,0,0,0,0,0,0,0,0,0,0.0,0,0.0,0.0049954923282881526,12.301783561706543,0.6463683309393635,4.567763328552246,0,0,0,0
2109,165148,70,pair_008_n5_008_conflict,conflict,1,0,0,12.560000000000002,0.04999999999999999,1100000,9469472,96427,682,5425845,0,0,0,0,0.0,0,0,0,0,0,0,0,0,0,0,0.0,0,0.0,0.004993590690702565,12.301783561706543,0.6462111737208649,4.567763328552246,0,0,0,0
2110,165215,67,pair_008_n5_008_control,control,1,0,0,12.590000000000002,0.04999999999999999,1100000,9473760,96467,682,5428325,0,0,0,0,0.0,0,0,0,0,0,0,0,0,0,0,0.0,0,0.0,0.004992694819463134,12.301783561706543,0.6460795301913352,4.567763328552246,0,0,0,0
2111,165289,74,pair_000_n5_000_conflict,conflict,1,0,0,12.520000000000001,0.04999999999999999,1100000,9478496,96504,682,5431059,0,0,0,0,0.0,0,0,0,0,0,0,0,0,0,0,0.0,0,0.0,0.00499060126535127,12.301783561706543,0.6458812730033355,4.567763328552246,0,0,0,0
2112,165357,68,pair_004_n3_004_conflict,conflict,1,0,0,12.580000000000002,0.04999999999999999,1100000,9482848,96545,682,5433545,0,0,0,0,0.0,0,0,0,0,0,0,0,0,0,0,0.0,0,0.0,0.004988925684544844,12.301783561706543,0.6457534388964793,4.567763328552246,0,0,0,0
2113,165430,73,pair_016_n5_016_control,control,1,0,0,12.530000000000001,0.04999999999999999,1100000,9487520,96596,682,5436221,0,0,0,0,0.0,0,0,0,0,0,0,0,0,0,0,0.0,0,0.0,0.004988420631174131,12.301783561706543,0.6456030149282467,4.567763328552246,0,0,0,0
2114,165502,72,pair_004_n5_004_conflict,conflict,1,0,0,12.540000000000003,0.04999999999999999,1100000,9492128,96637,682,5438895,0,0,0,0,0.0,0,0,0,0,0,0,0,0,0,0,0.0,0,0.0,0.004986459129867311,12.301783561706543,0.6454220551400731,4.567763328552246,0,0,0,0
2115,165574,72,pair_017_n5_017_conflict,conflict,1,0,0,12.540000000000001,0.04999999999999999,1100000,9496736,96683,683,5441618,0,0,0,0,0.0,0,0,0,0,0,0,0,0,0,0,0.0,0,0.0,0.004985910111217608,12.301783561706543,0.6453561091793358,4.567763328552246,0,0,0,0
2116,165646,72,pair_007_n5_007_control,control,1,0,0,12.540000000000001,0.04999999999999999,1100000,9501344,96742,683,5444344,0,0,0,0,0.0,0,0,0,0,0,0,0,0,0,0,0.0,0,0.0,0.004984672134440132,12.301783561706543,0.6453374106407597,4.567763328552246,0,0,0,0
2117,165714,68,pair_002_n5_002_control,control,1,0,0,12.580000000000002,0.04999999999999999,1100000,9505696,96774,683,5446855,0,0,0,0,0.0,0,0,0,0,0,0,0,0,0,0,0.0,0,0.0,0.004983004430651926,12.301783561706543,0.6452994885234834,4.567763328552246,0,0,0,0
2118,165781,67,pair_010_n5_010_control,control,1,0,0,12.590000000000002,0.04999999999999999,1100000,9509984,96806,683,5449270,0,0,0,0,0.0,0,0,0,0,0,0,0,0,0,0,0.0,0,0.0,0.004982163396096603,12.301783561706543,0.6452918078092821,4.567763328552246,0,0,0,0
2119,165851,70,pair_000_n5_000_control,control,1,0,0,12.560000000000002,0.04999999999999999,1100000,9514464,96847,683,5451831,0,0,0,0,0.0,0,0,0,0,0,0,0,0,0,0,0.0,0,0.0,0.004980610834459708,12.301783561706543,0.6451936674820908,4.567763328552246,0,0,0,0
2120,165920,69,pair_017_n5_017_control,control,1,0,0,12.570000000000002,0.04999999999999999,1100000,9518880,96887,683,5454415,0,0,0,0,0.0,0,0,0,0,0,0,0,0,0,0,0.0,0,0.0,0.0049791062461826486,12.301783561706543,0.6450845778993737,4.567763328552246,0,0,0,0
2121,165990,70,pair_004_n3_004_control,control,1,0,0,12.560000000000002,0.04999999999999999,1100000,9523360,96920,683,5457036,0,0,0,0,0.0,0,0,0,0,0,0,0,0,0,0,0.0,0,0.0,0.004977648675829628,12.301783561706543,0.6450480282612231,4.567763328552246,0,0,0,0
2122,166058,68,pair_007_n3_007_conflict,conflict,1,0,0,12.580000000000002,0.04999999999999999,1100000,9527712,96939,683,5459585,0,0,0,0,0.0,0,0,0,0,0,0,0,0,0,0,0.0,0,0.0,0.004975943127581932,12.301783561706543,0.6449092238640173,4.567763328552246,0,0,0,0
2123,166128,70,pair_017_n3_017_conflict,conflict,1,0,0,12.560000000000002,0.04999999999999999,1100000,9532192,96973,683,5462224,0,0,0,0,0.0,0,0,0,0,0,0,0,0,0,0,0.0,0,0.0,0.004974303293915967,12.301783561706543,0.6447886225912709,4.567763328552246,0,0,0,0
2124,166204,76,pair_013_n5_013_control,control,1,0,0,12.500000000000002,0.04999999999999999,1100000,9537056,97040,684,5465037,0,0,0,0,0.0,0,0,0,0,0,0,0,0,0,0,0.0,0,0.0,0.004972626026126431,12.301783561706543,0.6446909491671883,4.567763328552246,0,0,0,0
2125,166274,70,pair_009_n5_009_conflict,conflict,1,0,0,12.560000000000002,0.04999999999999999,1100000,9541536,97083,686,5467609,0,0,0,0,0.0,0,0,0,0,0,0,0,0,0,0,0.0,0,0.0,0.004970882802202342,12.301783561706543,0.6446293517027883,4.567763328552246,0,0,0,0
2126,166350,76,pair_001_n3_001_conflict,conflict,1,0,0,12.500000000000002,0.04999999999999999,1100000,9546400,97115,686,5470394,0,0,0,0,0.0,0,0,0,0,0,0,0,0,0,0,0.0,0,0.0,0.004969030981622985,12.301783561706543,0.6445514732437292,4.567763328552246,0,0,0,0
2127,166425,75,pair_002_n5_002_conflict,conflict,1,0,0,12.510000000000002,0.04999999999999999,1100000,9551200,97153,690,5473178,0,0,0,0,0.0,0,0,0,0,0,0,0,0,0,0,0.0,0,0.0,0.0049671860719225904,12.301783561706543,0.6444364954765499,4.567763328552246,0,0,0,0
2128,166493,68,pair_006_n5_006_control,control,1,0,0,12.580000000000002,0.04999999999999999,1100000,9555552,97194,690,5475715,0,0,0,0,0.0,0,0,0,0,0,0,0,0,0,0,0.0,0,0.0,0.004965431417737663,12.301783561706543,0.644330367726445,4.567763328552246,0,0,0,0
2129,166563,70,pair_017_n3_017_control,control,1,0,0,12.560000000000002,0.04999999999999999,1100000,9560032,97224,691,5478357,0,0,0,0,0.0,0,0,0,0,0,0,0,0,0,0,0.0,0,0.0,0.0049636011301849815,12.301783561706543,0.6442800130684134,4.567763328552246,0,0,0,0
2130,166631,68,pair_012_n3_012_conflict,conflict,1,0,0,12.580000000000002,0.04999999999999999,1100000,9564384,97256,691,5480861,0,0,0,0,0.0,0,0,0,0,0,0,0,0,0,0,0.0,0,0.0,0.004961864099686195,12.301783561706543,0.6441426893684384,4.567763328552246,0,0,0,0
2131,166702,71,pair_007_n5_007_conflict,conflict,1,0,0,12.55,0.04999999999999999,1100000,9568928,97313,692,5483437,0,0,0,0,0.0,0,0,0,0,0,0,0,0,0,0,0.0,0,0.0,0.00496010720890249,12.301783561706543,0.6440098141790455,4.567763328552246,0,0,0,0
2132,166768,66,pair_006_n3_006_conflict,conflict,1,0,0,12.600000000000001,0.04999999999999999,1100000,9573152,97348,692,5485873,0,0,0,0,0.0,0,0,0,0,0,0,0,0,0,0,0.0,0,0.0,0.004958461243092127,12.301783561706543,0.6438751220156342,4.567763328552246,0,0,0,0
2133,166839,71,pair_003_n3_003_conflict,conflict,1,0,0,12.55,0.04999999999999999,1100000,9577696,97366,692,5488471,0,0,0,0,0.0,0,0,0,0,0,0,0,0,0,0,0.0,0,0.0,0.00495658427141808,12.301783561706543,0.6437771271806497,4.567763328552246,0,0,0,0
2134,166905,66,pair_001_n5_001_conflict,conflict,1,0,0,12.600000000000001,0.04999999999999999,1100000,9581920,97399,692,5490880,0,0,0,0,0.0,0,0,0,0,0,0,0,0,0,0,0.0,0,0.0,0.0049548534363780695,12.301783561706543,0.643692172774239,4.567763328552246,0,0,0,0
2135,166976,71,pair_015_n5_015_conflict,conflict,1,0,0,12.55,0.04999999999999999,1100000,9586464,97449,692,5493500,0,0,0,0,0.0,0,0,0,0,0,0,0,0,0,0,0.0,0,0.0,0.004952981797594175,12.301783561706543,0.6436502922629089,4.567763328552246,0,0,0,0
2136,167044,68,pair_004_n5_004_control,control,1,0,0,12.580000000000002,0.04999999999999999,1100000,9590816,97491,692,5495992,0,0,0,0,0.0,0,0,0,0,0,0,0,0,0,0,0.0,0,0.0,0.004951142716481985,12.301783561706543,0.6434739699785496,4.567763328552246,0,0,0,0
2137,167112,68,pair_005_n5_005_conflict,conflict,1,0,0,12.580000000000002,0.04999999999999999,1100000,9595168,97531,692,5498449,0,0,0,0,0.0,0,0,0,0,0,0,0,0,0,0,0.0,0,0.0,0.004949334746568572,12.301783561706543,0.6433545134537463,4.567763328552246,0,0,0,0
2138,167179,67,pair_010_n5_010_conflict,conflict,1,0,0,12.590000000000002,0.04999999999999999,1100000,9599456,97563,692,5500902,0,0,0,0,0.0,0,0,0,0,0,0,0,0,0,0,0.0,0,0.0,0.0049475069385045145,12.301783561706543,0.6432111735910476,4.567763328552246,0,0,0,0
2139,167246,67,pair_011_n5_011_control,control,1,0,0,12.590000000000002,0.04999999999999999,1100000,9603744,97601,692,5503350,0,0,0,0,0.0,0,0,0,0,0,0,0,0,0,0,0.0,0,0.0,0.004945661609885434,12.301783561706543,0.6430430868353259,4.567763328552246,0,0,0,0
2140,167317,71,pair_008_n3_008_control,control,1,0,0,12.55,0.04999999999999999,1100000,9608288,97623,692,5505938,0,0,0,0,0.0,0,0,0,0,0,0,0,0,0,0,0.0,0,0.0,0.004943701198157384,12.301783561706543,0.6428784590158417,4.567763328552246,0,0,0,0
2141,167385,68,pair_006_n3_006_control,control,1,0,0,12.580000000000002,0.04999999999999999,1100000,9612640,97667,692,5508396,0,0,0,0,0.0,0,0,0,0,0,0,0,0,0,0,0.0,0,0.0,0.0049418636560285365,12.301783561706543,0.6427596071857876,4.567763328552246,0,0,0,0
2142,167453,68,pair_005_n5_005_control,control,1,0,0,12.580000000000002,0.04999999999999999,1100000,9616992,97710,692,5510926,0,0,0,0,0.0,0,0,0,0,0,0,0,0,0,0,0.0,0,0.0,0.004940027084842998,12.301783561706543,0.6426667303546314,4.567763328552246,0,0,0,0
2143,167524,71,pair_013_n3_013_control,control,1,0,0,12.55,0.04999999999999999,1100000,9621536,97756,692,5513509,0,0,0,0,0.0,0,0,0,0,0,0,0,0,0,0,0.0,0,0.0,0.004938119254759719,12.301783561706543,0.6425876288510004,4.567763328552246,0,0,0,0
2144,167591,67,pair_008_n3_008_conflict,conflict,1,0,0,12.590000000000002,0.04999999999999999,1100000,9625824,97781,692,5515955,0,0,0,0,0.0,0,0,0,0,0,0,0,0,0,0,0.0,0,0.0,0.004936348924907034,12.301783561706543,0.6424458286703206,4.567763328552246,0,0,0,0
2145,167661,70,pair_016_n5_016_conflict,conflict,1,0,0,12.560000000000002,0.04999999999999999,1100000,9630304,97826,692,5518537,0,0,0,0,0.0,0,0,0,0,0,0,0,0,0,0,0.0,0,0.0,0.004934535195225213,12.301783561706543,0.642346734591707,4.567763328552246,0,0,0,0
2146,167731,70,pair_014_n5_014_conflict,conflict,1,0,0,12.560000000000002,0.04999999999999999,1100000,9634784,97855,692,5521095,0,0,0,0,0.0,0,0,0,0,0,0,0,0,0,0,0.0,0,0.0,0.0049328483765884975,12.301783561706543,0.6422818050764056,4.567763328552246,0,0,0,0
2147,167802,71,pair_002_n3_002_conflict,conflict,1,0,0,12.55,0.04999999999999999,1100000,9639328,97883,693,5523624,0,0,0,0,0.0,0,0,0,0,0,0,0,0,0,0,0.0,0,0.0,0.004930917189337795,12.301783561706543,0.64216417486805,4.567763328552246,0,0,0,0
2148,167872,70,pair_012_n5_012_control,control,1,0,0,12.560000000000002,0.04999999999999999,1100000,9643808,97925,693,5526251,0,0,0,0,0.0,0,0,0,0,0,0,0,0,0,0,0.0,0,0.0,0.004929061999794172,12.301783561706543,0.6420445453012451,4.567763328552246,0,0,0,0
2149,167946,74,pair_009_n3_009_conflict,conflict,1,0,0,12.520000000000001,0.04999999999999999,1100000,9648544,97968,693,5528909,0,0,0,0,0.0,0,0,0,0,0,0,0,0,0,0,0.0,0,0.0,0.004927042806900359,12.301783561706543,0.6418532806008624,4.567763328552246,0,0,0,0
2150,167951,5,pair_015_n3_015_conflict,conflict,0,1,0,-0.94,0.04999999999999999,1100000,9648864,97973,694,5529095,0,0,0,0,0.0,0,0,0,0,0,0,0,0,0,0,0.0,0,0.0,0.004926904478101885,12.301783561706543,0.641842869933835,4.567763328552246,0,0,0,0
2151,168020,69,pair_009_n3_009_control,control,1,0,0,12.570000000000002,0.04999999999999999,1100000,9653280,98013,694,5531617,0,0,0,0,0.0,0,0,0,0,0,0,0,0,0,0,0.0,0,0.0,0.004925013501877069,12.301783561706543,0.6416770584900762,4.567763328552246,0,0,0,0
2152,168089,69,pair_011_n5_011_conflict,conflict,1,0,0,12.570000000000002,0.04999999999999999,1100000,9657696,98047,694,5534078,0,0,0,0,0.0,0,0,0,0,0,0,0,0,0,0,0.0,0,0.0,0.00492314122210397,12.301783561706543,0.6415532083897293,4.567763328552246,0,0,0,0
2153,168160,71,pair_001_n5_001_control,control,1,0,0,12.55,0.04999999999999999,1100000,9662240,98086,694,5536648,0,0,0,0,0.0,0,0,0,0,0,0,0,0,0,0,0.0,0,0.0,0.004921183217162134,12.301783561706543,0.6413966996100858,4.567763328552246,0,0,0,0
2154,168228,68,pair_014_n3_014_control,control,1,0,0,12.580000000000002,0.04999999999999999,1100000,9666592,98141,694,5539108,0,0,0,0,0.0,0,0,0,0,0,0,0,0,0,0,0.0,0,0.0,0.004919437032667632,12.301783561706543,0.6412676286131886,4.567763328552246,0,0,0,0
2155,168300,72,pair_016_n3_016_conflict,conflict,1,0,0,12.540000000000001,0.04999999999999999,1100000,9671200,98176,694,5541736,0,0,0,0,0.0,0,0,0,0,0,0,0,0,0,0,0.0,0,0.0,0.004917580952270234,12.301783561706543,0.6411298772993216,4.567763328552246,0,0,0,0
2156,168372,72,pair_012_n3_012_control,control,1,0,0,12.540000000000001,0.04999999999999999,1100000,9675808,98208,694,5544356,0,0,0,0,0.0,0,0,0,0,0,0,0,0,0,0,0.0,0,0.0,0.004915840387281866,12.301783561706543,0.6410050517771289,4.567763328552246,0,0,0,0
2157,168440,68,pair_007_n3_007_control,control,1,0,0,12.580000000000002,0.04999999999999999,1100000,9680160,98259,694,5546853,0,0,0,0,0.0,0,0,0,0,0,0,0,0,0,0,0.0,0,0.0,0.004913976619108797,12.301783561706543,0.6408497697496862,4.567763328552246,0,0,0,0
2158,168508,68,pair_012_n5_012_conflict,conflict,1,0,0,12.580000000000002,0.04999999999999999,1100000,9684512,98298,694,5549291,0,0,0,0,0.0,0,0,0,0,0,0,0,0,0,0,0.0,0,0.0,0.004912229738381538,12.301783561706543,0.640730006197786,4.567763328552246,0,0,0,0
2159,168574,66,pair_000_n3_000_control,control,1,0,0,12.600000000000001,0.04999999999999999,1100000,9688736,98329,694,5551667,0,0,0,0,0.0,0,0,0,0,0,0,0,0,0,0,0.0,0,0.0,0.004910448781268562,12.301783561706543,0.640589819101644,4.567763328552246,0,0,0,0
2160,168646,72,pair_011_n3_011_conflict,conflict,1,0,0,12.540000000000001,0.04999999999999999,1100000,9693344,98363,696,5554221,0,0,0,0,0.0,0,0,0,0,0,0,0,0,0,0,0.0,0,0.0,0.004908640882918736,12.301783561706543,0.6405495271326882,4.567763328552246,0,0,0,0
2161,168650,4,pair_014_n3_014_control,control,0,1,0,-0.88,0.04999999999999999,1100000,9693600,98367,696,5554360,0,0,0,0,0.0,0,0,0,0,0,0,0,0,0,0,0.0,0,0.0,0.004908535231788313,12.301783561706543,0.6405378648486698,4.567763328552246,0,0,0,0
2162,168720,70,pair_016_n3_016_control,control,1,0,0,12.560000000000002,0.04999999999999999,1100000,9698080,98402,696,5556913,0,0,0,0,0.0,0,0,0,0,0,0,0,0,0,0,0.0,0,0.0,0.004906762396053656,12.301783561706543,0.6404054985064211,4.567763328552246,0,0,0,0
2163,168791,71,pair_010_n5_010_control,control,1,0,0,12.55,0.04999999999999999,1100000,9702624,98438,697,5559478,0,0,0,0,0.0,0,0,0,0,0,0,0,0,0,0,0.0,0,0.0,0.004904904581696583,12.301783561706543,0.6402416561293669,4.567763328552246,0,0,0,0
2164,168795,4,pair_015_n3_015_conflict,conflict,0,1,0,-0.88,0.04999999999999999,1100000,9702880,98442,697,5559626,0,0,0,0,0.0,0,0,0,0,0,0,0,0,0,0,0.0,0,0.0,0.004904793423276467,12.301783561706543,0.6402303036397504,4.567763328552246,0,0,0,0
2165,168863,68,pair_009_n5_009_conflict,conflict,1,0,0,12.580000000000002,0.04999999999999999,1100000,9707232,98498,699,5562087,0,0,0,0,0.0,0,0,0,0,0,0,0,0,0,0,0.0,0,0.0,0.004903126891798449,12.301783561706543,0.6401115641334251,4.567763328552246,0,0,0,0
2166,168933,70,pair_011_n3_011_control,control,1,0,0,12.560000000000002,0.04999999999999999,1100000,9711712,98520,699,5564620,0,0,0,0,0.0,0,0,0,0,0,0,0,0,0,0,0.0,0,0.0,0.0049013668481617785,12.301783561706543,0.6400748452615841,4.567763328552246,0,0,0,0
2167,169003,70,pair_013_n3_013_control,control,1,0,0,12.560000000000002,0.04999999999999999,1100000,9716192,98559,699,5567142,0,0,0,0,0.0,0,0,0,0,0,0,0,0,0,0,0.0,0,0.0,0.0048995312994064765,12.301783561706543,0.6399791380625887,4.567763328552246,0,0,0,0
2168,169075,72,pair_017_n5_017_conflict,conflict,1,0,0,12.540000000000001,0.04999999999999999,1100000,9720800,98602,700,5569813,0,0,0,0,0.0,0,0,0,0,0,0,0,0,0,0,0.0,0,0.0,0.004897829918536313,12.301783561706543,0.6398414526700986,4.567763328552246,0,0,0,0
2169,169148,73,pair_016_n3_016_conflict,conflict,1,0,0,12.530000000000001,0.04999999999999999,1100000,9725472,98645,700,5572399,0,0,0,0,0.0,0,0,0,0,0,0,0,0,0,0,0.0,0,0.0,0.004896126747519414,12.301783561706543,0.6397984468873751,4.567763328552246,0,0,0,0
2170,169221,73,pair_005_n3_005_control,control,1,0,0,12.530000000000001,0.04999999999999999,1100000,9730144,98678,700,5575043,0,0,0,0,0.0,0,0,0,0,0,0,0,0,0,0,0.0,0,0.0,0.004894219868969079,12.301783561706543,0.6396926771304869,4.567763328552246,0,0,0,0
2171,169290,69,pair_008_n5_008_control,control,1,0,0,12.570000000000002,0.04999999999999999,1100000,9734560,98707,702,5577515,0,0,0,0,0.0,0,0,0,0,0,0,0,0,0,0,0.0,0,0.0,0.00489238836997001,12.301783561706543,0.639561383538934,4.567763328552246,0,0,0,0
2172,169360,70,pair_002_n3_002_control,control,1,0,0,12.560000000000002,0.04999999999999999,1100000,9739040,98738,702,5580053,0,0,0,0,0.0,0,0,0,0,0,0,0,0,0,0,0.0,0,0.0,0.0048906526903588505,12.301783561706543,0.6394542979274911,4.567763328552246,0,0,0,0
2173,169429,69,pair_002_n3_002_conflict,conflict,1,0,0,12.570000000000002,0.04999999999999999,1100000,9743456,98762,703,5582628,0,0,0,0,0.0,0,0,0,0,0,0,0,0,0,0,0.0,0,0.0,0.00488891838493564,12.301783561706543,0.6393421954722046,4.567763328552246,0,0,0,0
2174,169505,76,pair_017_n3_017_control,control,1,0,0,12.500000000000002,0.04999999999999999,1100000,9748320,98801,704,5585376,0,0,0,0,0.0,0,0,0,0,0,0,0,0,0,0,0.0,0,0.0,0.004887286317713355,12.301783561706543,0.6392729495806604,4.567763328552246,0,0,0,0
2175,169573,68,pair_010_n5_010_conflict,conflict,1,0,0,12.580000000000002,0.04999999999999999,1100000,9752672,98836,704,5587816,0,0,0,0,0.0,0,0,0,0,0,0,0,0,0,0,0.0,0,0.0,0.004885500095668355,12.301783561706543,0.6391282030267712,4.567763328552246,0,0,0,0
2176,169643,70,pair_010_n3_010_conflict,conflict,1,0,0,12.560000000000002,0.04999999999999999,1100000,9757152,98863,706,5590357,0,0,0,0,0.0,0,0,0,0,0,0,0,0,0,0,0.0,0,0.0,0.004883679070419782,12.301783561706543,0.6389585223882698,4.567763328552246,0,0,0,0
2177,169711,68,pair_004_n3_004_conflict,conflict,1,0,0,12.580000000000002,0.04999999999999999,1100000,9761504,98894,706,5592749,0,0,0,0,0.0,0,0,0,0,0,0,0,0,0,0,0.0,0,0.0,0.004881832267714269,12.301783561706543,0.6387810120439293,4.567763328552246,0,0,0,0
2178,169785,74,pair_008_n5_008_conflict,conflict,1,0,0,12.520000000000001,0.04999999999999999,1100000,9766240,98927,706,5595397,0,0,0,0,0.0,0,0,0,0,0,0,0,0,0,0,0.0,0,0.0,0.004879810644539818,12.301783561706543,0.6386175950022835,4.567763328552246,0,0,0,0
2179,169860,75,pair_006_n5_006_conflict,conflict,1,0,0,12.510000000000002,0.04999999999999999,1100000,9771040,98977,706,5598022,0,0,0,0,0.0,0,0,0,0,0,0,0,0,0,0,0.0,0,0.0,0.00487782951772209,12.301783561706543,0.6384546864172548,4.567763328552246,0,0,0,0
2180,169930,70,pair_009_n5_009_control,control,1,0,0,12.560000000000002,0.04999999999999999,1100000,9775520,99033,708,5600533,0,0,0,0,0.0,0,0,0,0,0,0,0,0,0,0,0.0,0,0.0,0.00487597831305615,12.301783561706543,0.6383650840547712,4.567763328552246,0,0,0,0
2181,169997,67,pair_000_n3_000_conflict,conflict,1,0,0,12.590000000000002,0.04999999999999999,1100000,9779808,99062,708,5602951,0,0,0,0,0.0,0,0,0,0,0,0,0,0,0,0,0.0,0,0.0,0.004874256113142535,12.301783561706543,0.6382655908978835,4.567763328552246,0,0,0,0
2182,170073,76,pair_002_n5_002_control,control,1,0,0,12.500000000000002,0.04999999999999999,1100000,9784672,99104,710,5605677,0,0,0,0,0.0,0,0,0,0,0,0,0,0,0,0,0.0,0,0.0,0.004872296754849899,12.301783561706543,0.6381007348979499,4.567763328552246,0,0,0,0
2183,170144,71,pair_000_n5_000_control,control,1,0,0,12.55,0.04999999999999999,1100000,9789216,99148,712,5608207,0,0,0,0,0.0,0,0,0,0,0,0,0,0,0,0,0.0,0,0.0,0.0048704769953302005,12.301783561706543,0.6379342346905084,4.567763328552246,0,0,0,0
2184,170210,66,pair_003_n5_003_conflict,conflict,1,0,0,12.600000000000001,0.04999999999999999,1100000,9793440,99176,712,5610507,0,0,0,0,0.0,0,0,0,0,0,0,0,0,0,0,0.0,0,0.0,0.004868712599263265,12.301783561706543,0.6378036237400038,4.567763328552246,0,0,0,0
2185,170283,73,pair_013_n3_013_conflict,conflict,1,0,0,12.530000000000001,0.04999999999999999,1100000,9798112,99221,712,5613143,0,0,0,0,0.0,0,0,0,0,0,0,0,0,0,0,0.0,0,0.0,0.004866800809333073,12.301783561706543,0.6377263973342008,4.567763328552246,0,0,0,0
2186,170355,72,pair_014_n5_014_conflict,conflict,1,0,0,12.540000000000001,0.04999999999999999,1100000,9802720,99250,712,5615673,0,0,0,0,0.0,0,0,0,0,0,0,0,0,0,0,0.0,0,0.0,0.004864914757383079,12.301783561706543,0.6375858215513031,4.567763328552246,0,0,0,0
2187,170422,67,pair_012_n5_012_control,control,1,0,0,12.590000000000002,0.04999999999999999,1100000,9807008,99290,712,5618038,0,0,0,0,0.0,0,0,0,0,0,0,0,0,0,0,0.0,0,0.0,0.0048631251127889946,12.301783561706543,0.6374470846902703,4.567763328552246,0,0,0,0
2188,170491,69,pair_009_n3_009_control,control,1,0,0,12.570000000000002,0.04999999999999999,1100000,9811424,99335,712,5620439,0,0,0,0,0.0,0,0,0,0,0,0,0,0,0,0,0.0,0,0.0,0.004861299550925409,12.301783561706543,0.63731978710146,4.567763328552246,0,0,0,0
2189,170559,68,pair_007_n3_007_control,control,1,0,0,12.580000000000002,0.04999999999999999,1100000,9815776,99379,712,5622909,0,0,0,0,0.0,0,0,0,0,0,0,0,0,0,0,0.0,0,0.0,0.004859574257147921,12.301783561706543,0.637201737649027,4.567763328552246,0,0,0,0
2190,170632,73,pair_004_n5_004_control,control,1,0,0,12.530000000000001,0.04999999999999999,1100000,9820448,99419,712,5625537,0,0,0,0,0.0,0,0,0,0,0,0,0,0,0,0,0.0,0,0.0,0.004857649317605262,12.301783561706543,0.6370005333466192,4.567763328552246,0,0,0,0
2191,170700,68,pair_005_n5_005_conflict,conflict,1,0,0,12.580000000000002,0.04999999999999999,1100000,9824800,99455,712,5627962,0,0,0,0,0.0,0,0,0,0,0,0,0,0,0,0,0.0,0,0.0,0.004855825719309743,12.301783561706543,0.6368852692740458,4.567763328552246,0,0,0,0
2192,170773,73,pair_011_n5_011_conflict,conflict,1,0,0,12.530000000000001,0.04999999999999999,1100000,9829472,99488,712,5630564,0,0,0,0,0.0,0,0,0,0,0,0,0,0,0,0,0.0,0,0.0,0.004853864272543811,12.301783561706543,0.6367077809900316,4.567763328552246,0,0,0,0
2193,170839,66,pair_005_n5_005_control,control,1,0,0,12.600000000000001,0.04999999999999999,1100000,9833696,99525,712,5632865,0,0,0,0,0.0,0,0,0,0,0,0,0,0,0,0,0.0,0,0.0,0.004852101783637292,12.301783561706543,0.6365640477009438,4.567763328552246,0,0,0,0
2194,170912,73,pair_001_n3_001_conflict,conflict,1,0,0,12.530000000000001,0.04999999999999999,1100000,9838368,99564,712,5635429,0,0,0,0,0.0,0,0,0,0,0,0,0,0,0,0,0.0,0,0.0,0.004850242536040402,12.301783561706543,0.6364483816363236,4.567763328552246,0,0,0,0
2195,170982,70,pair_014_n3_014_conflict,conflict,1,0,0,12.560000000000002,0.04999999999999999,1100000,9842848,99623,712,5637883,0,0,0,0,0.0,0,0,0,0,0,0,0,0,0,0,0.0,0,0.0,0.004848425954200143,12.301783561706543,0.6362897748410666,4.567763328552246,0,0,0,0
2196,171049,67,pair_007_n5_007_control,control,1,0,0,12.590000000000002,0.04999999999999999,1100000,9847136,99674,712,5640247,0,0,0,0,0.0,0,0,0,0,0,0,0,0,0,0,0.0,0,0.0,0.004846649602689634,12.301783561706543,0.6361624162863746,4.567763328552246,0,0,0,0
2197,171124,75,pair_010_n3_010_control,control,1,0,0,12.510000000000002,0.04999999999999999,1100000,9851936,99703,712,5642901,0,0,0,0,0.0,0,0,0,0,0,0,0,0,0,0,0.0,0,0.0,0.004844665498695719,12.301783561706543,0.6360229247726296,4.567763328552246,0,0,0,0
2198,171191,67,pair_006_n5_006_control,control,1,0,0,12.590000000000002,0.04999999999999999,1100000,9856224,99735,712,5645283,0,0,0,0,0.0,0,0,0,0,0,0,0,0,0,0,0.0,0,0.0,0.004842868110719182,12.301783561706543,0.6358553541967039,4.567763328552246,0,0,0,0
2199,171260,69,pair_006_n3_006_conflict,conflict,1,0,0,12.570000000000002,0.04999999999999999,1100000,9860640,99758,712,5647681,0,0,0,0,0.0,0,0,0,0,0,0,0,0,0,0,0.0,0,0.0,0.0048411163915587745,12.301783561706543,0.6358112849869779,4.567763328552246,0,0,0,0
2200,171329,69,pair_001_n3_001_control,control,1,0,0,12.570000000000002,0.04999999999999999,1100000,9865056,99781,712,5650129,0,0,0,0,0.0,0,0,0,0,0,0,0,0,0,0,0.0,0,0.0,0.0048392597380926715,12.301783561706543,0.6356565784394919,4.567763328552246,0,0,0,0
2201,171398,69,pair_004_n5_004_conflict,conflict,1,0,0,12.570000000000002,0.04999999999999999,1100000,9869472,99818,712,5652604,0,0,0,0,0.0,0,0,0,0,0,0,0,0,0,0,0.0,0,0.0,0.004837467908657336,12.301783561706543,0.63552347913477,4.567763328552246,0,0,0,0
2202,171470,72,pair_013_n5_013_conflict,conflict,1,0,0,12.540000000000001,0.04999999999999999,1100000,9874080,99877,712,5655101,0,0,0,0,0.0,0,0,0,0,0,0,0,0,0,0,0.0,0,0.0,0.004835568496157686,12.301783561706543,0.6354338312430167,4.567763328552246,0,0,0,0
2203,171538,68,pair_012_n5_012_conflict,conflict,1,0,0,12.580000000000002,0.04999999999999999,1100000,9878432,99919,712,5657478,0,0,0,0,0.0,0,0,0,0,0,0,0,0,0,0,0.0,0,0.0,0.004833835763278285,12.301783561706543,0.6353169889962754,4.567763328552246,0,0,0,0
2204,171604,66,pair_000_n3_000_control,control,1,0,0,12.600000000000001,0.04999999999999999,1100000,9882656,99951,712,5659793,0,0,0,0,0.0,0,0,0,0,0,0,0,0,0,0,0.0,0,0.0,0.004832115974002752,12.301783561706543,0.6351757316690904,4.567763328552246,0,0,0,0
2205,171675,71,pair_007_n5_007_conflict,conflict,1,0,0,12.55,0.04999999999999999,1100000,9887200,100004,714,5662293,0,0,0,0,0.0,0,0,0,0,0,0,0,0,0,0,0.0,0,0.0,0.004830216882066115,12.301783561706543,0.63506634278591,4.567763328552246,0,0,0,0
2206,171750,75,pair_012_n3_012_conflict,conflict,1,0,0,12.510000000000002,0.04999999999999999,1100000,9892000,100039,714,5664910,0,0,0,0,0.0,0,0,0,0,0,0,0,0,0,0,0.0,0,0.0,0.004828192010103124,12.301783561706543,0.6348643740086533,4.567763328552246,0,0,0,0
2207,171755,5,pair_017_n5_017_control,control,0,1,0,-0.84,0.04999999999999999,1100000,9892320,100044,714,5665083,0,0,0,0,0.0,0,0,0,0,0,0,0,0,0,0,0.0,0,0.0,0.004828056381447469,12.301783561706543,0.6348512329147394,4.567763328552246,0,0,0,0
2208,171826,71,pair_015_n5_015_conflict,conflict,1,0,0,12.55,0.04999999999999999,1100000,9896864,100101,714,5667615,0,0,0,0,0.0,0,0,0,0,0,0,0,0,0,0,0.0,0,0.0,0.004826168157381543,12.301783561706543,0.6346839991401332,4.567763328552246,0,0,0,0
2209,171896,70,pair_012_n3_012_control,control,1,0,0,12.560000000000002,0.04999999999999999,1100000,9901344,100134,715,5670156,0,0,0,0,0.0,0,0,0,0,0,0,0,0,0,0,0.0,0,0.0,0.004824394121560468,12.301783561706543,0.6345195277767913,4.567763328552246,0,0,0,0
2210,171968,72,pair_008_n3_008_control,control,1,0,0,12.540000000000001,0.04999999999999999,1100000,9905952,100170,715,5672704,0,0,0,0,0.0,0,0,0,0,0,0,0,0,0,0,0.0,0,0.0,0.004822494196260489,12.301783561706543,0.6344030950773535,4.567763328552246,0,0,0,0
2211,172034,66,pair_015_n3_015_control,control,1,0,0,12.600000000000001,0.04999999999999999,1100000,9910176,100208,715,5674999,0,0,0,0,0.0,0,0,0,0,0,0,0,0,0,0,0.0,0,0.0,0.004820837638645504,12.301783561706543,0.6342657535089272,4.567763328552246,0,0,0,0
2212,172103,69,pair_001_n5_001_conflict,conflict,1,0,0,12.570000000000002,0.04999999999999999,1100000,9914592,100248,715,5677419,0,0,0,0,0.0,0,0,0,0,0,0,0,0,0,0,0.0,0,0.0,0.004819090888014131,12.301783561706543,0.6342246381005283,4.567763328552246,0,0,0,0
2213,172177,74,pair_009_n3_009_conflict,conflict,1,0,0,12.520000000000001,0.04999999999999999,1100000,9919328,100273,715,5679966,0,0,0,0,0.0,0,0,0,0,0,0,0,0,0,0,0.0,0,0.0,0.004817298474320312,12.301783561706543,0.6342091853654842,4.567763328552246,0,0,0,0
2214,172251,74,pair_002_n5_002_conflict,conflict,1,0,0,12.520000000000001,0.04999999999999999,1100000,9924064,100304,716,5682531,0,0,0,0,0.0,0,0,0,0,0,0,0,0,0,0,0.0,0,0.0,0.004815358809290867,12.301783561706543,0.6340403306785265,4.567763328552246,0,0,0,0
2215,172317,66,pair_001_n5_001_control,control,1,0,0,12.600000000000001,0.04999999999999999,1100000,9928288,100344,716,5684825,0,0,0,0,0.0,0,0,0,0,0,0,0,0,0,0,0.0,0,0.0,0.004813653650613176,12.301783561706543,0.633903179109637,4.567763328552246,0,0,0,0
2216,172383,66,pair_008_n3_008_conflict,conflict,1,0,0,12.600000000000001,0.04999999999999999,1100000,9932512,100382,716,5687104,0,0,0,0,0.0,0,0,0,0,0,0,0,0,0,0,0.0,0,0.0,0.004812088258108533,12.301783561706543,0.6338028095820923,4.567763328552246,0,0,0,0
2217,172387,4,pair_013_n5_013_control,control,0,1,0,-0.98,0.04999999999999999,1100000,9932768,100386,716,5687244,0,0,0,0,0.0,0,0,0,0,0,0,0,0,0,0,0.0,0,0.0,0.004811991844575516,12.301783561706543,0.633806465542518,4.567763328552246,0,0,0,0
2218,172455,68,pair_003_n3_003_control,control,1,0,0,12.580000000000002,0.04999999999999999,1100000,9937120,100429,716,5689604,0,0,0,0,0.0,0,0,0,0,0,0,0,0,0,0,0.0,0,0.0,0.004810371814410685,12.301783561706543,0.6337189071580248,4.567763328552246,0,0,0,0
2219,172524,69,pair_017_n3_017_conflict,conflict,1,0,0,12.570000000000002,0.04999999999999999,1100000,9941536,100463,716,5691969,0,0,0,0,0.0,0,0,0,0,0,0,0,0,0,0,0.0,0,0.0,0.004808975951567462,12.301783561706543,0.6336105947198032,4.567763328552246,0,0,0,0
2220,172597,73,pair_005_n3_005_conflict,conflict,1,0,0,12.530000000000001,0.04999999999999999,1100000,9946208,100492,716,5694505,0,0,0,0,0.0,0,0,0,0,0,0,0,0,0,0,0.0,0,0.0,0.004807084820383546,12.301783561706543,0.6334357005348377,4.567763328552246,0,0,0,0
2221,172667,70,pair_011_n5_011_control,control,1,0,0,12.560000000000002,0.04999999999999999,1100000,9950688,100526,716,5696927,0,0,0,0,0.0,0,0,0,0,0,0,0,0,0,0,0.0,0,0.0,0.004805255730098816,12.301783561706543,0.6332933033455248,4.567763328552246,0,0,0,0
2222,172735,68,pair_000_n5_000_conflict,conflict,1,0,0,12.580000000000002,0.04999999999999999,1100000,9955040,100571,717,5699303,0,0,0,0,0.0,0,0,0,0,0,0,0,0,0,0,0.0,0,0.0,0.004803617730164288,12.301783561706543,0.6331498645522134,4.567763328552246,0,0,0,0
2223,172804,69,pair_003_n5_003_control,control,1,0,0,12.570000000000002,0.04999999999999999,1100000,9959456,100618,717,5701739,0,0,0,0,0.0,0,0,0,0,0,0,0,0,0,0,0.0,0,0.0,0.004801860858264822,12.301783561706543,0.6330025574887356,4.567763328552246,0,0,0,0
2224,172874,70,pair_004_n3_004_control,control,1,0,0,12.560000000000002,0.04999999999999999,1100000,9963936,100653,717,5704128,0,0,0,0,0.0,0,0,0,0,0,0,0,0,0,0,0.0,0,0.0,0.004800138010641559,12.301783561706543,0.6329378629270815,4.567763328552246,0,0,0,0
2225,172948,74,pair_006_n3_006_control,control,1,0,0,12.520000000000001,0.04999999999999999,1100000,9968672,100696,717,5706702,0,0,0,0,0.0,0,0,0,0,0,0,0,0,0,0,0.0,0,0.0,0.0047983846768165596,12.301783561706543,0.6328232603096393,4.567763328552246,0,0,0,0
2226,172964,16,pair_015_n5_015_control,control,0,1,0,-0.55,0.04999999999999999,1100000,9969696,100712,717,5707275,0,0,0,0,0.0,0,0,0,0,0,0,0,0,0,0,0.0,0,0.0,0.0047979628366734755,12.301783561706543,0.6327843475168293,4.567763328552246,0,0,0,0
2227,172970,6,pair_016_n5_016_control,control,0,1,0,-0.9,0.04999999999999999,1100000,9970080,100718,718,5707478,0,0,0,0,0.0,0,0,0,0,0,0,0,0,0,0,0.0,0,0.0,0.004797801877511907,12.301783561706543,0.6327684831038264,4.567763328552246,0,0,0,0
2228,173036,66,pair_007_n3_007_conflict,conflict,1,0,0,12.600000000000001,0.04999999999999999,1100000,9974304,100765,718,5709763,0,0,0,0,0.0,0,0,0,0,0,0,0,0,0,0,0.0,0,0.0,0.004796960364697023,12.301783561706543,0.6326811518179689,4.567763328552246,0,0,0,0
2229,173108,72,pair_016_n5_016_conflict,conflict,1,0,0,12.540000000000003,0.04999999999999999,1100000,9978912,100820,718,5712232,0,0,0,0,0.0,0,0,0,0,0,0,0,0,0,0,0.0,0,0.0,0.004795189775920467,12.301783561706543,0.6325875903792129,4.567763328552246,0,0,0,0
2230,173176,68,pair_003_n3_003_conflict,conflict,1,0,0,12.580000000000002,0.04999999999999999,1100000,9983264,100849,718,5714584,0,0,0,0,0.0,0,0,0,0,0,0,0,0,0,0,0.0,0,0.0,0.0047934581207226285,12.301783561706543,0.6324829772480849,4.567763328552246,0,0,0,0
2231,173244,68,pair_014_n5_014_control,control,1,0,0,12.580000000000002,0.04999999999999999,1100000,9987616,100881,718,5716944,0,0,0,0,0.0,0,0,0,0,0,0,0,0,0,0,0.0,0,0.0,0.004793120591210206,12.301783561706543,0.6323865534346746,4.567763328552246,0,0,0,0
2232,173321,77,pair_015_n5_015_control,control,1,0,0,12.490000000000002,0.04999999999999999,1100000,9992544,100929,718,5719638,0,0,0,0,0.0,0,0,0,0,0,0,0,0,0,0,0.0,0,0.0,0.0047911213184242685,12.301783561706543,0.6321756361857888,4.567763328552246,0,0,0,0
2233,173393,72,pair_002_n5_002_conflict,conflict,1,0,0,12.540000000000001,0.04999999999999999,1100000,9997152,100963,719,5722097,0,0,0,0,0.0,0,0,0,0,0,0,0,0,0,0,0.0,0,0.0,0.004789333192989841,12.301783561706543,0.6320932810260883,4.567763328552246,0,0,0,0
2234,173463,70,pair_014_n5_014_conflict,conflict,1,0,0,12.560000000000002,0.04999999999999999,1100000,10001632,100997,719,5724568,0,0,0,0,0.0,0,0,0,0,0,0,0,0,0,0,0.0,0,0.0,0.004787510350915119,12.301783561706543,0.6319664049968559,4.567763328552246,0,0,0,0
2235,173487,24,pair_008_n5_008_conflict,conflict,0,1,0,-0.07999999999999974,0.04999999999999999,1100000,10003168,101007,719,5725411,0,0,0,0,0.0,0,0,0,0,0,0,0,0,0,0,0.0,0,0.0,0.004786900317988463,12.301783561706543,0.6319167522434049,4.567763328552246,0,0,0,0
2236,173558,71,pair_000_n5_000_control,control,1,0,0,12.55,0.04999999999999999,1100000,10007712,101051,720,5727862,0,0,0,0,0.0,0,0,0,0,0,0,0,0,0,0,0.0,0,0.0,0.004785008138714867,12.301783561706543,0.6317242609656757,4.567763328552246,0,0,0,0
2237,173626,68,pair_003_n5_003_control,control,1,0,0,12.580000000000002,0.04999999999999999,1100000,10012064,101083,720,5730210,0,0,0,0,0.0,0,0,0,0,0,0,0,0,0,0,0.0,0,0.0,0.004783268721704728,12.301783561706543,0.63158211750438,4.567763328552246,0,0,0,0
2238,173696,70,pair_001_n5_001_control,control,1,0,0,12.560000000000002,0.04999999999999999,1100000,10016544,101126,720,5732641,0,0,0,0,0.0,0,0,0,0,0,0,0,0,0,0,0.0,0,0.0,0.0047814412740200575,12.301783561706543,0.6314195488329357,4.567763328552246,0,0,0,0
2239,173763,67,pair_002_n5_002_control,control,1,0,0,12.590000000000002,0.04999999999999999,1100000,10020832,101155,720,5735044,0,0,0,0,0.0,0,0,0,0,0,0,0,0,0,0,0.0,0,0.0,0.004780432188664789,12.301783561706543,0.6312922524887846,4.567763328552246,0,0,0,0
2240,173834,71,pair_014_n5_014_control,control,1,0,0,12.55,0.04999999999999999,1100000,10025376,101198,720,5737495,0,0,0,0,0.0,0,0,0,0,0,0,0,0,0,0,0.0,0,0.0,0.0047800369153536216,12.301783561706543,0.6311797461203149,4.567763328552246,0,0,0,0
2241,173900,66,pair_013_n5_013_conflict,conflict,1,0,0,12.600000000000001,0.04999999999999999,1100000,10029600,101240,720,5739891,0,0,0,0,0.0,0,0,0,0,0,0,0,0,0,0,0.0,0,0.0,0.004779007322501466,12.301783561706543,0.6311056489365356,4.567763328552246,0,0,0,0
2242,173978,78,pair_004_n3_004_conflict,conflict,1,0,0,12.48,0.04999999999999999,1100000,10034592,101276,720,5742676,0,0,0,0,0.0,0,0,0,0,0,0,0,0,0,0,0.0,0,0.0,0.004776976581079412,12.301783561706543,0.6309356091355902,4.567763328552246,0,0,0,0
2243,174045,67,pair_005_n5_005_control,control,1,0,0,12.590000000000002,0.04999999999999999,1100000,10038880,101306,720,5745058,0,0,0,0,0.0,0,0,0,0,0,0,0,0,0,0,0.0,0,0.0,0.004775699366999947,12.301783561706543,0.6308979657361737,4.567763328552246,0,0,0,0
2244,174114,69,pair_005_n5_005_conflict,conflict,1,0,0,12.570000000000002,0.04999999999999999,1100000,10043296,101339,722,5747403,0,0,0,0,0.0,0,0,0,0,0,0,0,0,0,0,0.0,0,0.0,0.004773927541508033,12.301783561706543,0.6307453224005556,4.567763328552246,0,0,0,0
2245,174182,68,pair_017_n3_017_conflict,conflict,1,0,0,12.580000000000002,0.04999999999999999,1100000,10047648,101371,722,5749797,0,0,0,0,0.0,0,0,0,0,0,0,0,0,0,0,0.0,0,0.0,0.004774043011040777,12.301783561706543,0.6306829031089072,4.567763328552246,0,0,0,0
2246,174250,68,pair_011_n3_011_control,control,1,0,0,12.580000000000002,0.04999999999999999,1100000,10052000,101405,722,5752206,0,0,0,0,0.0,0,0,0,0,0,0,0,0,0,0,0.0,0,0.0,0.004772720282675254,12.301783561706543,0.6305952385254738,4.567763328552246,0,0,0,0
2247,174316,66,pair_010_n3_010_control,control,1,0,0,12.600000000000001,0.04999999999999999,1100000,10056224,101438,722,5754566,0,0,0,0,0.0,0,0,0,0,0,0,0,0,0,0,0.0,0,0.0,0.004771060637435128,12.301783561706543,0.6304749115407773,4.567763328552246,0,0,0,0
2248,174382,66,pair_003_n5_003_conflict,conflict,1,0,0,12.600000000000001,0.04999999999999999,1100000,10060448,101482,722,5756850,0,0,0,0,0.0,0,0,0,0,0,0,0,0,0,0,0.0,0,0.0,0.004769419582551993,12.301783561706543,0.6303534338761189,4.567763328552246,0,0,0,0
2249,174456,74,pair_008_n5_008_control,control,1,0,0,12.520000000000001,0.04999999999999999,1100000,10065184,101508,722,5759462,0,0,0,0,0.0,0,0,0,0,0,0,0,0,0,0,0.0,0,0.0,0.004767634536412557,12.301783561706543,0.6302457179661882,4.567763328552246,0,0,0,0
2250,174522,66,pair_011_n3_011_conflict,conflict,1,0,0,12.600000000000001,0.04999999999999999,1100000,10069408,101528,722,5761816,0,0,0,0,0.0,0,0,0,0,0,0,0,0,0,0,0.0,0,0.0,0.004766027706493546,12.301783561706543,0.630134867844233,4.567763328552246,0,0,0,0
2251,174590,68,pair_007_n3_007_conflict,conflict,1,0,0,12.580000000000002,0.04999999999999999,1100000,10073760,101574,722,5764248,0,0,0,0,0.0,0,0,0,0,0,0,0,0,0,0,0.0,0,0.0,0.0047644072395812255,12.301783561706543,0.6299882603751094,4.567763328552246,0,0,0,0
2252,174658,68,pair_014_n3_014_control,control,1,0,0,12.580000000000002,0.04999999999999999,1100000,10078112,101625,722,5766583,0,0,0,0,0.0,0,0,0,0,0,0,0,0,0,0,0.0,0,0.0,0.004762755684687066,12.301783561706543,0.6298545724955517,4.567763328552246,0,0,0,0
2253,174728,70,pair_007_n3_007_control,control,1,0,0,12.560000000000002,0.04999999999999999,1100000,10082592,101649,722,5769000,0,0,0,0,0.0,0,0,0,0,0,0,0,0,0,0,0.0,0,0.0,0.004761028734161607,12.301783561706543,0.6297242852519371,4.567763328552246,0,0,0,0
2254,174797,69,pair_005_n3_005_conflict,conflict,1,0,0,12.570000000000002,0.04999999999999999,1100000,10087008,101678,722,5771344,0,0,0,0,0.0,0,0,0,0,0,0,0,0,0,0,0.0,0,0.0,0.004759319069667479,12.301783561706543,0.629590265718549,4.567763328552246,0,0,0,0
2255,174867,70,pair_016_n5_016_control,control,1,0,0,12.560000000000002,0.04999999999999999,1100000,10091488,101718,722,5773772,0,0,0,0,0.0,0,0,0,0,0,0,0,0,0,0,0.0,0,0.0,0.004757643867327619,12.301783561706543,0.6294761400867211,4.567763328552246,0,0,0,0
2256,174873,6,pair_012_n3_012_control,control,0,1,0,-0.8,0.04999999999999999,1100000,10091872,101724,722,5773992,0,0,0,0,0.0,0,0,0,0,0,0,0,0,0,0,0.0,0,0.0,0.004757490023562942,12.301783561706543,0.6294605431852677,4.567763328552246,0,0,0,0
2257,174877,4,pair_017_n3_017_control,control,0,1,0,-0.88,0.04999999999999999,1100000,10092128,101728,722,5774127,0,0,0,0,0.0,0,0,0,0,0,0,0,0,0,0,0.0,0,0.0,0.004757387018493493,12.301783561706543,0.6294514358591802,4.567763328552246,0,0,0,0
2258,174945,68,pair_003_n3_003_conflict,conflict,1,0,0,12.580000000000002,0.04999999999999999,1100000,10096480,101747,722,5776452,0,0,0,0,0.0,0,0,0,0,0,0,0,0,0,0,0.0,0,0.0,0.00475563751703115,12.301783561706543,0.6293096947663254,4.567763328552246,0,0,0,0
2259,175011,66,pair_013_n3_013_control,control,1,0,0,12.600000000000001,0.04999999999999999,1100000,10100704,101787,722,5778747,0,0,0,0,0.0,0,0,0,0,0,0,0,0,0,0,0.0,0,0.0,0.004754014279144197,12.301783561706543,0.629191451887014,4.567763328552246,0,0,0,0
2260,175082,71,pair_014_n3_014_conflict,conflict,1,0,0,12.55,0.04999999999999999,1100000,10105248,101826,722,5781219,0,0,0,0,0.0,0,0,0,0,0,0,0,0,0,0,0.0,0,0.0,0.004752206573711499,12.301783561706543,0.6290477798789254,4.567763328552246,0,0,0,0
2261,175153,71,pair_010_n5_010_conflict,conflict,1,0,0,12.55,0.04999999999999999,1100000,10109792,101851,722,5783660,0,0,0,0,0.0,0,0,0,0,0,0,0,0,0,0,0.0,0,0.0,0.004750441686047391,12.301783561706543,0.6289461779074986,4.567763328552246,0,0,0,0
2262,175221,68,pair_006_n3_006_conflict,conflict,1,0,0,12.580000000000002,0.04999999999999999,1100000,10114144,101875,722,5786008,0,0,0,0,0.0,0,0,0,0,0,0,0,0,0,0,0.0,0,0.0,0.004748696467366674,12.301783561706543,0.6288021615567558,4.567763328552246,0,0,0,0
2263,175290,69,pair_007_n5_007_conflict,conflict,1,0,0,12.570000000000002,0.04999999999999999,1100000,10118560,101900,722,5788350,0,0,0,0,0.0,0,0,0,0,0,0,0,0,0,0,0.0,0,0.0,0.004746928447939386,12.301783561706543,0.6286851373076344,4.567763328552246,0,0,0,0
2264,175358,68,pair_013_n5_013_control,control,1,0,0,12.580000000000002,0.04999999999999999,1100000,10122912,101941,722,5790678,0,0,0,0,0.0,0,0,0,0,0,0,0,0,0,0,0.0,0,0.0,0.004745263364175408,12.301783561706543,0.6285758259653291,4.567763328552246,0,0,0,0
2265,175428,70,pair_001_n3_001_control,control,1,0,0,12.560000000000002,0.04999999999999999,1100000,10127392,101962,722,5793070,0,0,0,0,0.0,0,0,0,0,0,0,0,0,0,0,0.0,0,0.0,0.004744015560879727,12.301783561706543,0.6284874702258273,4.567763328552246,0,0,0,0
2266,175496,68,pair_016_n3_016_conflict,conflict,1,0,0,12.580000000000002,0.04999999999999999,1100000,10131744,101997,722,5795418,0,0,0,0,0.0,0,0,0,0,0,0,0,0,0,0,0.0,0,0.0,0.004742283395778637,12.301783561706543,0.6283396060768286,4.567763328552246,0,0,0,0
2267,175564,68,pair_007_n5_007_control,control,1,0,0,12.580000000000002,0.04999999999999999,1100000,10136096,102025,722,5797773,0,0,0,0,0.0,0,0,0,0,0,0,0,0,0,0,0.0,0,0.0,0.0047407284612653085,12.301783561706543,0.6281986284548025,4.567763328552246,0,0,0,0
2268,175636,72,pair_000_n3_000_control,control,1,0,0,12.540000000000001,0.04999999999999999,1100000,10140704,102052,722,5800217,0,0,0,0,0.0,0,0,0,0,0,0,0,0,0,0,0.0,0,0.0,0.004739114810419393,12.301783561706543,0.6281601667468961,4.567763328552246,0,0,0,0
2269,175713,77,pair_006_n5_006_control,control,1,0,0,12.490000000000002,0.04999999999999999,1100000,10145632,102113,722,5802777,0,0,0,0,0.0,0,0,0,0,0,0,0,0,0,0,0.0,0,0.0,0.004737251715806416,12.301783561706543,0.6280069193545113,4.567763328552246,0,0,0,0
2270,175782,69,pair_004_n5_004_control,control,1,0,0,12.570000000000002,0.04999999999999999,1100000,10150048,102148,722,5805165,0,0,0,0,0.0,0,0,0,0,0,0,0,0,0,0,0.0,0,0.0,0.004735563654078645,12.301783561706543,0.627861501399081,4.567763328552246,0,0,0,0
2271,175852,70,pair_010_n5_010_control,control,1,0,0,12.560000000000002,0.04999999999999999,1100000,10154528,102161,722,5807535,0,0,0,0,0.0,0,0,0,0,0,0,0,0,0,0,0.0,0,0.0,0.004733864910919681,12.301783561706543,0.6277176645325946,4.567763328552246,0,0,0,0
2272,175921,69,pair_000_n5_000_conflict,conflict,1,0,0,12.570000000000002,0.04999999999999999,1100000,10158944,102210,724,5809832,0,0,0,0,0.0,0,0,0,0,0,0,0,0,0,0,0.0,0,0.0,0.004732116306865917,12.301783561706543,0.6275909892982476,4.567763328552246,0,0,0,0
2273,175992,71,pair_010_n3_010_conflict,conflict,1,0,0,12.55,0.04999999999999999,1100000,10163488,102251,724,5812306,0,0,0,0,0.0,0,0,0,0,0,0,0,0,0,0,0.0,0,0.0,0.004730345317855169,12.301783561706543,0.6274302654022195,4.567763328552246,0,0,0,0
2274,176067,75,pair_009_n5_009_control,control,1,0,0,12.510000000000002,0.04999999999999999,1100000,10168288,102318,727,5814887,0,0,0,0,0.0,0,0,0,0,0,0,0,0,0,0,0.0,0,0.0,0.004728424597769913,12.301783561706543,0.6272266885527479,4.567763328552246,0,0,0,0
2275,176141,74,pair_001_n5_001_conflict,conflict,1,0,0,12.520000000000001,0.04999999999999999,1100000,10173024,102364,727,5817457,0,0,0,0,0.0,0,0,0,0,0,0,0,0,0,0,0.0,0,0.0,0.004726611107119777,12.301783561706543,0.6271396916039703,4.567763328552246,0,0,0,0
2276,176211,70,pair_015_n3_015_control,control,1,0,0,12.560000000000002,0.04999999999999999,1100000,10177504,102402,727,5819808,0,0,0,0,0.0,0,0,0,0,0,0,0,0,0,0,0.0,0,0.0,0.0047249181960802395,12.301783561706543,0.6270716011217665,4.567763328552246,0,0,0,0
2277,176284,73,pair_013_n3_013_conflict,conflict,1,0,0,12.530000000000001,0.04999999999999999,1100000,10182176,102445,727,5822275,0,0,0,0,0.0,0,0,0,0,0,0,0,0,0,0,0.0,0,0.0,0.004723122588729643,12.301783561706543,0.6269162016631623,4.567763328552246,0,0,0,0
2278,176354,70,pair_004_n5_004_conflict,conflict,1,0,0,12.560000000000002,0.04999999999999999,1100000,10186656,102483,727,5824670,0,0,0,0,0.0,0,0,0,0,0,0,0,0,0,0,0.0,0,0.0,0.004721433453475352,12.301783561706543,0.6268563740688394,4.567763328552246,0,0,0,0
2279,176424,70,pair_015_n3_015_conflict,conflict,1,0,0,12.560000000000002,0.04999999999999999,1100000,10191136,102521,728,5827075,0,0,0,0,0.0,0,0,0,0,0,0,0,0,0,0,0.0,0,0.0,0.0047196725335519095,12.301783561706543,0.6267265315570839,4.567763328552246,0,0,0,0
2280,176490,66,pair_000_n3_000_conflict,conflict,1,0,0,12.600000000000001,0.04999999999999999,1100000,10195360,102558,728,5829309,0,0,0,0,0.0,0,0,0,0,0,0,0,0,0,0,0.0,0,0.0,0.004718005735853892,12.301783561706543,0.6266039212882112,4.567763328552246,0,0,0,0
2281,176556,66,pair_011_n5_011_control,control,1,0,0,12.600000000000001,0.04999999999999999,1100000,10199584,102594,728,5831607,0,0,0,0,0.0,0,0,0,0,0,0,0,0,0,0,0.0,0,0.0,0.0047163153183630594,12.301783561706543,0.6264409889862175,4.567763328552246,0,0,0,0
2282,176583,27,pair_008_n3_008_conflict,conflict,0,1,0,0.04000000000000026,0.04999999999999999,1100000,10201312,102604,728,5832551,0,0,0,0,0.0,0,0,0,0,0,0,0,0,0,0,0.0,0,0.0,0.004715671008886342,12.301783561706543,0.626385966218948,4.567763328552246,0,0,0,0
2283,176653,70,pair_016_n3_016_control,control,1,0,0,12.560000000000002,0.04999999999999999,1100000,10205792,102647,728,5834959,0,0,0,0,0.0,0,0,0,0,0,0,0,0,0,0,0.0,0,0.0,0.0047139467006286,12.301783561706543,0.6262753079890512,4.567763328552246,0,0,0,0
2284,176723,70,pair_009_n3_009_control,control,1,0,0,12.560000000000002,0.04999999999999999,1100000,10210272,102694,728,5837403,0,0,0,0,0.0,0,0,0,0,0,0,0,0,0,0,0.0,0,0.0,0.004712170531751674,12.301783561706543,0.6261263075582597,4.567763328552246,0,0,0,0
2285,176796,73,pair_008_n3_008_control,control,1,0,0,12.530000000000001,0.04999999999999999,1100000,10214944,102735,728,5839907,0,0,0,0,0.0,0,0,0,0,0,0,0,0,0,0,0.0,0,0.0,0.004710363188238947,12.301783561706543,0.6259874247727717,4.567763328552246,0,0,0,0
2286,176868,72,pair_003_n3_003_control,control,1,0,0,12.540000000000001,0.04999999999999999,1100000,10219552,102778,728,5842334,0,0,0,0,0.0,0,0,0,0,0,0,0,0,0,0,0.0,0,0.0,0.004708605715795718,12.301783561706543,0.6258363154058206,4.567763328552246,0,0,0,0
2287,176937,69,pair_011_n5_011_conflict,conflict,1,0,0,12.570000000000002,0.04999999999999999,1100000,10223968,102817,731,5844706,0,0,0,0,0.0,0,0,0,0,0,0,0,0,0,0,0.0,0,0.0,0.004706893319036773,12.301783561706543,0.6256746216007102,4.567763328552246,0,0,0,0
2288,177006,69,pair_012_n3_012_conflict,conflict,1,0,0,12.570000000000002,0.04999999999999999,1100000,10228384,102850,731,5847091,0,0,0,0,0.0,0,0,0,0,0,0,0,0,0,0,0.0,0,0.0,0.004706791123651435,12.301783561706543,0.6256969299305731,4.567763328552246,0,0,0,0
2289,177076,70,pair_017_n5_017_control,control,1,0,0,12.560000000000002,0.04999999999999999,1100000,10232864,102893,732,5849477,0,0,0,0,0.0,0,0,0,0,0,0,0,0,0,0,0.0,0,0.0,0.0047050727598324975,12.301783561706543,0.6255565512892441,4.567763328552246,0,0,0,0
2290,177142,66,pair_015_n5_015_conflict,conflict,1,0,0,12.600000000000001,0.04999999999999999,1100000,10237088,102942,732,5851719,0,0,0,0,0.0,0,0,0,0,0,0,0,0,0,0,0.0,0,0.0,0.0047063363704020755,12.301783561706543,0.62544719184362,4.567763328552246,0,0,0,0
2291,177214,72,pair_005_n3_005_control,control,1,0,0,12.540000000000001,0.04999999999999999,1100000,10241696,102979,733,5854295,0,0,0,0,0.0,0,0,0,0,0,0,0,0,0,0,0.0,0,0.0,0.004704592974559615,12.301783561706543,0.6253186333676164,4.567763328552246,0,0,0,0
2292,177287,73,pair_006_n5_006_conflict,conflict,1,0,0,12.530000000000001,0.04999999999999999,1100000,10246368,103039,734,5856809,0,0,0,0,0.0,0,0,0,0,0,0,0,0,0,0,0.0,0,0.0,0.004702811303521689,12.301783561706543,0.6251705314320561,4.567763328552246,0,0,0,0
2293,177354,67,pair_001_n3_001_conflict,conflict,1,0,0,12.590000000000002,0.04999999999999999,1100000,10250656,103076,735,5859084,0,0,0,0,0.0,0,0,0,0,0,0,0,0,0,0,0.0,0,0.0,0.004701260632250758,12.301783561706543,0.6250579414906399,4.567763328552246,0,0,0,0
2294,177427,73,pair_012_n5_012_conflict,conflict,1,0,0,12.530000000000001,0.04999999999999999,1100000,10255328,103122,735,5861577,0,0,0,0,0.0,0,0,0,0,0,0,0,0,0,0,0.0,0,0.0,0.004700324151844917,12.301783561706543,0.6250435943897957,4.567763328552246,0,0,0,0
2295,177514,87,pair_012_n5_012_control,control,1,0,0,12.39,0.04999999999999999,1100000,10260896,103170,735,5864626,0,0,0,0,0.0,0,0,0,0,0,0,0,0,0,0,0.0,0,0.0,0.0046982979666124886,12.301783561706543,0.6249513166193986,4.567763328552246,0,0,0,0
2296,177588,74,pair_002_n3_002_conflict,conflict,0,1,0,1.3200000000000012,0.04999999999999999,1100000,10265632,103203,735,5867151,0,0,0,0,0.0,0,0,0,0,0,0,0,0,0,0,0.0,0,0.0,0.004697225933138654,12.301783561706543,0.6248558882586802,4.567763328552246,0,0,0,0
2297,177655,67,pair_009_n3_009_conflict,conflict,1,0,0,12.590000000000002,0.04999999999999999,1100000,10269920,103249,735,5869476,0,0,0,0,0.0,0,0,0,0,0,0,0,0,0,0,0.0,0,0.0,0.004696198069293781,12.301783561706543,0.6247671906656231,4.567763328552246,0,0,0,0
2298,177730,75,pair_016_n5_016_conflict,conflict,1,0,0,12.510000000000002,0.04999999999999999,1100000,10274720,103310,735,5872133,0,0,0,0,0.0,0,0,0,0,0,0,0,0,0,0,0.0,0,0.0,0.004694394929295525,12.301783561706543,0.6246185082331985,4.567763328552246,0,0,0,0
2299,177805,75,pair_004_n3_004_control,control,1,0,0,12.510000000000002,0.04999999999999999,1100000,10279520,103353,738,5874750,0,0,0,0,0.0,0,0,0,0,0,0,0,0,0,0,0.0,0,0.0,0.0046931696461124375,12.301783561706543,0.6245146481639511,4.567763328552246,0,0,0,0
2300,177875,70,pair_017_n5_017_conflict,conflict,1,0,0,12.560000000000002,0.04999999999999999,1100000,10284000,103396,739,5877151,0,0,0,0,0.0,0,0,0,0,0,0,0,0,0,0,0.0,0,0.0,0.004691624512709743,12.301783561706543,0.6244697026632888,4.567763328552246,0,0,0,0
2301,177948,73,pair_006_n3_006_control,control,1,0,0,12.530000000000001,0.04999999999999999,1100000,10288672,103424,739,5879690,0,0,0,0,0.0,0,0,0,0,0,0,0,0,0,0,0.0,0,0.0,0.004689918993961643,12.301783561706543,0.6244039173452832,4.567763328552246,0,0,0,0
2302,178018,70,pair_002_n3_002_control,control,1,0,0,12.560000000000002,0.04999999999999999,1100000,10293152,103451,741,5882163,0,0,0,0,0.0,0,0,0,0,0,0,0,0,0,0,0.0,0,0.0,0.004688832504715008,12.301783561706543,0.6243336209870911,4.567763328552246,0,0,0,0
2303,178089,71,pair_009_n5_009_conflict,conflict,1,0,0,12.55,0.04999999999999999,1100000,10297696,103496,742,5884631,0,0,0,0,0.0,0,0,0,0,0,0,0,0,0,0,0.0,0,0.0,0.004687607966649691,12.301783561706543,0.6242538662259441,4.567763328552246,0,0,0,0
2304,178157,68,pair_004_n5_004_control,control,1,0,0,12.580000000000002,0.04999999999999999,1100000,10302048,103524,742,5887015,0,0,0,0,0.0,0,0,0,0,0,0,0,0,0,0,0.0,0,0.0,0.004686127920533518,12.301783561706543,0.6242343434144737,4.567763328552246,0,0,0,0
2305,178223,66,pair_014_n5_014_conflict,conflict,1,0,0,12.600000000000001,0.04999999999999999,1100000,10306272,103556,742,5889348,0,0,0,0,0.0,0,0,0,0,0,0,0,0,0,0,0.0,0,0.0,0.004684613364697598,12.301783561706543,0.6241401813131567,4.567763328552246,0,0,0,0
2306,178292,69,pair_007_n3_007_conflict,conflict,1,0,0,12.570000000000002,0.04999999999999999,1100000,10310688,103598,742,5891767,0,0,0,0,0.0,0,0,0,0,0,0,0,0,0,0,0.0,0,0.0,0.004682964768799333,12.301783561706543,0.6240203292800047,4.567763328552246,0,0,0,0
2307,178361,69,pair_012_n5_012_control,control,1,0,0,12.570000000000002,0.04999999999999999,1100000,10315104,103645,742,5894247,0,0,0,0,0.0,0,0,0,0,0,0,0,0,0,0,0.0,0,0.0,0.004681364541727964,12.301783561706543,0.6239253282020037,4.567763328552246,0,0,0,0
2308,178427,66,pair_015_n5_015_conflict,conflict,1,0,0,12.600000000000001,0.04999999999999999,1100000,10319328,103688,742,5896563,0,0,0,0,0.0,0,0,0,0,0,0,0,0,0,0,0.0,0,0.0,0.004679905301784506,12.301783561706543,0.6238300934934666,4.567763328552246,0,0,0,0
2309,178496,69,pair_012_n5_012_conflict,conflict,1,0,0,12.570000000000002,0.04999999999999999,1100000,10323744,103728,743,5898994,0,0,0,0,0.0,0,0,0,0,0,0,0,0,0,0,0.0,0,0.0,0.004678295838723729,12.301783561706543,0.6237090784333421,4.567763328552246,0,0,0,0
2310,178564,68,pair_001_n5_001_conflict,conflict,1,0,0,12.580000000000002,0.04999999999999999,1100000,10328096,103758,743,5901384,0,0,0,0,0.0,0,0,0,0,0,0,0,0,0,0,0.0,0,0.0,0.004676772560176355,12.301783561706543,0.6236269707888497,4.567763328552246,0,0,0,0
2311,178630,66,pair_017_n5_017_conflict,conflict,1,0,0,12.600000000000001,0.04999999999999999,1100000,10332320,103804,744,5903690,0,0,0,0,0.0,0,0,0,0,0,0,0,0,0,0,0.0,0,0.0,0.004675321348967878,12.301783561706543,0.6235235422356856,4.567763328552246,0,0,0,0
2312,178698,68,pair_006_n3_006_control,control,1,0,0,12.580000000000002,0.04999999999999999,1100000,10336672,103837,744,5906069,0,0,0,0,0.0,0,0,0,0,0,0,0,0,0,0,0.0,0,0.0,0.004673696190390989,12.301783561706543,0.6233704106379055,4.567763328552246,0,0,0,0
2313,178771,73,pair_005_n5_005_conflict,conflict,1,0,0,12.530000000000001,0.04999999999999999,1100000,10341344,103873,744,5908679,0,0,0,0,0.0,0,0,0,0,0,0,0,0,0,0,0.0,0,0.0,0.004671950123399171,12.301783561706543,0.6232153607912984,4.567763328552246,0,0,0,0
2314,178841,70,pair_005_n3_005_control,control,1,0,0,12.560000000000002,0.04999999999999999,1100000,10345824,103899,746,5911095,0,0,0,0,0.0,0,0,0,0,0,0,0,0,0,0,0.0,0,0.0,0.0046702850944562195,12.301783561706543,0.6230652155606925,4.567763328552246,0,0,0,0
2315,178914,73,pair_013_n3_013_control,control,1,0,0,12.530000000000001,0.04999999999999999,1100000,10350496,103939,746,5913684,0,0,0,0,0.0,0,0,0,0,0,0,0,0,0,0,0.0,0,0.0,0.004668568505113251,12.301783561706543,0.6229387628379829,4.567763328552246,0,0,0,0
2316,178982,68,pair_003_n3_003_conflict,conflict,1,0,0,12.580000000000002,0.04999999999999999,1100000,10354848,103961,748,5916032,0,0,0,0,0.0,0,0,0,0,0,0,0,0,0,0,0.0,0,0.0,0.004666967307073132,12.301783561706543,0.622864758297053,4.567763328552246,0,0,0,0
2317,179050,68,pair_016_n3_016_conflict,conflict,1,0,0,12.580000000000002,0.04999999999999999,1100000,10359200,103997,748,5918434,0,0,0,0,0.0,0,0,0,0,0,0,0,0,0,0,0.0,0,0.0,0.004665434851695536,12.301783561706543,0.6228251140026952,4.567763328552246,0,0,0,0
2318,179120,70,pair_004_n3_004_conflict,conflict,1,0,0,12.560000000000002,0.04999999999999999,1100000,10363680,104018,751,5920904,0,0,0,0,0.0,0,0,0,0,0,0,0,0,0,0,0.0,0,0.0,0.0046638129430027694,12.301783561706543,0.6227257496867742,4.567763328552246,0,0,0,0
2319,179186,66,pair_017_n3_017_conflict,conflict,1,0,0,12.600000000000001,0.04999999999999999,1100000,10367904,104052,752,5923176,0,0,0,0,0.0,0,0,0,0,0,0,0,0,0,0,0.0,0,0.0,0.004662292126304752,12.301783561706543,0.6226253564949487,4.567763328552246,0,0,0,0
2320,179254,68,pair_011_n3_011_control,control,1,0,0,12.580000000000002,0.04999999999999999,1100000,10372256,104083,752,5925570,0,0,0,0,0.0,0,0,0,0,0,0,0,0,0,0,0.0,0,0.0,0.004660730977257436,12.301783561706543,0.6225658123179921,4.567763328552246,0,0,0,0
2321,179320,66,pair_011_n3_011_conflict,conflict,1,0,0,12.600000000000001,0.04999999999999999,1100000,10376480,104111,752,5927852,0,0,0,0,0.0,0,0,0,0,0,0,0,0,0,0,0.0,0,0.0,0.0046593008080544175,12.301783561706543,0.6225097911884128,4.567763328552246,0,0,0,0
2322,179398,78,pair_006_n5_006_conflict,conflict,1,0,0,12.480000000000002,0.04999999999999999,1100000,10381472,104166,752,5930602,0,0,0,0,0.0,0,0,0,0,0,0,0,0,0,0,0.0,0,0.0,0.004657569514628421,12.301783561706543,0.6224025520545752,4.567763328552246,0,0,0,0
2323,179466,68,pair_006_n3_006_conflict,conflict,1,0,0,12.580000000000002,0.04999999999999999,1100000,10385824,104191,752,5932998,0,0,0,0,0.0,0,0,0,0,0,0,0,0,0,0,0.0,0,0.0,0.004656067652089751,12.301783561706543,0.6223141071840241,4.567763328552246,0,0,0,0
2324,179537,71,pair_014_n3_014_control,control,1,0,0,12.55,0.04999999999999999,1100000,10390368,104211,752,5935465,0,0,0,0,0.0,0,0,0,0,0,0,0,0,0,0,0.0,0,0.0,0.004654442751697252,12.301783561706543,0.6222441959704326,4.567763328552246,0,0,0,0
2325,179606,69,pair_015_n3_015_conflict,conflict,1,0,0,12.570000000000002,0.04999999999999999,1100000,10394784,104251,752,5937859,0,0,0,0,0.0,0,0,0,0,0,0,0,0,0,0,0.0,0,0.0,0.004652843587290433,12.301783561706543,0.6221310332968879,4.567763328552246,0,0,0,0
2326,179674,68,pair_007_n3_007_control,control,1,0,0,12.580000000000002,0.04999999999999999,1100000,10399136,104302,752,5940229,0,0,0,0,0.0,0,0,0,0,0,0,0,0,0,0,0.0,0,0.0,0.004651273977601058,12.301783561706543,0.622006965616093,4.567763328552246,0,0,0,0
2327,179745,71,pair_007_n5_007_conflict,conflict,1,0,0,12.55,0.04999999999999999,1100000,10403680,104360,753,5942687,0,0,0,0,0.0,0,0,0,0,0,0,0,0,0,0,0.0,0,0.0,0.004649619347621975,12.301783561706543,0.621856864614111,4.567763328552246,0,0,0,0
2328,179811,66,pair_005_n5_005_control,control,1,0,0,12.600000000000001,0.04999999999999999,1100000,10407904,104399,753,5944950,0,0,0,0,0.0,0,0,0,0,0,0,0,0,0,0,0.0,0,0.0,0.00464809657044982,12.301783561706543,0.621727981395101,4.567763328552246,0,0,0,0
2329,179880,69,pair_000_n5_000_control,control,1,0,0,12.570000000000002,0.04999999999999999,1100000,10412320,104443,755,5947284,0,0,0,0,0.0,0,0,0,0,0,0,0,0,0,0,0.0,0,0.0,0.004646645874707326,12.301783561706543,0.6215813543030063,4.567763328552246,0,0,0,0
2330,179952,72,pair_010_n5_010_conflict,conflict,1,0,0,12.540000000000001,0.04999999999999999,1100000,10416928,104491,758,5949808,0,0,0,0,0.0,0,0,0,0,0,0,0,0,0,0,0.0,0,0.0,0.004644969443109592,12.301783561706543,0.6214590854145684,4.567763328552246,0,0,0,0
2331,180024,72,pair_003_n3_003_control,control,1,0,0,12.540000000000001,0.04999999999999999,1100000,10421536,104540,758,5952369,0,0,0,0,0.0,0,0,0,0,0,0,0,0,0,0,0.0,0,0.0,0.004643372014578589,12.301783561706543,0.6213429521646409,4.567763328552246,0,0,0,0
2332,180094,70,pair_008_n3_008_control,control,1,0,0,12.560000000000002,0.04999999999999999,1100000,10426016,104582,758,5954810,0,0,0,0,0.0,0,0,0,0,0,0,0,0,0,0,0.0,0,0.0,0.0046417509519569135,12.301783561706543,0.6212266555409343,4.567763328552246,0,0,0,0
2333,180162,68,pair_009_n3_009_conflict,conflict,1,0,0,12.580000000000002,0.04999999999999999,1100000,10430368,104629,758,5957160,0,0,0,0,0.0,0,0,0,0,0,0,0,0,0,0,0.0,0,0.0,0.004640174665853057,12.301783561706543,0.6211110686277191,4.567763328552246,0,0,0,0
2334,180230,68,pair_001_n3_001_control,control,1,0,0,12.580000000000002,0.04999999999999999,1100000,10434720,104666,758,5959509,0,0,0,0,0.0,0,0,0,0,0,0,0,0,0,0,0.0,0,0.0,0.004638578467836489,12.301783561706543,0.6210181572226865,4.567763328552246,0,0,0,0
2335,180296,66,pair_013_n5_013_control,control,1,0,0,12.600000000000001,0.04999999999999999,1100000,10438944,104716,758,5961805,0,0,0,0,0.0,0,0,0,0,0,0,0,0,0,0,0.0,0,0.0,0.004637011299076478,12.301783561706543,0.6208906301930684,4.567763328552246,0,0,0,0
2336,180364,68,pair_016_n5_016_control,control,1,0,0,12.580000000000002,0.04999999999999999,1100000,10443296,104770,758,5964266,0,0,0,0,0.0,0,0,0,0,0,0,0,0,0,0,0.0,0,0.0,0.004635485276846819,12.301783561706543,0.6207950416191798,4.567763328552246,0,0,0,0
2337,180434,70,pair_000_n3_000_conflict,conflict,1,0,0,12.560000000000002,0.04999999999999999,1100000,10447776,104808,761,5966739,0,0,0,0,0.0,0,0,0,0,0,0,0,0,0,0,0.0,0,0.0,0.004633832230888135,12.301783561706543,0.6206910864229421,4.567763328552246,0,0,0,0
2338,180504,70,pair_017_n5_017_control,control,1,0,0,12.560000000000002,0.04999999999999999,1100000,10452256,104858,763,5969228,0,0,0,0,0.0,0,0,0,0,0,0,0,0,0,0,0.0,0,0.0,0.0046321661682968635,12.301783561706543,0.6205900643487375,4.567763328552246,0,0,0,0
2339,180559,55,pair_001_n5_001_control,control,0,1,0,1.160000000000001,0.04999999999999999,1100000,10455776,104889,763,5971159,0,0,0,0,0.0,0,0,0,0,0,0,0,0,0,0,0.0,0,0.0,0.004630871625313736,12.301783561706543,0.6204838662834461,4.567763328552246,0,0,0,0
2340,180631,72,pair_001_n3_001_conflict,conflict,1,0,0,12.540000000000001,0.04999999999999999,1100000,10460384,104918,764,5973736,0,0,0,0,0.0,0,0,0,0,0,0,0,0,0,0,0.0,0,0.0,0.004629226019719621,12.301783561706543,0.6203406463604137,4.567763328552246,0,0,0,0
2341,180701,70,pair_015_n5_015_control,control,1,0,0,12.560000000000002,0.04999999999999999,1100000,10464864,104977,764,5976159,0,0,0,0,0.0,0,0,0,0,0,0,0,0,0,0,0.0,0,0.0,0.004628493060869559,12.301783561706543,0.620291673814388,4.567763328552246,0,0,0,0
2342,180768,67,pair_005_n3_005_conflict,conflict,1,0,0,12.590000000000002,0.04999999999999999,1100000,10469152,105012,764,5978528,0,0,0,0,0.0,0,0,0,0,0,0,0,0,0,0,0.0,0,0.0,0.00462697863569841,12.301783561706543,0.6202233690319697,4.567763328552246,0,0,0,0
2343,180841,73,pair_011_n5_011_conflict,conflict,1,0,0,12.530000000000001,0.04999999999999999,1100000,10473824,105063,764,5981093,0,0,0,0,0.0,0,0,0,0,0,0,0,0,0,0,0.0,0,0.0,0.0046261851797794315,12.301783561706543,0.6201276887775872,4.567763328552246,0,0,0,0
2344,180912,71,pair_003_n5_003_conflict,conflict,1,0,0,12.55,0.04999999999999999,1100000,10478368,105105,766,5983554,0,0,0,0,0.0,0,0,0,0,0,0,0,0,0,0,0.0,0,0.0,0.004624599521739404,12.301783561706543,0.619989517885883,4.567763328552246,0,0,0,0
2345,180978,66,pair_002_n5_002_control,control,1,0,0,12.600000000000001,0.04999999999999999,1100000,10482592,105142,766,5985892,0,0,0,0,0.0,0,0,0,0,0,0,0,0,0,0,0.0,0,0.0,0.004623151789516322,12.301783561706543,0.6199264456224309,4.567763328552246,0,0,0,0
2346,181049,71,pair_002_n5_002_conflict,conflict,1,0,0,12.55,0.04999999999999999,1100000,10487136,105180,766,5988342,0,0,0,0,0.0,0,0,0,0,0,0,0,0,0,0,0.0,0,0.0,0.00462167125941211,12.301783561706543,0.6199492123373034,4.567763328552246,0,0,0,0
2347,181118,69,pair_017_n3_017_control,control,1,0,0,12.570000000000002,0.04999999999999999,1100000,10491552,105213,766,5990807,0,0,0,0,0.0,0,0,0,0,0,0,0,0,0,0,0.0,0,0.0,0.004620128223428533,12.301783561706543,0.6198275940198458,4.567763328552246,0,0,0,0
2348,181188,70,pair_012_n3_012_control,control,1,0,0,12.560000000000002,0.04999999999999999,1100000,10496032,105250,766,5993364,0,0,0,0,0.0,0,0,0,0,0,0,0,0,0,0,0.0,0,0.0,0.004618707200672716,12.301783561706543,0.6197034355010184,4.567763328552246,0,0,0,0
2349,181256,68,pair_010_n3_010_conflict,conflict,1,0,0,12.580000000000002,0.04999999999999999,1100000,10500384,105286,768,5995752,0,0,0,0,0.0,0,0,0,0,0,0,0,0,0,0,0.0,0,0.0,0.0046172365197165105,12.301783561706543,0.6195822448907614,4.567763328552246,0,0,0,0
2350,181326,70,pair_013_n5_013_conflict,conflict,1,0,0,12.560000000000002,0.04999999999999999,1100000,10504864,105342,768,5998253,0,0,0,0,0.0,0,0,0,0,0,0,0,0,0,0,0.0,0,0.0,0.004615677797047909,12.301783561706543,0.6194605219445486,4.567763328552246,0,0,0,0
2351,181395,69,pair_013_n3_013_conflict,conflict,1,0,0,12.570000000000002,0.04999999999999999,1100000,10509280,105382,768,6000665,0,0,0,0,0.0,0,0,0,0,0,0,0,0,0,0,0.0,0,0.0,0.004615547473001362,12.301783561706543,0.6195211542751116,4.567763328552246,0,0,0,0
2352,181463,68,pair_016_n5_016_conflict,conflict,1,0,0,12.580000000000002,0.04999999999999999,1100000,10513632,105435,768,6003089,0,0,0,0,0.0,0,0,0,0,0,0,0,0,0,0,0.0,0,0.0,0.004614007187324503,12.301783561706543,0.6194091655464673,4.567763328552246,0,0,0,0
2353,181532,69,pair_008_n5_008_control,control,1,0,0,12.570000000000002,0.04999999999999999,1100000,10518048,105481,770,6005556,0,0,0,0,0.0,0,0,0,0,0,0,0,0,0,0,0.0,0,0.0,0.004612509220918903,12.301783561706543,0.6192838575625542,4.567763328552246,0,0,0,0
2354,181605,73,pair_009_n3_009_control,control,1,0,0,12.530000000000001,0.04999999999999999,1100000,10522720,105537,770,6008161,0,0,0,0,0.0,0,0,0,0,0,0,0,0,0,0,0.0,0,0.0,0.004611289037132169,12.301783561706543,0.6191746511064878,4.567763328552246,0,0,0,0
2355,181677,72,pair_009_n5_009_control,control,1,0,0,12.540000000000003,0.04999999999999999,1100000,10527328,105586,770,6010724,0,0,0,0,0.0,0,0,0,0,0,0,0,0,0,0,0.0,0,0.0,0.004609671437091656,12.301783561706543,0.619042631979658,4.567763328552246,0,0,0,0
2356,181749,72,pair_010_n5_010_control,control,1,0,0,12.540000000000001,0.04999999999999999,1100000,10531936,105621,770,6013318,0,0,0,0,0.0,0,0,0,0,0,0,0,0,0,0,0.0,0,0.0,0.0046083675274016436,12.301783561706543,0.6189953426770072,4.567763328552246,0,0,0,0
2357,181820,71,pair_016_n3_016_control,control,1,0,0,12.55,0.04999999999999999,1100000,10536480,105666,770,6015822,0,0,0,0,0.0,0,0,0,0,0,0,0,0,0,0,0.0,0,0.0,0.00460702028662171,12.301783561706543,0.618893614797621,4.567763328552246,0,0,0,0
2358,181894,74,pair_002_n3_002_conflict,conflict,1,0,0,12.520000000000001,0.04999999999999999,1100000,10541216,105696,772,6018459,0,0,0,0,0.0,0,0,0,0,0,0,0,0,0,0,0.0,0,0.0,0.004605431540220158,12.301783561706543,0.6187655494410351,4.567763328552246,0,0,0,0
2359,181963,69,pair_015_n3_015_control,control,1,0,0,12.570000000000002,0.04999999999999999,1100000,10545632,105734,772,6020955,0,0,0,0,0.0,0,0,0,0,0,0,0,0,0,0,0.0,0,0.0,0.004603824773204587,12.301783561706543,0.6186113800203541,4.567763328552246,0,0,0,0
2360,182033,70,pair_007_n5_007_control,control,1,0,0,12.560000000000002,0.04999999999999999,1100000,10550112,105790,774,6023464,0,0,0,0,0.0,0,0,0,0,0,0,0,0,0,0,0.0,0,0.0,0.004602317707646956,12.301783561706543,0.6184980297005153,4.567763328552246,0,0,0,0
2361,182099,66,pair_000_n5_000_conflict,conflict,1,0,0,12.600000000000001,0.04999999999999999,1100000,10554336,105830,774,6025884,0,0,0,0,0.0,0,0,0,0,0,0,0,0,0,0,0.0,0,0.0,0.0046009692163132415,12.301783561706543,0.6184096505755148,4.567763328552246,0,0,0,0
2362,182171,72,pair_004_n3_004_control,control,1,0,0,12.540000000000001,0.04999999999999999,1100000,10558944,105858,774,6028444,0,0,0,0,0.0,0,0,0,0,0,0,0,0,0,0,0.0,0,0.0,0.004599510621787059,12.301783561706543,0.6183612717020429,4.567763328552246,0,0,0,0
2363,182241,70,pair_009_n5_009_conflict,conflict,1,0,0,12.560000000000002,0.04999999999999999,1100000,10563424,105915,776,6030952,0,0,0,0,0.0,0,0,0,0,0,0,0,0,0,0,0.0,0,0.0,0.004597949467998382,12.301783561706543,0.6182625361625622,4.567763328552246,0,0,0,0
2364,182312,71,pair_004_n5_004_conflict,conflict,1,0,0,12.55,0.04999999999999999,1100000,10567968,105955,777,6033519,0,0,0,0,0.0,0,0,0,0,0,0,0,0,0,0,0.0,0,0.0,0.00459631295615605,12.301783561706543,0.6181441835349312,4.567763328552246,0,0,0,0
2365,182383,71,pair_010_n3_010_control,control,1,0,0,12.55,0.04999999999999999,1100000,10572512,105994,777,6036064,0,0,0,0,0.0,0,0,0,0,0,0,0,0,0,0,0.0,0,0.0,0.004594735175749848,12.301783561706543,0.6179846399973257,4.567763328552246,0,0,0,0
2366,182388,5,pair_012_n3_012_conflict,conflict,0,1,0,-0.84,0.04999999999999999,1100000,10572832,105999,777,6036250,0,0,0,0,0.0,0,0,0,0,0,0,0,0,0,0,0.0,0,0.0,0.004594620380871953,12.301783561706543,0.6179814908870739,4.567763328552246,0,0,0,0
2367,182460,72,pair_008_n5_008_conflict,conflict,1,0,0,12.540000000000001,0.04999999999999999,1100000,10577440,106052,777,6038848,0,0,0,0,0.0,0,0,0,0,0,0,0,0,0,0,0.0,0,0.0,0.004592979782607792,12.301783561706543,0.6178421328708616,4.567763328552246,0,0,0,0
2368,182529,69,pair_008_n3_008_conflict,conflict,1,0,0,12.570000000000002,0.04999999999999999,1100000,10581856,106091,777,6041277,0,0,0,0,0.0,0,0,0,0,0,0,0,0,0,0,0.0,0,0.0,0.004591415992730871,12.301783561706543,0.6177010640964308,4.567763328552246,0,0,0,0
2369,182599,70,pair_000_n3_000_control,control,1,0,0,12.560000000000002,0.04999999999999999,1100000,10586336,106125,777,6043861,0,0,0,0,0.0,0,0,0,0,0,0,0,0,0,0,0.0,0,0.0,0.004589980431453998,12.301783561706543,0.617623919528018,4.567763328552246,0,0,0,0
2370,182681,82,pair_002_n3_002_control,control,1,0,0,12.440000000000001,0.04999999999999999,1100000,10591584,106154,778,6046806,0,0,0,0,0.0,0,0,0,0,0,0,0,0,0,0,0.0,0,0.0,0.004588230739477804,12.301783561706543,0.6174713159881607,4.567763328552246,0,0,0,0
2371,182756,75,pair_011_n5_011_control,control,1,0,0,12.510000000000002,0.04999999999999999,1100000,10596384,106207,780,6049540,0,0,0,0,0.0,0,0,0,0,0,0,0,0,0,0,0.0,0,0.0,0.004586548993456334,12.301783561706543,0.6173382973557082,4.567763328552246,0,0,0,0
2372,182825,69,pair_014_n3_014_conflict,conflict,1,0,0,12.570000000000002,0.04999999999999999,1100000,10600800,106243,780,6052002,0,0,0,0,0.0,0,0,0,0,0,0,0,0,0,0,0.0,0,0.0,0.004585004974039279,12.301783561706543,0.6172509214680596,4.567763328552246,0,0,0,0
2373,182891,66,pair_014_n5_014_control,control,1,0,0,12.600000000000001,0.04999999999999999,1100000,10605024,106291,780,6054395,0,0,0,0,0.0,0,0,0,0,0,0,0,0,0,0,0.0,0,0.0,0.004583499599085993,12.301783561706543,0.6171240810403548,4.567763328552246,0,0,0,0
2374,182959,68,pair_003_n5_003_control,control,1,0,0,12.580000000000002,0.04999999999999999,1100000,10609376,106324,781,6056812,0,0,0,0,0.0,0,0,0,0,0,0,0,0,0,0,0.0,0,0.0,0.004581987899123489,12.301783561706543,0.6170577367681808,4.567763328552246,0,0,0,0
2375,183025,66,pair_006_n5_006_control,control,1,0,0,12.600000000000001,0.04999999999999999,1100000,10613600,106376,781,6059205,0,0,0,0,0.0,0,0,0,0,0,0,0,0,0,0,0.0,0,0.0,0.004580443613481155,12.301783561706543,0.6169237723498325,4.567763328552246,0,0,0,0
2376,183095,70,pair_015_n3_015_conflict,conflict,1,0,0,12.560000000000002,0.04999999999999999,1100000,10618080,106417,781,6061698,0,0,0,0,0.0,0,0,0,0,0,0,0,0,0,0,0.0,0,0.0,0.004578830571030157,12.301783561706543,0.6168144828247217,4.567763328552246,0,0,0,0
2377,183170,75,pair_009_n3_009_conflict,conflict,1,0,0,12.510000000000002,0.04999999999999999,1100000,10622880,106468,782,6064357,0,0,0,0,0.0,0,0,0,0,0,0,0,0,0,0,0.0,0,0.0,0.004577095146535403,12.301783561706543,0.616666136357868,4.567763328552246,0,0,0,0
2378,183240,70,pair_009_n5_009_conflict,conflict,1,0,0,12.560000000000002,0.04999999999999999,1100000,10627360,106527,783,6066924,0,0,0,0,0.0,0,0,0,0,0,0,0,0,0,0,0.0,0,0.0,0.004575583588984528,12.301783561706543,0.6165690882616636,4.567763328552246,0,0,0,0
2379,183308,68,pair_005_n5_005_control,control,1,0,0,12.580000000000002,0.04999999999999999,1100000,10631712,106566,783,6069410,0,0,0,0,0.0,0,0,0,0,0,0,0,0,0,0,0.0,0,0.0,0.004574006045270769,12.301783561706543,0.6164183504304346,4.567763328552246,0,0,0,0
2380,183378,70,pair_015_n5_015_control,control,1,0,0,12.560000000000002,0.04999999999999999,1100000,10636192,106612,783,6071965,0,0,0,0,0.0,0,0,0,0,0,0,0,0,0,0,0.0,0,0.0,0.004572536360107239,12.301783561706543,0.6163444833446536,4.567763328552246,0,0,0,0
2381,183448,70,pair_010_n5_010_control,control,1,0,0,12.560000000000002,0.04999999999999999,1100000,10640672,106661,783,6074564,0,0,0,0,0.0,0,0,0,0,0,0,0,0,0,0,0.0,0,0.0,0.004570953059821602,12.301783561706543,0.6162105331056633,4.567763328552246,0,0,0,0
2382,183524,76,pair_004_n3_004_control,control,1,0,0,12.500000000000002,0.04999999999999999,1100000,10645536,106692,785,6077315,0,0,0,0,0.0,0,0,0,0,0,0,0,0,0,0,0.0,0,0.0,0.00456919188269094,12.301783561706543,0.6160551458170099,4.567763328552246,0,0,0,0
2383,183594,70,pair_016_n5_016_control,control,1,0,0,12.560000000000002,0.04999999999999999,1100000,10650016,106752,785,6079873,0,0,0,0,0.0,0,0,0,0,0,0,0,0,0,0,0.0,0,0.0,0.004567623379762887,12.301783561706543,0.6159277595602959,4.567763328552246,0,0,0,0
2384,183662,68,pair_001_n5_001_control,control,1,0,0,12.580000000000002,0.04999999999999999,1100000,10654368,106800,785,6082347,0,0,0,0,0.0,0,0,0,0,0,0,0,0,0,0,0.0,0,0.0,0.004566097985954848,12.301783561706543,0.6158125197076952,4.567763328552246,0,0,0,0
2385,183728,66,pair_017_n3_017_conflict,conflict,1,0,0,12.600000000000001,0.04999999999999999,1100000,10658592,106834,786,6084817,0,0,0,0,0.0,0,0,0,0,0,0,0,0,0,0,0.0,0,0.0,0.004564675044473687,12.301783561706543,0.6158384500630784,4.567763328552246,0,0,0,0
2386,183800,72,pair_014_n5_014_conflict,conflict,1,0,0,12.540000000000001,0.04999999999999999,1100000,10663200,106888,786,6087443,0,0,0,0,0.0,0,0,0,0,0,0,0,0,0,0,0.0,0,0.0,0.004563085122691529,12.301783561706543,0.6157744676111037,4.567763328552246,0,0,0,0
2387,183868,68,pair_008_n3_008_control,control,1,0,0,12.580000000000002,0.04999999999999999,1100000,10667552,106932,788,6089954,0,0,0,0,0.0,0,0,0,0,0,0,0,0,0,0,0.0,0,0.0,0.004561576944590815,12.301783561706543,0.6156649780828851,4.567763328552246,0,0,0,0
2388,183938,70,pair_011_n5_011_control,control,1,0,0,12.560000000000002,0.04999999999999999,1100000,10672032,106964,788,6092488,0,0,0,0,0.0,0,0,0,0,0,0,0,0,0,0,0.0,0,0.0,0.004560000692790868,12.301783561706543,0.615555146324187,4.567763328552246,0,0,0,0
2389,184006,68,pair_005_n3_005_conflict,conflict,1,0,0,12.580000000000002,0.04999999999999999,1100000,10676384,107000,788,6095054,0,0,0,0,0.0,0,0,0,0,0,0,0,0,0,0,0.0,0,0.0,0.0045584985908896074,12.301783561706543,0.6154467929120166,4.567763328552246,0,0,0,0
2390,184078,72,pair_001_n3_001_control,control,1,0,0,12.540000000000001,0.04999999999999999,1100000,10680992,107042,788,6097754,0,0,0,0,0.0,0,0,0,0,0,0,0,0,0,0,0.0,0,0.0,0.004556892799597575,12.301783561706543,0.6153203870697229,4.567763328552246,0,0,0,0
2391,184151,73,pair_015_n5_015_conflict,conflict,1,0,0,12.530000000000001,0.04999999999999999,1100000,10685664,107096,788,6100481,0,0,0,0,0.0,0,0,0,0,0,0,0,0,0,0,0.0,0,0.0,0.004555278209788096,12.301783561706543,0.6151867062522147,4.567763328552246,0,0,0,0
2392,184217,66,pair_011_n5_011_conflict,conflict,1,0,0,12.600000000000001,0.04999999999999999,1100000,10689888,107134,788,6103005,0,0,0,0,0.0,0,0,0,0,0,0,0,0,0,0,0.0,0,0.0,0.0045537792437457805,12.301783561706543,0.615082730429417,4.567763328552246,0,0,0,0
2393,184283,66,pair_010_n5_010_conflict,conflict,1,0,0,12.600000000000001,0.04999999999999999,1100000,10694112,107179,788,6105446,0,0,0,0,0.0,0,0,0,0,0,0,0,0,0,0,0.0,0,0.0,0.004552429198692623,12.301783561706543,0.6149749845167904,4.567763328552246,0,0,0,0
2394,184351,68,pair_003_n5_003_conflict,conflict,1,0,0,12.580000000000002,0.04999999999999999,1100000,10698464,107226,788,6108014,0,0,0,0,0.0,0,0,0,0,0,0,0,0,0,0,0.0,0,0.0,0.0045508967057374125,12.301783561706543,0.6148617321615814,4.567763328552246,0,0,0,0
2395,184422,71,pair_016_n3_016_conflict,conflict,1,0,0,12.55,0.04999999999999999,1100000,10703008,107266,788,6110692,0,0,0,0,0.0,0,0,0,0,0,0,0,0,0,0,0.0,0,0.0,0.0045493200812996995,12.301783561706543,0.6147767447333345,4.567763328552246,0,0,0,0
2396,184499,77,pair_013_n3_013_conflict,conflict,1,0,0,12.490000000000002,0.04999999999999999,1100000,10707936,107310,789,6113606,0,0,0,0,0.0,0,0,0,0,0,0,0,0,0,0,0.0,0,0.0,0.004547596943906891,12.301783561706543,0.6146280773360789,4.567763328552246,0,0,0,0
2397,184572,73,pair_005_n5_005_conflict,conflict,1,0,0,12.530000000000001,0.04999999999999999,1100000,10712608,107357,789,6116406,0,0,0,0,0.0,0,0,0,0,0,0,0,0,0,0,0.0,0,0.0,0.004545995194763843,12.301783561706543,0.6145040465031777,4.567763328552246,0,0,0,0
2398,184640,68,pair_007_n5_007_conflict,conflict,1,0,0,12.580000000000002,0.04999999999999999,1100000,10716960,107412,789,6119001,0,0,0,0,0.0,0,0,0,0,0,0,0,0,0,0,0.0,0,0.0,0.004544514627397812,12.301783561706543,0.6144720808751113,4.567763328552246,0,0,0,0
2399,184708,68,pair_004_n5_004_conflict,conflict,1,0,0,12.580000000000002,0.04999999999999999,1100000,10721312,107461,789,6121603,0,0,0,0,0.0,0,0,0,0,0,0,0,0,0,0,0.0,0,0.0,0.004543092651660357,12.301783561706543,0.6144734843464341,4.567763328552246,0,0,0,0
2400,184778,70,pair_017_n3_017_control,control,1,0,0,12.560000000000002,0.04999999999999999,1100000,10725792,107495,789,6124260,0,0,0,0,0.0,0,0,0,0,0,0,0,0,0,0,0.0,0,0.0,0.004541571755830883,12.301783561706543,0.6143991053616236,4.567763328552246,0,0,0,0
2401,184844,66,pair_010_n3_010_conflict,conflict,1,0,0,12.600000000000001,0.04999999999999999,1100000,10730016,107538,789,6126790,0,0,0,0,0.0,0,0,0,0,0,0,0,0,0,0,0.0,0,0.0,0.0045401549297993645,12.301783561706543,0.6143053006355755,4.567763328552246,0,0,0,0
2402,184919,75,pair_013_n3_013_control,control,1,0,0,12.510000000000002,0.04999999999999999,1100000,10734816,107583,790,6129616,0,0,0,0,0.0,0,0,0,0,0,0,0,0,0,0,0.0,0,0.0,0.0045384303452839555,12.301783561706543,0.6141534478721036,4.567763328552246,0,0,0,0
2403,184986,67,pair_009_n3_009_control,control,1,0,0,12.590000000000002,0.04999999999999999,1100000,10739104,107634,790,6132153,0,0,0,0,0.0,0,0,0,0,0,0,0,0,0,0,0.0,0,0.0,0.004536924331610878,12.301783561706543,0.6140178568270098,4.567763328552246,0,0,0,0
2404,185059,73,pair_008_n5_008_conflict,conflict,1,0,0,12.530000000000001,0.04999999999999999,1100000,10743776,107685,790,6134950,0,0,0,0,0.0,0,0,0,0,0,0,0,0,0,0,0.0,0,0.0,0.004535309445955362,12.301783561706543,0.6139261556276923,4.567763328552246,0,0,0,0
2405,185126,67,pair_003_n3_003_control,control,1,0,0,12.590000000000002,0.04999999999999999,1100000,10748064,107728,790,6137554,0,0,0,0,0.0,0,0,0,0,0,0,0,0,0,0,0.0,0,0.0,0.004533798585324206,12.301783561706543,0.6137986767930942,4.567763328552246,0,0,0,0
2406,185194,68,pair_000_n5_000_control,control,1,0,0,12.580000000000002,0.04999999999999999,1100000,10752416,107777,790,6140207,0,0,0,0,0.0,0,0,0,0,0,0,0,0,0,0,0.0,0,0.0,0.004532254103417653,12.301783561706543,0.6136527021203976,4.567763328552246,0,0,0,0
2407,185263,69,pair_016_n5_016_conflict,conflict,1,0,0,12.570000000000002,0.04999999999999999,1100000,10756832,107828,790,6142863,0,0,0,0,0.0,0,0,0,0,0,0,0,0,0,0,0.0,0,0.0,0.004530712535573106,12.301783561706543,0.6135290442814093,4.567763328552246,0,0,0,0
2408,185278,15,pair_013_n5_013_conflict,conflict,0,1,0,-0.4900000000000001,0.04999999999999999,1100000,10757792,107843,790,6143453,0,0,0,0,0.0,0,0,0,0,0,0,0,0,0,0,0.0,0,0.0,0.004530372464055839,12.301783561706543,0.6135047107349622,4.567763328552246,0,0,0,0
2409,185349,71,pair_007_n5_007_control,control,1,0,0,12.55,0.04999999999999999,1100000,10762336,107887,792,6146242,0,0,0,0,0.0,0,0,0,0,0,0,0,0,0,0,0.0,0,0.0,0.004528820868618695,12.301783561706543,0.6133859912925919,4.567763328552246,0,0,0,0
2410,185422,73,pair_000_n3_000_control,control,1,0,0,12.530000000000001,0.04999999999999999,1100000,10767008,107927,793,6149120,0,0,0,0,0.0,0,0,0,0,0,0,0,0,0,0,0.0,0,0.0,0.004527179705384839,12.301783561706543,0.613306019345875,4.567763328552246,0,0,0,0
2411,185494,72,pair_011_n3_011_conflict,conflict,1,0,0,12.540000000000001,0.04999999999999999,1100000,10771616,107957,793,6151914,0,0,0,0,0.0,0,0,0,0,0,0,0,0,0,0,0.0,0,0.0,0.004526213038331491,12.301783561706543,0.6131757486078891,4.567763328552246,0,0,0,0
2412,185560,66,pair_014_n3_014_control,control,1,0,0,12.600000000000001,0.04999999999999999,1100000,10775840,107992,793,6154415,0,0,0,0,0.0,0,0,0,0,0,0,0,0,0,0,0.0,0,0.0,0.004525357801241475,12.301783561706543,0.6130409804890278,4.567763328552246,0,0,0,0
2413,185629,69,pair_017_n5_017_control,control,1,0,0,12.570000000000002,0.04999999999999999,1100000,10780256,108039,793,6157042,0,0,0,0,0.0,0,0,0,0,0,0,0,0,0,0,0.0,0,0.0,0.004523833748896982,12.301783561706543,0.6129399163082997,4.567763328552246,0,0,0,0
2414,185701,72,pair_008_n5_008_control,control,1,0,0,12.540000000000001,0.04999999999999999,1100000,10784864,108078,793,6159796,0,0,0,0,0.0,0,0,0,0,0,0,0,0,0,0,0.0,0,0.0,0.004522216080667476,12.301783561706543,0.6128437850028892,4.567763328552246,0,0,0,0
2415,185769,68,pair_014_n3_014_conflict,conflict,1,0,0,12.580000000000002,0.04999999999999999,1100000,10789216,108131,793,6162475,0,0,0,0,0.0,0,0,0,0,0,0,0,0,0,0,0.0,0,0.0,0.004521332623062487,12.301783561706543,0.6127319097378217,4.567763328552246,0,0,0,0
2416,185842,73,pair_012_n3_012_control,control,1,0,0,12.530000000000001,0.04999999999999999,1100000,10793888,108167,793,6165270,0,0,0,0,0.0,0,0,0,0,0,0,0,0,0,0,0.0,0,0.0,0.004519797639478533,12.301783561706543,0.6126217508255717,4.567763328552246,0,0,0,0
2417,185910,68,pair_016_n3_016_control,control,1,0,0,12.580000000000002,0.04999999999999999,1100000,10798240,108213,793,6167893,0,0,0,0,0.0,0,0,0,0,0,0,0,0,0,0,0.0,0,0.0,0.0045183938140433205,12.301783561706543,0.6125246072397569,4.567763328552246,0,0,0,0
2418,185981,71,pair_001_n3_001_conflict,conflict,1,0,0,12.55,0.04999999999999999,1100000,10802784,108260,793,6170667,0,0,0,0,0.0,0,0,0,0,0,0,0,0,0,0,0.0,0,0.0,0.0045174597773867346,12.301783561706543,0.6124677776039651,4.567763328552246,0,0,0,0
2419,186047,66,pair_002_n3_002_control,control,1,0,0,12.600000000000001,0.04999999999999999,1100000,10807008,108293,793,6173185,0,0,0,0,0.0,0,0,0,0,0,0,0,0,0,0,0.0,0,0.0,0.004516686966802563,12.301783561706543,0.6123840601020739,4.567763328552246,0,0,0,0
2420,186114,67,pair_006_n3_006_conflict,conflict,1,0,0,12.590000000000002,0.04999999999999999,1100000,10811296,108339,793,6175789,0,0,0,0,0.0,0,0,0,0,0,0,0,0,0,0,0.0,0,0.0,0.0045159402860272336,12.301783561706543,0.6122685544331473,4.567763328552246,0,0,0,0
2421,186182,68,pair_006_n3_006_control,control,1,0,0,12.580000000000002,0.04999999999999999,1100000,10815648,108379,793,6178365,0,0,0,0,0.0,0,0,0,0,0,0,0,0,0,0,0.0,0,0.0,0.004515734033900949,12.301783561706543,0.6121739194482785,4.567763328552246,0,0,0,0
2422,186252,70,pair_007_n3_007_conflict,conflict,1,0,0,12.560000000000002,0.04999999999999999,1100000,10820128,108425,793,6181081,0,0,0,0,0.0,0,0,0,0,0,0,0,0,0,0,0.0,0,0.0,0.004514360631670468,12.301783561706543,0.6121118977420674,4.567763328552246,0,0,0,0
2423,186321,69,pair_017_n5_017_conflict,conflict,1,0,0,12.570000000000002,0.04999999999999999,1100000,10824544,108472,794,6183705,0,0,0,0,0.0,0,0,0,0,0,0,0,0,0,0,0.0,0,0.0,0.0045136510670142835,12.301783561706543,0.612059364775609,4.567763328552246,0,0,0,0
2424,186388,67,pair_009_n5_009_control,control,1,0,0,12.590000000000002,0.04999999999999999,1100000,10828832,108535,794,6186298,0,0,0,0,0.0,0,0,0,0,0,0,0,0,0,0,0.0,0,0.0,0.004512303141458177,12.301783561706543,0.6120016150837877,4.567763328552246,0,0,0,0
2425,186462,74,pair_014_n5_014_control,control,1,0,0,12.520000000000001,0.04999999999999999,1100000,10833568,108585,794,6189146,0,0,0,0,0.0,0,0,0,0,0,0,0,0,0,0,0.0,0,0.0,0.0045108246398519744,12.301783561706543,0.6118784937402185,4.567763328552246,0,0,0,0
2426,186533,71,pair_011_n3_011_control,control,1,0,0,12.55,0.04999999999999999,1100000,10838112,108600,794,6191873,0,0,0,0,0.0,0,0,0,0,0,0,0,0,0,0,0.0,0,0.0,0.0045093447767647135,12.301783561706543,0.611793722315393,4.567763328552246,0,0,0,0
2427,186606,73,pair_007_n3_007_control,control,1,0,0,12.530000000000001,0.04999999999999999,1100000,10842784,108659,794,6194656,0,0,0,0,0.0,0,0,0,0,0,0,0,0,0,0,0.0,0,0.0,0.004507764760271951,12.301783561706543,0.6116851550368627,4.567763328552246,0,0,0,0
2428,186608,2,pair_015_n3_015_control,control,0,1,0,-0.96,0.04999999999999999,1100000,10842912,108661,794,6194737,0,0,0,0,0.0,0,0,0,0,0,0,0,0,0,0,0.0,0,0.0,0.0045077194185691085,12.301783561706543,0.611679328711642,4.567763328552246,0,0,0,0
2429,186682,74,pair_003_n5_003_control,control,1,0,0,12.520000000000001,0.04999999999999999,1100000,10847648,108721,794,6197556,0,0,0,0,0.0,0,0,0,0,0,0,0,0,0,0,0.0,0,0.0,0.004506270867825668,12.301783561706543,0.6115450326735425,4.567763328552246,0,0,0,0
2430,186753,71,pair_002_n5_002_conflict,conflict,1,0,0,12.55,0.04999999999999999,1100000,10852192,108764,795,6200242,0,0,0,0,0.0,0,0,0,0,0,0,0,0,0,0,0.0,0,0.0,0.004504678681454385,12.301783561706543,0.6114300637051954,4.567763328552246,0,0,0,0
2431,186822,69,pair_003_n3_003_conflict,conflict,1,0,0,12.570000000000002,0.04999999999999999,1100000,10856608,108803,795,6202931,0,0,0,0,0.0,0,0,0,0,0,0,0,0,0,0,0.0,0,0.0,0.004503132432970909,12.301783561706543,0.6112968003004843,4.567763328552246,0,0,0,0
2432,186838,16,pair_013_n5_013_control,control,0,1,0,-0.45000000000000007,0.04999999999999999,1100000,10857632,108819,796,6203552,0,0,0,0,0.0,0,0,0,0,0,0,0,0,0,0,0.0,0,0.0,0.004502790204083891,12.301783561706543,0.6112873111683431,4.567763328552246,0,0,0,0
2433,186908,70,pair_001_n5_001_conflict,conflict,1,0,0,12.560000000000002,0.04999999999999999,1100000,10862112,108838,796,6206285,0,0,0,0,0.0,0,0,0,0,0,0,0,0,0,0,0.0,0,0.0,0.004501295342480345,12.301783561706543,0.6112297844881377,4.567763328552246,0,0,0,0
2434,186975,67,pair_005_n3_005_control,control,1,0,0,12.590000000000002,0.04999999999999999,1100000,10866400,108868,796,6208925,0,0,0,0,0.0,0,0,0,0,0,0,0,0,0,0,0.0,0,0.0,0.0045004698291327555,12.301783561706543,0.6111037859803449,4.567763328552246,0,0,0,0
2435,187043,68,pair_002_n5_002_control,control,1,0,0,12.580000000000002,0.04999999999999999,1100000,10870752,108907,796,6211588,0,0,0,0,0.0,0,0,0,0,0,0,0,0,0,0,0.0,0,0.0,0.004498955256456754,12.301783561706543,0.6109578248956341,4.567763328552246,0,0,0,0
2436,187122,79,pair_010_n3_010_control,control,1,0,0,12.470000000000002,0.04999999999999999,1100000,10875808,108923,796,6214669,0,0,0,0,0.0,0,0,0,0,0,0,0,0,0,0,0.0,0,0.0,0.0044972289395160065,12.301783561706543,0.6108331313559414,4.567763328552246,0,0,0,0
2437,187190,68,pair_000_n3_000_conflict,conflict,1,0,0,12.580000000000002,0.04999999999999999,1100000,10880160,108951,796,6217277,0,0,0,0,0.0,0,0,0,0,0,0,0,0,0,0,0.0,0,0.0,0.004496395332934063,12.301783561706543,0.6107879028130597,4.567763328552246,0,0,0,0
2438,187259,69,pair_012_n5_012_control,control,1,0,0,12.570000000000002,0.04999999999999999,1100000,10884576,109001,796,6219879,0,0,0,0,0.0,0,0,0,0,0,0,0,0,0,0,0.0,0,0.0,0.004494831825445809,12.301783561706543,0.6106314931419461,4.567763328552246,0,0,0,0
2439,187336,77,pair_012_n5_012_conflict,conflict,1,0,0,12.490000000000002,0.04999999999999999,1100000,10889504,109059,798,6222808,0,0,0,0,0.0,0,0,0,0,0,0,0,0,0,0,0.0,0,0.0,0.004493711527343871,12.301783561706543,0.6104774706014559,4.567763328552246,0,0,0,0
2440,187408,72,pair_008_n3_008_conflict,conflict,1,0,0,12.540000000000001,0.04999999999999999,1100000,10894112,109101,798,6225615,0,0,0,0,0.0,0,0,0,0,0,0,0,0,0,0,0.0,0,0.0,0.004493280935387329,12.301783561706543,0.6104078018221961,4.567763328552246,0,0,0,0
2441,187477,69,pair_002_n3_002_conflict,conflict,1,0,0,12.570000000000002,0.04999999999999999,1100000,10898528,109131,800,6228330,0,0,0,0,0.0,0,0,0,0,0,0,0,0,0,0,0.0,0,0.0,0.004493433356642326,12.301783561706543,0.6103502887702231,4.567763328552246,0,0,0,0
2442,187546,69,pair_012_n3_012_conflict,conflict,1,0,0,12.570000000000002,0.04999999999999999,1100000,10902944,109171,800,6231008,0,0,0,0,0.0,0,0,0,0,0,0,0,0,0,0,0.0,0,0.0,0.0044924228100726524,12.301783561706543,0.6102886676621667,4.567763328552246,0,0,0,0
2443,187617,71,pair_000_n5_000_conflict,conflict,1,0,0,12.55,0.04999999999999999,1100000,10907488,109224,801,6233734,0,0,0,0,0.0,0,0,0,0,0,0,0,0,0,0,0.0,0,0.0,0.004491163261580413,12.301783561706543,0.6102984741557168,4.567763328552246,0,0,0,0
2444,187687,70,pair_004_n3_004_conflict,conflict,1,0,0,12.560000000000002,0.04999999999999999,1100000,10911968,109264,803,6236411,0,0,0,0,0.0,0,0,0,0,0,0,0,0,0,0,0.0,0,0.0,0.00449015280882226,12.301783561706543,0.6102407425409538,4.567763328552246,0,0,0,0
2445,187756,69,pair_004_n5_004_control,control,1,0,0,12.570000000000002,0.04999999999999999,1100000,10916384,109307,803,6239035,0,0,0,0,0.0,0,0,0,0,0,0,0,0,0,0,0.0,0,0.0,0.004488803578779239,12.301783561706543,0.6101559080493097,4.567763328552246,0,0,0,0
2446,187762,6,pair_006_n5_006_control,control,0,1,0,-0.8,0.04999999999999999,1100000,10916768,109313,803,6239291,0,0,0,0,0.0,0,0,0,0,0,0,0,0,0,0,0.0,0,0.0,0.00448868670764068,12.301783561706543,0.6101523211736493,4.567763328552246,0,0,0,0
2447,187828,66,pair_006_n5_006_conflict,conflict,1,0,0,12.600000000000001,0.04999999999999999,1100000,10920992,109360,803,6241914,0,0,0,0,0.0,0,0,0,0,0,0,0,0,0,0,0.0,0,0.0,0.004487651228047236,12.301783561706543,0.6100624865173008,4.567763328552246,0,0,0,0
2448,187895,67,pair_001_n5_001_conflict,conflict,1,0,0,12.590000000000002,0.04999999999999999,1100000,10925280,109406,804,6244598,0,0,0,0,0.0,0,0,0,0,0,0,0,0,0,0,0.0,0,0.0,0.0044863771566138275,12.301783561706543,0.6099810797013789,4.567763328552246,0,0,0,0
2449,187961,66,pair_000_n3_000_conflict,conflict,1,0,0,12.600000000000001,0.04999999999999999,1100000,10929504,109443,804,6247162,0,0,0,0,0.0,0,0,0,0,0,0,0,0,0,0,0.0,0,0.0,0.004485083095940729,12.301783561706543,0.6098804276527549,4.567763328552246,0,0,0,0
2450,187964,3,pair_005_n3_005_conflict,conflict,0,1,0,-0.92,0.04999999999999999,1100000,10929696,109446,804,6247277,0,0,0,0,0.0,0,0,0,0,0,0,0,0,0,0,0.0,0,0.0,0.004485024690226517,12.301783561706543,0.6098779664178015,4.567763328552246,0,0,0,0
2451,188035,71,pair_016_n5_016_conflict,conflict,1,0,0,12.55,0.04999999999999999,1100000,10934240,109503,804,6250050,0,0,0,0,0.0,0,0,0,0,0,0,0,0,0,0,0.0,0,0.0,0.004483517065134688,12.301783561706543,0.6097784426528626,4.567763328552246,0,0,0,0
2452,188040,5,pair_013_n3_013_control,control,0,1,0,-0.84,0.04999999999999999,1100000,10934560,109508,804,6250243,0,0,0,0,0.0,0,0,0,0,0,0,0,0,0,0,0.0,0,0.0,0.004483440632402838,12.301783561706543,0.6097797538198254,4.567763328552246,0,0,0,0
2453,188112,72,pair_011_n3_011_control,control,1,0,0,12.540000000000001,0.04999999999999999,1100000,10939168,109554,804,6253096,0,0,0,0,0.0,0,0,0,0,0,0,0,0,0,0,0.0,0,0.0,0.004482084558319422,12.301783561706543,0.6097007380187113,4.567763328552246,0,0,0,0
2454,188181,69,pair_015_n3_015_conflict,conflict,1,0,0,12.570000000000002,0.04999999999999999,1100000,10943584,109597,805,6255746,0,0,0,0,0.0,0,0,0,0,0,0,0,0,0,0,0.0,0,0.0,0.00448090872334225,12.301783561706543,0.6095937720631692,4.567763328552246,0,0,0,0
2455,188184,3,pair_005_n5_005_conflict,conflict,0,1,0,-0.92,0.04999999999999999,1100000,10943776,109600,805,6255875,0,0,0,0,0.0,0,0,0,0,0,0,0,0,0,0,0.0,0,0.0,0.004480843458625537,12.301783561706543,0.6095887100213742,4.567763328552246,0,0,0,0
2456,188251,67,pair_002_n3_002_control,control,1,0,0,12.590000000000002,0.04999999999999999,1100000,10948064,109631,805,6258591,0,0,0,0,0.0,0,0,0,0,0,0,0,0,0,0,0.0,0,0.0,0.0044807778290839265,12.301783561706543,0.6094676436446145,4.567763328552246,0,0,0,0
2457,188320,69,pair_009_n3_009_conflict,conflict,1,0,0,12.570000000000002,0.04999999999999999,1100000,10952480,109683,805,6261311,0,0,0,0,0.0,0,0,0,0,0,0,0,0,0,0,0.0,0,0.0,0.004479431167197956,12.301783561706543,0.609400286417999,4.567763328552246,0,0,0,0
2458,188395,75,pair_008_n5_008_control,control,1,0,0,12.510000000000002,0.04999999999999999,1100000,10957280,109736,808,6264320,0,0,0,0,0.0,0,0,0,0,0,0,0,0,0,0,0.0,0,0.0,0.0044786229061720695,12.301783561706543,0.6093169916451973,4.567763328552246,0,0,0,0
2459,188465,70,pair_008_n3_008_control,control,1,0,0,12.560000000000002,0.04999999999999999,1100000,10961760,109774,808,6267115,0,0,0,0,0.0,0,0,0,0,0,0,0,0,0,0,0.0,0,0.0,0.004477370204151395,12.301783561706543,0.6092698509608104,4.567763328552246,0,0,0,0
2460,188535,70,pair_003_n5_003_control,control,1,0,0,12.560000000000002,0.04999999999999999,1100000,10966240,109821,808,6269891,0,0,0,0,0.0,0,0,0,0,0,0,0,0,0,0,0.0,0,0.0,0.004476692909940061,12.301783561706543,0.6092163644621728,4.567763328552246,0,0,0,0
2461,188603,68,pair_000_n5_000_conflict,conflict,1,0,0,12.580000000000002,0.04999999999999999,1100000,10970592,109852,808,6272587,0,0,0,0,0.0,0,0,0,0,0,0,0,0,0,0,0.0,0,0.0,0.004475991641601001,12.301783561706543,0.6091288543027872,4.567763328552246,0,0,0,0
2462,188671,68,pair_012_n3_012_conflict,conflict,1,0,0,12.580000000000002,0.04999999999999999,1100000,10974944,109886,808,6275325,0,0,0,0,0.0,0,0,0,0,0,0,0,0,0,0,0.0,0,0.0,0.0044752240228119215,12.301783561706543,0.6090892770882198,4.567763328552246,0,0,0,0
2463,188673,2,pair_007_n5_007_conflict,conflict,0,1,0,-0.96,0.04999999999999999,1100000,10975072,109888,808,6275402,0,0,0,0,0.0,0,0,0,0,0,0,0,0,0,0,0.0,0,0.0,0.004475187814430743,12.301783561706543,0.6090911347957807,4.567763328552246,0,0,0,0
2464,188743,70,pair_014_n3_014_control,control,1,0,0,12.560000000000002,0.04999999999999999,1100000,10979552,109923,808,6278176,0,0,0,0,0.0,0,0,0,0,0,0,0,0,0,0,0.0,0,0.0,0.004473863166115475,12.301783561706543,0.609052968144513,4.567763328552246,0,0,0,0
2465,188810,67,pair_015_n5_015_conflict,conflict,1,0,0,12.590000000000002,0.04999999999999999,1100000,10983840,109976,808,6280795,0,0,0,0,0.0,0,0,0,0,0,0,0,0,0,0,0.0,0,0.0,0.004472514131436801,12.301783561706543,0.6089490814907367,4.567763328552246,0,0,0,0
2466,188815,5,pair_007_n3_007_control,control,0,1,0,-0.84,0.04999999999999999,1100000,10984160,109981,808,6280982,0,0,0,0,0.0,0,0,0,0,0,0,0,0,0,0,0.0,0,0.0,0.00447240877498312,12.301783561706543,0.6089386562363728,4.567763328552246,0,0,0,0
2467,188885,70,pair_015_n5_015_control,control,1,0,0,12.560000000000002,0.04999999999999999,1100000,10988640,110037,809,6283827,0,0,0,0,0.0,0,0,0,0,0,0,0,0,0,0,0.0,0,0.0,0.004470998074288858,12.301783561706543,0.6088006826718088,4.567763328552246,0,0,0,0
2468,188952,67,pair_010_n3_010_conflict,conflict,1,0,0,12.590000000000002,0.04999999999999999,1100000,10992928,110052,809,6286404,0,0,0,0,0.0,0,0,0,0,0,0,0,0,0,0,0.0,0,0.0,0.004469626366145309,12.301783561706543,0.608714023253397,4.567763328552246,0,0,0,0
2469,189019,67,pair_012_n3_012_control,control,1,0,0,12.590000000000002,0.04999999999999999,1100000,10997216,110084,809,6289039,0,0,0,0,0.0,0,0,0,0,0,0,0,0,0,0,0.0,0,0.0,0.004468221129615114,12.301783561706543,0.6086502687962642,4.567763328552246,0,0,0,0
2470,189087,68,pair_016_n3_016_conflict,conflict,1,0,0,12.580000000000002,0.04999999999999999,1100000,11001568,110126,809,6291676,0,0,0,0,0.0,0,0,0,0,0,0,0,0,0,0,0.0,0,0.0,0.004467243819163383,12.301783561706543,0.6085538956062714,4.567763328552246,0,0,0,0
2471,189154,67,pair_003_n3_003_conflict,conflict,1,0,0,12.590000000000002,0.04999999999999999,1100000,11005856,110158,809,6294254,0,0,0,0,0.0,0,0,0,0,0,0,0,0,0,0,0.0,0,0.0,0.004466243275544736,12.301783561706543,0.60845316396638,4.567763328552246,0,0,0,0
2472,189222,68,pair_015_n3_015_control,control,1,0,0,12.580000000000002,0.04999999999999999,1100000,11010208,110197,809,6296936,0,0,0,0,0.0,0,0,0,0,0,0,0,0,0,0,0.0,0,0.0,0.004465212038868845,12.301783561706543,0.6083393882434437,4.567763328552246,0,0,0,0
2473,189290,68,pair_003_n3_003_control,control,1,0,0,12.580000000000002,0.04999999999999999,1100000,11014560,110224,809,6299567,0,0,0,0,0.0,0,0,0,0,0,0,0,0,0,0,0.0,0,0.0,0.004464205444554427,12.301783561706543,0.608265661756331,4.567763328552246,0,0,0,0
2474,189361,71,pair_003_n5_003_conflict,conflict,1,0,0,12.55,0.04999999999999999,1100000,11019104,110255,809,6302352,0,0,0,0,0.0,0,0,0,0,0,0,0,0,0,0,0.0,0,0.0,0.00446279630245351,12.301783561706543,0.6081568020695903,4.567763328552246,0,0,0,0
2475,189434,73,pair_017_n5_017_control,control,1,0,0,12.530000000000001,0.04999999999999999,1100000,11023776,110301,809,6305212,0,0,0,0,0.0,0,0,0,0,0,0,0,0,0,0,0.0,0,0.0,0.004461623227523573,12.301783561706543,0.6080770887308005,4.567763328552246,0,0,0,0
2476,189500,66,pair_011_n3_011_conflict,conflict,1,0,0,12.600000000000001,0.04999999999999999,1100000,11028000,110313,809,6307839,0,0,0,0,0.0,0,0,0,0,0,0,0,0,0,0,0.0,0,0.0,0.004460326088993221,12.301783561706543,0.6080381952092926,4.567763328552246,0,0,0,0
2477,189572,72,pair_002_n5_002_control,control,1,0,0,12.540000000000003,0.04999999999999999,1100000,11032608,110356,811,6310563,0,0,0,0,0.0,0,0,0,0,0,0,0,0,0,0,0.0,0,0.0,0.004459574873689337,12.301783561706543,0.6079083238180129,4.567763328552246,0,0,0,0
2478,189641,69,pair_000_n5_000_control,control,1,0,0,12.570000000000002,0.04999999999999999,1100000,11037024,110395,813,6313281,0,0,0,0,0.0,0,0,0,0,0,0,0,0,0,0,0.0,0,0.0,0.004458242783437555,12.301783561706543,0.6077907694800072,4.567763328552246,0,0,0,0
2479,189707,66,pair_013_n5_013_conflict,conflict,1,0,0,12.600000000000001,0.04999999999999999,1100000,11041248,110449,813,6315836,0,0,0,0,0.0,0,0,0,0,0,0,0,0,0,0,0.0,0,0.0,0.004457039088774798,12.301783561706543,0.6076967229158364,4.567763328552246,0,0,0,0
2480,189779,72,pair_005_n3_005_control,control,1,0,0,12.540000000000001,0.04999999999999999,1100000,11045856,110488,813,6318654,0,0,0,0,0.0,0,0,0,0,0,0,0,0,0,0,0.0,0,0.0,0.004455621571566459,12.301783561706543,0.6076343021165599,4.567763328552246,0,0,0,0
2481,189850,71,pair_010_n5_010_conflict,conflict,1,0,0,12.55,0.04999999999999999,1100000,11050400,110535,813,6321426,0,0,0,0,0.0,0,0,0,0,0,0,0,0,0,0,0.0,0,0.0,0.004454242532437765,12.301783561706543,0.6075448836471119,4.567763328552246,0,0,0,0
2482,189922,72,pair_012_n5_012_conflict,conflict,1,0,0,12.540000000000001,0.04999999999999999,1100000,11055008,110584,813,6324213,0,0,0,0,0.0,0,0,0,0,0,0,0,0,0,0,0.0,0,0.0,0.004452892348818297,12.301783561706543,0.6074608676934697,4.567763328552246,0,0,0,0
2483,189988,66,pair_004_n3_004_control,control,1,0,0,12.600000000000001,0.04999999999999999,1100000,11059232,110612,813,6326808,0,0,0,0,0.0,0,0,0,0,0,0,0,0,0,0,0.0,0,0.0,0.004452005130128476,12.301783561706543,0.6074550286780597,4.567763328552246,0,0,0,0
2484,190062,74,pair_002_n5_002_conflict,conflict,1,0,0,12.520000000000001,0.04999999999999999,1100000,11063968,110651,813,6329659,0,0,0,0,0.0,0,0,0,0,0,0,0,0,0,0,0.0,0,0.0,0.004450889447098369,12.301783561706543,0.6073991554847498,4.567763328552246,0,0,0,0
2485,190131,69,pair_009_n3_009_control,control,1,0,0,12.570000000000002,0.04999999999999999,1100000,11068384,110697,813,6332370,0,0,0,0,0.0,0,0,0,0,0,0,0,0,0,0,0.0,0,0.0,0.004449702432134272,12.301783561706543,0.6073570101580008,4.567763328552246,0,0,0,0
2486,190201,70,pair_004_n5_004_conflict,conflict,1,0,0,12.560000000000002,0.04999999999999999,1100000,11072864,110747,813,6335088,0,0,0,0,0.0,0,0,0,0,0,0,0,0,0,0,0.0,0,0.0,0.004448366203276185,12.301783561706543,0.6072578914728568,4.567763328552246,0,0,0,0
2487,190270,69,pair_016_n3_016_control,control,1,0,0,12.570000000000002,0.04999999999999999,1100000,11077280,110789,813,6337809,0,0,0,0,0.0,0,0,0,0,0,0,0,0,0,0,0.0,0,0.0,0.00444705954368756,12.301783561706543,0.6072241637352638,4.567763328552246,0,0,0,0
2488,190341,71,pair_017_n3_017_control,control,1,0,0,12.55,0.04999999999999999,1100000,11081824,110822,813,6340538,0,0,0,0,0.0,0,0,0,0,0,0,0,0,0,0,0.0,0,0.0,0.004445749062126149,12.301783561706543,0.6071580529055978,4.567763328552246,0,0,0,0
2489,190413,72,pair_006_n3_006_control,control,1,0,0,12.540000000000001,0.04999999999999999,1100000,11086432,110855,813,6343344,0,0,0,0,0.0,0,0,0,0,0,0,0,0,0,0,0.0,0,0.0,0.004444334396516966,12.301783561706543,0.607080811107349,4.567763328552246,0,0,0,0
2490,190482,69,pair_007_n5_007_control,control,1,0,0,12.570000000000002,0.04999999999999999,1100000,11090848,110908,813,6346050,0,0,0,0,0.0,0,0,0,0,0,0,0,0,0,0,0.0,0,0.0,0.004443037777138006,12.301783561706543,0.6070552123659909,4.567763328552246,0,0,0,0
2491,190552,70,pair_014_n5_014_control,control,1,0,0,12.560000000000002,0.04999999999999999,1100000,11095328,110944,813,6348788,0,0,0,0,0.0,0,0,0,0,0,0,0,0,0,0,0.0,0,0.0,0.004441759743002175,12.301783561706543,0.6069343449921086,4.567763328552246,0,0,0,0
2492,190620,68,pair_014_n5_014_conflict,conflict,1,0,0,12.580000000000002,0.04999999999999999,1100000,11099680,110985,813,6351375,0,0,0,0,0.0,0,0,0,0,0,0,0,0,0,0,0.0,0,0.0,0.004440465726713675,12.301783561706543,0.6068503566112333,4.567763328552246,0,0,0,0
2493,190689,69,pair_009_n5_009_conflict,conflict,1,0,0,12.570000000000002,0.04999999999999999,1100000,11104096,111035,815,6354100,0,0,0,0,0.0,0,0,0,0,0,0,0,0,0,0,0.0,0,0.0,0.004439058145693232,12.301783561706543,0.6067410122960794,4.567763328552246,0,0,0,0
2494,190765,76,pair_001_n5_001_control,control,1,0,0,12.500000000000002,0.04999999999999999,1100000,11108960,111096,815,6357032,0,0,0,0,0.0,0,0,0,0,0,0,0,0,0,0,0.0,0,0.0,0.004437555207457027,12.301783561706543,0.6066572039151219,4.567763328552246,0,0,0,0
2495,190835,70,pair_006_n5_006_control,control,1,0,0,12.560000000000002,0.04999999999999999,1100000,11113440,111146,815,6359753,0,0,0,0,0.0,0,0,0,0,0,0,0,0,0,0,0.0,0,0.0,0.004436122738452921,12.301783561706543,0.6065602048504323,4.567763328552246,0,0,0,0
2496,190901,66,pair_006_n3_006_conflict,conflict,1,0,0,12.600000000000001,0.04999999999999999,1100000,11117664,111175,815,6362317,0,0,0,0,0.0,0,0,0,0,0,0,0,0,0,0,0.0,0,0.0,0.004434750473259354,12.301783561706543,0.6064473369000217,4.567763328552246,0,0,0,0
2497,190967,66,pair_002_n3_002_conflict,conflict,1,0,0,12.600000000000001,0.04999999999999999,1100000,11121888,111207,815,6364864,0,0,0,0,0.0,0,0,0,0,0,0,0,0,0,0,0.0,0,0.0,0.004433373150904235,12.301783561706543,0.6063621348668845,4.567763328552246,0,0,0,0
2498,191039,72,pair_017_n3_017_conflict,conflict,1,0,0,12.540000000000001,0.04999999999999999,1100000,11126496,111253,815,6367687,0,0,0,0,0.0,0,0,0,0,0,0,0,0,0,0,0.0,0,0.0,0.004431823528064709,12.301783561706543,0.6062236030774157,4.567763328552246,0,0,0,0
2499,191110,71,pair_005_n5_005_control,control,1,0,0,12.55,0.04999999999999999,1100000,11131040,111300,818,6370474,0,0,0,0,0.0,0,0,0,0,0,0,0,0,0,0,0.0,0,0.0,0.004430313456630516,12.301783561706543,0.6060986914041849,4.567763328552246,0,0,0,0
2500,191181,71,pair_016_n5_016_control,control,1,0,0,12.55,0.04999999999999999,1100000,11135584,111355,818,6373259,0,0,0,0,0.0,0,0,0,0,0,0,0,0,0,0,0.0,0,0.0,0.004428820242694519,12.301783561706543,0.6060210230028701,4.567763328552246,0,0,0,0
2501,191257,76,pair_009_n5_009_control,control,1,0,0,12.500000000000002,0.04999999999999999,1100000,11140448,111406,818,6376227,0,0,0,0,0.0,0,0,0,0,0,0,0,0,0,0,0.0,0,0.0,0.004427180438663601,12.301783561706543,0.6058901779927701,4.567763328552246,0,0,0,0
2502,191336,79,pair_001_n3_001_conflict,conflict,1,0,0,12.47,0.04999999999999999,1100000,11145504,111455,818,6379340,0,0,0,0,0.0,0,0,0,0,0,0,0,0,0,0,0.0,0,0.0,0.004425493418869052,12.301783561706543,0.6057625795224568,4.567763328552246,0,0,0,0
2503,191408,72,pair_013_n3_013_conflict,conflict,1,0,0,12.540000000000001,0.04999999999999999,1100000,11150112,111494,818,6382200,0,0,0,0,0.0,0,0,0,0,0,0,0,0,0,0,0.0,0,0.0,0.004423982267915447,12.301783561706543,0.60569190646613,4.567763328552246,0,0,0,0
2504,191475,67,pair_001_n3_001_control,control,1,0,0,12.590000000000002,0.04999999999999999,1100000,11154400,111533,818,6384753,0,0,0,0,0.0,0,0,0,0,0,0,0,0,0,0,0.0,0,0.0,0.004422533969913032,12.301783561706543,0.6055774388214974,4.567763328552246,0,0,0,0
2505,191546,71,pair_012_n5_012_control,control,1,0,0,12.55,0.04999999999999999,1100000,11158944,111586,819,6387548,0,0,0,0,0.0,0,0,0,0,0,0,0,0,0,0,0.0,0,0.0,0.004421001602450802,12.301783561706543,0.6054531153113539,4.567763328552246,0,0,0,0
2506,191618,72,pair_004_n3_004_conflict,conflict,1,0,0,12.540000000000003,0.04999999999999999,1100000,11163552,111624,819,6390311,0,0,0,0,0.0,0,0,0,0,0,0,0,0,0,0,0.0,0,0.0,0.00441951290372543,12.301783561706543,0.6053523088367347,4.567763328552246,0,0,0,0
2507,191688,70,pair_011_n5_011_control,control,1,0,0,12.560000000000002,0.04999999999999999,1100000,11168032,111671,819,6393049,0,0,0,0,0.0,0,0,0,0,0,0,0,0,0,0,0.0,0,0.0,0.004418057298805649,12.301783561706543,0.60522167383628,4.567763328552246,0,0,0,0
2508,191755,67,pair_004_n5_004_control,control,0,1,0,1.5400000000000018,0.04999999999999999,1100000,11172320,111722,819,6395673,0,0,0,0,0.0,0,0,0,0,0,0,0,0,0,0,0.0,0,0.0,0.0044167581931744415,12.301783561706543,0.6051430799107576,4.567763328552246,0,0,0,0
2509,191821,66,pair_006_n5_006_conflict,conflict,1,0,0,12.600000000000001,0.04999999999999999,1100000,11176544,111772,819,6398237,0,0,0,0,0.0,0,0,0,0,0,0,0,0,0,0,0.0,0,0.0,0.004415685337768443,12.301783561706543,0.6050503537187424,4.567763328552246,0,0,0,0
2510,191890,69,pair_013_n5_013_control,control,1,0,0,12.570000000000002,0.04999999999999999,1100000,11180960,111819,819,6400946,0,0,0,0,0.0,0,0,0,0,0,0,0,0,0,0,0.0,0,0.0,0.004414416018121274,12.301783561706543,0.6049863847494473,4.567763328552246,0,0,0,0
2511,191960,70,pair_010_n5_010_control,control,1,0,0,12.560000000000002,0.04999999999999999,1100000,11185440,111873,819,6403716,0,0,0,0,0.0,0,0,0,0,0,0,0,0,0,0,0.0,0,0.0,0.004413115897847397,12.301783561706543,0.6048881003852582,4.567763328552246,0,0,0,0
2512,192030,70,pair_011_n5_011_conflict,conflict,1,0,0,12.560000000000002,0.04999999999999999,1100000,11189920,111925,819,6406475,0,0,0,0,0.0,0,0,0,0,0,0,0,0,0,0,0.0,0,0.0,0.004411705202280516,12.301783561706543,0.6047952938726585,4.567763328552246,0,0,0,0
2513,192101,71,pair_008_n3_008_conflict,conflict,1,0,0,12.55,0.04999999999999999,1100000,11194464,111959,822,6409237,0,0,0,0,0.0,0,0,0,0,0,0,0,0,0,0,0.0,0,0.0,0.004410288223214564,12.301783561706543,0.604717678294364,4.567763328552246,0,0,0,0
2514,192170,69,pair_017_n5_017_conflict,conflict,1,0,0,12.570000000000002,0.04999999999999999,1100000,11198880,112005,822,6411955,0,0,0,0,0.0,0,0,0,0,0,0,0,0,0,0,0.0,0,0.0,0.004408954235326687,12.301783561706543,0.6046231378750668,4.567763328552246,0,0,0,0
2515,192238,68,pair_007_n3_007_conflict,conflict,1,0,0,12.580000000000002,0.04999999999999999,1100000,11203232,112051,822,6414678,0,0,0,0,0.0,0,0,0,0,0,0,0,0,0,0,0.0,0,0.0,0.004407629329095037,12.301783561706543,0.6044990736604323,4.567763328552246,0,0,0,0
2516,192304,66,pair_008_n5_008_conflict,conflict,1,0,0,12.600000000000001,0.04999999999999999,1100000,11207456,112087,822,6417290,0,0,0,0,0.0,0,0,0,0,0,0,0,0,0,0,0.0,0,0.0,0.00440624326789745,12.301783561706543,0.6043694822725392,4.567763328552246,0,0,0,0
2517,192371,67,pair_010_n3_010_control,control,1,0,0,12.590000000000002,0.04999999999999999,1100000,11211744,112130,822,6419911,0,0,0,0,0.0,0,0,0,0,0,0,0,0,0,0,0.0,0,0.0,0.004404889930033463,12.301783561706543,0.6043006190331548,4.567763328552246,0,0,0,0
2518,192437,66,pair_000_n3_000_control,control,1,0,0,12.600000000000001,0.04999999999999999,1100000,11215968,112164,822,6422563,0,0,0,0,0.0,0,0,0,0,0,0,0,0,0,0,0.0,0,0.0,0.004403576061932293,12.301783561706543,0.60420090948284,4.567763328552246,0,0,0,0
2519,192506,69,pair_014_n3_014_conflict,conflict,1,0,0,12.570000000000002,0.04999999999999999,1100000,11220384,112198,822,6425230,0,0,0,0,0.0,0,0,0,0,0,0,0,0,0,0,0.0,0,0.0,0.004402223073732358,12.301783561706543,0.6041497424556179,4.567763328552246,0,0,0,0
2520,192572,66,pair_016_n3_016_control,control,1,0,0,12.600000000000001,0.04999999999999999,1100000,11224608,112239,822,6427860,0,0,0,0,0.0,0,0,0,0,0,0,0,0,0,0,0.0,0,0.0,0.0044008184993235295,12.301783561706543,0.6040103531944361,4.567763328552246,0,0,0,0
2521,192645,73,pair_014_n5_014_control,control,1,0,0,12.530000000000001,0.04999999999999999,1100000,11229280,112304,822,6430675,0,0,0,0,0.0,0,0,0,0,0,0,0,0,0,0,0.0,0,0.0,0.004399259966062438,12.301783561706543,0.6038542733256824,4.567763328552246,0,0,0,0
2522,192714,69,pair_004_n3_004_control,control,1,0,0,12.570000000000002,0.04999999999999999,1100000,11233696,112344,825,6433468,0,0,0,0,0.0,0,0,0,0,0,0,0,0,0,0,0.0,0,0.0,0.004397933504021966,12.301783561706543,0.6037973073152716,4.567763328552246,0,0,0,0
2523,192787,73,pair_015_n5_015_conflict,conflict,1,0,0,12.530000000000001,0.04999999999999999,1100000,11238368,112396,825,6436338,0,0,0,0,0.0,0,0,0,0,0,0,0,0,0,0,0.0,0,0.0,0.004396442411256455,12.301783561706543,0.603715775594727,4.567763328552246,0,0,0,0
2524,192855,68,pair_008_n5_008_conflict,conflict,1,0,0,12.580000000000002,0.04999999999999999,1100000,11242720,112441,825,6439006,0,0,0,0,0.0,0,0,0,0,0,0,0,0,0,0,0.0,0,0.0,0.004395042547907068,12.301783561706543,0.6036574027207267,4.567763328552246,0,0,0,0
2525,192924,69,pair_002_n3_002_conflict,conflict,1,0,0,12.570000000000002,0.04999999999999999,1100000,11247136,112475,825,6441722,0,0,0,0,0.0,0,0,0,0,0,0,0,0,0,0,0.0,0,0.0,0.004393571845469466,12.301783561706543,0.6035340708291101,4.567763328552246,0,0,0,0
2526,192990,66,pair_010_n5_010_conflict,conflict,1,0,0,12.600000000000001,0.04999999999999999,1100000,11251360,112531,825,6444328,0,0,0,0,0.0,0,0,0,0,0,0,0,0,0,0,0.0,0,0.0,0.004392252122086149,12.301783561706543,0.6034228231890926,4.567763328552246,0,0,0,0
2527,193056,66,pair_009_n5_009_control,control,1,0,0,12.600000000000001,0.04999999999999999,1100000,11255584,112592,825,6446835,0,0,0,0,0.0,0,0,0,0,0,0,0,0,0,0,0.0,0,0.0,0.004390982216616573,12.301783561706543,0.6033745332204553,4.567763328552246,0,0,0,0
2528,193125,69,pair_005_n3_005_conflict,conflict,1,0,0,12.570000000000002,0.04999999999999999,1100000,11260000,112626,825,6449523,0,0,0,0,0.0,0,0,0,0,0,0,0,0,0,0,0.0,0,0.0,0.004389677777627602,12.301783561706543,0.6032858308308959,4.567763328552246,0,0,0,0
2529,193197,72,pair_003_n5_003_conflict,conflict,1,0,0,12.540000000000001,0.04999999999999999,1100000,11264608,112681,825,6452363,0,0,0,0,0.0,0,0,0,0,0,0,0,0,0,0,0.0,0,0.0,0.004388203994943186,12.301783561706543,0.6031921093451641,4.567763328552246,0,0,0,0
2530,193265,68,pair_013_n3_013_conflict,conflict,1,0,0,12.580000000000002,0.04999999999999999,1100000,11268960,112728,825,6455035,0,0,0,0,0.0,0,0,0,0,0,0,0,0,0,0,0.0,0,0.0,0.004386838960621071,12.301783561706543,0.6030480425841526,4.567763328552246,0,0,0,0
2531,193334,69,pair_009_n3_009_control,control,1,0,0,12.570000000000002,0.04999999999999999,1100000,11273376,112773,825,6457723,0,0,0,0,0.0,0,0,0,0,0,0,0,0,0,0,0.0,0,0.0,0.004385401785554534,12.301783561706543,0.6029203403159256,4.567763328552246,0,0,0,0
2532,193402,68,pair_011_n3_011_control,control,1,0,0,12.580000000000002,0.04999999999999999,1100000,11277728,112814,825,6460379,0,0,0,0,0.0,0,0,0,0,0,0,0,0,0,0,0.0,0,0.0,0.00438417659513107,12.301783561706543,0.6028517057013189,4.567763328552246,0,0,0,0
2533,193470,68,pair_004_n5_004_conflict,conflict,1,0,0,12.580000000000002,0.04999999999999999,1100000,11282080,112857,825,6463067,0,0,0,0,0.0,0,0,0,0,0,0,0,0,0,0,0.0,0,0.0,0.004382786681130407,12.301783561706543,0.6027456519943646,4.567763328552246,0,0,0,0
2534,193539,69,pair_006_n5_006_control,control,1,0,0,12.570000000000002,0.04999999999999999,1100000,11286496,112910,825,6465779,0,0,0,0,0.0,0,0,0,0,0,0,0,0,0,0,0.0,0,0.0,0.004381420822921261,12.301783561706543,0.6026479352445818,4.567763328552246,0,0,0,0
2535,193614,75,pair_000_n5_000_control,control,1,0,0,12.510000000000002,0.04999999999999999,1100000,11291296,112967,828,6468750,0,0,0,0,0.0,0,0,0,0,0,0,0,0,0,0,0.0,0,0.0,0.004379870440770258,12.301783561706543,0.6025102622784899,4.567763328552246,0,0,0,0
2536,193682,68,pair_000_n5_000_conflict,conflict,1,0,0,12.580000000000002,0.04999999999999999,1100000,11295648,113016,829,6471425,0,0,0,0,0.0,0,0,0,0,0,0,0,0,0,0,0.0,0,0.0,0.0043785703695153385,12.301783561706543,0.6024162433512082,4.567763328552246,0,0,0,0
2537,193751,69,pair_003_n3_003_conflict,conflict,1,0,0,12.570000000000002,0.04999999999999999,1100000,11300064,113055,829,6474182,0,0,0,0,0.0,0,0,0,0,0,0,0,0,0,0,0.0,0,0.0,0.004377308480770927,12.301783561706543,0.6023353119640941,4.567763328552246,0,0,0,0
2538,193819,68,pair_010_n3_010_control,control,1,0,0,12.580000000000002,0.04999999999999999,1100000,11304416,113090,829,6476859,0,0,0,0,0.0,0,0,0,0,0,0,0,0,0,0,0.0,0,0.0,0.00437596392156699,12.301783561706543,0.6022406770026116,4.567763328552246,0,0,0,0
2539,193891,72,pair_007_n3_007_conflict,conflict,1,0,0,12.540000000000003,0.04999999999999999,1100000,11309024,113141,829,6479675,0,0,0,0,0.0,0,0,0,0,0,0,0,0,0,0,0.0,0,0.0,0.00437460655885927,12.301783561706543,0.6021688243220339,4.567763328552246,0,0,0,0
2540,193966,75,pair_017_n3_017_control,control,1,0,0,12.510000000000002,0.04999999999999999,1100000,11313824,113183,829,6482668,0,0,0,0,0.0,0,0,0,0,0,0,0,0,0,0,0.0,0,0.0,0.004373167006455208,12.301783561706543,0.6020559852896116,4.567763328552246,0,0,0,0
2541,194034,68,pair_012_n3_012_control,control,1,0,0,12.580000000000002,0.04999999999999999,1100000,11318176,113213,830,6485331,0,0,0,0,0.0,0,0,0,0,0,0,0,0,0,0,0.0,0,0.0,0.00437194885110475,12.301783561706543,0.6019551903912831,4.567763328552246,0,0,0,0
2542,194102,68,pair_008_n5_008_control,control,1,0,0,12.580000000000002,0.04999999999999999,1100000,11322528,113253,830,6488001,0,0,0,0,0.0,0,0,0,0,0,0,0,0,0,0,0.0,0,0.0,0.004370705107824522,12.301783561706543,0.6019006001592588,4.567763328552246,0,0,0,0
2543,194174,72,pair_009_n3_009_conflict,conflict,1,0,0,12.540000000000001,0.04999999999999999,1100000,11327136,113301,830,6490837,0,0,0,0,0.0,0,0,0,0,0,0,0,0,0,0,0.0,0,0.0,0.0043692765455061395,12.301783561706543,0.6018261078002789,4.567763328552246,0,0,0,0
2544,194242,68,pair_001_n5_001_conflict,conflict,1,0,0,12.580000000000002,0.04999999999999999,1100000,11331488,113341,830,6493510,0,0,0,0,0.0,0,0,0,0,0,0,0,0,0,0,0.0,0,0.0,0.004367902653404319,12.301783561706543,0.6017371533559522,4.567763328552246,0,0,0,0
2545,194308,66,pair_014_n3_014_control,control,1,0,0,12.600000000000001,0.04999999999999999,1100000,11335712,113363,830,6496065,0,0,0,0,0.0,0,0,0,0,0,0,0,0,0,0,0.0,0,0.0,0.004366509067516701,12.301783561706543,0.6016271616388781,4.567763328552246,0,0,0,0
2546,194377,69,pair_009_n5_009_conflict,conflict,1,0,0,12.570000000000002,0.04999999999999999,1100000,11340128,113427,830,6498771,0,0,0,0,0.0,0,0,0,0,0,0,0,0,0,0,0.0,0,0.0,0.004365106205376702,12.301783561706543,0.6014993564541065,4.567763328552246,0,0,0,0
2547,194443,66,pair_008_n3_008_control,control,1,0,0,12.600000000000001,0.04999999999999999,1100000,11344352,113460,830,6501370,0,0,0,0,0.0,0,0,0,0,0,0,0,0,0,0,0.0,0,0.0,0.004363716827013868,12.301783561706543,0.6013749286847113,4.567763328552246,0,0,0,0
2548,194516,73,pair_016_n3_016_conflict,conflict,1,0,0,12.530000000000001,0.04999999999999999,1100000,11349024,113504,830,6504236,0,0,0,0,0.0,0,0,0,0,0,0,0,0,0,0,0.0,0,0.0,0.004362185034491584,12.301783561706543,0.6012400954722583,4.567763328552246,0,0,0,0
2549,194585,69,pair_006_n5_006_conflict,conflict,1,0,0,12.570000000000002,0.04999999999999999,1100000,11353440,113559,830,6506969,0,0,0,0,0.0,0,0,0,0,0,0,0,0,0,0,0.0,0,0.0,0.004360925925614568,12.301783561706543,0.601181210519216,4.567763328552246,0,0,0,0
2550,194658,73,pair_011_n5_011_conflict,conflict,1,0,0,12.530000000000001,0.04999999999999999,1100000,11358112,113596,830,6509934,0,0,0,0,0.0,0,0,0,0,0,0,0,0,0,0,0.0,0,0.0,0.004359412930399711,12.301783561706543,0.6010642780961566,4.567763328552246,0,0,0,0
2551,194726,68,pair_005_n5_005_conflict,conflict,1,0,0,12.580000000000002,0.04999999999999999,1100000,11362464,113637,830,6512634,0,0,0,0,0.0,0,0,0,0,0,0,0,0,0,0,0.0,0,0.0,0.004357980075340834,12.301783561706543,0.6009367937606416,4.567763328552246,0,0,0,0
2552,194795,69,pair_006_n3_006_conflict,conflict,1,0,0,12.570000000000002,0.04999999999999999,1100000,11366880,113682,830,6515363,0,0,0,0,0.0,0,0,0,0,0,0,0,0,0,0,0.0,0,0.0,0.0043565158793015145,12.301783561706543,0.600800745220434,4.567763328552246,0,0,0,0
2553,194866,71,pair_005_n5_005_control,control,1,0,0,12.55,0.04999999999999999,1100000,11371424,113725,831,6518131,0,0,0,0,0.0,0,0,0,0,0,0,0,0,0,0,0.0,0,0.0,0.004355075841946554,12.301783561706543,0.6006939374824564,4.567763328552246,0,0,0,0
2554,194933,67,pair_013_n3_013_control,control,1,0,0,12.590000000000002,0.04999999999999999,1100000,11375712,113770,831,6520758,0,0,0,0,0.0,0,0,0,0,0,0,0,0,0,0,0.0,0,0.0,0.004353729644857342,12.301783561706543,0.6005734238368449,4.567763328552246,0,0,0,0
2555,195003,70,pair_007_n3_007_control,control,1,0,0,12.560000000000002,0.04999999999999999,1100000,11380192,113824,831,6523540,0,0,0,0,0.0,0,0,0,0,0,0,0,0,0,0,0.0,0,0.0,0.004352260239293198,12.301783561706543,0.6004733986406661,4.567763328552246,0,0,0,0
2556,195071,68,pair_014_n3_014_conflict,conflict,1,0,0,12.580000000000002,0.04999999999999999,1100000,11384544,113858,831,6526213,0,0,0,0,0.0,0,0,0,0,0,0,0,0,0,0,0.0,0,0.0,0.004350900906752653,12.301783561706543,0.6003616508491719,4.567763328552246,0,0,0,0
2557,195139,68,pair_014_n5_014_conflict,conflict,1,0,0,12.580000000000002,0.04999999999999999,1100000,11388896,113908,831,6528863,0,0,0,0,0.0,0,0,0,0,0,0,0,0,0,0,0.0,0,0.0,0.004349519558755769,12.301783561706543,0.6002646807141877,4.567763328552246,0,0,0,0
2558,195208,69,pair_016_n5_016_conflict,conflict,1,0,0,12.570000000000002,0.04999999999999999,1100000,11393312,113949,831,6531589,0,0,0,0,0.0,0,0,0,0,0,0,0,0,0,0,0.0,0,0.0,0.004348105983354467,12.301783561706543,0.6001621823735788,4.567763328552246,0,0,0,0
2559,195278,70,pair_000_n3_000_conflict,conflict,1,0,0,12.560000000000002,0.04999999999999999,1100000,11397792,113983,831,6534318,0,0,0,0,0.0,0,0,0,0,0,0,0,0,0,0,0.0,0,0.0,0.004346685236525585,12.301783561706543,0.6000698820344991,4.567763328552246,0,0,0,0
2560,195283,5,pair_015_n5_015_control,control,0,1,0,-0.84,0.04999999999999999,1100000,11398112,113988,831,6534517,0,0,0,0,0.0,0,0,0,0,0,0,0,0,0,0,0.0,0,0.0,0.0043465803750610335,12.301783561706543,0.6000640967317837,4.567763328552246,0,0,0,0
2561,195357,74,pair_002_n5_002_conflict,conflict,1,0,0,12.520000000000001,0.04999999999999999,1100000,11402848,114025,831,6537420,0,0,0,0,0.0,0,0,0,0,0,0,0,0,0,0,0.0,0,0.0,0.004345069778440279,12.301783561706543,0.5999725189327484,4.567763328552246,0,0,0,0
2562,195431,74,pair_013_n5_013_control,control,1,0,0,12.520000000000001,0.04999999999999999,1100000,11407584,114095,832,6540311,0,0,0,0,0.0,0,0,0,0,0,0,0,0,0,0,0.0,0,0.0,0.0043436269542199745,12.301783561706543,0.599852189702393,4.567763328552246,0,0,0,0
2563,195507,76,pair_003_n5_003_control,control,1,0,0,12.500000000000002,0.04999999999999999,1100000,11412448,114140,832,6543333,0,0,0,0,0.0,0,0,0,0,0,0,0,0,0,0,0.0,0,0.0,0.004342337844282135,12.301783561706543,0.5997453867908374,4.567763328552246,0,0,0,0
2564,195580,73,pair_004_n3_004_conflict,conflict,1,0,0,12.530000000000001,0.04999999999999999,1100000,11417120,114176,832,6546229,0,0,0,0,0.0,0,0,0,0,0,0,0,0,0,0,0.0,0,0.0,0.004340850887507628,12.301783561706543,0.599642811504353,4.567763328552246,0,0,0,0
2565,195654,74,pair_012_n5_012_conflict,conflict,1,0,0,12.520000000000001,0.04999999999999999,1100000,11421856,114221,832,6549194,0,0,0,0,0.0,0,0,0,0,0,0,0,0,0,0,0.0,0,0.0,0.004339329310406101,12.301783561706543,0.5995172392012962,4.567763328552246,0,0,0,0
2566,195720,66,pair_015_n3_015_control,control,1,0,0,12.600000000000001,0.04999999999999999,1100000,11426080,114257,832,6551837,0,0,0,0,0.0,0,0,0,0,0,0,0,0,0,0,0.0,0,0.0,0.004337944914608084,12.301783561706543,0.5993755261833495,4.567763328552246,0,0,0,0
2567,195790,70,pair_008_n3_008_conflict,conflict,1,0,0,12.560000000000002,0.04999999999999999,1100000,11430560,114294,832,6554600,0,0,0,0,0.0,0,0,0,0,0,0,0,0,0,0,0.0,0,0.0,0.004336653282425485,12.301783561706543,0.5992306962176999,4.567763328552246,0,0,0,0
2568,195862,72,pair_017_n3_017_conflict,conflict,1,0,0,12.540000000000001,0.04999999999999999,1100000,11435168,114339,832,6557485,0,0,0,0,0.0,0,0,0,0,0,0,0,0,0,0,0.0,0,0.0,0.0043352090566649735,12.301783561706543,0.5991370196676827,4.567763328552246,0,0,0,0
2569,195931,69,pair_004_n5_004_control,control,1,0,0,12.570000000000002,0.04999999999999999,1100000,11439584,114384,832,6560208,0,0,0,0,0.0,0,0,0,0,0,0,0,0,0,0,0.0,0,0.0,0.004333904167295588,12.301783561706543,0.5990202241916923,4.567763328552246,0,0,0,0
2570,196000,69,pair_010_n5_010_control,control,1,0,0,12.570000000000002,0.04999999999999999,1100000,11444000,114426,832,6562897,0,0,0,0,0.0,0,0,0,0,0,0,0,0,0,0,0.0,0,0.0,0.004332587202185467,12.301783561706543,0.5989510499782936,4.567763328552246,0,0,0,0
2571,196068,68,pair_013_n5_013_conflict,conflict,1,0,0,12.580000000000002,0.04999999999999999,1100000,11448352,114491,832,6565562,0,0,0,0,0.0,0,0,0,0,0,0,0,0,0,0,0.0,0,0.0,0.004331247875180319,12.301783561706543,0.5988645526802727,4.567763328552246,0,0,0,0
2572,196136,68,pair_006_n3_006_control,control,1,0,0,12.580000000000002,0.04999999999999999,1100000,11452704,114528,832,6568283,0,0,0,0,0.0,0,0,0,0,0,0,0,0,0,0,0.0,0,0.0,0.004329991138355881,12.301783561706543,0.5987996821119503,4.567763328552246,0,0,0,0
2573,196204,68,pair_001_n3_001_control,control,1,0,0,12.580000000000002,0.04999999999999999,1100000,11457056,114564,832,6570996,0,0,0,0,0.0,0,0,0,0,0,0,0,0,0,0,0.0,0,0.0,0.004328617707590502,12.301783561706543,0.5986843060470057,4.567763328552246,0,0,0,0
2574,196274,70,pair_010_n3_010_conflict,conflict,1,0,0,12.560000000000002,0.04999999999999999,1100000,11461536,114606,832,6573759,0,0,0,0,0.0,0,0,0,0,0,0,0,0,0,0,0.0,0,0.0,0.004327171651607438,12.301783561706543,0.598540095865444,4.567763328552246,0,0,0,0
2575,196347,73,pair_005_n3_005_control,control,1,0,0,12.530000000000001,0.04999999999999999,1100000,11466208,114642,832,6576678,0,0,0,0,0.0,0,0,0,0,0,0,0,0,0,0,0.0,0,0.0,0.004325854675133938,12.301783561706543,0.5984603664019307,4.567763328552246,0,0,0,0
2576,196421,74,pair_007_n5_007_control,control,1,0,0,12.520000000000001,0.04999999999999999,1100000,11470944,114692,832,6579593,0,0,0,0,0.0,0,0,0,0,0,0,0,0,0,0,0.0,0,0.0,0.004324395873906397,12.301783561706543,0.5983644045382032,4.567763328552246,0,0,0,0
2577,196496,75,pair_001_n3_001_conflict,conflict,1,0,0,12.510000000000002,0.04999999999999999,1100000,11475744,114734,832,6582532,0,0,0,0,0.0,0,0,0,0,0,0,0,0,0,0,0.0,0,0.0,0.00432300985403598,12.301783561706543,0.5982776365748516,4.567763328552246,0,0,0,0
2578,196566,70,pair_003_n3_003_control,control,1,0,0,12.560000000000002,0.04999999999999999,1100000,11480224,114769,832,6585307,0,0,0,0,0.0,0,0,0,0,0,0,0,0,0,0,0.0,0,0.0,0.004321674514682215,12.301783561706543,0.5981914394578202,4.567763328552246,0,0,0,0
2579,196637,71,pair_015_n3_015_conflict,conflict,1,0,0,12.55,0.04999999999999999,1100000,11484768,114812,832,6588086,0,0,0,0,0.0,0,0,0,0,0,0,0,0,0,0,0.0,0,0.0,0.004320298157747865,12.301783561706543,0.5981359469409503,4.567763328552246,0,0,0,0
2580,196709,72,pair_012_n3_012_conflict,conflict,1,0,0,12.540000000000001,0.04999999999999999,1100000,11489376,114849,833,6590927,0,0,0,0,0.0,0,0,0,0,0,0,0,0,0,0,0.0,0,0.0,0.004318926164925768,12.301783561706543,0.5980310380663202,4.567763328552246,0,0,0,0
2581,196775,66,pair_002_n5_002_control,control,1,0,0,12.600000000000001,0.04999999999999999,1100000,11493600,114883,833,6593515,0,0,0,0,0.0,0,0,0,0,0,0,0,0,0,0,0.0,0,0.0,0.004317607987968575,12.301783561706543,0.5978970846005438,4.567763328552246,0,0,0,0
2582,196780,5,pair_012_n5_012_control,control,0,1,0,-0.84,0.04999999999999999,1100000,11493920,114888,833,6593720,0,0,0,0,0.0,0,0,0,0,0,0,0,0,0,0,0.0,0,0.0,0.004317552493868739,12.301783561706543,0.5978951452365502,4.567763328552246,0,0,0,0
2583,196848,68,pair_000_n3_000_control,control,1,0,0,12.580000000000002,0.04999999999999999,1100000,11498272,114926,833,6596344,0,0,0,0,0.0,0,0,0,0,0,0,0,0,0,0,0.0,0,0.0,0.0043161868271279795,12.301783561706543,0.5977902764113205,4.567763328552246,0,0,0,0
2584,196916,68,pair_011_n3_011_conflict,conflict,1,0,0,12.580000000000002,0.04999999999999999,1100000,11502624,114958,833,6599018,0,0,0,0,0.0,0,0,0,0,0,0,0,0,0,0,0.0,0,0.0,0.004314816833479722,12.301783561706543,0.5976485070137878,4.567763328552246,0,0,0,0
2585,196984,68,pair_016_n5_016_control,control,1,0,0,12.580000000000002,0.04999999999999999,1100000,11506976,115013,833,6601680,0,0,0,0,0.0,0,0,0,0,0,0,0,0,0,0,0.0,0,0.0,0.004313466995569102,12.301783561706543,0.5975689371969516,4.567763328552246,0,0,0,0
2586,197054,70,pair_011_n5_011_control,control,1,0,0,12.560000000000002,0.04999999999999999,1100000,11511456,115053,833,6604408,0,0,0,0,0.0,0,0,0,0,0,0,0,0,0,0,0.0,0,0.0,0.004312006480517388,12.301783561706543,0.5974325955609691,4.567763328552246,0,0,0,0
2587,197123,69,pair_002_n3_002_control,control,1,0,0,12.570000000000002,0.04999999999999999,1100000,11515872,115075,835,6607104,0,0,0,0,0.0,0,0,0,0,0,0,0,0,0,0,0.0,0,0.0,0.004310595114443303,12.301783561706543,0.5973149493411722,4.567763328552246,0,0,0,0
2588,197194,71,pair_007_n5_007_conflict,conflict,1,0,0,12.55,0.04999999999999999,1100000,11520416,115124,835,6609819,0,0,0,0,0.0,0,0,0,0,0,0,0,0,0,0,0.0,0,0.0,0.0043091515840917895,12.301783561706543,0.5971791914351451,4.567763328552246,0,0,0,0
2589,197262,68,pair_001_n5_001_control,control,1,0,0,12.580000000000002,0.04999999999999999,1100000,11524768,115168,835,6612512,0,0,0,0,0.0,0,0,0,0,0,0,0,0,0,0,0.0,0,0.0,0.004307793305509451,12.301783561706543,0.5970555613555677,4.567763328552246,0,0,0,0
2590,197328,66,pair_017_n5_017_conflict,conflict,1,0,0,12.600000000000001,0.04999999999999999,1100000,11528992,115213,836,6615139,0,0,0,0,0.0,0,0,0,0,0,0,0,0,0,0,0.0,0,0.0,0.00430648071161017,12.301783561706543,0.5969378862753214,4.567763328552246,0,0,0,0
2591,197397,69,pair_017_n5_017_control,control,0,1,0,1.4200000000000013,0.04999999999999999,1100000,11533408,115255,836,6617882,0,0,0,0,0.0,0,0,0,0,0,0,0,0,0,0,0.0,0,0.0,0.004305074851616211,12.301783561706543,0.5968073911391201,4.567763328552246,0,0,0,0
2592,197467,70,pair_008_n3_008_conflict,conflict,1,0,0,12.560000000000002,0.04999999999999999,1100000,11537888,115289,836,6620641,0,0,0,0,0.0,0,0,0,0,0,0,0,0,0,0,0.0,0,0.0,0.004304284754557405,12.301783561706543,0.5967635130629105,4.567763328552246,0,0,0,0
2593,197535,68,pair_005_n5_005_control,control,1,0,0,12.580000000000002,0.04999999999999999,1100000,11542240,115321,836,6623296,0,0,0,0,0.0,0,0,0,0,0,0,0,0,0,0,0.0,0,0.0,0.004302874271707784,12.301783561706543,0.5966467300650731,4.567763328552246,0,0,0,0
2594,197602,67,pair_002_n3_002_control,control,1,0,0,12.590000000000002,0.04999999999999999,1100000,11546528,115354,836,6625962,0,0,0,0,0.0,0,0,0,0,0,0,0,0,0,0,0.0,0,0.0,0.004301908258226257,12.301783561706543,0.596553283999907,4.567763328552246,0,0,0,0
2595,197678,76,pair_003_n3_003_conflict,conflict,1,0,0,12.500000000000002,0.04999999999999999,1100000,11551392,115396,836,6628955,0,0,0,0,0.0,0,0,0,0,0,0,0,0,0,0,0.0,0,0.0,0.004300652644169455,12.301783561706543,0.5964460609294774,4.567763328552246,0,0,0,0
2596,197753,75,pair_016_n3_016_control,control,1,0,0,12.510000000000002,0.04999999999999999,1100000,11556192,115438,836,6631968,0,0,0,0,0.0,0,0,0,0,0,0,0,0,0,0,0.0,0,0.0,0.004299136913679059,12.301783561706543,0.5963363220610182,4.567763328552246,0,0,0,0
2597,197823,70,pair_005_n5_005_conflict,conflict,1,0,0,12.560000000000002,0.04999999999999999,1100000,11560672,115474,836,6634795,0,0,0,0,0.0,0,0,0,0,0,0,0,0,0,0,0.0,0,0.0,0.004297700335007102,12.301783561706543,0.5961965497670887,4.567763328552246,0,0,0,0
2598,197889,66,pair_007_n3_007_control,control,1,0,0,12.600000000000001,0.04999999999999999,1100000,11564896,115518,836,6637367,0,0,0,0,0.0,0,0,0,0,0,0,0,0,0,0,0.0,0,0.0,0.004296380558147606,12.301783561706543,0.5961322292233197,4.567763328552246,0,0,0,0
2599,197909,20,pair_003_n5_003_control,control,0,1,0,-0.2899999999999999,0.04999999999999999,1100000,11566176,115527,836,6638143,0,0,0,0,0.0,0,0,0,0,0,0,0,0,0,0,0.0,0,0.0,0.0042961339316638925,12.301783561706543,0.5961117971335309,4.567763328552246,0,0,0,0
2600,197981,72,pair_001_n5_001_conflict,conflict,1,0,0,12.540000000000001,0.04999999999999999,1100000,11570784,115564,836,6641003,0,0,0,0,0.0,0,0,0,0,0,0,0,0,0,0,0.0,0,0.0,0.0042947070199898605,12.301783561706543,0.596021296033153,4.567763328552246,0,0,0,0
2601,198053,72,pair_003_n5_003_conflict,conflict,1,0,0,12.540000000000001,0.04999999999999999,1100000,11575392,115611,836,6643817,0,0,0,0,0.0,0,0,0,0,0,0,0,0,0,0,0.0,0,0.0,0.004293252539351763,12.301783561706543,0.5959196674673277,4.567763328552246,0,0,0,0
2602,198122,69,pair_015_n3_015_control,control,1,0,0,12.570000000000002,0.04999999999999999,1100000,11579808,115654,837,6646531,0,0,0,0,0.0,0,0,0,0,0,0,0,0,0,0,0.0,0,0.0,0.004291887033656543,12.301783561706543,0.5958363149334147,4.567763328552246,0,0,0,0
2603,198192,70,pair_012_n3_012_conflict,conflict,1,0,0,12.560000000000002,0.04999999999999999,1100000,11584288,115692,837,6649333,0,0,0,0,0.0,0,0,0,0,0,0,0,0,0,0,0.0,0,0.0,0.004291113338270552,12.301783561706543,0.5957402168448539,4.567763328552246,0,0,0,0
2604,198265,73,pair_010_n3_010_conflict,conflict,1,0,0,12.530000000000001,0.04999999999999999,1100000,11588960,115731,837,6652240,0,0,0,0,0.0,0,0,0,0,0,0,0,0,0,0,0.0,0,0.0,0.004289633341249624,12.301783561706543,0.5956617884475253,4.567763328552246,0,0,0,0
2605,198333,68,pair_017_n3_017_conflict,conflict,1,0,0,12.580000000000002,0.04999999999999999,1100000,11593312,115771,837,6654950,0,0,0,0,0.0,0,0,0,0,0,0,0,0,0,0,0.0,0,0.0,0.004288912164750352,12.301783561706543,0.5956109915773102,4.567763328552246,0,0,0,0
2606,198405,72,pair_014_n3_014_conflict,conflict,1,0,0,12.540000000000001,0.04999999999999999,1100000,11597920,115805,837,6657821,0,0,0,0,0.0,0,0,0,0,0,0,0,0,0,0,0.0,0,0.0,0.00428760086906329,12.301783561706543,0.5955615017764573,4.567763328552246,0,0,0,0
2607,198473,68,pair_008_n3_008_control,control,1,0,0,12.580000000000002,0.04999999999999999,1100000,11602272,115843,837,6660507,0,0,0,0,0.0,0,0,0,0,0,0,0,0,0,0,0.0,0,0.0,0.004286590852339098,12.301783561706543,0.5955073254302807,4.567763328552246,0,0,0,0
2608,198540,67,pair_008_n5_008_control,control,1,0,0,12.590000000000002,0.04999999999999999,1100000,11606560,115887,837,6663152,0,0,0,0,0.0,0,0,0,0,0,0,0,0,0,0,0.0,0,0.0,0.0042854851633776754,12.301783561706543,0.5954963784134146,4.567763328552246,0,0,0,0
2609,198610,70,pair_006_n3_006_conflict,conflict,1,0,0,12.560000000000002,0.04999999999999999,1100000,11611040,115937,837,6665910,0,0,0,0,0.0,0,0,0,0,0,0,0,0,0,0,0.0,0,0.0,0.00428420531575034,12.301783561706543,0.5954102857059574,4.567763328552246,0,0,0,0
2610,198677,67,pair_013_n3_013_control,control,1,0,0,12.590000000000002,0.04999999999999999,1100000,11615328,115981,837,6668578,0,0,0,0,0.0,0,0,0,0,0,0,0,0,0,0,0.0,0,0.0,0.004283020304244193,12.301783561706543,0.5953080968244928,4.567763328552246,0,0,0,0
2611,198748,71,pair_009_n5_009_control,control,1,0,0,12.55,0.04999999999999999,1100000,11619872,116037,837,6671397,0,0,0,0,0.0,0,0,0,0,0,0,0,0,0,0,0.0,0,0.0,0.0042816571975602125,12.301783561706543,0.5952234657372018,4.567763328552246,0,0,0,0
2612,198820,72,pair_007_n5_007_control,control,0,1,0,1.3900000000000015,0.04999999999999999,1100000,11624480,116102,837,6674236,0,0,0,0,0.0,0,0,0,0,0,0,0,0,0,0,0.0,0,0.0,0.004280225601597467,12.301783561706543,0.5950796101606739,4.567763328552246,0,0,0,0
2613,198886,66,pair_000_n5_000_conflict,conflict,1,0,0,12.600000000000001,0.04999999999999999,1100000,11628704,116132,837,6676909,0,0,0,0,0.0,0,0,0,0,0,0,0,0,0,0,0.0,0,0.0,0.004279003308578067,12.301783561706543,0.5950362637967714,4.567763328552246,0,0,0,0
2614,198960,74,pair_005_n3_005_control,control,1,0,0,12.520000000000001,0.04999999999999999,1100000,11633440,116167,837,6679902,0,0,0,0,0.0,0,0,0,0,0,0,0,0,0,0,0.0,0,0.0,0.004277656984553084,12.301783561706543,0.5949340417704878,4.567763328552246,0,0,0,0
2615,199027,67,pair_017_n5_017_conflict,conflict,1,0,0,12.590000000000002,0.04999999999999999,1100000,11637728,116215,837,6682596,0,0,0,0,0.0,0,0,0,0,0,0,0,0,0,0,0.0,0,0.0,0.0042769997072992895,12.301783561706543,0.5948626113841395,4.567763328552246,0,0,0,0
2616,199095,68,pair_005_n3_005_conflict,conflict,1,0,0,12.580000000000002,0.04999999999999999,1100000,11642080,116245,837,6685339,0,0,0,0,0.0,0,0,0,0,0,0,0,0,0,0,0.0,0,0.0,0.004275688180321971,12.301783561706543,0.5947442729939368,4.567763328552246,0,0,0,0
2617,199165,70,pair_010_n3_010_control,control,1,0,0,12.560000000000002,0.04999999999999999,1100000,11646560,116281,837,6688135,0,0,0,0,0.0,0,0,0,0,0,0,0,0,0,0,0.0,0,0.0,0.004274464402367787,12.301783561706543,0.5946907688647889,4.567763328552246,0,0,0,0
2618,199231,66,pair_011_n5_011_conflict,conflict,1,0,0,12.600000000000001,0.04999999999999999,1100000,11650784,116317,837,6690759,0,0,0,0,0.0,0,0,0,0,0,0,0,0,0,0,0.0,0,0.0,0.004273748259965126,12.301783561706543,0.5946223721239107,4.567763328552246,0,0,0,0
2619,199301,70,pair_004_n3_004_conflict,conflict,1,0,0,12.560000000000002,0.04999999999999999,1100000,11655264,116348,837,6693544,0,0,0,0,0.0,0,0,0,0,0,0,0,0,0,0,0.0,0,0.0,0.004272996573515178,12.301783561706543,0.5946123987117619,4.567763328552246,0,0,0,0
2620,199369,68,pair_012_n3_012_control,control,1,0,0,12.580000000000002,0.04999999999999999,1100000,11659616,116387,837,6696244,0,0,0,0,0.0,0,0,0,0,0,0,0,0,0,0,0.0,0,0.0,0.0042720581037756266,12.301783561706543,0.594552086191804,4.567763328552246,0,0,0,0
2621,199443,74,pair_004_n5_004_conflict,conflict,1,0,0,12.520000000000001,0.04999999999999999,1100000,11664352,116420,837,6699170,0,0,0,0,0.0,0,0,0,0,0,0,0,0,0,0,0.0,0,0.0,0.004270852069521914,12.301783561706543,0.5944441794657886,4.567763328552246,0,0,0,0
2622,199515,72,pair_001_n5_001_control,control,1,0,0,12.540000000000003,0.04999999999999999,1100000,11668960,116461,838,6702001,0,0,0,0,0.0,0,0,0,0,0,0,0,0,0,0,0.0,0,0.0,0.004269608686607692,12.301783561706543,0.5943540939790798,4.567763328552246,0,0,0,0
2623,199584,69,pair_000_n3_000_control,control,1,0,0,12.570000000000002,0.04999999999999999,1100000,11673376,116499,838,6704678,0,0,0,0,0.0,0,0,0,0,0,0,0,0,0,0,0.0,0,0.0,0.004268345163713109,12.301783561706543,0.594284088870007,4.567763328552246,0,0,0,0
2624,199654,70,pair_009_n3_009_control,control,1,0,0,12.560000000000002,0.04999999999999999,1100000,11677856,116554,838,6707453,0,0,0,0,0.0,0,0,0,0,0,0,0,0,0,0,0.0,0,0.0,0.004267084196178154,12.301783561706543,0.5941884263874784,4.567763328552246,0,0,0,0
2625,199722,68,pair_002_n5_002_control,control,1,0,0,12.580000000000002,0.04999999999999999,1100000,11682208,116588,838,6710123,0,0,0,0,0.0,0,0,0,0,0,0,0,0,0,0,0.0,0,0.0,0.004265820978140374,12.301783561706543,0.5941190742582311,4.567763328552246,0,0,0,0
2626,199792,70,pair_016_n5_016_conflict,conflict,1,0,0,12.560000000000002,0.04999999999999999,1100000,11686688,116645,838,6712895,0,0,0,0,0.0,0,0,0,0,0,0,0,0,0,0,0.0,0,0.0,0.00426446109568948,12.301783561706543,0.5939824346277559,4.567763328552246,0,0,0,0
2627,199858,66,pair_002_n5_002_conflict,conflict,1,0,0,12.600000000000001,0.04999999999999999,1100000,11690912,116682,838,6715546,0,0,0,0,0.0,0,0,0,0,0,0,0,0,0,0,0.0,0,0.0,0.004263200852096453,12.301783561706543,0.5938659997638329,4.567763328552246,0,0,0,0
2628,199928,70,pair_015_n3_015_conflict,conflict,1,0,0,12.560000000000002,0.04999999999999999,1100000,11695392,116729,839,6718247,0,0,0,0,0.0,0,0,0,0,0,0,0,0,0,0,0.0,0,0.0,0.004261903458872399,12.301783561706543,0.5938045390506503,4.567763328552246,0,0,0,0
2629,199996,68,pair_014_n5_014_control,control,1,0,0,12.580000000000002,0.04999999999999999,1100000,11699744,116785,839,6720974,0,0,0,0,0.0,0,0,0,0,0,0,0,0,0,0,0.0,0,0.0,0.004260637068344866,12.301783561706543,0.5936981544488671,4.567763328552246,0,0,0,0
2630,200000,4,pair_011_n3_011_control,control,0,0,1,0.16,0.04999999999999999,1100000,11700000,116785,839,6721124,0,0,0,0,0.0,0,0,0,0,0,0,0,0,0,0,0.0,0,0.0,0.004260558673185969,12.301783561706543,0.5936900395782757,4.567763328552246,0,0,0,0
