episode,environment_steps,episode_steps,scenario_id,condition,success,collision,budget_cutoff,return,epsilon,demo_samples_cumulative,online_samples_cumulative
0,108,108,pair_003_n5_003_conflict,conflict,1,0,0,12.180000000000001,0.29982166666666665,1728,5184
1,116,8,pair_002_n5_002_conflict,conflict,0,1,0,-0.87,0.29980833333333334,1856,5568
2,119,3,pair_014_n5_014_conflict,conflict,0,1,0,-0.92,0.2998033333333333,1904,5712
3,123,4,pair_005_n3_005_control,control,0,1,0,-0.9299999999999999,0.29979666666666666,1968,5904
4,219,96,pair_001_n5_001_conflict,conflict,1,0,0,12.3,0.29963666666666666,3504,10512
5,246,27,pair_001_n3_001_conflict,conflict,0,1,0,-0.1599999999999998,0.29959166666666665,3936,11808
6,281,35,pair_004_n3_004_control,control,0,1,0,-0.6399999999999999,0.2995333333333333,4496,13488
7,374,93,pair_004_n5_004_conflict,conflict,1,0,0,12.330000000000002,0.2993783333333333,5984,17952
8,494,120,pair_004_n5_004_control,control,1,0,0,12.060000000000002,0.2991783333333333,7904,23712
9,578,84,pair_011_n5_011_control,control,1,0,0,12.420000000000002,0.2990383333333333,9248,27744
10,602,24,pair_003_n3_003_conflict,conflict,0,1,0,-0.4800000000000001,0.2989983333333333,9632,28896
11,605,3,pair_005_n5_005_conflict,conflict,0,1,0,-0.92,0.29899333333333333,9680,29040
12,643,38,pair_001_n3_001_control,control,0,1,0,-0.2699999999999999,0.29893,10288,30864
13,738,95,pair_006_n5_006_control,control,1,0,0,12.310000000000002,0.29877166666666666,11808,35424
14,755,17,pair_016_n5_016_control,control,0,1,0,-0.4600000000000001,0.2987433333333333,12080,36240
15,758,3,pair_007_n5_007_control,control,0,1,0,-0.97,0.29873833333333333,12128,36384
16,858,100,pair_007_n3_007_conflict,conflict,1,0,0,12.260000000000002,0.2985716666666667,13728,41184
17,965,107,pair_008_n5_008_control,control,1,0,0,12.190000000000001,0.29839333333333334,15440,46320
18,1061,96,pair_000_n3_000_conflict,conflict,1,0,0,12.3,0.2982333333333333,16976,50928
19,1151,90,pair_011_n3_011_conflict,conflict,1,0,0,12.360000000000001,0.2980833333333333,18416,55248
20,1252,101,pair_010_n3_010_control,control,1,0,0,12.250000000000002,0.297915,20032,60096
21,1257,5,pair_002_n3_002_control,control,0,1,0,-0.89,0.29790666666666665,20112,60336
22,1352,95,pair_017_n5_017_conflict,conflict,1,0,0,12.310000000000002,0.29774833333333334,21632,64896
23,1445,93,pair_016_n3_016_conflict,conflict,1,0,0,12.330000000000002,0.2975933333333333,23120,69360
24,1540,95,pair_012_n5_012_conflict,conflict,1,0,0,12.310000000000002,0.297435,24640,73920
25,1641,101,pair_000_n3_000_control,control,1,0,0,12.250000000000002,0.2972666666666667,26256,78768
26,1644,3,pair_007_n3_007_control,control,0,1,0,-0.97,0.29726166666666665,26304,78912
27,1735,91,pair_008_n3_008_conflict,conflict,1,0,0,12.350000000000001,0.29711,27760,83280
28,1737,2,pair_012_n3_012_control,control,0,1,0,-0.96,0.29710666666666663,27792,83376
29,1832,95,pair_010_n5_010_control,control,1,0,0,12.310000000000002,0.2969483333333333,29312,87936
30,1946,114,pair_015_n3_015_conflict,conflict,1,0,0,12.120000000000001,0.29675833333333335,31136,93408
31,1963,17,pair_013_n5_013_conflict,conflict,0,1,0,-0.56,0.29673,31408,94224
32,2070,107,pair_006_n3_006_conflict,conflict,1,0,0,12.190000000000001,0.29655166666666666,33120,99360
33,2149,79,pair_000_n5_000_conflict,conflict,0,1,0,0.820000000000001,0.29642,34384,103152
34,2202,53,pair_006_n3_006_control,control,0,1,0,0.38000000000000056,0.29633166666666666,35232,105696
35,2267,65,pair_011_n5_011_conflict,conflict,0,1,0,1.0100000000000011,0.29622333333333334,36272,108816
36,2363,96,pair_010_n3_010_conflict,conflict,0,1,0,1.2500000000000018,0.29606333333333335,37808,113424
37,2455,92,pair_003_n3_003_control,control,1,0,0,12.340000000000002,0.29591,39280,117840
38,2551,96,pair_005_n3_005_conflict,conflict,1,0,0,12.3,0.29575,40816,122448
39,2556,5,pair_015_n5_015_control,control,0,1,0,-0.89,0.2957416666666667,40896,122688
40,2574,18,pair_016_n3_016_control,control,0,1,0,-0.67,0.29571166666666665,41184,123552
41,2593,19,pair_012_n5_012_control,control,0,1,0,-0.4800000000000001,0.29568,41488,124464
42,2609,16,pair_012_n3_012_conflict,conflict,0,1,0,-0.55,0.2956533333333333,41744,125232
43,2710,101,pair_009_n3_009_control,control,1,0,0,12.250000000000002,0.295485,43360,130080
44,2758,48,pair_009_n3_009_conflict,conflict,0,1,0,0.28000000000000047,0.295405,44128,132384
45,2846,88,pair_014_n3_014_control,control,1,0,0,12.38,0.29525833333333334,45536,136608
46,2945,99,pair_015_n3_015_control,control,1,0,0,12.270000000000001,0.2950933333333333,47120,141360
47,3035,90,pair_017_n5_017_control,control,1,0,0,12.360000000000001,0.29494333333333334,48560,145680
48,3126,91,pair_010_n5_010_conflict,conflict,1,0,0,12.350000000000001,0.2947916666666667,50016,150048
49,3220,94,pair_017_n3_017_control,control,1,0,0,12.320000000000002,0.294635,51520,154560
50,3237,17,pair_013_n5_013_control,control,0,1,0,-0.6100000000000001,0.2946066666666667,51792,155376
51,3254,17,pair_015_n5_015_conflict,conflict,0,1,0,-0.6100000000000001,0.29457833333333333,52064,156192
52,3271,17,pair_014_n5_014_control,control,0,1,0,-0.6100000000000001,0.29455,52336,157008
53,3367,96,pair_002_n5_002_control,control,1,0,0,12.3,0.29439,53872,161616
54,3478,111,pair_009_n5_009_conflict,conflict,1,0,0,12.150000000000002,0.294205,55648,166944
55,3570,92,pair_000_n5_000_control,control,1,0,0,12.340000000000002,0.29405166666666666,57120,171360
56,3668,98,pair_016_n5_016_conflict,conflict,1,0,0,12.280000000000001,0.2938883333333333,58688,176064
57,3771,103,pair_011_n3_011_control,control,1,0,0,12.23,0.2937166666666667,60336,181008
58,3883,112,pair_001_n5_001_control,control,0,1,0,1.040000000000004,0.29353,62128,186384
59,3994,111,pair_014_n3_014_conflict,conflict,1,0,0,12.150000000000002,0.29334499999999997,63904,191712
60,4079,85,pair_013_n3_013_control,control,1,0,0,12.410000000000002,0.2932033333333333,65264,195792
61,4170,91,pair_007_n5_007_conflict,conflict,1,0,0,12.350000000000001,0.29305166666666665,66720,200160
62,4265,95,pair_008_n5_008_conflict,conflict,0,1,0,1.3100000000000023,0.29289333333333334,68240,204720
63,4367,102,pair_008_n3_008_control,control,1,0,0,12.240000000000002,0.29272333333333334,69872,209616
64,4515,148,pair_003_n5_003_control,control,0,1,0,0.6300000000000041,0.29247666666666666,72240,216720
65,4607,92,pair_017_n3_017_conflict,conflict,1,0,0,12.340000000000002,0.2923233333333333,73712,221136
66,4750,143,pair_006_n5_006_conflict,conflict,1,0,0,11.830000000000002,0.292085,76000,228000
67,4850,100,pair_002_n3_002_conflict,conflict,1,0,0,12.260000000000002,0.29191833333333334,77600,232800
68,4903,53,pair_009_n5_009_control,control,0,1,0,0.18000000000000038,0.29183,78448,235344
69,4920,17,pair_004_n3_004_conflict,conflict,0,1,0,-0.5100000000000001,0.2918016666666667,78720,236160
70,5004,84,pair_005_n5_005_control,control,1,0,0,12.420000000000002,0.29166166666666665,80064,240192
71,5086,82,pair_013_n3_013_conflict,conflict,1,0,0,12.440000000000001,0.291525,81376,244128
72,5174,88,pair_011_n3_011_control,control,1,0,0,12.380000000000003,0.2913783333333333,82784,248352
73,5323,149,pair_010_n3_010_conflict,conflict,1,0,0,11.770000000000001,0.29113,85168,255504
74,5436,113,pair_003_n5_003_conflict,conflict,1,0,0,12.13,0.29094166666666665,86976,260928
75,5535,99,pair_008_n5_008_conflict,conflict,1,0,0,12.270000000000001,0.2907766666666667,88560,265680
76,5638,103,pair_010_n5_010_control,control,1,0,0,12.23,0.290605,90208,270624
77,5719,81,pair_002_n5_002_control,control,1,0,0,12.450000000000001,0.29047,91504,274512
78,5816,97,pair_015_n5_015_control,control,1,0,0,12.290000000000001,0.29030833333333333,93056,279168
79,5970,154,pair_006_n5_006_control,control,1,0,0,11.72,0.29005166666666665,95520,286560
80,6055,85,pair_013_n3_013_control,control,1,0,0,12.410000000000002,0.28991,96880,290640
81,6145,90,pair_014_n3_014_conflict,conflict,1,0,0,12.360000000000001,0.28975999999999996,98320,294960
82,6237,92,pair_008_n5_008_control,control,1,0,0,12.340000000000002,0.2896066666666667,99792,299376
83,6347,110,pair_011_n5_011_conflict,conflict,1,0,0,12.160000000000002,0.2894233333333333,101552,304656
84,6430,83,pair_003_n3_003_control,control,1,0,0,12.430000000000001,0.289285,102880,308640
85,6499,69,pair_007_n3_007_conflict,conflict,0,1,0,0.07000000000000028,0.28917,103984,311952
86,6626,127,pair_014_n3_014_control,control,1,0,0,11.990000000000002,0.2889583333333333,106016,318048
87,6718,92,pair_010_n5_010_conflict,conflict,1,0,0,12.340000000000002,0.288805,107488,322464
88,6810,92,pair_003_n3_003_conflict,conflict,1,0,0,12.340000000000002,0.28865166666666664,108960,326880
89,6904,94,pair_008_n3_008_control,control,1,0,0,12.320000000000002,0.288495,110464,331392
90,6994,90,pair_001_n5_001_control,control,1,0,0,12.360000000000001,0.28834499999999996,111904,335712
91,7094,100,pair_003_n5_003_control,control,1,0,0,12.260000000000002,0.2881783333333333,113504,340512
92,7196,102,pair_001_n5_001_conflict,conflict,1,0,0,12.240000000000002,0.2880083333333333,115136,345408
93,7387,191,pair_001_n3_001_conflict,conflict,1,0,0,11.35,0.28769,118192,354576
94,7503,116,pair_006_n3_006_conflict,conflict,1,0,0,12.100000000000001,0.2874966666666667,120048,360144
95,7506,3,pair_005_n5_005_conflict,conflict,0,1,0,-0.92,0.28749166666666665,120096,360288
96,7633,127,pair_013_n5_013_control,control,1,0,0,11.990000000000002,0.28728,122128,366384
97,7739,106,pair_001_n3_001_control,control,1,0,0,12.200000000000001,0.2871033333333333,123824,371472
98,7838,99,pair_008_n3_008_conflict,conflict,1,0,0,12.270000000000001,0.2869383333333333,125408,376224
99,7938,100,pair_015_n5_015_conflict,conflict,1,0,0,12.260000000000002,0.28677166666666665,127008,381024
100,8025,87,pair_006_n5_006_conflict,conflict,1,0,0,12.39,0.28662666666666664,128400,385200
101,8139,114,pair_007_n5_007_conflict,conflict,1,0,0,12.120000000000001,0.2864366666666667,130224,390672
102,8253,114,pair_012_n3_012_conflict,conflict,1,0,0,12.120000000000001,0.28624666666666665,132048,396144
103,8334,81,pair_017_n5_017_conflict,conflict,1,0,0,12.450000000000001,0.28611166666666665,133344,400032
104,8339,5,pair_012_n3_012_control,control,0,1,0,-0.89,0.2861033333333333,133424,400272
105,8477,138,pair_000_n3_000_conflict,conflict,1,0,0,11.88,0.2858733333333333,135632,406896
106,8485,8,pair_014_n5_014_conflict,conflict,0,1,0,-0.92,0.28586,135760,407280
107,8576,91,pair_000_n5_000_conflict,conflict,1,0,0,12.350000000000001,0.28570833333333334,137216,411648
108,8580,4,pair_012_n5_012_conflict,conflict,0,1,0,-0.98,0.28570166666666663,137280,411840
109,8584,4,pair_013_n5_013_conflict,conflict,0,1,0,-0.98,0.285695,137344,412032
110,8677,93,pair_002_n3_002_control,control,1,0,0,12.330000000000002,0.28554,138832,416496
111,8777,100,pair_009_n3_009_control,control,1,0,0,12.260000000000002,0.2853733333333333,140432,421296
112,8862,85,pair_002_n5_002_conflict,conflict,1,0,0,12.410000000000002,0.28523166666666666,141792,425376
113,8947,85,pair_016_n5_016_control,control,1,0,0,12.410000000000002,0.28509,143152,429456
114,9037,90,pair_011_n5_011_control,control,1,0,0,12.360000000000001,0.28493999999999997,144592,433776
115,9130,93,pair_017_n5_017_control,control,1,0,0,12.330000000000002,0.284785,146080,438240
116,9142,12,pair_017_n3_017_control,control,0,1,0,-0.86,0.284765,146272,438816
117,9254,112,pair_000_n5_000_control,control,1,0,0,12.14,0.2845783333333333,148064,444192
118,9352,98,pair_016_n3_016_control,control,1,0,0,12.280000000000001,0.284415,149632,448896
119,9456,104,pair_000_n3_000_control,control,1,0,0,12.220000000000002,0.28424166666666667,151296,453888
120,9560,104,pair_007_n3_007_control,control,1,0,0,12.22,0.2840683333333333,152960,458880
121,9568,8,pair_009_n5_009_control,control,0,1,0,-0.97,0.284055,153088,459264
122,9675,107,pair_004_n5_004_control,control,1,0,0,12.190000000000001,0.28387666666666667,154800,464400
123,9761,86,pair_004_n5_004_conflict,conflict,1,0,0,12.400000000000002,0.28373333333333334,156176,468528
124,9909,148,pair_009_n3_009_conflict,conflict,1,0,0,11.780000000000001,0.28348666666666666,158544,475632
125,10009,100,pair_017_n3_017_conflict,conflict,1,0,0,12.260000000000002,0.28332,160099,480477
126,10094,85,pair_011_n3_011_conflict,conflict,1,0,0,12.410000000000002,0.2831783333333333,161034,484982
127,10190,96,pair_005_n3_005_control,control,1,0,0,12.3,0.2830183333333333,162090,490070
128,10270,80,pair_016_n3_016_conflict,conflict,1,0,0,12.46,0.282885,162970,494310
129,10380,110,pair_013_n3_013_conflict,conflict,1,0,0,12.160000000000002,0.28270166666666663,164180,500140
130,10391,11,pair_016_n5_016_conflict,conflict,0,1,0,-1.0,0.28268333333333334,164301,500723
131,10397,6,pair_015_n3_015_control,control,0,1,0,-0.8,0.28267333333333333,164367,501041
132,10401,4,pair_015_n3_015_conflict,conflict,0,1,0,-0.88,0.2826666666666667,164411,501253
133,10489,88,pair_004_n3_004_conflict,conflict,1,0,0,12.380000000000003,0.28252,165379,505917
134,10579,90,pair_004_n3_004_control,control,0,1,0,1.3100000000000018,0.28237,166369,510687
135,10587,8,pair_002_n3_002_conflict,conflict,0,1,0,-0.87,0.28235666666666664,166457,511111
136,10690,103,pair_005_n5_005_control,control,1,0,0,12.23,0.28218499999999996,167590,516570
137,10786,96,pair_009_n5_009_conflict,conflict,0,1,0,1.100000000000001,0.28202499999999997,168646,521658
138,10890,104,pair_014_n5_014_control,control,1,0,0,12.220000000000002,0.28185166666666667,169790,527170
139,10973,83,pair_007_n5_007_control,control,1,0,0,12.430000000000001,0.2817133333333333,170703,531569
140,11064,91,pair_010_n3_010_control,control,1,0,0,12.350000000000001,0.28156166666666665,171704,536392
141,11173,109,pair_005_n3_005_conflict,conflict,1,0,0,12.170000000000002,0.28137999999999996,172903,542169
142,11292,119,pair_012_n5_012_control,control,1,0,0,12.07,0.28118166666666666,174212,548476
143,11389,97,pair_006_n3_006_control,control,1,0,0,12.290000000000001,0.28102,175279,553617
144,11476,87,pair_015_n3_015_conflict,conflict,1,0,0,12.39,0.280875,176236,558228
145,11574,98,pair_001_n3_001_conflict,conflict,1,0,0,12.280000000000001,0.28071166666666664,177314,563422
146,11874,300,pair_017_n5_017_conflict,conflict,0,0,0,-0.45000000000000073,0.28021166666666664,180614,579322
147,11983,109,pair_010_n3_010_control,control,1,0,0,12.170000000000002,0.28003,181813,585099
148,12073,90,pair_011_n5_011_conflict,conflict,1,0,0,12.360000000000001,0.27988,182803,589869
149,12184,111,pair_017_n3_017_control,control,1,0,0,12.150000000000002,0.27969499999999997,184024,595752
150,12285,101,pair_000_n3_000_conflict,conflict,1,0,0,12.250000000000002,0.27952666666666665,185135,601105
151,12392,107,pair_012_n5_012_control,control,1,0,0,12.190000000000001,0.2793483333333333,186312,606776
152,12507,115,pair_006_n5_006_control,control,1,0,0,12.110000000000001,0.27915666666666666,187577,612871
153,12609,102,pair_016_n3_016_conflict,conflict,1,0,0,12.240000000000002,0.27898666666666666,188699,618277
154,12613,4,pair_016_n5_016_conflict,conflict,0,1,0,-0.88,0.27898,188743,618489
155,12708,95,pair_010_n5_010_control,control,1,0,0,12.310000000000002,0.27882166666666663,189788,623524
156,12882,174,pair_011_n3_011_control,control,1,0,0,11.520000000000001,0.2785316666666667,191702,632746
157,12980,98,pair_004_n5_004_control,control,1,0,0,12.280000000000001,0.27836833333333333,192780,637940
158,13079,99,pair_004_n3_004_conflict,conflict,1,0,0,12.270000000000001,0.2782033333333333,193869,643187
159,13085,6,pair_007_n5_007_conflict,conflict,0,1,0,-0.9,0.27819333333333335,193935,643505
160,13192,107,pair_013_n5_013_conflict,conflict,1,0,0,12.190000000000001,0.278015,195112,649176
161,13282,90,pair_010_n5_010_conflict,conflict,1,0,0,12.360000000000001,0.277865,196102,653946
162,13377,95,pair_012_n3_012_control,control,1,0,0,12.31,0.27770666666666666,197147,658981
163,13517,140,pair_017_n5_017_control,control,1,0,0,11.860000000000001,0.27747333333333335,198687,666401
164,13598,81,pair_000_n5_000_control,control,1,0,0,12.450000000000001,0.2773383333333333,199578,670694
165,13694,96,pair_014_n3_014_control,control,1,0,0,12.3,0.2771783333333333,200634,675782
166,13780,86,pair_010_n3_010_conflict,conflict,1,0,0,12.400000000000002,0.277035,201580,680340
167,13791,11,pair_017_n3_017_conflict,conflict,0,1,0,-0.9,0.27701666666666663,201701,680923
168,13899,108,pair_016_n3_016_control,control,0,1,0,0.6800000000000008,0.2768366666666667,202889,686647
169,14005,106,pair_006_n5_006_conflict,conflict,1,0,0,12.200000000000001,0.27666,204055,692265
170,14010,5,pair_013_n5_013_control,control,0,1,0,-0.84,0.27665166666666663,204110,692530
171,14014,4,pair_009_n3_009_conflict,conflict,0,1,0,-0.88,0.276645,204154,692742
172,14105,91,pair_015_n5_015_conflict,conflict,1,0,0,12.350000000000001,0.2764933333333333,205155,697565
173,14193,88,pair_015_n3_015_control,control,1,0,0,12.38,0.27634666666666663,206123,702229
174,14303,110,pair_012_n3_012_conflict,conflict,1,0,0,12.16,0.2761633333333333,207333,708059
175,14401,98,pair_008_n5_008_control,control,1,0,0,12.280000000000001,0.27599999999999997,208411,713253
176,14481,80,pair_000_n5_000_conflict,conflict,1,0,0,12.46,0.27586666666666665,209291,717493
177,14577,96,pair_012_n5_012_conflict,conflict,1,0,0,12.3,0.27570666666666666,210347,722581
178,14674,97,pair_003_n3_003_control,control,1,0,0,12.290000000000003,0.275545,211414,727722
179,14771,97,pair_013_n3_013_conflict,conflict,1,0,0,12.290000000000003,0.2753833333333333,212481,732863
180,14867,96,pair_001_n5_001_conflict,conflict,1,0,0,12.3,0.2752233333333333,213537,737951
181,14977,110,pair_016_n5_016_control,control,1,0,0,12.160000000000002,0.27504,214747,743781
182,14982,5,pair_007_n3_007_conflict,conflict,0,1,0,-0.84,0.2750316666666667,214802,744046
183,15087,105,pair_002_n3_002_control,control,1,0,0,12.21,0.27485666666666664,215957,749611
184,15181,94,pair_005_n3_005_conflict,conflict,1,0,0,12.32,0.2747,216991,754593
185,15290,109,pair_001_n5_001_control,control,1,0,0,12.170000000000002,0.2745183333333333,218190,760370
186,15374,84,pair_003_n5_003_conflict,conflict,1,0,0,12.420000000000002,0.27437833333333334,219114,764822
187,15464,90,pair_002_n3_002_conflict,conflict,1,0,0,12.360000000000001,0.2742283333333333,220104,769592
188,15571,107,pair_001_n3_001_control,control,1,0,0,12.190000000000001,0.27405,221281,775263
189,15681,110,pair_004_n5_004_conflict,conflict,1,0,0,12.160000000000002,0.27386666666666665,222491,781093
190,15793,112,pair_006_n3_006_conflict,conflict,1,0,0,12.14,0.27368,223723,787029
191,15816,23,pair_014_n3_014_conflict,conflict,0,1,0,-1.02,0.27364166666666667,223976,788248
192,15916,100,pair_003_n3_003_conflict,conflict,1,0,0,12.260000000000002,0.27347499999999997,225076,793548
193,15957,41,pair_007_n3_007_control,control,0,1,0,-1.1500000000000001,0.27340666666666663,225527,795721
194,16042,85,pair_008_n3_008_conflict,conflict,0,1,0,1.3600000000000017,0.273265,226462,800226
195,16132,90,pair_011_n3_011_conflict,conflict,1,0,0,12.360000000000001,0.273115,227452,804996
196,16275,143,pair_002_n5_002_conflict,conflict,1,0,0,11.83,0.27287666666666666,229025,812575
197,16367,92,pair_005_n5_005_conflict,conflict,1,0,0,12.340000000000002,0.2727233333333333,230037,817451
198,16466,99,pair_011_n5_011_control,control,1,0,0,12.270000000000001,0.27255833333333335,231126,822698
199,16569,103,pair_013_n3_013_control,control,1,0,0,12.23,0.27238666666666667,232259,828157
200,16671,102,pair_004_n3_004_control,control,1,0,0,12.240000000000002,0.27221666666666666,233381,833563
201,16775,104,pair_014_n5_014_conflict,conflict,1,0,0,12.220000000000002,0.2720433333333333,234525,839075
202,16899,124,pair_009_n5_009_control,control,1,0,0,12.020000000000001,0.27183666666666667,235889,845647
203,16990,91,pair_008_n3_008_control,control,1,0,0,12.350000000000001,0.271685,236890,850470
204,16996,6,pair_006_n3_006_control,control,0,1,0,-0.9,0.271675,236956,850788
205,17090,94,pair_000_n3_000_control,control,1,0,0,12.32,0.2715183333333333,237990,855770
206,17192,102,pair_014_n5_014_control,control,1,0,0,12.240000000000002,0.2713483333333333,239112,861176
207,17257,65,pair_009_n3_009_control,control,0,1,0,0.11000000000000032,0.27124,239827,864621
208,17362,105,pair_009_n5_009_conflict,conflict,1,0,0,12.21,0.271065,240982,870186
209,17385,23,pair_015_n5_015_control,control,0,1,0,-0.97,0.27102666666666664,241235,871405
210,17471,86,pair_005_n3_005_control,control,1,0,0,12.400000000000002,0.2708833333333333,242181,875963
211,17574,103,pair_005_n5_005_control,control,1,0,0,12.23,0.2707116666666667,243314,881422
212,17581,7,pair_002_n5_002_control,control,0,1,0,-0.96,0.2707,243391,881793
213,17662,81,pair_007_n5_007_control,control,1,0,0,12.450000000000001,0.270565,244282,886086
214,17741,79,pair_003_n5_003_control,control,1,0,0,12.470000000000002,0.2704333333333333,245151,890273
215,17836,95,pair_008_n5_008_conflict,conflict,1,0,0,12.310000000000002,0.270275,246196,895308
216,17932,96,pair_002_n3_002_control,control,1,0,0,12.3,0.270115,247252,900396
217,18024,92,pair_000_n5_000_control,control,1,0,0,12.340000000000002,0.26996166666666666,248264,905272
218,18118,94,pair_005_n5_005_conflict,conflict,1,0,0,12.320000000000002,0.26980499999999996,249298,910254
219,18219,101,pair_001_n5_001_conflict,conflict,1,0,0,12.250000000000002,0.26963666666666664,250409,915607
220,18317,98,pair_000_n5_000_conflict,conflict,1,0,0,12.280000000000001,0.26947333333333334,251487,920801
221,18426,109,pair_017_n3_017_conflict,conflict,1,0,0,12.170000000000002,0.26929166666666665,252686,926578
222,18509,83,pair_013_n3_013_conflict,conflict,1,0,0,12.430000000000001,0.2691533333333333,253599,930977
223,18606,97,pair_009_n3_009_control,control,1,0,0,12.290000000000001,0.26899166666666663,254666,936118
224,18710,104,pair_006_n5_006_conflict,conflict,1,0,0,12.22,0.2688183333333333,255810,941630
225,18810,100,pair_008_n5_008_control,control,1,0,0,12.260000000000002,0.2686516666666667,256910,946930
226,18910,100,pair_004_n3_004_conflict,conflict,1,0,0,12.260000000000002,0.268485,258010,952230
227,19007,97,pair_016_n3_016_conflict,conflict,1,0,0,12.290000000000001,0.2683233333333333,259077,957371
228,19098,91,pair_003_n5_003_control,control,1,0,0,12.350000000000001,0.26817166666666664,260078,962194
229,19195,97,pair_015_n5_015_conflict,conflict,1,0,0,12.290000000000001,0.26800999999999997,261145,967335
230,19287,92,pair_017_n3_017_control,control,1,0,0,12.340000000000002,0.26785666666666663,262157,972211
231,19380,93,pair_013_n5_013_control,control,1,0,0,12.330000000000002,0.26770166666666667,263180,977140
232,19488,108,pair_001_n5_001_control,control,1,0,0,12.180000000000001,0.26752166666666666,264368,982864
233,19572,84,pair_003_n3_003_control,control,1,0,0,12.420000000000002,0.26738166666666663,265292,987316
234,19657,85,pair_009_n5_009_conflict,conflict,1,0,0,12.410000000000002,0.26724,266227,991821
235,19750,93,pair_007_n5_007_conflict,conflict,1,0,0,12.330000000000002,0.267085,267250,996750
236,19845,95,pair_017_n5_017_control,control,1,0,0,12.310000000000002,0.26692666666666665,268295,1001785
237,19851,6,pair_016_n5_016_control,control,0,1,0,-0.8,0.26691666666666664,268361,1002103
238,19940,89,pair_012_n5_012_conflict,conflict,1,0,0,12.370000000000001,0.26676833333333333,269340,1006820
239,20034,94,pair_000_n3_000_conflict,conflict,1,0,0,12.32,0.26661166666666664,270272,1011904
240,20137,103,pair_006_n5_006_control,control,1,0,0,12.23,0.26644,271096,1017672
241,20238,101,pair_005_n3_005_control,control,1,0,0,12.250000000000002,0.2662716666666667,271904,1023328
242,20332,94,pair_000_n3_000_control,control,1,0,0,12.320000000000002,0.266115,272656,1028592
243,20442,110,pair_008_n5_008_conflict,conflict,1,0,0,12.16,0.2659316666666667,273536,1034752
244,20538,96,pair_015_n5_015_control,control,1,0,0,12.3,0.26577166666666663,274304,1040128
245,20641,103,pair_011_n3_011_conflict,conflict,1,0,0,12.230000000000002,0.2656,275128,1045896
246,20665,24,pair_015_n3_015_conflict,conflict,0,1,0,-0.6300000000000001,0.26556,275320,1047240
247,20765,100,pair_016_n5_016_conflict,conflict,1,0,0,12.260000000000002,0.2653933333333333,276120,1052840
248,20849,84,pair_010_n5_010_control,control,1,0,0,12.420000000000002,0.26525333333333334,276792,1057544
249,20939,90,pair_003_n3_003_conflict,conflict,1,0,0,12.360000000000001,0.2651033333333333,277512,1062584
250,21056,117,pair_009_n3_009_conflict,conflict,1,0,0,12.090000000000002,0.2649083333333333,278448,1069136
251,21148,92,pair_012_n3_012_conflict,conflict,1,0,0,12.340000000000002,0.26475499999999996,279184,1074288
252,21232,84,pair_012_n3_012_control,control,1,0,0,12.420000000000002,0.264615,279856,1078992
253,21322,90,pair_014_n5_014_control,control,1,0,0,12.360000000000001,0.264465,280576,1084032
254,21418,96,pair_004_n5_004_control,control,1,0,0,12.3,0.264305,281344,1089408
255,21500,82,pair_011_n5_011_conflict,conflict,1,0,0,12.440000000000001,0.26416833333333334,282000,1094000
256,21599,99,pair_005_n3_005_conflict,conflict,1,0,0,12.270000000000001,0.2640033333333333,282792,1099544
257,21695,96,pair_014_n3_014_control,control,1,0,0,12.3,0.2638433333333333,283560,1104920
258,21793,98,pair_001_n3_001_control,control,1,0,0,12.280000000000001,0.26367999999999997,284344,1110408
259,21898,105,pair_016_n3_016_control,control,1,0,0,12.21,0.263505,285184,1116288
260,21996,98,pair_008_n3_008_conflict,conflict,1,0,0,12.280000000000001,0.26334166666666664,285968,1121776
261,22117,121,pair_006_n3_006_conflict,conflict,1,0,0,12.05,0.26314,286936,1128552
262,22121,4,pair_002_n5_002_control,control,0,1,0,-0.98,0.26313333333333333,286968,1128776
263,22211,90,pair_011_n5_011_control,control,1,0,0,12.360000000000001,0.26298333333333335,287688,1133816
264,22299,88,pair_001_n3_001_conflict,conflict,1,0,0,12.380000000000003,0.26283666666666666,288392,1138744
265,22393,94,pair_012_n5_012_control,control,1,0,0,12.32,0.26267999999999997,289144,1144008
266,22488,95,pair_009_n5_009_control,control,1,0,0,12.310000000000002,0.26252166666666665,289904,1149328
267,22579,91,pair_014_n3_014_conflict,conflict,1,0,0,12.350000000000001,0.26237,290632,1154424
268,22679,100,pair_008_n3_008_control,control,1,0,0,12.260000000000002,0.26220333333333334,291432,1160024
269,22777,98,pair_017_n5_017_conflict,conflict,1,0,0,12.280000000000001,0.26204,292216,1165512
270,22878,101,pair_010_n3_010_conflict,conflict,1,0,0,12.250000000000002,0.26187166666666667,293024,1171168
271,22967,89,pair_011_n3_011_control,control,1,0,0,12.370000000000001,0.2617233333333333,293736,1176152
272,23057,90,pair_010_n3_010_control,control,1,0,0,12.360000000000001,0.2615733333333333,294456,1181192
273,23147,90,pair_002_n3_002_conflict,conflict,1,0,0,12.360000000000001,0.26142333333333334,295176,1186232
274,23244,97,pair_007_n3_007_conflict,conflict,1,0,0,12.290000000000001,0.26126166666666667,295952,1191664
275,23250,6,pair_006_n3_006_control,control,0,1,0,-0.95,0.26125166666666666,296000,1192000
276,23349,99,pair_015_n3_015_control,control,1,0,0,12.270000000000001,0.26108666666666663,296792,1197544
277,23440,91,pair_004_n5_004_conflict,conflict,1,0,0,12.350000000000001,0.260935,297520,1202640
278,23562,122,pair_007_n3_007_control,control,1,0,0,12.040000000000001,0.26073166666666664,298496,1209472
279,23567,5,pair_014_n5_014_conflict,conflict,0,1,0,-0.84,0.2607233333333333,298536,1209752
280,23576,9,pair_007_n5_007_control,control,0,1,0,-1.03,0.2607083333333333,298608,1210256
281,23677,101,pair_004_n3_004_control,control,1,0,0,12.250000000000002,0.26054,299416,1215912
282,23775,98,pair_010_n5_010_conflict,conflict,1,0,0,12.280000000000001,0.26037666666666665,300200,1221400
283,23867,92,pair_013_n5_013_conflict,conflict,1,0,0,12.340000000000002,0.2602233333333333,300936,1226552
284,23959,92,pair_003_n5_003_conflict,conflict,1,0,0,12.340000000000002,0.26006999999999997,301672,1231704
285,24035,76,pair_002_n5_002_conflict,conflict,0,1,0,1.0000000000000009,0.2599433333333333,302280,1235960
286,24146,111,pair_005_n5_005_control,control,1,0,0,12.150000000000002,0.2597583333333333,303168,1242176
287,24247,101,pair_013_n3_013_control,control,1,0,0,12.250000000000002,0.25959,303976,1247832
288,24338,91,pair_015_n3_015_control,control,1,0,0,12.350000000000001,0.2594383333333333,304704,1252928
289,24345,7,pair_016_n3_016_conflict,conflict,0,1,0,-0.86,0.25942666666666664,304760,1253320
290,24418,73,pair_016_n5_016_conflict,conflict,0,1,0,0.880000000000001,0.259305,305344,1257408
291,24509,91,pair_012_n5_012_conflict,conflict,1,0,0,12.350000000000001,0.25915333333333335,306072,1262504
292,24599,90,pair_005_n5_005_conflict,conflict,1,0,0,12.360000000000001,0.2590033333333333,306792,1267544
293,24613,14,pair_014_n3_014_conflict,conflict,0,1,0,-0.53,0.25898,306904,1268328
294,24703,90,pair_008_n3_008_control,control,1,0,0,12.360000000000001,0.25883,307624,1273368
295,24807,104,pair_001_n3_001_control,control,0,1,0,1.1700000000000013,0.25865666666666665,308456,1279192
296,24814,7,pair_006_n3_006_control,control,0,1,0,-1.01,0.258645,308512,1279584
297,24906,92,pair_011_n5_011_control,control,1,0,0,12.340000000000002,0.2584916666666667,309248,1284736
298,25003,97,pair_014_n5_014_conflict,conflict,1,0,0,12.290000000000001,0.25833,310024,1290168
299,25083,80,pair_004_n3_004_control,control,1,0,0,12.46,0.25819666666666663,310664,1294648
300,25173,90,pair_000_n3_000_control,control,1,0,0,12.360000000000003,0.25804666666666665,311384,1299688
301,25261,88,pair_015_n5_015_control,control,1,0,0,12.380000000000003,0.2579,312088,1304616
302,25353,92,pair_017_n3_017_conflict,conflict,1,0,0,12.340000000000002,0.2577466666666667,312824,1309768
303,25359,6,pair_012_n3_012_conflict,conflict,0,1,0,-0.8,0.25773666666666667,312872,1310104
304,25455,96,pair_006_n3_006_conflict,conflict,1,0,0,12.3,0.2575766666666667,313640,1315480
305,25551,96,pair_008_n5_008_conflict,conflict,0,1,0,1.2500000000000013,0.2574166666666666,314408,1320856
306,25640,89,pair_002_n3_002_conflict,conflict,1,0,0,12.370000000000001,0.2572683333333333,315120,1325840
307,25751,111,pair_017_n3_017_control,control,1,0,0,12.150000000000002,0.25708333333333333,316008,1332056
308,25835,84,pair_005_n3_005_conflict,conflict,1,0,0,12.420000000000002,0.2569433333333333,316680,1336760
309,25934,99,pair_001_n3_001_conflict,conflict,1,0,0,12.270000000000001,0.25677833333333333,317472,1342304
310,26023,89,pair_001_n5_001_conflict,conflict,1,0,0,12.370000000000001,0.25662999999999997,318184,1347288
311,26107,84,pair_015_n5_015_conflict,conflict,1,0,0,12.420000000000002,0.25649,318856,1351992
312,26207,100,pair_010_n5_010_control,control,1,0,0,12.260000000000002,0.25632333333333335,319656,1357592
313,26295,88,pair_000_n3_000_conflict,conflict,1,0,0,12.38,0.25617666666666666,320360,1362520
314,26378,83,pair_004_n5_004_control,control,1,0,0,12.430000000000001,0.2560383333333333,321024,1367168
315,26380,2,pair_016_n5_016_control,control,0,1,0,-0.96,0.256035,321040,1367280
316,26490,110,pair_003_n5_003_control,control,1,0,0,12.160000000000002,0.25585166666666664,321920,1373440
317,26591,101,pair_016_n3_016_control,control,1,0,0,12.250000000000002,0.2556833333333333,322728,1379096
318,26595,4,pair_009_n3_009_conflict,conflict,0,1,0,-0.88,0.25567666666666666,322760,1379320
319,26601,6,pair_012_n3_012_control,control,0,1,0,-0.9,0.25566666666666665,322808,1379656
320,26700,99,pair_010_n3_010_control,control,1,0,0,12.270000000000001,0.2555016666666666,323600,1385200
321,26798,98,pair_007_n3_007_control,control,1,0,0,12.280000000000001,0.25533833333333333,324384,1390688
322,26882,84,pair_002_n5_002_control,control,1,0,0,12.420000000000002,0.2551983333333333,325056,1395392
323,26972,90,pair_001_n5_001_control,control,1,0,0,12.360000000000001,0.2550483333333333,325776,1400432
324,27062,90,pair_011_n3_011_conflict,conflict,1,0,0,12.360000000000001,0.25489833333333334,326496,1405472
325,27138,76,pair_010_n5_010_conflict,conflict,1,0,0,12.500000000000002,0.2547716666666667,327104,1409728
326,27228,90,pair_013_n5_013_control,control,1,0,0,12.360000000000001,0.25462166666666664,327824,1414768
327,27311,83,pair_007_n3_007_conflict,conflict,1,0,0,12.430000000000001,0.25448333333333334,328488,1419416
328,27335,24,pair_014_n5_014_control,control,0,1,0,-0.5800000000000001,0.2544433333333333,328680,1420760
329,27421,86,pair_003_n3_003_control,control,1,0,0,12.400000000000002,0.25429999999999997,329368,1425576
330,27503,82,pair_006_n5_006_conflict,conflict,1,0,0,12.440000000000001,0.2541633333333333,330024,1430168
331,27611,108,pair_011_n3_011_control,control,1,0,0,12.180000000000001,0.25398333333333334,330888,1436216
332,27622,11,pair_009_n5_009_conflict,conflict,0,1,0,-0.65,0.253965,330976,1436832
333,27709,87,pair_005_n3_005_control,control,1,0,0,12.390000000000002,0.25382,331672,1441704
334,27798,89,pair_009_n5_009_control,control,1,0,0,12.370000000000001,0.25367166666666663,332384,1446688
335,27887,89,pair_004_n5_004_conflict,conflict,1,0,0,12.370000000000001,0.2535233333333333,333096,1451672
336,27987,100,pair_013_n5_013_conflict,conflict,1,0,0,12.260000000000002,0.2533566666666667,333896,1457272
337,28088,101,pair_017_n5_017_conflict,conflict,1,0,0,12.250000000000002,0.25318833333333335,334704,1462928
338,28171,83,pair_010_n3_010_conflict,conflict,1,0,0,12.430000000000001,0.25305,335368,1467576
339,28183,12,pair_009_n3_009_control,control,0,1,0,-0.96,0.25303,335464,1468248
340,28267,84,pair_014_n3_014_control,control,1,0,0,12.420000000000002,0.25289,336136,1472952
341,28376,109,pair_000_n5_000_conflict,conflict,1,0,0,12.170000000000002,0.2527083333333333,337008,1479056
342,28470,94,pair_007_n5_007_control,control,1,0,0,12.320000000000002,0.2525516666666667,337760,1484320
343,28568,98,pair_015_n3_015_conflict,conflict,1,0,0,12.280000000000001,0.2523883333333333,338544,1489808
344,28679,111,pair_008_n3_008_conflict,conflict,1,0,0,12.150000000000002,0.25220333333333333,339432,1496024
345,28769,90,pair_000_n5_000_control,control,1,0,0,12.360000000000001,0.25205333333333335,340152,1501064
346,28881,112,pair_006_n5_006_control,control,1,0,0,12.140000000000002,0.2518666666666667,341048,1507336
347,28979,98,pair_012_n5_012_control,control,1,0,0,12.280000000000001,0.25170333333333333,341832,1512824
348,29082,103,pair_011_n5_011_conflict,conflict,1,0,0,12.23,0.25153166666666665,342656,1518592
349,29170,88,pair_004_n3_004_conflict,conflict,1,0,0,12.380000000000003,0.25138499999999997,343360,1523520
350,29261,91,pair_002_n5_002_conflict,conflict,1,0,0,12.350000000000001,0.2512333333333333,344088,1528616
351,29350,89,pair_013_n3_013_control,control,1,0,0,12.370000000000001,0.251085,344800,1533600
352,29459,109,pair_002_n3_002_control,control,1,0,0,12.170000000000002,0.2509033333333333,345672,1539704
353,29554,95,pair_003_n5_003_conflict,conflict,1,0,0,12.310000000000002,0.250745,346432,1545024
354,29632,78,pair_005_n5_005_control,control,1,0,0,12.480000000000002,0.250615,347056,1549392
355,29637,5,pair_013_n3_013_conflict,conflict,0,1,0,-0.84,0.25060666666666664,347096,1549672
356,29735,98,pair_017_n5_017_control,control,1,0,0,12.280000000000001,0.25044333333333335,347880,1555160
357,29833,98,pair_007_n5_007_conflict,conflict,1,0,0,12.280000000000001,0.25028,348664,1560648
358,29924,91,pair_003_n3_003_conflict,conflict,1,0,0,12.350000000000001,0.25012833333333334,349392,1565744
359,30031,107,pair_008_n5_008_control,control,1,0,0,12.190000000000001,0.24995,350217,1571767
360,30048,17,pair_015_n3_015_conflict,conflict,0,1,0,-0.56,0.24992166666666665,350336,1572736
361,30128,80,pair_007_n3_007_conflict,conflict,1,0,0,12.46,0.24978833333333333,350896,1577296
362,30218,90,pair_000_n5_000_control,control,1,0,0,12.360000000000001,0.24963833333333332,351526,1582426
363,30222,4,pair_009_n5_009_control,control,0,1,0,-0.98,0.24963166666666664,351554,1582654
364,30310,88,pair_008_n3_008_conflict,conflict,1,0,0,12.38,0.24948499999999998,352170,1587670
365,30403,93,pair_010_n3_010_conflict,conflict,1,0,0,12.330000000000002,0.24933,352821,1592971
366,30488,85,pair_004_n3_004_conflict,conflict,1,0,0,12.410000000000002,0.24918833333333332,353416,1597816
367,30577,89,pair_015_n5_015_control,control,1,0,0,12.370000000000001,0.24903999999999998,354039,1602889
368,30676,99,pair_010_n5_010_control,control,1,0,0,12.270000000000001,0.24887499999999999,354732,1608532
369,30769,93,pair_011_n3_011_conflict,conflict,1,0,0,12.330000000000002,0.24872,355383,1613833
370,30832,63,pair_014_n3_014_control,control,0,1,0,0.6300000000000008,0.24861499999999997,355824,1617424
371,30918,86,pair_017_n3_017_control,control,1,0,0,12.400000000000002,0.24847166666666665,356426,1622326
372,31010,92,pair_002_n3_002_conflict,conflict,1,0,0,12.340000000000002,0.2483183333333333,357070,1627570
373,31101,91,pair_003_n3_003_control,control,1,0,0,12.350000000000001,0.24816666666666665,357707,1632757
374,31206,105,pair_013_n3_013_control,control,1,0,0,12.21,0.24799166666666667,358442,1638742
375,31300,94,pair_009_n3_009_conflict,conflict,1,0,0,12.320000000000002,0.24783499999999997,359100,1644100
376,31382,82,pair_010_n3_010_control,control,1,0,0,12.440000000000001,0.24769833333333333,359674,1648774
377,31481,99,pair_013_n5_013_control,control,1,0,0,12.270000000000001,0.24753333333333333,360367,1654417
378,31571,90,pair_006_n5_006_control,control,1,0,0,12.360000000000001,0.24738333333333332,360997,1659547
379,31659,88,pair_006_n5_006_conflict,conflict,1,0,0,12.380000000000003,0.24723666666666666,361613,1664563
380,31739,80,pair_008_n3_008_control,control,1,0,0,12.46,0.2471033333333333,362173,1669123
381,31828,89,pair_000_n3_000_control,control,1,0,0,12.370000000000001,0.24695499999999998,362796,1674196
382,31926,98,pair_015_n5_015_conflict,conflict,1,0,0,12.280000000000001,0.24679166666666666,363482,1679782
383,32021,95,pair_010_n5_010_conflict,conflict,1,0,0,12.310000000000002,0.24663333333333332,364147,1685197
384,32106,85,pair_001_n3_001_control,control,1,0,0,12.410000000000002,0.24649166666666666,364742,1690042
385,32224,118,pair_006_n3_006_conflict,conflict,1,0,0,12.080000000000002,0.246295,365568,1696768
386,32319,95,pair_000_n5_000_conflict,conflict,1,0,0,12.310000000000002,0.24613666666666667,366233,1702183
387,32446,127,pair_007_n5_007_control,control,1,0,0,11.990000000000002,0.245925,367122,1709422
388,32546,100,pair_013_n5_013_conflict,conflict,1,0,0,12.260000000000002,0.24575833333333333,367822,1715122
389,32635,89,pair_016_n5_016_conflict,conflict,1,0,0,12.370000000000001,0.24561,368445,1720195
390,32737,102,pair_005_n3_005_control,control,1,0,0,12.240000000000002,0.24544,369159,1726009
391,32830,93,pair_001_n5_001_conflict,conflict,1,0,0,12.330000000000002,0.24528499999999998,369810,1731310
392,32914,84,pair_009_n5_009_conflict,conflict,1,0,0,12.420000000000002,0.245145,370398,1736098
393,33012,98,pair_005_n5_005_conflict,conflict,1,0,0,12.280000000000001,0.24498166666666665,371084,1741684
394,33091,79,pair_016_n3_016_control,control,1,0,0,12.470000000000002,0.24484999999999998,371637,1746187
395,33167,76,pair_013_n3_013_conflict,conflict,1,0,0,12.500000000000002,0.24472333333333332,372169,1750519
396,33169,2,pair_007_n5_007_conflict,conflict,0,1,0,-0.96,0.24472,372183,1750633
397,33255,86,pair_011_n5_011_control,control,1,0,0,12.400000000000002,0.24457666666666666,372785,1755535
398,33356,101,pair_014_n5_014_control,control,1,0,0,12.250000000000002,0.24440833333333334,373492,1761292
399,33464,108,pair_008_n5_008_control,control,1,0,0,12.180000000000001,0.24422833333333333,374248,1767448
400,33548,84,pair_016_n3_016_conflict,conflict,1,0,0,12.420000000000002,0.24408833333333332,374836,1772236
401,33644,96,pair_003_n5_003_conflict,conflict,1,0,0,12.3,0.24392833333333333,375508,1777708
402,33738,94,pair_003_n5_003_control,control,1,0,0,12.32,0.24377166666666666,376166,1783066
403,33741,3,pair_012_n3_012_control,control,0,1,0,-0.97,0.24376666666666666,376187,1783237
404,33780,39,pair_012_n5_012_control,control,0,1,0,-0.83,0.24370166666666665,376460,1785460
405,33862,82,pair_008_n5_008_conflict,conflict,1,0,0,12.440000000000001,0.24356499999999998,377034,1790134
406,33953,91,pair_003_n3_003_conflict,conflict,1,0,0,12.350000000000001,0.24341333333333331,377671,1795321
407,34047,94,pair_007_n3_007_control,control,1,0,0,12.32,0.24325666666666665,378329,1800679
408,34140,93,pair_004_n5_004_conflict,conflict,1,0,0,12.330000000000002,0.24310166666666666,378980,1805980
409,34235,95,pair_014_n3_014_conflict,conflict,1,0,0,12.310000000000002,0.24294333333333332,379645,1811395
410,34328,93,pair_011_n5_011_conflict,conflict,1,0,0,12.330000000000002,0.24278833333333333,380296,1816696
411,34337,9,pair_012_n3_012_conflict,conflict,0,1,0,-1.03,0.2427733333333333,380359,1817209
412,34424,87,pair_014_n5_014_conflict,conflict,1,0,0,12.39,0.24262833333333333,380968,1822168
413,34521,97,pair_017_n5_017_control,control,1,0,0,12.290000000000001,0.24246666666666666,381647,1827697
414,34627,106,pair_002_n5_002_control,control,1,0,0,12.200000000000001,0.24229,382389,1833739
415,34630,3,pair_006_n3_006_control,control,0,1,0,-0.97,0.24228499999999997,382410,1833910
416,34718,88,pair_004_n5_004_control,control,1,0,0,12.38,0.24213833333333332,383026,1838926
417,34819,101,pair_002_n3_002_control,control,1,0,0,12.250000000000002,0.24197,383733,1844683
418,34914,95,pair_017_n3_017_conflict,conflict,1,0,0,12.310000000000002,0.24181166666666665,384398,1850098
419,34923,9,pair_002_n5_002_conflict,conflict,0,1,0,-0.9299999999999999,0.24179666666666666,384461,1850611
420,35006,83,pair_009_n3_009_control,control,1,0,0,12.430000000000001,0.2416583333333333,385042,1855342
421,35101,95,pair_011_n3_011_control,control,1,0,0,12.310000000000002,0.2415,385707,1860757
422,35185,84,pair_015_n3_015_control,control,1,0,0,12.420000000000002,0.24136,386295,1865545
423,35280,95,pair_000_n3_000_conflict,conflict,1,0,0,12.31,0.24120166666666665,386960,1870960
424,35283,3,pair_012_n5_012_conflict,conflict,0,1,0,-0.92,0.24119666666666667,386981,1871131
425,35381,98,pair_016_n5_016_control,control,1,0,0,12.280000000000001,0.24103333333333332,387667,1876717
426,35486,105,pair_005_n3_005_conflict,conflict,1,0,0,12.21,0.2408583333333333,388402,1882702
427,35588,102,pair_005_n5_005_control,control,1,0,0,12.240000000000002,0.24068833333333334,389116,1888516
428,35675,87,pair_001_n3_001_conflict,conflict,1,0,0,12.39,0.24054333333333333,389725,1893475
429,35778,103,pair_001_n5_001_control,control,1,0,0,12.23,0.24037166666666665,390446,1899346
430,35878,100,pair_004_n3_004_control,control,1,0,0,12.260000000000002,0.240205,391146,1905046
431,35987,109,pair_017_n5_017_conflict,conflict,1,0,0,12.170000000000002,0.2400233333333333,391909,1911259
432,35989,2,pair_012_n3_012_conflict,conflict,0,1,0,-0.96,0.24001999999999998,391923,1911373
433,36082,93,pair_014_n3_014_conflict,conflict,1,0,0,12.330000000000002,0.239865,392574,1916674
434,36106,24,pair_003_n5_003_conflict,conflict,0,1,0,-0.32999999999999996,0.23982499999999998,392742,1918042
435,36111,5,pair_013_n5_013_control,control,0,1,0,-0.84,0.23981666666666665,392777,1918327
436,36205,94,pair_009_n5_009_conflict,conflict,1,0,0,12.32,0.23965999999999998,393435,1923685
437,36207,2,pair_013_n3_013_control,control,0,1,0,-0.96,0.23965666666666666,393449,1923799
438,36285,78,pair_015_n3_015_conflict,conflict,1,0,0,12.48,0.23952666666666667,393995,1928245
439,36373,88,pair_014_n5_014_conflict,conflict,1,0,0,12.38,0.23937999999999998,394611,1933261
440,36458,85,pair_005_n5_005_control,control,1,0,0,12.410000000000002,0.23923833333333333,395206,1938106
441,36561,103,pair_015_n3_015_control,control,1,0,0,12.23,0.23906666666666665,395927,1943977
442,36655,94,pair_011_n5_011_conflict,conflict,1,0,0,12.320000000000002,0.23890999999999998,396585,1949335
443,36752,97,pair_004_n3_004_conflict,conflict,1,0,0,12.290000000000001,0.2387483333333333,397264,1954864
444,36844,92,pair_004_n5_004_conflict,conflict,1,0,0,12.340000000000002,0.238595,397908,1960108
445,36847,3,pair_013_n3_013_conflict,conflict,0,1,0,-0.97,0.23859,397929,1960279
446,36931,84,pair_010_n5_010_conflict,conflict,1,0,0,12.420000000000002,0.23845,398517,1965067
447,37028,97,pair_009_n3_009_conflict,conflict,1,0,0,12.290000000000001,0.23828833333333332,399196,1970596
448,37119,91,pair_006_n5_006_control,control,1,0,0,12.350000000000001,0.23813666666666666,399833,1975783
449,37216,97,pair_000_n5_000_control,control,1,0,0,12.290000000000001,0.237975,400512,1981312
450,37301,85,pair_001_n3_001_conflict,conflict,1,0,0,12.410000000000002,0.2378333333333333,401107,1986157
451,37385,84,pair_016_n5_016_conflict,conflict,1,0,0,12.420000000000002,0.2376933333333333,401695,1990945
452,37500,115,pair_001_n5_001_conflict,conflict,1,0,0,12.110000000000001,0.23750166666666667,402500,1997500
453,37592,92,pair_005_n3_005_control,control,1,0,0,12.340000000000002,0.23734833333333333,403144,2002744
454,37682,90,pair_008_n3_008_conflict,conflict,1,0,0,12.360000000000001,0.23719833333333332,403774,2007874
455,37794,112,pair_016_n3_016_conflict,conflict,1,0,0,12.14,0.23701166666666668,404558,2014258
456,37888,94,pair_017_n5_017_conflict,conflict,1,0,0,12.32,0.23685499999999998,405216,2019616
457,37982,94,pair_016_n3_016_control,control,1,0,0,12.32,0.23669833333333332,405874,2024974
458,38009,27,pair_015_n5_015_control,control,0,1,0,-0.6100000000000002,0.23665333333333333,406063,2026513
459,38117,108,pair_011_n3_011_conflict,conflict,1,0,0,12.180000000000001,0.2364733333333333,406819,2032669
460,38215,98,pair_012_n3_012_control,control,1,0,0,12.280000000000001,0.23631,407505,2038255
461,38300,85,pair_008_n3_008_control,control,1,0,0,12.410000000000002,0.2361683333333333,408100,2043100
462,38390,90,pair_003_n3_003_control,control,1,0,0,12.360000000000001,0.23601833333333333,408730,2048230
463,38394,4,pair_006_n3_006_control,control,0,1,0,-0.9299999999999999,0.23601166666666668,408758,2048458
464,38398,4,pair_017_n5_017_control,control,0,1,0,-0.9299999999999999,0.236005,408786,2048686
465,38523,125,pair_011_n5_011_control,control,0,1,0,0.9600000000000013,0.23579666666666665,409661,2055811
466,38629,106,pair_002_n5_002_control,control,1,0,0,12.200000000000001,0.23562,410403,2061853
467,38707,78,pair_005_n5_005_conflict,conflict,1,0,0,12.48,0.23548999999999998,410949,2066299
468,38711,4,pair_007_n5_007_conflict,conflict,0,1,0,-0.9299999999999999,0.23548333333333332,410977,2066527
469,38798,87,pair_011_n3_011_control,control,1,0,0,12.39,0.23533833333333332,411586,2071486
470,38881,83,pair_005_n3_005_conflict,conflict,1,0,0,12.430000000000001,0.2352,412167,2076217
471,38971,90,pair_003_n3_003_conflict,conflict,1,0,0,12.360000000000001,0.23504999999999998,412797,2081347
472,39054,83,pair_003_n5_003_control,control,1,0,0,12.430000000000001,0.23491166666666666,413378,2086078
473,39171,117,pair_017_n3_017_control,control,1,0,0,12.090000000000002,0.23471666666666666,414197,2092747
474,39258,87,pair_009_n3_009_control,control,1,0,0,12.39,0.23457166666666665,414806,2097706
475,39339,81,pair_000_n3_000_control,control,1,0,0,12.450000000000001,0.23443666666666665,415373,2102323
476,39440,101,pair_010_n3_010_conflict,conflict,1,0,0,12.250000000000002,0.23426833333333333,416080,2108080
477,39525,85,pair_014_n3_014_control,control,1,0,0,12.410000000000002,0.23412666666666665,416675,2112925
478,39621,96,pair_012_n5_012_control,control,1,0,0,12.3,0.23396666666666666,417347,2118397
479,39714,93,pair_008_n5_008_conflict,conflict,1,0,0,12.330000000000002,0.23381166666666664,417998,2123698
480,39716,2,pair_016_n5_016_control,control,0,1,0,-0.96,0.23380833333333334,418012,2123812
481,39719,3,pair_002_n3_002_conflict,conflict,0,1,0,-0.92,0.2338033333333333,418033,2123983
482,39806,87,pair_004_n5_004_control,control,1,0,0,12.39,0.23365833333333333,418642,2128942
483,39906,100,pair_008_n5_008_control,control,1,0,0,12.260000000000002,0.23349166666666665,419342,2134642
484,39991,85,pair_009_n5_009_control,control,0,1,0,1.3600000000000017,0.23335,419937,2139487
485,40073,82,pair_007_n3_007_conflict,conflict,1,0,0,12.440000000000001,0.23321333333333333,420365,2144307
486,40189,116,pair_006_n3_006_conflict,conflict,1,0,0,12.100000000000001,0.23302,420945,2151151
487,40304,115,pair_012_n5_012_conflict,conflict,1,0,0,12.110000000000001,0.2328283333333333,421520,2157936
488,40411,107,pair_007_n5_007_control,control,1,0,0,12.190000000000001,0.23265,422055,2164249
489,40518,107,pair_015_n5_015_conflict,conflict,1,0,0,12.190000000000001,0.23247166666666666,422590,2170562
490,40605,87,pair_017_n3_017_conflict,conflict,1,0,0,12.39,0.23232666666666665,423025,2175695
491,40616,11,pair_002_n3_002_control,control,0,1,0,-0.9,0.23230833333333334,423080,2176344
492,40695,79,pair_010_n5_010_control,control,1,0,0,12.470000000000002,0.23217666666666664,423475,2181005
493,40800,105,pair_004_n3_004_control,control,1,0,0,12.21,0.23200166666666666,424000,2187200
494,40887,87,pair_000_n5_000_conflict,conflict,1,0,0,12.39,0.23185666666666666,424435,2192333
495,40978,91,pair_007_n3_007_control,control,1,0,0,12.350000000000001,0.231705,424890,2197702
496,41067,89,pair_006_n5_006_conflict,conflict,1,0,0,12.370000000000001,0.23155666666666666,425335,2202953
497,41173,106,pair_013_n5_013_conflict,conflict,1,0,0,12.200000000000001,0.23137999999999997,425865,2209207
498,41261,88,pair_002_n5_002_conflict,conflict,1,0,0,12.380000000000003,0.23123333333333332,426305,2214399
499,41338,77,pair_001_n5_001_control,control,1,0,0,12.490000000000002,0.231105,426690,2218942
500,41428,90,pair_014_n5_014_control,control,1,0,0,12.360000000000001,0.230955,427140,2224252
501,41510,82,pair_010_n3_010_control,control,1,0,0,12.440000000000001,0.23081833333333332,427550,2229090
502,41606,96,pair_000_n3_000_conflict,conflict,1,0,0,12.300000000000002,0.23065833333333333,428030,2234754
503,41683,77,pair_001_n3_001_control,control,1,0,0,12.490000000000002,0.23052999999999998,428415,2239297
504,41778,95,pair_013_n5_013_control,control,1,0,0,12.310000000000002,0.23037166666666664,428890,2244902
505,41863,85,pair_015_n3_015_conflict,conflict,1,0,0,12.410000000000002,0.23023,429315,2249917
506,41973,110,pair_007_n3_007_conflict,conflict,1,0,0,12.16,0.23004666666666665,429865,2256407
507,42057,84,pair_000_n3_000_conflict,conflict,1,0,0,12.420000000000002,0.22990666666666665,430285,2261363
508,42165,108,pair_005_n5_005_conflict,conflict,1,0,0,12.180000000000001,0.22972666666666666,430825,2267735
509,42247,82,pair_004_n5_004_control,control,1,0,0,12.440000000000001,0.22959,431235,2272573
510,42344,97,pair_006_n5_006_control,control,1,0,0,12.290000000000003,0.22942833333333332,431720,2278296
511,42423,79,pair_005_n3_005_control,control,1,0,0,12.470000000000002,0.22929666666666665,432115,2282957
512,42523,100,pair_013_n3_013_conflict,conflict,1,0,0,12.260000000000002,0.22913,432615,2288857
513,42625,102,pair_010_n5_010_control,control,1,0,0,12.240000000000002,0.22896,433125,2294875
514,42633,8,pair_007_n3_007_control,control,0,1,0,-0.92,0.22894666666666666,433165,2295347
515,42720,87,pair_002_n3_002_conflict,conflict,1,0,0,12.39,0.22880166666666665,433600,2300480
516,42814,94,pair_016_n5_016_conflict,conflict,1,0,0,12.32,0.228645,434070,2306026
517,42916,102,pair_000_n5_000_conflict,conflict,1,0,0,12.240000000000002,0.22847499999999998,434580,2312044
518,42990,74,pair_008_n3_008_conflict,conflict,1,0,0,12.520000000000001,0.22835166666666668,434950,2316410
519,42995,5,pair_016_n3_016_control,control,0,1,0,-0.89,0.22834333333333334,434975,2316705
520,42998,3,pair_013_n3_013_control,control,0,1,0,-0.97,0.2283383333333333,434990,2316882
521,43082,84,pair_008_n5_008_conflict,conflict,1,0,0,12.420000000000002,0.22819833333333334,435410,2321838
522,43168,86,pair_014_n3_014_control,control,1,0,0,12.400000000000002,0.228055,435840,2326912
523,43258,90,pair_006_n3_006_control,control,1,0,0,12.360000000000001,0.22790499999999997,436290,2332222
524,43360,102,pair_003_n3_003_control,control,1,0,0,12.240000000000002,0.227735,436800,2338240
525,43448,88,pair_005_n5_005_control,control,1,0,0,12.380000000000003,0.22758833333333334,437240,2343432
526,43534,86,pair_016_n3_016_conflict,conflict,1,0,0,12.400000000000002,0.227445,437670,2348506
527,43617,83,pair_005_n3_005_conflict,conflict,1,0,0,12.430000000000001,0.22730666666666666,438085,2353403
528,43704,87,pair_009_n5_009_control,control,1,0,0,12.39,0.22716166666666665,438520,2358536
529,43706,2,pair_012_n5_012_control,control,0,1,0,-0.96,0.22715833333333332,438530,2358654
530,43798,92,pair_001_n5_001_conflict,conflict,1,0,0,12.340000000000002,0.22700499999999998,438990,2364082
531,43900,102,pair_008_n3_008_control,control,1,0,0,12.240000000000002,0.226835,439500,2370100
532,44001,101,pair_017_n5_017_conflict,conflict,1,0,0,12.250000000000002,0.22666666666666666,440005,2376059
533,44089,88,pair_014_n3_014_conflict,conflict,1,0,0,12.38,0.22652,440445,2381251
534,44183,94,pair_002_n5_002_control,control,1,0,0,12.320000000000002,0.2263633333333333,440915,2386797
535,44275,92,pair_008_n5_008_control,control,1,0,0,12.340000000000002,0.22621,441375,2392225
536,44361,86,pair_004_n3_004_control,control,1,0,0,12.400000000000002,0.22606666666666664,441805,2397299
537,44445,84,pair_004_n3_004_conflict,conflict,1,0,0,12.420000000000002,0.22592666666666666,442225,2402255
538,44449,4,pair_016_n5_016_control,control,0,1,0,-0.9299999999999999,0.22592,442245,2402491
539,44557,108,pair_012_n3_012_control,control,1,0,0,12.180000000000001,0.22574,442785,2408863
540,44651,94,pair_012_n5_012_conflict,conflict,1,0,0,12.32,0.2255833333333333,443255,2414409
541,44732,81,pair_002_n5_002_conflict,conflict,1,0,0,12.450000000000001,0.2254483333333333,443660,2419188
542,44822,90,pair_017_n5_017_control,control,1,0,0,12.360000000000001,0.22529833333333332,444110,2424498
543,44908,86,pair_015_n5_015_control,control,1,0,0,12.400000000000002,0.225155,444540,2429572
544,45014,106,pair_014_n5_014_control,control,1,0,0,12.200000000000001,0.22497833333333334,445070,2435826
545,45098,84,pair_009_n5_009_conflict,conflict,1,0,0,12.420000000000002,0.2248383333333333,445490,2440782
546,45200,102,pair_011_n3_011_conflict,conflict,1,0,0,12.240000000000002,0.2246683333333333,446000,2446800
547,45293,93,pair_017_n3_017_control,control,1,0,0,12.330000000000002,0.22451333333333334,446465,2452287
548,45395,102,pair_013_n5_013_conflict,conflict,1,0,0,12.240000000000002,0.22434333333333334,446975,2458305
549,45477,82,pair_015_n5_015_conflict,conflict,1,0,0,12.440000000000001,0.22420666666666667,447385,2463143
550,45567,90,pair_004_n5_004_conflict,conflict,1,0,0,12.360000000000001,0.22405666666666665,447835,2468453
551,45659,92,pair_002_n3_002_control,control,1,0,0,12.340000000000002,0.22390333333333332,448295,2473881
552,45676,17,pair_012_n3_012_conflict,conflict,0,1,0,-0.4600000000000001,0.223875,448380,2474884
553,45755,79,pair_003_n5_003_conflict,conflict,1,0,0,12.470000000000002,0.22374333333333332,448775,2479545
554,45758,3,pair_014_n5_014_conflict,conflict,0,1,0,-0.92,0.22373833333333332,448790,2479722
555,45871,113,pair_010_n3_010_control,control,1,0,0,12.13,0.22354999999999997,449355,2486389
556,45964,93,pair_001_n5_001_control,control,1,0,0,12.330000000000002,0.22339499999999998,449820,2491876
557,46057,93,pair_006_n5_006_conflict,conflict,1,0,0,12.330000000000002,0.22324,450285,2497363
558,46135,78,pair_001_n3_001_conflict,conflict,1,0,0,12.48,0.22310999999999998,450675,2501965
559,46221,86,pair_015_n3_015_control,control,1,0,0,12.400000000000002,0.22296666666666665,451105,2507039
560,46297,76,pair_000_n3_000_control,control,1,0,0,12.500000000000002,0.22283999999999998,451485,2511523
561,46379,82,pair_000_n5_000_control,control,1,0,0,12.440000000000001,0.2227033333333333,451895,2516361
562,46463,84,pair_003_n3_003_conflict,conflict,1,0,0,12.420000000000002,0.22256333333333334,452315,2521317
563,46545,82,pair_003_n5_003_control,control,1,0,0,12.440000000000001,0.22242666666666666,452725,2526155
564,46630,85,pair_007_n5_007_conflict,conflict,0,1,0,1.3600000000000012,0.22228499999999998,453150,2531170
565,46720,90,pair_006_n3_006_conflict,conflict,1,0,0,12.360000000000001,0.22213499999999997,453600,2536480
566,46811,91,pair_010_n5_010_conflict,conflict,1,0,0,12.350000000000001,0.2219833333333333,454055,2541849
567,46911,100,pair_007_n5_007_control,control,1,0,0,12.260000000000002,0.22181666666666666,454555,2547749
568,46999,88,pair_011_n3_011_control,control,1,0,0,12.38,0.22166999999999998,454995,2552941
569,47098,99,pair_009_n3_009_conflict,conflict,1,0,0,12.270000000000001,0.221505,455490,2558782
570,47195,97,pair_017_n3_017_conflict,conflict,1,0,0,12.290000000000001,0.22134333333333334,455975,2564505
571,47278,83,pair_011_n5_011_control,control,1,0,0,12.430000000000001,0.22120499999999998,456390,2569402
572,47373,95,pair_010_n3_010_conflict,conflict,1,0,0,12.310000000000002,0.22104666666666667,456865,2575007
573,47472,99,pair_009_n3_009_control,control,1,0,0,12.270000000000001,0.22088166666666664,457360,2580848
574,47550,78,pair_011_n5_011_conflict,conflict,1,0,0,12.480000000000002,0.22075166666666665,457750,2585450
575,47635,85,pair_001_n3_001_control,control,1,0,0,12.410000000000002,0.22060999999999997,458175,2590465
576,47725,90,pair_012_n3_012_conflict,conflict,1,0,0,12.360000000000001,0.22046,458625,2595775
577,47802,77,pair_000_n5_000_control,control,1,0,0,12.490000000000002,0.22033166666666665,459010,2600318
578,47889,87,pair_009_n5_009_conflict,conflict,1,0,0,12.39,0.22018666666666664,459445,2605451
579,47975,86,pair_011_n3_011_conflict,conflict,1,0,0,12.400000000000002,0.2200433333333333,459875,2610525
580,47977,2,pair_015_n3_015_conflict,conflict,0,1,0,-0.96,0.22003999999999999,459885,2610643
581,48062,85,pair_007_n3_007_control,control,1,0,0,12.410000000000002,0.2198983333333333,460310,2615658
582,48152,90,pair_006_n3_006_conflict,conflict,1,0,0,12.360000000000001,0.21974833333333332,460760,2620968
583,48240,88,pair_015_n5_015_control,control,1,0,0,12.380000000000003,0.21960166666666664,461200,2626160
584,48337,97,pair_011_n5_011_conflict,conflict,1,0,0,12.290000000000001,0.21943999999999997,461685,2631883
585,48417,80,pair_001_n3_001_conflict,conflict,1,0,0,12.460000000000003,0.21930666666666665,462085,2636603
586,48507,90,pair_008_n3_008_conflict,conflict,1,0,0,12.360000000000001,0.21915666666666667,462535,2641913
587,48600,93,pair_017_n3_017_conflict,conflict,1,0,0,12.330000000000002,0.21900166666666665,463000,2647400
588,48706,106,pair_009_n3_009_control,control,1,0,0,12.200000000000001,0.218825,463530,2653654
589,48807,101,pair_014_n3_014_control,control,1,0,0,12.250000000000002,0.21865666666666667,464035,2659613
590,48894,87,pair_000_n5_000_conflict,conflict,1,0,0,12.390000000000002,0.21851166666666666,464470,2664746
591,48968,74,pair_002_n5_002_conflict,conflict,1,0,0,12.520000000000001,0.21838833333333332,464840,2669112
592,48972,4,pair_007_n5_007_conflict,conflict,0,1,0,-0.9299999999999999,0.21838166666666664,464860,2669348
593,49057,85,pair_010_n5_010_control,control,1,0,0,12.410000000000002,0.21824,465285,2674363
594,49147,90,pair_011_n3_011_control,control,1,0,0,12.360000000000001,0.21809,465735,2679673
595,49258,111,pair_016_n3_016_conflict,conflict,1,0,0,12.150000000000002,0.217905,466290,2686222
596,49349,91,pair_016_n5_016_conflict,conflict,1,0,0,12.350000000000001,0.21775333333333333,466745,2691591
597,49438,89,pair_009_n3_009_conflict,conflict,1,0,0,12.370000000000001,0.217605,467190,2696842
598,49520,82,pair_010_n5_010_conflict,conflict,1,0,0,12.440000000000001,0.21746833333333332,467600,2701680
599,49609,89,pair_017_n5_017_conflict,conflict,1,0,0,12.370000000000001,0.21731999999999999,468045,2706931
600,49699,90,pair_004_n5_004_conflict,conflict,1,0,0,12.360000000000001,0.21716999999999997,468495,2712241
601,49780,81,pair_002_n3_002_control,control,1,0,0,12.450000000000001,0.21703499999999998,468900,2717020
602,49878,98,pair_007_n5_007_control,control,1,0,0,12.280000000000001,0.21687166666666666,469390,2722802
603,49964,86,pair_012_n3_012_control,control,1,0,0,12.400000000000002,0.21672833333333333,469820,2727876
604,50046,82,pair_001_n3_001_control,control,1,0,0,12.440000000000001,0.21659166666666665,470184,2732760
605,50125,79,pair_010_n3_010_conflict,conflict,1,0,0,12.470000000000002,0.21645999999999999,470500,2737500
606,50200,75,pair_004_n3_004_conflict,conflict,1,0,0,12.510000000000002,0.216335,470800,2742000
607,50294,94,pair_000_n3_000_control,control,1,0,0,12.32,0.2161783333333333,471176,2747640
608,50379,85,pair_005_n3_005_control,control,0,1,0,1.3100000000000036,0.21603666666666665,471516,2752740
609,50520,141,pair_002_n5_002_control,control,1,0,0,11.850000000000001,0.21580166666666667,472080,2761200
610,50604,84,pair_001_n5_001_conflict,conflict,0,1,0,1.3700000000000014,0.21566166666666664,472416,2766240
611,50700,96,pair_005_n5_005_control,control,1,0,0,12.3,0.21550166666666665,472800,2772000
612,50792,92,pair_013_n3_013_control,control,1,0,0,12.340000000000002,0.2153483333333333,473168,2777520
613,50884,92,pair_012_n5_012_conflict,conflict,1,0,0,12.340000000000002,0.21519499999999997,473536,2783040
614,50973,89,pair_000_n3_000_conflict,conflict,1,0,0,12.370000000000001,0.21504666666666666,473892,2788380
615,51058,85,pair_014_n3_014_conflict,conflict,1,0,0,12.41,0.21490499999999998,474232,2793480
616,51146,88,pair_006_n3_006_control,control,1,0,0,12.38,0.21475833333333333,474584,2798760
617,51232,86,pair_008_n3_008_control,control,1,0,0,12.400000000000002,0.214615,474928,2803920
618,51329,97,pair_014_n5_014_control,control,1,0,0,12.290000000000001,0.21445333333333333,475316,2809740
619,51427,98,pair_017_n5_017_control,control,1,0,0,12.280000000000001,0.21428999999999998,475708,2815620
620,51527,100,pair_015_n3_015_control,control,1,0,0,12.260000000000002,0.21412333333333333,476108,2821620
621,51619,92,pair_004_n3_004_control,control,1,0,0,12.340000000000002,0.21397,476476,2827140
622,51714,95,pair_013_n3_013_conflict,conflict,1,0,0,12.310000000000002,0.21381166666666665,476856,2832840
623,51812,98,pair_006_n5_006_control,control,1,0,0,12.280000000000001,0.21364833333333333,477248,2838720
624,51891,79,pair_002_n3_002_conflict,conflict,1,0,0,12.470000000000002,0.21351666666666666,477564,2843460
625,51979,88,pair_014_n5_014_conflict,conflict,1,0,0,12.38,0.21337,477916,2848740
626,52069,90,pair_008_n5_008_conflict,conflict,1,0,0,12.360000000000001,0.21322,478276,2854140
627,52153,84,pair_008_n5_008_control,control,1,0,0,12.420000000000002,0.21308,478612,2859180
628,52255,102,pair_016_n5_016_control,control,1,0,0,12.240000000000002,0.21291,479020,2865300
629,52345,90,pair_011_n5_011_control,control,1,0,0,12.360000000000001,0.21276,479380,2870700
630,52436,91,pair_003_n5_003_control,control,1,0,0,12.350000000000001,0.21260833333333332,479744,2876160
631,52518,82,pair_004_n5_004_control,control,1,0,0,12.440000000000001,0.21247166666666667,480072,2881080
632,52592,74,pair_001_n5_001_control,control,1,0,0,12.520000000000001,0.2123483333333333,480368,2885520
633,52698,106,pair_012_n5_012_control,control,1,0,0,12.200000000000001,0.21217166666666665,480792,2891880
634,52787,89,pair_003_n3_003_conflict,conflict,1,0,0,12.370000000000001,0.21202333333333334,481148,2897220
635,52872,85,pair_015_n5_015_conflict,conflict,1,0,0,12.410000000000002,0.21188166666666663,481488,2902320
636,52959,87,pair_013_n5_013_control,control,1,0,0,12.39,0.21173666666666666,481836,2907540
637,53037,78,pair_009_n5_009_control,control,1,0,0,12.48,0.21160666666666667,482148,2912220
638,53121,84,pair_007_n3_007_conflict,conflict,1,0,0,12.420000000000002,0.21146666666666664,482484,2917260
639,53196,75,pair_005_n5_005_conflict,conflict,1,0,0,12.510000000000002,0.21134166666666665,482784,2921760
640,53199,3,pair_005_n3_005_conflict,conflict,0,1,0,-0.92,0.21133666666666667,482796,2921940
641,53284,85,pair_016_n3_016_control,control,1,0,0,12.410000000000002,0.211195,483136,2927040
642,53374,90,pair_003_n5_003_conflict,conflict,1,0,0,12.360000000000001,0.21104499999999998,483496,2932440
643,53453,79,pair_013_n5_013_conflict,conflict,1,0,0,12.470000000000002,0.21091333333333334,483812,2937180
644,53539,86,pair_003_n3_003_control,control,1,0,0,12.400000000000002,0.21076999999999999,484156,2942340
645,53617,78,pair_010_n3_010_control,control,1,0,0,12.48,0.21064,484468,2947020
646,53710,93,pair_006_n5_006_conflict,conflict,1,0,0,12.330000000000002,0.21048499999999998,484840,2952600
647,53792,82,pair_017_n3_017_control,control,1,0,0,12.440000000000001,0.2103483333333333,485168,2957520
648,53881,89,pair_003_n5_003_conflict,conflict,1,0,0,12.370000000000001,0.2102,485524,2962860
649,53964,83,pair_012_n3_012_control,control,1,0,0,12.430000000000001,0.21006166666666665,485856,2967840
650,54055,91,pair_012_n5_012_control,control,1,0,0,12.350000000000001,0.20990999999999999,486220,2973300
651,54148,93,pair_006_n5_006_conflict,conflict,1,0,0,12.330000000000002,0.20975499999999997,486592,2978880
652,54155,7,pair_002_n3_002_conflict,conflict,0,1,0,-0.91,0.20974333333333334,486620,2979300
653,54241,86,pair_008_n3_008_control,control,1,0,0,12.400000000000002,0.2096,486964,2984460
654,54312,71,pair_013_n5_013_conflict,conflict,1,0,0,12.55,0.20948166666666665,487248,2988720
655,54397,85,pair_006_n5_006_control,control,1,0,0,12.410000000000002,0.20933999999999997,487588,2993820
656,54478,81,pair_007_n3_007_control,control,1,0,0,12.450000000000001,0.20920499999999997,487912,2998680
657,54567,89,pair_011_n5_011_control,control,1,0,0,12.370000000000001,0.20905666666666667,488268,3004020
658,54656,89,pair_008_n3_008_conflict,conflict,1,0,0,12.370000000000001,0.2089083333333333,488624,3009360
659,54737,81,pair_005_n3_005_conflict,conflict,1,0,0,12.450000000000003,0.2087733333333333,488948,3014220
660,54824,87,pair_008_n5_008_control,control,1,0,0,12.390000000000002,0.2086283333333333,489296,3019440
661,54903,79,pair_005_n5_005_control,control,1,0,0,12.470000000000002,0.20849666666666666,489612,3024180
662,54905,2,pair_014_n3_014_conflict,conflict,0,1,0,-0.96,0.2084933333333333,489620,3024300
663,54978,73,pair_015_n5_015_control,control,1,0,0,12.530000000000001,0.20837166666666665,489912,3028680
664,55070,92,pair_000_n5_000_control,control,1,0,0,12.340000000000002,0.20821833333333334,490280,3034200
665,55155,85,pair_011_n5_011_conflict,conflict,1,0,0,12.410000000000002,0.20807666666666666,490620,3039300
666,55239,84,pair_016_n3_016_conflict,conflict,1,0,0,12.420000000000002,0.20793666666666666,490956,3044340
667,55241,2,pair_009_n3_009_conflict,conflict,0,1,0,-0.96,0.2079333333333333,490964,3044460
668,55328,87,pair_001_n3_001_control,control,1,0,0,12.39,0.20778833333333332,491312,3049680
669,55412,84,pair_016_n5_016_control,control,1,0,0,12.420000000000002,0.20764833333333332,491648,3054720
670,55511,99,pair_015_n3_015_control,control,1,0,0,12.270000000000001,0.20748333333333333,492044,3060660
671,55589,78,pair_013_n5_013_control,control,1,0,0,12.48,0.20735333333333333,492356,3065340
672,55597,8,pair_009_n3_009_control,control,0,1,0,-1.02,0.20733999999999997,492388,3065820
673,55685,88,pair_001_n3_001_conflict,conflict,1,0,0,12.38,0.20719333333333334,492740,3071100
674,55771,86,pair_005_n5_005_conflict,conflict,1,0,0,12.400000000000002,0.20704999999999998,493084,3076260
675,55779,8,pair_015_n5_015_conflict,conflict,0,1,0,-0.92,0.20703666666666665,493116,3076740
676,55870,91,pair_001_n5_001_control,control,1,0,0,12.350000000000001,0.20688499999999999,493480,3082200
677,55956,86,pair_001_n5_001_conflict,conflict,1,0,0,12.400000000000002,0.20674166666666666,493824,3087360
678,56047,91,pair_010_n3_010_conflict,conflict,1,0,0,12.350000000000001,0.20659,494188,3092820
679,56141,94,pair_004_n3_004_conflict,conflict,1,0,0,12.320000000000002,0.2064333333333333,494564,3098460
680,56224,83,pair_000_n5_000_conflict,conflict,1,0,0,12.430000000000001,0.206295,494896,3103440
681,56314,90,pair_012_n3_012_conflict,conflict,1,0,0,12.360000000000001,0.206145,495256,3108840
682,56402,88,pair_004_n3_004_control,control,1,0,0,12.38,0.20599833333333334,495608,3114120
683,56500,98,pair_000_n3_000_control,control,1,0,0,12.280000000000001,0.205835,496000,3120000
684,56597,97,pair_016_n5_016_conflict,conflict,1,0,0,12.290000000000003,0.20567333333333332,496388,3125820
685,56685,88,pair_006_n3_006_control,control,1,0,0,12.380000000000003,0.20552666666666664,496740,3131100
686,56781,96,pair_014_n5_014_control,control,1,0,0,12.300000000000002,0.20536666666666664,497124,3136860
687,56872,91,pair_003_n3_003_conflict,conflict,1,0,0,12.350000000000001,0.20521499999999998,497488,3142320
688,56977,105,pair_008_n5_008_conflict,conflict,1,0,0,12.21,0.20504,497908,3148620
689,57076,99,pair_016_n3_016_control,control,1,0,0,12.270000000000001,0.20487499999999997,498304,3154560
690,57155,79,pair_013_n3_013_conflict,conflict,1,0,0,12.470000000000002,0.20474333333333333,498620,3159300
691,57243,88,pair_004_n5_004_control,control,1,0,0,12.380000000000003,0.20459666666666665,498972,3164580
692,57349,106,pair_015_n3_015_conflict,conflict,1,0,0,12.200000000000001,0.20442,499396,3170940
693,57435,86,pair_009_n5_009_conflict,conflict,1,0,0,12.400000000000002,0.20427666666666666,499740,3176100
694,57524,89,pair_002_n5_002_control,control,1,0,0,12.370000000000001,0.20412833333333333,500096,3181440
695,57622,98,pair_006_n3_006_conflict,conflict,1,0,0,12.280000000000001,0.203965,500488,3187320
696,57707,85,pair_017_n5_017_conflict,conflict,1,0,0,12.410000000000002,0.20382333333333333,500828,3192420
697,57782,75,pair_007_n3_007_conflict,conflict,1,0,0,12.510000000000002,0.20369833333333331,501128,3196920
698,57867,85,pair_011_n3_011_conflict,conflict,0,1,0,1.2600000000000011,0.20355666666666666,501468,3202020
699,57965,98,pair_010_n5_010_conflict,conflict,1,0,0,12.280000000000001,0.20339333333333331,501860,3207900
700,58047,82,pair_014_n3_014_control,control,1,0,0,12.440000000000001,0.20325666666666664,502188,3212820
701,58131,84,pair_005_n3_005_control,control,1,0,0,12.420000000000002,0.20311666666666667,502524,3217860
702,58218,87,pair_017_n3_017_control,control,1,0,0,12.39,0.20297166666666666,502872,3223080
703,58294,76,pair_007_n5_007_conflict,conflict,1,0,0,12.500000000000002,0.202845,503176,3227640
704,58298,4,pair_017_n5_017_control,control,0,1,0,-0.88,0.20283833333333334,503192,3227880
705,58379,81,pair_004_n5_004_conflict,conflict,1,0,0,12.450000000000001,0.20270333333333332,503516,3232740
706,58466,87,pair_011_n3_011_control,control,1,0,0,12.390000000000002,0.20255833333333334,503864,3237960
707,58535,69,pair_009_n5_009_control,control,1,0,0,12.570000000000002,0.2024433333333333,504140,3242100
708,58629,94,pair_002_n3_002_control,control,1,0,0,12.32,0.20228666666666667,504516,3247740
709,58719,90,pair_013_n3_013_control,control,1,0,0,12.360000000000001,0.20213666666666666,504876,3253140
710,58810,91,pair_003_n5_003_control,control,1,0,0,12.350000000000001,0.20198499999999997,505240,3258600
711,58814,4,pair_017_n3_017_conflict,conflict,0,1,0,-0.98,0.20197833333333332,505256,3258840
712,58896,82,pair_010_n3_010_control,control,1,0,0,12.440000000000001,0.20184166666666664,505584,3263760
713,58981,85,pair_000_n3_000_conflict,conflict,1,0,0,12.410000000000002,0.2017,505924,3268860
714,58988,7,pair_002_n5_002_conflict,conflict,0,1,0,-0.96,0.2016883333333333,505952,3269280
715,59070,82,pair_003_n3_003_control,control,1,0,0,12.440000000000001,0.20155166666666666,506280,3274200
716,59164,94,pair_010_n5_010_control,control,1,0,0,12.320000000000002,0.201395,506656,3279840
717,59176,12,pair_007_n5_007_control,control,0,1,0,-1.01,0.20137499999999997,506704,3280560
718,59258,82,pair_012_n5_012_conflict,conflict,1,0,0,12.440000000000001,0.20123833333333332,507032,3285480
719,59348,90,pair_014_n5_014_conflict,conflict,1,0,0,12.360000000000001,0.2010883333333333,507392,3290880
720,59430,82,pair_012_n3_012_control,control,1,0,0,12.440000000000001,0.20095166666666664,507720,3295800
721,59434,4,pair_015_n5_015_control,control,0,1,0,-0.88,0.20094499999999998,507736,3296040
722,59532,98,pair_011_n5_011_conflict,conflict,1,0,0,12.280000000000001,0.20078166666666664,508128,3301920
723,59614,82,pair_013_n3_013_conflict,conflict,1,0,0,12.440000000000001,0.200645,508456,3306840
724,59696,82,pair_001_n3_001_control,control,1,0,0,12.440000000000001,0.20050833333333332,508784,3311760
725,59780,84,pair_000_n5_000_conflict,conflict,1,0,0,12.420000000000002,0.20036833333333331,509120,3316800
726,59798,18,pair_009_n3_009_conflict,conflict,0,1,0,-1.07,0.20033833333333334,509192,3317880
727,59887,89,pair_006_n3_006_conflict,conflict,1,0,0,12.370000000000001,0.20018999999999998,509548,3323220
728,59984,97,pair_008_n5_008_control,control,1,0,0,12.290000000000001,0.2000283333333333,509936,3329040
729,60067,83,pair_015_n3_015_control,control,1,0,0,12.430000000000001,0.19988999999999998,510268,3334020
730,60153,86,pair_015_n5_015_conflict,conflict,1,0,0,12.400000000000002,0.19974666666666666,510612,3339180
731,60155,2,pair_007_n3_007_conflict,conflict,0,1,0,-0.96,0.19974333333333333,510620,3339300
732,60246,91,pair_007_n5_007_conflict,conflict,1,0,0,12.350000000000001,0.19959166666666667,510984,3344760
733,60326,80,pair_002_n3_002_control,control,1,0,0,12.46,0.19945833333333332,511304,3349560
734,60405,79,pair_001_n5_001_control,control,1,0,0,12.470000000000002,0.19932666666666665,511620,3354300
735,60496,91,pair_013_n5_013_control,control,1,0,0,12.350000000000001,0.199175,511984,3359760
736,60580,84,pair_003_n3_003_control,control,1,0,0,12.420000000000002,0.199035,512320,3364800
737,60662,82,pair_004_n3_004_control,control,1,0,0,12.440000000000001,0.19889833333333332,512648,3369720
738,60754,92,pair_005_n5_005_control,control,1,0,0,12.340000000000002,0.198745,513016,3375240
739,60841,87,pair_005_n5_005_conflict,conflict,1,0,0,12.390000000000002,0.1986,513364,3380460
740,60948,107,pair_015_n3_015_conflict,conflict,1,0,0,12.190000000000001,0.19842166666666666,513792,3386880
741,61026,78,pair_004_n5_004_control,control,1,0,0,12.48,0.19829166666666664,514104,3391560
742,61124,98,pair_011_n3_011_control,control,1,0,0,12.280000000000001,0.19812833333333332,514496,3397440
743,61214,90,pair_004_n3_004_conflict,conflict,1,0,0,12.360000000000001,0.1979783333333333,514856,3402840
744,61301,87,pair_008_n3_008_conflict,conflict,1,0,0,12.39,0.1978333333333333,515204,3408060
745,61390,89,pair_009_n5_009_control,control,1,0,0,12.370000000000001,0.197685,515560,3413400
746,61477,87,pair_002_n3_002_conflict,conflict,1,0,0,12.39,0.19754,515908,3418620
747,61577,100,pair_004_n5_004_conflict,conflict,1,0,0,12.260000000000002,0.19737333333333332,516308,3424620
748,61658,81,pair_016_n3_016_control,control,1,0,0,12.450000000000001,0.19723833333333332,516632,3429480
749,61767,109,pair_003_n3_003_conflict,conflict,1,0,0,12.170000000000002,0.19705666666666666,517068,3436020
750,61771,4,pair_012_n5_012_control,control,0,1,0,-0.9299999999999999,0.19705,517084,3436260
751,61846,75,pair_014_n5_014_conflict,conflict,1,0,0,12.510000000000002,0.196925,517384,3440760
752,61928,82,pair_000_n3_000_conflict,conflict,1,0,0,12.440000000000001,0.19678833333333334,517712,3445680
753,62008,80,pair_011_n5_011_control,control,1,0,0,12.46,0.19665499999999997,518032,3450480
754,62108,100,pair_008_n3_008_control,control,1,0,0,12.260000000000002,0.19648833333333332,518432,3456480
755,62208,100,pair_002_n5_002_conflict,conflict,1,0,0,12.260000000000002,0.19632166666666667,518832,3462480
756,62300,92,pair_014_n5_014_control,control,1,0,0,12.340000000000002,0.19616833333333333,519200,3468000
757,62391,91,pair_001_n5_001_conflict,conflict,1,0,0,12.350000000000001,0.19601666666666667,519564,3473460
758,62395,4,pair_017_n5_017_conflict,conflict,0,1,0,-0.9299999999999999,0.19601,519580,3473700
759,62399,4,pair_012_n5_012_conflict,conflict,0,1,0,-0.9299999999999999,0.1960033333333333,519596,3473940
760,62485,86,pair_011_n3_011_conflict,conflict,1,0,0,12.400000000000002,0.19585999999999998,519940,3479100
761,62570,85,pair_016_n5_016_conflict,conflict,1,0,0,12.410000000000002,0.19571833333333333,520280,3484200
762,62659,89,pair_009_n3_009_control,control,1,0,0,12.370000000000001,0.19557,520636,3489540
763,62742,83,pair_014_n3_014_conflict,conflict,1,0,0,12.430000000000001,0.19543166666666667,520968,3494520
764,62837,95,pair_017_n3_017_control,control,1,0,0,12.310000000000002,0.19527333333333333,521348,3500220
765,62930,93,pair_013_n3_013_control,control,1,0,0,12.330000000000002,0.19511833333333334,521720,3505800
766,63011,81,pair_010_n3_010_conflict,conflict,1,0,0,12.450000000000001,0.19498333333333334,522044,3510660
767,63096,85,pair_003_n5_003_control,control,1,0,0,12.41,0.19484166666666664,522384,3515760
768,63171,75,pair_007_n5_007_control,control,1,0,0,12.510000000000002,0.19471666666666665,522684,3520260
769,63259,88,pair_010_n3_010_control,control,1,0,0,12.38,0.19457,523036,3525540
770,63343,84,pair_012_n3_012_conflict,conflict,1,0,0,12.420000000000002,0.19443,523372,3530580
771,63424,81,pair_000_n5_000_control,control,1,0,0,12.450000000000001,0.194295,523696,3535440
772,63507,83,pair_014_n3_014_control,control,1,0,0,12.430000000000001,0.19415666666666664,524028,3540420
773,63598,91,pair_006_n5_006_conflict,conflict,1,0,0,12.350000000000001,0.19400499999999998,524392,3545880
774,63684,86,pair_017_n3_017_conflict,conflict,1,0,0,12.400000000000002,0.19386166666666665,524736,3551040
775,63766,82,pair_006_n5_006_control,control,1,0,0,12.440000000000001,0.19372499999999998,525064,3555960
776,63857,91,pair_000_n3_000_control,control,1,0,0,12.350000000000001,0.19357333333333332,525428,3561420
777,63862,5,pair_007_n3_007_control,control,0,1,0,-0.84,0.193565,525448,3561720
778,63951,89,pair_009_n5_009_conflict,conflict,1,0,0,12.370000000000001,0.19341666666666665,525804,3567060
779,64024,73,pair_013_n5_013_conflict,conflict,1,0,0,12.530000000000001,0.193295,526096,3571440
780,64112,88,pair_005_n3_005_conflict,conflict,1,0,0,12.38,0.1931483333333333,526448,3576720
781,64191,79,pair_001_n3_001_conflict,conflict,1,0,0,12.470000000000002,0.19301666666666667,526764,3581460
782,64271,80,pair_017_n5_017_control,control,1,0,0,12.46,0.19288333333333332,527084,3586260
783,64361,90,pair_016_n3_016_conflict,conflict,1,0,0,12.360000000000001,0.1927333333333333,527444,3591660
784,64446,85,pair_016_n5_016_control,control,1,0,0,12.410000000000002,0.19259166666666666,527784,3596760
785,64632,186,pair_002_n5_002_control,control,1,0,0,11.400000000000002,0.19228166666666666,528528,3607920
786,64716,84,pair_008_n5_008_conflict,conflict,1,0,0,12.420000000000002,0.19214166666666666,528864,3612960
787,64793,77,pair_010_n5_010_control,control,1,0,0,12.490000000000002,0.1920133333333333,529172,3617580
788,64864,71,pair_005_n3_005_control,control,1,0,0,12.55,0.19189499999999998,529456,3621840
789,64945,81,pair_010_n5_010_conflict,conflict,1,0,0,12.450000000000001,0.19175999999999999,529780,3626700
790,65045,100,pair_006_n3_006_control,control,1,0,0,12.260000000000002,0.19159333333333334,530180,3632700
791,65142,97,pair_003_n5_003_conflict,conflict,1,0,0,12.290000000000001,0.19143166666666667,530568,3638520
792,65220,78,pair_006_n3_006_conflict,conflict,1,0,0,12.480000000000002,0.19130166666666665,530880,3643200
793,65288,68,pair_011_n5_011_control,control,1,0,0,12.580000000000002,0.19118833333333332,531152,3647280
794,65373,85,pair_001_n3_001_conflict,conflict,1,0,0,12.410000000000002,0.19104666666666664,531492,3652380
795,65448,75,pair_001_n5_001_conflict,conflict,1,0,0,12.510000000000002,0.19092166666666666,531792,3656880
796,65532,84,pair_015_n3_015_control,control,1,0,0,12.420000000000002,0.19078166666666665,532128,3661920
797,65631,99,pair_012_n3_012_control,control,1,0,0,12.270000000000001,0.19061666666666666,532524,3667860
798,65709,78,pair_008_n3_008_control,control,1,0,0,12.480000000000002,0.19048666666666664,532836,3672540
799,65789,80,pair_000_n3_000_conflict,conflict,1,0,0,12.46,0.19035333333333332,533156,3677340
800,65875,86,pair_004_n5_004_control,control,1,0,0,12.400000000000002,0.19021,533500,3682500
801,65879,4,pair_013_n3_013_control,control,0,1,0,-0.88,0.19020333333333334,533516,3682740
802,65958,79,pair_017_n5_017_conflict,conflict,1,0,0,12.470000000000002,0.19007166666666664,533832,3687480
803,66052,94,pair_010_n5_010_conflict,conflict,1,0,0,12.32,0.189915,534208,3693120
804,66136,84,pair_009_n3_009_conflict,conflict,1,0,0,12.420000000000002,0.18977499999999997,534544,3698160
805,66219,83,pair_009_n5_009_control,control,1,0,0,12.430000000000001,0.18963666666666668,534876,3703140
806,66304,85,pair_007_n5_007_conflict,conflict,1,0,0,12.410000000000002,0.18949499999999997,535216,3708240
807,66401,97,pair_005_n5_005_conflict,conflict,1,0,0,12.290000000000003,0.18933333333333333,535604,3714060
808,66493,92,pair_002_n5_002_control,control,1,0,0,12.340000000000002,0.18918,535972,3719580
809,66497,4,pair_002_n5_002_conflict,conflict,0,1,0,-0.88,0.1891733333333333,535988,3719820
810,66595,98,pair_016_n3_016_control,control,1,0,0,12.280000000000001,0.18900999999999998,536380,3725700
811,66674,79,pair_001_n5_001_control,control,1,0,0,12.470000000000002,0.18887833333333331,536696,3730440
812,66771,97,pair_010_n5_010_control,control,0,1,0,1.2400000000000015,0.18871666666666664,537084,3736260
813,66870,99,pair_012_n3_012_conflict,conflict,1,0,0,12.270000000000001,0.18855166666666667,537480,3742200
814,66891,21,pair_014_n5_014_conflict,conflict,0,1,0,-0.55,0.18851666666666667,537564,3743460
815,66979,88,pair_014_n3_014_conflict,conflict,1,0,0,12.38,0.18836999999999998,537916,3748740
816,67084,105,pair_014_n3_014_control,control,1,0,0,12.21,0.188195,538336,3755040
817,67155,71,pair_000_n3_000_control,control,1,0,0,12.55,0.18807666666666667,538620,3759300
818,67242,87,pair_003_n3_003_conflict,conflict,1,0,0,12.39,0.18793166666666666,538968,3764520
819,67328,86,pair_015_n3_015_conflict,conflict,1,0,0,12.400000000000002,0.18778833333333333,539312,3769680
820,67410,82,pair_010_n3_010_conflict,conflict,1,0,0,12.440000000000001,0.18765166666666666,539640,3774600
821,67497,87,pair_013_n5_013_conflict,conflict,1,0,0,12.390000000000002,0.18750666666666665,539988,3779820
822,67586,89,pair_004_n5_004_conflict,conflict,1,0,0,12.370000000000001,0.18735833333333332,540344,3785160
823,67677,91,pair_000_n5_000_control,control,1,0,0,12.350000000000001,0.18720666666666666,540708,3790620
824,67760,83,pair_006_n5_006_control,control,1,0,0,12.430000000000001,0.18706833333333334,541040,3795600
825,67828,68,pair_007_n3_007_control,control,1,0,0,12.580000000000002,0.18695499999999998,541312,3799680
826,67912,84,pair_007_n3_007_conflict,conflict,1,0,0,12.420000000000002,0.186815,541648,3804720
827,67986,74,pair_016_n3_016_conflict,conflict,1,0,0,12.520000000000001,0.18669166666666664,541944,3809160
828,68094,108,pair_017_n5_017_control,control,1,0,0,12.180000000000001,0.18651166666666666,542376,3815640
829,68174,80,pair_016_n5_016_control,control,1,0,0,12.46,0.1863783333333333,542696,3820440
830,68259,85,pair_005_n3_005_conflict,conflict,1,0,0,12.410000000000002,0.18623666666666666,543036,3825540
831,68334,75,pair_013_n5_013_control,control,1,0,0,12.510000000000002,0.18611166666666668,543336,3830040
832,68432,98,pair_009_n3_009_control,control,1,0,0,12.280000000000001,0.18594833333333333,543728,3835920
833,68515,83,pair_009_n5_009_conflict,conflict,1,0,0,12.430000000000001,0.18580999999999998,544060,3840900
834,68591,76,pair_013_n3_013_conflict,conflict,1,0,0,12.500000000000002,0.1856833333333333,544364,3845460
835,68675,84,pair_000_n5_000_conflict,conflict,1,0,0,12.420000000000002,0.18554333333333334,544700,3850500
836,68755,80,pair_012_n5_012_conflict,conflict,1,0,0,12.46,0.18541,545020,3855300
837,68834,79,pair_008_n3_008_conflict,conflict,1,0,0,12.470000000000002,0.18527833333333332,545336,3860040
838,68931,97,pair_003_n5_003_conflict,conflict,1,0,0,12.290000000000001,0.18511666666666665,545724,3865860
839,69016,85,pair_008_n5_008_control,control,1,0,0,12.410000000000002,0.184975,546064,3870960
840,69093,77,pair_012_n5_012_control,control,1,0,0,12.490000000000002,0.18484666666666666,546372,3875580
841,69175,82,pair_005_n5_005_control,control,1,0,0,12.440000000000001,0.18470999999999999,546700,3880500
842,69262,87,pair_003_n3_003_control,control,1,0,0,12.39,0.18456499999999998,547048,3885720
843,69347,85,pair_003_n5_003_control,control,1,0,0,12.410000000000002,0.18442333333333333,547388,3890820
844,69423,76,pair_007_n5_007_control,control,1,0,0,12.500000000000002,0.18429666666666666,547692,3895380
845,69501,78,pair_014_n5_014_control,control,1,0,0,12.480000000000002,0.18416666666666665,548004,3900060
846,69589,88,pair_008_n5_008_conflict,conflict,1,0,0,12.38,0.18402,548356,3905340
847,69682,93,pair_011_n3_011_conflict,conflict,0,1,0,1.0300000000000011,0.183865,548728,3910920
848,69775,93,pair_011_n3_011_control,control,1,0,0,12.330000000000002,0.18370999999999998,549100,3916500
849,69863,88,pair_002_n3_002_control,control,1,0,0,12.380000000000003,0.18356333333333333,549452,3921780
850,69944,81,pair_001_n3_001_control,control,1,0,0,12.450000000000001,0.1834283333333333,549776,3926640
851,70020,76,pair_002_n3_002_conflict,conflict,1,0,0,12.500000000000002,0.18330166666666664,550060,3931220
852,70119,99,pair_017_n3_017_control,control,1,0,0,12.270000000000001,0.18313666666666667,550357,3937259
853,70210,91,pair_010_n3_010_control,control,0,1,0,1.3000000000000012,0.182985,550630,3942810
854,70301,91,pair_011_n5_011_conflict,conflict,1,0,0,12.350000000000001,0.18283333333333332,550903,3948361
855,70389,88,pair_005_n3_005_control,control,1,0,0,12.380000000000003,0.18268666666666666,551167,3953729
856,70483,94,pair_015_n5_015_conflict,conflict,1,0,0,12.320000000000002,0.18252999999999997,551449,3959463
857,70572,89,pair_004_n3_004_control,control,1,0,0,12.370000000000001,0.18238166666666666,551716,3964892
858,70662,90,pair_016_n5_016_conflict,conflict,1,0,0,12.360000000000001,0.18223166666666665,551986,3970382
859,70755,93,pair_004_n3_004_conflict,conflict,1,0,0,12.330000000000002,0.18207666666666666,552265,3976055
860,70850,95,pair_015_n5_015_control,control,1,0,0,12.310000000000002,0.18191833333333332,552550,3981850
861,70927,77,pair_017_n3_017_conflict,conflict,1,0,0,12.490000000000002,0.18179,552781,3986547
862,70985,58,pair_006_n5_006_conflict,conflict,0,1,0,0.28000000000000047,0.18169333333333332,552955,3990085
863,71073,88,pair_006_n3_006_control,control,1,0,0,12.38,0.18154666666666666,553219,3995453
864,71156,83,pair_010_n3_010_control,control,0,1,0,1.4300000000000015,0.18140833333333334,553468,4000516
865,71241,85,pair_015_n5_015_control,control,1,0,0,12.410000000000002,0.18126666666666666,553723,4005701
866,71317,76,pair_008_n5_008_control,control,1,0,0,12.500000000000002,0.18114,553951,4010337
867,71408,91,pair_007_n3_007_control,control,1,0,0,12.350000000000001,0.1809883333333333,554224,4015888
868,71494,86,pair_017_n5_017_control,control,1,0,0,12.400000000000002,0.18084499999999998,554482,4021134
869,71523,29,pair_006_n5_006_control,control,0,1,0,-0.5800000000000002,0.18079666666666666,554569,4022903
870,71599,76,pair_014_n5_014_control,control,1,0,0,12.500000000000002,0.18067,554797,4027539
871,71603,4,pair_007_n5_007_conflict,conflict,0,1,0,-0.98,0.18066333333333334,554809,4027783
872,71608,5,pair_015_n3_015_conflict,conflict,0,1,0,-0.94,0.18065499999999998,554824,4028088
873,71612,4,pair_013_n3_013_conflict,conflict,0,1,0,-0.98,0.18064833333333333,554836,4028332
874,71699,87,pair_008_n5_008_conflict,conflict,1,0,0,12.39,0.18050333333333332,555097,4033639
875,71796,97,pair_012_n5_012_control,control,1,0,0,12.290000000000001,0.18034166666666665,555388,4039556
876,71881,85,pair_014_n3_014_control,control,1,0,0,12.410000000000002,0.18019999999999997,555643,4044741
877,71966,85,pair_005_n5_005_conflict,conflict,1,0,0,12.410000000000002,0.18005833333333332,555898,4049926
878,71982,16,pair_009_n3_009_conflict,conflict,0,1,0,-1.0,0.18003166666666665,555946,4050902
879,72059,77,pair_014_n5_014_conflict,conflict,1,0,0,12.490000000000002,0.1799033333333333,556177,4055599
880,72163,104,pair_001_n3_001_conflict,conflict,1,0,0,12.22,0.17973,556489,4061943
881,72241,78,pair_000_n3_000_conflict,conflict,1,0,0,12.48,0.17959999999999998,556723,4066701
882,72315,74,pair_010_n5_010_control,control,1,0,0,12.520000000000001,0.17947666666666667,556945,4071215
883,72401,86,pair_012_n3_012_control,control,1,0,0,12.400000000000002,0.17933333333333332,557203,4076461
884,72490,89,pair_017_n3_017_control,control,1,0,0,12.370000000000001,0.17918499999999998,557470,4081890
885,72573,83,pair_012_n3_012_conflict,conflict,1,0,0,12.430000000000001,0.17904666666666666,557719,4086953
886,72672,99,pair_017_n3_017_conflict,conflict,1,0,0,12.270000000000001,0.17888166666666666,558016,4092992
887,72762,90,pair_006_n3_006_conflict,conflict,1,0,0,12.360000000000001,0.17873166666666665,558286,4098482
888,72867,105,pair_013_n3_013_control,control,1,0,0,12.21,0.17855666666666664,558601,4104887
889,72941,74,pair_011_n3_011_control,control,1,0,0,12.520000000000001,0.17843333333333333,558823,4109401
890,72951,10,pair_013_n5_013_control,control,0,1,0,-0.89,0.17841666666666667,558853,4110011
891,73029,78,pair_007_n5_007_control,control,1,0,0,12.48,0.17828666666666665,559087,4114769
892,73117,88,pair_011_n5_011_conflict,conflict,1,0,0,12.38,0.17814,559351,4120137
893,73191,74,pair_009_n3_009_control,control,1,0,0,12.520000000000001,0.17801666666666666,559573,4124651
894,73277,86,pair_001_n5_001_control,control,1,0,0,12.400000000000002,0.17787333333333333,559831,4129897
895,73352,75,pair_010_n5_010_conflict,conflict,1,0,0,12.510000000000002,0.17774833333333334,560056,4134472
896,73443,91,pair_006_n5_006_conflict,conflict,1,0,0,12.350000000000001,0.17759666666666665,560329,4140023
897,73529,86,pair_004_n3_004_conflict,conflict,1,0,0,12.400000000000002,0.17745333333333332,560587,4145269
898,73611,82,pair_008_n3_008_control,control,1,0,0,12.440000000000001,0.17731666666666665,560833,4150271
899,73694,83,pair_000_n5_000_control,control,1,0,0,12.430000000000001,0.17717833333333333,561082,4155334
900,73777,83,pair_011_n3_011_conflict,conflict,1,0,0,12.430000000000001,0.17703999999999998,561331,4160397
901,73860,83,pair_011_n5_011_control,control,1,0,0,12.430000000000001,0.17690166666666665,561580,4165460
902,73938,78,pair_017_n5_017_conflict,conflict,1,0,0,12.480000000000002,0.17677166666666666,561814,4170218
903,74025,87,pair_003_n3_003_conflict,conflict,1,0,0,12.39,0.17662666666666665,562075,4175525
904,74029,4,pair_015_n5_015_conflict,conflict,0,1,0,-0.88,0.17662,562087,4175769
905,74036,7,pair_009_n5_009_conflict,conflict,0,1,0,-0.91,0.1766083333333333,562108,4176196
906,74135,99,pair_003_n5_003_conflict,conflict,1,0,0,12.270000000000001,0.17644333333333334,562405,4182235
907,74150,15,pair_002_n5_002_control,control,0,1,0,-0.99,0.17641833333333332,562450,4183150
908,74236,86,pair_016_n3_016_conflict,conflict,1,0,0,12.400000000000002,0.176275,562708,4188396
909,74245,9,pair_016_n3_016_control,control,0,1,0,-0.93,0.17625999999999997,562735,4188945
910,74326,81,pair_005_n3_005_control,control,1,0,0,12.450000000000001,0.17612499999999998,562978,4193886
911,74407,81,pair_002_n3_002_conflict,conflict,1,0,0,12.450000000000003,0.17598999999999998,563221,4198827
912,74511,104,pair_005_n5_005_control,control,1,0,0,12.22,0.17581666666666665,563533,4205171
913,74609,98,pair_015_n3_015_control,control,1,0,0,12.280000000000001,0.17565333333333333,563827,4211149
914,74698,89,pair_013_n5_013_conflict,conflict,1,0,0,12.370000000000001,0.175505,564094,4216578
915,74778,80,pair_006_n3_006_control,control,1,0,0,12.46,0.17537166666666665,564334,4221458
916,74864,86,pair_003_n3_003_control,control,1,0,0,12.400000000000002,0.17522833333333332,564592,4226704
917,74948,84,pair_001_n3_001_control,control,1,0,0,12.420000000000002,0.17508833333333332,564844,4231828
918,74960,12,pair_009_n5_009_control,control,0,1,0,-0.66,0.17506833333333333,564880,4232560
919,75033,73,pair_008_n3_008_conflict,conflict,1,0,0,12.530000000000001,0.17494666666666667,565099,4237013
920,75114,81,pair_004_n3_004_control,control,1,0,0,12.450000000000001,0.17481166666666664,565342,4241954
921,75194,80,pair_016_n5_016_conflict,conflict,1,0,0,12.46,0.17467833333333332,565582,4246834
922,75273,79,pair_004_n5_004_control,control,1,0,0,12.470000000000002,0.17454666666666666,565819,4251653
923,75368,95,pair_000_n3_000_control,control,1,0,0,12.310000000000002,0.1743883333333333,566104,4257448
924,75450,82,pair_007_n3_007_conflict,conflict,1,0,0,12.440000000000001,0.17425166666666667,566350,4262450
925,75531,81,pair_001_n5_001_conflict,conflict,1,0,0,12.450000000000001,0.17411666666666664,566593,4267391
926,75614,83,pair_002_n5_002_conflict,conflict,1,0,0,12.430000000000001,0.17397833333333332,566842,4272454
927,75721,107,pair_012_n5_012_conflict,conflict,1,0,0,12.190000000000001,0.17379999999999998,567163,4278981
928,75811,90,pair_002_n3_002_control,control,1,0,0,12.360000000000001,0.17365,567433,4284471
929,75886,75,pair_004_n5_004_conflict,conflict,1,0,0,12.510000000000002,0.17352499999999998,567658,4289046
930,75983,97,pair_010_n3_010_conflict,conflict,1,0,0,12.290000000000001,0.1733633333333333,567949,4294963
931,76064,81,pair_014_n3_014_conflict,conflict,1,0,0,12.450000000000001,0.17322833333333332,568192,4299904
932,76148,84,pair_003_n5_003_control,control,1,0,0,12.420000000000002,0.17308833333333332,568444,4305028
933,76242,94,pair_000_n5_000_conflict,conflict,1,0,0,12.32,0.17293166666666665,568726,4310762
934,76328,86,pair_016_n5_016_control,control,1,0,0,12.400000000000002,0.17278833333333332,568984,4316008
935,76424,96,pair_005_n3_005_conflict,conflict,1,0,0,12.3,0.17262833333333333,569272,4321864
936,76520,96,pair_009_n3_009_conflict,conflict,1,0,0,12.3,0.17246833333333333,569560,4327720
937,76613,93,pair_003_n3_003_control,control,1,0,0,12.330000000000002,0.17231333333333332,569839,4333393
938,76697,84,pair_008_n5_008_control,control,1,0,0,12.420000000000002,0.17217333333333332,570091,4338517
939,76779,82,pair_012_n5_012_control,control,1,0,0,12.440000000000001,0.17203666666666664,570337,4343519
940,76864,85,pair_010_n5_010_conflict,conflict,1,0,0,12.410000000000002,0.171895,570592,4348704
941,76939,75,pair_000_n3_000_conflict,conflict,1,0,0,12.510000000000002,0.17176999999999998,570817,4353279
942,77028,89,pair_014_n3_014_control,control,1,0,0,12.370000000000001,0.17162166666666664,571084,4358708
943,77106,78,pair_004_n3_004_conflict,conflict,1,0,0,12.480000000000002,0.17149166666666665,571318,4363466
944,77189,83,pair_013_n3_013_control,control,1,0,0,12.430000000000001,0.17135333333333333,571567,4368529
945,77266,77,pair_007_n3_007_control,control,1,0,0,12.490000000000002,0.171225,571798,4373226
946,77354,88,pair_008_n3_008_control,control,1,0,0,12.38,0.17107833333333333,572062,4378594
947,77437,83,pair_014_n3_014_conflict,conflict,1,0,0,12.430000000000001,0.17093999999999998,572311,4383657
948,77529,92,pair_006_n5_006_control,control,1,0,0,12.340000000000002,0.17078666666666664,572587,4389269
949,77620,91,pair_003_n5_003_control,control,1,0,0,12.350000000000001,0.17063499999999998,572860,4394820
950,77699,79,pair_003_n3_003_conflict,conflict,1,0,0,12.470000000000002,0.1705033333333333,573097,4399639
951,77784,85,pair_012_n3_012_conflict,conflict,1,0,0,12.410000000000002,0.17036166666666666,573352,4404824
952,77863,79,pair_005_n5_005_conflict,conflict,1,0,0,12.470000000000002,0.17023,573589,4409643
953,77874,11,pair_012_n5_012_conflict,conflict,0,1,0,-1.05,0.17021166666666665,573622,4410314
954,77876,2,pair_006_n3_006_control,control,0,1,0,-0.96,0.17020833333333332,573628,4410436
955,77880,4,pair_017_n3_017_control,control,0,1,0,-0.98,0.17020166666666667,573640,4410680
956,77900,20,pair_013_n5_013_control,control,0,1,0,-0.5900000000000001,0.1701683333333333,573700,4411900
957,78005,105,pair_010_n5_010_control,control,1,0,0,12.21,0.16999333333333333,574015,4418305
958,78021,16,pair_015_n3_015_conflict,conflict,0,1,0,-0.5000000000000001,0.16996666666666665,574063,4419281
959,78108,87,pair_002_n5_002_control,control,1,0,0,12.39,0.16982166666666665,574324,4424588
960,78192,84,pair_001_n5_001_conflict,conflict,1,0,0,12.420000000000002,0.16968166666666665,574576,4429712
961,78281,89,pair_009_n5_009_conflict,conflict,1,0,0,12.370000000000001,0.1695333333333333,574843,4435141
962,78369,88,pair_011_n3_011_conflict,conflict,1,0,0,12.38,0.16938666666666666,575107,4440509
963,78441,72,pair_009_n3_009_control,control,1,0,0,12.540000000000001,0.16926666666666665,575323,4444901
964,78523,82,pair_004_n3_004_control,control,1,0,0,12.440000000000001,0.16913,575569,4449903
965,78602,79,pair_011_n5_011_control,control,1,0,0,12.470000000000002,0.16899833333333333,575806,4454722
966,78679,77,pair_011_n5_011_conflict,conflict,1,0,0,12.490000000000002,0.16887,576037,4459419
967,78766,87,pair_008_n3_008_conflict,conflict,1,0,0,12.39,0.16872499999999999,576298,4464726
968,78770,4,pair_016_n3_016_conflict,conflict,0,1,0,-0.88,0.16871833333333333,576310,4464970
969,78784,14,pair_014_n5_014_control,control,0,1,0,-0.53,0.16869499999999998,576352,4465824
970,78862,78,pair_017_n5_017_conflict,conflict,1,0,0,12.48,0.168565,576586,4470582
971,78949,87,pair_006_n5_006_conflict,conflict,1,0,0,12.39,0.16842,576847,4475889
972,79034,85,pair_016_n3_016_control,control,1,0,0,12.410000000000002,0.16827833333333334,577102,4481074
973,79118,84,pair_010_n3_010_conflict,conflict,1,0,0,12.420000000000002,0.16813833333333333,577354,4486198
974,79241,123,pair_005_n3_005_control,control,1,0,0,12.030000000000001,0.16793333333333332,577723,4493701
975,79331,90,pair_012_n3_012_control,control,1,0,0,12.360000000000001,0.1677833333333333,577993,4499191
976,79419,88,pair_002_n5_002_conflict,conflict,1,0,0,12.38,0.16763666666666666,578257,4504559
977,79500,81,pair_004_n5_004_control,control,1,0,0,12.450000000000001,0.16750166666666666,578500,4509500
978,79587,87,pair_007_n3_007_conflict,conflict,1,0,0,12.39,0.16735666666666665,578761,4514807
979,79664,77,pair_015_n3_015_control,control,1,0,0,12.490000000000002,0.1672283333333333,578992,4519504
980,79744,80,pair_009_n5_009_control,control,1,0,0,12.46,0.167095,579232,4524384
981,79826,82,pair_002_n3_002_conflict,conflict,1,0,0,12.440000000000001,0.16695833333333332,579478,4529386
982,79897,71,pair_003_n5_003_conflict,conflict,1,0,0,12.55,0.16684,579691,4533717
983,79981,84,pair_017_n5_017_control,control,1,0,0,12.420000000000002,0.1667,579943,4538841
984,80075,94,pair_004_n5_004_conflict,conflict,1,0,0,12.320000000000002,0.16654333333333332,580150,4544650
985,80158,83,pair_000_n5_000_conflict,conflict,1,0,0,12.430000000000001,0.166405,580316,4549796
986,80243,85,pair_005_n5_005_control,control,1,0,0,12.410000000000002,0.16626333333333332,580486,4555066
987,80320,77,pair_000_n3_000_control,control,1,0,0,12.490000000000002,0.16613499999999998,580640,4559840
988,80409,89,pair_011_n3_011_control,control,1,0,0,12.370000000000003,0.16598666666666664,580818,4565358
989,80489,80,pair_005_n3_005_conflict,conflict,1,0,0,12.46,0.16585333333333332,580978,4570318
990,80573,84,pair_008_n5_008_conflict,conflict,1,0,0,12.420000000000002,0.16571333333333332,581146,4575526
991,80655,82,pair_013_n5_013_conflict,conflict,1,0,0,12.440000000000001,0.16557666666666665,581310,4580610
992,80740,85,pair_006_n3_006_conflict,conflict,1,0,0,12.410000000000002,0.165435,581480,4585880
993,80824,84,pair_007_n5_007_control,control,1,0,0,12.420000000000002,0.165295,581648,4591088
994,80902,78,pair_010_n3_010_control,control,1,0,0,12.48,0.16516499999999998,581804,4595924
995,80983,81,pair_014_n5_014_conflict,conflict,1,0,0,12.450000000000001,0.16502999999999998,581966,4600946
996,81065,82,pair_013_n3_013_conflict,conflict,1,0,0,12.440000000000001,0.1648933333333333,582130,4606030
997,81067,2,pair_002_n3_002_control,control,0,1,0,-0.96,0.16488999999999998,582134,4606154
998,81148,81,pair_000_n5_000_control,control,1,0,0,12.450000000000001,0.16475499999999998,582296,4611176
999,81228,80,pair_015_n5_015_control,control,1,0,0,12.46,0.16462166666666667,582456,4616136
1000,81321,93,pair_016_n5_016_conflict,conflict,1,0,0,12.330000000000002,0.16446666666666665,582642,4621902
1001,81403,82,pair_001_n3_001_conflict,conflict,1,0,0,12.440000000000001,0.16432999999999998,582806,4626986
1002,81481,78,pair_016_n5_016_control,control,1,0,0,12.480000000000002,0.16419999999999998,582962,4631822
1003,81567,86,pair_001_n5_001_control,control,1,0,0,12.400000000000002,0.16405666666666666,583134,4637154
1004,81647,80,pair_007_n5_007_conflict,conflict,1,0,0,12.46,0.1639233333333333,583294,4642114
1005,81729,82,pair_017_n3_017_conflict,conflict,1,0,0,12.440000000000001,0.16378666666666666,583458,4647198
1006,81811,82,pair_015_n5_015_conflict,conflict,1,0,0,12.440000000000001,0.16365,583622,4652282
1007,81890,79,pair_001_n3_001_control,control,1,0,0,12.470000000000002,0.16351833333333332,583780,4657180
1008,81971,81,pair_013_n3_013_control,control,1,0,0,12.450000000000001,0.16338333333333332,583942,4662202
1009,82055,84,pair_015_n5_015_conflict,conflict,1,0,0,12.420000000000002,0.16324333333333332,584110,4667410
1010,82060,5,pair_006_n5_006_control,control,0,1,0,-0.84,0.163235,584120,4667720
1011,82136,76,pair_007_n3_007_conflict,conflict,1,0,0,12.500000000000002,0.16310833333333333,584272,4672432
1012,82230,94,pair_012_n5_012_conflict,conflict,1,0,0,12.32,0.16295166666666666,584460,4678260
1013,82303,73,pair_002_n3_002_control,control,1,0,0,12.530000000000001,0.16283,584606,4682786
1014,82375,72,pair_009_n5_009_conflict,conflict,1,0,0,12.540000000000003,0.16271,584750,4687250
1015,82462,87,pair_006_n5_006_conflict,conflict,1,0,0,12.39,0.162565,584924,4692644
1016,82545,83,pair_011_n3_011_conflict,conflict,1,0,0,12.430000000000001,0.16242666666666666,585090,4697790
1017,82622,77,pair_017_n5_017_conflict,conflict,1,0,0,12.490000000000002,0.16229833333333332,585244,4702564
1018,82713,91,pair_007_n3_007_control,control,1,0,0,12.350000000000001,0.16214666666666666,585426,4708206
1019,82787,74,pair_004_n3_004_conflict,conflict,1,0,0,12.520000000000001,0.16202333333333332,585574,4712794
1020,82871,84,pair_009_n3_009_conflict,conflict,1,0,0,12.420000000000002,0.16188333333333332,585742,4718002
1021,82873,2,pair_015_n3_015_conflict,conflict,0,1,0,-0.96,0.16188,585746,4718126
1022,82970,97,pair_016_n5_016_control,control,1,0,0,12.290000000000001,0.16171833333333333,585940,4724140
1023,83049,79,pair_017_n3_017_control,control,1,0,0,12.470000000000002,0.16158666666666666,586098,4729038
1024,83141,92,pair_010_n3_010_control,control,1,0,0,12.340000000000002,0.16143333333333332,586282,4734742
1025,83221,80,pair_014_n3_014_control,control,1,0,0,12.46,0.1613,586442,4739702
1026,83302,81,pair_011_n3_011_control,control,1,0,0,12.450000000000001,0.161165,586604,4744724
1027,83389,87,pair_011_n5_011_conflict,conflict,1,0,0,12.390000000000002,0.16102,586778,4750118
1028,83474,85,pair_005_n3_005_conflict,conflict,1,0,0,12.410000000000002,0.16087833333333332,586948,4755388
1029,83559,85,pair_005_n3_005_control,control,1,0,0,12.410000000000002,0.16073666666666667,587118,4760658
1030,83646,87,pair_006_n3_006_control,control,1,0,0,12.39,0.16059166666666666,587292,4766052
1031,83719,73,pair_010_n3_010_conflict,conflict,1,0,0,12.530000000000001,0.16047,587438,4770578
1032,83723,4,pair_012_n3_012_conflict,conflict,0,1,0,-0.98,0.16046333333333332,587446,4770826
1033,83805,82,pair_015_n3_015_control,control,1,0,0,12.440000000000001,0.16032666666666665,587610,4775910
1034,83890,85,pair_004_n5_004_control,control,1,0,0,12.410000000000002,0.160185,587780,4781180
1035,83892,2,pair_013_n3_013_conflict,conflict,0,1,0,-0.96,0.16018166666666667,587784,4781304
1036,83968,76,pair_004_n5_004_conflict,conflict,1,0,0,12.500000000000002,0.16005499999999998,587936,4786016
1037,83972,4,pair_016_n3_016_conflict,conflict,0,1,0,-0.88,0.16004833333333332,587944,4786264
1038,84061,89,pair_003_n3_003_control,control,1,0,0,12.370000000000001,0.1599,588122,4791782
1039,84147,86,pair_000_n3_000_conflict,conflict,1,0,0,12.400000000000002,0.15975666666666666,588294,4797114
1040,84231,84,pair_005_n5_005_conflict,conflict,1,0,0,12.420000000000002,0.15961666666666666,588462,4802322
1041,84316,85,pair_003_n5_003_control,control,1,0,0,12.410000000000002,0.15947499999999998,588632,4807592
1042,84398,82,pair_000_n5_000_conflict,conflict,1,0,0,12.440000000000001,0.15933833333333333,588796,4812676
1043,84482,84,pair_001_n5_001_conflict,conflict,1,0,0,12.420000000000002,0.15919833333333333,588964,4817884
1044,84564,82,pair_009_n3_009_control,control,1,0,0,12.440000000000001,0.15906166666666666,589128,4822968
1045,84638,74,pair_004_n3_004_control,control,1,0,0,12.520000000000001,0.15893833333333332,589276,4827556
1046,84732,94,pair_015_n5_015_control,control,1,0,0,12.32,0.15878166666666665,589464,4833384
1047,84816,84,pair_016_n5_016_conflict,conflict,1,0,0,12.420000000000002,0.15864166666666665,589632,4838592
1048,84820,4,pair_014_n5_014_control,control,0,1,0,-0.98,0.158635,589640,4838840
1049,84897,77,pair_010_n5_010_conflict,conflict,0,1,0,1.4400000000000013,0.15850666666666666,589794,4843614
1050,84975,78,pair_008_n3_008_control,control,1,0,0,12.480000000000002,0.15837666666666667,589950,4848450
1051,85083,108,pair_013_n5_013_conflict,conflict,1,0,0,12.180000000000001,0.15819666666666665,590166,4855146
1052,85165,82,pair_008_n5_008_control,control,1,0,0,12.440000000000001,0.15805999999999998,590330,4860230
1053,85245,80,pair_001_n5_001_control,control,1,0,0,12.46,0.15792666666666666,590490,4865190
1054,85330,85,pair_014_n5_014_conflict,conflict,1,0,0,12.410000000000002,0.15778499999999998,590660,4870460
1055,85415,85,pair_003_n3_003_conflict,conflict,1,0,0,12.410000000000002,0.15764333333333333,590830,4875730
1056,85504,89,pair_006_n3_006_conflict,conflict,1,0,0,12.370000000000001,0.157495,591008,4881248
1057,85603,99,pair_000_n3_000_control,control,1,0,0,12.270000000000003,0.15733,591206,4887386
1058,85611,8,pair_014_n3_014_conflict,conflict,0,1,0,-0.92,0.15731666666666666,591222,4887882
1059,85700,89,pair_002_n5_002_conflict,conflict,1,0,0,12.370000000000001,0.15716833333333333,591400,4893400
1060,85705,5,pair_002_n3_002_conflict,conflict,0,1,0,-0.94,0.15716,591410,4893710
1061,85784,79,pair_011_n5_011_control,control,1,0,0,12.470000000000002,0.15702833333333333,591568,4898608
1062,85857,73,pair_005_n5_005_control,control,0,1,0,1.4800000000000013,0.15690666666666667,591714,4903134
1063,85926,69,pair_007_n5_007_conflict,conflict,1,0,0,12.570000000000002,0.15679166666666666,591852,4907412
1064,86006,80,pair_008_n3_008_conflict,conflict,1,0,0,12.46,0.15665833333333332,592012,4912372
1065,86079,73,pair_009_n5_009_control,control,1,0,0,12.530000000000001,0.15653666666666666,592158,4916898
1066,86166,87,pair_003_n5_003_conflict,conflict,1,0,0,12.39,0.15639166666666665,592332,4922292
1067,86241,75,pair_017_n5_017_control,control,1,0,0,12.510000000000002,0.15626666666666666,592482,4926942
1068,86316,75,pair_001_n3_001_control,control,1,0,0,12.510000000000002,0.15614166666666665,592632,4931592
1069,86393,77,pair_016_n3_016_control,control,1,0,0,12.490000000000002,0.1560133333333333,592786,4936366
1070,86477,84,pair_001_n3_001_conflict,conflict,1,0,0,12.420000000000002,0.15587333333333334,592954,4941574
1071,86551,74,pair_000_n5_000_control,control,1,0,0,12.520000000000001,0.15575,593102,4946162
1072,86634,83,pair_008_n5_008_conflict,conflict,1,0,0,12.430000000000001,0.15561166666666665,593268,4951308
1073,86725,91,pair_012_n3_012_control,control,1,0,0,12.350000000000001,0.15546,593450,4956950
1074,86797,72,pair_013_n5_013_control,control,1,0,0,12.540000000000001,0.15533999999999998,593594,4961414
1075,86883,86,pair_017_n3_017_conflict,conflict,0,1,0,1.3500000000000014,0.15519666666666665,593766,4966746
1076,86962,79,pair_002_n5_002_control,control,1,0,0,12.470000000000002,0.15506499999999998,593924,4971644
1077,87045,83,pair_010_n5_010_control,control,1,0,0,12.430000000000001,0.15492666666666666,594090,4976790
1078,87130,85,pair_012_n5_012_control,control,1,0,0,12.410000000000002,0.15478499999999998,594260,4982060
1079,87216,86,pair_007_n5_007_control,control,1,0,0,12.400000000000002,0.15464166666666665,594432,4987392
1080,87290,74,pair_010_n5_010_conflict,conflict,1,0,0,12.520000000000001,0.1545183333333333,594580,4991980
1081,87371,81,pair_011_n5_011_control,control,1,0,0,12.450000000000001,0.15438333333333332,594742,4997002
1082,87447,76,pair_011_n5_011_conflict,conflict,1,0,0,12.500000000000002,0.15425666666666665,594894,5001714
1083,87531,84,pair_003_n5_003_control,control,1,0,0,12.420000000000002,0.15411666666666665,595062,5006922
1084,87603,72,pair_013_n5_013_conflict,conflict,1,0,0,12.540000000000003,0.15399666666666664,595206,5011386
1085,87688,85,pair_001_n5_001_control,control,1,0,0,12.410000000000002,0.153855,595376,5016656
1086,87771,83,pair_012_n3_012_conflict,conflict,1,0,0,12.430000000000001,0.15371666666666667,595542,5021802
1087,87852,81,pair_015_n3_015_conflict,conflict,1,0,0,12.450000000000001,0.15358166666666664,595704,5026824
1088,87925,73,pair_004_n3_004_control,control,1,0,0,12.530000000000001,0.15345999999999999,595850,5031350
1089,88022,97,pair_008_n3_008_control,control,1,0,0,12.290000000000001,0.15329833333333331,596044,5037364
1090,88136,114,pair_010_n5_010_control,control,1,0,0,12.120000000000001,0.15310833333333332,596272,5044432
1091,88220,84,pair_008_n3_008_conflict,conflict,1,0,0,12.420000000000002,0.15296833333333332,596440,5049640
1092,88317,97,pair_000_n3_000_control,control,1,0,0,12.290000000000003,0.15280666666666665,596634,5055654
1093,88402,85,pair_008_n5_008_control,control,1,0,0,12.410000000000002,0.152665,596804,5060924
1094,88478,76,pair_008_n5_008_conflict,conflict,1,0,0,12.500000000000002,0.15253833333333333,596956,5065636
1095,88565,87,pair_000_n5_000_control,control,1,0,0,12.39,0.15239333333333333,597130,5071030
1096,88654,89,pair_002_n5_002_conflict,conflict,1,0,0,12.370000000000001,0.152245,597308,5076548
1097,88726,72,pair_016_n5_016_conflict,conflict,1,0,0,12.540000000000001,0.15212499999999998,597452,5081012
1098,88805,79,pair_009_n3_009_control,control,1,0,0,12.470000000000002,0.1519933333333333,597610,5085910
1099,88885,80,pair_004_n5_004_conflict,conflict,1,0,0,12.46,0.15186,597770,5090870
1100,88970,85,pair_017_n5_017_control,control,1,0,0,12.410000000000002,0.15171833333333332,597940,5096140
1101,89048,78,pair_015_n3_015_control,control,1,0,0,12.48,0.15158833333333332,598096,5100976
1102,89133,85,pair_007_n5_007_control,control,1,0,0,12.410000000000002,0.15144666666666665,598266,5106246
1103,89217,84,pair_007_n5_007_conflict,conflict,1,0,0,12.420000000000002,0.15130666666666664,598434,5111454
1104,89298,81,pair_014_n5_014_conflict,conflict,1,0,0,12.450000000000001,0.15117166666666665,598596,5116476
1105,89389,91,pair_007_n3_007_control,control,1,0,0,12.350000000000001,0.15102,598778,5122118
1106,89461,72,pair_014_n3_014_conflict,conflict,1,0,0,12.540000000000001,0.15089999999999998,598922,5126582
1107,89551,90,pair_005_n5_005_control,control,1,0,0,12.360000000000001,0.15075,599102,5132162
1108,89626,75,pair_014_n3_014_control,control,1,0,0,12.510000000000002,0.15062499999999998,599252,5136812
1109,89701,75,pair_006_n3_006_conflict,conflict,1,0,0,12.510000000000002,0.1505,599402,5141462
1110,89787,86,pair_003_n3_003_conflict,conflict,1,0,0,12.400000000000002,0.15035666666666667,599574,5146794
1111,89860,73,pair_015_n5_015_conflict,conflict,1,0,0,12.530000000000001,0.15023499999999998,599720,5151320
1112,89932,72,pair_002_n5_002_control,control,1,0,0,12.540000000000003,0.150115,599864,5155784
1113,90013,81,pair_000_n3_000_conflict,conflict,1,0,0,12.450000000000001,0.14998,600026,5160806
1114,90102,89,pair_004_n5_004_control,control,1,0,0,12.370000000000001,0.14983166666666667,600204,5166324
1115,90181,79,pair_010_n3_010_conflict,conflict,1,0,0,12.470000000000002,0.1497,600362,5171222
1116,90255,74,pair_004_n3_004_conflict,conflict,1,0,0,12.520000000000001,0.14957666666666666,600510,5175810
1117,90340,85,pair_006_n5_006_conflict,conflict,1,0,0,12.410000000000002,0.14943499999999998,600680,5181080
1118,90417,77,pair_007_n3_007_conflict,conflict,1,0,0,12.490000000000002,0.14930666666666664,600834,5185854
1119,90493,76,pair_013_n3_013_conflict,conflict,1,0,0,12.500000000000002,0.14917999999999998,600986,5190566
1120,90569,76,pair_005_n3_005_conflict,conflict,1,0,0,12.500000000000002,0.14905333333333332,601138,5195278
1121,90648,79,pair_016_n3_016_control,control,1,0,0,12.470000000000002,0.14892166666666665,601296,5200176
1122,90727,79,pair_006_n5_006_control,control,1,0,0,12.470000000000002,0.14878999999999998,601454,5205074
1123,90731,4,pair_012_n3_012_control,control,0,1,0,-0.88,0.14878333333333332,601462,5205322
1124,90811,80,pair_003_n5_003_conflict,conflict,1,0,0,12.46,0.14864999999999998,601622,5210282
1125,90884,73,pair_001_n3_001_control,control,1,0,0,12.530000000000001,0.14852833333333332,601768,5214808
1126,90979,95,pair_017_n3_017_conflict,conflict,1,0,0,12.310000000000002,0.14837,601958,5220698
1127,91066,87,pair_016_n5_016_control,control,1,0,0,12.39,0.148225,602132,5226092
1128,91137,71,pair_013_n5_013_control,control,1,0,0,12.55,0.14810666666666666,602274,5230494
1129,91226,89,pair_013_n3_013_control,control,1,0,0,12.370000000000001,0.14795833333333333,602452,5236012
1130,91301,75,pair_005_n3_005_control,control,1,0,0,12.510000000000002,0.14783333333333332,602602,5240662
1131,91378,77,pair_014_n5_014_control,control,1,0,0,12.490000000000002,0.14770499999999998,602756,5245436
1132,91450,72,pair_002_n3_002_control,control,1,0,0,12.540000000000001,0.147585,602900,5249900
1133,91522,72,pair_011_n3_011_conflict,conflict,1,0,0,12.540000000000001,0.14746499999999998,603044,5254364
1134,91594,72,pair_000_n5_000_conflict,conflict,1,0,0,12.540000000000001,0.14734499999999998,603188,5258828
1135,91598,4,pair_015_n5_015_control,control,0,1,0,-0.88,0.14733833333333332,603196,5259076
1136,91612,14,pair_006_n3_006_control,control,0,1,0,-0.53,0.147315,603224,5259944
1137,91687,75,pair_016_n3_016_conflict,conflict,1,0,0,12.510000000000002,0.14719,603374,5264594
1138,91777,90,pair_009_n5_009_control,control,1,0,0,12.360000000000001,0.14703999999999998,603554,5270174
1139,91853,76,pair_017_n3_017_control,control,1,0,0,12.500000000000002,0.1469133333333333,603706,5274886
1140,91940,87,pair_009_n3_009_conflict,conflict,1,0,0,12.39,0.14676833333333333,603880,5280280
1141,92017,77,pair_012_n5_012_conflict,conflict,1,0,0,12.490000000000002,0.14664,604034,5285054
1142,92106,89,pair_001_n5_001_conflict,conflict,1,0,0,12.370000000000001,0.14649166666666666,604212,5290572
1143,92195,89,pair_001_n3_001_conflict,conflict,1,0,0,12.370000000000001,0.14634333333333333,604390,5296090
1144,92271,76,pair_002_n3_002_conflict,conflict,1,0,0,12.500000000000002,0.14621666666666666,604542,5300802
1145,92353,82,pair_012_n5_012_control,control,1,0,0,12.440000000000001,0.14608,604706,5305886
1146,92437,84,pair_010_n3_010_control,control,1,0,0,12.420000000000002,0.14594,604874,5311094
1147,92513,76,pair_011_n3_011_control,control,1,0,0,12.500000000000002,0.14581333333333332,605026,5315806
1148,92611,98,pair_017_n5_017_conflict,conflict,1,0,0,12.280000000000001,0.14565,605222,5321882
1149,92689,78,pair_005_n5_005_conflict,conflict,1,0,0,12.480000000000002,0.14551999999999998,605378,5326718
1150,92771,82,pair_003_n3_003_control,control,1,0,0,12.440000000000001,0.1453833333333333,605542,5331802
1151,92850,79,pair_009_n5_009_conflict,conflict,1,0,0,12.47,0.14525166666666667,605700,5336700
1152,92930,80,pair_004_n5_004_control,control,1,0,0,12.46,0.14511833333333332,605860,5341660
1153,93006,76,pair_005_n5_005_conflict,conflict,1,0,0,12.500000000000002,0.14499166666666666,606012,5346372
1154,93083,77,pair_014_n5_014_conflict,conflict,1,0,0,12.490000000000002,0.14486333333333332,606166,5351146
1155,93154,71,pair_002_n3_002_control,control,1,0,0,12.55,0.14474499999999998,606308,5355548
1156,93231,77,pair_011_n3_011_control,control,1,0,0,12.490000000000002,0.14461666666666664,606462,5360322
1157,93313,82,pair_002_n3_002_conflict,conflict,1,0,0,12.440000000000001,0.14448,606626,5365406
1158,93393,80,pair_000_n5_000_conflict,conflict,1,0,0,12.46,0.14434666666666665,606786,5370366
1159,93473,80,pair_006_n5_006_conflict,conflict,1,0,0,12.46,0.14421333333333333,606946,5375326
1160,93556,83,pair_012_n3_012_conflict,conflict,1,0,0,12.430000000000001,0.14407499999999998,607112,5380472
1161,93625,69,pair_003_n3_003_conflict,conflict,1,0,0,12.570000000000002,0.14395999999999998,607250,5384750
1162,93709,84,pair_001_n5_001_control,control,0,1,0,1.3700000000000014,0.14381999999999998,607418,5389958
1163,93794,85,pair_007_n5_007_conflict,conflict,1,0,0,12.410000000000002,0.14367833333333332,607588,5395228
1164,93801,7,pair_006_n3_006_conflict,conflict,0,1,0,-1.01,0.14366666666666666,607602,5395662
1165,93876,75,pair_015_n5_015_control,control,1,0,0,12.510000000000002,0.14354166666666665,607752,5400312
1166,93957,81,pair_017_n5_017_conflict,conflict,1,0,0,12.450000000000001,0.14340666666666665,607914,5405334
1167,94032,75,pair_014_n3_014_control,control,1,0,0,12.510000000000002,0.14328166666666667,608064,5409984
1168,94115,83,pair_015_n5_015_conflict,conflict,1,0,0,12.430000000000001,0.14314333333333332,608230,5415130
1169,94195,80,pair_004_n5_004_conflict,conflict,1,0,0,12.46,0.14301,608390,5420090
1170,94275,80,pair_011_n3_011_conflict,conflict,1,0,0,12.46,0.14287666666666665,608550,5425050
1171,94355,80,pair_010_n5_010_conflict,conflict,1,0,0,12.46,0.14274333333333333,608710,5430010
1172,94436,81,pair_010_n5_010_control,control,1,0,0,12.450000000000001,0.1426083333333333,608872,5435032
1173,94511,75,pair_006_n3_006_control,control,1,0,0,12.510000000000002,0.14248333333333332,609022,5439682
1174,94589,78,pair_012_n5_012_control,control,1,0,0,12.48,0.14235333333333333,609178,5444518
1175,94667,78,pair_005_n5_005_control,control,1,0,0,12.48,0.1422233333333333,609334,5449354
1176,94753,86,pair_006_n5_006_control,control,1,0,0,12.400000000000002,0.14207999999999998,609506,5454686
1177,94758,5,pair_013_n5_013_control,control,0,1,0,-0.94,0.14207166666666665,609516,5454996
1178,94835,77,pair_001_n3_001_control,control,1,0,0,12.490000000000002,0.1419433333333333,609670,5459770
1179,94845,10,pair_014_n5_014_control,control,0,1,0,-0.9400000000000001,0.14192666666666665,609690,5460390
1180,94930,85,pair_000_n3_000_control,control,1,0,0,12.410000000000002,0.141785,609860,5465660
1181,95013,83,pair_000_n5_000_control,control,1,0,0,12.430000000000001,0.14164666666666664,610026,5470806
1182,95093,80,pair_001_n5_001_conflict,conflict,1,0,0,12.46,0.14151333333333332,610186,5475766
1183,95173,80,pair_010_n3_010_conflict,conflict,1,0,0,12.46,0.14137999999999998,610346,5480726
1184,95252,79,pair_007_n3_007_conflict,conflict,1,0,0,12.470000000000002,0.1412483333333333,610504,5485624
1185,95332,80,pair_012_n5_012_conflict,conflict,1,0,0,12.46,0.141115,610664,5490584
1186,95427,95,pair_007_n3_007_control,control,1,0,0,12.310000000000002,0.14095666666666665,610854,5496474
1187,95495,68,pair_016_n5_016_conflict,conflict,1,0,0,12.580000000000002,0.14084333333333332,610990,5500690
1188,95580,85,pair_003_n3_003_control,control,1,0,0,12.410000000000002,0.14070166666666667,611160,5505960
1189,95659,79,pair_005_n3_005_control,control,1,0,0,12.470000000000002,0.14057,611318,5510858
1190,95733,74,pair_000_n3_000_conflict,conflict,1,0,0,12.520000000000001,0.14044666666666666,611466,5515446
1191,95811,78,pair_001_n3_001_conflict,conflict,1,0,0,12.48,0.14031666666666665,611622,5520282
1192,95890,79,pair_013_n5_013_conflict,conflict,1,0,0,12.470000000000002,0.14018499999999998,611780,5525180
1193,95967,77,pair_011_n5_011_control,control,1,0,0,12.490000000000002,0.14005666666666666,611934,5529954
1194,96043,76,pair_007_n5_007_control,control,1,0,0,12.500000000000002,0.13993,612086,5534666
1195,96121,78,pair_009_n3_009_conflict,conflict,1,0,0,12.48,0.13979999999999998,612242,5539502
1196,96209,88,pair_016_n3_016_control,control,1,0,0,12.38,0.13965333333333332,612418,5544958
1197,96284,75,pair_003_n5_003_control,control,1,0,0,12.510000000000002,0.1395283333333333,612568,5549608
1198,96364,80,pair_010_n3_010_control,control,1,0,0,12.46,0.139395,612728,5554568
1199,96451,87,pair_008_n5_008_control,control,1,0,0,12.39,0.13924999999999998,612902,5559962
1200,96532,81,pair_002_n5_002_control,control,1,0,0,12.450000000000001,0.139115,613064,5564984
1201,96536,4,pair_012_n3_012_control,control,0,1,0,-0.88,0.13910833333333333,613072,5565232
1202,96614,78,pair_008_n5_008_conflict,conflict,1,0,0,12.48,0.13897833333333331,613228,5570068
1203,96687,73,pair_003_n5_003_conflict,conflict,1,0,0,12.530000000000001,0.13885666666666666,613374,5574594
1204,96776,89,pair_009_n5_009_conflict,conflict,1,0,0,12.370000000000001,0.13870833333333332,613552,5580112
1205,96859,83,pair_015_n3_015_conflict,conflict,1,0,0,12.430000000000001,0.13857,613718,5585258
1206,96939,80,pair_004_n3_004_conflict,conflict,1,0,0,12.46,0.13843666666666665,613878,5590218
1207,97010,71,pair_008_n3_008_conflict,conflict,1,0,0,12.55,0.13831833333333332,614020,5594620
1208,97092,82,pair_008_n3_008_control,control,1,0,0,12.440000000000001,0.13818166666666665,614184,5599704
1209,97162,70,pair_017_n3_017_control,control,1,0,0,12.560000000000002,0.138065,614324,5604044
1210,97244,82,pair_016_n5_016_control,control,1,0,0,12.440000000000001,0.13792833333333332,614488,5609128
1211,97319,75,pair_002_n5_002_conflict,conflict,1,0,0,12.510000000000002,0.13780333333333333,614638,5613778
1212,97404,85,pair_013_n3_013_control,control,1,0,0,12.410000000000002,0.13766166666666665,614808,5619048
1213,97480,76,pair_005_n3_005_conflict,conflict,1,0,0,12.500000000000002,0.137535,614960,5623760
1214,97551,71,pair_004_n3_004_control,control,1,0,0,12.55,0.13741666666666666,615102,5628162
1215,97632,81,pair_009_n5_009_control,control,1,0,0,12.450000000000001,0.13728166666666666,615264,5633184
1216,97638,6,pair_017_n3_017_conflict,conflict,0,1,0,-0.8,0.13727166666666665,615276,5633556
1217,97656,18,pair_016_n3_016_conflict,conflict,0,1,0,-0.6200000000000001,0.13724166666666665,615312,5634672
1218,97661,5,pair_009_n3_009_control,control,0,1,0,-0.94,0.13723333333333332,615322,5634982
1219,97735,74,pair_011_n5_011_conflict,conflict,1,0,0,12.520000000000001,0.13710999999999998,615470,5639570
1220,97809,74,pair_015_n3_015_control,control,1,0,0,12.520000000000001,0.13698666666666665,615618,5644158
1221,97887,78,pair_017_n5_017_control,control,1,0,0,12.48,0.13685666666666665,615774,5648994
1222,97971,84,pair_013_n3_013_conflict,conflict,1,0,0,12.420000000000002,0.13671666666666665,615942,5654202
1223,98052,81,pair_014_n3_014_conflict,conflict,1,0,0,12.450000000000001,0.13658166666666666,616104,5659224
1224,98125,73,pair_001_n3_001_conflict,conflict,1,0,0,12.530000000000001,0.13646,616250,5663750
1225,98205,80,pair_005_n5_005_control,control,1,0,0,12.46,0.13632666666666665,616410,5668710
1226,98289,84,pair_005_n3_005_conflict,conflict,1,0,0,12.420000000000002,0.13618666666666665,616578,5673918
1227,98382,93,pair_009_n5_009_conflict,conflict,1,0,0,12.330000000000002,0.13603166666666666,616764,5679684
1228,98465,83,pair_014_n5_014_conflict,conflict,1,0,0,12.430000000000001,0.1358933333333333,616930,5684830
1229,98541,76,pair_000_n3_000_conflict,conflict,1,0,0,12.500000000000002,0.13576666666666665,617082,5689542
1230,98615,74,pair_014_n3_014_conflict,conflict,1,0,0,12.520000000000001,0.1356433333333333,617230,5694130
1231,98639,24,pair_006_n5_006_control,control,0,1,0,-0.5300000000000001,0.13560333333333333,617278,5695618
1232,98717,78,pair_002_n5_002_conflict,conflict,0,1,0,1.4300000000000015,0.13547333333333333,617434,5700454
1233,98792,75,pair_016_n5_016_conflict,conflict,1,0,0,12.510000000000002,0.13534833333333332,617584,5705104
1234,98860,68,pair_001_n5_001_conflict,conflict,1,0,0,12.580000000000002,0.135235,617720,5709320
1235,98974,114,pair_012_n5_012_control,control,1,0,0,12.120000000000006,0.135045,617948,5716388
1236,99157,183,pair_013_n3_013_control,control,1,0,0,11.430000000000001,0.13474,618314,5727734
1237,99235,78,pair_007_n5_007_control,control,0,1,0,1.4300000000000015,0.13460999999999998,618470,5732570
1238,99308,73,pair_011_n5_011_control,control,1,0,0,12.530000000000001,0.13448833333333332,618616,5737096
1239,99326,18,pair_009_n5_009_control,control,0,1,0,-0.6200000000000001,0.13445833333333332,618652,5738212
1240,99331,5,pair_016_n5_016_control,control,0,1,0,-0.94,0.13445,618662,5738522
1241,99426,95,pair_006_n5_006_conflict,conflict,1,0,0,12.310000000000002,0.13429166666666664,618852,5744412
1242,99441,15,pair_012_n3_012_control,control,0,1,0,-0.5900000000000001,0.13426666666666665,618882,5745342
1243,99520,79,pair_016_n3_016_conflict,conflict,1,0,0,12.470000000000002,0.13413499999999998,619040,5750240
1244,99593,73,pair_003_n3_003_conflict,conflict,1,0,0,12.530000000000001,0.13401333333333332,619186,5754766
1245,99596,3,pair_014_n5_014_control,control,0,1,0,-0.97,0.1340083333333333,619192,5754952
1246,99673,77,pair_010_n3_010_control,control,1,0,0,12.490000000000002,0.13388,619346,5759726
1247,99750,77,pair_004_n3_004_conflict,conflict,1,0,0,12.490000000000002,0.13375166666666666,619500,5764500
1248,99832,82,pair_015_n3_015_conflict,conflict,1,0,0,12.440000000000001,0.13361499999999998,619664,5769584
1249,99906,74,pair_008_n5_008_control,control,1,0,0,12.520000000000001,0.13349166666666665,619812,5774172
1250,99993,87,pair_017_n3_017_conflict,conflict,1,0,0,12.39,0.13334666666666667,619986,5779566
1251,100083,90,pair_013_n3_013_conflict,conflict,1,0,0,12.360000000000001,0.13319666666666666,620083,5785229
1252,100088,5,pair_009_n3_009_control,control,0,1,0,-0.84,0.13318833333333333,620088,5785544
1253,100173,85,pair_005_n3_005_control,control,1,0,0,12.410000000000002,0.13304666666666665,620173,5790899
1254,100250,77,pair_011_n3_011_control,control,1,0,0,12.490000000000002,0.13291833333333333,620250,5795750
1255,100321,71,pair_010_n5_010_conflict,conflict,1,0,0,12.55,0.1328,620321,5800223
1256,100407,86,pair_007_n5_007_conflict,conflict,1,0,0,12.400000000000002,0.13265666666666664,620407,5805641
1257,100487,80,pair_009_n3_009_conflict,conflict,1,0,0,12.46,0.13252333333333333,620487,5810681
1258,100559,72,pair_016_n3_016_control,control,1,0,0,12.540000000000001,0.13240333333333332,620559,5815217
1259,100631,72,pair_002_n3_002_control,control,1,0,0,12.540000000000001,0.13228333333333334,620631,5819753
1260,100712,81,pair_011_n5_011_conflict,conflict,0,1,0,1.200000000000001,0.1321483333333333,620712,5824856
1261,100787,75,pair_006_n3_006_conflict,conflict,1,0,0,12.510000000000002,0.13202333333333333,620787,5829581
1262,100860,73,pair_008_n3_008_conflict,conflict,1,0,0,12.530000000000001,0.13190166666666667,620860,5834180
1263,100937,77,pair_004_n5_004_control,control,1,0,0,12.490000000000002,0.13177333333333333,620937,5839031
1264,101020,83,pair_015_n3_015_control,control,1,0,0,12.430000000000001,0.131635,621020,5844260
1265,101105,85,pair_001_n5_001_control,control,1,0,0,12.410000000000002,0.13149333333333332,621105,5849615
1266,101109,4,pair_013_n5_013_conflict,conflict,0,1,0,-0.98,0.13148666666666667,621109,5849867
1267,101196,87,pair_015_n5_015_conflict,conflict,1,0,0,12.39,0.13134166666666666,621196,5855348
1268,101283,87,pair_004_n3_004_control,control,1,0,0,12.39,0.13119666666666666,621283,5860829
1269,101358,75,pair_007_n3_007_conflict,conflict,1,0,0,12.510000000000002,0.13107166666666664,621358,5865554
1270,101387,29,pair_015_n5_015_control,control,0,1,0,-0.43000000000000016,0.13102333333333332,621387,5867381
1271,101465,78,pair_000_n5_000_control,control,1,0,0,12.480000000000002,0.13089333333333333,621465,5872295
1272,101536,71,pair_012_n5_012_conflict,conflict,1,0,0,12.55,0.130775,621536,5876768
1273,101619,83,pair_008_n5_008_conflict,conflict,1,0,0,12.430000000000001,0.13063666666666665,621619,5881997
1274,101623,4,pair_002_n5_002_control,control,0,1,0,-0.88,0.13063,621623,5882249
1275,101627,4,pair_002_n3_002_conflict,conflict,0,1,0,-0.88,0.1306233333333333,621627,5882501
1276,101702,75,pair_003_n3_003_control,control,1,0,0,12.510000000000002,0.13049833333333333,621702,5887226
1277,101777,75,pair_017_n5_017_control,control,1,0,0,12.510000000000002,0.1303733333333333,621777,5891951
1278,101865,88,pair_008_n3_008_control,control,1,0,0,12.380000000000003,0.13022666666666666,621865,5897495
1279,101945,80,pair_001_n3_001_control,control,1,0,0,12.46,0.1300933333333333,621945,5902535
1280,102017,72,pair_017_n5_017_conflict,conflict,1,0,0,12.540000000000001,0.12997333333333333,622017,5907071
1281,102093,76,pair_017_n3_017_control,control,1,0,0,12.500000000000002,0.12984666666666667,622093,5911859
1282,102168,75,pair_000_n3_000_control,control,1,0,0,12.510000000000002,0.12972166666666665,622168,5916584
1283,102175,7,pair_014_n3_014_control,control,0,1,0,-0.91,0.12971,622175,5917025
1284,102253,78,pair_012_n3_012_conflict,conflict,1,0,0,12.48,0.12958,622253,5921939
1285,102332,79,pair_000_n5_000_conflict,conflict,1,0,0,12.470000000000002,0.12944833333333333,622332,5926916
1286,102405,73,pair_007_n3_007_control,control,1,0,0,12.530000000000001,0.12932666666666665,622405,5931515
1287,102481,76,pair_011_n3_011_conflict,conflict,1,0,0,12.500000000000002,0.12919999999999998,622481,5936303
1288,102553,72,pair_010_n3_010_conflict,conflict,1,0,0,12.540000000000001,0.12908,622553,5940839
1289,102636,83,pair_013_n5_013_control,control,1,0,0,12.430000000000001,0.12894166666666665,622636,5946068
1290,102716,80,pair_003_n5_003_conflict,conflict,1,0,0,12.46,0.12880833333333333,622716,5951108
1291,102793,77,pair_010_n5_010_control,control,1,0,0,12.490000000000002,0.12868,622793,5955959
1292,102876,83,pair_003_n5_003_control,control,1,0,0,12.430000000000001,0.12854166666666667,622876,5961188
1293,102956,80,pair_005_n5_005_conflict,conflict,1,0,0,12.46,0.12840833333333332,622956,5966228
1294,103034,78,pair_004_n5_004_conflict,conflict,1,0,0,12.48,0.12827833333333333,623034,5971142
1295,103119,85,pair_006_n3_006_control,control,1,0,0,12.410000000000002,0.12813666666666665,623119,5976497
1296,103123,4,pair_002_n5_002_conflict,conflict,0,1,0,-0.88,0.12813,623123,5976749
1297,103198,75,pair_008_n5_008_control,control,1,0,0,12.510000000000002,0.12800499999999998,623198,5981474
1298,103275,77,pair_013_n3_013_control,control,1,0,0,12.490000000000002,0.12787666666666667,623275,5986325
1299,103352,77,pair_009_n5_009_conflict,conflict,1,0,0,12.490000000000002,0.12774833333333332,623352,5991176
1300,103428,76,pair_015_n3_015_conflict,conflict,1,0,0,12.500000000000002,0.12762166666666666,623428,5995964
1301,103502,74,pair_009_n5_009_control,control,1,0,0,12.520000000000001,0.12749833333333332,623502,6000626
1302,103582,80,pair_011_n3_011_conflict,conflict,1,0,0,12.46,0.12736499999999998,623582,6005666
1303,103655,73,pair_004_n5_004_control,control,1,0,0,12.530000000000001,0.12724333333333332,623655,6010265
1304,103735,80,pair_017_n3_017_conflict,conflict,1,0,0,12.46,0.12711,623735,6015305
1305,103817,82,pair_013_n5_013_conflict,conflict,1,0,0,12.440000000000001,0.12697333333333333,623817,6020471
1306,103894,77,pair_010_n5_010_control,control,1,0,0,12.490000000000002,0.12684499999999999,623894,6025322
1307,103971,77,pair_012_n3_012_control,control,1,0,0,12.490000000000002,0.12671666666666664,623971,6030173
1308,104049,78,pair_015_n3_015_control,control,1,0,0,12.48,0.12658666666666665,624049,6035087
1309,104126,77,pair_017_n3_017_control,control,1,0,0,12.490000000000002,0.1264583333333333,624126,6039938
1310,104201,75,pair_000_n3_000_conflict,conflict,1,0,0,12.510000000000002,0.12633333333333333,624201,6044663
1311,104273,72,pair_006_n5_006_control,control,1,0,0,12.540000000000001,0.12621333333333332,624273,6049199
1312,104353,80,pair_003_n3_003_conflict,conflict,1,0,0,12.46,0.12608,624353,6054239
1313,104442,89,pair_006_n5_006_conflict,conflict,1,0,0,12.370000000000001,0.12593166666666666,624442,6059846
1314,104523,81,pair_002_n5_002_control,control,1,0,0,12.450000000000001,0.12579666666666667,624523,6064949
1315,104608,85,pair_017_n5_017_control,control,1,0,0,12.410000000000002,0.125655,624608,6070304
1316,104679,71,pair_016_n5_016_conflict,conflict,1,0,0,12.55,0.12553666666666666,624679,6074777
1317,104765,86,pair_001_n5_001_control,control,1,0,0,12.400000000000002,0.12539333333333333,624765,6080195
1318,104843,78,pair_013_n3_013_conflict,conflict,1,0,0,12.48,0.1252633333333333,624843,6085109
1319,104924,81,pair_009_n3_009_control,control,1,0,0,12.450000000000001,0.1251283333333333,624924,6090212
1320,105002,78,pair_005_n3_005_control,control,1,0,0,12.480000000000002,0.12499833333333332,625002,6095126
1321,105086,84,pair_003_n5_003_conflict,conflict,1,0,0,12.420000000000002,0.12485833333333332,625086,6100418
1322,105163,77,pair_008_n3_008_control,control,1,0,0,12.490000000000002,0.12472999999999998,625163,6105269
1323,105236,73,pair_007_n5_007_conflict,conflict,1,0,0,12.530000000000001,0.12460833333333332,625236,6109868
1324,105309,73,pair_011_n5_011_conflict,conflict,1,0,0,12.530000000000001,0.12448666666666666,625309,6114467
1325,105394,85,pair_016_n5_016_control,control,1,0,0,12.410000000000002,0.12434499999999998,625394,6119822
1326,105466,72,pair_010_n5_010_conflict,conflict,1,0,0,12.540000000000001,0.124225,625466,6124358
1327,105549,83,pair_002_n3_002_control,control,1,0,0,12.430000000000001,0.12408666666666665,625549,6129587
1328,105625,76,pair_008_n3_008_conflict,conflict,1,0,0,12.500000000000002,0.12395999999999999,625625,6134375
1329,105708,83,pair_014_n5_014_control,control,1,0,0,12.430000000000001,0.12382166666666666,625708,6139604
1330,105799,91,pair_006_n3_006_conflict,conflict,1,0,0,12.350000000000001,0.12367,625799,6145337
1331,105878,79,pair_007_n3_007_conflict,conflict,1,0,0,12.470000000000002,0.12353833333333333,625878,6150314
1332,105955,77,pair_001_n3_001_control,control,1,0,0,12.490000000000002,0.12340999999999999,625955,6155165
1333,106031,76,pair_007_n3_007_control,control,1,0,0,12.500000000000002,0.12328333333333333,626031,6159953
1334,106121,90,pair_001_n3_001_conflict,conflict,1,0,0,12.360000000000001,0.12313333333333332,626121,6165623
1335,106195,74,pair_003_n3_003_control,control,1,0,0,12.520000000000001,0.12300999999999998,626195,6170285
1336,106273,78,pair_014_n3_014_control,control,1,0,0,12.48,0.12287999999999999,626273,6175199
1337,106349,76,pair_014_n3_014_conflict,conflict,1,0,0,12.500000000000002,0.12275333333333333,626349,6179987
1338,106429,80,pair_004_n3_004_conflict,conflict,1,0,0,12.46,0.12261999999999998,626429,6185027
1339,106512,83,pair_009_n3_009_conflict,conflict,1,0,0,12.430000000000001,0.12248166666666666,626512,6190256
1340,106514,2,pair_006_n3_006_control,control,0,1,0,-0.96,0.12247833333333333,626514,6190382
1341,106586,72,pair_015_n5_015_conflict,conflict,1,0,0,12.540000000000003,0.12235833333333332,626586,6194918
1342,106665,79,pair_012_n5_012_conflict,conflict,1,0,0,12.470000000000002,0.12222666666666665,626665,6199895
1343,106748,83,pair_004_n5_004_conflict,conflict,1,0,0,12.430000000000001,0.12208833333333333,626748,6205124
1344,106822,74,pair_001_n5_001_conflict,conflict,1,0,0,12.520000000000001,0.12196499999999999,626822,6209786
1345,106911,89,pair_004_n3_004_control,control,1,0,0,12.370000000000001,0.12181666666666666,626911,6215393
1346,106996,85,pair_012_n3_012_conflict,conflict,1,0,0,12.410000000000002,0.12167499999999998,626996,6220748
1347,107013,17,pair_015_n5_015_control,control,0,1,0,-0.36,0.12164666666666665,627013,6221819
1348,107088,75,pair_005_n3_005_conflict,conflict,1,0,0,12.510000000000002,0.12152166666666667,627088,6226544
1349,107161,73,pair_017_n5_017_conflict,conflict,1,0,0,12.530000000000001,0.12139999999999998,627161,6231143
1350,107237,76,pair_000_n5_000_control,control,1,0,0,12.500000000000002,0.12127333333333332,627237,6235931
1351,107315,78,pair_016_n3_016_control,control,1,0,0,12.48,0.12114333333333333,627315,6240845
1352,107394,79,pair_016_n3_016_conflict,conflict,1,0,0,12.470000000000002,0.12101166666666666,627394,6245822
1353,107479,85,pair_011_n3_011_control,control,1,0,0,12.410000000000002,0.12086999999999998,627479,6251177
1354,107557,78,pair_008_n5_008_conflict,conflict,1,0,0,12.480000000000002,0.12073999999999999,627557,6256091
1355,107637,80,pair_002_n3_002_conflict,conflict,1,0,0,12.46,0.12060666666666667,627637,6261131
1356,107719,82,pair_007_n5_007_control,control,1,0,0,12.440000000000001,0.12047,627719,6266297
1357,107732,13,pair_012_n5_012_control,control,0,1,0,-0.97,0.12044833333333332,627732,6267116
1358,107807,75,pair_005_n5_005_control,control,1,0,0,12.510000000000002,0.12032333333333331,627807,6271841
1359,107885,78,pair_013_n5_013_control,control,1,0,0,12.48,0.12019333333333332,627885,6276755
1360,107968,83,pair_014_n5_014_conflict,conflict,1,0,0,12.430000000000001,0.120055,627968,6281984
1361,108050,82,pair_011_n5_011_control,control,1,0,0,12.440000000000001,0.11991833333333332,628050,6287150
1362,108131,81,pair_010_n3_010_conflict,conflict,1,0,0,12.450000000000001,0.11978333333333332,628131,6292253
1363,108219,88,pair_000_n5_000_conflict,conflict,1,0,0,12.380000000000003,0.11963666666666667,628219,6297797
1364,108300,81,pair_000_n3_000_control,control,1,0,0,12.450000000000003,0.11950166666666664,628300,6302900
1365,108381,81,pair_003_n5_003_control,control,1,0,0,12.450000000000003,0.11936666666666665,628381,6308003
1366,108462,81,pair_010_n3_010_control,control,1,0,0,12.450000000000003,0.11923166666666665,628462,6313106
1367,108544,82,pair_005_n5_005_conflict,conflict,1,0,0,12.440000000000001,0.11909499999999998,628544,6318272
1368,108628,84,pair_008_n3_008_control,control,1,0,0,12.420000000000002,0.11895499999999998,628628,6323564
1369,108724,96,pair_009_n3_009_conflict,conflict,1,0,0,12.3,0.11879499999999998,628724,6329612
1370,108798,74,pair_002_n5_002_conflict,conflict,1,0,0,12.520000000000001,0.11867166666666665,628798,6334274
1371,108870,72,pair_004_n5_004_control,control,1,0,0,12.540000000000001,0.11855166666666667,628870,6338810
1372,108952,82,pair_007_n3_007_conflict,conflict,1,0,0,12.440000000000001,0.11841499999999999,628952,6343976
1373,109038,86,pair_015_n3_015_conflict,conflict,1,0,0,12.400000000000002,0.11827166666666666,629038,6349394
1374,109116,78,pair_006_n5_006_conflict,conflict,1,0,0,12.480000000000002,0.11814166666666664,629116,6354308
1375,109191,75,pair_006_n3_006_control,control,1,0,0,12.510000000000002,0.11801666666666666,629191,6359033
1376,109276,85,pair_001_n3_001_control,control,1,0,0,12.410000000000002,0.11787499999999998,629276,6364388
1377,109360,84,pair_008_n5_008_control,control,1,0,0,12.420000000000002,0.11773499999999998,629360,6369680
1378,109441,81,pair_005_n5_005_control,control,1,0,0,12.450000000000001,0.11759999999999998,629441,6374783
1379,109510,69,pair_017_n3_017_conflict,conflict,1,0,0,12.570000000000002,0.11748499999999998,629510,6379130
1380,109586,76,pair_000_n3_000_control,control,1,0,0,12.500000000000002,0.11735833333333331,629586,6383918
1381,109668,82,pair_004_n3_004_conflict,conflict,1,0,0,12.440000000000001,0.11722166666666667,629668,6389084
1382,109755,87,pair_001_n5_001_control,control,1,0,0,12.39,0.11707666666666666,629755,6394565
1383,109834,79,pair_010_n3_010_conflict,conflict,1,0,0,12.470000000000002,0.116945,629834,6399542
1384,109911,77,pair_012_n3_012_control,control,1,0,0,12.490000000000002,0.11681666666666665,629911,6404393
1385,109986,75,pair_011_n3_011_control,control,1,0,0,12.510000000000002,0.11669166666666667,629986,6409118
1386,110059,73,pair_001_n3_001_conflict,conflict,1,0,0,12.530000000000001,0.11656999999999998,630000,6413776
1387,110132,73,pair_006_n5_006_control,control,1,0,0,12.530000000000001,0.11644833333333332,630000,6418448
1388,110200,68,pair_008_n5_008_conflict,conflict,1,0,0,12.580000000000002,0.116335,630000,6422800
1389,110280,80,pair_010_n5_010_control,control,1,0,0,12.46,0.11620166666666665,630000,6427920
1390,110357,77,pair_003_n5_003_conflict,conflict,1,0,0,12.490000000000002,0.11607333333333333,630000,6432848
1391,110433,76,pair_005_n3_005_conflict,conflict,1,0,0,12.500000000000002,0.11594666666666664,630000,6437712
1392,110509,76,pair_017_n5_017_conflict,conflict,1,0,0,12.500000000000002,0.11581999999999998,630000,6442576
1393,110581,72,pair_007_n5_007_conflict,conflict,1,0,0,12.540000000000001,0.1157,630000,6447184
1394,110658,77,pair_006_n3_006_conflict,conflict,1,0,0,12.490000000000002,0.11557166666666666,630000,6452112
1395,110738,80,pair_015_n5_015_conflict,conflict,1,0,0,12.46,0.11543833333333331,630000,6457232
1396,110814,76,pair_004_n5_004_conflict,conflict,1,0,0,12.500000000000002,0.11531166666666665,630000,6462096
1397,110892,78,pair_004_n3_004_control,control,1,0,0,12.48,0.11518166666666665,630000,6467088
1398,110967,75,pair_000_n3_000_conflict,conflict,1,0,0,12.510000000000002,0.11505666666666667,630000,6471888
1399,111044,77,pair_003_n3_003_control,control,1,0,0,12.490000000000002,0.11492833333333333,630000,6476816
1400,111117,73,pair_009_n5_009_conflict,conflict,1,0,0,12.530000000000001,0.11480666666666667,630000,6481488
1401,111193,76,pair_002_n3_002_conflict,conflict,1,0,0,12.500000000000002,0.11467999999999998,630000,6486352
1402,111260,67,pair_002_n3_002_control,control,0,1,0,1.5400000000000014,0.11456833333333333,630000,6490640
1403,111332,72,pair_011_n5_011_control,control,1,0,0,12.540000000000003,0.11444833333333332,630000,6495248
1404,111402,70,pair_016_n5_016_conflict,conflict,1,0,0,12.560000000000002,0.11433166666666666,630000,6499728
1405,111474,72,pair_016_n3_016_conflict,conflict,1,0,0,12.540000000000001,0.11421166666666666,630000,6504336
1406,111556,82,pair_009_n5_009_control,control,1,0,0,12.440000000000001,0.11407499999999998,630000,6509584
1407,111635,79,pair_013_n3_013_control,control,1,0,0,12.470000000000002,0.11394333333333331,630000,6514640
1408,111717,82,pair_007_n5_007_control,control,1,0,0,12.440000000000001,0.11380666666666667,630000,6519888
1409,111804,87,pair_011_n3_011_conflict,conflict,1,0,0,12.39,0.11366166666666666,630000,6525456
1410,111886,82,pair_013_n3_013_conflict,conflict,1,0,0,12.440000000000001,0.11352499999999999,630000,6530704
1411,111976,90,pair_014_n5_014_control,control,1,0,0,12.360000000000001,0.11337499999999998,630000,6536464
1412,112055,79,pair_012_n3_012_conflict,conflict,1,0,0,12.470000000000002,0.11324333333333333,630000,6541520
1413,112139,84,pair_013_n5_013_conflict,conflict,1,0,0,12.420000000000002,0.11310333333333333,630000,6546896
1414,112233,94,pair_003_n3_003_conflict,conflict,1,0,0,12.320000000000002,0.11294666666666667,630000,6552912
1415,112306,73,pair_002_n5_002_control,control,1,0,0,12.530000000000001,0.11282499999999998,630000,6557584
1416,112380,74,pair_008_n3_008_conflict,conflict,1,0,0,12.520000000000001,0.11270166666666664,630000,6562320
1417,112448,68,pair_012_n5_012_conflict,conflict,1,0,0,12.580000000000002,0.11258833333333332,630000,6566672
1418,112519,71,pair_003_n5_003_control,control,1,0,0,12.55,0.11246999999999999,630000,6571216
1419,112609,90,pair_000_n5_000_control,control,1,0,0,12.360000000000001,0.11231999999999998,630000,6576976
1420,112695,86,pair_010_n5_010_conflict,conflict,1,0,0,12.400000000000002,0.11217666666666665,630000,6582480
1421,112775,80,pair_015_n5_015_control,control,1,0,0,12.46,0.11204333333333333,630000,6587600
1422,112854,79,pair_000_n5_000_conflict,conflict,1,0,0,12.470000000000002,0.11191166666666666,630000,6592656
1423,112939,85,pair_017_n3_017_control,control,1,0,0,12.410000000000002,0.11176999999999998,630000,6598096
1424,113014,75,pair_001_n5_001_conflict,conflict,1,0,0,12.510000000000002,0.111645,630000,6602896
1425,113104,90,pair_012_n5_012_control,control,1,0,0,12.360000000000001,0.11149499999999998,630000,6608656
1426,113186,82,pair_005_n5_005_conflict,conflict,1,0,0,12.440000000000001,0.11135833333333331,630000,6613904
1427,113262,76,pair_014_n3_014_conflict,conflict,1,0,0,12.500000000000002,0.11123166666666665,630000,6618768
1428,113334,72,pair_011_n5_011_conflict,conflict,1,0,0,12.540000000000001,0.11111166666666666,630000,6623376
1429,113409,75,pair_010_n3_010_control,control,1,0,0,12.510000000000002,0.11098666666666665,630000,6628176
1430,113413,4,pair_009_n3_009_control,control,0,1,0,-0.88,0.11098,630000,6628432
1431,113481,68,pair_017_n5_017_control,control,1,0,0,12.580000000000002,0.11086666666666667,630000,6632784
1432,113567,86,pair_013_n5_013_control,control,1,0,0,12.400000000000002,0.11072333333333331,630000,6638288
1433,113571,4,pair_016_n3_016_control,control,0,1,0,-0.88,0.11071666666666666,630000,6638544
1434,113660,89,pair_015_n3_015_control,control,1,0,0,12.370000000000001,0.11056833333333332,630000,6644240
1435,113742,82,pair_014_n5_014_conflict,conflict,1,0,0,12.440000000000001,0.11043166666666665,630000,6649488
1436,113812,70,pair_007_n3_007_control,control,1,0,0,12.560000000000002,0.110315,630000,6653968
1437,113883,71,pair_005_n3_005_control,control,1,0,0,12.55,0.11019666666666666,630000,6658512
1438,113888,5,pair_014_n3_014_control,control,0,1,0,-0.84,0.11018833333333333,630000,6658832
1439,113894,6,pair_016_n5_016_control,control,0,1,0,-0.8,0.11017833333333332,630000,6659216
1440,113969,75,pair_001_n3_001_conflict,conflict,1,0,0,12.510000000000002,0.11005333333333331,630000,6664016
1441,114042,73,pair_006_n5_006_conflict,conflict,1,0,0,12.530000000000001,0.10993166666666665,630000,6668688
1442,114119,77,pair_012_n5_012_conflict,conflict,1,0,0,12.490000000000002,0.10980333333333331,630000,6673616
1443,114197,78,pair_003_n3_003_control,control,1,0,0,12.48,0.10967333333333332,630000,6678608
1444,114213,16,pair_017_n3_017_conflict,conflict,0,1,0,-0.45000000000000007,0.10964666666666664,630000,6679632
1445,114294,81,pair_014_n3_014_conflict,conflict,1,0,0,12.450000000000001,0.10951166666666665,630000,6684816
1446,114367,73,pair_014_n3_014_control,control,1,0,0,12.530000000000001,0.10938999999999999,630000,6689488
1447,114443,76,pair_000_n5_000_conflict,conflict,1,0,0,12.500000000000002,0.10926333333333332,630000,6694352
1448,114517,74,pair_004_n5_004_conflict,conflict,1,0,0,12.520000000000001,0.10913999999999999,630000,6699088
1449,114586,69,pair_008_n5_008_conflict,conflict,1,0,0,12.570000000000002,0.10902499999999998,630000,6703504
1450,114655,69,pair_007_n3_007_conflict,conflict,1,0,0,12.570000000000002,0.10890999999999998,630000,6707920
1451,114739,84,pair_002_n3_002_control,control,1,0,0,12.420000000000002,0.10876999999999998,630000,6713296
1452,114813,74,pair_013_n5_013_control,control,1,0,0,12.520000000000001,0.10864666666666667,630000,6718032
1453,114887,74,pair_001_n5_001_control,control,1,0,0,12.520000000000001,0.10852333333333333,630000,6722768
1454,114967,80,pair_010_n3_010_control,control,1,0,0,12.46,0.10838999999999999,630000,6727888
1455,115059,92,pair_001_n3_001_control,control,1,0,0,12.340000000000002,0.10823666666666665,630000,6733776
1456,115135,76,pair_006_n3_006_control,control,1,0,0,12.500000000000002,0.10810999999999998,630000,6738640
1457,115217,82,pair_011_n5_011_conflict,conflict,1,0,0,12.440000000000001,0.10797333333333331,630000,6743888
1458,115293,76,pair_006_n3_006_conflict,conflict,1,0,0,12.500000000000002,0.10784666666666665,630000,6748752
1459,115376,83,pair_001_n5_001_conflict,conflict,1,0,0,12.430000000000001,0.10770833333333332,630000,6754064
1460,115449,73,pair_003_n5_003_conflict,conflict,1,0,0,12.530000000000001,0.10758666666666666,630000,6758736
1461,115515,66,pair_017_n5_017_conflict,conflict,1,0,0,12.600000000000001,0.10747666666666666,630000,6762960
1462,115592,77,pair_005_n5_005_control,control,1,0,0,12.490000000000002,0.10734833333333332,630000,6767888
1463,115670,78,pair_002_n5_002_control,control,1,0,0,12.48,0.10721833333333333,630000,6772880
1464,115749,79,pair_012_n3_012_conflict,conflict,1,0,0,12.470000000000002,0.10708666666666666,630000,6777936
1465,115830,81,pair_008_n3_008_control,control,1,0,0,12.450000000000001,0.10695166666666667,630000,6783120
1466,115901,71,pair_010_n3_010_conflict,conflict,1,0,0,12.55,0.10683333333333334,630000,6787664
1467,115971,70,pair_014_n5_014_conflict,conflict,1,0,0,12.560000000000002,0.10671666666666665,630000,6792144
1468,116043,72,pair_000_n3_000_control,control,1,0,0,12.540000000000001,0.10659666666666665,630000,6796752
1469,116116,73,pair_011_n5_011_control,control,1,0,0,12.530000000000001,0.10647499999999999,630000,6801424
1470,116192,76,pair_007_n5_007_control,control,1,0,0,12.500000000000002,0.10634833333333332,630000,6806288
1471,116267,75,pair_005_n3_005_conflict,conflict,1,0,0,12.510000000000002,0.10622333333333331,630000,6811088
1472,116342,75,pair_016_n3_016_conflict,conflict,1,0,0,12.510000000000002,0.10609833333333332,630000,6815888
1473,116422,80,pair_011_n3_011_control,control,1,0,0,12.46,0.10596499999999998,630000,6821008
1474,116497,75,pair_010_n5_010_conflict,conflict,1,0,0,12.510000000000002,0.10583999999999999,630000,6825808
1475,116585,88,pair_000_n3_000_conflict,conflict,1,0,0,12.380000000000003,0.10569333333333333,630000,6831440
1476,116589,4,pair_016_n5_016_control,control,0,1,0,-0.9299999999999999,0.10568666666666665,630000,6831696
1477,116661,72,pair_009_n5_009_control,control,1,0,0,12.540000000000001,0.10556666666666664,630000,6836304
1478,116733,72,pair_011_n3_011_conflict,conflict,1,0,0,12.540000000000001,0.10544666666666666,630000,6840912
1479,116801,68,pair_004_n5_004_control,control,1,0,0,12.580000000000002,0.10533333333333333,630000,6845264
1480,116873,72,pair_007_n3_007_control,control,1,0,0,12.540000000000001,0.10521333333333333,630000,6849872
1481,116942,69,pair_002_n5_002_conflict,conflict,1,0,0,12.570000000000002,0.10509833333333332,630000,6854288
1482,117019,77,pair_015_n3_015_conflict,conflict,1,0,0,12.490000000000002,0.10496999999999998,630000,6859216
1483,117022,3,pair_015_n3_015_control,control,0,1,0,-0.97,0.104965,630000,6859408
1484,117097,75,pair_004_n3_004_control,control,1,0,0,12.510000000000002,0.10483999999999999,630000,6864208
1485,117173,76,pair_006_n5_006_control,control,1,0,0,12.500000000000002,0.10471333333333332,630000,6869072
1486,117191,18,pair_012_n5_012_control,control,0,1,0,-0.62,0.10468333333333332,630000,6870224
1487,117273,82,pair_003_n3_003_conflict,conflict,1,0,0,12.440000000000001,0.10454666666666665,630000,6875472
1488,117344,71,pair_004_n3_004_conflict,conflict,1,0,0,12.55,0.10442833333333332,630000,6880016
1489,117418,74,pair_016_n5_016_conflict,conflict,1,0,0,12.520000000000001,0.10430499999999998,630000,6884752
1490,117495,77,pair_009_n5_009_conflict,conflict,1,0,0,12.490000000000002,0.10417666666666667,630000,6889680
1491,117572,77,pair_013_n3_013_control,control,1,0,0,12.490000000000002,0.10404833333333333,630000,6894608
1492,117576,4,pair_017_n5_017_control,control,0,1,0,-0.88,0.10404166666666664,630000,6894864
1493,117657,81,pair_002_n3_002_conflict,conflict,1,0,0,12.450000000000001,0.10390666666666665,630000,6900048
1494,117736,79,pair_016_n3_016_control,control,1,0,0,12.470000000000002,0.10377499999999998,630000,6905104
1495,117740,4,pair_017_n3_017_control,control,0,1,0,-0.88,0.10376833333333332,630000,6905360
1496,117742,2,pair_007_n5_007_conflict,conflict,0,1,0,-0.96,0.103765,630000,6905488
1497,117826,84,pair_005_n3_005_control,control,1,0,0,12.420000000000002,0.103625,630000,6910864
1498,117901,75,pair_013_n3_013_conflict,conflict,1,0,0,12.510000000000002,0.10349999999999998,630000,6915664
1499,117982,81,pair_015_n5_015_control,control,1,0,0,12.450000000000001,0.10336499999999998,630000,6920848
1500,118058,76,pair_009_n3_009_conflict,conflict,1,0,0,12.500000000000002,0.10323833333333332,630000,6925712
1501,118134,76,pair_013_n5_013_conflict,conflict,1,0,0,12.500000000000002,0.10311166666666666,630000,6930576
1502,118206,72,pair_000_n5_000_control,control,1,0,0,12.540000000000003,0.10299166666666665,630000,6935184
1503,118278,72,pair_003_n5_003_control,control,1,0,0,12.540000000000001,0.10287166666666667,630000,6939792
1504,118349,71,pair_008_n3_008_conflict,conflict,1,0,0,12.550000000000002,0.10275333333333334,630000,6944336
1505,118422,73,pair_014_n5_014_control,control,1,0,0,12.530000000000001,0.10263166666666665,630000,6949008
1506,118496,74,pair_015_n5_015_conflict,conflict,1,0,0,12.520000000000001,0.10250833333333331,630000,6953744
1507,118634,138,pair_005_n5_005_conflict,conflict,1,0,0,11.88,0.10227833333333333,630000,6962576
1508,118712,78,pair_009_n3_009_control,control,1,0,0,12.48,0.10214833333333331,630000,6967568
1509,118787,75,pair_010_n5_010_control,control,1,0,0,12.510000000000002,0.10202333333333333,630000,6972368
1510,118855,68,pair_012_n3_012_control,control,1,0,0,12.580000000000002,0.10191,630000,6976720
1511,118927,72,pair_008_n5_008_control,control,1,0,0,12.540000000000001,0.10178999999999999,630000,6981328
1512,119005,78,pair_015_n3_015_control,control,1,0,0,12.48,0.10166,630000,6986320
1513,119079,74,pair_016_n3_016_control,control,1,0,0,12.520000000000001,0.10153666666666666,630000,6991056
1514,119150,71,pair_004_n5_004_conflict,conflict,1,0,0,12.55,0.10141833333333333,630000,6995600
1515,119223,73,pair_005_n3_005_control,control,1,0,0,12.530000000000001,0.10129666666666665,630000,7000272
1516,119297,74,pair_007_n3_007_control,control,1,0,0,12.520000000000001,0.10117333333333331,630000,7005008
1517,119371,74,pair_000_n3_000_control,control,1,0,0,12.520000000000001,0.10105,630000,7009744
1518,119450,79,pair_001_n3_001_conflict,conflict,1,0,0,12.470000000000002,0.10091833333333333,630000,7014800
1519,119523,73,pair_011_n3_011_control,control,1,0,0,12.530000000000001,0.10079666666666665,630000,7019472
1520,119606,83,pair_010_n3_010_control,control,1,0,0,12.430000000000001,0.10065833333333332,630000,7024784
1521,119683,77,pair_010_n3_010_conflict,conflict,1,0,0,12.490000000000002,0.10052999999999998,630000,7029712
1522,119756,73,pair_008_n5_008_control,control,1,0,0,12.530000000000001,0.10040833333333332,630000,7034384
1523,119826,70,pair_011_n5_011_conflict,conflict,1,0,0,12.560000000000002,0.10029166666666667,630000,7038864
1524,119903,77,pair_001_n5_001_conflict,conflict,1,0,0,12.490000000000002,0.10016333333333333,630000,7043792
1525,119974,71,pair_013_n3_013_control,control,1,0,0,12.55,0.100045,630000,7048336
1526,120050,76,pair_004_n3_004_conflict,conflict,1,0,0,12.500000000000002,0.09991833333333333,630000,7053200
1527,120134,84,pair_003_n3_003_conflict,conflict,1,0,0,12.420000000000002,0.09977833333333333,630000,7058576
1528,120202,68,pair_007_n5_007_control,control,1,0,0,12.580000000000002,0.09966499999999998,630000,7062928
1529,120268,66,pair_016_n5_016_control,control,1,0,0,12.600000000000001,0.09955499999999998,630000,7067152
1530,120346,78,pair_012_n5_012_control,control,1,0,0,12.480000000000002,0.09942499999999999,630000,7072144
1531,120417,71,pair_002_n3_002_control,control,1,0,0,12.55,0.09930666666666665,630000,7076688
1532,120490,73,pair_016_n3_016_conflict,conflict,1,0,0,12.530000000000001,0.099185,630000,7081360
1533,120561,71,pair_010_n5_010_control,control,1,0,0,12.55,0.09906666666666666,630000,7085904
1534,120636,75,pair_000_n5_000_conflict,conflict,1,0,0,12.510000000000002,0.09894166666666665,630000,7090704
1535,120641,5,pair_017_n3_017_conflict,conflict,0,1,0,-0.84,0.09893333333333332,630000,7091024
1536,120709,68,pair_006_n5_006_control,control,1,0,0,12.580000000000002,0.09881999999999999,630000,7095376
1537,120791,82,pair_008_n3_008_control,control,1,0,0,12.440000000000001,0.09868333333333332,630000,7100624
1538,120864,73,pair_000_n3_000_conflict,conflict,0,1,0,1.4800000000000013,0.09856166666666666,630000,7105296
1539,120938,74,pair_017_n5_017_conflict,conflict,1,0,0,12.520000000000001,0.09843833333333332,630000,7110032
1540,121022,84,pair_005_n3_005_conflict,conflict,1,0,0,12.420000000000002,0.09829833333333332,630000,7115408
1541,121098,76,pair_011_n5_011_control,control,1,0,0,12.500000000000002,0.09817166666666666,630000,7120272
1542,121165,67,pair_011_n3_011_conflict,conflict,1,0,0,12.590000000000002,0.09805999999999998,630000,7124560
1543,121239,74,pair_014_n3_014_conflict,conflict,1,0,0,12.520000000000001,0.09793666666666664,630000,7129296
1544,121317,78,pair_013_n5_013_control,control,1,0,0,12.48,0.09780666666666665,630000,7134288
1545,121387,70,pair_003_n5_003_conflict,conflict,1,0,0,12.560000000000002,0.09769,630000,7138768
1546,121464,77,pair_012_n5_012_conflict,conflict,1,0,0,12.490000000000002,0.09756166666666666,630000,7143696
1547,121534,70,pair_014_n5_014_conflict,conflict,1,0,0,12.560000000000002,0.09744499999999998,630000,7148176
1548,121614,80,pair_006_n5_006_conflict,conflict,1,0,0,12.46,0.09731166666666666,630000,7153296
1549,121685,71,pair_015_n3_015_conflict,conflict,1,0,0,12.55,0.09719333333333333,630000,7157840
1550,121763,78,pair_012_n3_012_control,control,1,0,0,12.480000000000002,0.09706333333333333,630000,7162832
1551,121844,81,pair_007_n5_007_conflict,conflict,1,0,0,12.450000000000001,0.09692833333333331,630000,7168016
1552,121913,69,pair_003_n3_003_control,control,1,0,0,12.570000000000002,0.09681333333333333,630000,7172432
1553,121986,73,pair_002_n5_002_conflict,conflict,1,0,0,12.530000000000001,0.09669166666666665,630000,7177104
1554,122074,88,pair_015_n5_015_control,control,1,0,0,12.38,0.09654499999999999,630000,7182736
1555,122146,72,pair_013_n5_013_conflict,conflict,1,0,0,12.540000000000001,0.09642499999999998,630000,7187344
1556,122218,72,pair_004_n3_004_control,control,1,0,0,12.540000000000003,0.096305,630000,7191952
1557,122222,4,pair_009_n5_009_control,control,0,1,0,-0.88,0.09629833333333332,630000,7192208
1558,122291,69,pair_016_n5_016_conflict,conflict,1,0,0,12.570000000000002,0.09618333333333332,630000,7196624
1559,122360,69,pair_001_n3_001_control,control,1,0,0,12.570000000000002,0.09606833333333331,630000,7201040
1560,122434,74,pair_008_n3_008_conflict,conflict,1,0,0,12.520000000000001,0.095945,630000,7205776
1561,122436,2,pair_012_n3_012_conflict,conflict,0,1,0,-0.96,0.09594166666666665,630000,7205904
1562,122510,74,pair_006_n3_006_conflict,conflict,1,0,0,12.520000000000001,0.09581833333333331,630000,7210640
1563,122581,71,pair_010_n5_010_conflict,conflict,1,0,0,12.55,0.09569999999999998,630000,7215184
1564,122658,77,pair_000_n5_000_control,control,1,0,0,12.490000000000002,0.09557166666666667,630000,7220112
1565,122728,70,pair_015_n5_015_conflict,conflict,1,0,0,12.560000000000002,0.09545499999999998,630000,7224592
1566,122803,75,pair_004_n5_004_control,control,1,0,0,12.510000000000002,0.09533,630000,7229392
1567,122891,88,pair_017_n3_017_control,control,1,0,0,12.38,0.09518333333333331,630000,7235024
1568,122966,75,pair_001_n5_001_control,control,1,0,0,12.510000000000002,0.09505833333333333,630000,7239824
1569,123047,81,pair_014_n3_014_control,control,1,0,0,12.450000000000001,0.09492333333333333,630000,7245008
1570,123117,70,pair_014_n5_014_control,control,1,0,0,12.560000000000002,0.09480666666666665,630000,7249488
1571,123195,78,pair_007_n3_007_conflict,conflict,1,0,0,12.48,0.09467666666666666,630000,7254480
1572,123275,80,pair_002_n3_002_conflict,conflict,1,0,0,12.46,0.09454333333333331,630000,7259600
1573,123352,77,pair_009_n3_009_control,control,1,0,0,12.490000000000002,0.094415,630000,7264528
1574,123427,75,pair_005_n5_005_control,control,1,0,0,12.510000000000002,0.09428999999999998,630000,7269328
1575,123502,75,pair_009_n3_009_conflict,conflict,1,0,0,12.510000000000002,0.094165,630000,7274128
1576,123582,80,pair_008_n5_008_conflict,conflict,1,0,0,12.46,0.09403166666666665,630000,7279248
1577,123648,66,pair_003_n5_003_control,control,1,0,0,12.600000000000001,0.09392166666666665,630000,7283472
1578,123718,70,pair_013_n3_013_conflict,conflict,1,0,0,12.560000000000002,0.093805,630000,7287952
1579,123794,76,pair_009_n5_009_conflict,conflict,1,0,0,12.500000000000002,0.09367833333333334,630000,7292816
1580,123869,75,pair_017_n5_017_control,control,1,0,0,12.510000000000002,0.09355333333333332,630000,7297616
1581,123943,74,pair_002_n5_002_control,control,1,0,0,12.520000000000001,0.09342999999999999,630000,7302352
1582,124023,80,pair_005_n5_005_conflict,conflict,1,0,0,12.46,0.09329666666666667,630000,7307472
1583,124094,71,pair_006_n3_006_control,control,1,0,0,12.55,0.09317833333333334,630000,7312016
1584,124167,73,pair_013_n5_013_conflict,conflict,1,0,0,12.530000000000001,0.09305666666666665,630000,7316688
1585,124241,74,pair_003_n3_003_control,control,1,0,0,12.520000000000001,0.09293333333333331,630000,7321424
1586,124316,75,pair_010_n3_010_control,control,1,0,0,12.510000000000002,0.09280833333333333,630000,7326224
1587,124385,69,pair_016_n5_016_control,control,1,0,0,12.570000000000002,0.09269333333333332,630000,7330640
1588,124462,77,pair_005_n3_005_control,control,1,0,0,12.490000000000002,0.09256499999999998,630000,7335568
1589,124546,84,pair_008_n3_008_conflict,conflict,1,0,0,12.420000000000002,0.09242499999999998,630000,7340944
1590,124619,73,pair_003_n5_003_conflict,conflict,1,0,0,12.530000000000001,0.09230333333333332,630000,7345616
1591,124697,78,pair_015_n5_015_conflict,conflict,1,0,0,12.48,0.09217333333333333,630000,7350608
1592,124772,75,pair_004_n3_004_conflict,conflict,1,0,0,12.510000000000002,0.09204833333333332,630000,7355408
1593,124844,72,pair_012_n5_012_control,control,1,0,0,12.540000000000003,0.09192833333333333,630000,7360016
1594,124910,66,pair_010_n5_010_control,control,1,0,0,12.600000000000001,0.09181833333333334,630000,7364240
1595,124980,70,pair_017_n3_017_conflict,conflict,1,0,0,12.560000000000002,0.09170166666666665,630000,7368720
1596,125054,74,pair_005_n5_005_control,control,1,0,0,12.520000000000001,0.09157833333333332,630000,7373456
1597,125130,76,pair_006_n3_006_conflict,conflict,1,0,0,12.500000000000002,0.09145166666666665,630000,7378320
1598,125204,74,pair_002_n3_002_control,control,1,0,0,12.520000000000001,0.09132833333333332,630000,7383056
1599,125274,70,pair_009_n3_009_control,control,1,0,0,12.560000000000002,0.09121166666666666,630000,7387536
1600,125344,70,pair_006_n5_006_conflict,conflict,1,0,0,12.560000000000002,0.09109499999999998,630000,7392016
1601,125414,70,pair_008_n5_008_control,control,1,0,0,12.560000000000002,0.09097833333333333,630000,7396496
1602,125488,74,pair_003_n3_003_conflict,conflict,1,0,0,12.520000000000001,0.09085499999999999,630000,7401232
1603,125559,71,pair_015_n3_015_conflict,conflict,1,0,0,12.55,0.09073666666666666,630000,7405776
1604,125631,72,pair_000_n5_000_conflict,conflict,1,0,0,12.540000000000001,0.09061666666666665,630000,7410384
1605,125710,79,pair_010_n3_010_conflict,conflict,1,0,0,12.470000000000002,0.09048499999999998,630000,7415440
1606,125790,80,pair_010_n5_010_conflict,conflict,1,0,0,12.46,0.09035166666666666,630000,7420560
1607,125860,70,pair_011_n5_011_conflict,conflict,1,0,0,12.560000000000002,0.09023499999999998,630000,7425040
1608,125935,75,pair_006_n3_006_control,control,1,0,0,12.510000000000002,0.09011,630000,7429840
1609,126005,70,pair_011_n5_011_control,control,1,0,0,12.560000000000002,0.08999333333333331,630000,7434320
1610,126081,76,pair_017_n3_017_control,control,1,0,0,12.500000000000002,0.08986666666666665,630000,7439184
1611,126151,70,pair_016_n3_016_control,control,1,0,0,12.560000000000002,0.08975,630000,7443664
1612,126153,2,pair_013_n3_013_conflict,conflict,0,1,0,-0.96,0.08974666666666667,630000,7443792
1613,126158,5,pair_005_n3_005_conflict,conflict,0,1,0,-0.84,0.08973833333333331,630000,7444112
1614,126235,77,pair_000_n3_000_conflict,conflict,1,0,0,12.490000000000002,0.08961,630000,7449040
1615,126265,30,pair_016_n5_016_conflict,conflict,0,1,0,-0.5900000000000002,0.08956,630000,7450960
1616,126269,4,pair_016_n3_016_conflict,conflict,0,1,0,-0.88,0.08955333333333332,630000,7451216
1617,126343,74,pair_013_n3_013_control,control,1,0,0,12.520000000000001,0.08942999999999998,630000,7455952
1618,126419,76,pair_007_n5_007_control,control,1,0,0,12.500000000000002,0.08930333333333332,630000,7460816
1619,126493,74,pair_002_n5_002_conflict,conflict,1,0,0,12.520000000000001,0.08917999999999998,630000,7465552
1620,126564,71,pair_011_n3_011_control,control,1,0,0,12.55,0.08906166666666665,630000,7470096
1621,126652,88,pair_014_n5_014_conflict,conflict,1,0,0,12.38,0.088915,630000,7475728
1622,126736,84,pair_002_n5_002_control,control,1,0,0,12.420000000000002,0.08877499999999999,630000,7481104
1623,126813,77,pair_006_n5_006_control,control,1,0,0,12.490000000000002,0.08864666666666665,630000,7486032
1624,126887,74,pair_011_n3_011_conflict,conflict,1,0,0,12.520000000000001,0.08852333333333331,630000,7490768
1625,126960,73,pair_014_n3_014_conflict,conflict,1,0,0,12.530000000000001,0.08840166666666666,630000,7495440
1626,126962,2,pair_015_n5_015_control,control,0,1,0,-0.96,0.08839833333333333,630000,7495568
1627,127035,73,pair_005_n5_005_conflict,conflict,0,1,0,1.4800000000000018,0.08827666666666664,630000,7500240
1628,127040,5,pair_017_n5_017_control,control,0,1,0,-0.84,0.08826833333333331,630000,7500560
1629,127064,24,pair_014_n5_014_control,control,0,1,0,-0.5300000000000001,0.08822833333333333,630000,7502096
1630,127132,68,pair_001_n3_001_conflict,conflict,1,0,0,12.580000000000002,0.088115,630000,7506448
1631,127203,71,pair_008_n3_008_control,control,1,0,0,12.55,0.08799666666666667,630000,7510992
1632,127276,73,pair_015_n3_015_control,control,1,0,0,12.530000000000001,0.08787499999999998,630000,7515664
1633,127352,76,pair_004_n5_004_conflict,conflict,1,0,0,12.500000000000002,0.08774833333333332,630000,7520528
1634,127431,79,pair_017_n5_017_conflict,conflict,1,0,0,12.470000000000002,0.08761666666666665,630000,7525584
1635,127499,68,pair_007_n3_007_conflict,conflict,1,0,0,12.580000000000002,0.08750333333333332,630000,7529936
1636,127572,73,pair_004_n3_004_control,control,1,0,0,12.530000000000001,0.08738166666666666,630000,7534608
1637,127644,72,pair_007_n5_007_conflict,conflict,1,0,0,12.540000000000001,0.08726166666666665,630000,7539216
1638,127720,76,pair_007_n3_007_control,control,1,0,0,12.500000000000002,0.08713499999999999,630000,7544080
1639,127795,75,pair_001_n3_001_control,control,1,0,0,12.510000000000002,0.08700999999999998,630000,7548880
1640,127871,76,pair_009_n5_009_control,control,1,0,0,12.500000000000002,0.08688333333333331,630000,7553744
1641,127955,84,pair_013_n5_013_control,control,1,0,0,12.420000000000002,0.08674333333333331,630000,7559120
1642,128027,72,pair_009_n3_009_conflict,conflict,1,0,0,12.540000000000001,0.08662333333333333,630000,7563728
1643,128103,76,pair_012_n3_012_conflict,conflict,1,0,0,12.500000000000002,0.08649666666666667,630000,7568592
1644,128177,74,pair_003_n5_003_control,control,1,0,0,12.520000000000001,0.08637333333333333,630000,7573328
1645,128249,72,pair_000_n3_000_control,control,1,0,0,12.540000000000001,0.08625333333333332,630000,7577936
1646,128323,74,pair_002_n3_002_conflict,conflict,1,0,0,12.520000000000001,0.08612999999999998,630000,7582672
1647,128397,74,pair_001_n5_001_control,control,1,0,0,12.520000000000001,0.08600666666666665,630000,7587408
1648,128468,71,pair_000_n5_000_control,control,1,0,0,12.55,0.08588833333333332,630000,7591952
1649,128540,72,pair_004_n5_004_control,control,1,0,0,12.540000000000001,0.08576833333333334,630000,7596560
1650,128612,72,pair_001_n5_001_conflict,conflict,1,0,0,12.540000000000001,0.08564833333333333,630000,7601168
1651,128685,73,pair_008_n5_008_conflict,conflict,1,0,0,12.530000000000001,0.08552666666666667,630000,7605840
1652,128769,84,pair_012_n5_012_conflict,conflict,1,0,0,12.420000000000002,0.08538666666666667,630000,7611216
1653,128846,77,pair_009_n5_009_conflict,conflict,1,0,0,12.490000000000002,0.08525833333333332,630000,7616144
1654,128915,69,pair_014_n3_014_control,control,1,0,0,12.570000000000002,0.08514333333333332,630000,7620560
1655,128986,71,pair_012_n3_012_control,control,1,0,0,12.55,0.08502499999999999,630000,7625104
1656,129058,72,pair_011_n5_011_control,control,1,0,0,12.540000000000003,0.08490499999999998,630000,7629712
1657,129131,73,pair_004_n5_004_control,control,1,0,0,12.530000000000001,0.08478333333333332,630000,7634384
1658,129204,73,pair_009_n3_009_conflict,conflict,1,0,0,12.530000000000001,0.08466166666666666,630000,7639056
1659,129275,71,pair_002_n5_002_conflict,conflict,1,0,0,12.55,0.08454333333333333,630000,7643600
1660,129346,71,pair_002_n3_002_conflict,conflict,1,0,0,12.55,0.084425,630000,7648144
1661,129414,68,pair_006_n5_006_control,control,1,0,0,12.580000000000002,0.08431166666666665,630000,7652496
1662,129483,69,pair_008_n3_008_conflict,conflict,1,0,0,12.570000000000002,0.08419666666666664,630000,7656912
1663,129557,74,pair_015_n3_015_control,control,1,0,0,12.520000000000001,0.08407333333333333,630000,7661648
1664,129633,76,pair_005_n3_005_conflict,conflict,1,0,0,12.500000000000002,0.08394666666666667,630000,7666512
1665,129648,15,pair_006_n3_006_conflict,conflict,0,1,0,-0.54,0.08392166666666664,630000,7667472
1666,129720,72,pair_013_n5_013_control,control,1,0,0,12.540000000000001,0.08380166666666666,630000,7672080
1667,129787,67,pair_010_n3_010_conflict,conflict,1,0,0,12.590000000000002,0.08368999999999999,630000,7676368
1668,129858,71,pair_011_n5_011_conflict,conflict,1,0,0,12.55,0.08357166666666666,630000,7680912
1669,129929,71,pair_017_n5_017_control,control,1,0,0,12.55,0.08345333333333332,630000,7685456
1670,130002,73,pair_002_n3_002_control,control,1,0,0,12.530000000000001,0.08333166666666666,630000,7690128
1671,130078,76,pair_016_n3_016_conflict,conflict,1,0,0,12.500000000000002,0.083205,630000,7694992
1672,130093,15,pair_014_n5_014_control,control,0,1,0,-0.54,0.08317999999999998,630000,7695952
1673,130163,70,pair_007_n5_007_conflict,conflict,1,0,0,12.560000000000002,0.08306333333333332,630000,7700432
1674,130235,72,pair_004_n3_004_conflict,conflict,1,0,0,12.540000000000001,0.08294333333333331,630000,7705040
1675,130302,67,pair_013_n5_013_conflict,conflict,1,0,0,12.590000000000002,0.08283166666666666,630000,7709328
1676,130382,80,pair_005_n3_005_control,control,1,0,0,12.46,0.08269833333333332,630000,7714448
1677,130458,76,pair_007_n3_007_conflict,conflict,1,0,0,12.500000000000002,0.08257166666666665,630000,7719312
1678,130538,80,pair_017_n5_017_conflict,conflict,1,0,0,12.46,0.08243833333333334,630000,7724432
1679,130616,78,pair_014_n3_014_control,control,1,0,0,12.48,0.08230833333333332,630000,7729424
1680,130683,67,pair_001_n5_001_conflict,conflict,1,0,0,12.590000000000002,0.08219666666666667,630000,7733712
1681,130757,74,pair_010_n3_010_control,control,1,0,0,12.520000000000001,0.08207333333333333,630000,7738448
1682,130828,71,pair_004_n3_004_control,control,1,0,0,12.55,0.081955,630000,7742992
1683,130902,74,pair_016_n3_016_control,control,1,0,0,12.520000000000001,0.08183166666666666,630000,7747728
1684,130980,78,pair_017_n3_017_control,control,1,0,0,12.480000000000002,0.08170166666666664,630000,7752720
1685,131052,72,pair_008_n3_008_control,control,1,0,0,12.540000000000001,0.08158166666666666,630000,7757328
1686,131124,72,pair_011_n3_011_control,control,1,0,0,12.540000000000001,0.08146166666666665,630000,7761936
1687,131196,72,pair_002_n5_002_control,control,1,0,0,12.540000000000001,0.08134166666666665,630000,7766544
1688,131269,73,pair_008_n5_008_conflict,conflict,1,0,0,12.530000000000001,0.08121999999999999,630000,7771216
1689,131335,66,pair_012_n5_012_conflict,conflict,1,0,0,12.600000000000001,0.08110999999999999,630000,7775440
1690,131407,72,pair_005_n5_005_conflict,conflict,1,0,0,12.540000000000001,0.08098999999999998,630000,7780048
1691,131479,72,pair_009_n3_009_control,control,1,0,0,12.540000000000001,0.08087,630000,7784656
1692,131549,70,pair_014_n5_014_conflict,conflict,1,0,0,12.560000000000002,0.08075333333333332,630000,7789136
1693,131623,74,pair_017_n3_017_conflict,conflict,1,0,0,12.520000000000001,0.08062999999999998,630000,7793872
1694,131695,72,pair_001_n5_001_control,control,1,0,0,12.540000000000001,0.08051,630000,7798480
1695,131774,79,pair_012_n5_012_control,control,1,0,0,12.470000000000002,0.08037833333333333,630000,7803536
1696,131853,79,pair_011_n3_011_conflict,conflict,1,0,0,12.470000000000002,0.08024666666666666,630000,7808592
1697,131929,76,pair_000_n3_000_control,control,1,0,0,12.500000000000002,0.08012,630000,7813456
1698,132002,73,pair_003_n3_003_conflict,conflict,1,0,0,12.530000000000001,0.07999833333333331,630000,7818128
1699,132075,73,pair_007_n5_007_control,control,1,0,0,12.530000000000001,0.07987666666666665,630000,7822800
1700,132149,74,pair_009_n5_009_conflict,conflict,1,0,0,12.520000000000001,0.07975333333333331,630000,7827536
1701,132227,78,pair_000_n5_000_conflict,conflict,1,0,0,12.48,0.07962333333333332,630000,7832528
1702,132293,66,pair_015_n3_015_conflict,conflict,1,0,0,12.600000000000001,0.07951333333333332,630000,7836752
1703,132365,72,pair_013_n3_013_conflict,conflict,1,0,0,12.540000000000001,0.07939333333333332,630000,7841360
1704,132369,4,pair_012_n3_012_conflict,conflict,0,1,0,-0.88,0.07938666666666666,630000,7841616
1705,132442,73,pair_016_n5_016_conflict,conflict,1,0,0,12.530000000000001,0.079265,630000,7846288
1706,132511,69,pair_007_n3_007_control,control,1,0,0,12.570000000000002,0.07915,630000,7850704
1707,132593,82,pair_004_n5_004_conflict,conflict,1,0,0,12.440000000000001,0.07901333333333332,630000,7855952
1708,132665,72,pair_015_n5_015_control,control,1,0,0,12.540000000000003,0.07889333333333332,630000,7860560
1709,132734,69,pair_006_n3_006_control,control,1,0,0,12.570000000000002,0.07877833333333331,630000,7864976
1710,132807,73,pair_000_n5_000_control,control,1,0,0,12.530000000000001,0.07865666666666665,630000,7869648
1711,132886,79,pair_009_n5_009_control,control,1,0,0,12.470000000000002,0.07852499999999998,630000,7874704
1712,132960,74,pair_016_n5_016_control,control,1,0,0,12.520000000000001,0.07840166666666665,630000,7879440
1713,133033,73,pair_013_n3_013_control,control,1,0,0,12.530000000000001,0.07827999999999999,630000,7884112
1714,133111,78,pair_008_n5_008_control,control,1,0,0,12.480000000000002,0.07815,630000,7889104
1715,133179,68,pair_001_n3_001_conflict,conflict,1,0,0,12.580000000000002,0.07803666666666664,630000,7893456
1716,133247,68,pair_000_n3_000_conflict,conflict,1,0,0,12.580000000000002,0.07792333333333332,630000,7897808
1717,133323,76,pair_010_n5_010_control,control,1,0,0,12.500000000000002,0.07779666666666665,630000,7902672
1718,133398,75,pair_010_n5_010_conflict,conflict,1,0,0,12.510000000000002,0.07767166666666667,630000,7907472
1719,133466,68,pair_006_n5_006_conflict,conflict,1,0,0,12.580000000000002,0.07755833333333331,630000,7911824
1720,133538,72,pair_015_n5_015_conflict,conflict,1,0,0,12.540000000000001,0.07743833333333333,630000,7916432
1721,133607,69,pair_001_n3_001_control,control,1,0,0,12.570000000000002,0.07732333333333333,630000,7920848
1722,133676,69,pair_003_n5_003_control,control,1,0,0,12.570000000000002,0.07720833333333332,630000,7925264
1723,133754,78,pair_003_n5_003_conflict,conflict,0,1,0,1.4300000000000015,0.07707833333333333,630000,7930256
1724,133823,69,pair_012_n3_012_control,control,1,0,0,12.570000000000002,0.07696333333333333,630000,7934672
1725,133901,78,pair_003_n3_003_control,control,1,0,0,12.48,0.07683333333333331,630000,7939664
1726,133969,68,pair_005_n5_005_control,control,1,0,0,12.580000000000002,0.07671999999999998,630000,7944016
1727,134050,81,pair_014_n3_014_conflict,conflict,1,0,0,12.450000000000001,0.07658499999999999,630000,7949200
1728,134130,80,pair_015_n5_015_control,control,1,0,0,12.46,0.07645166666666667,630000,7954320
1729,134203,73,pair_002_n3_002_conflict,conflict,1,0,0,12.530000000000001,0.07632999999999998,630000,7958992
1730,134273,70,pair_010_n5_010_conflict,conflict,1,0,0,12.560000000000002,0.07621333333333333,630000,7963472
1731,134349,76,pair_009_n5_009_conflict,conflict,1,0,0,12.500000000000002,0.07608666666666666,630000,7968336
1732,134421,72,pair_013_n3_013_conflict,conflict,1,0,0,12.540000000000001,0.07596666666666665,630000,7972944
1733,134494,73,pair_010_n5_010_control,control,1,0,0,12.530000000000001,0.075845,630000,7977616
1734,134570,76,pair_016_n3_016_conflict,conflict,1,0,0,12.500000000000002,0.07571833333333333,630000,7982480
1735,134646,76,pair_014_n3_014_conflict,conflict,1,0,0,12.500000000000002,0.07559166666666667,630000,7987344
1736,134712,66,pair_009_n3_009_control,control,1,0,0,12.600000000000001,0.07548166666666667,630000,7991568
1737,134784,72,pair_011_n3_011_control,control,1,0,0,12.540000000000001,0.07536166666666666,630000,7996176
1738,134812,28,pair_015_n5_015_conflict,conflict,0,1,0,-0.5200000000000002,0.075315,630000,7997968
1739,134885,73,pair_011_n5_011_conflict,conflict,1,0,0,12.530000000000001,0.07519333333333333,630000,8002640
1740,134953,68,pair_011_n5_011_control,control,1,0,0,12.580000000000002,0.07507999999999998,630000,8006992
1741,135028,75,pair_000_n5_000_control,control,1,0,0,12.510000000000002,0.074955,630000,8011792
1742,135102,74,pair_000_n3_000_control,control,1,0,0,12.520000000000001,0.07483166666666666,630000,8016528
1743,135174,72,pair_006_n3_006_control,control,1,0,0,12.540000000000001,0.07471166666666665,630000,8021136
1744,135244,70,pair_012_n5_012_control,control,1,0,0,12.560000000000002,0.074595,630000,8025616
1745,135319,75,pair_005_n3_005_conflict,conflict,1,0,0,12.510000000000002,0.07446999999999998,630000,8030416
1746,135394,75,pair_009_n5_009_control,control,1,0,0,12.510000000000002,0.074345,630000,8035216
1747,135464,70,pair_008_n3_008_conflict,conflict,1,0,0,12.560000000000002,0.07422833333333331,630000,8039696
1748,135532,68,pair_005_n5_005_control,control,1,0,0,12.580000000000002,0.07411499999999999,630000,8044048
1749,135600,68,pair_016_n5_016_conflict,conflict,1,0,0,12.580000000000002,0.07400166666666666,630000,8048400
1750,135671,71,pair_004_n5_004_control,control,1,0,0,12.55,0.07388333333333333,630000,8052944
1751,135752,81,pair_003_n3_003_control,control,1,0,0,12.450000000000001,0.07374833333333333,630000,8058128
1752,135823,71,pair_004_n3_004_conflict,conflict,1,0,0,12.55,0.07363,630000,8062672
1753,135900,77,pair_010_n3_010_conflict,conflict,1,0,0,12.490000000000002,0.07350166666666666,630000,8067600
1754,135989,89,pair_002_n5_002_conflict,conflict,1,0,0,12.370000000000001,0.07335333333333333,630000,8073296
1755,136057,68,pair_000_n3_000_conflict,conflict,1,0,0,12.580000000000002,0.07324,630000,8077648
1756,136140,83,pair_015_n3_015_conflict,conflict,1,0,0,12.430000000000001,0.07310166666666665,630000,8082960
1757,136207,67,pair_010_n3_010_control,control,1,0,0,12.590000000000002,0.07299,630000,8087248
1758,136212,5,pair_014_n5_014_control,control,0,1,0,-0.84,0.07298166666666667,630000,8087568
1759,136288,76,pair_004_n3_004_control,control,1,0,0,12.500000000000002,0.07285499999999998,630000,8092432
1760,136290,2,pair_014_n3_014_control,control,0,1,0,-0.96,0.07285166666666665,630000,8092560
1761,136361,71,pair_012_n5_012_conflict,conflict,1,0,0,12.55,0.07273333333333332,630000,8097104
1762,136432,71,pair_008_n5_008_control,control,1,0,0,12.55,0.07261499999999999,630000,8101648
1763,136510,78,pair_011_n3_011_conflict,conflict,1,0,0,12.48,0.072485,630000,8106640
1764,136587,77,pair_017_n5_017_conflict,conflict,1,0,0,12.490000000000002,0.07235666666666665,630000,8111568
1765,136664,77,pair_002_n3_002_control,control,1,0,0,12.490000000000002,0.07222833333333331,630000,8116496
1766,136740,76,pair_000_n5_000_conflict,conflict,1,0,0,12.500000000000002,0.07210166666666665,630000,8121360
1767,136816,76,pair_012_n3_012_control,control,1,0,0,12.500000000000002,0.07197499999999998,630000,8126224
1768,136888,72,pair_003_n3_003_conflict,conflict,1,0,0,12.540000000000001,0.071855,630000,8130832
1769,136960,72,pair_003_n5_003_control,control,1,0,0,12.540000000000001,0.071735,630000,8135440
1770,137027,67,pair_014_n5_014_conflict,conflict,1,0,0,12.590000000000002,0.07162333333333332,630000,8139728
1771,137100,73,pair_003_n5_003_conflict,conflict,1,0,0,12.530000000000001,0.07150166666666666,630000,8144400
1772,137169,69,pair_005_n3_005_control,control,1,0,0,12.570000000000002,0.07138666666666665,630000,8148816
1773,137243,74,pair_007_n3_007_conflict,conflict,1,0,0,12.520000000000001,0.07126333333333332,630000,8153552
1774,137319,76,pair_016_n5_016_control,control,1,0,0,12.500000000000002,0.07113666666666665,630000,8158416
1775,137394,75,pair_001_n5_001_conflict,conflict,1,0,0,12.510000000000002,0.07101166666666667,630000,8163216
1776,137468,74,pair_006_n5_006_conflict,conflict,1,0,0,12.520000000000001,0.07088833333333333,630000,8167952
1777,137548,80,pair_001_n3_001_control,control,1,0,0,12.46,0.07075499999999998,630000,8173072
1778,137617,69,pair_008_n5_008_conflict,conflict,1,0,0,12.570000000000002,0.07063999999999998,630000,8177488
1779,137686,69,pair_001_n5_001_control,control,1,0,0,12.570000000000002,0.07052499999999998,630000,8181904
1780,137762,76,pair_007_n5_007_control,control,1,0,0,12.500000000000002,0.07039833333333331,630000,8186768
1781,137834,72,pair_013_n5_013_conflict,conflict,1,0,0,12.540000000000001,0.07027833333333333,630000,8191376
1782,137910,76,pair_013_n3_013_control,control,1,0,0,12.500000000000002,0.07015166666666667,630000,8196240
1783,137979,69,pair_005_n5_005_conflict,conflict,1,0,0,12.570000000000002,0.07003666666666666,630000,8200656
1784,138056,77,pair_007_n5_007_conflict,conflict,1,0,0,12.490000000000002,0.06990833333333332,630000,8205584
1785,138061,5,pair_013_n5_013_control,control,0,1,0,-0.84,0.06989999999999999,630000,8205904
1786,138136,75,pair_009_n3_009_conflict,conflict,1,0,0,12.510000000000002,0.06977499999999998,630000,8210704
1787,138206,70,pair_016_n3_016_control,control,1,0,0,12.560000000000002,0.06965833333333332,630000,8215184
1788,138279,73,pair_004_n5_004_conflict,conflict,1,0,0,12.530000000000001,0.06953666666666666,630000,8219856
1789,138283,4,pair_017_n3_017_control,control,0,1,0,-0.9299999999999999,0.06952999999999998,630000,8220112
1790,138358,75,pair_002_n5_002_control,control,1,0,0,12.510000000000002,0.069405,630000,8224912
1791,138430,72,pair_017_n3_017_conflict,conflict,1,0,0,12.540000000000001,0.06928499999999999,630000,8229520
1792,138498,68,pair_001_n3_001_conflict,conflict,1,0,0,12.580000000000002,0.06917166666666666,630000,8233872
1793,138564,66,pair_006_n3_006_conflict,conflict,1,0,0,12.600000000000001,0.06906166666666666,630000,8238096
1794,138642,78,pair_015_n3_015_control,control,1,0,0,12.480000000000002,0.06893166666666667,630000,8243088
1795,138715,73,pair_012_n3_012_conflict,conflict,1,0,0,12.530000000000001,0.06880999999999998,630000,8247760
1796,138785,70,pair_007_n3_007_control,control,1,0,0,12.560000000000002,0.06869333333333333,630000,8252240
1797,138862,77,pair_006_n5_006_control,control,1,0,0,12.490000000000002,0.06856499999999999,630000,8257168
1798,138934,72,pair_008_n3_008_control,control,1,0,0,12.540000000000001,0.06844499999999998,630000,8261776
1799,139003,69,pair_017_n5_017_control,control,1,0,0,12.570000000000002,0.06833,630000,8266192
1800,139078,75,pair_005_n5_005_conflict,conflict,1,0,0,12.510000000000002,0.06820499999999999,630000,8270992
1801,139150,72,pair_011_n3_011_conflict,conflict,1,0,0,12.540000000000001,0.06808499999999998,630000,8275600
1802,139226,76,pair_009_n5_009_control,control,1,0,0,12.500000000000002,0.06795833333333332,630000,8280464
1803,139300,74,pair_015_n5_015_conflict,conflict,1,0,0,12.520000000000001,0.06783499999999998,630000,8285200
1804,139373,73,pair_007_n3_007_control,control,1,0,0,12.530000000000001,0.06771333333333332,630000,8289872
1805,139445,72,pair_010_n5_010_control,control,1,0,0,12.540000000000003,0.06759333333333331,630000,8294480
1806,139517,72,pair_013_n5_013_control,control,1,0,0,12.540000000000001,0.06747333333333333,630000,8299088
1807,139592,75,pair_015_n5_015_control,control,1,0,0,12.510000000000002,0.06734833333333332,630000,8303888
1808,139598,6,pair_007_n5_007_control,control,0,1,0,-0.95,0.06733833333333333,630000,8304272
1809,139669,71,pair_003_n3_003_control,control,1,0,0,12.55,0.06722,630000,8308816
1810,139743,74,pair_010_n3_010_conflict,conflict,1,0,0,12.520000000000001,0.06709666666666667,630000,8313552
1811,139813,70,pair_003_n5_003_control,control,1,0,0,12.560000000000002,0.06697999999999998,630000,8318032
1812,139882,69,pair_004_n3_004_control,control,1,0,0,12.570000000000002,0.06686499999999998,630000,8322448
1813,139953,71,pair_003_n5_003_conflict,conflict,1,0,0,12.55,0.06674666666666665,630000,8326992
1814,140022,69,pair_017_n5_017_control,control,1,0,0,12.570000000000002,0.06663166666666664,630000,8331408
1815,140097,75,pair_002_n5_002_conflict,conflict,1,0,0,12.510000000000002,0.06650666666666666,630000,8336208
1816,140174,77,pair_005_n3_005_control,control,1,0,0,12.490000000000002,0.06637833333333332,630000,8341136
1817,140248,74,pair_016_n5_016_conflict,conflict,1,0,0,12.520000000000001,0.06625499999999998,630000,8345872
1818,140321,73,pair_015_n3_015_control,control,1,0,0,12.530000000000001,0.06613333333333332,630000,8350544
1819,140394,73,pair_001_n5_001_control,control,1,0,0,12.530000000000001,0.06601166666666666,630000,8355216
1820,140464,70,pair_000_n5_000_control,control,1,0,0,12.560000000000002,0.06589499999999998,630000,8359696
1821,140534,70,pair_014_n5_014_control,control,1,0,0,12.560000000000002,0.06577833333333333,630000,8364176
1822,140604,70,pair_012_n3_012_conflict,conflict,1,0,0,12.560000000000002,0.06566166666666665,630000,8368656
1823,140672,68,pair_011_n3_011_control,control,1,0,0,12.580000000000002,0.06554833333333332,630000,8373008
1824,140743,71,pair_002_n5_002_control,control,1,0,0,12.55,0.06542999999999999,630000,8377552
1825,140812,69,pair_017_n5_017_conflict,conflict,1,0,0,12.570000000000002,0.06531499999999998,630000,8381968
1826,140884,72,pair_009_n5_009_conflict,conflict,1,0,0,12.540000000000001,0.06519499999999998,630000,8386576
1827,140956,72,pair_012_n5_012_control,control,1,0,0,12.540000000000001,0.065075,630000,8391184
1828,141028,72,pair_014_n5_014_conflict,conflict,1,0,0,12.540000000000003,0.06495499999999998,630000,8395792
1829,141098,70,pair_004_n5_004_conflict,conflict,1,0,0,12.560000000000002,0.06483833333333333,630000,8400272
1830,141164,66,pair_001_n3_001_control,control,1,0,0,12.600000000000001,0.06472833333333333,630000,8404496
1831,141232,68,pair_000_n3_000_conflict,conflict,1,0,0,12.580000000000002,0.06461499999999998,630000,8408848
1832,141305,73,pair_002_n3_002_control,control,1,0,0,12.530000000000001,0.06449333333333332,630000,8413520
1833,141374,69,pair_001_n3_001_conflict,conflict,1,0,0,12.570000000000002,0.06437833333333332,630000,8417936
1834,141446,72,pair_000_n5_000_conflict,conflict,1,0,0,12.540000000000001,0.06425833333333333,630000,8422544
1835,141514,68,pair_006_n5_006_control,control,1,0,0,12.580000000000002,0.06414499999999998,630000,8426896
1836,141580,66,pair_006_n3_006_conflict,conflict,1,0,0,12.600000000000001,0.06403499999999998,630000,8431120
1837,141646,66,pair_008_n5_008_conflict,conflict,1,0,0,12.600000000000001,0.06392499999999998,630000,8435344
1838,141727,81,pair_009_n3_009_control,control,1,0,0,12.450000000000001,0.06378999999999999,630000,8440528
1839,141794,67,pair_008_n3_008_conflict,conflict,1,0,0,12.590000000000002,0.06367833333333331,630000,8444816
1840,141872,78,pair_016_n5_016_control,control,1,0,0,12.48,0.06354833333333332,630000,8449808
1841,141940,68,pair_011_n5_011_conflict,conflict,1,0,0,12.580000000000002,0.06343499999999999,630000,8454160
1842,142011,71,pair_014_n3_014_conflict,conflict,1,0,0,12.55,0.06331666666666666,630000,8458704
1843,142017,6,pair_012_n3_012_control,control,0,1,0,-0.8,0.06330666666666665,630000,8459088
1844,142099,82,pair_016_n3_016_conflict,conflict,1,0,0,12.440000000000001,0.06316999999999998,630000,8464336
1845,142170,71,pair_013_n3_013_control,control,1,0,0,12.55,0.06305166666666664,630000,8468880
1846,142236,66,pair_017_n3_017_control,control,1,0,0,12.600000000000001,0.06294166666666665,630000,8473104
1847,142310,74,pair_012_n5_012_conflict,conflict,1,0,0,12.520000000000001,0.06281833333333331,630000,8477840
1848,142380,70,pair_008_n5_008_control,control,1,0,0,12.560000000000002,0.06270166666666666,630000,8482320
1849,142454,74,pair_008_n3_008_control,control,1,0,0,12.520000000000001,0.06257833333333332,630000,8487056
1850,142532,78,pair_002_n3_002_conflict,conflict,1,0,0,12.48,0.06244833333333333,630000,8492048
1851,142608,76,pair_017_n3_017_conflict,conflict,1,0,0,12.500000000000002,0.062321666666666664,630000,8496912
1852,142677,69,pair_005_n5_005_control,control,1,0,0,12.570000000000002,0.06220666666666666,630000,8501328
1853,142748,71,pair_007_n3_007_conflict,conflict,1,0,0,12.55,0.06208833333333333,630000,8505872
1854,142815,67,pair_005_n3_005_conflict,conflict,1,0,0,12.590000000000002,0.06197666666666665,630000,8510160
1855,142883,68,pair_013_n5_013_conflict,conflict,1,0,0,12.580000000000002,0.061863333333333326,630000,8514512
1856,142953,70,pair_000_n3_000_control,control,1,0,0,12.560000000000002,0.061746666666666644,630000,8518992
1857,142957,4,pair_006_n3_006_control,control,0,1,0,-0.88,0.06173999999999999,630000,8519248
1858,143030,73,pair_007_n5_007_conflict,conflict,1,0,0,12.530000000000001,0.06161833333333333,630000,8523920
1859,143103,73,pair_016_n3_016_control,control,1,0,0,12.530000000000001,0.061496666666666644,630000,8528592
1860,143173,70,pair_001_n5_001_conflict,conflict,1,0,0,12.560000000000002,0.06137999999999999,630000,8533072
1861,143241,68,pair_003_n3_003_conflict,conflict,1,0,0,12.580000000000002,0.061266666666666664,630000,8537424
1862,143318,77,pair_014_n3_014_control,control,1,0,0,12.490000000000002,0.06113833333333332,630000,8542352
1863,143389,71,pair_004_n5_004_control,control,1,0,0,12.55,0.06101999999999999,630000,8546896
1864,143470,81,pair_013_n3_013_conflict,conflict,1,0,0,12.450000000000003,0.060884999999999995,630000,8552080
1865,143474,4,pair_009_n3_009_conflict,conflict,0,1,0,-0.88,0.06087833333333331,630000,8552336
1866,143543,69,pair_010_n5_010_conflict,conflict,1,0,0,12.570000000000002,0.060763333333333336,630000,8556752
1867,143613,70,pair_010_n3_010_control,control,1,0,0,12.560000000000002,0.060646666666666654,630000,8561232
1868,143684,71,pair_004_n3_004_conflict,conflict,1,0,0,12.55,0.06052833333333332,630000,8565776
1869,143750,66,pair_006_n5_006_conflict,conflict,1,0,0,12.600000000000001,0.060418333333333324,630000,8570000
1870,143822,72,pair_015_n3_015_conflict,conflict,1,0,0,12.540000000000001,0.060298333333333315,630000,8574608
1871,143904,82,pair_011_n5_011_control,control,1,0,0,12.440000000000001,0.06016166666666667,630000,8579856
1872,143977,73,pair_008_n5_008_conflict,conflict,1,0,0,12.530000000000001,0.06003999999999998,630000,8584528
1873,144054,77,pair_003_n5_003_control,control,1,0,0,12.490000000000002,0.05991166666666667,630000,8589456
1874,144126,72,pair_004_n5_004_control,control,1,0,0,12.540000000000001,0.05979166666666666,630000,8594064
1875,144194,68,pair_004_n3_004_conflict,conflict,1,0,0,12.580000000000002,0.05967833333333333,630000,8598416
1876,144266,72,pair_016_n3_016_conflict,conflict,1,0,0,12.540000000000001,0.059558333333333324,630000,8603024
1877,144335,69,pair_006_n3_006_control,control,1,0,0,12.570000000000002,0.05944333333333332,630000,8607440
1878,144413,78,pair_017_n3_017_conflict,conflict,1,0,0,12.480000000000002,0.05931333333333333,630000,8612432
1879,144487,74,pair_002_n5_002_control,control,1,0,0,12.520000000000001,0.05918999999999999,630000,8617168
1880,144561,74,pair_001_n3_001_conflict,conflict,1,0,0,12.520000000000001,0.059066666666666656,630000,8621904
1881,144628,67,pair_003_n5_003_conflict,conflict,1,0,0,12.590000000000002,0.05895499999999998,630000,8626192
1882,144700,72,pair_009_n3_009_control,control,1,0,0,12.540000000000001,0.058835,630000,8630800
1883,144770,70,pair_011_n3_011_conflict,conflict,1,0,0,12.560000000000002,0.05871833333333332,630000,8635280
1884,144848,78,pair_013_n3_013_control,control,1,0,0,12.48,0.058588333333333326,630000,8640272
1885,144915,67,pair_005_n3_005_control,control,1,0,0,12.590000000000002,0.05847666666666665,630000,8644560
1886,144981,66,pair_010_n5_010_control,control,1,0,0,12.600000000000001,0.05836666666666665,630000,8648784
1887,145059,78,pair_014_n5_014_control,control,1,0,0,12.48,0.05823666666666666,630000,8653776
1888,145130,71,pair_017_n5_017_conflict,conflict,1,0,0,12.55,0.05811833333333333,630000,8658320
1889,145204,74,pair_002_n3_002_conflict,conflict,1,0,0,12.520000000000001,0.05799499999999999,630000,8663056
1890,145278,74,pair_017_n5_017_control,control,1,0,0,12.520000000000001,0.057871666666666655,630000,8667792
1891,145346,68,pair_016_n5_016_control,control,1,0,0,12.580000000000002,0.05775833333333333,630000,8672144
1892,145416,70,pair_000_n5_000_conflict,conflict,1,0,0,12.560000000000002,0.05764166666666665,630000,8676624
1893,145484,68,pair_014_n5_014_conflict,conflict,1,0,0,12.580000000000002,0.05752833333333332,630000,8680976
1894,145557,73,pair_004_n5_004_conflict,conflict,1,0,0,12.530000000000001,0.05740666666666666,630000,8685648
1895,145623,66,pair_010_n3_010_control,control,1,0,0,12.600000000000001,0.05729666666666666,630000,8689872
1896,145695,72,pair_013_n5_013_conflict,conflict,1,0,0,12.540000000000001,0.05717666666666665,630000,8694480
1897,145776,81,pair_007_n3_007_control,control,1,0,0,12.450000000000001,0.05704166666666666,630000,8699664
1898,145847,71,pair_016_n5_016_conflict,conflict,1,0,0,12.55,0.056923333333333326,630000,8704208
1899,145851,4,pair_014_n3_014_control,control,0,1,0,-0.88,0.05691666666666664,630000,8704464
1900,145921,70,pair_003_n3_003_control,control,1,0,0,12.560000000000002,0.05679999999999999,630000,8708944
1901,145994,73,pair_000_n3_000_control,control,1,0,0,12.530000000000001,0.05667833333333333,630000,8713616
1902,146061,67,pair_010_n3_010_conflict,conflict,1,0,0,12.590000000000002,0.056566666666666654,630000,8717904
1903,146128,67,pair_009_n5_009_control,control,1,0,0,12.590000000000002,0.05645499999999998,630000,8722192
1904,146195,67,pair_015_n5_015_conflict,conflict,1,0,0,12.590000000000002,0.05634333333333333,630000,8726480
1905,146262,67,pair_008_n3_008_conflict,conflict,1,0,0,12.590000000000002,0.05623166666666665,630000,8730768
1906,146332,70,pair_007_n3_007_conflict,conflict,1,0,0,12.560000000000002,0.056115,630000,8735248
1907,146409,77,pair_007_n5_007_conflict,conflict,1,0,0,12.490000000000002,0.05598666666666666,630000,8740176
1908,146475,66,pair_012_n5_012_control,control,1,0,0,12.600000000000001,0.05587666666666666,630000,8744400
1909,146548,73,pair_009_n3_009_conflict,conflict,1,0,0,12.530000000000001,0.055755,630000,8749072
1910,146563,15,pair_015_n5_015_control,control,0,1,0,-0.4900000000000001,0.05573,630000,8750032
1911,146637,74,pair_000_n3_000_conflict,conflict,1,0,0,12.520000000000001,0.055606666666666665,630000,8754768
1912,146706,69,pair_008_n5_008_control,control,1,0,0,12.570000000000002,0.05549166666666666,630000,8759184
1913,146776,70,pair_004_n3_004_control,control,1,0,0,12.560000000000002,0.05537499999999998,630000,8763664
1914,146844,68,pair_017_n3_017_control,control,1,0,0,12.580000000000002,0.05526166666666665,630000,8768016
1915,146910,66,pair_007_n5_007_control,control,1,0,0,12.600000000000001,0.055151666666666654,630000,8772240
1916,146985,75,pair_005_n3_005_conflict,conflict,1,0,0,12.510000000000002,0.05502666666666667,630000,8777040
1917,147056,71,pair_002_n3_002_control,control,1,0,0,12.55,0.05490833333333331,630000,8781584
1918,147122,66,pair_015_n3_015_control,control,1,0,0,12.600000000000001,0.05479833333333331,630000,8785808
1919,147195,73,pair_015_n3_015_conflict,conflict,1,0,0,12.530000000000001,0.05467666666666665,630000,8790480
1920,147271,76,pair_006_n3_006_conflict,conflict,1,0,0,12.500000000000002,0.05454999999999999,630000,8795344
1921,147343,72,pair_011_n5_011_conflict,conflict,1,0,0,12.540000000000001,0.05442999999999998,630000,8799952
1922,147415,72,pair_000_n5_000_control,control,1,0,0,12.540000000000001,0.05431,630000,8804560
1923,147429,14,pair_006_n5_006_control,control,0,1,0,-0.4800000000000001,0.05428666666666665,630000,8805456
1924,147501,72,pair_005_n5_005_conflict,conflict,1,0,0,12.540000000000001,0.05416666666666667,630000,8810064
1925,147570,69,pair_014_n3_014_conflict,conflict,1,0,0,12.570000000000002,0.054051666666666665,630000,8814480
1926,147641,71,pair_011_n3_011_control,control,1,0,0,12.55,0.05393333333333333,630000,8819024
1927,147709,68,pair_013_n3_013_conflict,conflict,1,0,0,12.580000000000002,0.05381999999999998,630000,8823376
1928,147776,67,pair_012_n5_012_conflict,conflict,1,0,0,12.590000000000002,0.05370833333333333,630000,8827664
1929,147846,70,pair_012_n3_012_control,control,1,0,0,12.560000000000002,0.05359166666666665,630000,8832144
1930,147919,73,pair_008_n3_008_control,control,1,0,0,12.530000000000001,0.05346999999999999,630000,8836816
1931,147994,75,pair_003_n3_003_conflict,conflict,1,0,0,12.510000000000002,0.053344999999999976,630000,8841616
1932,148060,66,pair_006_n5_006_conflict,conflict,1,0,0,12.600000000000001,0.05323499999999998,630000,8845840
1933,148136,76,pair_013_n5_013_control,control,1,0,0,12.500000000000002,0.05310833333333331,630000,8850704
1934,148208,72,pair_016_n3_016_control,control,1,0,0,12.540000000000001,0.05298833333333333,630000,8855312
1935,148280,72,pair_010_n5_010_conflict,conflict,1,0,0,12.540000000000001,0.05286833333333332,630000,8859920
1936,148348,68,pair_011_n5_011_control,control,1,0,0,12.580000000000002,0.052754999999999996,630000,8864272
1937,148415,67,pair_002_n5_002_conflict,conflict,1,0,0,12.590000000000002,0.05264333333333332,630000,8868560
1938,148483,68,pair_012_n3_012_conflict,conflict,1,0,0,12.580000000000002,0.05252999999999999,630000,8872912
1939,148551,68,pair_001_n5_001_control,control,1,0,0,12.580000000000002,0.05241666666666667,630000,8877264
1940,148619,68,pair_005_n5_005_control,control,1,0,0,12.580000000000002,0.05230333333333331,630000,8881616
1941,148690,71,pair_001_n3_001_control,control,1,0,0,12.55,0.05218499999999998,630000,8886160
1942,148764,74,pair_009_n5_009_conflict,conflict,1,0,0,12.520000000000001,0.052061666666666645,630000,8890896
1943,148832,68,pair_001_n5_001_conflict,conflict,1,0,0,12.580000000000002,0.05194833333333332,630000,8895248
1944,148900,68,pair_013_n5_013_control,control,1,0,0,12.580000000000002,0.05183499999999999,630000,8899600
1945,148966,66,pair_006_n5_006_control,control,1,0,0,12.600000000000001,0.05172499999999999,630000,8903824
1946,149041,75,pair_002_n5_002_control,control,1,0,0,12.510000000000002,0.05159999999999998,630000,8908624
1947,149107,66,pair_003_n5_003_conflict,conflict,1,0,0,12.600000000000001,0.05148999999999998,630000,8912848
1948,149178,71,pair_011_n3_011_control,control,1,0,0,12.55,0.05137166666666665,630000,8917392
1949,149249,71,pair_014_n5_014_control,control,1,0,0,12.55,0.05125333333333332,630000,8921936
1950,149321,72,pair_012_n5_012_control,control,1,0,0,12.540000000000001,0.05113333333333331,630000,8926544
1951,149387,66,pair_011_n3_011_conflict,conflict,1,0,0,12.600000000000001,0.05102333333333331,630000,8930768
1952,149457,70,pair_005_n3_005_conflict,conflict,1,0,0,12.560000000000002,0.050906666666666656,630000,8935248
1953,149530,73,pair_008_n5_008_conflict,conflict,1,0,0,12.530000000000001,0.050785,630000,8939920
1954,149599,69,pair_004_n3_004_control,control,1,0,0,12.570000000000002,0.05066999999999999,630000,8944336
1955,149671,72,pair_010_n3_010_conflict,conflict,1,0,0,12.540000000000001,0.050549999999999984,630000,8948944
1956,149743,72,pair_017_n5_017_control,control,1,0,0,12.540000000000001,0.05043,630000,8953552
1957,149818,75,pair_015_n5_015_conflict,conflict,1,0,0,12.510000000000002,0.05030499999999999,630000,8958352
1958,149888,70,pair_000_n5_000_conflict,conflict,1,0,0,12.560000000000002,0.050188333333333335,630000,8962832
1959,149958,70,pair_010_n3_010_control,control,1,0,0,12.560000000000002,0.05007166666666665,630000,8967312
1960,150030,72,pair_001_n5_001_conflict,conflict,1,0,0,12.540000000000001,0.04999999999999999,630000,8971920
1961,150098,68,pair_014_n3_014_conflict,conflict,1,0,0,12.580000000000002,0.04999999999999999,630000,8976272
1962,150177,79,pair_004_n5_004_conflict,conflict,1,0,0,12.470000000000002,0.04999999999999999,630000,8981328
1963,150259,82,pair_012_n5_012_conflict,conflict,1,0,0,12.440000000000001,0.04999999999999999,630000,8986576
1964,150356,97,pair_011_n5_011_conflict,conflict,1,0,0,12.290000000000001,0.04999999999999999,630000,8992784
1965,150456,100,pair_010_n5_010_control,control,1,0,0,12.260000000000002,0.04999999999999999,630000,8999184
1966,150524,68,pair_015_n3_015_control,control,1,0,0,12.580000000000002,0.04999999999999999,630000,9003536
1967,150615,91,pair_013_n3_013_conflict,conflict,1,0,0,12.350000000000001,0.04999999999999999,630000,9009360
1968,150684,69,pair_009_n3_009_conflict,conflict,1,0,0,12.570000000000002,0.04999999999999999,630000,9013776
1969,150756,72,pair_015_n3_015_conflict,conflict,1,0,0,12.540000000000001,0.04999999999999999,630000,9018384
1970,150823,67,pair_002_n3_002_control,control,1,0,0,12.590000000000002,0.04999999999999999,630000,9022672
1971,150895,72,pair_004_n5_004_control,control,1,0,0,12.540000000000001,0.04999999999999999,630000,9027280
1972,150963,68,pair_015_n5_015_control,control,1,0,0,12.580000000000002,0.04999999999999999,630000,9031632
1973,151036,73,pair_012_n3_012_control,control,1,0,0,12.530000000000001,0.04999999999999999,630000,9036304
1974,151108,72,pair_003_n3_003_conflict,conflict,1,0,0,12.540000000000001,0.04999999999999999,630000,9040912
1975,151176,68,pair_000_n3_000_conflict,conflict,1,0,0,12.580000000000002,0.04999999999999999,630000,9045264
1976,151242,66,pair_016_n5_016_control,control,1,0,0,12.600000000000001,0.04999999999999999,630000,9049488
1977,151310,68,pair_007_n3_007_control,control,1,0,0,12.580000000000002,0.04999999999999999,630000,9053840
1978,151378,68,pair_005_n3_005_control,control,1,0,0,12.580000000000002,0.04999999999999999,630000,9058192
1979,151447,69,pair_004_n3_004_conflict,conflict,1,0,0,12.570000000000002,0.04999999999999999,630000,9062608
1980,151515,68,pair_008_n3_008_control,control,1,0,0,12.580000000000002,0.04999999999999999,630000,9066960
1981,151584,69,pair_001_n3_001_control,control,1,0,0,12.570000000000002,0.04999999999999999,630000,9071376
1982,151650,66,pair_016_n3_016_conflict,conflict,1,0,0,12.600000000000001,0.04999999999999999,630000,9075600
1983,151720,70,pair_006_n3_006_control,control,1,0,0,12.560000000000002,0.04999999999999999,630000,9080080
1984,151795,75,pair_000_n5_000_control,control,1,0,0,12.510000000000002,0.04999999999999999,630000,9084880
1985,151864,69,pair_017_n5_017_conflict,conflict,1,0,0,12.570000000000002,0.04999999999999999,630000,9089296
1986,151932,68,pair_006_n5_006_conflict,conflict,1,0,0,12.580000000000002,0.04999999999999999,630000,9093648
1987,152008,76,pair_014_n3_014_control,control,1,0,0,12.500000000000002,0.04999999999999999,630000,9098512
1988,152081,73,pair_013_n5_013_conflict,conflict,1,0,0,12.530000000000001,0.04999999999999999,630000,9103184
1989,152151,70,pair_009_n5_009_control,control,1,0,0,12.560000000000002,0.04999999999999999,630000,9107664
1990,152221,70,pair_002_n5_002_conflict,conflict,1,0,0,12.560000000000002,0.04999999999999999,630000,9112144
1991,152291,70,pair_010_n5_010_conflict,conflict,1,0,0,12.560000000000002,0.04999999999999999,630000,9116624
1992,152358,67,pair_008_n3_008_conflict,conflict,1,0,0,12.590000000000002,0.04999999999999999,630000,9120912
1993,152429,71,pair_013_n3_013_control,control,1,0,0,12.55,0.04999999999999999,630000,9125456
1994,152497,68,pair_014_n5_014_conflict,conflict,1,0,0,12.580000000000002,0.04999999999999999,630000,9129808
1995,152569,72,pair_005_n5_005_conflict,conflict,1,0,0,12.540000000000001,0.04999999999999999,630000,9134416
1996,152641,72,pair_007_n5_007_conflict,conflict,1,0,0,12.540000000000001,0.04999999999999999,630000,9139024
1997,152707,66,pair_009_n5_009_conflict,conflict,1,0,0,12.600000000000001,0.04999999999999999,630000,9143248
1998,152775,68,pair_006_n3_006_conflict,conflict,1,0,0,12.580000000000002,0.04999999999999999,630000,9147600
1999,152846,71,pair_003_n3_003_control,control,1,0,0,12.55,0.04999999999999999,630000,9152144
2000,152917,71,pair_016_n5_016_conflict,conflict,1,0,0,12.55,0.04999999999999999,630000,9156688
2001,152988,71,pair_012_n3_012_conflict,conflict,1,0,0,12.55,0.04999999999999999,630000,9161232
2002,153056,68,pair_016_n3_016_control,control,1,0,0,12.580000000000002,0.04999999999999999,630000,9165584
2003,153060,4,pair_007_n3_007_conflict,conflict,0,1,0,-0.88,0.04999999999999999,630000,9165840
2004,153131,71,pair_007_n5_007_control,control,1,0,0,12.55,0.04999999999999999,630000,9170384
2005,153203,72,pair_001_n3_001_conflict,conflict,1,0,0,12.540000000000001,0.04999999999999999,630000,9174992
2006,153276,73,pair_011_n5_011_control,control,1,0,0,12.530000000000001,0.04999999999999999,630000,9179664
2007,153280,4,pair_017_n3_017_control,control,0,1,0,-0.88,0.04999999999999999,630000,9179920
2008,153346,66,pair_001_n5_001_control,control,1,0,0,12.600000000000001,0.04999999999999999,630000,9184144
2009,153412,66,pair_002_n3_002_conflict,conflict,1,0,0,12.600000000000001,0.04999999999999999,630000,9188368
2010,153486,74,pair_003_n5_003_control,control,1,0,0,12.520000000000001,0.04999999999999999,630000,9193104
2011,153552,66,pair_017_n3_017_conflict,conflict,1,0,0,12.600000000000001,0.04999999999999999,630000,9197328
2012,153630,78,pair_008_n5_008_control,control,1,0,0,12.48,0.04999999999999999,630000,9202320
2013,153696,66,pair_005_n5_005_control,control,1,0,0,12.600000000000001,0.04999999999999999,630000,9206544
2014,153766,70,pair_009_n3_009_control,control,1,0,0,12.560000000000002,0.04999999999999999,630000,9211024
2015,153836,70,pair_000_n3_000_control,control,1,0,0,12.560000000000002,0.04999999999999999,630000,9215504
2016,153904,68,pair_000_n5_000_conflict,conflict,1,0,0,12.580000000000002,0.04999999999999999,630000,9219856
2017,153980,76,pair_013_n5_013_control,control,1,0,0,12.500000000000002,0.04999999999999999,630000,9224720
2018,154047,67,pair_012_n5_012_control,control,1,0,0,12.590000000000002,0.04999999999999999,630000,9229008
2019,154119,72,pair_001_n3_001_conflict,conflict,1,0,0,12.540000000000001,0.04999999999999999,630000,9233616
2020,154189,70,pair_014_n5_014_conflict,conflict,1,0,0,12.560000000000002,0.04999999999999999,630000,9238096
2021,154260,71,pair_001_n3_001_control,control,1,0,0,12.55,0.04999999999999999,630000,9242640
2022,154335,75,pair_015_n3_015_control,control,1,0,0,12.510000000000002,0.04999999999999999,630000,9247440
2023,154412,77,pair_015_n5_015_conflict,conflict,1,0,0,12.490000000000002,0.04999999999999999,630000,9252368
2024,154480,68,pair_003_n5_003_conflict,conflict,1,0,0,12.580000000000002,0.04999999999999999,630000,9256720
2025,154550,70,pair_010_n5_010_control,control,1,0,0,12.560000000000002,0.04999999999999999,630000,9261200
2026,154619,69,pair_006_n5_006_control,control,1,0,0,12.570000000000002,0.04999999999999999,630000,9265616
2027,154691,72,pair_002_n3_002_conflict,conflict,1,0,0,12.540000000000001,0.04999999999999999,630000,9270224
2028,154761,70,pair_001_n5_001_control,control,1,0,0,12.560000000000002,0.04999999999999999,630000,9274704
2029,154836,75,pair_009_n3_009_conflict,conflict,1,0,0,12.510000000000002,0.04999999999999999,630000,9279504
2030,154906,70,pair_003_n3_003_conflict,conflict,1,0,0,12.560000000000002,0.04999999999999999,630000,9283984
2031,154973,67,pair_007_n3_007_conflict,conflict,1,0,0,12.590000000000002,0.04999999999999999,630000,9288272
2032,155041,68,pair_009_n3_009_control,control,1,0,0,12.580000000000002,0.04999999999999999,630000,9292624
2033,155109,68,pair_011_n3_011_control,control,1,0,0,12.580000000000002,0.04999999999999999,630000,9296976
2034,155124,15,pair_006_n3_006_conflict,conflict,0,1,0,-0.54,0.04999999999999999,630000,9297936
2035,155195,71,pair_012_n3_012_conflict,conflict,1,0,0,12.55,0.04999999999999999,630000,9302480
2036,155268,73,pair_017_n5_017_control,control,1,0,0,12.530000000000001,0.04999999999999999,630000,9307152
2037,155337,69,pair_000_n3_000_conflict,conflict,1,0,0,12.570000000000002,0.04999999999999999,630000,9311568
2038,155406,69,pair_012_n3_012_control,control,1,0,0,12.570000000000002,0.04999999999999999,630000,9315984
2039,155477,71,pair_003_n5_003_control,control,1,0,0,12.55,0.04999999999999999,630000,9320528
2040,155546,69,pair_016_n3_016_conflict,conflict,1,0,0,12.570000000000002,0.04999999999999999,630000,9324944
2041,155612,66,pair_000_n5_000_control,control,1,0,0,12.600000000000001,0.04999999999999999,630000,9329168
2042,155683,71,pair_008_n5_008_conflict,conflict,1,0,0,12.55,0.04999999999999999,630000,9333712
2043,155754,71,pair_010_n3_010_conflict,conflict,1,0,0,12.55,0.04999999999999999,630000,9338256
2044,155831,77,pair_002_n3_002_control,control,1,0,0,12.490000000000002,0.04999999999999999,630000,9343184
2045,155902,71,pair_010_n3_010_control,control,1,0,0,12.55,0.04999999999999999,630000,9347728
2046,155972,70,pair_005_n3_005_conflict,conflict,1,0,0,12.560000000000002,0.04999999999999999,630000,9352208
2047,156040,68,pair_005_n5_005_control,control,1,0,0,12.580000000000002,0.04999999999999999,630000,9356560
2048,156113,73,pair_002_n5_002_conflict,conflict,1,0,0,12.530000000000001,0.04999999999999999,630000,9361232
2049,156185,72,pair_002_n5_002_control,control,1,0,0,12.540000000000001,0.04999999999999999,630000,9365840
2050,156259,74,pair_014_n5_014_control,control,1,0,0,12.520000000000001,0.04999999999999999,630000,9370576
2051,156328,69,pair_005_n5_005_conflict,conflict,1,0,0,12.570000000000002,0.04999999999999999,630000,9374992
2052,156397,69,pair_014_n3_014_control,control,1,0,0,12.570000000000002,0.04999999999999999,630000,9379408
2053,156466,69,pair_008_n5_008_control,control,1,0,0,12.570000000000002,0.04999999999999999,630000,9383824
2054,156535,69,pair_007_n5_007_conflict,conflict,1,0,0,12.570000000000002,0.04999999999999999,630000,9388240
2055,156604,69,pair_011_n5_011_control,control,1,0,0,12.570000000000002,0.04999999999999999,630000,9392656
2056,156678,74,pair_017_n3_017_conflict,conflict,1,0,0,12.520000000000001,0.04999999999999999,630000,9397392
2057,156744,66,pair_016_n3_016_control,control,1,0,0,12.600000000000001,0.04999999999999999,630000,9401616
2058,156815,71,pair_004_n5_004_control,control,1,0,0,12.55,0.04999999999999999,630000,9406160
2059,156891,76,pair_004_n3_004_conflict,conflict,1,0,0,12.500000000000002,0.04999999999999999,630000,9411024
2060,156961,70,pair_016_n5_016_conflict,conflict,1,0,0,12.560000000000002,0.04999999999999999,630000,9415504
2061,157031,70,pair_001_n5_001_conflict,conflict,1,0,0,12.560000000000002,0.04999999999999999,630000,9419984
2062,157099,68,pair_017_n5_017_conflict,conflict,1,0,0,12.580000000000002,0.04999999999999999,630000,9424336
2063,157165,66,pair_003_n3_003_control,control,1,0,0,12.600000000000001,0.04999999999999999,630000,9428560
2064,157233,68,pair_015_n5_015_control,control,1,0,0,12.580000000000002,0.04999999999999999,630000,9432912
2065,157305,72,pair_006_n3_006_control,control,1,0,0,12.540000000000001,0.04999999999999999,630000,9437520
2066,157371,66,pair_007_n5_007_control,control,1,0,0,12.600000000000001,0.04999999999999999,630000,9441744
2067,157450,79,pair_006_n5_006_conflict,conflict,1,0,0,12.470000000000002,0.04999999999999999,630000,9446800
2068,157524,74,pair_011_n3_011_conflict,conflict,1,0,0,12.520000000000001,0.04999999999999999,630000,9451536
2069,157603,79,pair_013_n3_013_control,control,1,0,0,12.470000000000002,0.04999999999999999,630000,9456592
2070,157676,73,pair_005_n3_005_control,control,1,0,0,12.530000000000001,0.04999999999999999,630000,9461264
2071,157748,72,pair_008_n3_008_conflict,conflict,1,0,0,12.540000000000001,0.04999999999999999,630000,9465872
2072,157828,80,pair_016_n5_016_control,control,1,0,0,12.46,0.04999999999999999,630000,9470992
2073,157900,72,pair_008_n3_008_control,control,1,0,0,12.540000000000001,0.04999999999999999,630000,9475600
2074,157972,72,pair_009_n5_009_conflict,conflict,0,1,0,1.4900000000000015,0.04999999999999999,630000,9480208
2075,158039,67,pair_004_n5_004_conflict,conflict,1,0,0,12.590000000000002,0.04999999999999999,630000,9484496
2076,158108,69,pair_012_n5_012_conflict,conflict,1,0,0,12.570000000000002,0.04999999999999999,630000,9488912
2077,158180,72,pair_007_n3_007_control,control,1,0,0,12.540000000000001,0.04999999999999999,630000,9493520
2078,158248,68,pair_014_n3_014_conflict,conflict,1,0,0,12.580000000000002,0.04999999999999999,630000,9497872
2079,158316,68,pair_015_n3_015_conflict,conflict,1,0,0,12.580000000000002,0.04999999999999999,630000,9502224
2080,158385,69,pair_000_n3_000_control,control,1,0,0,12.570000000000002,0.04999999999999999,630000,9506640
2081,158451,66,pair_011_n5_011_conflict,conflict,1,0,0,12.600000000000001,0.04999999999999999,630000,9510864
2082,158521,70,pair_013_n3_013_conflict,conflict,1,0,0,12.560000000000002,0.04999999999999999,630000,9515344
2083,158590,69,pair_010_n5_010_conflict,conflict,1,0,0,12.570000000000002,0.04999999999999999,630000,9519760
2084,158660,70,pair_017_n3_017_control,control,1,0,0,12.560000000000002,0.04999999999999999,630000,9524240
2085,158729,69,pair_013_n5_013_conflict,conflict,1,0,0,12.570000000000002,0.04999999999999999,630000,9528656
2086,158796,67,pair_004_n3_004_control,control,1,0,0,12.590000000000002,0.04999999999999999,630000,9532944
2087,158869,73,pair_009_n5_009_control,control,1,0,0,12.530000000000001,0.04999999999999999,630000,9537616
2088,158935,66,pair_014_n5_014_control,control,1,0,0,12.600000000000001,0.04999999999999999,630000,9541840
2089,159003,68,pair_003_n5_003_conflict,conflict,1,0,0,12.580000000000002,0.04999999999999999,630000,9546192
2090,159073,70,pair_003_n5_003_control,control,1,0,0,12.560000000000002,0.04999999999999999,630000,9550672
2091,159144,71,pair_015_n3_015_control,control,1,0,0,12.55,0.04999999999999999,630000,9555216
2092,159212,68,pair_006_n5_006_conflict,conflict,1,0,0,12.580000000000002,0.04999999999999999,630000,9559568
2093,159279,67,pair_001_n3_001_control,control,1,0,0,12.590000000000002,0.04999999999999999,630000,9563856
2094,159345,66,pair_000_n3_000_conflict,conflict,1,0,0,12.600000000000001,0.04999999999999999,630000,9568080
2095,159414,69,pair_010_n3_010_control,control,1,0,0,12.570000000000002,0.04999999999999999,630000,9572496
2096,159488,74,pair_002_n3_002_control,control,1,0,0,12.520000000000001,0.04999999999999999,630000,9577232
2097,159556,68,pair_011_n3_011_conflict,conflict,1,0,0,12.580000000000002,0.04999999999999999,630000,9581584
2098,159622,66,pair_005_n3_005_conflict,conflict,1,0,0,12.600000000000001,0.04999999999999999,630000,9585808
2099,159692,70,pair_011_n3_011_control,control,1,0,0,12.560000000000002,0.04999999999999999,630000,9590288
2100,159770,78,pair_003_n3_003_control,control,1,0,0,12.48,0.04999999999999999,630000,9595280
2101,159786,16,pair_015_n5_015_control,control,0,1,0,-0.4,0.04999999999999999,630000,9596304
2102,159855,69,pair_009_n5_009_control,control,1,0,0,12.570000000000002,0.04999999999999999,630000,9600720
2103,159923,68,pair_014_n3_014_conflict,conflict,1,0,0,12.580000000000002,0.04999999999999999,630000,9605072
2104,159995,72,pair_005_n3_005_control,control,1,0,0,12.540000000000003,0.04999999999999999,630000,9609680
2105,160062,67,pair_013_n3_013_conflict,conflict,1,0,0,12.590000000000002,0.04999999999999999,630000,9613968
2106,160131,69,pair_010_n3_010_conflict,conflict,1,0,0,12.570000000000002,0.04999999999999999,630000,9618384
2107,160199,68,pair_016_n3_016_control,control,1,0,0,12.580000000000002,0.04999999999999999,630000,9622736
2108,160271,72,pair_013_n5_013_conflict,conflict,1,0,0,12.540000000000001,0.04999999999999999,630000,9627344
2109,160343,72,pair_008_n5_008_conflict,conflict,1,0,0,12.540000000000001,0.04999999999999999,630000,9631952
2110,160410,67,pair_008_n5_008_control,control,1,0,0,12.590000000000002,0.04999999999999999,630000,9636240
2111,160483,73,pair_000_n5_000_conflict,conflict,1,0,0,12.530000000000001,0.04999999999999999,630000,9640912
2112,160554,71,pair_004_n3_004_conflict,conflict,1,0,0,12.55,0.04999999999999999,630000,9645456
2113,160621,67,pair_016_n5_016_control,control,1,0,0,12.590000000000002,0.04999999999999999,630000,9649744
2114,160689,68,pair_004_n5_004_conflict,conflict,1,0,0,12.580000000000002,0.04999999999999999,630000,9654096
2115,160759,70,pair_017_n5_017_conflict,conflict,1,0,0,12.560000000000002,0.04999999999999999,630000,9658576
2116,160827,68,pair_007_n5_007_control,control,1,0,0,12.580000000000002,0.04999999999999999,630000,9662928
2117,160897,70,pair_002_n5_002_control,control,1,0,0,12.560000000000002,0.04999999999999999,630000,9667408
2118,160963,66,pair_010_n5_010_control,control,1,0,0,12.600000000000001,0.04999999999999999,630000,9671632
2119,161041,78,pair_000_n5_000_control,control,1,0,0,12.48,0.04999999999999999,630000,9676624
2120,161140,99,pair_017_n5_017_control,control,1,0,0,12.270000000000001,0.04999999999999999,630000,9682960
2121,161218,78,pair_004_n3_004_control,control,1,0,0,12.480000000000002,0.04999999999999999,630000,9687952
2122,161300,82,pair_007_n3_007_conflict,conflict,1,0,0,12.440000000000001,0.04999999999999999,630000,9693200
2123,161373,73,pair_017_n3_017_conflict,conflict,1,0,0,12.530000000000001,0.04999999999999999,630000,9697872
2124,161444,71,pair_013_n5_013_control,control,1,0,0,12.55,0.04999999999999999,630000,9702416
2125,161515,71,pair_009_n5_009_conflict,conflict,1,0,0,12.55,0.04999999999999999,630000,9706960
2126,161588,73,pair_001_n3_001_conflict,conflict,1,0,0,12.530000000000001,0.04999999999999999,630000,9711632
2127,161655,67,pair_002_n5_002_conflict,conflict,1,0,0,12.590000000000002,0.04999999999999999,630000,9715920
2128,161723,68,pair_006_n5_006_control,control,1,0,0,12.580000000000002,0.04999999999999999,630000,9720272
2129,161792,69,pair_017_n3_017_control,control,1,0,0,12.570000000000002,0.04999999999999999,630000,9724688
2130,161862,70,pair_012_n3_012_conflict,conflict,1,0,0,12.560000000000002,0.04999999999999999,630000,9729168
2131,161930,68,pair_007_n5_007_conflict,conflict,1,0,0,12.580000000000002,0.04999999999999999,630000,9733520
2132,161996,66,pair_006_n3_006_conflict,conflict,1,0,0,12.600000000000001,0.04999999999999999,630000,9737744
2133,162064,68,pair_003_n3_003_conflict,conflict,1,0,0,12.580000000000002,0.04999999999999999,630000,9742096
2134,162135,71,pair_001_n5_001_conflict,conflict,1,0,0,12.55,0.04999999999999999,630000,9746640
2135,162205,70,pair_015_n5_015_conflict,conflict,1,0,0,12.560000000000002,0.04999999999999999,630000,9751120
2136,162279,74,pair_004_n5_004_control,control,1,0,0,12.520000000000001,0.04999999999999999,630000,9755856
2137,162352,73,pair_005_n5_005_conflict,conflict,1,0,0,12.530000000000001,0.04999999999999999,630000,9760528
2138,162424,72,pair_010_n5_010_conflict,conflict,1,0,0,12.540000000000001,0.04999999999999999,630000,9765136
2139,162494,70,pair_011_n5_011_control,control,1,0,0,12.560000000000002,0.04999999999999999,630000,9769616
2140,162565,71,pair_008_n3_008_control,control,1,0,0,12.55,0.04999999999999999,630000,9774160
2141,162637,72,pair_006_n3_006_control,control,1,0,0,12.540000000000001,0.04999999999999999,630000,9778768
2142,162710,73,pair_005_n5_005_control,control,1,0,0,12.530000000000001,0.04999999999999999,630000,9783440
2143,162778,68,pair_013_n3_013_control,control,1,0,0,12.580000000000002,0.04999999999999999,630000,9787792
2144,162846,68,pair_008_n3_008_conflict,conflict,1,0,0,12.580000000000002,0.04999999999999999,630000,9792144
2145,162912,66,pair_016_n5_016_conflict,conflict,1,0,0,12.600000000000001,0.04999999999999999,630000,9796368
2146,162915,3,pair_014_n5_014_conflict,conflict,0,1,0,-0.92,0.04999999999999999,630000,9796560
2147,162986,71,pair_002_n3_002_conflict,conflict,1,0,0,12.55,0.04999999999999999,630000,9801104
2148,163004,18,pair_012_n5_012_control,control,0,1,0,-0.52,0.04999999999999999,630000,9802256
2149,163078,74,pair_009_n3_009_conflict,conflict,1,0,0,12.520000000000001,0.04999999999999999,630000,9806992
2150,163153,75,pair_015_n3_015_conflict,conflict,1,0,0,12.510000000000002,0.04999999999999999,630000,9811792
2151,163222,69,pair_009_n3_009_control,control,1,0,0,12.570000000000002,0.04999999999999999,630000,9816208
2152,163292,70,pair_011_n5_011_conflict,conflict,1,0,0,12.560000000000002,0.04999999999999999,630000,9820688
2153,163360,68,pair_001_n5_001_control,control,1,0,0,12.580000000000002,0.04999999999999999,630000,9825040
2154,163428,68,pair_014_n3_014_control,control,1,0,0,12.580000000000002,0.04999999999999999,630000,9829392
2155,163497,69,pair_016_n3_016_conflict,conflict,1,0,0,12.570000000000002,0.04999999999999999,630000,9833808
2156,163568,71,pair_012_n3_012_control,control,1,0,0,12.55,0.04999999999999999,630000,9838352
2157,163638,70,pair_007_n3_007_control,control,1,0,0,12.560000000000002,0.04999999999999999,630000,9842832
2158,163707,69,pair_012_n5_012_conflict,conflict,1,0,0,12.570000000000002,0.04999999999999999,630000,9847248
2159,163777,70,pair_000_n3_000_control,control,1,0,0,12.560000000000002,0.04999999999999999,630000,9851728
2160,163850,73,pair_011_n3_011_conflict,conflict,1,0,0,12.530000000000001,0.04999999999999999,630000,9856400
2161,163922,72,pair_014_n3_014_control,control,1,0,0,12.540000000000001,0.04999999999999999,630000,9861008
2162,163995,73,pair_016_n3_016_control,control,1,0,0,12.530000000000001,0.04999999999999999,630000,9865680
2163,164063,68,pair_010_n5_010_control,control,1,0,0,12.580000000000002,0.04999999999999999,630000,9870032
2164,164135,72,pair_015_n3_015_conflict,conflict,1,0,0,12.540000000000001,0.04999999999999999,630000,9874640
2165,164205,70,pair_009_n5_009_conflict,conflict,1,0,0,12.560000000000002,0.04999999999999999,630000,9879120
2166,164276,71,pair_011_n3_011_control,control,1,0,0,12.55,0.04999999999999999,630000,9883664
2167,164344,68,pair_013_n3_013_control,control,1,0,0,12.580000000000002,0.04999999999999999,630000,9888016
2168,164411,67,pair_017_n5_017_conflict,conflict,1,0,0,12.590000000000002,0.04999999999999999,630000,9892304
2169,164483,72,pair_016_n3_016_conflict,conflict,1,0,0,12.540000000000001,0.04999999999999999,630000,9896912
2170,164556,73,pair_005_n3_005_control,control,1,0,0,12.530000000000001,0.04999999999999999,630000,9901584
2171,164626,70,pair_008_n5_008_control,control,1,0,0,12.560000000000002,0.04999999999999999,630000,9906064
2172,164698,72,pair_002_n3_002_control,control,1,0,0,12.540000000000001,0.04999999999999999,630000,9910672
2173,164779,81,pair_002_n3_002_conflict,conflict,1,0,0,12.450000000000001,0.04999999999999999,630000,9915856
2174,164851,72,pair_017_n3_017_control,control,0,1,0,1.4900000000000015,0.04999999999999999,630000,9920464
2175,164917,66,pair_010_n5_010_conflict,conflict,1,0,0,12.600000000000001,0.04999999999999999,630000,9924688
2176,164989,72,pair_010_n3_010_conflict,conflict,1,0,0,12.540000000000001,0.04999999999999999,630000,9929296
2177,165063,74,pair_004_n3_004_conflict,conflict,1,0,0,12.520000000000001,0.04999999999999999,630000,9934032
2178,165133,70,pair_008_n5_008_conflict,conflict,1,0,0,12.560000000000002,0.04999999999999999,630000,9938512
2179,165200,67,pair_006_n5_006_conflict,conflict,1,0,0,12.590000000000002,0.04999999999999999,630000,9942800
2180,165272,72,pair_009_n5_009_control,control,1,0,0,12.540000000000001,0.04999999999999999,630000,9947408
2181,165340,68,pair_000_n3_000_conflict,conflict,1,0,0,12.580000000000002,0.04999999999999999,630000,9951760
2182,165409,69,pair_002_n5_002_control,control,1,0,0,12.570000000000002,0.04999999999999999,630000,9956176
2183,165485,76,pair_000_n5_000_control,control,1,0,0,12.500000000000002,0.04999999999999999,630000,9961040
2184,165554,69,pair_003_n5_003_conflict,conflict,1,0,0,12.570000000000002,0.04999999999999999,630000,9965456
2185,165625,71,pair_013_n3_013_conflict,conflict,1,0,0,12.55,0.04999999999999999,630000,9970000
2186,165697,72,pair_014_n5_014_conflict,conflict,1,0,0,12.540000000000003,0.04999999999999999,630000,9974608
2187,165779,82,pair_012_n5_012_control,control,1,0,0,12.440000000000001,0.04999999999999999,630000,9979856
2188,165848,69,pair_009_n3_009_control,control,1,0,0,12.570000000000002,0.04999999999999999,630000,9984272
2189,165917,69,pair_007_n3_007_control,control,1,0,0,12.570000000000002,0.04999999999999999,630000,9988688
2190,165985,68,pair_004_n5_004_control,control,1,0,0,12.580000000000002,0.04999999999999999,630000,9993040
2191,166058,73,pair_005_n5_005_conflict,conflict,1,0,0,12.530000000000001,0.04999999999999999,630000,9997712
2192,166126,68,pair_011_n5_011_conflict,conflict,1,0,0,12.580000000000002,0.04999999999999999,630000,10002064
2193,166196,70,pair_005_n5_005_control,control,1,0,0,12.560000000000002,0.04999999999999999,630000,10006544
2194,166262,66,pair_001_n3_001_conflict,conflict,1,0,0,12.600000000000001,0.04999999999999999,630000,10010768
2195,166332,70,pair_014_n3_014_conflict,conflict,1,0,0,12.560000000000002,0.04999999999999999,630000,10015248
2196,166400,68,pair_007_n5_007_control,control,1,0,0,12.580000000000002,0.04999999999999999,630000,10019600
2197,166473,73,pair_010_n3_010_control,control,1,0,0,12.530000000000001,0.04999999999999999,630000,10024272
2198,166544,71,pair_006_n5_006_control,control,1,0,0,12.55,0.04999999999999999,630000,10028816
2199,166616,72,pair_006_n3_006_conflict,conflict,1,0,0,12.540000000000003,0.04999999999999999,630000,10033424
2200,166682,66,pair_001_n3_001_control,control,1,0,0,12.600000000000001,0.04999999999999999,630000,10037648
2201,166755,73,pair_004_n5_004_conflict,conflict,1,0,0,12.530000000000001,0.04999999999999999,630000,10042320
2202,166821,66,pair_013_n5_013_conflict,conflict,1,0,0,12.600000000000001,0.04999999999999999,630000,10046544
2203,166890,69,pair_012_n5_012_conflict,conflict,1,0,0,12.570000000000002,0.04999999999999999,630000,10050960
2204,166956,66,pair_000_n3_000_control,control,1,0,0,12.600000000000001,0.04999999999999999,630000,10055184
2205,167026,70,pair_007_n5_007_conflict,conflict,1,0,0,12.560000000000002,0.04999999999999999,630000,10059664
2206,167094,68,pair_012_n3_012_conflict,conflict,1,0,0,12.580000000000002,0.04999999999999999,630000,10064016
2207,167162,68,pair_017_n5_017_control,control,1,0,0,12.580000000000002,0.04999999999999999,630000,10068368
2208,167230,68,pair_015_n5_015_conflict,conflict,1,0,0,12.580000000000002,0.04999999999999999,630000,10072720
2209,167307,77,pair_012_n3_012_control,control,1,0,0,12.490000000000002,0.04999999999999999,630000,10077648
2210,167373,66,pair_008_n3_008_control,control,1,0,0,12.600000000000001,0.04999999999999999,630000,10081872
2211,167379,6,pair_015_n3_015_control,control,0,1,0,-0.95,0.04999999999999999,630000,10082256
2212,167445,66,pair_001_n5_001_conflict,conflict,1,0,0,12.600000000000001,0.04999999999999999,630000,10086480
2213,167515,70,pair_009_n3_009_conflict,conflict,1,0,0,12.560000000000002,0.04999999999999999,630000,10090960
2214,167583,68,pair_002_n5_002_conflict,conflict,1,0,0,12.580000000000002,0.04999999999999999,630000,10095312
2215,167653,70,pair_001_n5_001_control,control,1,0,0,12.560000000000002,0.04999999999999999,630000,10099792
2216,167722,69,pair_008_n3_008_conflict,conflict,1,0,0,12.570000000000002,0.04999999999999999,630000,10104208
2217,167790,68,pair_013_n5_013_control,control,1,0,0,12.580000000000002,0.04999999999999999,630000,10108560
2218,167858,68,pair_003_n3_003_control,control,1,0,0,12.580000000000002,0.04999999999999999,630000,10112912
2219,167925,67,pair_017_n3_017_conflict,conflict,1,0,0,12.590000000000002,0.04999999999999999,630000,10117200
2220,167998,73,pair_005_n3_005_conflict,conflict,1,0,0,12.530000000000001,0.04999999999999999,630000,10121872
2221,168068,70,pair_011_n5_011_control,control,1,0,0,12.560000000000002,0.04999999999999999,630000,10126352
2222,168143,75,pair_000_n5_000_conflict,conflict,1,0,0,12.510000000000002,0.04999999999999999,630000,10131152
2223,168209,66,pair_003_n5_003_control,control,1,0,0,12.600000000000001,0.04999999999999999,630000,10135376
2224,168280,71,pair_004_n3_004_control,control,1,0,0,12.55,0.04999999999999999,630000,10139920
2225,168352,72,pair_006_n3_006_control,control,1,0,0,12.540000000000001,0.04999999999999999,630000,10144528
2226,168420,68,pair_015_n5_015_control,control,1,0,0,12.580000000000002,0.04999999999999999,630000,10148880
2227,168499,79,pair_016_n5_016_control,control,1,0,0,12.470000000000002,0.04999999999999999,630000,10153936
2228,168567,68,pair_007_n3_007_conflict,conflict,1,0,0,12.580000000000002,0.04999999999999999,630000,10158288
2229,168637,70,pair_016_n5_016_conflict,conflict,1,0,0,12.560000000000002,0.04999999999999999,630000,10162768
2230,168705,68,pair_003_n3_003_conflict,conflict,1,0,0,12.580000000000002,0.04999999999999999,630000,10167120
2231,168773,68,pair_014_n5_014_control,control,1,0,0,12.580000000000002,0.04999999999999999,630000,10171472
2232,168843,70,pair_015_n5_015_control,control,1,0,0,12.560000000000002,0.04999999999999999,630000,10175952
2233,168918,75,pair_002_n5_002_conflict,conflict,1,0,0,12.510000000000002,0.04999999999999999,630000,10180752
2234,168989,71,pair_014_n5_014_conflict,conflict,1,0,0,12.55,0.04999999999999999,630000,10185296
2235,169056,67,pair_008_n5_008_conflict,conflict,1,0,0,12.590000000000002,0.04999999999999999,630000,10189584
2236,169128,72,pair_000_n5_000_control,control,1,0,0,12.540000000000001,0.04999999999999999,630000,10194192
2237,169208,80,pair_003_n5_003_control,control,1,0,0,12.46,0.04999999999999999,630000,10199312
2238,169277,69,pair_001_n5_001_control,control,1,0,0,12.570000000000002,0.04999999999999999,630000,10203728
2239,169349,72,pair_002_n5_002_control,control,1,0,0,12.540000000000001,0.04999999999999999,630000,10208336
2240,169422,73,pair_014_n5_014_control,control,1,0,0,12.530000000000001,0.04999999999999999,630000,10213008
2241,169493,71,pair_013_n5_013_conflict,conflict,1,0,0,12.55,0.04999999999999999,630000,10217552
2242,169566,73,pair_004_n3_004_conflict,conflict,1,0,0,12.530000000000001,0.04999999999999999,630000,10222224
2243,169636,70,pair_005_n5_005_control,control,1,0,0,12.560000000000002,0.04999999999999999,630000,10226704
2244,169706,70,pair_005_n5_005_conflict,conflict,1,0,0,12.560000000000002,0.04999999999999999,630000,10231184
2245,169777,71,pair_017_n3_017_conflict,conflict,1,0,0,12.55,0.04999999999999999,630000,10235728
2246,169843,66,pair_011_n3_011_control,control,1,0,0,12.600000000000001,0.04999999999999999,630000,10239952
2247,169917,74,pair_010_n3_010_control,control,1,0,0,12.520000000000001,0.04999999999999999,630000,10244688
2248,169989,72,pair_003_n5_003_conflict,conflict,1,0,0,12.540000000000001,0.04999999999999999,630000,10249296
2249,170059,70,pair_008_n5_008_control,control,1,0,0,12.560000000000002,0.04999999999999999,630000,10253776
2250,170132,73,pair_011_n3_011_conflict,conflict,1,0,0,12.530000000000001,0.04999999999999999,630000,10258448
2251,170200,68,pair_007_n3_007_conflict,conflict,1,0,0,12.580000000000002,0.04999999999999999,630000,10262800
2252,170203,3,pair_014_n3_014_control,control,0,1,0,-0.97,0.04999999999999999,630000,10262992
2253,170274,71,pair_007_n3_007_control,control,1,0,0,12.55,0.04999999999999999,630000,10267536
2254,170348,74,pair_005_n3_005_conflict,conflict,1,0,0,12.520000000000001,0.04999999999999999,630000,10272272
2255,170416,68,pair_016_n5_016_control,control,1,0,0,12.580000000000002,0.04999999999999999,630000,10276624
2256,170490,74,pair_012_n3_012_control,control,1,0,0,12.520000000000001,0.04999999999999999,630000,10281360
2257,170565,75,pair_017_n3_017_control,control,1,0,0,12.510000000000002,0.04999999999999999,630000,10286160
2258,170636,71,pair_003_n3_003_conflict,conflict,1,0,0,12.55,0.04999999999999999,630000,10290704
2259,170704,68,pair_013_n3_013_control,control,1,0,0,12.580000000000002,0.04999999999999999,630000,10295056
2260,170779,75,pair_014_n3_014_conflict,conflict,1,0,0,12.510000000000002,0.04999999999999999,630000,10299856
2261,170848,69,pair_010_n5_010_conflict,conflict,1,0,0,12.570000000000002,0.04999999999999999,630000,10304272
2262,170919,71,pair_006_n3_006_conflict,conflict,1,0,0,12.55,0.04999999999999999,630000,10308816
2263,170988,69,pair_007_n5_007_conflict,conflict,1,0,0,12.570000000000002,0.04999999999999999,630000,10313232
2264,171060,72,pair_013_n5_013_control,control,1,0,0,12.540000000000001,0.04999999999999999,630000,10317840
2265,171133,73,pair_001_n3_001_control,control,1,0,0,12.530000000000001,0.04999999999999999,630000,10322512
2266,171202,69,pair_016_n3_016_conflict,conflict,1,0,0,12.570000000000002,0.04999999999999999,630000,10326928
2267,171281,79,pair_007_n5_007_control,control,1,0,0,12.470000000000002,0.04999999999999999,630000,10331984
2268,171348,67,pair_000_n3_000_control,control,1,0,0,12.590000000000002,0.04999999999999999,630000,10336272
2269,171414,66,pair_006_n5_006_control,control,1,0,0,12.600000000000001,0.04999999999999999,630000,10340496
2270,171482,68,pair_004_n5_004_control,control,1,0,0,12.580000000000002,0.04999999999999999,630000,10344848
2271,171553,71,pair_010_n5_010_control,control,1,0,0,12.55,0.04999999999999999,630000,10349392
2272,171623,70,pair_000_n5_000_conflict,conflict,1,0,0,12.560000000000002,0.04999999999999999,630000,10353872
2273,171692,69,pair_010_n3_010_conflict,conflict,1,0,0,12.570000000000002,0.04999999999999999,630000,10358288
2274,171758,66,pair_009_n5_009_control,control,1,0,0,12.600000000000001,0.04999999999999999,630000,10362512
2275,171826,68,pair_001_n5_001_conflict,conflict,1,0,0,12.580000000000002,0.04999999999999999,630000,10366864
2276,171898,72,pair_015_n3_015_control,control,1,0,0,12.540000000000003,0.04999999999999999,630000,10371472
2277,171970,72,pair_013_n3_013_conflict,conflict,1,0,0,12.540000000000001,0.04999999999999999,630000,10376080
2278,172040,70,pair_004_n5_004_conflict,conflict,1,0,0,12.560000000000002,0.04999999999999999,630000,10380560
2279,172113,73,pair_015_n3_015_conflict,conflict,1,0,0,12.530000000000001,0.04999999999999999,630000,10385232
2280,172179,66,pair_000_n3_000_conflict,conflict,1,0,0,12.600000000000001,0.04999999999999999,630000,10389456
2281,172250,71,pair_011_n5_011_control,control,1,0,0,12.55,0.04999999999999999,630000,10394000
2282,172318,68,pair_008_n3_008_conflict,conflict,1,0,0,12.580000000000002,0.04999999999999999,630000,10398352
2283,172326,8,pair_016_n3_016_control,control,0,1,0,-0.97,0.04999999999999999,630000,10398864
2284,172397,71,pair_009_n3_009_control,control,1,0,0,12.55,0.04999999999999999,630000,10403408
2285,172465,68,pair_008_n3_008_control,control,1,0,0,12.580000000000002,0.04999999999999999,630000,10407760
2286,172533,68,pair_003_n3_003_control,control,1,0,0,12.580000000000002,0.04999999999999999,630000,10412112
2287,172600,67,pair_011_n5_011_conflict,conflict,1,0,0,12.590000000000002,0.04999999999999999,630000,10416400
2288,172669,69,pair_012_n3_012_conflict,conflict,1,0,0,12.570000000000002,0.04999999999999999,630000,10420816
2289,172746,77,pair_017_n5_017_control,control,1,0,0,12.490000000000002,0.04999999999999999,630000,10425744
2290,172815,69,pair_015_n5_015_conflict,conflict,1,0,0,12.570000000000002,0.04999999999999999,630000,10430160
2291,172882,67,pair_005_n3_005_control,control,1,0,0,12.590000000000002,0.04999999999999999,630000,10434448
2292,172952,70,pair_006_n5_006_conflict,conflict,1,0,0,12.560000000000002,0.04999999999999999,630000,10438928
2293,173020,68,pair_001_n3_001_conflict,conflict,1,0,0,12.580000000000002,0.04999999999999999,630000,10443280
2294,173095,75,pair_012_n5_012_conflict,conflict,1,0,0,12.510000000000002,0.04999999999999999,630000,10448080
2295,173120,25,pair_012_n5_012_control,control,0,1,0,-0.0399999999999997,0.04999999999999999,630000,10449680
2296,173191,71,pair_002_n3_002_conflict,conflict,1,0,0,12.55,0.04999999999999999,630000,10454224
2297,173258,67,pair_009_n3_009_conflict,conflict,1,0,0,12.590000000000002,0.04999999999999999,630000,10458512
2298,173329,71,pair_016_n5_016_conflict,conflict,1,0,0,12.55,0.04999999999999999,630000,10463056
2299,173396,67,pair_004_n3_004_control,control,1,0,0,12.590000000000002,0.04999999999999999,630000,10467344
2300,173467,71,pair_017_n5_017_conflict,conflict,1,0,0,12.55,0.04999999999999999,630000,10471888
2301,173539,72,pair_006_n3_006_control,control,1,0,0,12.540000000000001,0.04999999999999999,630000,10476496
2302,173609,70,pair_002_n3_002_control,control,1,0,0,12.560000000000002,0.04999999999999999,630000,10480976
2303,173677,68,pair_009_n5_009_conflict,conflict,1,0,0,12.580000000000002,0.04999999999999999,630000,10485328
2304,173749,72,pair_004_n5_004_control,control,1,0,0,12.540000000000001,0.04999999999999999,630000,10489936
2305,173827,78,pair_014_n5_014_conflict,conflict,1,0,0,12.48,0.04999999999999999,630000,10494928
2306,173897,70,pair_007_n3_007_conflict,conflict,1,0,0,12.560000000000002,0.04999999999999999,630000,10499408
2307,173963,66,pair_012_n5_012_control,control,1,0,0,12.600000000000001,0.04999999999999999,630000,10503632
2308,174034,71,pair_015_n5_015_conflict,conflict,1,0,0,12.55,0.04999999999999999,630000,10508176
2309,174107,73,pair_012_n5_012_conflict,conflict,1,0,0,12.530000000000001,0.04999999999999999,630000,10512848
2310,174179,72,pair_001_n5_001_conflict,conflict,1,0,0,12.540000000000001,0.04999999999999999,630000,10517456
2311,174245,66,pair_017_n5_017_conflict,conflict,1,0,0,12.600000000000001,0.04999999999999999,630000,10521680
2312,174313,68,pair_006_n3_006_control,control,1,0,0,12.580000000000002,0.04999999999999999,630000,10526032
2313,174381,68,pair_005_n5_005_conflict,conflict,1,0,0,12.580000000000002,0.04999999999999999,630000,10530384
2314,174450,69,pair_005_n3_005_control,control,1,0,0,12.570000000000002,0.04999999999999999,630000,10534800
2315,174516,66,pair_013_n3_013_control,control,1,0,0,12.600000000000001,0.04999999999999999,630000,10539024
2316,174586,70,pair_003_n3_003_conflict,conflict,1,0,0,12.560000000000002,0.04999999999999999,630000,10543504
2317,174658,72,pair_016_n3_016_conflict,conflict,1,0,0,12.540000000000001,0.04999999999999999,630000,10548112
2318,174726,68,pair_004_n3_004_conflict,conflict,1,0,0,12.580000000000002,0.04999999999999999,630000,10552464
2319,174796,70,pair_017_n3_017_conflict,conflict,1,0,0,12.560000000000002,0.04999999999999999,630000,10556944
2320,174864,68,pair_011_n3_011_control,control,1,0,0,12.580000000000002,0.04999999999999999,630000,10561296
2321,174935,71,pair_011_n3_011_conflict,conflict,1,0,0,12.55,0.04999999999999999,630000,10565840
2322,175005,70,pair_006_n5_006_conflict,conflict,1,0,0,12.560000000000002,0.04999999999999999,630000,10570320
2323,175075,70,pair_006_n3_006_conflict,conflict,1,0,0,12.560000000000002,0.04999999999999999,630000,10574800
2324,175141,66,pair_014_n3_014_control,control,1,0,0,12.600000000000001,0.04999999999999999,630000,10579024
2325,175207,66,pair_015_n3_015_conflict,conflict,1,0,0,12.600000000000001,0.04999999999999999,630000,10583248
2326,175279,72,pair_007_n3_007_control,control,1,0,0,12.540000000000001,0.04999999999999999,630000,10587856
2327,175348,69,pair_007_n5_007_conflict,conflict,1,0,0,12.570000000000002,0.04999999999999999,630000,10592272
2328,175416,68,pair_005_n5_005_control,control,1,0,0,12.580000000000002,0.04999999999999999,630000,10596624
2329,175484,68,pair_000_n5_000_control,control,1,0,0,12.580000000000002,0.04999999999999999,630000,10600976
2330,175556,72,pair_010_n5_010_conflict,conflict,1,0,0,12.540000000000001,0.04999999999999999,630000,10605584
2331,175624,68,pair_003_n3_003_control,control,1,0,0,12.580000000000002,0.04999999999999999,630000,10609936
2332,175694,70,pair_008_n3_008_control,control,1,0,0,12.560000000000002,0.04999999999999999,630000,10614416
2333,175762,68,pair_009_n3_009_conflict,conflict,1,0,0,12.580000000000002,0.04999999999999999,630000,10618768
2334,175832,70,pair_001_n3_001_control,control,1,0,0,12.560000000000002,0.04999999999999999,630000,10623248
2335,175908,76,pair_013_n5_013_control,control,1,0,0,12.500000000000002,0.04999999999999999,630000,10628112
2336,175930,22,pair_016_n5_016_control,control,0,1,0,-0.5100000000000001,0.04999999999999999,630000,10629520
2337,176002,72,pair_000_n3_000_conflict,conflict,1,0,0,12.540000000000001,0.04999999999999999,630000,10634128
2338,176075,73,pair_017_n5_017_control,control,1,0,0,12.530000000000001,0.04999999999999999,630000,10638800
2339,176144,69,pair_001_n5_001_control,control,1,0,0,12.570000000000002,0.04999999999999999,630000,10643216
2340,176219,75,pair_001_n3_001_conflict,conflict,1,0,0,12.510000000000002,0.04999999999999999,630000,10648016
2341,176295,76,pair_015_n5_015_control,control,1,0,0,12.500000000000002,0.04999999999999999,630000,10652880
2342,176366,71,pair_005_n3_005_conflict,conflict,1,0,0,12.55,0.04999999999999999,630000,10657424
2343,176437,71,pair_011_n5_011_conflict,conflict,1,0,0,12.55,0.04999999999999999,630000,10661968
2344,176509,72,pair_003_n5_003_conflict,conflict,1,0,0,12.540000000000001,0.04999999999999999,630000,10666576
2345,176579,70,pair_002_n5_002_control,control,1,0,0,12.560000000000002,0.04999999999999999,630000,10671056
2346,176645,66,pair_002_n5_002_conflict,conflict,1,0,0,12.600000000000001,0.04999999999999999,630000,10675280
2347,176714,69,pair_017_n3_017_control,control,1,0,0,12.570000000000002,0.04999999999999999,630000,10679696
2348,176785,71,pair_012_n3_012_control,control,1,0,0,12.55,0.04999999999999999,630000,10684240
2349,176851,66,pair_010_n3_010_conflict,conflict,1,0,0,12.600000000000001,0.04999999999999999,630000,10688464
2350,176918,67,pair_013_n5_013_conflict,conflict,1,0,0,12.590000000000002,0.04999999999999999,630000,10692752
2351,176994,76,pair_013_n3_013_conflict,conflict,1,0,0,12.500000000000002,0.04999999999999999,630000,10697616
2352,177062,68,pair_016_n5_016_conflict,conflict,1,0,0,12.580000000000002,0.04999999999999999,630000,10701968
2353,177130,68,pair_008_n5_008_control,control,1,0,0,12.580000000000002,0.04999999999999999,630000,10706320
2354,177201,71,pair_009_n3_009_control,control,1,0,0,12.55,0.04999999999999999,630000,10710864
2355,177271,70,pair_009_n5_009_control,control,1,0,0,12.560000000000002,0.04999999999999999,630000,10715344
2356,177343,72,pair_010_n5_010_control,control,1,0,0,12.540000000000001,0.04999999999999999,630000,10719952
2357,177414,71,pair_016_n3_016_control,control,1,0,0,12.55,0.04999999999999999,630000,10724496
2358,177487,73,pair_002_n3_002_conflict,conflict,1,0,0,12.530000000000001,0.04999999999999999,630000,10729168
2359,177553,66,pair_015_n3_015_control,control,1,0,0,12.600000000000001,0.04999999999999999,630000,10733392
2360,177619,66,pair_007_n5_007_control,control,1,0,0,12.600000000000001,0.04999999999999999,630000,10737616
2361,177702,83,pair_000_n5_000_conflict,conflict,1,0,0,12.430000000000001,0.04999999999999999,630000,10742928
2362,177775,73,pair_004_n3_004_control,control,1,0,0,12.530000000000001,0.04999999999999999,630000,10747600
2363,177846,71,pair_009_n5_009_conflict,conflict,1,0,0,12.55,0.04999999999999999,630000,10752144
2364,177915,69,pair_004_n5_004_conflict,conflict,1,0,0,12.570000000000002,0.04999999999999999,630000,10756560
2365,177981,66,pair_010_n3_010_control,control,1,0,0,12.600000000000001,0.04999999999999999,630000,10760784
2366,178051,70,pair_012_n3_012_conflict,conflict,1,0,0,12.560000000000002,0.04999999999999999,630000,10765264
2367,178125,74,pair_008_n5_008_conflict,conflict,1,0,0,12.520000000000001,0.04999999999999999,630000,10770000
2368,178192,67,pair_008_n3_008_conflict,conflict,1,0,0,12.590000000000002,0.04999999999999999,630000,10774288
2369,178262,70,pair_000_n3_000_control,control,1,0,0,12.560000000000002,0.04999999999999999,630000,10778768
2370,178330,68,pair_002_n3_002_control,control,1,0,0,12.580000000000002,0.04999999999999999,630000,10783120
2371,178398,68,pair_011_n5_011_control,control,1,0,0,12.580000000000002,0.04999999999999999,630000,10787472
2372,178469,71,pair_014_n3_014_conflict,conflict,1,0,0,12.55,0.04999999999999999,630000,10792016
2373,178473,4,pair_014_n5_014_control,control,0,1,0,-0.88,0.04999999999999999,630000,10792272
2374,178542,69,pair_003_n5_003_control,control,1,0,0,12.570000000000002,0.04999999999999999,630000,10796688
2375,178611,69,pair_006_n5_006_control,control,1,0,0,12.570000000000002,0.04999999999999999,630000,10801104
2376,178681,70,pair_015_n3_015_conflict,conflict,1,0,0,12.560000000000002,0.04999999999999999,630000,10805584
2377,178749,68,pair_009_n3_009_conflict,conflict,1,0,0,12.580000000000002,0.04999999999999999,630000,10809936
2378,178815,66,pair_009_n5_009_conflict,conflict,1,0,0,12.600000000000001,0.04999999999999999,630000,10814160
2379,178886,71,pair_005_n5_005_control,control,1,0,0,12.55,0.04999999999999999,630000,10818704
2380,178957,71,pair_015_n5_015_control,control,1,0,0,12.55,0.04999999999999999,630000,10823248
2381,179031,74,pair_010_n5_010_control,control,1,0,0,12.520000000000001,0.04999999999999999,630000,10827984
2382,179102,71,pair_004_n3_004_control,control,1,0,0,12.55,0.04999999999999999,630000,10832528
2383,179169,67,pair_016_n5_016_control,control,1,0,0,12.590000000000002,0.04999999999999999,630000,10836816
2384,179239,70,pair_001_n5_001_control,control,1,0,0,12.560000000000002,0.04999999999999999,630000,10841296
2385,179307,68,pair_017_n3_017_conflict,conflict,1,0,0,12.580000000000002,0.04999999999999999,630000,10845648
2386,179373,66,pair_014_n5_014_conflict,conflict,1,0,0,12.600000000000001,0.04999999999999999,630000,10849872
2387,179441,68,pair_008_n3_008_control,control,1,0,0,12.580000000000002,0.04999999999999999,630000,10854224
2388,179507,66,pair_011_n5_011_control,control,1,0,0,12.600000000000001,0.04999999999999999,630000,10858448
2389,179584,77,pair_005_n3_005_conflict,conflict,1,0,0,12.490000000000002,0.04999999999999999,630000,10863376
2390,179650,66,pair_001_n3_001_control,control,0,1,0,1.5500000000000016,0.04999999999999999,630000,10867600
2391,179724,74,pair_015_n5_015_conflict,conflict,1,0,0,12.520000000000001,0.04999999999999999,630000,10872336
2392,179794,70,pair_011_n5_011_conflict,conflict,1,0,0,12.560000000000002,0.04999999999999999,630000,10876816
2393,179861,67,pair_010_n5_010_conflict,conflict,1,0,0,12.590000000000002,0.04999999999999999,630000,10881104
2394,179931,70,pair_003_n5_003_conflict,conflict,1,0,0,12.560000000000002,0.04999999999999999,630000,10885584
2395,179999,68,pair_016_n3_016_conflict,conflict,1,0,0,12.580000000000002,0.04999999999999999,630000,10889936
2396,180069,70,pair_013_n3_013_conflict,conflict,1,0,0,12.560000000000002,0.04999999999999999,630000,10894416
2397,180139,70,pair_005_n5_005_conflict,conflict,1,0,0,12.560000000000002,0.04999999999999999,630000,10898896
2398,180210,71,pair_007_n5_007_conflict,conflict,1,0,0,12.55,0.04999999999999999,630000,10903440
2399,180282,72,pair_004_n5_004_conflict,conflict,1,0,0,12.540000000000001,0.04999999999999999,630000,10908048
2400,180355,73,pair_017_n3_017_control,control,1,0,0,12.530000000000001,0.04999999999999999,630000,10912720
2401,180423,68,pair_010_n3_010_conflict,conflict,1,0,0,12.580000000000002,0.04999999999999999,630000,10917072
2402,180489,66,pair_013_n3_013_control,control,1,0,0,12.600000000000001,0.04999999999999999,630000,10921296
2403,180561,72,pair_009_n3_009_control,control,1,0,0,12.540000000000003,0.04999999999999999,630000,10925904
2404,180631,70,pair_008_n5_008_conflict,conflict,1,0,0,12.560000000000002,0.04999999999999999,630000,10930384
2405,180697,66,pair_003_n3_003_control,control,1,0,0,12.600000000000001,0.04999999999999999,630000,10934608
2406,180768,71,pair_000_n5_000_control,control,1,0,0,12.55,0.04999999999999999,630000,10939152
2407,180834,66,pair_016_n5_016_conflict,conflict,1,0,0,12.600000000000001,0.04999999999999999,630000,10943376
2408,180902,68,pair_013_n5_013_conflict,conflict,1,0,0,12.580000000000002,0.04999999999999999,630000,10947728
2409,180975,73,pair_007_n5_007_control,control,1,0,0,12.530000000000001,0.04999999999999999,630000,10952400
2410,181044,69,pair_000_n3_000_control,control,1,0,0,12.570000000000002,0.04999999999999999,630000,10956816
2411,181114,70,pair_011_n3_011_conflict,conflict,1,0,0,12.560000000000002,0.04999999999999999,630000,10961296
2412,181184,70,pair_014_n3_014_control,control,1,0,0,12.560000000000002,0.04999999999999999,630000,10965776
2413,181253,69,pair_017_n5_017_control,control,1,0,0,12.570000000000002,0.04999999999999999,630000,10970192
2414,181324,71,pair_008_n5_008_control,control,1,0,0,12.55,0.04999999999999999,630000,10974736
2415,181394,70,pair_014_n3_014_conflict,conflict,1,0,0,12.560000000000002,0.04999999999999999,630000,10979216
2416,181462,68,pair_012_n3_012_control,control,1,0,0,12.580000000000002,0.04999999999999999,630000,10983568
2417,181536,74,pair_016_n3_016_control,control,1,0,0,12.520000000000001,0.04999999999999999,630000,10988304
2418,181602,66,pair_001_n3_001_conflict,conflict,1,0,0,12.600000000000001,0.04999999999999999,630000,10992528
2419,181671,69,pair_002_n3_002_control,control,1,0,0,12.570000000000002,0.04999999999999999,630000,10996944
2420,181743,72,pair_006_n3_006_conflict,conflict,1,0,0,12.540000000000001,0.04999999999999999,630000,11001552
2421,181811,68,pair_006_n3_006_control,control,1,0,0,12.580000000000002,0.04999999999999999,630000,11005904
2422,181815,4,pair_007_n3_007_conflict,conflict,0,1,0,-0.88,0.04999999999999999,630000,11006160
2423,181890,75,pair_017_n5_017_conflict,conflict,1,0,0,12.510000000000002,0.04999999999999999,630000,11010960
2424,181956,66,pair_009_n5_009_control,control,1,0,0,12.600000000000001,0.04999999999999999,630000,11015184
2425,182029,73,pair_014_n5_014_control,control,1,0,0,12.530000000000001,0.04999999999999999,630000,11019856
2426,182101,72,pair_011_n3_011_control,control,1,0,0,12.540000000000001,0.04999999999999999,630000,11024464
2427,182171,70,pair_007_n3_007_control,control,1,0,0,12.560000000000002,0.04999999999999999,630000,11028944
2428,182243,72,pair_015_n3_015_control,control,1,0,0,12.540000000000001,0.04999999999999999,630000,11033552
2429,182314,71,pair_003_n5_003_control,control,1,0,0,12.55,0.04999999999999999,630000,11038096
2430,182380,66,pair_002_n5_002_conflict,conflict,1,0,0,12.600000000000001,0.04999999999999999,630000,11042320
2431,182454,74,pair_003_n3_003_conflict,conflict,1,0,0,12.520000000000001,0.04999999999999999,630000,11047056
2432,182524,70,pair_013_n5_013_control,control,1,0,0,12.560000000000002,0.04999999999999999,630000,11051536
2433,182596,72,pair_001_n5_001_conflict,conflict,1,0,0,12.540000000000001,0.04999999999999999,630000,11056144
2434,182670,74,pair_005_n3_005_control,control,1,0,0,12.520000000000001,0.04999999999999999,630000,11060880
2435,182738,68,pair_002_n5_002_control,control,1,0,0,12.580000000000002,0.04999999999999999,630000,11065232
2436,182822,84,pair_010_n3_010_control,control,1,0,0,12.420000000000002,0.04999999999999999,630000,11070608
2437,182894,72,pair_000_n3_000_conflict,conflict,1,0,0,12.540000000000001,0.04999999999999999,630000,11075216
2438,182967,73,pair_012_n5_012_control,control,1,0,0,12.530000000000001,0.04999999999999999,630000,11079888
2439,183035,68,pair_012_n5_012_conflict,conflict,1,0,0,12.580000000000002,0.04999999999999999,630000,11084240
2440,183102,67,pair_008_n3_008_conflict,conflict,1,0,0,12.590000000000002,0.04999999999999999,630000,11088528
2441,183169,67,pair_002_n3_002_conflict,conflict,1,0,0,12.590000000000002,0.04999999999999999,630000,11092816
2442,183239,70,pair_012_n3_012_conflict,conflict,1,0,0,12.560000000000002,0.04999999999999999,630000,11097296
2443,183307,68,pair_000_n5_000_conflict,conflict,1,0,0,12.580000000000002,0.04999999999999999,630000,11101648
2444,183376,69,pair_004_n3_004_conflict,conflict,1,0,0,12.570000000000002,0.04999999999999999,630000,11106064
2445,183447,71,pair_004_n5_004_control,control,1,0,0,12.55,0.04999999999999999,630000,11110608
2446,183517,70,pair_006_n5_006_control,control,1,0,0,12.560000000000002,0.04999999999999999,630000,11115088
2447,183533,16,pair_006_n5_006_conflict,conflict,0,1,0,-0.55,0.04999999999999999,630000,11116112
2448,183607,74,pair_001_n5_001_conflict,conflict,1,0,0,12.520000000000001,0.04999999999999999,630000,11120848
2449,183680,73,pair_000_n3_000_conflict,conflict,1,0,0,12.530000000000001,0.04999999999999999,630000,11125520
2450,183756,76,pair_005_n3_005_conflict,conflict,1,0,0,12.500000000000002,0.04999999999999999,630000,11130384
2451,183824,68,pair_016_n5_016_conflict,conflict,1,0,0,12.580000000000002,0.04999999999999999,630000,11134736
2452,183891,67,pair_013_n3_013_control,control,1,0,0,12.590000000000002,0.04999999999999999,630000,11139024
2453,183961,70,pair_011_n3_011_control,control,1,0,0,12.560000000000002,0.04999999999999999,630000,11143504
2454,184031,70,pair_015_n3_015_conflict,conflict,1,0,0,12.560000000000002,0.04999999999999999,630000,11147984
2455,184101,70,pair_005_n5_005_conflict,conflict,1,0,0,12.560000000000002,0.04999999999999999,630000,11152464
2456,184174,73,pair_002_n3_002_control,control,1,0,0,12.530000000000001,0.04999999999999999,630000,11157136
2457,184254,80,pair_009_n3_009_conflict,conflict,1,0,0,12.46,0.04999999999999999,630000,11162256
2458,184329,75,pair_008_n5_008_control,control,1,0,0,12.510000000000002,0.04999999999999999,630000,11167056
2459,184405,76,pair_008_n3_008_control,control,1,0,0,12.500000000000002,0.04999999999999999,630000,11171920
2460,184480,75,pair_003_n5_003_control,control,1,0,0,12.510000000000002,0.04999999999999999,630000,11176720
2461,184555,75,pair_000_n5_000_conflict,conflict,1,0,0,12.510000000000002,0.04999999999999999,630000,11181520
2462,184636,81,pair_012_n3_012_conflict,conflict,1,0,0,12.450000000000003,0.04999999999999999,630000,11186704
2463,184708,72,pair_007_n5_007_conflict,conflict,1,0,0,12.540000000000001,0.04999999999999999,630000,11191312
2464,184789,81,pair_014_n3_014_control,control,1,0,0,12.450000000000001,0.04999999999999999,630000,11196496
2465,184860,71,pair_015_n5_015_conflict,conflict,1,0,0,12.55,0.04999999999999999,630000,11201040
2466,184929,69,pair_007_n3_007_control,control,1,0,0,12.570000000000002,0.04999999999999999,630000,11205456
2467,184998,69,pair_015_n5_015_control,control,1,0,0,12.570000000000002,0.04999999999999999,630000,11209872
2468,185068,70,pair_010_n3_010_conflict,conflict,1,0,0,12.560000000000002,0.04999999999999999,630000,11214352
2469,185136,68,pair_012_n3_012_control,control,1,0,0,12.580000000000002,0.04999999999999999,630000,11218704
2470,185205,69,pair_016_n3_016_conflict,conflict,1,0,0,12.570000000000002,0.04999999999999999,630000,11223120
2471,185276,71,pair_003_n3_003_conflict,conflict,1,0,0,12.55,0.04999999999999999,630000,11227664
2472,185346,70,pair_015_n3_015_control,control,1,0,0,12.560000000000002,0.04999999999999999,630000,11232144
2473,185413,67,pair_003_n3_003_control,control,1,0,0,12.590000000000002,0.04999999999999999,630000,11236432
2474,185483,70,pair_003_n5_003_conflict,conflict,1,0,0,12.560000000000002,0.04999999999999999,630000,11240912
2475,185553,70,pair_017_n5_017_control,control,1,0,0,12.560000000000002,0.04999999999999999,630000,11245392
2476,185624,71,pair_011_n3_011_conflict,conflict,1,0,0,12.55,0.04999999999999999,630000,11249936
2477,185692,68,pair_002_n5_002_control,control,1,0,0,12.580000000000002,0.04999999999999999,630000,11254288
2478,185759,67,pair_000_n5_000_control,control,1,0,0,12.590000000000002,0.04999999999999999,630000,11258576
2479,185837,78,pair_013_n5_013_conflict,conflict,1,0,0,12.48,0.04999999999999999,630000,11263568
2480,185904,67,pair_005_n3_005_control,control,1,0,0,12.590000000000002,0.04999999999999999,630000,11267856
2481,185980,76,pair_010_n5_010_conflict,conflict,1,0,0,12.500000000000002,0.04999999999999999,630000,11272720
2482,186059,79,pair_012_n5_012_conflict,conflict,1,0,0,12.470000000000002,0.04999999999999999,630000,11277776
2483,186135,76,pair_004_n3_004_control,control,1,0,0,12.500000000000002,0.04999999999999999,630000,11282640
2484,186209,74,pair_002_n5_002_conflict,conflict,1,0,0,12.520000000000001,0.04999999999999999,630000,11287376
2485,186282,73,pair_009_n3_009_control,control,1,0,0,12.530000000000001,0.04999999999999999,630000,11292048
2486,186356,74,pair_004_n5_004_conflict,conflict,1,0,0,12.520000000000001,0.04999999999999999,630000,11296784
2487,186431,75,pair_016_n3_016_control,control,1,0,0,12.510000000000002,0.04999999999999999,630000,11301584
2488,186504,73,pair_017_n3_017_control,control,1,0,0,12.530000000000001,0.04999999999999999,630000,11306256
2489,186583,79,pair_006_n3_006_control,control,1,0,0,12.470000000000002,0.04999999999999999,630000,11311312
2490,186656,73,pair_007_n5_007_control,control,1,0,0,12.530000000000001,0.04999999999999999,630000,11315984
2491,186729,73,pair_014_n5_014_control,control,1,0,0,12.530000000000001,0.04999999999999999,630000,11320656
2492,186799,70,pair_014_n5_014_conflict,conflict,1,0,0,12.560000000000002,0.04999999999999999,630000,11325136
2493,186869,70,pair_009_n5_009_conflict,conflict,1,0,0,12.560000000000002,0.04999999999999999,630000,11329616
2494,186937,68,pair_001_n5_001_control,control,1,0,0,12.580000000000002,0.04999999999999999,630000,11333968
2495,187004,67,pair_006_n5_006_control,control,1,0,0,12.590000000000002,0.04999999999999999,630000,11338256
2496,187075,71,pair_006_n3_006_conflict,conflict,1,0,0,12.55,0.04999999999999999,630000,11342800
2497,187144,69,pair_002_n3_002_conflict,conflict,1,0,0,12.570000000000002,0.04999999999999999,630000,11347216
2498,187213,69,pair_017_n3_017_conflict,conflict,1,0,0,12.570000000000002,0.04999999999999999,630000,11351632
2499,187285,72,pair_005_n5_005_control,control,1,0,0,12.540000000000001,0.04999999999999999,630000,11356240
2500,187352,67,pair_016_n5_016_control,control,1,0,0,12.590000000000002,0.04999999999999999,630000,11360528
2501,187421,69,pair_009_n5_009_control,control,1,0,0,12.570000000000002,0.04999999999999999,630000,11364944
2502,187496,75,pair_001_n3_001_conflict,conflict,1,0,0,12.510000000000002,0.04999999999999999,630000,11369744
2503,187567,71,pair_013_n3_013_conflict,conflict,1,0,0,12.55,0.04999999999999999,630000,11374288
2504,187640,73,pair_001_n3_001_control,control,1,0,0,12.530000000000001,0.04999999999999999,630000,11378960
2505,187711,71,pair_012_n5_012_control,control,1,0,0,12.55,0.04999999999999999,630000,11383504
2506,187781,70,pair_004_n3_004_conflict,conflict,1,0,0,12.560000000000002,0.04999999999999999,630000,11387984
2507,187853,72,pair_011_n5_011_control,control,1,0,0,12.540000000000001,0.04999999999999999,630000,11392592
2508,187925,72,pair_004_n5_004_control,control,1,0,0,12.540000000000001,0.04999999999999999,630000,11397200
2509,187994,69,pair_006_n5_006_conflict,conflict,1,0,0,12.570000000000002,0.04999999999999999,630000,11401616
2510,188060,66,pair_013_n5_013_control,control,1,0,0,12.600000000000001,0.04999999999999999,630000,11405840
2511,188128,68,pair_010_n5_010_control,control,1,0,0,12.580000000000002,0.04999999999999999,630000,11410192
2512,188197,69,pair_011_n5_011_conflict,conflict,1,0,0,12.570000000000002,0.04999999999999999,630000,11414608
2513,188268,71,pair_008_n3_008_conflict,conflict,1,0,0,12.55,0.04999999999999999,630000,11419152
2514,188341,73,pair_017_n5_017_conflict,conflict,1,0,0,12.530000000000001,0.04999999999999999,630000,11423824
2515,188411,70,pair_007_n3_007_conflict,conflict,1,0,0,12.560000000000002,0.04999999999999999,630000,11428304
2516,188478,67,pair_008_n5_008_conflict,conflict,1,0,0,12.590000000000002,0.04999999999999999,630000,11432592
2517,188546,68,pair_010_n3_010_control,control,1,0,0,12.580000000000002,0.04999999999999999,630000,11436944
2518,188622,76,pair_000_n3_000_control,control,1,0,0,12.500000000000002,0.04999999999999999,630000,11441808
2519,188690,68,pair_014_n3_014_conflict,conflict,1,0,0,12.580000000000002,0.04999999999999999,630000,11446160
2520,188759,69,pair_016_n3_016_control,control,1,0,0,12.570000000000002,0.04999999999999999,630000,11450576
2521,188774,15,pair_014_n5_014_control,control,0,1,0,-0.4900000000000001,0.04999999999999999,630000,11451536
2522,188841,67,pair_004_n3_004_control,control,1,0,0,12.590000000000002,0.04999999999999999,630000,11455824
2523,188916,75,pair_015_n5_015_conflict,conflict,1,0,0,12.510000000000002,0.04999999999999999,630000,11460624
2524,188983,67,pair_008_n5_008_conflict,conflict,1,0,0,12.590000000000002,0.04999999999999999,630000,11464912
2525,189061,78,pair_002_n3_002_conflict,conflict,1,0,0,12.48,0.04999999999999999,630000,11469904
2526,189127,66,pair_010_n5_010_conflict,conflict,1,0,0,12.600000000000001,0.04999999999999999,630000,11474128
2527,189193,66,pair_009_n5_009_control,control,1,0,0,12.600000000000001,0.04999999999999999,630000,11478352
2528,189261,68,pair_005_n3_005_conflict,conflict,1,0,0,12.580000000000002,0.04999999999999999,630000,11482704
2529,189327,66,pair_003_n5_003_conflict,conflict,1,0,0,12.600000000000001,0.04999999999999999,630000,11486928
2530,189397,70,pair_013_n3_013_conflict,conflict,1,0,0,12.560000000000002,0.04999999999999999,630000,11491408
2531,189465,68,pair_009_n3_009_control,control,1,0,0,12.580000000000002,0.04999999999999999,630000,11495760
2532,189534,69,pair_011_n3_011_control,control,1,0,0,12.570000000000002,0.04999999999999999,630000,11500176
2533,189606,72,pair_004_n5_004_conflict,conflict,1,0,0,12.540000000000001,0.04999999999999999,630000,11504784
2534,189672,66,pair_006_n5_006_control,control,1,0,0,12.600000000000001,0.04999999999999999,630000,11509008
2535,189738,66,pair_000_n5_000_control,control,1,0,0,12.600000000000001,0.04999999999999999,630000,11513232
2536,189810,72,pair_000_n5_000_conflict,conflict,1,0,0,12.540000000000001,0.04999999999999999,630000,11517840
2537,189879,69,pair_003_n3_003_conflict,conflict,1,0,0,12.570000000000002,0.04999999999999999,630000,11522256
2538,189952,73,pair_010_n3_010_control,control,1,0,0,12.530000000000001,0.04999999999999999,630000,11526928
2539,190022,70,pair_007_n3_007_conflict,conflict,1,0,0,12.560000000000002,0.04999999999999999,630000,11531408
2540,190089,67,pair_017_n3_017_control,control,0,1,0,1.5400000000000014,0.04999999999999999,630000,11535696
2541,190155,66,pair_012_n3_012_control,control,1,0,0,12.600000000000001,0.04999999999999999,630000,11539920
2542,190227,72,pair_008_n5_008_control,control,1,0,0,12.540000000000001,0.04999999999999999,630000,11544528
2543,190296,69,pair_009_n3_009_conflict,conflict,1,0,0,12.570000000000002,0.04999999999999999,630000,11548944
2544,190365,69,pair_001_n5_001_conflict,conflict,1,0,0,12.570000000000002,0.04999999999999999,630000,11553360
2545,190432,67,pair_014_n3_014_control,control,1,0,0,12.590000000000002,0.04999999999999999,630000,11557648
2546,190507,75,pair_009_n5_009_conflict,conflict,1,0,0,12.510000000000002,0.04999999999999999,630000,11562448
2547,190576,69,pair_008_n3_008_control,control,1,0,0,12.570000000000002,0.04999999999999999,630000,11566864
2548,190649,73,pair_016_n3_016_conflict,conflict,1,0,0,12.530000000000001,0.04999999999999999,630000,11571536
2549,190728,79,pair_006_n5_006_conflict,conflict,1,0,0,12.470000000000002,0.04999999999999999,630000,11576592
2550,190794,66,pair_011_n5_011_conflict,conflict,1,0,0,12.600000000000001,0.04999999999999999,630000,11580816
2551,190861,67,pair_005_n5_005_conflict,conflict,1,0,0,12.590000000000002,0.04999999999999999,630000,11585104
2552,190927,66,pair_006_n3_006_conflict,conflict,1,0,0,12.600000000000001,0.04999999999999999,630000,11589328
2553,190999,72,pair_005_n5_005_control,control,1,0,0,12.540000000000001,0.04999999999999999,630000,11593936
2554,191065,66,pair_013_n3_013_control,control,1,0,0,12.600000000000001,0.04999999999999999,630000,11598160
2555,191131,66,pair_007_n3_007_control,control,1,0,0,12.600000000000001,0.04999999999999999,630000,11602384
2556,191200,69,pair_014_n3_014_conflict,conflict,1,0,0,12.570000000000002,0.04999999999999999,630000,11606800
2557,191270,70,pair_014_n5_014_conflict,conflict,1,0,0,12.560000000000002,0.04999999999999999,630000,11611280
2558,191338,68,pair_016_n5_016_conflict,conflict,1,0,0,12.580000000000002,0.04999999999999999,630000,11615632
2559,191416,78,pair_000_n3_000_conflict,conflict,1,0,0,12.48,0.04999999999999999,630000,11620624
2560,191497,81,pair_015_n5_015_control,control,1,0,0,12.450000000000001,0.04999999999999999,630000,11625808
2561,191568,71,pair_002_n5_002_conflict,conflict,1,0,0,12.55,0.04999999999999999,630000,11630352
2562,191636,68,pair_013_n5_013_control,control,1,0,0,12.580000000000002,0.04999999999999999,630000,11634704
2563,191704,68,pair_003_n5_003_control,control,1,0,0,12.580000000000002,0.04999999999999999,630000,11639056
2564,191772,68,pair_004_n3_004_conflict,conflict,1,0,0,12.580000000000002,0.04999999999999999,630000,11643408
2565,191841,69,pair_012_n5_012_conflict,conflict,1,0,0,12.570000000000002,0.04999999999999999,630000,11647824
2566,191911,70,pair_015_n3_015_control,control,1,0,0,12.560000000000002,0.04999999999999999,630000,11652304
2567,191982,71,pair_008_n3_008_conflict,conflict,1,0,0,12.55,0.04999999999999999,630000,11656848
2568,192049,67,pair_017_n3_017_conflict,conflict,1,0,0,12.590000000000002,0.04999999999999999,630000,11661136
2569,192120,71,pair_004_n5_004_control,control,1,0,0,12.55,0.04999999999999999,630000,11665680
2570,192188,68,pair_010_n5_010_control,control,1,0,0,12.580000000000002,0.04999999999999999,630000,11670032
2571,192257,69,pair_013_n5_013_conflict,conflict,1,0,0,12.570000000000002,0.04999999999999999,630000,11674448
2572,192330,73,pair_006_n3_006_control,control,1,0,0,12.530000000000001,0.04999999999999999,630000,11679120
2573,192396,66,pair_001_n3_001_control,control,1,0,0,12.600000000000001,0.04999999999999999,630000,11683344
2574,192464,68,pair_010_n3_010_conflict,conflict,1,0,0,12.580000000000002,0.04999999999999999,630000,11687696
2575,192531,67,pair_005_n3_005_control,control,1,0,0,12.590000000000002,0.04999999999999999,630000,11691984
2576,192597,66,pair_007_n5_007_control,control,1,0,0,12.600000000000001,0.04999999999999999,630000,11696208
2577,192665,68,pair_001_n3_001_conflict,conflict,1,0,0,12.580000000000002,0.04999999999999999,630000,11700560
2578,192734,69,pair_003_n3_003_control,control,1,0,0,12.570000000000002,0.04999999999999999,630000,11704976
2579,192806,72,pair_015_n3_015_conflict,conflict,1,0,0,12.540000000000001,0.04999999999999999,630000,11709584
2580,192872,66,pair_012_n3_012_conflict,conflict,1,0,0,12.600000000000001,0.04999999999999999,630000,11713808
2581,192945,73,pair_002_n5_002_control,control,1,0,0,12.530000000000001,0.04999999999999999,630000,11718480
2582,193017,72,pair_012_n5_012_control,control,1,0,0,12.540000000000001,0.04999999999999999,630000,11723088
2583,193088,71,pair_000_n3_000_control,control,1,0,0,12.55,0.04999999999999999,630000,11727632
2584,193154,66,pair_011_n3_011_conflict,conflict,1,0,0,12.600000000000001,0.04999999999999999,630000,11731856
2585,193222,68,pair_016_n5_016_control,control,1,0,0,12.580000000000002,0.04999999999999999,630000,11736208
2586,193292,70,pair_011_n5_011_control,control,1,0,0,12.560000000000002,0.04999999999999999,630000,11740688
2587,193361,69,pair_002_n3_002_control,control,1,0,0,12.570000000000002,0.04999999999999999,630000,11745104
2588,193429,68,pair_007_n5_007_conflict,conflict,1,0,0,12.580000000000002,0.04999999999999999,630000,11749456
2589,193500,71,pair_001_n5_001_control,control,1,0,0,12.55,0.04999999999999999,630000,11754000
2590,193568,68,pair_017_n5_017_conflict,conflict,1,0,0,12.580000000000002,0.04999999999999999,630000,11758352
2591,193636,68,pair_017_n5_017_control,control,1,0,0,12.580000000000002,0.04999999999999999,630000,11762704
2592,193707,71,pair_008_n3_008_conflict,conflict,1,0,0,12.55,0.04999999999999999,630000,11767248
2593,193780,73,pair_005_n5_005_control,control,1,0,0,12.530000000000001,0.04999999999999999,630000,11771920
2594,193848,68,pair_002_n3_002_control,control,1,0,0,12.580000000000002,0.04999999999999999,630000,11776272
2595,193919,71,pair_003_n3_003_conflict,conflict,1,0,0,12.55,0.04999999999999999,630000,11780816
2596,193988,69,pair_016_n3_016_control,control,1,0,0,12.570000000000002,0.04999999999999999,630000,11785232
2597,194059,71,pair_005_n5_005_conflict,conflict,1,0,0,12.55,0.04999999999999999,630000,11789776
2598,194141,82,pair_007_n3_007_control,control,1,0,0,12.440000000000001,0.04999999999999999,630000,11795024
2599,194213,72,pair_003_n5_003_control,control,1,0,0,12.540000000000001,0.04999999999999999,630000,11799632
2600,194280,67,pair_001_n5_001_conflict,conflict,1,0,0,12.590000000000002,0.04999999999999999,630000,11803920
2601,194352,72,pair_003_n5_003_conflict,conflict,1,0,0,12.540000000000001,0.04999999999999999,630000,11808528
2602,194418,66,pair_015_n3_015_control,control,1,0,0,12.600000000000001,0.04999999999999999,630000,11812752
2603,194484,66,pair_012_n3_012_conflict,conflict,1,0,0,12.600000000000001,0.04999999999999999,630000,11816976
2604,194557,73,pair_010_n3_010_conflict,conflict,1,0,0,12.530000000000001,0.04999999999999999,630000,11821648
2605,194623,66,pair_017_n3_017_conflict,conflict,1,0,0,12.600000000000001,0.04999999999999999,630000,11825872
2606,194693,70,pair_014_n3_014_conflict,conflict,1,0,0,12.560000000000002,0.04999999999999999,630000,11830352
2607,194765,72,pair_008_n3_008_control,control,1,0,0,12.540000000000003,0.04999999999999999,630000,11834960
2608,194838,73,pair_008_n5_008_control,control,1,0,0,12.530000000000001,0.04999999999999999,630000,11839632
2609,194907,69,pair_006_n3_006_conflict,conflict,1,0,0,12.570000000000002,0.04999999999999999,630000,11844048
2610,194978,71,pair_013_n3_013_control,control,1,0,0,12.55,0.04999999999999999,630000,11848592
2611,195049,71,pair_009_n5_009_control,control,1,0,0,12.55,0.04999999999999999,630000,11853136
2612,195117,68,pair_007_n5_007_control,control,1,0,0,12.580000000000002,0.04999999999999999,630000,11857488
2613,195187,70,pair_000_n5_000_conflict,conflict,1,0,0,12.560000000000002,0.04999999999999999,630000,11861968
2614,195258,71,pair_005_n3_005_control,control,1,0,0,12.55,0.04999999999999999,630000,11866512
2615,195328,70,pair_017_n5_017_conflict,conflict,1,0,0,12.560000000000002,0.04999999999999999,630000,11870992
2616,195397,69,pair_005_n3_005_conflict,conflict,1,0,0,12.570000000000002,0.04999999999999999,630000,11875408
2617,195468,71,pair_010_n3_010_control,control,1,0,0,12.55,0.04999999999999999,630000,11879952
2618,195544,76,pair_011_n5_011_conflict,conflict,1,0,0,12.500000000000002,0.04999999999999999,630000,11884816
2619,195614,70,pair_004_n3_004_conflict,conflict,1,0,0,12.560000000000002,0.04999999999999999,630000,11889296
2620,195683,69,pair_012_n3_012_control,control,1,0,0,12.570000000000002,0.04999999999999999,630000,11893712
2621,195857,174,pair_004_n5_004_conflict,conflict,1,0,0,11.520000000000001,0.04999999999999999,630000,11904848
2622,195923,66,pair_001_n5_001_control,control,1,0,0,12.600000000000001,0.04999999999999999,630000,11909072
2623,195993,70,pair_000_n3_000_control,control,1,0,0,12.560000000000002,0.04999999999999999,630000,11913552
2624,196061,68,pair_009_n3_009_control,control,1,0,0,12.580000000000002,0.04999999999999999,630000,11917904
2625,196134,73,pair_002_n5_002_control,control,1,0,0,12.530000000000001,0.04999999999999999,630000,11922576
2626,196203,69,pair_016_n5_016_conflict,conflict,1,0,0,12.570000000000002,0.04999999999999999,630000,11926992
2627,196274,71,pair_002_n5_002_conflict,conflict,1,0,0,12.55,0.04999999999999999,630000,11931536
2628,196342,68,pair_015_n3_015_conflict,conflict,1,0,0,12.580000000000002,0.04999999999999999,630000,11935888
2629,196411,69,pair_014_n5_014_control,control,1,0,0,12.570000000000002,0.04999999999999999,630000,11940304
2630,196485,74,pair_011_n3_011_control,control,1,0,0,12.520000000000001,0.04999999999999999,630000,11945040
2631,196563,78,pair_014_n3_014_control,control,1,0,0,12.48,0.04999999999999999,630000,11950032
2632,196632,69,pair_017_n5_017_control,control,1,0,0,12.570000000000002,0.04999999999999999,630000,11954448
2633,196701,69,pair_011_n3_011_conflict,conflict,1,0,0,12.570000000000002,0.04999999999999999,630000,11958864
2634,196771,70,pair_003_n3_003_control,control,1,0,0,12.560000000000002,0.04999999999999999,630000,11963344
2635,196843,72,pair_008_n5_008_conflict,conflict,1,0,0,12.540000000000001,0.04999999999999999,630000,11967952
2636,196917,74,pair_002_n3_002_conflict,conflict,1,0,0,12.520000000000001,0.04999999999999999,630000,11972688
2637,196984,67,pair_010_n5_010_control,control,1,0,0,12.590000000000002,0.04999999999999999,630000,11976976
2638,197052,68,pair_012_n5_012_control,control,1,0,0,12.580000000000002,0.04999999999999999,630000,11981328
2639,197126,74,pair_012_n5_012_conflict,conflict,1,0,0,12.520000000000001,0.04999999999999999,630000,11986064
2640,197194,68,pair_001_n3_001_control,control,1,0,0,12.580000000000002,0.04999999999999999,630000,11990416
2641,197263,69,pair_013_n5_013_control,control,1,0,0,12.570000000000002,0.04999999999999999,630000,11994832
2642,197269,6,pair_016_n5_016_control,control,0,1,0,-0.9,0.04999999999999999,630000,11995216
2643,197340,71,pair_011_n5_011_control,control,1,0,0,12.55,0.04999999999999999,630000,11999760
2644,197411,71,pair_013_n3_013_conflict,conflict,1,0,0,12.55,0.04999999999999999,630000,12004304
2645,197477,66,pair_010_n5_010_conflict,conflict,1,0,0,12.600000000000001,0.04999999999999999,630000,12008528
2646,197546,69,pair_006_n5_006_conflict,conflict,1,0,0,12.570000000000002,0.04999999999999999,630000,12012944
2647,197617,71,pair_007_n5_007_conflict,conflict,1,0,0,12.55,0.04999999999999999,630000,12017488
2648,197690,73,pair_009_n5_009_conflict,conflict,1,0,0,12.530000000000001,0.04999999999999999,630000,12022160
2649,197757,67,pair_015_n5_015_control,control,1,0,0,12.590000000000002,0.04999999999999999,630000,12026448
2650,197824,67,pair_007_n3_007_conflict,conflict,1,0,0,12.590000000000002,0.04999999999999999,630000,12030736
2651,197902,78,pair_016_n3_016_conflict,conflict,1,0,0,12.48,0.04999999999999999,630000,12035728
2652,197976,74,pair_013_n5_013_conflict,conflict,1,0,0,12.520000000000001,0.04999999999999999,630000,12040464
2653,198042,66,pair_006_n5_006_control,control,1,0,0,12.600000000000001,0.04999999999999999,630000,12044688
2654,198108,66,pair_000_n3_000_conflict,conflict,1,0,0,12.600000000000001,0.04999999999999999,630000,12048912
2655,198178,70,pair_001_n3_001_conflict,conflict,1,0,0,12.560000000000002,0.04999999999999999,630000,12053392
2656,198246,68,pair_017_n3_017_control,control,1,0,0,12.580000000000002,0.04999999999999999,630000,12057744
2657,198315,69,pair_009_n3_009_conflict,conflict,1,0,0,12.570000000000002,0.04999999999999999,630000,12062160
2658,198385,70,pair_000_n5_000_control,control,1,0,0,12.560000000000002,0.04999999999999999,630000,12066640
2659,198455,70,pair_006_n3_006_control,control,1,0,0,12.560000000000002,0.04999999999999999,630000,12071120
2660,198523,68,pair_014_n5_014_conflict,conflict,1,0,0,12.580000000000002,0.04999999999999999,630000,12075472
2661,198593,70,pair_004_n5_004_control,control,1,0,0,12.560000000000002,0.04999999999999999,630000,12079952
2662,198661,68,pair_004_n3_004_control,control,1,0,0,12.580000000000002,0.04999999999999999,630000,12084304
2663,198727,66,pair_015_n5_015_conflict,conflict,1,0,0,12.600000000000001,0.04999999999999999,630000,12088528
2664,198797,70,pair_010_n3_010_conflict,conflict,1,0,0,12.560000000000002,0.04999999999999999,630000,12093008
2665,198865,68,pair_009_n5_009_control,control,1,0,0,12.580000000000002,0.04999999999999999,630000,12097360
2666,198934,69,pair_017_n3_017_control,control,1,0,0,12.570000000000002,0.04999999999999999,630000,12101776
2667,199004,70,pair_009_n3_009_conflict,conflict,1,0,0,12.560000000000002,0.04999999999999999,630000,12106256
2668,199070,66,pair_013_n3_013_conflict,conflict,1,0,0,12.600000000000001,0.04999999999999999,630000,12110480
2669,199141,71,pair_000_n5_000_conflict,conflict,1,0,0,12.55,0.04999999999999999,630000,12115024
2670,199208,67,pair_014_n5_014_conflict,conflict,1,0,0,12.590000000000002,0.04999999999999999,630000,12119312
2671,199276,68,pair_001_n5_001_control,control,1,0,0,12.580000000000002,0.04999999999999999,630000,12123664
2672,199344,68,pair_001_n5_001_conflict,conflict,1,0,0,12.580000000000002,0.04999999999999999,630000,12128016
2673,199410,66,pair_011_n5_011_conflict,conflict,1,0,0,12.600000000000001,0.04999999999999999,630000,12132240
2674,199480,70,pair_002_n5_002_control,control,1,0,0,12.560000000000002,0.04999999999999999,630000,12136720
2675,199548,68,pair_016_n5_016_control,control,1,0,0,12.580000000000002,0.04999999999999999,630000,12141072
2676,199619,71,pair_001_n3_001_conflict,conflict,1,0,0,12.55,0.04999999999999999,630000,12145616
2677,199687,68,pair_017_n5_017_conflict,conflict,1,0,0,12.580000000000002,0.04999999999999999,630000,12149968
2678,199760,73,pair_007_n3_007_control,control,1,0,0,12.530000000000001,0.04999999999999999,630000,12154640
2679,199826,66,pair_003_n5_003_conflict,conflict,1,0,0,12.600000000000001,0.04999999999999999,630000,12158864
2680,199897,71,pair_013_n5_013_control,control,1,0,0,12.55,0.04999999999999999,630000,12163408
2681,199968,71,pair_006_n3_006_control,control,1,0,0,12.55,0.04999999999999999,630000,12167952
2682,200000,32,pair_015_n3_015_conflict,conflict,0,0,1,1.1300000000000003,0.04999999999999999,630000,12170000
