episode,environment_steps,episode_steps,scenario_id,condition,success,collision,budget_cutoff,return,epsilon,demo_samples_cumulative,online_samples_cumulative
0,80,80,pair_003_n5_003_conflict,conflict,0,1,0,1.2600000000000011,0.29986833333333335,1280,3840
1,82,2,pair_009_n5_009_conflict,conflict,0,1,0,-0.96,0.299865,1312,3936
2,101,19,pair_005_n3_005_conflict,conflict,0,1,0,-0.4800000000000001,0.29983333333333334,1616,4848
3,121,20,pair_000_n3_000_conflict,conflict,0,1,0,-0.64,0.2998,1936,5808
4,126,5,pair_002_n5_002_conflict,conflict,0,1,0,-0.84,0.2997916666666667,2016,6048
5,241,115,pair_010_n5_010_control,control,1,0,0,12.110000000000001,0.2996,3856,11568
6,260,19,pair_015_n5_015_conflict,conflict,0,1,0,-0.6300000000000001,0.2995683333333333,4160,12480
7,346,86,pair_007_n5_007_conflict,conflict,1,0,0,12.400000000000002,0.299425,5536,16608
8,371,25,pair_006_n5_006_control,control,0,1,0,-0.6900000000000002,0.29938333333333333,5936,17808
9,485,114,pair_003_n5_003_control,control,1,0,0,12.120000000000001,0.2991933333333333,7760,23280
10,602,117,pair_007_n3_007_control,control,1,0,0,12.090000000000002,0.2989983333333333,9632,28896
11,699,97,pair_006_n3_006_control,control,1,0,0,12.290000000000003,0.29883666666666664,11184,33552
12,706,7,pair_011_n5_011_conflict,conflict,0,1,0,-0.86,0.298825,11296,33888
13,792,86,pair_015_n3_015_conflict,conflict,1,0,0,12.400000000000002,0.2986816666666667,12672,38016
14,888,96,pair_008_n5_008_conflict,conflict,1,0,0,12.3,0.29852166666666663,14208,42624
15,984,96,pair_009_n3_009_control,control,1,0,0,12.3,0.29836166666666664,15744,47232
16,1101,117,pair_002_n5_002_control,control,0,1,0,0.9900000000000011,0.29816666666666664,17616,52848
17,1211,110,pair_009_n5_009_control,control,1,0,0,12.16,0.2979833333333333,19376,58128
18,1295,84,pair_003_n3_003_conflict,conflict,1,0,0,12.420000000000002,0.29784333333333335,20720,62160
19,1390,95,pair_001_n5_001_control,control,1,0,0,12.310000000000002,0.297685,22240,66720
20,1496,106,pair_005_n5_005_conflict,conflict,0,1,0,0.900000000000001,0.2975083333333333,23936,71808
21,1606,110,pair_002_n3_002_conflict,conflict,0,1,0,1.1100000000000008,0.297325,25696,77088
22,1718,112,pair_009_n3_009_conflict,conflict,0,1,0,1.040000000000001,0.29713833333333334,27488,82464
23,1806,88,pair_014_n5_014_control,control,1,0,0,12.38,0.29699166666666665,28896,86688
24,1892,86,pair_011_n3_011_conflict,conflict,0,1,0,1.3500000000000019,0.2968483333333333,30272,90816
25,1976,84,pair_004_n5_004_conflict,conflict,1,0,0,12.420000000000002,0.2967083333333333,31616,94848
26,2076,100,pair_008_n3_008_conflict,conflict,0,1,0,1.2100000000000013,0.29654166666666665,33216,99648
27,2089,13,pair_000_n5_000_control,control,0,1,0,-0.5700000000000001,0.29652,33424,100272
28,2186,97,pair_017_n3_017_conflict,conflict,1,0,0,12.290000000000003,0.29635833333333333,34976,104928
29,2271,85,pair_015_n3_015_control,control,1,0,0,12.410000000000002,0.29621666666666663,36336,109008
30,2350,79,pair_014_n3_014_control,control,1,0,0,12.470000000000002,0.296085,37600,112800
31,2461,111,pair_004_n3_004_control,control,1,0,0,12.150000000000002,0.2959,39376,118128
32,2536,75,pair_001_n5_001_conflict,conflict,1,0,0,12.510000000000002,0.295775,40576,121728
33,2625,89,pair_006_n3_006_conflict,conflict,1,0,0,12.370000000000001,0.29562666666666665,42000,126000
34,2716,91,pair_007_n3_007_conflict,conflict,0,1,0,1.3000000000000012,0.295475,43456,130368
35,2731,15,pair_016_n3_016_control,control,0,1,0,-0.5900000000000001,0.29545,43696,131088
36,2850,119,pair_012_n3_012_control,control,1,0,0,12.07,0.29525166666666663,45600,136800
37,2951,101,pair_010_n3_010_control,control,1,0,0,12.250000000000002,0.2950833333333333,47216,141648
38,2956,5,pair_016_n5_016_conflict,conflict,0,1,0,-0.84,0.295075,47296,141888
39,2961,5,pair_012_n5_012_control,control,0,1,0,-0.94,0.29506666666666664,47376,142128
40,2965,4,pair_017_n5_017_conflict,conflict,0,1,0,-0.9299999999999999,0.29506,47440,142320
41,2997,32,pair_008_n3_008_control,control,0,1,0,-0.05999999999999972,0.29500666666666664,47952,143856
42,3103,106,pair_001_n3_001_control,control,0,1,0,1.1500000000000012,0.29483,49648,148944
43,3224,121,pair_010_n3_010_conflict,conflict,1,0,0,12.05,0.2946283333333333,51584,154752
44,3231,7,pair_013_n5_013_control,control,0,1,0,-0.86,0.29461666666666664,51696,155088
45,3235,4,pair_012_n5_012_conflict,conflict,0,1,0,-0.9299999999999999,0.29461,51760,155280
46,3347,112,pair_014_n3_014_conflict,conflict,1,0,0,12.140000000000002,0.2944233333333333,53552,160656
47,3445,98,pair_004_n5_004_control,control,1,0,0,12.280000000000001,0.29425999999999997,55120,165360
48,3541,96,pair_004_n3_004_conflict,conflict,1,0,0,12.300000000000002,0.2941,56656,169968
49,3742,201,pair_017_n5_017_control,control,1,0,0,11.25,0.293765,59872,179616
50,3749,7,pair_016_n5_016_control,control,0,1,0,-0.76,0.2937533333333333,59984,179952
51,3757,8,pair_011_n5_011_control,control,0,1,0,-0.92,0.29374,60112,180336
52,3847,90,pair_016_n3_016_conflict,conflict,1,0,0,12.360000000000003,0.29358999999999996,61552,184656
53,3999,152,pair_005_n5_005_control,control,1,0,0,11.74,0.29333666666666663,63984,191952
54,4125,126,pair_000_n5_000_conflict,conflict,1,0,0,12.000000000000002,0.29312666666666665,66000,198000
55,4270,145,pair_013_n3_013_conflict,conflict,1,0,0,11.81,0.292885,68320,204960
56,4375,105,pair_017_n3_017_control,control,1,0,0,12.21,0.29270999999999997,70000,210000
57,4558,183,pair_001_n3_001_conflict,conflict,0,1,0,0.13000000000000012,0.29240499999999997,72928,218784
58,4680,122,pair_010_n5_010_conflict,conflict,1,0,0,12.040000000000001,0.29220166666666664,74880,224640
59,4817,137,pair_007_n5_007_control,control,1,0,0,11.89,0.2919733333333333,77072,231216
60,4909,92,pair_013_n5_013_conflict,conflict,1,0,0,12.340000000000002,0.29181999999999997,78544,235632
61,5003,94,pair_014_n5_014_conflict,conflict,1,0,0,12.320000000000002,0.29166333333333333,80048,240144
62,5103,100,pair_008_n5_008_control,control,1,0,0,12.260000000000002,0.2914966666666667,81648,244944
63,5136,33,pair_011_n3_011_control,control,0,1,0,0.03000000000000025,0.29144166666666665,82176,246528
64,5229,93,pair_005_n3_005_control,control,1,0,0,12.330000000000002,0.29128666666666664,83664,250992
65,5324,95,pair_006_n5_006_conflict,conflict,1,0,0,12.310000000000002,0.2911283333333333,85184,255552
66,5441,117,pair_002_n3_002_control,control,1,0,0,12.090000000000002,0.2909333333333333,87056,261168
67,5534,93,pair_015_n5_015_control,control,1,0,0,12.330000000000002,0.2907783333333333,88544,265632
68,5616,82,pair_013_n3_013_control,control,1,0,0,12.440000000000001,0.29064166666666663,89856,269568
69,5748,132,pair_003_n3_003_control,control,1,0,0,11.940000000000001,0.29042166666666663,91968,275904
70,5852,104,pair_012_n3_012_conflict,conflict,1,0,0,12.220000000000002,0.29024833333333333,93632,280896
71,5969,117,pair_000_n3_000_control,control,1,0,0,12.090000000000002,0.29005333333333333,95504,286512
72,6071,102,pair_007_n5_007_conflict,conflict,1,0,0,12.240000000000002,0.2898833333333333,97136,291408
73,6158,87,pair_004_n5_004_conflict,conflict,1,0,0,12.39,0.2897383333333333,98528,295584
74,6268,110,pair_001_n5_001_control,control,1,0,0,12.16,0.289555,100288,300864
75,6352,84,pair_004_n3_004_conflict,conflict,1,0,0,12.420000000000002,0.289415,101632,304896
76,6438,86,pair_007_n5_007_control,control,1,0,0,12.400000000000002,0.28927166666666665,103008,309024
77,6534,96,pair_001_n3_001_control,control,1,0,0,12.3,0.28911166666666666,104544,313632
78,6620,86,pair_009_n5_009_conflict,conflict,1,0,0,12.400000000000002,0.2889683333333333,105920,317760
79,6710,90,pair_017_n3_017_conflict,conflict,1,0,0,12.360000000000001,0.28881833333333334,107360,322080
80,6815,105,pair_009_n3_009_conflict,conflict,0,1,0,1.2100000000000026,0.2886433333333333,109040,327120
81,6910,95,pair_013_n5_013_control,control,1,0,0,12.310000000000002,0.288485,110560,331680
82,6950,40,pair_010_n3_010_conflict,conflict,0,1,0,-0.23999999999999977,0.28841833333333333,111200,333600
83,7048,98,pair_016_n3_016_conflict,conflict,1,0,0,12.280000000000001,0.288255,112768,338304
84,7147,99,pair_006_n5_006_conflict,conflict,1,0,0,12.270000000000001,0.28809,114352,343056
85,7239,92,pair_010_n5_010_control,control,1,0,0,12.340000000000002,0.2879366666666667,115824,347472
86,7328,89,pair_017_n5_017_conflict,conflict,1,0,0,12.370000000000001,0.2877883333333333,117248,351744
87,7435,107,pair_002_n3_002_control,control,1,0,0,12.190000000000001,0.28761,118960,356880
88,7566,131,pair_008_n5_008_control,control,1,0,0,11.950000000000001,0.28739166666666666,121056,363168
89,7683,117,pair_014_n3_014_control,control,0,1,0,0.890000000000001,0.28719666666666666,122928,368784
90,7779,96,pair_008_n3_008_conflict,conflict,1,0,0,12.3,0.28703666666666666,124464,373392
91,7860,81,pair_005_n3_005_conflict,conflict,1,0,0,12.450000000000001,0.28690166666666667,125760,377280
92,7991,131,pair_013_n3_013_control,control,1,0,0,11.950000000000001,0.28668333333333335,127856,383568
93,8086,95,pair_007_n3_007_conflict,conflict,1,0,0,12.31,0.286525,129376,388128
94,8190,104,pair_000_n3_000_control,control,0,1,0,1.1700000000000017,0.28635166666666667,131040,393120
95,8293,103,pair_006_n3_006_conflict,conflict,1,0,0,12.23,0.28618,132688,398064
96,8390,97,pair_015_n5_015_conflict,conflict,1,0,0,12.290000000000001,0.2860183333333333,134240,402720
97,8610,220,pair_002_n5_002_conflict,conflict,0,1,0,-0.039999999999999813,0.28565166666666664,137760,413280
98,8624,14,pair_008_n5_008_conflict,conflict,0,1,0,-0.88,0.2856283333333333,137984,413952
99,8731,107,pair_007_n3_007_control,control,1,0,0,12.190000000000001,0.28545,139696,419088
100,8836,105,pair_015_n3_015_control,control,1,0,0,12.21,0.285275,141376,424128
101,8853,17,pair_003_n5_003_control,control,0,1,0,-0.4600000000000001,0.28524666666666665,141648,424944
102,8873,20,pair_005_n5_005_conflict,conflict,0,1,0,-0.54,0.2852133333333333,141968,425904
103,9143,270,pair_006_n5_006_control,control,1,0,0,10.56,0.2847633333333333,146288,438864
104,9234,91,pair_004_n3_004_control,control,0,1,0,1.100000000000001,0.28461166666666665,147744,443232
105,9344,110,pair_011_n3_011_conflict,conflict,1,0,0,12.160000000000002,0.28442833333333334,149504,448512
106,9644,300,pair_011_n5_011_conflict,conflict,0,0,0,0.10000000000000017,0.28392833333333334,154304,462912
107,9783,139,pair_014_n5_014_control,control,1,0,0,11.870000000000001,0.28369666666666665,156528,469584
108,9900,117,pair_009_n3_009_control,control,1,0,0,12.09,0.28350166666666665,158400,475200
109,10050,150,pair_005_n3_005_control,control,1,0,0,11.760000000000002,0.2832516666666667,160550,482650
110,10167,117,pair_000_n5_000_control,control,1,0,0,12.090000000000002,0.2830566666666667,161837,488851
111,10250,83,pair_016_n3_016_control,control,1,0,0,12.430000000000001,0.2829183333333333,162750,493250
112,10344,94,pair_016_n5_016_control,control,1,0,0,12.32,0.28276166666666663,163784,498232
113,10435,91,pair_003_n3_003_control,control,1,0,0,12.350000000000001,0.28261,164785,503055
114,10547,112,pair_000_n3_000_conflict,conflict,1,0,0,12.14,0.2824233333333333,166017,508991
115,10651,104,pair_006_n3_006_control,control,1,0,0,12.220000000000002,0.28225,167161,514503
116,10787,136,pair_017_n5_017_control,control,1,0,0,11.9,0.28202333333333335,168657,521711
117,10916,129,pair_011_n3_011_control,control,1,0,0,11.97,0.2818083333333333,170076,528548
118,11026,110,pair_002_n3_002_conflict,conflict,1,0,0,12.160000000000002,0.281625,171286,534378
119,11123,97,pair_012_n5_012_control,control,1,0,0,12.290000000000003,0.28146333333333334,172353,539519
120,11218,95,pair_015_n3_015_conflict,conflict,1,0,0,12.310000000000002,0.28130499999999997,173398,544554
121,11319,101,pair_017_n3_017_control,control,1,0,0,12.25,0.28113666666666665,174509,549907
122,11326,7,pair_011_n5_011_control,control,0,1,0,-0.8099999999999999,0.281125,174586,550278
123,11429,103,pair_013_n3_013_conflict,conflict,1,0,0,12.23,0.28095333333333333,175719,555737
124,11549,120,pair_003_n3_003_conflict,conflict,1,0,0,12.060000000000002,0.2807533333333333,177039,562097
125,11645,96,pair_010_n3_010_control,control,1,0,0,12.3,0.2805933333333333,178095,567185
126,11745,100,pair_001_n3_001_conflict,conflict,1,0,0,12.260000000000002,0.28042666666666666,179195,572485
127,11842,97,pair_016_n5_016_conflict,conflict,1,0,0,12.290000000000003,0.280265,180262,577626
128,11949,107,pair_009_n5_009_control,control,1,0,0,12.190000000000001,0.28008666666666665,181439,583297
129,12056,107,pair_005_n5_005_control,control,1,0,0,12.190000000000001,0.2799083333333333,182616,588968
130,12165,109,pair_001_n5_001_conflict,conflict,1,0,0,12.170000000000002,0.2797266666666667,183815,594745
131,12465,300,pair_004_n5_004_control,control,0,0,0,-0.40000000000000047,0.2792266666666667,187115,610645
132,12478,13,pair_013_n5_013_conflict,conflict,0,1,0,-0.87,0.279205,187258,611334
133,12586,108,pair_002_n5_002_control,control,1,0,0,12.180000000000001,0.27902499999999997,188446,617058
134,12690,104,pair_000_n5_000_conflict,conflict,1,0,0,12.22,0.27885166666666666,189590,622570
135,12785,95,pair_008_n3_008_control,control,1,0,0,12.310000000000002,0.27869333333333335,190635,627605
136,12793,8,pair_014_n3_014_conflict,conflict,0,1,0,-0.82,0.27868,190723,628029
137,12885,92,pair_010_n5_010_conflict,conflict,1,0,0,12.340000000000002,0.27852666666666664,191735,632905
138,12893,8,pair_015_n5_015_control,control,0,1,0,-0.87,0.27851333333333333,191823,633329
139,13011,118,pair_014_n5_014_conflict,conflict,1,0,0,12.080000000000002,0.27831666666666666,193121,639583
140,13227,216,pair_003_n5_003_conflict,conflict,1,0,0,11.1,0.27795666666666663,195497,651031
141,13325,98,pair_012_n5_012_conflict,conflict,1,0,0,12.280000000000001,0.27779333333333334,196575,656225
142,13471,146,pair_012_n3_012_conflict,conflict,1,0,0,11.8,0.27754999999999996,198181,663963
143,13564,93,pair_012_n3_012_control,control,1,0,0,12.330000000000002,0.277395,199204,668892
144,13670,106,pair_004_n5_004_conflict,conflict,1,0,0,12.200000000000003,0.27721833333333334,200370,674510
145,13781,111,pair_015_n5_015_conflict,conflict,1,0,0,12.150000000000002,0.2770333333333333,201591,680393
146,13899,118,pair_002_n5_002_conflict,conflict,1,0,0,12.080000000000002,0.2768366666666667,202889,686647
147,13993,94,pair_010_n3_010_conflict,conflict,1,0,0,12.32,0.27668,203923,691629
148,14103,110,pair_013_n5_013_control,control,1,0,0,12.160000000000002,0.27649666666666667,205133,697459
149,14201,98,pair_006_n3_006_control,control,1,0,0,12.280000000000001,0.2763333333333333,206211,702653
150,14305,104,pair_003_n5_003_conflict,conflict,1,0,0,12.220000000000002,0.27615999999999996,207355,708165
151,14410,105,pair_012_n3_012_control,control,1,0,0,12.21,0.275985,208510,713730
152,14710,300,pair_010_n5_010_control,control,0,0,0,-1.250000000000001,0.275485,211810,729630
153,14945,235,pair_006_n5_006_control,control,1,0,0,10.91,0.2750933333333333,214395,742085
154,15105,160,pair_001_n5_001_conflict,conflict,1,0,0,11.66,0.27482666666666666,216155,750565
155,15203,98,pair_007_n3_007_control,control,1,0,0,12.280000000000001,0.2746633333333333,217233,755759
156,15303,100,pair_011_n3_011_control,control,1,0,0,12.260000000000002,0.27449666666666667,218333,761059
157,15409,106,pair_003_n5_003_control,control,1,0,0,12.200000000000001,0.27432,219499,766677
158,15551,142,pair_006_n3_006_conflict,conflict,1,0,0,11.840000000000002,0.27408333333333335,221061,774203
159,15661,110,pair_000_n3_000_conflict,conflict,1,0,0,12.16,0.2739,222271,780033
160,15850,189,pair_000_n5_000_conflict,conflict,1,0,0,11.370000000000001,0.27358499999999997,224350,790050
161,15972,122,pair_013_n3_013_conflict,conflict,1,0,0,12.040000000000001,0.27338166666666663,225692,796516
162,16079,107,pair_000_n5_000_control,control,1,0,0,12.190000000000001,0.2732033333333333,226869,802187
163,16178,99,pair_011_n3_011_conflict,conflict,1,0,0,12.270000000000001,0.2730383333333333,227958,807434
164,16284,106,pair_017_n5_017_conflict,conflict,1,0,0,12.200000000000003,0.27286166666666667,229124,813052
165,16407,123,pair_010_n3_010_control,control,1,0,0,12.030000000000001,0.27265666666666666,230477,819571
166,16538,131,pair_002_n3_002_conflict,conflict,1,0,0,11.950000000000001,0.27243833333333334,231918,826514
167,16572,34,pair_011_n5_011_control,control,0,1,0,-0.029999999999999694,0.27238166666666663,232292,828316
168,16688,116,pair_013_n5_013_conflict,conflict,1,0,0,12.100000000000001,0.2721883333333333,233568,834464
169,16853,165,pair_005_n5_005_conflict,conflict,1,0,0,11.610000000000001,0.27191333333333334,235383,843209
170,16949,96,pair_001_n3_001_control,control,1,0,0,12.3,0.27175333333333335,236439,848297
171,17041,92,pair_012_n5_012_control,control,1,0,0,12.340000000000002,0.2716,237451,853173
172,17159,118,pair_009_n5_009_conflict,conflict,1,0,0,12.080000000000002,0.27140333333333333,238749,859427
173,17274,115,pair_008_n5_008_conflict,conflict,1,0,0,12.110000000000001,0.27121166666666663,240014,865522
174,17358,84,pair_001_n5_001_control,control,0,1,0,1.3700000000000014,0.27107166666666666,240938,869974
175,17454,96,pair_015_n5_015_control,control,1,0,0,12.3,0.27091166666666666,241994,875062
176,17540,86,pair_015_n3_015_conflict,conflict,1,0,0,12.400000000000002,0.27076833333333333,242940,879620
177,17638,98,pair_016_n5_016_control,control,1,0,0,12.280000000000001,0.270605,244018,884814
178,17824,186,pair_003_n3_003_control,control,1,0,0,11.4,0.270295,246064,894672
179,17923,99,pair_015_n3_015_control,control,1,0,0,12.270000000000001,0.27013,247153,899919
180,18021,98,pair_008_n3_008_control,control,1,0,0,12.280000000000001,0.26996666666666663,248231,905113
181,18047,26,pair_006_n5_006_conflict,conflict,0,1,0,-0.65,0.2699233333333333,248517,906491
182,18143,96,pair_009_n3_009_control,control,1,0,0,12.3,0.2697633333333333,249573,911579
183,18311,168,pair_009_n3_009_conflict,conflict,1,0,0,11.58,0.2694833333333333,251421,920483
184,18348,37,pair_008_n3_008_conflict,conflict,0,1,0,-0.10999999999999976,0.26942166666666667,251828,922444
185,18436,88,pair_012_n3_012_conflict,conflict,1,0,0,12.38,0.269275,252796,927108
186,18632,196,pair_005_n3_005_control,control,1,0,0,11.299999999999999,0.26894833333333334,254952,937496
187,18737,105,pair_017_n3_017_control,control,1,0,0,12.21,0.2687733333333333,256107,943061
188,18838,101,pair_009_n5_009_control,control,1,0,0,12.25,0.268605,257218,948414
189,18941,103,pair_011_n5_011_conflict,conflict,1,0,0,12.230000000000002,0.2684333333333333,258351,953873
190,19065,124,pair_010_n5_010_conflict,conflict,1,0,0,12.020000000000001,0.26822666666666667,259715,960445
191,19165,100,pair_007_n5_007_conflict,conflict,1,0,0,12.260000000000002,0.26805999999999996,260815,965745
192,19274,109,pair_016_n3_016_conflict,conflict,1,0,0,12.170000000000002,0.26787833333333333,262014,971522
193,19373,99,pair_007_n3_007_conflict,conflict,1,0,0,12.270000000000001,0.2677133333333333,263103,976769
194,19552,179,pair_007_n5_007_control,control,1,0,0,11.47,0.26741499999999996,265072,986256
195,19691,139,pair_005_n3_005_conflict,conflict,1,0,0,11.870000000000001,0.26718333333333333,266601,993623
196,19779,88,pair_014_n3_014_conflict,conflict,1,0,0,12.38,0.26703666666666664,267569,998287
197,19884,105,pair_017_n3_017_conflict,conflict,1,0,0,12.21,0.26686166666666666,268724,1003852
198,19986,102,pair_005_n5_005_control,control,1,0,0,12.240000000000002,0.26669166666666666,269846,1009258
199,20132,146,pair_012_n5_012_conflict,conflict,1,0,0,11.8,0.26644833333333334,271056,1017392
200,20233,101,pair_001_n3_001_conflict,conflict,1,0,0,12.250000000000002,0.26627999999999996,271864,1023048
201,20337,104,pair_017_n5_017_control,control,1,0,0,12.220000000000002,0.26610666666666666,272696,1028872
202,20487,150,pair_016_n3_016_control,control,1,0,0,11.760000000000002,0.26585666666666663,273896,1037272
203,20576,89,pair_004_n3_004_control,control,1,0,0,12.370000000000001,0.2657083333333333,274608,1042256
204,20679,103,pair_016_n5_016_conflict,conflict,1,0,0,12.230000000000002,0.26553666666666664,275432,1048024
205,20684,5,pair_013_n3_013_control,control,0,1,0,-0.99,0.2655283333333333,275472,1048304
206,20771,87,pair_008_n5_008_control,control,1,0,0,12.39,0.2653833333333333,276168,1053176
207,20856,85,pair_000_n3_000_control,control,1,0,0,12.410000000000002,0.26524166666666665,276848,1057936
208,20943,87,pair_004_n5_004_control,control,1,0,0,12.39,0.26509666666666665,277544,1062808
209,21050,107,pair_014_n3_014_control,control,1,0,0,12.190000000000001,0.2649183333333333,278400,1068800
210,21143,93,pair_004_n3_004_conflict,conflict,1,0,0,12.330000000000002,0.26476333333333335,279144,1074008
211,21233,90,pair_014_n5_014_conflict,conflict,1,0,0,12.360000000000001,0.2646133333333333,279864,1079048
212,21327,94,pair_002_n5_002_control,control,1,0,0,12.320000000000002,0.2644566666666667,280616,1084312
213,21413,86,pair_003_n3_003_conflict,conflict,1,0,0,12.400000000000002,0.26431333333333334,281304,1089128
214,21508,95,pair_014_n5_014_control,control,1,0,0,12.310000000000002,0.264155,282064,1094448
215,21596,88,pair_002_n3_002_control,control,1,0,0,12.38,0.26400833333333334,282768,1099376
216,21687,91,pair_017_n3_017_control,control,1,0,0,12.350000000000001,0.26385666666666663,283496,1104472
217,21780,93,pair_015_n3_015_control,control,1,0,0,12.330000000000002,0.26370166666666667,284240,1109680
218,21864,84,pair_013_n5_013_conflict,conflict,1,0,0,12.420000000000002,0.26356166666666664,284912,1114384
219,21952,88,pair_012_n5_012_conflict,conflict,1,0,0,12.38,0.263415,285616,1119312
220,22073,121,pair_010_n3_010_conflict,conflict,1,0,0,12.05,0.2632133333333333,286584,1126088
221,22173,100,pair_005_n3_005_conflict,conflict,1,0,0,12.260000000000002,0.26304666666666665,287384,1131688
222,22254,81,pair_003_n3_003_conflict,conflict,1,0,0,12.450000000000001,0.26291166666666665,288032,1136224
223,22333,79,pair_014_n3_014_control,control,1,0,0,12.470000000000002,0.26278,288664,1140648
224,22421,88,pair_013_n5_013_control,control,1,0,0,12.380000000000003,0.26263333333333333,289368,1145576
225,22507,86,pair_001_n5_001_control,control,1,0,0,12.400000000000002,0.26249,290056,1150392
226,22597,90,pair_012_n5_012_control,control,1,0,0,12.360000000000001,0.26234,290776,1155432
227,22710,113,pair_008_n3_008_conflict,conflict,1,0,0,12.13,0.26215166666666667,291680,1161760
228,22810,100,pair_009_n5_009_control,control,0,1,0,1.1600000000000015,0.26198499999999997,292480,1167360
229,22932,122,pair_017_n5_017_control,control,1,0,0,12.040000000000001,0.26178166666666663,293456,1174192
230,23013,81,pair_007_n3_007_conflict,conflict,0,1,0,1.4500000000000015,0.26164666666666664,294104,1178728
231,23094,81,pair_005_n5_005_control,control,1,0,0,12.450000000000001,0.26151166666666664,294752,1183264
232,23193,99,pair_008_n5_008_control,control,1,0,0,12.270000000000001,0.26134666666666667,295544,1188808
233,23295,102,pair_006_n3_006_control,control,1,0,0,12.240000000000002,0.26117666666666667,296360,1194520
234,23382,87,pair_000_n3_000_control,control,1,0,0,12.39,0.26103166666666666,297056,1199392
235,23508,126,pair_001_n3_001_control,control,1,0,0,12.000000000000002,0.2608216666666667,298064,1206448
236,23525,17,pair_002_n5_002_conflict,conflict,0,1,0,-1.01,0.2607933333333333,298200,1207400
237,23609,84,pair_006_n5_006_conflict,conflict,1,0,0,12.420000000000002,0.2606533333333333,298872,1212104
238,23713,104,pair_004_n5_004_conflict,conflict,1,0,0,12.22,0.26048,299704,1217928
239,23802,89,pair_009_n5_009_conflict,conflict,1,0,0,12.370000000000001,0.26033166666666663,300416,1222912
240,23891,89,pair_004_n3_004_conflict,conflict,1,0,0,12.370000000000001,0.2601833333333333,301128,1227896
241,23981,90,pair_000_n5_000_control,control,1,0,0,12.360000000000001,0.26003333333333334,301848,1232936
242,24067,86,pair_009_n3_009_conflict,conflict,0,1,0,1.3000000000000016,0.25989,302536,1237752
243,24184,117,pair_004_n3_004_control,control,1,0,0,12.090000000000002,0.259695,303472,1244304
244,24269,85,pair_016_n3_016_control,control,1,0,0,12.410000000000002,0.2595533333333333,304152,1249064
245,24358,89,pair_010_n5_010_control,control,0,1,0,1.3200000000000016,0.259405,304864,1254048
246,24447,89,pair_000_n5_000_conflict,conflict,1,0,0,12.370000000000001,0.25925666666666664,305576,1259032
247,24460,13,pair_012_n3_012_conflict,conflict,0,1,0,-0.92,0.259235,305680,1259760
248,24564,104,pair_011_n3_011_control,control,1,0,0,12.220000000000002,0.25906166666666663,306512,1265584
249,24649,85,pair_001_n5_001_conflict,conflict,1,0,0,12.410000000000002,0.25892,307192,1270344
250,24738,89,pair_003_n5_003_conflict,conflict,1,0,0,12.370000000000001,0.2587716666666667,307904,1275328
251,24833,95,pair_005_n3_005_control,control,1,0,0,12.310000000000002,0.2586133333333333,308664,1280648
252,24923,90,pair_007_n3_007_control,control,1,0,0,12.360000000000001,0.2584633333333333,309384,1285688
253,25008,85,pair_017_n3_017_conflict,conflict,1,0,0,12.410000000000002,0.25832166666666667,310064,1290448
254,25089,81,pair_006_n3_006_conflict,conflict,1,0,0,12.450000000000001,0.2581866666666667,310712,1294984
255,25176,87,pair_001_n3_001_conflict,conflict,1,0,0,12.39,0.25804166666666667,311408,1299856
256,25268,92,pair_007_n5_007_control,control,1,0,0,12.340000000000002,0.25788833333333333,312144,1305008
257,25369,101,pair_016_n5_016_control,control,1,0,0,12.250000000000002,0.25772,312952,1310664
258,25469,100,pair_011_n5_011_conflict,conflict,1,0,0,12.260000000000002,0.2575533333333333,313752,1316264
259,25593,124,pair_014_n3_014_conflict,conflict,1,0,0,12.020000000000001,0.25734666666666667,314744,1323208
260,25692,99,pair_005_n5_005_conflict,conflict,1,0,0,12.270000000000001,0.25718166666666664,315536,1328752
261,25814,122,pair_008_n3_008_control,control,1,0,0,12.040000000000001,0.2569783333333333,316512,1335584
262,25899,85,pair_016_n5_016_conflict,conflict,1,0,0,12.410000000000002,0.25683666666666666,317192,1340344
263,25993,94,pair_010_n3_010_control,control,1,0,0,12.320000000000002,0.25668,317944,1345608
264,26075,82,pair_014_n5_014_control,control,1,0,0,12.440000000000001,0.25654333333333335,318600,1350200
265,26214,139,pair_007_n5_007_conflict,conflict,1,0,0,11.870000000000001,0.25631166666666666,319712,1357984
266,26297,83,pair_004_n5_004_control,control,1,0,0,12.430000000000001,0.2561733333333333,320376,1362632
267,26482,185,pair_003_n3_003_control,control,1,0,0,11.41,0.255865,321856,1372992
268,26495,13,pair_002_n3_002_control,control,0,1,0,-0.92,0.2558433333333333,321960,1373720
269,26588,93,pair_000_n3_000_conflict,conflict,1,0,0,12.330000000000002,0.2556883333333333,322704,1378928
270,26695,107,pair_017_n5_017_conflict,conflict,1,0,0,12.190000000000001,0.25551,323560,1384920
271,26785,90,pair_009_n3_009_control,control,1,0,0,12.360000000000003,0.25536,324280,1389960
272,26874,89,pair_015_n5_015_control,control,1,0,0,12.370000000000001,0.25521166666666667,324992,1394944
273,26983,109,pair_012_n3_012_control,control,1,0,0,12.170000000000002,0.25503,325864,1401048
274,27076,93,pair_014_n5_014_conflict,conflict,1,0,0,12.330000000000002,0.25487499999999996,326608,1406256
275,27185,109,pair_011_n3_011_conflict,conflict,1,0,0,12.170000000000002,0.2546933333333333,327480,1412360
276,27193,8,pair_006_n5_006_control,control,0,1,0,-0.87,0.25468,327544,1412808
277,27285,92,pair_002_n5_002_control,control,0,1,0,1.2900000000000014,0.2545266666666667,328280,1417960
278,27381,96,pair_011_n5_011_control,control,1,0,0,12.3,0.25436666666666663,329048,1423336
279,27482,101,pair_010_n5_010_conflict,conflict,1,0,0,12.250000000000002,0.2541983333333333,329856,1428992
280,27575,93,pair_002_n3_002_conflict,conflict,1,0,0,12.330000000000002,0.25404333333333334,330600,1434200
281,27664,89,pair_003_n5_003_control,control,1,0,0,12.370000000000001,0.253895,331312,1439184
282,27766,102,pair_015_n3_015_conflict,conflict,1,0,0,12.240000000000002,0.253725,332128,1444896
283,27845,79,pair_013_n3_013_conflict,conflict,1,0,0,12.470000000000002,0.25359333333333334,332760,1449320
284,27971,126,pair_013_n3_013_control,control,1,0,0,12.0,0.2533833333333333,333768,1456376
285,28096,125,pair_015_n5_015_conflict,conflict,1,0,0,12.010000000000002,0.253175,334768,1463376
286,28186,90,pair_008_n5_008_conflict,conflict,0,1,0,0.910000000000001,0.253025,335488,1468416
287,28281,95,pair_016_n3_016_conflict,conflict,1,0,0,12.310000000000002,0.2528666666666667,336248,1473736
288,28301,20,pair_005_n3_005_conflict,conflict,0,1,0,-0.54,0.2528333333333333,336408,1474856
289,28381,80,pair_008_n5_008_control,control,0,1,0,1.2600000000000011,0.2527,337048,1479336
290,28487,106,pair_008_n3_008_conflict,conflict,1,0,0,12.200000000000003,0.2525233333333333,337896,1485272
291,28582,95,pair_000_n3_000_conflict,conflict,1,0,0,12.310000000000002,0.252365,338656,1490592
292,28674,92,pair_007_n3_007_control,control,1,0,0,12.340000000000002,0.25221166666666667,339392,1495744
293,28892,218,pair_014_n5_014_control,control,1,0,0,11.08,0.25184833333333334,341136,1507952
294,28993,101,pair_000_n5_000_conflict,conflict,0,1,0,0.850000000000001,0.25168,341944,1513608
295,29093,100,pair_015_n3_015_control,control,1,0,0,12.260000000000002,0.2515133333333333,342744,1519208
296,29225,132,pair_003_n5_003_conflict,conflict,1,0,0,11.940000000000001,0.2512933333333333,343800,1526600
297,29242,17,pair_013_n3_013_conflict,conflict,0,1,0,-0.66,0.25126499999999996,343936,1527552
298,29326,84,pair_004_n3_004_conflict,conflict,1,0,0,12.420000000000002,0.251125,344608,1532256
299,29454,128,pair_017_n5_017_control,control,1,0,0,11.98,0.25091166666666664,345632,1539424
300,29550,96,pair_011_n3_011_conflict,conflict,1,0,0,12.3,0.25075166666666665,346400,1544800
301,29647,97,pair_012_n3_012_conflict,conflict,1,0,0,12.290000000000001,0.25059,347176,1550232
302,29732,85,pair_000_n5_000_control,control,1,0,0,12.410000000000002,0.25044833333333333,347856,1554992
303,29825,93,pair_006_n3_006_control,control,1,0,0,12.330000000000002,0.2502933333333333,348600,1560200
304,29902,77,pair_001_n5_001_control,control,1,0,0,12.490000000000002,0.25016499999999997,349216,1564512
305,29991,89,pair_017_n5_017_conflict,conflict,1,0,0,12.370000000000001,0.25001666666666666,349928,1569496
306,30099,108,pair_016_n5_016_conflict,conflict,1,0,0,12.180000000000001,0.24983666666666665,350594,1575742
307,30211,112,pair_013_n3_013_control,control,1,0,0,12.14,0.24964999999999998,351266,1582238
308,30292,81,pair_016_n3_016_conflict,conflict,1,0,0,12.450000000000001,0.249515,351752,1586936
309,30299,7,pair_006_n5_006_conflict,conflict,0,1,0,-0.96,0.24950333333333333,351794,1587342
310,30380,81,pair_012_n5_012_conflict,conflict,1,0,0,12.450000000000001,0.24936833333333333,352280,1592040
311,30511,131,pair_003_n5_003_control,control,1,0,0,11.950000000000001,0.24914999999999998,353066,1599638
312,30616,105,pair_009_n3_009_control,control,1,0,0,12.21,0.248975,353696,1605728
313,30732,116,pair_009_n5_009_conflict,conflict,1,0,0,12.100000000000001,0.24878166666666665,354392,1612456
314,30834,102,pair_002_n3_002_control,control,1,0,0,12.240000000000002,0.24861166666666665,355004,1618372
315,30929,95,pair_011_n5_011_conflict,conflict,1,0,0,12.310000000000002,0.24845333333333333,355574,1623882
316,31029,100,pair_010_n3_010_conflict,conflict,1,0,0,12.260000000000002,0.24828666666666666,356174,1629682
317,31129,100,pair_011_n3_011_control,control,1,0,0,12.260000000000002,0.24811999999999998,356774,1635482
318,31251,122,pair_008_n3_008_control,control,1,0,0,12.040000000000001,0.24791666666666665,357506,1642558
319,31347,96,pair_002_n3_002_conflict,conflict,1,0,0,12.3,0.24775666666666665,358082,1648126
320,31492,145,pair_009_n5_009_control,control,1,0,0,11.81,0.24751499999999999,358952,1656536
321,31588,96,pair_015_n5_015_conflict,conflict,1,0,0,12.3,0.247355,359528,1662104
322,31681,93,pair_014_n3_014_control,control,1,0,0,12.330000000000002,0.24719999999999998,360086,1667498
323,31782,101,pair_003_n3_003_conflict,conflict,1,0,0,12.25,0.24703166666666665,360692,1673356
324,31883,101,pair_006_n5_006_control,control,1,0,0,12.250000000000002,0.24686333333333332,361298,1679214
325,31892,9,pair_007_n5_007_control,control,0,1,0,-0.98,0.24684833333333334,361352,1679736
326,31977,85,pair_010_n5_010_conflict,conflict,1,0,0,12.410000000000002,0.24670666666666666,361862,1684666
327,32062,85,pair_013_n5_013_control,control,1,0,0,12.410000000000002,0.24656499999999998,362372,1689596
328,32148,86,pair_000_n3_000_control,control,1,0,0,12.400000000000002,0.24642166666666665,362888,1694584
329,32239,91,pair_016_n5_016_control,control,1,0,0,12.350000000000001,0.24627,363434,1699862
330,32339,100,pair_005_n5_005_conflict,conflict,0,1,0,1.1600000000000015,0.2461033333333333,364034,1705662
331,32436,97,pair_012_n3_012_control,control,1,0,0,12.290000000000001,0.24594166666666667,364616,1711288
332,32533,97,pair_015_n3_015_conflict,conflict,1,0,0,12.290000000000001,0.24578,365198,1716914
333,32620,87,pair_017_n3_017_control,control,1,0,0,12.39,0.245635,365720,1721960
334,32710,90,pair_010_n3_010_control,control,1,0,0,12.360000000000001,0.24548499999999998,366260,1727180
335,32712,2,pair_002_n5_002_control,control,0,1,0,-0.96,0.24548166666666665,366272,1727296
336,32785,73,pair_005_n5_005_control,control,1,0,0,12.530000000000001,0.24536,366710,1731530
337,32865,80,pair_001_n3_001_control,control,1,0,0,12.46,0.24522666666666665,367190,1736170
338,32948,83,pair_001_n3_001_conflict,conflict,0,1,0,1.180000000000001,0.24508833333333332,367688,1740984
339,33039,91,pair_015_n5_015_control,control,1,0,0,12.350000000000001,0.24493666666666666,368234,1746262
340,33259,220,pair_008_n5_008_conflict,conflict,1,0,0,11.06,0.24456999999999998,369554,1759022
341,33385,126,pair_011_n5_011_control,control,1,0,0,12.000000000000002,0.24436,370310,1766330
342,33393,8,pair_016_n3_016_control,control,0,1,0,-0.92,0.24434666666666666,370358,1766794
343,33497,104,pair_002_n5_002_conflict,conflict,1,0,0,12.220000000000002,0.24417333333333333,370982,1772826
344,33580,83,pair_007_n5_007_conflict,conflict,1,0,0,12.430000000000001,0.244035,371480,1777640
345,33670,90,pair_004_n5_004_control,control,0,1,0,0.7100000000000009,0.243885,372020,1782860
346,33774,104,pair_003_n3_003_control,control,1,0,0,12.22,0.24371166666666666,372644,1788892
347,33860,86,pair_014_n5_014_conflict,conflict,1,0,0,12.400000000000002,0.24356833333333333,373160,1793880
348,33990,130,pair_004_n5_004_conflict,conflict,1,0,0,11.960000000000003,0.24335166666666666,373940,1801420
349,34080,90,pair_006_n3_006_conflict,conflict,1,0,0,12.360000000000001,0.24320166666666665,374480,1806640
350,34181,101,pair_014_n3_014_conflict,conflict,1,0,0,12.250000000000002,0.24303333333333332,375086,1812498
351,34286,105,pair_010_n5_010_control,control,1,0,0,12.210000000000003,0.24285833333333331,375716,1818588
352,34318,32,pair_013_n5_013_conflict,conflict,0,1,0,-0.76,0.242805,375908,1820444
353,34402,84,pair_007_n3_007_conflict,conflict,1,0,0,12.420000000000002,0.242665,376412,1825316
354,34500,98,pair_005_n3_005_control,control,1,0,0,12.280000000000001,0.24250166666666667,377000,1831000
355,34520,20,pair_017_n3_017_conflict,conflict,0,1,0,-0.54,0.2424683333333333,377120,1832160
356,34628,108,pair_001_n5_001_conflict,conflict,1,0,0,12.180000000000001,0.24228833333333333,377768,1838424
357,34727,99,pair_004_n3_004_control,control,1,0,0,12.270000000000001,0.24212333333333333,378362,1844166
358,34807,80,pair_009_n3_009_conflict,conflict,0,1,0,1.4600000000000013,0.24198999999999998,378842,1848806
359,34841,34,pair_012_n5_012_control,control,0,1,0,-0.6799999999999999,0.24193333333333333,379046,1850778
360,34944,103,pair_007_n5_007_conflict,conflict,1,0,0,12.230000000000002,0.24176166666666665,379664,1856752
361,35041,97,pair_012_n5_012_conflict,conflict,1,0,0,12.290000000000001,0.24159999999999998,380246,1862378
362,35044,3,pair_015_n3_015_control,control,0,1,0,-1.02,0.241595,380264,1862552
363,35074,30,pair_004_n3_004_conflict,conflict,0,1,0,-0.94,0.24154499999999998,380444,1864292
364,35169,95,pair_008_n5_008_conflict,conflict,0,1,0,1.2600000000000016,0.24138666666666664,381014,1869802
365,35274,105,pair_014_n3_014_conflict,conflict,1,0,0,12.21,0.24121166666666666,381644,1875892
366,35370,96,pair_005_n3_005_conflict,conflict,1,0,0,12.3,0.24105166666666666,382220,1881460
367,35469,99,pair_001_n3_001_control,control,1,0,0,12.270000000000003,0.24088666666666667,382814,1887202
368,35625,156,pair_003_n5_003_conflict,conflict,0,1,0,0.6000000000000005,0.24062666666666666,383750,1896250
369,35697,72,pair_009_n5_009_control,control,0,1,0,0.1900000000000004,0.24050666666666665,384182,1900426
370,35829,132,pair_004_n5_004_control,control,1,0,0,11.940000000000001,0.24028666666666665,384974,1908082
371,36036,207,pair_015_n3_015_conflict,conflict,1,0,0,11.19,0.23994166666666666,386216,1920088
372,36151,115,pair_014_n5_014_conflict,conflict,1,0,0,12.110000000000001,0.23975,386906,1926758
373,36247,96,pair_011_n5_011_conflict,conflict,0,1,0,1.3000000000000016,0.23959,387482,1932326
374,36371,124,pair_008_n3_008_conflict,conflict,1,0,0,12.020000000000001,0.23938333333333334,388226,1939518
375,36452,81,pair_001_n3_001_conflict,conflict,1,0,0,12.450000000000001,0.2392483333333333,388712,1944216
376,36537,85,pair_000_n5_000_control,control,1,0,0,12.410000000000002,0.23910666666666666,389222,1949146
377,36636,99,pair_006_n3_006_conflict,conflict,1,0,0,12.270000000000001,0.23894166666666666,389816,1954888
378,36649,13,pair_007_n3_007_conflict,conflict,0,1,0,-0.97,0.23892,389894,1955642
379,36737,88,pair_008_n3_008_control,control,1,0,0,12.380000000000003,0.23877333333333334,390422,1960746
380,36742,5,pair_007_n3_007_control,control,0,1,0,-0.94,0.238765,390452,1961036
381,36848,106,pair_002_n3_002_control,control,1,0,0,12.200000000000001,0.23858833333333332,391088,1967184
382,36951,103,pair_017_n5_017_control,control,1,0,0,12.23,0.23841666666666667,391706,1973158
383,37031,80,pair_009_n3_009_conflict,conflict,0,1,0,1.4600000000000013,0.23828333333333332,392186,1977798
384,37123,92,pair_000_n3_000_conflict,conflict,1,0,0,12.340000000000002,0.23812999999999998,392738,1983134
385,37225,102,pair_017_n3_017_conflict,conflict,1,0,0,12.240000000000002,0.23796,393350,1989050
386,37352,127,pair_005_n5_005_conflict,conflict,1,0,0,11.990000000000002,0.23774833333333334,394112,1996416
387,37354,2,pair_014_n3_014_control,control,0,1,0,-0.96,0.23774499999999998,394124,1996532
388,37441,87,pair_013_n3_013_control,control,1,0,0,12.39,0.23759999999999998,394646,2001578
389,37541,100,pair_011_n3_011_control,control,1,0,0,12.260000000000002,0.23743333333333333,395246,2007378
390,37659,118,pair_008_n5_008_control,control,1,0,0,12.080000000000002,0.23723666666666665,395954,2014222
391,37762,103,pair_009_n3_009_control,control,0,1,0,1.1800000000000015,0.23706499999999997,396572,2020196
392,37765,3,pair_014_n5_014_control,control,0,1,0,-1.02,0.23706,396590,2020370
393,37833,68,pair_007_n5_007_control,control,0,1,0,-0.11999999999999966,0.23694666666666664,396998,2024314
394,37875,42,pair_013_n3_013_conflict,conflict,0,1,0,-1.36,0.23687666666666665,397250,2026750
395,37902,27,pair_000_n3_000_control,control,0,1,0,-0.5600000000000003,0.23683166666666666,397412,2028316
396,38018,116,pair_003_n3_003_control,control,1,0,0,12.100000000000001,0.23663833333333334,398108,2035044
397,38074,56,pair_016_n5_016_control,control,0,1,0,-0.5000000000000004,0.236545,398444,2038292
398,38273,199,pair_012_n3_012_control,control,1,0,0,11.27,0.23621333333333333,399638,2049834
399,38279,6,pair_015_n5_015_control,control,0,1,0,-0.95,0.23620333333333332,399674,2050182
400,38291,12,pair_004_n3_004_control,control,0,1,0,-0.91,0.23618333333333333,399746,2050878
401,38297,6,pair_016_n3_016_conflict,conflict,0,1,0,-0.85,0.23617333333333332,399782,2051226
402,38432,135,pair_000_n5_000_conflict,conflict,1,0,0,11.91,0.23594833333333332,400592,2059056
403,38544,112,pair_011_n3_011_conflict,conflict,1,0,0,12.14,0.23576166666666665,401264,2065552
404,38561,17,pair_006_n5_006_control,control,0,1,0,-1.06,0.23573333333333332,401366,2066538
405,38726,165,pair_005_n5_005_control,control,1,0,0,11.610000000000001,0.23545833333333333,402356,2076108
406,38842,116,pair_004_n5_004_conflict,conflict,1,0,0,12.100000000000001,0.235265,403052,2082836
407,38988,146,pair_017_n5_017_conflict,conflict,1,0,0,11.8,0.23502166666666666,403928,2091304
408,39126,138,pair_017_n3_017_control,control,1,0,0,11.88,0.23479166666666668,404756,2099308
409,39237,111,pair_001_n5_001_control,control,1,0,0,12.150000000000002,0.23460666666666666,405422,2105746
410,39246,9,pair_006_n5_006_conflict,conflict,0,1,0,-1.03,0.23459166666666664,405476,2106268
411,39400,154,pair_010_n3_010_control,control,1,0,0,11.72,0.234335,406400,2115200
412,39490,90,pair_001_n5_001_conflict,conflict,1,0,0,12.360000000000001,0.23418499999999998,406940,2120420
413,39629,139,pair_010_n5_010_conflict,conflict,1,0,0,11.870000000000001,0.23395333333333332,407774,2128482
414,39631,2,pair_011_n5_011_control,control,0,1,0,-0.96,0.23395,407786,2128598
415,39633,2,pair_015_n5_015_conflict,conflict,0,1,0,-0.96,0.23394666666666664,407798,2128714
416,39790,157,pair_016_n3_016_control,control,1,0,0,11.690000000000001,0.23368499999999998,408740,2137820
417,39906,116,pair_002_n5_002_conflict,conflict,0,1,0,1.0500000000000012,0.23349166666666665,409436,2144548
418,39996,90,pair_003_n3_003_conflict,conflict,1,0,0,12.360000000000001,0.23334166666666667,409976,2149768
419,40112,116,pair_010_n3_010_conflict,conflict,1,0,0,12.100000000000001,0.23314833333333332,410672,2156496
420,40351,239,pair_005_n3_005_control,control,1,0,0,10.87,0.23274999999999998,412106,2170358
421,40465,114,pair_002_n3_002_conflict,conflict,1,0,0,12.120000000000001,0.23256,412790,2176970
422,40497,32,pair_016_n5_016_conflict,conflict,0,1,0,-0.20999999999999985,0.23250666666666664,412982,2178826
423,40589,92,pair_006_n3_006_control,control,1,0,0,12.340000000000002,0.23235333333333333,413534,2184162
424,40696,107,pair_009_n5_009_conflict,conflict,1,0,0,12.190000000000001,0.232175,414176,2190368
425,40796,100,pair_003_n5_003_control,control,1,0,0,12.260000000000002,0.23200833333333332,414776,2196168
426,40992,196,pair_010_n5_010_control,control,1,0,0,11.3,0.23168166666666667,415952,2207536
427,41113,121,pair_012_n3_012_conflict,conflict,1,0,0,12.050000000000002,0.23148,416678,2214554
428,41209,96,pair_012_n5_012_control,control,1,0,0,12.3,0.23131999999999997,417254,2220122
429,41317,108,pair_002_n5_002_control,control,1,0,0,12.180000000000001,0.23113999999999998,417902,2226386
430,41415,98,pair_013_n5_013_control,control,1,0,0,12.280000000000001,0.23097666666666666,418490,2232070
431,41559,144,pair_013_n5_013_conflict,conflict,1,0,0,11.82,0.23073666666666665,419354,2240422
432,41660,101,pair_007_n5_007_conflict,conflict,1,0,0,12.250000000000002,0.23056833333333332,419960,2246280
433,41753,93,pair_008_n5_008_control,control,1,0,0,12.330000000000002,0.2304133333333333,420518,2251674
434,41847,94,pair_005_n5_005_control,control,1,0,0,12.320000000000002,0.23025666666666667,421082,2257126
435,41851,4,pair_012_n5_012_conflict,conflict,0,1,0,-0.88,0.23024999999999998,421106,2257358
436,41953,102,pair_002_n5_002_control,control,1,0,0,12.240000000000002,0.23008,421718,2263274
437,42063,110,pair_009_n5_009_control,control,0,1,0,1.1100000000000012,0.22989666666666664,422378,2269654
438,42143,80,pair_006_n3_006_conflict,conflict,1,0,0,12.46,0.22976333333333332,422858,2274294
439,42401,258,pair_004_n5_004_control,control,1,0,0,10.68,0.22933333333333333,424406,2289258
440,42501,100,pair_012_n3_012_conflict,conflict,0,1,0,1.2100000000000017,0.22916666666666666,425006,2295058
441,42611,110,pair_015_n3_015_control,control,1,0,0,12.160000000000002,0.22898333333333332,425666,2301438
442,42631,20,pair_005_n3_005_conflict,conflict,0,1,0,-0.5900000000000001,0.22895,425786,2302598
443,42747,116,pair_008_n3_008_control,control,1,0,0,12.100000000000001,0.22875666666666666,426482,2309326
444,42754,7,pair_006_n5_006_control,control,0,1,0,-0.76,0.22874499999999998,426524,2309732
445,42762,8,pair_016_n3_016_conflict,conflict,0,1,0,-0.87,0.22873166666666667,426572,2310196
446,42852,90,pair_004_n3_004_control,control,1,0,0,12.360000000000001,0.22858166666666666,427112,2315416
447,42857,5,pair_014_n5_014_conflict,conflict,0,1,0,-0.84,0.22857333333333332,427142,2315706
448,42860,3,pair_002_n3_002_conflict,conflict,0,1,0,-0.92,0.22856833333333332,427160,2315880
449,42956,96,pair_010_n3_010_conflict,conflict,0,1,0,1.1500000000000012,0.22840833333333332,427736,2321448
450,43072,116,pair_004_n5_004_conflict,conflict,1,0,0,12.100000000000001,0.228215,428432,2328176
451,43165,93,pair_010_n5_010_conflict,conflict,1,0,0,12.330000000000002,0.22805999999999998,428990,2333570
452,43225,60,pair_015_n3_015_conflict,conflict,0,1,0,0.8100000000000009,0.22796,429350,2337050
453,43308,83,pair_000_n5_000_control,control,1,0,0,12.430000000000001,0.22782166666666664,429848,2341864
454,43345,37,pair_017_n5_017_conflict,conflict,0,1,0,-0.7100000000000002,0.22776,430070,2344010
455,43417,72,pair_017_n5_017_control,control,0,1,0,-1.1099999999999999,0.22764,430502,2348186
456,43424,7,pair_012_n5_012_control,control,0,1,0,-0.91,0.22762833333333332,430544,2348592
457,43529,105,pair_014_n3_014_conflict,conflict,1,0,0,12.21,0.22745333333333334,431174,2354682
458,43543,14,pair_013_n3_013_conflict,conflict,0,1,0,-0.5800000000000001,0.22743,431258,2355494
459,43732,189,pair_000_n3_000_conflict,conflict,0,1,0,0.1700000000000006,0.22711499999999998,432392,2366456
460,43843,111,pair_003_n3_003_control,control,1,0,0,12.15,0.22693,433058,2372894
461,43955,112,pair_016_n5_016_conflict,conflict,1,0,0,12.14,0.22674333333333332,433730,2379390
462,43968,13,pair_002_n5_002_conflict,conflict,0,1,0,-0.87,0.22672166666666665,433808,2380144
463,44093,125,pair_015_n5_015_conflict,conflict,1,0,0,12.010000000000002,0.22651333333333332,434558,2387394
464,44098,5,pair_009_n3_009_control,control,0,1,0,-0.84,0.22650499999999998,434588,2387684
465,44154,56,pair_007_n3_007_conflict,conflict,0,1,0,2.220446049250313e-16,0.22641166666666665,434924,2390932
466,44166,12,pair_009_n5_009_conflict,conflict,0,1,0,-1.01,0.22639166666666666,434996,2391628
467,44264,98,pair_013_n3_013_control,control,1,0,0,12.280000000000001,0.2262283333333333,435584,2397312
468,44293,29,pair_008_n3_008_conflict,conflict,0,1,0,-0.07999999999999974,0.22618,435758,2398994
469,44394,101,pair_000_n5_000_conflict,conflict,1,0,0,12.250000000000002,0.22601166666666667,436364,2404852
470,44504,110,pair_002_n3_002_control,control,0,1,0,0.9600000000000013,0.22582833333333333,437024,2411232
471,44582,78,pair_000_n3_000_control,control,1,0,0,12.480000000000002,0.22569833333333333,437492,2415756
472,44596,14,pair_004_n3_004_conflict,conflict,0,1,0,-0.93,0.225675,437576,2416568
473,44710,114,pair_001_n3_001_conflict,conflict,1,0,0,12.120000000000001,0.225485,438260,2423180
474,44802,92,pair_006_n3_006_control,control,1,0,0,12.340000000000002,0.22533166666666665,438812,2428516
475,44886,84,pair_003_n5_003_conflict,conflict,0,1,0,1.4200000000000013,0.22519166666666665,439316,2433388
476,44978,92,pair_016_n3_016_control,control,1,0,0,12.340000000000002,0.22503833333333334,439868,2438724
477,44988,10,pair_012_n3_012_control,control,0,1,0,-0.99,0.22502166666666668,439928,2439304
478,45088,100,pair_015_n5_015_control,control,1,0,0,12.260000000000002,0.22485499999999997,440528,2445104
479,45168,80,pair_005_n5_005_conflict,conflict,1,0,0,12.46,0.22472166666666665,441008,2449744
480,45275,107,pair_014_n3_014_control,control,1,0,0,12.190000000000001,0.22454333333333332,441650,2455950
481,45370,95,pair_017_n3_017_control,control,1,0,0,12.310000000000002,0.224385,442220,2461460
482,45378,8,pair_013_n5_013_conflict,conflict,0,1,0,-0.97,0.22437166666666664,442268,2461924
483,45421,43,pair_010_n3_010_control,control,0,1,0,-0.11999999999999977,0.2243,442526,2464418
484,45721,300,pair_014_n5_014_control,control,0,0,0,-3.0878077872387166e-16,0.2238,444326,2481818
485,45774,53,pair_011_n5_011_control,control,0,1,0,-0.16999999999999982,0.22371166666666664,444644,2484892
486,45879,105,pair_010_n5_010_control,control,1,0,0,12.21,0.22353666666666666,445274,2490982
487,45975,96,pair_001_n3_001_control,control,1,0,0,12.3,0.22337666666666667,445850,2496550
488,46089,114,pair_003_n3_003_conflict,conflict,0,1,0,0.8200000000000012,0.22318666666666664,446534,2503162
489,46219,130,pair_006_n5_006_conflict,conflict,1,0,0,11.96,0.22297,447314,2510702
490,46242,23,pair_003_n5_003_control,control,0,1,0,-0.52,0.22293166666666664,447452,2512036
491,46364,122,pair_001_n5_001_control,control,1,0,0,12.040000000000001,0.2227283333333333,448184,2519112
492,46477,113,pair_011_n5_011_conflict,conflict,1,0,0,12.130000000000003,0.22254,448862,2525666
493,46572,95,pair_001_n5_001_conflict,conflict,1,0,0,12.310000000000002,0.22238166666666664,449432,2531176
494,46610,38,pair_007_n3_007_control,control,0,1,0,0.23000000000000043,0.22231833333333334,449660,2533380
495,46695,85,pair_017_n3_017_conflict,conflict,1,0,0,12.410000000000002,0.22217666666666666,450170,2538310
496,46700,5,pair_007_n5_007_control,control,0,1,0,-0.84,0.22216833333333333,450200,2538600
497,46751,51,pair_009_n3_009_conflict,conflict,0,1,0,0.35000000000000053,0.22208333333333333,450506,2541558
498,46784,33,pair_013_n5_013_control,control,0,1,0,-0.6700000000000002,0.22202833333333333,450704,2543472
499,46868,84,pair_011_n3_011_control,control,1,0,0,12.420000000000002,0.22188833333333333,451208,2548344
500,46960,92,pair_011_n3_011_conflict,conflict,1,0,0,12.340000000000002,0.221735,451760,2553680
501,46995,35,pair_008_n5_008_conflict,conflict,0,1,0,-0.08999999999999975,0.22167666666666666,451970,2555710
502,47015,20,pair_016_n5_016_control,control,0,1,0,-0.6400000000000001,0.2216433333333333,452090,2556870
503,47039,24,pair_005_n3_005_control,control,0,1,0,-0.5800000000000001,0.22160333333333332,452234,2558262
504,47146,107,pair_017_n3_017_control,control,1,0,0,12.190000000000001,0.22142499999999998,452876,2564468
505,47181,35,pair_011_n5_011_control,control,0,1,0,0.010000000000000231,0.22136666666666666,453086,2566498
506,47272,91,pair_002_n3_002_control,control,1,0,0,12.350000000000001,0.221215,453632,2571776
507,47298,26,pair_001_n3_001_control,control,0,1,0,-0.2499999999999999,0.22117166666666666,453788,2573284
508,47385,87,pair_009_n5_009_control,control,0,1,0,-0.009999999999999787,0.22102666666666665,454310,2578330
509,47413,28,pair_014_n5_014_conflict,conflict,0,1,0,-0.6200000000000001,0.22097999999999998,454478,2579954
510,47512,99,pair_000_n3_000_conflict,conflict,0,1,0,1.220000000000002,0.22081499999999998,455072,2585696
511,47604,92,pair_006_n3_006_conflict,conflict,1,0,0,12.340000000000002,0.22066166666666664,455624,2591032
512,47626,22,pair_013_n3_013_conflict,conflict,0,1,0,-1.1099999999999999,0.220625,455756,2592308
513,47708,82,pair_001_n5_001_conflict,conflict,1,0,0,12.440000000000001,0.22048833333333334,456248,2597064
514,47762,54,pair_012_n5_012_conflict,conflict,0,1,0,-0.43000000000000005,0.2203983333333333,456572,2600196
515,47789,27,pair_005_n5_005_conflict,conflict,0,1,0,-0.66,0.22035333333333332,456734,2601762
516,47871,82,pair_007_n3_007_control,control,1,0,0,12.440000000000001,0.22021666666666667,457226,2606518
517,47959,88,pair_012_n3_012_conflict,conflict,1,0,0,12.380000000000003,0.22007,457754,2611622
518,48030,71,pair_010_n3_010_control,control,1,0,0,12.550000000000002,0.21995166666666666,458180,2615740
519,48149,119,pair_013_n5_013_control,control,1,0,0,12.07,0.21975333333333333,458894,2622642
520,48233,84,pair_016_n3_016_control,control,1,0,0,12.420000000000002,0.21961333333333333,459398,2627514
521,48365,132,pair_003_n5_003_control,control,1,0,0,11.940000000000001,0.21939333333333333,460190,2635170
522,48457,92,pair_009_n5_009_conflict,conflict,1,0,0,12.340000000000002,0.21924,460742,2640506
523,48544,87,pair_000_n5_000_control,control,1,0,0,12.39,0.21909499999999998,461264,2645552
524,48661,117,pair_015_n3_015_conflict,conflict,1,0,0,12.090000000000002,0.21889999999999998,461966,2652338
525,48690,29,pair_005_n3_005_control,control,0,1,0,-0.6300000000000001,0.21885166666666667,462140,2654020
526,48787,97,pair_002_n3_002_conflict,conflict,1,0,0,12.290000000000001,0.21869,462722,2659646
527,48828,41,pair_016_n5_016_control,control,0,1,0,-0.8,0.21862166666666666,462968,2662024
528,48921,93,pair_006_n5_006_control,control,0,1,0,1.2300000000000013,0.21846666666666664,463526,2667418
529,48948,27,pair_001_n5_001_control,control,0,1,0,-0.20999999999999985,0.21842166666666665,463688,2668984
530,49039,91,pair_006_n3_006_control,control,1,0,0,12.350000000000001,0.21827,464234,2674262
531,49140,101,pair_015_n5_015_control,control,1,0,0,12.250000000000002,0.21810166666666664,464840,2680120
532,49146,6,pair_016_n3_016_conflict,conflict,0,1,0,-0.8,0.21809166666666666,464876,2680468
533,49242,96,pair_007_n3_007_conflict,conflict,1,0,0,12.3,0.21793166666666666,465452,2686036
534,49347,105,pair_004_n3_004_conflict,conflict,1,0,0,12.21,0.21775666666666665,466082,2692126
535,49429,82,pair_013_n3_013_control,control,1,0,0,12.440000000000001,0.21761999999999998,466574,2696882
536,49531,102,pair_012_n3_012_control,control,1,0,0,12.240000000000002,0.21744999999999998,467186,2702798
537,49625,94,pair_003_n5_003_conflict,conflict,1,0,0,12.32,0.21729333333333334,467750,2708250
538,49705,80,pair_000_n5_000_conflict,conflict,1,0,0,12.46,0.21716,468230,2712890
539,49748,43,pair_015_n5_015_conflict,conflict,0,1,0,-0.6700000000000002,0.21708833333333333,468488,2715384
540,49856,108,pair_003_n3_003_conflict,conflict,0,1,0,1.080000000000005,0.21690833333333331,469136,2721648
541,49951,95,pair_003_n3_003_control,control,1,0,0,12.310000000000002,0.21675,469706,2727158
542,50044,93,pair_009_n3_009_conflict,conflict,1,0,0,12.330000000000002,0.21659499999999998,470264,2732552
543,50150,106,pair_001_n3_001_conflict,conflict,1,0,0,12.200000000000003,0.21641833333333332,470900,2738700
544,50242,92,pair_007_n5_007_control,control,1,0,0,12.340000000000002,0.21626499999999999,471452,2744036
545,50323,81,pair_004_n5_004_conflict,conflict,1,0,0,12.450000000000001,0.21613,471938,2748734
546,50416,93,pair_007_n5_007_conflict,conflict,1,0,0,12.330000000000004,0.21597499999999997,472496,2754128
547,50513,97,pair_004_n5_004_control,control,1,0,0,12.290000000000001,0.2158133333333333,473078,2759754
548,50543,30,pair_011_n3_011_control,control,0,1,0,0.16000000000000036,0.2157633333333333,473258,2761494
549,50700,157,pair_008_n3_008_control,control,1,0,0,11.690000000000001,0.21550166666666665,474200,2770600
550,50782,82,pair_002_n5_002_conflict,conflict,1,0,0,12.440000000000001,0.21536499999999997,474692,2775356
551,50870,88,pair_005_n5_005_control,control,1,0,0,12.38,0.21521833333333332,475220,2780460
552,50911,41,pair_017_n5_017_control,control,0,1,0,-0.4,0.21515,475466,2782838
553,50997,86,pair_014_n3_014_conflict,conflict,1,0,0,12.400000000000002,0.21500666666666665,475982,2787826
554,51012,15,pair_005_n3_005_conflict,conflict,0,1,0,-0.54,0.21498166666666665,476072,2788696
555,51121,109,pair_000_n3_000_control,control,1,0,0,12.170000000000002,0.2148,476726,2795018
556,51212,91,pair_015_n3_015_control,control,1,0,0,12.350000000000001,0.21464833333333333,477272,2800296
557,51315,103,pair_016_n5_016_conflict,conflict,1,0,0,12.230000000000004,0.21447666666666665,477890,2806270
558,51406,91,pair_008_n5_008_control,control,1,0,0,12.350000000000001,0.214325,478436,2811548
559,51502,96,pair_014_n3_014_control,control,1,0,0,12.300000000000002,0.214165,479012,2817116
560,51587,85,pair_008_n3_008_conflict,conflict,1,0,0,12.410000000000002,0.21402333333333332,479522,2822046
561,51660,73,pair_017_n3_017_conflict,conflict,1,0,0,12.530000000000001,0.21390166666666666,479960,2826280
562,51745,85,pair_011_n3_011_conflict,conflict,1,0,0,12.410000000000002,0.21376,480470,2831210
563,51836,91,pair_017_n5_017_conflict,conflict,1,0,0,12.350000000000001,0.21360833333333332,481016,2836488
564,51933,97,pair_013_n5_013_conflict,conflict,1,0,0,12.290000000000001,0.21344666666666667,481598,2842114
565,51955,22,pair_006_n5_006_conflict,conflict,0,1,0,-0.5100000000000002,0.21341,481730,2843390
566,52036,81,pair_002_n5_002_control,control,1,0,0,12.450000000000001,0.213275,482216,2848088
567,52123,87,pair_012_n5_012_control,control,1,0,0,12.39,0.21313,482738,2853134
568,52221,98,pair_010_n5_010_conflict,conflict,1,0,0,12.280000000000001,0.21296666666666664,483326,2858818
569,52304,83,pair_009_n3_009_control,control,1,0,0,12.430000000000001,0.21282833333333334,483824,2863632
570,52401,97,pair_010_n3_010_conflict,conflict,1,0,0,12.290000000000003,0.21266666666666667,484406,2869258
571,52495,94,pair_011_n5_011_conflict,conflict,1,0,0,12.32,0.21250999999999998,484970,2874710
572,52594,99,pair_010_n5_010_control,control,1,0,0,12.270000000000001,0.212345,485564,2880452
573,52688,94,pair_004_n3_004_control,control,1,0,0,12.320000000000002,0.2121883333333333,486128,2885904
574,52778,90,pair_014_n5_014_control,control,1,0,0,12.360000000000001,0.21203833333333333,486668,2891124
575,52869,91,pair_008_n5_008_conflict,conflict,1,0,0,12.350000000000001,0.21188666666666667,487214,2896402
576,52874,5,pair_011_n5_011_control,control,0,1,0,-0.84,0.21187833333333334,487244,2896692
577,52956,82,pair_006_n3_006_conflict,conflict,1,0,0,12.440000000000001,0.21174166666666666,487736,2901448
578,53038,82,pair_009_n3_009_control,control,1,0,0,12.440000000000001,0.211605,488228,2906204
579,53119,81,pair_001_n3_001_control,control,1,0,0,12.450000000000001,0.21147,488714,2910902
580,53218,99,pair_011_n5_011_conflict,conflict,1,0,0,12.270000000000001,0.211305,489308,2916644
581,53313,95,pair_006_n3_006_control,control,1,0,0,12.310000000000002,0.21114666666666665,489878,2922154
582,53319,6,pair_007_n5_007_control,control,0,1,0,-0.85,0.21113666666666664,489914,2922502
583,53391,72,pair_008_n5_008_conflict,conflict,1,0,0,12.540000000000001,0.21101666666666666,490346,2926678
584,53421,30,pair_003_n3_003_conflict,conflict,0,1,0,-0.54,0.21096666666666664,490526,2928418
585,53427,6,pair_008_n5_008_control,control,0,1,0,-0.8,0.21095666666666665,490562,2928766
586,53517,90,pair_017_n5_017_control,control,1,0,0,12.360000000000001,0.21080666666666664,491102,2933986
587,53533,16,pair_013_n3_013_conflict,conflict,0,1,0,-0.9,0.21078,491198,2934914
588,53623,90,pair_016_n3_016_conflict,conflict,1,0,0,12.360000000000001,0.21062999999999998,491738,2940134
589,53661,38,pair_008_n3_008_conflict,conflict,0,1,0,-0.019999999999999685,0.21056666666666665,491966,2942338
590,53741,80,pair_005_n3_005_conflict,conflict,1,0,0,12.46,0.2104333333333333,492446,2946978
591,53754,13,pair_014_n5_014_conflict,conflict,0,1,0,-0.87,0.21041166666666666,492524,2947732
592,53850,96,pair_015_n5_015_control,control,1,0,0,12.3,0.21025166666666667,493100,2953300
593,53970,120,pair_004_n3_004_conflict,conflict,1,0,0,12.060000000000002,0.21005166666666664,493820,2960260
594,54090,120,pair_013_n5_013_conflict,conflict,1,0,0,12.060000000000002,0.20985166666666666,494540,2967220
595,54172,82,pair_010_n3_010_control,control,1,0,0,12.440000000000001,0.20971499999999998,495032,2971976
596,54257,85,pair_008_n3_008_control,control,1,0,0,12.410000000000002,0.20957333333333333,495542,2976906
597,54369,112,pair_011_n3_011_control,control,1,0,0,12.14,0.20938666666666667,496214,2983402
598,54451,82,pair_010_n3_010_conflict,conflict,1,0,0,12.440000000000001,0.20925,496706,2988158
599,54532,81,pair_009_n5_009_control,control,1,0,0,12.450000000000001,0.209115,497192,2992856
600,54628,96,pair_006_n5_006_control,control,1,0,0,12.300000000000002,0.208955,497768,2998424
601,54717,89,pair_000_n3_000_conflict,conflict,1,0,0,12.370000000000001,0.20880666666666664,498302,3003586
602,54739,22,pair_005_n5_005_control,control,0,1,0,-0.5100000000000001,0.20876999999999998,498434,3004862
603,54821,82,pair_007_n5_007_conflict,conflict,1,0,0,12.440000000000001,0.20863333333333334,498926,3009618
604,54911,90,pair_015_n3_015_conflict,conflict,1,0,0,12.360000000000001,0.20848333333333333,499466,3014838
605,54931,20,pair_017_n5_017_conflict,conflict,0,1,0,-0.94,0.20844999999999997,499586,3015998
606,55032,101,pair_013_n5_013_control,control,1,0,0,12.250000000000002,0.20828166666666664,500192,3021856
607,55126,94,pair_007_n3_007_conflict,conflict,0,1,0,1.220000000000001,0.208125,500756,3027308
608,55214,88,pair_003_n5_003_conflict,conflict,1,0,0,12.380000000000003,0.20797833333333332,501284,3032412
609,55311,97,pair_003_n3_003_control,control,1,0,0,12.290000000000003,0.20781666666666665,501866,3038038
610,55399,88,pair_004_n3_004_control,control,1,0,0,12.38,0.20767,502394,3043142
611,55485,86,pair_002_n5_002_control,control,0,1,0,1.3000000000000016,0.20752666666666664,502910,3048130
612,55582,97,pair_012_n5_012_conflict,conflict,1,0,0,12.290000000000001,0.207365,503492,3053756
613,55666,84,pair_017_n3_017_conflict,conflict,0,1,0,0.9700000000000009,0.207225,503996,3058628
614,55761,95,pair_012_n3_012_control,control,0,1,0,1.3100000000000018,0.20706666666666665,504566,3064138
615,55851,90,pair_013_n3_013_control,control,1,0,0,12.360000000000001,0.20691666666666664,505106,3069358
616,55939,88,pair_001_n5_001_conflict,conflict,1,0,0,12.380000000000003,0.20677,505634,3074462
617,55946,7,pair_007_n3_007_control,control,0,1,0,-0.81,0.20675833333333332,505676,3074868
618,56040,94,pair_012_n3_012_conflict,conflict,1,0,0,12.32,0.20660166666666666,506240,3080320
619,56126,86,pair_001_n5_001_control,control,1,0,0,12.400000000000002,0.20645833333333333,506756,3085308
620,56218,92,pair_005_n5_005_conflict,conflict,1,0,0,12.340000000000002,0.206305,507308,3090644
621,56298,80,pair_015_n3_015_control,control,1,0,0,12.46,0.20617166666666664,507788,3095284
622,56404,106,pair_005_n3_005_control,control,1,0,0,12.200000000000001,0.20599499999999998,508424,3101432
623,56480,76,pair_000_n5_000_conflict,conflict,1,0,0,12.500000000000002,0.20586833333333332,508880,3105840
624,56576,96,pair_017_n3_017_control,control,1,0,0,12.3,0.20570833333333333,509456,3111408
625,56674,98,pair_014_n3_014_conflict,conflict,1,0,0,12.280000000000001,0.20554499999999998,510044,3117092
626,56762,88,pair_016_n3_016_control,control,1,0,0,12.380000000000003,0.20539833333333332,510572,3122196
627,56766,4,pair_014_n5_014_control,control,0,1,0,-0.98,0.20539166666666664,510596,3122428
628,56866,100,pair_016_n5_016_conflict,conflict,1,0,0,12.260000000000002,0.205225,511196,3128228
629,56955,89,pair_002_n3_002_conflict,conflict,1,0,0,12.370000000000001,0.20507666666666666,511730,3133390
630,57026,71,pair_004_n5_004_conflict,conflict,0,1,0,1.5500000000000016,0.20495833333333333,512156,3137508
631,57114,88,pair_010_n5_010_control,control,1,0,0,12.380000000000003,0.20481166666666667,512684,3142612
632,57210,96,pair_014_n3_014_control,control,1,0,0,12.3,0.20465166666666668,513260,3148180
633,57230,20,pair_000_n5_000_control,control,0,1,0,-0.54,0.20461833333333332,513380,3149340
634,57391,161,pair_000_n3_000_control,control,1,0,0,11.65,0.20434999999999998,514346,3158678
635,57405,14,pair_016_n5_016_control,control,0,1,0,-0.88,0.20432666666666666,514430,3159490
636,57489,84,pair_009_n5_009_conflict,conflict,1,0,0,12.420000000000002,0.20418666666666666,514934,3164362
637,57568,79,pair_001_n3_001_conflict,conflict,1,0,0,12.470000000000002,0.204055,515408,3168944
638,57663,95,pair_003_n5_003_control,control,1,0,0,12.310000000000002,0.20389666666666667,515978,3174454
639,57753,90,pair_015_n5_015_conflict,conflict,1,0,0,12.360000000000001,0.20374666666666666,516518,3179674
640,57834,81,pair_002_n5_002_conflict,conflict,1,0,0,12.450000000000001,0.20361166666666664,517004,3184372
641,57915,81,pair_006_n5_006_conflict,conflict,1,0,0,12.450000000000001,0.20347666666666664,517490,3189070
642,58007,92,pair_010_n5_010_conflict,conflict,0,1,0,1.2900000000000014,0.20332333333333333,518042,3194406
643,58097,90,pair_012_n5_012_control,control,0,1,0,1.3600000000000017,0.20317333333333332,518582,3199626
644,58179,82,pair_009_n3_009_conflict,conflict,1,0,0,12.440000000000001,0.20303666666666664,519074,3204382
645,58195,16,pair_002_n3_002_control,control,0,1,0,-0.85,0.20300999999999997,519170,3205310
646,58290,95,pair_004_n5_004_control,control,1,0,0,12.310000000000002,0.20285166666666665,519740,3210820
647,58389,99,pair_011_n3_011_conflict,conflict,1,0,0,12.270000000000001,0.20268666666666665,520334,3216562
648,58479,90,pair_004_n3_004_control,control,1,0,0,12.360000000000001,0.20253666666666664,520874,3221782
649,58558,79,pair_017_n5_017_control,control,1,0,0,12.470000000000002,0.202405,521348,3226364
650,58679,121,pair_007_n5_007_conflict,conflict,1,0,0,12.05,0.20220333333333332,522074,3233382
651,58766,87,pair_000_n5_000_control,control,1,0,0,12.39,0.20205833333333334,522596,3238428
652,58847,81,pair_012_n5_012_conflict,conflict,1,0,0,12.450000000000001,0.20192333333333332,523082,3243126
653,58929,82,pair_003_n5_003_conflict,conflict,1,0,0,12.440000000000001,0.20178666666666667,523574,3247882
654,58935,6,pair_017_n5_017_conflict,conflict,0,1,0,-0.9,0.20177666666666666,523610,3248230
655,59023,88,pair_000_n3_000_conflict,conflict,1,0,0,12.380000000000003,0.20162999999999998,524138,3253334
656,59116,93,pair_001_n3_001_conflict,conflict,1,0,0,12.330000000000002,0.201475,524696,3258728
657,59204,88,pair_005_n5_005_control,control,1,0,0,12.38,0.20132833333333333,525224,3263832
658,59211,7,pair_014_n3_014_conflict,conflict,0,1,0,-0.76,0.20131666666666664,525266,3264238
659,59231,20,pair_012_n3_012_conflict,conflict,0,1,0,-0.54,0.20128333333333331,525386,3265398
660,59326,95,pair_002_n3_002_conflict,conflict,1,0,0,12.310000000000002,0.201125,525956,3270908
661,59409,83,pair_009_n5_009_conflict,conflict,1,0,0,12.430000000000001,0.20098666666666665,526454,3275722
662,59482,73,pair_014_n5_014_control,control,1,0,0,12.530000000000001,0.200865,526892,3279956
663,59575,93,pair_011_n3_011_conflict,conflict,0,1,0,1.3300000000000014,0.20071,527450,3285350
664,59657,82,pair_003_n3_003_conflict,conflict,1,0,0,12.440000000000001,0.20057333333333333,527942,3290106
665,59751,94,pair_001_n5_001_control,control,1,0,0,12.320000000000002,0.20041666666666666,528506,3295558
666,59827,76,pair_016_n3_016_control,control,1,0,0,12.500000000000002,0.20029,528962,3299966
667,59910,83,pair_000_n3_000_control,control,1,0,0,12.430000000000001,0.20015166666666667,529460,3304780
668,60027,117,pair_006_n3_006_conflict,conflict,1,0,0,12.090000000000002,0.19995666666666667,530135,3311593
669,60100,73,pair_011_n3_011_control,control,1,0,0,12.530000000000001,0.19983499999999998,530500,3315900
670,60181,81,pair_002_n5_002_control,control,1,0,0,12.450000000000003,0.1997,530905,3320679
671,60286,105,pair_001_n3_001_control,control,1,0,0,12.21,0.199525,531430,3326874
672,60368,82,pair_009_n5_009_control,control,1,0,0,12.440000000000001,0.19938833333333333,531840,3331712
673,60373,5,pair_016_n3_016_conflict,conflict,0,1,0,-0.84,0.19938,531865,3332007
674,60475,102,pair_002_n5_002_conflict,conflict,1,0,0,12.240000000000002,0.19921,532375,3338025
675,60571,96,pair_016_n5_016_control,control,1,0,0,12.3,0.19905,532855,3343689
676,60676,105,pair_015_n5_015_control,control,1,0,0,12.210000000000003,0.19887499999999997,533380,3349884
677,60771,95,pair_005_n3_005_control,control,1,0,0,12.310000000000002,0.19871666666666665,533855,3355489
678,60876,105,pair_013_n3_013_conflict,conflict,1,0,0,12.21,0.19854166666666667,534380,3361684
679,60957,81,pair_015_n3_015_conflict,conflict,1,0,0,12.450000000000001,0.19840666666666668,534785,3366463
680,61039,82,pair_008_n5_008_control,control,1,0,0,12.440000000000001,0.19827,535195,3371301
681,61122,83,pair_007_n3_007_conflict,conflict,1,0,0,12.430000000000001,0.19813166666666665,535610,3376198
682,61201,79,pair_010_n3_010_conflict,conflict,1,0,0,12.470000000000002,0.198,536005,3380859
683,61236,35,pair_010_n5_010_control,control,0,1,0,-0.08999999999999975,0.19794166666666665,536180,3382924
684,61315,79,pair_003_n3_003_control,control,1,0,0,12.470000000000002,0.19780999999999999,536575,3387585
685,61398,83,pair_008_n3_008_conflict,conflict,1,0,0,12.430000000000001,0.19767166666666666,536990,3392482
686,61405,7,pair_004_n5_004_control,control,0,1,0,-0.81,0.19766,537025,3392895
687,61486,81,pair_017_n3_017_conflict,conflict,1,0,0,12.450000000000001,0.197525,537430,3397674
688,61495,9,pair_011_n5_011_control,control,0,1,0,-0.98,0.19751,537475,3398205
689,61560,65,pair_006_n3_006_control,control,0,1,0,0.3100000000000005,0.19740166666666664,537800,3402040
690,61665,105,pair_013_n5_013_conflict,conflict,1,0,0,12.21,0.19722666666666666,538325,3408235
691,61756,91,pair_006_n5_006_control,control,1,0,0,12.350000000000001,0.197075,538780,3413604
692,61845,89,pair_002_n3_002_control,control,1,0,0,12.370000000000001,0.19692666666666664,539225,3418855
693,61931,86,pair_009_n3_009_control,control,1,0,0,12.400000000000002,0.1967833333333333,539655,3423929
694,62019,88,pair_004_n3_004_conflict,conflict,1,0,0,12.380000000000003,0.19663666666666665,540095,3429121
695,62112,93,pair_006_n5_006_conflict,conflict,0,1,0,1.2800000000000011,0.19648166666666667,540560,3434608
696,62195,83,pair_017_n3_017_control,control,1,0,0,12.430000000000001,0.19634333333333331,540975,3439505
697,62239,44,pair_016_n5_016_conflict,conflict,0,1,0,-0.43000000000000005,0.19627,541195,3442101
698,62324,85,pair_008_n3_008_control,control,1,0,0,12.410000000000002,0.19612833333333332,541620,3447116
699,62420,96,pair_012_n5_012_control,control,1,0,0,12.3,0.19596833333333333,542100,3452780
700,62506,86,pair_003_n5_003_control,control,1,0,0,12.400000000000002,0.19582499999999997,542530,3457854
701,62600,94,pair_011_n5_011_conflict,conflict,1,0,0,12.32,0.19566833333333333,543000,3463400
702,62678,78,pair_007_n3_007_control,control,1,0,0,12.480000000000002,0.19553833333333331,543390,3468002
703,62757,79,pair_004_n5_004_conflict,conflict,1,0,0,12.47,0.19540666666666667,543785,3472663
704,62835,78,pair_014_n3_014_control,control,1,0,0,12.480000000000002,0.19527666666666665,544175,3477265
705,62842,7,pair_009_n3_009_conflict,conflict,0,1,0,-0.81,0.195265,544210,3477678
706,62928,86,pair_015_n3_015_control,control,1,0,0,12.400000000000002,0.19512166666666664,544640,3482752
707,63022,94,pair_015_n5_015_conflict,conflict,1,0,0,12.32,0.194965,545110,3488298
708,63098,76,pair_010_n3_010_control,control,1,0,0,12.500000000000002,0.19483833333333334,545490,3492782
709,63176,78,pair_010_n5_010_conflict,conflict,0,1,0,1.4800000000000013,0.19470833333333332,545880,3497384
710,63197,21,pair_005_n5_005_conflict,conflict,0,1,0,-0.6000000000000001,0.1946733333333333,545985,3498623
711,63288,91,pair_000_n5_000_conflict,conflict,1,0,0,12.350000000000001,0.19452166666666665,546440,3503992
712,63380,92,pair_012_n3_012_control,control,1,0,0,12.340000000000002,0.1943683333333333,546900,3509420
713,63401,21,pair_005_n3_005_conflict,conflict,0,1,0,-0.6000000000000001,0.1943333333333333,547005,3510659
714,63483,82,pair_013_n3_013_control,control,1,0,0,12.440000000000001,0.19419666666666666,547415,3515497
715,63572,89,pair_007_n5_007_control,control,1,0,0,12.370000000000001,0.19404833333333332,547860,3520748
716,63661,89,pair_014_n5_014_conflict,conflict,1,0,0,12.370000000000001,0.1939,548305,3525999
717,63750,89,pair_013_n5_013_control,control,1,0,0,12.370000000000001,0.19375166666666666,548750,3531250
718,63825,75,pair_001_n5_001_conflict,conflict,1,0,0,12.510000000000002,0.19362666666666667,549125,3535675
719,63830,5,pair_008_n5_008_conflict,conflict,0,1,0,-0.84,0.19361833333333334,549150,3535970
720,63923,93,pair_011_n3_011_conflict,conflict,1,0,0,12.330000000000002,0.19346333333333332,549615,3541457
721,64001,78,pair_013_n3_013_control,control,1,0,0,12.48,0.1933333333333333,550005,3546059
722,64082,81,pair_017_n3_017_control,control,1,0,0,12.450000000000001,0.1931983333333333,550410,3550838
723,64173,91,pair_007_n5_007_control,control,1,0,0,12.350000000000001,0.19304666666666664,550865,3556207
724,64266,93,pair_001_n3_001_control,control,1,0,0,12.330000000000002,0.19289166666666666,551330,3561694
725,64356,90,pair_001_n3_001_conflict,conflict,1,0,0,12.360000000000001,0.19274166666666664,551780,3567004
726,64380,24,pair_017_n5_017_control,control,0,1,0,-0.5800000000000001,0.19270166666666666,551900,3568420
727,64487,107,pair_017_n5_017_conflict,conflict,1,0,0,12.190000000000001,0.19252333333333332,552435,3574733
728,64574,87,pair_008_n5_008_control,control,1,0,0,12.39,0.19237833333333332,552870,3579866
729,64657,83,pair_012_n3_012_control,control,1,0,0,12.430000000000001,0.19224,553285,3584763
730,64741,84,pair_003_n5_003_control,control,1,0,0,12.420000000000002,0.1921,553705,3589719
731,64827,86,pair_004_n5_004_control,control,1,0,0,12.400000000000002,0.19195666666666666,554135,3594793
732,64907,80,pair_016_n3_016_control,control,1,0,0,12.46,0.19182333333333332,554535,3599513
733,64915,8,pair_009_n5_009_control,control,0,1,0,-0.8200000000000001,0.19180999999999998,554575,3599985
734,64962,47,pair_005_n5_005_control,control,0,1,0,-0.8100000000000003,0.19173166666666666,554810,3602758
735,65052,90,pair_005_n3_005_control,control,1,0,0,12.360000000000001,0.19158166666666665,555260,3608068
736,65134,82,pair_004_n3_004_conflict,conflict,1,0,0,12.440000000000001,0.19144499999999998,555670,3612906
737,65160,26,pair_005_n3_005_conflict,conflict,0,1,0,-0.6000000000000002,0.19140166666666664,555800,3614440
738,65238,78,pair_009_n3_009_conflict,conflict,1,0,0,12.48,0.19127166666666667,556190,3619042
739,65332,94,pair_002_n3_002_control,control,1,0,0,12.320000000000002,0.19111499999999998,556660,3624588
740,65411,79,pair_004_n5_004_conflict,conflict,1,0,0,12.470000000000002,0.19098333333333334,557055,3629249
741,65492,81,pair_016_n3_016_conflict,conflict,1,0,0,12.450000000000001,0.19084833333333334,557460,3634028
742,65571,79,pair_014_n5_014_conflict,conflict,1,0,0,12.470000000000002,0.19071666666666665,557855,3638689
743,65586,15,pair_000_n3_000_conflict,conflict,0,1,0,-0.5900000000000001,0.19069166666666665,557930,3639574
744,65606,20,pair_003_n5_003_conflict,conflict,0,1,0,-0.33999999999999997,0.19065833333333332,558030,3640754
745,65703,97,pair_012_n5_012_conflict,conflict,1,0,0,12.290000000000001,0.19049666666666665,558515,3646477
746,65774,71,pair_010_n3_010_control,control,1,0,0,12.55,0.19037833333333332,558870,3650666
747,65777,3,pair_013_n5_013_control,control,0,1,0,-0.97,0.19037333333333334,558885,3650843
748,65859,82,pair_014_n5_014_control,control,1,0,0,12.440000000000001,0.19023666666666667,559295,3655681
749,65936,77,pair_013_n3_013_conflict,conflict,1,0,0,12.490000000000002,0.19010833333333332,559680,3660224
750,66153,217,pair_003_n3_003_conflict,conflict,1,0,0,11.09,0.18974666666666667,560765,3673027
751,66237,84,pair_000_n5_000_control,control,1,0,0,12.420000000000002,0.18960666666666665,561185,3677983
752,66341,104,pair_016_n5_016_control,control,1,0,0,12.220000000000002,0.18943333333333334,561705,3684119
753,66427,86,pair_012_n5_012_control,control,1,0,0,12.400000000000002,0.18928999999999999,562135,3689193
754,66506,79,pair_014_n3_014_control,control,1,0,0,12.470000000000002,0.18915833333333332,562530,3693854
755,66525,19,pair_005_n5_005_conflict,conflict,0,1,0,-0.4800000000000001,0.18912666666666667,562625,3694975
756,66623,98,pair_017_n3_017_conflict,conflict,1,0,0,12.280000000000001,0.18896333333333332,563115,3700757
757,66710,87,pair_011_n5_011_control,control,1,0,0,12.39,0.1888183333333333,563550,3705890
758,66784,74,pair_007_n5_007_conflict,conflict,1,0,0,12.520000000000001,0.188695,563920,3710256
759,66865,81,pair_006_n3_006_control,control,1,0,0,12.450000000000001,0.18856,564325,3715035
760,66944,79,pair_012_n3_012_conflict,conflict,1,0,0,12.470000000000002,0.1884283333333333,564720,3719696
761,67036,92,pair_015_n3_015_control,control,1,0,0,12.340000000000002,0.18827499999999997,565180,3725124
762,67110,74,pair_001_n5_001_conflict,conflict,1,0,0,12.520000000000001,0.18815166666666666,565550,3729490
763,67185,75,pair_001_n5_001_control,control,1,0,0,12.510000000000002,0.18802666666666668,565925,3733915
764,67261,76,pair_000_n5_000_conflict,conflict,1,0,0,12.500000000000002,0.18789999999999998,566305,3738399
765,67363,102,pair_003_n3_003_control,control,1,0,0,12.240000000000002,0.18773,566815,3744417
766,67451,88,pair_002_n5_002_control,control,1,0,0,12.380000000000003,0.18758333333333332,567255,3749609
767,67539,88,pair_009_n5_009_conflict,conflict,1,0,0,12.380000000000003,0.18743666666666664,567695,3754801
768,67627,88,pair_015_n5_015_control,control,1,0,0,12.380000000000003,0.18728999999999998,568135,3759993
769,67629,2,pair_013_n5_013_conflict,conflict,0,1,0,-0.96,0.18728666666666666,568145,3760111
770,67650,21,pair_000_n3_000_control,control,0,1,0,-0.65,0.18725166666666665,568250,3761350
771,67729,79,pair_004_n3_004_control,control,1,0,0,12.470000000000002,0.18712,568645,3766011
772,67748,19,pair_015_n5_015_conflict,conflict,0,1,0,-0.53,0.18708833333333333,568740,3767132
773,67826,78,pair_007_n3_007_conflict,conflict,1,0,0,12.48,0.18695833333333334,569130,3771734
774,67901,75,pair_008_n3_008_conflict,conflict,0,1,0,1.5100000000000016,0.18683333333333332,569505,3776159
775,68067,166,pair_006_n5_006_control,control,1,0,0,11.600000000000001,0.18655666666666665,570335,3785953
776,68084,17,pair_016_n5_016_conflict,conflict,0,1,0,-0.56,0.18652833333333332,570420,3786956
777,68160,76,pair_014_n3_014_conflict,conflict,1,0,0,12.500000000000002,0.18640166666666666,570800,3791440
778,68248,88,pair_002_n3_002_conflict,conflict,1,0,0,12.380000000000003,0.186255,571240,3796632
779,68383,135,pair_011_n5_011_conflict,conflict,1,0,0,11.910000000000002,0.18602999999999997,571915,3804597
780,68473,90,pair_008_n5_008_conflict,conflict,1,0,0,12.360000000000001,0.18588,572365,3809907
781,68666,193,pair_002_n5_002_conflict,conflict,1,0,0,11.33,0.18555833333333333,573330,3821294
782,68748,82,pair_011_n3_011_control,control,1,0,0,12.440000000000001,0.18542166666666665,573740,3826132
783,68830,82,pair_010_n5_010_control,control,1,0,0,12.440000000000001,0.18528499999999998,574150,3830970
784,68914,84,pair_009_n3_009_control,control,1,0,0,12.420000000000002,0.185145,574570,3835926
785,69010,96,pair_008_n3_008_control,control,1,0,0,12.3,0.18498499999999998,575050,3841590
786,69083,73,pair_006_n3_006_conflict,conflict,1,0,0,12.530000000000001,0.18486333333333332,575415,3845897
787,69159,76,pair_007_n3_007_control,control,1,0,0,12.500000000000002,0.18473666666666666,575795,3850381
788,69250,91,pair_010_n5_010_conflict,conflict,1,0,0,12.350000000000001,0.184585,576250,3855750
789,69339,89,pair_015_n3_015_conflict,conflict,1,0,0,12.370000000000001,0.18443666666666664,576695,3861001
790,69435,96,pair_006_n5_006_conflict,conflict,1,0,0,12.3,0.18427666666666664,577175,3866665
791,69512,77,pair_010_n3_010_conflict,conflict,1,0,0,12.490000000000002,0.1841483333333333,577560,3871208
792,69515,3,pair_012_n5_012_conflict,conflict,0,1,0,-0.97,0.18414333333333333,577575,3871385
793,69595,80,pair_014_n3_014_control,control,1,0,0,12.46,0.18401,577975,3876105
794,69603,8,pair_011_n5_011_control,control,0,1,0,-0.9199999999999999,0.18399666666666664,578015,3876577
795,69682,79,pair_002_n5_002_control,control,1,0,0,12.470000000000002,0.183865,578410,3881238
796,69768,86,pair_008_n5_008_conflict,conflict,1,0,0,12.400000000000002,0.18372166666666667,578840,3886312
797,69852,84,pair_001_n3_001_control,control,1,0,0,12.420000000000002,0.18358166666666664,579260,3891268
798,69929,77,pair_006_n3_006_control,control,1,0,0,12.490000000000002,0.1834533333333333,579645,3895811
799,70018,89,pair_001_n3_001_conflict,conflict,1,0,0,12.370000000000001,0.183305,580072,3901080
800,70105,87,pair_016_n5_016_control,control,0,1,0,1.140000000000002,0.18316,580420,3906300
801,70189,84,pair_006_n5_006_control,control,1,0,0,12.420000000000002,0.18302,580756,3911340
802,70284,95,pair_013_n3_013_conflict,conflict,1,0,0,12.310000000000002,0.18286166666666664,581136,3917040
803,70361,77,pair_015_n3_015_control,control,1,0,0,12.490000000000002,0.1827333333333333,581444,3921660
804,70446,85,pair_004_n3_004_control,control,1,0,0,12.410000000000002,0.18259166666666665,581784,3926760
805,70539,93,pair_013_n5_013_control,control,1,0,0,12.330000000000002,0.18243666666666664,582156,3932340
806,70547,8,pair_009_n3_009_control,control,0,1,0,-0.87,0.18242333333333333,582188,3932820
807,70666,119,pair_000_n5_000_control,control,1,0,0,12.07,0.18222499999999997,582664,3939960
808,70738,72,pair_009_n5_009_conflict,conflict,1,0,0,12.540000000000003,0.182105,582952,3944280
809,70823,85,pair_008_n3_008_control,control,1,0,0,12.410000000000002,0.1819633333333333,583292,3949380
810,70899,76,pair_010_n3_010_conflict,conflict,1,0,0,12.500000000000002,0.18183666666666665,583596,3953940
811,70990,91,pair_007_n3_007_conflict,conflict,1,0,0,12.350000000000001,0.18168499999999999,583960,3959400
812,71084,94,pair_013_n5_013_conflict,conflict,1,0,0,12.320000000000002,0.18152833333333332,584336,3965040
813,71170,86,pair_017_n5_017_control,control,1,0,0,12.400000000000002,0.181385,584680,3970200
814,71265,95,pair_010_n3_010_control,control,1,0,0,12.310000000000002,0.18122666666666665,585060,3975900
815,71359,94,pair_015_n5_015_control,control,1,0,0,12.320000000000002,0.18107,585436,3981540
816,71438,79,pair_016_n3_016_control,control,1,0,0,12.470000000000002,0.1809383333333333,585752,3986280
817,71516,78,pair_011_n5_011_conflict,conflict,0,1,0,1.4800000000000018,0.18080833333333332,586064,3990960
818,71599,83,pair_003_n5_003_control,control,1,0,0,12.430000000000001,0.18067,586396,3995940
819,71688,89,pair_001_n5_001_control,control,1,0,0,12.370000000000001,0.18052166666666664,586752,4001280
820,71726,38,pair_016_n5_016_conflict,conflict,0,1,0,-0.27,0.18045833333333333,586904,4003560
821,71805,79,pair_009_n5_009_control,control,1,0,0,12.470000000000002,0.18032666666666664,587220,4008300
822,71820,15,pair_016_n3_016_conflict,conflict,0,1,0,-0.44000000000000006,0.18030166666666664,587280,4009200
823,71911,91,pair_014_n3_014_conflict,conflict,1,0,0,12.350000000000001,0.18014999999999998,587644,4014660
824,72013,102,pair_003_n5_003_conflict,conflict,1,0,0,12.240000000000002,0.17997999999999997,588052,4020780
825,72037,24,pair_014_n5_014_control,control,0,1,0,-0.6300000000000001,0.17994,588148,4022220
826,72072,35,pair_014_n5_014_conflict,conflict,0,1,0,-0.23999999999999977,0.17988166666666666,588288,4024320
827,72079,7,pair_013_n3_013_control,control,0,1,0,-0.76,0.17986999999999997,588316,4024740
828,72192,113,pair_004_n5_004_control,control,1,0,0,12.130000000000003,0.17968166666666666,588768,4031520
829,72269,77,pair_003_n3_003_control,control,1,0,0,12.490000000000002,0.17955333333333334,589076,4036140
830,72361,92,pair_017_n3_017_conflict,conflict,1,0,0,12.340000000000002,0.1794,589444,4041660
831,72439,78,pair_012_n3_012_control,control,1,0,0,12.48,0.17926999999999998,589756,4046340
832,72446,7,pair_007_n5_007_control,control,0,1,0,-0.76,0.17925833333333333,589784,4046760
833,72555,109,pair_007_n5_007_conflict,conflict,1,0,0,12.170000000000002,0.17907666666666666,590220,4053300
834,72637,82,pair_010_n5_010_control,control,1,0,0,12.440000000000001,0.17894,590548,4058220
835,72711,74,pair_005_n3_005_control,control,1,0,0,12.520000000000001,0.17881666666666665,590844,4062660
836,72790,79,pair_011_n3_011_control,control,1,0,0,12.470000000000002,0.17868499999999998,591160,4067400
837,72875,85,pair_004_n3_004_conflict,conflict,1,0,0,12.410000000000002,0.17854333333333333,591500,4072500
838,72957,82,pair_002_n3_002_control,control,1,0,0,12.440000000000001,0.17840666666666666,591828,4077420
839,73042,85,pair_011_n3_011_conflict,conflict,1,0,0,12.410000000000002,0.178265,592168,4082520
840,73124,82,pair_012_n3_012_conflict,conflict,1,0,0,12.440000000000001,0.17812833333333333,592496,4087440
841,73257,133,pair_017_n3_017_control,control,1,0,0,11.930000000000001,0.17790666666666666,593028,4095420
842,73362,105,pair_008_n3_008_conflict,conflict,1,0,0,12.21,0.17773166666666665,593448,4101720
843,73454,92,pair_017_n5_017_conflict,conflict,1,0,0,12.340000000000002,0.17757833333333334,593816,4107240
844,73479,25,pair_015_n5_015_conflict,conflict,0,1,0,-0.5900000000000002,0.17753666666666668,593916,4108740
845,73599,120,pair_010_n5_010_conflict,conflict,1,0,0,12.060000000000002,0.17733666666666664,594396,4115940
846,73677,78,pair_015_n3_015_conflict,conflict,1,0,0,12.48,0.17720666666666665,594708,4120620
847,73760,83,pair_006_n5_006_conflict,conflict,1,0,0,12.430000000000001,0.17706833333333333,595040,4125600
848,73838,78,pair_000_n3_000_conflict,conflict,1,0,0,12.48,0.1769383333333333,595352,4130280
849,73925,87,pair_002_n3_002_conflict,conflict,1,0,0,12.39,0.1767933333333333,595700,4135500
850,74014,89,pair_008_n5_008_control,control,1,0,0,12.370000000000001,0.176645,596056,4140840
851,74019,5,pair_002_n5_002_conflict,conflict,0,1,0,-0.84,0.17663666666666666,596076,4141140
852,74105,86,pair_004_n5_004_conflict,conflict,1,0,0,12.400000000000002,0.17649333333333334,596420,4146300
853,74197,92,pair_009_n3_009_conflict,conflict,1,0,0,12.340000000000002,0.17634,596788,4151820
854,74286,89,pair_000_n3_000_control,control,1,0,0,12.370000000000001,0.17619166666666664,597144,4157160
855,74358,72,pair_001_n5_001_conflict,conflict,1,0,0,12.540000000000001,0.17607166666666665,597432,4161480
856,74385,27,pair_005_n3_005_conflict,conflict,0,1,0,-0.6600000000000001,0.17602666666666666,597540,4163100
857,74476,91,pair_005_n5_005_control,control,1,0,0,12.350000000000001,0.175875,597904,4168560
858,74570,94,pair_003_n3_003_conflict,conflict,1,0,0,12.32,0.1757183333333333,598280,4174200
859,74577,7,pair_006_n3_006_conflict,conflict,0,1,0,-0.76,0.17570666666666665,598308,4174620
860,74671,94,pair_005_n5_005_conflict,conflict,1,0,0,12.320000000000002,0.17554999999999998,598684,4180260
861,74751,80,pair_007_n3_007_control,control,0,1,0,1.3600000000000012,0.17541666666666667,599004,4185060
862,74844,93,pair_012_n5_012_control,control,1,0,0,12.330000000000002,0.17526166666666665,599376,4190640
863,74922,78,pair_000_n5_000_conflict,conflict,0,1,0,1.4800000000000013,0.17513166666666666,599688,4195320
864,75016,94,pair_009_n3_009_control,control,1,0,0,12.32,0.174975,600064,4200960
865,75094,78,pair_000_n3_000_control,control,1,0,0,12.480000000000002,0.174845,600376,4205640
866,75170,76,pair_005_n5_005_control,control,1,0,0,12.500000000000002,0.1747183333333333,600680,4210200
867,75257,87,pair_005_n3_005_conflict,conflict,1,0,0,12.390000000000002,0.17457333333333333,601028,4215420
868,75347,90,pair_012_n5_012_conflict,conflict,0,1,0,1.3600000000000017,0.17442333333333332,601388,4220820
869,75368,21,pair_016_n5_016_conflict,conflict,0,1,0,-0.45000000000000007,0.1743883333333333,601472,4222080
870,75464,96,pair_001_n5_001_conflict,conflict,1,0,0,12.3,0.17422833333333332,601856,4227840
871,75577,113,pair_014_n5_014_control,control,1,0,0,12.13,0.17404,602308,4234620
872,75656,79,pair_008_n3_008_control,control,1,0,0,12.470000000000002,0.17390833333333333,602624,4239360
873,75677,21,pair_009_n5_009_control,control,0,1,0,-0.5,0.17387333333333332,602708,4240620
874,75764,87,pair_000_n5_000_control,control,1,0,0,12.39,0.17372833333333332,603056,4245840
875,75849,85,pair_005_n3_005_control,control,1,0,0,12.410000000000002,0.17358666666666667,603396,4250940
876,75935,86,pair_000_n5_000_conflict,conflict,1,0,0,12.400000000000002,0.1734433333333333,603740,4256100
877,76013,78,pair_009_n3_009_conflict,conflict,1,0,0,12.48,0.17331333333333332,604052,4260780
878,76100,87,pair_011_n3_011_control,control,1,0,0,12.390000000000002,0.1731683333333333,604400,4266000
879,76178,78,pair_002_n3_002_control,control,1,0,0,12.480000000000002,0.17303833333333332,604712,4270680
880,76255,77,pair_011_n5_011_control,control,1,0,0,12.490000000000002,0.17290999999999998,605020,4275300
881,76277,22,pair_017_n5_017_control,control,0,1,0,-0.5600000000000002,0.17287333333333332,605108,4276620
882,76367,90,pair_011_n5_011_conflict,conflict,1,0,0,12.360000000000001,0.1727233333333333,605468,4282020
883,76447,80,pair_003_n5_003_conflict,conflict,1,0,0,12.46,0.17259,605788,4286820
884,76524,77,pair_014_n5_014_conflict,conflict,1,0,0,12.490000000000002,0.17246166666666665,606096,4291440
885,76601,77,pair_017_n3_017_conflict,conflict,1,0,0,12.490000000000002,0.1723333333333333,606404,4296060
886,76688,87,pair_015_n3_015_conflict,conflict,1,0,0,12.390000000000002,0.17218833333333333,606752,4301280
887,76709,21,pair_013_n5_013_conflict,conflict,0,1,0,-0.55,0.17215333333333332,606836,4302540
888,76796,87,pair_006_n5_006_control,control,0,1,0,1.3900000000000015,0.17200833333333332,607184,4307760
889,76884,88,pair_001_n3_001_control,control,1,0,0,12.38,0.17186166666666666,607536,4313040
890,76971,87,pair_010_n5_010_control,control,1,0,0,12.39,0.17171666666666666,607884,4318260
891,77052,81,pair_016_n3_016_conflict,conflict,1,0,0,12.450000000000001,0.17158166666666666,608208,4323120
892,77126,74,pair_007_n5_007_control,control,1,0,0,12.520000000000001,0.17145833333333332,608504,4327560
893,77147,21,pair_015_n5_015_control,control,0,1,0,-0.5000000000000002,0.17142333333333332,608588,4328820
894,77237,90,pair_004_n5_004_conflict,conflict,1,0,0,12.360000000000001,0.17127333333333333,608948,4334220
895,77321,84,pair_005_n5_005_conflict,conflict,1,0,0,12.420000000000002,0.17113333333333333,609284,4339260
896,77405,84,pair_017_n5_017_conflict,conflict,1,0,0,12.420000000000002,0.17099333333333333,609620,4344300
897,77443,38,pair_008_n5_008_conflict,conflict,0,1,0,-0.06999999999999973,0.17093,609772,4346580
898,77525,82,pair_016_n5_016_control,control,1,0,0,12.440000000000001,0.17079333333333332,610100,4351500
899,77530,5,pair_009_n5_009_conflict,conflict,0,1,0,-0.84,0.170785,610120,4351800
900,77603,73,pair_003_n3_003_conflict,conflict,1,0,0,12.530000000000001,0.17066333333333333,610412,4356180
901,77692,89,pair_000_n3_000_conflict,conflict,1,0,0,12.370000000000001,0.170515,610768,4361520
902,77772,80,pair_001_n3_001_conflict,conflict,1,0,0,12.46,0.17038166666666665,611088,4366320
903,77866,94,pair_016_n3_016_control,control,1,0,0,12.320000000000002,0.170225,611464,4371960
904,77897,31,pair_014_n3_014_control,control,0,1,0,-0.7000000000000001,0.17017333333333332,611588,4373820
905,77971,74,pair_010_n3_010_conflict,conflict,0,1,0,1.5200000000000014,0.17004999999999998,611884,4378260
906,78055,84,pair_004_n3_004_conflict,conflict,1,0,0,12.420000000000002,0.16990999999999998,612220,4383300
907,78140,85,pair_010_n5_010_conflict,conflict,1,0,0,12.410000000000002,0.16976833333333333,612560,4388400
908,78216,76,pair_013_n3_013_conflict,conflict,1,0,0,12.500000000000002,0.16964166666666666,612864,4392960
909,78222,6,pair_006_n3_006_conflict,conflict,0,1,0,-0.85,0.16963166666666665,612888,4393320
910,78311,89,pair_002_n3_002_conflict,conflict,1,0,0,12.370000000000001,0.16948333333333332,613244,4398660
911,78317,6,pair_015_n3_015_control,control,0,1,0,-0.8,0.1694733333333333,613268,4399020
912,78408,91,pair_002_n5_002_control,control,1,0,0,12.350000000000001,0.16932166666666665,613632,4404480
913,78484,76,pair_012_n3_012_conflict,conflict,1,0,0,12.500000000000002,0.16919499999999998,613936,4409040
914,78563,79,pair_011_n3_011_conflict,conflict,1,0,0,12.470000000000002,0.16906333333333332,614252,4413780
915,78653,90,pair_007_n3_007_conflict,conflict,1,0,0,12.360000000000001,0.16891333333333333,614612,4419180
916,78752,99,pair_015_n5_015_conflict,conflict,1,0,0,12.270000000000001,0.16874833333333333,615008,4425120
917,78857,105,pair_017_n3_017_control,control,1,0,0,12.21,0.16857333333333333,615428,4431420
918,78941,84,pair_006_n5_006_conflict,conflict,1,0,0,12.420000000000002,0.16843333333333332,615764,4436460
919,79024,83,pair_007_n5_007_conflict,conflict,1,0,0,12.430000000000001,0.168295,616096,4441440
920,79106,82,pair_008_n3_008_conflict,conflict,1,0,0,12.440000000000001,0.16815833333333333,616424,4446360
921,79199,93,pair_001_n5_001_control,control,1,0,0,12.330000000000002,0.1680033333333333,616796,4451940
922,79275,76,pair_003_n5_003_control,control,1,0,0,12.500000000000002,0.16787666666666665,617100,4456500
923,79358,83,pair_008_n5_008_control,control,1,0,0,12.430000000000001,0.16773833333333332,617432,4461480
924,79458,100,pair_004_n3_004_control,control,1,0,0,12.260000000000002,0.16757166666666665,617832,4467480
925,79463,5,pair_004_n5_004_control,control,0,1,0,-0.84,0.16756333333333331,617852,4467780
926,79548,85,pair_014_n3_014_conflict,conflict,1,0,0,12.410000000000002,0.16742166666666666,618192,4472880
927,79634,86,pair_013_n5_013_control,control,1,0,0,12.400000000000002,0.16727833333333333,618536,4478040
928,79729,95,pair_012_n3_012_control,control,1,0,0,12.310000000000002,0.16712,618916,4483740
929,79803,74,pair_007_n3_007_control,control,1,0,0,12.520000000000001,0.16699666666666665,619212,4488180
930,79805,2,pair_012_n5_012_control,control,0,1,0,-0.96,0.16699333333333333,619220,4488300
931,79809,4,pair_006_n3_006_control,control,0,1,0,-0.88,0.16698666666666664,619236,4488540
932,79887,78,pair_010_n3_010_control,control,1,0,0,12.48,0.16685666666666665,619548,4493220
933,79962,75,pair_003_n3_003_control,control,1,0,0,12.510000000000002,0.16673166666666667,619848,4497720
934,80048,86,pair_013_n3_013_control,control,1,0,0,12.400000000000002,0.1665883333333333,620144,4502928
935,80125,77,pair_002_n5_002_conflict,conflict,1,0,0,12.490000000000002,0.16646,620375,4507625
936,80145,20,pair_013_n3_013_control,control,0,1,0,-0.54,0.16642666666666667,620435,4508845
937,80173,28,pair_003_n3_003_conflict,conflict,0,1,0,-0.31999999999999995,0.16638,620519,4510553
938,80258,85,pair_007_n3_007_conflict,conflict,1,0,0,12.410000000000002,0.16623833333333332,620774,4515738
939,80335,77,pair_006_n5_006_conflict,conflict,1,0,0,12.490000000000002,0.16610999999999998,621005,4520435
940,80417,82,pair_008_n5_008_control,control,1,0,0,12.440000000000001,0.16597333333333333,621251,4525437
941,80447,30,pair_014_n5_014_conflict,conflict,0,1,0,-0.5900000000000002,0.1659233333333333,621341,4527267
942,80531,84,pair_002_n5_002_conflict,conflict,1,0,0,12.420000000000002,0.1657833333333333,621593,4532391
943,80618,87,pair_008_n3_008_control,control,1,0,0,12.390000000000002,0.16563833333333333,621854,4537698
944,80690,72,pair_017_n3_017_conflict,conflict,1,0,0,12.540000000000001,0.16551833333333332,622070,4542090
945,80798,108,pair_007_n5_007_conflict,conflict,0,1,0,1.180000000000001,0.1653383333333333,622394,4548678
946,80878,80,pair_008_n5_008_conflict,conflict,1,0,0,12.46,0.165205,622634,4553558
947,80979,101,pair_014_n3_014_conflict,conflict,1,0,0,12.250000000000002,0.16503666666666666,622937,4559719
948,81064,85,pair_013_n5_013_control,control,1,0,0,12.410000000000002,0.16489499999999999,623192,4564904
949,81145,81,pair_013_n3_013_conflict,conflict,1,0,0,12.450000000000001,0.16476,623435,4569845
950,81164,19,pair_004_n3_004_conflict,conflict,0,1,0,-0.98,0.1647283333333333,623492,4571004
951,81263,99,pair_015_n5_015_control,control,1,0,0,12.270000000000001,0.1645633333333333,623789,4577043
952,81353,90,pair_015_n3_015_control,control,1,0,0,12.360000000000001,0.16441333333333333,624059,4582533
953,81467,114,pair_003_n5_003_conflict,conflict,0,1,0,1.120000000000001,0.16422333333333333,624401,4589487
954,81559,92,pair_002_n5_002_control,control,1,0,0,12.340000000000002,0.16407,624677,4595099
955,81636,77,pair_001_n3_001_conflict,conflict,1,0,0,12.490000000000002,0.16394166666666665,624908,4599796
956,81726,90,pair_010_n3_010_conflict,conflict,1,0,0,12.360000000000001,0.16379166666666667,625178,4605286
957,81818,92,pair_006_n3_006_control,control,1,0,0,12.340000000000002,0.16363833333333333,625454,4610898
958,81918,100,pair_015_n5_015_conflict,conflict,1,0,0,12.260000000000002,0.16347166666666665,625754,4616998
959,82003,85,pair_005_n3_005_conflict,conflict,1,0,0,12.410000000000002,0.16332999999999998,626009,4622183
960,82099,96,pair_004_n5_004_conflict,conflict,1,0,0,12.3,0.16316999999999998,626297,4628039
961,82189,90,pair_001_n5_001_conflict,conflict,1,0,0,12.360000000000003,0.16302,626567,4633529
962,82275,86,pair_009_n5_009_control,control,1,0,0,12.400000000000002,0.16287666666666664,626825,4638775
963,82431,156,pair_000_n3_000_conflict,conflict,1,0,0,11.700000000000001,0.16261666666666666,627293,4648291
964,82518,87,pair_007_n3_007_control,control,1,0,0,12.39,0.16247166666666665,627554,4653598
965,82607,89,pair_016_n5_016_control,control,1,0,0,12.370000000000001,0.16232333333333332,627821,4659027
966,82698,91,pair_006_n3_006_conflict,conflict,1,0,0,12.350000000000001,0.16217166666666666,628094,4664578
967,82777,79,pair_010_n3_010_control,control,1,0,0,12.470000000000002,0.16204,628331,4669397
968,82860,83,pair_013_n5_013_conflict,conflict,1,0,0,12.430000000000001,0.16190166666666667,628580,4674460
969,82932,72,pair_010_n5_010_conflict,conflict,1,0,0,12.540000000000001,0.16178166666666666,628796,4678852
970,83026,94,pair_015_n3_015_conflict,conflict,1,0,0,12.32,0.161625,629078,4684586
971,83122,96,pair_000_n5_000_conflict,conflict,1,0,0,12.3,0.161465,629366,4690442
972,83204,82,pair_012_n3_012_conflict,conflict,1,0,0,12.440000000000001,0.16132833333333332,629612,4695444
973,83293,89,pair_017_n5_017_conflict,conflict,1,0,0,12.370000000000001,0.16118,629879,4700873
974,83384,91,pair_017_n3_017_control,control,1,0,0,12.350000000000001,0.16102833333333333,630152,4706424
975,83521,137,pair_008_n3_008_conflict,conflict,1,0,0,11.89,0.1608,630563,4714781
976,83676,155,pair_014_n5_014_control,control,1,0,0,11.71,0.16054166666666667,631028,4724236
977,83754,78,pair_005_n5_005_conflict,conflict,0,1,0,1.0300000000000011,0.16041166666666665,631262,4728994
978,83842,88,pair_002_n3_002_conflict,conflict,1,0,0,12.38,0.160265,631526,4734362
979,83930,88,pair_011_n5_011_conflict,conflict,1,0,0,12.380000000000003,0.16011833333333333,631790,4739730
980,84005,75,pair_010_n5_010_control,control,1,0,0,12.510000000000002,0.15999333333333332,632015,4744305
981,84083,78,pair_011_n3_011_control,control,1,0,0,12.480000000000002,0.15986333333333333,632249,4749063
982,84164,81,pair_005_n5_005_control,control,0,1,0,1.200000000000001,0.15972833333333333,632492,4754004
983,84246,82,pair_002_n3_002_control,control,1,0,0,12.440000000000001,0.15959166666666666,632738,4759006
984,84334,88,pair_001_n3_001_control,control,1,0,0,12.380000000000003,0.15944499999999998,633002,4764374
985,84413,79,pair_000_n5_000_control,control,1,0,0,12.470000000000002,0.15931333333333333,633239,4769193
986,84495,82,pair_009_n5_009_conflict,conflict,1,0,0,12.440000000000001,0.15917666666666666,633485,4774195
987,84582,87,pair_011_n3_011_conflict,conflict,1,0,0,12.39,0.15903166666666665,633746,4779502
988,84680,98,pair_004_n5_004_control,control,1,0,0,12.280000000000001,0.15886833333333333,634040,4785480
989,84762,82,pair_005_n3_005_control,control,1,0,0,12.440000000000001,0.15873166666666666,634286,4790482
990,84854,92,pair_007_n5_007_control,control,1,0,0,12.340000000000002,0.15857833333333332,634562,4796094
991,84929,75,pair_016_n5_016_conflict,conflict,1,0,0,12.510000000000002,0.15845333333333333,634787,4800669
992,85004,75,pair_009_n3_009_control,control,0,1,0,1.510000000000002,0.15832833333333332,635012,4805244
993,85091,87,pair_016_n3_016_control,control,1,0,0,12.39,0.15818333333333331,635273,4810551
994,85170,79,pair_001_n5_001_control,control,1,0,0,12.470000000000002,0.15805166666666665,635510,4815370
995,85239,69,pair_000_n3_000_control,control,1,0,0,12.570000000000002,0.15793666666666664,635717,4819579
996,85347,108,pair_003_n5_003_control,control,1,0,0,12.180000000000001,0.15775666666666666,636041,4826167
997,85424,77,pair_014_n3_014_control,control,1,0,0,12.490000000000002,0.15762833333333331,636272,4830864
998,85511,87,pair_009_n3_009_conflict,conflict,1,0,0,12.39,0.1574833333333333,636533,4836171
999,85594,83,pair_017_n5_017_control,control,1,0,0,12.430000000000001,0.15734499999999998,636782,4841234
1000,85689,95,pair_011_n5_011_control,control,1,0,0,12.310000000000002,0.15718666666666667,637067,4847029
1001,85765,76,pair_012_n5_012_conflict,conflict,1,0,0,12.500000000000002,0.15705999999999998,637295,4851665
1002,85844,79,pair_003_n3_003_control,control,1,0,0,12.470000000000002,0.1569283333333333,637532,4856484
1003,85932,88,pair_004_n3_004_control,control,1,0,0,12.380000000000003,0.15678166666666665,637796,4861852
1004,86053,121,pair_016_n3_016_conflict,conflict,1,0,0,12.05,0.15658,638159,4869233
1005,86132,79,pair_012_n3_012_control,control,1,0,0,12.470000000000002,0.15644833333333333,638396,4874052
1006,86223,91,pair_006_n5_006_control,control,1,0,0,12.350000000000001,0.15629666666666667,638669,4879603
1007,86257,34,pair_012_n5_012_control,control,0,1,0,-0.17999999999999983,0.15624,638771,4881677
1008,86341,84,pair_004_n5_004_control,control,1,0,0,12.420000000000002,0.1561,639023,4886801
1009,86423,82,pair_007_n3_007_control,control,1,0,0,12.440000000000001,0.15596333333333331,639269,4891803
1010,86514,91,pair_002_n3_002_conflict,conflict,1,0,0,12.350000000000001,0.15581166666666665,639542,4897354
1011,86605,91,pair_000_n3_000_conflict,conflict,0,1,0,1.3000000000000016,0.15566,639815,4902905
1012,86610,5,pair_007_n5_007_conflict,conflict,0,1,0,-0.94,0.15565166666666666,639830,4903210
1013,86682,72,pair_008_n3_008_conflict,conflict,1,0,0,12.540000000000003,0.15553166666666665,640046,4907602
1014,86771,89,pair_010_n5_010_conflict,conflict,1,0,0,12.370000000000001,0.15538333333333332,640313,4913031
1015,86861,90,pair_008_n5_008_conflict,conflict,1,0,0,12.360000000000001,0.15523333333333333,640583,4918521
1016,86900,39,pair_010_n3_010_conflict,conflict,0,1,0,-0.17999999999999983,0.15516833333333332,640700,4920900
1017,86905,5,pair_015_n3_015_control,control,0,1,0,-0.89,0.15516,640715,4921205
1018,87009,104,pair_002_n5_002_conflict,conflict,1,0,0,12.220000000000002,0.15498666666666666,641027,4927549
1019,87024,15,pair_005_n3_005_conflict,conflict,0,1,0,-0.54,0.15496166666666666,641072,4928464
1020,87110,86,pair_002_n3_002_control,control,1,0,0,12.400000000000002,0.15481833333333334,641330,4933710
1021,87183,73,pair_009_n3_009_control,control,1,0,0,12.530000000000001,0.15469666666666665,641549,4938163
1022,87282,99,pair_015_n5_015_control,control,1,0,0,12.270000000000001,0.15453166666666665,641846,4944202
1023,87286,4,pair_012_n3_012_conflict,conflict,0,1,0,-0.88,0.154525,641858,4944446
1024,87354,68,pair_017_n3_017_control,control,0,1,0,1.080000000000001,0.15441166666666667,642062,4948594
1025,87359,5,pair_014_n3_014_control,control,0,1,0,-0.99,0.1544033333333333,642077,4948899
1026,87444,85,pair_013_n3_013_conflict,conflict,1,0,0,12.410000000000002,0.15426166666666666,642332,4954084
1027,87535,91,pair_007_n3_007_conflict,conflict,1,0,0,12.350000000000001,0.15411,642605,4959635
1028,87619,84,pair_006_n5_006_control,control,1,0,0,12.420000000000002,0.15397,642857,4964759
1029,87706,87,pair_009_n3_009_conflict,conflict,0,1,0,1.3900000000000015,0.153825,643118,4970066
1030,87788,82,pair_013_n5_013_conflict,conflict,1,0,0,12.440000000000001,0.15368833333333332,643364,4975068
1031,87863,75,pair_004_n3_004_conflict,conflict,1,0,0,12.510000000000002,0.15356333333333333,643589,4979643
1032,87945,82,pair_007_n5_007_control,control,1,0,0,12.440000000000001,0.15342666666666666,643835,4984645
1033,88024,79,pair_003_n3_003_conflict,conflict,1,0,0,12.470000000000002,0.153295,644072,4989464
1034,88107,83,pair_014_n5_014_conflict,conflict,1,0,0,12.430000000000001,0.15315666666666666,644321,4994527
1035,88188,81,pair_011_n3_011_conflict,conflict,1,0,0,12.450000000000001,0.15302166666666667,644564,4999468
1036,88275,87,pair_005_n5_005_conflict,conflict,1,0,0,12.39,0.15287666666666666,644825,5004775
1037,88370,95,pair_011_n5_011_conflict,conflict,1,0,0,12.310000000000002,0.15271833333333332,645110,5010570
1038,88461,91,pair_012_n5_012_conflict,conflict,1,0,0,12.350000000000001,0.15256666666666666,645383,5016121
1039,88555,94,pair_016_n5_016_control,control,1,0,0,12.32,0.15241,645665,5021855
1040,88648,93,pair_016_n5_016_conflict,conflict,1,0,0,12.330000000000002,0.152255,645944,5027528
1041,88732,84,pair_010_n3_010_control,control,1,0,0,12.420000000000002,0.152115,646196,5032652
1042,88807,75,pair_001_n3_001_conflict,conflict,1,0,0,12.510000000000002,0.15199,646421,5037227
1043,88833,26,pair_003_n5_003_conflict,conflict,0,1,0,-0.4,0.15194666666666665,646499,5038813
1044,88906,73,pair_009_n5_009_conflict,conflict,1,0,0,12.530000000000001,0.151825,646718,5043266
1045,88994,88,pair_013_n3_013_control,control,1,0,0,12.38,0.15167833333333333,646982,5048634
1046,89076,82,pair_006_n3_006_control,control,1,0,0,12.440000000000001,0.15154166666666666,647228,5053636
1047,89153,77,pair_000_n5_000_control,control,1,0,0,12.490000000000002,0.15141333333333332,647459,5058333
1048,89161,8,pair_004_n5_004_conflict,conflict,0,1,0,-0.72,0.15139999999999998,647483,5058821
1049,89247,86,pair_013_n5_013_control,control,1,0,0,12.400000000000002,0.15125666666666665,647741,5064067
1050,89326,79,pair_003_n5_003_control,control,1,0,0,12.470000000000002,0.15112499999999998,647978,5068886
1051,89334,8,pair_011_n5_011_control,control,0,1,0,-0.92,0.15111166666666664,648002,5069374
1052,89341,7,pair_002_n5_002_control,control,0,1,0,-0.86,0.15109999999999998,648023,5069801
1053,89420,79,pair_017_n5_017_control,control,1,0,0,12.470000000000002,0.15096833333333332,648260,5074620
1054,89514,94,pair_012_n3_012_control,control,1,0,0,12.320000000000002,0.15081166666666665,648542,5080354
1055,89598,84,pair_008_n3_008_control,control,1,0,0,12.420000000000002,0.15067166666666665,648794,5085478
1056,89683,85,pair_017_n5_017_conflict,conflict,1,0,0,12.410000000000002,0.15053,649049,5090663
1057,89777,94,pair_017_n3_017_conflict,conflict,1,0,0,12.32,0.15037333333333333,649331,5096397
1058,89858,81,pair_005_n3_005_control,control,1,0,0,12.450000000000001,0.15023833333333333,649574,5101338
1059,89940,82,pair_014_n3_014_conflict,conflict,1,0,0,12.440000000000001,0.15010166666666666,649820,5106340
1060,90030,90,pair_000_n5_000_conflict,conflict,1,0,0,12.360000000000001,0.14995166666666665,650090,5111830
1061,90107,77,pair_006_n3_006_conflict,conflict,1,0,0,12.490000000000002,0.1498233333333333,650321,5116527
1062,90184,77,pair_016_n3_016_conflict,conflict,1,0,0,12.490000000000002,0.149695,650552,5121224
1063,90275,91,pair_015_n5_015_conflict,conflict,1,0,0,12.350000000000001,0.14954333333333333,650825,5126775
1064,90357,82,pair_006_n5_006_conflict,conflict,1,0,0,12.440000000000001,0.14940666666666666,651071,5131777
1065,90432,75,pair_010_n5_010_control,control,1,0,0,12.510000000000002,0.14928166666666665,651296,5136352
1066,90505,73,pair_012_n5_012_control,control,1,0,0,12.530000000000001,0.14916,651515,5140805
1067,90578,73,pair_004_n3_004_control,control,0,1,0,1.4800000000000013,0.14903833333333333,651734,5145258
1068,90656,78,pair_000_n3_000_control,control,1,0,0,12.48,0.1489083333333333,651968,5150016
1069,90730,74,pair_008_n5_008_control,control,1,0,0,12.520000000000001,0.148785,652190,5154530
1070,90807,77,pair_014_n5_014_control,control,1,0,0,12.490000000000002,0.14865666666666666,652421,5159227
1071,90886,79,pair_005_n5_005_control,control,1,0,0,12.470000000000002,0.148525,652658,5164046
1072,90983,97,pair_016_n3_016_control,control,1,0,0,12.290000000000001,0.14836333333333332,652949,5169963
1073,91063,80,pair_001_n3_001_control,control,1,0,0,12.46,0.14823,653189,5174843
1074,91146,83,pair_011_n3_011_control,control,1,0,0,12.430000000000001,0.14809166666666665,653438,5179906
1075,91226,80,pair_001_n5_001_control,control,1,0,0,12.46,0.14795833333333333,653678,5184786
1076,91309,83,pair_001_n5_001_conflict,conflict,1,0,0,12.430000000000001,0.14781999999999998,653927,5189849
1077,91388,79,pair_015_n3_015_conflict,conflict,1,0,0,12.470000000000002,0.1476883333333333,654164,5194668
1078,91471,83,pair_009_n5_009_control,control,1,0,0,12.430000000000001,0.14755,654413,5199731
1079,91552,81,pair_003_n3_003_control,control,1,0,0,12.450000000000001,0.147415,654656,5204672
1080,91646,94,pair_014_n5_014_control,control,1,0,0,12.32,0.14725833333333332,654938,5210406
1081,91724,78,pair_012_n3_012_control,control,1,0,0,12.480000000000002,0.14712833333333333,655172,5215164
1082,91728,4,pair_017_n3_017_control,control,0,1,0,-0.88,0.14712166666666665,655184,5215408
1083,91734,6,pair_009_n3_009_conflict,conflict,0,1,0,-0.9,0.14711166666666667,655202,5215774
1084,91830,96,pair_016_n3_016_control,control,1,0,0,12.3,0.14695166666666665,655490,5221630
1085,91912,82,pair_001_n3_001_conflict,conflict,1,0,0,12.440000000000001,0.146815,655736,5226632
1086,91991,79,pair_005_n5_005_conflict,conflict,1,0,0,12.470000000000002,0.14668333333333333,655973,5231451
1087,92067,76,pair_005_n5_005_control,control,1,0,0,12.500000000000002,0.14655666666666667,656201,5236087
1088,92071,4,pair_007_n3_007_conflict,conflict,0,1,0,-0.88,0.14654999999999999,656213,5236331
1089,92160,89,pair_010_n3_010_control,control,1,0,0,12.370000000000001,0.14640166666666665,656480,5241760
1090,92228,68,pair_011_n5_011_control,control,1,0,0,12.580000000000002,0.14628833333333333,656684,5245908
1091,92250,22,pair_012_n5_012_control,control,0,1,0,-0.20999999999999985,0.14625166666666667,656750,5247250
1092,92272,22,pair_016_n5_016_control,control,0,1,0,-0.20999999999999985,0.14621499999999998,656816,5248592
1093,92352,80,pair_000_n3_000_conflict,conflict,1,0,0,12.46,0.14608166666666667,657056,5253472
1094,92369,17,pair_013_n5_013_conflict,conflict,0,1,0,-0.51,0.1460533333333333,657107,5254509
1095,92390,21,pair_012_n5_012_conflict,conflict,0,1,0,-0.5000000000000001,0.14601833333333333,657170,5255790
1096,92465,75,pair_004_n5_004_control,control,1,0,0,12.510000000000002,0.14589333333333332,657395,5260365
1097,92546,81,pair_014_n3_014_conflict,conflict,1,0,0,12.450000000000001,0.14575833333333332,657638,5265306
1098,92620,74,pair_004_n3_004_control,control,1,0,0,12.520000000000001,0.145635,657860,5269820
1099,92699,79,pair_016_n3_016_conflict,conflict,1,0,0,12.470000000000002,0.14550333333333332,658097,5274639
1100,92788,89,pair_015_n3_015_conflict,conflict,1,0,0,12.370000000000001,0.14535499999999998,658364,5280068
1101,92863,75,pair_017_n3_017_conflict,conflict,1,0,0,12.510000000000002,0.14523,658589,5284643
1102,92948,85,pair_011_n5_011_conflict,conflict,1,0,0,12.410000000000002,0.14508833333333332,658844,5289828
1103,93045,97,pair_017_n5_017_conflict,conflict,1,0,0,12.290000000000001,0.14492666666666665,659135,5295745
1104,93119,74,pair_002_n3_002_conflict,conflict,1,0,0,12.520000000000001,0.1448033333333333,659357,5300259
1105,93201,82,pair_008_n3_008_conflict,conflict,1,0,0,12.440000000000001,0.14466666666666667,659603,5305261
1106,93295,94,pair_015_n5_015_control,control,1,0,0,12.320000000000002,0.14451,659885,5310995
1107,93313,18,pair_014_n5_014_conflict,conflict,0,1,0,-0.5700000000000001,0.14448,659939,5312093
1108,93393,80,pair_006_n3_006_control,control,1,0,0,12.46,0.14434666666666665,660179,5316973
1109,93469,76,pair_010_n5_010_control,control,1,0,0,12.500000000000002,0.14422,660407,5321609
1110,93549,80,pair_008_n5_008_conflict,conflict,1,0,0,12.46,0.14408666666666667,660647,5326489
1111,93627,78,pair_009_n5_009_control,control,1,0,0,12.48,0.14395666666666665,660881,5331247
1112,93706,79,pair_007_n5_007_conflict,conflict,1,0,0,12.470000000000002,0.14382499999999998,661118,5336066
1113,93781,75,pair_003_n5_003_control,control,1,0,0,12.510000000000002,0.1437,661343,5340641
1114,93851,70,pair_008_n3_008_control,control,1,0,0,12.560000000000002,0.1435833333333333,661553,5344911
1115,93948,97,pair_013_n3_013_conflict,conflict,1,0,0,12.290000000000001,0.14342166666666664,661844,5350828
1116,94017,69,pair_000_n5_000_control,control,1,0,0,12.570000000000002,0.14330666666666667,662051,5355037
1117,94084,67,pair_013_n3_013_control,control,1,0,0,12.590000000000002,0.143195,662252,5359124
1118,94168,84,pair_000_n5_000_conflict,conflict,1,0,0,12.420000000000002,0.143055,662504,5364248
1119,94245,77,pair_008_n5_008_control,control,1,0,0,12.490000000000002,0.14292666666666665,662735,5368945
1120,94319,74,pair_015_n3_015_control,control,1,0,0,12.520000000000001,0.1428033333333333,662957,5373459
1121,94397,78,pair_010_n5_010_conflict,conflict,1,0,0,12.48,0.14267333333333332,663191,5378217
1122,94486,89,pair_001_n5_001_control,control,1,0,0,12.370000000000001,0.14252499999999999,663458,5383646
1123,94568,82,pair_012_n3_012_conflict,conflict,1,0,0,12.440000000000001,0.1423883333333333,663704,5388648
1124,94651,83,pair_011_n3_011_control,control,1,0,0,12.430000000000001,0.14225,663953,5393711
1125,94741,90,pair_007_n5_007_control,control,1,0,0,12.360000000000001,0.14209999999999998,664223,5399201
1126,94828,87,pair_002_n5_002_conflict,conflict,1,0,0,12.39,0.141955,664484,5404508
1127,94913,85,pair_006_n5_006_control,control,1,0,0,12.410000000000002,0.14181333333333332,664739,5409693
1128,95000,87,pair_009_n5_009_conflict,conflict,1,0,0,12.39,0.1416683333333333,665000,5415000
1129,95080,80,pair_004_n3_004_conflict,conflict,1,0,0,12.46,0.141535,665240,5419880
1130,95162,82,pair_013_n5_013_control,control,1,0,0,12.440000000000001,0.14139833333333332,665486,5424882
1131,95244,82,pair_001_n5_001_conflict,conflict,1,0,0,12.440000000000001,0.14126166666666665,665732,5429884
1132,95321,77,pair_001_n3_001_control,control,1,0,0,12.490000000000002,0.14113333333333333,665963,5434581
1133,95392,71,pair_005_n3_005_control,control,1,0,0,12.55,0.141015,666176,5438912
1134,95476,84,pair_009_n3_009_control,control,1,0,0,12.420000000000002,0.140875,666428,5444036
1135,95553,77,pair_014_n3_014_control,control,1,0,0,12.490000000000002,0.14074666666666666,666659,5448733
1136,95630,77,pair_003_n3_003_conflict,conflict,1,0,0,12.490000000000002,0.14061833333333332,666890,5453430
1137,95702,72,pair_016_n5_016_conflict,conflict,1,0,0,12.540000000000003,0.1404983333333333,667106,5457822
1138,95790,88,pair_002_n5_002_control,control,1,0,0,12.380000000000003,0.14035166666666665,667370,5463190
1139,95868,78,pair_015_n5_015_conflict,conflict,1,0,0,12.48,0.14022166666666666,667604,5467948
1140,95941,73,pair_011_n3_011_conflict,conflict,1,0,0,12.530000000000001,0.1401,667823,5472401
1141,96024,83,pair_004_n5_004_conflict,conflict,1,0,0,12.430000000000001,0.13996166666666665,668072,5477464
1142,96099,75,pair_003_n3_003_control,control,1,0,0,12.510000000000002,0.13983666666666666,668297,5482039
1143,96187,88,pair_005_n3_005_conflict,conflict,1,0,0,12.38,0.13968999999999998,668561,5487407
1144,96275,88,pair_000_n3_000_control,control,1,0,0,12.380000000000003,0.13954333333333332,668825,5492775
1145,96280,5,pair_017_n5_017_control,control,0,1,0,-0.99,0.139535,668840,5493080
1146,96285,5,pair_002_n3_002_control,control,0,1,0,-0.89,0.13952666666666666,668855,5493385
1147,96342,57,pair_003_n5_003_conflict,conflict,0,1,0,0.840000000000001,0.13943166666666665,669026,5496862
1148,96421,79,pair_006_n5_006_conflict,conflict,1,0,0,12.470000000000002,0.13929999999999998,669263,5501681
1149,96526,105,pair_010_n3_010_conflict,conflict,1,0,0,12.21,0.139125,669578,5508086
1150,96594,68,pair_006_n3_006_conflict,conflict,1,0,0,12.580000000000002,0.13901166666666664,669782,5512234
1151,96673,79,pair_007_n3_007_control,control,1,0,0,12.470000000000002,0.13887999999999998,670019,5517053
1152,96743,70,pair_011_n3_011_control,control,0,1,0,1.3600000000000012,0.13876333333333332,670229,5521323
1153,96820,77,pair_007_n5_007_conflict,conflict,1,0,0,12.490000000000002,0.13863499999999998,670460,5526020
1154,96893,73,pair_000_n3_000_control,control,1,0,0,12.530000000000001,0.13851333333333332,670679,5530473
1155,96978,85,pair_009_n5_009_conflict,conflict,1,0,0,12.410000000000002,0.13837166666666664,670934,5535658
1156,96984,6,pair_012_n5_012_control,control,0,1,0,-0.85,0.13836166666666666,670952,5536024
1157,96991,7,pair_013_n3_013_conflict,conflict,0,1,0,-0.86,0.13835,670973,5536451
1158,97070,79,pair_008_n3_008_control,control,1,0,0,12.470000000000002,0.13821833333333333,671210,5541270
1159,97077,7,pair_017_n3_017_conflict,conflict,0,1,0,-0.76,0.13820666666666664,671231,5541697
1160,97163,86,pair_015_n3_015_conflict,conflict,1,0,0,12.400000000000002,0.13806333333333332,671489,5546943
1161,97241,78,pair_009_n5_009_control,control,1,0,0,12.48,0.13793333333333332,671723,5551701
1162,97321,80,pair_002_n5_002_conflict,conflict,1,0,0,12.46,0.13779999999999998,671963,5556581
1163,97396,75,pair_001_n5_001_conflict,conflict,1,0,0,12.510000000000002,0.137675,672188,5561156
1164,97476,80,pair_002_n3_002_conflict,conflict,1,0,0,12.460000000000003,0.13754166666666665,672428,5566036
1165,97546,70,pair_016_n3_016_conflict,conflict,1,0,0,12.560000000000002,0.137425,672638,5570306
1166,97636,90,pair_007_n3_007_conflict,conflict,1,0,0,12.360000000000001,0.13727499999999998,672908,5575796
1167,97640,4,pair_004_n3_004_conflict,conflict,0,1,0,-0.88,0.13726833333333333,672920,5576040
1168,97726,86,pair_006_n5_006_conflict,conflict,1,0,0,12.400000000000002,0.137125,673178,5581286
1169,97805,79,pair_013_n5_013_conflict,conflict,1,0,0,12.470000000000002,0.13699333333333333,673415,5586105
1170,97891,86,pair_013_n3_013_control,control,1,0,0,12.400000000000002,0.13685,673673,5591351
1171,97982,91,pair_010_n5_010_conflict,conflict,1,0,0,12.350000000000001,0.1366983333333333,673946,5596902
1172,98058,76,pair_002_n3_002_control,control,1,0,0,12.500000000000002,0.13657166666666665,674174,5601538
1173,98063,5,pair_015_n3_015_control,control,0,1,0,-0.94,0.13656333333333331,674189,5601843
1174,98141,78,pair_005_n5_005_conflict,conflict,1,0,0,12.480000000000002,0.13643333333333332,674423,5606601
1175,98222,81,pair_016_n5_016_control,control,1,0,0,12.450000000000001,0.13629833333333333,674666,5611542
1176,98228,6,pair_017_n5_017_control,control,0,1,0,-0.8,0.13628833333333332,674684,5611908
1177,98300,72,pair_003_n5_003_conflict,conflict,1,0,0,12.540000000000001,0.13616833333333334,674900,5616300
1178,98374,74,pair_014_n3_014_conflict,conflict,1,0,0,12.520000000000001,0.136045,675122,5620814
1179,98450,76,pair_012_n5_012_conflict,conflict,1,0,0,12.500000000000002,0.13591833333333334,675350,5625450
1180,98545,95,pair_001_n3_001_conflict,conflict,1,0,0,12.310000000000002,0.13576,675635,5631245
1181,98552,7,pair_006_n5_006_control,control,0,1,0,-0.76,0.13574833333333333,675656,5631672
1182,98632,80,pair_007_n3_007_control,control,1,0,0,12.46,0.13561499999999999,675896,5636552
1183,98717,85,pair_004_n3_004_control,control,1,0,0,12.410000000000002,0.13547333333333333,676151,5641737
1184,98803,86,pair_016_n5_016_conflict,conflict,1,0,0,12.400000000000002,0.13532999999999998,676409,5646983
1185,98882,79,pair_002_n5_002_control,control,1,0,0,12.470000000000002,0.1351983333333333,676646,5651802
1186,98960,78,pair_006_n3_006_control,control,1,0,0,12.48,0.13506833333333332,676880,5656560
1187,98967,7,pair_011_n5_011_control,control,0,1,0,-0.86,0.13505666666666666,676901,5656987
1188,99052,85,pair_004_n5_004_conflict,conflict,1,0,0,12.410000000000002,0.13491499999999998,677156,5662172
1189,99145,93,pair_000_n5_000_conflict,conflict,1,0,0,12.330000000000002,0.13476,677435,5667845
1190,99231,86,pair_010_n5_010_control,control,1,0,0,12.400000000000002,0.13461666666666666,677693,5673091
1191,99305,74,pair_011_n5_011_conflict,conflict,1,0,0,12.520000000000001,0.13449333333333333,677915,5677605
1192,99380,75,pair_000_n5_000_control,control,1,0,0,12.510000000000002,0.1343683333333333,678140,5682180
1193,99479,99,pair_013_n5_013_control,control,1,0,0,12.270000000000001,0.1342033333333333,678437,5688219
1194,99569,90,pair_001_n3_001_control,control,1,0,0,12.360000000000001,0.13405333333333333,678707,5693709
1195,99646,77,pair_005_n5_005_control,control,1,0,0,12.490000000000002,0.133925,678938,5698406
1196,99722,76,pair_006_n3_006_conflict,conflict,1,0,0,12.500000000000002,0.13379833333333332,679166,5703042
1197,99805,83,pair_014_n5_014_conflict,conflict,1,0,0,12.430000000000001,0.13366,679415,5708105
1198,99820,15,pair_005_n3_005_conflict,conflict,0,1,0,-0.54,0.13363499999999998,679460,5709020
1199,99902,82,pair_017_n5_017_conflict,conflict,1,0,0,12.440000000000001,0.13349833333333333,679706,5714022
1200,99977,75,pair_010_n3_010_conflict,conflict,1,0,0,12.510000000000002,0.13337333333333332,679931,5718597
1201,100054,77,pair_016_n3_016_control,control,1,0,0,12.490000000000002,0.133245,680108,5723348
1202,100077,23,pair_015_n5_015_control,control,0,1,0,-0.21999999999999986,0.13320666666666667,680154,5724774
1203,100153,76,pair_000_n3_000_conflict,conflict,1,0,0,12.500000000000002,0.13307999999999998,680306,5729486
1204,100238,85,pair_007_n5_007_control,control,1,0,0,12.410000000000002,0.13293833333333333,680476,5734756
1205,100314,76,pair_008_n3_008_conflict,conflict,1,0,0,12.500000000000002,0.13281166666666666,680628,5739468
1206,100398,84,pair_003_n5_003_control,control,1,0,0,12.420000000000002,0.13267166666666666,680796,5744676
1207,100487,89,pair_011_n3_011_conflict,conflict,1,0,0,12.370000000000001,0.13252333333333333,680974,5750194
1208,100568,81,pair_015_n5_015_conflict,conflict,1,0,0,12.450000000000001,0.13238833333333333,681136,5755216
1209,100647,79,pair_014_n5_014_control,control,1,0,0,12.470000000000002,0.13225666666666666,681294,5760114
1210,100725,78,pair_001_n5_001_control,control,1,0,0,12.48,0.13212666666666664,681450,5764950
1211,100813,88,pair_014_n3_014_control,control,1,0,0,12.380000000000003,0.13198,681626,5770406
1212,100883,70,pair_005_n3_005_control,control,1,0,0,12.560000000000002,0.13186333333333333,681766,5774746
1213,100960,77,pair_012_n3_012_conflict,conflict,1,0,0,12.490000000000002,0.131735,681920,5779520
1214,101035,75,pair_003_n3_003_control,control,1,0,0,12.510000000000002,0.13160999999999998,682070,5784170
1215,101122,87,pair_008_n5_008_conflict,conflict,1,0,0,12.39,0.131465,682244,5789564
1216,101199,77,pair_012_n3_012_control,control,1,0,0,12.490000000000002,0.13133666666666666,682398,5794338
1217,101275,76,pair_009_n3_009_conflict,conflict,1,0,0,12.500000000000002,0.13121,682550,5799050
1218,101349,74,pair_008_n5_008_control,control,1,0,0,12.520000000000001,0.13108666666666666,682698,5803638
1219,101424,75,pair_017_n3_017_control,control,1,0,0,12.510000000000002,0.13096166666666664,682848,5808288
1220,101502,78,pair_004_n5_004_control,control,1,0,0,12.48,0.13083166666666665,683004,5813124
1221,101578,76,pair_009_n3_009_control,control,1,0,0,12.500000000000002,0.130705,683156,5817836
1222,101656,78,pair_003_n3_003_conflict,conflict,1,0,0,12.48,0.130575,683312,5822672
1223,101726,70,pair_010_n3_010_control,control,1,0,0,12.560000000000002,0.13045833333333332,683452,5827012
1224,101748,22,pair_006_n5_006_control,control,0,1,0,-0.4600000000000001,0.13042166666666666,683496,5828376
1225,101825,77,pair_000_n5_000_conflict,conflict,1,0,0,12.490000000000002,0.13029333333333332,683650,5833150
1226,101907,82,pair_014_n5_014_control,control,1,0,0,12.440000000000001,0.13015666666666664,683814,5838234
1227,101995,88,pair_017_n3_017_conflict,conflict,1,0,0,12.380000000000003,0.13001,683990,5843690
1228,102072,77,pair_007_n3_007_conflict,conflict,1,0,0,12.490000000000002,0.12988166666666665,684144,5848464
1229,102078,6,pair_009_n3_009_conflict,conflict,0,1,0,-0.8,0.12987166666666666,684156,5848836
1230,102154,76,pair_007_n3_007_control,control,1,0,0,12.500000000000002,0.129745,684308,5853548
1231,102233,79,pair_012_n5_012_conflict,conflict,1,0,0,12.470000000000002,0.12961333333333333,684466,5858446
1232,102252,19,pair_005_n5_005_conflict,conflict,0,1,0,-0.4800000000000001,0.12958166666666665,684504,5859624
1233,102332,80,pair_002_n3_002_conflict,conflict,1,0,0,12.46,0.12944833333333333,684664,5864584
1234,102413,81,pair_003_n5_003_conflict,conflict,1,0,0,12.450000000000001,0.12931333333333334,684826,5869606
1235,102440,27,pair_013_n5_013_control,control,0,1,0,-0.5600000000000002,0.12926833333333332,684880,5871280
1236,102519,79,pair_007_n5_007_control,control,1,0,0,12.470000000000002,0.12913666666666665,685038,5876178
1237,102609,90,pair_012_n5_012_control,control,1,0,0,12.360000000000001,0.12898666666666667,685218,5881758
1238,102684,75,pair_003_n5_003_control,control,1,0,0,12.510000000000002,0.12886166666666665,685368,5886408
1239,102756,72,pair_009_n5_009_conflict,conflict,1,0,0,12.540000000000001,0.12874166666666664,685512,5890872
1240,102828,72,pair_008_n3_008_control,control,1,0,0,12.540000000000001,0.12862166666666666,685656,5895336
1241,102902,74,pair_001_n5_001_conflict,conflict,1,0,0,12.520000000000001,0.12849833333333333,685804,5899924
1242,102978,76,pair_010_n5_010_conflict,conflict,1,0,0,12.500000000000002,0.12837166666666666,685956,5904636
1243,103055,77,pair_011_n5_011_control,control,1,0,0,12.490000000000002,0.12824333333333332,686110,5909410
1244,103130,75,pair_014_n3_014_control,control,1,0,0,12.510000000000002,0.12811833333333333,686260,5914060
1245,103211,81,pair_002_n5_002_conflict,conflict,1,0,0,12.450000000000001,0.1279833333333333,686422,5919082
1246,103227,16,pair_006_n5_006_conflict,conflict,0,1,0,-0.5000000000000001,0.12795666666666666,686454,5920074
1247,103306,79,pair_017_n3_017_control,control,1,0,0,12.470000000000002,0.127825,686612,5924972
1248,103385,79,pair_017_n5_017_conflict,conflict,1,0,0,12.470000000000002,0.12769333333333333,686770,5929870
1249,103467,82,pair_005_n3_005_control,control,1,0,0,12.440000000000001,0.12755666666666665,686934,5934954
1250,103553,86,pair_011_n5_011_conflict,conflict,1,0,0,12.400000000000002,0.12741333333333332,687106,5940286
1251,103623,70,pair_004_n5_004_conflict,conflict,1,0,0,12.560000000000002,0.12729666666666667,687246,5944626
1252,103700,77,pair_004_n5_004_control,control,1,0,0,12.490000000000002,0.12716833333333333,687400,5949400
1253,103791,91,pair_013_n5_013_conflict,conflict,1,0,0,12.350000000000001,0.12701666666666667,687582,5955042
1254,103868,77,pair_016_n5_016_conflict,conflict,1,0,0,12.490000000000002,0.12688833333333333,687736,5959816
1255,103943,75,pair_009_n5_009_control,control,1,0,0,12.510000000000002,0.1267633333333333,687886,5964466
1256,104022,79,pair_009_n3_009_control,control,1,0,0,12.470000000000002,0.12663166666666664,688044,5969364
1257,104100,78,pair_002_n5_002_control,control,1,0,0,12.480000000000002,0.12650166666666665,688200,5974200
1258,104182,82,pair_015_n5_015_conflict,conflict,1,0,0,12.440000000000001,0.12636499999999998,688364,5979284
1259,104255,73,pair_001_n3_001_control,control,1,0,0,12.530000000000001,0.12624333333333332,688510,5983810
1260,104334,79,pair_008_n5_008_control,control,1,0,0,12.470000000000002,0.12611166666666665,688668,5988708
1261,104424,90,pair_016_n3_016_control,control,1,0,0,12.360000000000001,0.12596166666666667,688848,5994288
1262,104508,84,pair_010_n5_010_control,control,1,0,0,12.420000000000002,0.12582166666666666,689016,5999496
1263,104585,77,pair_013_n3_013_conflict,conflict,1,0,0,12.490000000000002,0.12569333333333332,689170,6004270
1264,104592,7,pair_002_n3_002_control,control,0,1,0,-0.76,0.12568166666666666,689184,6004704
1265,104667,75,pair_003_n3_003_conflict,conflict,1,0,0,12.510000000000002,0.12555666666666665,689334,6009354
1266,104741,74,pair_005_n3_005_conflict,conflict,1,0,0,12.520000000000001,0.1254333333333333,689482,6013942
1267,104807,66,pair_004_n3_004_conflict,conflict,1,0,0,12.600000000000001,0.12532333333333331,689614,6018034
1268,104885,78,pair_000_n3_000_conflict,conflict,1,0,0,12.48,0.12519333333333332,689770,6022870
1269,104975,90,pair_008_n5_008_conflict,conflict,1,0,0,12.360000000000001,0.1250433333333333,689950,6028450
1270,105045,70,pair_016_n3_016_conflict,conflict,1,0,0,12.560000000000002,0.12492666666666666,690090,6032790
1271,105119,74,pair_008_n3_008_conflict,conflict,1,0,0,12.520000000000001,0.12480333333333332,690238,6037378
1272,105199,80,pair_013_n3_013_control,control,1,0,0,12.46,0.12466999999999998,690398,6042338
1273,105277,78,pair_000_n5_000_control,control,1,0,0,12.480000000000002,0.12453999999999998,690554,6047174
1274,105353,76,pair_015_n5_015_control,control,1,0,0,12.500000000000002,0.12441333333333332,690706,6051886
1275,105427,74,pair_001_n3_001_conflict,conflict,1,0,0,12.520000000000001,0.12428999999999998,690854,6056474
1276,105498,71,pair_006_n3_006_control,control,1,0,0,12.550000000000002,0.12417166666666665,690996,6060876
1277,105568,70,pair_011_n3_011_conflict,conflict,1,0,0,12.560000000000002,0.124055,691136,6065216
1278,105640,72,pair_005_n5_005_control,control,1,0,0,12.540000000000001,0.12393499999999999,691280,6069680
1279,105712,72,pair_017_n5_017_control,control,1,0,0,12.540000000000003,0.12381499999999998,691424,6074144
1280,105785,73,pair_003_n3_003_control,control,1,0,0,12.530000000000001,0.12369333333333332,691570,6078670
1281,105858,73,pair_011_n3_011_control,control,1,0,0,12.530000000000001,0.12357166666666666,691716,6083196
1282,105935,77,pair_014_n3_014_conflict,conflict,1,0,0,12.490000000000002,0.12344333333333332,691870,6087970
1283,106019,84,pair_014_n5_014_conflict,conflict,0,1,0,1.0700000000000012,0.12330333333333332,692038,6093178
1284,106093,74,pair_007_n5_007_conflict,conflict,1,0,0,12.520000000000001,0.12317999999999998,692186,6097766
1285,106163,70,pair_010_n3_010_conflict,conflict,0,1,0,1.3100000000000014,0.12306333333333333,692326,6102106
1286,106238,75,pair_012_n3_012_control,control,1,0,0,12.510000000000002,0.12293833333333332,692476,6106756
1287,106310,72,pair_000_n3_000_control,control,0,1,0,1.2900000000000014,0.12281833333333333,692620,6111220
1288,106382,72,pair_004_n3_004_control,control,1,0,0,12.540000000000003,0.12269833333333333,692764,6115684
1289,106463,81,pair_015_n3_015_control,control,1,0,0,12.450000000000001,0.12256333333333333,692926,6120706
1290,106470,7,pair_012_n3_012_conflict,conflict,0,1,0,-0.76,0.12255166666666664,692940,6121140
1291,106545,75,pair_006_n3_006_conflict,conflict,1,0,0,12.510000000000002,0.12242666666666666,693090,6125790
1292,106623,78,pair_015_n3_015_conflict,conflict,1,0,0,12.480000000000002,0.12229666666666666,693246,6130626
1293,106703,80,pair_001_n5_001_control,control,1,0,0,12.46,0.12216333333333332,693406,6135586
1294,106777,74,pair_016_n5_016_control,control,1,0,0,12.520000000000001,0.12203999999999998,693554,6140174
1295,106852,75,pair_010_n3_010_control,control,1,0,0,12.510000000000002,0.121915,693704,6144824
1296,106927,75,pair_010_n5_010_control,control,1,0,0,12.510000000000002,0.12178999999999998,693854,6149474
1297,107000,73,pair_000_n5_000_conflict,conflict,1,0,0,12.530000000000001,0.12166833333333332,694000,6154000
1298,107073,73,pair_012_n5_012_conflict,conflict,1,0,0,12.530000000000001,0.12154666666666666,694146,6158526
1299,107147,74,pair_006_n5_006_conflict,conflict,1,0,0,12.520000000000001,0.12142333333333333,694294,6163114
1300,107223,76,pair_004_n5_004_conflict,conflict,1,0,0,12.500000000000002,0.12129666666666666,694446,6167826
1301,107304,81,pair_014_n5_014_conflict,conflict,1,0,0,12.450000000000003,0.12116166666666667,694608,6172848
1302,107317,13,pair_013_n3_013_control,control,0,1,0,-0.5700000000000001,0.12114,694634,6173654
1303,107397,80,pair_015_n3_015_conflict,conflict,1,0,0,12.46,0.12100666666666665,694794,6178614
1304,107465,68,pair_005_n3_005_control,control,1,0,0,12.580000000000002,0.12089333333333332,694930,6182830
1305,107542,77,pair_014_n3_014_conflict,conflict,1,0,0,12.490000000000002,0.12076499999999998,695084,6187604
1306,107564,22,pair_012_n3_012_control,control,0,1,0,-0.6600000000000001,0.12072833333333333,695128,6188968
1307,107638,74,pair_002_n5_002_conflict,conflict,1,0,0,12.520000000000001,0.12060499999999999,695276,6193556
1308,107743,105,pair_007_n3_007_conflict,conflict,1,0,0,12.210000000000003,0.12042999999999998,695486,6200066
1309,107816,73,pair_009_n3_009_control,control,1,0,0,12.530000000000001,0.12030833333333332,695632,6204592
1310,107892,76,pair_015_n5_015_control,control,1,0,0,12.500000000000002,0.12018166666666666,695784,6209304
1311,107897,5,pair_007_n3_007_control,control,0,1,0,-0.99,0.12017333333333333,695794,6209614
1312,107969,72,pair_007_n5_007_control,control,1,0,0,12.540000000000001,0.12005333333333332,695938,6214078
1313,108051,82,pair_011_n5_011_conflict,conflict,1,0,0,12.440000000000001,0.11991666666666664,696102,6219162
1314,108120,69,pair_008_n3_008_conflict,conflict,1,0,0,12.570000000000002,0.11980166666666667,696240,6223440
1315,108209,89,pair_008_n5_008_control,control,1,0,0,12.370000000000001,0.11965333333333333,696418,6228958
1316,108281,72,pair_003_n3_003_control,control,1,0,0,12.540000000000001,0.11953333333333332,696562,6233422
1317,108581,300,pair_006_n3_006_conflict,conflict,0,0,0,0.04999999999999939,0.11903333333333332,697162,6252022
1318,108653,72,pair_000_n3_000_control,control,1,0,0,12.540000000000003,0.11891333333333332,697306,6256486
1319,108731,78,pair_003_n5_003_conflict,conflict,1,0,0,12.48,0.11878333333333332,697462,6261322
1320,108751,20,pair_012_n3_012_conflict,conflict,0,1,0,-0.64,0.11875,697502,6262562
1321,108826,75,pair_017_n3_017_control,control,1,0,0,12.510000000000002,0.11862499999999998,697652,6267212
1322,108833,7,pair_004_n5_004_control,control,0,1,0,-0.76,0.11861333333333332,697666,6267646
1323,108907,74,pair_010_n3_010_conflict,conflict,1,0,0,12.520000000000001,0.11848999999999998,697814,6272234
1324,108986,79,pair_016_n3_016_control,control,1,0,0,12.470000000000002,0.11835833333333332,697972,6277132
1325,109060,74,pair_003_n3_003_conflict,conflict,1,0,0,12.520000000000001,0.11823499999999998,698120,6281720
1326,109134,74,pair_004_n3_004_conflict,conflict,1,0,0,12.520000000000001,0.11811166666666664,698268,6286308
1327,109223,89,pair_010_n5_010_conflict,conflict,1,0,0,12.370000000000001,0.11796333333333331,698446,6291826
1328,109301,78,pair_016_n3_016_conflict,conflict,1,0,0,12.48,0.11783333333333332,698602,6296662
1329,109375,74,pair_008_n5_008_conflict,conflict,1,0,0,12.520000000000001,0.11770999999999998,698750,6301250
1330,109449,74,pair_002_n5_002_control,control,1,0,0,12.520000000000001,0.11758666666666664,698898,6305838
1331,109529,80,pair_007_n5_007_conflict,conflict,1,0,0,12.46,0.11745333333333333,699058,6310798
1332,109608,79,pair_013_n5_013_control,control,1,0,0,12.470000000000002,0.11732166666666666,699216,6315696
1333,109685,77,pair_004_n3_004_control,control,1,0,0,12.490000000000002,0.11719333333333332,699370,6320470
1334,109718,33,pair_016_n5_016_conflict,conflict,0,1,0,-0.27,0.11713833333333332,699436,6322516
1335,109797,79,pair_006_n5_006_control,control,1,0,0,12.470000000000002,0.11700666666666665,699594,6327414
1336,109888,91,pair_010_n3_010_control,control,1,0,0,12.350000000000001,0.11685499999999999,699776,6333056
1337,109968,80,pair_003_n5_003_control,control,1,0,0,12.46,0.11672166666666667,699936,6338016
1338,110039,71,pair_015_n3_015_control,control,1,0,0,12.55,0.11660333333333331,700078,6342418
1339,110123,84,pair_014_n5_014_control,control,1,0,0,12.420000000000002,0.11646333333333334,700246,6347626
1340,110423,300,pair_006_n3_006_control,control,0,0,0,0.049999999999999614,0.11596333333333333,700846,6366226
1341,110500,77,pair_001_n3_001_control,control,1,0,0,12.490000000000002,0.115835,701000,6371000
1342,110573,73,pair_002_n3_002_conflict,conflict,1,0,0,12.530000000000001,0.11571333333333333,701146,6375526
1343,110648,75,pair_011_n3_011_control,control,1,0,0,12.510000000000002,0.11558833333333332,701296,6380176
1344,110719,71,pair_009_n3_009_conflict,conflict,1,0,0,12.55,0.11546999999999999,701438,6384578
1345,110795,76,pair_014_n3_014_control,control,1,0,0,12.500000000000002,0.11534333333333333,701590,6389290
1346,110869,74,pair_001_n5_001_control,control,1,0,0,12.520000000000001,0.11521999999999999,701738,6393878
1347,110941,72,pair_002_n3_002_control,control,1,0,0,12.540000000000001,0.11509999999999998,701882,6398342
1348,111019,78,pair_016_n5_016_control,control,1,0,0,12.480000000000002,0.11496999999999999,702038,6403178
1349,111093,74,pair_005_n5_005_conflict,conflict,1,0,0,12.520000000000001,0.11484666666666665,702186,6407766
1350,111125,32,pair_013_n5_013_conflict,conflict,0,1,0,-0.7600000000000002,0.11479333333333333,702250,6409750
1351,111208,83,pair_011_n3_011_conflict,conflict,1,0,0,12.430000000000001,0.11465499999999998,702416,6414896
1352,111293,85,pair_017_n5_017_conflict,conflict,1,0,0,12.410000000000002,0.11451333333333333,702586,6420166
1353,111365,72,pair_009_n5_009_control,control,1,0,0,12.540000000000001,0.11439333333333332,702730,6424630
1354,111446,81,pair_017_n5_017_control,control,1,0,0,12.450000000000001,0.11425833333333332,702892,6429652
1355,111531,85,pair_009_n5_009_conflict,conflict,1,0,0,12.410000000000002,0.11411666666666664,703062,6434922
1356,111607,76,pair_017_n3_017_conflict,conflict,1,0,0,12.500000000000002,0.11398999999999998,703214,6439634
1357,111678,71,pair_000_n3_000_conflict,conflict,1,0,0,12.55,0.11387166666666665,703356,6444036
1358,111759,81,pair_011_n5_011_control,control,1,0,0,12.450000000000001,0.11373666666666665,703518,6449058
1359,111834,75,pair_012_n5_012_control,control,1,0,0,12.510000000000002,0.11361166666666667,703668,6453708
1360,111904,70,pair_013_n3_013_conflict,conflict,1,0,0,12.560000000000002,0.11349499999999998,703808,6458048
1361,111972,68,pair_001_n3_001_conflict,conflict,0,1,0,1.5300000000000016,0.11338166666666666,703944,6462264
1362,112054,82,pair_005_n5_005_control,control,1,0,0,12.440000000000001,0.11324499999999998,704108,6467348
1363,112137,83,pair_005_n3_005_conflict,conflict,1,0,0,12.430000000000001,0.11310666666666666,704274,6472494
1364,112210,73,pair_000_n5_000_control,control,1,0,0,12.530000000000001,0.112985,704420,6477020
1365,112296,86,pair_001_n5_001_conflict,conflict,1,0,0,12.400000000000002,0.11284166666666665,704592,6482352
1366,112324,28,pair_008_n3_008_control,control,0,1,0,-0.019999999999999685,0.11279499999999998,704648,6484088
1367,112412,88,pair_015_n5_015_conflict,conflict,1,0,0,12.38,0.11264833333333332,704824,6489544
1368,112486,74,pair_001_n3_001_control,control,1,0,0,12.520000000000001,0.11252499999999999,704972,6494132
1369,112579,93,pair_013_n5_013_control,control,1,0,0,12.330000000000002,0.11237,705158,6499898
1370,112647,68,pair_000_n5_000_control,control,0,1,0,1.4800000000000013,0.11225666666666664,705294,6504114
1371,112718,71,pair_001_n3_001_conflict,conflict,1,0,0,12.55,0.11213833333333331,705436,6508516
1372,112803,85,pair_015_n3_015_control,control,1,0,0,12.410000000000002,0.11199666666666666,705606,6513786
1373,112856,53,pair_006_n3_006_conflict,conflict,0,1,0,0.4300000000000006,0.11190833333333333,705712,6517072
1374,112871,15,pair_005_n5_005_conflict,conflict,0,1,0,-0.54,0.11188333333333333,705742,6518002
1375,112950,79,pair_012_n5_012_control,control,1,0,0,12.470000000000002,0.11175166666666667,705900,6522900
1376,113037,87,pair_010_n3_010_conflict,conflict,1,0,0,12.39,0.11160666666666666,706074,6528294
1377,113116,79,pair_017_n5_017_control,control,1,0,0,12.470000000000002,0.11147499999999999,706232,6533192
1378,113191,75,pair_017_n3_017_control,control,1,0,0,12.510000000000002,0.11134999999999998,706382,6537842
1379,113269,78,pair_002_n3_002_conflict,conflict,1,0,0,12.48,0.11121999999999999,706538,6542678
1380,113346,77,pair_006_n5_006_conflict,conflict,1,0,0,12.490000000000002,0.11109166666666664,706692,6547452
1381,113424,78,pair_003_n3_003_conflict,conflict,1,0,0,12.480000000000002,0.11096166666666665,706848,6552288
1382,113499,75,pair_004_n5_004_control,control,1,0,0,12.510000000000002,0.11083666666666667,706998,6556938
1383,113577,78,pair_017_n3_017_conflict,conflict,1,0,0,12.48,0.11070666666666665,707154,6561774
1384,113653,76,pair_009_n3_009_control,control,1,0,0,12.500000000000002,0.11057999999999998,707306,6566486
1385,113728,75,pair_001_n5_001_conflict,conflict,1,0,0,12.510000000000002,0.110455,707456,6571136
1386,113800,72,pair_017_n5_017_conflict,conflict,1,0,0,12.540000000000003,0.11033499999999999,707600,6575600
1387,113875,75,pair_016_n5_016_conflict,conflict,1,0,0,12.510000000000002,0.11021,707750,6580250
1388,113951,76,pair_000_n3_000_conflict,conflict,1,0,0,12.500000000000002,0.11008333333333331,707902,6584962
1389,114023,72,pair_010_n5_010_control,control,1,0,0,12.540000000000001,0.10996333333333333,708046,6589426
1390,114102,79,pair_004_n3_004_conflict,conflict,1,0,0,12.470000000000002,0.10983166666666666,708204,6594324
1391,114176,74,pair_003_n5_003_conflict,conflict,1,0,0,12.520000000000001,0.10970833333333332,708352,6598912
1392,114245,69,pair_000_n5_000_conflict,conflict,1,0,0,12.570000000000002,0.10959333333333332,708490,6603190
1393,114311,66,pair_010_n3_010_control,control,1,0,0,12.600000000000001,0.10948333333333332,708622,6607282
1394,114380,69,pair_007_n5_007_conflict,conflict,1,0,0,12.570000000000002,0.10936833333333332,708760,6611560
1395,114462,82,pair_008_n5_008_control,control,1,0,0,12.440000000000003,0.10923166666666664,708924,6616644
1396,114491,29,pair_016_n5_016_control,control,0,1,0,-0.2799999999999999,0.10918333333333333,708982,6618442
1397,114563,72,pair_014_n3_014_conflict,conflict,1,0,0,12.540000000000001,0.10906333333333332,709126,6622906
1398,114645,82,pair_008_n3_008_conflict,conflict,1,0,0,12.440000000000001,0.10892666666666664,709290,6627990
1399,114724,79,pair_007_n3_007_control,control,1,0,0,12.470000000000002,0.10879499999999998,709448,6632888
1400,114743,19,pair_005_n3_005_control,control,0,1,0,-0.43000000000000005,0.10876333333333332,709486,6634066
1401,114749,6,pair_007_n3_007_conflict,conflict,0,1,0,-0.85,0.10875333333333331,709498,6634438
1402,114824,75,pair_007_n5_007_control,control,1,0,0,12.510000000000002,0.10862833333333333,709648,6639088
1403,114903,79,pair_003_n3_003_control,control,1,0,0,12.470000000000002,0.10849666666666666,709806,6643986
1404,114978,75,pair_009_n5_009_control,control,1,0,0,12.510000000000002,0.10837166666666664,709956,6648636
1405,115057,79,pair_000_n3_000_control,control,1,0,0,12.470000000000002,0.10823999999999998,710114,6653534
1406,115147,90,pair_002_n5_002_control,control,1,0,0,12.360000000000001,0.10808999999999999,710294,6659114
1407,115220,73,pair_004_n5_004_conflict,conflict,1,0,0,12.530000000000001,0.10796833333333333,710440,6663640
1408,115300,80,pair_011_n5_011_control,control,1,0,0,12.46,0.10783499999999999,710600,6668600
1409,115307,7,pair_008_n5_008_conflict,conflict,0,1,0,-0.76,0.10782333333333333,710614,6669034
1410,115386,79,pair_002_n3_002_control,control,1,0,0,12.470000000000002,0.10769166666666666,710772,6673932
1411,115406,20,pair_006_n3_006_control,control,0,1,0,-0.54,0.10765833333333333,710812,6675172
1412,115481,75,pair_004_n3_004_control,control,1,0,0,12.510000000000002,0.10753333333333331,710962,6679822
1413,115557,76,pair_012_n3_012_control,control,1,0,0,12.500000000000002,0.10740666666666665,711114,6684534
1414,115647,90,pair_014_n3_014_control,control,1,0,0,12.360000000000003,0.10725666666666667,711294,6690114
1415,115726,79,pair_016_n3_016_control,control,1,0,0,12.470000000000002,0.107125,711452,6695012
1416,115803,77,pair_015_n5_015_conflict,conflict,1,0,0,12.490000000000002,0.10699666666666666,711606,6699786
1417,115855,52,pair_011_n3_011_control,control,0,1,0,-0.15999999999999992,0.10690999999999998,711710,6703010
1418,115927,72,pair_014_n5_014_conflict,conflict,1,0,0,12.540000000000001,0.10679,711854,6707474
1419,116006,79,pair_005_n5_005_control,control,1,0,0,12.470000000000002,0.10665833333333333,712012,6712372
1420,116078,72,pair_002_n5_002_conflict,conflict,1,0,0,12.540000000000001,0.10653833333333332,712156,6716836
1421,116159,81,pair_015_n5_015_control,control,1,0,0,12.450000000000001,0.10640333333333332,712318,6721858
1422,116244,85,pair_001_n5_001_control,control,1,0,0,12.410000000000002,0.10626166666666664,712488,6727128
1423,116316,72,pair_010_n5_010_conflict,conflict,1,0,0,12.540000000000003,0.10614166666666666,712632,6731592
1424,116393,77,pair_012_n5_012_conflict,conflict,1,0,0,12.490000000000002,0.10601333333333332,712786,6736366
1425,116469,76,pair_003_n5_003_control,control,1,0,0,12.500000000000002,0.10588666666666666,712938,6741078
1426,116475,6,pair_013_n3_013_conflict,conflict,0,1,0,-0.8,0.10587666666666665,712950,6741450
1427,116548,73,pair_014_n5_014_control,control,1,0,0,12.530000000000001,0.10575499999999999,713096,6745976
1428,116621,73,pair_013_n3_013_control,control,1,0,0,12.530000000000001,0.10563333333333333,713242,6750502
1429,116699,78,pair_011_n5_011_conflict,conflict,1,0,0,12.48,0.10550333333333331,713398,6755338
1430,116792,93,pair_013_n5_013_conflict,conflict,1,0,0,12.330000000000002,0.10534833333333332,713584,6761104
1431,116861,69,pair_009_n5_009_conflict,conflict,1,0,0,12.570000000000002,0.10523333333333332,713722,6765382
1432,116930,69,pair_008_n3_008_control,control,1,0,0,12.570000000000002,0.10511833333333331,713860,6769660
1433,117003,73,pair_016_n3_016_conflict,conflict,1,0,0,12.530000000000001,0.10499666666666665,714006,6774186
1434,117076,73,pair_005_n3_005_conflict,conflict,1,0,0,12.530000000000001,0.104875,714152,6778712
1435,117152,76,pair_011_n3_011_conflict,conflict,1,0,0,12.500000000000002,0.10474833333333333,714304,6783424
1436,117229,77,pair_015_n3_015_conflict,conflict,1,0,0,12.490000000000002,0.10461999999999999,714458,6788198
1437,117299,70,pair_012_n3_012_conflict,conflict,1,0,0,12.560000000000002,0.10450333333333331,714598,6792538
1438,117381,82,pair_009_n3_009_conflict,conflict,1,0,0,12.440000000000001,0.10436666666666666,714762,6797622
1439,117454,73,pair_006_n5_006_control,control,1,0,0,12.530000000000001,0.10424499999999998,714908,6802148
1440,117523,69,pair_010_n5_010_conflict,conflict,1,0,0,12.570000000000002,0.10413,715046,6806426
1441,117613,90,pair_011_n5_011_control,control,1,0,0,12.360000000000001,0.10397999999999999,715226,6812006
1442,117685,72,pair_008_n5_008_control,control,1,0,0,12.540000000000003,0.10385999999999998,715370,6816470
1443,117760,75,pair_000_n5_000_control,control,1,0,0,12.510000000000002,0.103735,715520,6821120
1444,117830,70,pair_010_n3_010_control,control,1,0,0,12.560000000000002,0.10361833333333331,715660,6825460
1445,117901,71,pair_014_n3_014_control,control,1,0,0,12.55,0.10349999999999998,715802,6829862
1446,117979,78,pair_003_n3_003_conflict,conflict,1,0,0,12.48,0.10336999999999999,715958,6834698
1447,118057,78,pair_002_n3_002_conflict,conflict,1,0,0,12.48,0.10324,716114,6839534
1448,118135,78,pair_003_n5_003_conflict,conflict,1,0,0,12.480000000000002,0.10310999999999998,716270,6844370
1449,118216,81,pair_004_n3_004_control,control,1,0,0,12.450000000000001,0.10297499999999998,716432,6849392
1450,118229,13,pair_016_n3_016_conflict,conflict,0,1,0,-0.52,0.10295333333333331,716458,6850198
1451,118308,79,pair_017_n5_017_conflict,conflict,1,0,0,12.470000000000002,0.10282166666666664,716616,6855096
1452,118385,77,pair_009_n5_009_conflict,conflict,1,0,0,12.490000000000002,0.10269333333333333,716770,6859870
1453,118456,71,pair_017_n3_017_control,control,1,0,0,12.55,0.102575,716912,6864272
1454,118535,79,pair_009_n5_009_control,control,1,0,0,12.470000000000002,0.10244333333333333,717070,6869170
1455,118611,76,pair_015_n3_015_control,control,1,0,0,12.500000000000002,0.10231666666666667,717222,6873882
1456,118679,68,pair_009_n3_009_control,control,1,0,0,12.580000000000002,0.10220333333333331,717358,6878098
1457,118757,78,pair_017_n3_017_conflict,conflict,1,0,0,12.480000000000002,0.10207333333333332,717514,6882934
1458,118830,73,pair_010_n5_010_control,control,1,0,0,12.530000000000001,0.10195166666666666,717660,6887460
1459,118846,16,pair_012_n5_012_control,control,0,1,0,-0.6000000000000001,0.10192499999999999,717692,6888452
1460,118924,78,pair_001_n3_001_conflict,conflict,1,0,0,12.48,0.101795,717848,6893288
1461,119000,76,pair_003_n5_003_control,control,1,0,0,12.500000000000002,0.10166833333333333,718000,6898000
1462,119073,73,pair_010_n3_010_conflict,conflict,1,0,0,12.530000000000001,0.10154666666666665,718146,6902526
1463,119150,77,pair_002_n3_002_control,control,1,0,0,12.490000000000002,0.10141833333333333,718300,6907300
1464,119228,78,pair_006_n5_006_conflict,conflict,1,0,0,12.48,0.10128833333333331,718456,6912136
1465,119311,83,pair_000_n5_000_conflict,conflict,1,0,0,12.430000000000001,0.10114999999999999,718622,6917282
1466,119382,71,pair_007_n5_007_conflict,conflict,1,0,0,12.55,0.10103166666666666,718764,6921684
1467,119460,78,pair_013_n5_013_control,control,1,0,0,12.48,0.10090166666666667,718920,6926520
1468,119542,82,pair_000_n3_000_control,control,1,0,0,12.440000000000001,0.100765,719084,6931604
1469,119612,70,pair_006_n3_006_control,control,1,0,0,12.560000000000002,0.10064833333333331,719224,6935944
1470,119692,80,pair_014_n5_014_conflict,conflict,1,0,0,12.46,0.100515,719384,6940904
1471,119771,79,pair_012_n5_012_conflict,conflict,1,0,0,12.470000000000002,0.10038333333333332,719542,6945802
1472,119847,76,pair_017_n5_017_control,control,1,0,0,12.500000000000002,0.10025666666666666,719694,6950514
1473,119924,77,pair_014_n3_014_conflict,conflict,1,0,0,12.490000000000002,0.10012833333333332,719848,6955288
1474,120010,86,pair_001_n5_001_control,control,1,0,0,12.400000000000002,0.09998499999999999,720010,6960630
1475,120085,75,pair_012_n3_012_conflict,conflict,1,0,0,12.510000000000002,0.09985999999999998,720085,6965355
1476,120158,73,pair_011_n5_011_conflict,conflict,1,0,0,12.530000000000001,0.09973833333333332,720158,6969954
1477,120175,17,pair_015_n5_015_conflict,conflict,0,1,0,-0.56,0.09971,720175,6971025
1478,120254,79,pair_013_n3_013_control,control,1,0,0,12.470000000000002,0.09957833333333332,720254,6976002
1479,120323,69,pair_006_n5_006_control,control,1,0,0,12.570000000000002,0.09946333333333332,720323,6980349
1480,120399,76,pair_013_n3_013_conflict,conflict,1,0,0,12.500000000000002,0.09933666666666666,720399,6985137
1481,120483,84,pair_013_n5_013_conflict,conflict,1,0,0,12.420000000000002,0.09919666666666666,720483,6990429
1482,120552,69,pair_004_n5_004_conflict,conflict,1,0,0,12.570000000000002,0.09908166666666665,720552,6994776
1483,120629,77,pair_001_n5_001_conflict,conflict,1,0,0,12.490000000000002,0.09895333333333331,720629,6999627
1484,120710,81,pair_000_n3_000_conflict,conflict,1,0,0,12.450000000000001,0.09881833333333331,720710,7004730
1485,120794,84,pair_009_n3_009_conflict,conflict,1,0,0,12.420000000000002,0.09867833333333331,720794,7010022
1486,120869,75,pair_011_n3_011_conflict,conflict,1,0,0,12.510000000000002,0.09855333333333333,720869,7014747
1487,120876,7,pair_016_n3_016_control,control,0,1,0,-0.86,0.09854166666666667,720876,7015188
1488,120883,7,pair_007_n3_007_conflict,conflict,0,1,0,-0.76,0.09852999999999998,720883,7015629
1489,120888,5,pair_007_n3_007_control,control,0,1,0,-0.84,0.09852166666666665,720888,7015944
1490,120903,15,pair_005_n3_005_conflict,conflict,0,1,0,-0.44000000000000006,0.09849666666666665,720903,7016889
1491,120986,83,pair_005_n5_005_conflict,conflict,0,1,0,1.4300000000000015,0.09835833333333333,720986,7022118
1492,121067,81,pair_008_n5_008_conflict,conflict,1,0,0,12.450000000000003,0.09822333333333333,721067,7027221
1493,121107,40,pair_016_n5_016_conflict,conflict,0,1,0,-0.3400000000000001,0.09815666666666664,721107,7029741
1494,121183,76,pair_015_n3_015_conflict,conflict,1,0,0,12.500000000000002,0.09802999999999998,721183,7034529
1495,121210,27,pair_015_n5_015_control,control,0,1,0,-0.1599999999999998,0.09798499999999999,721210,7036230
1496,121225,15,pair_005_n3_005_control,control,0,1,0,-0.44000000000000006,0.09795999999999999,721225,7037175
1497,121307,82,pair_004_n3_004_conflict,conflict,1,0,0,12.440000000000001,0.09782333333333332,721307,7042341
1498,121391,84,pair_002_n5_002_conflict,conflict,1,0,0,12.420000000000002,0.09768333333333332,721391,7047633
1499,121462,71,pair_003_n3_003_control,control,1,0,0,12.55,0.09756499999999999,721462,7052106
1500,121533,71,pair_001_n3_001_control,control,1,0,0,12.55,0.09744666666666665,721533,7056579
1501,121647,114,pair_008_n3_008_control,control,1,0,0,12.120000000000003,0.09725666666666666,721647,7063761
1502,121668,21,pair_016_n5_016_control,control,0,1,0,-0.35,0.09722166666666665,721668,7065084
1503,121734,66,pair_008_n3_008_conflict,conflict,1,0,0,12.600000000000001,0.09711166666666665,721734,7069242
1504,121811,77,pair_012_n3_012_control,control,1,0,0,12.490000000000002,0.09698333333333331,721811,7074093
1505,121883,72,pair_007_n5_007_control,control,1,0,0,12.540000000000001,0.09686333333333333,721883,7078629
1506,121953,70,pair_006_n3_006_conflict,conflict,1,0,0,12.560000000000002,0.09674666666666665,721953,7083039
1507,122026,73,pair_014_n5_014_control,control,1,0,0,12.530000000000001,0.09662499999999999,722026,7087638
1508,122100,74,pair_005_n5_005_control,control,1,0,0,12.520000000000001,0.09650166666666665,722100,7092300
1509,122176,76,pair_002_n5_002_control,control,1,0,0,12.500000000000002,0.09637499999999999,722176,7097088
1510,122248,72,pair_011_n3_011_control,control,1,0,0,12.540000000000001,0.09625499999999998,722248,7101624
1511,122330,82,pair_004_n5_004_control,control,1,0,0,12.440000000000001,0.09611833333333333,722330,7106790
1512,122407,77,pair_000_n3_000_control,control,1,0,0,12.490000000000002,0.09598999999999999,722407,7111641
1513,122479,72,pair_004_n3_004_conflict,conflict,1,0,0,12.540000000000001,0.09586999999999998,722479,7116177
1514,122545,66,pair_007_n3_007_conflict,conflict,1,0,0,12.600000000000001,0.09575999999999998,722545,7120335
1515,122619,74,pair_004_n3_004_control,control,1,0,0,12.520000000000001,0.09563666666666665,722619,7124997
1516,122708,89,pair_015_n5_015_conflict,conflict,1,0,0,12.370000000000001,0.09548833333333331,722708,7130604
1517,122787,79,pair_014_n3_014_control,control,1,0,0,12.470000000000002,0.09535666666666665,722787,7135581
1518,122858,71,pair_011_n5_011_control,control,1,0,0,12.55,0.09523833333333331,722858,7140054
1519,122936,78,pair_008_n3_008_control,control,1,0,0,12.48,0.09510833333333332,722936,7144968
1520,123015,79,pair_008_n5_008_control,control,1,0,0,12.470000000000002,0.09497666666666665,723015,7149945
1521,123082,67,pair_001_n5_001_conflict,conflict,0,1,0,1.240000000000001,0.09486499999999998,723082,7154166
1522,123166,84,pair_008_n5_008_conflict,conflict,1,0,0,12.420000000000002,0.09472499999999998,723166,7159458
1523,123244,78,pair_010_n3_010_conflict,conflict,1,0,0,12.48,0.09459499999999998,723244,7164372
1524,123315,71,pair_017_n5_017_control,control,1,0,0,12.55,0.09447666666666665,723315,7168845
1525,123383,68,pair_004_n5_004_conflict,conflict,1,0,0,12.580000000000002,0.09436333333333333,723383,7173129
1526,123454,71,pair_002_n5_002_control,control,1,0,0,12.55,0.094245,723454,7177602
1527,123528,74,pair_017_n3_017_conflict,conflict,1,0,0,12.520000000000001,0.09412166666666666,723528,7182264
1528,123604,76,pair_002_n3_002_conflict,conflict,1,0,0,12.500000000000002,0.093995,723604,7187052
1529,123679,75,pair_009_n5_009_control,control,1,0,0,12.510000000000002,0.09386999999999998,723679,7191777
1530,123693,14,pair_000_n5_000_control,control,0,1,0,-0.4800000000000001,0.09384666666666666,723693,7192659
1531,123787,94,pair_013_n3_013_conflict,conflict,1,0,0,12.320000000000002,0.09369,723787,7198581
1532,123857,70,pair_009_n3_009_control,control,1,0,0,12.560000000000002,0.09357333333333331,723857,7202991
1533,123976,119,pair_011_n5_011_conflict,conflict,1,0,0,12.07,0.09337499999999999,723976,7210488
1534,124047,71,pair_015_n3_015_conflict,conflict,1,0,0,12.55,0.09325666666666665,724047,7214961
1535,124119,72,pair_002_n3_002_control,control,1,0,0,12.540000000000001,0.09313666666666665,724119,7219497
1536,124204,85,pair_017_n5_017_conflict,conflict,1,0,0,12.410000000000002,0.092995,724204,7224852
1537,124278,74,pair_004_n5_004_control,control,1,0,0,12.520000000000001,0.09287166666666666,724278,7229514
1538,124353,75,pair_006_n3_006_conflict,conflict,1,0,0,12.510000000000002,0.09274666666666664,724353,7234239
1539,124359,6,pair_016_n5_016_control,control,0,1,0,-0.8,0.09273666666666666,724359,7234617
1540,124435,76,pair_001_n3_001_conflict,conflict,1,0,0,12.500000000000002,0.09261,724435,7239405
1541,124514,79,pair_014_n5_014_conflict,conflict,1,0,0,12.470000000000002,0.09247833333333333,724514,7244382
1542,124585,71,pair_010_n3_010_control,control,1,0,0,12.55,0.09236,724585,7248855
1543,124661,76,pair_000_n3_000_conflict,conflict,1,0,0,12.500000000000002,0.09223333333333333,724661,7253643
1544,124742,81,pair_005_n5_005_control,control,1,0,0,12.450000000000001,0.09209833333333331,724742,7258746
1545,124813,71,pair_007_n5_007_control,control,1,0,0,12.55,0.09197999999999998,724813,7263219
1546,124883,70,pair_001_n5_001_control,control,1,0,0,12.560000000000002,0.09186333333333332,724883,7267629
1547,124885,2,pair_014_n5_014_control,control,0,1,0,-0.96,0.09186,724885,7267755
1548,124891,6,pair_015_n5_015_control,control,0,1,0,-0.8,0.09184999999999999,724891,7268133
1549,124963,72,pair_006_n3_006_control,control,1,0,0,12.540000000000001,0.09172999999999998,724963,7272669
1550,125040,77,pair_013_n5_013_conflict,conflict,1,0,0,12.490000000000002,0.09160166666666666,725040,7277520
1551,125113,73,pair_009_n5_009_conflict,conflict,1,0,0,12.530000000000001,0.09147999999999998,725113,7282119
1552,125185,72,pair_012_n5_012_conflict,conflict,1,0,0,12.540000000000001,0.09136,725185,7286655
1553,125260,75,pair_015_n3_015_control,control,1,0,0,12.510000000000002,0.09123499999999998,725260,7291380
1554,125333,73,pair_000_n5_000_conflict,conflict,1,0,0,12.530000000000001,0.09111333333333332,725333,7295979
1555,125408,75,pair_006_n5_006_conflict,conflict,1,0,0,12.510000000000002,0.09098833333333331,725408,7300704
1556,125479,71,pair_016_n3_016_conflict,conflict,1,0,0,12.55,0.09086999999999998,725479,7305177
1557,125561,82,pair_012_n3_012_control,control,1,0,0,12.440000000000001,0.09073333333333333,725561,7310343
1558,125633,72,pair_003_n3_003_control,control,1,0,0,12.540000000000003,0.09061333333333332,725633,7314879
1559,125710,77,pair_003_n5_003_conflict,conflict,1,0,0,12.490000000000002,0.09048499999999998,725710,7319730
1560,125782,72,pair_014_n3_014_conflict,conflict,1,0,0,12.540000000000003,0.090365,725782,7324266
1561,125855,73,pair_003_n3_003_conflict,conflict,1,0,0,12.530000000000001,0.09024333333333331,725855,7328865
1562,125929,74,pair_007_n3_007_control,control,1,0,0,12.520000000000001,0.09011999999999998,725929,7333527
1563,126003,74,pair_002_n5_002_conflict,conflict,1,0,0,12.520000000000001,0.08999666666666667,726003,7338189
1564,126080,77,pair_005_n3_005_conflict,conflict,1,0,0,12.490000000000002,0.08986833333333333,726080,7343040
1565,126155,75,pair_009_n3_009_conflict,conflict,1,0,0,12.510000000000002,0.08974333333333331,726155,7347765
1566,126228,73,pair_013_n3_013_control,control,1,0,0,12.530000000000001,0.08962166666666666,726228,7352364
1567,126299,71,pair_012_n3_012_conflict,conflict,1,0,0,12.55,0.08950333333333332,726299,7356837
1568,126373,74,pair_010_n5_010_control,control,1,0,0,12.520000000000001,0.08937999999999999,726373,7361499
1569,126460,87,pair_013_n5_013_control,control,1,0,0,12.39,0.08923499999999998,726460,7366980
1570,126537,77,pair_011_n3_011_conflict,conflict,1,0,0,12.490000000000002,0.08910666666666667,726537,7371831
1571,126628,91,pair_001_n3_001_control,control,1,0,0,12.350000000000001,0.08895499999999998,726628,7377564
1572,126702,74,pair_005_n3_005_control,control,1,0,0,12.520000000000001,0.08883166666666664,726702,7382226
1573,126784,82,pair_008_n3_008_conflict,conflict,1,0,0,12.440000000000001,0.088695,726784,7387392
1574,126865,81,pair_010_n5_010_conflict,conflict,1,0,0,12.450000000000001,0.08856,726865,7392495
1575,126933,68,pair_005_n5_005_conflict,conflict,1,0,0,12.580000000000002,0.08844666666666665,726933,7396779
1576,127003,70,pair_016_n3_016_control,control,1,0,0,12.560000000000002,0.08832999999999999,727003,7401189
1577,127082,79,pair_007_n5_007_conflict,conflict,1,0,0,12.470000000000002,0.08819833333333332,727082,7406166
1578,127157,75,pair_011_n3_011_control,control,1,0,0,12.510000000000002,0.08807333333333331,727157,7410891
1579,127240,83,pair_016_n5_016_conflict,conflict,1,0,0,12.430000000000001,0.08793499999999999,727240,7416120
1580,127265,25,pair_006_n5_006_control,control,0,1,0,-0.5900000000000001,0.08789333333333332,727265,7417695
1581,127337,72,pair_003_n5_003_control,control,1,0,0,12.540000000000001,0.08777333333333331,727337,7422231
1582,127405,68,pair_017_n3_017_control,control,1,0,0,12.580000000000002,0.08765999999999999,727405,7426515
1583,127479,74,pair_012_n5_012_control,control,1,0,0,12.520000000000001,0.08753666666666665,727479,7431177
1584,127549,70,pair_005_n3_005_conflict,conflict,1,0,0,12.560000000000002,0.08742,727549,7435587
1585,127630,81,pair_016_n5_016_conflict,conflict,1,0,0,12.450000000000001,0.087285,727630,7440690
1586,127706,76,pair_002_n5_002_conflict,conflict,1,0,0,12.500000000000002,0.08715833333333331,727706,7445478
1587,127798,92,pair_013_n5_013_control,control,1,0,0,12.340000000000002,0.087005,727798,7451274
1588,127871,73,pair_011_n5_011_conflict,conflict,1,0,0,12.530000000000001,0.08688333333333331,727871,7455873
1589,127946,75,pair_004_n3_004_control,control,1,0,0,12.510000000000002,0.08675833333333333,727946,7460598
1590,128014,68,pair_016_n3_016_conflict,conflict,1,0,0,12.580000000000002,0.086645,728014,7464882
1591,128085,71,pair_011_n5_011_control,control,1,0,0,12.55,0.08652666666666667,728085,7469355
1592,128157,72,pair_001_n3_001_conflict,conflict,1,0,0,12.540000000000001,0.08640666666666666,728157,7473891
1593,128228,71,pair_013_n3_013_conflict,conflict,1,0,0,12.55,0.08628833333333333,728228,7478364
1594,128304,76,pair_000_n3_000_control,control,1,0,0,12.500000000000002,0.08616166666666666,728304,7483152
1595,128310,6,pair_014_n3_014_control,control,0,1,0,-0.8,0.08615166666666665,728310,7483530
1596,128394,84,pair_009_n5_009_control,control,1,0,0,12.420000000000002,0.08601166666666665,728394,7488822
1597,128470,76,pair_000_n3_000_conflict,conflict,1,0,0,12.500000000000002,0.08588499999999999,728470,7493610
1598,128543,73,pair_002_n5_002_control,control,1,0,0,12.530000000000001,0.08576333333333333,728543,7498209
1599,128621,78,pair_013_n5_013_conflict,conflict,1,0,0,12.48,0.08563333333333331,728621,7503123
1600,128689,68,pair_012_n5_012_conflict,conflict,1,0,0,12.580000000000002,0.08551999999999998,728689,7507407
1601,128762,73,pair_017_n3_017_conflict,conflict,1,0,0,12.530000000000001,0.08539833333333333,728762,7512006
1602,128833,71,pair_008_n5_008_control,control,1,0,0,12.55,0.08528,728833,7516479
1603,128839,6,pair_012_n3_012_conflict,conflict,0,1,0,-0.8,0.08526999999999998,728839,7516857
1604,128917,78,pair_008_n5_008_conflict,conflict,1,0,0,12.48,0.08514,728917,7521771
1605,128985,68,pair_001_n5_001_control,control,1,0,0,12.580000000000002,0.08502666666666667,728985,7526055
1606,129064,79,pair_005_n3_005_control,control,1,0,0,12.470000000000002,0.084895,729064,7531032
1607,129140,76,pair_012_n5_012_control,control,1,0,0,12.500000000000002,0.08476833333333333,729140,7535820
1608,129223,83,pair_006_n5_006_conflict,conflict,1,0,0,12.430000000000001,0.08462999999999998,729223,7541049
1609,129298,75,pair_007_n3_007_conflict,conflict,1,0,0,12.510000000000002,0.084505,729298,7545774
1610,129468,170,pair_015_n3_015_control,control,1,0,0,11.56,0.08422166666666667,729468,7556484
1611,129539,71,pair_008_n3_008_conflict,conflict,1,0,0,12.55,0.08410333333333334,729539,7560957
1612,129600,61,pair_010_n5_010_conflict,conflict,0,1,0,0.9500000000000011,0.08400166666666667,729600,7564800
1613,129668,68,pair_004_n3_004_conflict,conflict,1,0,0,12.580000000000002,0.08388833333333331,729668,7569084
1614,129742,74,pair_003_n3_003_control,control,1,0,0,12.520000000000001,0.08376499999999998,729742,7573746
1615,129811,69,pair_004_n5_004_conflict,conflict,1,0,0,12.570000000000002,0.08365,729811,7578093
1616,129885,74,pair_009_n5_009_conflict,conflict,1,0,0,12.520000000000001,0.08352666666666667,729885,7582755
1617,129958,73,pair_010_n5_010_control,control,1,0,0,12.530000000000001,0.08340499999999998,729958,7587354
1618,130029,71,pair_011_n3_011_control,control,1,0,0,12.55,0.08328666666666665,730000,7591856
1619,130111,82,pair_003_n5_003_conflict,conflict,1,0,0,12.440000000000001,0.08315,730000,7597104
1620,130182,71,pair_015_n5_015_control,control,1,0,0,12.55,0.08303166666666664,730000,7601648
1621,130286,104,pair_010_n3_010_conflict,conflict,1,0,0,12.220000000000006,0.08285833333333331,730000,7608304
1622,130358,72,pair_015_n5_015_conflict,conflict,1,0,0,12.540000000000001,0.08273833333333333,730000,7612912
1623,130431,73,pair_014_n3_014_conflict,conflict,1,0,0,12.530000000000001,0.08261666666666664,730000,7617584
1624,130502,71,pair_012_n3_012_control,control,1,0,0,12.55,0.08249833333333331,730000,7622128
1625,130576,74,pair_003_n3_003_conflict,conflict,1,0,0,12.520000000000001,0.08237499999999998,730000,7626864
1626,130652,76,pair_006_n3_006_control,control,1,0,0,12.500000000000002,0.08224833333333331,730000,7631728
1627,130724,72,pair_009_n3_009_conflict,conflict,1,0,0,12.540000000000001,0.08212833333333333,730000,7636336
1628,130796,72,pair_009_n3_009_control,control,1,0,0,12.540000000000001,0.08200833333333332,730000,7640944
1629,130871,75,pair_002_n3_002_conflict,conflict,1,0,0,12.510000000000002,0.08188333333333334,730000,7645744
1630,130886,15,pair_017_n5_017_control,control,0,1,0,-0.44000000000000006,0.08185833333333331,730000,7646704
1631,130931,45,pair_006_n3_006_conflict,conflict,0,1,0,0.6100000000000008,0.08178333333333332,730000,7649584
1632,130999,68,pair_007_n3_007_control,control,1,0,0,12.580000000000002,0.08166999999999999,730000,7653936
1633,131069,70,pair_001_n3_001_control,control,1,0,0,12.560000000000002,0.08155333333333331,730000,7658416
1634,131149,80,pair_007_n5_007_control,control,1,0,0,12.46,0.08141999999999999,730000,7663536
1635,131162,13,pair_013_n3_013_control,control,0,1,0,-0.52,0.08139833333333332,730000,7664368
1636,131232,70,pair_011_n3_011_conflict,conflict,1,0,0,12.560000000000002,0.08128166666666667,730000,7668848
1637,131312,80,pair_016_n5_016_control,control,1,0,0,12.46,0.08114833333333332,730000,7673968
1638,131337,25,pair_005_n5_005_conflict,conflict,0,1,0,-0.4900000000000002,0.08110666666666666,730000,7675568
1639,131410,73,pair_000_n5_000_conflict,conflict,1,0,0,12.530000000000001,0.080985,730000,7680240
1640,131416,6,pair_006_n5_006_control,control,0,1,0,-0.8,0.08097499999999999,730000,7680624
1641,131490,74,pair_008_n3_008_control,control,1,0,0,12.520000000000001,0.08085166666666666,730000,7685360
1642,131562,72,pair_007_n5_007_conflict,conflict,1,0,0,12.540000000000001,0.08073166666666665,730000,7689968
1643,131638,76,pair_005_n5_005_control,control,1,0,0,12.500000000000002,0.08060499999999998,730000,7694832
1644,131717,79,pair_017_n5_017_conflict,conflict,1,0,0,12.470000000000002,0.08047333333333331,730000,7699888
1645,131793,76,pair_014_n5_014_conflict,conflict,1,0,0,12.500000000000002,0.08034666666666665,730000,7704752
1646,131875,82,pair_003_n5_003_control,control,1,0,0,12.440000000000001,0.08020999999999998,730000,7710000
1647,131944,69,pair_015_n3_015_conflict,conflict,1,0,0,12.570000000000002,0.080095,730000,7714416
1648,132019,75,pair_002_n3_002_control,control,1,0,0,12.510000000000002,0.07996999999999999,730000,7719216
1649,132088,69,pair_017_n3_017_control,control,1,0,0,12.570000000000002,0.07985499999999998,730000,7723632
1650,132161,73,pair_001_n5_001_conflict,conflict,1,0,0,12.530000000000001,0.07973333333333332,730000,7728304
1651,132249,88,pair_010_n3_010_control,control,1,0,0,12.38,0.07958666666666667,730000,7733936
1652,132316,67,pair_004_n5_004_control,control,1,0,0,12.590000000000002,0.07947499999999999,730000,7738224
1653,132386,70,pair_016_n3_016_control,control,1,0,0,12.560000000000002,0.07935833333333331,730000,7742704
1654,132462,76,pair_000_n5_000_control,control,1,0,0,12.500000000000002,0.07923166666666664,730000,7747568
1655,132481,19,pair_014_n5_014_control,control,0,1,0,-0.53,0.07919999999999999,730000,7748784
1656,132548,67,pair_006_n3_006_control,control,1,0,0,12.590000000000002,0.07908833333333332,730000,7753072
1657,132634,86,pair_006_n5_006_conflict,conflict,1,0,0,12.400000000000002,0.07894499999999999,730000,7758576
1658,132703,69,pair_008_n5_008_conflict,conflict,1,0,0,12.570000000000002,0.07882999999999998,730000,7762992
1659,132775,72,pair_005_n3_005_conflict,conflict,1,0,0,12.540000000000001,0.07871,730000,7767600
1660,132844,69,pair_011_n3_011_control,control,1,0,0,12.570000000000002,0.078595,730000,7772016
1661,132917,73,pair_008_n5_008_control,control,1,0,0,12.530000000000001,0.07847333333333331,730000,7776688
1662,132933,16,pair_006_n3_006_conflict,conflict,0,1,0,-0.6000000000000001,0.07844666666666666,730000,7777712
1663,133009,76,pair_000_n5_000_conflict,conflict,1,0,0,12.500000000000002,0.07832,730000,7782576
1664,133081,72,pair_007_n5_007_control,control,1,0,0,12.540000000000001,0.07819999999999999,730000,7787184
1665,133152,71,pair_017_n3_017_control,control,1,0,0,12.55,0.07808166666666666,730000,7791728
1666,133222,70,pair_008_n3_008_conflict,conflict,1,0,0,12.560000000000002,0.07796499999999998,730000,7796208
1667,133292,70,pair_015_n3_015_conflict,conflict,1,0,0,12.560000000000002,0.07784833333333332,730000,7800688
1668,133366,74,pair_009_n3_009_conflict,conflict,1,0,0,12.520000000000001,0.07772499999999999,730000,7805424
1669,133455,89,pair_012_n5_012_conflict,conflict,1,0,0,12.370000000000001,0.07757666666666665,730000,7811120
1670,133532,77,pair_004_n5_004_control,control,1,0,0,12.490000000000002,0.07744833333333331,730000,7816048
1671,133598,66,pair_016_n5_016_control,control,1,0,0,12.600000000000001,0.07733833333333331,730000,7820272
1672,133666,68,pair_010_n3_010_control,control,1,0,0,12.580000000000002,0.07722499999999999,730000,7824624
1673,133738,72,pair_017_n3_017_conflict,conflict,1,0,0,12.540000000000001,0.07710499999999998,730000,7829232
1674,133823,85,pair_013_n5_013_conflict,conflict,1,0,0,12.410000000000002,0.07696333333333333,730000,7834672
1675,133898,75,pair_012_n3_012_control,control,1,0,0,12.510000000000002,0.07683833333333331,730000,7839472
1676,133901,3,pair_015_n3_015_control,control,0,1,0,-1.02,0.07683333333333331,730000,7839664
1677,133980,79,pair_003_n5_003_conflict,conflict,1,0,0,12.470000000000002,0.07670166666666667,730000,7844720
1678,134048,68,pair_007_n3_007_control,control,1,0,0,12.580000000000002,0.07658833333333331,730000,7849072
1679,134125,77,pair_015_n5_015_conflict,conflict,1,0,0,12.490000000000002,0.07646,730000,7854000
1680,134152,27,pair_015_n5_015_control,control,0,1,0,-0.2599999999999999,0.07641499999999998,730000,7855728
1681,134223,71,pair_010_n5_010_control,control,1,0,0,12.55,0.07629666666666665,730000,7860272
1682,134301,78,pair_002_n3_002_conflict,conflict,1,0,0,12.48,0.07616666666666666,730000,7865264
1683,134371,70,pair_004_n3_004_conflict,conflict,1,0,0,12.560000000000002,0.07604999999999998,730000,7869744
1684,134442,71,pair_011_n3_011_conflict,conflict,1,0,0,12.55,0.07593166666666665,730000,7874288
1685,134515,73,pair_004_n3_004_control,control,1,0,0,12.530000000000001,0.07580999999999999,730000,7878960
1686,134590,75,pair_012_n3_012_conflict,conflict,1,0,0,12.510000000000002,0.075685,730000,7883760
1687,134672,82,pair_014_n5_014_control,control,1,0,0,12.440000000000001,0.07554833333333333,730000,7889008
1688,134684,12,pair_000_n3_000_conflict,conflict,0,1,0,-0.56,0.07552833333333331,730000,7889776
1689,134765,81,pair_000_n5_000_control,control,1,0,0,12.450000000000001,0.07539333333333331,730000,7894960
1690,134840,75,pair_017_n5_017_control,control,1,0,0,12.510000000000002,0.07526833333333333,730000,7899760
1691,134911,71,pair_001_n3_001_control,control,1,0,0,12.55,0.07515,730000,7904304
1692,134977,66,pair_007_n5_007_conflict,conflict,1,0,0,12.600000000000001,0.07504,730000,7908528
1693,135051,74,pair_012_n5_012_control,control,1,0,0,12.520000000000001,0.07491666666666666,730000,7913264
1694,135127,76,pair_003_n5_003_control,control,1,0,0,12.500000000000002,0.07479,730000,7918128
1695,135197,70,pair_007_n3_007_conflict,conflict,1,0,0,12.560000000000002,0.07467333333333331,730000,7922608
1696,135265,68,pair_008_n3_008_control,control,1,0,0,12.580000000000002,0.07455999999999999,730000,7926960
1697,135337,72,pair_011_n5_011_conflict,conflict,1,0,0,12.540000000000001,0.07443999999999998,730000,7931568
1698,135422,85,pair_009_n5_009_conflict,conflict,1,0,0,12.410000000000002,0.07429833333333333,730000,7937008
1699,135501,79,pair_003_n3_003_conflict,conflict,1,0,0,12.470000000000002,0.07416666666666666,730000,7942064
1700,135574,73,pair_016_n5_016_conflict,conflict,1,0,0,12.530000000000001,0.074045,730000,7946736
1701,135653,79,pair_005_n5_005_control,control,1,0,0,12.470000000000002,0.07391333333333333,730000,7951792
1702,135724,71,pair_002_n5_002_control,control,1,0,0,12.55,0.073795,730000,7956336
1703,135726,2,pair_013_n3_013_control,control,0,1,0,-0.96,0.07379166666666664,730000,7956464
1704,135804,78,pair_005_n5_005_conflict,conflict,1,0,0,12.48,0.07366166666666665,730000,7961456
1705,135878,74,pair_002_n5_002_conflict,conflict,1,0,0,12.520000000000001,0.07353833333333332,730000,7966192
1706,135949,71,pair_014_n3_014_conflict,conflict,1,0,0,12.55,0.07341999999999999,730000,7970736
1707,136024,75,pair_014_n3_014_control,control,1,0,0,12.510000000000002,0.073295,730000,7975536
1708,136094,70,pair_009_n5_009_control,control,1,0,0,12.560000000000002,0.07317833333333332,730000,7980016
1709,136170,76,pair_004_n5_004_conflict,conflict,1,0,0,12.500000000000002,0.07305166666666665,730000,7984880
1710,136239,69,pair_003_n3_003_control,control,1,0,0,12.570000000000002,0.07293666666666665,730000,7989296
1711,136317,78,pair_014_n5_014_conflict,conflict,1,0,0,12.48,0.07280666666666666,730000,7994288
1712,136392,75,pair_005_n3_005_control,control,1,0,0,12.510000000000002,0.07268166666666664,730000,7999088
1713,136466,74,pair_002_n3_002_control,control,1,0,0,12.520000000000001,0.07255833333333334,730000,8003824
1714,136534,68,pair_000_n3_000_control,control,1,0,0,12.580000000000002,0.07244499999999998,730000,8008176
1715,136604,70,pair_013_n3_013_conflict,conflict,1,0,0,12.560000000000002,0.07232833333333333,730000,8012656
1716,136680,76,pair_010_n3_010_conflict,conflict,1,0,0,12.500000000000002,0.07220166666666666,730000,8017520
1717,136752,72,pair_006_n5_006_control,control,1,0,0,12.540000000000001,0.07208166666666666,730000,8022128
1718,136758,6,pair_016_n3_016_control,control,0,1,0,-0.8,0.07207166666666665,730000,8022512
1719,136830,72,pair_001_n5_001_conflict,conflict,1,0,0,12.540000000000001,0.07195166666666666,730000,8027120
1720,136906,76,pair_017_n5_017_conflict,conflict,1,0,0,12.500000000000002,0.071825,730000,8031984
1721,136972,66,pair_011_n5_011_control,control,1,0,0,12.600000000000001,0.071715,730000,8036208
1722,137051,79,pair_001_n3_001_conflict,conflict,1,0,0,12.470000000000002,0.07158333333333333,730000,8041264
1723,137129,78,pair_013_n5_013_control,control,1,0,0,12.48,0.07145333333333331,730000,8046256
1724,137199,70,pair_009_n3_009_control,control,1,0,0,12.560000000000002,0.07133666666666666,730000,8050736
1725,137269,70,pair_001_n5_001_control,control,1,0,0,12.560000000000002,0.07121999999999998,730000,8055216
1726,137336,67,pair_010_n5_010_conflict,conflict,1,0,0,12.590000000000002,0.07110833333333333,730000,8059504
1727,137410,74,pair_016_n3_016_conflict,conflict,1,0,0,12.520000000000001,0.07098499999999999,730000,8064240
1728,137483,73,pair_016_n3_016_control,control,1,0,0,12.530000000000001,0.07086333333333333,730000,8068912
1729,137559,76,pair_016_n5_016_control,control,1,0,0,12.500000000000002,0.07073666666666664,730000,8073776
1730,137628,69,pair_016_n5_016_conflict,conflict,1,0,0,12.570000000000002,0.07062166666666667,730000,8078192
1731,137707,79,pair_015_n5_015_conflict,conflict,1,0,0,12.470000000000002,0.07049,730000,8083248
1732,137775,68,pair_013_n3_013_conflict,conflict,1,0,0,12.580000000000002,0.07037666666666664,730000,8087600
1733,137848,73,pair_005_n5_005_control,control,1,0,0,12.530000000000001,0.07025499999999998,730000,8092272
1734,137922,74,pair_012_n3_012_control,control,1,0,0,12.520000000000001,0.07013166666666665,730000,8097008
1735,137993,71,pair_004_n3_004_control,control,1,0,0,12.55,0.07001333333333332,730000,8101552
1736,138068,75,pair_004_n5_004_control,control,1,0,0,12.510000000000002,0.06988833333333333,730000,8106352
1737,138146,78,pair_008_n3_008_conflict,conflict,1,0,0,12.480000000000002,0.06975833333333331,730000,8111344
1738,138220,74,pair_000_n5_000_control,control,1,0,0,12.520000000000001,0.069635,730000,8116080
1739,138296,76,pair_006_n3_006_control,control,1,0,0,12.500000000000002,0.06950833333333331,730000,8120944
1740,138370,74,pair_011_n3_011_conflict,conflict,1,0,0,12.520000000000001,0.069385,730000,8125680
1741,138442,72,pair_002_n3_002_conflict,conflict,1,0,0,12.540000000000001,0.069265,730000,8130288
1742,138517,75,pair_011_n3_011_control,control,1,0,0,12.510000000000002,0.06913999999999998,730000,8135088
1743,138591,74,pair_007_n5_007_control,control,1,0,0,12.520000000000001,0.06901666666666664,730000,8139824
1744,138657,66,pair_002_n5_002_control,control,1,0,0,12.600000000000001,0.06890666666666664,730000,8144048
1745,138728,71,pair_010_n5_010_control,control,1,0,0,12.55,0.06878833333333331,730000,8148592
1746,138795,67,pair_001_n5_001_conflict,conflict,1,0,0,12.590000000000002,0.06867666666666666,730000,8152880
1747,138864,69,pair_004_n3_004_conflict,conflict,1,0,0,12.570000000000002,0.06856166666666666,730000,8157296
1748,138933,69,pair_006_n5_006_control,control,1,0,0,12.570000000000002,0.06844666666666666,730000,8161712
1749,139006,73,pair_005_n3_005_control,control,1,0,0,12.530000000000001,0.068325,730000,8166384
1750,139096,90,pair_014_n3_014_conflict,conflict,1,0,0,12.360000000000001,0.06817499999999999,730000,8172144
1751,139186,90,pair_011_n5_011_conflict,conflict,1,0,0,12.360000000000003,0.068025,730000,8177904
1752,139258,72,pair_014_n5_014_conflict,conflict,1,0,0,12.540000000000001,0.067905,730000,8182512
1753,139335,77,pair_013_n5_013_conflict,conflict,1,0,0,12.490000000000002,0.06777666666666665,730000,8187440
1754,139404,69,pair_009_n5_009_control,control,1,0,0,12.570000000000002,0.06766166666666665,730000,8191856
1755,139476,72,pair_010_n5_010_conflict,conflict,1,0,0,12.540000000000001,0.06754166666666667,730000,8196464
1756,139544,68,pair_007_n3_007_control,control,1,0,0,12.580000000000002,0.06742833333333331,730000,8200816
1757,139616,72,pair_005_n3_005_conflict,conflict,1,0,0,12.540000000000001,0.06730833333333333,730000,8205424
1758,139688,72,pair_014_n5_014_control,control,1,0,0,12.540000000000001,0.06718833333333332,730000,8210032
1759,139758,70,pair_001_n5_001_control,control,1,0,0,12.560000000000002,0.06707166666666667,730000,8214512
1760,139840,82,pair_011_n5_011_control,control,1,0,0,12.440000000000001,0.066935,730000,8219760
1761,139907,67,pair_010_n3_010_conflict,conflict,1,0,0,12.590000000000002,0.06682333333333332,730000,8224048
1762,139981,74,pair_015_n3_015_control,control,1,0,0,12.520000000000001,0.06669999999999998,730000,8228784
1763,139987,6,pair_015_n3_015_conflict,conflict,0,1,0,-0.8,0.06669,730000,8229168
1764,140053,66,pair_007_n5_007_conflict,conflict,1,0,0,12.600000000000001,0.06658,730000,8233392
1765,140130,77,pair_002_n5_002_conflict,conflict,1,0,0,12.490000000000002,0.06645166666666666,730000,8238320
1766,140206,76,pair_003_n5_003_control,control,1,0,0,12.500000000000002,0.066325,730000,8243184
1767,140274,68,pair_004_n5_004_conflict,conflict,1,0,0,12.580000000000002,0.06621166666666667,730000,8247536
1768,140352,78,pair_003_n3_003_conflict,conflict,1,0,0,12.48,0.06608166666666665,730000,8252528
1769,140427,75,pair_000_n3_000_conflict,conflict,1,0,0,12.510000000000002,0.06595666666666666,730000,8257328
1770,140493,66,pair_007_n3_007_conflict,conflict,1,0,0,12.600000000000001,0.06584666666666666,730000,8261552
1771,140564,71,pair_001_n3_001_control,control,1,0,0,12.55,0.06572833333333333,730000,8266096
1772,140635,71,pair_017_n3_017_control,control,1,0,0,12.55,0.06561,730000,8270640
1773,140715,80,pair_003_n3_003_control,control,1,0,0,12.46,0.06547666666666666,730000,8275760
1774,140785,70,pair_010_n3_010_control,control,1,0,0,12.560000000000002,0.06536,730000,8280240
1775,140852,67,pair_006_n3_006_conflict,conflict,1,0,0,12.590000000000002,0.06524833333333332,730000,8284528
1776,140918,66,pair_000_n3_000_control,control,1,0,0,12.600000000000001,0.06513833333333333,730000,8288752
1777,140991,73,pair_006_n5_006_conflict,conflict,1,0,0,12.530000000000001,0.06501666666666667,730000,8293424
1778,141061,70,pair_009_n3_009_control,control,1,0,0,12.560000000000002,0.06489999999999999,730000,8297904
1779,141135,74,pair_014_n3_014_control,control,1,0,0,12.520000000000001,0.06477666666666665,730000,8302640
1780,141204,69,pair_002_n3_002_control,control,1,0,0,12.570000000000002,0.06466166666666665,730000,8307056
1781,141221,17,pair_017_n5_017_conflict,conflict,0,1,0,-0.4600000000000001,0.06463333333333332,730000,8308144
1782,141289,68,pair_008_n5_008_control,control,1,0,0,12.580000000000002,0.06452,730000,8312496
1783,141358,69,pair_009_n5_009_conflict,conflict,1,0,0,12.570000000000002,0.06440499999999999,730000,8316912
1784,141429,71,pair_012_n3_012_conflict,conflict,1,0,0,12.55,0.06428666666666666,730000,8321456
1785,141511,82,pair_003_n5_003_conflict,conflict,1,0,0,12.440000000000001,0.06414999999999998,730000,8326704
1786,141586,75,pair_016_n3_016_conflict,conflict,1,0,0,12.510000000000002,0.064025,730000,8331504
1787,141659,73,pair_008_n3_008_control,control,1,0,0,12.530000000000001,0.06390333333333331,730000,8336176
1788,141731,72,pair_001_n3_001_conflict,conflict,1,0,0,12.540000000000001,0.06378333333333333,730000,8340784
1789,141803,72,pair_017_n5_017_control,control,1,0,0,12.540000000000001,0.06366333333333332,730000,8345392
1790,141870,67,pair_013_n5_013_control,control,1,0,0,12.590000000000002,0.06355166666666665,730000,8349680
1791,141939,69,pair_000_n5_000_conflict,conflict,1,0,0,12.570000000000002,0.06343666666666667,730000,8354096
1792,141960,21,pair_012_n5_012_conflict,conflict,0,1,0,-0.5000000000000001,0.06340166666666666,730000,8355440
1793,142029,69,pair_008_n5_008_conflict,conflict,1,0,0,12.570000000000002,0.06328666666666666,730000,8359856
1794,142100,71,pair_012_n5_012_control,control,1,0,0,12.55,0.06316833333333333,730000,8364400
1795,142169,69,pair_017_n3_017_conflict,conflict,1,0,0,12.570000000000002,0.06305333333333332,730000,8368816
1796,142237,68,pair_009_n3_009_conflict,conflict,1,0,0,12.580000000000002,0.06294,730000,8373168
1797,142308,71,pair_013_n3_013_control,control,1,0,0,12.55,0.06282166666666666,730000,8377712
1798,142379,71,pair_015_n5_015_control,control,1,0,0,12.55,0.06270333333333333,730000,8382256
1799,142398,19,pair_005_n5_005_conflict,conflict,0,1,0,-0.4800000000000001,0.06267166666666665,730000,8383472
1800,142469,71,pair_014_n5_014_control,control,1,0,0,12.55,0.06255333333333332,730000,8388016
1801,142546,77,pair_003_n5_003_conflict,conflict,1,0,0,12.490000000000002,0.06242499999999998,730000,8392944
1802,142614,68,pair_017_n3_017_conflict,conflict,1,0,0,12.580000000000002,0.062311666666666654,730000,8397296
1803,142621,7,pair_004_n3_004_control,control,0,1,0,-0.86,0.062299999999999994,730000,8397744
1804,142627,6,pair_002_n3_002_control,control,0,1,0,-0.8,0.062289999999999984,730000,8398128
1805,142699,72,pair_011_n5_011_control,control,1,0,0,12.540000000000001,0.062169999999999975,730000,8402736
1806,142766,67,pair_001_n3_001_control,control,1,0,0,12.590000000000002,0.062058333333333326,730000,8407024
1807,142835,69,pair_017_n3_017_control,control,1,0,0,12.570000000000002,0.06194333333333332,730000,8411440
1808,142916,81,pair_017_n5_017_conflict,conflict,1,0,0,12.450000000000001,0.061808333333333326,730000,8416624
1809,142988,72,pair_009_n3_009_control,control,1,0,0,12.540000000000001,0.06168833333333332,730000,8421232
1810,142997,9,pair_004_n5_004_control,control,0,1,0,-0.78,0.06167333333333333,730000,8421808
1811,143076,79,pair_017_n5_017_control,control,1,0,0,12.470000000000002,0.06154166666666666,730000,8426864
1812,143152,76,pair_014_n3_014_conflict,conflict,1,0,0,12.500000000000002,0.061415,730000,8431728
1813,143229,77,pair_015_n5_015_control,control,1,0,0,12.490000000000002,0.061286666666666656,730000,8436656
1814,143302,73,pair_010_n3_010_control,control,1,0,0,12.530000000000001,0.061165,730000,8441328
1815,143317,15,pair_016_n3_016_conflict,conflict,0,1,0,-0.44000000000000006,0.06114,730000,8442288
1816,143386,69,pair_007_n3_007_control,control,1,0,0,12.570000000000002,0.061024999999999996,730000,8446704
1817,143462,76,pair_014_n5_014_conflict,conflict,1,0,0,12.500000000000002,0.06089833333333333,730000,8451568
1818,143528,66,pair_015_n3_015_conflict,conflict,1,0,0,12.600000000000001,0.06078833333333333,730000,8455792
1819,143596,68,pair_010_n5_010_control,control,1,0,0,12.580000000000002,0.06067499999999998,730000,8460144
1820,143669,73,pair_012_n5_012_conflict,conflict,1,0,0,12.530000000000001,0.06055333333333332,730000,8464816
1821,143745,76,pair_016_n5_016_conflict,conflict,1,0,0,12.500000000000002,0.060426666666666656,730000,8469680
1822,143817,72,pair_002_n5_002_conflict,conflict,1,0,0,12.540000000000001,0.06030666666666665,730000,8474288
1823,143891,74,pair_012_n3_012_control,control,0,1,0,1.4200000000000013,0.06018333333333331,730000,8479024
1824,143967,76,pair_012_n3_012_conflict,conflict,1,0,0,12.500000000000002,0.06005666666666665,730000,8483888
1825,144042,75,pair_005_n5_005_conflict,conflict,1,0,0,12.510000000000002,0.05993166666666666,730000,8488688
1826,144110,68,pair_001_n5_001_conflict,conflict,1,0,0,12.580000000000002,0.059818333333333334,730000,8493040
1827,144178,68,pair_006_n5_006_conflict,conflict,1,0,0,12.580000000000002,0.05970499999999998,730000,8497392
1828,144253,75,pair_009_n3_009_conflict,conflict,1,0,0,12.510000000000002,0.059579999999999994,730000,8502192
1829,144325,72,pair_000_n5_000_conflict,conflict,1,0,0,12.540000000000001,0.059459999999999985,730000,8506800
1830,144400,75,pair_005_n5_005_control,control,1,0,0,12.510000000000002,0.059335,730000,8511600
1831,144470,70,pair_014_n3_014_control,control,1,0,0,12.560000000000002,0.05921833333333332,730000,8516080
1832,144537,67,pair_004_n5_004_conflict,conflict,1,0,0,12.590000000000002,0.05910666666666667,730000,8520368
1833,144657,120,pair_002_n3_002_conflict,conflict,1,0,0,12.060000000000002,0.05890666666666666,730000,8528048
1834,144671,14,pair_013_n5_013_conflict,conflict,0,1,0,-0.4800000000000001,0.058883333333333315,730000,8528944
1835,144742,71,pair_000_n3_000_control,control,1,0,0,12.55,0.058764999999999984,730000,8533488
1836,144810,68,pair_003_n3_003_conflict,conflict,1,0,0,12.580000000000002,0.05865166666666666,730000,8537840
1837,144887,77,pair_005_n3_005_control,control,1,0,0,12.490000000000002,0.058523333333333316,730000,8542768
1838,144956,69,pair_011_n5_011_conflict,conflict,1,0,0,12.570000000000002,0.05840833333333331,730000,8547184
1839,145026,70,pair_010_n5_010_conflict,conflict,1,0,0,12.560000000000002,0.05829166666666666,730000,8551664
1840,145097,71,pair_001_n3_001_conflict,conflict,1,0,0,12.55,0.05817333333333333,730000,8556208
1841,145172,75,pair_000_n5_000_control,control,1,0,0,12.510000000000002,0.05804833333333331,730000,8561008
1842,145241,69,pair_001_n5_001_control,control,1,0,0,12.570000000000002,0.05793333333333331,730000,8565424
1843,145310,69,pair_015_n3_015_control,control,1,0,0,12.570000000000002,0.05781833333333333,730000,8569840
1844,145380,70,pair_006_n5_006_control,control,1,0,0,12.560000000000002,0.05770166666666665,730000,8574320
1845,145450,70,pair_007_n5_007_control,control,1,0,0,12.560000000000002,0.057585,730000,8578800
1846,145544,94,pair_008_n5_008_conflict,conflict,1,0,0,12.320000000000002,0.05742833333333333,730000,8584816
1847,145548,4,pair_016_n3_016_control,control,0,1,0,-0.98,0.05742166666666665,730000,8585072
1848,145621,73,pair_003_n3_003_control,control,1,0,0,12.530000000000001,0.05729999999999999,730000,8589744
1849,145690,69,pair_013_n3_013_conflict,conflict,1,0,0,12.570000000000002,0.057184999999999986,730000,8594160
1850,145776,86,pair_011_n3_011_conflict,conflict,0,1,0,1.4000000000000012,0.05704166666666666,730000,8599664
1851,145847,71,pair_000_n3_000_conflict,conflict,1,0,0,12.55,0.056923333333333326,730000,8604208
1852,145928,81,pair_015_n5_015_conflict,conflict,1,0,0,12.450000000000001,0.05678833333333333,730000,8609392
1853,145998,70,pair_006_n3_006_conflict,conflict,1,0,0,12.560000000000002,0.05667166666666665,730000,8613872
1854,146075,77,pair_012_n5_012_control,control,1,0,0,12.490000000000002,0.056543333333333334,730000,8618800
1855,146148,73,pair_013_n3_013_control,control,1,0,0,12.530000000000001,0.05642166666666665,730000,8623472
1856,146217,69,pair_002_n5_002_control,control,1,0,0,12.570000000000002,0.056306666666666644,730000,8627888
1857,146238,21,pair_013_n5_013_control,control,0,1,0,-0.6000000000000001,0.056271666666666664,730000,8629232
1858,146318,80,pair_004_n3_004_conflict,conflict,1,0,0,12.46,0.05613833333333332,730000,8634352
1859,146393,75,pair_007_n5_007_conflict,conflict,1,0,0,12.510000000000002,0.05601333333333333,730000,8639152
1860,146461,68,pair_008_n3_008_control,control,1,0,0,12.580000000000002,0.05589999999999998,730000,8643504
1861,146530,69,pair_009_n5_009_control,control,1,0,0,12.570000000000002,0.055785,730000,8647920
1862,146601,71,pair_003_n5_003_control,control,1,0,0,12.55,0.05566666666666664,730000,8652464
1863,146698,97,pair_008_n3_008_conflict,conflict,1,0,0,12.290000000000001,0.055505,730000,8658672
1864,146769,71,pair_006_n3_006_control,control,1,0,0,12.55,0.05538666666666667,730000,8663216
1865,146840,71,pair_010_n3_010_conflict,conflict,1,0,0,12.55,0.055268333333333336,730000,8667760
1866,146913,73,pair_007_n3_007_conflict,conflict,1,0,0,12.530000000000001,0.05514666666666665,730000,8672432
1867,146984,71,pair_008_n5_008_control,control,1,0,0,12.55,0.05502833333333332,730000,8676976
1868,147059,75,pair_011_n3_011_control,control,1,0,0,12.510000000000002,0.05490333333333333,730000,8681776
1869,147066,7,pair_016_n5_016_control,control,0,1,0,-0.76,0.054891666666666644,730000,8682224
1870,147141,75,pair_005_n3_005_conflict,conflict,1,0,0,12.510000000000002,0.05476666666666666,730000,8687024
1871,147216,75,pair_009_n5_009_conflict,conflict,1,0,0,12.510000000000002,0.054641666666666644,730000,8691824
1872,147294,78,pair_013_n3_013_conflict,conflict,1,0,0,12.48,0.05451166666666665,730000,8696816
1873,147363,69,pair_014_n3_014_control,control,1,0,0,12.570000000000002,0.05439666666666665,730000,8701232
1874,147430,67,pair_011_n3_011_conflict,conflict,1,0,0,12.590000000000002,0.054285,730000,8705520
1875,147501,71,pair_016_n3_016_control,control,1,0,0,12.55,0.05416666666666667,730000,8710064
1876,147574,73,pair_014_n5_014_conflict,conflict,1,0,0,12.530000000000001,0.05404499999999998,730000,8714736
1877,147641,67,pair_011_n5_011_conflict,conflict,1,0,0,12.590000000000002,0.05393333333333333,730000,8719024
1878,147712,71,pair_015_n5_015_conflict,conflict,1,0,0,12.55,0.053815,730000,8723568
1879,147784,72,pair_008_n3_008_conflict,conflict,1,0,0,12.540000000000003,0.05369499999999999,730000,8728176
1880,147854,70,pair_013_n5_013_conflict,conflict,1,0,0,12.560000000000002,0.05357833333333331,730000,8732656
1881,147925,71,pair_003_n3_003_control,control,1,0,0,12.55,0.05345999999999998,730000,8737200
1882,147999,74,pair_000_n3_000_control,control,1,0,0,12.520000000000001,0.05333666666666664,730000,8741936
1883,148069,70,pair_004_n3_004_conflict,conflict,1,0,0,12.560000000000002,0.05321999999999999,730000,8746416
1884,148138,69,pair_008_n5_008_control,control,1,0,0,12.570000000000002,0.053104999999999986,730000,8750832
1885,148209,71,pair_011_n3_011_control,control,1,0,0,12.55,0.052986666666666654,730000,8755376
1886,148288,79,pair_003_n5_003_conflict,conflict,1,0,0,12.470000000000002,0.052854999999999985,730000,8760432
1887,148360,72,pair_004_n5_004_conflict,conflict,1,0,0,12.540000000000003,0.052734999999999976,730000,8765040
1888,148432,72,pair_007_n5_007_control,control,1,0,0,12.540000000000001,0.052614999999999995,730000,8769648
1889,148502,70,pair_007_n5_007_conflict,conflict,1,0,0,12.560000000000002,0.052498333333333314,730000,8774128
1890,148581,79,pair_002_n3_002_conflict,conflict,1,0,0,12.470000000000002,0.052366666666666645,730000,8779184
1891,148649,68,pair_012_n3_012_conflict,conflict,1,0,0,12.580000000000002,0.05225333333333332,730000,8783536
1892,148718,69,pair_007_n3_007_conflict,conflict,1,0,0,12.570000000000002,0.052138333333333314,730000,8787952
1893,148786,68,pair_001_n5_001_control,control,1,0,0,12.580000000000002,0.05202499999999999,730000,8792304
1894,148858,72,pair_009_n3_009_conflict,conflict,1,0,0,12.540000000000003,0.05190499999999998,730000,8796912
1895,148932,74,pair_016_n5_016_control,control,1,0,0,12.520000000000001,0.05178166666666664,730000,8801648
1896,149002,70,pair_005_n5_005_conflict,conflict,1,0,0,12.560000000000002,0.05166499999999999,730000,8806128
1897,149076,74,pair_004_n5_004_control,control,1,0,0,12.520000000000001,0.05154166666666665,730000,8810864
1898,149149,73,pair_001_n3_001_conflict,conflict,1,0,0,12.530000000000001,0.051419999999999993,730000,8815536
1899,149217,68,pair_015_n3_015_conflict,conflict,1,0,0,12.580000000000002,0.05130666666666667,730000,8819888
1900,149285,68,pair_000_n3_000_conflict,conflict,0,1,0,1.5300000000000016,0.05119333333333331,730000,8824240
1901,149356,71,pair_010_n3_010_conflict,conflict,1,0,0,12.550000000000002,0.05107499999999998,730000,8828784
1902,149426,70,pair_015_n3_015_control,control,1,0,0,12.560000000000002,0.05095833333333333,730000,8833264
1903,149431,5,pair_013_n3_013_control,control,0,1,0,-0.84,0.050949999999999995,730000,8833584
1904,149501,70,pair_006_n3_006_control,control,1,0,0,12.560000000000002,0.050833333333333314,730000,8838064
1905,149572,71,pair_016_n3_016_conflict,conflict,1,0,0,12.55,0.05071499999999998,730000,8842608
1906,149645,73,pair_006_n5_006_conflict,conflict,1,0,0,12.530000000000001,0.050593333333333323,730000,8847280
1907,149712,67,pair_009_n3_009_control,control,1,0,0,12.590000000000002,0.05048166666666665,730000,8851568
1908,149779,67,pair_010_n3_010_control,control,1,0,0,12.590000000000002,0.05037,730000,8855856
1909,149849,70,pair_000_n5_000_conflict,conflict,1,0,0,12.560000000000002,0.05025333333333332,730000,8860336
1910,149920,71,pair_005_n5_005_control,control,1,0,0,12.55,0.050134999999999985,730000,8864880
1911,149991,71,pair_008_n3_008_control,control,1,0,0,12.55,0.050016666666666654,730000,8869424
1912,150063,72,pair_002_n5_002_control,control,1,0,0,12.540000000000003,0.04999999999999999,730000,8874032
1913,150136,73,pair_001_n5_001_conflict,conflict,1,0,0,12.530000000000001,0.04999999999999999,730000,8878704
1914,150211,75,pair_014_n3_014_conflict,conflict,1,0,0,12.510000000000002,0.04999999999999999,730000,8883504
1915,150283,72,pair_003_n5_003_control,control,1,0,0,12.540000000000001,0.04999999999999999,730000,8888112
1916,150285,2,pair_012_n5_012_control,control,0,1,0,-0.96,0.04999999999999999,730000,8888240
1917,150357,72,pair_012_n3_012_control,control,1,0,0,12.540000000000003,0.04999999999999999,730000,8892848
1918,150428,71,pair_011_n5_011_control,control,1,0,0,12.55,0.04999999999999999,730000,8897392
1919,150497,69,pair_017_n3_017_control,control,1,0,0,12.570000000000002,0.04999999999999999,730000,8901808
1920,150499,2,pair_009_n5_009_control,control,0,1,0,-0.96,0.04999999999999999,730000,8901936
1921,150566,67,pair_015_n5_015_control,control,1,0,0,12.590000000000002,0.04999999999999999,730000,8906224
1922,150638,72,pair_009_n5_009_conflict,conflict,1,0,0,12.540000000000001,0.04999999999999999,730000,8910832
1923,150714,76,pair_003_n3_003_conflict,conflict,1,0,0,12.500000000000002,0.04999999999999999,730000,8915696
1924,150785,71,pair_007_n3_007_control,control,1,0,0,12.55,0.04999999999999999,730000,8920240
1925,150856,71,pair_006_n5_006_control,control,1,0,0,12.55,0.04999999999999999,730000,8924784
1926,150932,76,pair_004_n3_004_control,control,1,0,0,12.500000000000002,0.04999999999999999,730000,8929648
1927,150998,66,pair_002_n3_002_control,control,1,0,0,12.600000000000001,0.04999999999999999,730000,8933872
1928,151068,70,pair_017_n5_017_control,control,1,0,0,12.560000000000002,0.04999999999999999,730000,8938352
1929,151136,68,pair_008_n5_008_conflict,conflict,1,0,0,12.580000000000002,0.04999999999999999,730000,8942704
1930,151207,71,pair_013_n5_013_control,control,1,0,0,12.55,0.04999999999999999,730000,8947248
1931,151229,22,pair_005_n3_005_conflict,conflict,0,1,0,-0.4600000000000001,0.04999999999999999,730000,8948656
1932,151300,71,pair_000_n5_000_control,control,1,0,0,12.55,0.04999999999999999,730000,8953200
1933,151367,67,pair_010_n5_010_conflict,conflict,1,0,0,12.590000000000002,0.04999999999999999,730000,8957488
1934,151438,71,pair_017_n5_017_conflict,conflict,1,0,0,12.55,0.04999999999999999,730000,8962032
1935,151505,67,pair_001_n3_001_control,control,1,0,0,12.590000000000002,0.04999999999999999,730000,8966320
1936,151586,81,pair_014_n5_014_control,control,1,0,0,12.450000000000001,0.04999999999999999,730000,8971504
1937,151660,74,pair_006_n3_006_conflict,conflict,1,0,0,12.520000000000001,0.04999999999999999,730000,8976240
1938,151730,70,pair_005_n3_005_control,control,1,0,0,12.560000000000002,0.04999999999999999,730000,8980720
1939,151808,78,pair_002_n5_002_conflict,conflict,1,0,0,12.48,0.04999999999999999,730000,8985712
1940,151877,69,pair_016_n5_016_conflict,conflict,1,0,0,12.570000000000002,0.04999999999999999,730000,8990128
1941,151879,2,pair_017_n3_017_conflict,conflict,0,1,0,-0.96,0.04999999999999999,730000,8990256
1942,151970,91,pair_012_n5_012_conflict,conflict,1,0,0,12.350000000000001,0.04999999999999999,730000,8996080
1943,152039,69,pair_010_n5_010_control,control,1,0,0,12.570000000000002,0.04999999999999999,730000,9000496
1944,152045,6,pair_015_n5_015_control,control,0,1,0,-0.8,0.04999999999999999,730000,9000880
1945,152117,72,pair_002_n3_002_control,control,1,0,0,12.540000000000003,0.04999999999999999,730000,9005488
1946,152191,74,pair_005_n5_005_control,control,1,0,0,12.520000000000001,0.04999999999999999,730000,9010224
1947,152265,74,pair_013_n3_013_conflict,conflict,1,0,0,12.520000000000001,0.04999999999999999,730000,9014960
1948,152340,75,pair_016_n5_016_conflict,conflict,1,0,0,12.510000000000002,0.04999999999999999,730000,9019760
1949,152414,74,pair_007_n5_007_conflict,conflict,1,0,0,12.520000000000001,0.04999999999999999,730000,9024496
1950,152486,72,pair_013_n5_013_control,control,1,0,0,12.540000000000003,0.04999999999999999,730000,9029104
1951,152560,74,pair_003_n5_003_conflict,conflict,1,0,0,12.520000000000001,0.04999999999999999,730000,9033840
1952,152634,74,pair_008_n3_008_control,control,1,0,0,12.520000000000001,0.04999999999999999,730000,9038576
1953,152704,70,pair_010_n3_010_conflict,conflict,1,0,0,12.560000000000002,0.04999999999999999,730000,9043056
1954,152778,74,pair_012_n3_012_conflict,conflict,1,0,0,12.520000000000001,0.04999999999999999,730000,9047792
1955,152848,70,pair_004_n5_004_conflict,conflict,1,0,0,12.560000000000002,0.04999999999999999,730000,9052272
1956,152918,70,pair_010_n5_010_control,control,1,0,0,12.560000000000002,0.04999999999999999,730000,9056752
1957,152996,78,pair_009_n5_009_control,control,1,0,0,12.48,0.04999999999999999,730000,9061744
1958,153072,76,pair_017_n5_017_conflict,conflict,1,0,0,12.500000000000002,0.04999999999999999,730000,9066608
1959,153078,6,pair_012_n3_012_control,control,0,1,0,-0.85,0.04999999999999999,730000,9066992
1960,153149,71,pair_001_n3_001_conflict,conflict,1,0,0,12.55,0.04999999999999999,730000,9071536
1961,153218,69,pair_002_n5_002_control,control,1,0,0,12.570000000000002,0.04999999999999999,730000,9075952
1962,153293,75,pair_000_n3_000_conflict,conflict,0,1,0,1.5100000000000016,0.04999999999999999,730000,9080752
1963,153365,72,pair_008_n3_008_conflict,conflict,1,0,0,12.540000000000001,0.04999999999999999,730000,9085360
1964,153435,70,pair_014_n3_014_conflict,conflict,1,0,0,12.560000000000002,0.04999999999999999,730000,9089840
1965,153505,70,pair_011_n3_011_conflict,conflict,1,0,0,12.560000000000002,0.04999999999999999,730000,9094320
1966,153579,74,pair_001_n5_001_conflict,conflict,1,0,0,12.520000000000001,0.04999999999999999,730000,9099056
1967,153650,71,pair_017_n3_017_conflict,conflict,1,0,0,12.55,0.04999999999999999,730000,9103600
1968,153722,72,pair_015_n5_015_conflict,conflict,1,0,0,12.540000000000003,0.04999999999999999,730000,9108208
1969,153792,70,pair_005_n3_005_control,control,1,0,0,12.560000000000002,0.04999999999999999,730000,9112688
1970,153861,69,pair_000_n5_000_control,control,1,0,0,12.570000000000002,0.04999999999999999,730000,9117104
1971,153934,73,pair_000_n3_000_control,control,1,0,0,12.530000000000001,0.04999999999999999,730000,9121776
1972,154004,70,pair_002_n3_002_conflict,conflict,1,0,0,12.560000000000002,0.04999999999999999,730000,9126256
1973,154076,72,pair_004_n5_004_control,control,1,0,0,12.540000000000001,0.04999999999999999,730000,9130864
1974,154146,70,pair_017_n3_017_control,control,1,0,0,12.560000000000002,0.04999999999999999,730000,9135344
1975,154212,66,pair_011_n3_011_control,control,1,0,0,12.600000000000001,0.04999999999999999,730000,9139568
1976,154281,69,pair_013_n3_013_control,control,1,0,0,12.570000000000002,0.04999999999999999,730000,9143984
1977,154350,69,pair_007_n3_007_conflict,conflict,1,0,0,12.570000000000002,0.04999999999999999,730000,9148400
1978,154422,72,pair_016_n5_016_control,control,1,0,0,12.540000000000001,0.04999999999999999,730000,9153008
1979,154491,69,pair_001_n5_001_control,control,1,0,0,12.570000000000002,0.04999999999999999,730000,9157424
1980,154560,69,pair_011_n5_011_conflict,conflict,1,0,0,12.570000000000002,0.04999999999999999,730000,9161840
1981,154629,69,pair_008_n5_008_conflict,conflict,1,0,0,12.570000000000002,0.04999999999999999,730000,9166256
1982,154708,79,pair_006_n5_006_control,control,1,0,0,12.470000000000002,0.04999999999999999,730000,9171312
1983,154784,76,pair_009_n3_009_control,control,1,0,0,12.500000000000002,0.04999999999999999,730000,9176176
1984,154855,71,pair_003_n3_003_control,control,1,0,0,12.55,0.04999999999999999,730000,9180720
1985,154926,71,pair_010_n5_010_conflict,conflict,1,0,0,12.55,0.04999999999999999,730000,9185264
1986,154997,71,pair_016_n3_016_conflict,conflict,1,0,0,12.550000000000002,0.04999999999999999,730000,9189808
1987,155065,68,pair_008_n5_008_control,control,1,0,0,12.580000000000002,0.04999999999999999,730000,9194160
1988,155133,68,pair_016_n3_016_control,control,1,0,0,12.580000000000002,0.04999999999999999,730000,9198512
1989,155213,80,pair_011_n5_011_control,control,1,0,0,12.46,0.04999999999999999,730000,9203632
1990,155282,69,pair_014_n5_014_conflict,conflict,1,0,0,12.570000000000002,0.04999999999999999,730000,9208048
1991,155348,66,pair_015_n3_015_conflict,conflict,1,0,0,12.600000000000001,0.04999999999999999,730000,9212272
1992,155415,67,pair_001_n3_001_control,control,1,0,0,12.590000000000002,0.04999999999999999,730000,9216560
1993,155435,20,pair_012_n5_012_control,control,0,1,0,-0.39,0.04999999999999999,730000,9217840
1994,155511,76,pair_012_n5_012_conflict,conflict,1,0,0,12.500000000000002,0.04999999999999999,730000,9222704
1995,155580,69,pair_007_n3_007_control,control,1,0,0,12.570000000000002,0.04999999999999999,730000,9227120
1996,155647,67,pair_005_n3_005_conflict,conflict,1,0,0,12.590000000000002,0.04999999999999999,730000,9231408
1997,155715,68,pair_007_n5_007_control,control,1,0,0,12.580000000000002,0.04999999999999999,730000,9235760
1998,155787,72,pair_006_n3_006_control,control,1,0,0,12.540000000000001,0.04999999999999999,730000,9240368
1999,155861,74,pair_006_n5_006_conflict,conflict,1,0,0,12.520000000000001,0.04999999999999999,730000,9245104
2000,155933,72,pair_006_n3_006_conflict,conflict,1,0,0,12.540000000000001,0.04999999999999999,730000,9249712
2001,156007,74,pair_015_n3_015_control,control,1,0,0,12.520000000000001,0.04999999999999999,730000,9254448
2002,156079,72,pair_014_n5_014_control,control,1,0,0,12.540000000000001,0.04999999999999999,730000,9259056
2003,156151,72,pair_010_n3_010_control,control,1,0,0,12.540000000000001,0.04999999999999999,730000,9263664
2004,156225,74,pair_005_n5_005_conflict,conflict,1,0,0,12.520000000000001,0.04999999999999999,730000,9268400
2005,156293,68,pair_009_n3_009_conflict,conflict,1,0,0,12.580000000000002,0.04999999999999999,730000,9272752
2006,156363,70,pair_017_n5_017_control,control,1,0,0,12.560000000000002,0.04999999999999999,730000,9277232
2007,156431,68,pair_014_n3_014_control,control,1,0,0,12.580000000000002,0.04999999999999999,730000,9281584
2008,156497,66,pair_004_n3_004_conflict,conflict,1,0,0,12.600000000000001,0.04999999999999999,730000,9285808
2009,156582,85,pair_003_n3_003_conflict,conflict,1,0,0,12.410000000000002,0.04999999999999999,730000,9291248
2010,156653,71,pair_000_n5_000_conflict,conflict,1,0,0,12.55,0.04999999999999999,730000,9295792
2011,156669,16,pair_013_n5_013_conflict,conflict,0,1,0,-0.5000000000000001,0.04999999999999999,730000,9296816
2012,156744,75,pair_004_n3_004_control,control,1,0,0,12.510000000000002,0.04999999999999999,730000,9301616
2013,156814,70,pair_009_n5_009_conflict,conflict,1,0,0,12.560000000000002,0.04999999999999999,730000,9306096
2014,156889,75,pair_003_n5_003_control,control,1,0,0,12.510000000000002,0.04999999999999999,730000,9310896
2015,156961,72,pair_002_n5_002_conflict,conflict,1,0,0,12.540000000000001,0.04999999999999999,730000,9315504
2016,157035,74,pair_009_n5_009_conflict,conflict,1,0,0,12.520000000000001,0.04999999999999999,730000,9320240
2017,157102,67,pair_013_n3_013_control,control,1,0,0,12.590000000000002,0.04999999999999999,730000,9324528
2018,157169,67,pair_003_n3_003_conflict,conflict,1,0,0,12.590000000000002,0.04999999999999999,730000,9328816
2019,157237,68,pair_002_n5_002_conflict,conflict,1,0,0,12.580000000000002,0.04999999999999999,730000,9333168
2020,157311,74,pair_011_n5_011_conflict,conflict,1,0,0,12.520000000000001,0.04999999999999999,730000,9337904
2021,157380,69,pair_016_n3_016_conflict,conflict,1,0,0,12.570000000000002,0.04999999999999999,730000,9342320
2022,157447,67,pair_008_n5_008_conflict,conflict,1,0,0,12.590000000000002,0.04999999999999999,730000,9346608
2023,157515,68,pair_014_n3_014_conflict,conflict,1,0,0,12.580000000000002,0.04999999999999999,730000,9350960
2024,157592,77,pair_005_n5_005_control,control,1,0,0,12.490000000000002,0.04999999999999999,730000,9355888
2025,157670,78,pair_016_n5_016_conflict,conflict,1,0,0,12.48,0.04999999999999999,730000,9360880
2026,157738,68,pair_001_n5_001_conflict,conflict,1,0,0,12.580000000000002,0.04999999999999999,730000,9365232
2027,157817,79,pair_006_n5_006_conflict,conflict,1,0,0,12.47,0.04999999999999999,730000,9370288
2028,157889,72,pair_001_n3_001_control,control,1,0,0,12.540000000000001,0.04999999999999999,730000,9374896
2029,157957,68,pair_004_n3_004_conflict,conflict,1,0,0,12.580000000000002,0.04999999999999999,730000,9379248
2030,158025,68,pair_011_n3_011_conflict,conflict,1,0,0,12.580000000000002,0.04999999999999999,730000,9383600
2031,158030,5,pair_015_n3_015_conflict,conflict,0,1,0,-0.84,0.04999999999999999,730000,9383920
2032,158096,66,pair_006_n5_006_control,control,1,0,0,12.600000000000001,0.04999999999999999,730000,9388144
2033,158168,72,pair_004_n5_004_control,control,1,0,0,12.540000000000003,0.04999999999999999,730000,9392752
2034,158238,70,pair_012_n5_012_control,control,1,0,0,12.560000000000002,0.04999999999999999,730000,9397232
2035,158311,73,pair_011_n3_011_control,control,1,0,0,12.530000000000001,0.04999999999999999,730000,9401904
2036,158317,6,pair_002_n5_002_control,control,0,1,0,-0.9,0.04999999999999999,730000,9402288
2037,158387,70,pair_004_n3_004_control,control,1,0,0,12.560000000000002,0.04999999999999999,730000,9406768
2038,158458,71,pair_009_n5_009_control,control,1,0,0,12.55,0.04999999999999999,730000,9411312
2039,158530,72,pair_006_n3_006_conflict,conflict,1,0,0,12.540000000000003,0.04999999999999999,730000,9415920
2040,158599,69,pair_010_n3_010_control,control,1,0,0,12.570000000000002,0.04999999999999999,730000,9420336
2041,158670,71,pair_010_n3_010_conflict,conflict,1,0,0,12.55,0.04999999999999999,730000,9424880
2042,158738,68,pair_000_n5_000_conflict,conflict,1,0,0,12.580000000000002,0.04999999999999999,730000,9429232
2043,158807,69,pair_016_n5_016_control,control,1,0,0,12.570000000000002,0.04999999999999999,730000,9433648
2044,158923,116,pair_009_n3_009_conflict,conflict,1,0,0,12.100000000000001,0.04999999999999999,730000,9441072
2045,158991,68,pair_004_n5_004_conflict,conflict,1,0,0,12.580000000000002,0.04999999999999999,730000,9445424
2046,159066,75,pair_003_n5_003_conflict,conflict,1,0,0,12.510000000000002,0.04999999999999999,730000,9450224
2047,159137,71,pair_002_n3_002_conflict,conflict,1,0,0,12.55,0.04999999999999999,730000,9454768
2048,159209,72,pair_000_n3_000_control,control,1,0,0,12.540000000000001,0.04999999999999999,730000,9459376
2049,159281,72,pair_003_n3_003_control,control,1,0,0,12.540000000000001,0.04999999999999999,730000,9463984
2050,159351,70,pair_005_n5_005_conflict,conflict,1,0,0,12.560000000000002,0.04999999999999999,730000,9468464
2051,159422,71,pair_003_n5_003_control,control,1,0,0,12.55,0.04999999999999999,730000,9473008
2052,159492,70,pair_005_n3_005_conflict,conflict,1,0,0,12.560000000000002,0.04999999999999999,730000,9477488
2053,159562,70,pair_008_n5_008_control,control,1,0,0,12.560000000000002,0.04999999999999999,730000,9481968
2054,159629,67,pair_013_n5_013_control,control,1,0,0,12.590000000000002,0.04999999999999999,730000,9486256
2055,159698,69,pair_007_n5_007_conflict,conflict,1,0,0,12.570000000000002,0.04999999999999999,730000,9490672
2056,159770,72,pair_014_n3_014_control,control,1,0,0,12.540000000000001,0.04999999999999999,730000,9495280
2057,159836,66,pair_008_n3_008_conflict,conflict,1,0,0,12.600000000000001,0.04999999999999999,730000,9499504
2058,159913,77,pair_006_n3_006_control,control,1,0,0,12.490000000000002,0.04999999999999999,730000,9504432
2059,159990,77,pair_013_n3_013_conflict,conflict,1,0,0,12.490000000000002,0.04999999999999999,730000,9509360
2060,160057,67,pair_005_n3_005_control,control,1,0,0,12.590000000000002,0.04999999999999999,730000,9513648
2061,160080,23,pair_014_n5_014_conflict,conflict,0,1,0,-0.5700000000000001,0.04999999999999999,730000,9515120
2062,160147,67,pair_015_n5_015_control,control,1,0,0,12.590000000000002,0.04999999999999999,730000,9519408
2063,160218,71,pair_010_n5_010_control,control,1,0,0,12.55,0.04999999999999999,730000,9523952
2064,160291,73,pair_015_n3_015_control,control,1,0,0,12.530000000000001,0.04999999999999999,730000,9528624
2065,160359,68,pair_017_n5_017_control,control,1,0,0,12.580000000000002,0.04999999999999999,730000,9532976
2066,160430,71,pair_016_n3_016_control,control,1,0,0,12.55,0.04999999999999999,730000,9537520
2067,160501,71,pair_013_n5_013_conflict,conflict,1,0,0,12.55,0.04999999999999999,730000,9542064
2068,160574,73,pair_007_n3_007_conflict,conflict,1,0,0,12.530000000000001,0.04999999999999999,730000,9546736
2069,160645,71,pair_009_n3_009_control,control,1,0,0,12.55,0.04999999999999999,730000,9551280
2070,160717,72,pair_011_n5_011_control,control,1,0,0,12.540000000000003,0.04999999999999999,730000,9555888
2071,160787,70,pair_000_n3_000_conflict,conflict,1,0,0,12.560000000000002,0.04999999999999999,730000,9560368
2072,160860,73,pair_017_n5_017_conflict,conflict,1,0,0,12.530000000000001,0.04999999999999999,730000,9565040
2073,160938,78,pair_007_n3_007_control,control,1,0,0,12.48,0.04999999999999999,730000,9570032
2074,161014,76,pair_012_n5_012_conflict,conflict,1,0,0,12.500000000000002,0.04999999999999999,730000,9574896
2075,161082,68,pair_000_n5_000_control,control,1,0,0,12.580000000000002,0.04999999999999999,730000,9579248
2076,161151,69,pair_017_n3_017_conflict,conflict,1,0,0,12.570000000000002,0.04999999999999999,730000,9583664
2077,161217,66,pair_012_n3_012_conflict,conflict,1,0,0,12.600000000000001,0.04999999999999999,730000,9587888
2078,161286,69,pair_008_n3_008_control,control,1,0,0,12.570000000000002,0.04999999999999999,730000,9592304
2079,161357,71,pair_001_n5_001_control,control,1,0,0,12.55,0.04999999999999999,730000,9596848
2080,161423,66,pair_001_n3_001_conflict,conflict,1,0,0,12.600000000000001,0.04999999999999999,730000,9601072
2081,161502,79,pair_015_n5_015_conflict,conflict,1,0,0,12.470000000000002,0.04999999999999999,730000,9606128
2082,161570,68,pair_014_n5_014_control,control,1,0,0,12.580000000000002,0.04999999999999999,730000,9610480
2083,161643,73,pair_002_n3_002_control,control,1,0,0,12.530000000000001,0.04999999999999999,730000,9615152
2084,161711,68,pair_007_n5_007_control,control,1,0,0,12.580000000000002,0.04999999999999999,730000,9619504
2085,161781,70,pair_010_n5_010_conflict,conflict,1,0,0,12.560000000000002,0.04999999999999999,730000,9623984
2086,161859,78,pair_017_n3_017_control,control,1,0,0,12.48,0.04999999999999999,730000,9628976
2087,161930,71,pair_012_n3_012_control,control,1,0,0,12.55,0.04999999999999999,730000,9633520
2088,161997,67,pair_017_n3_017_control,control,1,0,0,12.590000000000002,0.04999999999999999,730000,9637808
2089,162064,67,pair_010_n3_010_control,control,1,0,0,12.590000000000002,0.04999999999999999,730000,9642096
2090,162137,73,pair_016_n5_016_conflict,conflict,1,0,0,12.530000000000001,0.04999999999999999,730000,9646768
2091,162208,71,pair_005_n5_005_control,control,1,0,0,12.55,0.04999999999999999,730000,9651312
2092,162279,71,pair_005_n3_005_control,control,1,0,0,12.55,0.04999999999999999,730000,9655856
2093,162358,79,pair_014_n5_014_conflict,conflict,1,0,0,12.470000000000002,0.04999999999999999,730000,9660912
2094,162424,66,pair_011_n5_011_conflict,conflict,1,0,0,12.600000000000001,0.04999999999999999,730000,9665136
2095,162499,75,pair_003_n3_003_conflict,conflict,1,0,0,12.510000000000002,0.04999999999999999,730000,9669936
2096,162571,72,pair_008_n3_008_conflict,conflict,1,0,0,12.540000000000001,0.04999999999999999,730000,9674544
2097,162645,74,pair_011_n3_011_conflict,conflict,1,0,0,12.520000000000001,0.04999999999999999,730000,9679280
2098,162715,70,pair_015_n5_015_control,control,1,0,0,12.560000000000002,0.04999999999999999,730000,9683760
2099,162790,75,pair_005_n5_005_conflict,conflict,1,0,0,12.510000000000002,0.04999999999999999,730000,9688560
2100,162862,72,pair_015_n3_015_control,control,1,0,0,12.540000000000001,0.04999999999999999,730000,9693168
2101,162928,66,pair_012_n3_012_control,control,1,0,0,12.600000000000001,0.04999999999999999,730000,9697392
2102,163006,78,pair_008_n3_008_control,control,1,0,0,12.480000000000002,0.04999999999999999,730000,9702384
2103,163081,75,pair_008_n5_008_control,control,1,0,0,12.510000000000002,0.04999999999999999,730000,9707184
2104,163150,69,pair_009_n5_009_conflict,conflict,1,0,0,12.570000000000002,0.04999999999999999,730000,9711600
2105,163219,69,pair_003_n5_003_control,control,1,0,0,12.570000000000002,0.04999999999999999,730000,9716016
2106,163289,70,pair_002_n3_002_conflict,conflict,1,0,0,12.560000000000002,0.04999999999999999,730000,9720496
2107,163357,68,pair_017_n3_017_conflict,conflict,1,0,0,12.580000000000002,0.04999999999999999,730000,9724848
2108,163424,67,pair_005_n3_005_conflict,conflict,1,0,0,12.590000000000002,0.04999999999999999,730000,9729136
2109,163493,69,pair_012_n3_012_conflict,conflict,1,0,0,12.570000000000002,0.04999999999999999,730000,9733552
2110,163561,68,pair_013_n3_013_conflict,conflict,1,0,0,12.580000000000002,0.04999999999999999,730000,9737904
2111,163631,70,pair_007_n3_007_conflict,conflict,1,0,0,12.560000000000002,0.04999999999999999,730000,9742384
2112,163705,74,pair_009_n3_009_conflict,conflict,1,0,0,12.520000000000001,0.04999999999999999,730000,9747120
2113,163783,78,pair_014_n3_014_control,control,1,0,0,12.480000000000002,0.04999999999999999,730000,9752112
2114,163858,75,pair_009_n3_009_control,control,1,0,0,12.510000000000002,0.04999999999999999,730000,9756912
2115,163931,73,pair_000_n5_000_conflict,conflict,1,0,0,12.530000000000001,0.04999999999999999,730000,9761584
2116,164020,89,pair_003_n5_003_conflict,conflict,1,0,0,12.370000000000001,0.04999999999999999,730000,9767280
2117,164033,13,pair_016_n3_016_control,control,0,1,0,-0.5700000000000001,0.04999999999999999,730000,9768112
2118,164106,73,pair_001_n3_001_control,control,1,0,0,12.530000000000001,0.04999999999999999,730000,9772784
2119,164188,82,pair_007_n5_007_conflict,conflict,1,0,0,12.440000000000001,0.04999999999999999,730000,9778032
2120,164257,69,pair_008_n5_008_conflict,conflict,1,0,0,12.570000000000002,0.04999999999999999,730000,9782448
2121,164331,74,pair_000_n5_000_control,control,1,0,0,12.520000000000001,0.04999999999999999,730000,9787184
2122,164410,79,pair_014_n5_014_control,control,1,0,0,12.470000000000002,0.04999999999999999,730000,9792240
2123,164476,66,pair_001_n5_001_conflict,conflict,1,0,0,12.600000000000001,0.04999999999999999,730000,9796464
2124,164481,5,pair_014_n3_014_conflict,conflict,0,1,0,-0.84,0.04999999999999999,730000,9796784
2125,164550,69,pair_010_n5_010_conflict,conflict,1,0,0,12.570000000000002,0.04999999999999999,730000,9801200
2126,164623,73,pair_017_n5_017_conflict,conflict,1,0,0,12.530000000000001,0.04999999999999999,730000,9805872
2127,164692,69,pair_002_n3_002_control,control,1,0,0,12.570000000000002,0.04999999999999999,730000,9810288
2128,164758,66,pair_016_n5_016_control,control,1,0,0,12.600000000000001,0.04999999999999999,730000,9814512
2129,164828,70,pair_006_n5_006_control,control,1,0,0,12.560000000000002,0.04999999999999999,730000,9818992
2130,164905,77,pair_012_n5_012_conflict,conflict,1,0,0,12.490000000000002,0.04999999999999999,730000,9823920
2131,164977,72,pair_000_n3_000_control,control,1,0,0,12.540000000000001,0.04999999999999999,730000,9828528
2132,165045,68,pair_007_n3_007_control,control,1,0,0,12.580000000000002,0.04999999999999999,730000,9832880
2133,165112,67,pair_006_n3_006_conflict,conflict,1,0,0,12.590000000000002,0.04999999999999999,730000,9837168
2134,165184,72,pair_001_n5_001_control,control,1,0,0,12.540000000000001,0.04999999999999999,730000,9841776
2135,165198,14,pair_016_n3_016_conflict,conflict,0,1,0,-0.4800000000000001,0.04999999999999999,730000,9842672
2136,165272,74,pair_003_n3_003_control,control,1,0,0,12.520000000000001,0.04999999999999999,730000,9847408
2137,165349,77,pair_004_n3_004_control,control,1,0,0,12.490000000000002,0.04999999999999999,730000,9852336
2138,165419,70,pair_011_n3_011_control,control,1,0,0,12.560000000000002,0.04999999999999999,730000,9856816
2139,165494,75,pair_002_n5_002_conflict,conflict,1,0,0,12.510000000000002,0.04999999999999999,730000,9861616
2140,165562,68,pair_002_n5_002_control,control,1,0,0,12.580000000000002,0.04999999999999999,730000,9865968
2141,165633,71,pair_006_n5_006_conflict,conflict,1,0,0,12.55,0.04999999999999999,730000,9870512
2142,165706,73,pair_004_n5_004_conflict,conflict,1,0,0,12.530000000000001,0.04999999999999999,730000,9875184
2143,165780,74,pair_013_n3_013_control,control,1,0,0,12.520000000000001,0.04999999999999999,730000,9879920
2144,165859,79,pair_013_n5_013_control,control,1,0,0,12.470000000000002,0.04999999999999999,730000,9884976
2145,165926,67,pair_007_n5_007_control,control,1,0,0,12.590000000000002,0.04999999999999999,730000,9889264
2146,166118,192,pair_000_n3_000_conflict,conflict,1,0,0,11.340000000000003,0.04999999999999999,730000,9901552
2147,166190,72,pair_006_n3_006_control,control,1,0,0,12.540000000000001,0.04999999999999999,730000,9906160
2148,166197,7,pair_011_n5_011_control,control,0,1,0,-0.86,0.04999999999999999,730000,9906608
2149,166273,76,pair_004_n5_004_control,control,1,0,0,12.500000000000002,0.04999999999999999,730000,9911472
2150,166345,72,pair_013_n5_013_conflict,conflict,1,0,0,12.540000000000001,0.04999999999999999,730000,9916080
2151,166415,70,pair_010_n3_010_conflict,conflict,1,0,0,12.560000000000002,0.04999999999999999,730000,9920560
2152,166483,68,pair_001_n3_001_conflict,conflict,1,0,0,12.580000000000002,0.04999999999999999,730000,9924912
2153,166553,70,pair_017_n5_017_control,control,1,0,0,12.560000000000002,0.04999999999999999,730000,9929392
2154,166624,71,pair_004_n3_004_conflict,conflict,1,0,0,12.55,0.04999999999999999,730000,9933936
2155,166626,2,pair_009_n5_009_control,control,0,1,0,-0.96,0.04999999999999999,730000,9934064
2156,166632,6,pair_015_n3_015_conflict,conflict,0,1,0,-0.85,0.04999999999999999,730000,9934448
2157,166704,72,pair_010_n5_010_control,control,1,0,0,12.540000000000001,0.04999999999999999,730000,9939056
2158,166774,70,pair_012_n5_012_control,control,1,0,0,12.560000000000002,0.04999999999999999,730000,9943536
2159,166845,71,pair_015_n5_015_conflict,conflict,1,0,0,12.55,0.04999999999999999,730000,9948080
2160,166913,68,pair_001_n5_001_control,control,1,0,0,12.580000000000002,0.04999999999999999,730000,9952432
2161,166990,77,pair_013_n5_013_conflict,conflict,1,0,0,12.490000000000002,0.04999999999999999,730000,9957360
2162,167061,71,pair_016_n5_016_control,control,1,0,0,12.55,0.04999999999999999,730000,9961904
2163,167129,68,pair_005_n5_005_control,control,1,0,0,12.580000000000002,0.04999999999999999,730000,9966256
2164,167197,68,pair_003_n5_003_control,control,1,0,0,12.580000000000002,0.04999999999999999,730000,9970608
2165,167272,75,pair_006_n5_006_control,control,1,0,0,12.510000000000002,0.04999999999999999,730000,9975408
2166,167341,69,pair_017_n5_017_control,control,1,0,0,12.570000000000002,0.04999999999999999,730000,9979824
2167,167411,70,pair_005_n3_005_conflict,conflict,1,0,0,12.560000000000002,0.04999999999999999,730000,9984304
2168,167484,73,pair_014_n3_014_conflict,conflict,1,0,0,12.530000000000001,0.04999999999999999,730000,9988976
2169,167560,76,pair_015_n5_015_conflict,conflict,1,0,0,12.500000000000002,0.04999999999999999,730000,9993840
2170,167632,72,pair_008_n5_008_control,control,1,0,0,12.540000000000001,0.04999999999999999,730000,9998448
2171,167702,70,pair_012_n3_012_conflict,conflict,1,0,0,12.560000000000002,0.04999999999999999,730000,10002928
2172,167716,14,pair_014_n5_014_conflict,conflict,0,1,0,-0.5800000000000001,0.04999999999999999,730000,10003824
2173,167787,71,pair_015_n3_015_control,control,1,0,0,12.55,0.04999999999999999,730000,10008368
2174,167858,71,pair_004_n5_004_conflict,conflict,1,0,0,12.55,0.04999999999999999,730000,10012912
2175,167927,69,pair_012_n3_012_control,control,1,0,0,12.570000000000002,0.04999999999999999,730000,10017328
2176,167995,68,pair_001_n5_001_conflict,conflict,1,0,0,12.580000000000002,0.04999999999999999,730000,10021680
2177,168068,73,pair_011_n3_011_control,control,1,0,0,12.530000000000001,0.04999999999999999,730000,10026352
2178,168137,69,pair_013_n5_013_control,control,1,0,0,12.570000000000002,0.04999999999999999,730000,10030768
2179,168208,71,pair_006_n5_006_conflict,conflict,1,0,0,12.55,0.04999999999999999,730000,10035312
2180,168278,70,pair_017_n5_017_conflict,conflict,1,0,0,12.560000000000002,0.04999999999999999,730000,10039792
2181,168350,72,pair_003_n3_003_conflict,conflict,1,0,0,12.540000000000001,0.04999999999999999,730000,10044400
2182,168422,72,pair_008_n3_008_control,control,1,0,0,12.540000000000001,0.04999999999999999,730000,10049008
2183,168494,72,pair_006_n3_006_conflict,conflict,1,0,0,12.540000000000003,0.04999999999999999,730000,10053616
2184,168568,74,pair_009_n5_009_conflict,conflict,1,0,0,12.520000000000001,0.04999999999999999,730000,10058352
2185,168640,72,pair_007_n5_007_conflict,conflict,1,0,0,12.540000000000001,0.04999999999999999,730000,10062960
2186,168711,71,pair_007_n3_007_conflict,conflict,1,0,0,12.55,0.04999999999999999,730000,10067504
2187,168784,73,pair_000_n5_000_conflict,conflict,1,0,0,12.530000000000001,0.04999999999999999,730000,10072176
2188,168851,67,pair_002_n5_002_control,control,1,0,0,12.590000000000002,0.04999999999999999,730000,10076464
2189,168919,68,pair_016_n3_016_conflict,conflict,1,0,0,12.580000000000002,0.04999999999999999,730000,10080816
2190,168993,74,pair_013_n3_013_conflict,conflict,1,0,0,12.520000000000001,0.04999999999999999,730000,10085552
2191,169063,70,pair_011_n5_011_control,control,1,0,0,12.560000000000002,0.04999999999999999,730000,10090032
2192,169132,69,pair_002_n5_002_conflict,conflict,1,0,0,12.570000000000002,0.04999999999999999,730000,10094448
2193,169200,68,pair_016_n5_016_conflict,conflict,1,0,0,12.580000000000002,0.04999999999999999,730000,10098800
2194,169272,72,pair_000_n5_000_control,control,1,0,0,12.540000000000001,0.04999999999999999,730000,10103408
2195,169286,14,pair_014_n3_014_control,control,0,1,0,-0.4800000000000001,0.04999999999999999,730000,10104304
2196,169355,69,pair_012_n5_012_control,control,1,0,0,12.570000000000002,0.04999999999999999,730000,10108720
2197,169427,72,pair_002_n3_002_conflict,conflict,1,0,0,12.540000000000001,0.04999999999999999,730000,10113328
2198,169497,70,pair_014_n5_014_control,control,1,0,0,12.560000000000002,0.04999999999999999,730000,10117808
2199,169563,66,pair_000_n3_000_conflict,conflict,1,0,0,12.600000000000001,0.04999999999999999,730000,10122032
2200,169632,69,pair_003_n5_003_conflict,conflict,1,0,0,12.570000000000002,0.04999999999999999,730000,10126448
2201,169704,72,pair_010_n5_010_control,control,1,0,0,12.540000000000003,0.04999999999999999,730000,10131056
2202,169772,68,pair_009_n5_009_control,control,1,0,0,12.580000000000002,0.04999999999999999,730000,10135408
2203,169838,66,pair_015_n3_015_conflict,conflict,1,0,0,12.600000000000001,0.04999999999999999,730000,10139632
2204,169907,69,pair_015_n5_015_control,control,1,0,0,12.570000000000002,0.04999999999999999,730000,10144048
2205,169978,71,pair_005_n5_005_conflict,conflict,0,1,0,1.5500000000000016,0.04999999999999999,730000,10148592
2206,170048,70,pair_010_n3_010_control,control,1,0,0,12.560000000000002,0.04999999999999999,730000,10153072
2207,170116,68,pair_003_n3_003_control,control,1,0,0,12.580000000000002,0.04999999999999999,730000,10157424
2208,170183,67,pair_009_n3_009_conflict,conflict,1,0,0,12.590000000000002,0.04999999999999999,730000,10161712
2209,170253,70,pair_013_n3_013_control,control,1,0,0,12.560000000000002,0.04999999999999999,730000,10166192
2210,170319,66,pair_010_n3_010_conflict,conflict,1,0,0,12.600000000000001,0.04999999999999999,730000,10170416
2211,170391,72,pair_007_n5_007_control,control,1,0,0,12.540000000000001,0.04999999999999999,730000,10175024
2212,170458,67,pair_004_n3_004_control,control,1,0,0,12.590000000000002,0.04999999999999999,730000,10179312
2213,170532,74,pair_016_n3_016_control,control,1,0,0,12.520000000000001,0.04999999999999999,730000,10184048
2214,170602,70,pair_006_n3_006_control,control,1,0,0,12.560000000000002,0.04999999999999999,730000,10188528
2215,170673,71,pair_008_n5_008_conflict,conflict,1,0,0,12.55,0.04999999999999999,730000,10193072
2216,170741,68,pair_000_n3_000_control,control,1,0,0,12.580000000000002,0.04999999999999999,730000,10197424
2217,170808,67,pair_009_n3_009_control,control,1,0,0,12.590000000000002,0.04999999999999999,730000,10201712
2218,170913,105,pair_004_n3_004_conflict,conflict,1,0,0,12.210000000000004,0.04999999999999999,730000,10208432
2219,170981,68,pair_002_n3_002_control,control,1,0,0,12.580000000000002,0.04999999999999999,730000,10212784
2220,171053,72,pair_010_n5_010_conflict,conflict,1,0,0,12.540000000000003,0.04999999999999999,730000,10217392
2221,171123,70,pair_007_n3_007_control,control,1,0,0,12.560000000000002,0.04999999999999999,730000,10221872
2222,171192,69,pair_008_n3_008_conflict,conflict,1,0,0,12.570000000000002,0.04999999999999999,730000,10226288
2223,171263,71,pair_017_n3_017_conflict,conflict,1,0,0,12.55,0.04999999999999999,730000,10230832
2224,171329,66,pair_001_n3_001_control,control,1,0,0,12.600000000000001,0.04999999999999999,730000,10235056
2225,171397,68,pair_011_n5_011_conflict,conflict,1,0,0,12.580000000000002,0.04999999999999999,730000,10239408
2226,171471,74,pair_012_n5_012_conflict,conflict,1,0,0,12.520000000000001,0.04999999999999999,730000,10244144
2227,171545,74,pair_004_n5_004_control,control,1,0,0,12.520000000000001,0.04999999999999999,730000,10248880
2228,171615,70,pair_001_n3_001_conflict,conflict,1,0,0,12.560000000000002,0.04999999999999999,730000,10253360
2229,171684,69,pair_005_n3_005_control,control,1,0,0,12.570000000000002,0.04999999999999999,730000,10257776
2230,171755,71,pair_011_n3_011_conflict,conflict,1,0,0,12.55,0.04999999999999999,730000,10262320
2231,171826,71,pair_017_n3_017_control,control,1,0,0,12.55,0.04999999999999999,730000,10266864
2232,171896,70,pair_009_n3_009_conflict,conflict,1,0,0,12.560000000000002,0.04999999999999999,730000,10271344
2233,171964,68,pair_005_n5_005_control,control,1,0,0,12.580000000000002,0.04999999999999999,730000,10275696
2234,172036,72,pair_007_n3_007_conflict,conflict,1,0,0,12.540000000000001,0.04999999999999999,730000,10280304
2235,172112,76,pair_001_n5_001_conflict,conflict,1,0,0,12.500000000000002,0.04999999999999999,730000,10285168
2236,172181,69,pair_011_n5_011_control,control,1,0,0,12.570000000000002,0.04999999999999999,730000,10289584
2237,172250,69,pair_010_n3_010_control,control,1,0,0,12.570000000000002,0.04999999999999999,730000,10294000
2238,172325,75,pair_001_n5_001_control,control,1,0,0,12.510000000000002,0.04999999999999999,730000,10298800
2239,172391,66,pair_012_n3_012_conflict,conflict,1,0,0,12.600000000000001,0.04999999999999999,730000,10303024
2240,172460,69,pair_016_n5_016_control,control,1,0,0,12.570000000000002,0.04999999999999999,730000,10307440
2241,172537,77,pair_004_n3_004_control,control,1,0,0,12.490000000000002,0.04999999999999999,730000,10312368
2242,172603,66,pair_010_n3_010_conflict,conflict,1,0,0,12.600000000000001,0.04999999999999999,730000,10316592
2243,172624,21,pair_012_n5_012_control,control,0,1,0,-0.19999999999999984,0.04999999999999999,730000,10317936
2244,172691,67,pair_002_n5_002_control,control,1,0,0,12.590000000000002,0.04999999999999999,730000,10322224
2245,172759,68,pair_011_n3_011_conflict,conflict,1,0,0,12.580000000000002,0.04999999999999999,730000,10326576
2246,172827,68,pair_013_n5_013_control,control,1,0,0,12.580000000000002,0.04999999999999999,730000,10330928
2247,172896,69,pair_015_n5_015_conflict,conflict,1,0,0,12.570000000000002,0.04999999999999999,730000,10335344
2248,172969,73,pair_006_n3_006_conflict,conflict,1,0,0,12.530000000000001,0.04999999999999999,730000,10340016
2249,173038,69,pair_002_n3_002_conflict,conflict,1,0,0,12.570000000000002,0.04999999999999999,730000,10344432
2250,173104,66,pair_000_n3_000_conflict,conflict,1,0,0,12.600000000000001,0.04999999999999999,730000,10348656
2251,173170,66,pair_000_n5_000_conflict,conflict,1,0,0,12.600000000000001,0.04999999999999999,730000,10352880
2252,173238,68,pair_014_n3_014_conflict,conflict,1,0,0,12.580000000000002,0.04999999999999999,730000,10357232
2253,173314,76,pair_006_n5_006_conflict,conflict,1,0,0,12.500000000000002,0.04999999999999999,730000,10362096
2254,173383,69,pair_013_n5_013_conflict,conflict,1,0,0,12.570000000000002,0.04999999999999999,730000,10366512
2255,173458,75,pair_014_n5_014_conflict,conflict,1,0,0,12.510000000000002,0.04999999999999999,730000,10371312
2256,173532,74,pair_013_n3_013_conflict,conflict,1,0,0,12.520000000000001,0.04999999999999999,730000,10376048
2257,173602,70,pair_008_n3_008_control,control,1,0,0,12.560000000000002,0.04999999999999999,730000,10380528
2258,173670,68,pair_014_n5_014_control,control,1,0,0,12.580000000000002,0.04999999999999999,730000,10384880
2259,173738,68,pair_016_n3_016_conflict,conflict,1,0,0,12.580000000000002,0.04999999999999999,730000,10389232
2260,173809,71,pair_006_n3_006_control,control,1,0,0,12.55,0.04999999999999999,730000,10393776
2261,173880,71,pair_004_n5_004_control,control,1,0,0,12.55,0.04999999999999999,730000,10398320
2262,173952,72,pair_007_n5_007_conflict,conflict,1,0,0,12.540000000000001,0.04999999999999999,730000,10402928
2263,174021,69,pair_012_n5_012_conflict,conflict,1,0,0,12.570000000000002,0.04999999999999999,730000,10407344
2264,174090,69,pair_007_n3_007_control,control,1,0,0,12.570000000000002,0.04999999999999999,730000,10411760
2265,174162,72,pair_009_n5_009_conflict,conflict,1,0,0,12.540000000000001,0.04999999999999999,730000,10416368
2266,174234,72,pair_003_n3_003_conflict,conflict,1,0,0,12.540000000000001,0.04999999999999999,730000,10420976
2267,174309,75,pair_001_n3_001_control,control,1,0,0,12.510000000000002,0.04999999999999999,730000,10425776
2268,174377,68,pair_002_n3_002_control,control,1,0,0,12.580000000000002,0.04999999999999999,730000,10430128
2269,174444,67,pair_005_n3_005_control,control,1,0,0,12.590000000000002,0.04999999999999999,730000,10434416
2270,174511,67,pair_015_n3_015_control,control,1,0,0,12.590000000000002,0.04999999999999999,730000,10438704
2271,174579,68,pair_017_n3_017_conflict,conflict,1,0,0,12.580000000000002,0.04999999999999999,730000,10443056
2272,174652,73,pair_008_n5_008_conflict,conflict,1,0,0,12.530000000000001,0.04999999999999999,730000,10447728
2273,174719,67,pair_007_n5_007_control,control,1,0,0,12.590000000000002,0.04999999999999999,730000,10452016
2274,174791,72,pair_000_n5_000_control,control,1,0,0,12.540000000000001,0.04999999999999999,730000,10456624
2275,174865,74,pair_003_n3_003_control,control,1,0,0,12.520000000000001,0.04999999999999999,730000,10461360
2276,174933,68,pair_015_n5_015_control,control,1,0,0,12.580000000000002,0.04999999999999999,730000,10465712
2277,175001,68,pair_005_n3_005_conflict,conflict,0,1,0,1.5300000000000016,0.04999999999999999,730000,10470064
2278,175070,69,pair_004_n5_004_conflict,conflict,1,0,0,12.570000000000002,0.04999999999999999,730000,10474480
2279,175143,73,pair_008_n5_008_control,control,1,0,0,12.530000000000001,0.04999999999999999,730000,10479152
2280,175214,71,pair_014_n3_014_control,control,1,0,0,12.55,0.04999999999999999,730000,10483696
2281,175283,69,pair_013_n3_013_control,control,1,0,0,12.570000000000002,0.04999999999999999,730000,10488112
2282,175358,75,pair_017_n5_017_conflict,conflict,1,0,0,12.510000000000002,0.04999999999999999,730000,10492912
2283,175429,71,pair_008_n3_008_conflict,conflict,1,0,0,12.55,0.04999999999999999,730000,10497456
2284,175501,72,pair_003_n5_003_conflict,conflict,1,0,0,12.540000000000003,0.04999999999999999,730000,10502064
2285,175571,70,pair_005_n5_005_conflict,conflict,1,0,0,12.560000000000002,0.04999999999999999,730000,10506544
2286,175647,76,pair_011_n5_011_conflict,conflict,1,0,0,12.500000000000002,0.04999999999999999,730000,10511408
2287,175717,70,pair_016_n5_016_conflict,conflict,1,0,0,12.560000000000002,0.04999999999999999,730000,10515888
2288,175784,67,pair_004_n3_004_conflict,conflict,1,0,0,12.590000000000002,0.04999999999999999,730000,10520176
2289,175852,68,pair_001_n3_001_conflict,conflict,1,0,0,12.580000000000002,0.04999999999999999,730000,10524528
2290,175923,71,pair_009_n3_009_control,control,1,0,0,12.55,0.04999999999999999,730000,10529072
2291,175995,72,pair_012_n3_012_control,control,1,0,0,12.540000000000001,0.04999999999999999,730000,10533680
2292,176062,67,pair_003_n5_003_control,control,1,0,0,12.590000000000002,0.04999999999999999,730000,10537968
2293,176113,51,pair_006_n5_006_control,control,0,1,0,0.5500000000000007,0.04999999999999999,730000,10541232
2294,176181,68,pair_017_n3_017_control,control,1,0,0,12.580000000000002,0.04999999999999999,730000,10545584
2295,176252,71,pair_017_n5_017_control,control,1,0,0,12.55,0.04999999999999999,730000,10550128
2296,176328,76,pair_000_n3_000_control,control,1,0,0,12.500000000000002,0.04999999999999999,730000,10554992
2297,176399,71,pair_016_n3_016_control,control,1,0,0,12.55,0.04999999999999999,730000,10559536
2298,176467,68,pair_002_n5_002_conflict,conflict,1,0,0,12.580000000000002,0.04999999999999999,730000,10563888
2299,176537,70,pair_009_n5_009_control,control,1,0,0,12.560000000000002,0.04999999999999999,730000,10568368
2300,176544,7,pair_015_n3_015_conflict,conflict,0,1,0,-0.86,0.04999999999999999,730000,10568816
2301,176613,69,pair_010_n5_010_control,control,1,0,0,12.570000000000002,0.04999999999999999,730000,10573232
2302,176681,68,pair_010_n5_010_conflict,conflict,1,0,0,12.580000000000002,0.04999999999999999,730000,10577584
2303,176751,70,pair_011_n3_011_control,control,1,0,0,12.560000000000002,0.04999999999999999,730000,10582064
2304,176823,72,pair_010_n5_010_conflict,conflict,1,0,0,12.540000000000001,0.04999999999999999,730000,10586672
2305,176893,70,pair_006_n5_006_control,control,1,0,0,12.560000000000002,0.04999999999999999,730000,10591152
2306,176963,70,pair_012_n3_012_conflict,conflict,1,0,0,12.560000000000002,0.04999999999999999,730000,10595632
2307,177040,77,pair_006_n5_006_conflict,conflict,1,0,0,12.490000000000002,0.04999999999999999,730000,10600560
2308,177107,67,pair_008_n5_008_control,control,1,0,0,12.590000000000002,0.04999999999999999,730000,10604848
2309,177181,74,pair_004_n3_004_conflict,conflict,0,1,0,1.5200000000000014,0.04999999999999999,730000,10609584
2310,177247,66,pair_015_n5_015_control,control,1,0,0,12.600000000000001,0.04999999999999999,730000,10613808
2311,177320,73,pair_008_n3_008_control,control,1,0,0,12.530000000000001,0.04999999999999999,730000,10618480
2312,177388,68,pair_014_n3_014_conflict,conflict,1,0,0,12.580000000000002,0.04999999999999999,730000,10622832
2313,177395,7,pair_016_n5_016_control,control,0,1,0,-0.76,0.04999999999999999,730000,10623280
2314,177463,68,pair_004_n5_004_conflict,conflict,1,0,0,12.580000000000002,0.04999999999999999,730000,10627632
2315,177530,67,pair_013_n5_013_control,control,1,0,0,12.590000000000002,0.04999999999999999,730000,10631920
2316,177598,68,pair_005_n5_005_control,control,1,0,0,12.580000000000002,0.04999999999999999,730000,10636272
2317,177668,70,pair_009_n3_009_conflict,conflict,1,0,0,12.560000000000002,0.04999999999999999,730000,10640752
2318,177743,75,pair_014_n5_014_conflict,conflict,1,0,0,12.510000000000002,0.04999999999999999,730000,10645552
2319,177810,67,pair_006_n3_006_control,control,1,0,0,12.590000000000002,0.04999999999999999,730000,10649840
2320,177878,68,pair_000_n5_000_conflict,conflict,1,0,0,12.580000000000002,0.04999999999999999,730000,10654192
2321,177947,69,pair_017_n5_017_control,control,1,0,0,12.570000000000002,0.04999999999999999,730000,10658608
2322,178018,71,pair_015_n3_015_control,control,1,0,0,12.55,0.04999999999999999,730000,10663152
2323,178084,66,pair_007_n3_007_control,control,1,0,0,12.600000000000001,0.04999999999999999,730000,10667376
2324,178150,66,pair_001_n5_001_conflict,conflict,1,0,0,12.600000000000001,0.04999999999999999,730000,10671600
2325,178219,69,pair_008_n5_008_conflict,conflict,1,0,0,12.570000000000002,0.04999999999999999,730000,10676016
2326,178293,74,pair_017_n5_017_conflict,conflict,1,0,0,12.520000000000001,0.04999999999999999,730000,10680752
2327,178365,72,pair_000_n3_000_conflict,conflict,1,0,0,12.540000000000003,0.04999999999999999,730000,10685360
2328,178434,69,pair_005_n3_005_control,control,1,0,0,12.570000000000002,0.04999999999999999,730000,10689776
2329,178502,68,pair_012_n3_012_control,control,1,0,0,12.580000000000002,0.04999999999999999,730000,10694128
2330,178575,73,pair_001_n3_001_conflict,conflict,1,0,0,12.530000000000001,0.04999999999999999,730000,10698800
2331,178643,68,pair_010_n3_010_control,control,1,0,0,12.580000000000002,0.04999999999999999,730000,10703152
2332,178710,67,pair_004_n3_004_control,control,1,0,0,12.590000000000002,0.04999999999999999,730000,10707440
2333,178783,73,pair_011_n5_011_conflict,conflict,1,0,0,12.530000000000001,0.04999999999999999,730000,10712112
2334,178857,74,pair_013_n3_013_control,control,1,0,0,12.520000000000001,0.04999999999999999,730000,10716848
2335,178932,75,pair_014_n3_014_control,control,1,0,0,12.510000000000002,0.04999999999999999,730000,10721648
2336,179009,77,pair_012_n5_012_control,control,1,0,0,12.490000000000002,0.04999999999999999,730000,10726576
2337,179082,73,pair_016_n3_016_conflict,conflict,1,0,0,12.530000000000001,0.04999999999999999,730000,10731248
2338,179156,74,pair_013_n5_013_conflict,conflict,1,0,0,12.520000000000001,0.04999999999999999,730000,10735984
2339,179225,69,pair_003_n5_003_conflict,conflict,1,0,0,12.570000000000002,0.04999999999999999,730000,10740400
2340,179292,67,pair_009_n5_009_control,control,1,0,0,12.590000000000002,0.04999999999999999,730000,10744688
2341,179358,66,pair_014_n5_014_control,control,1,0,0,12.600000000000001,0.04999999999999999,730000,10748912
2342,179431,73,pair_015_n3_015_conflict,conflict,1,0,0,12.530000000000001,0.04999999999999999,730000,10753584
2343,179503,72,pair_016_n3_016_control,control,1,0,0,12.540000000000001,0.04999999999999999,730000,10758192
2344,179573,70,pair_008_n3_008_conflict,conflict,1,0,0,12.560000000000002,0.04999999999999999,730000,10762672
2345,179648,75,pair_005_n3_005_conflict,conflict,1,0,0,12.510000000000002,0.04999999999999999,730000,10767472
2346,179715,67,pair_007_n5_007_control,control,1,0,0,12.590000000000002,0.04999999999999999,730000,10771760
2347,179785,70,pair_001_n5_001_control,control,1,0,0,12.560000000000002,0.04999999999999999,730000,10776240
2348,179791,6,pair_002_n3_002_conflict,conflict,0,1,0,-0.85,0.04999999999999999,730000,10776624
2349,179861,70,pair_011_n5_011_control,control,1,0,0,12.560000000000002,0.04999999999999999,730000,10781104
2350,179929,68,pair_011_n3_011_conflict,conflict,1,0,0,12.580000000000002,0.04999999999999999,730000,10785456
2351,179996,67,pair_017_n3_017_conflict,conflict,1,0,0,12.590000000000002,0.04999999999999999,730000,10789744
2352,180063,67,pair_009_n3_009_control,control,1,0,0,12.590000000000002,0.04999999999999999,730000,10794032
2353,180129,66,pair_000_n3_000_control,control,1,0,0,12.600000000000001,0.04999999999999999,730000,10798256
2354,180229,100,pair_004_n5_004_control,control,1,0,0,12.260000000000002,0.04999999999999999,730000,10804656
2355,180308,79,pair_010_n3_010_conflict,conflict,1,0,0,12.470000000000002,0.04999999999999999,730000,10809712
2356,180376,68,pair_013_n3_013_conflict,conflict,1,0,0,12.580000000000002,0.04999999999999999,730000,10814064
2357,180453,77,pair_002_n5_002_conflict,conflict,1,0,0,12.490000000000002,0.04999999999999999,730000,10818992
2358,180526,73,pair_006_n3_006_conflict,conflict,1,0,0,12.530000000000001,0.04999999999999999,730000,10823664
2359,180599,73,pair_015_n5_015_conflict,conflict,1,0,0,12.530000000000001,0.04999999999999999,730000,10828336
2360,180668,69,pair_007_n3_007_conflict,conflict,1,0,0,12.570000000000002,0.04999999999999999,730000,10832752
2361,180742,74,pair_012_n5_012_conflict,conflict,1,0,0,12.520000000000001,0.04999999999999999,730000,10837488
2362,180823,81,pair_016_n5_016_conflict,conflict,1,0,0,12.450000000000001,0.04999999999999999,730000,10842672
2363,180893,70,pair_009_n5_009_conflict,conflict,1,0,0,12.560000000000002,0.04999999999999999,730000,10847152
2364,180962,69,pair_007_n5_007_conflict,conflict,1,0,0,12.570000000000002,0.04999999999999999,730000,10851568
2365,181028,66,pair_017_n3_017_control,control,1,0,0,12.600000000000001,0.04999999999999999,730000,10855792
2366,181096,68,pair_001_n3_001_control,control,1,0,0,12.580000000000002,0.04999999999999999,730000,10860144
2367,181170,74,pair_003_n5_003_control,control,1,0,0,12.520000000000001,0.04999999999999999,730000,10864880
2368,181238,68,pair_005_n5_005_conflict,conflict,1,0,0,12.580000000000002,0.04999999999999999,730000,10869232
2369,181315,77,pair_011_n3_011_control,control,1,0,0,12.490000000000002,0.04999999999999999,730000,10874160
2370,181389,74,pair_003_n3_003_conflict,conflict,1,0,0,12.520000000000001,0.04999999999999999,730000,10878896
2371,181457,68,pair_000_n5_000_control,control,1,0,0,12.580000000000002,0.04999999999999999,730000,10883248
2372,181529,72,pair_002_n5_002_control,control,1,0,0,12.540000000000001,0.04999999999999999,730000,10887856
2373,181611,82,pair_003_n3_003_control,control,1,0,0,12.440000000000001,0.04999999999999999,730000,10893104
2374,181681,70,pair_002_n3_002_control,control,1,0,0,12.560000000000002,0.04999999999999999,730000,10897584
2375,181750,69,pair_010_n5_010_control,control,1,0,0,12.570000000000002,0.04999999999999999,730000,10902000
2376,181821,71,pair_013_n3_013_conflict,conflict,1,0,0,12.55,0.04999999999999999,730000,10906544
2377,181892,71,pair_014_n3_014_conflict,conflict,1,0,0,12.55,0.04999999999999999,730000,10911088
2378,181958,66,pair_000_n5_000_conflict,conflict,1,0,0,12.600000000000001,0.04999999999999999,730000,10915312
2379,182030,72,pair_002_n5_002_control,control,1,0,0,12.540000000000001,0.04999999999999999,730000,10919920
2380,182102,72,pair_010_n3_010_control,control,1,0,0,12.540000000000001,0.04999999999999999,730000,10924528
2381,182168,66,pair_011_n5_011_conflict,conflict,1,0,0,12.600000000000001,0.04999999999999999,730000,10928752
2382,182237,69,pair_016_n3_016_conflict,conflict,1,0,0,12.570000000000002,0.04999999999999999,730000,10933168
2383,182309,72,pair_009_n5_009_conflict,conflict,1,0,0,12.540000000000001,0.04999999999999999,730000,10937776
2384,182377,68,pair_004_n5_004_control,control,1,0,0,12.580000000000002,0.04999999999999999,730000,10942128
2385,182443,66,pair_006_n3_006_conflict,conflict,1,0,0,12.600000000000001,0.04999999999999999,730000,10946352
2386,182513,70,pair_004_n5_004_conflict,conflict,1,0,0,12.560000000000002,0.04999999999999999,730000,10950832
2387,182585,72,pair_005_n5_005_control,control,1,0,0,12.540000000000003,0.04999999999999999,730000,10955440
2388,182602,17,pair_003_n5_003_conflict,conflict,0,1,0,-0.36,0.04999999999999999,730000,10956528
2389,182679,77,pair_017_n3_017_control,control,1,0,0,12.490000000000002,0.04999999999999999,730000,10961456
2390,182755,76,pair_017_n5_017_conflict,conflict,1,0,0,12.500000000000002,0.04999999999999999,730000,10966320
2391,182867,112,pair_012_n5_012_conflict,conflict,1,0,0,12.14,0.04999999999999999,730000,10973488
2392,182871,4,pair_014_n3_014_control,control,0,1,0,-0.88,0.04999999999999999,730000,10973744
2393,182943,72,pair_014_n5_014_control,control,1,0,0,12.540000000000001,0.04999999999999999,730000,10978352
2394,183011,68,pair_004_n3_004_conflict,conflict,1,0,0,12.580000000000002,0.04999999999999999,730000,10982704
2395,183084,73,pair_011_n5_011_control,control,1,0,0,12.530000000000001,0.04999999999999999,730000,10987376
2396,183150,66,pair_000_n5_000_control,control,1,0,0,12.600000000000001,0.04999999999999999,730000,10991600
2397,183219,69,pair_012_n3_012_control,control,1,0,0,12.570000000000002,0.04999999999999999,730000,10996016
2398,183289,70,pair_010_n5_010_conflict,conflict,1,0,0,12.560000000000002,0.04999999999999999,730000,11000496
2399,183360,71,pair_006_n5_006_conflict,conflict,1,0,0,12.55,0.04999999999999999,730000,11005040
2400,183428,68,pair_001_n5_001_conflict,conflict,1,0,0,12.580000000000002,0.04999999999999999,730000,11009392
2401,183495,67,pair_003_n3_003_control,control,1,0,0,12.590000000000002,0.04999999999999999,730000,11013680
2402,183576,81,pair_002_n3_002_conflict,conflict,1,0,0,12.450000000000001,0.04999999999999999,730000,11018864
2403,183648,72,pair_008_n3_008_control,control,1,0,0,12.540000000000001,0.04999999999999999,730000,11023472
2404,183716,68,pair_013_n5_013_control,control,1,0,0,12.580000000000002,0.04999999999999999,730000,11027824
2405,183788,72,pair_004_n3_004_control,control,1,0,0,12.540000000000001,0.04999999999999999,730000,11032432
2406,183861,73,pair_000_n3_000_conflict,conflict,1,0,0,12.530000000000001,0.04999999999999999,730000,11037104
2407,183934,73,pair_009_n3_009_control,control,1,0,0,12.530000000000001,0.04999999999999999,730000,11041776
2408,184004,70,pair_015_n3_015_conflict,conflict,1,0,0,12.560000000000002,0.04999999999999999,730000,11046256
2409,184076,72,pair_012_n3_012_conflict,conflict,1,0,0,12.540000000000001,0.04999999999999999,730000,11050864
2410,184145,69,pair_010_n5_010_control,control,1,0,0,12.570000000000002,0.04999999999999999,730000,11055280
2411,184213,68,pair_009_n3_009_conflict,conflict,1,0,0,12.580000000000002,0.04999999999999999,730000,11059632
2412,184290,77,pair_013_n5_013_conflict,conflict,1,0,0,12.490000000000002,0.04999999999999999,730000,11064560
2413,184359,69,pair_010_n3_010_conflict,conflict,1,0,0,12.570000000000002,0.04999999999999999,730000,11068976
2414,184430,71,pair_005_n5_005_conflict,conflict,1,0,0,12.55,0.04999999999999999,730000,11073520
2415,184498,68,pair_001_n3_001_control,control,1,0,0,12.580000000000002,0.04999999999999999,730000,11077872
2416,184570,72,pair_007_n3_007_control,control,1,0,0,12.540000000000001,0.04999999999999999,730000,11082480
2417,184640,70,pair_013_n3_013_control,control,1,0,0,12.560000000000002,0.04999999999999999,730000,11086960
2418,184708,68,pair_007_n5_007_control,control,1,0,0,12.580000000000002,0.04999999999999999,730000,11091312
2419,184788,80,pair_003_n5_003_control,control,1,0,0,12.46,0.04999999999999999,730000,11096432
2420,184856,68,pair_006_n3_006_control,control,1,0,0,12.580000000000002,0.04999999999999999,730000,11100784
2421,184936,80,pair_015_n5_015_conflict,conflict,1,0,0,12.46,0.04999999999999999,730000,11105904
2422,185006,70,pair_007_n5_007_conflict,conflict,1,0,0,12.560000000000002,0.04999999999999999,730000,11110384
2423,185075,69,pair_017_n3_017_conflict,conflict,1,0,0,12.570000000000002,0.04999999999999999,730000,11114800
2424,185144,69,pair_012_n5_012_control,control,1,0,0,12.570000000000002,0.04999999999999999,730000,11119216
2425,185222,78,pair_007_n3_007_conflict,conflict,1,0,0,12.48,0.04999999999999999,730000,11124208
2426,185288,66,pair_015_n3_015_control,control,1,0,0,12.600000000000001,0.04999999999999999,730000,11128432
2427,185369,81,pair_002_n5_002_conflict,conflict,1,0,0,12.450000000000001,0.04999999999999999,730000,11133616
2428,185439,70,pair_003_n3_003_conflict,conflict,1,0,0,12.560000000000002,0.04999999999999999,730000,11138096
2429,185508,69,pair_017_n5_017_control,control,1,0,0,12.570000000000002,0.04999999999999999,730000,11142512
2430,185580,72,pair_008_n3_008_conflict,conflict,1,0,0,12.540000000000001,0.04999999999999999,730000,11147120
2431,185600,20,pair_005_n3_005_control,control,0,1,0,-0.39,0.04999999999999999,730000,11148400
2432,185668,68,pair_009_n5_009_control,control,1,0,0,12.580000000000002,0.04999999999999999,730000,11152752
2433,185737,69,pair_016_n3_016_control,control,1,0,0,12.570000000000002,0.04999999999999999,730000,11157168
2434,185803,66,pair_001_n5_001_control,control,1,0,0,12.600000000000001,0.04999999999999999,730000,11161392
2435,185873,70,pair_016_n5_016_conflict,conflict,1,0,0,12.560000000000002,0.04999999999999999,730000,11165872
2436,185945,72,pair_008_n5_008_control,control,1,0,0,12.540000000000001,0.04999999999999999,730000,11170480
2437,186011,66,pair_011_n3_011_conflict,conflict,1,0,0,12.600000000000001,0.04999999999999999,730000,11174704
2438,186089,78,pair_006_n5_006_control,control,1,0,0,12.48,0.04999999999999999,730000,11179696
2439,186159,70,pair_005_n3_005_conflict,conflict,1,0,0,12.560000000000002,0.04999999999999999,730000,11184176
2440,186227,68,pair_002_n3_002_control,control,1,0,0,12.580000000000002,0.04999999999999999,730000,11188528
2441,186296,69,pair_000_n3_000_control,control,1,0,0,12.570000000000002,0.04999999999999999,730000,11192944
2442,186364,68,pair_008_n5_008_conflict,conflict,1,0,0,12.580000000000002,0.04999999999999999,730000,11197296
2443,186434,70,pair_001_n3_001_conflict,conflict,1,0,0,12.560000000000002,0.04999999999999999,730000,11201776
2444,186504,70,pair_011_n3_011_control,control,1,0,0,12.560000000000002,0.04999999999999999,730000,11206256
2445,186571,67,pair_016_n5_016_control,control,1,0,0,12.590000000000002,0.04999999999999999,730000,11210544
2446,186648,77,pair_015_n5_015_control,control,1,0,0,12.490000000000002,0.04999999999999999,730000,11215472
2447,186665,17,pair_014_n5_014_conflict,conflict,0,1,0,-0.5100000000000001,0.04999999999999999,730000,11216560
2448,186733,68,pair_015_n5_015_control,control,1,0,0,12.580000000000002,0.04999999999999999,730000,11220912
2449,186800,67,pair_016_n5_016_control,control,1,0,0,12.590000000000002,0.04999999999999999,730000,11225200
2450,186870,70,pair_009_n3_009_control,control,1,0,0,12.560000000000002,0.04999999999999999,730000,11229680
2451,186938,68,pair_010_n3_010_control,control,1,0,0,12.580000000000002,0.04999999999999999,730000,11234032
2452,187017,79,pair_012_n3_012_conflict,conflict,1,0,0,12.470000000000002,0.04999999999999999,730000,11239088
2453,187087,70,pair_016_n3_016_control,control,1,0,0,12.560000000000002,0.04999999999999999,730000,11243568
2454,187175,88,pair_015_n5_015_conflict,conflict,1,0,0,12.38,0.04999999999999999,730000,11249200
2455,187241,66,pair_010_n3_010_conflict,conflict,1,0,0,12.600000000000001,0.04999999999999999,730000,11253424
2456,187313,72,pair_006_n3_006_conflict,conflict,1,0,0,12.540000000000003,0.04999999999999999,730000,11258032
2457,187382,69,pair_004_n3_004_control,control,1,0,0,12.570000000000002,0.04999999999999999,730000,11262448
2458,187448,66,pair_010_n5_010_control,control,1,0,0,12.600000000000001,0.04999999999999999,730000,11266672
2459,187519,71,pair_014_n3_014_conflict,conflict,1,0,0,12.55,0.04999999999999999,730000,11271216
2460,187596,77,pair_017_n5_017_control,control,1,0,0,12.490000000000002,0.04999999999999999,730000,11276144
2461,187669,73,pair_011_n5_011_control,control,1,0,0,12.530000000000001,0.04999999999999999,730000,11280816
2462,187742,73,pair_011_n3_011_conflict,conflict,1,0,0,12.530000000000001,0.04999999999999999,730000,11285488
2463,187810,68,pair_005_n5_005_conflict,conflict,1,0,0,12.580000000000002,0.04999999999999999,730000,11289840
2464,187876,66,pair_014_n3_014_control,control,1,0,0,12.600000000000001,0.04999999999999999,730000,11294064
2465,187942,66,pair_002_n3_002_control,control,1,0,0,12.600000000000001,0.04999999999999999,730000,11298288
2466,188015,73,pair_017_n5_017_conflict,conflict,1,0,0,12.530000000000001,0.04999999999999999,730000,11302960
2467,188087,72,pair_012_n5_012_control,control,1,0,0,12.540000000000001,0.04999999999999999,730000,11307568
2468,188159,72,pair_017_n3_017_control,control,1,0,0,12.540000000000001,0.04999999999999999,730000,11312176
2469,188226,67,pair_001_n3_001_control,control,1,0,0,12.590000000000002,0.04999999999999999,730000,11316464
2470,188295,69,pair_000_n3_000_control,control,1,0,0,12.570000000000002,0.04999999999999999,730000,11320880
2471,188365,70,pair_009_n5_009_conflict,conflict,1,0,0,12.560000000000002,0.04999999999999999,730000,11325360
2472,188435,70,pair_006_n3_006_control,control,1,0,0,12.560000000000002,0.04999999999999999,730000,11329840
2473,188507,72,pair_014_n5_014_conflict,conflict,1,0,0,12.540000000000001,0.04999999999999999,730000,11334448
2474,188577,70,pair_002_n5_002_control,control,1,0,0,12.560000000000002,0.04999999999999999,730000,11338928
2475,188651,74,pair_003_n5_003_conflict,conflict,1,0,0,12.520000000000001,0.04999999999999999,730000,11343664
2476,188727,76,pair_002_n5_002_conflict,conflict,1,0,0,12.500000000000002,0.04999999999999999,730000,11348528
2477,188797,70,pair_012_n3_012_control,control,1,0,0,12.560000000000002,0.04999999999999999,730000,11353008
2478,188868,71,pair_007_n3_007_control,control,1,0,0,12.55,0.04999999999999999,730000,11357552
2479,188949,81,pair_000_n5_000_conflict,conflict,1,0,0,12.450000000000001,0.04999999999999999,730000,11362736
2480,188954,5,pair_016_n3_016_conflict,conflict,0,1,0,-0.84,0.04999999999999999,730000,11363056
2481,189026,72,pair_004_n3_004_conflict,conflict,1,0,0,12.540000000000001,0.04999999999999999,730000,11367664
2482,189047,21,pair_006_n5_006_conflict,conflict,0,1,0,-0.5000000000000001,0.04999999999999999,730000,11369008
2483,189117,70,pair_006_n5_006_control,control,1,0,0,12.560000000000002,0.04999999999999999,730000,11373488
2484,189193,76,pair_012_n5_012_conflict,conflict,1,0,0,12.500000000000002,0.04999999999999999,730000,11378352
2485,189268,75,pair_016_n5_016_conflict,conflict,1,0,0,12.510000000000002,0.04999999999999999,730000,11383152
2486,189337,69,pair_007_n5_007_control,control,1,0,0,12.570000000000002,0.04999999999999999,730000,11387568
2487,189408,71,pair_009_n5_009_control,control,1,0,0,12.55,0.04999999999999999,730000,11392112
2488,189477,69,pair_004_n5_004_conflict,conflict,1,0,0,12.570000000000002,0.04999999999999999,730000,11396528
2489,189549,72,pair_001_n5_001_conflict,conflict,1,0,0,12.540000000000001,0.04999999999999999,730000,11401136
2490,189617,68,pair_005_n3_005_control,control,1,0,0,12.580000000000002,0.04999999999999999,730000,11405488
2491,189693,76,pair_009_n3_009_conflict,conflict,1,0,0,12.500000000000002,0.04999999999999999,730000,11410352
2492,189699,6,pair_008_n5_008_conflict,conflict,0,1,0,-0.8,0.04999999999999999,730000,11410736
2493,189767,68,pair_010_n5_010_conflict,conflict,1,0,0,12.580000000000002,0.04999999999999999,730000,11415088
2494,189839,72,pair_003_n3_003_control,control,1,0,0,12.540000000000003,0.04999999999999999,730000,11419696
2495,189911,72,pair_008_n3_008_control,control,1,0,0,12.540000000000001,0.04999999999999999,730000,11424304
2496,189983,72,pair_004_n5_004_control,control,1,0,0,12.540000000000003,0.04999999999999999,730000,11428912
2497,190052,69,pair_003_n5_003_control,control,1,0,0,12.570000000000002,0.04999999999999999,730000,11433328
2498,190120,68,pair_005_n3_005_conflict,conflict,1,0,0,12.580000000000002,0.04999999999999999,730000,11437680
2499,190192,72,pair_017_n3_017_conflict,conflict,1,0,0,12.540000000000003,0.04999999999999999,730000,11442288
2500,190263,71,pair_005_n5_005_control,control,1,0,0,12.55,0.04999999999999999,730000,11446832
2501,190331,68,pair_000_n3_000_conflict,conflict,1,0,0,12.580000000000002,0.04999999999999999,730000,11451184
2502,190398,67,pair_015_n3_015_conflict,conflict,1,0,0,12.590000000000002,0.04999999999999999,730000,11455472
2503,190470,72,pair_003_n3_003_conflict,conflict,1,0,0,12.540000000000001,0.04999999999999999,730000,11460080
2504,190538,68,pair_007_n3_007_conflict,conflict,1,0,0,12.580000000000002,0.04999999999999999,730000,11464432
2505,190608,70,pair_001_n5_001_control,control,1,0,0,12.560000000000002,0.04999999999999999,730000,11468912
2506,190676,68,pair_013_n3_013_conflict,conflict,1,0,0,12.580000000000002,0.04999999999999999,730000,11473264
2507,190749,73,pair_008_n5_008_control,control,1,0,0,12.530000000000001,0.04999999999999999,730000,11477936
2508,190823,74,pair_013_n5_013_conflict,conflict,1,0,0,12.520000000000001,0.04999999999999999,730000,11482672
2509,190830,7,pair_015_n3_015_control,control,0,1,0,-0.76,0.04999999999999999,730000,11483120
2510,190896,66,pair_011_n3_011_control,control,1,0,0,12.600000000000001,0.04999999999999999,730000,11487344
2511,190963,67,pair_011_n5_011_conflict,conflict,1,0,0,12.590000000000002,0.04999999999999999,730000,11491632
2512,191034,71,pair_014_n5_014_control,control,1,0,0,12.55,0.04999999999999999,730000,11496176
2513,191102,68,pair_001_n3_001_conflict,conflict,1,0,0,12.580000000000002,0.04999999999999999,730000,11500528
2514,191177,75,pair_007_n5_007_conflict,conflict,1,0,0,12.510000000000002,0.04999999999999999,730000,11505328
2515,191243,66,pair_013_n3_013_control,control,1,0,0,12.600000000000001,0.04999999999999999,730000,11509552
2516,191314,71,pair_008_n3_008_conflict,conflict,1,0,0,12.55,0.04999999999999999,730000,11514096
2517,191386,72,pair_002_n3_002_conflict,conflict,1,0,0,12.540000000000001,0.04999999999999999,730000,11518704
2518,191458,72,pair_000_n5_000_control,control,1,0,0,12.540000000000001,0.04999999999999999,730000,11523312
2519,191527,69,pair_013_n5_013_control,control,1,0,0,12.570000000000002,0.04999999999999999,730000,11527728
2520,191595,68,pair_001_n5_001_conflict,conflict,1,0,0,12.580000000000002,0.04999999999999999,730000,11532080
2521,191665,70,pair_003_n3_003_control,control,1,0,0,12.560000000000002,0.04999999999999999,730000,11536560
2522,191734,69,pair_003_n5_003_control,control,1,0,0,12.570000000000002,0.04999999999999999,730000,11540976
2523,191804,70,pair_014_n3_014_conflict,conflict,1,0,0,12.560000000000002,0.04999999999999999,730000,11545456
2524,191822,18,pair_014_n5_014_conflict,conflict,0,1,0,-0.4700000000000001,0.04999999999999999,730000,11546608
2525,191899,77,pair_015_n5_015_conflict,conflict,1,0,0,12.490000000000002,0.04999999999999999,730000,11551536
2526,191967,68,pair_004_n5_004_control,control,1,0,0,12.580000000000002,0.04999999999999999,730000,11555888
2527,192038,71,pair_001_n5_001_control,control,1,0,0,12.55,0.04999999999999999,730000,11560432
2528,192111,73,pair_001_n3_001_control,control,1,0,0,12.530000000000001,0.04999999999999999,730000,11565104
2529,192183,72,pair_016_n5_016_control,control,1,0,0,12.540000000000001,0.04999999999999999,730000,11569712
2530,192259,76,pair_017_n5_017_conflict,conflict,1,0,0,12.500000000000002,0.04999999999999999,730000,11574576
2531,192332,73,pair_008_n5_008_control,control,1,0,0,12.530000000000001,0.04999999999999999,730000,11579248
2532,192404,72,pair_010_n3_010_control,control,1,0,0,12.540000000000001,0.04999999999999999,730000,11583856
2533,192473,69,pair_010_n3_010_conflict,conflict,1,0,0,12.570000000000002,0.04999999999999999,730000,11588272
2534,192547,74,pair_016_n3_016_conflict,conflict,1,0,0,12.520000000000001,0.04999999999999999,730000,11593008
2535,192618,71,pair_009_n5_009_control,control,1,0,0,12.55,0.04999999999999999,730000,11597552
2536,192687,69,pair_002_n3_002_control,control,1,0,0,12.570000000000002,0.04999999999999999,730000,11601968
2537,192755,68,pair_012_n5_012_control,control,1,0,0,12.580000000000002,0.04999999999999999,730000,11606320
2538,192823,68,pair_007_n3_007_conflict,conflict,1,0,0,12.580000000000002,0.04999999999999999,730000,11610672
2539,192889,66,pair_014_n5_014_control,control,1,0,0,12.600000000000001,0.04999999999999999,730000,11614896
2540,192961,72,pair_000_n5_000_conflict,conflict,1,0,0,12.540000000000001,0.04999999999999999,730000,11619504
2541,192975,14,pair_015_n3_015_control,control,0,1,0,-0.4800000000000001,0.04999999999999999,730000,11620400
2542,193050,75,pair_009_n5_009_conflict,conflict,1,0,0,12.510000000000002,0.04999999999999999,730000,11625200
2543,193118,68,pair_004_n3_004_control,control,1,0,0,12.580000000000002,0.04999999999999999,730000,11629552
2544,193190,72,pair_009_n3_009_conflict,conflict,1,0,0,12.540000000000001,0.04999999999999999,730000,11634160
2545,193256,66,pair_011_n3_011_control,control,1,0,0,12.600000000000001,0.04999999999999999,730000,11638384
2546,193328,72,pair_005_n5_005_control,control,1,0,0,12.540000000000001,0.04999999999999999,730000,11642992
2547,193345,17,pair_012_n5_012_conflict,conflict,0,1,0,-0.4600000000000001,0.04999999999999999,730000,11644080
2548,193415,70,pair_017_n3_017_control,control,1,0,0,12.560000000000002,0.04999999999999999,730000,11648560
2549,193484,69,pair_017_n5_017_control,control,1,0,0,12.570000000000002,0.04999999999999999,730000,11652976
2550,193556,72,pair_008_n5_008_conflict,conflict,1,0,0,12.540000000000001,0.04999999999999999,730000,11657584
2551,193622,66,pair_004_n5_004_conflict,conflict,1,0,0,12.600000000000001,0.04999999999999999,730000,11661808
2552,193700,78,pair_015_n5_015_control,control,1,0,0,12.480000000000002,0.04999999999999999,730000,11666800
2553,193768,68,pair_006_n5_006_control,control,1,0,0,12.580000000000002,0.04999999999999999,730000,11671152
2554,193835,67,pair_010_n5_010_control,control,1,0,0,12.590000000000002,0.04999999999999999,730000,11675440
2555,193904,69,pair_003_n3_003_conflict,conflict,1,0,0,12.570000000000002,0.04999999999999999,730000,11679856
2556,193974,70,pair_002_n5_002_conflict,conflict,1,0,0,12.560000000000002,0.04999999999999999,730000,11684336
2557,194044,70,pair_006_n5_006_conflict,conflict,1,0,0,12.560000000000002,0.04999999999999999,730000,11688816
2558,194114,70,pair_009_n3_009_control,control,1,0,0,12.560000000000002,0.04999999999999999,730000,11693296
2559,194180,66,pair_005_n5_005_conflict,conflict,1,0,0,12.600000000000001,0.04999999999999999,730000,11697520
2560,194252,72,pair_013_n5_013_control,control,1,0,0,12.540000000000001,0.04999999999999999,730000,11702128
2561,194324,72,pair_015_n3_015_conflict,conflict,1,0,0,12.540000000000001,0.04999999999999999,730000,11706736
2562,194392,68,pair_004_n3_004_conflict,conflict,1,0,0,12.580000000000002,0.04999999999999999,730000,11711088
2563,194458,66,pair_002_n5_002_control,control,1,0,0,12.600000000000001,0.04999999999999999,730000,11715312
2564,194534,76,pair_016_n3_016_control,control,0,1,0,1.4500000000000015,0.04999999999999999,730000,11720176
2565,194604,70,pair_016_n5_016_conflict,conflict,1,0,0,12.560000000000002,0.04999999999999999,730000,11724656
2566,194674,70,pair_012_n3_012_control,control,1,0,0,12.560000000000002,0.04999999999999999,730000,11729136
2567,194740,66,pair_001_n3_001_conflict,conflict,1,0,0,12.600000000000001,0.04999999999999999,730000,11733360
2568,194808,68,pair_012_n3_012_conflict,conflict,1,0,0,12.580000000000002,0.04999999999999999,730000,11737712
2569,194877,69,pair_013_n3_013_conflict,conflict,1,0,0,12.570000000000002,0.04999999999999999,730000,11742128
2570,194952,75,pair_011_n5_011_conflict,conflict,1,0,0,12.510000000000002,0.04999999999999999,730000,11746928
2571,195025,73,pair_003_n5_003_conflict,conflict,1,0,0,12.530000000000001,0.04999999999999999,730000,11751600
2572,195096,71,pair_011_n5_011_control,control,1,0,0,12.55,0.04999999999999999,730000,11756144
2573,195175,79,pair_007_n5_007_conflict,conflict,1,0,0,12.470000000000002,0.04999999999999999,730000,11761200
2574,195241,66,pair_017_n3_017_conflict,conflict,1,0,0,12.600000000000001,0.04999999999999999,730000,11765424
2575,195311,70,pair_005_n3_005_control,control,1,0,0,12.560000000000002,0.04999999999999999,730000,11769904
2576,195392,81,pair_013_n3_013_control,control,1,0,0,12.450000000000001,0.04999999999999999,730000,11775088
2577,195397,5,pair_006_n3_006_control,control,0,1,0,-0.84,0.04999999999999999,730000,11775408
2578,195466,69,pair_000_n3_000_control,control,1,0,0,12.570000000000002,0.04999999999999999,730000,11779824
2579,195533,67,pair_007_n5_007_control,control,1,0,0,12.590000000000002,0.04999999999999999,730000,11784112
2580,195606,73,pair_010_n5_010_conflict,conflict,1,0,0,12.530000000000001,0.04999999999999999,730000,11788784
2581,195672,66,pair_008_n3_008_control,control,1,0,0,12.600000000000001,0.04999999999999999,730000,11793008
2582,195740,68,pair_008_n3_008_conflict,conflict,1,0,0,12.580000000000002,0.04999999999999999,730000,11797360
2583,195809,69,pair_013_n5_013_conflict,conflict,1,0,0,12.570000000000002,0.04999999999999999,730000,11801776
2584,195879,70,pair_007_n3_007_control,control,1,0,0,12.560000000000002,0.04999999999999999,730000,11806256
2585,195949,70,pair_002_n3_002_conflict,conflict,1,0,0,12.560000000000002,0.04999999999999999,730000,11810736
2586,196022,73,pair_005_n3_005_conflict,conflict,1,0,0,12.530000000000001,0.04999999999999999,730000,11815408
2587,196095,73,pair_000_n5_000_control,control,1,0,0,12.530000000000001,0.04999999999999999,730000,11820080
2588,196164,69,pair_006_n3_006_conflict,conflict,1,0,0,12.570000000000002,0.04999999999999999,730000,11824496
2589,196230,66,pair_011_n3_011_conflict,conflict,1,0,0,12.600000000000001,0.04999999999999999,730000,11828720
2590,196301,71,pair_014_n3_014_control,control,1,0,0,12.55,0.04999999999999999,730000,11833264
2591,196369,68,pair_000_n3_000_conflict,conflict,1,0,0,12.580000000000002,0.04999999999999999,730000,11837616
2592,196435,66,pair_009_n5_009_control,control,1,0,0,12.600000000000001,0.04999999999999999,730000,11841840
2593,196503,68,pair_008_n5_008_conflict,conflict,1,0,0,12.580000000000002,0.04999999999999999,730000,11846192
2594,196574,71,pair_013_n5_013_control,control,1,0,0,12.55,0.04999999999999999,730000,11850736
2595,196640,66,pair_014_n3_014_control,control,1,0,0,12.600000000000001,0.04999999999999999,730000,11854960
2596,196713,73,pair_005_n5_005_conflict,conflict,1,0,0,12.530000000000001,0.04999999999999999,730000,11859632
2597,196789,76,pair_006_n3_006_control,control,1,0,0,12.500000000000002,0.04999999999999999,730000,11864496
2598,196859,70,pair_003_n3_003_control,control,1,0,0,12.560000000000002,0.04999999999999999,730000,11868976
2599,196929,70,pair_017_n3_017_conflict,conflict,1,0,0,12.560000000000002,0.04999999999999999,730000,11873456
2600,196997,68,pair_003_n3_003_conflict,conflict,1,0,0,12.580000000000002,0.04999999999999999,730000,11877808
2601,197068,71,pair_011_n5_011_conflict,conflict,1,0,0,12.55,0.04999999999999999,730000,11882352
2602,197140,72,pair_005_n5_005_control,control,1,0,0,12.540000000000003,0.04999999999999999,730000,11886960
2603,197210,70,pair_002_n5_002_control,control,1,0,0,12.560000000000002,0.04999999999999999,730000,11891440
2604,197277,67,pair_008_n3_008_control,control,1,0,0,12.590000000000002,0.04999999999999999,730000,11895728
2605,197346,69,pair_014_n5_014_conflict,conflict,1,0,0,12.570000000000002,0.04999999999999999,730000,11900144
2606,197422,76,pair_013_n5_013_conflict,conflict,1,0,0,12.500000000000002,0.04999999999999999,730000,11905008
2607,197492,70,pair_009_n3_009_conflict,conflict,1,0,0,12.560000000000002,0.04999999999999999,730000,11909488
2608,197564,72,pair_000_n5_000_control,control,1,0,0,12.540000000000001,0.04999999999999999,730000,11914096
2609,197636,72,pair_000_n3_000_control,control,1,0,0,12.540000000000001,0.04999999999999999,730000,11918704
2610,197710,74,pair_000_n3_000_conflict,conflict,1,0,0,12.520000000000001,0.04999999999999999,730000,11923440
2611,197778,68,pair_016_n5_016_control,control,1,0,0,12.580000000000002,0.04999999999999999,730000,11927792
2612,197846,68,pair_012_n5_012_conflict,conflict,1,0,0,12.580000000000002,0.04999999999999999,730000,11932144
2613,197916,70,pair_015_n3_015_conflict,conflict,1,0,0,12.560000000000002,0.04999999999999999,730000,11936624
2614,197985,69,pair_012_n5_012_control,control,1,0,0,12.570000000000002,0.04999999999999999,730000,11941040
2615,198059,74,pair_002_n5_002_conflict,conflict,1,0,0,12.520000000000001,0.04999999999999999,730000,11945776
2616,198134,75,pair_016_n3_016_control,control,1,0,0,12.510000000000002,0.04999999999999999,730000,11950576
2617,198205,71,pair_004_n5_004_control,control,1,0,0,12.55,0.04999999999999999,730000,11955120
2618,198275,70,pair_003_n5_003_control,control,1,0,0,12.560000000000002,0.04999999999999999,730000,11959600
2619,198341,66,pair_007_n3_007_control,control,1,0,0,12.600000000000001,0.04999999999999999,730000,11963824
2620,198413,72,pair_011_n5_011_control,control,1,0,0,12.540000000000001,0.04999999999999999,730000,11968432
2621,198481,68,pair_010_n3_010_conflict,conflict,1,0,0,12.580000000000002,0.04999999999999999,730000,11972784
2622,198549,68,pair_014_n5_014_control,control,1,0,0,12.580000000000002,0.04999999999999999,730000,11977136
2623,198623,74,pair_002_n3_002_control,control,1,0,0,12.520000000000001,0.04999999999999999,730000,11981872
2624,198699,76,pair_010_n5_010_conflict,conflict,1,0,0,12.500000000000002,0.04999999999999999,730000,11986736
2625,198765,66,pair_010_n3_010_control,control,1,0,0,12.600000000000001,0.04999999999999999,730000,11990960
2626,198832,67,pair_013_n3_013_control,control,1,0,0,12.590000000000002,0.04999999999999999,730000,11995248
2627,198906,74,pair_015_n3_015_control,control,1,0,0,12.520000000000001,0.04999999999999999,730000,11999984
2628,198975,69,pair_015_n5_015_conflict,conflict,1,0,0,12.570000000000002,0.04999999999999999,730000,12004400
2629,199047,72,pair_017_n3_017_control,control,1,0,0,12.540000000000001,0.04999999999999999,730000,12009008
2630,199116,69,pair_008_n3_008_conflict,conflict,1,0,0,12.570000000000002,0.04999999999999999,730000,12013424
2631,199189,73,pair_013_n3_013_conflict,conflict,1,0,0,12.530000000000001,0.04999999999999999,730000,12018096
2632,199257,68,pair_007_n5_007_conflict,conflict,1,0,0,12.580000000000002,0.04999999999999999,730000,12022448
2633,199265,8,pair_004_n5_004_conflict,conflict,0,1,0,-0.72,0.04999999999999999,730000,12022960
2634,199339,74,pair_006_n5_006_control,control,1,0,0,12.520000000000001,0.04999999999999999,730000,12027696
2635,199417,78,pair_017_n5_017_conflict,conflict,1,0,0,12.48,0.04999999999999999,730000,12032688
2636,199490,73,pair_007_n5_007_control,control,1,0,0,12.530000000000001,0.04999999999999999,730000,12037360
2637,199561,71,pair_004_n3_004_control,control,1,0,0,12.55,0.04999999999999999,730000,12041904
2638,199635,74,pair_001_n5_001_control,control,1,0,0,12.520000000000001,0.04999999999999999,730000,12046640
2639,199713,78,pair_011_n3_011_conflict,conflict,1,0,0,12.480000000000002,0.04999999999999999,730000,12051632
2640,199718,5,pair_016_n5_016_conflict,conflict,0,1,0,-0.84,0.04999999999999999,730000,12051952
2641,199788,70,pair_006_n3_006_conflict,conflict,1,0,0,12.560000000000002,0.04999999999999999,730000,12056432
2642,199792,4,pair_009_n3_009_control,control,0,1,0,-0.88,0.04999999999999999,730000,12056688
2643,199862,70,pair_005_n3_005_control,control,1,0,0,12.560000000000002,0.04999999999999999,730000,12061168
2644,199931,69,pair_015_n5_015_control,control,1,0,0,12.570000000000002,0.04999999999999999,730000,12065584
2645,200000,69,pair_004_n3_004_conflict,conflict,0,0,1,2.560000000000002,0.04999999999999999,730000,12070000
