method,seed,bin_start_step,bin_end_step,updates,q_abs_max,raw_target_max,teacher_label_samples,q_mean_mean,target_mean_mean,raw_target_mean_mean,raw_target_outside_fraction_mean,target_clip_fraction_mean,td_loss_mean,demo_margin_loss_mean,teacher_margin_weight_mean
unguided_raw,0,1,1000,501,0.145816370844841,0.15723468363285065,0,0.03701419757675387,0.0377040600035611,0.0377040600035611,0.0,0.0,0.0005815665417916981,0.0,0.0
unguided_raw,0,1001,2000,1000,0.30825626850128174,0.3120936155319214,0,0.15289269957691431,0.15333390341699124,0.15333390341699124,0.0,0.0,2.4136123879543448e-05,0.0,0.0
unguided_raw,0,2001,3000,1000,1.1962543725967407,0.4579940736293793,0,0.30669006775319574,0.3068319428563118,0.3068319428563118,0.0,0.0,0.00015647402899730877,0.0,0.0
unguided_raw,0,3001,4000,1000,1.3991016149520874,0.6252795457839966,0,0.45367505902051924,0.4537166823148727,0.4537166823148727,0.0,0.0,0.00023068276671779132,0.0,0.0
unguided_raw,0,4001,5000,1000,1.429776906967163,0.7756826281547546,0,0.6000772452354431,0.6001495448946953,0.6001495448946953,0.0,0.0,0.00011391857953003636,0.0,0.0
unguided_raw,0,5001,6000,1000,1.2816369533538818,1.045444369316101,0,0.7321699566841126,0.7322398048639297,0.7322398048639297,0.0,0.0,0.00013704444173436058,0.0,0.0
unguided_raw,0,6001,7000,1000,1.4328484535217285,1.150986909866333,0,0.8649676788449288,0.8650609276294708,0.8650609276294708,0.0,0.0,0.00019488694883966674,0.0,0.0
unguided_raw,0,7001,8000,1000,1.6036827564239502,1.463484287261963,0,1.0016836894154548,1.001754493534565,1.001754493534565,0.0,0.0,0.00023793779645711765,0.0,0.0
unguided_raw,0,8001,9000,1000,1.6892855167388916,1.5452042818069458,0,1.134900776863098,1.1350249594449997,1.1350249594449997,0.0,0.0,0.00045582595168889385,0.0,0.0
unguided_raw,0,9001,10000,1000,1.953143835067749,1.866160273551941,0,1.2695848716497422,1.2696502496004105,1.2696502496004105,0.0,0.0,0.00044397710104385625,0.0,0.0
unguided_raw,0,10001,11000,1000,2.157606601715088,2.1346538066864014,0,1.4298308641910553,1.4298877950906754,1.4298877950906754,0.0,0.0,0.00044634592314832846,0.0,0.0
unguided_raw,0,11001,12000,1000,2.218888282775879,2.156715154647827,0,1.5374094434976577,1.5374919502735138,1.5374919502735138,0.0,0.0,0.0008098865704232594,0.0,0.0
unguided_raw,0,12001,13000,1000,2.248969316482544,2.173581838607788,0,1.6457249240875245,1.64583127784729,1.64583127784729,0.0,0.0,0.0006497689695970621,0.0,0.0
unguided_raw,0,13001,14000,1000,2.296509265899658,2.2810308933258057,0,1.7815027574300766,1.7815733984708786,1.7815733984708786,0.0,0.0,0.0008181147370196413,0.0,0.0
unguided_raw,0,14001,15000,1000,2.4618606567382812,2.4221181869506836,0,1.902662588953972,1.9026786069869994,1.9026786069869994,0.0,0.0,0.0007281902023969451,0.0,0.0
unguided_raw,0,15001,16000,1000,2.5724172592163086,2.5217127799987793,0,1.9879332044124602,1.9879748322963715,1.9879748322963715,0.0,0.0,0.000640488196440856,0.0,0.0
unguided_raw,0,16001,17000,1000,2.530346393585205,2.470780849456787,0,2.0647496116161346,2.064795166015625,2.064795166015625,0.0,0.0,0.0005235555832186947,0.0,0.0
unguided_raw,0,17001,18000,1000,2.654374122619629,2.564114570617676,0,2.1200968029499054,2.120100081920624,2.120100081920624,0.0,0.0,0.0005830910159274936,0.0,0.0
unguided_raw,0,18001,19000,1000,2.874866247177124,2.791874408721924,0,2.1809087636470794,2.1809651250839233,2.1809651250839233,0.0,0.0,0.0004789636833156692,0.0,0.0
unguided_raw,0,19001,20000,1000,3.182304859161377,3.091768503189087,0,2.2779441154003144,2.2780143206119536,2.2780143206119536,0.0,0.0,0.000730718164195423,0.0,0.0
unguided_raw,0,20001,21000,1000,3.452373504638672,3.4063720703125,0,2.3532678406238556,2.353058940410614,2.353058940410614,0.0,0.0,0.001218764456702047,0.0,0.0
unguided_raw,0,21001,22000,1000,3.661409854888916,3.5327682495117188,0,2.413793913125992,2.4138627285957335,2.4138627285957335,0.0,0.0,0.0010046684719563928,0.0,0.0
unguided_raw,0,22001,23000,1000,3.423470973968506,3.28515362739563,0,2.452474467754364,2.4522545557022095,2.4522545557022095,0.0,0.0,0.001439783235444338,0.0,0.0
unguided_raw,0,23001,24000,1000,3.348874568939209,3.2708938121795654,0,2.5234762625694276,2.5233394985198974,2.5233394985198974,0.0,0.0,0.0012997287816688186,0.0,0.0
unguided_raw,0,24001,25000,1000,3.649902582168579,3.6592702865600586,0,2.6200390794277193,2.619659390926361,2.619659390926361,0.0,0.0,0.0017743007296521683,0.0,0.0
unguided_raw,0,25001,26000,1000,3.6969563961029053,3.5764644145965576,0,2.715308512926102,2.7153854773044586,2.7153854773044586,0.0,0.0,0.00115423507563537,0.0,0.0
unguided_raw,0,26001,27000,1000,3.9561567306518555,3.858196258544922,0,2.8155900201797484,2.815538997888565,2.815538997888565,0.0,0.0,0.0011447171400650405,0.0,0.0
unguided_raw,0,27001,28000,1000,4.182401180267334,4.124204635620117,0,2.910094516515732,2.9101293947696685,2.9101293947696685,0.0,0.0,0.0014603846415993757,0.0,0.0
unguided_raw,0,28001,29000,1000,4.313050270080566,4.14483118057251,0,3.0049010019302367,3.004933382987976,3.004933382987976,0.0,0.0,0.0011786450768413487,0.0,0.0
unguided_raw,0,29001,30000,1000,4.589054584503174,4.613701820373535,0,3.0898124644756315,3.089513734102249,3.089513734102249,0.0,0.0,0.002008910914097214,0.0,0.0
unguided_raw,0,30001,31000,1000,4.647937774658203,4.495717525482178,0,3.2135845692157745,3.2134752521514893,3.2134752521514893,0.0,0.0,0.0021862335546757095,0.0,0.0
unguided_raw,0,31001,32000,1000,4.898593902587891,4.776362895965576,0,3.322016519784927,3.3219492971897124,3.3219492971897124,0.0,0.0,0.002182482777221594,0.0,0.0
unguided_raw,0,32001,33000,1000,5.133641719818115,4.922573089599609,0,3.450414218187332,3.450382611274719,3.450382611274719,0.0,0.0,0.002981262689572759,0.0,0.0
unguided_raw,0,33001,34000,1000,5.262293815612793,5.064918518066406,0,3.5757267384529112,3.575824159145355,3.575824159145355,0.0,0.0,0.0025237888663541524,0.0,0.0
unguided_raw,0,34001,35000,1000,5.5623579025268555,5.40412712097168,0,3.6980014441013336,3.698088415145874,3.698088415145874,0.0,0.0,0.002812983280804474,0.0,0.0
unguided_raw,0,35001,36000,1000,5.88943338394165,5.809680461883545,0,3.8098372371196745,3.8098888063430785,3.8098888063430785,0.0,0.0,0.002828481724485755,0.0,0.0
unguided_raw,0,36001,37000,1000,6.094775199890137,5.983373641967773,0,3.9790128648281096,3.9789151833057406,3.9789151833057406,0.0,0.0,0.003531860995804891,0.0,0.0
unguided_raw,0,37001,38000,1000,6.29843807220459,6.047489643096924,0,4.158342387199402,4.158384324789047,4.158384324789047,0.0,0.0,0.004267056350014172,0.0,0.0
unguided_raw,0,38001,39000,1000,6.579452991485596,6.42561674118042,0,4.3553484373092655,4.355501086950302,4.355501086950302,0.0,0.0,0.004308442045003176,0.0,0.0
unguided_raw,0,39001,40000,1000,6.956816673278809,6.721859455108643,0,4.509046763896942,4.5092502145767215,4.5092502145767215,0.0,0.0,0.004111397762433626,0.0,0.0
unguided_raw,0,40001,41000,1000,7.086912155151367,6.875803470611572,0,4.668191648006439,4.668282639026642,4.668282639026642,0.0,0.0,0.0034363941407063977,0.0,0.0
unguided_raw,0,41001,42000,1000,7.221936225891113,7.129219055175781,0,4.809159028530121,4.808806681156159,4.808806681156159,0.0,0.0,0.0035996338347904383,0.0,0.0
unguided_raw,0,42001,43000,1000,7.463451385498047,7.319812297821045,0,4.927522964954377,4.927078649520874,4.927078649520874,0.0,0.0,0.0037378778010606767,0.0,0.0
unguided_raw,0,43001,44000,1000,8.367927551269531,7.898751735687256,0,5.052925059795379,5.052993746757507,5.052993746757507,0.0,0.0,0.0039348830337403344,0.0,0.0
unguided_raw,0,44001,45000,1000,8.818018913269043,8.463103294372559,0,5.1264026145935055,5.126474479675293,5.126474479675293,0.0,0.0,0.004942367453710176,0.0,0.0
unguided_raw,0,45001,46000,1000,9.397759437561035,8.816849708557129,0,5.241292728424073,5.24149084854126,5.24149084854126,0.0,0.0,0.006488497011945583,0.0,0.0
unguided_raw,0,46001,47000,1000,8.698518753051758,8.431479454040527,0,5.382986001491546,5.383529787540436,5.383529787540436,0.0,0.0,0.005909777001361363,0.0,0.0
unguided_raw,0,47001,48000,1000,8.639543533325195,8.481063842773438,0,5.5100797185897825,5.5110009207725525,5.5110009207725525,0.0,0.0,0.00761519511602819,0.0,0.0
unguided_raw,0,48001,49000,1000,9.321292877197266,8.883872985839844,0,5.647039388179779,5.6482820234298705,5.6482820234298705,0.0,0.0,0.008806757898419164,0.0,0.0
unguided_raw,0,49001,50000,1000,9.414894104003906,9.152766227722168,0,5.836132332801819,5.838083957195282,5.838083957195282,0.0,0.0,0.01054160274611786,0.0,0.0
unguided_raw,0,50001,51000,1000,10.119766235351562,9.624635696411133,0,6.076279645442963,6.077950010299682,6.077950010299682,0.0,0.0,0.012412923892727122,0.0,0.0
unguided_raw,0,51001,52000,1000,10.343140602111816,9.982824325561523,0,6.312153117656708,6.313659926891327,6.313659926891327,0.0,0.0,0.01421881581330672,0.0,0.0
unguided_raw,0,52001,53000,1000,11.048168182373047,10.780405044555664,0,6.496620467185974,6.4991140809059145,6.4991140809059145,0.0019375,0.0,0.013730643215356395,0.0,0.0
unguided_raw,0,53001,54000,1000,11.836374282836914,11.451359748840332,0,6.8165207834243775,6.818852728843689,6.818852728843689,0.006609375,0.0,0.01477307961601764,0.0,0.0
unguided_raw,0,54001,55000,1000,12.928199768066406,12.616543769836426,0,7.246677971839905,7.250085744857788,7.250085744857788,0.01634375,0.0,0.017090942950919272,0.0,0.0
unguided_raw,0,55001,56000,1000,13.348950386047363,12.958768844604492,0,7.614791396141052,7.618077791690826,7.618077791690826,0.03428125,0.0,0.018236869665328413,0.0,0.0
unguided_raw,0,56001,57000,1000,13.172087669372559,13.019304275512695,0,8.002687124252319,8.005674966335297,8.005674966335297,0.05975,0.0,0.018737065782304854,0.0,0.0
unguided_raw,0,57001,58000,1000,13.427959442138672,13.078327178955078,0,8.252504312992096,8.253902928352357,8.253902928352357,0.072234375,0.0,0.019261496495455502,0.0,0.0
unguided_raw,0,58001,59000,1000,13.803323745727539,13.502302169799805,0,8.560246547698975,8.562778599262238,8.562778599262238,0.104671875,0.0,0.01729997389111668,0.0,0.0
unguided_raw,0,59001,60000,1000,14.204614639282227,13.79498291015625,0,8.85462813282013,8.856253226280213,8.856253226280213,0.165921875,0.0,0.013293377378256992,0.0,0.0
unguided_raw,0,60001,61000,1000,14.287667274475098,14.0537748336792,0,9.081127753257752,9.082646488189697,9.082646488189697,0.228859375,0.0,0.015722211649874224,0.0,0.0
unguided_raw,0,61001,62000,1000,14.260884284973145,14.00067138671875,0,9.223654996871948,9.22511907672882,9.22511907672882,0.263625,0.0,0.013672193555859849,0.0,0.0
unguided_raw,0,62001,63000,1000,13.98575496673584,13.802202224731445,0,9.40104709815979,9.400519061088563,9.400519061088563,0.299328125,0.0,0.01764648569491692,0.0,0.0
unguided_raw,0,63001,64000,1000,14.143590927124023,13.687615394592285,0,9.617800811767578,9.618160730361938,9.618160730361938,0.329765625,0.0,0.01457049109833315,0.0,0.0
unguided_raw,0,64001,65000,1000,13.898737907409668,13.726691246032715,0,9.821087334632873,9.823666460990905,9.823666460990905,0.360015625,0.0,0.017560601085424423,0.0,0.0
unguided_raw,0,65001,66000,1000,14.273833274841309,13.90392780303955,0,9.90682117843628,9.908125573158264,9.908125573158264,0.37815625,0.0,0.01587351916101761,0.0,0.0
unguided_raw,0,66001,67000,1000,14.658020973205566,14.306342124938965,0,9.987108446121216,9.98796560382843,9.98796560382843,0.409625,0.0,0.01276684068562463,0.0,0.0
unguided_raw,0,67001,68000,1000,14.485708236694336,14.218195915222168,0,10.050468650817871,10.05168941116333,10.05168941116333,0.463578125,0.0,0.012733763862168417,0.0,0.0
unguided_raw,0,68001,69000,1000,14.389084815979004,13.992341995239258,0,10.187928410530091,10.189079423904419,10.189079423904419,0.5360625,0.0,0.011233118649106472,0.0,0.0
unguided_raw,0,69001,70000,1000,14.063283920288086,13.801522254943848,0,10.269771900177002,10.270667536735534,10.270667536735534,0.523578125,0.0,0.011159320164471865,0.0,0.0
unguided_raw,0,70001,71000,1000,13.917778968811035,13.39993667602539,0,10.306516783714294,10.307955110549926,10.307955110549926,0.517421875,0.0,0.012502125029917807,0.0,0.0
unguided_raw,0,71001,72000,1000,14.063044548034668,13.58622932434082,0,10.348673740386962,10.34981095790863,10.34981095790863,0.506375,0.0,0.011889579237671569,0.0,0.0
unguided_raw,0,72001,73000,1000,14.477901458740234,14.229793548583984,0,10.36466412639618,10.366069516181946,10.366069516181946,0.510828125,0.0,0.012255000920500607,0.0,0.0
unguided_raw,0,73001,74000,1000,14.577888488769531,14.443060874938965,0,10.415913597106934,10.416815994262695,10.416815994262695,0.542890625,0.0,0.012385456717340275,0.0,0.0
unguided_raw,0,74001,75000,1000,14.993892669677734,14.475822448730469,0,10.42255920791626,10.423266069412232,10.423266069412232,0.5939375,0.0,0.012551017940277234,0.0,0.0
unguided_raw,0,75001,76000,1000,13.831371307373047,13.302842140197754,0,10.327050351142883,10.327901789665223,10.327901789665223,0.599328125,0.0,0.01301932707754895,0.0,0.0
unguided_raw,0,76001,77000,1000,13.59252643585205,12.990582466125488,0,10.336605034828185,10.336939365386963,10.336939365386963,0.645734375,0.0,0.011145153026795016,0.0,0.0
unguided_raw,0,77001,78000,1000,13.229947090148926,13.083951950073242,0,10.42175517654419,10.422358567237854,10.422358567237854,0.7295625,0.0,0.008511280009523035,0.0,0.0
unguided_raw,0,78001,79000,1000,13.362186431884766,13.21656608581543,0,10.490304768562316,10.49082276248932,10.49082276248932,0.816140625,0.0,0.007340535724069923,0.0,0.0
unguided_raw,0,79001,80000,1000,14.24306869506836,13.965954780578613,0,10.472098870277405,10.472218347549438,10.472218347549438,0.869625,0.0,0.0071937002572230995,0.0,0.0
unguided_raw,0,80001,81000,1000,13.826939582824707,13.785892486572266,0,10.419557806015014,10.419640263557435,10.419640263557435,0.879015625,0.0,0.006644083700608462,0.0,0.0
unguided_raw,0,81001,82000,1000,13.8614501953125,13.741971015930176,0,10.278693488121032,10.278708165168762,10.278708165168762,0.74490625,0.0,0.00588049416965805,0.0,0.0
unguided_raw,0,82001,83000,1000,15.087337493896484,14.5573091506958,0,10.1745740776062,10.174660365104675,10.174660365104675,0.59403125,0.0,0.007404980015475303,0.0,0.0
unguided_raw,0,83001,84000,1000,16.993850708007812,16.010360717773438,0,10.155305124282837,10.156091433525086,10.156091433525086,0.58990625,0.0,0.008303639551391824,0.0,0.0
unguided_raw,0,84001,85000,1000,15.129910469055176,14.818442344665527,0,10.024715384483338,10.024807300567627,10.024807300567627,0.507203125,0.0,0.006349361233995296,0.0,0.0
unguided_raw,0,85001,86000,1000,14.569229125976562,14.513628005981445,0,9.924190692901611,9.923136416435241,9.923136416435241,0.435484375,0.0,0.007897768959170208,0.0,0.0
unguided_raw,0,86001,87000,1000,14.862117767333984,14.220938682556152,0,9.856415755271911,9.85416276359558,9.85416276359558,0.4125625,0.0,0.008646224168129265,0.0,0.0
unguided_raw,0,87001,88000,1000,14.776387214660645,14.393254280090332,0,9.771228514671325,9.769318612098694,9.769318612098694,0.373453125,0.0,0.0072227090420201425,0.0,0.0
unguided_raw,0,88001,89000,1000,15.347452163696289,14.961353302001953,0,9.677319063186646,9.67618299293518,9.67618299293518,0.298046875,0.0,0.006290586964925751,0.0,0.0
unguided_raw,0,89001,90000,1000,15.341912269592285,14.908696174621582,0,9.55945021724701,9.558378582954406,9.558378582954406,0.221,0.0,0.005819155390025117,0.0,0.0
unguided_raw,0,90001,91000,1000,15.161994934082031,14.937163352966309,0,9.460261900901795,9.459331186294555,9.459331186294555,0.192140625,0.0,0.007155352824716829,0.0,0.0
unguided_raw,0,91001,92000,1000,15.641239166259766,15.285660743713379,0,9.409599075317383,9.409929748535156,9.409929748535156,0.20428125,0.0,0.007373314499272965,0.0,0.0
unguided_raw,0,92001,93000,1000,16.00542449951172,15.70855712890625,0,9.319228529930115,9.319787733078003,9.319787733078003,0.187328125,0.0,0.007792578905588016,0.0,0.0
unguided_raw,0,93001,94000,1000,15.141579627990723,15.203522682189941,0,9.183208595275879,9.18490686893463,9.18490686893463,0.153,0.0,0.010195537180639803,0.0,0.0
unguided_raw,0,94001,95000,1000,14.585917472839355,14.28125286102295,0,9.175066491127014,9.178794196128845,9.178794196128845,0.18271875,0.0,0.011450396656757221,0.0,0.0
unguided_raw,0,95001,96000,1000,14.793667793273926,14.66267204284668,0,9.105645091056823,9.109523623466492,9.109523623466492,0.19021875,0.0,0.013556553354370407,0.0,0.0
unguided_raw,0,96001,97000,1000,15.218304634094238,15.088751792907715,0,9.147245988845825,9.152491775512695,9.152491775512695,0.196,0.0,0.014292312423698604,0.0,0.0
unguided_raw,0,97001,98000,1000,14.805318832397461,14.538694381713867,0,9.219576641082764,9.224799858093261,9.224799858093261,0.2215,0.0,0.014697194511187263,0.0,0.0
unguided_raw,0,98001,99000,1000,14.561271667480469,14.381681442260742,0,9.381170307159424,9.386079857826234,9.386079857826234,0.26525,0.0,0.014179203835665248,0.0,0.0
unguided_raw,0,99001,100000,1000,14.83422565460205,14.464937210083008,0,9.491713366508485,9.496331358909607,9.496331358909607,0.29878125,0.0,0.016023461487609893,0.0,0.0
unguided_raw,0,100001,101000,1000,14.728131294250488,14.24902629852295,0,9.636343298912049,9.63856708908081,9.63856708908081,0.338734375,0.0,0.016810427410062403,0.0,0.0
unguided_raw,0,101001,102000,1000,13.727692604064941,13.544822692871094,0,9.7970367603302,9.797909642219544,9.797909642219544,0.37646875,0.0,0.013748526573297568,0.0,0.0
unguided_raw,0,102001,103000,1000,13.575811386108398,13.46749210357666,0,10.029007953643799,10.029902102470398,10.029902102470398,0.446578125,0.0,0.011052515494870022,0.0,0.0
unguided_raw,0,103001,104000,1000,13.655560493469238,13.342767715454102,0,10.275400751113892,10.276739285469056,10.276739285469056,0.56553125,0.0,0.009104099784046412,0.0,0.0
unguided_raw,0,104001,105000,1000,13.792954444885254,13.598912239074707,0,10.363515961647034,10.364032125473022,10.364032125473022,0.677171875,0.0,0.008093367517925798,0.0,0.0
unguided_raw,0,105001,106000,1000,13.825986862182617,13.778056144714355,0,10.418339638710021,10.418747541427612,10.418747541427612,0.75653125,0.0,0.005965644990094006,0.0,0.0
unguided_raw,0,106001,107000,1000,13.900827407836914,13.792227745056152,0,10.393176192283631,10.393579420089722,10.393579420089722,0.737296875,0.0,0.005825121978064999,0.0,0.0
unguided_raw,0,107001,108000,1000,14.174320220947266,14.035128593444824,0,10.255866917610168,10.25635734653473,10.25635734653473,0.603328125,0.0,0.006841590438387357,0.0,0.0
unguided_raw,0,108001,109000,1000,13.212061882019043,13.089869499206543,0,10.076811435699463,10.077525115966797,10.077525115966797,0.449890625,0.0,0.005816703584860079,0.0,0.0
unguided_raw,0,109001,110000,1000,13.130575180053711,12.92229175567627,0,10.07414391231537,10.074658067703247,10.074658067703247,0.49459375,0.0,0.0064943451930303125,0.0,0.0
unguided_raw,0,110001,111000,1000,12.70662784576416,12.56888198852539,0,10.073445230484008,10.073159218788147,10.073159218788147,0.52071875,0.0,0.006581697999616154,0.0,0.0
unguided_raw,0,111001,112000,1000,12.625885963439941,12.532343864440918,0,10.037600056648255,10.037779365539551,10.037779365539551,0.45909375,0.0,0.006959051422425546,0.0,0.0
unguided_raw,0,112001,113000,1000,12.205015182495117,12.051224708557129,0,9.97830570602417,9.978008678436279,9.978008678436279,0.366546875,0.0,0.007482941381400451,0.0,0.0
unguided_raw,0,113001,114000,1000,11.941847801208496,11.858162879943848,0,9.85721105003357,9.857507946014405,9.857507946014405,0.3435625,0.0,0.004901778157742228,0.0,0.0
unguided_raw,0,114001,115000,1000,11.842329025268555,11.85170841217041,0,9.782685082435608,9.782340881347656,9.782340881347656,0.299609375,0.0,0.0048359583144192584,0.0,0.0
unguided_raw,0,115001,116000,1000,11.531543731689453,11.560933113098145,0,9.697012872695923,9.696904062271118,9.696904062271118,0.2368125,0.0,0.004078346432535909,0.0,0.0
unguided_raw,0,116001,117000,1000,11.251992225646973,11.01746654510498,0,9.59481206893921,9.594665667533874,9.594665667533874,0.225234375,0.0,0.004328430603025481,0.0,0.0
unguided_raw,0,117001,118000,1000,11.281259536743164,11.14525318145752,0,9.506041103363037,9.505620153427124,9.505620153427124,0.17671875,0.0,0.004784906324348412,0.0,0.0
unguided_raw,0,118001,119000,1000,11.146272659301758,10.916808128356934,0,9.383169644355775,9.383221573829651,9.383221573829651,0.094828125,0.0,0.004827739578962792,0.0,0.0
unguided_raw,0,119001,120000,1000,10.911351203918457,10.779659271240234,0,9.23895514678955,9.238868452072143,9.238868452072143,0.034875,0.0,0.00437657467299141,0.0,0.0
unguided_raw,0,120001,121000,1000,10.689558982849121,10.524455070495605,0,9.062967073440552,9.062781204223633,9.062781204223633,0.007390625,0.0,0.004234302873781417,0.0,0.0
unguided_raw,0,121001,122000,1000,10.536261558532715,10.479719161987305,0,8.915630578994751,8.915257935523988,8.915257935523988,0.001,0.0,0.0036583172109094448,0.0,0.0
unguided_raw,0,122001,123000,1000,10.476852416992188,10.245341300964355,0,8.665883182525635,8.665940899848938,8.665940899848938,0.00028125,0.0,0.0025411193605978043,0.0,0.0
unguided_raw,0,123001,124000,1000,10.572278022766113,10.242413520812988,0,8.473037517547608,8.473163080215453,8.473163080215453,0.0001875,0.0,0.002874832772940863,0.0,0.0
unguided_raw,0,124001,125000,1000,10.589591979980469,10.175383567810059,0,8.33439514541626,8.334465699195862,8.334465699195862,0.001328125,0.0,0.002786292064760346,0.0,0.0
unguided_raw,0,125001,126000,1000,10.455021858215332,10.255691528320312,0,8.230731051921845,8.23070051908493,8.23070051908493,0.00125,0.0,0.0036129305831855162,0.0,0.0
unguided_raw,0,126001,127000,1000,10.607147216796875,10.429033279418945,0,8.183507018566132,8.183424426078796,8.183424426078796,0.006328125,0.0,0.0039018546159495598,0.0,0.0
unguided_raw,0,127001,128000,1000,10.702248573303223,10.476696968078613,0,8.181179772377014,8.181414465904236,8.181414465904236,0.0106875,0.0,0.003906446538399905,0.0,0.0
unguided_raw,0,128001,129000,1000,10.58961296081543,10.51342487335205,0,8.24076286458969,8.240707643985749,8.240707643985749,0.01659375,0.0,0.0031636902949539946,0.0,0.0
unguided_raw,0,129001,130000,1000,10.417869567871094,10.271187782287598,0,8.202485990524291,8.202147411823272,8.202147411823272,0.002453125,0.0,0.003799185584357474,0.0,0.0
unguided_raw,0,130001,131000,1000,10.351264953613281,10.185277938842773,0,8.119596972942352,8.119661642551423,8.119661642551423,0.00146875,0.0,0.003078901606320869,0.0,0.0
unguided_raw,0,131001,132000,1000,10.386628150939941,10.295357704162598,0,8.100940612792968,8.100220300674438,8.100220300674438,0.0008125,0.0,0.0039054846059298144,0.0,0.0
unguided_raw,0,132001,133000,1000,10.380294799804688,10.276103019714355,0,8.125689708709716,8.125450322628021,8.125450322628021,0.0026875,0.0,0.0040446424072142695,0.0,0.0
unguided_raw,0,133001,134000,1000,10.240890502929688,10.078681945800781,0,8.124297921180725,8.124376523017883,8.124376523017883,0.00090625,0.0,0.0033100218640756793,0.0,0.0
unguided_raw,0,134001,135000,1000,10.280318260192871,10.119217872619629,0,8.200763303756714,8.200870541095734,8.200870541095734,0.000390625,0.0,0.0028028708174824713,0.0,0.0
unguided_raw,0,135001,136000,1000,10.181635856628418,10.099088668823242,0,8.288871611118317,8.288948516368865,8.288948516368865,0.000234375,0.0,0.0023077747881179674,0.0,0.0
unguided_raw,0,136001,137000,1000,10.16476821899414,10.049079895019531,0,8.355185126304626,8.355253186225891,8.355253186225891,0.001015625,0.0,0.0018772938539623283,0.0,0.0
unguided_raw,0,137001,138000,1000,10.185510635375977,10.058011054992676,0,8.409809501647949,8.409901559829711,8.409901559829711,0.0015625,0.0,0.002073708850890398,0.0,0.0
unguided_raw,0,138001,139000,1000,10.203003883361816,10.086797714233398,0,8.387257635116578,8.387339316368102,8.387339316368102,0.00046875,0.0,0.001636011106253136,0.0,0.0
unguided_raw,0,139001,140000,1000,10.223114967346191,10.104012489318848,0,8.361804677963256,8.36183083629608,8.36183083629608,0.000328125,0.0,0.0014882213299861177,0.0,0.0
unguided_raw,0,140001,141000,1000,10.233748435974121,10.038782119750977,0,8.314068736076354,8.31410943031311,8.31410943031311,0.000140625,0.0,0.001405954678019043,0.0,0.0
unguided_raw,0,141001,142000,1000,10.14590072631836,10.093679428100586,0,8.230439600467681,8.23048534822464,8.23048534822464,0.000109375,0.0,0.001501480006671045,0.0,0.0
unguided_raw,0,142001,143000,1000,10.17320442199707,10.01675033569336,0,8.169662365913391,8.169660908699036,8.169660908699036,0.000109375,0.0,0.0012601866970362607,0.0,0.0
unguided_raw,0,143001,144000,1000,10.31312084197998,10.026235580444336,0,8.171861856937408,8.171792644023895,8.171792644023895,0.000390625,0.0,0.001629526853299467,0.0,0.0
unguided_raw,0,144001,145000,1000,10.153715133666992,10.066165924072266,0,8.210153068065644,8.210008175373078,8.210008175373078,0.000453125,0.0,0.001547144830430625,0.0,0.0
unguided_raw,0,145001,146000,1000,10.13464069366455,10.136594772338867,0,8.255509217262269,8.255200644016266,8.255200644016266,0.0004375,0.0,0.0018284769749734552,0.0,0.0
unguided_raw,0,146001,147000,1000,10.651265144348145,10.577235221862793,0,8.304735941886902,8.304622944831848,8.304622944831848,0.000421875,0.0,0.0017289649087470025,0.0,0.0
unguided_raw,0,147001,148000,1000,10.334609985351562,10.180624961853027,0,8.321204386234283,8.321017409324647,8.321017409324647,0.00021875,0.0,0.001716812917147763,0.0,0.0
unguided_raw,0,148001,149000,1000,10.210860252380371,10.162322044372559,0,8.373427871704102,8.373224917411804,8.373224917411804,0.000796875,0.0,0.0016613149596378207,0.0,0.0
unguided_raw,0,149001,150000,1000,10.206336975097656,10.180688858032227,0,8.42732895374298,8.427120412826538,8.427120412826538,0.001,0.0,0.0017680586726637557,0.0,0.0
unguided_raw,0,150001,151000,1000,10.166531562805176,10.0628662109375,0,8.447514277458192,8.447392135620117,8.447392135620117,0.000421875,0.0,0.0017208350793225691,0.0,0.0
unguided_raw,0,151001,152000,1000,10.147590637207031,10.101701736450195,0,8.481123880386352,8.481022000312805,8.481022000312805,0.00109375,0.0,0.0016198213568131906,0.0,0.0
unguided_raw,0,152001,153000,1000,10.11900520324707,10.046164512634277,0,8.477663003921508,8.477377054214477,8.477377054214477,0.001390625,0.0,0.0018843777475121897,0.0,0.0
unguided_raw,0,153001,154000,1000,10.106780052185059,10.033215522766113,0,8.457722961425782,8.457281648635865,8.457281648635865,0.000234375,0.0,0.001999207330722129,0.0,0.0
unguided_raw,0,154001,155000,1000,10.133798599243164,10.022777557373047,0,8.431552495002746,8.431592026233673,8.431592026233673,0.00034375,0.0,0.0012530950969376136,0.0,0.0
unguided_raw,0,155001,156000,1000,10.211868286132812,10.06997013092041,0,8.441049592018128,8.44098431301117,8.44098431301117,0.006515625,0.0,0.00116097054691636,0.0,0.0
unguided_raw,0,156001,157000,1000,10.09753704071045,10.0,0,8.394145463943481,8.394225936889649,8.394225936889649,0.0,0.0,0.0010636755620798794,0.0,0.0
unguided_raw,0,157001,158000,1000,10.092720985412598,10.033897399902344,0,8.37844465303421,8.37846287536621,8.37846287536621,0.000125,0.0,0.0011340567162260414,0.0,0.0
unguided_raw,0,158001,159000,1000,10.109648704528809,10.046393394470215,0,8.39036265850067,8.390365768432618,8.390365768432618,0.000234375,0.0,0.0010695389670727308,0.0,0.0
unguided_raw,0,159001,160000,1000,10.09933090209961,10.017595291137695,0,8.380294644355773,8.379228982925415,8.379228982925415,4.6875e-05,0.0,0.002116592096921522,0.0,0.0
unguided_raw,0,160001,161000,1000,10.109402656555176,10.023887634277344,0,8.334009508132935,8.333479565620422,8.333479565620422,6.25e-05,0.0,0.0016877511330094421,0.0,0.0
unguided_raw,0,161001,162000,1000,10.141178131103516,10.037955284118652,0,8.32772382926941,8.327272559642791,8.327272559642791,0.000296875,0.0,0.0016310418327047955,0.0,0.0
unguided_raw,0,162001,163000,1000,10.082261085510254,10.016192436218262,0,8.364476506233215,8.36391139793396,8.36391139793396,0.0001875,0.0,0.0015467415102757513,0.0,0.0
unguided_raw,0,163001,164000,1000,10.097476959228516,10.02306079864502,0,8.359848517417907,8.359555604934693,8.359555604934693,9.375e-05,0.0,0.0011562229443661635,0.0,0.0
unguided_raw,0,164001,165000,1000,10.098740577697754,10.027817726135254,0,8.378909658432006,8.378526505470276,8.378526505470276,0.000265625,0.0,0.001229041174374288,0.0,0.0
unguided_raw,0,165001,166000,1000,10.108993530273438,10.024897575378418,0,8.376854837417602,8.376130863189697,8.376130863189697,1.5625e-05,0.0,0.0015506457416631747,0.0,0.0
unguided_raw,0,166001,167000,1000,10.088764190673828,10.008235931396484,0,8.381498341560365,8.380708323478698,8.380708323478698,0.000140625,0.0,0.001962493899380206,0.0,0.0
unguided_raw,0,167001,168000,1000,10.070208549499512,10.00117015838623,0,8.388956015586853,8.388229223251344,8.388229223251344,3.125e-05,0.0,0.001561145833824412,0.0,0.0
unguided_raw,0,168001,169000,1000,10.070569038391113,10.00220775604248,0,8.392526369094849,8.391976556777955,8.391976556777955,6.25e-05,0.0,0.0013287600167677738,0.0,0.0
unguided_raw,0,169001,170000,1000,10.118193626403809,10.0,0,8.36795517539978,8.367685425758362,8.367685425758362,0.0,0.0,0.001327817496145144,0.0,0.0
unguided_raw,0,170001,171000,1000,10.133797645568848,10.034197807312012,0,8.376243849754333,8.376256106853486,8.376256106853486,0.00015625,0.0,0.0010783245386119234,0.0,0.0
unguided_raw,0,171001,172000,1000,10.144661903381348,10.053442001342773,0,8.409274247169495,8.409314128875732,8.409314128875732,4.6875e-05,0.0,0.0006803135599038797,0.0,0.0
unguided_raw,0,172001,173000,1000,10.092925071716309,10.007948875427246,0,8.401916231155395,8.401069088935852,8.401069088935852,0.000125,0.0,0.0015375734395784092,0.0,0.0
unguided_raw,0,173001,174000,1000,10.095134735107422,10.0,0,8.392571283340454,8.392234226226806,8.392234226226806,0.0,0.0,0.001127348288864596,0.0,0.0
unguided_raw,0,174001,175000,1000,10.112972259521484,10.029240608215332,0,8.392640279769898,8.392527176380158,8.392527176380158,0.000203125,0.0,0.0007646081874991069,0.0,0.0
unguided_raw,0,175001,176000,1000,10.088522911071777,10.0,0,8.362640586853027,8.362630105018615,8.362630105018615,0.0,0.0,0.0008098451305850176,0.0,0.0
unguided_raw,0,176001,177000,1000,10.059297561645508,10.025972366333008,0,8.379920627593995,8.379881937026978,8.379881937026978,1.5625e-05,0.0,0.0005526548178459052,0.0,0.0
unguided_raw,0,177001,178000,1000,10.097586631774902,10.030735969543457,0,8.386049592971801,8.386103009700776,8.386103009700776,1.5625e-05,0.0,0.00043272498367150547,0.0,0.0
unguided_raw,0,178001,179000,1000,10.08706283569336,10.030735969543457,0,8.40652231502533,8.40651171207428,8.40651171207428,7.8125e-05,0.0,0.000470541078975657,0.0,0.0
unguided_raw,0,179001,180000,1000,10.083144187927246,10.009970664978027,0,8.425154585838317,8.424486442565918,8.424486442565918,7.8125e-05,0.0,0.0013992798449326074,0.0,0.0
unguided_raw,0,180001,181000,1000,10.066662788391113,10.001863479614258,0,8.417597816467286,8.417486947059631,8.417486947059631,6.25e-05,0.0,0.0007385828970727744,0.0,0.0
unguided_raw,0,181001,182000,1000,10.066238403320312,10.0,0,8.402385342597961,8.402399255752563,8.402399255752563,0.0,0.0,0.00040495746213127856,0.0,0.0
unguided_raw,0,182001,183000,1000,10.051156997680664,10.0,0,8.390216299057007,8.390017117500305,8.390017117500305,0.0,0.0,0.0007061537339905044,0.0,0.0
unguided_raw,0,183001,184000,1000,10.060678482055664,10.016395568847656,0,8.383986483573914,8.383721975803375,8.383721975803375,0.000109375,0.0,0.0008096408896672073,0.0,0.0
unguided_raw,0,184001,185000,1000,10.048033714294434,10.0,0,8.383775017738342,8.383802441596984,8.383802441596984,0.0,0.0,0.00047482722491986354,0.0,0.0
unguided_raw,0,185001,186000,1000,10.068212509155273,10.0,0,8.378879596710204,8.378859859466553,8.378859859466553,0.0,0.0,0.0003743573007013765,0.0,0.0
unguided_raw,0,186001,187000,1000,10.085197448730469,10.0,0,8.392052819252013,8.391604528427123,8.391604528427123,0.0,0.0,0.0010062087631740723,0.0,0.0
unguided_raw,0,187001,188000,1000,10.09584903717041,10.030906677246094,0,8.398792788505554,8.398749244689942,8.398749244689942,4.6875e-05,0.0,0.0005165811516999383,0.0,0.0
unguided_raw,0,188001,189000,1000,10.048529624938965,10.0,0,8.387526903152466,8.387558574676513,8.387558574676513,0.0,0.0,0.0003978820663323859,0.0,0.0
unguided_raw,0,189001,190000,1000,10.047187805175781,10.0,0,8.386981834888457,8.386983607292175,8.386983607292175,0.0,0.0,0.0003298810270098329,0.0,0.0
unguided_raw,0,190001,191000,1000,10.054847717285156,10.0,0,8.39091485118866,8.39056031703949,8.39056031703949,0.0,0.0,0.0008452125736948801,0.0,0.0
unguided_raw,0,191001,192000,1000,10.056421279907227,10.0,0,8.39854456615448,8.39820050907135,8.39820050907135,0.0,0.0,0.000707085184258176,0.0,0.0
unguided_raw,0,192001,193000,1000,10.083361625671387,10.0,0,8.379195476055145,8.37896252155304,8.37896252155304,0.0,0.0,0.0008616877970416681,0.0,0.0
unguided_raw,0,193001,194000,1000,10.070189476013184,10.0,0,8.37430866241455,8.373328977584839,8.373328977584839,0.0,0.0,0.0017010737735254225,0.0,0.0
unguided_raw,0,194001,195000,1000,10.062445640563965,10.017151832580566,0,8.380473575592042,8.379490604877471,8.379490604877471,3.125e-05,0.0,0.0020994739077141275,0.0,0.0
unguided_raw,0,195001,196000,1000,10.08668327331543,10.004624366760254,0,8.352256645679473,8.352270678520203,8.352270678520203,1.5625e-05,0.0,0.0008469241722195875,0.0,0.0
unguided_raw,0,196001,197000,1000,10.05457878112793,10.0,0,8.370116312503814,8.370102985858917,8.370102985858917,0.0,0.0,0.0005034636811469681,0.0,0.0
unguided_raw,0,197001,198000,1000,10.046528816223145,10.0,0,8.35311210012436,8.352981136322022,8.352981136322022,0.0,0.0,0.0006372070118231931,0.0,0.0
unguided_raw,0,198001,199000,1000,10.05418586730957,10.0,0,8.329078081130982,8.328198659420014,8.328198659420014,0.0,0.0,0.0014782122480028193,0.0,0.0
unguided_raw,0,199001,200000,1000,10.0645751953125,10.0,0,8.329336571216583,8.32885448551178,8.32885448551178,0.0,0.0,0.0016868872446648311,0.0,0.0
unguided_bound,0,1,1000,501,0.145816370844841,0.15723468363285065,0,0.03701419757675387,0.0377040600035611,0.0377040600035611,0.0,0.0,0.0005815665417916981,0.0,0.0
unguided_bound,0,1001,2000,1000,0.30825626850128174,0.3120936155319214,0,0.15289269957691431,0.15333390341699124,0.15333390341699124,0.0,0.0,2.4136123879543448e-05,0.0,0.0
unguided_bound,0,2001,3000,1000,1.1962543725967407,0.4579940736293793,0,0.30669006775319574,0.3068319428563118,0.3068319428563118,0.0,0.0,0.00015647402899730877,0.0,0.0
unguided_bound,0,3001,4000,1000,1.3991016149520874,0.6252795457839966,0,0.45367505902051924,0.4537166823148727,0.4537166823148727,0.0,0.0,0.00023068276671779132,0.0,0.0
unguided_bound,0,4001,5000,1000,1.429776906967163,0.7756826281547546,0,0.6000772452354431,0.6001495448946953,0.6001495448946953,0.0,0.0,0.00011391857953003636,0.0,0.0
unguided_bound,0,5001,6000,1000,1.2816369533538818,1.045444369316101,0,0.7321699566841126,0.7322398048639297,0.7322398048639297,0.0,0.0,0.00013704444173436058,0.0,0.0
unguided_bound,0,6001,7000,1000,1.4328484535217285,1.150986909866333,0,0.8649676788449288,0.8650609276294708,0.8650609276294708,0.0,0.0,0.00019488694883966674,0.0,0.0
unguided_bound,0,7001,8000,1000,1.6036827564239502,1.463484287261963,0,1.0016836894154548,1.001754493534565,1.001754493534565,0.0,0.0,0.00023793779645711765,0.0,0.0
unguided_bound,0,8001,9000,1000,1.6892855167388916,1.5452042818069458,0,1.134900776863098,1.1350249594449997,1.1350249594449997,0.0,0.0,0.00045582595168889385,0.0,0.0
unguided_bound,0,9001,10000,1000,1.953143835067749,1.866160273551941,0,1.2695848716497422,1.2696502496004105,1.2696502496004105,0.0,0.0,0.00044397710104385625,0.0,0.0
unguided_bound,0,10001,11000,1000,2.157606601715088,2.1346538066864014,0,1.4298308641910553,1.4298877950906754,1.4298877950906754,0.0,0.0,0.00044634592314832846,0.0,0.0
unguided_bound,0,11001,12000,1000,2.218888282775879,2.156715154647827,0,1.5374094434976577,1.5374919502735138,1.5374919502735138,0.0,0.0,0.0008098865704232594,0.0,0.0
unguided_bound,0,12001,13000,1000,2.248969316482544,2.173581838607788,0,1.6457249240875245,1.64583127784729,1.64583127784729,0.0,0.0,0.0006497689695970621,0.0,0.0
unguided_bound,0,13001,14000,1000,2.296509265899658,2.2810308933258057,0,1.7815027574300766,1.7815733984708786,1.7815733984708786,0.0,0.0,0.0008181147370196413,0.0,0.0
unguided_bound,0,14001,15000,1000,2.4618606567382812,2.4221181869506836,0,1.902662588953972,1.9026786069869994,1.9026786069869994,0.0,0.0,0.0007281902023969451,0.0,0.0
unguided_bound,0,15001,16000,1000,2.5724172592163086,2.5217127799987793,0,1.9879332044124602,1.9879748322963715,1.9879748322963715,0.0,0.0,0.000640488196440856,0.0,0.0
unguided_bound,0,16001,17000,1000,2.530346393585205,2.470780849456787,0,2.0647496116161346,2.064795166015625,2.064795166015625,0.0,0.0,0.0005235555832186947,0.0,0.0
unguided_bound,0,17001,18000,1000,2.654374122619629,2.564114570617676,0,2.1200968029499054,2.120100081920624,2.120100081920624,0.0,0.0,0.0005830910159274936,0.0,0.0
unguided_bound,0,18001,19000,1000,2.874866247177124,2.791874408721924,0,2.1809087636470794,2.1809651250839233,2.1809651250839233,0.0,0.0,0.0004789636833156692,0.0,0.0
unguided_bound,0,19001,20000,1000,3.182304859161377,3.091768503189087,0,2.2779441154003144,2.2780143206119536,2.2780143206119536,0.0,0.0,0.000730718164195423,0.0,0.0
unguided_bound,0,20001,21000,1000,3.452373504638672,3.4063720703125,0,2.3532678406238556,2.353058940410614,2.353058940410614,0.0,0.0,0.001218764456702047,0.0,0.0
unguided_bound,0,21001,22000,1000,3.661409854888916,3.5327682495117188,0,2.413793913125992,2.4138627285957335,2.4138627285957335,0.0,0.0,0.0010046684719563928,0.0,0.0
unguided_bound,0,22001,23000,1000,3.423470973968506,3.28515362739563,0,2.452474467754364,2.4522545557022095,2.4522545557022095,0.0,0.0,0.001439783235444338,0.0,0.0
unguided_bound,0,23001,24000,1000,3.348874568939209,3.2708938121795654,0,2.5234762625694276,2.5233394985198974,2.5233394985198974,0.0,0.0,0.0012997287816688186,0.0,0.0
unguided_bound,0,24001,25000,1000,3.649902582168579,3.6592702865600586,0,2.6200390794277193,2.619659390926361,2.619659390926361,0.0,0.0,0.0017743007296521683,0.0,0.0
unguided_bound,0,25001,26000,1000,3.6969563961029053,3.5764644145965576,0,2.715308512926102,2.7153854773044586,2.7153854773044586,0.0,0.0,0.00115423507563537,0.0,0.0
unguided_bound,0,26001,27000,1000,3.9561567306518555,3.858196258544922,0,2.8155900201797484,2.815538997888565,2.815538997888565,0.0,0.0,0.0011447171400650405,0.0,0.0
unguided_bound,0,27001,28000,1000,4.182401180267334,4.124204635620117,0,2.910094516515732,2.9101293947696685,2.9101293947696685,0.0,0.0,0.0014603846415993757,0.0,0.0
unguided_bound,0,28001,29000,1000,4.313050270080566,4.14483118057251,0,3.0049010019302367,3.004933382987976,3.004933382987976,0.0,0.0,0.0011786450768413487,0.0,0.0
unguided_bound,0,29001,30000,1000,4.589054584503174,4.613701820373535,0,3.0898124644756315,3.089513734102249,3.089513734102249,0.0,0.0,0.002008910914097214,0.0,0.0
unguided_bound,0,30001,31000,1000,4.647937774658203,4.495717525482178,0,3.2135845692157745,3.2134752521514893,3.2134752521514893,0.0,0.0,0.0021862335546757095,0.0,0.0
unguided_bound,0,31001,32000,1000,4.898593902587891,4.776362895965576,0,3.322016519784927,3.3219492971897124,3.3219492971897124,0.0,0.0,0.002182482777221594,0.0,0.0
unguided_bound,0,32001,33000,1000,5.133641719818115,4.922573089599609,0,3.450414218187332,3.450382611274719,3.450382611274719,0.0,0.0,0.002981262689572759,0.0,0.0
unguided_bound,0,33001,34000,1000,5.262293815612793,5.064918518066406,0,3.5757267384529112,3.575824159145355,3.575824159145355,0.0,0.0,0.0025237888663541524,0.0,0.0
unguided_bound,0,34001,35000,1000,5.5623579025268555,5.40412712097168,0,3.6980014441013336,3.698088415145874,3.698088415145874,0.0,0.0,0.002812983280804474,0.0,0.0
unguided_bound,0,35001,36000,1000,5.88943338394165,5.809680461883545,0,3.8098372371196745,3.8098888063430785,3.8098888063430785,0.0,0.0,0.002828481724485755,0.0,0.0
unguided_bound,0,36001,37000,1000,6.094775199890137,5.983373641967773,0,3.9790128648281096,3.9789151833057406,3.9789151833057406,0.0,0.0,0.003531860995804891,0.0,0.0
unguided_bound,0,37001,38000,1000,6.29843807220459,6.047489643096924,0,4.158342387199402,4.158384324789047,4.158384324789047,0.0,0.0,0.004267056350014172,0.0,0.0
unguided_bound,0,38001,39000,1000,6.579452991485596,6.42561674118042,0,4.3553484373092655,4.355501086950302,4.355501086950302,0.0,0.0,0.004308442045003176,0.0,0.0
unguided_bound,0,39001,40000,1000,6.956816673278809,6.721859455108643,0,4.509046763896942,4.5092502145767215,4.5092502145767215,0.0,0.0,0.004111397762433626,0.0,0.0
unguided_bound,0,40001,41000,1000,7.086912155151367,6.875803470611572,0,4.668191648006439,4.668282639026642,4.668282639026642,0.0,0.0,0.0034363941407063977,0.0,0.0
unguided_bound,0,41001,42000,1000,7.221936225891113,7.129219055175781,0,4.809159028530121,4.808806681156159,4.808806681156159,0.0,0.0,0.0035996338347904383,0.0,0.0
unguided_bound,0,42001,43000,1000,7.463451385498047,7.319812297821045,0,4.927522964954377,4.927078649520874,4.927078649520874,0.0,0.0,0.0037378778010606767,0.0,0.0
unguided_bound,0,43001,44000,1000,8.367927551269531,7.898751735687256,0,5.052925059795379,5.052993746757507,5.052993746757507,0.0,0.0,0.0039348830337403344,0.0,0.0
unguided_bound,0,44001,45000,1000,8.818018913269043,8.463103294372559,0,5.1264026145935055,5.126474479675293,5.126474479675293,0.0,0.0,0.004942367453710176,0.0,0.0
unguided_bound,0,45001,46000,1000,9.397759437561035,8.816849708557129,0,5.241292728424073,5.24149084854126,5.24149084854126,0.0,0.0,0.006488497011945583,0.0,0.0
unguided_bound,0,46001,47000,1000,8.698518753051758,8.431479454040527,0,5.382986001491546,5.383529787540436,5.383529787540436,0.0,0.0,0.005909777001361363,0.0,0.0
unguided_bound,0,47001,48000,1000,8.639543533325195,8.481063842773438,0,5.5100797185897825,5.5110009207725525,5.5110009207725525,0.0,0.0,0.00761519511602819,0.0,0.0
unguided_bound,0,48001,49000,1000,9.321292877197266,8.883872985839844,0,5.647039388179779,5.6482820234298705,5.6482820234298705,0.0,0.0,0.008806757898419164,0.0,0.0
unguided_bound,0,49001,50000,1000,9.414894104003906,9.152766227722168,0,5.836132332801819,5.838083957195282,5.838083957195282,0.0,0.0,0.01054160274611786,0.0,0.0
unguided_bound,0,50001,51000,1000,10.119766235351562,9.624635696411133,0,6.076279645442963,6.077950010299682,6.077950010299682,0.0,0.0,0.012412923892727122,0.0,0.0
unguided_bound,0,51001,52000,1000,10.343140602111816,9.982824325561523,0,6.312153117656708,6.313659926891327,6.313659926891327,0.0,0.0,0.01421881581330672,0.0,0.0
unguided_bound,0,52001,53000,1000,10.825329780578613,10.598278045654297,0,6.5015422611236575,6.504048305988312,6.504292628288269,0.00134375,0.00134375,0.013409028556896374,0.0,0.0
unguided_bound,0,53001,54000,1000,11.50434684753418,11.076091766357422,0,6.743499711513519,6.745748286247253,6.7465131530761715,0.00290625,0.00290625,0.01173892303998582,0.0,0.0
unguided_bound,0,54001,55000,1000,11.64599323272705,11.500969886779785,0,7.09587802028656,7.098793934345245,7.100273620128632,0.005015625,0.005015625,0.013319557978771627,0.0,0.0
unguided_bound,0,55001,56000,1000,11.698491096496582,11.723872184753418,0,7.376414451122284,7.379161499500275,7.38040546798706,0.004171875,0.004171875,0.011402822349686176,0.0,0.0
unguided_bound,0,56001,57000,1000,11.53325080871582,11.541930198669434,0,7.6137529244422915,7.616035163879395,7.617779865264892,0.005515625,0.005515625,0.01053922481497284,0.0,0.0
unguided_bound,0,57001,58000,1000,11.202472686767578,11.061019897460938,0,7.747602917671204,7.750433426380157,7.7520515871047975,0.006109375,0.006109375,0.011677243369282223,0.0,0.0
unguided_bound,0,58001,59000,1000,11.029894828796387,11.033928871154785,0,7.800343753814698,7.80351339673996,7.804469689369202,0.003625,0.003625,0.013723033416550607,0.0,0.0
unguided_bound,0,59001,60000,1000,11.077897071838379,11.026535987854004,0,7.967029472351074,7.969890646934509,7.97062838935852,0.003296875,0.003296875,0.014273017121246085,0.0,0.0
unguided_bound,0,60001,61000,1000,11.142106056213379,10.991679191589355,0,8.078912497520447,8.08022482061386,8.080793278694152,0.002234375,0.002234375,0.010883121248334647,0.0,0.0
unguided_bound,0,61001,62000,1000,10.968009948730469,10.874337196350098,0,8.207646487236023,8.20839130449295,8.208677237987517,0.001828125,0.001828125,0.008062035340932198,0.0,0.0
unguided_bound,0,62001,63000,1000,10.876012802124023,10.685070037841797,0,8.371348944187165,8.371717843532561,8.37189934206009,0.001296875,0.001296875,0.007117280677892268,0.0,0.0
unguided_bound,0,63001,64000,1000,10.650288581848145,10.287877082824707,0,8.43139859199524,8.43179971408844,8.431856716156005,0.00059375,0.00059375,0.008102839409024455,0.0,0.0
unguided_bound,0,64001,65000,1000,11.016473770141602,10.553842544555664,0,8.548262467384339,8.548338815689087,8.548499338150025,0.0013125,0.0013125,0.00699295987538062,0.0,0.0
unguided_bound,0,65001,66000,1000,10.65109920501709,10.56811809539795,0,8.660797776222228,8.660921021461487,8.661050048828125,0.0011875,0.0011875,0.006255240198457614,0.0,0.0
unguided_bound,0,66001,67000,1000,10.524454116821289,10.302038192749023,0,8.652035910606385,8.651923784255981,8.651960700035096,0.000265625,0.000265625,0.005517289894167334,0.0,0.0
unguided_bound,0,67001,68000,1000,10.221248626708984,10.257166862487793,0,8.63031356716156,8.630395352363587,8.630435139656067,0.0003125,0.0003125,0.004392464447882958,0.0,0.0
unguided_bound,0,68001,69000,1000,10.341747283935547,10.341448783874512,0,8.547184329032898,8.546634502410889,8.546720700263977,0.000578125,0.000578125,0.004489403911167756,0.0,0.0
unguided_bound,0,69001,70000,1000,10.349967956542969,10.192893981933594,0,8.41550935125351,8.415407400608062,8.415420471668243,0.000109375,0.000109375,0.0038592524020932615,0.0,0.0
unguided_bound,0,70001,71000,1000,10.216882705688477,10.062045097351074,0,8.253183403491974,8.253192430496215,8.253196145057679,9.375e-05,9.375e-05,0.0041403660672949625,0.0,0.0
unguided_bound,0,71001,72000,1000,10.229020118713379,10.043163299560547,0,8.1399547996521,8.139282052993774,8.139283722877503,6.25e-05,6.25e-05,0.005262151030707173,0.0,0.0
unguided_bound,0,72001,73000,1000,10.14976978302002,10.015663146972656,0,8.025774574756623,8.0254902176857,8.025490590572357,3.125e-05,3.125e-05,0.004865431329584681,0.0,0.0
unguided_bound,0,73001,74000,1000,10.146995544433594,10.054177284240723,0,7.924548332214355,7.924368183612824,7.92436928653717,3.125e-05,3.125e-05,0.004755475445650518,0.0,0.0
unguided_bound,0,74001,75000,1000,10.149876594543457,9.986443519592285,0,7.820511235713958,7.8203519411087035,7.8203519411087035,0.0,0.0,0.004642102675163187,0.0,0.0
unguided_bound,0,75001,76000,1000,9.984370231628418,9.837302207946777,0,7.745969153404236,7.745579296588898,7.745579296588898,0.0,0.0,0.005444387658382766,0.0,0.0
unguided_bound,0,76001,77000,1000,9.451475143432617,9.235875129699707,0,7.658053848266602,7.658341297626495,7.658341297626495,0.0,0.0,0.0049028900624252855,0.0,0.0
unguided_bound,0,77001,78000,1000,9.549534797668457,9.117647171020508,0,7.6051322016716005,7.6042226548194884,7.6042226548194884,0.0,0.0,0.005507591554545797,0.0,0.0
unguided_bound,0,78001,79000,1000,9.408477783203125,8.968360900878906,0,7.5270968737602235,7.527004444599152,7.527004444599152,0.0,0.0,0.00378739718766883,0.0,0.0
unguided_bound,0,79001,80000,1000,9.21434497833252,9.01852798461914,0,7.466693176746368,7.466603584289551,7.466603584289551,0.0,0.0,0.003919358846498654,0.0,0.0
unguided_bound,0,80001,81000,1000,8.965309143066406,8.856498718261719,0,7.424016769886017,7.423959042549133,7.423959042549133,0.0,0.0,0.003683795507531613,0.0,0.0
unguided_bound,0,81001,82000,1000,8.97882080078125,8.822892189025879,0,7.382504515647888,7.381972847938537,7.381972847938537,0.0,0.0,0.003820607813540846,0.0,0.0
unguided_bound,0,82001,83000,1000,9.001147270202637,8.843656539916992,0,7.281826552391053,7.281873438358307,7.281873438358307,0.0,0.0,0.0031565996658755465,0.0,0.0
unguided_bound,0,83001,84000,1000,8.981789588928223,8.931971549987793,0,7.200630030155182,7.200698716163635,7.200698716163635,0.0,0.0,0.0031036988530540838,0.0,0.0
unguided_bound,0,84001,85000,1000,8.82619857788086,8.784207344055176,0,7.124141773700714,7.123933631420136,7.123933631420136,0.0,0.0,0.003762965235975571,0.0,0.0
unguided_bound,0,85001,86000,1000,9.008905410766602,8.958816528320312,0,7.032758050441742,7.032746056079865,7.032746056079865,0.0,0.0,0.0038866980063030497,0.0,0.0
unguided_bound,0,86001,87000,1000,9.29004192352295,9.087882995605469,0,6.988934921741485,6.989549271583557,6.989549271583557,0.0,0.0,0.004823619215632789,0.0,0.0
unguided_bound,0,87001,88000,1000,9.18628215789795,8.982195854187012,0,6.9390268869400025,6.939438298225403,6.939438298225403,0.0,0.0,0.0037343586942879484,0.0,0.0
unguided_bound,0,88001,89000,1000,9.000133514404297,8.85411262512207,0,6.901571664333344,6.902145698070526,6.902145698070526,0.0,0.0,0.0031703444253653288,0.0,0.0
unguided_bound,0,89001,90000,1000,8.926910400390625,8.819750785827637,0,6.80494685792923,6.805209426879883,6.805209426879883,0.0,0.0,0.003892617265053559,0.0,0.0
unguided_bound,0,90001,91000,1000,8.977099418640137,8.901352882385254,0,6.667085493087769,6.667236894130707,6.667236894130707,0.0,0.0,0.0034328202312462965,0.0,0.0
unguided_bound,0,91001,92000,1000,8.721009254455566,8.587953567504883,0,6.584580097675324,6.585169509887695,6.585169509887695,0.0,0.0,0.0031267565537127667,0.0,0.0
unguided_bound,0,92001,93000,1000,8.533699035644531,8.304984092712402,0,6.480461565971375,6.480277177333832,6.480277177333832,0.0,0.0,0.003170956099580508,0.0,0.0
unguided_bound,0,93001,94000,1000,8.4517240524292,8.402865409851074,0,6.422983951568604,6.423759141921997,6.423759141921997,0.0,0.0,0.003739962375315372,0.0,0.0
unguided_bound,0,94001,95000,1000,8.087959289550781,8.091527938842773,0,6.335224500656128,6.335212714195252,6.335212714195252,0.0,0.0,0.0025711772164795548,0.0,0.0
unguided_bound,0,95001,96000,1000,7.985723495483398,7.858867168426514,0,6.251808584213257,6.251808700561523,6.251808700561523,0.0,0.0,0.0015232014199427794,0.0,0.0
unguided_bound,0,96001,97000,1000,7.72839879989624,7.671998023986816,0,6.100806302547455,6.100430510520935,6.100430510520935,0.0,0.0,0.002231184190401109,0.0,0.0
unguided_bound,0,97001,98000,1000,7.628592491149902,10.0,0,5.9969974660873415,5.9968021068573,5.9968021068573,0.0,0.0,0.0019353270325227641,0.0,0.0
unguided_bound,0,98001,99000,1000,7.559866428375244,10.0,0,5.852506855487824,5.8526200881004335,5.8526200881004335,0.0,0.0,0.002168982364659314,0.0,0.0
unguided_bound,0,99001,100000,1000,6.867222785949707,10.0,0,5.71973894405365,5.719640526294708,5.719640526294708,0.0,0.0,0.0017223372256121366,0.0,0.0
unguided_bound,0,100001,101000,1000,7.456607341766357,10.0,0,5.52615384054184,5.526263630390167,5.526263630390167,0.0,0.0,0.0019457399282546248,0.0,0.0
unguided_bound,0,101001,102000,1000,10.21774673461914,10.0,0,5.375927453994751,5.376090193271637,5.376090193271637,0.0,0.0,0.0017450534135859926,0.0,0.0
unguided_bound,0,102001,103000,1000,11.030879974365234,10.975770950317383,0,5.2786170411109925,5.278829756736755,5.278860249996185,3.125e-05,3.125e-05,0.001824270918034017,0.0,0.0
unguided_bound,0,103001,104000,1000,13.156285285949707,13.064722061157227,0,5.201690386772156,5.201685846328735,5.201968523979187,0.000296875,0.000296875,0.003063611649471568,0.0,0.0
unguided_bound,0,104001,105000,1000,11.422343254089355,10.755938529968262,0,5.197733026504516,5.198091911315918,5.198168147563934,0.00025,0.00025,0.0037323100179783067,0.0,0.0
unguided_bound,0,105001,106000,1000,11.08864974975586,10.838422775268555,0,5.197092210769653,5.197070869445801,5.197260873317719,0.0008125,0.0008125,0.004401895927148871,0.0,0.0
unguided_bound,0,106001,107000,1000,10.988347053527832,10.59224796295166,0,5.23993577337265,5.240045554161072,5.2406046891212466,0.00275,0.00275,0.004225877762422897,0.0,0.0
unguided_bound,0,107001,108000,1000,11.028800010681152,10.630608558654785,0,5.3697083783149715,5.369831761360168,5.370409504890442,0.003890625,0.003890625,0.0039969546133070254,0.0,0.0
unguided_bound,0,108001,109000,1000,11.04366397857666,10.545531272888184,0,5.528517819404602,5.52860137796402,5.529100950717926,0.003859375,0.003859375,0.0045618622179026715,0.0,0.0
unguided_bound,0,109001,110000,1000,10.860607147216797,10.709237098693848,0,5.68476128578186,5.684766096591949,5.685892556190491,0.00696875,0.00696875,0.004546123815583996,0.0,0.0
unguided_bound,0,110001,111000,1000,10.93968391418457,10.613228797912598,0,5.797470057487488,5.797484538555145,5.798209046840667,0.005109375,0.005109375,0.005065065093920566,0.0,0.0
unguided_bound,0,111001,112000,1000,10.784327507019043,10.553743362426758,0,5.928444515228271,5.928686936855316,5.929268820762634,0.004015625,0.004015625,0.005459148974332493,0.0,0.0
unguided_bound,0,112001,113000,1000,10.979069709777832,10.880906105041504,0,6.24106662940979,6.241140019416809,6.242544102668762,0.008703125,0.008703125,0.006073148329160176,0.0,0.0
unguided_bound,0,113001,114000,1000,10.774452209472656,10.598164558410645,0,6.568166143417359,6.567973336219787,6.568700125217438,0.0066875,0.0066875,0.006150362676242366,0.0,0.0
unguided_bound,0,114001,115000,1000,10.624378204345703,10.407740592956543,0,6.79065364074707,6.790712019443512,6.7911901497840885,0.005109375,0.005109375,0.005049612404196523,0.0,0.0
unguided_bound,0,115001,116000,1000,10.568253517150879,10.425285339355469,0,7.039550667762756,7.039677218437195,7.040329166412354,0.006171875,0.006171875,0.0050918544126907364,0.0,0.0
unguided_bound,0,116001,117000,1000,11.288949966430664,10.749205589294434,0,7.347681194782257,7.347007309913635,7.347734607219696,0.0064375,0.0064375,0.0058835177426226435,0.0,0.0
unguided_bound,0,117001,118000,1000,10.855804443359375,10.773445129394531,0,7.711001187324524,7.71038458108902,7.711184796810151,0.00990625,0.00990625,0.006305005094385706,0.0,0.0
unguided_bound,0,118001,119000,1000,10.767692565917969,10.354463577270508,0,7.9764042792320256,7.976489325046539,7.976708979129791,0.002484375,0.002484375,0.004784335100790486,0.0,0.0
unguided_bound,0,119001,120000,1000,10.529180526733398,10.302430152893066,0,8.282981127262115,8.282945265769959,8.283044729709625,0.00084375,0.00084375,0.004489814379368909,0.0,0.0
unguided_bound,0,120001,121000,1000,10.55970287322998,10.444684982299805,0,8.457370969772338,8.4574693608284,8.457603992938996,0.001515625,0.001515625,0.004985402295831591,0.0,0.0
unguided_bound,0,121001,122000,1000,10.749786376953125,10.410079956054688,0,8.627764796257019,8.627473155975341,8.62760979270935,0.00221875,0.00221875,0.004757684800308198,0.0,0.0
unguided_bound,0,122001,123000,1000,10.928055763244629,10.512861251831055,0,8.634534430503845,8.63462789440155,8.634734705924988,0.000640625,0.000640625,0.004089349194779061,0.0,0.0
unguided_bound,0,123001,124000,1000,10.59504222869873,10.617314338684082,0,8.623989206314087,8.623234175682068,8.623342854499818,0.000609375,0.000609375,0.004237311783945188,0.0,0.0
unguided_bound,0,124001,125000,1000,10.653130531311035,10.430593490600586,0,8.620817128181457,8.620454652786254,8.620544642448426,0.0010625,0.0010625,0.0040098829925409515,0.0,0.0
unguided_bound,0,125001,126000,1000,10.605996131896973,10.51924991607666,0,8.622555742263794,8.621746416091918,8.62186122894287,0.0006875,0.0006875,0.004096194911922793,0.0,0.0
unguided_bound,0,126001,127000,1000,10.593077659606934,10.469660758972168,0,8.614073243141174,8.614004336357116,8.614051445007323,0.00053125,0.00053125,0.0028934936575242317,0.0,0.0
unguided_bound,0,127001,128000,1000,10.237794876098633,10.120205879211426,0,8.611801312446595,8.611945768356323,8.611974087715149,0.00115625,0.00115625,0.002631267045799177,0.0,0.0
unguided_bound,0,128001,129000,1000,10.194615364074707,10.164156913757324,0,8.577889909744263,8.577836035728454,8.577853521347047,0.001296875,0.001296875,0.002475526140071452,0.0,0.0
unguided_bound,0,129001,130000,1000,10.164958953857422,10.077908515930176,0,8.507367176055908,8.50739991092682,8.507423997879028,0.000890625,0.000890625,0.002206684991135262,0.0,0.0
unguided_bound,0,130001,131000,1000,10.251114845275879,10.196565628051758,0,8.46020594215393,8.460324277877808,8.460395315170288,0.001921875,0.001921875,0.0025280925536644645,0.0,0.0
unguided_bound,0,131001,132000,1000,10.202167510986328,10.129729270935059,0,8.433402205944061,8.432889636993409,8.432899265289306,0.0003125,0.0003125,0.0027519677801756187,0.0,0.0
unguided_bound,0,132001,133000,1000,10.33372974395752,10.196935653686523,0,8.41442925453186,8.413798659324646,8.413836946487427,0.0008125,0.0008125,0.0025616980505292304,0.0,0.0
unguided_bound,0,133001,134000,1000,10.263321876525879,10.207971572875977,0,8.381448298931122,8.380856084346771,8.380914908885956,0.002171875,0.002171875,0.0026788900239625947,0.0,0.0
unguided_bound,0,134001,135000,1000,10.243489265441895,10.125399589538574,0,8.353289712905884,8.35325308227539,8.35329285812378,0.000796875,0.000796875,0.0019388262428692543,0.0,0.0
unguided_bound,0,135001,136000,1000,10.199069023132324,10.133682250976562,0,8.304152091979981,8.304132400512696,8.304150353908538,0.000296875,0.000296875,0.001637176333955722,0.0,0.0
unguided_bound,0,136001,137000,1000,10.255842208862305,10.146486282348633,0,8.30526553583145,8.30528952741623,8.30532890176773,0.000828125,0.000828125,0.0015637618025648409,0.0,0.0
unguided_bound,0,137001,138000,1000,10.21789264678955,10.098210334777832,0,8.349558527469634,8.349626601696015,8.349648514270783,0.000671875,0.000671875,0.0015295319033029955,0.0,0.0
unguided_bound,0,138001,139000,1000,10.232401847839355,10.141654014587402,0,8.389663949489593,8.38966560602188,8.389705566883087,0.00075,0.00075,0.0014486594134068582,0.0,0.0
unguided_bound,0,139001,140000,1000,10.266120910644531,10.086215019226074,0,8.43659049987793,8.436562088012696,8.43657615661621,0.00046875,0.00046875,0.001309241955721518,0.0,0.0
unguided_bound,0,140001,141000,1000,10.183006286621094,10.037531852722168,0,8.471125681877137,8.471133437156677,8.47113976764679,0.00046875,0.00046875,0.0012872821406053844,0.0,0.0
unguided_bound,0,141001,142000,1000,10.093897819519043,10.0,0,8.502070360183716,8.502123655319213,8.502123655319213,0.0,0.0,0.0011276015488256234,0.0,0.0
unguided_bound,0,142001,143000,1000,10.290873527526855,10.230633735656738,0,8.502473044395447,8.501909351348877,8.501923931121826,0.00046875,0.00046875,0.0021351737367513125,0.0,0.0
unguided_bound,0,143001,144000,1000,10.26176643371582,10.239344596862793,0,8.514208450317383,8.514200494766236,8.514214272499084,0.00040625,0.00040625,0.0013343730292690451,0.0,0.0
unguided_bound,0,144001,145000,1000,10.14587116241455,10.052160263061523,0,8.509876044273376,8.509761965751649,8.509767386436462,0.000390625,0.000390625,0.0016450293958187104,0.0,0.0
unguided_bound,0,145001,146000,1000,10.105559349060059,10.016650199890137,0,8.476840836524964,8.476915602684022,8.4769170255661,0.000125,0.000125,0.00117188572944724,0.0,0.0
unguided_bound,0,146001,147000,1000,10.12463665008545,10.109200477600098,0,8.471005180358887,8.470841601371765,8.470851886749267,0.000515625,0.000515625,0.0014807301884866319,0.0,0.0
unguided_bound,0,147001,148000,1000,10.103775978088379,10.017402648925781,0,8.468492465019226,8.46834295463562,8.468343459129333,0.000140625,0.000140625,0.0014901308087573852,0.0,0.0
unguided_bound,0,148001,149000,1000,10.096513748168945,10.12248420715332,0,8.469394857406616,8.469336729049683,8.46934273815155,0.000125,0.000125,0.001242313400580315,0.0,0.0
unguided_bound,0,149001,150000,1000,10.106849670410156,10.151073455810547,0,8.448818040847778,8.448428833961486,8.448435914993286,4.6875e-05,4.6875e-05,0.0017976844388467726,0.0,0.0
unguided_bound,0,150001,151000,1000,10.101051330566406,10.013633728027344,0,8.415500880241394,8.41553895664215,8.415539717674255,6.25e-05,6.25e-05,0.000976509673986584,0.0,0.0
unguided_bound,0,151001,152000,1000,10.126362800598145,10.04209041595459,0,8.42740090751648,8.427288284301758,8.42728980731964,7.8125e-05,7.8125e-05,0.0012497650622390211,0.0,0.0
unguided_bound,0,152001,153000,1000,10.088496208190918,10.0,0,8.445135592460632,8.445128918647766,8.445128918647766,0.0,0.0,0.000933465066482313,0.0,0.0
unguided_bound,0,153001,154000,1000,10.093124389648438,10.033368110656738,0,8.409637757301331,8.409681599617004,8.40968228149414,3.125e-05,3.125e-05,0.000814273137570126,0.0,0.0
unguided_bound,0,154001,155000,1000,10.151542663574219,10.036041259765625,0,8.391578820705414,8.391618790626525,8.391622792243957,0.0003125,0.0003125,0.0008957854297477752,0.0,0.0
unguided_bound,0,155001,156000,1000,10.133559226989746,10.05649185180664,0,8.40254349708557,8.402583720207215,8.402584814071655,7.8125e-05,7.8125e-05,0.0007587416833703173,0.0,0.0
unguided_bound,0,156001,157000,1000,10.122394561767578,10.073572158813477,0,8.384649471282959,8.384581452369689,8.38458514881134,0.000140625,0.000140625,0.0011015217421518173,0.0,0.0
unguided_bound,0,157001,158000,1000,10.106700897216797,10.022103309631348,0,8.405246376037597,8.405263995170593,8.405264898300171,9.375e-05,9.375e-05,0.0005430036711622961,0.0,0.0
unguided_bound,0,158001,159000,1000,10.0963134765625,10.042349815368652,0,8.399702467918395,8.399853740692139,8.399854402542115,1.5625e-05,1.5625e-05,0.0007825915989233181,0.0,0.0
unguided_bound,0,159001,160000,1000,10.105352401733398,10.038016319274902,0,8.389662172317506,8.389695989608764,8.389697177886962,3.125e-05,3.125e-05,0.0006141852841101354,0.0,0.0
unguided_bound,0,160001,161000,1000,10.079177856445312,10.00287914276123,0,8.401932391166687,8.401800911903381,8.401801007270812,4.6875e-05,4.6875e-05,0.0007004391587834106,0.0,0.0
unguided_bound,0,161001,162000,1000,10.136360168457031,10.06695556640625,0,8.377806043624878,8.377818373680114,8.377820492744446,4.6875e-05,4.6875e-05,0.0006015869254770223,0.0,0.0
unguided_bound,0,162001,163000,1000,10.089268684387207,10.013148307800293,0,8.353934792041779,8.353881826400757,8.353882472038269,7.8125e-05,7.8125e-05,0.0007283709635958075,0.0,0.0
unguided_bound,0,163001,164000,1000,10.070131301879883,10.033519744873047,0,8.33427300786972,8.334313284397124,8.334313807964325,1.5625e-05,1.5625e-05,0.0005579983737843577,0.0,0.0
unguided_bound,0,164001,165000,1000,10.072366714477539,10.027130126953125,0,8.303154929161071,8.302819662570954,8.302820935726166,4.6875e-05,4.6875e-05,0.0010544666231726296,0.0,0.0
unguided_bound,0,165001,166000,1000,10.203689575195312,10.0,0,8.296436640262604,8.296273229122162,8.296273229122162,0.0,0.0,0.0008590561273449566,0.0,0.0
unguided_bound,0,166001,167000,1000,10.070501327514648,10.0,0,8.293095243930816,8.29313518333435,8.29313518333435,0.0,0.0,0.0006552117655810434,0.0,0.0
unguided_bound,0,167001,168000,1000,10.087913513183594,10.020272254943848,0,8.319442798137665,8.319382011413575,8.31938263130188,7.8125e-05,7.8125e-05,0.0007690770914778113,0.0,0.0
unguided_bound,0,168001,169000,1000,10.063605308532715,10.0,0,8.317704539299012,8.317749307632447,8.317749307632447,0.0,0.0,0.0005691633003298193,0.0,0.0
unguided_bound,0,169001,170000,1000,10.061591148376465,10.0,0,8.3176970744133,8.317706979751588,8.317706979751588,0.0,0.0,0.0004768702665678575,0.0,0.0
unguided_bound,0,170001,171000,1000,10.06905746459961,10.0,0,8.321510682106018,8.321513060569764,8.321513060569764,0.0,0.0,0.0005305022775573888,0.0,0.0
unguided_bound,0,171001,172000,1000,10.10450267791748,10.023340225219727,0,8.33385771036148,8.333859327316285,8.333860056877135,3.125e-05,3.125e-05,0.000461078255189932,0.0,0.0
unguided_bound,0,172001,173000,1000,10.089533805847168,10.0,0,8.336119765281678,8.335739270687103,8.335739270687103,0.0,0.0,0.00103578909143107,0.0,0.0
unguided_bound,0,173001,174000,1000,10.11613655090332,10.0,0,8.358943971633911,8.358933786392212,8.358933786392212,0.0,0.0,0.00045241342094959694,0.0,0.0
unguided_bound,0,174001,175000,1000,10.059118270874023,10.0,0,8.370905586242676,8.370881375312806,8.370881375312806,0.0,0.0,0.0005163045506778872,0.0,0.0
unguided_bound,0,175001,176000,1000,10.069732666015625,10.0,0,8.373003339767456,8.373020407676696,8.373020407676696,0.0,0.0,0.0004338881933508674,0.0,0.0
unguided_bound,0,176001,177000,1000,10.063830375671387,10.0,0,8.346499298095702,8.346460356235504,8.346460356235504,0.0,0.0,0.0005718682166625513,0.0,0.0
unguided_bound,0,177001,178000,1000,10.074666976928711,10.016969680786133,0,8.378630514144897,8.378642384529114,8.378642649650574,1.5625e-05,1.5625e-05,0.00039931163028086305,0.0,0.0
unguided_bound,0,178001,179000,1000,10.09096908569336,10.042177200317383,0,8.38067544412613,8.380692569255828,8.380694035053253,4.6875e-05,4.6875e-05,0.0004301671806097147,0.0,0.0
unguided_bound,0,179001,180000,1000,10.077314376831055,10.0,0,8.412794296264648,8.412694674491883,8.412694674491883,0.0,0.0,0.0005548676536927814,0.0,0.0
unguided_bound,0,180001,181000,1000,10.133237838745117,10.090997695922852,0,8.414809861183166,8.414551041603088,8.414555998802186,0.000125,0.000125,0.0009565270526363747,0.0,0.0
unguided_bound,0,181001,182000,1000,10.149736404418945,10.02316951751709,0,8.39612456226349,8.396073115348816,8.396074423789978,7.8125e-05,7.8125e-05,0.0005700402895890875,0.0,0.0
unguided_bound,0,182001,183000,1000,10.16333293914795,10.035539627075195,0,8.4004308385849,8.400217226028442,8.40021903514862,7.8125e-05,7.8125e-05,0.0006957798156872741,0.0,0.0
unguided_bound,0,183001,184000,1000,10.229345321655273,10.1593656539917,0,8.41758900642395,8.41739803314209,8.417404044151306,6.25e-05,6.25e-05,0.0007727941527264192,0.0,0.0
unguided_bound,0,184001,185000,1000,10.128644943237305,10.0663423538208,0,8.412039496421814,8.41205174446106,8.412055956840515,9.375e-05,9.375e-05,0.0006159710581414401,0.0,0.0
unguided_bound,0,185001,186000,1000,10.131277084350586,10.015951156616211,0,8.400421096801757,8.40035737991333,8.400357628822327,1.5625e-05,1.5625e-05,0.0005585932817193679,0.0,0.0
unguided_bound,0,186001,187000,1000,10.215977668762207,10.188603401184082,0,8.399623386383057,8.399219820976258,8.399249658584594,0.000453125,0.000453125,0.0011070619678939693,0.0,0.0
unguided_bound,0,187001,188000,1000,10.084789276123047,10.010171890258789,0,8.380969061851502,8.380669764995575,8.380669923305511,1.5625e-05,1.5625e-05,0.0011431227000284706,0.0,0.0
unguided_bound,0,188001,189000,1000,10.065105438232422,10.0,0,8.389575945854187,8.389390317440032,8.389390317440032,0.0,0.0,0.0009504278433014406,0.0,0.0
unguided_bound,0,189001,190000,1000,10.061431884765625,10.027335166931152,0,8.392341524124145,8.392353731155396,8.392354157447816,1.5625e-05,1.5625e-05,0.0007107236334268237,0.0,0.0
unguided_bound,0,190001,191000,1000,10.054494857788086,10.0,0,8.377393748283387,8.377421644210816,8.377421644210816,0.0,0.0,0.0006118508149083936,0.0,0.0
unguided_bound,0,191001,192000,1000,10.073211669921875,10.009903907775879,0,8.363956121444701,8.363939872264861,8.363940026760101,1.5625e-05,1.5625e-05,0.0006661021473846631,0.0,0.0
unguided_bound,0,192001,193000,1000,10.076518058776855,10.0,0,8.361526242256165,8.361268010139465,8.361268010139465,0.0,0.0,0.0009547467831580434,0.0,0.0
unguided_bound,0,193001,194000,1000,10.113561630249023,10.06675910949707,0,8.367850290298462,8.367795621871949,8.367797708511352,3.125e-05,3.125e-05,0.0005733352869574446,0.0,0.0
unguided_bound,0,194001,195000,1000,10.045402526855469,10.0,0,8.360588034629822,8.360645425796509,8.360645425796509,0.0,0.0,0.0005949091328875511,0.0,0.0
unguided_bound,0,195001,196000,1000,10.048676490783691,10.0,0,8.34707099866867,8.347033259391784,8.347033259391784,0.0,0.0,0.0005323922297975515,0.0,0.0
unguided_bound,0,196001,197000,1000,10.045134544372559,10.0,0,8.355182418823242,8.355179442405701,8.355179442405701,0.0,0.0,0.00048701229863218034,0.0,0.0
unguided_bound,0,197001,198000,1000,10.049912452697754,10.0,0,8.35476414012909,8.35479295873642,8.35479295873642,0.0,0.0,0.00042202745929535013,0.0,0.0
unguided_bound,0,198001,199000,1000,10.041105270385742,10.0,0,8.355699865818023,8.355705747127534,8.355705747127534,0.0,0.0,0.0003282253649813356,0.0,0.0
unguided_bound,0,199001,200000,1000,10.052281379699707,10.0,0,8.353837747097016,8.353834726333618,8.353834726333618,0.0,0.0,0.0003778175437983009,0.0,0.0
advice_raw,0,1,1000,501,14.222678184509277,10.052079200744629,0,0.17868423338574235,0.19900208225328767,0.19900208225328767,0.001309880239520958,0.0,0.02988218111823733,0.0,0.0
advice_raw,0,1001,2000,1000,12.651741027832031,11.662374496459961,0,0.7041533512473106,0.7395620176568627,0.7395620176568627,0.015234375,0.0,0.08251150719402357,0.0,0.0
advice_raw,0,2001,3000,1000,12.198607444763184,10.59519100189209,0,1.561555543601513,1.5707799323797227,1.5707799323797227,0.0125,0.0,0.06418462614179589,0.0,0.0
advice_raw,0,3001,4000,1000,11.349029541015625,10.813587188720703,0,2.8124984344244,2.8139468104839325,2.8139468104839325,0.020421875,0.0,0.04294319247826934,0.0,0.0
advice_raw,0,4001,5000,1000,12.981800079345703,12.244673728942871,0,4.1907098450660705,4.184121078968048,4.184121078968048,0.077984375,0.0,0.039092772803269324,0.0,0.0
advice_raw,0,5001,6000,1000,13.587916374206543,13.157797813415527,0,5.605306242465973,5.598442380428314,5.598442380428314,0.135390625,0.0,0.04020340897329151,0.0,0.0
advice_raw,0,6001,7000,1000,14.7604341506958,14.287694931030273,0,6.900650847911835,6.895743180751801,6.895743180751801,0.18984375,0.0,0.030976420877501368,0.0,0.0
advice_raw,0,7001,8000,1000,15.381633758544922,14.797497749328613,0,8.06117877817154,8.05640030479431,8.05640030479431,0.24109375,0.0,0.02467938098916784,0.0,0.0
advice_raw,0,8001,9000,1000,15.926898956298828,15.588411331176758,0,8.977532778263091,8.971055869102479,8.971055869102479,0.298234375,0.0,0.02227868601656519,0.0,0.0
advice_raw,0,9001,10000,1000,16.67550277709961,15.77938461303711,0,9.801517899513245,9.796477995872497,9.796477995872497,0.409578125,0.0,0.022171419927384705,0.0,0.0
advice_raw,0,10001,11000,1000,16.7141056060791,16.065908432006836,0,10.497632219314575,10.491100609779357,10.491100609779357,0.535296875,0.0,0.023718256565276534,0.0,0.0
advice_raw,0,11001,12000,1000,17.432809829711914,17.044288635253906,0,11.125517428398132,11.120641368865966,11.120641368865966,0.668125,0.0,0.022478163798339664,0.0,0.0
advice_raw,0,12001,13000,1000,17.764699935913086,16.547414779663086,0,11.679074588775634,11.676455099105835,11.676455099105835,0.788109375,0.0,0.023795623796526343,0.0,0.0
advice_raw,0,13001,14000,1000,18.330352783203125,18.015016555786133,0,12.277446897506714,12.272199264526368,12.272199264526368,0.8890625,0.0,0.02629607090773061,0.0,0.0
advice_raw,0,14001,15000,1000,17.341632843017578,16.9741268157959,0,12.819208542823791,12.81625221633911,12.81625221633911,0.956890625,0.0,0.021892817371524872,0.0,0.0
advice_raw,0,15001,16000,1000,17.610824584960938,16.790102005004883,0,13.173354824066163,13.167816197395325,13.167816197395325,0.984109375,0.0,0.02246325813932344,0.0,0.0
advice_raw,0,16001,17000,1000,17.573402404785156,17.30247688293457,0,13.522360266685485,13.517223114013673,13.517223114013673,0.987796875,0.0,0.020414690521312878,0.0,0.0
advice_raw,0,17001,18000,1000,18.82277488708496,18.23826026916504,0,13.6544640417099,13.650779428482055,13.650779428482055,0.988484375,0.0,0.019799799933098258,0.0,0.0
advice_raw,0,18001,19000,1000,19.2137451171875,18.886075973510742,0,13.75755105781555,13.753825459480286,13.753825459480286,0.987453125,0.0,0.021221302188467236,0.0,0.0
advice_raw,0,19001,20000,1000,18.62997055053711,17.81496238708496,0,13.814880858421326,13.811877874374389,13.811877874374389,0.988828125,0.0,0.017316205601906404,0.0,0.0
advice_raw,0,20001,21000,1000,19.21944236755371,18.778757095336914,0,13.836538922309876,13.833692903518676,13.833692903518676,0.987296875,0.0,0.01890154474438168,0.0,0.0
advice_raw,0,21001,22000,1000,20.082592010498047,19.66530990600586,0,13.911267114639282,13.905332566261292,13.905332566261292,0.989234375,0.0,0.02491884710593149,0.0,0.0
advice_raw,0,22001,23000,1000,22.529911041259766,22.343551635742188,0,13.935648907661438,13.931747323036193,13.931747323036193,0.988546875,0.0,0.022019999869633464,0.0,0.0
advice_raw,0,23001,24000,1000,23.216575622558594,22.426759719848633,0,13.88573676109314,13.881417959213257,13.881417959213257,0.989734375,0.0,0.02639917437825352,0.0,0.0
advice_raw,0,24001,25000,1000,21.892972946166992,21.632156372070312,0,13.973383807182312,13.971119401931762,13.971119401931762,0.989578125,0.0,0.03007145473221317,0.0,0.0
advice_raw,0,25001,26000,1000,21.856552124023438,21.55362319946289,0,14.244147443771363,14.242810901641846,14.242810901641846,0.989515625,0.0,0.03702226442331448,0.0,0.0
advice_raw,0,26001,27000,1000,22.379318237304688,21.725332260131836,0,14.335980684280395,14.336543573379517,14.336543573379517,0.99,0.0,0.035409827628172935,0.0,0.0
advice_raw,0,27001,28000,1000,22.200510025024414,21.624589920043945,0,14.299210641860961,14.299583132743836,14.299583132743836,0.989890625,0.0,0.032002882339525966,0.0,0.0
advice_raw,0,28001,29000,1000,22.84507942199707,22.18994140625,0,14.362072543144226,14.361547718048095,14.361547718048095,0.9903125,0.0,0.030802989977877587,0.0,0.0
advice_raw,0,29001,30000,1000,24.46139907836914,23.987531661987305,0,14.661350835800171,14.659334544181824,14.659334544181824,0.990171875,0.0,0.0361075198543258,0.0,0.0
advice_raw,0,30001,31000,1000,24.784961700439453,24.799299240112305,0,14.912176139831542,14.910286444664,14.910286444664,0.990453125,0.0,0.04032911727484316,0.0,0.0
advice_raw,0,31001,32000,1000,25.802196502685547,24.788679122924805,0,15.050665521621704,15.05122779083252,15.05122779083252,0.990109375,0.0,0.04756408782396466,0.0,0.0
advice_raw,0,32001,33000,1000,26.367874145507812,26.181886672973633,0,15.52086609363556,15.522556596755981,15.522556596755981,0.990859375,0.0,0.054829544042237104,0.0,0.0
advice_raw,0,33001,34000,1000,29.666215896606445,28.342514038085938,0,16.10503906440735,16.106273389816284,16.106273389816284,0.990578125,0.0,0.06905085448548198,0.0,0.0
advice_raw,0,34001,35000,1000,29.108795166015625,28.609821319580078,0,16.49211646938324,16.496243478775025,16.496243478775025,0.99121875,0.0,0.06877029315195977,0.0,0.0
advice_raw,0,35001,36000,1000,30.302108764648438,29.476585388183594,0,17.00717783546448,17.014096471786498,17.014096471786498,0.9909375,0.0,0.07547481445595622,0.0,0.0
advice_raw,0,36001,37000,1000,32.66870880126953,31.012554168701172,0,17.423080495834352,17.43694312095642,17.43694312095642,0.991484375,0.0,0.09930477005243302,0.0,0.0
advice_raw,0,37001,38000,1000,36.02898025512695,34.649845123291016,0,18.17164005661011,18.192207992553712,18.192207992553712,0.990171875,0.0,0.11701067555136979,0.0,0.0
advice_raw,0,38001,39000,1000,36.89121627807617,36.05485153198242,0,18.63993850517273,18.658865167617797,18.658865167617797,0.9901875,0.0,0.12893116972036658,0.0,0.0
advice_raw,0,39001,40000,1000,39.50767517089844,38.08168029785156,0,19.250827867507933,19.281834186553954,19.281834186553954,0.99109375,0.0,0.15170339277386666,0.0,0.0
advice_raw,0,40001,41000,1000,40.91015625,39.92801284790039,0,20.01897622871399,20.057371700286865,20.057371700286865,0.990625,0.0,0.17507158787176014,0.0,0.0
advice_raw,0,41001,42000,1000,39.47527313232422,38.399627685546875,0,20.634119543075563,20.67240446281433,20.67240446281433,0.990265625,0.0,0.1972336279116571,0.0,0.0
advice_raw,0,42001,43000,1000,40.477073669433594,39.168514251708984,0,21.491932729721068,21.530872982025148,21.530872982025148,0.99096875,0.0,0.2098190728276968,0.0,0.0
advice_raw,0,43001,44000,1000,44.64680480957031,42.842342376708984,0,23.241410356521605,23.296909856796265,23.296909856796265,0.990875,0.0,0.25523608770966527,0.0,0.0
advice_raw,0,44001,45000,1000,45.784366607666016,44.36568069458008,0,24.69601375770569,24.749462741851808,24.749462741851808,0.990921875,0.0,0.27808935491740705,0.0,0.0
advice_raw,0,45001,46000,1000,54.43231964111328,52.94800567626953,0,26.48465739250183,26.550350749969482,26.550350749969482,0.990921875,0.0,0.3144096774756908,0.0,0.0
advice_raw,0,46001,47000,1000,56.150390625,54.516536712646484,0,28.112181203842162,28.18894496154785,28.18894496154785,0.990828125,0.0,0.3482973583042622,0.0,0.0
advice_raw,0,47001,48000,1000,60.90494155883789,58.20313262939453,0,29.882277465820312,29.96743963623047,29.96743963623047,0.991625,0.0,0.4039861542135477,0.0,0.0
advice_raw,0,48001,49000,1000,66.11345672607422,63.447486877441406,0,31.621713829040527,31.71478525733948,31.71478525733948,0.9910625,0.0,0.42988573111593725,0.0,0.0
advice_raw,0,49001,50000,1000,68.9237060546875,66.80218505859375,0,33.81540582084656,33.91879281044007,33.91879281044007,0.99128125,0.0,0.4476653467938304,0.0,0.0
advice_raw,0,50001,51000,1000,75.95101928710938,72.6642837524414,0,36.405995609283444,36.50099879837036,36.50099879837036,0.99190625,0.0,0.4999709830731153,0.0,0.0
advice_raw,0,51001,52000,1000,76.43250274658203,74.46926879882812,0,39.15771833801269,39.277689891815186,39.277689891815186,0.991859375,0.0,0.5569481875747442,0.0,0.0
advice_raw,0,52001,53000,1000,88.69644165039062,84.34173583984375,0,41.75406927871704,41.88933013534546,41.88933013534546,0.99259375,0.0,0.6056027692556382,0.0,0.0
advice_raw,0,53001,54000,1000,93.01123809814453,90.49715423583984,0,44.023306655883786,44.16194223785401,44.16194223785401,0.992375,0.0,0.65824063834548,0.0,0.0
advice_raw,0,54001,55000,1000,93.24060821533203,89.18595123291016,0,46.46228117370605,46.600845191955564,46.600845191955564,0.993078125,0.0,0.6867169791758061,0.0,0.0
advice_raw,0,55001,56000,1000,96.89041137695312,95.02064514160156,0,48.719516311645506,48.911620113372805,48.911620113372805,0.992109375,0.0,0.7773320917487144,0.0,0.0
advice_raw,0,56001,57000,1000,107.88631439208984,104.48495483398438,0,50.615250003814694,50.833223987579345,50.833223987579345,0.993203125,0.0,0.8404471441209316,0.0,0.0
advice_raw,0,57001,58000,1000,108.18473052978516,103.50315856933594,0,52.88295850753784,53.09368478775024,53.09368478775024,0.993546875,0.0,0.8768434833884239,0.0,0.0
advice_raw,0,58001,59000,1000,107.21697235107422,104.7276840209961,0,54.78019937896728,55.010280963897706,55.010280963897706,0.993828125,0.0,0.8923187921345234,0.0,0.0
advice_raw,0,59001,60000,1000,114.7276611328125,110.04554748535156,0,57.62665949249268,57.86212283325195,57.86212283325195,0.994140625,0.0,0.9353602541089058,0.0,0.0
advice_raw,0,60001,61000,1000,121.70777130126953,116.21192932128906,0,60.5490633392334,60.827544982910155,60.827544982910155,0.994703125,0.0,1.006135502845049,0.0,0.0
advice_raw,0,61001,62000,1000,130.65692138671875,125.60089874267578,0,63.411751194000246,63.68727031707763,63.68727031707763,0.99484375,0.0,1.0404604374468327,0.0,0.0
advice_raw,0,62001,63000,1000,144.53762817382812,140.52029418945312,0,65.83188285827637,66.09130857849121,66.09130857849121,0.995140625,0.0,1.1387554522156715,0.0,0.0
advice_raw,0,63001,64000,1000,156.8751983642578,152.7610626220703,0,68.93894724273682,69.22967951965332,69.22967951965332,0.994921875,0.0,1.2581406777501107,0.0,0.0
advice_raw,0,64001,65000,1000,163.39907836914062,158.4945831298828,0,72.11145780181884,72.44289678192139,72.44289678192139,0.995765625,0.0,1.3349538608789444,0.0,0.0
advice_raw,0,65001,66000,1000,170.31600952148438,167.8040771484375,0,75.36737644958497,75.69754848480224,75.69754848480224,0.99584375,0.0,1.4611158791780472,0.0,0.0
advice_raw,0,66001,67000,1000,182.17884826660156,177.4954833984375,0,78.91857814025879,79.27376026916504,79.27376026916504,0.99621875,0.0,1.5587117764949798,0.0,0.0
advice_raw,0,67001,68000,1000,190.47547912597656,185.71157836914062,0,81.91037921905517,82.30303370666503,82.30303370666503,0.996390625,0.0,1.700934606194496,0.0,0.0
advice_raw,0,68001,69000,1000,202.82643127441406,196.76773071289062,0,84.21405541229248,84.66964214324952,84.66964214324952,0.9966875,0.0,1.8650850848555565,0.0,0.0
advice_raw,0,69001,70000,1000,210.57211303710938,202.76805114746094,0,88.93520908355713,89.31539551544189,89.31539551544189,0.9963125,0.0,1.993517140328884,0.0,0.0
advice_raw,0,70001,71000,1000,218.09091186523438,212.10081481933594,0,93.85845177459717,94.33087686157226,94.33087686157226,0.9963125,0.0,2.2173768132328986,0.0,0.0
advice_raw,0,71001,72000,1000,227.74871826171875,219.546142578125,0,99.08994227600098,99.60458161163331,99.60458161163331,0.99603125,0.0,2.467039013028145,0.0,0.0
advice_raw,0,72001,73000,1000,238.7646942138672,232.21917724609375,0,101.85421887207032,102.4071972732544,102.4071972732544,0.995546875,0.0,2.7720917891263963,0.0,0.0
advice_raw,0,73001,74000,1000,251.38406372070312,241.75848388671875,0,109.03828665924073,109.65417026519775,109.65417026519775,0.9946875,0.0,3.052511629939079,0.0,0.0
advice_raw,0,74001,75000,1000,274.33319091796875,264.2546081542969,0,115.49265631866454,116.21162371063232,116.21162371063232,0.994578125,0.0,3.233337780237198,0.0,0.0
advice_raw,0,75001,76000,1000,291.2853698730469,280.8185729980469,0,119.60823623657227,120.40089265441894,120.40089265441894,0.9948125,0.0,3.307730319261551,0.0,0.0
advice_raw,0,76001,77000,1000,324.33599853515625,317.7454528808594,0,124.41090161132813,125.27617794799805,125.27617794799805,0.9948125,0.0,3.469809849500656,0.0,0.0
advice_raw,0,77001,78000,1000,345.13897705078125,337.4636535644531,0,133.57826194000245,134.63444689941406,134.63444689941406,0.9944375,0.0,3.9639150121212006,0.0,0.0
advice_raw,0,78001,79000,1000,378.4102783203125,367.8447570800781,0,139.55886907196046,140.82052027893067,140.82052027893067,0.99525,0.0,4.343924821257591,0.0,0.0
advice_raw,0,79001,80000,1000,416.48785400390625,396.52850341796875,0,142.62475890350342,144.01653971862794,144.01653971862794,0.9958125,0.0,4.584251335501671,0.0,0.0
advice_raw,0,80001,81000,1000,461.3961181640625,433.3813781738281,0,147.99841869354248,149.43381920623779,149.43381920623779,0.9955625,0.0,5.115732107639313,0.0,0.0
advice_raw,0,81001,82000,1000,495.93231201171875,478.80413818359375,0,154.46205949401855,155.9799649810791,155.9799649810791,0.996515625,0.0,5.493265246391297,0.0,0.0
advice_raw,0,82001,83000,1000,524.279296875,508.9410400390625,0,161.16412213134765,162.79299143981933,162.79299143981933,0.996234375,0.0,5.983213623642921,0.0,0.0
advice_raw,0,83001,84000,1000,397.80902099609375,401.7960205078125,0,166.43907402038573,167.78407481384278,167.78407481384278,0.9969375,0.0,5.815858729600906,0.0,0.0
advice_raw,0,84001,85000,1000,401.1259460449219,391.080810546875,0,172.25473487854003,173.7898471069336,173.7898471069336,0.996953125,0.0,5.9250315744876865,0.0,0.0
advice_raw,0,85001,86000,1000,418.01898193359375,399.1460876464844,0,182.43281817626954,184.16312031555177,184.16312031555177,0.9974375,0.0,6.3662289969921115,0.0,0.0
advice_raw,0,86001,87000,1000,435.23480224609375,435.9112243652344,0,189.49336421203614,191.04970094299316,191.04970094299316,0.99740625,0.0,5.960238070249558,0.0,0.0
advice_raw,0,87001,88000,1000,519.3453369140625,500.3346252441406,0,204.44619818115234,205.94063458251952,205.94063458251952,0.997453125,0.0,6.443350562095642,0.0,0.0
advice_raw,0,88001,89000,1000,502.35333251953125,490.3268737792969,0,216.1037499694824,217.51147843933106,217.51147843933106,0.996859375,0.0,6.634274872303009,0.0,0.0
advice_raw,0,89001,90000,1000,502.6854553222656,482.3505859375,0,221.03631016540527,222.28347004699708,222.28347004699708,0.99703125,0.0,6.556544580459595,0.0,0.0
advice_raw,0,90001,91000,1000,508.1458435058594,498.100830078125,0,228.75623030090333,229.8558026123047,229.8558026123047,0.997171875,0.0,6.342780397891998,0.0,0.0
advice_raw,0,91001,92000,1000,517.3340454101562,500.9117431640625,0,238.43654196166992,239.4784814300537,239.4784814300537,0.997,0.0,6.354514337539673,0.0,0.0
advice_raw,0,92001,93000,1000,513.6827392578125,498.3106384277344,0,252.92507655334472,253.92491020202635,253.92491020202635,0.99678125,0.0,6.321664798974991,0.0,0.0
advice_raw,0,93001,94000,1000,539.8711547851562,517.9686279296875,0,264.09882821655276,265.13879959106447,265.13879959106447,0.997046875,0.0,6.279532612562179,0.0,0.0
advice_raw,0,94001,95000,1000,550.8224487304688,531.6770629882812,0,277.04924575805666,278.0946088104248,278.0946088104248,0.997203125,0.0,5.909164512634278,0.0,0.0
advice_raw,0,95001,96000,1000,568.7223510742188,557.1796264648438,0,278.49376411437987,279.3785783996582,279.3785783996582,0.9969375,0.0,5.600169100999832,0.0,0.0
advice_raw,0,96001,97000,1000,594.086181640625,577.1351318359375,0,283.0966673278809,284.0325273742676,284.0325273742676,0.996671875,0.0,5.563917805433273,0.0,0.0
advice_raw,0,97001,98000,1000,587.9401245117188,569.602783203125,0,282.44224099731446,283.4264825744629,283.4264825744629,0.996890625,0.0,5.328305124521256,0.0,0.0
advice_raw,0,98001,99000,1000,594.51611328125,582.1135864257812,0,290.20216207885744,291.2764397277832,291.2764397277832,0.997265625,0.0,5.637118757247925,0.0,0.0
advice_raw,0,99001,100000,1000,616.66796875,606.8759765625,0,302.2323699645996,303.2940914306641,303.2940914306641,0.997484375,0.0,5.88319129729271,0.0,0.0
advice_raw,0,100001,101000,1000,589.5968627929688,594.4204711914062,0,309.25439556884766,310.10750576782226,310.10750576782226,0.997375,0.0,6.140760026454926,0.0,0.0
advice_raw,0,101001,102000,1000,564.4957885742188,554.7351684570312,0,315.73236904907225,316.65555786132813,316.65555786132813,0.996859375,0.0,6.333756494760514,0.0,0.0
advice_raw,0,102001,103000,1000,546.12451171875,533.9270629882812,0,318.9680777282715,319.7483956298828,319.7483956298828,0.997359375,0.0,6.461097855567932,0.0,0.0
advice_raw,0,103001,104000,1000,580.9247436523438,570.333984375,0,318.0214281311035,318.9056249084473,318.9056249084473,0.99684375,0.0,5.8674984793663025,0.0,0.0
advice_raw,0,104001,105000,1000,586.5316772460938,570.9523315429688,0,313.46847930908206,314.1794041137695,314.1794041137695,0.996359375,0.0,5.472389800071716,0.0,0.0
advice_raw,0,105001,106000,1000,606.3651733398438,583.5523071289062,0,315.4411184387207,316.1688430175781,316.1688430175781,0.997015625,0.0,5.6741331059932705,0.0,0.0
advice_raw,0,106001,107000,1000,605.8770751953125,600.1104736328125,0,316.74863214111326,317.3506730041504,317.3506730041504,0.997171875,0.0,5.879325649499894,0.0,0.0
advice_raw,0,107001,108000,1000,624.3555908203125,608.0400390625,0,324.06371450805665,324.7834430541992,324.7834430541992,0.99634375,0.0,6.054002738475799,0.0,0.0
advice_raw,0,108001,109000,1000,639.3623657226562,618.4837646484375,0,320.24955111694334,320.97919537353516,320.97919537353516,0.996484375,0.0,6.033286824464798,0.0,0.0
advice_raw,0,109001,110000,1000,625.6246948242188,614.7152099609375,0,315.366125579834,316.1382882080078,316.1382882080078,0.996140625,0.0,5.901216230154038,0.0,0.0
advice_raw,0,110001,111000,1000,519.0609130859375,510.935791015625,0,315.3200653381348,315.9458274230957,315.9458274230957,0.99603125,0.0,5.605778621912003,0.0,0.0
advice_raw,0,111001,112000,1000,571.3893432617188,575.0047607421875,0,314.62127291870115,315.27189202880857,315.27189202880857,0.997109375,0.0,5.210284704923629,0.0,0.0
advice_raw,0,112001,113000,1000,560.0390625,548.9973754882812,0,313.4789533996582,314.21426150512696,314.21426150512696,0.99640625,0.0,5.201098246335984,0.0,0.0
advice_raw,0,113001,114000,1000,537.2123413085938,530.0035400390625,0,312.8885586853027,313.6982664489746,313.6982664489746,0.99690625,0.0,5.172361796498299,0.0,0.0
advice_raw,0,114001,115000,1000,522.3173828125,512.6421508789062,0,315.98791732788084,316.8217784729004,316.8217784729004,0.996953125,0.0,5.144814341068268,0.0,0.0
advice_raw,0,115001,116000,1000,512.244384765625,508.8382568359375,0,315.10539959716795,316.02961911010743,316.02961911010743,0.997078125,0.0,5.061050871610641,0.0,0.0
advice_raw,0,116001,117000,1000,547.6057739257812,522.49609375,0,315.22121276855466,316.0706887512207,316.0706887512207,0.997,0.0,4.989244728803635,0.0,0.0
advice_raw,0,117001,118000,1000,549.9756469726562,540.3130493164062,0,313.40588693237305,314.170514251709,314.170514251709,0.9971875,0.0,4.703308651685715,0.0,0.0
advice_raw,0,118001,119000,1000,567.3939819335938,553.2149658203125,0,314.9387094116211,315.70650674438474,315.70650674438474,0.997140625,0.0,4.684039053678513,0.0,0.0
advice_raw,0,119001,120000,1000,573.9879150390625,558.97998046875,0,311.13013806152344,311.7114017333984,311.7114017333984,0.99715625,0.0,4.605858489990235,0.0,0.0
advice_raw,0,120001,121000,1000,574.815185546875,560.4645385742188,0,303.1053264160156,303.66938003540037,303.66938003540037,0.9965,0.0,4.306953813076019,0.0,0.0
advice_raw,0,121001,122000,1000,574.0202026367188,557.3812255859375,0,292.9928210144043,293.52657720947263,293.52657720947263,0.996859375,0.0,3.828900601029396,0.0,0.0
advice_raw,0,122001,123000,1000,504.0927429199219,483.1905212402344,0,286.62972451782224,287.1502018432617,287.1502018432617,0.996671875,0.0,3.7058731300830843,0.0,0.0
advice_raw,0,123001,124000,1000,513.9634399414062,496.6948547363281,0,283.77812182617185,284.188259185791,284.188259185791,0.996375,0.0,3.843921871423721,0.0,0.0
advice_raw,0,124001,125000,1000,534.99609375,521.9698486328125,0,281.98225271606447,282.27085635375977,282.27085635375977,0.996234375,0.0,3.7499660465717315,0.0,0.0
advice_raw,0,125001,126000,1000,537.24267578125,525.678466796875,0,277.234914855957,277.4658518371582,277.4658518371582,0.996796875,0.0,3.289423018693924,0.0,0.0
advice_raw,0,126001,127000,1000,526.6087646484375,522.0440063476562,0,275.4177305908203,275.6708790893555,275.6708790893555,0.99665625,0.0,3.3535113869905473,0.0,0.0
advice_raw,0,127001,128000,1000,451.2977600097656,437.8905334472656,0,274.25325213623046,274.49866007995604,274.49866007995604,0.996828125,0.0,3.4318447281122206,0.0,0.0
advice_raw,0,128001,129000,1000,491.48114013671875,478.1978759765625,0,271.73589030456543,271.999948348999,271.999948348999,0.997546875,0.0,3.257277742981911,0.0,0.0
advice_raw,0,129001,130000,1000,486.5615234375,477.86102294921875,0,266.8218340759277,267.14150077819824,267.14150077819824,0.997171875,0.0,3.2581665266752244,0.0,0.0
advice_raw,0,130001,131000,1000,473.1571350097656,455.5796813964844,0,266.2353500061035,266.5189930267334,266.5189930267334,0.997765625,0.0,3.150545119404793,0.0,0.0
advice_raw,0,131001,132000,1000,446.2243347167969,426.16748046875,0,262.9390688934326,263.22479554748537,263.22479554748537,0.99784375,0.0,3.188560826778412,0.0,0.0
advice_raw,0,132001,133000,1000,432.86529541015625,433.3516845703125,0,260.4468346710205,260.72777465820315,260.72777465820315,0.99834375,0.0,3.043082955956459,0.0,0.0
advice_raw,0,133001,134000,1000,416.8907165527344,423.2040100097656,0,256.6773407897949,256.9716072845459,256.9716072845459,0.998890625,0.0,3.0187650030851363,0.0,0.0
advice_raw,0,134001,135000,1000,403.5726318359375,400.1046142578125,0,253.9642104034424,254.2307957305908,254.2307957305908,0.998703125,0.0,2.9234411672353744,0.0,0.0
advice_raw,0,135001,136000,1000,388.7319641113281,383.6546936035156,0,256.25960108947754,256.4580712127686,256.4580712127686,0.998390625,0.0,2.9786985738277436,0.0,0.0
advice_raw,0,136001,137000,1000,381.83123779296875,377.032470703125,0,250.54425733947753,250.81886891174315,250.81886891174315,0.998421875,0.0,2.7735702291727065,0.0,0.0
advice_raw,0,137001,138000,1000,361.4823303222656,357.0759582519531,0,246.44224603271485,246.67314863586427,246.67314863586427,0.998359375,0.0,2.663523255944252,0.0,0.0
advice_raw,0,138001,139000,1000,359.7373352050781,352.7665710449219,0,240.54763888549806,240.74298335266113,240.74298335266113,0.99828125,0.0,2.4006778433322906,0.0,0.0
advice_raw,0,139001,140000,1000,342.71429443359375,333.7362060546875,0,234.67738995361327,234.8694425506592,234.8694425506592,0.998578125,0.0,2.302156709909439,0.0,0.0
advice_raw,0,140001,141000,1000,336.3877258300781,329.6565246582031,0,231.97553089904784,232.15643209838868,232.15643209838868,0.998671875,0.0,2.088115780234337,0.0,0.0
advice_raw,0,141001,142000,1000,329.86663818359375,329.0023193359375,0,229.9713152923584,230.15936361694335,230.15936361694335,0.9985,0.0,2.0149285777807235,0.0,0.0
advice_raw,0,142001,143000,1000,324.7749328613281,325.2772216796875,0,227.83291952514648,227.97811912536622,227.97811912536622,0.998296875,0.0,2.0649902710318564,0.0,0.0
advice_raw,0,143001,144000,1000,320.0490417480469,324.4430847167969,0,225.5793407897949,225.8077786102295,225.8077786102295,0.99840625,0.0,2.0013495267629624,0.0,0.0
advice_raw,0,144001,145000,1000,313.83148193359375,313.87054443359375,0,224.12643301391603,224.27672940063476,224.27672940063476,0.998359375,0.0,1.9252104513645172,0.0,0.0
advice_raw,0,145001,146000,1000,303.32501220703125,307.8693542480469,0,218.6888108215332,218.82565541076661,218.82565541076661,0.998703125,0.0,1.7871369478106498,0.0,0.0
advice_raw,0,146001,147000,1000,300.47479248046875,305.6571350097656,0,214.62756214904786,214.74471954345702,214.74471954345702,0.998625,0.0,1.625177831172943,0.0,0.0
advice_raw,0,147001,148000,1000,297.6145935058594,300.4544677734375,0,209.24109663391113,209.36022552490235,209.36022552490235,0.99871875,0.0,1.435685285270214,0.0,0.0
advice_raw,0,148001,149000,1000,275.74151611328125,281.15411376953125,0,203.5717068634033,203.65383984375,203.65383984375,0.998765625,0.0,1.3331206288933755,0.0,0.0
advice_raw,0,149001,150000,1000,265.6807556152344,263.89727783203125,0,198.51816055297851,198.5956238708496,198.5956238708496,0.998890625,0.0,1.2697774405479432,0.0,0.0
advice_raw,0,150001,151000,1000,258.1750183105469,258.9353942871094,0,196.27226724243164,196.29877377319335,196.29877377319335,0.998765625,0.0,1.2106178994774819,0.0,0.0
advice_raw,0,151001,152000,1000,252.48829650878906,253.697998046875,0,193.6376704559326,193.71426678466796,193.71426678466796,0.999015625,0.0,1.0914467205405236,0.0,0.0
advice_raw,0,152001,153000,1000,245.6350555419922,242.97792053222656,0,186.3084811706543,186.34600987243653,186.34600987243653,0.999140625,0.0,0.9781000917553901,0.0,0.0
advice_raw,0,153001,154000,1000,237.03790283203125,239.42922973632812,0,178.38289472961426,178.42930059814452,178.42930059814452,0.9994375,0.0,0.9950348291993141,0.0,0.0
advice_raw,0,154001,155000,1000,212.47573852539062,213.19517517089844,0,171.89571530151366,171.9129362487793,171.9129362487793,0.99921875,0.0,0.9114238488376141,0.0,0.0
advice_raw,0,155001,156000,1000,216.40892028808594,212.54495239257812,0,167.0800122680664,167.0497903442383,167.0497903442383,0.99903125,0.0,0.9143233723044395,0.0,0.0
advice_raw,0,156001,157000,1000,209.23536682128906,204.9628448486328,0,163.9259010925293,163.90226747131348,163.90226747131348,0.999390625,0.0,0.8554535923004151,0.0,0.0
advice_raw,0,157001,158000,1000,202.6122589111328,201.76766967773438,0,159.60166526794433,159.61696575927735,159.61696575927735,0.999515625,0.0,0.8298862954080105,0.0,0.0
advice_raw,0,158001,159000,1000,193.0444793701172,193.35592651367188,0,154.85240379333496,154.83498474121095,154.83498474121095,0.999328125,0.0,0.6876640134751797,0.0,0.0
advice_raw,0,159001,160000,1000,188.24505615234375,187.3013916015625,0,149.05591361999512,149.00882873535156,149.00882873535156,0.99915625,0.0,0.6046150263100862,0.0,0.0
advice_raw,0,160001,161000,1000,180.01878356933594,179.13458251953125,0,143.69182997131347,143.600666595459,143.600666595459,0.999078125,0.0,0.6096474955976009,0.0,0.0
advice_raw,0,161001,162000,1000,172.30499267578125,170.08177185058594,0,140.81432447814942,140.71114360046386,140.71114360046386,0.99890625,0.0,0.6048435635566711,0.0,0.0
advice_raw,0,162001,163000,1000,168.0087890625,165.13250732421875,0,136.60667095947267,136.51800328063965,136.51800328063965,0.99853125,0.0,0.5930676153451204,0.0,0.0
advice_raw,0,163001,164000,1000,160.38861083984375,160.10995483398438,0,132.38439453125,132.32510066986083,132.32510066986083,0.99859375,0.0,0.5128662656098604,0.0,0.0
advice_raw,0,164001,165000,1000,160.0291748046875,158.00668334960938,0,127.22207534790039,127.18701696014405,127.18701696014405,0.9984375,0.0,0.44055820897966624,0.0,0.0
advice_raw,0,165001,166000,1000,151.37608337402344,149.97091674804688,0,122.95142845916747,122.88924347686768,122.88924347686768,0.9988125,0.0,0.4467124422490597,0.0,0.0
advice_raw,0,166001,167000,1000,147.2890167236328,146.56324768066406,0,118.56403015136719,118.53061614227295,118.53061614227295,0.99903125,0.0,0.39301212518662215,0.0,0.0
advice_raw,0,167001,168000,1000,140.2809600830078,139.60166931152344,0,113.76225547790527,113.730183303833,113.730183303833,0.998859375,0.0,0.34001357402652505,0.0,0.0
advice_raw,0,168001,169000,1000,132.82962036132812,131.28903198242188,0,109.38559951782227,109.34146395874023,109.34146395874023,0.9989375,0.0,0.3555494289174676,0.0,0.0
advice_raw,0,169001,170000,1000,126.96173095703125,126.21249389648438,0,106.59780795288086,106.53460077667236,106.53460077667236,0.998890625,0.0,0.3511990161016583,0.0,0.0
advice_raw,0,170001,171000,1000,121.1893539428711,120.28032684326172,0,104.29434265136719,104.20853533935546,104.20853533935546,0.99859375,0.0,0.3541146376430988,0.0,0.0
advice_raw,0,171001,172000,1000,118.74900817871094,117.42861938476562,0,101.6710405960083,101.58864214324952,101.58864214324952,0.998421875,0.0,0.36271084038168194,0.0,0.0
advice_raw,0,172001,173000,1000,115.8538818359375,114.99160766601562,0,99.11907613372803,99.0627995223999,99.0627995223999,0.998578125,0.0,0.31045693339407443,0.0,0.0
advice_raw,0,173001,174000,1000,111.19922637939453,110.39242553710938,0,96.8398872909546,96.77061811065674,96.77061811065674,0.99890625,0.0,0.2875422128513455,0.0,0.0
advice_raw,0,174001,175000,1000,107.3137435913086,107.51629638671875,0,94.49023142242432,94.44544955444336,94.44544955444336,0.998921875,0.0,0.2532441495098174,0.0,0.0
advice_raw,0,175001,176000,1000,106.57159423828125,105.36161041259766,0,90.7986943283081,90.76584769439697,90.76584769439697,0.99925,0.0,0.20184877151995897,0.0,0.0
advice_raw,0,176001,177000,1000,97.87540435791016,96.6690902709961,0,87.14678569030762,87.07995865631104,87.07995865631104,0.998875,0.0,0.22195972469076514,0.0,0.0
advice_raw,0,177001,178000,1000,93.71206665039062,92.63990020751953,0,84.18693640899659,84.13559697723389,84.13559697723389,0.998875,0.0,0.1823150436747819,0.0,0.0
advice_raw,0,178001,179000,1000,89.70096588134766,90.59038543701172,0,80.90725575256347,80.86638647460937,80.86638647460937,0.99896875,0.0,0.1718633419368416,0.0,0.0
advice_raw,0,179001,180000,1000,86.10721588134766,85.72232818603516,0,78.17900053405762,78.1324278717041,78.1324278717041,0.99890625,0.0,0.15833300644904374,0.0,0.0
advice_raw,0,180001,181000,1000,82.9615249633789,82.53715515136719,0,75.31100100708008,75.24366466522217,75.24366466522217,0.998703125,0.0,0.16280120053887367,0.0,0.0
advice_raw,0,181001,182000,1000,79.33719635009766,79.01760864257812,0,72.31398025512695,72.26465219879151,72.26465219879151,0.998703125,0.0,0.13789098025485874,0.0,0.0
advice_raw,0,182001,183000,1000,77.8349380493164,77.449462890625,0,70.52004444885254,70.46586045837402,70.46586045837402,0.998671875,0.0,0.13172727190703154,0.0,0.0
advice_raw,0,183001,184000,1000,75.39376831054688,75.3345947265625,0,67.8885400390625,67.84142039489745,67.84142039489745,0.9986875,0.0,0.11903060468938202,0.0,0.0
advice_raw,0,184001,185000,1000,72.72891235351562,71.93460845947266,0,65.43003343582153,65.4028529472351,65.4028529472351,0.99871875,0.0,0.0986089296285063,0.0,0.0
advice_raw,0,185001,186000,1000,68.82878875732422,68.43531799316406,0,63.00826615905762,62.97239470672607,62.97239470672607,0.9985625,0.0,0.09686573302000762,0.0,0.0
advice_raw,0,186001,187000,1000,66.3758773803711,66.4357681274414,0,60.81499124526977,60.78892192077637,60.78892192077637,0.998734375,0.0,0.07798304459732026,0.0,0.0
advice_raw,0,187001,188000,1000,64.99271392822266,64.8608627319336,0,58.82686967468262,58.814910331726075,58.814910331726075,0.998796875,0.0,0.07273843591753393,0.0,0.0
advice_raw,0,188001,189000,1000,64.7562026977539,64.92520141601562,0,56.76988710784912,56.76601462173462,56.76601462173462,0.998953125,0.0,0.054877129088155924,0.0,0.0
advice_raw,0,189001,190000,1000,66.50715637207031,66.1070327758789,0,55.03250569152832,55.02620336151123,55.02620336151123,0.9990625,0.0,0.042820722937583926,0.0,0.0
advice_raw,0,190001,191000,1000,65.35028839111328,64.39482879638672,0,52.95541214370728,52.939407649993896,52.939407649993896,0.99878125,0.0,0.05104813258862123,0.0,0.0
advice_raw,0,191001,192000,1000,62.765289306640625,62.32785415649414,0,50.96024518585205,50.94770604324341,50.94770604324341,0.998578125,0.0,0.043438137410674246,0.0,0.0
advice_raw,0,192001,193000,1000,62.01184844970703,61.328407287597656,0,49.40535329437256,49.39335481262207,49.39335481262207,0.99859375,0.0,0.043598702148534355,0.0,0.0
advice_raw,0,193001,194000,1000,59.96802520751953,59.766693115234375,0,47.52764932250977,47.51849652862549,47.51849652862549,0.998796875,0.0,0.03789458031160757,0.0,0.0
advice_raw,0,194001,195000,1000,55.8310661315918,56.01845932006836,0,45.81735534667969,45.80756201171875,45.80756201171875,0.998859375,0.0,0.0385442584422417,0.0,0.0
advice_raw,0,195001,196000,1000,54.98345184326172,54.72957229614258,0,44.17434909820557,44.15444906234741,44.15444906234741,0.99840625,0.0,0.04610612248303369,0.0,0.0
advice_raw,0,196001,197000,1000,47.05862045288086,46.51274871826172,0,42.43270568084717,42.41734093475342,42.41734093475342,0.998375,0.0,0.04108323648013174,0.0,0.0
advice_raw,0,197001,198000,1000,45.83936309814453,45.52495574951172,0,40.86843432617187,40.85791614532471,40.85791614532471,0.99884375,0.0,0.03266479052649811,0.0,0.0
advice_raw,0,198001,199000,1000,44.55750274658203,44.044063568115234,0,39.423336418151855,39.412033042907716,39.412033042907716,0.998875,0.0,0.03216020095115527,0.0,0.0
advice_raw,0,199001,200000,1000,43.16068649291992,42.5881233215332,0,38.052275417327884,38.04231861877442,38.04231861877442,0.998578125,0.0,0.033620600503869356,0.0,0.0
advice_bound,0,1,1000,501,14.20036506652832,10.052079200744629,0,0.17855970024739107,0.1988277585727131,0.19888848892437247,0.001309880239520958,0.001309880239520958,0.029860470126145528,0.0,0.0
advice_bound,0,1001,2000,1000,13.35203742980957,11.415887832641602,0,0.7368743865638971,0.7639291087016463,0.7680422881618142,0.01184375,0.01184375,0.07512502837460489,0.0,0.0
advice_bound,0,2001,3000,1000,12.130718231201172,10.432825088500977,0,1.4615057012438775,1.4853963652849198,1.4858472720384597,0.003484375,0.003484375,0.09871834584022872,0.0,0.0
advice_bound,0,3001,4000,1000,11.471367835998535,10.490325927734375,0,2.7165727593898774,2.7261084213256837,2.726952790617943,0.005625,0.005625,0.07268687291024253,0.0,0.0
advice_bound,0,4001,5000,1000,11.940010070800781,10.884956359863281,0,4.1575268895626065,4.152116575479507,4.154804052591324,0.015546875,0.015546875,0.06710594802722335,0.0,0.0
advice_bound,0,5001,6000,1000,12.02622127532959,11.723237991333008,0,5.519805109977722,5.506390768527985,5.512047236919403,0.032140625,0.032140625,0.04240794528648257,0.0,0.0
advice_bound,0,6001,7000,1000,11.823302268981934,11.603073120117188,0,6.705890954971314,6.69612926197052,6.704588449954986,0.050890625,0.050890625,0.0315881666126661,0.0,0.0
advice_bound,0,7001,8000,1000,11.545793533325195,11.146564483642578,0,7.767005410671234,7.755265250205993,7.766813733577728,0.08525,0.08525,0.03087973423907533,0.0,0.0
advice_bound,0,8001,9000,1000,12.006800651550293,11.665520668029785,0,8.574493557453156,8.56346993112564,8.569838376998902,0.0478125,0.0478125,0.028491331811295824,0.0,0.0
advice_bound,0,9001,10000,1000,11.564772605895996,11.281604766845703,0,8.972696605682373,8.962953165054321,8.966464451789856,0.022546875,0.022546875,0.02459907260816544,0.0,0.0
advice_bound,0,10001,11000,1000,11.41080093383789,11.546637535095215,0,9.301746870040894,9.292214953422546,9.300654693603516,0.070921875,0.070921875,0.02151439593802206,0.0,0.0
advice_bound,0,11001,12000,1000,11.402436256408691,11.343937873840332,0,9.460994508743287,9.450834972381593,9.455643886566163,0.0460625,0.0460625,0.02030771714937873,0.0,0.0
advice_bound,0,12001,13000,1000,11.6749906539917,10.987220764160156,0,9.401720066070556,9.392221053123475,9.394808317184449,0.01840625,0.01840625,0.019389003158081324,0.0,0.0
advice_bound,0,13001,14000,1000,11.459172248840332,11.294921875,0,9.433604833602905,9.42628376674652,9.43104605293274,0.040171875,0.040171875,0.015439720281166957,0.0,0.0
advice_bound,0,14001,15000,1000,12.260669708251953,11.682211875915527,0,9.4032343044281,9.398330707550048,9.401485682487488,0.02665625,0.02665625,0.013571935636457056,0.0,0.0
advice_bound,0,15001,16000,1000,12.680190086364746,12.012301445007324,0,9.401024657249451,9.39801722240448,9.402491500854492,0.032953125,0.032953125,0.011057765221456066,0.0,0.0
advice_bound,0,16001,17000,1000,11.960735321044922,11.8905611038208,0,9.252651118278504,9.250802320480346,9.252842809677125,0.0111875,0.0111875,0.009237295784405433,0.0,0.0
advice_bound,0,17001,18000,1000,11.6714448928833,11.398138999938965,0,9.158932765960694,9.157651893615723,9.159515464782714,0.01278125,0.01278125,0.008340419414453208,0.0,0.0
advice_bound,0,18001,19000,1000,11.599662780761719,11.50406265258789,0,9.1711045255661,9.167439182281495,9.169013388633728,0.01090625,0.01090625,0.01493236170336604,0.0,0.0
advice_bound,0,19001,20000,1000,11.835006713867188,11.57474136352539,0,9.09110031414032,9.088057767868042,9.08991649723053,0.0100625,0.0100625,0.010319998509483412,0.0,0.0
advice_bound,0,20001,21000,1000,12.397628784179688,12.356361389160156,0,9.143932483673096,9.141820279121399,9.14634386062622,0.027578125,0.027578125,0.009711899521877058,0.0,0.0
advice_bound,0,21001,22000,1000,12.698071479797363,12.001774787902832,0,9.320533711433411,9.314890685081481,9.320409443855286,0.043984375,0.043984375,0.01307913903426379,0.0,0.0
advice_bound,0,22001,23000,1000,13.897027015686035,12.250380516052246,0,9.275727003097535,9.272303668022156,9.275001331329346,0.011109375,0.011109375,0.011416010125889444,0.0,0.0
advice_bound,0,23001,24000,1000,12.423007011413574,12.028817176818848,0,9.223820999145508,9.222955876350403,9.225830666542054,0.0111875,0.0111875,0.008050200566649436,0.0,0.0
advice_bound,0,24001,25000,1000,11.867179870605469,11.5747652053833,0,9.236220245361329,9.234430860519408,9.236688267707825,0.012515625,0.012515625,0.008218670658301562,0.0,0.0
advice_bound,0,25001,26000,1000,11.985174179077148,11.684232711791992,0,9.160658867835998,9.158727491378784,9.161984250068665,0.012515625,0.012515625,0.007829507018555887,0.0,0.0
advice_bound,0,26001,27000,1000,11.393655776977539,11.294341087341309,0,9.117837446212768,9.116072057723999,9.117387754440308,0.008015625,0.008015625,0.007453257155604661,0.0,0.0
advice_bound,0,27001,28000,1000,11.175756454467773,10.982742309570312,0,9.040633492469787,9.03900786781311,9.039678427696227,0.00421875,0.00421875,0.006830686644592788,0.0,0.0
advice_bound,0,28001,29000,1000,11.67668628692627,11.14547061920166,0,9.043547439575196,9.040454924583434,9.041515426635742,0.009046875,0.009046875,0.009524479109793902,0.0,0.0
advice_bound,0,29001,30000,1000,11.280773162841797,11.140869140625,0,9.225154150009155,9.222867364883422,9.22615005493164,0.034265625,0.034265625,0.007772590537497308,0.0,0.0
advice_bound,0,30001,31000,1000,11.50881290435791,11.074689865112305,0,9.195114519119263,9.193321056365967,9.194845106124879,0.00934375,0.00934375,0.008216510787722654,0.0,0.0
advice_bound,0,31001,32000,1000,11.356585502624512,10.997032165527344,0,9.13680940437317,9.135463997840882,9.136251774787903,0.005796875,0.005796875,0.007157701345393434,0.0,0.0
advice_bound,0,32001,33000,1000,11.069665908813477,11.12502384185791,0,9.120692150115968,9.119108038902283,9.12010988998413,0.00590625,0.00590625,0.0070891099959844725,0.0,0.0
advice_bound,0,33001,34000,1000,11.129286766052246,10.89612865447998,0,9.050413015365601,9.049343613624572,9.0501571931839,0.006015625,0.006015625,0.006642683944082819,0.0,0.0
advice_bound,0,34001,35000,1000,10.847071647644043,10.487360954284668,0,9.030722463607788,9.029144618034362,9.029660416603088,0.003609375,0.003609375,0.00859915814420674,0.0,0.0
advice_bound,0,35001,36000,1000,11.01176643371582,10.988689422607422,0,9.067196111679078,9.066607096672058,9.06773197555542,0.0074375,0.0074375,0.008607362222974188,0.0,0.0
advice_bound,0,36001,37000,1000,10.754870414733887,10.651416778564453,0,9.03708355140686,9.03606459903717,9.036523456573486,0.002890625,0.002890625,0.008569292524363845,0.0,0.0
advice_bound,0,37001,38000,1000,10.709188461303711,10.55932903289795,0,9.069099133491516,9.068312664031982,9.068924449920654,0.0073125,0.0073125,0.006565551796345971,0.0,0.0
advice_bound,0,38001,39000,1000,10.756235122680664,10.437621116638184,0,9.115666144371033,9.11519156074524,9.115611682891846,0.00559375,0.00559375,0.0069948919676244255,0.0,0.0
advice_bound,0,39001,40000,1000,10.998830795288086,10.445662498474121,0,9.033480131149291,9.032732492446899,9.032838761329652,0.000890625,0.000890625,0.007461098150233738,0.0,0.0
advice_bound,0,40001,41000,1000,10.788297653198242,10.242074966430664,0,8.990343561172486,8.990510376930237,8.990625326156616,0.0016875,0.0016875,0.006368471659487113,0.0,0.0
advice_bound,0,41001,42000,1000,11.040796279907227,10.723339080810547,0,8.942218234062194,8.940734811782837,8.941276985168457,0.0038125,0.0038125,0.007084296864573843,0.0,0.0
advice_bound,0,42001,43000,1000,10.635461807250977,10.586978912353516,0,8.90428844165802,8.904526067733764,8.904835047721862,0.0030625,0.0030625,0.006077820828882977,0.0,0.0
advice_bound,0,43001,44000,1000,10.784209251403809,10.63426685333252,0,8.908523557662964,8.908251701354981,8.908863725662231,0.0085625,0.0085625,0.005688227118342184,0.0,0.0
advice_bound,0,44001,45000,1000,10.751083374023438,10.636761665344238,0,8.936496876716614,8.935662803649903,8.935967023849487,0.0024375,0.0024375,0.005614799782400951,0.0,0.0
advice_bound,0,45001,46000,1000,10.611250877380371,10.396846771240234,0,8.87981815624237,8.878482268333435,8.878554566383361,0.00065625,0.00065625,0.005753068499732762,0.0,0.0
advice_bound,0,46001,47000,1000,10.463529586791992,10.352953910827637,0,8.769692917823791,8.768971800804138,8.769027011871337,0.00065625,0.00065625,0.005399211346171796,0.0,0.0
advice_bound,0,47001,48000,1000,10.533817291259766,10.163741111755371,0,8.722878713607788,8.721882115364075,8.721947815895081,0.001671875,0.001671875,0.005939524216926657,0.0,0.0
advice_bound,0,48001,49000,1000,10.528534889221191,10.298659324645996,0,8.644769556999206,8.644636384010315,8.644695302009582,0.000453125,0.000453125,0.004784846178721636,0.0,0.0
advice_bound,0,49001,50000,1000,10.502753257751465,10.51055908203125,0,8.661092148780822,8.66056625175476,8.660655402183533,0.003171875,0.003171875,0.004625374821363948,0.0,0.0
advice_bound,0,50001,51000,1000,10.52164077758789,10.28521728515625,0,8.718767353057862,8.71803180885315,8.71813026714325,0.003421875,0.003421875,0.0045833364525460635,0.0,0.0
advice_bound,0,51001,52000,1000,10.216839790344238,10.154251098632812,0,8.68473359298706,8.682700753211975,8.6827352104187,0.001625,0.001625,0.0061366418593097475,0.0,0.0
advice_bound,0,52001,53000,1000,10.343024253845215,10.1402006149292,0,8.696097717285156,8.69469584941864,8.694747727394104,0.00096875,0.00096875,0.005369521137035918,0.0,0.0
advice_bound,0,53001,54000,1000,10.239365577697754,10.112504959106445,0,8.64510011959076,8.644463430404663,8.64450000667572,0.0009375,0.0009375,0.004626670873374678,0.0,0.0
advice_bound,0,54001,55000,1000,10.356075286865234,10.034056663513184,0,8.576981142044067,8.575660804748535,8.575661869049073,3.125e-05,3.125e-05,0.005666637130721938,0.0,0.0
advice_bound,0,55001,56000,1000,10.423283576965332,10.120914459228516,0,8.54712888622284,8.545939264297486,8.545988887786866,0.001640625,0.001640625,0.00671266522782389,0.0,0.0
advice_bound,0,56001,57000,1000,10.452107429504395,10.350179672241211,0,8.50322274684906,8.502747670173646,8.502811635017395,0.00146875,0.00146875,0.004244758632965386,0.0,0.0
advice_bound,0,57001,58000,1000,10.30844497680664,10.133129119873047,0,8.490994093894958,8.490511765003204,8.49064013147354,0.003921875,0.003921875,0.005235532497114036,0.0,0.0
advice_bound,0,58001,59000,1000,10.393144607543945,10.27958869934082,0,8.53606006526947,8.535774424552917,8.535907899856568,0.00325,0.00325,0.004450467887800187,0.0,0.0
advice_bound,0,59001,60000,1000,10.532510757446289,10.669054985046387,0,8.533818375587463,8.533986784934998,8.53407836341858,0.00096875,0.00096875,0.0037720244302763602,0.0,0.0
advice_bound,0,60001,61000,1000,10.444330215454102,10.3339262008667,0,8.515820148468018,8.51585904598236,8.515903911590577,0.00065625,0.00065625,0.004464975218987093,0.0,0.0
advice_bound,0,61001,62000,1000,10.715581893920898,10.523820877075195,0,8.529529414176942,8.529049573898316,8.529272380828857,0.0009375,0.0009375,0.0042194187445566056,0.0,0.0
advice_bound,0,62001,63000,1000,10.901558876037598,10.580760955810547,0,8.590285923004151,8.590015510559082,8.590385147094727,0.005265625,0.005265625,0.00422071311873151,0.0,0.0
advice_bound,0,63001,64000,1000,10.509434700012207,10.32243537902832,0,8.591869175910949,8.591815423965453,8.591981491088868,0.002234375,0.002234375,0.0036633009667275474,0.0,0.0
advice_bound,0,64001,65000,1000,10.375877380371094,10.244889259338379,0,8.600769846916199,8.599914793968201,8.599984392166137,0.0009375,0.0009375,0.00438114739122102,0.0,0.0
advice_bound,0,65001,66000,1000,10.871631622314453,10.214308738708496,0,8.616205408096313,8.615838247299195,8.615889401435853,0.00121875,0.00121875,0.0038833235808997417,0.0,0.0
advice_bound,0,66001,67000,1000,10.506217956542969,10.459864616394043,0,8.605662135124206,8.60443967628479,8.604550686836243,0.001125,0.001125,0.004801443737291265,0.0,0.0
advice_bound,0,67001,68000,1000,10.707219123840332,10.346477508544922,0,8.56506259727478,8.563921983718872,8.563995147705079,0.0006875,0.0006875,0.004138433713233098,0.0,0.0
advice_bound,0,68001,69000,1000,10.488831520080566,10.27099323272705,0,8.603286426544189,8.603585852622986,8.60371999168396,0.00328125,0.00328125,0.00419158776581753,0.0,0.0
advice_bound,0,69001,70000,1000,10.437457084655762,10.218607902526855,0,8.582264791488647,8.582198634147645,8.582213500022888,0.00028125,0.00028125,0.0034060088813421315,0.0,0.0
advice_bound,0,70001,71000,1000,10.587969779968262,10.49686050415039,0,8.606190354347229,8.60630652332306,8.606419068336487,0.001171875,0.001171875,0.00477351540827658,0.0,0.0
advice_bound,0,71001,72000,1000,10.493471145629883,10.447724342346191,0,8.572888054847716,8.573615693092346,8.57371298980713,0.00121875,0.00121875,0.0040887865287950265,0.0,0.0
advice_bound,0,72001,73000,1000,10.928305625915527,10.796989440917969,0,8.551604311943054,8.552310767173767,8.552552987098695,0.000765625,0.000765625,0.004037677357031498,0.0,0.0
advice_bound,0,73001,74000,1000,10.926765441894531,10.718790054321289,0,8.529547717094422,8.529926465034485,8.530140761375428,0.00159375,0.00159375,0.003402306758565828,0.0,0.0
advice_bound,0,74001,75000,1000,10.705301284790039,10.633858680725098,0,8.54044745874405,8.540493336677551,8.54062386417389,0.00153125,0.00153125,0.004814237112354022,0.0,0.0
advice_bound,0,75001,76000,1000,10.436355590820312,10.209274291992188,0,8.519177768707275,8.517974413871766,8.518028362274169,0.000734375,0.000734375,0.005560674525855575,0.0,0.0
advice_bound,0,76001,77000,1000,10.289377212524414,10.161460876464844,0,8.550390321731568,8.54951292324066,8.549730669021606,0.00534375,0.00534375,0.00540547053818591,0.0,0.0
advice_bound,0,77001,78000,1000,10.25584888458252,10.173918724060059,0,8.558056507110596,8.557594338417053,8.557632088661194,0.00128125,0.00128125,0.005153628838830628,0.0,0.0
advice_bound,0,78001,79000,1000,10.281930923461914,10.278878211975098,0,8.527024655342101,8.526737919807434,8.526881315231323,0.00315625,0.00315625,0.003322947247244883,0.0,0.0
advice_bound,0,79001,80000,1000,10.299559593200684,10.079670906066895,0,8.412959815502166,8.412802168369293,8.412804171085357,7.8125e-05,7.8125e-05,0.004433195166522637,0.0,0.0
advice_bound,0,80001,81000,1000,10.302814483642578,10.125382423400879,0,8.354914734363556,8.35437247133255,8.354393366336822,0.000828125,0.000828125,0.004788815877924207,0.0,0.0
advice_bound,0,81001,82000,1000,10.330965042114258,10.210770606994629,0,8.342415774822236,8.341440648078919,8.341570610046388,0.003296875,0.003296875,0.0036832243170938457,0.0,0.0
advice_bound,0,82001,83000,1000,10.237491607666016,10.331424713134766,0,8.359896832466125,8.359432423591613,8.359484998703003,0.00096875,0.00096875,0.005105192092829384,0.0,0.0
advice_bound,0,83001,84000,1000,10.378106117248535,10.206961631774902,0,8.386356362819672,8.386228063583374,8.386246876716614,0.000671875,0.000671875,0.0031405251014512033,0.0,0.0
advice_bound,0,84001,85000,1000,10.26124382019043,10.225414276123047,0,8.317769659042359,8.317762255191804,8.317783919811248,0.000234375,0.000234375,0.0025711066032527014,0.0,0.0
advice_bound,0,85001,86000,1000,10.283956527709961,10.127592086791992,0,8.306201322555541,8.306080263137817,8.306126132011414,0.0014375,0.0014375,0.0024151970965322106,0.0,0.0
advice_bound,0,86001,87000,1000,10.24287223815918,10.133443832397461,0,8.294169005870819,8.29387784576416,8.293912416934967,0.0010625,0.0010625,0.0023757901401550044,0.0,0.0
advice_bound,0,87001,88000,1000,10.365689277648926,10.118925094604492,0,8.287744564056396,8.287843921661377,8.287857118606567,0.00040625,0.00040625,0.0017582071556826121,0.0,0.0
advice_bound,0,88001,89000,1000,10.228636741638184,10.146843910217285,0,8.282643487930297,8.282654253482818,8.282670990467071,0.00071875,0.00071875,0.00196969479645486,0.0,0.0
advice_bound,0,89001,90000,1000,10.192265510559082,10.189910888671875,0,8.26500996875763,8.265070828914642,8.265089309215545,0.000203125,0.000203125,0.0019672131661791353,0.0,0.0
advice_bound,0,90001,91000,1000,10.213542938232422,10.136109352111816,0,8.21447700881958,8.21441159582138,8.214438267707825,0.000296875,0.000296875,0.0017942572871688753,0.0,0.0
advice_bound,0,91001,92000,1000,10.143301963806152,10.089213371276855,0,8.169308200836182,8.169126304626465,8.169131547927856,0.000265625,0.000265625,0.0021280917573021723,0.0,0.0
advice_bound,0,92001,93000,1000,10.25162410736084,10.109281539916992,0,8.14594056558609,8.145814994812012,8.145823787689208,0.00028125,0.00028125,0.0022218875917315016,0.0,0.0
advice_bound,0,93001,94000,1000,10.153746604919434,10.024388313293457,0,8.132774215698243,8.132837953090668,8.132843103885651,0.00034375,0.00034375,0.0015844588548643514,0.0,0.0
advice_bound,0,94001,95000,1000,10.194190979003906,10.0983247756958,0,8.174649645328522,8.174316080093384,8.174380904197692,0.002984375,0.002984375,0.0019945078831224237,0.0,0.0
advice_bound,0,95001,96000,1000,10.15916633605957,10.02631950378418,0,8.167353219985962,8.167098394393921,8.16710012626648,0.000140625,0.000140625,0.002096233120682882,0.0,0.0
advice_bound,0,96001,97000,1000,10.125575065612793,10.0,0,8.153008446216583,8.153009418010711,8.153009418010711,0.0,0.0,0.0013147942912473808,0.0,0.0
advice_bound,0,97001,98000,1000,10.182236671447754,10.103201866149902,0,8.126761874198914,8.12668768787384,8.126707718849183,0.00103125,0.00103125,0.0020872550391650294,0.0,0.0
advice_bound,0,98001,99000,1000,10.176095962524414,10.028109550476074,0,8.137658674240113,8.137750388622283,8.137752622127532,0.000109375,0.000109375,0.0017046434925578069,0.0,0.0
advice_bound,0,99001,100000,1000,10.11884880065918,10.006364822387695,0,8.12685452890396,8.127157298088074,8.127157797813416,9.375e-05,9.375e-05,0.0016252078266988973,0.0,0.0
advice_bound,0,100001,101000,1000,10.163716316223145,10.10725212097168,0,8.12420450592041,8.1240639128685,8.12407139158249,0.000375,0.000375,0.0020100571672664953,0.0,0.0
advice_bound,0,101001,102000,1000,10.157155990600586,10.102380752563477,0,8.096494541168212,8.096507245063782,8.096545924186707,0.001796875,0.001796875,0.0012702453112287911,0.0,0.0
advice_bound,0,102001,103000,1000,10.230286598205566,10.08169174194336,0,8.125785855770111,8.12583212184906,8.125866528987885,0.001578125,0.001578125,0.0009513654201873578,0.0,0.0
advice_bound,0,103001,104000,1000,10.21052360534668,10.104122161865234,0,8.130501980781554,8.130474628925324,8.130499739170075,0.00109375,0.00109375,0.0011639281565439888,0.0,0.0
advice_bound,0,104001,105000,1000,10.169157981872559,10.034327507019043,0,8.113077044010163,8.113046775341035,8.113066310405731,0.0010625,0.0010625,0.0014653527226182632,0.0,0.0
advice_bound,0,105001,106000,1000,10.160582542419434,10.070317268371582,0,8.140746760368348,8.140611949443818,8.140621658325195,0.00046875,0.00046875,0.0013457383736677003,0.0,0.0
advice_bound,0,106001,107000,1000,10.148805618286133,10.030672073364258,0,8.139562376022338,8.139536557674408,8.139539893627166,0.000265625,0.000265625,0.00140176056366181,0.0,0.0
advice_bound,0,107001,108000,1000,10.083450317382812,10.0,0,8.157945077896118,8.158065739154816,8.158065739154816,0.0,0.0,0.0009885108785529155,0.0,0.0
advice_bound,0,108001,109000,1000,10.18818473815918,10.038346290588379,0,8.176695286750794,8.176757947921754,8.176762587547302,0.000203125,0.000203125,0.0012313958746672142,0.0,0.0
advice_bound,0,109001,110000,1000,10.15374755859375,10.003459930419922,0,8.168939951896668,8.168663549900055,8.168663824558259,9.375e-05,9.375e-05,0.0015089748370519373,0.0,0.0
advice_bound,0,110001,111000,1000,10.199923515319824,10.135857582092285,0,8.171177593231201,8.170777678012849,8.17080334329605,0.001046875,0.001046875,0.0018363467970339115,0.0,0.0
advice_bound,0,111001,112000,1000,10.1934814453125,10.102398872375488,0,8.21753594827652,8.217590595245362,8.21761492729187,0.00065625,0.00065625,0.0011161560415639542,0.0,0.0
advice_bound,0,112001,113000,1000,10.133328437805176,10.120326042175293,0,8.271622063159942,8.271656064033508,8.271687201976777,0.002234375,0.002234375,0.0012023469231498894,0.0,0.0
advice_bound,0,113001,114000,1000,10.131768226623535,10.045851707458496,0,8.302538626670838,8.30256064271927,8.302567104816436,0.00046875,0.00046875,0.0015821357643872034,0.0,0.0
advice_bound,0,114001,115000,1000,10.0935697555542,10.042990684509277,0,8.30648805475235,8.306027267932892,8.30602796602249,3.125e-05,3.125e-05,0.0019235572767211124,0.0,0.0
advice_bound,0,115001,116000,1000,10.197378158569336,10.113207817077637,0,8.309505021572113,8.309460429191589,8.309505111694335,0.002015625,0.002015625,0.0011427776661003008,0.0,0.0
advice_bound,0,116001,117000,1000,10.148366928100586,10.081198692321777,0,8.33482725763321,8.334878564834595,8.334889819145202,0.000328125,0.000328125,0.0007727102889621165,0.0,0.0
advice_bound,0,117001,118000,1000,10.141008377075195,10.058934211730957,0,8.3558346991539,8.35574605846405,8.355751119613647,0.000328125,0.000328125,0.001092515601805644,0.0,0.0
advice_bound,0,118001,119000,1000,10.124003410339355,10.015944480895996,0,8.358139767169952,8.3567699842453,8.356770504951477,4.6875e-05,4.6875e-05,0.0027276057122217028,0.0,0.0
advice_bound,0,119001,120000,1000,10.169309616088867,10.019683837890625,0,8.347292731285096,8.346461376667023,8.346463816165924,0.00028125,0.00028125,0.0023884229516988854,0.0,0.0
advice_bound,0,120001,121000,1000,10.19826889038086,10.06943130493164,0,8.375212654113769,8.374287925720214,8.374314551353455,0.001640625,0.001640625,0.002693878897523973,0.0,0.0
advice_bound,0,121001,122000,1000,10.14548397064209,10.031785011291504,0,8.345574917316437,8.34515172290802,8.345154083251954,0.000140625,0.000140625,0.002321153465192765,0.0,0.0
advice_bound,0,122001,123000,1000,10.20424747467041,10.173482894897461,0,8.358715524196624,8.358758453369141,8.358902354240417,0.0040625,0.0040625,0.0014003797125187703,0.0,0.0
advice_bound,0,123001,124000,1000,10.10959529876709,10.023971557617188,0,8.38672619342804,8.386463396072388,8.38646376991272,1.5625e-05,1.5625e-05,0.0015542346822912804,0.0,0.0
advice_bound,0,124001,125000,1000,10.146076202392578,10.033382415771484,0,8.35028115272522,8.350269757270812,8.350271842002869,6.25e-05,6.25e-05,0.001724883974151453,0.0,0.0
advice_bound,0,125001,126000,1000,10.198934555053711,10.075592041015625,0,8.358584832668305,8.358566477298737,8.358579218387604,0.0005625,0.0005625,0.0016314246643305524,0.0,0.0
advice_bound,0,126001,127000,1000,10.138772964477539,10.042296409606934,0,8.395009501934052,8.395027345657349,8.395030794143677,0.000265625,0.000265625,0.0012456738632754423,0.0,0.0
advice_bound,0,127001,128000,1000,10.104690551757812,10.062127113342285,0,8.405154591560363,8.405245471000672,8.40525178527832,0.000265625,0.000265625,0.0010228209040360524,0.0,0.0
advice_bound,0,128001,129000,1000,10.124528884887695,10.081271171569824,0,8.426704680919647,8.426035953521728,8.426038473129273,4.6875e-05,4.6875e-05,0.0015961184811894781,0.0,0.0
advice_bound,0,129001,130000,1000,10.102293968200684,10.020928382873535,0,8.41912913799286,8.418857863903046,8.418859521389008,0.000109375,0.000109375,0.0011800245075282874,0.0,0.0
advice_bound,0,130001,131000,1000,10.319021224975586,10.154634475708008,0,8.389422914028168,8.389419063568115,8.389423959732056,4.6875e-05,4.6875e-05,0.0010620391397242201,0.0,0.0
advice_bound,0,131001,132000,1000,10.105663299560547,10.12499713897705,0,8.345510184764862,8.345627100944519,8.345630490303039,9.375e-05,9.375e-05,0.0008466042491490953,0.0,0.0
advice_bound,0,132001,133000,1000,10.1588773727417,10.115262985229492,0,8.33777085018158,8.337528933525086,8.337548017501831,0.000671875,0.000671875,0.0013674964975070906,0.0,0.0
advice_bound,0,133001,134000,1000,10.119518280029297,10.120327949523926,0,8.341663592338563,8.339870637893677,8.33987532043457,9.375e-05,9.375e-05,0.0027098253590229432,0.0,0.0
advice_bound,0,134001,135000,1000,10.108698844909668,10.0,0,8.301641244411469,8.299808477401733,8.299808477401733,0.0,0.0,0.0028064050686225526,0.0,0.0
advice_bound,0,135001,136000,1000,10.103960990905762,10.011500358581543,0,8.292468518733978,8.29186507320404,8.29186551952362,6.25e-05,6.25e-05,0.002069929865116137,0.0,0.0
advice_bound,0,136001,137000,1000,10.096226692199707,10.0,0,8.328340177536012,8.327657257080078,8.327657257080078,0.0,0.0,0.001697958504606504,0.0,0.0
advice_bound,0,137001,138000,1000,10.092206001281738,10.00772476196289,0,8.31992372226715,8.319721839427949,8.319721960544586,1.5625e-05,1.5625e-05,0.0010145868319668806,0.0,0.0
advice_bound,0,138001,139000,1000,10.118821144104004,10.06249713897705,0,8.347956835746766,8.347315833091736,8.347338356018067,0.001765625,0.001765625,0.001368842764546571,0.0,0.0
advice_bound,0,139001,140000,1000,10.078794479370117,10.011808395385742,0,8.335740183353424,8.334728521347046,8.334728989601135,6.25e-05,6.25e-05,0.0020240903794037876,0.0,0.0
advice_bound,0,140001,141000,1000,10.112625122070312,10.037405014038086,0,8.335532789230347,8.334472918510437,8.334474723815918,6.25e-05,6.25e-05,0.0022556320686708204,0.0,0.0
advice_bound,0,141001,142000,1000,10.153504371643066,10.043787956237793,0,8.325532544136047,8.324547462940217,8.324555900096893,0.000625,0.000625,0.0022505969090561846,0.0,0.0
advice_bound,0,142001,143000,1000,10.137166023254395,10.024700164794922,0,8.302136156082152,8.29998217010498,8.29998363685608,0.000171875,0.000171875,0.0033146152037516,0.0,0.0
advice_bound,0,143001,144000,1000,10.162569999694824,10.066939353942871,0,8.298524686336517,8.296229323863983,8.296246144771576,0.00071875,0.00071875,0.004440007387718652,0.0,0.0
advice_bound,0,144001,145000,1000,10.11767292022705,10.038780212402344,0,8.32073488998413,8.319108505249023,8.319112426757812,0.000375,0.000375,0.003622117005463224,0.0,0.0
advice_bound,0,145001,146000,1000,10.156060218811035,10.07480239868164,0,8.327953861236573,8.327422469615936,8.327436856746674,0.0004375,0.0004375,0.0023487527376855723,0.0,0.0
advice_bound,0,146001,147000,1000,10.217174530029297,10.100175857543945,0,8.349025057315826,8.348641648769378,8.34866326379776,0.000921875,0.000921875,0.0024775624233006966,0.0,0.0
advice_bound,0,147001,148000,1000,10.142733573913574,10.043828964233398,0,8.398358696937562,8.3980869679451,8.398092334270478,0.000359375,0.000359375,0.001992234746721806,0.0,0.0
advice_bound,0,148001,149000,1000,10.135887145996094,10.042366027832031,0,8.391256591796875,8.391029003620147,8.391040218830108,0.001,0.001,0.0019290397923032287,0.0,0.0
advice_bound,0,149001,150000,1000,10.105679512023926,10.02382755279541,0,8.384976477622986,8.385044946670533,8.385049050331116,0.000546875,0.000546875,0.0010990587106498423,0.0,0.0
advice_bound,0,150001,151000,1000,10.106552124023438,10.027690887451172,0,8.36661091041565,8.366590003967286,8.366591455459595,0.000125,0.000125,0.0008984889234125149,0.0,0.0
advice_bound,0,151001,152000,1000,10.118042945861816,10.034576416015625,0,8.353613910198211,8.353762701511384,8.35376847600937,0.00053125,0.00053125,0.0010523579558794154,0.0,0.0
advice_bound,0,152001,153000,1000,10.195253372192383,10.14499568939209,0,8.382887542247772,8.38290575647354,8.38293202161789,0.000421875,0.000421875,0.0007525711708149174,0.0,0.0
advice_bound,0,153001,154000,1000,10.143171310424805,10.08709716796875,0,8.391933840751648,8.39194683074951,8.391961562156677,0.000625,0.000625,0.0005962663311802316,0.0,0.0
advice_bound,0,154001,155000,1000,10.120329856872559,10.046285629272461,0,8.38854725599289,8.388578517913817,8.388580159187317,7.8125e-05,7.8125e-05,0.000562167995609343,0.0,0.0
advice_bound,0,155001,156000,1000,10.09496021270752,10.017044067382812,0,8.404918137550354,8.404911192893982,8.404911885261535,9.375e-05,9.375e-05,0.0005339613517717225,0.0,0.0
advice_bound,0,156001,157000,1000,10.125584602355957,10.045974731445312,0,8.416234986305238,8.416266031265259,8.416270348548888,0.000234375,0.000234375,0.0005310020472752512,0.0,0.0
advice_bound,0,157001,158000,1000,10.187273979187012,10.009110450744629,0,8.41117712879181,8.410897510528564,8.410897767066956,0.000109375,0.000109375,0.0008702157774241641,0.0,0.0
advice_bound,0,158001,159000,1000,10.138206481933594,10.039024353027344,0,8.42490786743164,8.424560755729676,8.424561944961548,4.6875e-05,4.6875e-05,0.0009360049259994412,0.0,0.0
advice_bound,0,159001,160000,1000,10.177688598632812,10.115713119506836,0,8.402616661071777,8.402548274040223,8.402554829597474,7.8125e-05,7.8125e-05,0.0007059967258537654,0.0,0.0
advice_bound,0,160001,161000,1000,10.112275123596191,10.069746971130371,0,8.397013900756836,8.396934827804566,8.396947156906128,0.000890625,0.000890625,0.0008428799368848559,0.0,0.0
advice_bound,0,161001,162000,1000,10.070574760437012,10.0,0,8.386293449401855,8.386060140609741,8.386060140609741,0.0,0.0,0.0009734708057658281,0.0,0.0
advice_bound,0,162001,163000,1000,10.121954917907715,10.011780738830566,0,8.41461410331726,8.41433666419983,8.414337239265443,9.375e-05,9.375e-05,0.0010134994129330152,0.0,0.0
advice_bound,0,163001,164000,1000,10.076544761657715,10.0,0,8.431953106880188,8.431711365699767,8.431711365699767,0.0,0.0,0.0008173891110491241,0.0,0.0
advice_bound,0,164001,165000,1000,10.165852546691895,10.034655570983887,0,8.43840569972992,8.4384127035141,8.43841450881958,0.00034375,0.00034375,0.0005686940524465172,0.0,0.0
advice_bound,0,165001,166000,1000,10.06528377532959,10.0,0,8.446777044296265,8.446789472579956,8.446789472579956,0.0,0.0,0.00045423434663825903,0.0,0.0
advice_bound,0,166001,167000,1000,10.063970565795898,10.020864486694336,0,8.431484574317933,8.431488655090332,8.431489958763123,6.25e-05,6.25e-05,0.00043391638692264677,0.0,0.0
advice_bound,0,167001,168000,1000,10.078465461730957,10.0,0,8.413675859451294,8.413665647506713,8.413665647506713,0.0,0.0,0.00045799094270478237,0.0,0.0
advice_bound,0,168001,169000,1000,10.08067512512207,10.10875415802002,0,8.412512398719787,8.412270079612732,8.412274194717407,4.6875e-05,4.6875e-05,0.0007747317716857652,0.0,0.0
advice_bound,0,169001,170000,1000,10.072994232177734,10.0,0,8.416158908843995,8.41578984260559,8.41578984260559,0.0,0.0,0.0008887080864515155,0.0,0.0
advice_bound,0,170001,171000,1000,10.100676536560059,10.000317573547363,0,8.387326155662537,8.387270846366881,8.387270860671997,4.6875e-05,4.6875e-05,0.0005894351354836545,0.0,0.0
advice_bound,0,171001,172000,1000,10.0772066116333,10.0,0,8.387115414619446,8.387152214050293,8.387152214050293,0.0,0.0,0.0002906529157917248,0.0,0.0
advice_bound,0,172001,173000,1000,10.06371021270752,10.0,0,8.387663390159608,8.387643188476563,8.387643188476563,0.0,0.0,0.0002884777746148757,0.0,0.0
advice_bound,0,173001,174000,1000,10.080741882324219,10.0,0,8.397098883628844,8.397121594429017,8.397121594429017,0.0,0.0,0.00033142538442552905,0.0,0.0
advice_bound,0,174001,175000,1000,10.146710395812988,10.079888343811035,0,8.38131738948822,8.381226405620575,8.381228659152985,3.125e-05,3.125e-05,0.00038339379728859056,0.0,0.0
advice_bound,0,175001,176000,1000,10.078238487243652,10.004804611206055,0,8.351993369102479,8.351867671012878,8.351867822647094,3.125e-05,3.125e-05,0.0005586703437875258,0.0,0.0
advice_bound,0,176001,177000,1000,10.217934608459473,10.153421401977539,0,8.332077717781067,8.332093839168548,8.332099777698517,6.25e-05,6.25e-05,0.00038013308315566974,0.0,0.0
advice_bound,0,177001,178000,1000,10.093704223632812,10.022570610046387,0,8.375685759544373,8.375700585365296,8.375712268829346,0.001078125,0.001078125,0.0003101976860089053,0.0,0.0
advice_bound,0,178001,179000,1000,10.085698127746582,10.0,0,8.39299061012268,8.392979642868042,8.392979642868042,0.0,0.0,0.0003639429669965466,0.0,0.0
advice_bound,0,179001,180000,1000,10.054187774658203,10.0,0,8.402099204063415,8.402119323730469,8.402119323730469,0.0,0.0,0.0002694514297581918,0.0,0.0
advice_bound,0,180001,181000,1000,10.092530250549316,10.0,0,8.409041359901428,8.408610171318054,8.408610171318054,0.0,0.0,0.0008539693267157418,0.0,0.0
advice_bound,0,181001,182000,1000,10.071388244628906,10.0,0,8.393994012832641,8.393624060630799,8.393624060630799,0.0,0.0,0.0009918109464779263,0.0,0.0
advice_bound,0,182001,183000,1000,10.12574291229248,10.0,0,8.39660253238678,8.395906801223754,8.395906801223754,0.0,0.0,0.0011889713241253048,0.0,0.0
advice_bound,0,183001,184000,1000,10.132884979248047,10.014850616455078,0,8.393695918083191,8.393163834571839,8.39316481399536,9.375e-05,9.375e-05,0.0011208080496653565,0.0,0.0
advice_bound,0,184001,185000,1000,10.079096794128418,10.015907287597656,0,8.378661898612975,8.378453051567078,8.378453970909119,0.000140625,0.000140625,0.0009632544309424702,0.0,0.0
advice_bound,0,185001,186000,1000,10.124789237976074,10.001832008361816,0,8.415337965488433,8.414663466453552,8.414663523674012,3.125e-05,3.125e-05,0.0015372691558004589,0.0,0.0
advice_bound,0,186001,187000,1000,10.088948249816895,10.023008346557617,0,8.38441197872162,8.383598628997802,8.383600812911988,0.000109375,0.000109375,0.001809090491718962,0.0,0.0
advice_bound,0,187001,188000,1000,10.184710502624512,10.0275297164917,0,8.38260997056961,8.382561672687531,8.382562571048737,6.25e-05,6.25e-05,0.0009073943075782153,0.0,0.0
advice_bound,0,188001,189000,1000,10.074869155883789,10.006195068359375,0,8.351263027667999,8.351246487140655,8.351246776103974,4.6875e-05,4.6875e-05,0.0005545033089947537,0.0,0.0
advice_bound,0,189001,190000,1000,10.09750747680664,10.003196716308594,0,8.337943901538848,8.338000010490417,8.338000060081482,1.5625e-05,1.5625e-05,0.0006029645517919562,0.0,0.0
advice_bound,0,190001,191000,1000,10.070396423339844,10.0,0,8.31137422990799,8.311271084785462,8.311271084785462,0.0,0.0,0.0006312707351899008,0.0,0.0
advice_bound,0,191001,192000,1000,10.082233428955078,10.0,0,8.31789422416687,8.317928250789642,8.317928250789642,0.0,0.0,0.0005610053495838656,0.0,0.0
advice_bound,0,192001,193000,1000,10.101606369018555,10.016860961914062,0,8.29440066576004,8.294433513641357,8.294435335159301,0.000125,0.000125,0.0005025355688121635,0.0,0.0
advice_bound,0,193001,194000,1000,10.077522277832031,10.015304565429688,0,8.317860832691192,8.317849236965179,8.317850068569184,0.000109375,0.000109375,0.00041673864009135285,0.0,0.0
advice_bound,0,194001,195000,1000,10.072608947753906,10.00023365020752,0,8.335288888931274,8.335328833580018,8.335328847885132,6.25e-05,6.25e-05,0.0004632062456985295,0.0,0.0
advice_bound,0,195001,196000,1000,10.093887329101562,10.062082290649414,0,8.348684394359589,8.348620569229126,8.348629050254821,0.000484375,0.000484375,0.0003964783970222925,0.0,0.0
advice_bound,0,196001,197000,1000,10.064270973205566,10.0,0,8.378245083332061,8.37827905702591,8.37827905702591,0.0,0.0,0.0003628745399910258,0.0,0.0
advice_bound,0,197001,198000,1000,10.076162338256836,10.0,0,8.366663858890533,8.366684391021728,8.366684391021728,0.0,0.0,0.0002464133609973942,0.0,0.0
advice_bound,0,198001,199000,1000,10.072531700134277,10.0,0,8.369067926883698,8.369085130691529,8.369085130691529,0.0,0.0,0.00028778171849262437,0.0,0.0
advice_bound,0,199001,200000,1000,10.094964981079102,10.027575492858887,0,8.392184949874878,8.392185017585755,8.392190565109253,0.00034375,0.00034375,0.0002491369084127655,0.0,0.0
advice_margin,0,1,1000,501,5.506917953491211,10.0,27202,0.12233296734468636,0.18240171822230378,0.18240171822230378,0.0,0.0,0.11817707721898685,0.0656708364011087,0.9924999999999995
advice_margin,0,1001,2000,1000,11.442930221557617,10.065009117126465,53134,0.9700880516469479,0.9826126464307309,0.9826126464307309,0.0009375,0.0,0.07486333914473653,0.005824316667222092,0.9849949999999991
advice_margin,0,2001,3000,1000,12.509407043457031,11.101447105407715,51926,2.076896566271782,2.082898968100548,2.082898968100548,0.033703125,0.0,0.08237453536875546,0.00394655902858085,0.974995
advice_margin,0,3001,4000,1000,12.475605964660645,11.53834342956543,51579,3.0967515169382094,3.0998307074308395,3.0998307074308395,0.09784375,0.0,0.09076304352842271,0.0038780849157737975,0.9649950000000013
advice_margin,0,4001,5000,1000,12.488224983215332,11.83633041381836,51432,4.01614041018486,4.011974160432816,4.011974160432816,0.1475,0.0,0.09434702512435615,0.003938849177976408,0.9549949999999993
advice_margin,0,5001,6000,1000,12.717007637023926,12.343727111816406,51568,4.907951210737228,4.904311771154403,4.904311771154403,0.18971875,0.0,0.09473572290502488,0.0034471188783163596,0.9449949999999999
advice_margin,0,6001,7000,1000,12.977258682250977,12.86462116241455,51670,6.008024124622345,6.004796894073486,6.004796894073486,0.265234375,0.0,0.09160932599008083,0.003234441948223321,0.9349950000000008
advice_margin,0,7001,8000,1000,13.595988273620605,13.17160415649414,51276,6.686947257518768,6.682803268432617,6.682803268432617,0.3244375,0.0,0.09786059233732522,0.003545634342321023,0.9249950000000003
advice_margin,0,8001,9000,1000,13.5498046875,13.366835594177246,50956,7.457356388092041,7.454038689136505,7.454038689136505,0.380234375,0.0,0.10051634587720036,0.0033118974661820173,0.9149949999999989
advice_margin,0,9001,10000,1000,14.210108757019043,13.585588455200195,50826,8.163985439777374,8.16133484697342,8.16133484697342,0.428703125,0.0,0.10097591886296868,0.0032274280077454025,0.9049949999999998
advice_margin,0,10001,11000,1000,14.90194034576416,14.490362167358398,50408,8.877480847358704,8.875897553920746,8.875897553920746,0.4823125,0.0,0.10546026689186692,0.003307213633702304,0.8949950000000011
advice_margin,0,11001,12000,1000,15.852253913879395,15.317703247070312,50281,9.66891948890686,9.668067196846009,9.668067196846009,0.551140625,0.0,0.09982088585942983,0.0031096455102024266,0.8849949999999993
advice_margin,0,12001,13000,1000,16.44458770751953,15.948102951049805,49975,10.11934916305542,10.115079149246215,10.115079149246215,0.5950625,0.0,0.09473108506388962,0.002907426485250653,0.8749949999999996
advice_margin,0,13001,14000,1000,16.599538803100586,16.103496551513672,50212,10.846635087013244,10.843905339241028,10.843905339241028,0.65828125,0.0,0.09024233406409621,0.002646359268608194,0.8649950000000007
advice_margin,0,14001,15000,1000,17.510705947875977,17.250930786132812,49796,11.11507955646515,11.11552926826477,11.11552926826477,0.702,0.0,0.0887463858909905,0.0026344647220037983,0.8549950000000005
advice_margin,0,15001,16000,1000,17.916959762573242,17.687959671020508,49561,11.611938884735107,11.611889474868775,11.611889474868775,0.770234375,0.0,0.08665305526554584,0.002457061400558814,0.8449949999999989
advice_margin,0,16001,17000,1000,18.542213439941406,18.33775520324707,49289,12.059543704032897,12.057688591957092,12.057688591957092,0.841765625,0.0,0.08842733486741781,0.0021449792001162677,0.8349949999999999
advice_margin,0,17001,18000,1000,18.869945526123047,18.49359893798828,49046,12.314359619140625,12.314498711586,12.314498711586,0.900078125,0.0,0.09465629414096474,0.002181051125299291,0.8249950000000011
advice_margin,0,18001,19000,1000,19.259246826171875,18.805482864379883,48882,12.640628921508789,12.640935386657715,12.640935386657715,0.963703125,0.0,0.09418230067566037,0.0022176650587625774,0.8149949999999996
advice_margin,0,19001,20000,1000,18.699352264404297,18.154457092285156,48935,12.908535093307496,12.909825530052185,12.909825530052185,0.966859375,0.0,0.09395834720134735,0.0023026465089456,0.8049949999999995
advice_margin,0,20001,21000,1000,18.446861267089844,17.8419246673584,48647,12.930382223129273,12.93007561302185,12.93007561302185,0.968734375,0.0,0.08753154333680868,0.002183802179330769,0.7949950000000007
advice_margin,0,21001,22000,1000,18.621360778808594,17.79672622680664,48367,13.008077043533325,13.008757858276367,13.008757858276367,0.966296875,0.0,0.09070137906074524,0.0022511150264861043,0.7849950000000002
advice_margin,0,22001,23000,1000,19.025835037231445,17.929534912109375,48102,13.077741650581359,13.075496777534484,13.075496777534484,0.975640625,0.0,0.09334520158544182,0.00201429555755022,0.7749949999999991
advice_margin,0,23001,24000,1000,18.26555633544922,18.054115295410156,47471,13.09196185207367,13.089333789825439,13.089333789825439,0.979734375,0.0,0.09062847130000591,0.0020781732648349023,0.764995
advice_margin,0,24001,25000,1000,18.81252670288086,18.513776779174805,47325,13.350325757980347,13.34881085205078,13.34881085205078,0.98340625,0.0,0.09521963135898114,0.0020267701443835904,0.7549950000000009
advice_margin,0,25001,26000,1000,19.56105613708496,18.873519897460938,46824,13.687712369918824,13.686002389907838,13.686002389907838,0.9829375,0.0,0.10270663754269481,0.0023051643909443556,0.7449949999999996
advice_margin,0,26001,27000,1000,20.254789352416992,19.638723373413086,46727,14.06948464012146,14.069594652175903,14.069594652175903,0.9835625,0.0,0.10186962167173624,0.002396368930692461,0.7349949999999993
advice_margin,0,27001,28000,1000,20.6070613861084,20.90293312072754,46422,14.211911063194275,14.214914867401124,14.214914867401124,0.984875,0.0,0.10598371660709381,0.0025932290506549835,0.724995000000001
advice_margin,0,28001,29000,1000,21.186840057373047,21.154630661010742,46368,14.215811228752136,14.218347599983215,14.218347599983215,0.98240625,0.0,0.1086995852701366,0.002542516817973592,0.7149950000000003
advice_margin,0,29001,30000,1000,21.386672973632812,20.88140296936035,45784,14.312929381370544,14.316326445579529,14.316326445579529,0.98428125,0.0,0.11564420001208782,0.0026907440600081145,0.7049949999999994
advice_margin,0,30001,31000,1000,21.707382202148438,21.01590347290039,45280,14.696456897735596,14.700970408439636,14.700970408439636,0.984546875,0.0,0.11154114951565862,0.0027541133961076414,0.6949950000000001
advice_margin,0,31001,32000,1000,21.137619018554688,20.737077713012695,45469,14.83547975254059,14.840614514350891,14.840614514350891,0.98353125,0.0,0.1142094166688621,0.0031385615054641677,0.6849950000000006
advice_margin,0,32001,33000,1000,20.83310317993164,20.234651565551758,44941,14.673252692222595,14.678269108772279,14.678269108772279,0.9765,0.0,0.11446099169179798,0.003001908837821702,0.6749949999999998
advice_margin,0,33001,34000,1000,21.19220733642578,20.850690841674805,44597,14.770873899459838,14.775812863349914,14.775812863349914,0.9816875,0.0,0.11950671767443419,0.0031290340290852326,0.6649949999999991
advice_margin,0,34001,35000,1000,21.250934600830078,20.742393493652344,44427,14.917395735740662,14.92108152294159,14.92108152294159,0.9829375,0.0,0.11861173881962896,0.0031787515285304833,0.6549950000000008
advice_margin,0,35001,36000,1000,21.89432716369629,21.587472915649414,44056,14.988896201133729,14.996131213188171,14.996131213188171,0.98246875,0.0,0.12014970459043979,0.0031654682434063943,0.6449950000000001
advice_margin,0,36001,37000,1000,22.335371017456055,22.13759994506836,43734,15.201822701454162,15.20878754711151,15.20878754711151,0.98365625,0.0,0.11851043731719256,0.0031137826874442,0.6349949999999993
advice_margin,0,37001,38000,1000,22.618749618530273,22.14604377746582,43791,15.196167753219605,15.201970481872559,15.201970481872559,0.981484375,0.0,0.11826353995874524,0.00304566213704976,0.6249950000000001
advice_margin,0,38001,39000,1000,21.679967880249023,21.783279418945312,43300,15.31290332221985,15.317638844490052,15.317638844490052,0.98309375,0.0,0.12008463732525707,0.00356885000824434,0.6149950000000003
advice_margin,0,39001,40000,1000,22.538738250732422,21.873332977294922,43220,15.652848711013794,15.65779983329773,15.65779983329773,0.9858125,0.0,0.12040163080394269,0.003998118231882927,0.6049949999999997
advice_margin,0,40001,41000,1000,22.696447372436523,23.306089401245117,43113,15.932118433952331,15.939325538635254,15.939325538635254,0.982703125,0.0,0.12082430889457464,0.0037777620046426817,0.5949949999999994
advice_margin,0,41001,42000,1000,23.915653228759766,23.485889434814453,43139,16.053742199897766,16.060000519752503,16.060000519752503,0.981390625,0.0,0.12241844145208597,0.0035572029822837975,0.5849950000000005
advice_margin,0,42001,43000,1000,23.47433853149414,23.466381072998047,43040,16.227492896080015,16.233701600074767,16.233701600074767,0.98315625,0.0,0.12359400280937552,0.004590950472686927,0.5749950000000003
advice_margin,0,43001,44000,1000,23.351192474365234,23.02873420715332,43149,16.33054728603363,16.33703022098541,16.33703022098541,0.984890625,0.0,0.12613572554290295,0.004913920107877857,0.5649949999999996
advice_margin,0,44001,45000,1000,24.004257202148438,24.04496955871582,42625,16.4377701587677,16.444748684883116,16.444748684883116,0.984171875,0.0,0.1378644060343504,0.004800598368434294,0.5549950000000003
advice_margin,0,45001,46000,1000,24.18696403503418,24.005653381347656,42582,16.33939927005768,16.349144370079042,16.349144370079042,0.98221875,0.0,0.13201476369053125,0.004726132763523765,0.5449950000000001
advice_margin,0,46001,47000,1000,24.105100631713867,23.736644744873047,42103,16.06315345287323,16.071993737220765,16.071993737220765,0.982125,0.0,0.13057620992511512,0.005007160670513713,0.5349949999999998
advice_margin,0,47001,48000,1000,25.123477935791016,24.836009979248047,42087,16.30251391029358,16.309476131439208,16.309476131439208,0.98559375,0.0,0.13668242500722408,0.005596323047937631,0.524995
advice_margin,0,48001,49000,1000,26.667943954467773,25.608768463134766,41906,16.19822126865387,16.20819812774658,16.20819812774658,0.985,0.0,0.1425010475665331,0.005744062338209914,0.5149949999999999
advice_margin,0,49001,50000,1000,27.942106246948242,26.95157241821289,41915,16.384375217437743,16.394541076660158,16.394541076660158,0.987890625,0.0,0.14482620829343795,0.006147672501017951,0.504995
advice_margin,0,50001,51000,1000,28.9473819732666,27.95366668701172,41554,16.785559388160706,16.79646247959137,16.79646247959137,0.98871875,0.0,0.15686767895519732,0.006710489322522335,0.4949949999999998
advice_margin,0,51001,52000,1000,27.403213500976562,26.940799713134766,41570,17.284972749710082,17.300833658218384,17.300833658218384,0.987671875,0.0,0.16640396127849819,0.008429804131690616,0.48499500000000006
advice_margin,0,52001,53000,1000,28.343477249145508,27.69395637512207,41421,17.667578464508058,17.689675161361695,17.689675161361695,0.989578125,0.0,0.17544847806543112,0.00764865212506993,0.4749950000000002
advice_margin,0,53001,54000,1000,30.608905792236328,30.21108627319336,41688,18.13784169578552,18.15477191543579,18.15477191543579,0.989234375,0.0,0.17584822665154934,0.006435929403663522,0.46499499999999994
advice_margin,0,54001,55000,1000,31.636512756347656,30.53472900390625,41672,18.342602905273438,18.364474782943727,18.364474782943727,0.9823125,0.0,0.17771155290305615,0.0070643877615730166,0.4549950000000001
advice_margin,0,55001,56000,1000,31.587127685546875,30.432682037353516,41302,18.600511682510376,18.623564525604248,18.623564525604248,0.985078125,0.0,0.18564580540359021,0.006843152903195005,0.44499499999999975
advice_margin,0,56001,57000,1000,33.60368347167969,32.17669677734375,41362,18.753639011383058,18.77969479942322,18.77969479942322,0.9825625,0.0,0.18967646361142396,0.007802890304061293,0.43499499999999997
advice_margin,0,57001,58000,1000,33.99802017211914,34.362632751464844,41473,18.791141941070556,18.817240489959715,18.817240489959715,0.98409375,0.0,0.17937190469354392,0.007832935255020856,0.424995
advice_margin,0,58001,59000,1000,36.282676696777344,34.8416633605957,41565,18.784258060455322,18.8048002910614,18.8048002910614,0.982796875,0.0,0.1935564041659236,0.009663796258456387,0.4149950000000001
advice_margin,0,59001,60000,1000,37.66889190673828,36.624916076660156,41639,19.12209960746765,19.150360832214357,19.150360832214357,0.98734375,0.0,0.19803151275217534,0.010363733978138043,0.4049949999999999
advice_margin,0,60001,61000,1000,37.85330581665039,36.678260803222656,41092,19.209792177200317,19.2395301322937,19.2395301322937,0.983359375,0.0,0.20802378510683775,0.010908888129488332,0.394995
advice_margin,0,61001,62000,1000,39.85254669189453,38.449798583984375,41300,19.200348863601686,19.230477195739745,19.230477195739745,0.98765625,0.0,0.21085258393734693,0.010983423601554023,0.38499499999999987
advice_margin,0,62001,63000,1000,38.58998107910156,37.760276794433594,41287,19.32294659996033,19.360476778030396,19.360476778030396,0.9846875,0.0,0.2250224800556898,0.012640120712749194,0.3749950000000002
advice_margin,0,63001,64000,1000,38.101280212402344,37.40375900268555,41020,19.029351661682128,19.059608039855956,19.059608039855956,0.9818125,0.0,0.2154202843159437,0.013246298367146664,0.364995
advice_margin,0,64001,65000,1000,29.360021591186523,28.87067222595215,41136,18.8380184879303,18.866863147735597,18.866863147735597,0.98490625,0.0,0.21205501624196768,0.014302573463071894,0.354995
advice_margin,0,65001,66000,1000,30.50884246826172,29.39019203186035,40615,18.959236476898194,18.988132009506227,18.988132009506227,0.985203125,0.0,0.21113339365273714,0.015644646521395772,0.344995
advice_margin,0,66001,67000,1000,30.5440731048584,29.34430503845215,40549,19.337388174057008,19.372833909988405,19.372833909988405,0.9863125,0.0,0.21611346930265427,0.017143171776551752,0.3349949999999997
advice_margin,0,67001,68000,1000,30.43546485900879,29.98407554626465,40580,19.28398729324341,19.319324401855468,19.319324401855468,0.980390625,0.0,0.2224408789202571,0.018938402763858903,0.32499500000000026
advice_margin,0,68001,69000,1000,30.063913345336914,29.742565155029297,40344,19.200160493850706,19.238025049209593,19.238025049209593,0.9865,0.0,0.22352006839960814,0.019758906678296627,0.31499499999999975
advice_margin,0,69001,70000,1000,29.593597412109375,29.29912567138672,39995,19.262372922897338,19.293598878860475,19.293598878860475,0.989234375,0.0,0.22020967462658883,0.02489518724111258,0.30499499999999996
advice_margin,0,70001,71000,1000,29.38092613220215,29.393667221069336,40393,19.257393087387086,19.288941608428956,19.288941608428956,0.987125,0.0,0.21161885496973992,0.023631984117615502,0.29499500000000023
advice_margin,0,71001,72000,1000,29.55044174194336,29.159677505493164,40760,19.0324520778656,19.065488567352293,19.065488567352293,0.98684375,0.0,0.2123869438096881,0.025801258504739962,0.28499499999999983
advice_margin,0,72001,73000,1000,30.045991897583008,29.440372467041016,40201,19.12950646209717,19.16425143432617,19.16425143432617,0.987796875,0.0,0.21826788841933012,0.023946917585795747,0.27499500000000004
advice_margin,0,73001,74000,1000,29.728254318237305,28.802024841308594,40314,18.73782993888855,18.767269088745117,18.767269088745117,0.983890625,0.0,0.19435864131897687,0.02250222297993605,0.2649949999999998
advice_margin,0,74001,75000,1000,29.517410278320312,29.090227127075195,40344,18.615440752029418,18.643915380477907,18.643915380477907,0.98146875,0.0,0.19124234592914582,0.026605806426145136,0.254995
advice_margin,0,75001,76000,1000,29.009349822998047,28.677980422973633,40083,18.674478387832643,18.70764833831787,18.70764833831787,0.982921875,0.0,0.18440969882905484,0.02636486753541976,0.24499499999999996
advice_margin,0,76001,77000,1000,30.923755645751953,29.609325408935547,40317,18.70841353416443,18.73415430831909,18.73415430831909,0.984234375,0.0,0.18849449746310712,0.029780388584593313,0.23499499999999995
advice_margin,0,77001,78000,1000,31.37797737121582,30.479251861572266,40439,18.654717016220093,18.6740975189209,18.6740975189209,0.9833125,0.0,0.19087564749270677,0.0336169794453308,0.22499499999999995
advice_margin,0,78001,79000,1000,31.77933120727539,30.845067977905273,40752,18.80625506591797,18.826076446533204,18.826076446533204,0.985734375,0.0,0.19055250309407712,0.04056693171430379,0.21499499999999996
advice_margin,0,79001,80000,1000,32.233314514160156,31.111587524414062,40652,18.876062091827393,18.89914602470398,18.89914602470398,0.9845625,0.0,0.18298570480942727,0.04594519688375294,0.20499499999999996
advice_margin,0,80001,81000,1000,33.22885513305664,32.025360107421875,40767,19.050522874832154,19.073024793624878,19.073024793624878,0.9851875,0.0,0.18264039351046085,0.06347453181073069,0.19499499999999995
advice_margin,0,81001,82000,1000,34.63056564331055,32.90791702270508,40869,19.28537729072571,19.314694496154786,19.314694496154786,0.987890625,0.0,0.19392602597177028,0.07908828157559038,0.18499500000000002
advice_margin,0,82001,83000,1000,37.28652572631836,36.55559539794922,40975,19.52950303077698,19.561537340164186,19.561537340164186,0.98896875,0.0,0.19053528714552523,0.09688931284099818,0.17499499999999998
advice_margin,0,83001,84000,1000,37.434532165527344,35.91316223144531,40907,19.908992113113403,19.938231470108033,19.938231470108033,0.990375,0.0,0.19168554907292126,0.11129071541503072,0.16499500000000003
advice_margin,0,84001,85000,1000,38.59417724609375,37.485904693603516,40444,19.864919818878175,19.90058143424988,19.90058143424988,0.987125,0.0,0.19682585609704256,0.14323503523692488,0.154995
advice_margin,0,85001,86000,1000,39.580406188964844,38.90261459350586,40232,19.90935789680481,19.949093433380128,19.949093433380128,0.985359375,0.0,0.20158595614880323,0.16857419917359948,0.14499499999999996
advice_margin,0,86001,87000,1000,41.60889434814453,40.053157806396484,40422,19.55444863510132,19.5958076877594,19.5958076877594,0.983546875,0.0,0.19898052994161844,0.19832378202676773,0.13499499999999992
advice_margin,0,87001,88000,1000,41.578392028808594,41.09558868408203,40075,19.671764108657836,19.71116136550903,19.71116136550903,0.985203125,0.0,0.20524654208496212,0.22619723623245955,0.12499499999999998
advice_margin,0,88001,89000,1000,44.12993621826172,42.63871383666992,40048,19.267401861190795,19.30875688934326,19.30875688934326,0.978359375,0.0,0.2125783971324563,0.2647072646841407,0.11499499999999996
advice_margin,0,89001,90000,1000,48.126094818115234,45.491912841796875,39843,18.747558731079103,18.79087968635559,18.79087968635559,0.952296875,0.0,0.19901511992514134,0.30924264490604403,0.10499499999999998
advice_margin,0,90001,91000,1000,47.06850814819336,45.53178405761719,40016,18.530060794830323,18.581367981910706,18.581367981910706,0.957140625,0.0,0.2108957021832466,0.31565671601891515,0.09499500000000001
advice_margin,0,91001,92000,1000,47.191226959228516,46.14552688598633,39293,18.175946825027467,18.227398307800293,18.227398307800293,0.9785,0.0,0.20011389666050672,0.35363665163517,0.08499499999999999
advice_margin,0,92001,93000,1000,46.828460693359375,45.7884521484375,38696,17.538806859016418,17.589611927032472,17.589611927032472,0.973109375,0.0,0.1957914246916771,0.3913143719434738,0.07499499999999999
advice_margin,0,93001,94000,1000,45.72327423095703,44.42888259887695,38391,16.84910700893402,16.890421060562133,16.890421060562133,0.9689375,0.0,0.18388084738329052,0.43504734653234484,0.06499500000000001
advice_margin,0,94001,95000,1000,47.12186813354492,46.25035858154297,38292,16.18614013671875,16.238100892066957,16.238100892066957,0.9126875,0.0,0.18712109883874656,0.4606343767940998,0.054994999999999974
advice_margin,0,95001,96000,1000,37.47591018676758,36.202850341796875,38637,15.607748452186584,15.658895606994628,15.658895606994628,0.9705,0.0,0.18663871347904204,0.4891776441335678,0.04499499999999999
advice_margin,0,96001,97000,1000,37.893836975097656,37.07489776611328,38081,15.393071102142335,15.447006267547607,15.447006267547607,0.969703125,0.0,0.19634477765858174,0.534347806841135,0.03499499999999999
advice_margin,0,97001,98000,1000,34.51016616821289,33.706932067871094,37790,14.923329894065857,14.974831005096435,14.974831005096435,0.9541875,0.0,0.1775009151287377,0.6111280945539475,0.024994999999999976
advice_margin,0,98001,99000,1000,34.6951789855957,34.122623443603516,36671,14.77241719341278,14.825724880218505,14.825724880218505,0.952828125,0.0,0.19476139811426402,0.73016731056571,0.014994999999999982
advice_margin,0,99001,100000,1000,34.232177734375,33.51416015625,35616,15.040930057525635,15.092783878326417,15.092783878326417,0.93665625,0.0,0.19115701015293599,0.853363917350769,0.004995000000000006
advice_margin,0,100001,101000,1000,38.496524810791016,37.07844543457031,0,15.184959052085876,15.22566061782837,15.22566061782837,0.901375,0.0,0.1797815950140357,0.0,0.0
advice_margin,0,101001,102000,1000,39.000587463378906,38.14244842529297,0,15.560816534042358,15.597275752067565,15.597275752067565,0.9424375,0.0,0.13661988765001298,0.0,0.0
advice_margin,0,102001,103000,1000,40.05805587768555,39.11312484741211,0,16.0497685918808,16.080756627082824,16.080756627082824,0.97365625,0.0,0.11974069242738188,0.0,0.0
advice_margin,0,103001,104000,1000,41.773651123046875,41.30486297607422,0,16.59691404247284,16.625959198951723,16.625959198951723,0.991265625,0.0,0.10858341675437987,0.0,0.0
advice_margin,0,104001,105000,1000,42.96828842163086,41.027225494384766,0,16.966892033576965,16.982117636680602,16.982117636680602,0.995734375,0.0,0.11512575761787594,0.0,0.0
advice_margin,0,105001,106000,1000,44.84042739868164,42.7531623840332,0,17.286602940559387,17.30771342086792,17.30771342086792,0.9956875,0.0,0.11964103319868445,0.0,0.0
advice_margin,0,106001,107000,1000,43.65996170043945,42.40608215332031,0,17.42627630996704,17.446965047836304,17.446965047836304,0.996703125,0.0,0.10483908725064248,0.0,0.0
advice_margin,0,107001,108000,1000,46.82027816772461,44.26388168334961,0,17.718698301315307,17.738923192977904,17.738923192977904,0.99684375,0.0,0.12179192099533975,0.0,0.0
advice_margin,0,108001,109000,1000,49.882450103759766,47.591495513916016,0,17.990811765670777,18.01268493270874,18.01268493270874,0.996640625,0.0,0.12404198890551925,0.0,0.0
advice_margin,0,109001,110000,1000,50.042640686035156,50.158138275146484,0,18.17278856468201,18.19226023864746,18.19226023864746,0.997109375,0.0,0.11189432839863002,0.0,0.0
advice_margin,0,110001,111000,1000,49.48921585083008,48.520626068115234,0,18.10377819633484,18.12267830848694,18.12267830848694,0.99721875,0.0,0.0900403801947832,0.0,0.0
advice_margin,0,111001,112000,1000,45.56646728515625,43.95806884765625,0,18.38364457130432,18.404060386657715,18.404060386657715,0.99728125,0.0,0.1072966781090945,0.0,0.0
advice_margin,0,112001,113000,1000,48.131534576416016,47.01230239868164,0,18.685729192733763,18.703366420745848,18.703366420745848,0.99621875,0.0,0.1307746764300391,0.0,0.0
advice_margin,0,113001,114000,1000,49.4593505859375,47.621498107910156,0,18.84985283279419,18.87311089324951,18.87311089324951,0.9958125,0.0,0.12261692976951599,0.0,0.0
advice_margin,0,114001,115000,1000,48.78227615356445,46.80611038208008,0,18.879177003860473,18.919117263793947,18.919117263793947,0.996015625,0.0,0.13587371543608606,0.0,0.0
advice_margin,0,115001,116000,1000,49.349796295166016,49.04338073730469,0,19.64203920173645,19.67527296447754,19.67527296447754,0.996734375,0.0,0.14360026307962834,0.0,0.0
advice_margin,0,116001,117000,1000,49.81255340576172,48.572044372558594,0,20.497504751205444,20.525454023361206,20.525454023361206,0.995640625,0.0,0.14871861827373506,0.0,0.0
advice_margin,0,117001,118000,1000,49.45519256591797,48.25061798095703,0,20.506112564086916,20.538113796234132,20.538113796234132,0.996140625,0.0,0.1264694487452507,0.0,0.0
advice_margin,0,118001,119000,1000,43.7829704284668,43.67257308959961,0,20.64019379615784,20.670204612731933,20.670204612731933,0.995953125,0.0,0.12592879652045666,0.0,0.0
advice_margin,0,119001,120000,1000,45.1190299987793,44.54912185668945,0,21.41619215774536,21.449507349014283,21.449507349014283,0.99603125,0.0,0.14859057720191776,0.0,0.0
advice_margin,0,120001,121000,1000,44.09217834472656,44.20285415649414,0,22.045878608703614,22.087673406600953,22.087673406600953,0.996265625,0.0,0.15563620713166892,0.0,0.0
advice_margin,0,121001,122000,1000,42.93574905395508,42.37577819824219,0,22.383634269714356,22.418767501831056,22.418767501831056,0.996578125,0.0,0.1509099649786949,0.0,0.0
advice_margin,0,122001,123000,1000,41.31325912475586,40.61540222167969,0,22.288622117996216,22.321516107559205,22.321516107559205,0.99728125,0.0,0.14500130681693554,0.0,0.0
advice_margin,0,123001,124000,1000,40.9106559753418,40.242496490478516,0,22.73553047943115,22.76135378456116,22.76135378456116,0.9971875,0.0,0.14515189935266973,0.0,0.0
advice_margin,0,124001,125000,1000,40.605323791503906,40.557254791259766,0,23.164624967575072,23.18816218185425,23.18816218185425,0.99709375,0.0,0.14846299028769136,0.0,0.0
advice_margin,0,125001,126000,1000,39.6503791809082,39.5303955078125,0,23.80214057159424,23.82757939529419,23.82757939529419,0.99696875,0.0,0.17083017360046507,0.0,0.0
advice_margin,0,126001,127000,1000,47.62322235107422,49.042484283447266,0,24.72892514038086,24.738555583953858,24.738555583953858,0.997296875,0.0,0.15977283710613846,0.0,0.0
advice_margin,0,127001,128000,1000,44.712486267089844,43.032066345214844,0,25.13225899505615,25.145301538467407,25.145301538467407,0.997109375,0.0,0.13309249417483807,0.0,0.0
advice_margin,0,128001,129000,1000,41.424102783203125,41.029666900634766,0,25.4145081615448,25.42933033943176,25.42933033943176,0.997703125,0.0,0.11702228037640452,0.0,0.0
advice_margin,0,129001,130000,1000,41.33232116699219,40.55988693237305,0,25.104862380981444,25.1154654712677,25.1154654712677,0.99765625,0.0,0.10904915335029364,0.0,0.0
advice_margin,0,130001,131000,1000,39.07823181152344,38.762367248535156,0,24.931725408554076,24.93915578651428,24.93915578651428,0.997234375,0.0,0.10216707757115365,0.0,0.0
advice_margin,0,131001,132000,1000,38.445560455322266,37.222408294677734,0,25.092313537597658,25.102268882751464,25.102268882751464,0.998203125,0.0,0.09912992853298783,0.0,0.0
advice_margin,0,132001,133000,1000,37.16078186035156,36.898109436035156,0,25.161733068466187,25.162684450149538,25.162684450149538,0.998125,0.0,0.09780362983047962,0.0,0.0
advice_margin,0,133001,134000,1000,36.06646728515625,35.69374084472656,0,24.936151842117308,24.938583148956297,24.938583148956297,0.998234375,0.0,0.0925404625106603,0.0,0.0
advice_margin,0,134001,135000,1000,35.18785858154297,34.606441497802734,0,24.466802295684815,24.46546551322937,24.46546551322937,0.99865625,0.0,0.06804153812117875,0.0,0.0
advice_margin,0,135001,136000,1000,35.36321258544922,34.746917724609375,0,24.133101247787476,24.131462160110473,24.131462160110473,0.998390625,0.0,0.05855923558678478,0.0,0.0
advice_margin,0,136001,137000,1000,35.53936767578125,35.502235412597656,0,23.460355140686037,23.461289541244508,23.461289541244508,0.9985625,0.0,0.04558047950454056,0.0,0.0
advice_margin,0,137001,138000,1000,35.55774688720703,35.14816665649414,0,23.03451469230652,23.036985118865967,23.036985118865967,0.99896875,0.0,0.043347698826342825,0.0,0.0
advice_margin,0,138001,139000,1000,29.285335540771484,28.648740768432617,0,22.657496032714842,22.65910114479065,22.65910114479065,0.99871875,0.0,0.03911174878664315,0.0,0.0
advice_margin,0,139001,140000,1000,28.271718978881836,28.099538803100586,0,22.306399686813354,22.303578556060792,22.303578556060792,0.9988125,0.0,0.03950871279183775,0.0,0.0
advice_margin,0,140001,141000,1000,27.932857513427734,27.620838165283203,0,22.0289243183136,22.02421349334717,22.02421349334717,0.998828125,0.0,0.03929847294744104,0.0,0.0
advice_margin,0,141001,142000,1000,28.73687744140625,28.621488571166992,0,21.594192493438722,21.58866056060791,21.58866056060791,0.998359375,0.0,0.03897360741533339,0.0,0.0
advice_margin,0,142001,143000,1000,27.241954803466797,26.885480880737305,0,21.075143489837647,21.07049154663086,21.07049154663086,0.998578125,0.0,0.03298548956587911,0.0,0.0
advice_margin,0,143001,144000,1000,26.090656280517578,25.988649368286133,0,20.407779119491575,20.402049100875853,20.402049100875853,0.9975625,0.0,0.02952479387167841,0.0,0.0
advice_margin,0,144001,145000,1000,26.099170684814453,25.485795974731445,0,19.80236824417114,19.800596002578736,19.800596002578736,0.99828125,0.0,0.023554313876200467,0.0,0.0
advice_margin,0,145001,146000,1000,25.602800369262695,25.409942626953125,0,19.38135494995117,19.380057220458983,19.380057220458983,0.997953125,0.0,0.02250530707137659,0.0,0.0
advice_margin,0,146001,147000,1000,25.71430206298828,25.304092407226562,0,18.87215303039551,18.871552700042724,18.871552700042724,0.998078125,0.0,0.022264939499553292,0.0,0.0
advice_margin,0,147001,148000,1000,25.499561309814453,24.84330940246582,0,18.430811388015748,18.42995803642273,18.42995803642273,0.998265625,0.0,0.01719896484608762,0.0,0.0
advice_margin,0,148001,149000,1000,24.927759170532227,24.6738224029541,0,18.008099565505983,18.00657914543152,18.00657914543152,0.99784375,0.0,0.019230928594013676,0.0,0.0
advice_margin,0,149001,150000,1000,24.745084762573242,24.45356559753418,0,17.464537427902222,17.463113300323485,17.463113300323485,0.998390625,0.0,0.017651585740968586,0.0,0.0
advice_margin,0,150001,151000,1000,24.234710693359375,23.890138626098633,0,17.129564235687255,17.129493743896486,17.129493743896486,0.99803125,0.0,0.01470823485450819,0.0,0.0
advice_margin,0,151001,152000,1000,23.562833786010742,23.429826736450195,0,16.673094723701478,16.673391471862793,16.673391471862793,0.99834375,0.0,0.012179932444356383,0.0,0.0
advice_margin,0,152001,153000,1000,22.967634201049805,22.99009132385254,0,16.12483314037323,16.12549047470093,16.12549047470093,0.998390625,0.0,0.016512824720703066,0.0,0.0
advice_margin,0,153001,154000,1000,19.945960998535156,19.571523666381836,0,15.558726396560669,15.55919138431549,15.55919138431549,0.998609375,0.0,0.011158733408665284,0.0,0.0
advice_margin,0,154001,155000,1000,18.002744674682617,17.913753509521484,0,15.035224009513856,15.03530609512329,15.03530609512329,0.998765625,0.0,0.008757492618635296,0.0,0.0
advice_margin,0,155001,156000,1000,17.264116287231445,17.238515853881836,0,14.514278692245483,14.514428431510925,14.514428431510925,0.998453125,0.0,0.007799459668342024,0.0,0.0
advice_margin,0,156001,157000,1000,16.703304290771484,16.650196075439453,0,14.064850360870361,14.064687873840333,14.064687873840333,0.9989375,0.0,0.006886943105491809,0.0,0.0
advice_margin,0,157001,158000,1000,16.243568420410156,16.206649780273438,0,13.653979278564453,13.65319947052002,13.65319947052002,0.998765625,0.0,0.007751275355345569,0.0,0.0
advice_margin,0,158001,159000,1000,15.715031623840332,15.734945297241211,0,13.26788731098175,13.266970891952514,13.266970891952514,0.999015625,0.0,0.0067737282011657955,0.0,0.0
advice_margin,0,159001,160000,1000,15.10971450805664,15.08353328704834,0,12.921765781402588,12.920868488311768,12.920868488311768,0.999015625,0.0,0.006186326551192905,0.0,0.0
advice_margin,0,160001,161000,1000,14.409873962402344,14.204227447509766,0,12.508991250991821,12.508306356430055,12.508306356430055,0.998796875,0.0,0.005230619121110067,0.0,0.0
advice_margin,0,161001,162000,1000,13.986977577209473,14.134119033813477,0,12.156019538879395,12.15571203804016,12.15571203804016,0.998953125,0.0,0.004236175976926461,0.0,0.0
advice_margin,0,162001,163000,1000,13.360958099365234,13.441712379455566,0,11.77411325454712,11.773998938560485,11.773998938560485,0.999,0.0,0.0031541368501493707,0.0,0.0
advice_margin,0,163001,164000,1000,12.543869018554688,12.535757064819336,0,11.437289927482604,11.437325538635253,11.437325538635253,0.998875,0.0,0.0022677719194907696,0.0,0.0
advice_margin,0,164001,165000,1000,12.345576286315918,12.167858123779297,0,11.082320252418517,11.082358821868896,11.082358821868896,0.99178125,0.0,0.0021088912629056724,0.0,0.0
advice_margin,0,165001,166000,1000,12.099723815917969,12.499312400817871,0,10.710942335128784,10.710009140968323,10.710009140968323,0.934203125,0.0,0.003121051731810439,0.0,0.0
advice_margin,0,166001,167000,1000,11.52712345123291,11.570443153381348,0,10.262959630012512,10.262750993728638,10.262750993728638,0.657328125,0.0,0.0019496207627817056,0.0,0.0
advice_margin,0,167001,168000,1000,11.218839645385742,11.188239097595215,0,9.898344402313233,9.898297144889831,9.898297144889831,0.395828125,0.0,0.0016439968594931997,0.0,0.0
advice_margin,0,168001,169000,1000,10.759316444396973,10.76453685760498,0,9.583548506736756,9.583476177215577,9.583476177215577,0.22471875,0.0,0.001737904020876158,0.0,0.0
advice_margin,0,169001,170000,1000,10.462932586669922,10.6155366897583,0,9.285494992256165,9.28550599193573,9.28550599193573,0.05921875,0.0,0.0014803280982014257,0.0,0.0
advice_margin,0,170001,171000,1000,10.351715087890625,10.335343360900879,0,9.041292881011962,9.04093835067749,9.04093835067749,0.000859375,0.0,0.002340591026790207,0.0,0.0
advice_margin,0,171001,172000,1000,10.333369255065918,10.322035789489746,0,8.773058760643005,8.773209283828736,8.773209283828736,0.00025,0.0,0.0023065855407039637,0.0,0.0
advice_margin,0,172001,173000,1000,10.256012916564941,10.075904846191406,0,8.597588088035584,8.597221611976623,8.597221611976623,0.000796875,0.0,0.0024291677797737064,0.0,0.0
advice_margin,0,173001,174000,1000,10.255202293395996,10.139872550964355,0,8.443198080062865,8.442062286376952,8.442062286376952,0.0008125,0.0,0.003591893103613984,0.0,0.0
advice_margin,0,174001,175000,1000,10.305452346801758,10.170890808105469,0,8.35036735534668,8.348671781539917,8.348671781539917,0.000859375,0.0,0.004463667947333306,0.0,0.0
advice_margin,0,175001,176000,1000,10.46495532989502,10.301897048950195,0,8.25042599248886,8.249937079906463,8.249937079906463,0.002125,0.0,0.0032112388125387953,0.0,0.0
advice_margin,0,176001,177000,1000,10.6021146774292,10.512414932250977,0,8.184840083122253,8.18475666475296,8.18475666475296,0.003453125,0.0,0.0033533599869697353,0.0,0.0
advice_margin,0,177001,178000,1000,10.6124267578125,10.594921112060547,0,8.175090270996094,8.175079671859741,8.175079671859741,0.00328125,0.0,0.0033286617872072383,0.0,0.0
advice_margin,0,178001,179000,1000,10.769002914428711,10.60429573059082,0,8.143788661003112,8.143826904296875,8.143826904296875,0.00290625,0.0,0.0033032338267657904,0.0,0.0
advice_margin,0,179001,180000,1000,10.812983512878418,10.734840393066406,0,8.08336210680008,8.083289329051972,8.083289329051972,0.0033125,0.0,0.0037450798649806528,0.0,0.0
advice_margin,0,180001,181000,1000,10.823368072509766,10.653903007507324,0,8.05448892402649,8.053798428058624,8.053798428058624,0.00415625,0.0,0.004400951569550671,0.0,0.0
advice_margin,0,181001,182000,1000,10.80700397491455,10.580812454223633,0,8.0013691239357,7.999837200164795,7.999837200164795,0.00209375,0.0,0.005527675817953423,0.0,0.0
advice_margin,0,182001,183000,1000,10.694869041442871,10.48109245300293,0,8.070506513118744,8.070193238258362,8.070193238258362,0.00346875,0.0,0.00399449010915123,0.0,0.0
advice_margin,0,183001,184000,1000,10.867873191833496,10.751710891723633,0,8.193762945652008,8.19387783908844,8.19387783908844,0.005828125,0.0,0.0030808821943355724,0.0,0.0
advice_margin,0,184001,185000,1000,10.653365135192871,10.504944801330566,0,8.276144778251648,8.276241523265838,8.276241523265838,0.0054375,0.0,0.0029787312858970834,0.0,0.0
advice_margin,0,185001,186000,1000,11.703171730041504,11.29056167602539,0,8.322995867729187,8.322985297203063,8.322985297203063,0.00871875,0.0,0.002636909752036445,0.0,0.0
advice_margin,0,186001,187000,1000,12.861627578735352,12.261578559875488,0,8.28825345993042,8.286751241207122,8.286751241207122,0.0069375,0.0,0.00496254227188183,0.0,0.0
advice_margin,0,187001,188000,1000,13.017436981201172,12.65884780883789,0,8.284722608566284,8.283223310947418,8.283223310947418,0.006421875,0.0,0.005213227966742125,0.0,0.0
advice_margin,0,188001,189000,1000,13.210692405700684,12.942952156066895,0,8.318901104927063,8.318415133476257,8.318415133476257,0.0079375,0.0,0.003997067558346316,0.0,0.0
advice_margin,0,189001,190000,1000,13.354267120361328,13.060911178588867,0,8.33273898458481,8.33252076435089,8.33252076435089,0.006171875,0.0,0.0036121082523022778,0.0,0.0
advice_margin,0,190001,191000,1000,12.592191696166992,12.686715126037598,0,8.36795805978775,8.367960237503052,8.367960237503052,0.00653125,0.0,0.0033137932653771714,0.0,0.0
advice_margin,0,191001,192000,1000,11.798184394836426,12.12520694732666,0,8.358467171669007,8.35852991962433,8.35852991962433,0.005234375,0.0,0.00257281861564843,0.0,0.0
advice_margin,0,192001,193000,1000,10.275403022766113,10.221394538879395,0,8.368974803447724,8.369106488227844,8.369106488227844,0.0015625,0.0,0.0020390941483783534,0.0,0.0
advice_margin,0,193001,194000,1000,10.25982666015625,10.209518432617188,0,8.36130509185791,8.36068915271759,8.36068915271759,0.000625,0.0,0.0027772820515092464,0.0,0.0
advice_margin,0,194001,195000,1000,12.503939628601074,12.341899871826172,0,8.306532118797302,8.306013929367065,8.306013929367065,0.002171875,0.0,0.0031158746756846083,0.0,0.0
advice_margin,0,195001,196000,1000,12.552910804748535,12.386402130126953,0,8.375570102214812,8.375590677261352,8.375590677261352,0.009578125,0.0,0.0032009786785347385,0.0,0.0
advice_margin,0,196001,197000,1000,11.958137512207031,11.939128875732422,0,8.447461973190308,8.447000612258911,8.447000612258911,0.01040625,0.0,0.0033546201404533347,0.0,0.0
advice_margin,0,197001,198000,1000,10.479697227478027,10.475606918334961,0,8.376263792991638,8.376270367622375,8.376270367622375,0.00134375,0.0,0.002049003444146365,0.0,0.0
advice_margin,0,198001,199000,1000,10.18326187133789,10.140252113342285,0,8.286484914779663,8.286202825069427,8.286202825069427,0.000390625,0.0,0.0023602287737303413,0.0,0.0
advice_margin,0,199001,200000,1000,10.201226234436035,10.092337608337402,0,8.300879700660705,8.300848171710967,8.300848171710967,0.0005625,0.0,0.0021074242384638638,0.0,0.0
advice_bound_margin,0,1,1000,501,5.506917953491211,10.0,27202,0.12233296734468636,0.18240171822230378,0.18240171822230378,0.0,0.0,0.11817707721898685,0.0656708364011087,0.9924999999999995
advice_bound_margin,0,1001,2000,1000,11.442930221557617,10.229854583740234,53134,0.9770136297047138,0.9895523644387721,0.9898802963197231,0.004515625,0.004515625,0.07480439674109221,0.005874120977042822,0.9849949999999991
advice_bound_margin,0,2001,3000,1000,11.881837844848633,11.042193412780762,51926,2.1188362925052644,2.124763030052185,2.129553105711937,0.03175,0.03175,0.08269639086723328,0.00401171444811041,0.974995
advice_bound_margin,0,3001,4000,1000,11.485100746154785,10.865395545959473,51579,3.0663775219917295,3.0688542902469633,3.081610002756119,0.066359375,0.066359375,0.08717898381687701,0.003666353440747116,0.9649950000000013
advice_bound_margin,0,4001,5000,1000,11.655478477478027,10.879430770874023,51432,3.996591984272003,3.991511286020279,4.004657095909119,0.076171875,0.076171875,0.08864731718413532,0.0038145109349808875,0.9549949999999993
advice_bound_margin,0,5001,6000,1000,11.509187698364258,11.025066375732422,51568,4.794492776870728,4.788757758140564,4.810509331464767,0.09490625,0.09490625,0.08592334200069308,0.0030939141409237437,0.9449949999999999
advice_bound_margin,0,6001,7000,1000,11.552790641784668,11.047025680541992,51670,5.632775362491608,5.6271495389938355,5.6419827532768245,0.10253125,0.10253125,0.07926021922379732,0.003053844847162566,0.9349950000000008
advice_bound_margin,0,7001,8000,1000,11.383444786071777,11.047025680541992,51276,6.167097096443176,6.161333151340485,6.1814892292022705,0.152859375,0.152859375,0.08543752862513065,0.003151923393258585,0.9249950000000003
advice_bound_margin,0,8001,9000,1000,11.493367195129395,11.155228614807129,50956,6.754491332530975,6.749393961906433,6.780876306056976,0.223171875,0.223171875,0.08898133505880833,0.0032165516217082767,0.9149949999999989
advice_bound_margin,0,9001,10000,1000,11.545438766479492,11.319541931152344,50826,7.254945621013642,7.250057373523712,7.288419609069824,0.254078125,0.254078125,0.0854744899328798,0.002906105067405406,0.9049949999999998
advice_bound_margin,0,10001,11000,1000,11.459156036376953,11.395134925842285,50408,7.780270596504211,7.7765542469024656,7.818581147193909,0.28346875,0.28346875,0.08367519452422857,0.0027898199639312224,0.8949950000000011
advice_bound_margin,0,11001,12000,1000,11.342082977294922,11.35433578491211,50281,8.296278150558472,8.292287230014802,8.349516708374024,0.374921875,0.374921875,0.07549258363433183,0.0025279342517721373,0.8849949999999993
advice_bound_margin,0,12001,13000,1000,11.446481704711914,11.21743106842041,49948,8.62602272939682,8.620636137485505,8.6618618850708,0.307953125,0.307953125,0.07061830697022378,0.002263513941807332,0.8749949999999996
advice_bound_margin,0,13001,14000,1000,12.23104190826416,12.010380744934082,50060,9.014718285560608,9.010091504096986,9.077974360466003,0.44009375,0.44009375,0.06656634461320937,0.0020492689943416736,0.8649950000000007
advice_bound_margin,0,14001,15000,1000,11.697501182556152,11.361385345458984,49677,9.228281533241272,9.225448755264281,9.274125856399536,0.3455625,0.3455625,0.06257751704938709,0.0019482974595916005,0.8549950000000005
advice_bound_margin,0,15001,16000,1000,11.580615997314453,11.337815284729004,49495,9.527971480369567,9.524393404006958,9.608817282676696,0.53625,0.53625,0.06179279293864966,0.0018524302861319484,0.8449949999999989
advice_bound_margin,0,16001,17000,1000,11.471009254455566,11.330459594726562,49324,9.686223996162415,9.682716507911682,9.76792317867279,0.571125,0.571125,0.059906468799337746,0.0017353056791516793,0.8349949999999999
advice_bound_margin,0,17001,18000,1000,12.282362937927246,11.433819770812988,49103,9.820168402671815,9.817150179862976,9.899391658782958,0.55853125,0.55853125,0.058825589068233965,0.0018208498006655987,0.8249950000000011
advice_bound_margin,0,18001,19000,1000,11.658966064453125,11.389808654785156,48834,9.87181892967224,9.870118573188781,9.939568285942078,0.520953125,0.520953125,0.05834219435416162,0.001947340329694324,0.8149949999999996
advice_bound_margin,0,19001,20000,1000,12.02994155883789,11.709711074829102,48940,9.8690567817688,9.866482355117798,9.956115284919738,0.6003125,0.6003125,0.05898114134557545,0.0016797665635853623,0.8049949999999995
advice_bound_margin,0,20001,21000,1000,11.907901763916016,11.667562484741211,48740,9.908453086853028,9.907807829856873,10.02481355190277,0.706625,0.706625,0.05540352851524949,0.0015238867367322656,0.7949950000000007
advice_bound_margin,0,21001,22000,1000,11.66848087310791,11.71362018585205,48534,9.872335386276244,9.871592046737671,9.94027750492096,0.53221875,0.53221875,0.056789414091035724,0.0015826669494078942,0.7849950000000002
advice_bound_margin,0,22001,23000,1000,11.87753677368164,11.794219017028809,48500,9.911604542732238,9.911296433448792,10.044823412895203,0.744203125,0.744203125,0.05584396080300212,0.0015867927146468333,0.7749949999999991
advice_bound_margin,0,23001,24000,1000,11.549036979675293,11.561516761779785,47661,9.898627133369446,9.89825650691986,9.990421292304992,0.645453125,0.645453125,0.0564785167388618,0.0020480160162380796,0.764995
advice_bound_margin,0,24001,25000,1000,11.530799865722656,11.36874771118164,47519,9.905225737571715,9.904195028305054,10.034297633171082,0.751140625,0.751140625,0.058889450235292316,0.0016203653981906427,0.7549950000000009
advice_bound_margin,0,25001,26000,1000,11.604476928710938,11.511384963989258,47214,9.893747678756714,9.890479276657105,10.021515584945679,0.73340625,0.73340625,0.06245553851872682,0.0016895989737918172,0.7449949999999996
advice_bound_margin,0,26001,27000,1000,11.742420196533203,11.244216918945312,47027,9.894465050697328,9.893048243522644,10.024211958885193,0.736609375,0.736609375,0.059016225304454564,0.00195460068799855,0.7349949999999993
advice_bound_margin,0,27001,28000,1000,11.815263748168945,11.71369743347168,46811,9.920703463554382,9.920035020828248,10.074635228157044,0.78575,0.78575,0.055739106861874464,0.0017732964169053958,0.724995000000001
advice_bound_margin,0,28001,29000,1000,11.805194854736328,11.767393112182617,46653,9.886796893119811,9.886148719787597,9.985847164154054,0.64584375,0.64584375,0.055404327865689995,0.0015671672114622196,0.7149950000000003
advice_bound_margin,0,29001,30000,1000,11.668566703796387,11.834799766540527,46311,9.890946415901183,9.891138006210328,10.010879134178161,0.682203125,0.682203125,0.05602553289011121,0.0018058255179512058,0.7049949999999994
advice_bound_margin,0,30001,31000,1000,11.396163940429688,11.227519035339355,45847,9.924197755813598,9.924543305397034,10.127585374832153,0.8278125,0.8278125,0.05579275645688176,0.001884822965025478,0.6949950000000001
advice_bound_margin,0,31001,32000,1000,11.397063255310059,11.184233665466309,45749,9.878015900611878,9.878132662773133,9.98409601020813,0.582953125,0.582953125,0.054482812771573665,0.0018726282237105352,0.6849950000000006
advice_bound_margin,0,32001,33000,1000,11.611437797546387,11.492532730102539,45243,9.882920852661133,9.883563074111938,10.01118200302124,0.650625,0.650625,0.055579816771671176,0.0017335955402826358,0.6749949999999998
advice_bound_margin,0,33001,34000,1000,11.690359115600586,11.850342750549316,45263,9.927046048164367,9.927640655517578,10.083738607406616,0.774359375,0.774359375,0.05324263346195221,0.0014920521278759225,0.6649949999999991
advice_bound_margin,0,34001,35000,1000,11.41366195678711,11.30595874786377,45007,9.939989490509033,9.940469734191895,10.120386665344238,0.8038125,0.8038125,0.05231756348349154,0.0014450122048386901,0.6549950000000008
advice_bound_margin,0,35001,36000,1000,11.350467681884766,11.171096801757812,44597,9.948104196548462,9.9483711271286,10.105626679420471,0.76234375,0.76234375,0.05188296198472381,0.0014978811499076982,0.6449950000000001
advice_bound_margin,0,36001,37000,1000,11.453841209411621,11.151044845581055,44432,9.940375955581665,9.941017518043518,10.097315808296203,0.75221875,0.75221875,0.05222568154707551,0.0016678404460316188,0.6349949999999993
advice_bound_margin,0,37001,38000,1000,11.510197639465332,11.132554054260254,44030,9.926025071144103,9.925891314506531,10.053533555030823,0.6814375,0.6814375,0.05235201474837959,0.0016348964276940024,0.6249950000000001
advice_bound_margin,0,38001,39000,1000,11.488021850585938,11.106040000915527,43331,9.911970828056335,9.91199711227417,10.034395392417908,0.65103125,0.65103125,0.052486075807362795,0.0015917945046558088,0.6149950000000003
advice_bound_margin,0,39001,40000,1000,11.941696166992188,11.571186065673828,43075,9.95122243499756,9.950569949150086,10.145583374023438,0.807953125,0.807953125,0.05247169396467507,0.0014512612882579105,0.6049949999999997
advice_bound_margin,0,40001,41000,1000,12.024698257446289,11.789355278015137,43367,9.94736627483368,9.946615213394166,10.14698336315155,0.800421875,0.800421875,0.0523221829906106,0.0015438246200399136,0.5949949999999994
advice_bound_margin,0,41001,42000,1000,11.795632362365723,11.811453819274902,43161,9.936497679710389,9.936288531303406,10.082544445037842,0.706625,0.706625,0.05156628109142184,0.0016466676000562756,0.5849950000000005
advice_bound_margin,0,42001,43000,1000,12.01037883758545,11.591522216796875,43285,9.919372576713561,9.918323160171509,10.057952728271484,0.67609375,0.67609375,0.05258625456690788,0.0014627006784235731,0.5749950000000003
advice_bound_margin,0,43001,44000,1000,11.313825607299805,11.136138916015625,43170,9.897765254974365,9.894234587669372,10.000847429275513,0.606046875,0.606046875,0.05648636697418988,0.0015334213070532315,0.5649949999999996
advice_bound_margin,0,44001,45000,1000,11.344889640808105,11.113759994506836,42822,9.93034866142273,9.92986770439148,10.097800483703613,0.7511875,0.7511875,0.05397857389040291,0.0016728049843859195,0.5549950000000003
advice_bound_margin,0,45001,46000,1000,11.42532730102539,11.04693603515625,42470,9.91860088634491,9.917895338058472,10.067768702507019,0.727484375,0.727484375,0.0559049708172679,0.0017107726601057038,0.5449950000000001
advice_bound_margin,0,46001,47000,1000,11.503613471984863,11.164350509643555,42404,9.92500190925598,9.925005086898803,10.094323983192444,0.741296875,0.741296875,0.05457933712378144,0.001964009378619039,0.5349949999999998
advice_bound_margin,0,47001,48000,1000,11.5415678024292,11.384106636047363,42741,9.928576847076416,9.928603078842164,10.07661521434784,0.71853125,0.71853125,0.05339596816524863,0.002004327871352359,0.524995
advice_bound_margin,0,48001,49000,1000,11.54709243774414,11.284589767456055,42727,9.90436006450653,9.904843738555908,10.01174870109558,0.611203125,0.611203125,0.05281888771057129,0.0017179715537774883,0.5149949999999999
advice_bound_margin,0,49001,50000,1000,11.508983612060547,11.414327621459961,42954,9.910143117904664,9.91047430896759,10.047911238670348,0.659328125,0.659328125,0.05335178043134511,0.001756016045907586,0.504995
advice_bound_margin,0,50001,51000,1000,11.629566192626953,11.522040367126465,42521,9.947255862236023,9.94793948173523,10.135208816528321,0.800078125,0.800078125,0.055691027659922836,0.0019363537728991104,0.4949949999999998
advice_bound_margin,0,51001,52000,1000,11.582120895385742,11.298810005187988,42411,9.940422214508057,9.94124786567688,10.125648792266846,0.780703125,0.780703125,0.05484474451094866,0.002225440186141672,0.48499500000000006
advice_bound_margin,0,52001,53000,1000,11.50792407989502,11.510015487670898,42110,9.927830642700195,9.928347208976746,10.085344018936157,0.733203125,0.733203125,0.05489835249632597,0.0026028062085954387,0.4749950000000002
advice_bound_margin,0,53001,54000,1000,11.423944473266602,11.023447036743164,42033,9.924293553352356,9.924817973136902,10.097379117965698,0.75159375,0.75159375,0.05373137700743973,0.002147347181148433,0.46499499999999994
advice_bound_margin,0,54001,55000,1000,11.348949432373047,11.208763122558594,41950,9.932704916000366,9.932859747886658,10.110465848922729,0.768796875,0.768796875,0.05566111757606268,0.002313208773459337,0.4549950000000001
advice_bound_margin,0,55001,56000,1000,11.391875267028809,11.23704719543457,41953,9.931379818916321,9.93194364452362,10.101608117103577,0.76665625,0.76665625,0.053431002851575614,0.002616074716579078,0.44499499999999975
advice_bound_margin,0,56001,57000,1000,11.346857070922852,11.085519790649414,41840,9.91478942298889,9.915461954116822,10.067836959838868,0.697671875,0.697671875,0.0525837096683681,0.0023656001370279682,0.43499499999999997
advice_bound_margin,0,57001,58000,1000,11.345584869384766,11.120744705200195,41910,9.916655471801757,9.915926527023315,10.074087636947631,0.718609375,0.718609375,0.05419137458130717,0.002192191046851576,0.424995
advice_bound_margin,0,58001,59000,1000,11.458741188049316,11.296737670898438,41817,9.8989061088562,9.897950739860535,10.019933195114136,0.6660625,0.6660625,0.05419581033289433,0.0022803047067409352,0.4149950000000001
advice_bound_margin,0,59001,60000,1000,11.314663887023926,11.131539344787598,41917,9.913639909744262,9.911735933303833,10.075043296813964,0.724625,0.724625,0.05484268344566226,0.002157234963204701,0.4049949999999999
advice_bound_margin,0,60001,61000,1000,11.766526222229004,11.82021713256836,41525,9.921432822227478,9.920678965568543,10.0894159784317,0.745953125,0.745953125,0.054213008638471366,0.0023400066704699044,0.394995
advice_bound_margin,0,61001,62000,1000,11.413015365600586,11.273963928222656,41210,9.946950201034547,9.946584953308106,10.172059490203857,0.846578125,0.846578125,0.053875325743108986,0.0025458270199832213,0.38499499999999987
advice_bound_margin,0,62001,63000,1000,11.300970077514648,11.20505142211914,41673,9.92713105392456,9.927595664978027,10.098766611099244,0.75209375,0.75209375,0.053480600032955405,0.0024702921454932037,0.3749950000000002
advice_bound_margin,0,63001,64000,1000,11.28779411315918,11.237173080444336,41715,9.931893398284911,9.932093736648559,10.084304313659668,0.7300625,0.7300625,0.05259637171402574,0.002412087127679115,0.364995
advice_bound_margin,0,64001,65000,1000,11.424485206604004,11.197916984558105,41916,9.912377984046936,9.91256310558319,10.058511459350585,0.698375,0.698375,0.05271698174253106,0.0025251231169526136,0.354995
advice_bound_margin,0,65001,66000,1000,11.289192199707031,10.972565650939941,41837,9.89958834171295,9.900283222198487,10.021468710899352,0.6313125,0.6313125,0.05381083980947733,0.002795859651811611,0.344995
advice_bound_margin,0,66001,67000,1000,11.281661033630371,10.9208402633667,42021,9.88986644268036,9.890922300338746,9.997786743164063,0.624296875,0.624296875,0.053528080582618716,0.0027435610873890255,0.3349949999999997
advice_bound_margin,0,67001,68000,1000,11.388361930847168,11.159638404846191,41956,9.91589220046997,9.916430181503296,10.066351995468139,0.719921875,0.719921875,0.0548672659099102,0.00300050203033652,0.32499500000000026
advice_bound_margin,0,68001,69000,1000,11.314489364624023,11.108424186706543,41928,9.927948556900024,9.9268401222229,10.074126191139221,0.716625,0.716625,0.0547393327113241,0.0033747624588286273,0.31499499999999975
advice_bound_margin,0,69001,70000,1000,11.284584999084473,11.125911712646484,41695,9.911681874275207,9.910776236534119,10.023236345291137,0.648390625,0.648390625,0.054206018256023523,0.0037179401843841333,0.30499499999999996
advice_bound_margin,0,70001,71000,1000,11.298995018005371,11.107634544372559,41979,9.911274278640747,9.909712019920349,10.038994187355042,0.683140625,0.683140625,0.055978578092530366,0.003909346979060501,0.29499500000000023
advice_bound_margin,0,71001,72000,1000,11.34945011138916,11.275299072265625,42020,9.921317664146423,9.919815828323364,10.085728916168213,0.7373125,0.7373125,0.05560993538796902,0.004433163348650851,0.28499499999999983
advice_bound_margin,0,72001,73000,1000,11.240778923034668,11.057909965515137,42383,9.907548603057862,9.907641401290894,10.061383837699891,0.701859375,0.701859375,0.053350878324359655,0.0043936933280128865,0.27499500000000004
advice_bound_margin,0,73001,74000,1000,11.480477333068848,11.075122833251953,42518,9.930474924087525,9.930981344223023,10.103021926879883,0.7464375,0.7464375,0.05147186113335192,0.004718399962945113,0.2649949999999998
advice_bound_margin,0,74001,75000,1000,11.573582649230957,11.092576026916504,42252,9.911847041130066,9.911587898254394,10.066141247749329,0.712046875,0.712046875,0.05170334054715931,0.004858741443755207,0.254995
advice_bound_margin,0,75001,76000,1000,11.44482707977295,11.12398910522461,42079,9.914097787857056,9.912816665649414,10.049006613731384,0.696609375,0.696609375,0.05289393015019596,0.005588244874910743,0.24499499999999996
advice_bound_margin,0,76001,77000,1000,11.507579803466797,11.11328125,41834,9.921404320716858,9.921046310424805,10.074626453399658,0.73678125,0.73678125,0.05266978965327144,0.006415104092171532,0.23499499999999995
advice_bound_margin,0,77001,78000,1000,11.40022087097168,11.248662948608398,41748,9.925351181983947,9.924458322525025,10.094110731124879,0.747984375,0.747984375,0.05218642796389759,0.006656243704434019,0.22499499999999995
advice_bound_margin,0,78001,79000,1000,11.548096656799316,11.323257446289062,41912,9.924490968704223,9.924858052253724,10.083337293624878,0.720234375,0.720234375,0.05045462387241423,0.007322988409752725,0.21499499999999996
advice_bound_margin,0,79001,80000,1000,11.727799415588379,11.15459156036377,41735,9.917076937675477,9.917416562080383,10.063107698440552,0.700421875,0.700421875,0.049995523916557434,0.008139032421750016,0.20499499999999996
advice_bound_margin,0,80001,81000,1000,11.372961044311523,11.245407104492188,41778,9.88486990261078,9.885199450492859,9.992317586898803,0.610015625,0.610015625,0.04986910552717745,0.009195793662336655,0.19499499999999995
advice_bound_margin,0,81001,82000,1000,11.413397789001465,11.320745468139648,41971,9.933786709785462,9.93439427947998,10.106853280067444,0.75290625,0.75290625,0.04910906952805817,0.01110307274654042,0.18499500000000002
advice_bound_margin,0,82001,83000,1000,11.435592651367188,11.198209762573242,41885,9.913813386917115,9.914162755966187,10.05402338218689,0.685640625,0.685640625,0.048463365994393826,0.012885465905535966,0.17499499999999998
advice_bound_margin,0,83001,84000,1000,11.704092979431152,11.305668830871582,41663,9.907753300666808,9.908097751617431,10.025089204788207,0.65221875,0.65221875,0.04695302764326334,0.017737655164441094,0.16499500000000003
advice_bound_margin,0,84001,85000,1000,11.441102027893066,11.301267623901367,41498,9.92567827129364,9.926361234664917,10.079171009063721,0.7276875,0.7276875,0.046715322270989415,0.025225913065019995,0.154995
advice_bound_margin,0,85001,86000,1000,11.429035186767578,11.435640335083008,41367,9.944149468421935,9.943766941070557,10.13928020477295,0.80471875,0.80471875,0.045074351534247395,0.03783635138906539,0.14499499999999996
advice_bound_margin,0,86001,87000,1000,11.618340492248535,11.287311553955078,41467,9.940802408218383,9.941010601997375,10.08601973438263,0.75003125,0.75003125,0.041456628035753965,0.05548439525999129,0.13499499999999992
advice_bound_margin,0,87001,88000,1000,11.460027694702148,11.22850513458252,41748,9.917850074768067,9.917575412750244,10.03660980129242,0.6825,0.6825,0.039165555303916334,0.07621190421283246,0.12499499999999998
advice_bound_margin,0,88001,89000,1000,11.586589813232422,11.338763236999512,41871,9.910031406402588,9.910203948020936,10.017860138893127,0.62353125,0.62353125,0.033442533627152445,0.10959699726477265,0.11499499999999996
advice_bound_margin,0,89001,90000,1000,11.357215881347656,11.239593505859375,42132,9.91993115711212,9.92023265171051,10.040941855430603,0.710515625,0.710515625,0.030074676122516394,0.14430732660740614,0.10499499999999998
advice_bound_margin,0,90001,91000,1000,11.534170150756836,11.580044746398926,42369,9.906782018661499,9.90700597000122,9.991796818733215,0.604296875,0.604296875,0.02584288903605193,0.17289226506650449,0.09499500000000001
advice_bound_margin,0,91001,92000,1000,11.510059356689453,11.147575378417969,42283,9.905699180603028,9.905742682456971,9.979669185638429,0.57128125,0.57128125,0.022253992978483437,0.2090434448570013,0.08499499999999999
advice_bound_margin,0,92001,93000,1000,11.537867546081543,11.2361478805542,42292,9.937633176803589,9.937550235748292,10.033663933753967,0.6808125,0.6808125,0.01909448487777263,0.2520321804881096,0.07499499999999999
advice_bound_margin,0,93001,94000,1000,11.882294654846191,11.218457221984863,42517,9.929939170837402,9.930199090003967,10.001211287498474,0.606203125,0.606203125,0.01573410249268636,0.2833521111905575,0.06499500000000001
advice_bound_margin,0,94001,95000,1000,11.615251541137695,11.318926811218262,42909,9.916740476608277,9.91696619606018,9.972440983772278,0.502359375,0.502359375,0.012862311695236713,0.32084049420058725,0.054994999999999974
advice_bound_margin,0,95001,96000,1000,11.741666793823242,11.391562461853027,43039,9.941988579750062,9.942230751991271,10.00785270500183,0.627890625,0.627890625,0.009900932336226105,0.37403374710679055,0.04499499999999999
advice_bound_margin,0,96001,97000,1000,11.932056427001953,11.3080415725708,43351,9.892884387016297,9.89294339466095,9.922032395362853,0.181078125,0.181078125,0.0073245927994139495,0.3923409268260002,0.03499499999999999
advice_bound_margin,0,97001,98000,1000,11.836348533630371,11.362436294555664,43246,9.873018043518066,9.873204909324645,9.899713242530822,0.144875,0.144875,0.006135744037339464,0.44167278304696084,0.024994999999999976
advice_bound_margin,0,98001,99000,1000,11.563569068908691,11.338057518005371,43432,9.790736156463623,9.79079667377472,9.807578598976136,0.08878125,0.08878125,0.005814834018237889,0.5013056841492652,0.014994999999999982
advice_bound_margin,0,99001,100000,1000,11.471917152404785,11.11875057220459,43216,9.698290280342102,9.698506225585938,9.70789035320282,0.056640625,0.056640625,0.004197423161996994,0.5802009803950786,0.004995000000000006
advice_bound_margin,0,100001,101000,1000,11.119054794311523,10.976810455322266,0,9.542477957725525,9.542647957801819,9.54649796962738,0.02478125,0.02478125,0.00414651928836247,0.0,0.0
advice_bound_margin,0,101001,102000,1000,11.091873168945312,10.833086013793945,0,9.397836171150207,9.397904048919678,9.400034090042114,0.012703125,0.012703125,0.0038956676778616386,0.0,0.0
advice_bound_margin,0,102001,103000,1000,10.879759788513184,10.799637794494629,0,9.285569271087647,9.28561767578125,9.286793912887573,0.00934375,0.00934375,0.0037027416198980065,0.0,0.0
advice_bound_margin,0,103001,104000,1000,10.673259735107422,10.619811058044434,0,9.176179041862488,9.175090826034547,9.175868620872498,0.00609375,0.00609375,0.005141981253749691,0.0,0.0
advice_bound_margin,0,104001,105000,1000,10.627751350402832,10.529994010925293,0,9.101665496826172,9.101718989372253,9.102311796188355,0.005828125,0.005828125,0.004620315835229121,0.0,0.0
advice_bound_margin,0,105001,106000,1000,10.681374549865723,10.545310020446777,0,9.002396941184998,9.002577940940856,9.00305110836029,0.004359375,0.004359375,0.004702070907340385,0.0,0.0
advice_bound_margin,0,106001,107000,1000,10.586496353149414,10.509705543518066,0,8.876648725509643,8.876648509025573,8.876936742782593,0.002390625,0.002390625,0.00443326373945456,0.0,0.0
advice_bound_margin,0,107001,108000,1000,10.593762397766113,10.464314460754395,0,8.757458458900452,8.75750231552124,8.757695780754089,0.001796875,0.001796875,0.004128990984463598,0.0,0.0
advice_bound_margin,0,108001,109000,1000,10.52988338470459,10.478408813476562,0,8.656632132530213,8.655729764938355,8.6560048828125,0.00225,0.00225,0.004918230383482296,0.0,0.0
advice_bound_margin,0,109001,110000,1000,10.564509391784668,10.492735862731934,0,8.563092951774598,8.562637607574462,8.562883857727051,0.003390625,0.003390625,0.004182629684917629,0.0,0.0
advice_bound_margin,0,110001,111000,1000,10.637245178222656,10.519125938415527,0,8.527327632904052,8.526976643562318,8.52735993862152,0.00621875,0.00621875,0.0043249699071748185,0.0,0.0
advice_bound_margin,0,111001,112000,1000,10.463360786437988,10.512989044189453,0,8.466962275505066,8.46663860988617,8.466863366127015,0.0025625,0.0025625,0.004148001313209534,0.0,0.0
advice_bound_margin,0,112001,113000,1000,10.499443054199219,10.356450080871582,0,8.421740812301636,8.421430589675904,8.421616695404053,0.002453125,0.002453125,0.0044897768019000065,0.0,0.0
advice_bound_margin,0,113001,114000,1000,10.458974838256836,10.286652565002441,0,8.343873195648193,8.343736720561981,8.343895713329315,0.0030625,0.0030625,0.0040830064383335415,0.0,0.0
advice_bound_margin,0,114001,115000,1000,10.362868309020996,10.286760330200195,0,8.31735521030426,8.317410657882691,8.317452611923217,0.000546875,0.000546875,0.0033670791750773786,0.0,0.0
advice_bound_margin,0,115001,116000,1000,10.483847618103027,10.409988403320312,0,8.335725484848023,8.335856081008911,8.336000506401062,0.004125,0.004125,0.003348340128548443,0.0,0.0
advice_bound_margin,0,116001,117000,1000,10.393380165100098,10.289602279663086,0,8.353663875102997,8.353332067012786,8.353415648937226,0.00140625,0.00140625,0.003775348348892294,0.0,0.0
advice_bound_margin,0,117001,118000,1000,10.32150936126709,10.28845500946045,0,8.32458827161789,8.32416209936142,8.324213938236237,0.000953125,0.000953125,0.003874871650128625,0.0,0.0
advice_bound_margin,0,118001,119000,1000,10.374773979187012,10.2457275390625,0,8.300119817733764,8.30027679824829,8.30032468032837,0.002078125,0.002078125,0.002970977492106613,0.0,0.0
advice_bound_margin,0,119001,120000,1000,10.379539489746094,10.275108337402344,0,8.29479626750946,8.293804360389709,8.293865752220153,0.000765625,0.000765625,0.004338562863878906,0.0,0.0
advice_bound_margin,0,120001,121000,1000,10.277031898498535,10.105713844299316,0,8.274308849811554,8.273973653316498,8.274013023853302,0.00115625,0.00115625,0.003301822071080096,0.0,0.0
advice_bound_margin,0,121001,122000,1000,10.244905471801758,10.180990219116211,0,8.261379363536834,8.260974886894227,8.261017541885376,0.00125,0.00125,0.0028248968104016966,0.0,0.0
advice_bound_margin,0,122001,123000,1000,10.257095336914062,10.200478553771973,0,8.277925949573516,8.277512599468231,8.277568863868714,0.00134375,0.00134375,0.002534686662082095,0.0,0.0
advice_bound_margin,0,123001,124000,1000,10.341607093811035,10.071518898010254,0,8.295113269329072,8.295039724349975,8.295060331344605,0.000765625,0.000765625,0.002414053942251485,0.0,0.0
advice_bound_margin,0,124001,125000,1000,10.368514060974121,10.19199275970459,0,8.323984052181244,8.323834891319274,8.323919376373292,0.00353125,0.00353125,0.0024949039787752554,0.0,0.0
advice_bound_margin,0,125001,126000,1000,10.165974617004395,10.07107162475586,0,8.367867726325988,8.368160083770752,8.368193944454193,0.001421875,0.001421875,0.0022334760436206126,0.0,0.0
advice_bound_margin,0,126001,127000,1000,10.220927238464355,10.154200553894043,0,8.381984808444976,8.38189484167099,8.381916387081146,0.00084375,0.00084375,0.002176097292860504,0.0,0.0
advice_bound_margin,0,127001,128000,1000,10.21274471282959,10.147579193115234,0,8.362494697570801,8.362471010684967,8.362503833293914,0.000953125,0.000953125,0.002268349299527472,0.0,0.0
advice_bound_margin,0,128001,129000,1000,10.18309497833252,10.170082092285156,0,8.347058269023895,8.346763144493103,8.346786868095398,0.00071875,0.00071875,0.0021510597247979602,0.0,0.0
advice_bound_margin,0,129001,130000,1000,10.198932647705078,10.115043640136719,0,8.30417306613922,8.304072945594788,8.304106159210205,0.00090625,0.00090625,0.002037664374569431,0.0,0.0
advice_bound_margin,0,130001,131000,1000,10.210775375366211,10.119898796081543,0,8.295098950386047,8.295110788822175,8.29512793970108,0.00034375,0.00034375,0.001961804827005835,0.0,0.0
advice_bound_margin,0,131001,132000,1000,10.222726821899414,10.143747329711914,0,8.32058314704895,8.320594158172607,8.320624629974365,0.00078125,0.00078125,0.0015597319356165827,0.0,0.0
advice_bound_margin,0,132001,133000,1000,10.119192123413086,10.065373420715332,0,8.297811372756957,8.297882306575776,8.297887889385223,0.000140625,0.000140625,0.001956239755731076,0.0,0.0
advice_bound_margin,0,133001,134000,1000,10.137531280517578,10.0,0,8.236054003715514,8.236077025890351,8.236077025890351,0.0,0.0,0.0015969176549697295,0.0,0.0
advice_bound_margin,0,134001,135000,1000,10.112164497375488,10.020291328430176,0,8.20176999092102,8.20180276441574,8.201805138587952,0.00015625,0.00015625,0.0013804109384072945,0.0,0.0
advice_bound_margin,0,135001,136000,1000,10.1676607131958,10.072348594665527,0,8.160138609409332,8.160165851116181,8.160170158863068,0.000359375,0.000359375,0.0013773960920225364,0.0,0.0
advice_bound_margin,0,136001,137000,1000,10.282955169677734,10.223268508911133,0,8.178561366081238,8.178540917396546,8.178586685180663,0.001,0.001,0.0014612514861219097,0.0,0.0
advice_bound_margin,0,137001,138000,1000,10.2151460647583,10.188244819641113,0,8.185161412715912,8.185201636791229,8.185229852199555,0.00059375,0.00059375,0.0012884924634126945,0.0,0.0
advice_bound_margin,0,138001,139000,1000,10.183209419250488,10.114960670471191,0,8.180064852714539,8.179870125770568,8.17987659549713,0.000203125,0.000203125,0.001810882833757205,0.0,0.0
advice_bound_margin,0,139001,140000,1000,10.249983787536621,10.191353797912598,0,8.198328617572784,8.198446527957916,8.19848695421219,0.0011875,0.0011875,0.0015555953614239115,0.0,0.0
advice_bound_margin,0,140001,141000,1000,10.16651439666748,10.052666664123535,0,8.224741914272307,8.22479682779312,8.224802449703217,0.000265625,0.000265625,0.0011813253587170038,0.0,0.0
advice_bound_margin,0,141001,142000,1000,10.123795509338379,10.01900577545166,0,8.206830703735351,8.206867751598358,8.20686880159378,9.375e-05,9.375e-05,0.0012181700529763475,0.0,0.0
advice_bound_margin,0,142001,143000,1000,10.15523624420166,10.030156135559082,0,8.220478022098542,8.22045709848404,8.220462072849275,0.0003125,0.0003125,0.0009193443278491031,0.0,0.0
advice_bound_margin,0,143001,144000,1000,10.235095024108887,10.113693237304688,0,8.211484741210937,8.211276292324067,8.211282595157623,0.000328125,0.000328125,0.001393863902951125,0.0,0.0
advice_bound_margin,0,144001,145000,1000,10.454344749450684,10.308094024658203,0,8.260622456073762,8.26049966955185,8.260571167469024,0.001125,0.001125,0.0013614389876893255,0.0,0.0
advice_bound_margin,0,145001,146000,1000,10.150465965270996,10.032651901245117,0,8.300566397190094,8.300299253940583,8.300300885677338,0.000171875,0.000171875,0.0014662995206599588,0.0,0.0
advice_bound_margin,0,146001,147000,1000,10.10510540008545,10.075566291809082,0,8.336813317298889,8.336844809532165,8.336849553108216,0.000125,0.000125,0.0010108492111758096,0.0,0.0
advice_bound_margin,0,147001,148000,1000,10.124475479125977,10.03963565826416,0,8.369610229969025,8.3695563621521,8.369559852600098,0.000140625,0.000140625,0.0010452920860843733,0.0,0.0
advice_bound_margin,0,148001,149000,1000,10.150179862976074,10.041410446166992,0,8.39844155216217,8.397901577949524,8.39790325832367,9.375e-05,9.375e-05,0.001519652312010294,0.0,0.0
advice_bound_margin,0,149001,150000,1000,10.104069709777832,10.014552116394043,0,8.415891496658325,8.415781924247742,8.415782671928406,9.375e-05,9.375e-05,0.0025097273534192936,0.0,0.0
advice_bound_margin,0,150001,151000,1000,10.129425048828125,10.03471565246582,0,8.407556429862977,8.40792915058136,8.407931915283203,0.000125,0.000125,0.001856736524612643,0.0,0.0
advice_bound_margin,0,151001,152000,1000,10.118852615356445,10.016657829284668,0,8.419166845321655,8.418936460494995,8.418937371253968,9.375e-05,9.375e-05,0.0020908438492479036,0.0,0.0
advice_bound_margin,0,152001,153000,1000,10.111984252929688,10.0,0,8.419335754394531,8.418518975257873,8.418518975257873,0.0,0.0,0.0028847138910205105,0.0,0.0
advice_bound_margin,0,153001,154000,1000,10.164146423339844,10.023919105529785,0,8.431456133842469,8.431941257476806,8.43194234085083,0.000109375,0.000109375,0.002352824659727048,0.0,0.0
advice_bound_margin,0,154001,155000,1000,10.111128807067871,10.028083801269531,0,8.42069011592865,8.4212262468338,8.421226962089538,6.25e-05,6.25e-05,0.0015897915418754565,0.0,0.0
advice_bound_margin,0,155001,156000,1000,10.123729705810547,10.00992202758789,0,8.428150941848754,8.428698225975037,8.428700295448303,0.000296875,0.000296875,0.002143194262069301,0.0,0.0
advice_bound_margin,0,156001,157000,1000,10.095499992370605,10.045644760131836,0,8.397425592422485,8.397550707817077,8.397552134513855,3.125e-05,3.125e-05,0.0013328310330834939,0.0,0.0
advice_bound_margin,0,157001,158000,1000,10.112034797668457,10.041679382324219,0,8.36088958454132,8.360983984947204,8.360984635353088,1.5625e-05,1.5625e-05,0.0010694410169817274,0.0,0.0
advice_bound_margin,0,158001,159000,1000,10.086374282836914,10.04151725769043,0,8.347916946411132,8.34750076007843,8.34750140953064,1.5625e-05,1.5625e-05,0.0011199815372383455,0.0,0.0
advice_bound_margin,0,159001,160000,1000,10.094206809997559,10.038952827453613,0,8.347163947105408,8.34720245552063,8.347203816413879,6.25e-05,6.25e-05,0.00043513364686077695,0.0,0.0
advice_bound_margin,0,160001,161000,1000,10.11158275604248,10.03012752532959,0,8.343051113128663,8.343029205322265,8.343030731201171,0.000125,0.000125,0.0005611833408620441,0.0,0.0
advice_bound_margin,0,161001,162000,1000,10.138545989990234,10.047768592834473,0,8.323765939235686,8.323793464183808,8.323797876834869,0.000109375,0.000109375,0.00044193390751024706,0.0,0.0
advice_bound_margin,0,162001,163000,1000,10.116429328918457,10.04615306854248,0,8.326615380764007,8.32660460615158,8.326605524539948,3.125e-05,3.125e-05,0.0004304137850704137,0.0,0.0
advice_bound_margin,0,163001,164000,1000,10.127123832702637,10.078741073608398,0,8.324148674964905,8.324175424575806,8.32417674255371,4.6875e-05,4.6875e-05,0.00035558618018694687,0.0,0.0
advice_bound_margin,0,164001,165000,1000,10.087751388549805,10.0076265335083,0,8.335990438938142,8.336000847816468,8.33600111579895,4.6875e-05,4.6875e-05,0.0002986689159661182,0.0,0.0
advice_bound_margin,0,165001,166000,1000,10.071102142333984,10.006003379821777,0,8.33163599395752,8.331589101314545,8.331589382648469,4.6875e-05,4.6875e-05,0.0003626382913571433,0.0,0.0
advice_bound_margin,0,166001,167000,1000,10.072336196899414,10.008294105529785,0,8.331786365509034,8.331808802127838,8.331809448719024,7.8125e-05,7.8125e-05,0.0003728131458774442,0.0,0.0
advice_bound_margin,0,167001,168000,1000,10.08424186706543,10.006152153015137,0,8.328556712150574,8.328119116783142,8.32811950302124,6.25e-05,6.25e-05,0.0011906747646644362,0.0,0.0
advice_bound_margin,0,168001,169000,1000,10.072486877441406,10.031672477722168,0,8.363086470603943,8.363128825187683,8.363131134033203,0.000125,0.000125,0.0005502702148296521,0.0,0.0
advice_bound_margin,0,169001,170000,1000,10.075677871704102,10.01018238067627,0,8.370543732643128,8.370321200370789,8.370321517944335,3.125e-05,3.125e-05,0.0006721105384276597,0.0,0.0
advice_bound_margin,0,170001,171000,1000,10.074399948120117,10.0,0,8.36319431591034,8.362340013504028,8.362340013504028,0.0,0.0,0.001525818142661592,0.0,0.0
advice_bound_margin,0,171001,172000,1000,10.086965560913086,10.0,0,8.36477798318863,8.364742458343505,8.364742458343505,0.0,0.0,0.0005551144241253496,0.0,0.0
advice_bound_margin,0,172001,173000,1000,10.116381645202637,10.13671875,0,8.380817646980285,8.380447795391083,8.380455085277557,0.00028125,0.00028125,0.0011036526894531561,0.0,0.0
advice_bound_margin,0,173001,174000,1000,10.140972137451172,10.0194730758667,0,8.368038031578063,8.368044371128082,8.368044674396515,1.5625e-05,1.5625e-05,0.0006302473328614723,0.0,0.0
advice_bound_margin,0,174001,175000,1000,10.076081275939941,10.008411407470703,0,8.357354964256286,8.35734390258789,8.357344165802003,3.125e-05,3.125e-05,0.0004342363780451706,0.0,0.0
advice_bound_margin,0,175001,176000,1000,10.084811210632324,10.002801895141602,0,8.360995418548583,8.361012597560883,8.361012641429902,1.5625e-05,1.5625e-05,0.0004413073884497862,0.0,0.0
advice_bound_margin,0,176001,177000,1000,10.082559585571289,10.01901912689209,0,8.363298512458801,8.363066630363464,8.363066927909852,1.5625e-05,1.5625e-05,0.0007449398049211595,0.0,0.0
advice_bound_margin,0,177001,178000,1000,10.064651489257812,10.0,0,8.330965411186218,8.330602182388306,8.330602182388306,0.0,0.0,0.0008045750921373837,0.0,0.0
advice_bound_margin,0,178001,179000,1000,10.096923828125,10.014063835144043,0,8.353648460388184,8.353327574253083,8.353328863620758,0.00021875,0.00021875,0.0012424368242063793,0.0,0.0
advice_bound_margin,0,179001,180000,1000,10.103867530822754,10.052043914794922,0,8.368734519958496,8.36873162651062,8.368735207557679,0.000453125,0.000453125,0.0004275455939969106,0.0,0.0
advice_bound_margin,0,180001,181000,1000,10.073770523071289,10.010046005249023,0,8.3920160446167,8.391489778041839,8.391490091800689,3.125e-05,3.125e-05,0.0010970335610109032,0.0,0.0
advice_bound_margin,0,181001,182000,1000,10.078471183776855,10.0,0,8.4218540725708,8.421327072143555,8.421327072143555,0.0,0.0,0.0010893058990695864,0.0,0.0
advice_bound_margin,0,182001,183000,1000,10.072264671325684,10.00676441192627,0,8.445318082809449,8.445191124916077,8.445191440582276,4.6875e-05,4.6875e-05,0.0007532299419035553,0.0,0.0
advice_bound_margin,0,183001,184000,1000,10.089388847351074,10.007223129272461,0,8.431451912879943,8.43144890499115,8.43144901752472,1.5625e-05,1.5625e-05,0.0005069806483588763,0.0,0.0
advice_bound_margin,0,184001,185000,1000,10.09980297088623,10.071381568908691,0,8.426286277770997,8.42629721546173,8.426301107406616,0.000171875,0.000171875,0.00047531895987776805,0.0,0.0
advice_bound_margin,0,185001,186000,1000,10.084456443786621,10.0,0,8.400597867965699,8.400465415000916,8.400465415000916,0.0,0.0,0.0005646081980448798,0.0,0.0
advice_bound_margin,0,186001,187000,1000,10.104755401611328,10.011134147644043,0,8.385404108047485,8.385033404350281,8.385035220146179,0.00021875,0.00021875,0.0009799627316533588,0.0,0.0
advice_bound_margin,0,187001,188000,1000,10.067363739013672,10.016104698181152,0,8.389645875930785,8.389598413467407,8.389599266052246,6.25e-05,6.25e-05,0.000640049462315801,0.0,0.0
advice_bound_margin,0,188001,189000,1000,10.140451431274414,10.036519050598145,0,8.399384470939637,8.399374989509582,8.399378730773925,0.000140625,0.000140625,0.0004088179457539809,0.0,0.0
advice_bound_margin,0,189001,190000,1000,10.199397087097168,10.062487602233887,0,8.402516000270843,8.402105473518372,8.402119524955749,0.000953125,0.000953125,0.0010853327748627634,0.0,0.0
advice_bound_margin,0,190001,191000,1000,10.07880973815918,10.044265747070312,0,8.411159032821656,8.410727240562439,8.410728526115417,9.375e-05,9.375e-05,0.000990081636919058,0.0,0.0
advice_bound_margin,0,191001,192000,1000,10.105664253234863,10.0,0,8.397501759529113,8.397176478385925,8.397176478385925,0.0,0.0,0.0010392425438258215,0.0,0.0
advice_bound_margin,0,192001,193000,1000,10.077123641967773,10.0,0,8.379010051727295,8.378201320171357,8.378201320171357,0.0,0.0,0.0013522586711042096,0.0,0.0
advice_bound_margin,0,193001,194000,1000,10.158462524414062,10.039876937866211,0,8.350744374275207,8.350698448181152,8.35070609664917,0.000640625,0.000640625,0.0006511519227860845,0.0,0.0
advice_bound_margin,0,194001,195000,1000,10.094511032104492,10.022867202758789,0,8.35360764360428,8.353145563602448,8.35314604139328,3.125e-05,3.125e-05,0.0011277242293435848,0.0,0.0
advice_bound_margin,0,195001,196000,1000,10.104494094848633,10.061424255371094,0,8.356914629936218,8.3559045753479,8.355919610977173,0.001125,0.001125,0.0017342033519526013,0.0,0.0
advice_bound_margin,0,196001,197000,1000,10.079424858093262,10.0,0,8.349153576850892,8.348138039588928,8.348138039588928,0.0,0.0,0.001525828394362179,0.0,0.0
advice_bound_margin,0,197001,198000,1000,10.127538681030273,10.020777702331543,0,8.368497142791748,8.366503009796142,8.366505354881287,0.000265625,0.000265625,0.0027367898434604286,0.0,0.0
advice_bound_margin,0,198001,199000,1000,10.113837242126465,10.0,0,8.354411043643951,8.353842092990876,8.353842092990876,0.0,0.0,0.001961707039619796,0.0,0.0
advice_bound_margin,0,199001,200000,1000,10.443730354309082,10.386249542236328,0,8.31758691072464,8.316652000427245,8.316680068016053,0.0001875,0.0001875,0.0022661266675859226,0.0,0.0
unguided_raw,1,1,1000,501,1.0370862483978271,0.1707260012626648,0,0.014906748440562787,0.015090683459335875,0.015090683459335875,0.0,0.0,0.0009234121284889571,0.0,0.0
unguided_raw,1,1001,2000,1000,1.128860354423523,0.3265018165111542,0,0.12931084947660565,0.12971694045886398,0.12971694045886398,0.0,0.0,0.00018499122952925974,0.0,0.0
unguided_raw,1,2001,3000,1000,1.3321632146835327,0.5615248680114746,0,0.28153307135403155,0.28180254098773,0.28180254098773,0.0,0.0,0.00020375590169714996,0.0,0.0
unguided_raw,1,3001,4000,1000,1.4598101377487183,1.2765324115753174,0,0.42688255724310875,0.4270657306909561,0.4270657306909561,0.0,0.0,0.00014156466664098843,0.0,0.0
unguided_raw,1,4001,5000,1000,1.8806779384613037,1.610450267791748,0,0.5636943194568157,0.5638651912212371,0.5638651912212371,0.0,0.0,0.0002472438829463499,0.0,0.0
unguided_raw,1,5001,6000,1000,2.122347354888916,1.9037666320800781,0,0.7085286400914192,0.7086756823658943,0.7086756823658943,0.0,0.0,0.00038141005089710234,0.0,0.0
unguided_raw,1,6001,7000,1000,2.040189266204834,1.9448453187942505,0,0.8668260044455528,0.8669749377965927,0.8669749377965927,0.0,0.0,0.00046294986402790526,0.0,0.0
unguided_raw,1,7001,8000,1000,1.985929250717163,1.8880764245986938,0,1.0345907306671143,1.0347009075880051,1.0347009075880051,0.0,0.0,0.0006615097569010686,0.0,0.0
unguided_raw,1,8001,9000,1000,2.0974130630493164,2.0341250896453857,0,1.1626441748142242,1.162715787768364,1.162715787768364,0.0,0.0,0.0006564861375227337,0.0,0.0
unguided_raw,1,9001,10000,1000,2.3640635013580322,2.2631733417510986,0,1.2956117194890977,1.2956613608598708,1.2956613608598708,0.0,0.0,0.0007485440363088856,0.0,0.0
unguided_raw,1,10001,11000,1000,2.368150234222412,2.2905824184417725,0,1.4062710547447204,1.4064173341989517,1.4064173341989517,0.0,0.0,0.0006030979160132119,0.0,0.0
unguided_raw,1,11001,12000,1000,2.432570457458496,2.345662832260132,0,1.523302961230278,1.5234341270923615,1.5234341270923615,0.0,0.0,0.0005747223765793024,0.0,0.0
unguided_raw,1,12001,13000,1000,2.4643185138702393,2.5917069911956787,0,1.6522340273857117,1.6523333525657653,1.6523333525657653,0.0,0.0,0.0006796266392775579,0.0,0.0
unguided_raw,1,13001,14000,1000,2.6259925365448,2.572993040084839,0,1.7784505437612534,1.778460230946541,1.778460230946541,0.0,0.0,0.0006768793625960825,0.0,0.0
unguided_raw,1,14001,15000,1000,2.642669200897217,2.527597665786743,0,1.8722183414697646,1.8723113842010497,1.8723113842010497,0.0,0.0,0.0006530369162501302,0.0,0.0
unguided_raw,1,15001,16000,1000,2.603015184402466,2.6162219047546387,0,1.9445623589754104,1.94471105325222,1.94471105325222,0.0,0.0,0.0006470445460799965,0.0,0.0
unguided_raw,1,16001,17000,1000,2.749227285385132,2.6311135292053223,0,2.038396941661835,2.03843303334713,2.03843303334713,0.0,0.0,0.000653083845943911,0.0,0.0
unguided_raw,1,17001,18000,1000,2.893950939178467,2.8605923652648926,0,2.144583475470543,2.1445749881267546,2.1445749881267546,0.0,0.0,0.0007890544209076324,0.0,0.0
unguided_raw,1,18001,19000,1000,2.8191018104553223,2.8127574920654297,0,2.2298605933189393,2.2299185829162598,2.2299185829162598,0.0,0.0,0.0005033495707029942,0.0,0.0
unguided_raw,1,19001,20000,1000,2.8058531284332275,2.7616195678710938,0,2.30786962389946,2.307942155122757,2.307942155122757,0.0,0.0,0.0005081547941808821,0.0,0.0
unguided_raw,1,20001,21000,1000,2.7901344299316406,2.7756521701812744,0,2.3603931844234465,2.3604436008930207,2.3604436008930207,0.0,0.0,0.0003796302498303703,0.0,0.0
unguided_raw,1,21001,22000,1000,2.7793004512786865,2.7611758708953857,0,2.4045244584083556,2.4044199991226196,2.4044199991226196,0.0,0.0,0.000669655478457571,0.0,0.0
unguided_raw,1,22001,23000,1000,2.9803569316864014,3.057227849960327,0,2.4299748401641845,2.4297430946826934,2.4297430946826934,0.0,0.0,0.0010017590904899407,0.0,0.0
unguided_raw,1,23001,24000,1000,2.953542709350586,2.9151902198791504,0,2.4532710313796997,2.4531630008220673,2.4531630008220673,0.0,0.0,0.0008690791406115749,0.0,0.0
unguided_raw,1,24001,25000,1000,3.060760736465454,3.042618751525879,0,2.4793130707740785,2.479248177051544,2.479248177051544,0.0,0.0,0.0005316442051989725,0.0,0.0
unguided_raw,1,25001,26000,1000,3.069206476211548,3.0442450046539307,0,2.491597314119339,2.4915861744880674,2.4915861744880674,0.0,0.0,0.0004826375814009225,0.0,0.0
unguided_raw,1,26001,27000,1000,3.1373233795166016,2.994169235229492,0,2.5116767578125,2.5117249689102175,2.5117249689102175,0.0,0.0,0.00053823860520788,0.0,0.0
unguided_raw,1,27001,28000,1000,2.95766544342041,2.974100112915039,0,2.5336706964969635,2.5337087156772613,2.5337087156772613,0.0,0.0,0.0003464193075778894,0.0,0.0
unguided_raw,1,28001,29000,1000,2.9879493713378906,2.9472498893737793,0,2.5674452278614046,2.5673381922245024,2.5673381922245024,0.0,0.0,0.0006999474417898455,0.0,0.0
unguided_raw,1,29001,30000,1000,3.2335963249206543,3.1364073753356934,0,2.5668311569690703,2.5667034504413606,2.5667034504413606,0.0,0.0,0.0007947648658810066,0.0,0.0
unguided_raw,1,30001,31000,1000,3.2197582721710205,3.109330177307129,0,2.572490025997162,2.5725174190998077,2.5725174190998077,0.0,0.0,0.0005859322854739731,0.0,0.0
unguided_raw,1,31001,32000,1000,3.3065085411071777,3.035757064819336,0,2.5709799666404725,2.5709785950183868,2.5709785950183868,0.0,0.0,0.0004929590137835476,0.0,0.0
unguided_raw,1,32001,33000,1000,3.0625851154327393,2.996218204498291,0,2.5692118928432466,2.5692355961799622,2.5692355961799622,0.0,0.0,0.0005906592490719049,0.0,0.0
unguided_raw,1,33001,34000,1000,3.010937452316284,2.987800121307373,0,2.5462411663532256,2.546190042972565,2.546190042972565,0.0,0.0,0.0007663632721378235,0.0,0.0
unguided_raw,1,34001,35000,1000,2.967761993408203,10.0,0,2.5184864370822906,2.5189207005500793,2.5189207005500793,0.0,0.0,0.001033706972411892,0.0,0.0
unguided_raw,1,35001,36000,1000,2.9936881065368652,10.0,0,2.5184308862686158,2.519199569940567,2.519199569940567,0.0,0.0,0.001291283146252681,0.0,0.0
unguided_raw,1,36001,37000,1000,3.0578367710113525,10.0,0,2.5143315789699554,2.5150262296199797,2.5150262296199797,0.0,0.0,0.0013581457127293105,0.0,0.0
unguided_raw,1,37001,38000,1000,5.5773186683654785,10.0,0,2.5230612106323242,2.523696215867996,2.523696215867996,0.0,0.0,0.001934474868910911,0.0,0.0
unguided_raw,1,38001,39000,1000,10.445372581481934,10.0,0,2.5215754992961883,2.5217879354953765,2.5217879354953765,0.0,0.0,0.0019081213116587605,0.0,0.0
unguided_raw,1,39001,40000,1000,11.346183776855469,10.680060386657715,0,2.6242940163612367,2.624449259757996,2.624449259757996,7.8125e-05,0.0,0.003026071348838741,0.0,0.0
unguided_raw,1,40001,41000,1000,11.081842422485352,10.475040435791016,0,2.7731016371250155,2.773246512174606,2.773246512174606,4.6875e-05,0.0,0.004064640901109669,0.0,0.0
unguided_raw,1,41001,42000,1000,12.192668914794922,11.232756614685059,0,2.98342338514328,2.983743568658829,2.983743568658829,0.003828125,0.0,0.006521196941495873,0.0,0.0
unguided_raw,1,42001,43000,1000,15.466626167297363,14.496272087097168,0,3.2833584463596344,3.2833032109737394,3.2833032109737394,0.013171875,0.0,0.008523686841246672,0.0,0.0
unguided_raw,1,43001,44000,1000,18.762250900268555,17.290563583374023,0,3.6836593325138094,3.684094003915787,3.684094003915787,0.023046875,0.0,0.011747366149909795,0.0,0.0
unguided_raw,1,44001,45000,1000,19.392061233520508,18.756441116333008,0,4.092299547910691,4.09285889339447,4.09285889339447,0.03259375,0.0,0.012316660274052992,0.0,0.0
unguided_raw,1,45001,46000,1000,19.876672744750977,19.139013290405273,0,4.601206273078918,4.60170200920105,4.60170200920105,0.05021875,0.0,0.014315234129317105,0.0,0.0
unguided_raw,1,46001,47000,1000,20.295438766479492,19.525360107421875,0,5.066630915164947,5.066553001880646,5.066553001880646,0.081921875,0.0,0.015704586451873184,0.0,0.0
unguided_raw,1,47001,48000,1000,20.474550247192383,19.787250518798828,0,5.818214056015015,5.817773878097534,5.817773878097534,0.12159375,0.0,0.017914414785336702,0.0,0.0
unguided_raw,1,48001,49000,1000,20.50096321105957,19.96009635925293,0,6.763699360847474,6.76391812133789,6.76391812133789,0.18453125,0.0,0.017906966318842022,0.0,0.0
unguided_raw,1,49001,50000,1000,20.74527359008789,20.401735305786133,0,7.543222552776337,7.543180520057678,7.543180520057678,0.225734375,0.0,0.018909762885887176,0.0,0.0
unguided_raw,1,50001,51000,1000,20.777151107788086,20.329050064086914,0,8.602192875862121,8.60242619419098,8.60242619419098,0.28928125,0.0,0.016753331082873045,0.0,0.0
unguided_raw,1,51001,52000,1000,20.295764923095703,19.580856323242188,0,9.508162153244019,9.508901204109192,9.508901204109192,0.367265625,0.0,0.01639731258712709,0.0,0.0
unguided_raw,1,52001,53000,1000,21.221139907836914,20.198060989379883,0,10.5305608959198,10.53015811252594,10.53015811252594,0.50046875,0.0,0.019110608695074915,0.0,0.0
unguided_raw,1,53001,54000,1000,20.6663818359375,20.350025177001953,0,11.61314120578766,11.611398840904236,11.611398840904236,0.618796875,0.0,0.018758052174933256,0.0,0.0
unguided_raw,1,54001,55000,1000,21.112133026123047,20.534996032714844,0,12.511170612335205,12.510072182655334,12.510072182655334,0.723453125,0.0,0.019475872572045774,0.0,0.0
unguided_raw,1,55001,56000,1000,21.453184127807617,20.89330291748047,0,13.402490783691407,13.399619866371156,13.399619866371156,0.82446875,0.0,0.02134142470592633,0.0,0.0
unguided_raw,1,56001,57000,1000,21.866443634033203,21.569011688232422,0,14.283274991035462,14.281423162460326,14.281423162460326,0.921484375,0.0,0.020309097593184562,0.0,0.0
unguided_raw,1,57001,58000,1000,22.955595016479492,22.535289764404297,0,14.779956426620483,14.77677982711792,14.77677982711792,0.980921875,0.0,0.020424110373016446,0.0,0.0
unguided_raw,1,58001,59000,1000,22.926219940185547,22.488868713378906,0,15.165479358673096,15.163249335289002,15.163249335289002,0.996296875,0.0,0.021460268117953093,0.0,0.0
unguided_raw,1,59001,60000,1000,22.11362648010254,21.745576858520508,0,15.490788082122803,15.488965783119202,15.488965783119202,0.99753125,0.0,0.022572483151685446,0.0,0.0
unguided_raw,1,60001,61000,1000,21.804454803466797,21.568010330200195,0,15.975222858428955,15.972681020736694,15.972681020736694,0.9975,0.0,0.025145299672614783,0.0,0.0
unguided_raw,1,61001,62000,1000,21.758390426635742,21.86452865600586,0,16.26772939014435,16.264951252937315,16.264951252937315,0.996984375,0.0,0.02192242978466675,0.0,0.0
unguided_raw,1,62001,63000,1000,21.495542526245117,21.220544815063477,0,16.33591040325165,16.335178823471068,16.335178823471068,0.997125,0.0,0.017565136846620588,0.0,0.0
unguided_raw,1,63001,64000,1000,21.720664978027344,21.300539016723633,0,16.442813395500185,16.44256782436371,16.44256782436371,0.996734375,0.0,0.02219676126074046,0.0,0.0
unguided_raw,1,64001,65000,1000,21.163955688476562,20.894107818603516,0,16.674602516174318,16.674159811019898,16.674159811019898,0.996296875,0.0,0.022898523417301475,0.0,0.0
unguided_raw,1,65001,66000,1000,20.61071014404297,20.178647994995117,0,16.846006275177,16.84468416786194,16.84468416786194,0.996984375,0.0,0.01876079385681078,0.0,0.0
unguided_raw,1,66001,67000,1000,21.68345069885254,21.186920166015625,0,17.007858180999754,17.006762189865114,17.006762189865114,0.9965625,0.0,0.017629110194277018,0.0,0.0
unguided_raw,1,67001,68000,1000,22.461145401000977,21.842323303222656,0,16.96679467010498,16.96573793411255,16.96573793411255,0.995625,0.0,0.01840382373565808,0.0,0.0
unguided_raw,1,68001,69000,1000,21.430091857910156,21.4105281829834,0,16.82090570449829,16.81875819969177,16.81875819969177,0.9945,0.0,0.020282493728678675,0.0,0.0
unguided_raw,1,69001,70000,1000,21.644460678100586,21.164936065673828,0,16.90936954498291,16.906975744247436,16.906975744247436,0.995125,0.0,0.02373392341239378,0.0,0.0
unguided_raw,1,70001,71000,1000,21.614551544189453,21.47915267944336,0,16.887855878829956,16.88452868938446,16.88452868938446,0.9944375,0.0,0.02512155056046322,0.0,0.0
unguided_raw,1,71001,72000,1000,21.15974235534668,20.918533325195312,0,16.793332096099853,16.791390274047853,16.791390274047853,0.99396875,0.0,0.02449335057800636,0.0,0.0
unguided_raw,1,72001,73000,1000,20.815217971801758,20.652118682861328,0,16.648517294883728,16.647680312156677,16.647680312156677,0.99371875,0.0,0.020573583954945206,0.0,0.0
unguided_raw,1,73001,74000,1000,20.80302619934082,20.911739349365234,0,16.443269978523254,16.441574258804323,16.441574258804323,0.99346875,0.0,0.021396741160191596,0.0,0.0
unguided_raw,1,74001,75000,1000,21.10023307800293,20.313688278198242,0,16.220693824768066,16.21846936416626,16.21846936416626,0.9931875,0.0,0.022541925797238946,0.0,0.0
unguided_raw,1,75001,76000,1000,20.280841827392578,20.194869995117188,0,16.044676020622255,16.04314331817627,16.04314331817627,0.991828125,0.0,0.02385859177215025,0.0,0.0
unguided_raw,1,76001,77000,1000,20.197227478027344,19.851186752319336,0,15.93856513595581,15.938408411979676,15.938408411979676,0.992421875,0.0,0.02091442512907088,0.0,0.0
unguided_raw,1,77001,78000,1000,20.23642349243164,19.89049530029297,0,15.930567628860473,15.929656812667847,15.929656812667847,0.992,0.0,0.020714685587678104,0.0,0.0
unguided_raw,1,78001,79000,1000,20.631816864013672,20.062597274780273,0,15.826554061889649,15.825420367240906,15.825420367240906,0.99153125,0.0,0.02108262800425291,0.0,0.0
unguided_raw,1,79001,80000,1000,20.4404354095459,20.072385787963867,0,15.68932982158661,15.689367617607116,15.689367617607116,0.9931875,0.0,0.015299158056266606,0.0,0.0
unguided_raw,1,80001,81000,1000,19.052228927612305,18.8753662109375,0,15.500732069969176,15.499476003646851,15.499476003646851,0.992578125,0.0,0.016078487551771103,0.0,0.0
unguided_raw,1,81001,82000,1000,18.847957611083984,18.496681213378906,0,15.458092129707337,15.455720078468323,15.455720078468323,0.9931875,0.0,0.017632130716461688,0.0,0.0
unguided_raw,1,82001,83000,1000,19.219104766845703,19.095592498779297,0,15.430586888313293,15.428994457244873,15.428994457244873,0.99328125,0.0,0.016016609434504062,0.0,0.0
unguided_raw,1,83001,84000,1000,19.19263458251953,18.962905883789062,0,15.347637323379516,15.346320164680481,15.346320164680481,0.9940625,0.0,0.014506621120031923,0.0,0.0
unguided_raw,1,84001,85000,1000,19.04475975036621,18.867727279663086,0,15.254073970794678,15.251998732566834,15.251998732566834,0.99375,0.0,0.0173628137181513,0.0,0.0
unguided_raw,1,85001,86000,1000,18.81549644470215,18.7587833404541,0,15.02971497631073,15.02916028022766,15.02916028022766,0.99425,0.0,0.01618084404617548,0.0,0.0
unguided_raw,1,86001,87000,1000,18.70473289489746,18.33220672607422,0,14.929606893539429,14.929552233695984,14.929552233695984,0.994625,0.0,0.013893069043755531,0.0,0.0
unguided_raw,1,87001,88000,1000,18.586427688598633,18.25228500366211,0,14.810571171760559,14.81053718662262,14.81053718662262,0.995359375,0.0,0.012688233696855605,0.0,0.0
unguided_raw,1,88001,89000,1000,18.571779251098633,18.318904876708984,0,14.631550414085389,14.63161037158966,14.63161037158966,0.995390625,0.0,0.01286474948679097,0.0,0.0
unguided_raw,1,89001,90000,1000,18.686670303344727,18.48843765258789,0,14.473419806480408,14.473496528625489,14.473496528625489,0.995984375,0.0,0.012527615993283689,0.0,0.0
unguided_raw,1,90001,91000,1000,17.1697998046875,16.938533782958984,0,14.232204223632813,14.228084781646729,14.228084781646729,0.99534375,0.0,0.016424707754980773,0.0,0.0
unguided_raw,1,91001,92000,1000,16.78447151184082,16.636917114257812,0,13.916478775978089,13.915555209159852,13.915555209159852,0.996140625,0.0,0.011817788423970342,0.0,0.0
unguided_raw,1,92001,93000,1000,16.37407875061035,16.098548889160156,0,13.75562026500702,13.754861946105956,13.754861946105956,0.99525,0.0,0.011318980145035311,0.0,0.0
unguided_raw,1,93001,94000,1000,16.189151763916016,15.78982162475586,0,13.526078600883483,13.52552634048462,13.52552634048462,0.99534375,0.0,0.008174639631411991,0.0,0.0
unguided_raw,1,94001,95000,1000,15.527803421020508,15.417167663574219,0,13.330438851356506,13.329602710723877,13.329602710723877,0.99528125,0.0,0.009329107464058324,0.0,0.0
unguided_raw,1,95001,96000,1000,15.170076370239258,14.826125144958496,0,13.122862476348876,13.123046611785888,13.123046611785888,0.995375,0.0,0.00919466280634515,0.0,0.0
unguided_raw,1,96001,97000,1000,14.681821823120117,14.557487487792969,0,12.841450687408447,12.841309365272522,12.841309365272522,0.994921875,0.0,0.007293089958606288,0.0,0.0
unguided_raw,1,97001,98000,1000,14.473554611206055,14.222862243652344,0,12.55454679107666,12.554551943778991,12.554551943778991,0.994453125,0.0,0.006270954299485311,0.0,0.0
unguided_raw,1,98001,99000,1000,14.203412055969238,13.941400527954102,0,12.307960182189941,12.307843370437622,12.307843370437622,0.99453125,0.0,0.006100918794050812,0.0,0.0
unguided_raw,1,99001,100000,1000,13.75541877746582,13.720724105834961,0,12.041820982933045,12.042082844734193,12.042082844734193,0.99425,0.0,0.006533362733549438,0.0,0.0
unguided_raw,1,100001,101000,1000,13.465128898620605,13.4389009475708,0,11.799068186759948,11.79983512210846,11.79983512210846,0.993921875,0.0,0.0062999467961490155,0.0,0.0
unguided_raw,1,101001,102000,1000,13.32142448425293,13.305742263793945,0,11.58300495815277,11.583774264335633,11.583774264335633,0.994375,0.0,0.006040491717169061,0.0,0.0
unguided_raw,1,102001,103000,1000,13.218646049499512,13.006678581237793,0,11.343369738578797,11.34337119960785,11.34337119960785,0.99521875,0.0,0.0038301764935604297,0.0,0.0
unguided_raw,1,103001,104000,1000,12.67809009552002,12.524484634399414,0,11.009482126235962,11.008487149238587,11.008487149238587,0.993421875,0.0,0.005400829579913989,0.0,0.0
unguided_raw,1,104001,105000,1000,12.268966674804688,12.296856880187988,0,10.788421468734741,10.787623408317566,10.787623408317566,0.9885,0.0,0.0044311299723340195,0.0,0.0
unguided_raw,1,105001,106000,1000,12.049393653869629,12.01900863647461,0,10.499770565032959,10.49846603679657,10.49846603679657,0.884171875,0.0,0.007021610121591948,0.0,0.0
unguided_raw,1,106001,107000,1000,12.092949867248535,11.943177223205566,0,10.240520911216736,10.239788659095764,10.239788659095764,0.73625,0.0,0.005297441432252526,0.0,0.0
unguided_raw,1,107001,108000,1000,11.853511810302734,11.81677532196045,0,10.04898038291931,10.048724521636963,10.048724521636963,0.643921875,0.0,0.004888729026599321,0.0,0.0
unguided_raw,1,108001,109000,1000,11.55672836303711,11.519588470458984,0,9.81494179058075,9.815064929962158,9.815064929962158,0.491890625,0.0,0.003416946798504796,0.0,0.0
unguided_raw,1,109001,110000,1000,11.317534446716309,11.209019660949707,0,9.526505440711976,9.526285034179688,9.526285034179688,0.14928125,0.0,0.00317496598768048,0.0,0.0
unguided_raw,1,110001,111000,1000,10.789467811584473,10.760319709777832,0,9.269943658828735,9.268936744689942,9.268936744689942,0.019203125,0.0,0.0040202439261483956,0.0,0.0
unguided_raw,1,111001,112000,1000,10.367305755615234,10.227301597595215,0,9.065587361335755,9.06572337436676,9.06572337436676,0.002,0.0,0.0045493133668787775,0.0,0.0
unguided_raw,1,112001,113000,1000,10.262015342712402,10.10788345336914,0,8.892890210151672,8.892917276382446,8.892917276382446,4.6875e-05,0.0,0.0036537474374054,0.0,0.0
unguided_raw,1,113001,114000,1000,10.359468460083008,10.029882431030273,0,8.679124467849732,8.679575285911561,8.679575285911561,0.0006875,0.0,0.004643924865988083,0.0,0.0
unguided_raw,1,114001,115000,1000,10.398795127868652,10.152684211730957,0,8.557393567085267,8.557417890548706,8.557417890548706,0.005390625,0.0,0.004590083587041591,0.0,0.0
unguided_raw,1,115001,116000,1000,10.270840644836426,10.171232223510742,0,8.404814894676209,8.403459505081177,8.403459505081177,0.00040625,0.0,0.005117407979501877,0.0,0.0
unguided_raw,1,116001,117000,1000,10.531672477722168,10.210774421691895,0,8.382147008419038,8.3812900390625,8.3812900390625,0.001171875,0.0,0.005156618546461687,0.0,0.0
unguided_raw,1,117001,118000,1000,10.56183910369873,10.479959487915039,0,8.465213608264923,8.46421349287033,8.46421349287033,0.003765625,0.0,0.00549598717642948,0.0,0.0
unguided_raw,1,118001,119000,1000,10.49815845489502,10.440145492553711,0,8.460679568290711,8.460390583992005,8.460390583992005,0.0016875,0.0,0.005015103777172044,0.0,0.0
unguided_raw,1,119001,120000,1000,10.512782096862793,10.384102821350098,0,8.46998891544342,8.469610313415528,8.469610313415528,0.003125,0.0,0.004553904767613858,0.0,0.0
unguided_raw,1,120001,121000,1000,10.558693885803223,10.446032524108887,0,8.424892576217651,8.424834673404694,8.424834673404694,0.001453125,0.0,0.0035112767824903132,0.0,0.0
unguided_raw,1,121001,122000,1000,10.376708030700684,10.310004234313965,0,8.32497354412079,8.32508686876297,8.32508686876297,0.000609375,0.0,0.0028335807282710446,0.0,0.0
unguided_raw,1,122001,123000,1000,10.252440452575684,10.134467124938965,0,8.282211503505707,8.282243146419525,8.282243146419525,0.000546875,0.0,0.00274520533910254,0.0,0.0
unguided_raw,1,123001,124000,1000,10.260415077209473,10.157567024230957,0,8.327387317180634,8.327489313602447,8.327489313602447,0.001078125,0.0,0.002527278105088044,0.0,0.0
unguided_raw,1,124001,125000,1000,10.173392295837402,10.087559700012207,0,8.345137186050415,8.34506601047516,8.34506601047516,0.000375,0.0,0.002106336650555022,0.0,0.0
unguided_raw,1,125001,126000,1000,10.107293128967285,10.013755798339844,0,8.34409399318695,8.34393553161621,8.34393553161621,6.25e-05,0.0,0.0024319748301932123,0.0,0.0
unguided_raw,1,126001,127000,1000,10.173007011413574,10.075748443603516,0,8.346713923454285,8.346729743480683,8.346729743480683,0.0006875,0.0,0.002285208600515034,0.0,0.0
unguided_raw,1,127001,128000,1000,10.153834342956543,10.079217910766602,0,8.351010747909546,8.350964971542359,8.350964971542359,0.000359375,0.0,0.002044408392102923,0.0,0.0
unguided_raw,1,128001,129000,1000,10.152092933654785,10.094219207763672,0,8.3610689163208,8.361128467082978,8.361128467082978,0.000171875,0.0,0.0015670221526524982,0.0,0.0
unguided_raw,1,129001,130000,1000,10.193758010864258,10.136811256408691,0,8.364949964523316,8.365010243415833,8.365010243415833,0.00025,0.0,0.0013923915128107184,0.0,0.0
unguided_raw,1,130001,131000,1000,10.224102020263672,10.152440071105957,0,8.388165267944336,8.388114689826965,8.388114689826965,0.00078125,0.0,0.0016047836192010436,0.0,0.0
unguided_raw,1,131001,132000,1000,10.191658020019531,10.07992172241211,0,8.378473768234253,8.378231734275818,8.378231734275818,0.00153125,0.0,0.002302431640564464,0.0,0.0
unguided_raw,1,132001,133000,1000,10.197811126708984,10.038349151611328,0,8.347925340652466,8.34767485332489,8.34767485332489,4.6875e-05,0.0,0.001908122183260275,0.0,0.0
unguided_raw,1,133001,134000,1000,10.140469551086426,10.083669662475586,0,8.330414516448975,8.32981701040268,8.32981701040268,0.00021875,0.0,0.0019428972529130987,0.0,0.0
unguided_raw,1,134001,135000,1000,10.1355619430542,10.03056812286377,0,8.367500184059143,8.367503276348113,8.367503276348113,0.000296875,0.0,0.0014179317746311425,0.0,0.0
unguided_raw,1,135001,136000,1000,10.341119766235352,10.150508880615234,0,8.37717816066742,8.377017154693604,8.377017154693604,0.00034375,0.0,0.0015780704608187078,0.0,0.0
unguided_raw,1,136001,137000,1000,10.131330490112305,10.039162635803223,0,8.382660536766052,8.382388476371766,8.382388476371766,0.00025,0.0,0.0015855353671649936,0.0,0.0
unguided_raw,1,137001,138000,1000,10.166152954101562,10.0352783203125,0,8.36955629491806,8.369455758571625,8.369455758571625,0.000203125,0.0,0.0014859144959773402,0.0,0.0
unguided_raw,1,138001,139000,1000,10.163582801818848,10.007547378540039,0,8.368668828487396,8.368570932388305,8.368570932388305,0.00015625,0.0,0.0011870088594732806,0.0,0.0
unguided_raw,1,139001,140000,1000,10.11966323852539,10.0189847946167,0,8.319731085300445,8.319660997867585,8.319660997867585,0.000140625,0.0,0.0013882943940116093,0.0,0.0
unguided_raw,1,140001,141000,1000,10.135947227478027,10.06535530090332,0,8.316102625370025,8.316114647865295,8.316114647865295,0.000171875,0.0,0.0011582001033239066,0.0,0.0
unguided_raw,1,141001,142000,1000,10.14042854309082,10.075942993164062,0,8.297845091819763,8.297827222824097,8.297827222824097,0.0003125,0.0,0.0011620466537133325,0.0,0.0
unguided_raw,1,142001,143000,1000,10.136088371276855,10.052652359008789,0,8.305502892971038,8.30532804107666,8.30532804107666,0.00165625,0.0,0.0014238817837613168,0.0,0.0
unguided_raw,1,143001,144000,1000,10.158315658569336,10.075188636779785,0,8.315382212638855,8.315542038917542,8.315542038917542,0.000125,0.0,0.0012769411219924222,0.0,0.0
unguided_raw,1,144001,145000,1000,10.121190071105957,10.06610107421875,0,8.3334348487854,8.333495186805726,8.333495186805726,0.000359375,0.0,0.001012290916958591,0.0,0.0
unguided_raw,1,145001,146000,1000,10.142398834228516,10.105057716369629,0,8.347816791057587,8.347571514129639,8.347571514129639,0.000390625,0.0,0.0012590237980475648,0.0,0.0
unguided_raw,1,146001,147000,1000,10.156773567199707,10.07883071899414,0,8.37022230243683,8.370224446296692,8.370224446296692,0.0005625,0.0,0.0008608442877011839,0.0,0.0
unguided_raw,1,147001,148000,1000,10.155391693115234,10.0730619430542,0,8.365371069431305,8.365368741512299,8.365368741512299,0.000203125,0.0,0.0009470928327937145,0.0,0.0
unguided_raw,1,148001,149000,1000,10.141857147216797,10.062222480773926,0,8.372974316120148,8.373010220050812,8.373010220050812,0.000140625,0.0,0.0007173307521443348,0.0,0.0
unguided_raw,1,149001,150000,1000,10.072736740112305,10.003840446472168,0,8.377286945343018,8.377276277542114,8.377276277542114,3.125e-05,0.0,0.000799085419945186,0.0,0.0
unguided_raw,1,150001,151000,1000,10.113996505737305,10.02094841003418,0,8.412100218772888,8.411611483573914,8.411611483573914,0.0003125,0.0,0.001505776847989182,0.0,0.0
unguided_raw,1,151001,152000,1000,10.09207534790039,10.009979248046875,0,8.443868268013,8.443869041442872,8.443869041442872,6.25e-05,0.0,0.0008547049221815542,0.0,0.0
unguided_raw,1,152001,153000,1000,10.099005699157715,10.00638198852539,0,8.452677097320556,8.452719126701355,8.452719126701355,1.5625e-05,0.0,0.000525745794067916,0.0,0.0
unguided_raw,1,153001,154000,1000,10.08367919921875,10.0,0,8.44540418624878,8.44538125038147,8.44538125038147,0.0,0.0,0.0006451208155340282,0.0,0.0
unguided_raw,1,154001,155000,1000,10.099281311035156,10.01119613647461,0,8.47065804862976,8.470649447441101,8.470649447441101,7.8125e-05,0.0,0.0006699926692817826,0.0,0.0
unguided_raw,1,155001,156000,1000,10.112879753112793,10.024913787841797,0,8.424880422592164,8.424912302017212,8.424912302017212,0.000125,0.0,0.0006113365576165961,0.0,0.0
unguided_raw,1,156001,157000,1000,10.06767463684082,10.0,0,8.390468152046203,8.390457252502442,8.390457252502442,0.0,0.0,0.0004686511917898315,0.0,0.0
unguided_raw,1,157001,158000,1000,10.066402435302734,10.000980377197266,0,8.370459049224854,8.370466711044312,8.370466711044312,1.5625e-05,0.0,0.00043803535339975497,0.0,0.0
unguided_raw,1,158001,159000,1000,10.059534072875977,10.0,0,8.368500550270081,8.368513636112214,8.368513636112214,0.0,0.0,0.00044359376722422897,0.0,0.0
unguided_raw,1,159001,160000,1000,10.075211524963379,10.0130033493042,0,8.370617343902587,8.370564206123351,8.370564206123351,1.5625e-05,0.0,0.000556155536956794,0.0,0.0
unguided_raw,1,160001,161000,1000,10.082747459411621,10.001049995422363,0,8.38637374305725,8.386235248088836,8.386235248088836,9.375e-05,0.0,0.0007849052726378432,0.0,0.0
unguided_raw,1,161001,162000,1000,10.079998016357422,10.020353317260742,0,8.417232085227967,8.41653115940094,8.41653115940094,3.125e-05,0.0,0.0013455133992392803,0.0,0.0
unguided_raw,1,162001,163000,1000,10.069836616516113,10.0,0,8.403792706489563,8.403184015274048,8.403184015274048,0.0,0.0,0.0010523705934319877,0.0,0.0
unguided_raw,1,163001,164000,1000,10.085067749023438,10.067606925964355,0,8.39639158630371,8.395958866119384,8.395958866119384,3.125e-05,0.0,0.0010112753867651918,0.0,0.0
unguided_raw,1,164001,165000,1000,10.113186836242676,10.01549243927002,0,8.3989313249588,8.39891377735138,8.39891377735138,4.6875e-05,0.0,0.0008061823615280446,0.0,0.0
unguided_raw,1,165001,166000,1000,10.078557014465332,10.009956359863281,0,8.385038091659546,8.384917498588562,8.384917498588562,1.5625e-05,0.0,0.0007029358834261075,0.0,0.0
unguided_raw,1,166001,167000,1000,10.078142166137695,10.0,0,8.380386539459229,8.380361366271973,8.380361366271973,0.0,0.0,0.0005301587527428637,0.0,0.0
unguided_raw,1,167001,168000,1000,10.082756996154785,10.0,0,8.363699897766113,8.363636471748352,8.363636471748352,0.0,0.0,0.0006792459034040803,0.0,0.0
unguided_raw,1,168001,169000,1000,10.170921325683594,10.01303482055664,0,8.378767778396606,8.378763462066651,8.378763462066651,3.125e-05,0.0,0.0004512579553120304,0.0,0.0
unguided_raw,1,169001,170000,1000,10.07016658782959,10.0,0,8.346177963256835,8.346175048828124,8.346175048828124,0.0,0.0,0.0005460058446769835,0.0,0.0
unguided_raw,1,170001,171000,1000,10.070931434631348,10.0,0,8.357344610214234,8.357335821151734,8.357335821151734,0.0,0.0,0.00031682080031896474,0.0,0.0
unguided_raw,1,171001,172000,1000,10.088513374328613,10.00899600982666,0,8.387369546890259,8.387364291191101,8.387364291191101,9.375e-05,0.0,0.00037233882979489864,0.0,0.0
unguided_raw,1,172001,173000,1000,10.080073356628418,10.0,0,8.382752125740051,8.382384063720703,8.382384063720703,0.0,0.0,0.0007903571312417626,0.0,0.0
unguided_raw,1,173001,174000,1000,10.073824882507324,10.009087562561035,0,8.384351395130157,8.384337182998657,8.384337182998657,3.125e-05,0.0,0.0005825289280546712,0.0,0.0
unguided_raw,1,174001,175000,1000,10.06514835357666,10.002434730529785,0,8.373188513278961,8.372983579158783,8.372983579158783,1.5625e-05,0.0,0.0007615904221020173,0.0,0.0
unguided_raw,1,175001,176000,1000,10.055663108825684,10.0,0,8.378339073181152,8.378348155975342,8.378348155975342,0.0,0.0,0.0005052916348649888,0.0,0.0
unguided_raw,1,176001,177000,1000,10.058857917785645,10.0,0,8.393724750518798,8.393738090515138,8.393738090515138,0.0,0.0,0.0004452631730819121,0.0,0.0
unguided_raw,1,177001,178000,1000,10.048181533813477,10.0,0,8.396641364097595,8.396199286460876,8.396199286460876,0.0,0.0,0.0008903995411237702,0.0,0.0
unguided_raw,1,178001,179000,1000,10.100666046142578,10.031570434570312,0,8.40457543182373,8.404220237255096,8.404220237255096,0.00028125,0.0,0.0010616802950680721,0.0,0.0
unguided_raw,1,179001,180000,1000,10.047874450683594,10.0,0,8.398504979133605,8.398278526306152,8.398278526306152,0.0,0.0,0.0006175589504273376,0.0,0.0
unguided_raw,1,180001,181000,1000,10.11598014831543,10.03046703338623,0,8.38214506149292,8.381140215873717,8.381140215873717,1.5625e-05,0.0,0.001924318239776767,0.0,0.0
unguided_raw,1,181001,182000,1000,10.091553688049316,10.015789985656738,0,8.378528053283691,8.378112951278686,8.378112951278686,1.5625e-05,0.0,0.0013307850787532517,0.0,0.0
unguided_raw,1,182001,183000,1000,10.10719108581543,10.024028778076172,0,8.399791622161866,8.399769876480102,8.399769876480102,3.125e-05,0.0,0.0006379175315742032,0.0,0.0
unguided_raw,1,183001,184000,1000,10.226020812988281,10.0,0,8.430493729591369,8.430504455566407,8.430504455566407,0.0,0.0,0.0006348665027035167,0.0,0.0
unguided_raw,1,184001,185000,1000,10.108559608459473,10.033407211303711,0,8.419201179504395,8.419171120643616,8.419171120643616,0.000109375,0.0,0.0004645412903118995,0.0,0.0
unguided_raw,1,185001,186000,1000,10.121164321899414,10.030025482177734,0,8.405307126045226,8.404835319519043,8.404835319519043,3.125e-05,0.0,0.0010203628868985107,0.0,0.0
unguided_raw,1,186001,187000,1000,10.116670608520508,10.019290924072266,0,8.397260910034179,8.396961911201476,8.396961911201476,7.8125e-05,0.0,0.0010364258728659478,0.0,0.0
unguided_raw,1,187001,188000,1000,10.074797630310059,10.084853172302246,0,8.376986479759216,8.376660597801209,8.376660597801209,0.000109375,0.0,0.0008360370807422441,0.0,0.0
unguided_raw,1,188001,189000,1000,10.13671875,10.062954902648926,0,8.38516746711731,8.384858617782593,8.384858617782593,0.0001875,0.0,0.0009675609429250471,0.0,0.0
unguided_raw,1,189001,190000,1000,10.151965141296387,10.063531875610352,0,8.406243265151977,8.406193118095398,8.406193118095398,0.000203125,0.0,0.0005734953557766857,0.0,0.0
unguided_raw,1,190001,191000,1000,10.052515029907227,10.0,0,8.395599290847779,8.39560498714447,8.39560498714447,0.0,0.0,0.00042352599281002767,0.0,0.0
unguided_raw,1,191001,192000,1000,10.049627304077148,10.0,0,8.39890441083908,8.39890456199646,8.39890456199646,0.0,0.0,0.00027425841122749264,0.0,0.0
unguided_raw,1,192001,193000,1000,10.052023887634277,10.0,0,8.37776364994049,8.377780080795288,8.377780080795288,0.0,0.0,0.00028387088462841347,0.0,0.0
unguided_raw,1,193001,194000,1000,10.056940078735352,10.0,0,8.357679594039917,8.357507921218872,8.357507921218872,0.0,0.0,0.0007207371647309629,0.0,0.0
unguided_raw,1,194001,195000,1000,10.108576774597168,10.0,0,8.362464298248291,8.36234502696991,8.36234502696991,0.0,0.0,0.0006977033170187496,0.0,0.0
unguided_raw,1,195001,196000,1000,10.045302391052246,10.0,0,8.357985770225525,8.358001523971557,8.358001523971557,0.0,0.0,0.00034884364214303785,0.0,0.0
unguided_raw,1,196001,197000,1000,10.044293403625488,10.0,0,8.355132123947143,8.355108814716338,8.355108814716338,0.0,0.0,0.00024372979507097624,0.0,0.0
unguided_raw,1,197001,198000,1000,10.086664199829102,10.0,0,8.346809429168701,8.346718856811524,8.346718856811524,0.0,0.0,0.0005132720036344835,0.0,0.0
unguided_raw,1,198001,199000,1000,10.046478271484375,10.0,0,8.338063000679016,8.337840666770935,8.337840666770935,0.0,0.0,0.0006028775649101589,0.0,0.0
unguided_raw,1,199001,200000,1000,10.064152717590332,10.0,0,8.349302870750428,8.349172681808472,8.349172681808472,0.0,0.0,0.0004924267118949501,0.0,0.0
unguided_bound,1,1,1000,501,1.0370862483978271,0.1707260012626648,0,0.014906748440562787,0.015090683459335875,0.015090683459335875,0.0,0.0,0.0009234121284889571,0.0,0.0
unguided_bound,1,1001,2000,1000,1.128860354423523,0.3265018165111542,0,0.12931084947660565,0.12971694045886398,0.12971694045886398,0.0,0.0,0.00018499122952925974,0.0,0.0
unguided_bound,1,2001,3000,1000,1.3321632146835327,0.5615248680114746,0,0.28153307135403155,0.28180254098773,0.28180254098773,0.0,0.0,0.00020375590169714996,0.0,0.0
unguided_bound,1,3001,4000,1000,1.4598101377487183,1.2765324115753174,0,0.42688255724310875,0.4270657306909561,0.4270657306909561,0.0,0.0,0.00014156466664098843,0.0,0.0
unguided_bound,1,4001,5000,1000,1.8806779384613037,1.610450267791748,0,0.5636943194568157,0.5638651912212371,0.5638651912212371,0.0,0.0,0.0002472438829463499,0.0,0.0
unguided_bound,1,5001,6000,1000,2.122347354888916,1.9037666320800781,0,0.7085286400914192,0.7086756823658943,0.7086756823658943,0.0,0.0,0.00038141005089710234,0.0,0.0
unguided_bound,1,6001,7000,1000,2.040189266204834,1.9448453187942505,0,0.8668260044455528,0.8669749377965927,0.8669749377965927,0.0,0.0,0.00046294986402790526,0.0,0.0
unguided_bound,1,7001,8000,1000,1.985929250717163,1.8880764245986938,0,1.0345907306671143,1.0347009075880051,1.0347009075880051,0.0,0.0,0.0006615097569010686,0.0,0.0
unguided_bound,1,8001,9000,1000,2.0974130630493164,2.0341250896453857,0,1.1626441748142242,1.162715787768364,1.162715787768364,0.0,0.0,0.0006564861375227337,0.0,0.0
unguided_bound,1,9001,10000,1000,2.3640635013580322,2.2631733417510986,0,1.2956117194890977,1.2956613608598708,1.2956613608598708,0.0,0.0,0.0007485440363088856,0.0,0.0
unguided_bound,1,10001,11000,1000,2.368150234222412,2.2905824184417725,0,1.4062710547447204,1.4064173341989517,1.4064173341989517,0.0,0.0,0.0006030979160132119,0.0,0.0
unguided_bound,1,11001,12000,1000,2.432570457458496,2.345662832260132,0,1.523302961230278,1.5234341270923615,1.5234341270923615,0.0,0.0,0.0005747223765793024,0.0,0.0
unguided_bound,1,12001,13000,1000,2.4643185138702393,2.5917069911956787,0,1.6522340273857117,1.6523333525657653,1.6523333525657653,0.0,0.0,0.0006796266392775579,0.0,0.0
unguided_bound,1,13001,14000,1000,2.6259925365448,2.572993040084839,0,1.7784505437612534,1.778460230946541,1.778460230946541,0.0,0.0,0.0006768793625960825,0.0,0.0
unguided_bound,1,14001,15000,1000,2.642669200897217,2.527597665786743,0,1.8722183414697646,1.8723113842010497,1.8723113842010497,0.0,0.0,0.0006530369162501302,0.0,0.0
unguided_bound,1,15001,16000,1000,2.603015184402466,2.6162219047546387,0,1.9445623589754104,1.94471105325222,1.94471105325222,0.0,0.0,0.0006470445460799965,0.0,0.0
unguided_bound,1,16001,17000,1000,2.749227285385132,2.6311135292053223,0,2.038396941661835,2.03843303334713,2.03843303334713,0.0,0.0,0.000653083845943911,0.0,0.0
unguided_bound,1,17001,18000,1000,2.893950939178467,2.8605923652648926,0,2.144583475470543,2.1445749881267546,2.1445749881267546,0.0,0.0,0.0007890544209076324,0.0,0.0
unguided_bound,1,18001,19000,1000,2.8191018104553223,2.8127574920654297,0,2.2298605933189393,2.2299185829162598,2.2299185829162598,0.0,0.0,0.0005033495707029942,0.0,0.0
unguided_bound,1,19001,20000,1000,2.8058531284332275,2.7616195678710938,0,2.30786962389946,2.307942155122757,2.307942155122757,0.0,0.0,0.0005081547941808821,0.0,0.0
unguided_bound,1,20001,21000,1000,2.7901344299316406,2.7756521701812744,0,2.3603931844234465,2.3604436008930207,2.3604436008930207,0.0,0.0,0.0003796302498303703,0.0,0.0
unguided_bound,1,21001,22000,1000,2.7793004512786865,2.7611758708953857,0,2.4045244584083556,2.4044199991226196,2.4044199991226196,0.0,0.0,0.000669655478457571,0.0,0.0
unguided_bound,1,22001,23000,1000,2.9803569316864014,3.057227849960327,0,2.4299748401641845,2.4297430946826934,2.4297430946826934,0.0,0.0,0.0010017590904899407,0.0,0.0
unguided_bound,1,23001,24000,1000,2.953542709350586,2.9151902198791504,0,2.4532710313796997,2.4531630008220673,2.4531630008220673,0.0,0.0,0.0008690791406115749,0.0,0.0
unguided_bound,1,24001,25000,1000,3.060760736465454,3.042618751525879,0,2.4793130707740785,2.479248177051544,2.479248177051544,0.0,0.0,0.0005316442051989725,0.0,0.0
unguided_bound,1,25001,26000,1000,3.069206476211548,3.0442450046539307,0,2.491597314119339,2.4915861744880674,2.4915861744880674,0.0,0.0,0.0004826375814009225,0.0,0.0
unguided_bound,1,26001,27000,1000,3.1373233795166016,2.994169235229492,0,2.5116767578125,2.5117249689102175,2.5117249689102175,0.0,0.0,0.00053823860520788,0.0,0.0
unguided_bound,1,27001,28000,1000,2.95766544342041,2.974100112915039,0,2.5336706964969635,2.5337087156772613,2.5337087156772613,0.0,0.0,0.0003464193075778894,0.0,0.0
unguided_bound,1,28001,29000,1000,2.9879493713378906,2.9472498893737793,0,2.5674452278614046,2.5673381922245024,2.5673381922245024,0.0,0.0,0.0006999474417898455,0.0,0.0
unguided_bound,1,29001,30000,1000,3.2335963249206543,3.1364073753356934,0,2.5668311569690703,2.5667034504413606,2.5667034504413606,0.0,0.0,0.0007947648658810066,0.0,0.0
unguided_bound,1,30001,31000,1000,3.2197582721710205,3.109330177307129,0,2.572490025997162,2.5725174190998077,2.5725174190998077,0.0,0.0,0.0005859322854739731,0.0,0.0
unguided_bound,1,31001,32000,1000,3.3065085411071777,3.035757064819336,0,2.5709799666404725,2.5709785950183868,2.5709785950183868,0.0,0.0,0.0004929590137835476,0.0,0.0
unguided_bound,1,32001,33000,1000,3.0625851154327393,2.996218204498291,0,2.5692118928432466,2.5692355961799622,2.5692355961799622,0.0,0.0,0.0005906592490719049,0.0,0.0
unguided_bound,1,33001,34000,1000,3.010937452316284,2.987800121307373,0,2.5462411663532256,2.546190042972565,2.546190042972565,0.0,0.0,0.0007663632721378235,0.0,0.0
unguided_bound,1,34001,35000,1000,2.967761993408203,10.0,0,2.5184864370822906,2.5189207005500793,2.5189207005500793,0.0,0.0,0.001033706972411892,0.0,0.0
unguided_bound,1,35001,36000,1000,2.9936881065368652,10.0,0,2.5184308862686158,2.519199569940567,2.519199569940567,0.0,0.0,0.001291283146252681,0.0,0.0
unguided_bound,1,36001,37000,1000,3.0578367710113525,10.0,0,2.5143315789699554,2.5150262296199797,2.5150262296199797,0.0,0.0,0.0013581457127293105,0.0,0.0
unguided_bound,1,37001,38000,1000,5.5773186683654785,10.0,0,2.5230612106323242,2.523696215867996,2.523696215867996,0.0,0.0,0.001934474868910911,0.0,0.0
unguided_bound,1,38001,39000,1000,10.445372581481934,10.0,0,2.5215754992961883,2.5217879354953765,2.5217879354953765,0.0,0.0,0.0019081213116587605,0.0,0.0
unguided_bound,1,39001,40000,1000,11.305420875549316,10.602193832397461,0,2.6236286776065825,2.6237706303596497,2.6237913208007813,7.8125e-05,7.8125e-05,0.00268882290305919,0.0,0.0
unguided_bound,1,40001,41000,1000,11.449630737304688,10.375134468078613,0,2.7889098043441773,2.7891809113025667,2.7892409126758575,0.00053125,0.00053125,0.004607203643943649,0.0,0.0
unguided_bound,1,41001,42000,1000,11.918293952941895,11.185117721557617,0,3.102950885295868,3.1033702619075774,3.104523042440414,0.004,0.004,0.00777724357380066,0.0,0.0
unguided_bound,1,42001,43000,1000,11.61207103729248,11.121392250061035,0,3.5158111474514007,3.5159343738555906,3.5177930982112886,0.007546875,0.007546875,0.010129142259946093,0.0,0.0
unguided_bound,1,43001,44000,1000,11.677868843078613,11.48654556274414,0,4.074534607887268,4.074400433301926,4.076986444950104,0.0123125,0.0123125,0.013152695808559656,0.0,0.0
unguided_bound,1,44001,45000,1000,11.406907081604004,11.077272415161133,0,4.527982509613037,4.528316328287125,4.530660439491272,0.011515625,0.011515625,0.01240075019816868,0.0,0.0
unguided_bound,1,45001,46000,1000,11.32020378112793,11.177594184875488,0,5.1310219731330875,5.131423543930054,5.137249495029449,0.02834375,0.02834375,0.014485064657172189,0.0,0.0
unguided_bound,1,46001,47000,1000,11.103683471679688,10.951398849487305,0,5.669443702220916,5.669907254219055,5.674104337692261,0.026859375,0.026859375,0.013318953286856413,0.0,0.0
unguided_bound,1,47001,48000,1000,10.941548347473145,10.77441692352295,0,6.264960695743561,6.265520689964294,6.267702366828918,0.01634375,0.01634375,0.012503165359143168,0.0,0.0
unguided_bound,1,48001,49000,1000,10.949731826782227,10.766884803771973,0,6.8173571600914,6.817837416648865,6.8192263388633725,0.0109375,0.0109375,0.010929147242568433,0.0,0.0
unguided_bound,1,49001,50000,1000,11.164817810058594,10.950909614562988,0,7.211598505020142,7.211989090442658,7.213862512588501,0.01328125,0.01328125,0.009033904045121744,0.0,0.0
unguided_bound,1,50001,51000,1000,10.94713306427002,10.88258171081543,0,7.600841742515564,7.601137082576752,7.602898169517517,0.014046875,0.014046875,0.007261947253718972,0.0,0.0
unguided_bound,1,51001,52000,1000,10.60917854309082,10.61755084991455,0,7.88113964509964,7.88122252368927,7.882093645095825,0.008296875,0.008296875,0.0075385531787760555,0.0,0.0
unguided_bound,1,52001,53000,1000,10.577674865722656,10.37391471862793,0,8.037889181613922,8.038390930652618,8.038750792980194,0.00390625,0.00390625,0.006351290481048636,0.0,0.0
unguided_bound,1,53001,54000,1000,10.40166187286377,10.411967277526855,0,8.299626441001893,8.299816910743713,8.300064422607422,0.003265625,0.003265625,0.005185820158920251,0.0,0.0
unguided_bound,1,54001,55000,1000,10.947242736816406,10.48102855682373,0,8.61902146434784,8.618848783493043,8.619057112693786,0.001765625,0.001765625,0.006329729614546522,0.0,0.0
unguided_bound,1,55001,56000,1000,10.749643325805664,10.658535957336426,0,8.86917215538025,8.868511648178101,8.868601190567016,0.000390625,0.000390625,0.007286180171417072,0.0,0.0
unguided_bound,1,56001,57000,1000,10.614290237426758,10.338630676269531,0,8.973499786376953,8.973165970802308,8.973223397254944,0.00059375,0.00059375,0.00562920891342219,0.0,0.0
unguided_bound,1,57001,58000,1000,10.586040496826172,10.063861846923828,0,8.976666005134582,8.976791011810302,8.976793822288514,4.6875e-05,4.6875e-05,0.0038367068095249124,0.0,0.0
unguided_bound,1,58001,59000,1000,10.585454940795898,10.234543800354004,0,8.859871216773987,8.859388714790343,8.859413897514344,0.000171875,0.000171875,0.004003818094555754,0.0,0.0
unguided_bound,1,59001,60000,1000,10.239631652832031,10.024933815002441,0,8.78132390499115,8.781175768852234,8.781176157951355,1.5625e-05,1.5625e-05,0.003877822663751431,0.0,0.0
unguided_bound,1,60001,61000,1000,10.593979835510254,10.262468338012695,0,8.650124353408813,8.649732535362244,8.649745936393737,0.000109375,0.000109375,0.00469264668924734,0.0,0.0
unguided_bound,1,61001,62000,1000,10.393001556396484,10.278332710266113,0,8.588749810218811,8.588554785728455,8.58856287765503,4.6875e-05,4.6875e-05,0.004086596907814964,0.0,0.0
unguided_bound,1,62001,63000,1000,10.305818557739258,10.098251342773438,0,8.535323575019836,8.535561260223389,8.535564908981323,7.8125e-05,7.8125e-05,0.0035802456684759817,0.0,0.0
unguided_bound,1,63001,64000,1000,10.497671127319336,10.441034317016602,0,8.440835647583008,8.440068031311036,8.440078574180603,4.6875e-05,4.6875e-05,0.005148242261260748,0.0,0.0
unguided_bound,1,64001,65000,1000,10.257098197937012,10.335014343261719,0,8.302542120456696,8.301839363574981,8.301847925662994,4.6875e-05,4.6875e-05,0.00412188465957297,0.0,0.0
unguided_bound,1,65001,66000,1000,10.397433280944824,10.177281379699707,0,8.164134444713593,8.163795660018922,8.163802111625671,7.8125e-05,7.8125e-05,0.0029977238308056256,0.0,0.0
unguided_bound,1,66001,67000,1000,10.340795516967773,10.140471458435059,0,8.011465090751647,8.010779233455658,8.010781428813935,1.5625e-05,1.5625e-05,0.003391630133264698,0.0,0.0
unguided_bound,1,67001,68000,1000,10.21070671081543,10.217086791992188,0,7.863428133487702,7.863230102062225,7.863238722801208,6.25e-05,6.25e-05,0.0028316135891946034,0.0,0.0
unguided_bound,1,68001,69000,1000,10.336434364318848,10.31511116027832,0,7.766485827445984,7.766415831565857,7.766446611881256,0.0001875,0.0001875,0.0034287631455808877,0.0,0.0
unguided_bound,1,69001,70000,1000,10.049821853637695,10.0,0,7.636080757141113,7.636037014007568,7.636037014007568,0.0,0.0,0.003727036683645565,0.0,0.0
unguided_bound,1,70001,71000,1000,9.48388957977295,10.0,0,7.481557229995728,7.481641851902008,7.481641851902008,0.0,0.0,0.0033304808430257254,0.0,0.0
unguided_bound,1,71001,72000,1000,9.154687881469727,10.0,0,7.3899771208763125,7.390049498558044,7.390049498558044,0.0,0.0,0.0030212125446414575,0.0,0.0
unguided_bound,1,72001,73000,1000,9.102581024169922,10.0,0,7.347951085090637,7.34696298789978,7.34696298789978,0.0,0.0,0.004415075460565276,0.0,0.0
unguided_bound,1,73001,74000,1000,10.279428482055664,10.0,0,7.296664022445679,7.296320621967316,7.296320621967316,0.0,0.0,0.0037326498006586915,0.0,0.0
unguided_bound,1,74001,75000,1000,10.604747772216797,10.106552124023438,0,7.208548982143402,7.208263962745667,7.208269257545471,6.25e-05,6.25e-05,0.003362847944488749,0.0,0.0
unguided_bound,1,75001,76000,1000,10.777520179748535,10.430712699890137,0,7.19792786026001,7.196850163936615,7.1969421420097355,0.00078125,0.00078125,0.0045822996236383915,0.0,0.0
unguided_bound,1,76001,77000,1000,10.680277824401855,10.383152961730957,0,7.214698027610779,7.214011312961579,7.214482019424438,0.003734375,0.003734375,0.004570953248417936,0.0,0.0
unguided_bound,1,77001,78000,1000,10.737940788269043,10.501341819763184,0,7.184127605915069,7.183639566421509,7.183814360141755,0.001421875,0.001421875,0.004148564848816022,0.0,0.0
unguided_bound,1,78001,79000,1000,10.851234436035156,10.524394989013672,0,7.154822580814361,7.154526331424713,7.154856591224671,0.00309375,0.00309375,0.004363179753534496,0.0,0.0
unguided_bound,1,79001,80000,1000,10.999204635620117,10.515289306640625,0,7.123444523334503,7.12334829378128,7.123551284790039,0.001375,0.001375,0.004131427582236938,0.0,0.0
unguided_bound,1,80001,81000,1000,11.033834457397461,10.393027305603027,0,7.136961714267731,7.136490098953247,7.136593119621277,0.001046875,0.001046875,0.005646900492138229,0.0,0.0
unguided_bound,1,81001,82000,1000,10.767125129699707,10.444588661193848,0,7.210042070865631,7.209227645397187,7.2092922496795655,0.000984375,0.000984375,0.006017587078502402,0.0,0.0
unguided_bound,1,82001,83000,1000,10.300899505615234,10.179844856262207,0,7.321408537387848,7.32121196937561,7.321233056545258,0.0004375,0.0004375,0.005614847258431837,0.0,0.0
unguided_bound,1,83001,84000,1000,10.286439895629883,10.097908973693848,0,7.422995617866516,7.422993462085724,7.422995589256287,3.125e-05,3.125e-05,0.005313050954486243,0.0,0.0
unguided_bound,1,84001,85000,1000,10.263982772827148,10.133065223693848,0,7.552221914291382,7.552226610183716,7.552253518104553,0.0006875,0.0006875,0.0050239671347662804,0.0,0.0
unguided_bound,1,85001,86000,1000,10.400276184082031,10.15644645690918,0,7.647210465431213,7.647294290065766,7.647314205646515,0.000328125,0.000328125,0.003907661604695022,0.0,0.0
unguided_bound,1,86001,87000,1000,10.494946479797363,10.298296928405762,0,7.776080578327179,7.775825774669647,7.775992225170135,0.00275,0.00275,0.004615726174903102,0.0,0.0
unguided_bound,1,87001,88000,1000,10.446579933166504,10.416338920593262,0,7.895998104095459,7.8960323219299315,7.896401588439941,0.00421875,0.00421875,0.004356580010149628,0.0,0.0
unguided_bound,1,88001,89000,1000,10.437641143798828,10.31095027923584,0,8.036015805244446,8.036074594020844,8.03645405626297,0.00515625,0.00515625,0.004046037299907766,0.0,0.0
unguided_bound,1,89001,90000,1000,10.406351089477539,10.24857234954834,0,8.157424646377564,8.157279077529907,8.157454918861388,0.002625,0.002625,0.004020633263629861,0.0,0.0
unguided_bound,1,90001,91000,1000,10.406265258789062,10.260238647460938,0,8.30428443145752,8.304505522727966,8.30461699104309,0.001328125,0.001328125,0.003645061690825969,0.0,0.0
unguided_bound,1,91001,92000,1000,10.323783874511719,10.190838813781738,0,8.40578961277008,8.405639256954194,8.405697463512421,0.001,0.001,0.004353478305856698,0.0,0.0
unguided_bound,1,92001,93000,1000,10.31702995300293,10.173235893249512,0,8.45938081073761,8.459385910987853,8.459428981781006,0.000796875,0.000796875,0.002821494886011351,0.0,0.0
unguided_bound,1,93001,94000,1000,10.325360298156738,10.174585342407227,0,8.515165879249572,8.51508759880066,8.515178186416627,0.00128125,0.00128125,0.003110618561215233,0.0,0.0
unguided_bound,1,94001,95000,1000,10.344311714172363,10.300201416015625,0,8.577427885055542,8.57756188106537,8.577742030143737,0.002328125,0.002328125,0.0023613769910880364,0.0,0.0
unguided_bound,1,95001,96000,1000,10.236255645751953,10.133390426635742,0,8.643323651313782,8.643181047439576,8.643244711875916,0.00171875,0.00171875,0.0028023908633622342,0.0,0.0
unguided_bound,1,96001,97000,1000,10.19230842590332,10.088418960571289,0,8.639929226875305,8.639525001525879,8.63953446674347,0.000828125,0.000828125,0.003926206280710175,0.0,0.0
unguided_bound,1,97001,98000,1000,10.215840339660645,10.130094528198242,0,8.607221643447875,8.60696879196167,8.606994129180908,0.00075,0.00075,0.0027695654548006133,0.0,0.0
unguided_bound,1,98001,99000,1000,10.25042724609375,10.169279098510742,0,8.533945581436157,8.533396500587463,8.533449931144714,0.000796875,0.000796875,0.003061598166823387,0.0,0.0
unguided_bound,1,99001,100000,1000,10.355072021484375,10.22231388092041,0,8.517656814575195,8.517540298461913,8.51758890914917,0.001765625,0.001765625,0.00293288402678445,0.0,0.0
unguided_bound,1,100001,101000,1000,10.347758293151855,10.263524055480957,0,8.503649254798889,8.503538249015808,8.503599528312684,0.001328125,0.001328125,0.002320283923763782,0.0,0.0
unguided_bound,1,101001,102000,1000,10.176584243774414,10.103009223937988,0,8.462221135139465,8.46204319858551,8.462049961090088,0.0001875,0.0001875,0.0026359234536066653,0.0,0.0
unguided_bound,1,102001,103000,1000,10.244861602783203,10.244651794433594,0,8.386161007404327,8.386083133220673,8.386105285167694,0.0003125,0.0003125,0.00221354925603373,0.0,0.0
unguided_bound,1,103001,104000,1000,10.224319458007812,10.130760192871094,0,8.392317151546479,8.392169484615327,8.392262184619904,0.00275,0.00275,0.002415106166212354,0.0,0.0
unguided_bound,1,104001,105000,1000,10.175177574157715,10.11122989654541,0,8.358653295040131,8.358658047676087,8.358691525459289,0.000921875,0.000921875,0.0018894193447486032,0.0,0.0
unguided_bound,1,105001,106000,1000,10.170522689819336,10.08523178100586,0,8.281756497859956,8.281741411685944,8.281757317066193,0.000421875,0.000421875,0.0020294009838835335,0.0,0.0
unguided_bound,1,106001,107000,1000,10.219666481018066,10.092450141906738,0,8.253441026687621,8.25280034828186,8.25282617664337,0.000796875,0.000796875,0.0034630619722302073,0.0,0.0
unguided_bound,1,107001,108000,1000,10.217926025390625,10.090980529785156,0,8.289363325119018,8.289441667079926,8.289473494052887,0.000953125,0.000953125,0.0018779178973054513,0.0,0.0
unguided_bound,1,108001,109000,1000,10.267268180847168,10.199141502380371,0,8.317073105335236,8.317096435546874,8.31715068769455,0.001921875,0.001921875,0.001706947941245744,0.0,0.0
unguided_bound,1,109001,110000,1000,10.18687915802002,10.127726554870605,0,8.317775241374969,8.317587756156922,8.317607955932617,0.00071875,0.00071875,0.0019165774567518384,0.0,0.0
unguided_bound,1,110001,111000,1000,10.176131248474121,10.099940299987793,0,8.312895288944244,8.31304723405838,8.313069288730622,0.000609375,0.000609375,0.0024389656365674454,0.0,0.0
unguided_bound,1,111001,112000,1000,10.252654075622559,10.120820999145508,0,8.33558434534073,8.335627773761749,8.335654383182526,0.00065625,0.00065625,0.0017205672216368839,0.0,0.0
unguided_bound,1,112001,113000,1000,10.283528327941895,10.119481086730957,0,8.337376720905304,8.337391122817992,8.337414008140565,0.000375,0.000375,0.0014918517879559659,0.0,0.0
unguided_bound,1,113001,114000,1000,10.194644927978516,10.053428649902344,0,8.367078026294708,8.366947163581848,8.366953906059265,0.000453125,0.000453125,0.0016542181597324088,0.0,0.0
unguided_bound,1,114001,115000,1000,10.123414039611816,10.050512313842773,0,8.36283914422989,8.36293882369995,8.36294154548645,0.000171875,0.000171875,0.0016028142715513241,0.0,0.0
unguided_bound,1,115001,116000,1000,10.112665176391602,10.070953369140625,0,8.344977563858032,8.344849051952362,8.344852763652801,7.8125e-05,7.8125e-05,0.0015539405260351486,0.0,0.0
unguided_bound,1,116001,117000,1000,10.129251480102539,10.121699333190918,0,8.329164240837097,8.329195605278015,8.329197506904602,1.5625e-05,1.5625e-05,0.0012135162761551328,0.0,0.0
unguided_bound,1,117001,118000,1000,10.127323150634766,10.033670425415039,0,8.326261563777923,8.325275201320649,8.325279598712921,0.000328125,0.000328125,0.0025583206905284896,0.0,0.0
unguided_bound,1,118001,119000,1000,10.171619415283203,10.139263153076172,0,8.323146792888641,8.322220667362213,8.322231089115142,0.000328125,0.000328125,0.0027873027428577187,0.0,0.0
unguided_bound,1,119001,120000,1000,10.123748779296875,10.0357027053833,0,8.264477686405183,8.264167938709258,8.264170152187347,0.000171875,0.000171875,0.0016884183838265017,0.0,0.0
unguided_bound,1,120001,121000,1000,10.194341659545898,10.141820907592773,0,8.274923529148102,8.274343570232391,8.274370628356934,0.00046875,0.00046875,0.0021188420173421036,0.0,0.0
unguided_bound,1,121001,122000,1000,10.290956497192383,10.001275062561035,0,8.273192117214203,8.272905453681945,8.272905493736268,3.125e-05,3.125e-05,0.0020105075791070704,0.0,0.0
unguided_bound,1,122001,123000,1000,10.1075439453125,10.023037910461426,0,8.284650364875793,8.284725591182708,8.284725974559784,4.6875e-05,4.6875e-05,0.0012358914111682679,0.0,0.0
unguided_bound,1,123001,124000,1000,10.108977317810059,10.079926490783691,0,8.302115666866303,8.302086891651154,8.302090381145478,0.000140625,0.000140625,0.0014773668410489335,0.0,0.0
unguided_bound,1,124001,125000,1000,10.155940055847168,10.02850341796875,0,8.314606064796449,8.314088914871215,8.31409319972992,0.000296875,0.000296875,0.00244744594200165,0.0,0.0
unguided_bound,1,125001,126000,1000,10.135028839111328,10.052796363830566,0,8.326620432376862,8.326515894889832,8.326531573295593,0.000875,0.000875,0.0018005004097067286,0.0,0.0
unguided_bound,1,126001,127000,1000,10.112556457519531,10.041393280029297,0,8.328906729221345,8.328934661388397,8.328938618183136,0.00034375,0.00034375,0.0010532118481642102,0.0,0.0
unguided_bound,1,127001,128000,1000,10.111989974975586,10.032095909118652,0,8.319159931659698,8.318759128570557,8.318759630203248,1.5625e-05,1.5625e-05,0.0019061227962665725,0.0,0.0
unguided_bound,1,128001,129000,1000,10.11740779876709,10.06185531616211,0,8.339487087726592,8.33941483449936,8.339418028354645,0.000171875,0.000171875,0.0010613191733282292,0.0,0.0
unguided_bound,1,129001,130000,1000,10.136017799377441,10.02617359161377,0,8.31441681098938,8.314388486385345,8.314392829418182,0.000453125,0.000453125,0.0015124931148893666,0.0,0.0
unguided_bound,1,130001,131000,1000,10.21136474609375,10.087814331054688,0,8.327358959197998,8.327258522987366,8.327278121948241,0.00059375,0.00059375,0.0013709834132168907,0.0,0.0
unguided_bound,1,131001,132000,1000,10.254754066467285,10.116214752197266,0,8.363407470703125,8.363418413639069,8.36343064069748,0.00046875,0.00046875,0.0012672054124996065,0.0,0.0
unguided_bound,1,132001,133000,1000,10.161492347717285,10.008054733276367,0,8.328632778167725,8.328677670955658,8.328677936077117,0.000140625,0.000140625,0.0008354497642285424,0.0,0.0
unguided_bound,1,133001,134000,1000,10.115181922912598,10.028094291687012,0,8.33283281326294,8.332748119354248,8.332750916481018,0.00034375,0.00034375,0.0015809346581518184,0.0,0.0
unguided_bound,1,134001,135000,1000,10.27013111114502,10.178380012512207,0,8.345916069507599,8.345897624492645,8.34591866827011,0.000609375,0.000609375,0.001197422839322826,0.0,0.0
unguided_bound,1,135001,136000,1000,10.736452102661133,10.197647094726562,0,8.337305889606476,8.33722001695633,8.337232049465179,0.000265625,0.000265625,0.0011265273884928319,0.0,0.0
unguided_bound,1,136001,137000,1000,10.213543891906738,10.100905418395996,0,8.335551893234253,8.33555572795868,8.335562312126159,0.00015625,0.00015625,0.0010300054301624186,0.0,0.0
unguided_bound,1,137001,138000,1000,10.208930969238281,10.041482925415039,0,8.30709744977951,8.307052305221557,8.307054962158203,7.8125e-05,7.8125e-05,0.0007409785331255989,0.0,0.0
unguided_bound,1,138001,139000,1000,10.337960243225098,10.122754096984863,0,8.264724037647248,8.264684948921204,8.264692790031432,0.000140625,0.000140625,0.0011693921021796996,0.0,0.0
unguided_bound,1,139001,140000,1000,10.321378707885742,10.124852180480957,0,8.276574989795686,8.276520128250121,8.276534494400025,0.00021875,0.00021875,0.0011445207156066317,0.0,0.0
unguided_bound,1,140001,141000,1000,10.241304397583008,10.193305015563965,0,8.268069416999817,8.26810847902298,8.268130095005036,0.000203125,0.000203125,0.0006913439786148956,0.0,0.0
unguided_bound,1,141001,142000,1000,10.203384399414062,10.046998023986816,0,8.28341369009018,8.283488770008088,8.283490456104278,7.8125e-05,7.8125e-05,0.0008353050257574068,0.0,0.0
unguided_bound,1,142001,143000,1000,10.142549514770508,10.025266647338867,0,8.300606524944305,8.300683400154114,8.300683794975281,1.5625e-05,1.5625e-05,0.0007552660287037724,0.0,0.0
unguided_bound,1,143001,144000,1000,10.196022033691406,10.036722183227539,0,8.317529291629791,8.317565673351288,8.317568745136262,0.000125,0.000125,0.0007854927076550666,0.0,0.0
unguided_bound,1,144001,145000,1000,10.296945571899414,10.216255187988281,0,8.34788079071045,8.347887364864349,8.347905265331269,0.0001875,0.0001875,0.0005506391443341272,0.0,0.0
unguided_bound,1,145001,146000,1000,10.159926414489746,10.073241233825684,0,8.390737444877624,8.390738924980164,8.390743520736695,0.00025,0.00025,0.00046419372545642546,0.0,0.0
unguided_bound,1,146001,147000,1000,10.097228050231934,10.023503303527832,0,8.421173886299133,8.421209727287293,8.421211197853088,0.000171875,0.000171875,0.0005663129083550302,0.0,0.0
unguided_bound,1,147001,148000,1000,10.107024192810059,10.0,0,8.428407878875733,8.428375805854797,8.428375805854797,0.0,0.0,0.0007730393589881714,0.0,0.0
unguided_bound,1,148001,149000,1000,10.06946849822998,10.0,0,8.391338564872742,8.391342546463013,8.391342546463013,0.0,0.0,0.0005472608345080517,0.0,0.0
unguided_bound,1,149001,150000,1000,10.131901741027832,10.010612487792969,0,8.387118641376496,8.387132863521575,8.387133029460907,1.5625e-05,1.5625e-05,0.0005274900956646889,0.0,0.0
unguided_bound,1,150001,151000,1000,10.097265243530273,10.0,0,8.42475290966034,8.424770520687103,8.424770520687103,0.0,0.0,0.0003959680041443789,0.0,0.0
unguided_bound,1,151001,152000,1000,10.071087837219238,10.0,0,8.435125326156616,8.43516678905487,8.43516678905487,0.0,0.0,0.0004412929540849291,0.0,0.0
unguided_bound,1,152001,153000,1000,10.0553560256958,10.018254280090332,0,8.425864633560181,8.425846800804138,8.425847372055054,3.125e-05,3.125e-05,0.0004355668958160095,0.0,0.0
unguided_bound,1,153001,154000,1000,10.076231002807617,10.0,0,8.40094070339203,8.400973188400268,8.400973188400268,0.0,0.0,0.0004379919994389638,0.0,0.0
unguided_bound,1,154001,155000,1000,10.05208969116211,10.0,0,8.389756433486939,8.389762467384339,8.389762467384339,0.0,0.0,0.0002629254141647834,0.0,0.0
unguided_bound,1,155001,156000,1000,10.064434051513672,10.00114631652832,0,8.37919710445404,8.379180024147034,8.379180041313171,1.5625e-05,1.5625e-05,0.000439506189453823,0.0,0.0
unguided_bound,1,156001,157000,1000,10.07968807220459,10.0,0,8.35160375213623,8.351617582321166,8.351617582321166,0.0,0.0,0.00029741247196216135,0.0,0.0
unguided_bound,1,157001,158000,1000,10.074738502502441,10.0,0,8.353082163810729,8.352053503990174,8.352053503990174,0.0,0.0,0.001530101021482551,0.0,0.0
unguided_bound,1,158001,159000,1000,10.148574829101562,10.013054847717285,0,8.364936247825623,8.364005427360535,8.36400603866577,4.6875e-05,4.6875e-05,0.0016012383180786856,0.0,0.0
unguided_bound,1,159001,160000,1000,10.11755657196045,10.0,0,8.36505230998993,8.364826689243317,8.364826689243317,0.0,0.0,0.0007876043576325174,0.0,0.0
unguided_bound,1,160001,161000,1000,10.05191421508789,10.0,0,8.351718348503113,8.351690021514893,8.351690021514893,0.0,0.0,0.0003787501505939872,0.0,0.0
unguided_bound,1,161001,162000,1000,10.050187110900879,10.0,0,8.352931964397431,8.352943967819213,8.352943967819213,0.0,0.0,0.0002943123997101793,0.0,0.0
unguided_bound,1,162001,163000,1000,10.078496932983398,10.0,0,8.351054688453674,8.35065427017212,8.35065427017212,0.0,0.0,0.0009776542412801065,0.0,0.0
unguided_bound,1,163001,164000,1000,10.146601676940918,10.0023832321167,0,8.359369765281677,8.358907008171082,8.358907119750977,4.6875e-05,4.6875e-05,0.0008625804115799838,0.0,0.0
unguided_bound,1,164001,165000,1000,10.073836326599121,10.0,0,8.334211463928222,8.334164446353912,8.334164446353912,0.0,0.0,0.0006312854120405973,0.0,0.0
unguided_bound,1,165001,166000,1000,10.06484317779541,10.104450225830078,0,8.342665921688079,8.342487707138062,8.3424957447052,0.00025,0.00025,0.0007653299362427788,0.0,0.0
unguided_bound,1,166001,167000,1000,10.057615280151367,10.0,0,8.365452855110169,8.365461420059203,8.365461420059203,0.0,0.0,0.0003669129428744782,0.0,0.0
unguided_bound,1,167001,168000,1000,10.054458618164062,10.0,0,8.382382254123687,8.38237722682953,8.38237722682953,0.0,0.0,0.0005292556228596368,0.0,0.0
unguided_bound,1,168001,169000,1000,10.060364723205566,10.0,0,8.38907776737213,8.388981204032898,8.388981204032898,0.0,0.0,0.0004833438863279298,0.0,0.0
unguided_bound,1,169001,170000,1000,10.056392669677734,10.0,0,8.368630586624146,8.368524459838866,8.368524459838866,0.0,0.0,0.0006486291668770718,0.0,0.0
unguided_bound,1,170001,171000,1000,10.058016777038574,10.011792182922363,0,8.379698131561279,8.37967755317688,8.379677737236022,1.5625e-05,1.5625e-05,0.00040531296202971133,0.0,0.0
unguided_bound,1,171001,172000,1000,10.07075023651123,10.0,0,8.397253894805909,8.397247987747193,8.397247987747193,0.0,0.0,0.00040199791586201174,0.0,0.0
unguided_bound,1,172001,173000,1000,10.063887596130371,10.0,0,8.407529591560364,8.407520704269409,8.407520704269409,0.0,0.0,0.00041301261766056997,0.0,0.0
unguided_bound,1,173001,174000,1000,10.048638343811035,10.0,0,8.420260481834411,8.420297075271607,8.420297075271607,0.0,0.0,0.00032931118877604606,0.0,0.0
unguided_bound,1,174001,175000,1000,10.04671859741211,10.0,0,8.417504209518432,8.417505758285522,8.417505758285522,0.0,0.0,0.00027161568610245014,0.0,0.0
unguided_bound,1,175001,176000,1000,10.089068412780762,10.0,0,8.431878665924073,8.431878334999084,8.431878334999084,0.0,0.0,0.00016528030668996508,0.0,0.0
unguided_bound,1,176001,177000,1000,10.116068840026855,10.0,0,8.418800546646118,8.417604585647583,8.417604585647583,0.0,0.0,0.0017191279568869505,0.0,0.0
unguided_bound,1,177001,178000,1000,10.136954307556152,10.030025482177734,0,8.430473022460937,8.430036942481994,8.4300415725708,0.00021875,0.00021875,0.0010511018362594768,0.0,0.0
unguided_bound,1,178001,179000,1000,10.199764251708984,10.058076858520508,0,8.417444302558899,8.41724996471405,8.417251779556274,3.125e-05,3.125e-05,0.0006302972849152866,0.0,0.0
unguided_bound,1,179001,180000,1000,10.162980079650879,10.162433624267578,0,8.402284086227416,8.402034238815308,8.40205486011505,0.000203125,0.000203125,0.0006763700430528843,0.0,0.0
unguided_bound,1,180001,181000,1000,10.210118293762207,10.154242515563965,0,8.392103094100952,8.392106463432311,8.392111284255982,3.125e-05,3.125e-05,0.00042504076279874426,0.0,0.0
unguided_bound,1,181001,182000,1000,10.074918746948242,10.0,0,8.393230461120606,8.39307421207428,8.39307421207428,0.0,0.0,0.0005896145063416043,0.0,0.0
unguided_bound,1,182001,183000,1000,10.07546329498291,10.0,0,8.349433617591858,8.349265999794007,8.349265999794007,0.0,0.0,0.002214265542792418,0.0,0.0
unguided_bound,1,183001,184000,1000,10.064888954162598,10.0,0,8.374688996315003,8.374424138069152,8.374424138069152,0.0,0.0,0.000555319424784102,0.0,0.0
unguided_bound,1,184001,185000,1000,10.118152618408203,10.0,0,8.368882616519928,8.368883071899415,8.368883071899415,0.0,0.0,0.0005067537802678999,0.0,0.0
unguided_bound,1,185001,186000,1000,10.071295738220215,10.0,0,8.3597765417099,8.359763306617737,8.359763306617737,0.0,0.0,0.0003244119646551553,0.0,0.0
unguided_bound,1,186001,187000,1000,10.053471565246582,10.0,0,8.343298533916473,8.343296957969665,8.343296957969665,0.0,0.0,0.0002479930067711393,0.0,0.0
unguided_bound,1,187001,188000,1000,10.052024841308594,10.0,0,8.357687915325165,8.357667179107667,8.357667179107667,0.0,0.0,0.00028671587169446866,0.0,0.0
unguided_bound,1,188001,189000,1000,10.046952247619629,10.0,0,8.374524809837341,8.37436787891388,8.37436787891388,0.0,0.0,0.00039060240019352934,0.0,0.0
unguided_bound,1,189001,190000,1000,10.059073448181152,10.0,0,8.36754513835907,8.366870657920838,8.366870657920838,0.0,0.0,0.0012828318404936,0.0,0.0
unguided_bound,1,190001,191000,1000,10.065837860107422,10.040189743041992,0,8.349226198196412,8.348607378482818,8.348610503673553,0.000125,0.000125,0.0013017105502585763,0.0,0.0
unguided_bound,1,191001,192000,1000,10.081645011901855,10.015844345092773,0,8.361683701992035,8.361695294857025,8.361696434497834,7.8125e-05,7.8125e-05,0.0005670519463747041,0.0,0.0
unguided_bound,1,192001,193000,1000,10.056696891784668,10.0,0,8.377061112403869,8.37653538799286,8.37653538799286,0.0,0.0,0.0009845214391280023,0.0,0.0
unguided_bound,1,193001,194000,1000,10.073098182678223,10.00329875946045,0,8.386323314666749,8.38570191860199,8.385702021598815,3.125e-05,3.125e-05,0.001088239296404936,0.0,0.0
unguided_bound,1,194001,195000,1000,10.086588859558105,10.083037376403809,0,8.41085309791565,8.410519309997559,8.410523262023926,7.8125e-05,7.8125e-05,0.0008929118762898724,0.0,0.0
unguided_bound,1,195001,196000,1000,10.066092491149902,10.0,0,8.409034255981446,8.409037456035614,8.409037456035614,0.0,0.0,0.0003772416801439249,0.0,0.0
unguided_bound,1,196001,197000,1000,10.05711555480957,10.0,0,8.391457540512086,8.391481498718262,8.391481498718262,0.0,0.0,0.000528207753355673,0.0,0.0
unguided_bound,1,197001,198000,1000,10.04373550415039,10.0,0,8.384869631767273,8.384373739242553,8.384373739242553,0.0,0.0,0.0008518837142619304,0.0,0.0
unguided_bound,1,198001,199000,1000,10.071831703186035,10.0,0,8.36486343050003,8.36420051574707,8.36420051574707,0.0,0.0,0.0012827671205886872,0.0,0.0
unguided_bound,1,199001,200000,1000,10.068074226379395,10.0,0,8.366010440826416,8.365772508144378,8.365772508144378,0.0,0.0,0.0007539129328069976,0.0,0.0
advice_raw,1,1,1000,501,13.466185569763184,10.00204086303711,0,0.15173646672503344,0.17994078614854972,0.17994078614854972,0.003555389221556886,0.0,0.03633666932003683,0.0,0.0
advice_raw,1,1001,2000,1000,12.468851089477539,10.576516151428223,0,0.6481688781278208,0.6847481229640543,0.6847481229640543,0.0071875,0.0,0.07846140298456884,0.0,0.0
advice_raw,1,2001,3000,1000,11.577857971191406,10.735221862792969,0,1.5498082885742188,1.5575012865662574,1.5575012865662574,0.000609375,0.0,0.046456449960707684,0.0,0.0
advice_raw,1,3001,4000,1000,11.137751579284668,10.339553833007812,0,2.8275035192966462,2.824082141757011,2.824082141757011,0.003625,0.0,0.030096787308808416,0.0,0.0
advice_raw,1,4001,5000,1000,11.09896469116211,10.228297233581543,0,4.212693049669266,4.2075865597724915,4.2075865597724915,0.00934375,0.0,0.02201996204070747,0.0,0.0
advice_raw,1,5001,6000,1000,10.754067420959473,10.211392402648926,0,5.514452456951141,5.506595015048981,5.506595015048981,0.0020625,0.0,0.02120150746474974,0.0,0.0
advice_raw,1,6001,7000,1000,10.777387619018555,10.108076095581055,0,6.389127585887909,6.38135255241394,6.38135255241394,0.001046875,0.0,0.018553868480492383,0.0,0.0
advice_raw,1,7001,8000,1000,10.673056602478027,10.376212120056152,0,7.172075172424316,7.162598111629486,7.162598111629486,0.0295,0.0,0.01950247271778062,0.0,0.0
advice_raw,1,8001,9000,1000,10.71258544921875,10.447211265563965,0,7.792831645011902,7.781261338233948,7.781261338233948,0.110546875,0.0,0.020019484112388453,0.0,0.0
advice_raw,1,9001,10000,1000,10.695967674255371,10.365354537963867,0,8.300333792209626,8.287884326934815,8.287884326934815,0.136328125,0.0,0.01941345123865176,0.0,0.0
advice_raw,1,10001,11000,1000,10.854252815246582,10.434999465942383,0,8.576364322662354,8.560458191871643,8.560458191871643,0.03859375,0.0,0.02262322938127909,0.0,0.0
advice_raw,1,11001,12000,1000,11.095698356628418,10.787829399108887,0,8.85375657272339,8.836882250785827,8.836882250785827,0.0175625,0.0,0.02312760680937208,0.0,0.0
advice_raw,1,12001,13000,1000,10.95481014251709,10.612156867980957,0,9.051495196342469,9.029255870819092,9.029255870819092,0.024890625,0.0,0.02965857910818886,0.0,0.0
advice_raw,1,13001,14000,1000,11.1155424118042,10.712713241577148,0,9.262209317207336,9.242289737701416,9.242289737701416,0.06275,0.0,0.027688787784427404,0.0,0.0
advice_raw,1,14001,15000,1000,11.199051856994629,10.921314239501953,0,9.340689080238342,9.319654518127441,9.319654518127441,0.087375,0.0,0.029203930243849756,0.0,0.0
advice_raw,1,15001,16000,1000,10.981793403625488,10.737997055053711,0,9.36627679347992,9.343910135269166,9.343910135269166,0.10878125,0.0,0.03188931178324856,0.0,0.0
advice_raw,1,16001,17000,1000,10.963151931762695,10.762361526489258,0,9.307176386833191,9.290373559951782,9.290373559951782,0.102625,0.0,0.028209608596516774,0.0,0.0
advice_raw,1,17001,18000,1000,12.52083969116211,12.183210372924805,0,9.391329998970031,9.382058054924011,9.382058054924011,0.123140625,0.0,0.02001848994498141,0.0,0.0
advice_raw,1,18001,19000,1000,12.547611236572266,12.395263671875,0,9.477851723670959,9.47142419719696,9.47142419719696,0.136640625,0.0,0.015816696712980048,0.0,0.0
advice_raw,1,19001,20000,1000,11.851799964904785,11.668432235717773,0,9.576941387176515,9.570694923400879,9.570694923400879,0.21478125,0.0,0.01491060928988736,0.0,0.0
advice_raw,1,20001,21000,1000,12.60909366607666,12.474263191223145,0,9.667831868171692,9.66115839099884,9.66115839099884,0.2539375,0.0,0.014495320636895485,0.0,0.0
advice_raw,1,21001,22000,1000,13.638199806213379,13.414231300354004,0,9.700053853034973,9.694904285430908,9.694904285430908,0.261203125,0.0,0.013080126341548749,0.0,0.0
advice_raw,1,22001,23000,1000,14.580645561218262,14.07798957824707,0,9.94006999206543,9.93570552444458,9.93570552444458,0.48865625,0.0,0.012657492645084858,0.0,0.0
advice_raw,1,23001,24000,1000,15.526494979858398,14.814322471618652,0,9.966042337417603,9.961574068069458,9.961574068069458,0.48215625,0.0,0.013153648795676418,0.0,0.0
advice_raw,1,24001,25000,1000,15.823619842529297,15.277937889099121,0,10.04082825088501,10.03838605594635,10.03838605594635,0.4875625,0.0,0.011256519712973386,0.0,0.0
advice_raw,1,25001,26000,1000,16.006677627563477,15.420482635498047,0,10.07919287776947,10.07648550605774,10.07648550605774,0.49509375,0.0,0.012519774649757892,0.0,0.0
advice_raw,1,26001,27000,1000,15.694681167602539,15.224577903747559,0,10.11815200138092,10.115870983123779,10.115870983123779,0.511859375,0.0,0.012386858986224979,0.0,0.0
advice_raw,1,27001,28000,1000,14.755712509155273,14.581765174865723,0,10.29808982849121,10.296436648368836,10.296436648368836,0.59809375,0.0,0.012787105161929503,0.0,0.0
advice_raw,1,28001,29000,1000,15.043635368347168,14.56591510772705,0,10.39000670337677,10.387258862495422,10.387258862495422,0.626609375,0.0,0.01314991363370791,0.0,0.0
advice_raw,1,29001,30000,1000,15.138113021850586,14.80109977722168,0,10.55093382167816,10.548209894180298,10.548209894180298,0.701125,0.0,0.012876053804066033,0.0,0.0
advice_raw,1,30001,31000,1000,15.452702522277832,15.121441841125488,0,10.7468672208786,10.743794618606568,10.743794618606568,0.75028125,0.0,0.013420210752170533,0.0,0.0
advice_raw,1,31001,32000,1000,16.178417205810547,15.710662841796875,0,10.782138419151305,10.779516187667847,10.779516187667847,0.756765625,0.0,0.01631626058067195,0.0,0.0
advice_raw,1,32001,33000,1000,16.730472564697266,16.178199768066406,0,10.83905442237854,10.835923149108886,10.835923149108886,0.74584375,0.0,0.01687249462120235,0.0,0.0
advice_raw,1,33001,34000,1000,16.25650405883789,16.120027542114258,0,11.111735997200013,11.109511199951172,11.109511199951172,0.7913125,0.0,0.016092769108945505,0.0,0.0
advice_raw,1,34001,35000,1000,16.421064376831055,16.09282875061035,0,11.506231511116027,11.502616753578186,11.502616753578186,0.897015625,0.0,0.017721135378116742,0.0,0.0
advice_raw,1,35001,36000,1000,16.5539608001709,16.18524169921875,0,11.64274427986145,11.637628233909608,11.637628233909608,0.938203125,0.0,0.018804145011119544,0.0,0.0
advice_raw,1,36001,37000,1000,17.312484741210938,17.040998458862305,0,11.739182024002075,11.73622535419464,11.73622535419464,0.970046875,0.0,0.016079353243112562,0.0,0.0
advice_raw,1,37001,38000,1000,17.227663040161133,16.953420639038086,0,11.80748978996277,11.803067487716675,11.803067487716675,0.990640625,0.0,0.019730096603278072,0.0,0.0
advice_raw,1,38001,39000,1000,17.107681274414062,16.95425033569336,0,11.89905996799469,11.898001077651978,11.898001077651978,0.991578125,0.0,0.0183214280824177,0.0,0.0
advice_raw,1,39001,40000,1000,17.06083869934082,16.764934539794922,0,11.926416944503783,11.925893752098084,11.925893752098084,0.99165625,0.0,0.017854304644279183,0.0,0.0
advice_raw,1,40001,41000,1000,16.656688690185547,16.468725204467773,0,11.682016576766967,11.680283205986022,11.680283205986022,0.990578125,0.0,0.0172521266869735,0.0,0.0
advice_raw,1,41001,42000,1000,16.775999069213867,16.367876052856445,0,11.4260326795578,11.423603687286377,11.423603687286377,0.98521875,0.0,0.016298740271944553,0.0,0.0
advice_raw,1,42001,43000,1000,17.62596321105957,16.9765567779541,0,11.41376764202118,11.412391338348389,11.412391338348389,0.986578125,0.0,0.020196189116686584,0.0,0.0
advice_raw,1,43001,44000,1000,19.372817993164062,18.33007049560547,0,11.577284888267517,11.576645639419556,11.576645639419556,0.991921875,0.0,0.024402555033098905,0.0,0.0
advice_raw,1,44001,45000,1000,20.87699317932129,20.29309844970703,0,11.754786191940308,11.756943685531617,11.756943685531617,0.99221875,0.0,0.033831547950394454,0.0,0.0
advice_raw,1,45001,46000,1000,21.714216232299805,21.037006378173828,0,11.91036301612854,11.91490446281433,11.91490446281433,0.991515625,0.0,0.04070733833499253,0.0,0.0
advice_raw,1,46001,47000,1000,22.162784576416016,21.302181243896484,0,12.02785029888153,12.032157773971557,12.032157773971557,0.991625,0.0,0.04199314989801496,0.0,0.0
advice_raw,1,47001,48000,1000,21.710674285888672,21.179519653320312,0,12.338959020614624,12.34206813621521,12.34206813621521,0.991484375,0.0,0.0450090152323246,0.0,0.0
advice_raw,1,48001,49000,1000,23.010250091552734,22.321556091308594,0,12.621505659103393,12.625207405090332,12.625207405090332,0.991796875,0.0,0.04770253071561456,0.0,0.0
advice_raw,1,49001,50000,1000,23.10028648376465,23.280790328979492,0,12.871072196006775,12.87965749168396,12.87965749168396,0.99140625,0.0,0.060278963398188355,0.0,0.0
advice_raw,1,50001,51000,1000,24.88286590576172,24.73044776916504,0,13.293944544792176,13.303376177787781,13.303376177787781,0.992609375,0.0,0.07012065153382718,0.0,0.0
advice_raw,1,51001,52000,1000,25.693708419799805,24.796062469482422,0,13.75217966747284,13.761554130554199,13.761554130554199,0.992203125,0.0,0.07757782491482794,0.0,0.0
advice_raw,1,52001,53000,1000,26.083890914916992,25.862571716308594,0,14.372742615699767,14.381532159805298,14.381532159805298,0.9920625,0.0,0.08827812231332063,0.0,0.0
advice_raw,1,53001,54000,1000,27.019996643066406,26.91373062133789,0,15.022058475494385,15.03077734184265,15.03077734184265,0.99278125,0.0,0.08300552479177713,0.0,0.0
advice_raw,1,54001,55000,1000,28.188161849975586,27.55646324157715,0,15.515708450317383,15.523235858917236,15.523235858917236,0.99284375,0.0,0.09006402670405805,0.0,0.0
advice_raw,1,55001,56000,1000,30.230669021606445,29.31427764892578,0,16.243631936073303,16.25255841255188,16.25255841255188,0.992609375,0.0,0.08991861783713102,0.0,0.0
advice_raw,1,56001,57000,1000,31.325927734375,30.84113883972168,0,17.003642245292664,17.015653840065003,17.015653840065003,0.993375,0.0,0.0882354251500219,0.0,0.0
advice_raw,1,57001,58000,1000,32.251953125,31.17144012451172,0,17.856400968551636,17.87280931854248,17.87280931854248,0.993359375,0.0,0.10350308568403124,0.0,0.0
advice_raw,1,58001,59000,1000,36.705692291259766,36.52412033081055,0,18.763611219406126,18.77873444747925,18.77873444747925,0.993734375,0.0,0.11908054447174073,0.0,0.0
advice_raw,1,59001,60000,1000,39.297462463378906,37.628395080566406,0,19.187323251724244,19.20525124549866,19.20525124549866,0.994765625,0.0,0.11931615640595555,0.0,0.0
advice_raw,1,60001,61000,1000,41.83189010620117,40.10981369018555,0,19.96260602760315,19.982337259292603,19.982337259292603,0.994734375,0.0,0.13430722599476577,0.0,0.0
advice_raw,1,61001,62000,1000,43.31420135498047,42.2182502746582,0,20.888885299682617,20.909806621551514,20.909806621551514,0.994453125,0.0,0.16714514009281992,0.0,0.0
advice_raw,1,62001,63000,1000,46.160457611083984,44.55879592895508,0,21.88777753829956,21.92274305152893,21.92274305152893,0.99509375,0.0,0.1906570536531508,0.0,0.0
advice_raw,1,63001,64000,1000,46.47675704956055,45.31139373779297,0,22.60744666481018,22.642513349533083,22.642513349533083,0.994625,0.0,0.1920252126827836,0.0,0.0
advice_raw,1,64001,65000,1000,47.98857879638672,46.661842346191406,0,23.26570728302002,23.301998134613036,23.301998134613036,0.995265625,0.0,0.20223691073060035,0.0,0.0
advice_raw,1,65001,66000,1000,48.423377990722656,46.1026725769043,0,24.4431755027771,24.481511110305785,24.481511110305785,0.995703125,0.0,0.2141229708045721,0.0,0.0
advice_raw,1,66001,67000,1000,52.448707580566406,49.80562973022461,0,25.755168432235717,25.783531398773192,25.783531398773192,0.9955,0.0,0.22646046153083443,0.0,0.0
advice_raw,1,67001,68000,1000,53.37508010864258,51.67694854736328,0,26.57703910255432,26.61836583518982,26.61836583518982,0.9961875,0.0,0.23368739097565414,0.0,0.0
advice_raw,1,68001,69000,1000,53.14680480957031,51.9928092956543,0,27.211454177856446,27.248863294601442,27.248863294601442,0.995796875,0.0,0.25225132090598346,0.0,0.0
advice_raw,1,69001,70000,1000,54.05503845214844,52.783321380615234,0,28.83101631164551,28.86293664741516,28.86293664741516,0.9960625,0.0,0.2907057772055268,0.0,0.0
advice_raw,1,70001,71000,1000,56.27813720703125,54.2996711730957,0,29.728547281265257,29.77325283432007,29.77325283432007,0.996,0.0,0.31186838989704846,0.0,0.0
advice_raw,1,71001,72000,1000,61.739444732666016,59.73555374145508,0,30.38204731941223,30.419452173233033,30.419452173233033,0.99684375,0.0,0.31130976847559216,0.0,0.0
advice_raw,1,72001,73000,1000,60.53427505493164,59.6888313293457,0,31.306702808380127,31.35091251564026,31.35091251564026,0.99746875,0.0,0.3306262537315488,0.0,0.0
advice_raw,1,73001,74000,1000,62.30367660522461,60.68714904785156,0,32.52452629852295,32.57742847442627,32.57742847442627,0.997484375,0.0,0.34458638793230056,0.0,0.0
advice_raw,1,74001,75000,1000,65.69679260253906,62.88751983642578,0,33.50946425056458,33.57741781425476,33.57741781425476,0.997125,0.0,0.40053665002435446,0.0,0.0
advice_raw,1,75001,76000,1000,66.5206298828125,64.55979919433594,0,34.29672930908203,34.36244215011597,34.36244215011597,0.99684375,0.0,0.4523849855363369,0.0,0.0
advice_raw,1,76001,77000,1000,63.90280532836914,62.746971130371094,0,35.59139635467529,35.68768431854248,35.68768431854248,0.9976875,0.0,0.5128416198939085,0.0,0.0
advice_raw,1,77001,78000,1000,65.87213897705078,62.58937072753906,0,36.60059323883057,36.67696193695068,36.67696193695068,0.99721875,0.0,0.5047197331041098,0.0,0.0
advice_raw,1,78001,79000,1000,68.09529876708984,65.02432250976562,0,38.402720790863036,38.46218076705932,38.46218076705932,0.997359375,0.0,0.479334778919816,0.0,0.0
advice_raw,1,79001,80000,1000,70.56793212890625,68.50544738769531,0,39.82002980041504,39.88451578521728,39.88451578521728,0.997421875,0.0,0.5041471440047026,0.0,0.0
advice_raw,1,80001,81000,1000,74.23383331298828,73.12208557128906,0,40.43066534042359,40.47202258682251,40.47202258682251,0.99709375,0.0,0.4905200314670801,0.0,0.0
advice_raw,1,81001,82000,1000,82.24681854248047,79.72660827636719,0,41.26856343460083,41.30775036621094,41.30775036621094,0.997015625,0.0,0.47307355569303033,0.0,0.0
advice_raw,1,82001,83000,1000,88.37620544433594,87.58260345458984,0,42.58876768875122,42.631780738830564,42.631780738830564,0.9969375,0.0,0.43229941532015803,0.0,0.0
advice_raw,1,83001,84000,1000,89.49761962890625,88.4116439819336,0,43.74600800704956,43.7966981010437,43.7966981010437,0.99665625,0.0,0.46355256548523904,0.0,0.0
advice_raw,1,84001,85000,1000,92.4316177368164,89.6860122680664,0,44.85215536499023,44.8900400390625,44.8900400390625,0.997046875,0.0,0.4300131047517061,0.0,0.0
advice_raw,1,85001,86000,1000,98.06053924560547,96.08287048339844,0,46.57524740600586,46.604946018218996,46.604946018218996,0.99725,0.0,0.4298565504252911,0.0,0.0
advice_raw,1,86001,87000,1000,102.00288391113281,99.5927505493164,0,47.8923655128479,47.932036323547365,47.932036323547365,0.997625,0.0,0.44091093266010284,0.0,0.0
advice_raw,1,87001,88000,1000,105.57838439941406,102.95035552978516,0,48.130796394348145,48.161829063415524,48.161829063415524,0.997515625,0.0,0.41055965155363083,0.0,0.0
advice_raw,1,88001,89000,1000,113.8968734741211,107.60041046142578,0,49.75995916748047,49.79152011489868,49.79152011489868,0.99715625,0.0,0.43830514837801454,0.0,0.0
advice_raw,1,89001,90000,1000,115.28898620605469,114.06953430175781,0,52.50385620498657,52.51557836532593,52.51557836532593,0.996796875,0.0,0.5045937706679106,0.0,0.0
advice_raw,1,90001,91000,1000,110.07337951660156,108.20304870605469,0,55.2815876159668,55.286305992126465,55.286305992126465,0.9976875,0.0,0.5018032786995172,0.0,0.0
advice_raw,1,91001,92000,1000,110.4071273803711,110.58411407470703,0,56.447613906860354,56.42686233901978,56.42686233901978,0.9975,0.0,0.4866817269921303,0.0,0.0
advice_raw,1,92001,93000,1000,109.72825622558594,107.11366271972656,0,58.64248123168945,58.63970273208618,58.63970273208618,0.997453125,0.0,0.5050043326169252,0.0,0.0
advice_raw,1,93001,94000,1000,110.90859985351562,109.15388488769531,0,61.67307929611206,61.663873218536374,61.663873218536374,0.99753125,0.0,0.5529748608767986,0.0,0.0
advice_raw,1,94001,95000,1000,111.88921356201172,109.7841567993164,0,63.1718735961914,63.17097848892212,63.17097848892212,0.996859375,0.0,0.5900533526241779,0.0,0.0
advice_raw,1,95001,96000,1000,113.26366424560547,110.88861083984375,0,65.52232666015625,65.50566644287109,65.50566644287109,0.99709375,0.0,0.6184807450473309,0.0,0.0
advice_raw,1,96001,97000,1000,109.4005126953125,107.41363525390625,0,66.39799096679687,66.39254188919067,66.39254188919067,0.996578125,0.0,0.5466195644438266,0.0,0.0
advice_raw,1,97001,98000,1000,103.43736267089844,102.50532531738281,0,67.77695734024047,67.74757368469238,67.74757368469238,0.996375,0.0,0.5159398363977671,0.0,0.0
advice_raw,1,98001,99000,1000,99.28609466552734,99.35907745361328,0,68.6383039855957,68.63346514129638,68.63346514129638,0.99628125,0.0,0.4906520645469427,0.0,0.0
advice_raw,1,99001,100000,1000,96.9388427734375,95.53697967529297,0,68.60875816345215,68.62211975097657,68.62211975097657,0.997015625,0.0,0.44618361693620684,0.0,0.0
advice_raw,1,100001,101000,1000,92.85871887207031,92.51284790039062,0,68.86179975891113,68.87483034515381,68.87483034515381,0.996921875,0.0,0.43538311806321145,0.0,0.0
advice_raw,1,101001,102000,1000,90.7083740234375,89.77392578125,0,69.01323933410644,69.00013558197021,69.00013558197021,0.9973125,0.0,0.4145581057518721,0.0,0.0
advice_raw,1,102001,103000,1000,88.61763763427734,86.846435546875,0,67.71396299743652,67.69850616455078,67.69850616455078,0.997078125,0.0,0.40945738089084627,0.0,0.0
advice_raw,1,103001,104000,1000,85.31517791748047,83.58744049072266,0,68.21415390014648,68.1920503616333,68.1920503616333,0.9960625,0.0,0.4047670146822929,0.0,0.0
advice_raw,1,104001,105000,1000,84.39777374267578,83.58274841308594,0,67.93140162277221,67.90963471984864,67.90963471984864,0.996125,0.0,0.3640484934747219,0.0,0.0
advice_raw,1,105001,106000,1000,83.26127624511719,81.84781646728516,0,67.05742455291748,67.01813319015503,67.01813319015503,0.996203125,0.0,0.32647321168333293,0.0,0.0
advice_raw,1,106001,107000,1000,82.94549560546875,81.19615936279297,0,66.60220561218262,66.56563709259034,66.56563709259034,0.996671875,0.0,0.3138103317022324,0.0,0.0
advice_raw,1,107001,108000,1000,80.79136657714844,79.72427368164062,0,66.29121086883545,66.26840835189819,66.26840835189819,0.996546875,0.0,0.2925652398094535,0.0,0.0
advice_raw,1,108001,109000,1000,79.92212677001953,79.6725845336914,0,65.79475183486939,65.75921910095215,65.75921910095215,0.996015625,0.0,0.3012972627133131,0.0,0.0
advice_raw,1,109001,110000,1000,79.47132110595703,78.32923126220703,0,64.70372771072388,64.66943454742432,64.66943454742432,0.996125,0.0,0.2607239350602031,0.0,0.0
advice_raw,1,110001,111000,1000,80.75102996826172,79.90730285644531,0,64.1153836364746,64.08539645767212,64.08539645767212,0.99634375,0.0,0.2794338301718235,0.0,0.0
advice_raw,1,111001,112000,1000,77.74933624267578,75.79485321044922,0,63.17773673629761,63.16575281143189,63.16575281143189,0.996671875,0.0,0.2454898899272084,0.0,0.0
advice_raw,1,112001,113000,1000,73.65804290771484,72.93344116210938,0,61.26120041275024,61.2537197341919,61.2537197341919,0.996890625,0.0,0.17876059666648508,0.0,0.0
advice_raw,1,113001,114000,1000,72.49920654296875,72.19324493408203,0,60.16759144973755,60.15380349349976,60.15380349349976,0.997703125,0.0,0.16276525393500924,0.0,0.0
advice_raw,1,114001,115000,1000,70.87187957763672,69.87171173095703,0,59.28749850082397,59.28447480392456,59.28447480392456,0.997953125,0.0,0.1334583687633276,0.0,0.0
advice_raw,1,115001,116000,1000,70.37223815917969,68.91761016845703,0,58.766522869110105,58.756269763946534,58.756269763946534,0.998296875,0.0,0.10997776796109975,0.0,0.0
advice_raw,1,116001,117000,1000,68.3974609375,67.60438537597656,0,57.396446517944334,57.389050029754635,57.389050029754635,0.998390625,0.0,0.11398303563520312,0.0,0.0
advice_raw,1,117001,118000,1000,68.32459259033203,67.61333465576172,0,56.7567101020813,56.7385564956665,56.7385564956665,0.99825,0.0,0.13533723947405815,0.0,0.0
advice_raw,1,118001,119000,1000,64.4668197631836,63.96769332885742,0,55.17418369674682,55.157105960845946,55.157105960845946,0.9979375,0.0,0.12072337239794433,0.0,0.0
advice_raw,1,119001,120000,1000,62.914581298828125,61.99589157104492,0,53.74920057296753,53.735599250793456,53.735599250793456,0.997328125,0.0,0.1350811896510422,0.0,0.0
advice_raw,1,120001,121000,1000,61.28217315673828,60.23967742919922,0,52.39142794036865,52.37586535644531,52.37586535644531,0.9975625,0.0,0.11003675366565585,0.0,0.0
advice_raw,1,121001,122000,1000,57.816280364990234,58.020206451416016,0,50.94400496292114,50.92742586135864,50.92742586135864,0.9970625,0.0,0.08941725743748248,0.0,0.0
advice_raw,1,122001,123000,1000,56.435306549072266,55.80207443237305,0,50.21521948623657,50.19098416137695,50.19098416137695,0.996671875,0.0,0.09476407806761562,0.0,0.0
advice_raw,1,123001,124000,1000,56.32334518432617,55.42327117919922,0,48.66032822036743,48.64618719863891,48.64618719863891,0.99790625,0.0,0.07227136914990842,0.0,0.0
advice_raw,1,124001,125000,1000,55.37116622924805,54.232906341552734,0,47.360067295074465,47.35164324569702,47.35164324569702,0.997984375,0.0,0.06353935082722455,0.0,0.0
advice_raw,1,125001,126000,1000,53.82408142089844,53.53022384643555,0,46.01094111633301,45.988356636047364,45.988356636047364,0.99715625,0.0,0.07752854711562394,0.0,0.0
advice_raw,1,126001,127000,1000,52.964847564697266,52.3941535949707,0,44.32012575531006,44.30646113204956,44.30646113204956,0.997515625,0.0,0.06488074828870595,0.0,0.0
advice_raw,1,127001,128000,1000,53.98394012451172,53.5357666015625,0,42.894556190490725,42.88652410125732,42.88652410125732,0.99709375,0.0,0.06574330397602171,0.0,0.0
advice_raw,1,128001,129000,1000,49.39784240722656,49.316959381103516,0,41.80403308486938,41.79701591491699,41.79701591491699,0.997484375,0.0,0.06325158968474716,0.0,0.0
advice_raw,1,129001,130000,1000,46.19072723388672,45.82838439941406,0,40.436848537445066,40.43924516677856,40.43924516677856,0.997890625,0.0,0.04349152100738138,0.0,0.0
advice_raw,1,130001,131000,1000,45.841819763183594,45.43320083618164,0,39.372618839263914,39.36707444000244,39.36707444000244,0.997984375,0.0,0.04054255178105086,0.0,0.0
advice_raw,1,131001,132000,1000,44.30361557006836,44.383670806884766,0,38.13025588607788,38.12636328125,38.12636328125,0.998140625,0.0,0.03882982776127756,0.0,0.0
advice_raw,1,132001,133000,1000,43.107425689697266,42.50935363769531,0,37.03637670135498,37.03219326400757,37.03219326400757,0.99784375,0.0,0.03536074262764305,0.0,0.0
advice_raw,1,133001,134000,1000,42.033206939697266,42.08012008666992,0,35.91338040924072,35.90431187438965,35.90431187438965,0.9973125,0.0,0.04850410029944032,0.0,0.0
advice_raw,1,134001,135000,1000,40.0194091796875,39.91588592529297,0,34.52066357803345,34.5107300453186,34.5107300453186,0.997015625,0.0,0.04433084985706955,0.0,0.0
advice_raw,1,135001,136000,1000,38.32041549682617,38.218109130859375,0,33.47009125328064,33.46412039756775,33.46412039756775,0.99646875,0.0,0.04307549724262208,0.0,0.0
advice_raw,1,136001,137000,1000,36.85380554199219,36.79410171508789,0,32.52755163192749,32.523954542160034,32.523954542160034,0.996765625,0.0,0.03184873432759196,0.0,0.0
advice_raw,1,137001,138000,1000,35.957027435302734,35.53903579711914,0,31.58989796638489,31.58338956451416,31.58338956451416,0.996296875,0.0,0.02833321589184925,0.0,0.0
advice_raw,1,138001,139000,1000,34.997379302978516,34.25247573852539,0,30.51199432373047,30.50680944442749,30.50680944442749,0.997078125,0.0,0.024052029020152986,0.0,0.0
advice_raw,1,139001,140000,1000,32.818641662597656,32.61702346801758,0,29.457138124465942,29.453923490524293,29.453923490524293,0.996765625,0.0,0.023255266054533423,0.0,0.0
advice_raw,1,140001,141000,1000,31.893224716186523,31.63760757446289,0,28.530684757232667,28.52730307006836,28.52730307006836,0.99703125,0.0,0.019086971456650646,0.0,0.0
advice_raw,1,141001,142000,1000,31.364151000976562,30.78335952758789,0,27.599692743301393,27.59351106452942,27.59351106452942,0.996515625,0.0,0.023283776922617107,0.0,0.0
advice_raw,1,142001,143000,1000,30.389299392700195,29.749696731567383,0,26.830233055114746,26.82645778274536,26.82645778274536,0.99671875,0.0,0.019252804532647133,0.0,0.0
advice_raw,1,143001,144000,1000,30.465869903564453,29.99799346923828,0,25.961749486923217,25.952424314498902,25.952424314498902,0.9965,0.0,0.024487441690173,0.0,0.0
advice_raw,1,144001,145000,1000,28.639469146728516,28.33272933959961,0,25.256632022857666,25.248906791687013,25.248906791687013,0.99696875,0.0,0.020149183393456043,0.0,0.0
advice_raw,1,145001,146000,1000,27.44803237915039,27.466087341308594,0,24.46828787612915,24.459580486297607,24.459580486297607,0.99690625,0.0,0.02004556660633534,0.0,0.0
advice_raw,1,146001,147000,1000,26.21185874938965,26.24209976196289,0,23.579845163345336,23.571659217834473,23.571659217834473,0.997453125,0.0,0.017458261628402395,0.0,0.0
advice_raw,1,147001,148000,1000,25.470184326171875,25.032962799072266,0,22.76914319038391,22.764312656402588,22.764312656402588,0.99778125,0.0,0.014512451972463168,0.0,0.0
advice_raw,1,148001,149000,1000,24.54267120361328,24.5168399810791,0,21.94336417388916,21.941807664871217,21.941807664871217,0.99759375,0.0,0.01135280628921464,0.0,0.0
advice_raw,1,149001,150000,1000,23.70166015625,23.62251853942871,0,21.11478730392456,21.113126846313477,21.113126846313477,0.9975625,0.0,0.010220853594131768,0.0,0.0
advice_raw,1,150001,151000,1000,23.097375869750977,23.360519409179688,0,20.425671310424804,20.422724229812623,20.422724229812623,0.997984375,0.0,0.009659463295945898,0.0,0.0
advice_raw,1,151001,152000,1000,21.47307586669922,21.21308135986328,0,19.6855774936676,19.682853834152223,19.682853834152223,0.9974375,0.0,0.009290311549091712,0.0,0.0
advice_raw,1,152001,153000,1000,20.810626983642578,20.459556579589844,0,18.814235357284545,18.810408016204835,18.810408016204835,0.997890625,0.0,0.009549008200876414,0.0,0.0
advice_raw,1,153001,154000,1000,19.60748863220215,19.60234260559082,0,18.03107629776001,18.02772632598877,18.02772632598877,0.99809375,0.0,0.008284822545014323,0.0,0.0
advice_raw,1,154001,155000,1000,19.16691780090332,19.074512481689453,0,17.34720033454895,17.345378337860108,17.345378337860108,0.998484375,0.0,0.006780029553337954,0.0,0.0
advice_raw,1,155001,156000,1000,18.593170166015625,18.45734214782715,0,16.632007429122925,16.630009789466857,16.630009789466857,0.998328125,0.0,0.006365522205771413,0.0,0.0
advice_raw,1,156001,157000,1000,17.754207611083984,17.517559051513672,0,16.015291850090026,16.01404713630676,16.01404713630676,0.998265625,0.0,0.006243483615049627,0.0,0.0
advice_raw,1,157001,158000,1000,17.131351470947266,17.1610107421875,0,15.38092867565155,15.380338563919068,15.380338563919068,0.9983125,0.0,0.0049243689545546655,0.0,0.0
advice_raw,1,158001,159000,1000,17.337064743041992,17.01347541809082,0,14.821820249557495,14.82197837638855,14.82197837638855,0.998546875,0.0,0.004026791604410392,0.0,0.0
advice_raw,1,159001,160000,1000,15.978403091430664,15.965188026428223,0,14.269330480575562,14.269279300689698,14.269279300689698,0.998703125,0.0,0.003329543085041223,0.0,0.0
advice_raw,1,160001,161000,1000,15.564220428466797,15.548465728759766,0,13.770822326660156,13.770398689270019,13.770398689270019,0.998703125,0.0,0.0029013532032549846,0.0,0.0
advice_raw,1,161001,162000,1000,14.959992408752441,14.878334045410156,0,13.359002459526062,13.359007294654846,13.359007294654846,0.998984375,0.0,0.0029120030800113455,0.0,0.0
advice_raw,1,162001,163000,1000,14.549503326416016,14.477879524230957,0,12.93997451019287,12.939822214126586,12.939822214126586,0.9985625,0.0,0.0024006945669534617,0.0,0.0
advice_raw,1,163001,164000,1000,14.236459732055664,14.053350448608398,0,12.505437721252441,12.50536509513855,12.50536509513855,0.99875,0.0,0.001990193535195431,0.0,0.0
advice_raw,1,164001,165000,1000,13.559883117675781,13.445679664611816,0,12.049594944000244,12.049607488632201,12.049607488632201,0.99890625,0.0,0.0017414379901019856,0.0,0.0
advice_raw,1,165001,166000,1000,13.252193450927734,13.111486434936523,0,11.686205340385436,11.686113951683044,11.686113951683044,0.998859375,0.0,0.0016358406618237496,0.0,0.0
advice_raw,1,166001,167000,1000,12.970046043395996,12.871079444885254,0,11.306973471641541,11.306847874641418,11.306847874641418,0.998984375,0.0,0.0014705097282130737,0.0,0.0
advice_raw,1,167001,168000,1000,12.348081588745117,12.475142478942871,0,10.859057853698731,10.859034319877624,10.859034319877624,0.99896875,0.0,0.0012500914031406865,0.0,0.0
advice_raw,1,168001,169000,1000,12.012717247009277,11.845640182495117,0,10.448182898521424,10.447271063804626,10.447271063804626,0.841265625,0.0,0.0019724958974111357,0.0,0.0
advice_raw,1,169001,170000,1000,11.595959663391113,11.675352096557617,0,10.064970705032348,10.064012531280518,10.064012531280518,0.41503125,0.0,0.0022717506651533767,0.0,0.0
advice_raw,1,170001,171000,1000,11.33566665649414,11.286820411682129,0,9.748482405662537,9.747867133140565,9.747867133140565,0.304984375,0.0,0.002703274399449583,0.0,0.0
advice_raw,1,171001,172000,1000,12.077803611755371,11.064191818237305,0,9.493013486862182,9.492680262565612,9.492680262565612,0.214,0.0,0.0033416473779943772,0.0,0.0
advice_raw,1,172001,173000,1000,11.2157564163208,10.839605331420898,0,9.325518733024596,9.325328625679017,9.325328625679017,0.12,0.0,0.002786817432148382,0.0,0.0
advice_raw,1,173001,174000,1000,10.820718765258789,10.390761375427246,0,9.31596925830841,9.315949511528014,9.315949511528014,0.01821875,0.0,0.0026588861261843703,0.0,0.0
advice_raw,1,174001,175000,1000,10.750432968139648,10.27645206451416,0,9.275858769416809,9.275879495620728,9.275879495620728,0.024609375,0.0,0.002354093377420213,0.0,0.0
advice_raw,1,175001,176000,1000,10.599716186523438,10.40865421295166,0,9.221946930885315,9.221922558784485,9.221922558784485,0.0316875,0.0,0.0025619472621474415,0.0,0.0
advice_raw,1,176001,177000,1000,10.413102149963379,10.311481475830078,0,9.11188226890564,9.1117375831604,9.1117375831604,0.0173125,0.0,0.002721667840029113,0.0,0.0
advice_raw,1,177001,178000,1000,10.322154998779297,10.154457092285156,0,8.981286447525024,8.98122012233734,8.98122012233734,0.002453125,0.0,0.0024451011138153264,0.0,0.0
advice_raw,1,178001,179000,1000,10.234243392944336,10.165013313293457,0,8.800116098403931,8.799838960647582,8.799838960647582,0.002859375,0.0,0.0026084843247081153,0.0,0.0
advice_raw,1,179001,180000,1000,10.19594669342041,10.131298065185547,0,8.631457390785217,8.629997950553895,8.629997950553895,0.001390625,0.0,0.00369143434840953,0.0,0.0
advice_raw,1,180001,181000,1000,10.172207832336426,10.085472106933594,0,8.535375674247742,8.534206589698792,8.534206589698792,0.001171875,0.0,0.004368053772661369,0.0,0.0
advice_raw,1,181001,182000,1000,10.213973045349121,10.154743194580078,0,8.440578463554383,8.439480529785156,8.439480529785156,0.000125,0.0,0.003896613094606437,0.0,0.0
advice_raw,1,182001,183000,1000,10.232307434082031,10.183199882507324,0,8.410745548248292,8.409976913928986,8.409976913928986,0.000828125,0.0,0.003579596403462347,0.0,0.0
advice_raw,1,183001,184000,1000,10.272468566894531,10.16830825805664,0,8.431933066368103,8.431575677871704,8.431575677871704,0.001421875,0.0,0.0035380874813417903,0.0,0.0
advice_raw,1,184001,185000,1000,10.180574417114258,10.078502655029297,0,8.388686263084411,8.388073053359985,8.388073053359985,0.000984375,0.0,0.0036844598030438647,0.0,0.0
advice_raw,1,185001,186000,1000,10.19952392578125,10.08132266998291,0,8.307141242980958,8.305765334606171,8.305765334606171,0.0005625,0.0,0.004798089996096678,0.0,0.0
advice_raw,1,186001,187000,1000,10.17202091217041,10.091409683227539,0,8.287843811511994,8.287449511528015,8.287449511528015,0.001296875,0.0,0.0036331412185681986,0.0,0.0
advice_raw,1,187001,188000,1000,10.201178550720215,10.107104301452637,0,8.270943787574769,8.270447447776794,8.270447447776794,0.000328125,0.0,0.0033156899493187665,0.0,0.0
advice_raw,1,188001,189000,1000,10.143980026245117,10.06489372253418,0,8.274001110076904,8.274064753532409,8.274064753532409,0.000734375,0.0,0.002764699590683449,0.0,0.0
advice_raw,1,189001,190000,1000,10.135856628417969,10.170988082885742,0,8.35319143486023,8.353185560703277,8.353185560703277,0.001015625,0.0,0.0027277102869702505,0.0,0.0
advice_raw,1,190001,191000,1000,10.32329273223877,10.172771453857422,0,8.427981341361999,8.428056300163268,8.428056300163268,0.002328125,0.0,0.0021602184023358857,0.0,0.0
advice_raw,1,191001,192000,1000,10.438066482543945,10.13010025024414,0,8.479043332099915,8.478859378814697,8.478859378814697,0.00196875,0.0,0.002461960999353323,0.0,0.0
advice_raw,1,192001,193000,1000,10.184807777404785,10.040377616882324,0,8.471458461761475,8.471544079780578,8.471544079780578,0.00015625,0.0,0.0018701312441844493,0.0,0.0
advice_raw,1,193001,194000,1000,10.124804496765137,10.079617500305176,0,8.525763262748718,8.525759307861328,8.525759307861328,0.000703125,0.0,0.0016437329027976376,0.0,0.0
advice_raw,1,194001,195000,1000,10.137482643127441,10.019475936889648,0,8.544934560775756,8.544995343208313,8.544995343208313,0.000234375,0.0,0.0013227573662588838,0.0,0.0
advice_raw,1,195001,196000,1000,10.199447631835938,10.056798934936523,0,8.522317554473878,8.522218728065491,8.522218728065491,6.25e-05,0.0,0.0012742357887327671,0.0,0.0
advice_raw,1,196001,197000,1000,10.142632484436035,10.057902336120605,0,8.481495310783385,8.481072666168213,8.481072666168213,0.00021875,0.0,0.002332676932477625,0.0,0.0
advice_raw,1,197001,198000,1000,10.10007095336914,10.044078826904297,0,8.456123849868774,8.455314779281617,8.455314779281617,0.00046875,0.0,0.002477679946401622,0.0,0.0
advice_raw,1,198001,199000,1000,10.190582275390625,10.054821014404297,0,8.406191975593567,8.406224469184876,8.406224469184876,0.000328125,0.0,0.00143175095753395,0.0,0.0
advice_raw,1,199001,200000,1000,10.109650611877441,10.035622596740723,0,8.39771805858612,8.397002798080445,8.397002798080445,0.00096875,0.0,0.0023976395823119673,0.0,0.0
advice_bound,1,1,1000,501,13.466185569763184,10.00204086303711,0,0.15188952228226354,0.1800401977373997,0.1800474540377872,0.003555389221556886,0.003555389221556886,0.036327453004817864,0.0,0.0
advice_bound,1,1001,2000,1000,12.386160850524902,10.129342079162598,0,0.6281572565352544,0.6558866788335145,0.6562021030522883,0.003484375,0.003484375,0.05656219757918734,0.0,0.0
advice_bound,1,2001,3000,1000,11.891023635864258,11.079407691955566,0,1.619826200991869,1.640420663833618,1.644925426721573,0.01559375,0.01559375,0.06605242392607033,0.0,0.0
advice_bound,1,3001,4000,1000,12.783288955688477,11.094663619995117,0,2.9369371255636216,2.947148387551308,2.954645481467247,0.037578125,0.037578125,0.062151130020618436,0.0,0.0
advice_bound,1,4001,5000,1000,11.152544021606445,10.473743438720703,0,4.247775174617767,4.250448915243148,4.253105781078339,0.02525,0.02525,0.06142241027532146,0.0,0.0
advice_bound,1,5001,6000,1000,11.010071754455566,10.399630546569824,0,5.17449079990387,5.161411854743958,5.161924533843994,0.003390625,0.003390625,0.03478701310954057,0.0,0.0
advice_bound,1,6001,7000,1000,11.039494514465332,10.300600051879883,0,5.9635716848373415,5.949775228500366,5.950241288661957,0.003921875,0.003921875,0.03407530081830919,0.0,0.0
advice_bound,1,7001,8000,1000,11.03147029876709,10.7835054397583,0,6.832485404014587,6.818316721916199,6.820749980449676,0.01671875,0.01671875,0.03367999691190198,0.0,0.0
advice_bound,1,8001,9000,1000,11.131204605102539,10.68248176574707,0,7.611522838115692,7.599135669708252,7.604040068626404,0.053984375,0.053984375,0.027926162032876164,0.0,0.0
advice_bound,1,9001,10000,1000,11.180266380310059,10.947065353393555,0,8.031479770183564,8.017007876873016,8.019730847358703,0.023046875,0.023046875,0.027844114462612198,0.0,0.0
advice_bound,1,10001,11000,1000,10.945235252380371,10.749898910522461,0,8.609677709579469,8.595998909473419,8.598728783607482,0.028609375,0.028609375,0.027314477713312954,0.0,0.0
advice_bound,1,11001,12000,1000,11.156949043273926,11.03482723236084,0,8.941688965797423,8.92720779800415,8.929245420455933,0.023109375,0.023109375,0.028982326921774073,0.0,0.0
advice_bound,1,12001,13000,1000,11.889710426330566,11.488661766052246,0,9.280949121475219,9.269736388206482,9.272992526054383,0.037640625,0.037640625,0.02627988318912685,0.0,0.0
advice_bound,1,13001,14000,1000,12.36208724975586,11.996635437011719,0,9.470756156921386,9.460374667167663,9.46817174243927,0.054796875,0.054796875,0.023570504296338186,0.0,0.0
advice_bound,1,14001,15000,1000,12.474440574645996,12.332192420959473,0,9.490850745201111,9.482613073348999,9.489472282409668,0.046671875,0.046671875,0.019597324192291127,0.0,0.0
advice_bound,1,15001,16000,1000,12.453579902648926,12.34548282623291,0,9.561493485450745,9.556201853752135,9.563251706123353,0.055859375,0.055859375,0.015529626582632773,0.0,0.0
advice_bound,1,16001,17000,1000,12.540922164916992,12.570131301879883,0,9.616705483436585,9.6114546957016,9.619001152038575,0.05796875,0.05796875,0.015340760987019166,0.0,0.0
advice_bound,1,17001,18000,1000,12.211119651794434,12.224297523498535,0,9.658287454605103,9.652724382400512,9.659061421394348,0.045671875,0.045671875,0.013809126920881681,0.0,0.0
advice_bound,1,18001,19000,1000,12.275307655334473,12.200713157653809,0,9.493691409111022,9.487902025222779,9.491034124374389,0.013953125,0.013953125,0.014127642758307047,0.0,0.0
advice_bound,1,19001,20000,1000,11.695391654968262,11.790525436401367,0,9.316498846054078,9.312656408309936,9.314999132156371,0.008171875,0.008171875,0.011834870463819243,0.0,0.0
advice_bound,1,20001,21000,1000,12.301733016967773,11.86423397064209,0,9.241959242820739,9.239587600708008,9.242929842948914,0.012953125,0.012953125,0.010239768279367126,0.0,0.0
advice_bound,1,21001,22000,1000,11.858291625976562,11.877506256103516,0,9.20335033416748,9.201278484344483,9.203811001777648,0.00871875,0.00871875,0.009712674318463541,0.0,0.0
advice_bound,1,22001,23000,1000,12.33852767944336,12.430314064025879,0,9.139770508766174,9.136515334129333,9.138941508293152,0.00815625,0.00815625,0.01061922885198146,0.0,0.0
advice_bound,1,23001,24000,1000,12.266863822937012,12.037162780761719,0,9.150262391090394,9.145677694320678,9.149101309776306,0.020796875,0.020796875,0.011350126912118867,0.0,0.0
advice_bound,1,24001,25000,1000,11.41910171508789,11.377546310424805,0,9.12712053489685,9.123367009162903,9.125698350906372,0.015625,0.015625,0.010757089211139829,0.0,0.0
advice_bound,1,25001,26000,1000,11.170607566833496,10.977744102478027,0,9.054862392425537,9.049736912727356,9.050882898330688,0.0059375,0.0059375,0.011151036908035166,0.0,0.0
advice_bound,1,26001,27000,1000,11.506087303161621,11.526532173156738,0,9.08815786743164,9.085437829971314,9.087328607559204,0.014375,0.014375,0.009463992926408536,0.0,0.0
advice_bound,1,27001,28000,1000,11.224064826965332,10.832478523254395,0,9.225864652633668,9.225042398452759,9.226993219375611,0.0176875,0.0176875,0.0077291930847568436,0.0,0.0
advice_bound,1,28001,29000,1000,10.888579368591309,10.796520233154297,0,9.202037877082825,9.200950735092164,9.202036846160889,0.0086875,0.0086875,0.007079637845163233,0.0,0.0
advice_bound,1,29001,30000,1000,10.884969711303711,10.777143478393555,0,9.14116677761078,9.139686256408691,9.14014600086212,0.003859375,0.003859375,0.007572119850898161,0.0,0.0
advice_bound,1,30001,31000,1000,11.054845809936523,10.693493843078613,0,9.0831153755188,9.08038136291504,9.080892060279846,0.003359375,0.003359375,0.008534510943689384,0.0,0.0
advice_bound,1,31001,32000,1000,11.18197250366211,11.044715881347656,0,8.99127086353302,8.989343150138854,8.989644563674927,0.002203125,0.002203125,0.007605950513039716,0.0,0.0
advice_bound,1,32001,33000,1000,10.728971481323242,10.55154800415039,0,8.96987607574463,8.96922532081604,8.96944264125824,0.002328125,0.002328125,0.006034445447963662,0.0,0.0
advice_bound,1,33001,34000,1000,10.633028030395508,10.611778259277344,0,8.974851340293885,8.974276865005493,8.97467530632019,0.0054375,0.0054375,0.00573059821978677,0.0,0.0
advice_bound,1,34001,35000,1000,10.856827735900879,10.937288284301758,0,9.028423928260803,9.026837740898133,9.027308257102966,0.004015625,0.004015625,0.008936966856126674,0.0,0.0
advice_bound,1,35001,36000,1000,10.908844947814941,10.59254264831543,0,8.926193081855773,8.926240704536438,8.926479935646057,0.002203125,0.002203125,0.00597599196631927,0.0,0.0
advice_bound,1,36001,37000,1000,10.679764747619629,10.563611030578613,0,8.817145936965943,8.817545008659362,8.817709776878356,0.00215625,0.00215625,0.005679880634997972,0.0,0.0
advice_bound,1,37001,38000,1000,10.821511268615723,10.648180961608887,0,8.899656693458557,8.899894349098206,8.90028136920929,0.006921875,0.006921875,0.005568160403403454,0.0,0.0
advice_bound,1,38001,39000,1000,10.558074951171875,10.4420804977417,0,8.867512230873109,8.866876108169556,8.867082615852356,0.0020625,0.0020625,0.006233193167485297,0.0,0.0
advice_bound,1,39001,40000,1000,10.653008460998535,10.32750415802002,0,8.791775688171386,8.790975299835205,8.791056873321534,0.001125,0.001125,0.0067774399108020585,0.0,0.0
advice_bound,1,40001,41000,1000,10.521797180175781,10.359580993652344,0,8.769984313964844,8.769966550827027,8.770094760894775,0.002140625,0.002140625,0.00724539118737448,0.0,0.0
advice_bound,1,41001,42000,1000,10.501167297363281,10.35630989074707,0,8.769697664260864,8.769433861732482,8.769510865211487,0.00125,0.00125,0.005616733093978837,0.0,0.0
advice_bound,1,42001,43000,1000,10.471800804138184,10.225367546081543,0,8.638282478332519,8.63819213104248,8.6382385969162,0.00034375,0.00034375,0.004844780384912156,0.0,0.0
advice_bound,1,43001,44000,1000,10.420042037963867,10.253174781799316,0,8.618930976867675,8.61903307723999,8.619077282905579,0.000953125,0.000953125,0.005203554919338785,0.0,0.0
advice_bound,1,44001,45000,1000,10.481941223144531,10.32597827911377,0,8.644880761146545,8.643823887825013,8.64388050365448,0.001734375,0.001734375,0.00578675074793864,0.0,0.0
advice_bound,1,45001,46000,1000,10.587194442749023,10.187126159667969,0,8.615538615226745,8.614250617027283,8.614276448249816,0.000515625,0.000515625,0.005540733643167186,0.0,0.0
advice_bound,1,46001,47000,1000,10.371766090393066,10.162737846374512,0,8.63277480506897,8.632360515594483,8.632459444999695,0.002875,0.002875,0.003979325529537164,0.0,0.0
advice_bound,1,47001,48000,1000,10.307459831237793,10.138486862182617,0,8.609506905555724,8.609168878555298,8.609201557159423,0.000703125,0.000703125,0.004351110456045717,0.0,0.0
advice_bound,1,48001,49000,1000,10.34460163116455,10.153861999511719,0,8.520774652481078,8.520338315963745,8.520362397193908,0.00053125,0.00053125,0.0037699813612271102,0.0,0.0
advice_bound,1,49001,50000,1000,11.02649211883545,10.190404891967773,0,8.51895643901825,8.51876455593109,8.518798500061035,0.000609375,0.000609375,0.0054322639029705895,0.0,0.0
advice_bound,1,50001,51000,1000,10.642781257629395,10.570076942443848,0,8.552862959861756,8.552832352638244,8.553056875228881,0.007609375,0.007609375,0.0038802511526155286,0.0,0.0
advice_bound,1,51001,52000,1000,10.449703216552734,10.381576538085938,0,8.56393241071701,8.563631449699402,8.563814393997193,0.001859375,0.001859375,0.004182929552800488,0.0,0.0
advice_bound,1,52001,53000,1000,10.387181282043457,10.263846397399902,0,8.543099089622498,8.5430732960701,8.543141916751862,0.000953125,0.000953125,0.004070988362946082,0.0,0.0
advice_bound,1,53001,54000,1000,10.436413764953613,10.167874336242676,0,8.49572745513916,8.495943067550659,8.495970449447633,0.00040625,0.00040625,0.003923565266246442,0.0,0.0
advice_bound,1,54001,55000,1000,10.153907775878906,10.115339279174805,0,8.471713655948639,8.47109256696701,8.471108740329742,0.000609375,0.000609375,0.0043568640946177765,0.0,0.0
advice_bound,1,55001,56000,1000,10.405243873596191,10.132811546325684,0,8.385154457092286,8.383595680236816,8.383613080978394,0.000390625,0.000390625,0.00471906913886778,0.0,0.0
advice_bound,1,56001,57000,1000,10.206042289733887,10.049431800842285,0,8.350181154727936,8.350002144813537,8.350023678779602,0.00115625,0.00115625,0.0033062781707267276,0.0,0.0
advice_bound,1,57001,58000,1000,10.336249351501465,10.011117935180664,0,8.299529804229737,8.299451150417328,8.299451498508454,3.125e-05,3.125e-05,0.0027199310240685007,0.0,0.0
advice_bound,1,58001,59000,1000,10.20982551574707,10.06657886505127,0,8.317338282585144,8.317136872768403,8.317143720149994,0.00025,0.00025,0.0038322033442091197,0.0,0.0
advice_bound,1,59001,60000,1000,10.438796043395996,10.161433219909668,0,8.318424374580383,8.316815459728241,8.31686520910263,0.001234375,0.001234375,0.006906156774435658,0.0,0.0
advice_bound,1,60001,61000,1000,10.272088050842285,10.088136672973633,0,8.36015512561798,8.358048075675965,8.358073496818543,0.0009375,0.0009375,0.005494208368938416,0.0,0.0
advice_bound,1,61001,62000,1000,10.201330184936523,10.013014793395996,0,8.313248314857482,8.31294770860672,8.31294791173935,1.5625e-05,1.5625e-05,0.005323932052357122,0.0,0.0
advice_bound,1,62001,63000,1000,10.226457595825195,10.136392593383789,0,8.299154397964477,8.299177496433257,8.299202523708344,0.000921875,0.000921875,0.004484606781974435,0.0,0.0
advice_bound,1,63001,64000,1000,10.488622665405273,10.163576126098633,0,8.358634127616883,8.358028772830963,8.358201446056366,0.0055625,0.0055625,0.00536200086819008,0.0,0.0
advice_bound,1,64001,65000,1000,10.572088241577148,10.236873626708984,0,8.265028298854828,8.264263304710388,8.264293135643005,0.000734375,0.000734375,0.004874007071601227,0.0,0.0
advice_bound,1,65001,66000,1000,10.65456485748291,10.420865058898926,0,8.256033334255218,8.256206225395202,8.256267134666443,0.000921875,0.000921875,0.004143032741965726,0.0,0.0
advice_bound,1,66001,67000,1000,10.662437438964844,10.279561042785645,0,8.244647106647491,8.245106944084167,8.245125436782837,0.000109375,0.000109375,0.0038260754053480923,0.0,0.0
advice_bound,1,67001,68000,1000,10.830957412719727,10.496526718139648,0,8.29379245042801,8.293043436527253,8.29311807012558,0.001078125,0.001078125,0.0043945774880703534,0.0,0.0
advice_bound,1,68001,69000,1000,10.98953914642334,10.820709228515625,0,8.361354004383086,8.36153225326538,8.36163807630539,0.001609375,0.001609375,0.0030238514162483623,0.0,0.0
advice_bound,1,69001,70000,1000,10.7739839553833,10.627005577087402,0,8.323562586307526,8.323693797111511,8.323756675720215,0.000375,0.000375,0.00238276107434649,0.0,0.0
advice_bound,1,70001,71000,1000,10.583576202392578,10.465851783752441,0,8.313322583198547,8.31336641550064,8.313413573741913,0.00075,0.00075,0.002351159097976051,0.0,0.0
advice_bound,1,71001,72000,1000,10.875802993774414,10.435408592224121,0,8.323437169075012,8.32367722606659,8.323745982170106,0.00053125,0.00053125,0.0031696850097505374,0.0,0.0
advice_bound,1,72001,73000,1000,10.679607391357422,10.801254272460938,0,8.335207332611084,8.335546641349792,8.335601208686828,0.00021875,0.00021875,0.002769769476901274,0.0,0.0
advice_bound,1,73001,74000,1000,10.79653549194336,10.414390563964844,0,8.318634078025818,8.318320029258729,8.31836940574646,0.001234375,0.001234375,0.002849693935713731,0.0,0.0
advice_bound,1,74001,75000,1000,10.322893142700195,10.170681953430176,0,8.279818217277526,8.279874696731568,8.279919865608216,0.00115625,0.00115625,0.002730801962839905,0.0,0.0
advice_bound,1,75001,76000,1000,10.33993911743164,10.262364387512207,0,8.286176728725433,8.285861653327942,8.285907455444336,0.00071875,0.00071875,0.0031924076523282565,0.0,0.0
advice_bound,1,76001,77000,1000,10.368066787719727,10.267779350280762,0,8.275753654479981,8.275580380916596,8.27560858297348,0.00059375,0.00059375,0.0022287877595808824,0.0,0.0
advice_bound,1,77001,78000,1000,10.326655387878418,10.228452682495117,0,8.256920234203339,8.256981029987335,8.257018554210664,0.000515625,0.000515625,0.002857731697731651,0.0,0.0
advice_bound,1,78001,79000,1000,10.184268951416016,10.080775260925293,0,8.242223107337951,8.242757250785827,8.242767228603363,0.000265625,0.000265625,0.003123759882088052,0.0,0.0
advice_bound,1,79001,80000,1000,10.19182300567627,10.126432418823242,0,8.214172224521636,8.214362322807313,8.214375173568726,0.000296875,0.000296875,0.0026011904220213183,0.0,0.0
advice_bound,1,80001,81000,1000,10.137081146240234,10.075483322143555,0,8.224914972305298,8.225010203838348,8.225021466732025,0.000296875,0.000296875,0.0027563803127850406,0.0,0.0
advice_bound,1,81001,82000,1000,10.126580238342285,10.030365943908691,0,8.212044423103332,8.211300786018372,8.211303455352784,0.00015625,0.00015625,0.003113774377910886,0.0,0.0
advice_bound,1,82001,83000,1000,10.128891944885254,10.001562118530273,0,8.191302321434021,8.190614228248597,8.190614273071288,7.8125e-05,7.8125e-05,0.0031985072781681085,0.0,0.0
advice_bound,1,83001,84000,1000,10.185688972473145,10.170208930969238,0,8.152787229061127,8.152588833808899,8.152636641979218,0.001890625,0.001890625,0.0037336759149911814,0.0,0.0
advice_bound,1,84001,85000,1000,10.207141876220703,10.110405921936035,0,8.197085196495056,8.19712820672989,8.197165664196014,0.000953125,0.000953125,0.0027809796560322865,0.0,0.0
advice_bound,1,85001,86000,1000,10.403168678283691,10.201478004455566,0,8.214900063037872,8.214944102764129,8.214988742351531,0.0009375,0.0009375,0.002397680579160806,0.0,0.0
advice_bound,1,86001,87000,1000,10.329931259155273,10.211532592773438,0,8.219899910926818,8.21917916059494,8.219201127529145,0.000703125,0.000703125,0.0033487828623619863,0.0,0.0
advice_bound,1,87001,88000,1000,10.166014671325684,10.055570602416992,0,8.127629680156709,8.127315896987914,8.127321730136872,0.000328125,0.000328125,0.0022986847870633937,0.0,0.0
advice_bound,1,88001,89000,1000,10.162534713745117,10.028650283813477,0,8.125948190689087,8.124868552207946,8.124871447086335,0.000234375,0.000234375,0.002963344833231531,0.0,0.0
advice_bound,1,89001,90000,1000,10.326191902160645,10.18307113647461,0,8.109715789794922,8.10862803554535,8.108669613361359,0.0015,0.0015,0.0029823640879476443,0.0,0.0
advice_bound,1,90001,91000,1000,10.240117073059082,10.029730796813965,0,8.079136353492737,8.077758640766143,8.077760519504547,0.000140625,0.000140625,0.003993729829904623,0.0,0.0
advice_bound,1,91001,92000,1000,10.142091751098633,10.046512603759766,0,8.083561638832093,8.082445843219757,8.082452482700347,0.000359375,0.000359375,0.003834875784406904,0.0,0.0
advice_bound,1,92001,93000,1000,10.2535982131958,10.137414932250977,0,8.121169174194335,8.119775349617004,8.119828808784485,0.0019375,0.0019375,0.003664990964345634,0.0,0.0
advice_bound,1,93001,94000,1000,10.156678199768066,10.08310604095459,0,8.079730631828308,8.079112215995789,8.07911751794815,0.00021875,0.00021875,0.0027959397899685427,0.0,0.0
advice_bound,1,94001,95000,1000,10.16795539855957,10.07913875579834,0,8.129935957431794,8.129848334789276,8.129864223480224,0.0005625,0.0005625,0.0018925027908699122,0.0,0.0
advice_bound,1,95001,96000,1000,10.168030738830566,10.048151016235352,0,8.133592257976533,8.1333859167099,8.133387801170349,6.25e-05,6.25e-05,0.0021538493227853906,0.0,0.0
advice_bound,1,96001,97000,1000,10.152039527893066,10.096104621887207,0,8.093245995521546,8.093097810268402,8.09311582326889,0.001265625,0.001265625,0.00244991689894232,0.0,0.0
advice_bound,1,97001,98000,1000,10.128417015075684,10.063496589660645,0,8.172058585643768,8.17220439004898,8.172212512493134,0.000515625,0.000515625,0.0019905443458119406,0.0,0.0
advice_bound,1,98001,99000,1000,10.204580307006836,10.075379371643066,0,8.223917582035064,8.224177875518798,8.224202114105225,0.000984375,0.000984375,0.0018148303012130783,0.0,0.0
advice_bound,1,99001,100000,1000,10.152606964111328,10.0383939743042,0,8.181693896770478,8.181761588096618,8.181765237808227,0.000125,0.000125,0.0016877043075510302,0.0,0.0
advice_bound,1,100001,101000,1000,10.121994018554688,10.032758712768555,0,8.183717641830444,8.18374928855896,8.183755266666413,0.000484375,0.000484375,0.0015540749921347016,0.0,0.0
advice_bound,1,101001,102000,1000,10.148477554321289,10.053322792053223,0,8.183209109306336,8.183303267002106,8.183313517093659,0.000515625,0.000515625,0.0014091941929946189,0.0,0.0
advice_bound,1,102001,103000,1000,10.176727294921875,10.094096183776855,0,8.263354068279266,8.263351919651031,8.26338704252243,0.001921875,0.001921875,0.0017223177507694346,0.0,0.0
advice_bound,1,103001,104000,1000,10.115235328674316,10.024639129638672,0,8.245676486492156,8.245710416316985,8.245711571216583,4.6875e-05,4.6875e-05,0.0012909126582671888,0.0,0.0
advice_bound,1,104001,105000,1000,10.126153945922852,10.012892723083496,0,8.244942577838899,8.244347280025481,8.244347843647002,0.000125,0.000125,0.0019253486373345368,0.0,0.0
advice_bound,1,105001,106000,1000,10.159996032714844,10.086594581604004,0,8.251656847000122,8.251259534835816,8.251276052474976,0.00040625,0.00040625,0.0031455139741301537,0.0,0.0
advice_bound,1,106001,107000,1000,10.141077041625977,10.073299407958984,0,8.233280967235565,8.233227786540985,8.233230892658234,0.000203125,0.000203125,0.0017103321359609254,0.0,0.0
advice_bound,1,107001,108000,1000,10.125246047973633,10.04624080657959,0,8.230692898750306,8.230771925449371,8.230777834415436,0.000640625,0.000640625,0.001524243262654636,0.0,0.0
advice_bound,1,108001,109000,1000,10.194287300109863,10.054006576538086,0,8.258747908592223,8.258360832691192,8.258384009838105,0.00178125,0.00178125,0.002190232544904575,0.0,0.0
advice_bound,1,109001,110000,1000,10.19670581817627,10.074272155761719,0,8.245703606128693,8.245246468544007,8.245323973655701,0.001609375,0.001609375,0.0021681152551609557,0.0,0.0
advice_bound,1,110001,111000,1000,10.182001113891602,10.030248641967773,0,8.267956915378571,8.267939467906952,8.267940084934235,3.125e-05,3.125e-05,0.0017526135641674045,0.0,0.0
advice_bound,1,111001,112000,1000,10.135835647583008,10.022582054138184,0,8.2869030752182,8.286685698509217,8.286693234443664,0.00053125,0.00053125,0.0016253783413849305,0.0,0.0
advice_bound,1,112001,113000,1000,10.119894981384277,10.0,0,8.213644453048706,8.213491700172424,8.213491700172424,0.0,0.0,0.001578897199651692,0.0,0.0
advice_bound,1,113001,114000,1000,10.19941234588623,10.0,0,8.21021134853363,8.210121652126313,8.210121652126313,0.0,0.0,0.001470566530508222,0.0,0.0
advice_bound,1,114001,115000,1000,10.203653335571289,10.06313419342041,0,8.192160255432128,8.19172724199295,8.191741419315338,0.00065625,0.00065625,0.002278339074982796,0.0,0.0
advice_bound,1,115001,116000,1000,10.226531982421875,10.146759986877441,0,8.234283079147339,8.234749015808106,8.234818163394928,0.00190625,0.00190625,0.001648093237046851,0.0,0.0
advice_bound,1,116001,117000,1000,10.177752494812012,10.099933624267578,0,8.25231960773468,8.253046426773071,8.253062644004821,0.000328125,0.000328125,0.0022601369971816895,0.0,0.0
advice_bound,1,117001,118000,1000,10.307037353515625,10.09042739868164,0,8.227657101631165,8.228075726985931,8.228103190422058,0.00121875,0.00121875,0.002082447339751525,0.0,0.0
advice_bound,1,118001,119000,1000,10.302362442016602,10.138298988342285,0,8.23726794576645,8.237590586662293,8.237606586456298,0.00059375,0.00059375,0.0016626193457050249,0.0,0.0
advice_bound,1,119001,120000,1000,10.268314361572266,10.242155075073242,0,8.248516383171081,8.248636823177337,8.248665321826936,0.00034375,0.00034375,0.001320554785488639,0.0,0.0
advice_bound,1,120001,121000,1000,10.343527793884277,10.102555274963379,0,8.226129844665527,8.225954057216644,8.225963895320893,0.00040625,0.00040625,0.0012546691001043655,0.0,0.0
advice_bound,1,121001,122000,1000,10.126228332519531,10.019769668579102,0,8.201099549293518,8.201152904510497,8.201155884742736,0.000203125,0.000203125,0.0011391452811949422,0.0,0.0
advice_bound,1,122001,123000,1000,10.126897811889648,10.01949691772461,0,8.177088557720184,8.17709186553955,8.177094183921813,0.0001875,0.0001875,0.0013099142423889133,0.0,0.0
advice_bound,1,123001,124000,1000,10.149810791015625,10.154739379882812,0,8.151010334968566,8.150991126537322,8.151001906871796,0.0001875,0.0001875,0.0014846819139493165,0.0,0.0
advice_bound,1,124001,125000,1000,10.147558212280273,10.065631866455078,0,8.17321554851532,8.17331184387207,8.173338983535766,0.002015625,0.002015625,0.0011015026312816189,0.0,0.0
advice_bound,1,125001,126000,1000,10.11843490600586,10.050933837890625,0,8.215800310134888,8.215851524353027,8.215858759403229,0.000609375,0.000609375,0.0009526406256773044,0.0,0.0
advice_bound,1,126001,127000,1000,10.10241413116455,10.029104232788086,0,8.290035450458527,8.290030627727509,8.29003228521347,0.000109375,0.000109375,0.0007733041054452769,0.0,0.0
advice_bound,1,127001,128000,1000,10.111584663391113,10.003273963928223,0,8.318686777591706,8.318692758083344,8.318692808628082,1.5625e-05,1.5625e-05,0.0007100946354476037,0.0,0.0
advice_bound,1,128001,129000,1000,10.090370178222656,10.02257251739502,0,8.299846252441407,8.299882166862488,8.299883224487305,0.000140625,0.000140625,0.0007007278541714185,0.0,0.0
advice_bound,1,129001,130000,1000,10.128634452819824,10.016606330871582,0,8.318970613956452,8.31872041606903,8.318720935821533,3.125e-05,3.125e-05,0.0014976293481013272,0.0,0.0
advice_bound,1,130001,131000,1000,10.116812705993652,10.0,0,8.283863221645355,8.28234448671341,8.28234448671341,0.0,0.0,0.002965548939318978,0.0,0.0
advice_bound,1,131001,132000,1000,10.124553680419922,10.054733276367188,0,8.236611241817474,8.236618806838989,8.236620898246764,0.000203125,0.000203125,0.0012741529959312175,0.0,0.0
advice_bound,1,132001,133000,1000,10.123446464538574,10.005538940429688,0,8.261916668891907,8.261781044483184,8.2617812333107,7.8125e-05,7.8125e-05,0.0011795790149772075,0.0,0.0
advice_bound,1,133001,134000,1000,10.093430519104004,10.0,0,8.263007238388061,8.263016721725464,8.263016721725464,0.0,0.0,0.0006405107198806945,0.0,0.0
advice_bound,1,134001,135000,1000,10.102837562561035,10.0,0,8.26330136346817,8.26337196969986,8.26337196969986,0.0,0.0,0.000488436221916345,0.0,0.0
advice_bound,1,135001,136000,1000,10.149667739868164,10.019951820373535,0,8.282513165473938,8.282450679302215,8.282453188419343,0.000265625,0.000265625,0.0008840710429503815,0.0,0.0
advice_bound,1,136001,137000,1000,10.134456634521484,10.044795036315918,0,8.27166024017334,8.271682229042053,8.271685496330262,0.00040625,0.00040625,0.0005003688595752464,0.0,0.0
advice_bound,1,137001,138000,1000,10.089816093444824,10.010688781738281,0,8.287584644317628,8.287591591358185,8.287592243671417,6.25e-05,6.25e-05,0.0005780991331484984,0.0,0.0
advice_bound,1,138001,139000,1000,10.11721420288086,10.0,0,8.30326006937027,8.303154872894288,8.303154872894288,0.0,0.0,0.0008573546890329453,0.0,0.0
advice_bound,1,139001,140000,1000,10.09584903717041,10.019527435302734,0,8.315293239116668,8.314760574817658,8.314761147022248,4.6875e-05,4.6875e-05,0.0013371317184064538,0.0,0.0
advice_bound,1,140001,141000,1000,10.084291458129883,10.0,0,8.321709277153015,8.32147142791748,8.32147142791748,0.0,0.0,0.0007334697235055501,0.0,0.0
advice_bound,1,141001,142000,1000,10.085844039916992,10.0,0,8.322285131454468,8.321515396595002,8.321515396595002,0.0,0.0,0.0016795744905393803,0.0,0.0
advice_bound,1,142001,143000,1000,10.101730346679688,10.036892890930176,0,8.312869584083558,8.31275490951538,8.312756236076355,0.000125,0.000125,0.0008420243506334372,0.0,0.0
advice_bound,1,143001,144000,1000,10.161779403686523,10.035886764526367,0,8.297334279537202,8.296274368286133,8.296275407791137,6.25e-05,6.25e-05,0.0017914079083057005,0.0,0.0
advice_bound,1,144001,145000,1000,10.146178245544434,10.058206558227539,0,8.283827842712402,8.283043302059173,8.28305089044571,0.000390625,0.000390625,0.0016988382516283308,0.0,0.0
advice_bound,1,145001,146000,1000,10.054104804992676,10.0,0,8.238206802845001,8.23823654460907,8.23823654460907,0.0,0.0,0.0005150792297936277,0.0,0.0
advice_bound,1,146001,147000,1000,10.085041046142578,10.0,0,8.217514522075653,8.217543016433716,8.217543016433716,0.0,0.0,0.0006477056192379678,0.0,0.0
advice_bound,1,147001,148000,1000,10.08038330078125,10.0,0,8.218639802932739,8.218670156478883,8.218670156478883,0.0,0.0,0.0004920968710866873,0.0,0.0
advice_bound,1,148001,149000,1000,10.10525894165039,10.016949653625488,0,8.261816463947296,8.261839180469513,8.261839680194855,9.375e-05,9.375e-05,0.0005277965554705588,0.0,0.0
advice_bound,1,149001,150000,1000,10.093280792236328,10.048140525817871,0,8.268060273170471,8.268087794303893,8.26808854675293,1.5625e-05,1.5625e-05,0.00043579574894101825,0.0,0.0
advice_bound,1,150001,151000,1000,10.100154876708984,10.0338134765625,0,8.270783463001251,8.27080778312683,8.270808839797974,3.125e-05,3.125e-05,0.0003970300236178446,0.0,0.0
advice_bound,1,151001,152000,1000,10.112746238708496,10.0269193649292,0,8.279160974502563,8.279181842327118,8.279183362483979,6.25e-05,6.25e-05,0.00037207805689104133,0.0,0.0
advice_bound,1,152001,153000,1000,10.053390502929688,10.0,0,8.3151105761528,8.315122965335846,8.315122965335846,0.0,0.0,0.00028459313501662107,0.0,0.0
advice_bound,1,153001,154000,1000,10.239832878112793,10.122509956359863,0,8.312941417217255,8.312998132228852,8.31300533914566,7.8125e-05,7.8125e-05,0.00039741412314106127,0.0,0.0
advice_bound,1,154001,155000,1000,10.090335845947266,10.044218063354492,0,8.336376212120056,8.336399950504303,8.336402272701264,0.000125,0.000125,0.00028503811416157987,0.0,0.0
advice_bound,1,155001,156000,1000,10.155592918395996,10.020240783691406,0,8.374814338684082,8.374805379867555,8.374807230949402,0.00025,0.00025,0.0003205233669032168,0.0,0.0
advice_bound,1,156001,157000,1000,10.077876091003418,10.0,0,8.402506529808045,8.40250841999054,8.40250841999054,0.0,0.0,0.00026042741084529553,0.0,0.0
advice_bound,1,157001,158000,1000,10.085722923278809,10.0,0,8.399406121253968,8.3995047082901,8.3995047082901,0.0,0.0,0.0004456809225885081,0.0,0.0
advice_bound,1,158001,159000,1000,10.073097229003906,10.0,0,8.420486606597901,8.420508419036866,8.420508419036866,0.0,0.0,0.00019653856672812253,0.0,0.0
advice_bound,1,159001,160000,1000,10.060351371765137,10.0,0,8.408907287597657,8.408941200733185,8.408941200733185,0.0,0.0,0.0002599327444222581,0.0,0.0
advice_bound,1,160001,161000,1000,10.078039169311523,10.0,0,8.43864551639557,8.43866273021698,8.43866273021698,0.0,0.0,0.00023252621420033392,0.0,0.0
advice_bound,1,161001,162000,1000,10.100602149963379,10.0126953125,0,8.418685061454774,8.418706819534302,8.41870701789856,1.5625e-05,1.5625e-05,0.000199135365372058,0.0,0.0
advice_bound,1,162001,163000,1000,10.091719627380371,10.0,0,8.422230101585388,8.422257439613343,8.422257439613343,0.0,0.0,0.0002255553759605391,0.0,0.0
advice_bound,1,163001,164000,1000,10.057873725891113,10.0,0,8.404366825103759,8.404375048637391,8.404375048637391,0.0,0.0,0.00017706101445219246,0.0,0.0
advice_bound,1,164001,165000,1000,10.070257186889648,10.0,0,8.359777856826783,8.359672424316406,8.359672424316406,0.0,0.0,0.00031285403210131336,0.0,0.0
advice_bound,1,165001,166000,1000,10.087592124938965,10.000371932983398,0,8.308115696907043,8.307459222316742,8.307459228992462,1.5625e-05,1.5625e-05,0.0011953413868541246,0.0,0.0
advice_bound,1,166001,167000,1000,10.140544891357422,10.012176513671875,0,8.286863894462586,8.286782822608949,8.286783735275268,9.375e-05,9.375e-05,0.0005022410151359509,0.0,0.0
advice_bound,1,167001,168000,1000,10.104593276977539,10.0,0,8.27918834400177,8.278940586090087,8.278940586090087,0.0,0.0,0.0005859396419473342,0.0,0.0
advice_bound,1,168001,169000,1000,10.063924789428711,10.0,0,8.28515200471878,8.285048377513885,8.285048377513885,0.0,0.0,0.0004798368778247095,0.0,0.0
advice_bound,1,169001,170000,1000,10.092655181884766,10.033553123474121,0,8.335828520774841,8.335491213798523,8.335492648124696,6.25e-05,6.25e-05,0.0010274796480007353,0.0,0.0
advice_bound,1,170001,171000,1000,10.069847106933594,10.0,0,8.343515364170074,8.342850773334503,8.342850773334503,0.0,0.0,0.0010900824372511125,0.0,0.0
advice_bound,1,171001,172000,1000,10.080918312072754,10.0,0,8.352337252616882,8.35170588350296,8.35170588350296,0.0,0.0,0.0011127082713028357,0.0,0.0
advice_bound,1,172001,173000,1000,10.086748123168945,10.002362251281738,0,8.358927319049835,8.358388844013215,8.358388917446137,3.125e-05,3.125e-05,0.0013418477304221596,0.0,0.0
advice_bound,1,173001,174000,1000,10.094752311706543,10.039650917053223,0,8.373313906192779,8.37335732793808,8.373364787578582,0.000671875,0.000671875,0.0005921445487692836,0.0,0.0
advice_bound,1,174001,175000,1000,10.109260559082031,10.034506797790527,0,8.383502779960633,8.38340348815918,8.383404755592347,9.375e-05,9.375e-05,0.0005344550188601715,0.0,0.0
advice_bound,1,175001,176000,1000,10.072463035583496,10.027262687683105,0,8.39915114402771,8.399054078102111,8.399054988861083,6.25e-05,6.25e-05,0.0006068390599102713,0.0,0.0
advice_bound,1,176001,177000,1000,10.084892272949219,10.005531311035156,0,8.405546108245849,8.405274126052856,8.405274253845215,3.125e-05,3.125e-05,0.0010869140504000826,0.0,0.0
advice_bound,1,177001,178000,1000,10.140606880187988,10.03707504272461,0,8.401904889583587,8.401914036750794,8.40191464805603,3.125e-05,3.125e-05,0.0004772048240702134,0.0,0.0
advice_bound,1,178001,179000,1000,10.066295623779297,10.0,0,8.38701911354065,8.38702925491333,8.38702925491333,0.0,0.0,0.00034017305764427877,0.0,0.0
advice_bound,1,179001,180000,1000,10.088552474975586,10.003411293029785,0,8.373480896949768,8.373403088569642,8.373403141975404,1.5625e-05,1.5625e-05,0.0006569142156877206,0.0,0.0
advice_bound,1,180001,181000,1000,10.093836784362793,10.007704734802246,0,8.38175643825531,8.3812738199234,8.381274681091309,0.000125,0.000125,0.0009593027440932928,0.0,0.0
advice_bound,1,181001,182000,1000,10.090624809265137,10.0,0,8.365163801193237,8.365211362838744,8.365211362838744,0.0,0.0,0.0005296049768403464,0.0,0.0
advice_bound,1,182001,183000,1000,10.071433067321777,10.0,0,8.37481767654419,8.37483032798767,8.37483032798767,0.0,0.0,0.00039772128980621345,0.0,0.0
advice_bound,1,183001,184000,1000,10.054652214050293,10.0,0,8.363228523254394,8.36325290107727,8.36325290107727,0.0,0.0,0.0002475119541049935,0.0,0.0
advice_bound,1,184001,185000,1000,10.09759521484375,10.0,0,8.340813111305236,8.340838812828064,8.340838812828064,0.0,0.0,0.00023611206793793825,0.0,0.0
advice_bound,1,185001,186000,1000,10.13066291809082,10.0,0,8.324983665943146,8.324984067916871,8.324984067916871,0.0,0.0,0.00038325753298340716,0.0,0.0
advice_bound,1,186001,187000,1000,10.062298774719238,10.0,0,8.312769320487977,8.31277926158905,8.31277926158905,0.0,0.0,0.0001832779030519305,0.0,0.0
advice_bound,1,187001,188000,1000,10.066346168518066,10.009025573730469,0,8.293235011577606,8.293267880916595,8.293268304347992,4.6875e-05,4.6875e-05,0.0002935316967232211,0.0,0.0
advice_bound,1,188001,189000,1000,10.13099479675293,10.0,0,8.316468357086181,8.31632376241684,8.31632376241684,0.0,0.0,0.0003751395311446686,0.0,0.0
advice_bound,1,189001,190000,1000,10.09798812866211,10.005492210388184,0,8.333822379589082,8.332652146339417,8.332652575492858,7.8125e-05,7.8125e-05,0.001687173439491744,0.0,0.0
advice_bound,1,190001,191000,1000,10.096711158752441,10.0,0,8.324406656265259,8.322939468860627,8.322939468860627,0.0,0.0,0.0021684227775840554,0.0,0.0
advice_bound,1,191001,192000,1000,10.09993839263916,10.006233215332031,0,8.339848192214966,8.338984813690185,8.338985008239746,3.125e-05,3.125e-05,0.001252009485691815,0.0,0.0
advice_bound,1,192001,193000,1000,10.135258674621582,10.0,0,8.330130489349365,8.328765697479248,8.328765697479248,0.0,0.0,0.0018679921014336286,0.0,0.0
advice_bound,1,193001,194000,1000,10.10379695892334,10.036917686462402,0,8.349317387104035,8.348147421836853,8.348155884742736,0.000625,0.000625,0.0019004997815645765,0.0,0.0
advice_bound,1,194001,195000,1000,10.149130821228027,10.030303001403809,0,8.360748569965363,8.359511426925659,8.359519583702088,0.000578125,0.000578125,0.0020876057175773896,0.0,0.0
advice_bound,1,195001,196000,1000,10.17479133605957,10.038887977600098,0,8.432715222358704,8.430956775665283,8.430968109130859,0.001109375,0.001109375,0.0030832790278509494,0.0,0.0
advice_bound,1,196001,197000,1000,10.233784675598145,10.124458312988281,0,8.430403709411621,8.429267006874085,8.429294456481934,0.0009375,0.0009375,0.0027809823119896463,0.0,0.0
advice_bound,1,197001,198000,1000,10.217987060546875,10.133782386779785,0,8.4092455701828,8.40884284210205,8.408861219406129,0.000578125,0.000578125,0.0016347010463359766,0.0,0.0
advice_bound,1,198001,199000,1000,10.14833927154541,10.04328727722168,0,8.448807341575623,8.448365513801575,8.448379732131958,0.00103125,0.00103125,0.0014318884391686878,0.0,0.0
advice_bound,1,199001,200000,1000,10.171561241149902,10.061747550964355,0,8.477393652915955,8.476650037765502,8.476655507087708,0.000375,0.000375,0.0015961268673272571,0.0,0.0
advice_margin,1,1,1000,501,9.874333381652832,10.0,26649,0.16800674087202508,0.22228763240599583,0.22228763240599583,0.0,0.0,0.11202725905092235,0.06290350420950343,0.9924999999999995
advice_margin,1,1001,2000,1000,11.24876594543457,10.34247875213623,53413,1.0377840501368045,1.0606499434411525,1.0606499434411525,0.014296875,0.0,0.08628267173096538,0.00441269347577645,0.9849949999999991
advice_margin,1,2001,3000,1000,11.842326164245605,11.110376358032227,53215,2.1016162511110306,2.1163469980955125,2.1163469980955125,0.06215625,0.0,0.09170987753756345,0.003146100796247765,0.974995
advice_margin,1,3001,4000,1000,12.44054889678955,12.20173454284668,52887,3.314418110370636,3.3214518184661865,3.3214518184661865,0.120703125,0.0,0.09679713216982781,0.0032365997885722207,0.9649950000000013
advice_margin,1,4001,5000,1000,12.77968692779541,12.205885887145996,52580,4.285359582662583,4.290092300891876,4.290092300891876,0.13815625,0.0,0.08397883832454682,0.0027189229093132782,0.9549949999999993
advice_margin,1,5001,6000,1000,12.560860633850098,12.305317878723145,52718,5.141284658908844,5.1406753334999085,5.1406753334999085,0.218265625,0.0,0.08535904363729059,0.0027584917227809454,0.9449949999999999
advice_margin,1,6001,7000,1000,13.062638282775879,12.704736709594727,51858,5.97109046125412,5.966814935207367,5.966814935207367,0.2793125,0.0,0.09272012236528099,0.0026602450817003243,0.9349950000000008
advice_margin,1,7001,8000,1000,13.875547409057617,13.158832550048828,51667,6.590230507850647,6.585483052253723,6.585483052253723,0.31071875,0.0,0.08104868641123175,0.0025194464008084765,0.9249950000000003
advice_margin,1,8001,9000,1000,13.693976402282715,13.09933853149414,51619,7.274582485675812,7.271454600811005,7.271454600811005,0.370734375,0.0,0.08111685268394649,0.002622107859229345,0.9149949999999989
advice_margin,1,9001,10000,1000,14.355093955993652,13.95350170135498,51194,8.123953071117402,8.11969479560852,8.11969479560852,0.44459375,0.0,0.08525231714174152,0.002613439742510309,0.9049949999999998
advice_margin,1,10001,11000,1000,14.128299713134766,13.593157768249512,50841,8.814615030288696,8.80783785867691,8.80783785867691,0.5031875,0.0,0.08564348473586142,0.0024891378873264786,0.8949950000000011
advice_margin,1,11001,12000,1000,14.033895492553711,13.659857749938965,50585,9.359604649543762,9.353177924156189,9.353177924156189,0.5505625,0.0,0.09060715588182211,0.002594676158201537,0.8849949999999993
advice_margin,1,12001,13000,1000,14.157506942749023,13.871551513671875,50154,9.853666955947876,9.84662867450714,9.84662867450714,0.60128125,0.0,0.09091740647517145,0.0024437237016770724,0.8749949999999996
advice_margin,1,13001,14000,1000,14.747441291809082,14.483776092529297,49613,10.390231716156006,10.381525319099426,10.381525319099426,0.65671875,0.0,0.09531111383624374,0.0024819432985559615,0.8649950000000007
advice_margin,1,14001,15000,1000,15.009384155273438,14.656698226928711,49280,10.885214273452759,10.880420687675477,10.880420687675477,0.706296875,0.0,0.08879664976522327,0.0025345775401930267,0.8549950000000005
advice_margin,1,15001,16000,1000,15.333563804626465,14.625998497009277,48786,11.232839542388916,11.2274380569458,11.2274380569458,0.749171875,0.0,0.09292088935151696,0.0027830179401712486,0.8449949999999989
advice_margin,1,16001,17000,1000,16.694116592407227,16.164386749267578,49014,11.662279110908509,11.657716778755187,11.657716778755187,0.811375,0.0,0.0934389378707856,0.002418227037902966,0.8349949999999999
advice_margin,1,17001,18000,1000,17.698843002319336,17.184635162353516,48645,12.11484275341034,12.111797929763794,12.111797929763794,0.897171875,0.0,0.08892226102203131,0.0020654807398154842,0.8249950000000011
advice_margin,1,18001,19000,1000,18.302858352661133,17.744935989379883,48377,12.468479247093201,12.463444353103638,12.463444353103638,0.961734375,0.0,0.08813688188046218,0.0020654972657255257,0.8149949999999996
advice_margin,1,19001,20000,1000,18.780420303344727,18.05984878540039,48440,12.746661532402038,12.742366002082825,12.742366002082825,0.97428125,0.0,0.09347835324518383,0.0021738799790937263,0.8049949999999995
advice_margin,1,20001,21000,1000,18.792776107788086,18.452117919921875,48067,13.014208144187927,13.01217545413971,13.01217545413971,0.978546875,0.0,0.09018248020485044,0.0019155698939167679,0.7949950000000007
advice_margin,1,21001,22000,1000,18.563589096069336,18.346214294433594,47480,13.107350771903992,13.106093810081482,13.106093810081482,0.9723125,0.0,0.09820160404965282,0.00223551952938098,0.7849950000000002
advice_margin,1,22001,23000,1000,18.962554931640625,18.65522003173828,47319,13.068889909744263,13.067204895973205,13.067204895973205,0.96940625,0.0,0.0954726299829781,0.0019733792682936836,0.7749949999999991
advice_margin,1,23001,24000,1000,20.322908401489258,19.92177391052246,47320,13.372943989753724,13.372502368927002,13.372502368927002,0.97696875,0.0,0.0941319471374154,0.0019752411992094493,0.764995
advice_margin,1,24001,25000,1000,20.225830078125,19.900686264038086,47057,13.618785618782043,13.620172695159912,13.620172695159912,0.9798125,0.0,0.09389332035556436,0.002205007529385142,0.7549950000000009
advice_margin,1,25001,26000,1000,20.229589462280273,19.327722549438477,46580,13.658646954536438,13.659722749710083,13.659722749710083,0.97984375,0.0,0.10421174962446093,0.002249604748658385,0.7449949999999996
advice_margin,1,26001,27000,1000,19.07318687438965,18.567914962768555,46294,13.749825081825257,13.749567288398742,13.749567288398742,0.982,0.0,0.10050604106858373,0.002112610269489039,0.7349949999999993
advice_margin,1,27001,28000,1000,19.375469207763672,18.70280647277832,45934,13.744559633255005,13.744134174346923,13.744134174346923,0.983515625,0.0,0.10090171425044536,0.002282997609933318,0.724995000000001
advice_margin,1,28001,29000,1000,19.345050811767578,19.051061630249023,46151,14.038470246315002,14.037602516174317,14.037602516174317,0.9876875,0.0,0.10338039366528391,0.0021893635640678893,0.7149950000000003
advice_margin,1,29001,30000,1000,20.038928985595703,19.26203727722168,45965,14.326609961509705,14.327110702514648,14.327110702514648,0.9891875,0.0,0.10306405103579164,0.002350435629235562,0.7049949999999994
advice_margin,1,30001,31000,1000,20.335044860839844,19.697492599487305,45194,14.419082209587097,14.420335564613342,14.420335564613342,0.98590625,0.0,0.10685618330538273,0.0023691102126867916,0.6949950000000001
advice_margin,1,31001,32000,1000,20.553213119506836,20.02318000793457,44898,14.630676018714905,14.634315031051635,14.634315031051635,0.98646875,0.0,0.1070754245184362,0.002360216096235035,0.6849950000000006
advice_margin,1,32001,33000,1000,21.496469497680664,21.001638412475586,44718,14.978605080604554,14.984311551094056,14.984311551094056,0.9876875,0.0,0.11210399406030774,0.002570035250834735,0.6749949999999998
advice_margin,1,33001,34000,1000,21.83036231994629,21.811817169189453,44602,15.363838792800903,15.36759290409088,15.36759290409088,0.986328125,0.0,0.11363817442581058,0.002603959241299435,0.6649949999999991
advice_margin,1,34001,35000,1000,23.717538833618164,23.121078491210938,44102,15.686595171928406,15.691361342430115,15.691361342430115,0.98534375,0.0,0.11750260564312338,0.0026004509123113166,0.6549950000000008
advice_margin,1,35001,36000,1000,24.10712242126465,23.45757293701172,43979,15.616126237869263,15.621075269699096,15.621075269699096,0.97840625,0.0,0.11830965027213097,0.0027996167920827874,0.6449950000000001
advice_margin,1,36001,37000,1000,24.49968910217285,23.47884178161621,43831,15.588582751274108,15.593628303527833,15.593628303527833,0.981140625,0.0,0.11964454699680209,0.002966150138068343,0.6349949999999993
advice_margin,1,37001,38000,1000,25.45758819580078,24.36456871032715,43452,15.554505980491639,15.559765740394592,15.559765740394592,0.980171875,0.0,0.12169160698354244,0.00262817790084398,0.6249950000000001
advice_margin,1,38001,39000,1000,27.05929946899414,26.86370849609375,43212,15.826544321060181,15.832227085113525,15.832227085113525,0.982515625,0.0,0.12734958051517606,0.0026652794712254037,0.6149950000000003
advice_margin,1,39001,40000,1000,28.288043975830078,28.188034057617188,42987,16.342706171035765,16.351415005683897,16.351415005683897,0.984859375,0.0,0.13056962202489375,0.002925724389255208,0.6049949999999997
advice_margin,1,40001,41000,1000,31.416057586669922,30.892995834350586,43573,16.791379083633423,16.802002780914307,16.802002780914307,0.988328125,0.0,0.1418628377094865,0.0032199233785929664,0.5949949999999994
advice_margin,1,41001,42000,1000,32.32123947143555,31.17034149169922,43398,16.499608448028564,16.508861362457274,16.508861362457274,0.986171875,0.0,0.13901058380305767,0.0035533582017528717,0.5849950000000005
advice_margin,1,42001,43000,1000,33.504150390625,32.516929626464844,43177,16.65130368232727,16.66029359436035,16.66029359436035,0.98784375,0.0,0.14359674850851298,0.003191962130056709,0.5749950000000003
advice_margin,1,43001,44000,1000,31.44051742553711,31.97142791748047,43537,16.67779598903656,16.68907994842529,16.68907994842529,0.9846875,0.0,0.14637622215598822,0.0034501952360751604,0.5649949999999996
advice_margin,1,44001,45000,1000,32.93370819091797,32.43378448486328,43369,17.029726115226744,17.045644678115845,17.045644678115845,0.987109375,0.0,0.1606001619696617,0.003609725555452087,0.5549950000000003
advice_margin,1,45001,46000,1000,34.10573959350586,33.60062789916992,43252,17.346799275398254,17.368059518814086,17.368059518814086,0.98628125,0.0,0.17471632511913776,0.004356189189909855,0.5449950000000001
advice_margin,1,46001,47000,1000,33.75660705566406,33.07263946533203,43007,17.21866057777405,17.241273859024048,17.241273859024048,0.98378125,0.0,0.17520665805786848,0.004869852643076683,0.5349949999999998
advice_margin,1,47001,48000,1000,34.94293212890625,33.93617248535156,42828,16.866233350753784,16.883493136405946,16.883493136405946,0.977,0.0,0.16326165239512921,0.004156297371369874,0.524995
advice_margin,1,48001,49000,1000,33.93158721923828,33.81095504760742,42534,16.84903782558441,16.868327825546263,16.868327825546263,0.982453125,0.0,0.16615498265624046,0.004205148990370162,0.5149949999999999
advice_margin,1,49001,50000,1000,35.174129486083984,34.08976364135742,42633,16.946682541847228,16.962670187950135,16.962670187950135,0.983984375,0.0,0.16766530004143715,0.004161671962066975,0.504995
advice_margin,1,50001,51000,1000,34.41350173950195,33.247127532958984,42286,16.98535977268219,16.99860111141205,16.99860111141205,0.98134375,0.0,0.1670733025446534,0.004825466001810128,0.4949949999999998
advice_margin,1,51001,52000,1000,34.485687255859375,33.73383712768555,41943,16.96127379512787,16.96834816932678,16.96834816932678,0.981953125,0.0,0.1660331884995103,0.004684425801297038,0.48499500000000006
advice_margin,1,52001,53000,1000,34.9091796875,33.970340728759766,42108,16.93569869232178,16.947244881629945,16.947244881629945,0.98346875,0.0,0.1638547395914793,0.004590975755832915,0.4749950000000002
advice_margin,1,53001,54000,1000,35.4078369140625,34.391258239746094,42029,16.869346148490905,16.881105062484743,16.881105062484743,0.983859375,0.0,0.1634116820394993,0.004398745069214783,0.46499499999999994
advice_margin,1,54001,55000,1000,35.83464813232422,34.387813568115234,42283,16.57262735080719,16.58438828086853,16.58438828086853,0.97865625,0.0,0.1713702021688223,0.00494846751603859,0.4549950000000001
advice_margin,1,55001,56000,1000,30.711200714111328,30.236757278442383,41867,16.37351146507263,16.385363658905028,16.385363658905028,0.98371875,0.0,0.15720743195712567,0.0049649662168376385,0.44499499999999975
advice_margin,1,56001,57000,1000,30.53509521484375,29.661029815673828,41778,16.495214861869812,16.506652974128723,16.506652974128723,0.985109375,0.0,0.1574253555610776,0.005361027671573538,0.43499499999999997
advice_margin,1,57001,58000,1000,31.51888656616211,30.35710334777832,41546,16.975796634674072,16.987620124816896,16.987620124816896,0.987078125,0.0,0.15565044547617435,0.005978687906404957,0.424995
advice_margin,1,58001,59000,1000,31.844934463500977,29.835357666015625,41556,16.97331778717041,16.982178082466124,16.982178082466124,0.986109375,0.0,0.15916175911575556,0.006600094407280267,0.4149950000000001
advice_margin,1,59001,60000,1000,33.893310546875,33.3806266784668,41542,17.11375821495056,17.12314054965973,17.12314054965973,0.98596875,0.0,0.16549942369759083,0.006396183000946621,0.4049949999999999
advice_margin,1,60001,61000,1000,36.07914733886719,35.36448287963867,41480,17.40907467842102,17.421250965118407,17.421250965118407,0.986203125,0.0,0.17244533793628217,0.007810149502613058,0.394995
advice_margin,1,61001,62000,1000,37.630897521972656,36.65950393676758,41822,17.534403272628783,17.5458850479126,17.5458850479126,0.987125,0.0,0.1727222527116537,0.007603577045347265,0.38499499999999987
advice_margin,1,62001,63000,1000,37.694217681884766,36.56488800048828,41529,17.6583213558197,17.672964916229247,17.672964916229247,0.98646875,0.0,0.184568043038249,0.007888171460930607,0.3749950000000002
advice_margin,1,63001,64000,1000,38.05542755126953,37.27122497558594,41410,17.648732898712158,17.665319800376892,17.665319800376892,0.98690625,0.0,0.18871816135197877,0.009193768551485846,0.364995
advice_margin,1,64001,65000,1000,38.59865188598633,37.76091384887695,41490,17.439737520217896,17.45907876586914,17.45907876586914,0.9840625,0.0,0.18257093278318642,0.009599542029754958,0.354995
advice_margin,1,65001,66000,1000,40.876888275146484,39.85411834716797,41210,17.92501427268982,17.941053979873658,17.941053979873658,0.98628125,0.0,0.1872645884528756,0.010258576999302021,0.344995
advice_margin,1,66001,67000,1000,41.264862060546875,40.94711685180664,41393,18.331133365631104,18.350547119140625,18.350547119140625,0.987734375,0.0,0.18803184317052365,0.011532109322841278,0.3349949999999997
advice_margin,1,67001,68000,1000,41.70661544799805,39.81119155883789,41557,18.379148538589476,18.401382791519165,18.401382791519165,0.98459375,0.0,0.20644600058346987,0.012726121275423793,0.32499500000000026
advice_margin,1,68001,69000,1000,39.69245529174805,39.2811393737793,41587,18.251763439178468,18.27133578491211,18.27133578491211,0.97971875,0.0,0.21687064615637064,0.014085352975002024,0.31499499999999975
advice_margin,1,69001,70000,1000,40.887535095214844,39.581390380859375,41411,18.40812220573425,18.432042560577393,18.432042560577393,0.985625,0.0,0.21929181733727454,0.0177885496201925,0.30499499999999996
advice_margin,1,70001,71000,1000,42.00187683105469,41.25593185424805,41128,18.783612113952636,18.812636657714844,18.812636657714844,0.985765625,0.0,0.23698241491615774,0.01996111733210273,0.29499500000000023
advice_margin,1,71001,72000,1000,41.94355392456055,41.68613052368164,40926,18.696654363632202,18.720059436798095,18.720059436798095,0.9876875,0.0,0.2307259189411998,0.021570220814901404,0.28499499999999983
advice_margin,1,72001,73000,1000,41.171783447265625,39.73246383666992,40886,18.315794744491576,18.330376939773558,18.330376939773558,0.98565625,0.0,0.2041977833881974,0.02204502202873118,0.27499500000000004
advice_margin,1,73001,74000,1000,42.19513702392578,40.93397521972656,40810,18.381513862609864,18.394743052482603,18.394743052482603,0.988421875,0.0,0.2050351201593876,0.02463333958783187,0.2649949999999998
advice_margin,1,74001,75000,1000,40.166439056396484,39.448944091796875,40529,18.121766597747804,18.138207332611085,18.138207332611085,0.985375,0.0,0.1956373546347022,0.027184510056395085,0.254995
advice_margin,1,75001,76000,1000,39.39545822143555,40.13506317138672,40539,18.150602916717528,18.16829528427124,18.16829528427124,0.9860625,0.0,0.20051739782094954,0.0334927033004351,0.24499499999999996
advice_margin,1,76001,77000,1000,39.06703186035156,38.49300765991211,39864,18.241878314971924,18.25859985733032,18.25859985733032,0.98584375,0.0,0.2018074080273509,0.0412895982703194,0.23499499999999995
advice_margin,1,77001,78000,1000,41.00608444213867,40.0816764831543,40197,18.27733392906189,18.292676900863647,18.292676900863647,0.986828125,0.0,0.19041070710867644,0.042458231687545776,0.22499499999999995
advice_margin,1,78001,79000,1000,41.376766204833984,40.36797332763672,40264,18.35293537902832,18.36989291191101,18.36989291191101,0.987890625,0.0,0.19481339728087188,0.048593411666341124,0.21499499999999996
advice_margin,1,79001,80000,1000,39.803768157958984,38.3159294128418,40676,18.68797676086426,18.70399125289917,18.70399125289917,0.98903125,0.0,0.202541984654963,0.057095898197032514,0.20499499999999996
advice_margin,1,80001,81000,1000,39.69429016113281,38.55789566040039,40603,18.47720785713196,18.491314540863037,18.491314540863037,0.985140625,0.0,0.19244793816655875,0.061519058033823966,0.19499499999999995
advice_margin,1,81001,82000,1000,40.794036865234375,39.36777114868164,40864,18.521597414016725,18.536536375045777,18.536536375045777,0.988125,0.0,0.19818630507588386,0.07463568653166294,0.18499500000000002
advice_margin,1,82001,83000,1000,40.50231170654297,39.438697814941406,41234,18.530506526947022,18.549632890701293,18.549632890701293,0.988671875,0.0,0.1916929432824254,0.08565488057024777,0.17499499999999998
advice_margin,1,83001,84000,1000,40.23697280883789,39.386573791503906,41082,18.497040035247803,18.51398980331421,18.51398980331421,0.987078125,0.0,0.19004230023920535,0.09950029408000409,0.16499500000000003
advice_margin,1,84001,85000,1000,41.119754791259766,39.951290130615234,41328,18.65105203437805,18.668288278579713,18.668288278579713,0.98940625,0.0,0.1985327031314373,0.11954356287419796,0.154995
advice_margin,1,85001,86000,1000,39.657493591308594,38.84110641479492,41342,18.343650190353394,18.359339282989502,18.359339282989502,0.985640625,0.0,0.20089886157214643,0.13999133655801416,0.14499499999999996
advice_margin,1,86001,87000,1000,37.95159912109375,37.00311279296875,41533,18.1623154296875,18.18610076904297,18.18610076904297,0.982875,0.0,0.20829081631451846,0.1695502168238163,0.13499499999999992
advice_margin,1,87001,88000,1000,36.756019592285156,36.933963775634766,41221,18.062604469299316,18.08013286590576,18.08013286590576,0.98553125,0.0,0.18949233341217042,0.19494471926242113,0.12499499999999998
advice_margin,1,88001,89000,1000,38.89048767089844,38.96903991699219,41359,17.800081904411314,17.82311260032654,17.82311260032654,0.981796875,0.0,0.19216641579568386,0.22201834901422263,0.11499499999999996
advice_margin,1,89001,90000,1000,37.520362854003906,37.391746520996094,41289,17.24006897830963,17.264218907356263,17.264218907356263,0.9771875,0.0,0.17268668197095394,0.2610271220207214,0.10499499999999998
advice_margin,1,90001,91000,1000,37.39018249511719,36.31777572631836,41194,17.076830615997313,17.10584548377991,17.10584548377991,0.987046875,0.0,0.17170066776499152,0.2897439468950033,0.09499500000000001
advice_margin,1,91001,92000,1000,38.98912048339844,38.090606689453125,40845,16.781642740249634,16.808178733825685,16.808178733825685,0.976515625,0.0,0.1761467582061887,0.3253479836285114,0.08499499999999999
advice_margin,1,92001,93000,1000,41.130775451660156,39.669254302978516,40336,16.379760014533996,16.409751361846922,16.409751361846922,0.948,0.0,0.1732324638515711,0.3589056905657053,0.07499499999999999
advice_margin,1,93001,94000,1000,44.546695709228516,43.52963638305664,40191,16.650052998542787,16.68077391052246,16.68077391052246,0.97803125,0.0,0.201011440359056,0.3830708356499672,0.06499500000000001
advice_margin,1,94001,95000,1000,44.64898681640625,43.33642578125,39309,16.645162684440614,16.680118236541748,16.680118236541748,0.9820625,0.0,0.20798551179096103,0.4337227631509304,0.054994999999999974
advice_margin,1,95001,96000,1000,45.153907775878906,42.942649841308594,38940,16.817447454452516,16.850533020973206,16.850533020973206,0.98740625,0.0,0.19459572508186102,0.4690359263718128,0.04499499999999999
advice_margin,1,96001,97000,1000,43.61275100708008,42.40103530883789,38307,16.96177724647522,17.002712844848634,17.002712844848634,0.9825625,0.0,0.2090750160254538,0.5253753457069397,0.03499499999999999
advice_margin,1,97001,98000,1000,42.67975616455078,42.267662048339844,36930,17.33203480911255,17.376298163414003,17.376298163414003,0.97309375,0.0,0.22242801062017678,0.6277675065994263,0.024994999999999976
advice_margin,1,98001,99000,1000,43.76866149902344,42.05445098876953,35175,17.786088685035704,17.827036617279052,17.827036617279052,0.9621875,0.0,0.19998573721572757,0.6990605997443199,0.014994999999999982
advice_margin,1,99001,100000,1000,40.923255920410156,39.64912414550781,32993,18.368525011062623,18.40278786659241,18.40278786659241,0.96540625,0.0,0.16765668104961515,0.7707048011422157,0.004995000000000006
advice_margin,1,100001,101000,1000,40.121070861816406,39.39882278442383,0,19.076342052459715,19.111938800811767,19.111938800811767,0.97621875,0.0,0.15824172761291266,0.0,0.0
advice_margin,1,101001,102000,1000,40.924381256103516,39.62135314941406,0,19.70754051399231,19.748146419525145,19.748146419525145,0.97915625,0.0,0.1521033896431327,0.0,0.0
advice_margin,1,102001,103000,1000,42.37052536010742,41.56158447265625,0,20.194430467605592,20.229081661224367,20.229081661224367,0.98184375,0.0,0.15771101953834296,0.0,0.0
advice_margin,1,103001,104000,1000,43.08102035522461,42.372840881347656,0,20.457400117874144,20.492758728027344,20.492758728027344,0.9858125,0.0,0.15422544292733073,0.0,0.0
advice_margin,1,104001,105000,1000,41.975406646728516,41.8683967590332,0,20.62809009552002,20.66913568878174,20.66913568878174,0.991734375,0.0,0.16175756792351603,0.0,0.0
advice_margin,1,105001,106000,1000,41.672645568847656,42.87821578979492,0,20.883872468948365,20.923003875732423,20.923003875732423,0.994640625,0.0,0.16337078487873077,0.0,0.0
advice_margin,1,106001,107000,1000,41.59598922729492,40.39319610595703,0,21.267017978668214,21.30638461494446,21.30638461494446,0.99628125,0.0,0.17389127572625876,0.0,0.0
advice_margin,1,107001,108000,1000,42.379486083984375,41.53026580810547,0,21.525486614227294,21.567300802230836,21.567300802230836,0.99628125,0.0,0.1992931771837175,0.0,0.0
advice_margin,1,108001,109000,1000,42.448001861572266,41.1641960144043,0,21.630376598358154,21.671609104156495,21.671609104156495,0.996125,0.0,0.17253006195649503,0.0,0.0
advice_margin,1,109001,110000,1000,42.076725006103516,41.24860763549805,0,21.66958706855774,21.707848051071167,21.707848051071167,0.99565625,0.0,0.14865612812153994,0.0,0.0
advice_margin,1,110001,111000,1000,46.52873992919922,44.917945861816406,0,21.855901872634888,21.882084255218505,21.882084255218505,0.9955,0.0,0.1521657831557095,0.0,0.0
advice_margin,1,111001,112000,1000,44.75334167480469,43.383949279785156,0,21.42704556465149,21.447672004699708,21.447672004699708,0.99534375,0.0,0.13883386253379285,0.0,0.0
advice_margin,1,112001,113000,1000,43.62983703613281,42.96875,0,21.247123292922975,21.277366771698,21.277366771698,0.99575,0.0,0.14493055680207909,0.0,0.0
advice_margin,1,113001,114000,1000,44.68227767944336,42.099002838134766,0,21.429592584609985,21.450177589416505,21.450177589416505,0.99521875,0.0,0.17428403809294105,0.0,0.0
advice_margin,1,114001,115000,1000,43.629154205322266,43.18171310424805,0,21.450281286239623,21.47279799079895,21.47279799079895,0.994234375,0.0,0.18799246635288,0.0,0.0
advice_margin,1,115001,116000,1000,44.05704879760742,43.2579231262207,0,21.8077961807251,21.833299335479737,21.833299335479737,0.995140625,0.0,0.18401383985951542,0.0,0.0
advice_margin,1,116001,117000,1000,43.9262580871582,43.17898178100586,0,22.14498119354248,22.17723455619812,22.17723455619812,0.995828125,0.0,0.1850456920415163,0.0,0.0
advice_margin,1,117001,118000,1000,45.14881896972656,44.17365264892578,0,22.059246772766112,22.094067607879637,22.094067607879637,0.99625,0.0,0.18241502255946399,0.0,0.0
advice_margin,1,118001,119000,1000,45.29291534423828,44.63352584838867,0,22.80625307273865,22.844251453399657,22.844251453399657,0.995921875,0.0,0.21671778824925422,0.0,0.0
advice_margin,1,119001,120000,1000,45.4394645690918,43.98480224609375,0,23.98139928817749,24.024918689727784,24.024918689727784,0.9965625,0.0,0.2212121230736375,0.0,0.0
advice_margin,1,120001,121000,1000,45.47429275512695,44.01952362060547,0,24.84260669708252,24.879908081054687,24.879908081054687,0.996265625,0.0,0.22686733811348678,0.0,0.0
advice_margin,1,121001,122000,1000,44.97772216796875,44.45405578613281,0,25.739548561096193,25.76594002532959,25.76594002532959,0.99628125,0.0,0.23087192945927382,0.0,0.0
advice_margin,1,122001,123000,1000,43.37091827392578,42.45261764526367,0,26.378217555999758,26.392966745376587,26.392966745376587,0.996421875,0.0,0.2122397715896368,0.0,0.0
advice_margin,1,123001,124000,1000,39.296424865722656,38.70584487915039,0,26.764083080291748,26.781142986297606,26.781142986297606,0.996609375,0.0,0.20633519997820257,0.0,0.0
advice_margin,1,124001,125000,1000,40.76314926147461,40.23248291015625,0,27.13238744735718,27.14377529335022,27.14377529335022,0.996640625,0.0,0.18725721987709404,0.0,0.0
advice_margin,1,125001,126000,1000,40.34042739868164,39.590232849121094,0,27.814652975082396,27.826784839630125,27.826784839630125,0.99640625,0.0,0.1730332535430789,0.0,0.0
advice_margin,1,126001,127000,1000,43.803653717041016,42.977882385253906,0,28.068550170898437,28.073835260391235,28.073835260391235,0.996125,0.0,0.1642438451908529,0.0,0.0
advice_margin,1,127001,128000,1000,39.41905212402344,39.42392349243164,0,27.967756340026856,27.969348899841307,27.969348899841307,0.99628125,0.0,0.14364151483774185,0.0,0.0
advice_margin,1,128001,129000,1000,38.42097473144531,38.09666442871094,0,27.66203862953186,27.6634193649292,27.6634193649292,0.99603125,0.0,0.12537746965140104,0.0,0.0
advice_margin,1,129001,130000,1000,37.91490173339844,37.70148849487305,0,27.303184703826904,27.301986907958984,27.301986907958984,0.99615625,0.0,0.12154131736233831,0.0,0.0
advice_margin,1,130001,131000,1000,37.21857452392578,36.668094635009766,0,26.90896354675293,26.90111380004883,26.90111380004883,0.9959375,0.0,0.12163996554911137,0.0,0.0
advice_margin,1,131001,132000,1000,37.656982421875,37.2963752746582,0,26.44953938674927,26.445725240707397,26.445725240707397,0.996703125,0.0,0.10743893353268504,0.0,0.0
advice_margin,1,132001,133000,1000,35.57634353637695,35.42763137817383,0,26.193288171768188,26.191689554214477,26.191689554214477,0.996125,0.0,0.10217276255972683,0.0,0.0
advice_margin,1,133001,134000,1000,34.584449768066406,34.00643539428711,0,25.774472927093505,25.76868152999878,25.76868152999878,0.995734375,0.0,0.09711320670321584,0.0,0.0
advice_margin,1,134001,135000,1000,34.28474426269531,33.74714660644531,0,25.318009828567504,25.31072543144226,25.31072543144226,0.99534375,0.0,0.09870683663710952,0.0,0.0
advice_margin,1,135001,136000,1000,33.70650100708008,32.96306228637695,0,25.04886825180054,25.040230655670165,25.040230655670165,0.996109375,0.0,0.08715388069860637,0.0,0.0
advice_margin,1,136001,137000,1000,32.79875946044922,32.41523361206055,0,24.94129337692261,24.93444345664978,24.93444345664978,0.9961875,0.0,0.0760394179020077,0.0,0.0
advice_margin,1,137001,138000,1000,32.07474136352539,31.448822021484375,0,24.86701879119873,24.854680213928223,24.854680213928223,0.9961875,0.0,0.07304884546808899,0.0,0.0
advice_margin,1,138001,139000,1000,31.157024383544922,30.998628616333008,0,24.628151571273804,24.61407599449158,24.61407599449158,0.995453125,0.0,0.07678632529638707,0.0,0.0
advice_margin,1,139001,140000,1000,30.311439514160156,30.021806716918945,0,24.360641212463378,24.35149294090271,24.35149294090271,0.9959375,0.0,0.06030141791049391,0.0,0.0
advice_margin,1,140001,141000,1000,29.731260299682617,29.4945068359375,0,24.034649042129516,24.02876877784729,24.02876877784729,0.996078125,0.0,0.05000459265056997,0.0,0.0
advice_margin,1,141001,142000,1000,29.084936141967773,28.82149887084961,0,23.359363891601564,23.349763858795168,23.349763858795168,0.996109375,0.0,0.04658724213764071,0.0,0.0
advice_margin,1,142001,143000,1000,27.87466049194336,27.87168312072754,0,22.831106426239014,22.826324026107788,22.826324026107788,0.99690625,0.0,0.036397866231389346,0.0,0.0
advice_margin,1,143001,144000,1000,27.1064395904541,26.761005401611328,0,22.246744859695436,22.242693367004396,22.242693367004396,0.99665625,0.0,0.03476030958071351,0.0,0.0
advice_margin,1,144001,145000,1000,26.524681091308594,26.462034225463867,0,21.608266218185424,21.60627928161621,21.60627928161621,0.996921875,0.0,0.024993859519716354,0.0,0.0
advice_margin,1,145001,146000,1000,25.716073989868164,25.461660385131836,0,21.02141174888611,21.01746001815796,21.01746001815796,0.9968125,0.0,0.024092493567150087,0.0,0.0
advice_margin,1,146001,147000,1000,25.71535301208496,25.23020362854004,0,20.397655124664308,20.394607288360596,20.394607288360596,0.997078125,0.0,0.02276577008701861,0.0,0.0
advice_margin,1,147001,148000,1000,25.205406188964844,24.836082458496094,0,19.697186178207396,19.696757539749147,19.696757539749147,0.99759375,0.0,0.018014343700371683,0.0,0.0
advice_margin,1,148001,149000,1000,22.655256271362305,22.099660873413086,0,19.06509323120117,19.06505173301697,19.06505173301697,0.9975625,0.0,0.017127594485878944,0.0,0.0
advice_margin,1,149001,150000,1000,21.842430114746094,21.18080711364746,0,18.590663841247558,18.58979623413086,18.58979623413086,0.9979375,0.0,0.015706764594186098,0.0,0.0
advice_margin,1,150001,151000,1000,20.359153747558594,20.408681869506836,0,18.143032634735107,18.140214950561525,18.140214950561525,0.99771875,0.0,0.014312438799766824,0.0,0.0
advice_margin,1,151001,152000,1000,19.84367561340332,19.634464263916016,0,17.594348733901978,17.592929580688477,17.592929580688477,0.998,0.0,0.011096659353002906,0.0,0.0
advice_margin,1,152001,153000,1000,19.423961639404297,19.277894973754883,0,17.10879698753357,17.105416313171386,17.105416313171386,0.998171875,0.0,0.011291347560705618,0.0,0.0
advice_margin,1,153001,154000,1000,18.611980438232422,18.144920349121094,0,16.59026480293274,16.587958594322206,16.587958594322206,0.9984375,0.0,0.009518296102294698,0.0,0.0
advice_margin,1,154001,155000,1000,17.830554962158203,17.600915908813477,0,15.994042972564698,15.991931993484497,15.991931993484497,0.99853125,0.0,0.008880516903940589,0.0,0.0
advice_margin,1,155001,156000,1000,17.75115966796875,17.740427017211914,0,15.40733027458191,15.405188473701477,15.405188473701477,0.998578125,0.0,0.010247555509675293,0.0,0.0
advice_margin,1,156001,157000,1000,17.152999877929688,17.023880004882812,0,14.840744037628173,14.839562401771545,14.839562401771545,0.998796875,0.0,0.008004174225614407,0.0,0.0
advice_margin,1,157001,158000,1000,16.518287658691406,16.422346115112305,0,14.272996002197265,14.27169849205017,14.27169849205017,0.998640625,0.0,0.007455653676297516,0.0,0.0
advice_margin,1,158001,159000,1000,15.798091888427734,15.837900161743164,0,13.727219207763671,13.725869762420654,13.725869762420654,0.999234375,0.0,0.0057301198144559745,0.0,0.0
advice_margin,1,159001,160000,1000,15.705938339233398,15.581279754638672,0,13.266113300323486,13.265197644233703,13.265197644233703,0.99925,0.0,0.005638867215311621,0.0,0.0
advice_margin,1,160001,161000,1000,15.272501945495605,15.162572860717773,0,12.885686765670776,12.884111534118652,12.884111534118652,0.999265625,0.0,0.006575828810222447,0.0,0.0
advice_margin,1,161001,162000,1000,14.81536865234375,14.665467262268066,0,12.48532913684845,12.483232667922973,12.483232667922973,0.999140625,0.0,0.006381525270349812,0.0,0.0
advice_margin,1,162001,163000,1000,15.077744483947754,14.866372108459473,0,12.134737701416016,12.133430921554565,12.133430921554565,0.985796875,0.0,0.006954482410685159,0.0,0.0
advice_margin,1,163001,164000,1000,14.38172435760498,14.36731243133545,0,11.780108703613282,11.7789693069458,11.7789693069458,0.972015625,0.0,0.005557944348431192,0.0,0.0
advice_margin,1,164001,165000,1000,13.769956588745117,13.636155128479004,0,11.421166489601136,11.420251294136047,11.420251294136047,0.966640625,0.0,0.005556052471045405,0.0,0.0
advice_margin,1,165001,166000,1000,13.191048622131348,13.043062210083008,0,11.030480431556702,11.029810668945313,11.029810668945313,0.929703125,0.0,0.004633160287165083,0.0,0.0
advice_margin,1,166001,167000,1000,12.8738374710083,12.735488891601562,0,10.686744205474854,10.686529799461365,10.686529799461365,0.850328125,0.0,0.004286092399503104,0.0,0.0
advice_margin,1,167001,168000,1000,12.563981056213379,12.457442283630371,0,10.305152389526366,10.30470045852661,10.30470045852661,0.739796875,0.0,0.00440728300093906,0.0,0.0
advice_margin,1,168001,169000,1000,11.874456405639648,11.89978313446045,0,9.979827321052552,9.97809967136383,9.97809967136383,0.61475,0.0,0.005231922382139601,0.0,0.0
advice_margin,1,169001,170000,1000,11.38923168182373,11.365199089050293,0,9.619144205093384,9.61875241279602,9.61875241279602,0.260859375,0.0,0.0033364991453127004,0.0,0.0
advice_margin,1,170001,171000,1000,10.851584434509277,10.884649276733398,0,9.318305459022522,9.317227140426636,9.317227140426636,0.069890625,0.0,0.004100599704892374,0.0,0.0
advice_margin,1,171001,172000,1000,10.37680721282959,10.341048240661621,0,9.008623901367187,9.00661874961853,9.00661874961853,0.00365625,0.0,0.005553295740741305,0.0,0.0
advice_margin,1,172001,173000,1000,9.943166732788086,9.906978607177734,0,8.674322920799256,8.673365731239318,8.673365731239318,0.0,0.0,0.0034162475836928934,0.0,0.0
advice_margin,1,173001,174000,1000,9.550357818603516,9.514643669128418,0,8.336133241176606,8.33574176454544,8.33574176454544,0.0,0.0,0.0025161851930606645,0.0,0.0
advice_margin,1,174001,175000,1000,9.242691993713379,9.176814079284668,0,7.950182682514191,7.949534070491791,7.949534070491791,0.0,0.0,0.003131370730989147,0.0,0.0
advice_margin,1,175001,176000,1000,8.894207000732422,8.767783164978027,0,7.642959171295166,7.642555500030517,7.642555500030517,0.0,0.0,0.0029316521992732306,0.0,0.0
advice_margin,1,176001,177000,1000,8.508197784423828,8.504151344299316,0,7.312977816581726,7.312988837718963,7.312988837718963,0.0,0.0,0.0022918469823489432,0.0,0.0
advice_margin,1,177001,178000,1000,8.223040580749512,8.2683744430542,0,6.990508243083954,6.990396162033081,6.990396162033081,0.0,0.0,0.0018971157392079477,0.0,0.0
advice_margin,1,178001,179000,1000,7.934616565704346,7.909010887145996,0,6.649882886886597,6.6498691215515136,6.6498691215515136,0.0,0.0,0.0014748492601793259,0.0,0.0
advice_margin,1,179001,180000,1000,7.694156169891357,7.724062442779541,0,6.312380620956421,6.3123794279098515,6.3123794279098515,0.0,0.0,0.0013898430051922333,0.0,0.0
advice_margin,1,180001,181000,1000,7.515298366546631,7.509507656097412,0,5.99528934955597,5.995295765399933,5.995295765399933,0.0,0.0,0.0012980352302256505,0.0,0.0
advice_margin,1,181001,182000,1000,7.305150985717773,10.0,0,5.708994775772095,5.709436735630035,5.709436735630035,0.0,0.0,0.001758088226459222,0.0,0.0
advice_margin,1,182001,183000,1000,7.117100238800049,10.0,0,5.3990806651115415,5.399527659893036,5.399527659893036,0.0,0.0,0.0014215229905530577,0.0,0.0
advice_margin,1,183001,184000,1000,6.8947062492370605,10.0,0,5.118411598205566,5.119438454627991,5.119438454627991,0.0,0.0,0.0019965230530506234,0.0,0.0
advice_margin,1,184001,185000,1000,6.665475845336914,10.0,0,4.921835275650024,4.925441188812256,4.925441188812256,0.0,0.0,0.005472475212736754,0.0,0.0
advice_margin,1,185001,186000,1000,10.65699291229248,10.0,0,4.765640458106994,4.767889055252075,4.767889055252075,0.0,0.0,0.005630128250457347,0.0,0.0
advice_margin,1,186001,187000,1000,11.635397911071777,10.78918170928955,0,4.9943229684829715,4.995691190719604,4.995691190719604,0.001015625,0.0,0.010565247604274191,0.0,0.0
advice_margin,1,187001,188000,1000,11.242796897888184,10.957356452941895,0,5.381444721221924,5.381240555763244,5.381240555763244,0.006046875,0.0,0.015380629203049466,0.0,0.0
advice_margin,1,188001,189000,1000,13.578927993774414,12.439489364624023,0,5.984996377468109,5.985467305183411,5.985467305183411,0.027859375,0.0,0.014792672985815443,0.0,0.0
advice_margin,1,189001,190000,1000,16.163145065307617,15.110947608947754,0,6.704649464607239,6.704951665878296,6.704951665878296,0.1251875,0.0,0.013317051617894322,0.0,0.0
advice_margin,1,190001,191000,1000,17.820344924926758,16.790620803833008,0,7.106112900733947,7.1059339632987975,7.1059339632987975,0.154484375,0.0,0.011162158497376368,0.0,0.0
advice_margin,1,191001,192000,1000,19.25826644897461,18.64847183227539,0,7.261945717811584,7.2623117723464965,7.2623117723464965,0.14928125,0.0,0.010897380829090253,0.0,0.0
advice_margin,1,192001,193000,1000,19.7799015045166,19.255517959594727,0,7.684097654819489,7.6848055953979495,7.6848055953979495,0.169359375,0.0,0.012768354543950408,0.0,0.0
advice_margin,1,193001,194000,1000,19.768342971801758,19.190263748168945,0,7.932884729862213,7.933642403125763,7.933642403125763,0.144234375,0.0,0.013714943967759609,0.0,0.0
advice_margin,1,194001,195000,1000,20.929641723632812,20.277179718017578,0,8.231234761714935,8.231551438331604,8.231551438331604,0.15828125,0.0,0.013070222657639533,0.0,0.0
advice_margin,1,195001,196000,1000,20.06667137145996,19.840925216674805,0,8.405246015548705,8.404658625125885,8.404658625125885,0.175390625,0.0,0.0148839476890862,0.0,0.0
advice_margin,1,196001,197000,1000,18.62889289855957,18.228769302368164,0,8.79738822889328,8.795756396770477,8.795756396770477,0.19428125,0.0,0.015768793026916684,0.0,0.0
advice_margin,1,197001,198000,1000,18.43949317932129,18.377750396728516,0,9.398201091766357,9.39807220363617,9.39807220363617,0.24796875,0.0,0.016603175825206564,0.0,0.0
advice_margin,1,198001,199000,1000,19.468841552734375,19.014699935913086,0,9.953235825538636,9.951462243080138,9.951462243080138,0.324390625,0.0,0.01724095519608818,0.0,0.0
advice_margin,1,199001,200000,1000,19.684579849243164,19.54375457763672,0,10.532834177017213,10.530792645454406,10.530792645454406,0.387359375,0.0,0.019494533735327422,0.0,0.0
advice_bound_margin,1,1,1000,501,9.874333381652832,10.0,26649,0.16800674087202508,0.22228763240599583,0.22228763240599583,0.0,0.0,0.11202725905092235,0.06290350420950343,0.9924999999999995
advice_bound_margin,1,1001,2000,1000,11.24876594543457,10.2681884765625,53413,1.032108515292406,1.0554510259330272,1.05677449169755,0.011703125,0.011703125,0.08750285363197327,0.004401175715461477,0.9849949999999991
advice_bound_margin,1,2001,3000,1000,11.446327209472656,10.929762840270996,53215,2.0574732155799866,2.0730952684879305,2.080257508277893,0.047203125,0.047203125,0.09310438339971006,0.0033737268066925024,0.974995
advice_bound_margin,1,3001,4000,1000,11.654951095581055,11.392401695251465,52887,3.178091438651085,3.1852611862421036,3.194747361421585,0.055359375,0.055359375,0.09467364401556551,0.0032892890078505843,0.9649950000000013
advice_bound_margin,1,4001,5000,1000,11.652836799621582,11.096254348754883,52580,4.109420219182968,4.113120508670807,4.1162362520694735,0.019375,0.019375,0.08211991350539029,0.0026029219248750904,0.9549949999999993
advice_bound_margin,1,5001,6000,1000,11.578857421875,11.22048282623291,52718,4.943228013753891,4.940449556827545,4.954576898097992,0.085515625,0.085515625,0.07993638918735087,0.002513347536247238,0.9449949999999999
advice_bound_margin,1,6001,7000,1000,11.711700439453125,11.461712837219238,51858,5.754050757884979,5.747439469337463,5.77094810962677,0.1598125,0.1598125,0.08591054724156856,0.0025276552465720668,0.9349950000000008
advice_bound_margin,1,7001,8000,1000,11.2916898727417,10.92881965637207,51667,6.354233442783356,6.347996518611908,6.35925532579422,0.116953125,0.116953125,0.07306396792642772,0.002337512791381414,0.9249950000000003
advice_bound_margin,1,8001,9000,1000,11.270241737365723,10.794504165649414,51619,6.954795551776886,6.950252976417541,6.973468004703522,0.187359375,0.187359375,0.07336464965343475,0.0024380092025988913,0.9149949999999989
advice_bound_margin,1,9001,10000,1000,11.34209156036377,11.117400169372559,51194,7.582760280132294,7.576954117774964,7.628841554641723,0.33653125,0.33653125,0.07352197042480112,0.002340348787889525,0.9049949999999998
advice_bound_margin,1,10001,11000,1000,11.246007919311523,10.965689659118652,50841,8.044122101306915,8.036899031639098,8.089384644508362,0.3686875,0.3686875,0.07418297004885971,0.002100641285606571,0.8949950000000011
advice_bound_margin,1,11001,12000,1000,11.101934432983398,11.019736289978027,50585,8.4125914478302,8.404850798130035,8.445082621574402,0.318546875,0.318546875,0.07432122523523867,0.0020172322417934085,0.8849949999999993
advice_bound_margin,1,12001,13000,1000,11.309837341308594,11.015637397766113,50152,8.754426882743836,8.746228886127472,8.800959797382355,0.36409375,0.36409375,0.07424444533698261,0.002066134947423166,0.8749949999999996
advice_bound_margin,1,13001,14000,1000,11.639433860778809,11.425315856933594,49635,9.054038018226624,9.045969714164734,9.111811918258667,0.37953125,0.37953125,0.0738190093729645,0.0019615996264165003,0.8649950000000007
advice_bound_margin,1,14001,15000,1000,11.863107681274414,11.304350852966309,49269,9.33539346599579,9.332390633583069,9.382085284233094,0.381203125,0.381203125,0.06724771597981453,0.002019151065448341,0.8549950000000005
advice_bound_margin,1,15001,16000,1000,11.873727798461914,11.402580261230469,48787,9.433486304283143,9.429684596061707,9.460501348495484,0.245921875,0.245921875,0.06667439517192543,0.0019918990772821417,0.8449949999999989
advice_bound_margin,1,16001,17000,1000,11.896400451660156,11.861857414245605,48952,9.654292104721069,9.648471628189087,9.726977004051209,0.455453125,0.455453125,0.06590213212184608,0.0016680982213247261,0.8349949999999999
advice_bound_margin,1,17001,18000,1000,11.63493537902832,11.579480171203613,48567,9.737258400917053,9.733494661331177,9.790720315933228,0.4131875,0.4131875,0.06046394251659513,0.0015139364641533462,0.8249950000000011
advice_bound_margin,1,18001,19000,1000,11.590940475463867,11.635819435119629,48348,9.864087211608886,9.8591169424057,10.017251132965088,0.731703125,0.731703125,0.06982762501202523,0.0015555545714756817,0.8149949999999996
advice_bound_margin,1,19001,20000,1000,11.645819664001465,11.552539825439453,48411,9.893623289108277,9.888403908729554,10.013397371292115,0.737703125,0.737703125,0.063296760071069,0.0013079248469613277,0.8049949999999995
advice_bound_margin,1,20001,21000,1000,11.714107513427734,11.625165939331055,47962,9.900241236686707,9.894103017807007,10.033521703720092,0.746078125,0.746078125,0.06217725376598537,0.00124882802846696,0.7949950000000007
advice_bound_margin,1,21001,22000,1000,11.516329765319824,11.639102935791016,47677,9.8701999502182,9.863799188613891,9.964099452972413,0.606828125,0.606828125,0.06270736744999886,0.0012911005844582775,0.7849950000000002
advice_bound_margin,1,22001,23000,1000,11.376172065734863,11.225393295288086,47357,9.845033416748047,9.839737438201904,9.926657303810119,0.552640625,0.552640625,0.0642836530432105,0.0013770754235090407,0.7749949999999991
advice_bound_margin,1,23001,24000,1000,11.358237266540527,11.26639461517334,47550,9.856887782096862,9.85378947544098,9.95531986618042,0.596140625,0.596140625,0.05927382939122617,0.0013249073075339765,0.764995
advice_bound_margin,1,24001,25000,1000,11.701010704040527,11.496129035949707,47298,9.904281436920167,9.902240440368653,10.059884520530701,0.7950625,0.7950625,0.058815335961058736,0.0013840706813225553,0.7549950000000009
advice_bound_margin,1,25001,26000,1000,11.64680004119873,11.492426872253418,47108,9.876123127937317,9.874471400260925,9.986111638069152,0.678421875,0.678421875,0.05916273307427764,0.0012528711523344214,0.7449949999999996
advice_bound_margin,1,26001,27000,1000,12.1958589553833,12.058624267578125,46789,9.87548994922638,9.874059841156006,9.994394510269165,0.641734375,0.641734375,0.05851372542604804,0.0012702995593826926,0.7349949999999993
advice_bound_margin,1,27001,28000,1000,12.409870147705078,12.282954216003418,46608,9.853627262115479,9.850814965248109,9.928493614196777,0.554078125,0.554078125,0.060591976135969165,0.0012600243463512584,0.724995000000001
advice_bound_margin,1,28001,29000,1000,12.372220993041992,12.065960884094238,46694,9.901731056213379,9.898897612571716,10.065550278663634,0.767609375,0.767609375,0.060947073267772794,0.00140736188062111,0.7149950000000003
advice_bound_margin,1,29001,30000,1000,12.244962692260742,11.68354320526123,46737,9.920502007484435,9.918704627990722,10.095680876731873,0.8064375,0.8064375,0.057243859285488724,0.001294090562435713,0.7049949999999994
advice_bound_margin,1,30001,31000,1000,11.848716735839844,11.485001564025879,46130,9.879917798042298,9.879326421737671,9.970771389007568,0.6171875,0.6171875,0.05510646713897586,0.0013481478591258736,0.6949950000000001
advice_bound_margin,1,31001,32000,1000,11.614821434020996,11.281702995300293,45809,9.878109987258911,9.877418730735778,10.00239389514923,0.613828125,0.613828125,0.056002172006294135,0.001698313103188866,0.6849950000000006
advice_bound_margin,1,32001,33000,1000,11.991567611694336,11.726827621459961,45849,9.9215495595932,9.920485689163208,10.07476336669922,0.760828125,0.760828125,0.05673154876381159,0.0016650348906284763,0.6749949999999998
advice_bound_margin,1,33001,34000,1000,11.811031341552734,11.442333221435547,45712,9.887060904502869,9.885432188987732,9.982997760772705,0.60328125,0.60328125,0.056299813378602265,0.0016991131067999278,0.6649949999999991
advice_bound_margin,1,34001,35000,1000,11.443737030029297,11.151611328125,45407,9.916043259620666,9.915339406967163,10.087508872032165,0.782859375,0.782859375,0.05675929464958608,0.0013358467398538777,0.6549950000000008
advice_bound_margin,1,35001,36000,1000,11.480472564697266,11.054237365722656,45254,9.871200669288635,9.871050201416015,9.958573328971863,0.542,0.542,0.054834559217095374,0.001522494057558788,0.6449950000000001
advice_bound_margin,1,36001,37000,1000,11.6278715133667,11.415117263793945,45007,9.927750217437744,9.92722115135193,10.119252997398377,0.828640625,0.828640625,0.05660937014780939,0.0014925099510866176,0.6349949999999993
advice_bound_margin,1,37001,38000,1000,11.512221336364746,11.657322883605957,44577,9.928610129356384,9.927915845870972,10.101795881271363,0.804640625,0.804640625,0.05611982254497707,0.0017444804132655917,0.6249950000000001
advice_bound_margin,1,38001,39000,1000,11.855901718139648,11.593633651733398,44396,9.93205460166931,9.931176077842713,10.09814932346344,0.79053125,0.79053125,0.056289647806435826,0.0014754409885805444,0.6149950000000003
advice_bound_margin,1,39001,40000,1000,11.691483497619629,11.439491271972656,44448,9.931418188095092,9.928811426162719,10.075412997245788,0.733,0.733,0.05650576208345592,0.00136134401499271,0.6049949999999997
advice_bound_margin,1,40001,41000,1000,11.949321746826172,11.772306442260742,44482,9.923726881980896,9.919306127548218,10.056492843627929,0.71153125,0.71153125,0.059040500277653334,0.0017295424030548362,0.5949949999999994
advice_bound_margin,1,41001,42000,1000,12.052258491516113,12.135052680969238,44348,9.922696365356446,9.919978324890137,10.076196659088135,0.76,0.76,0.05794252390228212,0.0013902008054039925,0.5849950000000005
advice_bound_margin,1,42001,43000,1000,12.23183822631836,11.813310623168945,44146,9.930521212577819,9.928532169342041,10.109665712356568,0.801125,0.801125,0.05694126854836941,0.0013767678577945616,0.5749950000000003
advice_bound_margin,1,43001,44000,1000,11.448562622070312,11.528116226196289,44089,9.927056257247925,9.925447913169862,10.058442182540894,0.736734375,0.736734375,0.05579796141386032,0.0014907138900513673,0.5649949999999996
advice_bound_margin,1,44001,45000,1000,11.761652946472168,11.625216484069824,43803,9.902678315162659,9.902393585205077,10.024156005859375,0.68046875,0.68046875,0.05510289872251451,0.0014094390923428133,0.5549950000000003
advice_bound_margin,1,45001,46000,1000,11.726140022277832,11.408905982971191,43905,9.930938555717468,9.930931464195252,10.120979732513428,0.804671875,0.804671875,0.05622579049319029,0.0016799396710282793,0.5449950000000001
advice_bound_margin,1,46001,47000,1000,11.416059494018555,11.430718421936035,43652,9.921173258781433,9.921621311187744,10.089168493270874,0.7455625,0.7455625,0.05488690601289272,0.0015266745007061217,0.5349949999999998
advice_bound_margin,1,47001,48000,1000,11.473008155822754,11.4332857131958,43777,9.918273705482482,9.918537090301514,10.036070226669311,0.691640625,0.691640625,0.05439328253082931,0.0015042290204614233,0.524995
advice_bound_margin,1,48001,49000,1000,11.489133834838867,11.339402198791504,43167,9.932563703536987,9.932974828720093,10.098818676948547,0.762078125,0.762078125,0.056412634275853635,0.0016603673475358107,0.5149949999999999
advice_bound_margin,1,49001,50000,1000,11.419134140014648,11.256570816040039,43231,9.945541604995727,9.945560919761657,10.156995363235474,0.847953125,0.847953125,0.056012299334630374,0.0016690024600975449,0.504995
advice_bound_margin,1,50001,51000,1000,11.496315956115723,11.243481636047363,42948,9.941793232917785,9.941179953575134,10.111463233947754,0.77978125,0.77978125,0.057170482251793144,0.001738149102313514,0.4949949999999998
advice_bound_margin,1,51001,52000,1000,11.706316947937012,12.035416603088379,42671,9.921428986549378,9.92177450275421,10.066781176567078,0.722109375,0.722109375,0.05547022731043398,0.0016943034681630707,0.48499500000000006
advice_bound_margin,1,52001,53000,1000,12.109601974487305,11.703628540039062,42742,9.905220477104187,9.905737579345702,10.051422183990478,0.6735625,0.6735625,0.05453566136956215,0.0017826543215460333,0.4749950000000002
advice_bound_margin,1,53001,54000,1000,12.293280601501465,12.286722183227539,42185,9.90678878879547,9.90731679725647,10.040840129852295,0.688,0.688,0.05591300040856004,0.001961249615368246,0.46499499999999994
advice_bound_margin,1,54001,55000,1000,12.258036613464355,12.219698905944824,42385,9.927279485702515,9.927814445495606,10.09429994392395,0.7605625,0.7605625,0.05579171823896468,0.002097129446154213,0.4549950000000001
advice_bound_margin,1,55001,56000,1000,12.139365196228027,11.958889961242676,41992,9.945229740142823,9.945775282859803,10.144518708229064,0.809265625,0.809265625,0.054853417100384834,0.002134545493888481,0.44499499999999975
advice_bound_margin,1,56001,57000,1000,11.436484336853027,11.302392959594727,41945,9.946237984657287,9.946722578048705,10.15315005016327,0.81309375,0.81309375,0.054203703802078965,0.0020190845796387294,0.43499499999999997
advice_bound_margin,1,57001,58000,1000,11.288704872131348,11.080713272094727,41865,9.926267839431762,9.92676159286499,10.071828455924988,0.72909375,0.72909375,0.0542373161688447,0.0019959872199151506,0.424995
advice_bound_margin,1,58001,59000,1000,11.330331802368164,11.143107414245605,41793,9.931142886161805,9.931824158668517,10.09658242225647,0.754359375,0.754359375,0.05326088324189186,0.0021054974526455226,0.4149950000000001
advice_bound_margin,1,59001,60000,1000,11.316169738769531,11.246291160583496,41835,9.933431088447572,9.933483806610107,10.099440603256225,0.75965625,0.75965625,0.0526745728533715,0.002142295648426007,0.4049949999999999
advice_bound_margin,1,60001,61000,1000,11.458477973937988,11.11838150024414,42178,9.92657854270935,9.927052231788636,10.079446027755738,0.732734375,0.732734375,0.05328679211251438,0.0021646694831789545,0.394995
advice_bound_margin,1,61001,62000,1000,11.259955406188965,11.102093696594238,42072,9.9317390499115,9.932011877059937,10.082926016807557,0.73503125,0.73503125,0.05293155181407928,0.002160827132746817,0.38499499999999987
advice_bound_margin,1,62001,63000,1000,11.45350170135498,11.177881240844727,41993,9.94508120250702,9.945579028129577,10.13093292427063,0.79421875,0.79421875,0.0532184645421803,0.002373520952422808,0.3749950000000002
advice_bound_margin,1,63001,64000,1000,11.478645324707031,11.23951244354248,42336,9.941014045715333,9.941254706382752,10.109439191818238,0.770125,0.770125,0.05275874803587794,0.0025212070517113714,0.364995
advice_bound_margin,1,64001,65000,1000,11.323956489562988,11.044919967651367,41988,9.929233954429627,9.92936905002594,10.06424189376831,0.680765625,0.680765625,0.05252372260205448,0.002442890619701302,0.354995
advice_bound_margin,1,65001,66000,1000,11.396668434143066,11.20119571685791,42286,9.950312311172485,9.949669633865357,10.144214575767517,0.82421875,0.82421875,0.054984180158004166,0.002587028062615673,0.344995
advice_bound_margin,1,66001,67000,1000,11.243910789489746,10.891559600830078,42213,9.914162433624268,9.912508972167968,10.022871110916137,0.652578125,0.652578125,0.05486676931940019,0.0027291052643195145,0.3349949999999997
advice_bound_margin,1,67001,68000,1000,11.461074829101562,11.196754455566406,42448,9.93300107574463,9.931850999832154,10.11733382987976,0.773578125,0.773578125,0.05512575518898666,0.0027693844447087487,0.32499500000000026
advice_bound_margin,1,68001,69000,1000,11.372124671936035,11.029098510742188,42329,9.918834857940674,9.91840525150299,10.055087906837464,0.69428125,0.69428125,0.05189657581783831,0.002903642925625263,0.31499499999999975
advice_bound_margin,1,69001,70000,1000,11.423551559448242,11.060173988342285,42199,9.942910965919495,9.943475566864013,10.130483154296876,0.78565625,0.78565625,0.052159739509224895,0.0031336722367677795,0.30499499999999996
advice_bound_margin,1,70001,71000,1000,11.614109992980957,11.614706039428711,41774,9.926159002304077,9.92676199913025,10.089712017059327,0.731,0.731,0.0529275838136673,0.0037072329872262343,0.29499500000000023
advice_bound_margin,1,71001,72000,1000,11.329778671264648,11.060906410217285,41463,9.930477199554444,9.930146244049073,10.092016657829285,0.7384375,0.7384375,0.05290968956053257,0.0037999564257852397,0.28499499999999983
advice_bound_margin,1,72001,73000,1000,11.440937995910645,11.206925392150879,41615,9.934371147155762,9.934034059524537,10.123858435630797,0.781234375,0.781234375,0.05226491427049041,0.0038409890829570943,0.27499500000000004
advice_bound_margin,1,73001,74000,1000,11.335308074951172,11.192166328430176,41649,9.92953855419159,9.929517051696777,10.1128287525177,0.7671875,0.7671875,0.05203294597938657,0.00413054695498613,0.2649949999999998
advice_bound_margin,1,74001,75000,1000,11.301064491271973,11.17353343963623,41488,9.92068456172943,9.921002674102784,10.08532045841217,0.72478125,0.72478125,0.051095053158700464,0.0045279717553580665,0.254995
advice_bound_margin,1,75001,76000,1000,11.319897651672363,11.083415985107422,41378,9.915875689506532,9.916680091857911,10.07898286151886,0.705734375,0.705734375,0.050318296376615765,0.005059746123570221,0.24499499999999996
advice_bound_margin,1,76001,77000,1000,11.699264526367188,11.319067001342773,41319,9.92135518169403,9.921765042304992,10.101478864669799,0.743609375,0.743609375,0.05051297763362527,0.005473635440634098,0.23499499999999995
advice_bound_margin,1,77001,78000,1000,11.460662841796875,11.341753959655762,41519,9.930951393127442,9.931869878768921,10.140878075599671,0.794375,0.794375,0.05111660153977573,0.006285624895834189,0.22499499999999995
advice_bound_margin,1,78001,79000,1000,11.548164367675781,11.14715576171875,41569,9.94031885433197,9.940287183761596,10.143700028419495,0.795671875,0.795671875,0.05017089195176959,0.0068456380337447624,0.21499499999999996
advice_bound_margin,1,79001,80000,1000,11.483208656311035,11.369363784790039,41512,9.940085018157959,9.939913854598998,10.142943920135497,0.803359375,0.803359375,0.05046567056886852,0.008138087138300762,0.20499499999999996
advice_bound_margin,1,80001,81000,1000,11.35140323638916,11.239612579345703,41690,9.928484625816345,9.927755142211915,10.121403190612792,0.77525,0.77525,0.05139815620146692,0.009230763747880701,0.19499499999999995
advice_bound_margin,1,81001,82000,1000,11.419229507446289,11.192343711853027,41686,9.931977249145508,9.930595608711243,10.113392567634582,0.768046875,0.768046875,0.05093339741788804,0.010422463621769566,0.18499500000000002
advice_bound_margin,1,82001,83000,1000,11.335479736328125,11.036398887634277,41983,9.91787961769104,9.91753805923462,10.066491671562195,0.704140625,0.704140625,0.04967804401554167,0.012147087953751906,0.17499499999999998
advice_bound_margin,1,83001,84000,1000,11.368278503417969,11.323176383972168,42062,9.93423237133026,9.93419456577301,10.137115698814393,0.807234375,0.807234375,0.048607905166223646,0.01583330729883164,0.16499500000000003
advice_bound_margin,1,84001,85000,1000,11.366809844970703,11.16605281829834,42341,9.922973958969116,9.922451747894288,10.06656472682953,0.716453125,0.716453125,0.047706086253747344,0.020728778323624283,0.154995
advice_bound_margin,1,85001,86000,1000,11.354488372802734,11.087800025939941,42180,9.913624654769897,9.911536083221435,10.052595559120178,0.708703125,0.708703125,0.04890525673516095,0.030174971187487246,0.14499499999999996
advice_bound_margin,1,86001,87000,1000,11.399779319763184,11.170699119567871,41944,9.927390924453736,9.925540249824524,10.092887803077698,0.764921875,0.764921875,0.04638576439581812,0.04639628290012479,0.13499499999999992
advice_bound_margin,1,87001,88000,1000,11.31802749633789,11.130754470825195,42306,9.917641199111939,9.914845902442933,10.059898727416993,0.731578125,0.731578125,0.04359843862056732,0.0651452188808471,0.12499499999999998
advice_bound_margin,1,88001,89000,1000,11.389617919921875,11.125813484191895,42322,9.900381021499634,9.89876997756958,10.012828001976013,0.6671875,0.6671875,0.03898691071011126,0.08829112270846963,0.11499499999999996
advice_bound_margin,1,89001,90000,1000,11.556991577148438,11.23792552947998,42451,9.924278703689575,9.923275385856629,10.060464253425598,0.722484375,0.722484375,0.03397017543017864,0.11946587586402893,0.10499499999999998
advice_bound_margin,1,90001,91000,1000,11.540240287780762,11.247651100158691,42705,9.907256063461304,9.907006772994995,9.993345673561096,0.583,0.583,0.0277684428691864,0.15480625124275685,0.09499500000000001
advice_bound_margin,1,91001,92000,1000,11.594622611999512,11.456144332885742,42577,9.920389200210572,9.920302936553956,10.020872374534607,0.66946875,0.66946875,0.02477238753065467,0.1970927879959345,0.08499499999999999
advice_bound_margin,1,92001,93000,1000,11.707362174987793,11.270718574523926,42647,9.92361427974701,9.923514624595642,10.00442136478424,0.5805,0.5805,0.019158992044627666,0.2277535503357649,0.07499499999999999
advice_bound_margin,1,93001,94000,1000,11.625399589538574,11.510509490966797,42796,9.903536227226258,9.903830063819886,9.969722521781922,0.51425,0.51425,0.016811697554308922,0.2545523693710566,0.06499500000000001
advice_bound_margin,1,94001,95000,1000,11.801695823669434,11.430349349975586,42757,9.905332447052002,9.904956960678101,9.965145098686218,0.49565625,0.49565625,0.01576347212912515,0.2904099147170782,0.054994999999999974
advice_bound_margin,1,95001,96000,1000,11.941835403442383,11.832608222961426,42548,9.916279479980469,9.916310298919678,9.97967045879364,0.508859375,0.508859375,0.011997782411519439,0.3312348945140839,0.04499499999999999
advice_bound_margin,1,96001,97000,1000,11.8215913772583,11.663132667541504,42885,9.845984725952148,9.846187425613403,9.876613580703735,0.16046875,0.16046875,0.009207390786847099,0.36125569558143616,0.03499499999999999
advice_bound_margin,1,97001,98000,1000,11.5989990234375,11.191539764404297,42965,9.762172132492065,9.761815330505371,9.783696054458618,0.094234375,0.094234375,0.00891221704822965,0.4147866605222225,0.024994999999999976
advice_bound_margin,1,98001,99000,1000,11.449091911315918,11.18522834777832,43262,9.657457385063172,9.65737324142456,9.670924074172973,0.066765625,0.066765625,0.00682969846506603,0.48084515464305877,0.014994999999999982
advice_bound_margin,1,99001,100000,1000,11.347633361816406,11.09027099609375,42825,9.568742782592773,9.568590646743774,9.577410019874574,0.046375,0.046375,0.005959098759456538,0.5607884223759174,0.004995000000000006
advice_bound_margin,1,100001,101000,1000,11.599581718444824,10.964759826660156,0,9.418299175262451,9.418406984329224,9.422743098258973,0.025984375,0.025984375,0.005889159931219183,0.0,0.0
advice_bound_margin,1,101001,102000,1000,11.060302734375,11.055062294006348,0,9.326915560722352,9.327127323150634,9.329308558464051,0.01603125,0.01603125,0.005431511151837185,0.0,0.0
advice_bound_margin,1,102001,103000,1000,11.080339431762695,10.921767234802246,0,9.182580865859986,9.182575768470764,9.184231269836426,0.00946875,0.00946875,0.005138396240421571,0.0,0.0
advice_bound_margin,1,103001,104000,1000,10.855657577514648,10.555343627929688,0,9.067712018013001,9.06713275718689,9.067884605407714,0.005078125,0.005078125,0.0059585343669168655,0.0,0.0
advice_bound_margin,1,104001,105000,1000,10.818894386291504,10.712570190429688,0,8.938330435752869,8.938296236991881,8.938550917625427,0.00234375,0.00234375,0.005983257620595396,0.0,0.0
advice_bound_margin,1,105001,106000,1000,10.598470687866211,10.495712280273438,0,8.838497657775878,8.83763679409027,8.837833729743958,0.001609375,0.001609375,0.005633100484148599,0.0,0.0
advice_bound_margin,1,106001,107000,1000,10.387828826904297,10.279987335205078,0,8.728131422042846,8.727591994285584,8.727710264205932,0.00128125,0.00128125,0.005607441269094124,0.0,0.0
advice_bound_margin,1,107001,108000,1000,10.287989616394043,10.073808670043945,0,8.602415831565857,8.60184827709198,8.601870973587037,0.00075,0.00075,0.0060295302389422436,0.0,0.0
advice_bound_margin,1,108001,109000,1000,10.477921485900879,10.359017372131348,0,8.475843225479126,8.475264658927918,8.47530799293518,0.000484375,0.000484375,0.0053561498627532275,0.0,0.0
advice_bound_margin,1,109001,110000,1000,10.402223587036133,10.188325881958008,0,8.339460997104645,8.339244139671326,8.339324498176575,0.001421875,0.001421875,0.005290074300253764,0.0,0.0
advice_bound_margin,1,110001,111000,1000,10.36556339263916,10.24911880493164,0,8.365740664482116,8.365376155853271,8.36557897090912,0.0035625,0.0035625,0.005880889133200981,0.0,0.0
advice_bound_margin,1,111001,112000,1000,10.334710121154785,10.211712837219238,0,8.36513479089737,8.364934772968292,8.36515515089035,0.003640625,0.003640625,0.005926472104503773,0.0,0.0
advice_bound_margin,1,112001,113000,1000,10.445582389831543,10.396584510803223,0,8.362722538471221,8.362396847724915,8.36261894416809,0.003859375,0.003859375,0.006084506586077623,0.0,0.0
advice_bound_margin,1,113001,114000,1000,10.361002922058105,10.277387619018555,0,8.352963377475739,8.352882369041442,8.353066362380982,0.00446875,0.00446875,0.004865396858425811,0.0,0.0
advice_bound_margin,1,114001,115000,1000,10.32693862915039,10.184205055236816,0,8.333132576942443,8.332807744026184,8.332862169265747,0.001265625,0.001265625,0.004653883183957077,0.0,0.0
advice_bound_margin,1,115001,116000,1000,10.442246437072754,10.357881546020508,0,8.330981995582581,8.330679285049438,8.330904577255248,0.005375,0.005375,0.004628407196141779,0.0,0.0
advice_bound_margin,1,116001,117000,1000,10.494889259338379,10.485834121704102,0,8.304982504844666,8.305179802417754,8.305299293041228,0.00165625,0.00165625,0.004352466995012946,0.0,0.0
advice_bound_margin,1,117001,118000,1000,10.354304313659668,10.224274635314941,0,8.342065208911896,8.342151679992675,8.342363083839416,0.004640625,0.004640625,0.003863783346256241,0.0,0.0
advice_bound_margin,1,118001,119000,1000,10.396602630615234,10.312893867492676,0,8.342766959667205,8.342493029594422,8.342605836868286,0.001921875,0.001921875,0.004114311383746099,0.0,0.0
advice_bound_margin,1,119001,120000,1000,10.401756286621094,10.380064010620117,0,8.305153734207153,8.305177969932556,8.305344024658202,0.003328125,0.003328125,0.0037478200688492508,0.0,0.0
advice_bound_margin,1,120001,121000,1000,10.446818351745605,10.254176139831543,0,8.322680956363678,8.322581248283386,8.322683336257935,0.001125,0.001125,0.00366878847789485,0.0,0.0
advice_bound_margin,1,121001,122000,1000,10.321003913879395,10.311383247375488,0,8.316900542736054,8.316999244213104,8.317104528903961,0.001734375,0.001734375,0.0032936458680196666,0.0,0.0
advice_bound_margin,1,122001,123000,1000,10.217452049255371,10.080957412719727,0,8.307442883968353,8.307512309551239,8.307527688980102,0.0004375,0.0004375,0.0025045028159511274,0.0,0.0
advice_bound_margin,1,123001,124000,1000,10.248360633850098,10.130715370178223,0,8.34722851228714,8.347391056060792,8.347437032699585,0.001125,0.001125,0.002477146958175581,0.0,0.0
advice_bound_margin,1,124001,125000,1000,10.17513656616211,10.121648788452148,0,8.379253920078277,8.379246771335602,8.379324531555175,0.0025,0.0025,0.0026417323889327236,0.0,0.0
advice_bound_margin,1,125001,126000,1000,10.465770721435547,10.395751953125,0,8.451030420780182,8.451102633953095,8.451170140743256,0.003125,0.003125,0.0020189666431979277,0.0,0.0
advice_bound_margin,1,126001,127000,1000,10.127710342407227,10.080105781555176,0,8.446817264556884,8.446400654792786,8.446408987045288,0.000296875,0.000296875,0.002574365654203575,0.0,0.0
advice_bound_margin,1,127001,128000,1000,10.13746166229248,10.056410789489746,0,8.452639949798584,8.452640124320984,8.452646779060364,0.000265625,0.000265625,0.0020126789825735615,0.0,0.0
advice_bound_margin,1,128001,129000,1000,10.198798179626465,10.088979721069336,0,8.412136606693268,8.412148102760314,8.412161558151245,0.000390625,0.000390625,0.0025646221056813373,0.0,0.0
advice_bound_margin,1,129001,130000,1000,10.346565246582031,10.054159164428711,0,8.385875152587891,8.385909945487976,8.385916892051696,0.000421875,0.000421875,0.001971951923565939,0.0,0.0
advice_bound_margin,1,130001,131000,1000,10.152558326721191,10.059854507446289,0,8.345636538982392,8.345637893199921,8.34564316225052,0.00025,0.00025,0.001865086921141483,0.0,0.0
advice_bound_margin,1,131001,132000,1000,10.155777931213379,10.060333251953125,0,8.31474731683731,8.3148253865242,8.31483564710617,0.00065625,0.00065625,0.0015271937513898592,0.0,0.0
advice_bound_margin,1,132001,133000,1000,10.16366958618164,10.025711059570312,0,8.302002169132233,8.302061666011811,8.302062567234039,7.8125e-05,7.8125e-05,0.0016952181030646899,0.0,0.0
advice_bound_margin,1,133001,134000,1000,10.166657447814941,10.104774475097656,0,8.299606985569,8.29959703397751,8.299619873523712,0.0008125,0.0008125,0.0017633400916238315,0.0,0.0
advice_bound_margin,1,134001,135000,1000,10.157031059265137,10.052986145019531,0,8.313619214534759,8.313677796840668,8.313684934139252,0.000453125,0.000453125,0.0017400953264441342,0.0,0.0
advice_bound_margin,1,135001,136000,1000,10.154247283935547,10.080373764038086,0,8.289766026973725,8.289317051887512,8.289327466964721,0.000375,0.000375,0.0023323353112791666,0.0,0.0
advice_bound_margin,1,136001,137000,1000,10.208754539489746,10.118220329284668,0,8.243034332275391,8.242803732395172,8.242811428546906,0.00034375,0.00034375,0.001960753689229023,0.0,0.0
advice_bound_margin,1,137001,138000,1000,10.153033256530762,10.10368537902832,0,8.239277720451355,8.239278272151948,8.239289543628693,0.000234375,0.000234375,0.0015190031310776248,0.0,0.0
advice_bound_margin,1,138001,139000,1000,10.155232429504395,10.062334060668945,0,8.2522511510849,8.252433668613433,8.252436460971833,0.0001875,0.0001875,0.00141991032398073,0.0,0.0
advice_bound_margin,1,139001,140000,1000,10.201431274414062,10.064713478088379,0,8.298872330665588,8.298810808181763,8.298877388000488,0.002484375,0.002484375,0.0015134809431328904,0.0,0.0
advice_bound_margin,1,140001,141000,1000,10.20946216583252,10.044922828674316,0,8.313001084327698,8.31257585144043,8.31259051799774,0.0008125,0.0008125,0.0023404583097144495,0.0,0.0
advice_bound_margin,1,141001,142000,1000,10.16614818572998,10.05273151397705,0,8.331008103370667,8.330845670700073,8.330849601745605,0.00021875,0.00021875,0.0016771275847277138,0.0,0.0
advice_bound_margin,1,142001,143000,1000,10.112747192382812,10.032658576965332,0,8.320909955978394,8.320928972244262,8.320930799484254,6.25e-05,6.25e-05,0.0011094257957302033,0.0,0.0
advice_bound_margin,1,143001,144000,1000,10.163003921508789,10.053603172302246,0,8.302562744617463,8.302601800441742,8.302607636928558,0.000296875,0.000296875,0.00119509783652029,0.0,0.0
advice_bound_margin,1,144001,145000,1000,10.106453895568848,10.015109062194824,0,8.294150237560272,8.294210039615631,8.294210587978363,6.25e-05,6.25e-05,0.0011041278181655799,0.0,0.0
advice_bound_margin,1,145001,146000,1000,10.123944282531738,10.018147468566895,0,8.334625275611877,8.334648521900178,8.334649729251861,0.000109375,0.000109375,0.0010764692556840601,0.0,0.0
advice_bound_margin,1,146001,147000,1000,10.167521476745605,10.045195579528809,0,8.369219791412354,8.369278019428252,8.369288429737091,0.00059375,0.00059375,0.001215293871850008,0.0,0.0
advice_bound_margin,1,147001,148000,1000,10.093574523925781,10.008580207824707,0,8.405570140838623,8.405640169143677,8.405641248703002,0.000203125,0.000203125,0.0008157202717411565,0.0,0.0
advice_bound_margin,1,148001,149000,1000,10.088814735412598,10.0,0,8.380872289657592,8.38091240310669,8.38091240310669,0.0,0.0,0.0008233986995619489,0.0,0.0
advice_bound_margin,1,149001,150000,1000,10.077563285827637,10.012280464172363,0,8.383278522491455,8.383200835227965,8.383201292991638,4.6875e-05,4.6875e-05,0.0009457688249822241,0.0,0.0
advice_bound_margin,1,150001,151000,1000,10.109668731689453,10.0,0,8.361341226100922,8.361389912605286,8.361389912605286,0.0,0.0,0.000883949778508395,0.0,0.0
advice_bound_margin,1,151001,152000,1000,10.094186782836914,10.002151489257812,0,8.380226706504821,8.380240942955018,8.380240976333619,1.5625e-05,1.5625e-05,0.0007162999745632988,0.0,0.0
advice_bound_margin,1,152001,153000,1000,10.08382797241211,10.00937271118164,0,8.371628735542297,8.371660281181336,8.371660426139831,1.5625e-05,1.5625e-05,0.0007066251611249755,0.0,0.0
advice_bound_margin,1,153001,154000,1000,10.1021089553833,10.0,0,8.3381862449646,8.338055562019347,8.338055562019347,0.0,0.0,0.0009217529107409064,0.0,0.0
advice_bound_margin,1,154001,155000,1000,10.109299659729004,10.02968978881836,0,8.364156812667847,8.364169981956483,8.364170653343201,6.25e-05,6.25e-05,0.0006721329386928118,0.0,0.0
advice_bound_margin,1,155001,156000,1000,10.095638275146484,10.015902519226074,0,8.365549633026124,8.365548908233643,8.365549156188965,1.5625e-05,1.5625e-05,0.0007969715667422861,0.0,0.0
advice_bound_margin,1,156001,157000,1000,10.120275497436523,10.031508445739746,0,8.340163813114167,8.340208110809327,8.340209959983826,0.000125,0.000125,0.0005687418420711765,0.0,0.0
advice_bound_margin,1,157001,158000,1000,10.155706405639648,10.065286636352539,0,8.33283558702469,8.33283907032013,8.33284188938141,0.000125,0.000125,0.00047459661160246467,0.0,0.0
advice_bound_margin,1,158001,159000,1000,10.163935661315918,10.03828239440918,0,8.329516663551331,8.329537253379822,8.329542652130128,0.00040625,0.00040625,0.0005201276676962152,0.0,0.0
advice_bound_margin,1,159001,160000,1000,10.141624450683594,10.101781845092773,0,8.34071892118454,8.340548821926117,8.340554505825043,0.000109375,0.000109375,0.0007023331563832471,0.0,0.0
advice_bound_margin,1,160001,161000,1000,10.180221557617188,10.106188774108887,0,8.353855007171632,8.353861141204835,8.353869513511658,0.000140625,0.000140625,0.00045789035098277965,0.0,0.0
advice_bound_margin,1,161001,162000,1000,10.140156745910645,10.064756393432617,0,8.342534329414368,8.342520823955535,8.342524859905243,6.25e-05,6.25e-05,0.00046647832315647975,0.0,0.0
advice_bound_margin,1,162001,163000,1000,10.127605438232422,10.03884220123291,0,8.32849547290802,8.328465841770171,8.328466618061066,3.125e-05,3.125e-05,0.000564028758170025,0.0,0.0
advice_bound_margin,1,163001,164000,1000,10.15507984161377,10.070106506347656,0,8.328783821105956,8.328812571525575,8.328820119857788,0.000265625,0.000265625,0.0004229427458412829,0.0,0.0
advice_bound_margin,1,164001,165000,1000,10.13723373413086,10.07598876953125,0,8.333287742614747,8.333300269603729,8.333305831432343,0.000109375,0.000109375,0.0003474742198959575,0.0,0.0
advice_bound_margin,1,165001,166000,1000,10.16704273223877,10.0,0,8.343273968696595,8.34320966720581,8.34320966720581,0.0,0.0,0.0005335230754280929,0.0,0.0
advice_bound_margin,1,166001,167000,1000,10.069110870361328,10.0,0,8.370159986495972,8.370141875743865,8.370141875743865,0.0,0.0,0.00037043100157461593,0.0,0.0
advice_bound_margin,1,167001,168000,1000,10.059861183166504,10.052797317504883,0,8.346313884735107,8.345808664321899,8.345809489250183,1.5625e-05,1.5625e-05,0.0009923107771464856,0.0,0.0
advice_bound_margin,1,168001,169000,1000,10.103341102600098,10.036781311035156,0,8.348877332687378,8.34834378671646,8.34834546804428,9.375e-05,9.375e-05,0.001048292460705852,0.0,0.0
advice_bound_margin,1,169001,170000,1000,10.08387565612793,10.015861511230469,0,8.34063074684143,8.340401064872742,8.340401808738708,4.6875e-05,4.6875e-05,0.0008588251802648301,0.0,0.0
advice_bound_margin,1,170001,171000,1000,10.218969345092773,10.085811614990234,0,8.319127690315247,8.319119074821472,8.319137867927552,0.000765625,0.000765625,0.0007814885771804256,0.0,0.0
advice_bound_margin,1,171001,172000,1000,10.203264236450195,10.115301132202148,0,8.38374363040924,8.383505974769593,8.383535124778748,0.00134375,0.00134375,0.0008317345052273595,0.0,0.0
advice_bound_margin,1,172001,173000,1000,10.266685485839844,10.119017601013184,0,8.400196821212768,8.399680251121522,8.399752724647522,0.00134375,0.00134375,0.0011112080827297176,0.0,0.0
advice_bound_margin,1,173001,174000,1000,10.172612190246582,10.091214179992676,0,8.437381183624268,8.43701087665558,8.437067664146424,0.001296875,0.001296875,0.0010187315055372893,0.0,0.0
advice_bound_margin,1,174001,175000,1000,10.093352317810059,10.015497207641602,0,8.423779252052308,8.423633489608765,8.423633731842042,1.5625e-05,1.5625e-05,0.0007402105747387395,0.0,0.0
advice_bound_margin,1,175001,176000,1000,10.083343505859375,10.0,0,8.414236860275269,8.414232760429382,8.414232760429382,0.0,0.0,0.00044593288275791566,0.0,0.0
advice_bound_margin,1,176001,177000,1000,10.141597747802734,10.05259895324707,0,8.390414821624756,8.390298617362976,8.390299438476562,1.5625e-05,1.5625e-05,0.0005862195066583809,0.0,0.0
advice_bound_margin,1,177001,178000,1000,10.057160377502441,10.0,0,8.377018565177918,8.37707868051529,8.37707868051529,0.0,0.0,0.0004974361024360405,0.0,0.0
advice_bound_margin,1,178001,179000,1000,10.074335098266602,10.002785682678223,0,8.36445831680298,8.36444750213623,8.364447545051574,1.5625e-05,1.5625e-05,0.00038404949897812913,0.0,0.0
advice_bound_margin,1,179001,180000,1000,10.066267013549805,10.0,0,8.31929700422287,8.31899149274826,8.31899149274826,0.0,0.0,0.0007339738351220149,0.0,0.0
advice_bound_margin,1,180001,181000,1000,10.089447021484375,10.003028869628906,0,8.309613196372986,8.309221043109893,8.309221089839935,1.5625e-05,1.5625e-05,0.0009014330293794046,0.0,0.0
advice_bound_margin,1,181001,182000,1000,10.0665922164917,10.011425018310547,0,8.293594712257386,8.29329484987259,8.293295070171355,3.125e-05,3.125e-05,0.0010059262467038935,0.0,0.0
advice_bound_margin,1,182001,183000,1000,10.084593772888184,10.0,0,8.285037691116333,8.284817776679994,8.284817776679994,0.0,0.0,0.0007605223610080429,0.0,0.0
advice_bound_margin,1,183001,184000,1000,10.066892623901367,10.0,0,8.280200181484222,8.280214134693146,8.280214134693146,0.0,0.0,0.0003833161709699198,0.0,0.0
advice_bound_margin,1,184001,185000,1000,10.086349487304688,10.0,0,8.277751328468323,8.277744111537933,8.277744111537933,0.0,0.0,0.00044189277943223717,0.0,0.0
advice_bound_margin,1,185001,186000,1000,10.076289176940918,10.0,0,8.288106771945953,8.288129372119904,8.288129372119904,0.0,0.0,0.00043058441095490706,0.0,0.0
advice_bound_margin,1,186001,187000,1000,10.070332527160645,10.0,0,8.308746604919433,8.30874952697754,8.30874952697754,0.0,0.0,0.00031596243947569746,0.0,0.0
advice_bound_margin,1,187001,188000,1000,10.102052688598633,10.031367301940918,0,8.303799114227296,8.303825620174408,8.303827090740203,4.6875e-05,4.6875e-05,0.00036258782452568996,0.0,0.0
advice_bound_margin,1,188001,189000,1000,10.114201545715332,10.019804954528809,0,8.306009575843811,8.306007578372956,8.306008689403534,6.25e-05,6.25e-05,0.00032571553848174516,0.0,0.0
advice_bound_margin,1,189001,190000,1000,10.098105430603027,10.011878967285156,0,8.308150170326233,8.30815732383728,8.30815783405304,4.6875e-05,4.6875e-05,0.0003079077764450631,0.0,0.0
advice_bound_margin,1,190001,191000,1000,10.074068069458008,10.0,0,8.331286975383758,8.331212316036224,8.331212316036224,0.0,0.0,0.0004552555171831045,0.0,0.0
advice_bound_margin,1,191001,192000,1000,10.058576583862305,10.0,0,8.332213044643401,8.332117753982544,8.332117753982544,0.0,0.0,0.0005248253064746677,0.0,0.0
advice_bound_margin,1,192001,193000,1000,10.065340042114258,10.0,0,8.325420430660248,8.32510276556015,8.32510276556015,0.0,0.0,0.000791966846500145,0.0,0.0
advice_bound_margin,1,193001,194000,1000,10.066177368164062,10.0,0,8.345076809883118,8.345023512840271,8.345023512840271,0.0,0.0,0.00034821867768914674,0.0,0.0
advice_bound_margin,1,194001,195000,1000,10.08858585357666,10.029292106628418,0,8.332373470783233,8.332381008148193,8.332381652832032,3.125e-05,3.125e-05,0.0003240363262812025,0.0,0.0
advice_bound_margin,1,195001,196000,1000,10.060482025146484,10.0,0,8.343994004249573,8.343856250286102,8.343856250286102,0.0,0.0,0.0005285162776708603,0.0,0.0
advice_bound_margin,1,196001,197000,1000,10.098062515258789,10.0,0,8.355283591270446,8.354947243213653,8.354947243213653,0.0,0.0,0.0008171397158657783,0.0,0.0
advice_bound_margin,1,197001,198000,1000,10.09116268157959,10.0,0,8.333325760841369,8.33334110546112,8.33334110546112,0.0,0.0,0.00034188206567341696,0.0,0.0
advice_bound_margin,1,198001,199000,1000,10.083184242248535,10.0,0,8.35688875579834,8.356611283302307,8.356611283302307,0.0,0.0,0.0005946655470652331,0.0,0.0
advice_bound_margin,1,199001,200000,1000,10.1002779006958,10.0,0,8.344644441604615,8.344468928337097,8.344468928337097,0.0,0.0,0.0006085980885109166,0.0,0.0
