episode,environment_steps,episode_steps,scenario_id,condition,success,collision,budget_cutoff,return,epsilon,demo_samples_cumulative,online_samples_cumulative,visible_dynamic_steps_cumulative,reference_risk_steps_cumulative,sampled_visible_dynamic_cumulative
0,85,85,pair_001_control,control,1,0,0,12.410000000000002,0.29986,1360,4080,7,0,1
1,170,85,pair_015_conflict,conflict,1,0,0,12.410000000000002,0.2997183333333333,2720,8160,19,0,3
2,267,97,pair_008_control,control,1,0,0,12.290000000000003,0.29955666666666664,4272,12816,26,0,20
3,369,102,pair_007_conflict,conflict,1,0,0,12.240000000000002,0.29938666666666663,5904,17712,26,0,33
4,458,89,pair_003_conflict,conflict,1,0,0,12.370000000000001,0.29923833333333333,7328,21984,47,0,48
5,554,96,pair_017_control,control,0,1,0,1.100000000000001,0.29907833333333333,8864,26592,57,0,71
6,644,90,pair_000_conflict,conflict,1,0,0,12.360000000000001,0.2989283333333333,10304,30912,80,0,108
7,737,93,pair_008_conflict,conflict,1,0,0,12.330000000000002,0.29877333333333334,11792,35376,97,0,151
8,841,104,pair_006_control,control,1,0,0,12.22,0.2986,13456,40368,97,0,211
9,930,89,pair_012_conflict,conflict,1,0,0,12.370000000000001,0.29845166666666667,14880,44640,106,0,249
10,1011,81,pair_010_control,control,1,0,0,12.450000000000001,0.2983166666666667,16176,48528,135,0,303
11,1099,88,pair_012_control,control,1,0,0,12.38,0.29817,17584,52752,149,1,378
12,1190,91,pair_004_conflict,conflict,1,0,0,12.350000000000001,0.29801833333333333,19040,57120,174,1,459
13,1267,77,pair_005_conflict,conflict,1,0,0,12.490000000000002,0.29789,20272,60816,185,1,541
14,1357,90,pair_000_control,control,1,0,0,12.360000000000001,0.29774,21712,65136,207,1,626
15,1424,67,pair_014_conflict,conflict,0,1,0,0.5400000000000007,0.29762833333333333,22784,68352,216,1,705
16,1510,86,pair_006_conflict,conflict,1,0,0,12.400000000000002,0.297485,24160,72480,242,1,817
17,1589,79,pair_016_conflict,conflict,1,0,0,12.470000000000002,0.2973533333333333,25424,76272,259,1,917
18,1679,90,pair_014_control,control,1,0,0,12.360000000000001,0.2972033333333333,26864,80592,279,1,1034
19,1787,108,pair_015_control,control,1,0,0,12.180000000000001,0.2970233333333333,28592,85776,295,1,1185
20,1884,97,pair_002_control,control,1,0,0,12.290000000000001,0.29686166666666663,30144,90432,315,1,1357
21,1975,91,pair_009_conflict,conflict,1,0,0,12.350000000000001,0.29671,31600,94800,343,1,1526
22,1990,15,pair_004_control,control,0,1,0,-0.54,0.296685,31840,95520,355,1,1559
23,2075,85,pair_001_conflict,conflict,1,0,0,12.410000000000002,0.2965433333333333,33200,99600,385,1,1755
24,2160,85,pair_002_conflict,conflict,1,0,0,12.410000000000002,0.2964016666666667,34560,103680,404,1,1948
25,2246,86,pair_017_conflict,conflict,1,0,0,12.400000000000002,0.29625833333333335,35936,107808,414,1,2148
26,2342,96,pair_003_control,control,1,0,0,12.3,0.2960983333333333,37472,112416,449,1,2390
27,2428,86,pair_010_conflict,conflict,1,0,0,12.400000000000002,0.29595499999999997,38848,116544,458,1,2609
28,2516,88,pair_009_control,control,1,0,0,12.38,0.29580833333333334,40256,120768,458,1,2850
29,2616,100,pair_011_conflict,conflict,1,0,0,12.260000000000002,0.29564166666666664,41856,125568,462,1,3086
30,2707,91,pair_011_control,control,1,0,0,12.350000000000001,0.29549,43312,129936,471,1,3321
31,2824,117,pair_005_control,control,1,0,0,12.090000000000002,0.295295,45184,135552,487,1,3633
32,2916,92,pair_016_control,control,1,0,0,12.340000000000002,0.29514166666666664,46656,139968,504,1,3890
33,3010,94,pair_013_conflict,conflict,1,0,0,12.320000000000002,0.294985,48160,144480,525,1,4164
34,3104,94,pair_007_control,control,1,0,0,12.32,0.2948283333333333,49664,148992,549,1,4440
35,3198,94,pair_013_control,control,1,0,0,12.32,0.29467166666666667,51168,153504,567,1,4706
36,3292,94,pair_003_conflict,conflict,1,0,0,12.320000000000002,0.29451499999999997,52672,158016,602,1,4996
37,3406,114,pair_015_conflict,conflict,1,0,0,12.120000000000001,0.294325,54496,163488,625,1,5337
38,3514,108,pair_016_conflict,conflict,1,0,0,12.180000000000001,0.294145,56224,168672,653,1,5701
39,3598,84,pair_006_control,control,1,0,0,12.420000000000002,0.29400499999999996,57568,172704,656,1,5993
40,3702,104,pair_010_control,control,1,0,0,12.220000000000002,0.29383166666666666,59232,177696,676,1,6370
41,3793,91,pair_000_conflict,conflict,1,0,0,12.350000000000001,0.29368,60688,182064,697,1,6679
42,3899,106,pair_012_control,control,1,0,0,12.200000000000001,0.29350333333333334,62384,187152,704,1,7061
43,3997,98,pair_004_conflict,conflict,1,0,0,12.280000000000001,0.29334,63952,191856,740,1,7459
44,4129,132,pair_012_conflict,conflict,1,0,0,11.940000000000001,0.29312,66064,198192,775,1,7975
45,4134,5,pair_002_conflict,conflict,0,1,0,-0.99,0.29311166666666666,66144,198432,780,1,7996
46,4252,118,pair_009_control,control,1,0,0,12.080000000000002,0.292915,68032,204096,819,1,8497
47,4354,102,pair_003_control,control,1,0,0,12.240000000000002,0.292745,69664,208992,849,1,9001
48,4439,85,pair_000_control,control,1,0,0,12.410000000000002,0.2926033333333333,71024,213072,869,1,9426
49,4522,83,pair_001_control,control,1,0,0,12.430000000000001,0.292465,72352,217056,877,1,9855
50,4524,2,pair_002_control,control,0,1,0,-0.96,0.2924616666666667,72384,217152,879,1,9864
51,4615,91,pair_006_conflict,conflict,1,0,0,12.350000000000001,0.29231,73840,221520,886,1,10367
52,4719,104,pair_005_conflict,conflict,1,0,0,12.22,0.29213666666666666,75504,226512,904,1,10884
53,4812,93,pair_013_conflict,conflict,1,0,0,12.330000000000002,0.29198166666666664,76992,230976,926,1,11338
54,4893,81,pair_004_control,control,1,0,0,12.450000000000001,0.29184666666666664,78288,234864,955,1,11769
55,4990,97,pair_014_control,control,1,0,0,12.290000000000001,0.29168499999999997,79840,239520,972,1,12255
56,5088,98,pair_007_control,control,1,0,0,12.280000000000001,0.2915216666666667,81408,244224,1008,1,12772
57,5193,105,pair_007_conflict,conflict,1,0,0,12.21,0.29134666666666664,83088,249264,1008,1,13396
58,5280,87,pair_005_control,control,1,0,0,12.39,0.29120166666666664,84480,253440,1021,1,13857
59,5385,105,pair_011_conflict,conflict,1,0,0,12.21,0.29102666666666666,86160,258480,1025,1,14462
60,5497,112,pair_008_control,control,1,0,0,12.140000000000002,0.29084,87952,263856,1025,1,15124
61,5589,92,pair_010_conflict,conflict,1,0,0,12.340000000000002,0.29068666666666665,89424,268272,1032,1,15648
62,5683,94,pair_001_conflict,conflict,1,0,0,12.32,0.29053,90928,272784,1032,1,16216
63,5776,93,pair_013_control,control,1,0,0,12.330000000000002,0.290375,92416,277248,1067,1,16764
64,5877,101,pair_016_control,control,1,0,0,12.250000000000002,0.29020666666666667,94032,282096,1095,1,17349
65,5979,102,pair_011_control,control,1,0,0,12.240000000000002,0.29003666666666666,95664,286992,1110,1,17968
66,6049,70,pair_014_conflict,conflict,0,1,0,0.5600000000000007,0.28992,96784,290352,1125,1,18381
67,6137,88,pair_017_conflict,conflict,1,0,0,12.380000000000003,0.2897733333333333,98192,294576,1154,1,18918
68,6247,110,pair_009_conflict,conflict,1,0,0,12.16,0.28959,99952,299856,1183,1,19638
69,6332,85,pair_015_control,control,1,0,0,12.410000000000002,0.2894483333333333,101312,303936,1202,1,20225
70,6442,110,pair_017_control,control,1,0,0,12.16,0.289265,103072,309216,1218,1,20921
71,6538,96,pair_008_conflict,conflict,1,0,0,12.300000000000002,0.289105,104608,313824,1233,1,21573
72,6630,92,pair_005_conflict,conflict,1,0,0,12.340000000000002,0.28895166666666666,106080,318240,1247,1,22208
73,6634,4,pair_002_control,control,0,1,0,-0.9299999999999999,0.288945,106144,318432,1251,2,22241
74,6712,78,pair_004_conflict,conflict,1,0,0,12.48,0.288815,107392,322176,1275,2,22808
75,6810,98,pair_015_control,control,1,0,0,12.280000000000001,0.28865166666666664,108960,326880,1305,2,23537
76,6899,89,pair_010_conflict,conflict,1,0,0,12.370000000000001,0.28850333333333333,110384,331152,1312,2,24216
77,6989,90,pair_011_control,control,1,0,0,12.360000000000001,0.28835333333333335,111824,335472,1321,2,24853
78,7087,98,pair_012_control,control,1,0,0,12.280000000000001,0.28819,113392,340176,1332,2,25560
79,7198,111,pair_016_conflict,conflict,1,0,0,12.150000000000002,0.288005,115168,345504,1357,2,26379
80,7298,100,pair_012_conflict,conflict,1,0,0,12.260000000000002,0.2878383333333333,116768,350304,1373,2,27116
81,7383,85,pair_007_control,control,1,0,0,12.410000000000002,0.28769666666666666,118128,354384,1400,2,27740
82,7481,98,pair_007_conflict,conflict,1,0,0,12.280000000000001,0.2875333333333333,119696,359088,1424,2,28501
83,7582,101,pair_014_conflict,conflict,1,0,0,12.250000000000002,0.287365,121312,363936,1452,2,29280
84,7679,97,pair_001_control,control,1,0,0,12.290000000000001,0.2872033333333333,122864,368592,1484,2,30097
85,7771,92,pair_009_conflict,conflict,1,0,0,12.340000000000002,0.28704999999999997,124336,373008,1510,2,30845
86,7867,96,pair_009_control,control,1,0,0,12.3,0.28689,125872,377616,1528,2,31632
87,7893,26,pair_003_control,control,0,1,0,-0.45000000000000007,0.28684666666666664,126288,378864,1547,2,31875
88,7979,86,pair_017_conflict,conflict,1,0,0,12.400000000000002,0.2867033333333333,127664,382992,1572,2,32628
89,8075,96,pair_013_control,control,1,0,0,12.3,0.2865433333333333,129200,387600,1596,2,33468
90,8156,81,pair_015_conflict,conflict,0,1,0,1.0000000000000013,0.2864083333333333,130496,391488,1616,2,34213
91,8242,86,pair_017_control,control,1,0,0,12.400000000000002,0.286265,131872,395616,1627,2,34993
92,8340,98,pair_005_control,control,1,0,0,12.280000000000001,0.28610166666666664,133440,400320,1654,2,35893
93,8443,103,pair_010_control,control,1,0,0,12.230000000000002,0.28593,135088,405264,1688,2,36841
94,8555,112,pair_003_conflict,conflict,1,0,0,12.14,0.28574333333333335,136880,410640,1715,2,37839
95,8653,98,pair_008_conflict,conflict,1,0,0,12.280000000000001,0.28558,138448,415344,1736,2,38803
96,8682,29,pair_008_control,control,0,1,0,-0.12999999999999978,0.28553166666666663,138912,416736,1748,2,39069
97,8780,98,pair_000_conflict,conflict,1,0,0,12.280000000000001,0.28536833333333333,140480,421440,1770,2,39988
98,8880,100,pair_016_control,control,1,0,0,12.260000000000002,0.28520166666666663,142080,426240,1801,2,40950
99,8964,84,pair_001_conflict,conflict,1,0,0,12.420000000000002,0.28506166666666666,143424,430272,1835,3,41752
100,9055,91,pair_002_conflict,conflict,1,0,0,12.350000000000001,0.28491,144880,434640,1860,3,42655
101,9159,104,pair_000_control,control,1,0,0,12.22,0.28473666666666664,146544,439632,1899,3,43720
102,9261,102,pair_014_control,control,1,0,0,12.240000000000002,0.28456666666666663,148176,444528,1946,3,44736
103,9356,95,pair_006_conflict,conflict,1,0,0,12.310000000000002,0.2844083333333333,149696,449088,1965,3,45748
104,9443,87,pair_004_control,control,1,0,0,12.39,0.2842633333333333,151088,453264,1990,3,46679
105,9531,88,pair_011_conflict,conflict,1,0,0,12.380000000000003,0.2841166666666667,152496,457488,2011,3,47621
106,9625,94,pair_013_conflict,conflict,1,0,0,12.320000000000002,0.28396,154000,462000,2044,3,48609
107,9720,95,pair_006_control,control,1,0,0,12.310000000000002,0.2838016666666667,155520,466560,2072,3,49624
108,9832,112,pair_011_control,control,1,0,0,12.14,0.283615,157312,471936,2100,3,50754
109,9929,97,pair_016_control,control,1,0,0,12.290000000000001,0.28345333333333333,158864,476592,2143,3,51770
110,10018,89,pair_004_conflict,conflict,1,0,0,12.370000000000001,0.283305,160288,480864,2156,3,52736
111,10121,103,pair_010_conflict,conflict,1,0,0,12.23,0.28313333333333335,161936,485808,2189,3,53898
112,10254,133,pair_011_conflict,conflict,1,0,0,11.930000000000001,0.2829116666666667,164064,492192,2219,3,55340
113,10341,87,pair_017_conflict,conflict,0,1,0,1.1900000000000017,0.28276666666666667,165456,496368,2245,4,56302
114,10436,95,pair_013_control,control,1,0,0,12.310000000000002,0.28260833333333335,166976,500928,2276,4,57354
115,10526,90,pair_003_conflict,conflict,1,0,0,12.360000000000001,0.2824583333333333,168416,505248,2307,4,58358
116,10616,90,pair_014_control,control,1,0,0,12.360000000000001,0.28230833333333333,169856,509568,2323,4,59358
117,10709,93,pair_009_conflict,conflict,1,0,0,12.330000000000002,0.2821533333333333,171344,514032,2351,4,60382
118,10785,76,pair_005_conflict,conflict,1,0,0,12.500000000000002,0.28202666666666665,172560,517680,2374,4,61207
119,10894,109,pair_005_control,control,1,0,0,12.170000000000002,0.281845,174304,522912,2414,4,62419
120,10985,91,pair_012_control,control,1,0,0,12.350000000000001,0.28169333333333335,175760,527280,2437,4,63447
121,11067,82,pair_006_control,control,1,0,0,12.440000000000001,0.2815566666666667,177072,531216,2462,4,64352
122,11153,86,pair_008_control,control,1,0,0,12.400000000000002,0.2814133333333333,178448,535344,2492,4,65306
123,11267,114,pair_015_conflict,conflict,1,0,0,12.120000000000001,0.2812233333333333,180272,540816,2543,5,66601
124,11358,91,pair_000_control,control,1,0,0,12.350000000000001,0.28107166666666666,181728,545184,2583,5,67653
125,11465,107,pair_000_conflict,conflict,1,0,0,12.190000000000001,0.28089333333333333,183440,550320,2617,5,68861
126,11495,30,pair_008_conflict,conflict,0,1,0,-0.0399999999999997,0.28084333333333333,183920,551760,2634,5,69199
127,11605,110,pair_013_conflict,conflict,1,0,0,12.160000000000002,0.28065999999999997,185680,557040,2676,5,70545
128,11708,103,pair_017_control,control,1,0,0,12.23,0.28048833333333334,187328,561984,2692,5,71798
129,11807,99,pair_001_conflict,conflict,1,0,0,12.270000000000001,0.2803233333333333,188912,566736,2742,5,72992
130,11912,105,pair_001_control,control,1,0,0,12.21,0.28014833333333333,190592,571776,2786,5,74312
131,12018,106,pair_009_control,control,1,0,0,12.200000000000001,0.2799716666666667,192288,576864,2813,5,75561
132,12118,100,pair_006_conflict,conflict,1,0,0,12.260000000000002,0.27980499999999997,193888,581664,2860,5,76834
133,12222,104,pair_007_control,control,1,0,0,12.220000000000002,0.27963166666666667,195552,586656,2885,5,78124
134,12308,86,pair_003_control,control,1,0,0,12.400000000000002,0.27948833333333334,196928,590784,2913,5,79181
135,12401,93,pair_010_control,control,1,0,0,12.330000000000002,0.2793333333333333,198416,595248,2950,5,80349
136,12505,104,pair_002_conflict,conflict,1,0,0,12.22,0.27915999999999996,200080,600240,2966,5,81621
137,12601,96,pair_012_conflict,conflict,1,0,0,12.3,0.27899999999999997,201616,604848,2985,5,82880
138,12695,94,pair_016_conflict,conflict,1,0,0,12.320000000000002,0.27884333333333333,203120,609360,3014,5,84005
139,12782,87,pair_004_control,control,1,0,0,12.39,0.2786983333333333,204512,613536,3045,5,85121
140,12879,97,pair_007_conflict,conflict,1,0,0,12.290000000000001,0.27853666666666665,206064,618192,3073,5,86348
141,12974,95,pair_015_control,control,1,0,0,12.310000000000002,0.27837833333333334,207584,622752,3102,5,87581
142,13085,111,pair_014_conflict,conflict,1,0,0,12.15,0.27819333333333335,209360,628080,3136,5,88955
143,13210,125,pair_002_control,control,1,0,0,12.010000000000002,0.277985,211360,634080,3166,5,90540
144,13299,89,pair_015_conflict,conflict,1,0,0,12.370000000000001,0.2778366666666667,212784,638352,3191,5,91681
145,13387,88,pair_013_control,control,1,0,0,12.38,0.27769,214192,642576,3211,5,92827
146,13462,75,pair_009_control,control,1,0,0,12.510000000000002,0.277565,215392,646176,3234,5,93810
147,13556,94,pair_007_conflict,conflict,1,0,0,12.320000000000002,0.2774083333333333,216896,650688,3235,5,95001
148,13647,91,pair_003_control,control,1,0,0,12.350000000000001,0.27725666666666665,218352,655056,3265,5,96124
149,13749,102,pair_014_control,control,1,0,0,12.240000000000002,0.27708666666666665,219984,659952,3320,5,97390
150,13851,102,pair_016_control,control,1,0,0,12.240000000000002,0.27691666666666664,221616,664848,3354,5,98662
151,13943,92,pair_010_conflict,conflict,1,0,0,12.340000000000002,0.2767633333333333,223088,669264,3381,5,99926
152,14032,89,pair_000_conflict,conflict,1,0,0,12.370000000000001,0.276615,224512,673536,3414,5,101088
153,14122,90,pair_006_conflict,conflict,1,0,0,12.360000000000001,0.27646499999999996,225952,677856,3450,5,102338
154,14227,105,pair_012_control,control,1,0,0,12.21,0.27629,227632,682896,3470,5,103749
155,14317,90,pair_001_control,control,1,0,0,12.360000000000001,0.27614,229072,687216,3481,5,104955
156,14414,97,pair_005_conflict,conflict,1,0,0,12.290000000000001,0.2759783333333333,230624,691872,3514,5,106272
157,14515,101,pair_017_control,control,1,0,0,12.250000000000002,0.27581,232240,696720,3534,5,107636
158,14617,102,pair_010_control,control,1,0,0,12.240000000000002,0.27564,233872,701616,3542,5,109024
159,14712,95,pair_004_conflict,conflict,1,0,0,12.31,0.2754816666666667,235392,706176,3590,5,110335
160,14797,85,pair_000_control,control,1,0,0,12.410000000000002,0.27534,236752,710256,3633,5,111507
161,14874,77,pair_012_conflict,conflict,1,0,0,12.490000000000002,0.27521166666666663,237984,713952,3652,5,112638
162,14972,98,pair_013_conflict,conflict,1,0,0,12.280000000000001,0.27504833333333334,239552,718656,3680,5,113974
163,15053,81,pair_009_conflict,conflict,1,0,0,12.450000000000001,0.27491333333333334,240848,722544,3697,5,115109
164,15150,97,pair_005_control,control,1,0,0,12.290000000000001,0.27475166666666667,242400,727200,3734,5,116485
165,15239,89,pair_008_control,control,1,0,0,12.370000000000001,0.2746033333333333,243824,731472,3751,5,117750
166,15324,85,pair_015_control,control,1,0,0,12.410000000000002,0.27446166666666666,245184,735552,3763,5,118996
167,15423,99,pair_011_conflict,conflict,1,0,0,12.270000000000001,0.27429666666666663,246768,740304,3798,6,120361
168,15517,94,pair_008_conflict,conflict,1,0,0,12.320000000000002,0.27414,248272,744816,3828,6,121654
169,15605,88,pair_001_conflict,conflict,1,0,0,12.38,0.2739933333333333,249680,749040,3832,6,122844
170,15686,81,pair_006_control,control,1,0,0,12.450000000000001,0.2738583333333333,250976,752928,3838,6,124017
171,15788,102,pair_002_control,control,1,0,0,12.240000000000002,0.2736883333333333,252608,757824,3883,6,125481
172,15911,123,pair_002_conflict,conflict,1,0,0,12.030000000000001,0.2734833333333333,254576,763728,3934,6,127252
173,15998,87,pair_003_conflict,conflict,1,0,0,12.39,0.27333833333333335,255968,767904,3958,6,128540
174,16110,112,pair_014_conflict,conflict,1,0,0,12.14,0.2731516666666667,257760,773280,3976,6,130135
175,16190,80,pair_011_control,control,1,0,0,12.46,0.2730183333333333,259040,777120,3998,6,131265
176,16270,80,pair_016_conflict,conflict,1,0,0,12.46,0.272885,260320,780960,4014,6,132421
177,16368,98,pair_017_conflict,conflict,1,0,0,12.280000000000001,0.27272166666666664,261888,785664,4042,6,133859
178,16391,23,pair_004_control,control,0,1,0,-0.5200000000000002,0.27268333333333333,262256,786768,4053,7,134177
179,16475,84,pair_007_control,control,1,0,0,12.420000000000002,0.2725433333333333,263600,790800,4080,7,135354
180,16563,88,pair_010_control,control,1,0,0,12.380000000000003,0.2723966666666667,265008,795024,4101,7,136616
181,16679,116,pair_007_control,control,1,0,0,12.100000000000001,0.2722033333333333,266864,800592,4137,7,138271
182,16777,98,pair_017_conflict,conflict,1,0,0,12.280000000000001,0.27204,268432,805296,4160,7,139657
183,16935,158,pair_004_control,control,1,0,0,11.680000000000001,0.27177666666666667,270960,812880,4165,7,141936
184,17024,89,pair_016_conflict,conflict,1,0,0,12.370000000000001,0.2716283333333333,272384,817152,4189,7,143163
185,17109,85,pair_015_conflict,conflict,1,0,0,12.410000000000002,0.27148666666666665,273744,821232,4215,7,144375
186,17195,86,pair_011_control,control,1,0,0,12.400000000000002,0.2713433333333333,275120,825360,4251,7,145556
187,17284,89,pair_009_conflict,conflict,1,0,0,12.370000000000001,0.27119499999999996,276544,829632,4273,7,146859
188,17406,122,pair_005_conflict,conflict,1,0,0,12.040000000000001,0.27099166666666663,278496,835488,4328,7,148642
189,17501,95,pair_010_conflict,conflict,1,0,0,12.310000000000002,0.2708333333333333,280016,840048,4361,7,150019
190,17586,85,pair_000_control,control,1,0,0,12.410000000000002,0.27069166666666666,281376,844128,4396,7,151236
191,17687,101,pair_007_conflict,conflict,1,0,0,12.250000000000002,0.27052333333333334,282992,848976,4430,7,152695
192,17770,83,pair_006_control,control,1,0,0,12.430000000000001,0.270385,284320,852960,4453,7,153863
193,17855,85,pair_005_control,control,1,0,0,12.410000000000002,0.27024333333333334,285680,857040,4464,7,155096
194,17957,102,pair_013_conflict,conflict,1,0,0,12.240000000000002,0.27007333333333333,287312,861936,4508,7,156533
195,18042,85,pair_003_conflict,conflict,1,0,0,12.410000000000002,0.2699316666666667,288672,866016,4533,7,157750
196,18121,79,pair_013_control,control,1,0,0,12.470000000000002,0.2698,289936,869808,4555,7,158874
197,18211,90,pair_001_conflict,conflict,1,0,0,12.360000000000001,0.26965,291376,874128,4581,7,160167
198,18299,88,pair_017_control,control,1,0,0,12.380000000000003,0.2695033333333333,292784,878352,4601,7,161459
199,18391,92,pair_014_conflict,conflict,1,0,0,12.340000000000002,0.26935,294256,882768,4612,7,162730
200,18467,76,pair_002_control,control,1,0,0,12.500000000000002,0.2692233333333333,295472,886416,4635,7,163857
201,18556,89,pair_004_conflict,conflict,1,0,0,12.370000000000001,0.269075,296896,890688,4638,7,165064
202,18703,147,pair_008_conflict,conflict,1,0,0,11.790000000000001,0.26883,299248,897744,4719,7,167183
203,18792,89,pair_014_control,control,1,0,0,12.370000000000001,0.26868166666666665,300672,902016,4727,7,168415
204,18891,99,pair_016_control,control,1,0,0,12.270000000000001,0.2685166666666666,302256,906768,4770,7,169855
205,18970,79,pair_012_control,control,0,1,0,1.3700000000000014,0.268385,303520,910560,4788,7,170968
206,19053,83,pair_015_control,control,1,0,0,12.430000000000001,0.26824666666666663,304848,914544,4810,7,172187
207,19146,93,pair_002_conflict,conflict,1,0,0,12.330000000000002,0.2680916666666667,306336,919008,4827,7,173506
208,19235,89,pair_001_control,control,1,0,0,12.370000000000001,0.2679433333333333,307760,923280,4851,7,174742
209,19317,82,pair_011_conflict,conflict,1,0,0,12.440000000000001,0.26780666666666664,309072,927216,4875,7,175870
210,19426,109,pair_009_control,control,1,0,0,12.170000000000002,0.267625,310816,932448,4875,7,177420
211,19512,86,pair_003_control,control,1,0,0,12.400000000000002,0.2674816666666667,312192,936576,4888,7,178587
212,19602,90,pair_000_conflict,conflict,1,0,0,12.360000000000003,0.26733166666666663,313632,940896,4907,7,179795
213,19688,86,pair_006_conflict,conflict,1,0,0,12.400000000000002,0.2671883333333333,315008,945024,4929,7,181022
214,19773,85,pair_008_control,control,1,0,0,12.410000000000002,0.26704666666666665,316368,949104,4948,7,182237
215,19853,80,pair_012_conflict,conflict,1,0,0,12.46,0.26691333333333334,317648,952944,4965,7,183341
216,19950,97,pair_004_control,control,1,0,0,12.290000000000001,0.26675166666666666,319200,957600,4996,7,184672
217,20054,104,pair_002_conflict,conflict,1,0,0,12.22,0.2665783333333333,320864,962592,5029,8,186058
218,20137,83,pair_006_control,control,1,0,0,12.430000000000001,0.26644,322192,966576,5049,8,187119
219,20209,72,pair_016_conflict,conflict,0,1,0,0.9900000000000011,0.26632,323344,970032,5064,8,188089
220,20315,106,pair_009_conflict,conflict,1,0,0,12.200000000000001,0.26614333333333334,325040,975120,5087,8,189485
221,20402,87,pair_014_control,control,1,0,0,12.39,0.26599833333333334,326432,979296,5104,8,190663
222,20488,86,pair_010_conflict,conflict,1,0,0,12.400000000000002,0.265855,327808,983424,5144,8,191849
223,20578,90,pair_001_control,control,1,0,0,12.360000000000001,0.26570499999999997,329248,987744,5179,8,193035
224,20652,74,pair_010_control,control,1,0,0,12.520000000000001,0.26558166666666666,330432,991296,5193,8,194008
225,20747,95,pair_000_conflict,conflict,1,0,0,12.310000000000002,0.26542333333333334,331952,995856,5233,8,195264
226,20834,87,pair_004_conflict,conflict,1,0,0,12.39,0.26527833333333334,333344,1000032,5238,8,196408
227,20927,93,pair_002_control,control,1,0,0,12.330000000000002,0.2651233333333333,334832,1004496,5256,8,197681
228,21015,88,pair_015_control,control,1,0,0,12.38,0.26497666666666664,336240,1008720,5266,8,198838
229,21106,91,pair_013_conflict,conflict,1,0,0,12.350000000000001,0.264825,337696,1013088,5291,8,199975
230,21194,88,pair_009_control,control,1,0,0,12.38,0.26467833333333335,339104,1017312,5302,8,201125
231,21241,47,pair_003_conflict,conflict,0,1,0,-0.7100000000000002,0.2646,339856,1019568,5337,8,201774
232,21324,83,pair_007_conflict,conflict,1,0,0,12.430000000000001,0.26446166666666665,341184,1023552,5360,8,202878
233,21415,91,pair_017_conflict,conflict,1,0,0,12.350000000000001,0.26431,342640,1027920,5376,8,204077
234,21509,94,pair_011_conflict,conflict,1,0,0,12.320000000000002,0.26415333333333335,344144,1032432,5407,8,205341
235,21593,84,pair_008_conflict,conflict,1,0,0,12.420000000000002,0.2640133333333333,345488,1036464,5441,8,206413
236,21685,92,pair_013_control,control,1,0,0,12.340000000000002,0.26386,346960,1040880,5462,8,207581
237,21769,84,pair_012_conflict,conflict,1,0,0,12.420000000000002,0.26372,348304,1044912,5475,8,208694
238,21876,107,pair_005_conflict,conflict,1,0,0,12.190000000000001,0.2635416666666667,350016,1050048,5510,8,210081
239,21971,95,pair_016_control,control,1,0,0,12.310000000000002,0.2633833333333333,351536,1054608,5540,8,211272
240,22064,93,pair_003_control,control,1,0,0,12.330000000000002,0.26322833333333334,353024,1059072,5564,8,212486
241,22162,98,pair_005_control,control,1,0,0,12.280000000000001,0.263065,354592,1063776,5586,8,213790
242,22260,98,pair_011_control,control,1,0,0,12.280000000000001,0.26290166666666664,356160,1068480,5610,8,215025
243,22348,88,pair_000_control,control,1,0,0,12.380000000000003,0.26275499999999996,357568,1072704,5633,8,216167
244,22431,83,pair_015_conflict,conflict,1,0,0,12.430000000000001,0.26261666666666666,358896,1076688,5647,8,217259
245,22535,104,pair_001_conflict,conflict,1,0,0,12.220000000000002,0.2624433333333333,360560,1081680,5689,8,218646
246,22631,96,pair_008_control,control,1,0,0,12.3,0.2622833333333333,362096,1086288,5708,8,219922
247,22726,95,pair_014_conflict,conflict,1,0,0,12.310000000000002,0.262125,363616,1090848,5733,8,221122
248,22805,79,pair_006_conflict,conflict,1,0,0,12.470000000000002,0.2619933333333333,364880,1094640,5766,8,222127
249,22900,95,pair_017_control,control,1,0,0,12.310000000000002,0.261835,366400,1099200,5775,8,223343
250,22993,93,pair_007_control,control,1,0,0,12.330000000000002,0.26167999999999997,367888,1103664,5801,8,224518
251,23099,106,pair_012_control,control,1,0,0,12.200000000000001,0.2615033333333333,369584,1108752,5821,8,225864
252,23191,92,pair_010_control,control,1,0,0,12.340000000000002,0.26134999999999997,371056,1113168,5846,8,227074
253,23308,117,pair_012_conflict,conflict,1,0,0,12.090000000000002,0.26115499999999997,372928,1118784,5893,8,228546
254,23413,105,pair_015_conflict,conflict,1,0,0,12.21,0.26098,374608,1123824,5930,8,229822
255,23515,102,pair_003_control,control,1,0,0,12.240000000000002,0.26081,376240,1128720,5969,8,231110
256,23606,91,pair_006_conflict,conflict,1,0,0,12.350000000000001,0.2606583333333333,377696,1133088,6002,8,232271
257,23700,94,pair_016_conflict,conflict,1,0,0,12.320000000000002,0.26050166666666663,379200,1137600,6033,8,233485
258,23800,100,pair_013_conflict,conflict,1,0,0,12.260000000000002,0.260335,380800,1142400,6063,8,234804
259,23880,80,pair_017_conflict,conflict,1,0,0,12.46,0.26020166666666666,382080,1146240,6079,8,235843
260,23975,95,pair_007_conflict,conflict,1,0,0,12.310000000000002,0.2600433333333333,383600,1150800,6113,8,237107
261,24066,91,pair_000_conflict,conflict,1,0,0,12.350000000000001,0.25989166666666663,385056,1155168,6135,8,238323
262,24165,99,pair_005_control,control,1,0,0,12.270000000000001,0.25972666666666666,386640,1159920,6160,8,239618
263,24324,159,pair_003_conflict,conflict,1,0,0,11.670000000000002,0.25946166666666665,389184,1167552,6177,8,241686
264,24423,99,pair_002_conflict,conflict,1,0,0,12.270000000000001,0.2592966666666667,390768,1172304,6206,8,242954
265,24533,110,pair_008_conflict,conflict,1,0,0,12.16,0.2591133333333333,392528,1177584,6266,8,244400
266,24612,79,pair_016_control,control,1,0,0,12.470000000000002,0.25898166666666667,393792,1181376,6284,8,245422
267,24696,84,pair_009_control,control,1,0,0,12.420000000000002,0.25884166666666664,395136,1185408,6288,8,246498
268,24790,94,pair_015_control,control,1,0,0,12.320000000000002,0.258685,396640,1189920,6301,8,247685
269,24887,97,pair_008_control,control,1,0,0,12.290000000000001,0.2585233333333333,398192,1194576,6306,8,248941
270,24973,86,pair_007_control,control,1,0,0,12.400000000000002,0.25838,399568,1198704,6318,8,250053
271,25071,98,pair_009_conflict,conflict,1,0,0,12.280000000000001,0.25821666666666665,401136,1203408,6342,8,251317
272,25168,97,pair_005_conflict,conflict,1,0,0,12.290000000000003,0.258055,402688,1208064,6359,8,252576
273,25271,103,pair_014_conflict,conflict,1,0,0,12.23,0.25788333333333335,404336,1213008,6385,8,253896
274,25349,78,pair_000_control,control,1,0,0,12.480000000000002,0.25775333333333333,405584,1216752,6413,8,254889
275,25476,127,pair_004_control,control,1,0,0,11.99,0.25754166666666667,407616,1222848,6471,8,256532
276,25584,108,pair_013_control,control,1,0,0,12.180000000000001,0.25736166666666666,409344,1228032,6500,8,257951
277,25673,89,pair_006_control,control,1,0,0,12.370000000000001,0.2572133333333333,410768,1232304,6508,8,259073
278,25789,116,pair_011_control,control,1,0,0,12.100000000000001,0.25701999999999997,412624,1237872,6508,8,260600
279,25890,101,pair_001_control,control,1,0,0,12.250000000000002,0.25685166666666664,414240,1242720,6508,8,261837
280,25976,86,pair_010_conflict,conflict,1,0,0,12.400000000000002,0.2567083333333333,415616,1246848,6545,8,262903
281,26071,95,pair_011_conflict,conflict,1,0,0,12.310000000000002,0.25655,417136,1251408,6549,8,264059
282,26146,75,pair_014_control,control,1,0,0,12.510000000000002,0.256425,418336,1255008,6557,8,265023
283,26255,109,pair_002_control,control,1,0,0,12.170000000000002,0.2562433333333333,420080,1260240,6583,8,266374
284,26339,84,pair_017_control,control,1,0,0,12.420000000000002,0.25610333333333335,421424,1264272,6605,8,267420
285,26434,95,pair_004_conflict,conflict,1,0,0,12.310000000000002,0.255945,422944,1268832,6639,8,268535
286,26518,84,pair_001_conflict,conflict,1,0,0,12.420000000000002,0.255805,424288,1272864,6662,8,269550
287,26590,72,pair_012_control,control,1,0,0,12.540000000000001,0.255685,425440,1276320,6669,8,270453
288,26683,93,pair_008_control,control,1,0,0,12.330000000000002,0.25553,426928,1280784,6689,8,271581
289,26764,81,pair_005_control,control,1,0,0,12.450000000000001,0.255395,428224,1284672,6706,8,272614
290,26880,116,pair_001_conflict,conflict,1,0,0,12.100000000000001,0.25520166666666666,430080,1290240,6739,8,273957
291,26976,96,pair_003_conflict,conflict,1,0,0,12.3,0.25504166666666667,431616,1294848,6752,8,275163
292,27067,91,pair_011_conflict,conflict,1,0,0,12.350000000000001,0.25489,433072,1299216,6754,8,276250
293,27160,93,pair_006_conflict,conflict,1,0,0,12.330000000000002,0.254735,434560,1303680,6774,8,277388
294,27242,82,pair_015_conflict,conflict,1,0,0,12.440000000000001,0.2545983333333333,435872,1307616,6786,8,278382
295,27334,92,pair_005_conflict,conflict,1,0,0,12.340000000000002,0.254445,437344,1312032,6803,8,279413
296,27426,92,pair_013_control,control,1,0,0,12.340000000000002,0.25429166666666664,438816,1316448,6830,8,280410
297,27521,95,pair_001_control,control,1,0,0,12.310000000000002,0.2541333333333333,440336,1321008,6852,8,281547
298,27606,85,pair_017_control,control,1,0,0,12.410000000000002,0.25399166666666667,441696,1325088,6863,8,282529
299,27713,107,pair_006_control,control,1,0,0,12.190000000000001,0.25381333333333334,443408,1330224,6887,8,283843
300,27795,82,pair_011_control,control,1,0,0,12.440000000000001,0.25367666666666666,444720,1334160,6889,8,284829
301,27885,90,pair_009_conflict,conflict,1,0,0,12.360000000000001,0.2535266666666667,446160,1338480,6914,8,285824
302,27969,84,pair_003_control,control,1,0,0,12.420000000000002,0.25338666666666665,447504,1342512,6930,8,286817
303,28066,97,pair_016_conflict,conflict,1,0,0,12.290000000000001,0.253225,449056,1347168,6944,8,287948
304,28172,106,pair_004_control,control,1,0,0,12.200000000000001,0.2530483333333333,450752,1352256,6972,8,289154
305,28260,88,pair_007_control,control,1,0,0,12.38,0.25290166666666664,452160,1356480,7002,8,290219
306,28376,116,pair_014_control,control,1,0,0,12.100000000000001,0.2527083333333333,454016,1362048,7027,8,291579
307,28479,103,pair_013_conflict,conflict,1,0,0,12.23,0.25253666666666663,455664,1366992,7053,8,292781
308,28587,108,pair_009_control,control,1,0,0,12.180000000000001,0.2523566666666667,457392,1372176,7092,8,294020
309,28674,87,pair_012_conflict,conflict,1,0,0,12.390000000000002,0.25221166666666667,458784,1376352,7102,8,295025
310,28757,83,pair_007_conflict,conflict,1,0,0,12.430000000000001,0.2520733333333333,460112,1380336,7123,8,295920
311,28852,95,pair_008_conflict,conflict,1,0,0,12.310000000000002,0.251915,461632,1384896,7147,8,297056
312,28931,79,pair_016_control,control,1,0,0,12.470000000000002,0.2517833333333333,462896,1388688,7165,8,297965
313,29022,91,pair_014_conflict,conflict,1,0,0,12.350000000000001,0.25163166666666664,464352,1393056,7190,8,299035
314,29111,89,pair_004_conflict,conflict,1,0,0,12.370000000000001,0.25148333333333334,465776,1397328,7219,8,300091
315,29199,88,pair_000_control,control,1,0,0,12.38,0.25133666666666665,467184,1401552,7256,8,301165
316,29224,25,pair_010_control,control,0,1,0,-0.0399999999999997,0.251295,467584,1402752,7267,8,301467
317,29317,93,pair_002_control,control,1,0,0,12.330000000000002,0.25114,469072,1407216,7287,8,302516
318,29399,82,pair_017_conflict,conflict,1,0,0,12.440000000000001,0.2510033333333333,470384,1411152,7303,8,303450
319,29486,87,pair_002_conflict,conflict,1,0,0,12.39,0.2508583333333333,471776,1415328,7323,8,304480
320,29588,102,pair_000_conflict,conflict,1,0,0,12.240000000000002,0.25068833333333335,473408,1420224,7360,8,305678
321,29680,92,pair_012_control,control,1,0,0,12.340000000000002,0.250535,474880,1424640,7374,8,306710
322,29709,29,pair_010_conflict,conflict,0,1,0,-0.17999999999999983,0.25048666666666664,475344,1426032,7385,9,307050
323,29797,88,pair_015_control,control,1,0,0,12.380000000000003,0.25034,476752,1430256,7401,9,308084
324,29892,95,pair_002_control,control,1,0,0,12.310000000000002,0.25018166666666664,478272,1434816,7421,9,309234
325,29978,86,pair_014_control,control,1,0,0,12.400000000000002,0.2500383333333333,479648,1438944,7458,9,310260
326,30058,80,pair_010_control,control,1,0,0,12.46,0.249905,480928,1442784,7475,9,311175
327,30154,96,pair_007_control,control,1,0,0,12.3,0.249745,482464,1447392,7506,9,312319
328,30246,92,pair_006_control,control,1,0,0,12.340000000000002,0.24959166666666666,483936,1451808,7506,9,313361
329,30336,90,pair_011_control,control,1,0,0,12.360000000000001,0.24944166666666667,485376,1456128,7528,9,314396
330,30442,106,pair_014_conflict,conflict,1,0,0,12.200000000000001,0.249265,487072,1461216,7574,9,315604
331,30529,87,pair_016_control,control,1,0,0,12.390000000000002,0.24911999999999998,488464,1465392,7605,9,316600
332,30604,75,pair_011_conflict,conflict,1,0,0,12.510000000000002,0.248995,489664,1468992,7623,9,317489
333,30681,77,pair_004_control,control,1,0,0,12.490000000000002,0.24886666666666665,490896,1472688,7639,9,318380
334,30774,93,pair_005_control,control,1,0,0,12.330000000000002,0.24871166666666666,492384,1477152,7671,9,319480
335,30859,85,pair_003_control,control,1,0,0,12.410000000000002,0.24856999999999999,493744,1481232,7686,9,320461
336,30942,83,pair_009_control,control,1,0,0,12.430000000000001,0.24843166666666666,495072,1485216,7708,9,321425
337,31031,89,pair_015_conflict,conflict,1,0,0,12.370000000000001,0.24828333333333333,496496,1489488,7741,9,322450
338,31111,80,pair_003_conflict,conflict,1,0,0,12.46,0.24814999999999998,497776,1493328,7759,9,323365
339,31207,96,pair_012_control,control,1,0,0,12.3,0.24799,499312,1497936,7781,9,324465
340,31303,96,pair_000_conflict,conflict,1,0,0,12.3,0.24783,500848,1502544,7811,9,325571
341,31384,81,pair_000_control,control,1,0,0,12.450000000000001,0.247695,502144,1506432,7829,9,326523
342,31477,93,pair_008_control,control,1,0,0,12.330000000000002,0.24753999999999998,503632,1510896,7846,9,327594
343,31590,113,pair_007_conflict,conflict,1,0,0,12.13,0.24735166666666666,505440,1516320,7874,9,328887
344,31713,123,pair_013_control,control,1,0,0,12.030000000000001,0.24714666666666665,507408,1522224,7886,9,330263
345,31795,82,pair_015_control,control,1,0,0,12.440000000000001,0.24700999999999998,508720,1526160,7918,9,331171
346,31873,78,pair_013_conflict,conflict,1,0,0,12.48,0.24688,509968,1529904,7946,9,332054
347,31973,100,pair_006_conflict,conflict,1,0,0,12.260000000000002,0.2467133333333333,511568,1534704,7976,9,333233
348,32053,80,pair_016_conflict,conflict,1,0,0,12.46,0.24658,512848,1538544,8003,9,334184
349,32131,78,pair_002_conflict,conflict,1,0,0,12.48,0.24645,514096,1542288,8023,9,335055
350,32219,88,pair_001_control,control,1,0,0,12.380000000000003,0.24630333333333332,515504,1546512,8052,9,336101
351,32320,101,pair_009_conflict,conflict,1,0,0,12.250000000000002,0.246135,517120,1551360,8084,9,337258
352,32399,79,pair_004_conflict,conflict,1,0,0,12.470000000000002,0.24600333333333332,518384,1555152,8112,9,338204
353,32487,88,pair_017_control,control,1,0,0,12.38,0.24585666666666667,519792,1559376,8136,9,339270
354,32570,83,pair_010_conflict,conflict,1,0,0,12.430000000000001,0.24571833333333332,521120,1563360,8164,9,340189
355,32651,81,pair_012_conflict,conflict,1,0,0,12.450000000000001,0.24558333333333332,522416,1567248,8184,10,341141
356,32745,94,pair_017_conflict,conflict,1,0,0,12.32,0.24542666666666665,523920,1571760,8206,10,342230
357,32828,83,pair_008_conflict,conflict,1,0,0,12.430000000000001,0.24528833333333333,525248,1575744,8236,10,343195
358,32911,83,pair_001_conflict,conflict,1,0,0,12.430000000000001,0.24514999999999998,526576,1579728,8264,10,344141
359,33006,95,pair_005_conflict,conflict,1,0,0,12.310000000000002,0.24499166666666666,528096,1584288,8291,10,345234
360,33120,114,pair_009_control,control,1,0,0,12.120000000000001,0.24480166666666664,529920,1589760,8333,10,346526
361,33199,79,pair_006_control,control,1,0,0,12.470000000000002,0.24467,531184,1593552,8362,10,347380
362,33280,81,pair_007_control,control,1,0,0,12.450000000000001,0.244535,532480,1597440,8384,10,348299
363,33363,83,pair_008_conflict,conflict,1,0,0,12.430000000000001,0.24439666666666665,533808,1601424,8413,10,349264
364,33444,81,pair_013_control,control,1,0,0,12.450000000000001,0.24426166666666665,535104,1605312,8445,10,350208
365,33531,87,pair_009_conflict,conflict,1,0,0,12.390000000000002,0.24411666666666665,536496,1609488,8470,10,351233
366,33615,84,pair_007_conflict,conflict,1,0,0,12.420000000000002,0.24397666666666665,537840,1613520,8488,10,352243
367,33711,96,pair_003_control,control,1,0,0,12.3,0.24381666666666665,539376,1618128,8499,10,353405
368,33794,83,pair_014_control,control,1,0,0,12.430000000000001,0.24367833333333333,540704,1622112,8512,10,354389
369,33878,84,pair_004_conflict,conflict,1,0,0,12.420000000000002,0.24353833333333333,542048,1626144,8520,10,355393
370,33980,102,pair_001_control,control,1,0,0,12.240000000000002,0.24336833333333333,543680,1631040,8560,10,356607
371,34074,94,pair_014_conflict,conflict,1,0,0,12.320000000000002,0.24321166666666666,545184,1635552,8602,10,357704
372,34079,5,pair_002_control,control,0,1,0,-0.94,0.24320333333333333,545264,1635792,8607,11,357768
373,34170,91,pair_011_control,control,1,0,0,12.350000000000001,0.24305166666666667,546720,1640160,8622,11,358883
374,34252,82,pair_017_conflict,conflict,0,1,0,1.1900000000000013,0.242915,548032,1644096,8638,11,359865
375,34340,88,pair_005_conflict,conflict,1,0,0,12.38,0.2427683333333333,549440,1648320,8664,12,360919
376,34417,77,pair_004_control,control,1,0,0,12.490000000000002,0.24264,550672,1652016,8671,12,361856
377,34509,92,pair_016_conflict,conflict,1,0,0,12.340000000000002,0.24248666666666666,552144,1656432,8698,12,362966
378,34587,78,pair_017_control,control,1,0,0,12.480000000000002,0.24235666666666666,553392,1660176,8721,12,363897
379,34674,87,pair_003_conflict,conflict,1,0,0,12.390000000000002,0.24221166666666666,554784,1664352,8745,12,364964
380,34762,88,pair_015_control,control,1,0,0,12.380000000000003,0.24206499999999997,556192,1668576,8758,12,366084
381,34842,80,pair_012_conflict,conflict,1,0,0,12.46,0.24193166666666666,557472,1672416,8772,12,367022
382,34925,83,pair_002_conflict,conflict,1,0,0,12.430000000000001,0.24179333333333333,558800,1676400,8791,12,368061
383,35033,108,pair_015_conflict,conflict,1,0,0,12.180000000000001,0.24161333333333332,560528,1681584,8813,12,369350
384,35127,94,pair_006_conflict,conflict,1,0,0,12.320000000000002,0.24145666666666665,562032,1686096,8842,12,370473
385,35215,88,pair_010_conflict,conflict,1,0,0,12.38,0.24131,563440,1690320,8855,12,371527
386,35304,89,pair_008_control,control,1,0,0,12.370000000000001,0.24116166666666666,564864,1694592,8876,12,372612
387,35385,81,pair_013_conflict,conflict,1,0,0,12.450000000000001,0.24102666666666667,566160,1698480,8909,12,373611
388,35469,84,pair_011_conflict,conflict,1,0,0,12.420000000000002,0.24088666666666667,567504,1702512,8930,12,374670
389,35551,82,pair_012_control,control,1,0,0,12.440000000000001,0.24075,568816,1706448,8945,12,375656
390,35655,104,pair_001_conflict,conflict,1,0,0,12.22,0.24057666666666666,570480,1711440,8955,12,376952
391,35742,87,pair_016_control,control,1,0,0,12.39,0.24043166666666665,571872,1715616,8979,12,378021
392,35828,86,pair_000_conflict,conflict,1,0,0,12.400000000000002,0.24028833333333333,573248,1719744,8995,12,379069
393,35923,95,pair_010_control,control,1,0,0,12.310000000000002,0.24012999999999998,574768,1724304,9001,12,380239
394,35996,73,pair_005_control,control,1,0,0,12.530000000000001,0.24000833333333332,575936,1727808,9021,12,381156
395,36091,95,pair_000_control,control,1,0,0,12.310000000000002,0.23984999999999998,577456,1732368,9042,12,382328
396,36171,80,pair_011_control,control,1,0,0,12.46,0.23971666666666666,578736,1736208,9057,12,383347
397,36267,96,pair_005_control,control,1,0,0,12.3,0.23955666666666664,580272,1740816,9074,12,384541
398,36359,92,pair_007_control,control,1,0,0,12.340000000000002,0.23940333333333333,581744,1745232,9101,12,385666
399,36442,83,pair_010_control,control,1,0,0,12.430000000000001,0.239265,583072,1749216,9129,12,386691
400,36531,89,pair_008_control,control,1,0,0,12.370000000000001,0.23911666666666664,584496,1753488,9155,12,387797
401,36618,87,pair_013_conflict,conflict,0,1,0,0.5900000000000007,0.23897166666666667,585888,1757664,9181,13,388896
402,36701,83,pair_014_conflict,conflict,1,0,0,12.430000000000001,0.23883333333333331,587216,1761648,9210,13,389917
403,36781,80,pair_012_control,control,1,0,0,12.46,0.2387,588496,1765488,9218,13,390868
404,36871,90,pair_012_conflict,conflict,1,0,0,12.360000000000001,0.23854999999999998,589936,1769808,9229,13,391994
405,36956,85,pair_002_conflict,conflict,1,0,0,12.410000000000002,0.23840833333333333,591296,1773888,9247,13,393053
406,37035,79,pair_000_control,control,1,0,0,12.470000000000002,0.23827666666666666,592560,1777680,9266,13,394049
407,37109,74,pair_005_conflict,conflict,1,0,0,12.520000000000001,0.23815333333333333,593744,1781232,9290,13,394992
408,37189,80,pair_013_control,control,1,0,0,12.46,0.23801999999999998,595024,1785072,9307,13,395958
409,37277,88,pair_016_control,control,1,0,0,12.38,0.23787333333333333,596432,1789296,9324,13,397035
410,37377,100,pair_003_conflict,conflict,1,0,0,12.260000000000002,0.23770666666666665,598032,1794096,9351,13,398308
411,37476,99,pair_016_conflict,conflict,1,0,0,12.270000000000001,0.23754166666666665,599616,1798848,9365,13,399543
412,37566,90,pair_001_conflict,conflict,1,0,0,12.360000000000001,0.23739166666666667,601056,1803168,9380,13,400653
413,37650,84,pair_017_conflict,conflict,1,0,0,12.420000000000002,0.23725166666666664,602400,1807200,9404,13,401652
414,37764,114,pair_001_control,control,1,0,0,12.120000000000001,0.23706166666666667,604224,1812672,9430,13,403023
415,37854,90,pair_008_conflict,conflict,1,0,0,12.360000000000001,0.23691166666666666,605664,1816992,9466,13,404084
416,37956,102,pair_002_control,control,1,0,0,12.240000000000002,0.23674166666666666,607296,1821888,9485,13,405278
417,38047,91,pair_006_conflict,conflict,1,0,0,12.350000000000001,0.23659,608752,1826256,9527,13,406348
418,38121,74,pair_011_conflict,conflict,1,0,0,12.520000000000001,0.23646666666666666,609936,1829808,9529,13,407242
419,38210,89,pair_009_control,control,1,0,0,12.370000000000001,0.23631833333333332,611360,1834080,9557,13,408298
420,38313,103,pair_007_conflict,conflict,1,0,0,12.23,0.23614666666666667,613008,1839024,9580,13,409536
421,38396,83,pair_004_control,control,1,0,0,12.430000000000001,0.23600833333333332,614336,1843008,9604,13,410547
422,38494,98,pair_003_control,control,1,0,0,12.280000000000001,0.23584499999999997,615904,1847712,9641,13,411790
423,38594,100,pair_015_control,control,1,0,0,12.260000000000002,0.23567833333333332,617504,1852512,9674,13,413080
424,38687,93,pair_004_conflict,conflict,1,0,0,12.330000000000002,0.2355233333333333,618992,1856976,9696,13,414246
425,38774,87,pair_006_control,control,1,0,0,12.390000000000002,0.23537833333333333,620384,1861152,9732,13,415299
426,38871,97,pair_014_control,control,1,0,0,12.290000000000001,0.23521666666666666,621936,1865808,9771,13,416553
427,38987,116,pair_017_control,control,1,0,0,12.100000000000001,0.2350233333333333,623792,1871376,9803,13,418021
428,39091,104,pair_009_conflict,conflict,1,0,0,12.220000000000002,0.23485,625456,1876368,9836,13,419361
429,39107,16,pair_000_conflict,conflict,0,1,0,-0.7,0.23482333333333333,625712,1877136,9852,13,419576
430,39204,97,pair_010_conflict,conflict,1,0,0,12.290000000000001,0.23466166666666666,627264,1881792,9889,13,420800
431,39279,75,pair_015_conflict,conflict,1,0,0,12.510000000000002,0.23453666666666667,628464,1885392,9900,13,421674
432,39357,78,pair_002_control,control,1,0,0,12.480000000000002,0.23440666666666665,629712,1889136,9921,13,422638
433,39439,82,pair_008_conflict,conflict,1,0,0,12.440000000000001,0.23426999999999998,631024,1893072,9939,13,423678
434,39526,87,pair_003_control,control,1,0,0,12.39,0.23412499999999997,632416,1897248,9962,13,424753
435,39614,88,pair_010_conflict,conflict,1,0,0,12.38,0.23397833333333332,633824,1901472,9982,13,425873
436,39696,82,pair_017_control,control,1,0,0,12.440000000000001,0.23384166666666667,635136,1905408,9993,13,426918
437,39792,96,pair_006_control,control,1,0,0,12.3,0.23368166666666665,636672,1910016,10020,13,428107
438,39876,84,pair_005_control,control,1,0,0,12.420000000000002,0.23354166666666665,638016,1914048,10039,14,429149
439,39962,86,pair_017_conflict,conflict,0,1,0,1.3500000000000014,0.23339833333333332,639392,1918176,10054,14,430226
440,40054,92,pair_001_conflict,conflict,1,0,0,12.340000000000002,0.23324499999999998,640864,1922592,10070,14,431315
441,40137,83,pair_014_control,control,1,0,0,12.430000000000001,0.23310666666666666,642192,1926576,10108,14,432348
442,40227,90,pair_016_control,control,1,0,0,12.360000000000001,0.23295666666666665,643632,1930896,10138,15,433469
443,40325,98,pair_004_control,control,1,0,0,12.280000000000001,0.23279333333333332,645200,1935600,10153,15,434670
444,40416,91,pair_006_conflict,conflict,1,0,0,12.350000000000001,0.23264166666666664,646656,1939968,10164,15,435870
445,40495,79,pair_002_conflict,conflict,1,0,0,12.470000000000002,0.23251,647920,1943760,10192,15,436844
446,40589,94,pair_009_control,control,1,0,0,12.32,0.23235333333333333,649424,1948272,10221,15,438079
447,40695,106,pair_001_control,control,1,0,0,12.200000000000001,0.23217666666666664,651120,1953360,10231,15,439428
448,40783,88,pair_007_control,control,1,0,0,12.380000000000003,0.23203,652528,1957584,10249,15,440525
449,40862,79,pair_003_conflict,conflict,1,0,0,12.470000000000002,0.23189833333333332,653792,1961376,10276,15,441505
450,40951,89,pair_012_conflict,conflict,1,0,0,12.370000000000001,0.23174999999999998,655216,1965648,10295,16,442602
451,41033,82,pair_000_conflict,conflict,1,0,0,12.440000000000001,0.23161333333333334,656528,1969584,10327,16,443604
452,41139,106,pair_008_control,control,1,0,0,12.200000000000001,0.23143666666666665,658224,1974672,10380,16,444886
453,41229,90,pair_016_conflict,conflict,1,0,0,12.360000000000001,0.23128666666666664,659664,1978992,10411,16,446004
454,41309,80,pair_004_conflict,conflict,1,0,0,12.46,0.23115333333333332,660944,1982832,10428,16,447029
455,41396,87,pair_005_conflict,conflict,1,0,0,12.39,0.23100833333333332,662336,1987008,10461,16,448126
456,41490,94,pair_013_control,control,1,0,0,12.32,0.23085166666666665,663840,1991520,10486,16,449308
457,41568,78,pair_011_conflict,conflict,1,0,0,12.48,0.23072166666666666,665088,1995264,10507,16,450252
458,41654,86,pair_012_control,control,1,0,0,12.400000000000002,0.23057833333333333,666464,1999392,10519,16,451284
459,41743,89,pair_011_control,control,1,0,0,12.370000000000001,0.23042999999999997,667888,2003664,10553,16,452416
460,41820,77,pair_000_control,control,1,0,0,12.490000000000002,0.23030166666666665,669120,2007360,10580,16,453355
461,41913,93,pair_010_control,control,1,0,0,12.330000000000002,0.23014666666666667,670608,2011824,10616,16,454533
462,41994,81,pair_015_conflict,conflict,1,0,0,12.450000000000001,0.23001166666666667,671904,2015712,10637,16,455528
463,42084,90,pair_007_conflict,conflict,1,0,0,12.360000000000001,0.22986166666666666,673344,2020032,10651,16,456653
464,42178,94,pair_013_conflict,conflict,1,0,0,12.320000000000002,0.229705,674848,2024544,10677,16,457833
465,42271,93,pair_015_control,control,1,0,0,12.330000000000002,0.22954999999999998,676336,2029008,10688,16,458929
466,42360,89,pair_014_conflict,conflict,1,0,0,12.370000000000001,0.22940166666666667,677760,2033280,10711,16,460030
467,42447,87,pair_009_conflict,conflict,1,0,0,12.390000000000002,0.22925666666666666,679152,2037456,10727,16,461118
468,42540,93,pair_006_conflict,conflict,1,0,0,12.330000000000002,0.22910166666666665,680640,2041920,10727,16,462215
469,42614,74,pair_000_control,control,1,0,0,12.520000000000001,0.22897833333333334,681824,2045472,10747,16,463098
470,42706,92,pair_015_conflict,conflict,1,0,0,12.340000000000002,0.228825,683296,2049888,10760,16,464187
471,42806,100,pair_002_conflict,conflict,1,0,0,12.260000000000002,0.22865833333333332,684896,2054688,10775,16,465394
472,42889,83,pair_007_conflict,conflict,1,0,0,12.430000000000001,0.22852,686224,2058672,10789,16,466411
473,42975,86,pair_009_conflict,conflict,1,0,0,12.400000000000002,0.22837666666666667,687600,2062800,10790,16,467446
474,43064,89,pair_009_control,control,1,0,0,12.370000000000001,0.2282283333333333,689024,2067072,10815,16,468477
475,43156,92,pair_010_control,control,1,0,0,12.340000000000002,0.22807499999999997,690496,2071488,10821,16,469607
476,43251,95,pair_017_conflict,conflict,1,0,0,12.310000000000002,0.22791666666666666,692016,2076048,10850,16,470722
477,43341,90,pair_011_control,control,1,0,0,12.360000000000001,0.22776666666666667,693456,2080368,10866,16,471772
478,43433,92,pair_012_control,control,1,0,0,12.340000000000002,0.22761333333333333,694928,2084784,10891,16,472845
479,43516,83,pair_014_control,control,1,0,0,12.430000000000001,0.22747499999999998,696256,2088768,10912,16,473804
480,43595,79,pair_013_control,control,1,0,0,12.470000000000002,0.22734333333333334,697520,2092560,10928,16,474779
481,43684,89,pair_001_conflict,conflict,1,0,0,12.370000000000001,0.22719499999999998,698944,2096832,10940,16,475814
482,43765,81,pair_010_conflict,conflict,1,0,0,12.450000000000001,0.22705999999999998,700240,2100720,10964,16,476770
483,43854,89,pair_017_control,control,1,0,0,12.370000000000001,0.22691166666666665,701664,2104992,10985,16,477804
484,43947,93,pair_003_control,control,1,0,0,12.330000000000002,0.22675666666666666,703152,2109456,11016,16,478919
485,44030,83,pair_004_control,control,1,0,0,12.430000000000001,0.2266183333333333,704480,2113440,11040,16,479932
486,44034,4,pair_005_control,control,0,1,0,-0.88,0.22661166666666666,704544,2113632,11044,16,479985
487,44124,90,pair_004_conflict,conflict,1,0,0,12.360000000000001,0.22646166666666667,705984,2117952,11079,16,481042
488,44205,81,pair_011_conflict,conflict,1,0,0,12.450000000000001,0.22632666666666668,707280,2121840,11108,16,481999
489,44294,89,pair_008_conflict,conflict,1,0,0,12.370000000000001,0.22617833333333331,708704,2126112,11141,16,483095
490,44368,74,pair_001_control,control,1,0,0,12.520000000000001,0.226055,709888,2129664,11154,16,483982
491,44454,86,pair_015_control,control,1,0,0,12.400000000000002,0.22591166666666665,711264,2133792,11171,16,485035
492,44535,81,pair_007_control,control,1,0,0,12.450000000000001,0.22577666666666665,712560,2137680,11196,16,486009
493,44630,95,pair_016_conflict,conflict,1,0,0,12.310000000000002,0.2256183333333333,714080,2142240,11227,16,487111
494,44745,115,pair_002_control,control,1,0,0,12.110000000000003,0.22542666666666666,715920,2147760,11246,16,488549
495,44835,90,pair_016_control,control,1,0,0,12.360000000000001,0.22527666666666665,717360,2152080,11277,16,489655
496,44924,89,pair_014_conflict,conflict,1,0,0,12.370000000000001,0.22512833333333332,718784,2156352,11296,16,490747
497,45042,118,pair_012_conflict,conflict,1,0,0,12.080000000000002,0.22493166666666664,720672,2162016,11344,16,492183
498,45126,84,pair_008_control,control,1,0,0,12.420000000000002,0.22479166666666667,722016,2166048,11374,16,493235
499,45239,113,pair_013_conflict,conflict,1,0,0,12.13,0.22460333333333332,723824,2171472,11412,16,494683
500,45321,82,pair_000_conflict,conflict,1,0,0,12.440000000000001,0.22446666666666665,725136,2175408,11441,16,495713
501,45422,101,pair_003_conflict,conflict,1,0,0,12.250000000000002,0.22429833333333332,726752,2180256,11474,16,496967
502,45511,89,pair_006_control,control,1,0,0,12.370000000000001,0.22415,728176,2184528,11504,16,498066
503,45590,79,pair_005_conflict,conflict,1,0,0,12.470000000000002,0.22401833333333332,729440,2188320,11530,16,499045
504,45676,86,pair_001_conflict,conflict,1,0,0,12.400000000000002,0.223875,730816,2192448,11553,16,500157
505,45766,90,pair_004_conflict,conflict,1,0,0,12.360000000000001,0.223725,732256,2196768,11592,16,501302
506,45857,91,pair_015_conflict,conflict,1,0,0,12.350000000000001,0.22357333333333332,733712,2201136,11602,16,502405
507,45963,106,pair_009_conflict,conflict,1,0,0,12.200000000000001,0.22339666666666666,735408,2206224,11613,16,503794
508,46049,86,pair_007_control,control,1,0,0,12.400000000000002,0.2232533333333333,736784,2210352,11639,16,504885
509,46140,91,pair_014_conflict,conflict,1,0,0,12.350000000000001,0.22310166666666664,738240,2214720,11662,16,505988
510,46222,82,pair_007_conflict,conflict,1,0,0,12.440000000000001,0.22296499999999997,739552,2218656,11667,16,506977
511,46303,81,pair_005_control,control,1,0,0,12.450000000000001,0.22282999999999997,740848,2222544,11692,16,507976
512,46384,81,pair_001_control,control,1,0,0,12.450000000000001,0.22269499999999998,742144,2226432,11718,16,508983
513,46471,87,pair_010_conflict,conflict,1,0,0,12.39,0.22254999999999997,743536,2230608,11736,16,510100
514,46564,93,pair_013_conflict,conflict,1,0,0,12.330000000000002,0.222395,745024,2235072,11759,16,511263
515,46623,59,pair_006_conflict,conflict,0,1,0,0.27000000000000046,0.22229666666666664,745968,2237904,11780,16,512051
516,46710,87,pair_011_conflict,conflict,1,0,0,12.39,0.22215166666666664,747360,2242080,11803,16,513145
517,46790,80,pair_003_conflict,conflict,1,0,0,12.46,0.22201833333333332,748640,2245920,11826,16,514178
518,46867,77,pair_012_conflict,conflict,1,0,0,12.490000000000002,0.22188999999999998,749872,2249616,11838,16,515161
519,46938,71,pair_011_control,control,1,0,0,12.55,0.22177166666666664,751008,2253024,11858,16,515982
520,47032,94,pair_016_control,control,1,0,0,12.320000000000002,0.221615,752512,2257536,11883,16,517146
521,47112,80,pair_008_control,control,1,0,0,12.46,0.22148166666666666,753792,2261376,11883,16,518135
522,47211,99,pair_000_conflict,conflict,1,0,0,12.270000000000001,0.22131666666666666,755376,2266128,11915,16,519451
523,47330,119,pair_000_control,control,1,0,0,12.07,0.2211183333333333,757280,2271840,11972,16,520911
524,47415,85,pair_009_control,control,1,0,0,12.410000000000002,0.22097666666666665,758640,2275920,11991,16,521991
525,47495,80,pair_006_control,control,1,0,0,12.46,0.22084333333333334,759920,2279760,12007,16,522984
526,47598,103,pair_012_control,control,1,0,0,12.230000000000002,0.22067166666666665,761568,2284704,12039,17,524226
527,47675,77,pair_005_conflict,conflict,1,0,0,12.490000000000002,0.2205433333333333,762800,2288400,12058,17,525206
528,47762,87,pair_015_control,control,1,0,0,12.39,0.2203983333333333,764192,2292576,12085,17,526294
529,47867,105,pair_013_control,control,1,0,0,12.21,0.22022333333333333,765872,2297616,12109,17,527612
530,47949,82,pair_008_conflict,conflict,1,0,0,12.440000000000001,0.22008666666666665,767184,2301552,12136,17,528647
531,48052,103,pair_004_control,control,1,0,0,12.23,0.21991499999999997,768832,2306496,12187,17,529958
532,48128,76,pair_010_control,control,1,0,0,12.500000000000002,0.2197883333333333,770048,2310144,12213,17,530940
533,48218,90,pair_016_conflict,conflict,1,0,0,12.360000000000001,0.21963833333333332,771488,2314464,12253,17,532064
534,48299,81,pair_014_control,control,1,0,0,12.450000000000001,0.21950333333333333,772784,2318352,12288,17,533114
535,48387,88,pair_003_control,control,1,0,0,12.380000000000003,0.21935666666666664,774192,2322576,12321,17,534257
536,48469,82,pair_002_control,control,1,0,0,12.440000000000001,0.21921999999999997,775504,2326512,12336,17,535322
537,48564,95,pair_017_conflict,conflict,1,0,0,12.310000000000002,0.21906166666666665,777024,2331072,12368,17,536545
538,48664,100,pair_017_control,control,1,0,0,12.260000000000002,0.218895,778624,2335872,12405,17,537744
539,48752,88,pair_002_conflict,conflict,1,0,0,12.380000000000003,0.21874833333333332,780032,2340096,12425,17,538889
540,48847,95,pair_007_control,control,1,0,0,12.310000000000002,0.21859,781552,2344656,12442,17,540093
541,48938,91,pair_006_control,control,1,0,0,12.350000000000001,0.21843833333333332,783008,2349024,12472,17,541276
542,49029,91,pair_014_conflict,conflict,1,0,0,12.350000000000001,0.21828666666666666,784464,2353392,12511,17,542405
543,49329,300,pair_004_control,control,0,0,0,-1.5000000000000016,0.21778666666666666,789264,2367792,12530,17,546241
544,49423,94,pair_013_control,control,1,0,0,12.32,0.21763,790768,2372304,12569,17,547462
545,49494,71,pair_004_conflict,conflict,1,0,0,12.55,0.21751166666666666,791904,2375712,12590,17,548367
546,49578,84,pair_008_control,control,1,0,0,12.420000000000002,0.21737166666666666,793248,2379744,12632,17,549482
547,49657,79,pair_016_control,control,1,0,0,12.470000000000002,0.21724,794512,2383536,12656,17,550499
548,49736,79,pair_001_control,control,1,0,0,12.470000000000002,0.21710833333333332,795776,2387328,12690,17,551540
549,49815,79,pair_009_control,control,1,0,0,12.470000000000002,0.21697666666666665,797040,2391120,12712,17,552565
550,49902,87,pair_015_control,control,1,0,0,12.39,0.21683166666666664,798432,2395296,12745,18,553682
551,49997,95,pair_005_control,control,1,0,0,12.310000000000002,0.21667333333333333,799952,2399856,12769,18,554942
552,50083,86,pair_012_control,control,1,0,0,12.400000000000002,0.21653,801328,2403984,12783,18,556029
553,50166,83,pair_003_conflict,conflict,1,0,0,12.430000000000001,0.21639166666666665,802656,2407968,12813,18,557086
554,50255,89,pair_000_conflict,conflict,1,0,0,12.370000000000001,0.21624333333333334,804080,2412240,12855,18,558246
555,50342,87,pair_011_control,control,1,0,0,12.39,0.21609833333333334,805472,2416416,12883,18,559353
556,50435,93,pair_006_conflict,conflict,1,0,0,12.330000000000002,0.21594333333333332,806960,2420880,12925,18,560510
557,50517,82,pair_012_conflict,conflict,1,0,0,12.440000000000001,0.21580666666666665,808272,2424816,12940,18,561610
558,50607,90,pair_001_conflict,conflict,1,0,0,12.360000000000001,0.21565666666666666,809712,2429136,12979,18,562770
559,50686,79,pair_011_conflict,conflict,1,0,0,12.470000000000002,0.215525,810976,2432928,12995,18,563749
560,50768,82,pair_008_conflict,conflict,1,0,0,12.440000000000001,0.21538833333333332,812288,2436864,13031,18,564853
561,50846,78,pair_015_conflict,conflict,1,0,0,12.480000000000002,0.21525833333333333,813536,2440608,13053,18,565841
562,50927,81,pair_016_conflict,conflict,1,0,0,12.450000000000001,0.21512333333333333,814832,2444496,13077,18,566944
563,51011,84,pair_017_control,control,1,0,0,12.420000000000002,0.2149833333333333,816176,2448528,13101,18,568062
564,51092,81,pair_002_control,control,1,0,0,12.450000000000001,0.2148483333333333,817472,2452416,13119,18,569128
565,51169,77,pair_002_conflict,conflict,1,0,0,12.490000000000002,0.21472,818704,2456112,13136,18,570161
566,51275,106,pair_014_control,control,1,0,0,12.200000000000001,0.2145433333333333,820400,2461200,13146,18,571582
567,51358,83,pair_005_conflict,conflict,1,0,0,12.430000000000001,0.21440499999999998,821728,2465184,13162,18,572695
568,51456,98,pair_003_control,control,1,0,0,12.280000000000001,0.21424166666666666,823296,2469888,13209,18,573999
569,51537,81,pair_010_control,control,1,0,0,12.450000000000003,0.21410666666666667,824592,2473776,13243,18,575098
570,51629,92,pair_007_conflict,conflict,1,0,0,12.340000000000002,0.21395333333333333,826064,2478192,13278,18,576320
571,51727,98,pair_017_conflict,conflict,1,0,0,12.280000000000001,0.21378999999999998,827632,2482896,13313,18,577685
572,51816,89,pair_013_conflict,conflict,1,0,0,12.370000000000001,0.21364166666666667,829056,2487168,13340,18,578892
573,51902,86,pair_009_conflict,conflict,1,0,0,12.400000000000002,0.21349833333333332,830432,2491296,13367,18,580054
574,51984,82,pair_000_control,control,1,0,0,12.440000000000001,0.21336166666666667,831744,2495232,13392,18,581220
575,52070,86,pair_010_conflict,conflict,1,0,0,12.400000000000002,0.21321833333333334,833120,2499360,13422,18,582392
576,52162,92,pair_005_control,control,1,0,0,12.340000000000002,0.213065,834592,2503776,13438,18,583686
577,52245,83,pair_015_conflict,conflict,1,0,0,12.430000000000001,0.21292666666666665,835920,2507760,13460,18,584829
578,52328,83,pair_002_control,control,1,0,0,12.430000000000001,0.2127883333333333,837248,2511744,13475,18,585977
579,52406,78,pair_001_conflict,conflict,1,0,0,12.48,0.21265833333333334,838496,2515488,13490,18,587104
580,52507,101,pair_007_control,control,1,0,0,12.250000000000002,0.21248999999999998,840112,2520336,13508,18,588526
581,52578,71,pair_010_control,control,1,0,0,12.55,0.21237166666666665,841248,2523744,13529,18,589493
582,52657,79,pair_012_conflict,conflict,1,0,0,12.470000000000002,0.21223999999999998,842512,2527536,13544,18,590562
583,52745,88,pair_017_control,control,1,0,0,12.380000000000003,0.21209333333333333,843920,2531760,13567,19,591826
584,52823,78,pair_011_control,control,1,0,0,12.48,0.21196333333333334,845168,2535504,13589,19,592864
585,52906,83,pair_013_control,control,1,0,0,12.430000000000001,0.21182499999999999,846496,2539488,13619,19,594036
586,53001,95,pair_013_conflict,conflict,1,0,0,12.310000000000002,0.21166666666666667,848016,2544048,13640,19,595408
587,53087,86,pair_001_control,control,1,0,0,12.400000000000002,0.21152333333333334,849392,2548176,13661,19,596628
588,53163,76,pair_014_conflict,conflict,1,0,0,12.500000000000002,0.21139666666666665,850608,2551824,13690,19,597686
589,53255,92,pair_010_conflict,conflict,1,0,0,12.340000000000002,0.21124333333333334,852080,2556240,13711,19,598961
590,53341,86,pair_005_conflict,conflict,1,0,0,12.400000000000002,0.21109999999999998,853456,2560368,13723,19,600170
591,53440,99,pair_009_conflict,conflict,1,0,0,12.270000000000001,0.21093499999999998,855040,2565120,13730,19,601556
592,53539,99,pair_011_conflict,conflict,1,0,0,12.270000000000001,0.21076999999999999,856624,2569872,13749,19,602914
593,53622,83,pair_006_control,control,1,0,0,12.430000000000001,0.21063166666666666,857952,2573856,13766,19,603976
594,53700,78,pair_008_control,control,1,0,0,12.48,0.21050166666666664,859200,2577600,13796,19,605035
595,53791,91,pair_012_control,control,1,0,0,12.350000000000001,0.21034999999999998,860656,2581968,13814,19,606253
596,53877,86,pair_003_conflict,conflict,1,0,0,12.400000000000002,0.21020666666666665,862032,2586096,13844,19,607454
597,53967,90,pair_015_control,control,1,0,0,12.360000000000001,0.21005666666666667,863472,2590416,13873,19,608661
598,54060,93,pair_016_conflict,conflict,1,0,0,12.330000000000002,0.20990166666666665,864960,2594880,13910,19,609948
599,54140,80,pair_002_conflict,conflict,1,0,0,12.46,0.20976833333333333,866240,2598720,13932,19,611074
600,54226,86,pair_000_control,control,1,0,0,12.400000000000002,0.209625,867616,2602848,13959,19,612259
601,54303,77,pair_006_conflict,conflict,1,0,0,12.490000000000002,0.20949666666666666,868848,2606544,13976,19,613296
602,54389,86,pair_008_conflict,conflict,1,0,0,12.400000000000002,0.20935333333333334,870224,2610672,14001,19,614429
603,54482,93,pair_000_conflict,conflict,1,0,0,12.330000000000002,0.20919833333333332,871712,2615136,14027,19,615690
604,54562,80,pair_016_control,control,1,0,0,12.46,0.209065,872992,2618976,14057,19,616770
605,54654,92,pair_009_control,control,1,0,0,12.340000000000002,0.20891166666666666,874464,2623392,14086,19,618064
606,54736,82,pair_004_control,control,1,0,0,12.440000000000001,0.208775,875776,2627328,14098,19,619180
607,54815,79,pair_003_control,control,1,0,0,12.470000000000002,0.20864333333333332,877040,2631120,14121,19,620199
608,54914,99,pair_014_control,control,1,0,0,12.270000000000001,0.20847833333333332,878624,2635872,14157,19,621560
609,55014,100,pair_004_conflict,conflict,1,0,0,12.260000000000002,0.20831166666666667,880224,2640672,14193,19,622938
610,55091,77,pair_007_conflict,conflict,1,0,0,12.490000000000002,0.20818333333333333,881456,2644368,14215,19,623987
611,55180,89,pair_017_conflict,conflict,1,0,0,12.370000000000001,0.20803499999999997,882880,2648640,14239,19,625212
612,55267,87,pair_005_conflict,conflict,1,0,0,12.390000000000002,0.20789,884272,2652816,14257,20,626436
613,55342,75,pair_009_conflict,conflict,1,0,0,12.510000000000002,0.20776499999999998,885472,2656416,14279,20,627505
614,55433,91,pair_005_control,control,1,0,0,12.350000000000001,0.20761333333333332,886928,2660784,14304,20,628825
615,55513,80,pair_003_control,control,1,0,0,12.46,0.20748,888208,2664624,14332,20,629898
616,55593,80,pair_008_control,control,1,0,0,12.46,0.20734666666666665,889488,2668464,14358,20,631016
617,55671,78,pair_009_control,control,1,0,0,12.480000000000002,0.20721666666666666,890736,2672208,14384,20,632104
618,55753,82,pair_000_control,control,1,0,0,12.440000000000001,0.20708,892048,2676144,14406,20,633250
619,55843,90,pair_017_conflict,conflict,1,0,0,12.360000000000001,0.20693,893488,2680464,14430,20,634485
620,55919,76,pair_015_conflict,conflict,1,0,0,12.500000000000002,0.20680333333333334,894704,2684112,14452,20,635573
621,55994,75,pair_002_control,control,1,0,0,12.510000000000002,0.20667833333333333,895904,2687712,14469,20,636592
622,56084,90,pair_013_conflict,conflict,1,0,0,12.360000000000001,0.2065283333333333,897344,2692032,14510,20,637798
623,56177,93,pair_015_control,control,1,0,0,12.330000000000002,0.20637333333333333,898832,2696496,14533,20,639125
624,56271,94,pair_010_conflict,conflict,1,0,0,12.320000000000002,0.20621666666666666,900336,2701008,14552,20,640419
625,56352,81,pair_016_conflict,conflict,1,0,0,12.450000000000001,0.20608166666666666,901632,2704896,14574,21,641495
626,56442,90,pair_001_control,control,1,0,0,12.360000000000001,0.20593166666666665,903072,2709216,14606,21,642736
627,56510,68,pair_004_conflict,conflict,1,0,0,12.580000000000002,0.20581833333333333,904160,2712480,14633,21,643656
628,56608,98,pair_010_control,control,1,0,0,12.280000000000001,0.20565499999999998,905728,2717184,14670,21,645044
629,56693,85,pair_012_conflict,conflict,1,0,0,12.410000000000002,0.20551333333333333,907088,2721264,14684,22,646211
630,56770,77,pair_006_control,control,1,0,0,12.490000000000002,0.20538499999999998,908320,2724960,14714,22,647315
631,56855,85,pair_001_conflict,conflict,1,0,0,12.410000000000002,0.20524333333333333,909680,2729040,14743,22,648496
632,56944,89,pair_002_conflict,conflict,1,0,0,12.370000000000001,0.20509499999999997,911104,2733312,14771,23,649780
633,57035,91,pair_007_control,control,1,0,0,12.350000000000001,0.2049433333333333,912560,2737680,14792,23,650994
634,57130,95,pair_014_control,control,1,0,0,12.310000000000002,0.204785,914080,2742240,14827,23,652236
635,57160,30,pair_003_conflict,conflict,0,1,0,-0.39,0.204735,914560,2743680,14850,23,652677
636,57256,96,pair_017_control,control,1,0,0,12.300000000000002,0.204575,916096,2748288,14884,23,653943
637,57332,76,pair_004_control,control,1,0,0,12.500000000000002,0.20444833333333334,917312,2751936,14898,23,654980
638,57412,80,pair_014_conflict,conflict,1,0,0,12.46,0.20431499999999997,918592,2755776,14910,23,656106
639,57494,82,pair_011_control,control,1,0,0,12.440000000000001,0.20417833333333332,919904,2759712,14938,23,657300
640,57664,170,pair_006_conflict,conflict,1,0,0,11.560000000000008,0.203895,922624,2767872,14965,23,659688
641,57753,89,pair_012_control,control,1,0,0,12.370000000000001,0.20374666666666666,924048,2772144,14984,23,660914
642,57837,84,pair_013_control,control,1,0,0,12.420000000000002,0.20360666666666666,925392,2776176,15007,23,662029
643,57920,83,pair_000_conflict,conflict,1,0,0,12.430000000000001,0.2034683333333333,926720,2780160,15023,23,663216
644,58002,82,pair_011_conflict,conflict,1,0,0,12.440000000000001,0.20333166666666666,928032,2784096,15047,23,664341
645,58122,120,pair_008_conflict,conflict,1,0,0,12.060000000000004,0.20313166666666665,929952,2789856,15068,23,666036
646,58203,81,pair_016_control,control,1,0,0,12.450000000000003,0.20299666666666666,931248,2793744,15093,23,667144
647,58281,78,pair_007_conflict,conflict,1,0,0,12.48,0.20286666666666664,932496,2797488,15118,23,668184
648,58370,89,pair_013_conflict,conflict,1,0,0,12.370000000000001,0.20271833333333333,933920,2801760,15147,23,669385
649,58401,31,pair_008_conflict,conflict,0,1,0,-0.04999999999999971,0.20266666666666666,934416,2803248,15162,23,669795
650,58484,83,pair_013_control,control,1,0,0,12.430000000000001,0.2025283333333333,935744,2807232,15193,23,670877
651,58557,73,pair_011_control,control,1,0,0,12.530000000000001,0.20240666666666665,936912,2810736,15214,23,671873
652,58635,78,pair_009_conflict,conflict,1,0,0,12.480000000000002,0.20227666666666666,938160,2814480,15234,23,672916
653,58731,96,pair_016_conflict,conflict,1,0,0,12.3,0.20211666666666667,939696,2819088,15263,23,674273
654,58825,94,pair_015_control,control,1,0,0,12.32,0.20195999999999997,941200,2823600,15294,23,675551
655,58913,88,pair_014_conflict,conflict,1,0,0,12.380000000000003,0.20181333333333332,942608,2827824,15307,23,676731
656,59004,91,pair_012_control,control,1,0,0,12.350000000000001,0.20166166666666666,944064,2832192,15330,23,678002
657,59092,88,pair_002_control,control,1,0,0,12.38,0.201515,945472,2836416,15348,23,679200
658,59179,87,pair_008_control,control,1,0,0,12.39,0.20137,946864,2840592,15356,23,680322
659,59257,78,pair_015_conflict,conflict,1,0,0,12.48,0.20123999999999997,948112,2844336,15382,23,681327
660,59340,83,pair_005_conflict,conflict,1,0,0,12.430000000000001,0.20110166666666665,949440,2848320,15409,23,682432
661,59414,74,pair_016_control,control,0,1,0,1.120000000000001,0.20097833333333331,950624,2851872,15421,23,683418
662,59496,82,pair_000_conflict,conflict,1,0,0,12.440000000000001,0.20084166666666664,951936,2855808,15442,23,684500
663,59572,76,pair_004_control,control,1,0,0,12.500000000000002,0.20071499999999998,953152,2859456,15446,23,685495
664,59671,99,pair_007_conflict,conflict,1,0,0,12.270000000000001,0.20055,954736,2864208,15475,23,686815
665,59780,109,pair_011_conflict,conflict,1,0,0,12.170000000000002,0.20036833333333331,956480,2869440,15505,23,688262
666,59857,77,pair_005_control,control,1,0,0,12.490000000000002,0.20023999999999997,957712,2873136,15532,24,689309
667,59941,84,pair_001_conflict,conflict,1,0,0,12.420000000000002,0.2001,959056,2877168,15559,24,690456
668,60028,87,pair_017_conflict,conflict,1,0,0,12.39,0.199955,960448,2881344,15574,24,691641
669,60119,91,pair_003_control,control,1,0,0,12.350000000000001,0.19980333333333333,961904,2885712,15613,24,692887
670,60209,90,pair_010_conflict,conflict,1,0,0,12.360000000000001,0.19965333333333332,963344,2890032,15646,24,694068
671,60298,89,pair_014_control,control,1,0,0,12.370000000000001,0.199505,964768,2894304,15681,24,695225
672,60375,77,pair_004_conflict,conflict,1,0,0,12.490000000000002,0.19937666666666665,966000,2898000,15697,24,696248
673,60452,77,pair_006_conflict,conflict,1,0,0,12.490000000000002,0.1992483333333333,967232,2901696,15723,24,697269
674,60546,94,pair_012_conflict,conflict,1,0,0,12.32,0.19909166666666667,968736,2906208,15740,24,698504
675,60622,76,pair_000_control,control,1,0,0,12.500000000000002,0.198965,969952,2909856,15769,24,699543
676,60708,86,pair_009_control,control,1,0,0,12.400000000000002,0.19882166666666667,971328,2913984,15783,24,700655
677,60788,80,pair_007_control,control,1,0,0,12.46,0.19868833333333333,972608,2917824,15805,24,701725
678,60881,93,pair_001_control,control,1,0,0,12.330000000000002,0.19853333333333334,974096,2922288,15836,24,702916
679,60964,83,pair_010_control,control,1,0,0,12.430000000000001,0.198395,975424,2926272,15864,24,703970
680,61052,88,pair_002_conflict,conflict,1,0,0,12.380000000000003,0.1982483333333333,976832,2930496,15892,25,705117
681,61138,86,pair_017_control,control,1,0,0,12.400000000000002,0.19810499999999998,978208,2934624,15909,25,706259
682,61221,83,pair_006_control,control,1,0,0,12.430000000000001,0.19796666666666665,979536,2938608,15909,25,707375
683,61303,82,pair_003_conflict,conflict,1,0,0,12.440000000000001,0.19783,980848,2942544,15940,25,708457
684,61380,77,pair_010_control,control,1,0,0,12.490000000000002,0.19770166666666666,982080,2946240,15958,25,709486
685,61452,72,pair_008_control,control,1,0,0,12.540000000000003,0.19758166666666666,983232,2949696,15983,25,710460
686,61532,80,pair_017_control,control,1,0,0,12.46,0.19744833333333334,984512,2953536,15996,25,711540
687,61661,129,pair_001_conflict,conflict,1,0,0,11.97,0.19723333333333332,986576,2959728,16029,25,713292
688,61741,80,pair_009_control,control,1,0,0,12.46,0.1971,987856,2963568,16056,25,714370
689,61829,88,pair_004_conflict,conflict,1,0,0,12.38,0.1969533333333333,989264,2967792,16076,25,715552
690,61923,94,pair_011_control,control,1,0,0,12.32,0.19679666666666668,990768,2972304,16103,25,716751
691,62005,82,pair_006_conflict,conflict,1,0,0,12.440000000000001,0.19666,992080,2976240,16140,25,717831
692,62084,79,pair_000_control,control,1,0,0,12.470000000000002,0.1965283333333333,993344,2980032,16173,25,718882
693,62169,85,pair_016_conflict,conflict,1,0,0,12.410000000000002,0.19638666666666665,994704,2984112,16196,25,720040
694,62254,85,pair_009_conflict,conflict,1,0,0,12.410000000000002,0.196245,996064,2988192,16223,25,721189
695,62344,90,pair_017_conflict,conflict,1,0,0,12.360000000000003,0.196095,997504,2992512,16254,25,722407
696,62422,78,pair_008_conflict,conflict,1,0,0,12.480000000000002,0.195965,998752,2996256,16274,25,723468
697,62502,80,pair_012_control,control,1,0,0,12.46,0.19583166666666665,1000032,3000096,16291,25,724555
698,62504,2,pair_002_control,control,0,1,0,-0.96,0.19582833333333333,1000064,3000192,16293,25,724584
699,62583,79,pair_002_conflict,conflict,1,0,0,12.470000000000002,0.19569666666666666,1001328,3003984,16313,25,725683
700,62668,85,pair_013_control,control,1,0,0,12.410000000000002,0.19555499999999998,1002688,3008064,16341,25,726804
701,62761,93,pair_007_conflict,conflict,1,0,0,12.330000000000002,0.1954,1004176,3012528,16368,25,728098
702,62865,104,pair_015_control,control,1,0,0,12.220000000000002,0.19522666666666666,1005840,3017520,16400,25,729461
703,62944,79,pair_005_conflict,conflict,1,0,0,12.470000000000002,0.195095,1007104,3021312,16419,25,730542
704,63032,88,pair_001_control,control,1,0,0,12.38,0.19494833333333333,1008512,3025536,16444,25,731828
705,63119,87,pair_012_conflict,conflict,1,0,0,12.39,0.19480333333333333,1009904,3029712,16463,25,732969
706,63206,87,pair_014_conflict,conflict,1,0,0,12.39,0.19465833333333332,1011296,3033888,16494,25,734168
707,63285,79,pair_011_conflict,conflict,1,0,0,12.470000000000002,0.19452666666666665,1012560,3037680,16517,25,735257
708,63386,101,pair_013_conflict,conflict,1,0,0,12.250000000000002,0.19435833333333333,1014176,3042528,16541,25,736614
709,63472,86,pair_007_control,control,1,0,0,12.400000000000002,0.19421499999999997,1015552,3046656,16545,25,737773
710,63552,80,pair_000_conflict,conflict,1,0,0,12.46,0.19408166666666665,1016832,3050496,16575,25,738863
711,63629,77,pair_014_control,control,1,0,0,12.490000000000002,0.1939533333333333,1018064,3054192,16602,25,739922
712,63656,27,pair_003_conflict,conflict,0,1,0,-0.3600000000000001,0.19390833333333332,1018496,3055488,16619,25,740277
713,63764,108,pair_003_control,control,1,0,0,12.180000000000001,0.19372833333333334,1020224,3060672,16651,25,741719
714,63850,86,pair_006_control,control,1,0,0,12.400000000000002,0.193585,1021600,3064800,16683,25,742886
715,63943,93,pair_004_control,control,1,0,0,12.330000000000002,0.19343,1023088,3069264,16704,25,744171
716,64025,82,pair_015_conflict,conflict,1,0,0,12.440000000000001,0.19329333333333332,1024400,3073200,16721,25,745315
717,64122,97,pair_005_control,control,1,0,0,12.290000000000003,0.19313166666666665,1025952,3077856,16746,25,746586
718,64210,88,pair_016_control,control,1,0,0,12.380000000000003,0.192985,1027360,3082080,16767,25,747729
719,64287,77,pair_010_conflict,conflict,1,0,0,12.490000000000002,0.19285666666666668,1028592,3085776,16790,25,748743
720,64377,90,pair_000_control,control,1,0,0,12.360000000000001,0.19270666666666664,1030032,3090096,16818,25,749919
721,64463,86,pair_015_control,control,1,0,0,12.400000000000002,0.1925633333333333,1031408,3094224,16848,25,751088
722,64549,86,pair_000_conflict,conflict,1,0,0,12.400000000000002,0.19241999999999998,1032784,3098352,16882,25,752224
723,64645,96,pair_017_control,control,0,1,0,1.2500000000000022,0.19226,1034320,3102960,16903,25,753479
724,64743,98,pair_008_conflict,conflict,1,0,0,12.280000000000001,0.19209666666666664,1035888,3107664,16942,25,754793
725,64835,92,pair_015_conflict,conflict,1,0,0,12.340000000000002,0.19194333333333333,1037360,3112080,16959,25,755972
726,64916,81,pair_003_control,control,1,0,0,12.450000000000001,0.1918083333333333,1038656,3115968,16984,25,757087
727,64919,3,pair_002_conflict,conflict,0,1,0,-0.92,0.19180333333333333,1038704,3116112,16987,26,757131
728,65020,101,pair_010_control,control,1,0,0,12.250000000000002,0.191635,1040320,3120960,17009,26,758539
729,65101,81,pair_004_conflict,conflict,1,0,0,12.450000000000001,0.1915,1041616,3124848,17040,26,759655
730,65177,76,pair_002_control,control,1,0,0,12.500000000000002,0.19137333333333334,1042832,3128496,17059,26,760746
731,65253,76,pair_014_control,control,1,0,0,12.500000000000002,0.19124666666666668,1044048,3132144,17076,26,761743
732,65336,83,pair_012_control,control,1,0,0,12.430000000000001,0.19110833333333332,1045376,3136128,17093,27,762850
733,65419,83,pair_004_control,control,1,0,0,12.430000000000001,0.19096999999999997,1046704,3140112,17111,27,763982
734,65503,84,pair_001_control,control,1,0,0,12.420000000000002,0.19083,1048048,3144144,17145,27,765131
735,65596,93,pair_001_conflict,conflict,1,0,0,12.330000000000002,0.19067499999999998,1049536,3148608,17166,27,766360
736,65676,80,pair_016_control,control,0,1,0,0.9600000000000011,0.19054166666666666,1050816,3152448,17192,27,767385
737,65716,40,pair_006_control,control,0,1,0,0.4100000000000006,0.190475,1051456,3154368,17203,27,767903
738,65795,79,pair_012_conflict,conflict,1,0,0,12.470000000000002,0.1903433333333333,1052720,3158160,17220,28,768988
739,65874,79,pair_007_control,control,1,0,0,12.470000000000002,0.19021166666666667,1053984,3161952,17246,28,770016
740,65965,91,pair_003_conflict,conflict,1,0,0,12.350000000000001,0.19006,1055440,3166320,17282,28,771187
741,66043,78,pair_006_conflict,conflict,1,0,0,12.48,0.18993,1056688,3170064,17312,28,772198
742,66123,80,pair_014_conflict,conflict,1,0,0,12.46,0.18979666666666667,1057968,3173904,17333,28,773273
743,66193,70,pair_016_conflict,conflict,0,1,0,1.0100000000000011,0.18968,1059088,3177264,17349,29,774261
744,66277,84,pair_017_conflict,conflict,1,0,0,12.420000000000002,0.18954,1060432,3181296,17372,30,775372
745,66362,85,pair_007_conflict,conflict,1,0,0,12.410000000000002,0.18939833333333334,1061792,3185376,17384,30,776502
746,66461,99,pair_008_control,control,1,0,0,12.270000000000001,0.1892333333333333,1063376,3190128,17426,30,777838
747,66543,82,pair_009_control,control,1,0,0,12.440000000000001,0.18909666666666664,1064688,3194064,17452,30,778953
748,66616,73,pair_009_conflict,conflict,1,0,0,12.530000000000001,0.188975,1065856,3197568,17476,30,779874
749,66696,80,pair_011_conflict,conflict,1,0,0,12.46,0.18884166666666666,1067136,3201408,17503,30,780982
750,66786,90,pair_011_control,control,1,0,0,12.360000000000001,0.18869166666666665,1068576,3205728,17530,30,782213
751,66864,78,pair_010_conflict,conflict,1,0,0,12.480000000000002,0.18856166666666666,1069824,3209472,17560,30,783254
752,66954,90,pair_013_conflict,conflict,1,0,0,12.360000000000001,0.18841166666666664,1071264,3213792,17582,30,784453
753,67029,75,pair_005_conflict,conflict,1,0,0,12.510000000000002,0.18828666666666666,1072464,3217392,17603,30,785479
754,67102,73,pair_005_control,control,1,0,0,12.530000000000001,0.18816499999999997,1073632,3220896,17614,30,786445
755,67185,83,pair_013_control,control,1,0,0,12.430000000000001,0.18802666666666668,1074960,3224880,17647,30,787575
756,67263,78,pair_007_control,control,1,0,0,12.48,0.18789666666666666,1076208,3228624,17671,30,788629
757,67340,77,pair_016_conflict,conflict,1,0,0,12.490000000000002,0.18776833333333331,1077440,3232320,17694,30,789664
758,67584,244,pair_017_control,control,1,0,0,10.82,0.18736166666666665,1081344,3244032,17872,30,793040
759,67667,83,pair_011_conflict,conflict,1,0,0,12.430000000000001,0.18722333333333332,1082672,3248016,17904,30,794195
760,67745,78,pair_010_conflict,conflict,1,0,0,12.480000000000002,0.18709333333333333,1083920,3251760,17908,30,795242
761,67824,79,pair_015_conflict,conflict,1,0,0,12.470000000000002,0.18696166666666664,1085184,3255552,17929,30,796405
762,67898,74,pair_012_control,control,1,0,0,12.520000000000001,0.18683833333333333,1086368,3259104,17936,30,797435
763,67971,73,pair_009_conflict,conflict,1,0,0,12.530000000000001,0.18671666666666664,1087536,3262608,17961,30,798451
764,68072,101,pair_013_conflict,conflict,1,0,0,12.250000000000002,0.18654833333333332,1089152,3267456,18001,30,799857
765,68149,77,pair_010_control,control,1,0,0,12.490000000000002,0.18641999999999997,1090384,3271152,18020,30,800934
766,68244,95,pair_011_control,control,1,0,0,12.310000000000002,0.18626166666666666,1091904,3275712,18049,30,802321
767,68329,85,pair_002_control,control,1,0,0,12.410000000000002,0.18612,1093264,3279792,18069,30,803509
768,68413,84,pair_006_control,control,1,0,0,12.420000000000002,0.18597999999999998,1094608,3283824,18098,30,804714
769,68486,73,pair_012_conflict,conflict,0,1,0,1.4800000000000013,0.18585833333333332,1095776,3287328,18108,31,805755
770,68566,80,pair_000_conflict,conflict,1,0,0,12.46,0.18572499999999997,1097056,3291168,18131,31,806920
771,68657,91,pair_008_conflict,conflict,1,0,0,12.350000000000001,0.1855733333333333,1098512,3295536,18152,31,808202
772,68739,82,pair_002_conflict,conflict,1,0,0,12.440000000000001,0.18543666666666664,1099824,3299472,18169,31,809355
773,68824,85,pair_007_conflict,conflict,1,0,0,12.410000000000002,0.185295,1101184,3303552,18200,31,810553
774,68908,84,pair_013_control,control,1,0,0,12.420000000000002,0.185155,1102528,3307584,18237,31,811709
775,68991,83,pair_006_conflict,conflict,1,0,0,12.430000000000001,0.18501666666666666,1103856,3311568,18267,31,812894
776,69076,85,pair_015_control,control,1,0,0,12.410000000000002,0.18487499999999998,1105216,3315648,18288,31,814084
777,69155,79,pair_016_control,control,1,0,0,12.470000000000002,0.18474333333333331,1106480,3319440,18310,31,815209
778,69247,92,pair_005_conflict,conflict,1,0,0,12.340000000000002,0.18458999999999998,1107952,3323856,18337,31,816563
779,69335,88,pair_001_conflict,conflict,1,0,0,12.38,0.18444333333333332,1109360,3328080,18368,31,817831
780,69423,88,pair_014_conflict,conflict,1,0,0,12.38,0.18429666666666666,1110768,3332304,18389,31,819086
781,69504,81,pair_004_control,control,1,0,0,12.450000000000001,0.18416166666666667,1112064,3336192,18409,31,820266
782,69595,91,pair_004_conflict,conflict,1,0,0,12.350000000000001,0.18401,1113520,3340560,18419,31,821579
783,69670,75,pair_009_control,control,1,0,0,12.510000000000002,0.183885,1114720,3344160,18446,31,822605
784,69748,78,pair_003_control,control,1,0,0,12.48,0.183755,1115968,3347904,18481,31,823677
785,69831,83,pair_005_control,control,1,0,0,12.430000000000001,0.18361666666666665,1117296,3351888,18513,31,824882
786,69905,74,pair_017_conflict,conflict,1,0,0,12.520000000000001,0.18349333333333334,1118480,3355440,18532,31,825983
787,69993,88,pair_014_control,control,1,0,0,12.38,0.18334666666666666,1119888,3359664,18548,31,827261
788,70070,77,pair_008_control,control,1,0,0,12.490000000000002,0.18321833333333332,1121120,3363360,18559,31,828423
789,70142,72,pair_000_control,control,1,0,0,12.540000000000003,0.1830983333333333,1122272,3366816,18579,31,829464
790,70223,81,pair_001_control,control,1,0,0,12.450000000000001,0.1829633333333333,1123568,3370704,18609,31,830633
791,70328,105,pair_003_conflict,conflict,1,0,0,12.21,0.18278833333333333,1125248,3375744,18623,31,832180
792,70406,78,pair_002_conflict,conflict,1,0,0,12.480000000000002,0.1826583333333333,1126496,3379488,18643,31,833306
793,70484,78,pair_009_control,control,1,0,0,12.480000000000002,0.18252833333333332,1127744,3383232,18657,31,834417
794,70569,85,pair_002_control,control,1,0,0,12.410000000000002,0.18238666666666664,1129104,3387312,18680,31,835624
795,70669,100,pair_012_control,control,1,0,0,12.260000000000002,0.18222,1130704,3392112,18708,32,837042
796,70749,80,pair_014_conflict,conflict,1,0,0,12.46,0.18208666666666667,1131984,3395952,18713,32,838160
797,70844,95,pair_004_control,control,1,0,0,12.310000000000002,0.1819283333333333,1133504,3400512,18737,32,839500
798,70963,119,pair_017_conflict,conflict,1,0,0,12.070000000000002,0.18173,1135408,3406224,18797,32,841105
799,71046,83,pair_015_conflict,conflict,1,0,0,12.430000000000001,0.18159166666666665,1136736,3410208,18819,32,842259
800,71122,76,pair_010_control,control,1,0,0,12.500000000000002,0.181465,1137952,3413856,18835,32,843375
801,71206,84,pair_014_control,control,1,0,0,12.420000000000002,0.181325,1139296,3417888,18853,32,844598
802,71292,86,pair_007_conflict,conflict,1,0,0,12.400000000000002,0.18118166666666666,1140672,3422016,18885,32,845816
803,71366,74,pair_001_conflict,conflict,1,0,0,12.520000000000001,0.18105833333333332,1141856,3425568,18907,32,846849
804,71444,78,pair_011_conflict,conflict,1,0,0,12.48,0.1809283333333333,1143104,3429312,18932,32,847958
805,71556,112,pair_016_conflict,conflict,1,0,0,12.14,0.18074166666666666,1144896,3434688,18972,32,849569
806,71651,95,pair_004_conflict,conflict,1,0,0,12.310000000000002,0.18058333333333332,1146416,3439248,18988,32,850875
807,71726,75,pair_012_conflict,conflict,1,0,0,12.510000000000002,0.18045833333333333,1147616,3442848,18998,32,851956
808,71804,78,pair_006_control,control,1,0,0,12.48,0.1803283333333333,1148864,3446592,19032,32,853079
809,71829,25,pair_003_conflict,conflict,0,1,0,-0.33999999999999997,0.18028666666666665,1149264,3447792,19049,32,853444
810,71915,86,pair_013_conflict,conflict,1,0,0,12.400000000000002,0.18014333333333332,1150640,3451920,19080,32,854702
811,71989,74,pair_011_control,control,1,0,0,12.520000000000001,0.18001999999999999,1151824,3455472,19096,32,855780
812,72084,95,pair_006_conflict,conflict,1,0,0,12.310000000000002,0.17986166666666664,1153344,3460032,19125,32,857104
813,72164,80,pair_009_conflict,conflict,1,0,0,12.46,0.17972833333333332,1154624,3463872,19153,32,858241
814,72177,13,pair_005_conflict,conflict,0,1,0,-0.87,0.17970666666666665,1154832,3464496,19166,32,858431
815,72254,77,pair_005_control,control,1,0,0,12.490000000000002,0.17957833333333334,1156064,3468192,19186,32,859547
816,72342,88,pair_000_conflict,conflict,1,0,0,12.380000000000003,0.17943166666666666,1157472,3472416,19216,32,860766
817,72426,84,pair_001_control,control,1,0,0,12.420000000000002,0.17929166666666665,1158816,3476448,19247,32,862003
818,72511,85,pair_015_control,control,1,0,0,12.410000000000002,0.17914999999999998,1160176,3480528,19272,32,863232
819,72584,73,pair_000_control,control,1,0,0,12.530000000000001,0.17902833333333332,1161344,3484032,19304,32,864277
820,72664,80,pair_017_control,control,1,0,0,12.46,0.17889499999999997,1162624,3487872,19321,32,865425
821,72742,78,pair_008_conflict,conflict,1,0,0,12.48,0.178765,1163872,3491616,19338,32,866533
822,72816,74,pair_008_control,control,1,0,0,12.520000000000001,0.17864166666666664,1165056,3495168,19364,32,867584
823,72890,74,pair_016_control,control,1,0,0,12.520000000000001,0.17851833333333333,1166240,3498720,19376,32,868625
824,72984,94,pair_010_conflict,conflict,1,0,0,12.32,0.17836166666666664,1167744,3503232,19394,32,870020
825,73073,89,pair_007_control,control,1,0,0,12.370000000000001,0.17821333333333333,1169168,3507504,19419,32,871310
826,73142,69,pair_013_control,control,0,1,0,1.0700000000000012,0.1780983333333333,1170272,3510816,19442,32,872302
827,73237,95,pair_003_control,control,1,0,0,12.310000000000002,0.17794,1171792,3515376,19467,32,873678
828,73315,78,pair_002_conflict,conflict,1,0,0,12.480000000000002,0.17781,1173040,3519120,19481,32,874787
829,73398,83,pair_001_control,control,1,0,0,12.430000000000001,0.17767166666666667,1174368,3523104,19488,32,875982
830,73477,79,pair_000_control,control,1,0,0,12.470000000000002,0.17753999999999998,1175632,3526896,19509,32,877086
831,73558,81,pair_015_control,control,1,0,0,12.450000000000001,0.17740499999999998,1176928,3530784,19518,32,878227
832,73640,82,pair_004_control,control,1,0,0,12.440000000000001,0.1772683333333333,1178240,3534720,19528,32,879357
833,73716,76,pair_003_control,control,1,0,0,12.500000000000002,0.17714166666666664,1179456,3538368,19547,32,880437
834,73791,75,pair_014_control,control,1,0,0,12.510000000000002,0.17701666666666666,1180656,3541968,19579,32,881496
835,73876,85,pair_009_conflict,conflict,1,0,0,12.410000000000002,0.176875,1182016,3546048,19610,32,882702
836,73971,95,pair_005_control,control,1,0,0,12.310000000000002,0.17671666666666666,1183536,3550608,19640,32,884001
837,74049,78,pair_004_conflict,conflict,1,0,0,12.480000000000002,0.17658666666666667,1184784,3554352,19672,32,885125
838,74122,73,pair_003_conflict,conflict,1,0,0,12.530000000000001,0.17646499999999998,1185952,3557856,19694,32,886144
839,74205,83,pair_006_conflict,conflict,1,0,0,12.430000000000001,0.17632666666666666,1187280,3561840,19718,32,887342
840,74302,97,pair_017_conflict,conflict,1,0,0,12.290000000000001,0.176165,1188832,3566496,19746,32,888674
841,74379,77,pair_007_conflict,conflict,1,0,0,12.490000000000002,0.17603666666666667,1190064,3570192,19766,32,889779
842,74457,78,pair_017_control,control,1,0,0,12.48,0.17590666666666666,1191312,3573936,19782,32,890860
843,74534,77,pair_016_conflict,conflict,1,0,0,12.490000000000002,0.17577833333333331,1192544,3577632,19803,32,891967
844,74625,91,pair_006_control,control,1,0,0,12.350000000000001,0.17562666666666665,1194000,3582000,19829,32,893221
845,74696,71,pair_010_conflict,conflict,1,0,0,12.550000000000002,0.17550833333333332,1195136,3585408,19844,32,894266
846,74781,85,pair_011_control,control,1,0,0,12.410000000000002,0.17536666666666667,1196496,3589488,19847,32,895508
847,74863,82,pair_010_control,control,1,0,0,12.440000000000001,0.17523,1197808,3593424,19877,32,896665
848,74945,82,pair_013_conflict,conflict,1,0,0,12.440000000000001,0.17509333333333332,1199120,3597360,19896,32,897836
849,75028,83,pair_015_conflict,conflict,1,0,0,12.430000000000001,0.174955,1200448,3601344,19905,32,898964
850,75115,87,pair_005_conflict,conflict,1,0,0,12.39,0.17481,1201840,3605520,19933,32,900173
851,75210,95,pair_014_conflict,conflict,1,0,0,12.310000000000002,0.17465166666666665,1203360,3610080,19965,32,901461
852,75287,77,pair_012_control,control,1,0,0,12.490000000000002,0.17452333333333334,1204592,3613776,19972,32,902543
853,75358,71,pair_001_conflict,conflict,1,0,0,12.550000000000002,0.17440499999999998,1205728,3617184,19980,32,903530
854,75435,77,pair_002_control,control,1,0,0,12.490000000000002,0.17427666666666666,1206960,3620880,19997,32,904608
855,75518,83,pair_000_conflict,conflict,1,0,0,12.430000000000001,0.1741383333333333,1208288,3624864,20035,32,905744
856,75602,84,pair_011_conflict,conflict,1,0,0,12.420000000000002,0.1739983333333333,1209632,3628896,20042,32,906898
857,75685,83,pair_012_conflict,conflict,1,0,0,12.430000000000001,0.17386,1210960,3632880,20062,34,908004
858,75761,76,pair_008_control,control,1,0,0,12.500000000000002,0.17373333333333332,1212176,3636528,20072,34,909024
859,75839,78,pair_007_control,control,1,0,0,12.48,0.17360333333333333,1213424,3640272,20094,34,910089
860,75922,83,pair_009_control,control,1,0,0,12.430000000000001,0.17346499999999998,1214752,3644256,20094,34,911232
861,75995,73,pair_008_conflict,conflict,1,0,0,12.530000000000001,0.17334333333333332,1215920,3647760,20105,34,912196
862,76082,87,pair_013_control,control,1,0,0,12.39,0.17319833333333332,1217312,3651936,20114,34,913386
863,76167,85,pair_016_control,control,1,0,0,12.410000000000002,0.17305666666666666,1218672,3656016,20144,34,914523
864,76250,83,pair_009_control,control,1,0,0,12.430000000000001,0.1729183333333333,1220000,3660000,20146,34,915565
865,76326,76,pair_001_conflict,conflict,1,0,0,12.500000000000002,0.17279166666666665,1221216,3663648,20152,34,916441
866,76400,74,pair_002_control,control,1,0,0,12.520000000000001,0.1726683333333333,1222400,3667200,20170,34,917372
867,76475,75,pair_015_control,control,1,0,0,12.510000000000002,0.17254333333333333,1223600,3670800,20179,34,918307
868,76564,89,pair_014_conflict,conflict,1,0,0,12.370000000000001,0.172395,1225024,3675072,20203,34,919423
869,76637,73,pair_003_conflict,conflict,1,0,0,12.530000000000001,0.17227333333333333,1226192,3678576,20230,34,920361
870,76714,77,pair_000_control,control,1,0,0,12.490000000000002,0.172145,1227424,3682272,20260,34,921313
871,76795,81,pair_014_control,control,1,0,0,12.450000000000001,0.17201,1228720,3686160,20287,34,922348
872,76883,88,pair_013_conflict,conflict,1,0,0,12.380000000000003,0.1718633333333333,1230128,3690384,20316,34,923428
873,76971,88,pair_016_conflict,conflict,1,0,0,12.38,0.17171666666666666,1231536,3694608,20331,34,924514
874,77051,80,pair_012_control,control,1,0,0,12.46,0.1715833333333333,1232816,3698448,20339,34,925545
875,77140,89,pair_017_conflict,conflict,1,0,0,12.370000000000001,0.17143499999999998,1234240,3702720,20353,34,926659
876,77220,80,pair_004_control,control,1,0,0,12.46,0.17130166666666666,1235520,3706560,20377,34,927593
877,77224,4,pair_002_conflict,conflict,0,1,0,-0.98,0.17129499999999998,1235584,3706752,20381,35,927642
878,77307,83,pair_008_control,control,1,0,0,12.430000000000001,0.17115666666666665,1236912,3710736,20410,35,928692
879,77387,80,pair_001_control,control,1,0,0,12.46,0.17102333333333333,1238192,3714576,20418,35,929691
880,77467,80,pair_003_control,control,1,0,0,12.46,0.17089,1239472,3718416,20442,35,930699
881,77550,83,pair_011_control,control,1,0,0,12.430000000000001,0.17075166666666666,1240800,3722400,20473,36,931756
882,77629,79,pair_007_control,control,1,0,0,12.470000000000002,0.17062,1242064,3726192,20476,36,932746
883,77705,76,pair_005_control,control,1,0,0,12.500000000000002,0.17049333333333333,1243280,3729840,20503,36,933653
884,77784,79,pair_010_conflict,conflict,1,0,0,12.470000000000002,0.17036166666666666,1244544,3733632,20512,36,934649
885,77875,91,pair_012_conflict,conflict,1,0,0,12.350000000000001,0.17021,1246000,3738000,20538,38,935744
886,77959,84,pair_006_conflict,conflict,1,0,0,12.420000000000002,0.17007,1247344,3742032,20543,38,936745
887,78035,76,pair_004_conflict,conflict,1,0,0,12.500000000000002,0.16994333333333334,1248560,3745680,20570,38,937683
888,78110,75,pair_017_control,control,1,0,0,12.510000000000002,0.16981833333333332,1249760,3749280,20582,38,938597
889,78204,94,pair_013_control,control,1,0,0,12.32,0.16966166666666666,1251264,3753792,20627,38,939707
890,78287,83,pair_009_conflict,conflict,1,0,0,12.430000000000001,0.16952333333333333,1252592,3757776,20657,38,940770
891,78366,79,pair_007_conflict,conflict,1,0,0,12.470000000000002,0.16939166666666666,1253856,3761568,20663,38,941712
892,78445,79,pair_011_conflict,conflict,1,0,0,12.470000000000002,0.16926,1255120,3765360,20666,38,942673
893,78522,77,pair_008_conflict,conflict,1,0,0,12.490000000000002,0.16913166666666665,1256352,3769056,20685,38,943611
894,78606,84,pair_006_control,control,1,0,0,12.420000000000002,0.16899166666666665,1257696,3773088,20725,38,944634
895,78682,76,pair_015_conflict,conflict,0,1,0,1.1000000000000014,0.168865,1258912,3776736,20745,40,945553
896,78754,72,pair_016_control,control,1,0,0,12.540000000000001,0.16874499999999998,1260064,3780192,20758,40,946411
897,78837,83,pair_000_conflict,conflict,1,0,0,12.430000000000001,0.16860666666666665,1261392,3784176,20790,40,947442
898,78916,79,pair_005_conflict,conflict,1,0,0,12.470000000000002,0.16847499999999999,1262656,3787968,20815,40,948429
899,79010,94,pair_010_control,control,1,0,0,12.32,0.16831833333333332,1264160,3792480,20834,40,949568
900,79094,84,pair_011_conflict,conflict,1,0,0,12.420000000000002,0.16817833333333332,1265504,3796512,20858,40,950582
901,79177,83,pair_004_control,control,1,0,0,12.430000000000001,0.16804,1266832,3800496,20887,40,951617
902,79260,83,pair_003_conflict,conflict,1,0,0,12.430000000000001,0.16790166666666664,1268160,3804480,20918,40,952636
903,79357,97,pair_005_control,control,1,0,0,12.290000000000001,0.16774,1269712,3809136,20929,40,953799
904,79441,84,pair_017_control,control,1,0,0,12.420000000000002,0.1676,1271056,3813168,20952,40,954830
905,79521,80,pair_008_control,control,1,0,0,12.46,0.16746666666666665,1272336,3817008,20982,40,955795
906,79600,79,pair_012_conflict,conflict,1,0,0,12.470000000000002,0.16733499999999998,1273600,3820800,20990,40,956800
907,79678,78,pair_002_conflict,conflict,1,0,0,12.48,0.167205,1274848,3824544,21014,40,957807
908,79759,81,pair_001_control,control,1,0,0,12.450000000000001,0.16707,1276144,3828432,21038,40,958825
909,79840,81,pair_006_control,control,1,0,0,12.450000000000003,0.166935,1277440,3832320,21041,40,959815
910,79931,91,pair_015_conflict,conflict,1,0,0,12.350000000000001,0.1667833333333333,1278896,3836688,21055,40,960953
911,80005,74,pair_000_conflict,conflict,1,0,0,12.520000000000001,0.16666,1280080,3840240,21080,40,961854
912,80090,85,pair_007_control,control,1,0,0,12.410000000000002,0.16651833333333332,1281440,3844320,21108,40,962921
913,80172,82,pair_004_conflict,conflict,1,0,0,12.440000000000001,0.16638166666666665,1282752,3848256,21115,40,963937
914,80251,79,pair_008_conflict,conflict,1,0,0,12.470000000000002,0.16624999999999998,1284016,3852048,21148,40,964870
915,80324,73,pair_016_control,control,1,0,0,12.530000000000001,0.16612833333333332,1285184,3855552,21167,40,965719
916,80401,77,pair_009_conflict,conflict,1,0,0,12.490000000000002,0.16599999999999998,1286416,3859248,21173,40,966634
917,80475,74,pair_007_conflict,conflict,1,0,0,12.520000000000001,0.16587666666666664,1287600,3862800,21191,40,967496
918,80560,85,pair_001_conflict,conflict,1,0,0,12.410000000000002,0.165735,1288960,3866880,21205,40,968532
919,80637,77,pair_000_control,control,1,0,0,12.490000000000002,0.16560666666666665,1290192,3870576,21238,40,969435
920,80723,86,pair_002_control,control,1,0,0,12.400000000000002,0.16546333333333332,1291568,3874704,21269,40,970484
921,80810,87,pair_011_control,control,1,0,0,12.39,0.16531833333333332,1292960,3878880,21287,40,971503
922,80899,89,pair_010_conflict,conflict,1,0,0,12.370000000000001,0.16516999999999998,1294384,3883152,21311,40,972550
923,80974,75,pair_009_control,control,1,0,0,12.510000000000002,0.165045,1295584,3886752,21337,40,973448
924,81044,70,pair_014_control,control,1,0,0,12.560000000000002,0.16492833333333332,1296704,3890112,21369,40,974256
925,81126,82,pair_015_control,control,1,0,0,12.440000000000001,0.16479166666666664,1298016,3894048,21390,40,975178
926,81200,74,pair_016_conflict,conflict,1,0,0,12.520000000000001,0.16466833333333333,1299200,3897600,21417,40,976056
927,81289,89,pair_013_control,control,1,0,0,12.370000000000001,0.16452,1300624,3901872,21444,40,977085
928,81364,75,pair_010_control,control,1,0,0,12.510000000000002,0.16439499999999999,1301824,3905472,21465,40,977965
929,81440,76,pair_013_conflict,conflict,1,0,0,12.500000000000002,0.16426833333333332,1303040,3909120,21495,40,978853
930,81520,80,pair_006_conflict,conflict,1,0,0,12.46,0.16413499999999998,1304320,3912960,21525,40,979783
931,81610,90,pair_014_conflict,conflict,1,0,0,12.360000000000001,0.163985,1305760,3917280,21547,40,980850
932,81698,88,pair_017_conflict,conflict,1,0,0,12.38,0.16383833333333334,1307168,3921504,21570,40,981834
933,81708,10,pair_005_conflict,conflict,0,1,0,-0.79,0.16382166666666664,1307328,3921984,21580,40,981943
934,81800,92,pair_012_control,control,0,1,0,1.2900000000000018,0.16366833333333333,1308800,3926400,21609,45,983030
935,81879,79,pair_003_control,control,1,0,0,12.470000000000002,0.16353666666666666,1310064,3930192,21633,45,983988
936,81959,80,pair_001_control,control,1,0,0,12.46,0.16340333333333332,1311344,3934032,21656,45,984973
937,82066,107,pair_013_control,control,1,0,0,12.190000000000001,0.16322499999999998,1313056,3939168,21700,45,986298
938,82366,300,pair_012_conflict,conflict,0,0,0,0.14999999999999977,0.16272499999999998,1317856,3953568,21930,54,990105
939,82447,81,pair_006_control,control,1,0,0,12.450000000000001,0.16258999999999998,1319152,3957456,21958,54,991165
940,82529,82,pair_000_control,control,1,0,0,12.440000000000001,0.1624533333333333,1320464,3961392,21993,54,992269
941,82622,93,pair_015_control,control,1,0,0,12.330000000000002,0.16229833333333332,1321952,3965856,22025,54,993519
942,82708,86,pair_010_conflict,conflict,1,0,0,12.400000000000002,0.162155,1323328,3969984,22038,54,994635
943,82788,80,pair_009_control,control,1,0,0,12.46,0.16202166666666665,1324608,3973824,22042,54,995635
944,82866,78,pair_002_control,control,1,0,0,12.48,0.16189166666666666,1325856,3977568,22060,54,996683
945,82947,81,pair_001_conflict,conflict,1,0,0,12.450000000000003,0.16175666666666666,1327152,3981456,22071,54,997752
946,83026,79,pair_005_conflict,conflict,1,0,0,12.470000000000002,0.161625,1328416,3985248,22087,54,998784
947,83108,82,pair_011_control,control,1,0,0,12.440000000000001,0.16148833333333332,1329728,3989184,22102,54,999839
948,83206,98,pair_013_conflict,conflict,1,0,0,12.280000000000001,0.161325,1331296,3993888,22130,54,1001139
949,83290,84,pair_007_control,control,1,0,0,12.420000000000002,0.161185,1332640,3997920,22139,54,1002207
950,83430,140,pair_017_conflict,conflict,1,0,0,11.860000000000003,0.16095166666666666,1334880,4004640,22214,54,1004017
951,83516,86,pair_008_control,control,1,0,0,12.400000000000002,0.16080833333333333,1336256,4008768,22226,54,1005152
952,83599,83,pair_002_conflict,conflict,1,0,0,12.430000000000001,0.16066999999999998,1337584,4012752,22257,55,1006268
953,83691,92,pair_009_conflict,conflict,1,0,0,12.340000000000002,0.16051666666666667,1339056,4017168,22263,55,1007427
954,83777,86,pair_017_control,control,1,0,0,12.400000000000002,0.1603733333333333,1340432,4021296,22284,55,1008529
955,83915,138,pair_011_conflict,conflict,1,0,0,11.880000000000003,0.16014333333333333,1342640,4027920,22308,55,1010345
956,84000,85,pair_005_control,control,1,0,0,12.410000000000002,0.16000166666666665,1344000,4032000,22335,56,1011433
957,84082,82,pair_000_conflict,conflict,1,0,0,12.440000000000001,0.15986499999999998,1345312,4035936,22366,56,1012525
958,84172,90,pair_016_conflict,conflict,1,0,0,12.360000000000001,0.159715,1346752,4040256,22379,56,1013726
959,84248,76,pair_014_control,control,1,0,0,12.500000000000002,0.15958833333333333,1347968,4043904,22379,56,1014682
960,84347,99,pair_004_control,control,1,0,0,12.270000000000001,0.15942333333333333,1349552,4048656,22390,56,1015948
961,84430,83,pair_004_conflict,conflict,1,0,0,12.430000000000001,0.15928499999999998,1350880,4052640,22397,56,1016992
962,84511,81,pair_015_conflict,conflict,1,0,0,12.450000000000001,0.15914999999999999,1352176,4056528,22420,56,1018050
963,84709,198,pair_012_control,control,1,0,0,11.280000000000001,0.15882,1355344,4066032,22557,59,1020666
964,84794,85,pair_003_conflict,conflict,1,0,0,12.410000000000002,0.1586783333333333,1356704,4070112,22571,59,1021869
965,84875,81,pair_003_control,control,1,0,0,12.450000000000001,0.15854333333333331,1358000,4074000,22592,59,1022978
966,84955,80,pair_010_control,control,1,0,0,12.460000000000003,0.15841,1359280,4077840,22608,59,1024103
967,85059,104,pair_008_conflict,conflict,1,0,0,12.220000000000002,0.15823666666666666,1360944,4082832,22617,59,1025516
968,85146,87,pair_016_control,control,1,0,0,12.390000000000002,0.15809166666666666,1362336,4087008,22651,59,1026733
969,85248,102,pair_006_conflict,conflict,1,0,0,12.240000000000002,0.15792166666666665,1363968,4091904,22653,59,1028086
970,85375,127,pair_007_conflict,conflict,1,0,0,11.990000000000002,0.15771,1366000,4098000,22662,59,1029861
971,85450,75,pair_014_conflict,conflict,1,0,0,12.510000000000002,0.15758499999999998,1367200,4101600,22667,59,1030885
972,85530,80,pair_003_conflict,conflict,1,0,0,12.46,0.15745166666666666,1368480,4105440,22688,59,1031974
973,85604,74,pair_004_conflict,conflict,1,0,0,12.520000000000001,0.15732833333333332,1369664,4108992,22696,59,1032986
974,85683,79,pair_011_control,control,1,0,0,12.470000000000002,0.15719666666666665,1370928,4112784,22734,59,1034005
975,85770,87,pair_014_conflict,conflict,1,0,0,12.39,0.15705166666666664,1372320,4116960,22748,59,1035128
976,85839,69,pair_002_control,control,1,0,0,12.570000000000002,0.15693666666666667,1373424,4120272,22765,59,1036078
977,85922,83,pair_007_control,control,1,0,0,12.430000000000001,0.15679833333333332,1374752,4124256,22774,59,1037158
978,86001,79,pair_009_conflict,conflict,1,0,0,12.470000000000002,0.15666666666666665,1376016,4128048,22780,59,1038182
979,86087,86,pair_005_control,control,1,0,0,12.400000000000002,0.15652333333333332,1377392,4132176,22806,60,1039315
980,86174,87,pair_000_control,control,1,0,0,12.39,0.1563783333333333,1378784,4136352,22843,60,1040479
981,86254,80,pair_009_control,control,1,0,0,12.46,0.156245,1380064,4140192,22849,60,1041457
982,86325,71,pair_000_conflict,conflict,1,0,0,12.55,0.15612666666666666,1381200,4143600,22876,60,1042404
983,86397,72,pair_010_conflict,conflict,1,0,0,12.540000000000001,0.15600666666666665,1382352,4147056,22897,60,1043378
984,86480,83,pair_004_control,control,1,0,0,12.430000000000001,0.15586833333333333,1383680,4151040,22915,60,1044458
985,86552,72,pair_008_conflict,conflict,1,0,0,12.540000000000001,0.15574833333333332,1384832,4154496,22939,60,1045452
986,86628,76,pair_017_control,control,1,0,0,12.500000000000002,0.15562166666666666,1386048,4158144,22961,60,1046471
987,86707,79,pair_016_control,control,1,0,0,12.470000000000002,0.15549,1387312,4161936,22983,60,1047525
988,86787,80,pair_006_control,control,1,0,0,12.46,0.15535666666666664,1388592,4165776,23014,60,1048615
989,86863,76,pair_016_conflict,conflict,1,0,0,12.500000000000002,0.15522999999999998,1389808,4169424,23038,60,1049681
990,86931,68,pair_010_control,control,1,0,0,12.580000000000002,0.15511666666666665,1390896,4172688,23064,60,1050584
991,87017,86,pair_001_control,control,1,0,0,12.400000000000002,0.15497333333333332,1392272,4176816,23102,60,1051740
992,87111,94,pair_013_conflict,conflict,1,0,0,12.32,0.15481666666666666,1393776,4181328,23114,60,1053018
993,87190,79,pair_014_control,control,1,0,0,12.470000000000002,0.154685,1395040,4185120,23128,60,1054085
994,87269,79,pair_005_conflict,conflict,1,0,0,12.470000000000002,0.15455333333333332,1396304,4188912,23155,60,1055167
995,87347,78,pair_002_conflict,conflict,1,0,0,12.480000000000002,0.15442333333333333,1397552,4192656,23175,60,1056174
996,87435,88,pair_012_conflict,conflict,1,0,0,12.380000000000003,0.15427666666666665,1398960,4196880,23197,60,1057338
997,87519,84,pair_013_control,control,1,0,0,12.420000000000002,0.15413666666666664,1400304,4200912,23206,60,1058477
998,87597,78,pair_012_control,control,1,0,0,12.48,0.15400666666666665,1401552,4204656,23221,60,1059528
999,87677,80,pair_015_conflict,conflict,1,0,0,12.46,0.15387333333333333,1402832,4208496,23238,60,1060624
1000,87756,79,pair_015_control,control,1,0,0,12.470000000000002,0.15374166666666667,1404096,4212288,23257,60,1061636
1001,87829,73,pair_011_conflict,conflict,1,0,0,12.530000000000001,0.15361999999999998,1405264,4215792,23281,60,1062576
1002,87915,86,pair_017_conflict,conflict,1,0,0,12.400000000000002,0.15347666666666665,1406640,4219920,23305,60,1063702
1003,87992,77,pair_006_conflict,conflict,1,0,0,12.490000000000002,0.1533483333333333,1407872,4223616,23338,60,1064788
1004,88074,82,pair_008_control,control,1,0,0,12.440000000000001,0.15321166666666666,1409184,4227552,23369,60,1065873
1005,88148,74,pair_003_control,control,1,0,0,12.520000000000001,0.15308833333333333,1410368,4231104,23392,60,1066854
1006,88225,77,pair_001_conflict,conflict,1,0,0,12.490000000000002,0.15295999999999998,1411600,4234800,23421,60,1067915
1007,88298,73,pair_007_conflict,conflict,1,0,0,12.530000000000001,0.15283833333333333,1412768,4238304,23441,60,1068891
1008,88374,76,pair_009_conflict,conflict,1,0,0,12.500000000000002,0.15271166666666666,1413984,4241952,23460,60,1069983
1009,88445,71,pair_008_conflict,conflict,1,0,0,12.55,0.15259333333333333,1415120,4245360,23489,60,1070949
1010,88524,79,pair_015_control,control,1,0,0,12.470000000000002,0.15246166666666666,1416384,4249152,23510,60,1072017
1011,88606,82,pair_010_conflict,conflict,1,0,0,12.440000000000001,0.152325,1417696,4253088,23533,60,1073190
1012,88683,77,pair_010_control,control,1,0,0,12.490000000000002,0.15219666666666665,1418928,4256784,23558,60,1074257
1013,88761,78,pair_016_control,control,1,0,0,12.48,0.15206666666666666,1420176,4260528,23579,60,1075355
1014,88838,77,pair_007_control,control,1,0,0,12.490000000000002,0.15193833333333331,1421408,4264224,23599,60,1076376
1015,88915,77,pair_009_control,control,1,0,0,12.490000000000002,0.15181,1422640,4267920,23623,60,1077435
1016,88991,76,pair_008_control,control,1,0,0,12.500000000000002,0.1516833333333333,1423856,4271568,23650,60,1078442
1017,89076,85,pair_012_control,control,1,0,0,12.410000000000002,0.15154166666666666,1425216,4275648,23663,60,1079587
1018,89150,74,pair_013_conflict,conflict,1,0,0,12.520000000000001,0.15141833333333332,1426400,4279200,23690,60,1080590
1019,89226,76,pair_012_conflict,conflict,1,0,0,12.500000000000002,0.15129166666666666,1427616,4282848,23706,60,1081661
1020,89304,78,pair_017_conflict,conflict,1,0,0,12.480000000000002,0.15116166666666667,1428864,4286592,23726,60,1082750
1021,89387,83,pair_000_conflict,conflict,1,0,0,12.430000000000001,0.15102333333333331,1430192,4290576,23755,60,1083884
1022,89463,76,pair_015_conflict,conflict,1,0,0,12.500000000000002,0.15089666666666665,1431408,4294224,23776,60,1084985
1023,89540,77,pair_014_conflict,conflict,1,0,0,12.490000000000002,0.1507683333333333,1432640,4297920,23805,60,1086023
1024,89621,81,pair_013_control,control,1,0,0,12.450000000000001,0.1506333333333333,1433936,4301808,23832,60,1087122
1025,89698,77,pair_001_control,control,1,0,0,12.490000000000002,0.150505,1435168,4305504,23847,60,1088195
1026,89774,76,pair_004_conflict,conflict,1,0,0,12.500000000000002,0.15037833333333334,1436384,4309152,23874,60,1089237
1027,89878,104,pair_005_conflict,conflict,1,0,0,12.22,0.15020499999999998,1438048,4314144,23925,60,1090697
1028,89953,75,pair_006_conflict,conflict,1,0,0,12.510000000000002,0.15008,1439248,4317744,23946,60,1091720
1029,90032,79,pair_011_conflict,conflict,1,0,0,12.470000000000002,0.14994833333333332,1440512,4321536,23969,60,1092840
1030,90111,79,pair_004_control,control,1,0,0,12.470000000000002,0.14981666666666665,1441776,4325328,23981,60,1093952
1031,90185,74,pair_003_conflict,conflict,1,0,0,12.520000000000001,0.14969333333333332,1442960,4328880,23990,60,1094983
1032,90263,78,pair_016_conflict,conflict,1,0,0,12.48,0.14956333333333333,1444208,4332624,24019,60,1096044
1033,90333,70,pair_002_conflict,conflict,1,0,0,12.560000000000002,0.14944666666666664,1445328,4335984,24036,60,1097009
1034,90413,80,pair_007_conflict,conflict,1,0,0,12.46,0.14931333333333333,1446608,4339824,24066,60,1098068
1035,90494,81,pair_014_control,control,1,0,0,12.450000000000001,0.14917833333333333,1447904,4343712,24098,60,1099155
1036,90581,87,pair_005_control,control,1,0,0,12.39,0.14903333333333332,1449296,4347888,24122,60,1100306
1037,90655,74,pair_000_control,control,1,0,0,12.520000000000001,0.14891,1450480,4351440,24150,60,1101314
1038,90736,81,pair_006_control,control,1,0,0,12.450000000000001,0.148775,1451776,4355328,24184,60,1102413
1039,90817,81,pair_002_control,control,1,0,0,12.450000000000003,0.14864,1453072,4359216,24201,60,1103505
1040,90898,81,pair_011_control,control,1,0,0,12.450000000000001,0.148505,1454368,4363104,24226,60,1104647
1041,90988,90,pair_017_control,control,1,0,0,12.360000000000001,0.148355,1455808,4367424,24240,60,1105801
1042,91006,18,pair_003_control,control,0,1,0,-0.31999999999999995,0.14832499999999998,1456096,4368288,24255,60,1106042
1043,91097,91,pair_001_conflict,conflict,1,0,0,12.350000000000001,0.14817333333333332,1457552,4372656,24274,60,1107218
1044,91172,75,pair_001_conflict,conflict,1,0,0,12.510000000000002,0.1480483333333333,1458752,4376256,24280,60,1108211
1045,91254,82,pair_005_conflict,conflict,1,0,0,12.440000000000001,0.14791166666666666,1460064,4380192,24303,60,1109241
1046,91335,81,pair_017_conflict,conflict,1,0,0,12.450000000000001,0.14777666666666667,1461360,4384080,24314,60,1110231
1047,91413,78,pair_001_control,control,1,0,0,12.48,0.14764666666666665,1462608,4387824,24341,60,1111272
1048,91490,77,pair_007_control,control,1,0,0,12.490000000000002,0.14751833333333333,1463840,4391520,24363,60,1112263
1049,91566,76,pair_015_control,control,1,0,0,12.500000000000002,0.14739166666666664,1465056,4395168,24379,60,1113222
1050,91641,75,pair_004_control,control,1,0,0,12.510000000000002,0.14726666666666666,1466256,4398768,24409,60,1114161
1051,91716,75,pair_010_conflict,conflict,1,0,0,12.510000000000002,0.14714166666666664,1467456,4402368,24440,60,1115100
1052,91792,76,pair_003_conflict,conflict,1,0,0,12.500000000000002,0.14701499999999998,1468672,4406016,24467,60,1116107
1053,91866,74,pair_011_control,control,1,0,0,12.520000000000001,0.14689166666666664,1469856,4409568,24490,60,1117062
1054,91939,73,pair_016_control,control,1,0,0,12.530000000000001,0.14676999999999998,1471024,4413072,24516,60,1118002
1055,92021,82,pair_006_conflict,conflict,1,0,0,12.440000000000001,0.1466333333333333,1472336,4417008,24547,60,1119103
1056,92095,74,pair_017_control,control,1,0,0,12.520000000000001,0.14651,1473520,4420560,24557,60,1120121
1057,92169,74,pair_016_conflict,conflict,1,0,0,12.520000000000001,0.14638666666666666,1474704,4424112,24570,60,1121094
1058,92244,75,pair_004_conflict,conflict,1,0,0,12.510000000000002,0.14626166666666665,1475904,4427712,24598,60,1122074
1059,92329,85,pair_002_control,control,1,0,0,12.410000000000002,0.14612,1477264,4431792,24619,60,1123219
1060,92410,81,pair_009_control,control,1,0,0,12.450000000000001,0.14598499999999998,1478560,4435680,24640,60,1124230
1061,92481,71,pair_009_conflict,conflict,1,0,0,12.55,0.14586666666666664,1479696,4439088,24662,60,1125195
1062,92556,75,pair_006_control,control,1,0,0,12.510000000000002,0.14574166666666666,1480896,4442688,24662,60,1126156
1063,92636,80,pair_005_control,control,1,0,0,12.46,0.1456083333333333,1482176,4446528,24691,60,1127177
1064,92719,83,pair_008_conflict,conflict,1,0,0,12.430000000000001,0.14547,1483504,4450512,24721,60,1128285
1065,92800,81,pair_013_control,control,1,0,0,12.450000000000001,0.145335,1484800,4454400,24756,60,1129363
1066,92878,78,pair_014_control,control,1,0,0,12.48,0.145205,1486048,4458144,24780,60,1130418
1067,92953,75,pair_013_conflict,conflict,1,0,0,12.510000000000002,0.14508,1487248,4461744,24816,60,1131444
1068,93034,81,pair_002_conflict,conflict,1,0,0,12.450000000000001,0.144945,1488544,4465632,24839,60,1132556
1069,93111,77,pair_008_control,control,1,0,0,12.490000000000002,0.14481666666666665,1489776,4469328,24873,60,1133621
1070,93195,84,pair_014_conflict,conflict,1,0,0,12.420000000000002,0.14467666666666665,1491120,4473360,24889,60,1134760
1071,93268,73,pair_012_control,control,1,0,0,12.530000000000001,0.144555,1492288,4476864,24904,60,1135739
1072,93344,76,pair_011_conflict,conflict,1,0,0,12.500000000000002,0.14442833333333333,1493504,4480512,24919,60,1136761
1073,93419,75,pair_000_control,control,1,0,0,12.510000000000002,0.1443033333333333,1494704,4484112,24953,60,1137782
1074,93490,71,pair_012_conflict,conflict,1,0,0,12.55,0.14418499999999998,1495840,4487520,24965,60,1138738
1075,93565,75,pair_000_conflict,conflict,1,0,0,12.510000000000002,0.14406,1497040,4491120,24996,60,1139782
1076,93649,84,pair_015_conflict,conflict,1,0,0,12.420000000000002,0.14392,1498384,4495152,25006,60,1140880
1077,93730,81,pair_003_control,control,1,0,0,12.450000000000001,0.143785,1499680,4499040,25041,60,1141960
1078,93804,74,pair_010_control,control,1,0,0,12.520000000000001,0.14366166666666666,1500864,4502592,25067,60,1142905
1079,93877,73,pair_007_conflict,conflict,1,0,0,12.530000000000001,0.14354,1502032,4506096,25093,60,1143897
1080,93952,75,pair_009_conflict,conflict,1,0,0,12.510000000000002,0.143415,1503232,4509696,25121,60,1144922
1081,94030,78,pair_015_control,control,1,0,0,12.480000000000002,0.143285,1504480,4513440,25139,60,1145980
1082,94117,87,pair_017_conflict,conflict,1,0,0,12.390000000000002,0.14314,1505872,4517616,25163,61,1147109
1083,94196,79,pair_001_conflict,conflict,1,0,0,12.470000000000002,0.14300833333333332,1507136,4521408,25198,61,1148186
1084,94265,69,pair_011_control,control,1,0,0,12.570000000000002,0.14289333333333332,1508240,4524720,25223,61,1149123
1085,94342,77,pair_004_control,control,1,0,0,12.490000000000002,0.14276499999999998,1509472,4528416,25257,61,1150160
1086,94421,79,pair_011_conflict,conflict,1,0,0,12.470000000000002,0.14263333333333333,1510736,4532208,25285,61,1151267
1087,94495,74,pair_008_control,control,1,0,0,12.520000000000001,0.14251,1511920,4535760,25315,61,1152259
1088,94540,45,pair_006_control,control,0,1,0,0.46000000000000063,0.14243499999999998,1512640,4537920,25336,61,1152889
1089,94621,81,pair_015_conflict,conflict,1,0,0,12.450000000000001,0.14229999999999998,1513936,4541808,25347,61,1154075
1090,94701,80,pair_014_conflict,conflict,1,0,0,12.46,0.14216666666666666,1515216,4545648,25380,61,1155237
1091,94774,73,pair_002_control,control,1,0,0,12.530000000000001,0.14204499999999998,1516384,4549152,25397,61,1156264
1092,94847,73,pair_014_control,control,1,0,0,12.530000000000001,0.14192333333333332,1517552,4552656,25423,61,1157289
1093,94920,73,pair_006_conflict,conflict,1,0,0,12.530000000000001,0.14180166666666666,1518720,4556160,25452,61,1158352
1094,95016,96,pair_013_control,control,1,0,0,12.300000000000002,0.14164166666666667,1520256,4560768,25494,61,1159695
1095,95088,72,pair_009_control,control,1,0,0,12.540000000000001,0.14152166666666666,1521408,4564224,25514,61,1160689
1096,95167,79,pair_007_conflict,conflict,1,0,0,12.470000000000002,0.14139,1522672,4568016,25531,61,1161841
1097,95249,82,pair_004_conflict,conflict,1,0,0,12.440000000000001,0.14125333333333331,1523984,4571952,25563,61,1163074
1098,95326,77,pair_017_control,control,1,0,0,12.490000000000002,0.141125,1525216,4575648,25583,61,1164153
1099,95396,70,pair_000_conflict,conflict,1,0,0,12.560000000000002,0.14100833333333332,1526336,4579008,25612,61,1165169
1100,95469,73,pair_003_conflict,conflict,1,0,0,12.530000000000001,0.14088666666666666,1527504,4582512,25642,61,1166252
1101,95564,95,pair_016_conflict,conflict,1,0,0,12.310000000000002,0.14072833333333332,1529024,4587072,25654,61,1167602
1102,95577,13,pair_000_control,control,0,1,0,-0.6200000000000001,0.14070666666666665,1529232,4587696,25667,61,1167791
1103,95655,78,pair_010_control,control,1,0,0,12.48,0.14057666666666666,1530480,4591440,25688,61,1168896
1104,95734,79,pair_002_conflict,conflict,1,0,0,12.470000000000002,0.140445,1531744,4595232,25709,61,1170011
1105,95821,87,pair_012_conflict,conflict,1,0,0,12.390000000000002,0.14029999999999998,1533136,4599408,25725,61,1171268
1106,95903,82,pair_003_control,control,1,0,0,12.440000000000001,0.14016333333333333,1534448,4603344,25766,61,1172412
1107,95977,74,pair_005_conflict,conflict,1,0,0,12.520000000000001,0.14004,1535632,4606896,25792,61,1173451
1108,96064,87,pair_010_conflict,conflict,1,0,0,12.39,0.139895,1537024,4611072,25827,61,1174690
1109,96145,81,pair_001_control,control,1,0,0,12.450000000000003,0.13976,1538320,4614960,25857,61,1175846
1110,96218,73,pair_008_conflict,conflict,1,0,0,12.530000000000001,0.1396383333333333,1539488,4618464,25884,61,1176963
1111,96297,79,pair_012_control,control,1,0,0,12.470000000000002,0.13950666666666667,1540752,4622256,25896,61,1178126
1112,96375,78,pair_005_control,control,1,0,0,12.48,0.13937666666666665,1542000,4626000,25917,61,1179283
1113,96449,74,pair_013_conflict,conflict,1,0,0,12.520000000000001,0.1392533333333333,1543184,4629552,25939,61,1180352
1114,96535,86,pair_016_control,control,1,0,0,12.400000000000002,0.13910999999999998,1544560,4633680,25960,61,1181613
1115,96614,79,pair_007_control,control,1,0,0,12.470000000000002,0.13897833333333331,1545824,4637472,25985,61,1182784
1116,96694,80,pair_004_control,control,1,0,0,12.46,0.138845,1547104,4641312,26007,61,1183939
1117,96772,78,pair_014_conflict,conflict,1,0,0,12.48,0.13871499999999998,1548352,4645056,26041,61,1185099
1118,96843,71,pair_009_conflict,conflict,1,0,0,12.55,0.13859666666666665,1549488,4648464,26065,61,1186117
1119,96923,80,pair_000_conflict,conflict,1,0,0,12.46,0.13846333333333333,1550768,4652304,26084,61,1187298
1120,96996,73,pair_014_control,control,1,0,0,12.530000000000001,0.13834166666666667,1551936,4655808,26112,61,1188360
1121,97073,77,pair_009_control,control,1,0,0,12.490000000000002,0.13821333333333333,1553168,4659504,26125,61,1189488
1122,97160,87,pair_002_control,control,1,0,0,12.39,0.13806833333333332,1554560,4663680,26142,61,1190768
1123,97234,74,pair_011_conflict,conflict,1,0,0,12.520000000000001,0.13794499999999998,1555744,4667232,26159,61,1191831
1124,97307,73,pair_013_control,control,1,0,0,12.530000000000001,0.13782333333333333,1556912,4670736,26177,61,1192865
1125,97393,86,pair_017_conflict,conflict,1,0,0,12.400000000000002,0.13768,1558288,4674864,26204,61,1194143
1126,97463,70,pair_006_conflict,conflict,1,0,0,12.560000000000002,0.13756333333333332,1559408,4678224,26233,61,1195179
1127,97545,82,pair_016_conflict,conflict,1,0,0,12.440000000000001,0.13742666666666667,1560720,4682160,26249,61,1196375
1128,97617,72,pair_010_control,control,1,0,0,12.540000000000003,0.13730666666666666,1561872,4685616,26273,61,1197423
1129,97698,81,pair_007_conflict,conflict,1,0,0,12.450000000000001,0.13717166666666666,1563168,4689504,26274,61,1198645
1130,97775,77,pair_007_control,control,1,0,0,12.490000000000002,0.13704333333333332,1564400,4693200,26291,61,1199822
1131,97851,76,pair_008_conflict,conflict,1,0,0,12.500000000000002,0.13691666666666666,1565616,4696848,26325,61,1200983
1132,97926,75,pair_013_conflict,conflict,1,0,0,12.510000000000002,0.13679166666666664,1566816,4700448,26342,61,1202079
1133,97998,72,pair_005_conflict,conflict,1,0,0,12.540000000000001,0.13667166666666666,1567968,4703904,26369,61,1203142
1134,98074,76,pair_006_control,control,1,0,0,12.500000000000002,0.136545,1569184,4707552,26402,61,1204225
1135,98151,77,pair_001_conflict,conflict,1,0,0,12.490000000000002,0.13641666666666666,1570416,4711248,26425,61,1205349
1136,98226,75,pair_015_control,control,1,0,0,12.510000000000002,0.13629166666666664,1571616,4714848,26445,61,1206451
1137,98304,78,pair_012_control,control,1,0,0,12.480000000000002,0.13616166666666665,1572864,4718592,26464,63,1207622
1138,98376,72,pair_017_control,control,1,0,0,12.540000000000001,0.13604166666666664,1574016,4722048,26480,63,1208659
1139,98465,89,pair_004_conflict,conflict,1,0,0,12.370000000000001,0.1358933333333333,1575440,4726320,26508,63,1209972
1140,98533,68,pair_010_conflict,conflict,1,0,0,12.580000000000002,0.13577999999999998,1576528,4729584,26535,63,1210925
1141,98551,18,pair_003_control,control,0,1,0,-0.42000000000000004,0.13574999999999998,1576816,4730448,26548,63,1211211
1142,98628,77,pair_000_control,control,1,0,0,12.490000000000002,0.13562166666666667,1578048,4734144,26567,63,1212318
1143,98699,71,pair_003_conflict,conflict,1,0,0,12.55,0.1355033333333333,1579184,4737552,26595,63,1213326
1144,98774,75,pair_008_control,control,1,0,0,12.510000000000002,0.13537833333333332,1580384,4741152,26616,63,1214452
1145,98858,84,pair_002_conflict,conflict,1,0,0,12.420000000000002,0.13523833333333332,1581728,4745184,26636,63,1215690
1146,98948,90,pair_005_control,control,1,0,0,12.360000000000001,0.1350883333333333,1583168,4749504,26671,63,1217036
1147,99021,73,pair_011_control,control,1,0,0,12.530000000000001,0.13496666666666665,1584336,4753008,26686,63,1218103
1148,99099,78,pair_015_conflict,conflict,1,0,0,12.48,0.13483666666666666,1585584,4756752,26709,63,1219223
1149,99171,72,pair_001_control,control,1,0,0,12.540000000000003,0.13471666666666665,1586736,4760208,26728,63,1220267
1150,99252,81,pair_012_conflict,conflict,1,0,0,12.450000000000003,0.13458166666666666,1588032,4764096,26738,63,1221441
1151,99325,73,pair_016_control,control,1,0,0,12.530000000000001,0.13446,1589200,4767600,26761,63,1222481
1152,99398,73,pair_010_control,control,1,0,0,12.530000000000001,0.1343383333333333,1590368,4771104,26778,63,1223524
1153,99470,72,pair_001_control,control,1,0,0,12.540000000000001,0.13421833333333333,1591520,4774560,26794,63,1224533
1154,99548,78,pair_000_conflict,conflict,1,0,0,12.48,0.1340883333333333,1592768,4778304,26826,63,1225664
1155,99631,83,pair_006_conflict,conflict,1,0,0,12.430000000000001,0.13394999999999999,1594096,4782288,26826,63,1226854
1156,99705,74,pair_003_control,control,1,0,0,12.520000000000001,0.13382666666666665,1595280,4785840,26853,63,1227932
1157,99785,80,pair_011_control,control,1,0,0,12.46,0.13369333333333333,1596560,4789680,26863,63,1229106
1158,99859,74,pair_001_conflict,conflict,1,0,0,12.520000000000001,0.13357,1597744,4793232,26879,63,1230195
1159,99932,73,pair_000_control,control,1,0,0,12.530000000000001,0.13344833333333334,1598912,4796736,26898,63,1231251
1160,100007,75,pair_017_control,control,1,0,0,12.510000000000002,0.13332333333333332,1600112,4800336,26910,63,1232337
1161,100083,76,pair_004_control,control,1,0,0,12.500000000000002,0.13319666666666666,1601328,4803984,26934,63,1233358
1162,100160,77,pair_016_conflict,conflict,1,0,0,12.490000000000002,0.13306833333333332,1602560,4807680,26948,63,1234458
1163,100234,74,pair_002_conflict,conflict,1,0,0,12.520000000000001,0.13294499999999998,1603744,4811232,26965,63,1235515
1164,100313,79,pair_015_conflict,conflict,1,0,0,12.470000000000002,0.1328133333333333,1605008,4815024,26979,63,1236623
1165,100387,74,pair_014_conflict,conflict,1,0,0,12.520000000000001,0.13269,1606192,4818576,27005,63,1237660
1166,100468,81,pair_008_control,control,1,0,0,12.450000000000001,0.13255499999999998,1607488,4822464,27019,63,1238858
1167,100546,78,pair_009_control,control,1,0,0,12.48,0.132425,1608736,4826208,27019,63,1239962
1168,100621,75,pair_009_conflict,conflict,1,0,0,12.510000000000002,0.1323,1609936,4829808,27019,63,1241020
1169,100691,70,pair_003_conflict,conflict,1,0,0,12.560000000000002,0.13218333333333332,1611056,4833168,27044,63,1242030
1170,100777,86,pair_005_control,control,1,0,0,12.400000000000002,0.13204,1612432,4837296,27064,63,1243190
1171,100854,77,pair_004_conflict,conflict,1,0,0,12.490000000000002,0.13191166666666665,1613664,4840992,27078,63,1244303
1172,100941,87,pair_002_control,control,1,0,0,12.390000000000002,0.13176666666666664,1615056,4845168,27095,63,1245480
1173,101015,74,pair_008_conflict,conflict,1,0,0,12.520000000000001,0.13164333333333333,1616240,4848720,27100,63,1246451
1174,101095,80,pair_005_conflict,conflict,1,0,0,12.46,0.13151,1617520,4852560,27124,63,1247534
1175,101167,72,pair_006_control,control,1,0,0,12.540000000000001,0.13138999999999998,1618672,4856016,27124,63,1248479
1176,101245,78,pair_013_conflict,conflict,1,0,0,12.48,0.13126,1619920,4859760,27141,63,1249552
1177,101370,125,pair_011_conflict,conflict,1,0,0,12.010000000000009,0.13105166666666665,1621920,4865760,27151,63,1251268
1178,101448,78,pair_007_conflict,conflict,1,0,0,12.48,0.13092166666666666,1623168,4869504,27151,63,1252282
1179,101520,72,pair_017_conflict,conflict,1,0,0,12.540000000000003,0.13080166666666665,1624320,4872960,27169,63,1253260
1180,101605,85,pair_010_conflict,conflict,1,0,0,12.410000000000002,0.13066,1625680,4877040,27191,63,1254421
1181,101678,73,pair_013_control,control,1,0,0,12.530000000000001,0.1305383333333333,1626848,4880544,27208,63,1255389
1182,101750,72,pair_015_control,control,1,0,0,12.540000000000003,0.13041833333333333,1628000,4884000,27223,63,1256338
1183,101823,73,pair_012_control,control,1,0,0,12.530000000000001,0.13029666666666664,1629168,4887504,27237,63,1257264
1184,101896,73,pair_007_control,control,1,0,0,12.530000000000001,0.13017499999999999,1630336,4891008,27237,63,1258222
1185,101971,75,pair_012_conflict,conflict,1,0,0,12.510000000000002,0.13005,1631536,4894608,27244,63,1259191
1186,102043,72,pair_014_control,control,1,0,0,12.540000000000001,0.12993,1632688,4898064,27272,63,1260143
1187,102123,80,pair_016_control,control,1,0,0,12.46,0.12979666666666664,1633968,4901904,27288,63,1261188
1188,102202,79,pair_011_control,control,1,0,0,12.470000000000002,0.129665,1635232,4905696,27313,63,1262194
1189,102233,31,pair_010_control,control,0,1,0,-0.04999999999999971,0.12961333333333333,1635728,4907184,27335,63,1262596
1190,102310,77,pair_004_conflict,conflict,1,0,0,12.490000000000002,0.129485,1636960,4910880,27364,63,1263597
1191,102383,73,pair_009_conflict,conflict,1,0,0,12.530000000000001,0.12936333333333333,1638128,4914384,27364,63,1264558
1192,102462,79,pair_006_control,control,1,0,0,12.470000000000002,0.12923166666666666,1639392,4918176,27364,63,1265599
1193,102543,81,pair_000_conflict,conflict,1,0,0,12.450000000000001,0.12909666666666667,1640688,4922064,27384,63,1266664
1194,102627,84,pair_004_control,control,1,0,0,12.420000000000002,0.12895666666666666,1642032,4926096,27417,63,1267719
1195,102704,77,pair_010_conflict,conflict,1,0,0,12.490000000000002,0.12882833333333332,1643264,4929792,27446,63,1268684
1196,102784,80,pair_007_conflict,conflict,1,0,0,12.46,0.12869499999999998,1644544,4933632,27449,63,1269709
1197,102863,79,pair_005_conflict,conflict,1,0,0,12.470000000000002,0.12856333333333334,1645808,4937424,27473,63,1270668
1198,102936,73,pair_001_conflict,conflict,1,0,0,12.530000000000001,0.12844166666666665,1646976,4940928,27498,63,1271621
1199,103020,84,pair_017_conflict,conflict,1,0,0,12.420000000000002,0.12830166666666665,1648320,4944960,27529,63,1272678
1200,103106,86,pair_007_control,control,1,0,0,12.400000000000002,0.12815833333333332,1649696,4949088,27529,63,1273715
1201,103182,76,pair_011_conflict,conflict,1,0,0,12.500000000000002,0.12803166666666665,1650912,4952736,27555,63,1274660
1202,103259,77,pair_016_control,control,1,0,0,12.490000000000002,0.1279033333333333,1652144,4956432,27569,63,1275598
1203,103334,75,pair_002_conflict,conflict,1,0,0,12.510000000000002,0.12777833333333333,1653344,4960032,27588,63,1276553
1204,103359,25,pair_001_control,control,0,1,0,-0.1399999999999998,0.12773666666666667,1653744,4961232,27603,63,1276845
1205,103436,77,pair_000_control,control,1,0,0,12.490000000000002,0.12760833333333332,1654976,4964928,27621,63,1277769
1206,103515,79,pair_014_conflict,conflict,1,0,0,12.470000000000002,0.12747666666666665,1656240,4968720,27653,63,1278730
1207,103589,74,pair_016_conflict,conflict,1,0,0,12.520000000000001,0.12735333333333332,1657424,4972272,27677,63,1279602
1208,103651,62,pair_013_conflict,conflict,0,1,0,0.890000000000001,0.12725,1658416,4975248,27690,63,1280373
1209,103726,75,pair_014_control,control,1,0,0,12.510000000000002,0.127125,1659616,4978848,27717,63,1281261
1210,103799,73,pair_003_control,control,1,0,0,12.530000000000001,0.12700333333333333,1660784,4982352,27735,63,1282161
1211,103871,72,pair_012_conflict,conflict,1,0,0,12.540000000000003,0.12688333333333332,1661936,4985808,27755,63,1283093
1212,103944,73,pair_012_control,control,1,0,0,12.530000000000001,0.12676166666666666,1663104,4989312,27762,63,1283928
1213,104022,78,pair_002_control,control,1,0,0,12.48,0.12663166666666664,1664352,4993056,27780,63,1284877
1214,104098,76,pair_008_control,control,1,0,0,12.500000000000002,0.12650499999999998,1665568,4996704,27807,63,1285804
1215,104169,71,pair_017_control,control,1,0,0,12.55,0.12638666666666665,1666704,5000112,27822,63,1286658
1216,104244,75,pair_005_control,control,1,0,0,12.510000000000002,0.12626166666666666,1667904,5003712,27847,63,1287578
1217,104317,73,pair_013_control,control,1,0,0,12.530000000000001,0.12614,1669072,5007216,27874,63,1288459
1218,104389,72,pair_008_conflict,conflict,1,0,0,12.540000000000003,0.12602,1670224,5010672,27901,63,1289319
1219,104464,75,pair_009_control,control,1,0,0,12.510000000000002,0.12589499999999998,1671424,5014272,27922,63,1290214
1220,104544,80,pair_015_control,control,1,0,0,12.46,0.12576166666666666,1672704,5018112,27936,63,1291182
1221,104624,80,pair_006_conflict,conflict,1,0,0,12.46,0.12562833333333331,1673984,5021952,27963,63,1292129
1222,104702,78,pair_015_conflict,conflict,1,0,0,12.48,0.12549833333333332,1675232,5025696,27979,63,1293052
1223,104781,79,pair_003_conflict,conflict,1,0,0,12.470000000000002,0.12536666666666665,1676496,5029488,28003,63,1293978
1224,104870,89,pair_013_control,control,1,0,0,12.370000000000001,0.12521833333333332,1677920,5033760,28022,63,1295094
1225,104952,82,pair_015_conflict,conflict,1,0,0,12.440000000000001,0.12508166666666665,1679232,5037696,28034,63,1296116
1226,105018,66,pair_007_control,control,1,0,0,12.600000000000001,0.12497166666666665,1680288,5040864,28053,63,1296909
1227,105097,79,pair_004_conflict,conflict,1,0,0,12.470000000000002,0.12483999999999998,1681552,5044656,28087,63,1297869
1228,105174,77,pair_015_control,control,1,0,0,12.490000000000002,0.12471166666666667,1682784,5048352,28102,63,1298793
1229,105253,79,pair_005_conflict,conflict,1,0,0,12.470000000000002,0.12458,1684048,5052144,28127,63,1299735
1230,105334,81,pair_003_conflict,conflict,1,0,0,12.450000000000003,0.124445,1685344,5056032,28155,63,1300754
1231,105410,76,pair_011_conflict,conflict,1,0,0,12.500000000000002,0.12431833333333331,1686560,5059680,28168,63,1301667
1232,105491,81,pair_002_conflict,conflict,1,0,0,12.450000000000001,0.12418333333333331,1687856,5063568,28185,63,1302645
1233,105564,73,pair_000_control,control,1,0,0,12.530000000000001,0.12406166666666665,1689024,5067072,28214,63,1303487
1234,105640,76,pair_006_control,control,1,0,0,12.500000000000002,0.12393499999999999,1690240,5070720,28244,63,1304360
1235,105741,101,pair_012_control,control,1,0,0,12.250000000000002,0.12376666666666666,1691856,5075568,28251,63,1305598
1236,105824,83,pair_001_control,control,1,0,0,12.430000000000001,0.12362833333333331,1693184,5079552,28264,63,1306617
1237,105896,72,pair_004_control,control,1,0,0,12.540000000000003,0.12350833333333333,1694336,5083008,28288,63,1307471
1238,105971,75,pair_011_control,control,1,0,0,12.510000000000002,0.12338333333333332,1695536,5086608,28290,63,1308313
1239,106047,76,pair_007_conflict,conflict,1,0,0,12.500000000000002,0.12325666666666665,1696752,5090256,28319,63,1309239
1240,106119,72,pair_017_conflict,conflict,1,0,0,12.540000000000001,0.12313666666666664,1697904,5093712,28337,63,1310104
1241,106136,17,pair_003_control,control,0,1,0,-0.36,0.12310833333333332,1698176,5094528,28350,63,1310293
1242,106211,75,pair_008_conflict,conflict,1,0,0,12.510000000000002,0.12298333333333333,1699376,5098128,28359,63,1311198
1243,106293,82,pair_013_conflict,conflict,1,0,0,12.440000000000001,0.12284666666666666,1700688,5102064,28387,63,1312149
1244,106372,79,pair_009_control,control,1,0,0,12.470000000000002,0.12271499999999999,1701952,5105856,28412,63,1313085
1245,106453,81,pair_014_control,control,1,0,0,12.450000000000001,0.12258,1703248,5109744,28436,63,1314027
1246,106529,76,pair_017_control,control,1,0,0,12.500000000000002,0.12245333333333333,1704464,5113392,28455,64,1314905
1247,106600,71,pair_008_control,control,1,0,0,12.55,0.122335,1705600,5116800,28480,64,1315715
1248,106673,73,pair_006_conflict,conflict,1,0,0,12.530000000000001,0.12221333333333331,1706768,5120304,28482,64,1316551
1249,106973,300,pair_010_control,control,0,0,0,-0.9500000000000011,0.12171333333333331,1711568,5134704,28482,64,1319996
1250,107060,87,pair_012_conflict,conflict,1,0,0,12.39,0.12156833333333333,1712960,5138880,28495,64,1320972
1251,107132,72,pair_016_control,control,1,0,0,12.540000000000001,0.12144833333333332,1714112,5142336,28515,64,1321799
1252,107207,75,pair_010_conflict,conflict,1,0,0,12.510000000000002,0.12132333333333331,1715312,5145936,28538,64,1322626
1253,107281,74,pair_001_conflict,conflict,1,0,0,12.520000000000001,0.1212,1716496,5149488,28542,64,1323438
1254,107354,73,pair_005_control,control,1,0,0,12.530000000000001,0.12107833333333332,1717664,5152992,28569,64,1324238
1255,107426,72,pair_002_control,control,1,0,0,12.540000000000001,0.12095833333333333,1718816,5156448,28588,64,1325043
1256,107507,81,pair_009_conflict,conflict,1,0,0,12.450000000000001,0.12082333333333331,1720112,5160336,28613,64,1325912
1257,107578,71,pair_016_conflict,conflict,1,0,0,12.55,0.12070499999999998,1721248,5163744,28636,64,1326714
1258,107596,18,pair_000_conflict,conflict,0,1,0,-0.6200000000000001,0.12067499999999998,1721536,5164608,28654,65,1326894
1259,107673,77,pair_014_conflict,conflict,1,0,0,12.490000000000002,0.12054666666666666,1722768,5168304,28675,65,1327753
1260,107754,81,pair_017_conflict,conflict,1,0,0,12.450000000000001,0.12041166666666667,1724064,5172192,28690,65,1328676
1261,107828,74,pair_009_conflict,conflict,1,0,0,12.520000000000001,0.12028833333333333,1725248,5175744,28709,65,1329489
1262,107904,76,pair_016_conflict,conflict,1,0,0,12.500000000000002,0.12016166666666667,1726464,5179392,28728,65,1330294
1263,107982,78,pair_012_control,control,1,0,0,12.480000000000002,0.12003166666666665,1727712,5183136,28746,65,1331161
1264,108063,81,pair_012_conflict,conflict,1,0,0,12.450000000000001,0.11989666666666665,1729008,5187024,28756,65,1332078
1265,108138,75,pair_010_control,control,1,0,0,12.510000000000002,0.11977166666666667,1730208,5190624,28782,65,1332860
1266,108214,76,pair_000_conflict,conflict,1,0,0,12.500000000000002,0.119645,1731424,5194272,28811,65,1333713
1267,108291,77,pair_008_control,control,1,0,0,12.490000000000002,0.11951666666666666,1732656,5197968,28837,65,1334571
1268,108371,80,pair_003_control,control,1,0,0,12.46,0.11938333333333331,1733936,5201808,28857,65,1335487
1269,108453,82,pair_014_control,control,1,0,0,12.440000000000001,0.11924666666666667,1735248,5205744,28878,65,1336387
1270,108522,69,pair_008_conflict,conflict,1,0,0,12.570000000000002,0.11913166666666666,1736352,5209056,28900,65,1337170
1271,108603,81,pair_005_conflict,conflict,1,0,0,12.450000000000001,0.11899666666666667,1737648,5212944,28917,65,1338100
1272,108678,75,pair_015_conflict,conflict,1,0,0,12.510000000000002,0.11887166666666665,1738848,5216544,28942,65,1338949
1273,108759,81,pair_000_control,control,1,0,0,12.450000000000001,0.11873666666666666,1740144,5220432,28960,65,1339887
1274,108842,83,pair_007_conflict,conflict,1,0,0,12.430000000000001,0.11859833333333333,1741472,5224416,28988,65,1340825
1275,108912,70,pair_014_conflict,conflict,1,0,0,12.560000000000002,0.11848166666666665,1742592,5227776,29003,65,1341628
1276,108989,77,pair_004_conflict,conflict,1,0,0,12.490000000000002,0.11835333333333331,1743824,5231472,29011,65,1342470
1277,109064,75,pair_011_control,control,1,0,0,12.510000000000002,0.11822833333333332,1745024,5235072,29027,65,1343311
1278,109136,72,pair_011_conflict,conflict,1,0,0,12.540000000000001,0.11810833333333332,1746176,5238528,29046,65,1344059
1279,109211,75,pair_001_control,control,1,0,0,12.510000000000002,0.11798333333333333,1747376,5242128,29075,65,1344912
1280,109287,76,pair_013_conflict,conflict,1,0,0,12.500000000000002,0.11785666666666667,1748592,5245776,29103,65,1345796
1281,109359,72,pair_007_control,control,1,0,0,12.540000000000003,0.11773666666666666,1749744,5249232,29121,65,1346673
1282,109432,73,pair_010_conflict,conflict,1,0,0,12.530000000000001,0.117615,1750912,5252736,29133,65,1347492
1283,109516,84,pair_013_control,control,1,0,0,12.420000000000002,0.117475,1752256,5256768,29147,65,1348453
1284,109590,74,pair_001_conflict,conflict,1,0,0,12.520000000000001,0.11735166666666666,1753440,5260320,29158,65,1349278
1285,109667,77,pair_003_conflict,conflict,1,0,0,12.490000000000002,0.11722333333333332,1754672,5264016,29179,65,1350188
1286,109737,70,pair_006_conflict,conflict,1,0,0,12.560000000000002,0.11710666666666666,1755792,5267376,29198,65,1350969
1287,109817,80,pair_004_control,control,1,0,0,12.46,0.11697333333333332,1757072,5271216,29221,65,1351851
1288,109895,78,pair_006_control,control,1,0,0,12.48,0.11684333333333333,1758320,5274960,29252,65,1352770
1289,109962,67,pair_005_control,control,1,0,0,12.590000000000002,0.11673166666666665,1759392,5278176,29271,65,1353589
1290,110034,72,pair_016_control,control,1,0,0,12.540000000000003,0.11661166666666667,1760544,5281632,29290,65,1354433
1291,110113,79,pair_017_control,control,1,0,0,12.470000000000002,0.11648,1761808,5285424,29309,65,1355378
1292,110181,68,pair_002_control,control,1,0,0,12.580000000000002,0.11636666666666665,1762896,5288688,29318,65,1356179
1293,110252,71,pair_009_control,control,1,0,0,12.55,0.11624833333333331,1764032,5292096,29332,65,1357029
1294,110320,68,pair_015_control,control,1,0,0,12.580000000000002,0.11613499999999999,1765120,5295360,29350,65,1357804
1295,110397,77,pair_002_conflict,conflict,1,0,0,12.490000000000002,0.11600666666666665,1766352,5299056,29373,65,1358686
1296,110468,71,pair_013_conflict,conflict,1,0,0,12.55,0.11588833333333332,1767488,5302464,29395,65,1359532
1297,110540,72,pair_007_control,control,1,0,0,12.540000000000001,0.11576833333333333,1768640,5305920,29401,65,1360402
1298,110619,79,pair_004_conflict,conflict,1,0,0,12.470000000000002,0.11563666666666667,1769904,5309712,29434,65,1361310
1299,110695,76,pair_012_control,control,1,0,0,12.500000000000002,0.11551,1771120,5313360,29448,65,1362271
1300,110764,69,pair_015_control,control,1,0,0,12.570000000000002,0.115395,1772224,5316672,29464,65,1363095
1301,110847,83,pair_016_control,control,1,0,0,12.430000000000001,0.11525666666666665,1773552,5320656,29486,65,1364128
1302,110921,74,pair_008_control,control,1,0,0,12.520000000000001,0.11513333333333331,1774736,5324208,29493,65,1364975
1303,110991,70,pair_003_control,control,1,0,0,12.560000000000002,0.11501666666666666,1775856,5327568,29512,65,1365852
1304,111070,79,pair_016_conflict,conflict,1,0,0,12.470000000000002,0.11488499999999999,1777120,5331360,29537,65,1366773
1305,111143,73,pair_005_control,control,1,0,0,12.530000000000001,0.11476333333333333,1778288,5334864,29551,65,1367659
1306,111213,70,pair_002_control,control,1,0,0,12.560000000000002,0.11464666666666665,1779408,5338224,29564,65,1368515
1307,111289,76,pair_013_control,control,1,0,0,12.500000000000002,0.11451999999999998,1780624,5341872,29577,65,1369438
1308,111360,71,pair_001_control,control,1,0,0,12.55,0.11440166666666665,1781760,5345280,29583,65,1370290
1309,111432,72,pair_017_control,control,1,0,0,12.540000000000001,0.11428166666666664,1782912,5348736,29592,65,1371103
1310,111507,75,pair_004_control,control,1,0,0,12.510000000000002,0.11415666666666666,1784112,5352336,29623,65,1372004
1311,111579,72,pair_009_control,control,1,0,0,12.540000000000001,0.11403666666666665,1785264,5355792,29641,65,1372816
1312,111654,75,pair_006_conflict,conflict,1,0,0,12.510000000000002,0.11391166666666666,1786464,5359392,29655,65,1373735
1313,111730,76,pair_008_conflict,conflict,1,0,0,12.500000000000002,0.113785,1787680,5363040,29675,65,1374657
1314,111807,77,pair_010_control,control,1,0,0,12.490000000000002,0.11365666666666666,1788912,5366736,29690,65,1375599
1315,111875,68,pair_011_conflict,conflict,1,0,0,12.580000000000002,0.11354333333333333,1790000,5370000,29718,65,1376428
1316,111951,76,pair_003_conflict,conflict,1,0,0,12.500000000000002,0.11341666666666667,1791216,5373648,29731,65,1377349
1317,112036,85,pair_005_conflict,conflict,1,0,0,12.410000000000002,0.11327499999999999,1792576,5377728,29749,65,1378321
1318,112114,78,pair_011_control,control,1,0,0,12.48,0.113145,1793824,5381472,29764,65,1379229
1319,112191,77,pair_010_conflict,conflict,1,0,0,12.490000000000002,0.11301666666666665,1795056,5385168,29790,65,1380146
1320,112262,71,pair_006_control,control,1,0,0,12.55,0.11289833333333332,1796192,5388576,29813,65,1380988
1321,112337,75,pair_000_control,control,1,0,0,12.510000000000002,0.11277333333333331,1797392,5392176,29832,65,1381883
1322,112413,76,pair_012_conflict,conflict,1,0,0,12.500000000000002,0.11264666666666664,1798608,5395824,29846,65,1382777
1323,112483,70,pair_001_conflict,conflict,1,0,0,12.560000000000002,0.11252999999999999,1799728,5399184,29865,65,1383579
1324,112561,78,pair_000_conflict,conflict,1,0,0,12.48,0.1124,1800976,5402928,29887,65,1384532
1325,112656,95,pair_007_conflict,conflict,1,0,0,12.310000000000006,0.11224166666666666,1802496,5407488,29910,65,1385647
1326,112730,74,pair_014_conflict,conflict,1,0,0,12.520000000000001,0.11211833333333332,1803680,5411040,29936,65,1386505
1327,112799,69,pair_002_conflict,conflict,1,0,0,12.570000000000002,0.11200333333333332,1804784,5414352,29953,65,1387300
1328,112874,75,pair_014_control,control,1,0,0,12.510000000000002,0.11187833333333333,1805984,5417952,29964,65,1388232
1329,112946,72,pair_017_conflict,conflict,1,0,0,12.540000000000001,0.11175833333333332,1807136,5421408,29983,65,1389109
1330,113023,77,pair_009_conflict,conflict,1,0,0,12.490000000000002,0.11162999999999998,1808368,5425104,30002,65,1390031
1331,113092,69,pair_015_conflict,conflict,1,0,0,12.570000000000002,0.11151499999999998,1809472,5428416,30026,65,1390842
1332,113162,70,pair_014_control,control,1,0,0,12.560000000000002,0.11139833333333332,1810592,5431776,30048,65,1391644
1333,113240,78,pair_000_control,control,1,0,0,12.480000000000002,0.11126833333333333,1811840,5435520,30068,65,1392607
1334,113317,77,pair_012_control,control,0,1,0,1.3400000000000016,0.11113999999999999,1813072,5439216,30084,65,1393525
1335,113392,75,pair_005_control,control,1,0,0,12.510000000000002,0.111015,1814272,5442816,30095,65,1394373
1336,113465,73,pair_001_conflict,conflict,1,0,0,12.530000000000001,0.11089333333333332,1815440,5446320,30107,65,1395277
1337,113543,78,pair_014_conflict,conflict,1,0,0,12.480000000000002,0.11076333333333332,1816688,5450064,30115,65,1396185
1338,113616,73,pair_011_conflict,conflict,1,0,0,12.530000000000001,0.11064166666666667,1817856,5453568,30131,65,1397029
1339,113691,75,pair_006_conflict,conflict,1,0,0,12.510000000000002,0.11051666666666665,1819056,5457168,30148,65,1397913
1340,113795,104,pair_016_control,control,1,0,0,12.22,0.11034333333333332,1820720,5462160,30201,65,1399093
1341,113889,94,pair_016_conflict,conflict,1,0,0,12.32,0.11018666666666665,1822224,5466672,30243,65,1400192
1342,113961,72,pair_009_conflict,conflict,1,0,0,12.540000000000003,0.11006666666666665,1823376,5470128,30258,65,1401058
1343,114035,74,pair_008_control,control,1,0,0,12.520000000000001,0.10994333333333331,1824560,5473680,30286,65,1401960
1344,114120,85,pair_002_control,control,1,0,0,12.410000000000002,0.10980166666666666,1825920,5477760,30300,65,1402993
1345,114188,68,pair_017_conflict,conflict,1,0,0,12.580000000000002,0.10968833333333333,1827008,5481024,30314,65,1403806
1346,114283,95,pair_012_conflict,conflict,1,0,0,12.310000000000002,0.10952999999999999,1828528,5485584,30349,65,1404938
1347,114359,76,pair_013_control,control,1,0,0,12.500000000000002,0.10940333333333332,1829744,5489232,30371,65,1405841
1348,114432,73,pair_009_control,control,1,0,0,12.530000000000001,0.10928166666666667,1830912,5492736,30389,65,1406713
1349,114507,75,pair_011_control,control,1,0,0,12.510000000000002,0.10915666666666665,1832112,5496336,30420,65,1407574
1350,114586,79,pair_017_control,control,1,0,0,12.470000000000002,0.10902499999999998,1833376,5500128,30440,65,1408467
1351,114658,72,pair_006_control,control,1,0,0,12.540000000000001,0.108905,1834528,5503584,30442,65,1409335
1352,114732,74,pair_010_conflict,conflict,1,0,0,12.520000000000001,0.10878166666666667,1835712,5507136,30467,65,1410208
1353,114809,77,pair_002_conflict,conflict,1,0,0,12.490000000000002,0.10865333333333332,1836944,5510832,30484,65,1411106
1354,114882,73,pair_005_conflict,conflict,1,0,0,12.530000000000001,0.10853166666666667,1838112,5514336,30508,65,1412019
1355,114954,72,pair_008_conflict,conflict,1,0,0,12.540000000000001,0.10841166666666666,1839264,5517792,30515,65,1412879
1356,115024,70,pair_010_control,control,1,0,0,12.560000000000002,0.108295,1840384,5521152,30545,65,1413687
1357,115099,75,pair_007_conflict,conflict,1,0,0,12.510000000000002,0.10816999999999999,1841584,5524752,30571,65,1414563
1358,115178,79,pair_003_control,control,1,0,0,12.470000000000002,0.10803833333333332,1842848,5528544,30610,65,1415515
1359,115259,81,pair_000_conflict,conflict,1,0,0,12.450000000000001,0.10790333333333332,1844144,5532432,30631,65,1416503
1360,115330,71,pair_001_control,control,1,0,0,12.55,0.10778499999999999,1845280,5535840,30653,65,1417342
1361,115413,83,pair_004_conflict,conflict,1,0,0,12.430000000000001,0.10764666666666667,1846608,5539824,30682,65,1418338
1362,115489,76,pair_004_control,control,1,0,0,12.500000000000002,0.10751999999999998,1847824,5543472,30688,65,1419230
1363,115565,76,pair_015_control,control,1,0,0,12.500000000000002,0.10739333333333331,1849040,5547120,30710,65,1420159
1364,115644,79,pair_007_control,control,1,0,0,12.470000000000002,0.10726166666666664,1850304,5550912,30728,65,1421145
1365,115719,75,pair_015_conflict,conflict,1,0,0,12.510000000000002,0.10713666666666666,1851504,5554512,30756,65,1422086
1366,115797,78,pair_003_conflict,conflict,1,0,0,12.48,0.10700666666666667,1852752,5558256,30775,65,1423085
1367,115871,74,pair_013_conflict,conflict,1,0,0,12.520000000000001,0.10688333333333333,1853936,5561808,30798,65,1423998
1368,115945,74,pair_010_conflict,conflict,1,0,0,12.520000000000001,0.10676,1855120,5565360,30808,65,1424908
1369,116035,90,pair_003_control,control,1,0,0,12.360000000000001,0.10660999999999998,1856560,5569680,30838,65,1426084
1370,116114,79,pair_017_conflict,conflict,1,0,0,12.470000000000002,0.10647833333333331,1857824,5573472,30856,65,1427043
1371,116117,3,pair_005_conflict,conflict,0,1,0,-0.92,0.10647333333333331,1857872,5573616,30859,65,1427066
1372,116191,74,pair_012_conflict,conflict,1,0,0,12.520000000000001,0.10635,1859056,5577168,30874,65,1427946
1373,116267,76,pair_008_conflict,conflict,1,0,0,12.500000000000002,0.10622333333333331,1860272,5580816,30882,65,1428899
1374,116365,98,pair_011_control,control,1,0,0,12.280000000000005,0.10605999999999999,1861840,5585520,30894,65,1430079
1375,116439,74,pair_009_conflict,conflict,1,0,0,12.520000000000001,0.10593666666666665,1863024,5589072,30896,65,1430969
1376,116512,73,pair_002_conflict,conflict,1,0,0,12.530000000000001,0.10581499999999999,1864192,5592576,30913,65,1431810
1377,116584,72,pair_005_control,control,1,0,0,12.540000000000003,0.10569499999999998,1865344,5596032,30926,65,1432699
1378,116655,71,pair_013_conflict,conflict,1,0,0,12.55,0.10557666666666665,1866480,5599440,30959,65,1433554
1379,116730,75,pair_016_conflict,conflict,1,0,0,12.510000000000002,0.10545166666666667,1867680,5603040,30980,65,1434443
1380,116803,73,pair_010_control,control,1,0,0,12.530000000000001,0.10532999999999998,1868848,5606544,31011,65,1435366
1381,116871,68,pair_004_control,control,1,0,0,12.580000000000002,0.10521666666666665,1869936,5609808,31027,65,1436208
1382,116946,75,pair_016_control,control,1,0,0,12.510000000000002,0.10509166666666667,1871136,5613408,31052,65,1437147
1383,117020,74,pair_002_control,control,1,0,0,12.520000000000001,0.10496833333333333,1872320,5616960,31067,67,1438053
1384,117103,83,pair_012_control,control,1,0,0,12.430000000000001,0.10482999999999998,1873648,5620944,31089,69,1439069
1385,117177,74,pair_001_conflict,conflict,1,0,0,12.520000000000001,0.10470666666666664,1874832,5624496,31120,69,1439947
1386,117246,69,pair_009_control,control,1,0,0,12.570000000000002,0.10459166666666667,1875936,5627808,31120,69,1440794
1387,117329,83,pair_000_conflict,conflict,1,0,0,12.430000000000001,0.10445333333333331,1877264,5631792,31151,69,1441827
1388,117407,78,pair_017_control,control,1,0,0,12.480000000000002,0.10432333333333332,1878512,5635536,31173,70,1442741
1389,117479,72,pair_008_control,control,1,0,0,12.540000000000001,0.10420333333333331,1879664,5638992,31193,70,1443654
1390,117555,76,pair_004_conflict,conflict,1,0,0,12.500000000000002,0.10407666666666665,1880880,5642640,31212,70,1444600
1391,117630,75,pair_001_control,control,1,0,0,12.510000000000002,0.10395166666666666,1882080,5646240,31217,70,1445533
1392,117700,70,pair_006_control,control,1,0,0,12.560000000000002,0.10383499999999998,1883200,5649600,31243,70,1446413
1393,117778,78,pair_000_control,control,1,0,0,12.480000000000002,0.10370499999999999,1884448,5653344,31260,70,1447372
1394,117847,69,pair_014_control,control,1,0,0,12.570000000000002,0.10358999999999999,1885552,5656656,31282,70,1448217
1395,117920,73,pair_014_conflict,conflict,1,0,0,12.530000000000001,0.10346833333333333,1886720,5660160,31311,70,1449112
1396,117992,72,pair_007_control,control,1,0,0,12.540000000000001,0.10334833333333332,1887872,5663616,31335,70,1449996
1397,118062,70,pair_013_control,control,1,0,0,12.560000000000002,0.10323166666666667,1888992,5666976,31350,70,1450885
1398,118135,73,pair_015_control,control,1,0,0,12.530000000000001,0.10310999999999998,1890160,5670480,31360,70,1451782
1399,118206,71,pair_006_conflict,conflict,1,0,0,12.55,0.10299166666666665,1891296,5673888,31386,70,1452666
1400,118277,71,pair_015_conflict,conflict,1,0,0,12.55,0.10287333333333332,1892432,5677296,31397,70,1453528
1401,118349,72,pair_007_conflict,conflict,1,0,0,12.540000000000003,0.10275333333333334,1893584,5680752,31397,70,1454434
1402,118423,74,pair_011_conflict,conflict,1,0,0,12.520000000000001,0.10263,1894768,5684304,31408,70,1455355
1403,118495,72,pair_003_conflict,conflict,1,0,0,12.540000000000001,0.10250999999999999,1895920,5687760,31431,70,1456213
1404,118581,86,pair_017_control,control,1,0,0,12.400000000000002,0.10236666666666666,1897296,5691888,31447,70,1457205
1405,118657,76,pair_009_conflict,conflict,1,0,0,12.500000000000002,0.10224,1898512,5695536,31449,70,1458116
1406,118730,73,pair_004_conflict,conflict,1,0,0,12.530000000000001,0.10211833333333331,1899680,5699040,31470,70,1459002
1407,118805,75,pair_014_conflict,conflict,1,0,0,12.510000000000002,0.10199333333333332,1900880,5702640,31490,70,1459853
1408,118882,77,pair_012_control,control,1,0,0,12.490000000000002,0.10186499999999998,1902112,5706336,31497,70,1460786
1409,118958,76,pair_005_control,control,1,0,0,12.500000000000002,0.10173833333333332,1903328,5709984,31516,70,1461697
1410,119029,71,pair_005_conflict,conflict,1,0,0,12.55,0.10161999999999999,1904464,5713392,31532,70,1462528
1411,119100,71,pair_011_control,control,1,0,0,12.55,0.10150166666666666,1905600,5716800,31559,70,1463376
1412,119177,77,pair_002_control,control,1,0,0,12.490000000000002,0.10137333333333332,1906832,5720496,31579,71,1464324
1413,119255,78,pair_009_control,control,1,0,0,12.480000000000002,0.10124333333333332,1908080,5724240,31579,71,1465241
1414,119329,74,pair_016_conflict,conflict,1,0,0,12.520000000000001,0.10111999999999999,1909264,5727792,31600,71,1466106
1415,119402,73,pair_010_control,control,1,0,0,12.530000000000001,0.10099833333333333,1910432,5731296,31612,71,1466983
1416,119470,68,pair_013_conflict,conflict,1,0,0,12.580000000000002,0.100885,1911520,5734560,31635,71,1467770
1417,119543,73,pair_006_control,control,1,0,0,12.530000000000001,0.10076333333333332,1912688,5738064,31635,71,1468626
1418,119613,70,pair_014_control,control,1,0,0,12.560000000000002,0.10064666666666666,1913808,5741424,31650,71,1469443
1419,119688,75,pair_017_conflict,conflict,0,1,0,1.4600000000000017,0.10052166666666665,1915008,5745024,31664,71,1470361
1420,119759,71,pair_003_conflict,conflict,1,0,0,12.55,0.10040333333333332,1916144,5748432,31684,71,1471209
1421,119836,77,pair_010_conflict,conflict,1,0,0,12.490000000000002,0.10027499999999998,1917376,5752128,31698,71,1472143
1422,119909,73,pair_016_control,control,1,0,0,12.530000000000001,0.10015333333333332,1918544,5755632,31717,71,1473017
1423,119980,71,pair_015_conflict,conflict,1,0,0,12.55,0.10003499999999999,1919680,5759040,31739,71,1473785
1424,120050,70,pair_011_conflict,conflict,1,0,0,12.560000000000002,0.09991833333333333,1920800,5762400,31763,71,1474613
1425,120123,73,pair_013_control,control,1,0,0,12.530000000000001,0.09979666666666664,1921968,5765904,31787,71,1475490
1426,120198,75,pair_001_conflict,conflict,1,0,0,12.510000000000002,0.09967166666666666,1923168,5769504,31814,71,1476349
1427,120284,86,pair_006_conflict,conflict,1,0,0,12.400000000000002,0.09952833333333333,1924544,5773632,31847,71,1477333
1428,120355,71,pair_007_control,control,1,0,0,12.55,0.09941,1925680,5777040,31869,71,1478236
1429,120430,75,pair_015_control,control,1,0,0,12.510000000000002,0.09928499999999998,1926880,5780640,31878,71,1479166
1430,120505,75,pair_008_conflict,conflict,1,0,0,12.510000000000002,0.09916,1928080,5784240,31902,71,1480053
1431,120545,40,pair_007_conflict,conflict,0,1,0,0.2100000000000004,0.09909333333333331,1928720,5786160,31915,72,1480540
1432,120621,76,pair_004_control,control,1,0,0,12.500000000000002,0.09896666666666665,1929936,5789808,31932,72,1481496
1433,120694,73,pair_003_control,control,1,0,0,12.530000000000001,0.09884499999999999,1931104,5793312,31956,72,1482342
1434,120770,76,pair_012_conflict,conflict,1,0,0,12.500000000000002,0.09871833333333332,1932320,5796960,31965,72,1483255
1435,120839,69,pair_001_control,control,1,0,0,12.570000000000002,0.09860333333333332,1933424,5800272,31980,72,1484058
1436,120907,68,pair_000_conflict,conflict,1,0,0,12.580000000000002,0.09849,1934512,5803536,32004,72,1484864
1437,120994,87,pair_000_control,control,1,0,0,12.39,0.09834499999999999,1935904,5807712,32037,72,1485891
1438,121067,73,pair_008_control,control,1,0,0,12.530000000000001,0.09822333333333333,1937072,5811216,32058,72,1486822
1439,121145,78,pair_002_conflict,conflict,1,0,0,12.48,0.09809333333333331,1938320,5814960,32076,72,1487770
1440,121225,80,pair_003_control,control,1,0,0,12.46,0.09795999999999999,1939600,5818800,32094,72,1488728
1441,121299,74,pair_003_conflict,conflict,1,0,0,12.520000000000001,0.09783666666666666,1940784,5822352,32112,72,1489630
1442,121377,78,pair_001_control,control,1,0,0,12.480000000000002,0.09770666666666666,1942032,5826096,32116,72,1490596
1443,121447,70,pair_013_conflict,conflict,1,0,0,12.560000000000002,0.09758999999999998,1943152,5829456,32141,72,1491401
1444,121521,74,pair_004_control,control,1,0,0,12.520000000000001,0.09746666666666665,1944336,5833008,32147,72,1492309
1445,121604,83,pair_007_conflict,conflict,1,0,0,12.430000000000001,0.09732833333333332,1945664,5836992,32176,72,1493293
1446,121676,72,pair_015_conflict,conflict,1,0,0,12.540000000000001,0.09720833333333331,1946816,5840448,32187,72,1494145
1447,121744,68,pair_005_control,control,1,0,0,12.580000000000002,0.09709499999999999,1947904,5843712,32198,72,1494966
1448,121816,72,pair_005_conflict,conflict,1,0,0,12.540000000000001,0.09697499999999998,1949056,5847168,32215,72,1495874
1449,121891,75,pair_006_conflict,conflict,1,0,0,12.510000000000002,0.09684999999999999,1950256,5850768,32215,72,1496785
1450,121963,72,pair_007_control,control,1,0,0,12.540000000000003,0.09672999999999998,1951408,5854224,32215,72,1497637
1451,122052,89,pair_000_conflict,conflict,1,0,0,12.370000000000001,0.09658166666666665,1952832,5858496,32234,72,1498699
1452,122122,70,pair_012_control,control,1,0,0,12.560000000000002,0.096465,1953952,5861856,32241,72,1499553
1453,122194,72,pair_006_control,control,1,0,0,12.540000000000001,0.09634499999999999,1955104,5865312,32241,72,1500425
1454,122268,74,pair_017_control,control,1,0,0,12.520000000000003,0.09622166666666665,1956288,5868864,32263,72,1501326
1455,122344,76,pair_008_conflict,conflict,1,0,0,12.500000000000002,0.09609499999999999,1957504,5872512,32269,72,1502221
1456,122410,66,pair_010_conflict,conflict,1,0,0,12.600000000000001,0.09598499999999999,1958560,5875680,32292,72,1502974
1457,122478,68,pair_011_conflict,conflict,1,0,0,12.580000000000002,0.09587166666666666,1959648,5878944,32294,72,1503784
1458,122556,78,pair_013_control,control,1,0,0,12.48,0.09574166666666667,1960896,5882688,32309,72,1504732
1459,122630,74,pair_016_control,control,1,0,0,12.520000000000001,0.09561833333333333,1962080,5886240,32331,72,1505540
1460,122704,74,pair_002_conflict,conflict,1,0,0,12.520000000000001,0.095495,1963264,5889792,32342,73,1506409
1461,122774,70,pair_001_conflict,conflict,1,0,0,12.560000000000002,0.09537833333333331,1964384,5893152,32351,73,1507215
1462,122846,72,pair_000_control,control,1,0,0,12.540000000000001,0.09525833333333333,1965536,5896608,32368,73,1508031
1463,122921,75,pair_014_control,control,1,0,0,12.510000000000002,0.09513333333333332,1966736,5900208,32389,73,1508925
1464,122994,73,pair_014_conflict,conflict,1,0,0,12.530000000000001,0.09501166666666666,1967904,5903712,32407,73,1509765
1465,123062,68,pair_004_conflict,conflict,1,0,0,12.580000000000002,0.09489833333333333,1968992,5906976,32436,73,1510518
1466,123130,68,pair_009_conflict,conflict,1,0,0,12.580000000000002,0.09478499999999998,1970080,5910240,32438,73,1511279
1467,123189,59,pair_016_conflict,conflict,0,1,0,1.220000000000001,0.09468666666666667,1971024,5913072,32450,73,1511941
1468,123263,74,pair_015_control,control,1,0,0,12.520000000000001,0.09456333333333333,1972208,5916624,32460,73,1512779
1469,123341,78,pair_012_conflict,conflict,1,0,0,12.480000000000002,0.09443333333333331,1973456,5920368,32473,73,1513631
1470,123415,74,pair_009_control,control,1,0,0,12.520000000000001,0.09430999999999998,1974640,5923920,32501,73,1514464
1471,123490,75,pair_011_control,control,1,0,0,12.510000000000002,0.09418499999999999,1975840,5927520,32503,73,1515285
1472,123557,67,pair_008_control,control,1,0,0,12.590000000000002,0.09407333333333331,1976912,5930736,32515,73,1516026
1473,123626,69,pair_017_conflict,conflict,1,0,0,12.570000000000002,0.09395833333333331,1978016,5934048,32526,73,1516768
1474,123700,74,pair_010_control,control,1,0,0,12.520000000000001,0.093835,1979200,5937600,32557,73,1517598
1475,123777,77,pair_002_control,control,1,0,0,12.490000000000002,0.09370666666666666,1980432,5941296,32576,73,1518447
1476,123851,74,pair_011_conflict,conflict,1,0,0,12.520000000000001,0.09358333333333332,1981616,5944848,32597,73,1519277
1477,123921,70,pair_015_conflict,conflict,1,0,0,12.560000000000002,0.09346666666666664,1982736,5948208,32615,73,1520034
1478,123994,73,pair_007_control,control,1,0,0,12.530000000000001,0.09334499999999998,1983904,5951712,32623,73,1520814
1479,124066,72,pair_002_control,control,1,0,0,12.540000000000001,0.093225,1985056,5955168,32644,73,1521602
1480,124139,73,pair_010_control,control,1,0,0,12.530000000000001,0.09310333333333332,1986224,5958672,32648,73,1522359
1481,124211,72,pair_002_conflict,conflict,1,0,0,12.540000000000003,0.09298333333333333,1987376,5962128,32667,73,1523139
1482,124283,72,pair_008_conflict,conflict,1,0,0,12.540000000000003,0.09286333333333333,1988528,5965584,32677,73,1523910
1483,124363,80,pair_008_control,control,1,0,0,12.46,0.09272999999999998,1989808,5969424,32704,73,1524774
1484,124430,67,pair_000_control,control,1,0,0,12.590000000000002,0.09261833333333333,1990880,5972640,32730,73,1525465
1485,124505,75,pair_015_control,control,1,0,0,12.510000000000002,0.09249333333333332,1992080,5976240,32747,73,1526302
1486,124577,72,pair_017_control,control,1,0,0,12.540000000000003,0.09237333333333334,1993232,5979696,32756,73,1527122
1487,124647,70,pair_013_control,control,1,0,0,12.560000000000002,0.09225666666666665,1994352,5983056,32779,73,1527854
1488,124710,63,pair_016_conflict,conflict,0,1,0,1.0300000000000011,0.09215166666666666,1995360,5986080,32789,73,1528528
1489,124782,72,pair_012_conflict,conflict,1,0,0,12.540000000000001,0.09203166666666665,1996512,5989536,32801,73,1529285
1490,124852,70,pair_009_control,control,1,0,0,12.560000000000002,0.091915,1997632,5992896,32828,73,1530024
1491,124923,71,pair_012_control,control,1,0,0,12.55,0.09179666666666667,1998768,5996304,32842,73,1530802
1492,124995,72,pair_000_conflict,conflict,1,0,0,12.540000000000001,0.09167666666666666,1999920,5999760,32857,73,1531583
1493,125073,78,pair_004_conflict,conflict,1,0,0,12.48,0.09154666666666667,2001168,6003504,32875,73,1532452
1494,125149,76,pair_006_conflict,conflict,1,0,0,12.500000000000002,0.09142,2002384,6007152,32900,73,1533306
1495,125223,74,pair_007_conflict,conflict,1,0,0,12.520000000000001,0.09129666666666666,2003568,6010704,32923,73,1534090
1496,125295,72,pair_003_conflict,conflict,1,0,0,12.540000000000001,0.09117666666666666,2004720,6014160,32946,73,1534903
1497,125365,70,pair_014_control,control,1,0,0,12.560000000000002,0.09106,2005840,6017520,32952,73,1535672
1498,125436,71,pair_014_conflict,conflict,1,0,0,12.55,0.09094166666666664,2006976,6020928,32959,73,1536481
1499,125516,80,pair_017_conflict,conflict,1,0,0,12.46,0.09080833333333332,2008256,6024768,32981,73,1537354
1500,125591,75,pair_011_control,control,1,0,0,12.510000000000002,0.09068333333333331,2009456,6028368,33017,73,1538194
1501,125665,74,pair_005_conflict,conflict,1,0,0,12.520000000000001,0.09056,2010640,6031920,33041,73,1539013
1502,125734,69,pair_001_conflict,conflict,1,0,0,12.570000000000002,0.090445,2011744,6035232,33065,73,1539772
1503,125804,70,pair_010_conflict,conflict,1,0,0,12.560000000000002,0.09032833333333332,2012864,6038592,33086,73,1540571
1504,125845,41,pair_006_control,control,0,1,0,0.4000000000000006,0.09025999999999998,2013520,6040560,33103,73,1540991
1505,125918,73,pair_001_control,control,1,0,0,12.530000000000001,0.09013833333333332,2014688,6044064,33126,73,1541784
1506,125988,70,pair_005_control,control,1,0,0,12.560000000000002,0.09002166666666667,2015808,6047424,33140,73,1542522
1507,126069,81,pair_016_control,control,1,0,0,12.450000000000001,0.08988666666666664,2017104,6051312,33169,73,1543437
1508,126142,73,pair_003_control,control,1,0,0,12.530000000000001,0.08976499999999998,2018272,6054816,33191,73,1544261
1509,126212,70,pair_009_conflict,conflict,1,0,0,12.560000000000002,0.08964833333333333,2019392,6058176,33220,73,1545078
1510,126281,69,pair_013_conflict,conflict,1,0,0,12.570000000000002,0.08953333333333333,2020496,6061488,33243,73,1545829
1511,126352,71,pair_004_control,control,1,0,0,12.55,0.089415,2021632,6064896,33257,73,1546608
1512,126430,78,pair_016_conflict,conflict,1,0,0,12.48,0.08928499999999998,2022880,6068640,33289,73,1547496
1513,126501,71,pair_000_control,control,1,0,0,12.55,0.08916666666666664,2024016,6072048,33307,73,1548325
1514,126575,74,pair_008_conflict,conflict,1,0,0,12.520000000000001,0.08904333333333334,2025200,6075600,33333,73,1549156
1515,126647,72,pair_004_control,control,1,0,0,12.540000000000001,0.08892333333333333,2026352,6079056,33350,73,1549978
1516,126727,80,pair_017_conflict,conflict,1,0,0,12.46,0.08878999999999998,2027632,6082896,33369,73,1550922
1517,126803,76,pair_005_conflict,conflict,1,0,0,12.500000000000002,0.08866333333333332,2028848,6086544,33393,73,1551800
1518,126878,75,pair_014_control,control,1,0,0,12.510000000000002,0.08853833333333333,2030048,6090144,33401,73,1552626
1519,126946,68,pair_006_conflict,conflict,1,0,0,12.580000000000002,0.08842499999999998,2031136,6093408,33423,73,1553415
1520,127023,77,pair_016_control,control,1,0,0,12.490000000000002,0.08829666666666666,2032368,6097104,33442,73,1554284
1521,127091,68,pair_001_control,control,1,0,0,12.580000000000002,0.08818333333333334,2033456,6100368,33466,73,1555033
1522,127162,71,pair_011_conflict,conflict,1,0,0,12.55,0.08806499999999998,2034592,6103776,33484,73,1555834
1523,127233,71,pair_004_conflict,conflict,1,0,0,12.55,0.08794666666666665,2035728,6107184,33506,73,1556632
1524,127307,74,pair_002_conflict,conflict,1,0,0,12.520000000000001,0.08782333333333331,2036912,6110736,33524,73,1557500
1525,127381,74,pair_012_control,control,1,0,0,12.520000000000001,0.0877,2038096,6114288,33538,73,1558382
1526,127449,68,pair_007_control,control,1,0,0,12.580000000000002,0.08758666666666665,2039184,6117552,33558,73,1559144
1527,127520,71,pair_003_control,control,1,0,0,12.55,0.08746833333333331,2040320,6120960,33580,73,1559974
1528,127596,76,pair_010_control,control,1,0,0,12.500000000000002,0.08734166666666665,2041536,6124608,33606,73,1560881
1529,127672,76,pair_015_conflict,conflict,1,0,0,12.500000000000002,0.08721499999999999,2042752,6128256,33626,73,1561721
1530,127745,73,pair_015_control,control,1,0,0,12.530000000000001,0.08709333333333333,2043920,6131760,33635,73,1562518
1531,127818,73,pair_014_conflict,conflict,1,0,0,12.530000000000001,0.08697166666666667,2045088,6135264,33647,73,1563313
1532,127895,77,pair_010_conflict,conflict,1,0,0,12.490000000000002,0.08684333333333333,2046320,6138960,33669,73,1564238
1533,127974,79,pair_009_control,control,1,0,0,12.470000000000002,0.08671166666666666,2047584,6142752,33699,73,1565141
1534,128043,69,pair_001_conflict,conflict,1,0,0,12.570000000000002,0.08659666666666666,2048688,6146064,33722,73,1565961
1535,128113,70,pair_005_control,control,1,0,0,12.560000000000002,0.08648,2049808,6149424,33740,73,1566791
1536,128181,68,pair_017_control,control,1,0,0,12.580000000000002,0.08636666666666665,2050896,6152688,33757,73,1567538
1537,128259,78,pair_013_control,control,1,0,0,12.48,0.08623666666666666,2052144,6156432,33785,73,1568422
1538,128337,78,pair_003_conflict,conflict,1,0,0,12.48,0.08610666666666666,2053392,6160176,33817,73,1569322
1539,128412,75,pair_008_control,control,1,0,0,12.510000000000002,0.08598166666666665,2054592,6163776,33837,73,1570211
1540,128501,89,pair_012_conflict,conflict,1,0,0,12.370000000000001,0.08583333333333332,2056016,6168048,33867,73,1571290
1541,128569,68,pair_013_conflict,conflict,1,0,0,12.580000000000002,0.08571999999999999,2057104,6171312,33890,73,1572138
1542,128655,86,pair_007_conflict,conflict,1,0,0,12.400000000000002,0.08557666666666666,2058480,6175440,33920,73,1573248
1543,128727,72,pair_011_control,control,1,0,0,12.540000000000001,0.08545666666666665,2059632,6178896,33939,73,1574114
1544,128800,73,pair_009_conflict,conflict,1,0,0,12.530000000000001,0.085335,2060800,6182400,33958,73,1574987
1545,128878,78,pair_000_conflict,conflict,1,0,0,12.480000000000002,0.08520499999999998,2062048,6186144,33978,73,1575908
1546,128949,71,pair_002_control,control,1,0,0,12.55,0.08508666666666664,2063184,6189552,33987,73,1576735
1547,129019,70,pair_006_control,control,1,0,0,12.560000000000002,0.08496999999999999,2064304,6192912,34007,73,1577531
1548,129093,74,pair_007_control,control,1,0,0,12.520000000000001,0.08484666666666665,2065488,6196464,34021,73,1578382
1549,129166,73,pair_006_conflict,conflict,1,0,0,12.530000000000001,0.084725,2066656,6199968,34033,73,1579217
1550,129237,71,pair_005_control,control,1,0,0,12.55,0.08460666666666666,2067792,6203376,34045,73,1580009
1551,129306,69,pair_014_conflict,conflict,1,0,0,12.570000000000002,0.08449166666666666,2068896,6206688,34049,73,1580814
1552,129377,71,pair_015_control,control,1,0,0,12.55,0.08437333333333333,2070032,6210096,34070,73,1581638
1553,129449,72,pair_002_conflict,conflict,1,0,0,12.540000000000001,0.08425333333333332,2071184,6213552,34081,73,1582518
1554,129523,74,pair_015_conflict,conflict,1,0,0,12.520000000000001,0.08412999999999998,2072368,6217104,34102,73,1583395
1555,129592,69,pair_016_control,control,1,0,0,12.570000000000002,0.08401499999999998,2073472,6220416,34124,73,1584223
1556,129677,85,pair_012_conflict,conflict,1,0,0,12.410000000000002,0.08387333333333333,2074832,6224496,34150,73,1585224
1557,129755,78,pair_005_conflict,conflict,1,0,0,12.48,0.08374333333333331,2076080,6228240,34166,73,1586161
1558,129827,72,pair_000_conflict,conflict,1,0,0,12.540000000000001,0.08362333333333333,2077232,6231696,34184,73,1586961
1559,129901,74,pair_004_control,control,1,0,0,12.520000000000001,0.08349999999999999,2078416,6235248,34195,73,1587804
1560,129987,86,pair_007_conflict,conflict,1,0,0,12.400000000000002,0.08335666666666666,2079792,6239376,34233,73,1588724
1561,130063,76,pair_014_control,control,1,0,0,12.500000000000002,0.08323,2081008,6243024,34245,73,1589599
1562,130133,70,pair_003_conflict,conflict,1,0,0,12.560000000000002,0.08311333333333332,2082128,6246384,34271,73,1590415
1563,130201,68,pair_012_control,control,1,0,0,12.580000000000002,0.08299999999999999,2083216,6249648,34284,73,1591212
1564,130272,71,pair_002_control,control,1,0,0,12.55,0.08288166666666666,2084352,6253056,34298,74,1592053
1565,130343,71,pair_001_conflict,conflict,1,0,0,12.55,0.08276333333333333,2085488,6256464,34311,74,1592856
1566,130403,60,pair_013_control,control,0,1,0,1.160000000000001,0.08266333333333331,2086448,6259344,34321,74,1593566
1567,130473,70,pair_010_conflict,conflict,1,0,0,12.560000000000002,0.08254666666666666,2087568,6262704,34334,74,1594409
1568,130539,66,pair_017_control,control,1,0,0,12.600000000000001,0.08243666666666666,2088624,6265872,34348,74,1595182
1569,130615,76,pair_008_conflict,conflict,1,0,0,12.500000000000002,0.08231,2089840,6269520,34355,74,1596096
1570,130686,71,pair_003_control,control,1,0,0,12.55,0.08219166666666666,2090976,6272928,34365,74,1596953
1571,130765,79,pair_017_conflict,conflict,1,0,0,12.470000000000002,0.08206,2092240,6276720,34386,74,1597864
1572,130840,75,pair_000_control,control,1,0,0,12.510000000000002,0.08193499999999998,2093440,6280320,34405,74,1598789
1573,130918,78,pair_008_control,control,1,0,0,12.48,0.08180499999999999,2094688,6284064,34414,74,1599742
1574,130986,68,pair_016_conflict,conflict,1,0,0,12.580000000000002,0.08169166666666666,2095776,6287328,34437,74,1600606
1575,131053,67,pair_011_conflict,conflict,1,0,0,12.590000000000002,0.08157999999999999,2096848,6290544,34452,74,1601402
1576,131122,69,pair_011_control,control,1,0,0,12.570000000000002,0.08146499999999998,2097952,6293856,34467,74,1602206
1577,131199,77,pair_009_control,control,1,0,0,12.490000000000002,0.08133666666666667,2099184,6297552,34480,74,1603122
1578,131271,72,pair_009_conflict,conflict,1,0,0,12.540000000000001,0.08121666666666666,2100336,6301008,34497,74,1604005
1579,131338,67,pair_006_control,control,1,0,0,12.590000000000002,0.08110499999999998,2101408,6304224,34508,74,1604886
1580,131418,80,pair_013_conflict,conflict,1,0,0,12.46,0.08097166666666666,2102688,6308064,34541,74,1605798
1581,131486,68,pair_004_conflict,conflict,1,0,0,12.580000000000002,0.08085833333333331,2103776,6311328,34551,74,1606639
1582,131555,69,pair_001_control,control,1,0,0,12.570000000000002,0.08074333333333333,2104880,6314640,34561,74,1607501
1583,131624,69,pair_010_control,control,1,0,0,12.570000000000002,0.08062833333333333,2105984,6317952,34585,74,1608380
1584,131696,72,pair_009_conflict,conflict,1,0,0,12.540000000000001,0.08050833333333332,2107136,6321408,34600,74,1609264
1585,131767,71,pair_007_conflict,conflict,1,0,0,12.55,0.08038999999999999,2108272,6324816,34618,74,1610117
1586,131833,66,pair_000_conflict,conflict,1,0,0,12.600000000000001,0.08027999999999999,2109328,6327984,34636,74,1610900
1587,131922,89,pair_007_control,control,1,0,0,12.370000000000001,0.08013166666666666,2110752,6332256,34644,74,1612003
1588,131990,68,pair_010_conflict,conflict,1,0,0,12.580000000000002,0.08001833333333333,2111840,6335520,34658,74,1612863
1589,132071,81,pair_005_conflict,conflict,1,0,0,12.450000000000001,0.07988333333333333,2113136,6339408,34674,74,1613845
1590,132141,70,pair_004_control,control,1,0,0,12.560000000000002,0.07976666666666665,2114256,6342768,34689,74,1614691
1591,132213,72,pair_012_conflict,conflict,1,0,0,12.540000000000003,0.07964666666666664,2115408,6346224,34706,74,1615582
1592,132284,71,pair_013_control,control,1,0,0,12.55,0.07952833333333331,2116544,6349632,34729,74,1616481
1593,132350,66,pair_014_conflict,conflict,1,0,0,12.600000000000001,0.07941833333333331,2117600,6352800,34736,74,1617287
1594,132419,69,pair_002_conflict,conflict,1,0,0,12.570000000000002,0.07930333333333331,2118704,6356112,34747,74,1618091
1595,132490,71,pair_015_conflict,conflict,1,0,0,12.55,0.07918499999999998,2119840,6359520,34768,74,1618929
1596,132567,77,pair_008_control,control,1,0,0,12.490000000000002,0.07905666666666666,2121072,6363216,34777,74,1619860
1597,132636,69,pair_010_control,control,1,0,0,12.570000000000002,0.07894166666666666,2122176,6366528,34789,74,1620693
1598,132710,74,pair_005_control,control,1,0,0,12.520000000000001,0.07881833333333332,2123360,6370080,34807,74,1621615
1599,132782,72,pair_011_control,control,1,0,0,12.540000000000001,0.07869833333333331,2124512,6373536,34824,74,1622483
1600,132852,70,pair_009_control,control,1,0,0,12.560000000000002,0.07858166666666666,2125632,6376896,34840,74,1623314
1601,132922,70,pair_016_conflict,conflict,1,0,0,12.560000000000002,0.07846499999999998,2126752,6380256,34853,74,1624170
1602,132991,69,pair_013_conflict,conflict,1,0,0,12.570000000000002,0.07834999999999998,2127856,6383568,34881,74,1625007
1603,133069,78,pair_012_control,control,1,0,0,12.48,0.07821999999999998,2129104,6387312,34889,74,1625950
1604,133137,68,pair_014_control,control,1,0,0,12.580000000000002,0.07810666666666666,2130192,6390576,34899,74,1626713
1605,133210,73,pair_002_control,control,1,0,0,12.530000000000001,0.077985,2131360,6394080,34908,74,1627556
1606,133283,73,pair_004_conflict,conflict,1,0,0,12.530000000000001,0.07786333333333331,2132528,6397584,34917,74,1628398
1607,133352,69,pair_015_control,control,1,0,0,12.570000000000002,0.07774833333333334,2133632,6400896,34938,74,1629229
1608,133420,68,pair_003_conflict,conflict,1,0,0,12.580000000000002,0.07763499999999998,2134720,6404160,34945,74,1630004
1609,133490,70,pair_001_conflict,conflict,1,0,0,12.560000000000002,0.07751833333333333,2135840,6407520,34957,74,1630890
1610,133557,67,pair_008_conflict,conflict,1,0,0,12.590000000000002,0.07740666666666665,2136912,6410736,34968,74,1631692
1611,133631,74,pair_017_conflict,conflict,1,0,0,12.520000000000001,0.07728333333333332,2138096,6414288,34984,74,1632571
1612,133703,72,pair_006_control,control,1,0,0,12.540000000000001,0.07716333333333333,2139248,6417744,35002,74,1633397
1613,133777,74,pair_003_control,control,1,0,0,12.520000000000001,0.07704,2140432,6421296,35009,74,1634267
1614,133846,69,pair_011_conflict,conflict,1,0,0,12.570000000000002,0.076925,2141536,6424608,35013,74,1635075
1615,133917,71,pair_000_control,control,1,0,0,12.55,0.07680666666666666,2142672,6428016,35033,74,1635868
1616,133983,66,pair_006_conflict,conflict,1,0,0,12.600000000000001,0.07669666666666666,2143728,6431184,35055,74,1636646
1617,134054,71,pair_017_control,control,1,0,0,12.55,0.07657833333333333,2144864,6434592,35071,74,1637424
1618,134123,69,pair_016_control,control,1,0,0,12.570000000000002,0.07646333333333333,2145968,6437904,35098,74,1638248
1619,134193,70,pair_001_control,control,1,0,0,12.560000000000002,0.07634666666666665,2147088,6441264,35109,74,1639075
1620,134261,68,pair_003_control,control,1,0,0,12.580000000000002,0.07623333333333332,2148176,6444528,35119,74,1639889
1621,134329,68,pair_013_conflict,conflict,1,0,0,12.580000000000002,0.07612,2149264,6447792,35138,74,1640652
1622,134397,68,pair_001_conflict,conflict,1,0,0,12.580000000000002,0.07600666666666667,2150352,6451056,35151,74,1641393
1623,134477,80,pair_002_conflict,conflict,1,0,0,12.46,0.07587333333333332,2151632,6454896,35170,75,1642349
1624,134552,75,pair_006_conflict,conflict,1,0,0,12.510000000000002,0.07574833333333333,2152832,6458496,35196,75,1643203
1625,134634,82,pair_017_control,control,1,0,0,12.440000000000001,0.07561166666666666,2154144,6462432,35213,75,1644131
1626,134701,67,pair_004_conflict,conflict,1,0,0,12.590000000000002,0.07549999999999998,2155216,6465648,35229,75,1644909
1627,134775,74,pair_006_control,control,1,0,0,12.520000000000003,0.07537666666666665,2156400,6469200,35243,75,1645724
1628,134849,74,pair_012_control,control,1,0,0,12.520000000000001,0.07525333333333331,2157584,6472752,35262,76,1646530
1629,134918,69,pair_017_conflict,conflict,1,0,0,12.570000000000002,0.07513833333333333,2158688,6476064,35279,76,1647274
1630,134987,69,pair_000_conflict,conflict,1,0,0,12.570000000000002,0.07502333333333333,2159792,6479376,35299,76,1648050
1631,135057,70,pair_007_control,control,1,0,0,12.560000000000002,0.07490666666666665,2160912,6482736,35312,76,1648855
1632,135125,68,pair_014_control,control,1,0,0,12.580000000000002,0.07479333333333332,2162000,6486000,35322,76,1649617
1633,135195,70,pair_009_conflict,conflict,1,0,0,12.560000000000002,0.07467666666666667,2163120,6489360,35334,76,1650349
1634,135272,77,pair_013_control,control,1,0,0,12.490000000000002,0.07454833333333333,2164352,6493056,35362,76,1651193
1635,135341,69,pair_005_control,control,1,0,0,12.570000000000002,0.07443333333333332,2165456,6496368,35378,76,1651986
1636,135411,70,pair_005_conflict,conflict,1,0,0,12.560000000000002,0.07431666666666664,2166576,6499728,35399,76,1652765
1637,135479,68,pair_008_conflict,conflict,1,0,0,12.580000000000002,0.07420333333333332,2167664,6502992,35405,76,1653528
1638,135550,71,pair_009_control,control,1,0,0,12.55,0.07408499999999998,2168800,6506400,35429,76,1654332
1639,135626,76,pair_007_conflict,conflict,1,0,0,12.500000000000002,0.07395833333333332,2170016,6510048,35451,76,1655181
1640,135698,72,pair_016_conflict,conflict,1,0,0,12.540000000000001,0.07383833333333331,2171168,6513504,35465,76,1655991
1641,135768,70,pair_004_control,control,1,0,0,12.560000000000002,0.07372166666666666,2172288,6516864,35489,76,1656785
1642,135839,71,pair_011_conflict,conflict,1,0,0,12.550000000000002,0.07360333333333333,2173424,6520272,35495,76,1657559
1643,135911,72,pair_011_control,control,1,0,0,12.540000000000001,0.07348333333333332,2174576,6523728,35500,76,1658322
1644,135980,69,pair_010_conflict,conflict,1,0,0,12.570000000000002,0.07336833333333331,2175680,6527040,35529,76,1659085
1645,136047,67,pair_002_control,control,1,0,0,12.590000000000002,0.07325666666666666,2176752,6530256,35548,76,1659796
1646,136119,72,pair_000_control,control,1,0,0,12.540000000000001,0.07313666666666666,2177904,6533712,35570,76,1660625
1647,136192,73,pair_015_control,control,1,0,0,12.530000000000001,0.073015,2179072,6537216,35589,76,1661441
1648,136260,68,pair_012_conflict,conflict,1,0,0,12.580000000000002,0.07290166666666664,2180160,6540480,35599,76,1662203
1649,136281,21,pair_003_conflict,conflict,0,1,0,-0.35,0.07286666666666666,2180496,6541488,35615,77,1662426
1650,136358,77,pair_001_control,control,1,0,0,12.490000000000002,0.07273833333333332,2181728,6545184,35646,77,1663276
1651,136428,70,pair_010_control,control,1,0,0,12.560000000000002,0.07262166666666667,2182848,6548544,35652,77,1664052
1652,136499,71,pair_016_control,control,1,0,0,12.55,0.07250333333333331,2183984,6551952,35677,77,1664821
1653,136573,74,pair_014_conflict,conflict,1,0,0,12.520000000000001,0.07238,2185168,6555504,35690,77,1665609
1654,136652,79,pair_015_conflict,conflict,1,0,0,12.470000000000002,0.07224833333333333,2186432,6559296,35711,77,1666456
1655,136721,69,pair_008_control,control,1,0,0,12.570000000000002,0.07213333333333333,2187536,6562608,35728,77,1667180
1656,136792,71,pair_015_conflict,conflict,1,0,0,12.55,0.072015,2188672,6566016,35745,77,1667981
1657,136864,72,pair_006_conflict,conflict,1,0,0,12.540000000000001,0.07189499999999999,2189824,6569472,35760,77,1668805
1658,136938,74,pair_008_conflict,conflict,1,0,0,12.520000000000001,0.07177166666666665,2191008,6573024,35795,77,1669647
1659,137009,71,pair_006_control,control,1,0,0,12.550000000000002,0.07165333333333332,2192144,6576432,35818,77,1670443
1660,137082,73,pair_014_conflict,conflict,1,0,0,12.530000000000001,0.07153166666666666,2193312,6579936,35822,77,1671255
1661,137155,73,pair_012_conflict,conflict,1,0,0,12.530000000000001,0.07141,2194480,6583440,35830,77,1672079
1662,137224,69,pair_005_conflict,conflict,1,0,0,12.570000000000002,0.071295,2195584,6586752,35849,77,1672835
1663,137291,67,pair_007_conflict,conflict,1,0,0,12.590000000000002,0.07118333333333332,2196656,6589968,35871,77,1673610
1664,137362,71,pair_003_control,control,1,0,0,12.55,0.07106499999999999,2197792,6593376,35891,77,1674411
1665,137429,67,pair_010_conflict,conflict,1,0,0,12.590000000000002,0.07095333333333331,2198864,6596592,35911,77,1675131
1666,137499,70,pair_002_control,control,1,0,0,12.560000000000002,0.07083666666666666,2199984,6599952,35928,77,1675908
1667,137567,68,pair_003_conflict,conflict,1,0,0,12.580000000000002,0.07072333333333333,2201072,6603216,35949,77,1676633
1668,137637,70,pair_011_conflict,conflict,1,0,0,12.560000000000002,0.07060666666666665,2202192,6606576,35975,77,1677385
1669,137705,68,pair_013_conflict,conflict,1,0,0,12.580000000000002,0.07049333333333332,2203280,6609840,36003,77,1678097
1670,137774,69,pair_007_control,control,1,0,0,12.570000000000002,0.07037833333333332,2204384,6613152,36022,77,1678862
1671,137844,70,pair_001_conflict,conflict,1,0,0,12.560000000000002,0.07026166666666667,2205504,6616512,36055,77,1679694
1672,137912,68,pair_004_control,control,1,0,0,12.580000000000002,0.07014833333333331,2206592,6619776,36071,77,1680452
1673,137990,78,pair_013_control,control,1,0,0,12.480000000000002,0.07001833333333332,2207840,6623520,36102,77,1681344
1674,138061,71,pair_011_control,control,1,0,0,12.55,0.06989999999999999,2208976,6626928,36125,77,1682190
1675,138064,3,pair_002_conflict,conflict,0,1,0,-0.92,0.06989499999999998,2209024,6627072,36128,78,1682222
1676,138142,78,pair_000_conflict,conflict,1,0,0,12.48,0.069765,2210272,6630816,36143,78,1683093
1677,138211,69,pair_017_control,control,1,0,0,12.570000000000002,0.06964999999999999,2211376,6634128,36161,78,1683837
1678,138281,70,pair_000_control,control,1,0,0,12.560000000000002,0.06953333333333334,2212496,6637488,36188,78,1684674
1679,138351,70,pair_009_control,control,1,0,0,12.560000000000002,0.06941666666666665,2213616,6640848,36212,78,1685451
1680,138419,68,pair_015_control,control,1,0,0,12.580000000000002,0.06930333333333333,2214704,6644112,36229,78,1686189
1681,138490,71,pair_004_conflict,conflict,1,0,0,12.55,0.069185,2215840,6647520,36250,78,1687022
1682,138564,74,pair_017_conflict,conflict,1,0,0,12.520000000000001,0.06906166666666666,2217024,6651072,36271,78,1687855
1683,138642,78,pair_010_control,control,1,0,0,12.480000000000002,0.06893166666666667,2218272,6654816,36299,78,1688727
1684,138710,68,pair_001_control,control,1,0,0,12.580000000000002,0.06881833333333331,2219360,6658080,36315,78,1689489
1685,138780,70,pair_012_control,control,1,0,0,12.560000000000002,0.06870166666666666,2220480,6661440,36328,78,1690309
1686,138849,69,pair_008_control,control,1,0,0,12.570000000000002,0.06858666666666666,2221584,6664752,36344,78,1691114
1687,138927,78,pair_016_conflict,conflict,1,0,0,12.48,0.06845666666666667,2222832,6668496,36367,78,1692030
1688,138995,68,pair_009_conflict,conflict,1,0,0,12.580000000000002,0.06834333333333331,2223920,6671760,36391,78,1692813
1689,139067,72,pair_016_control,control,1,0,0,12.540000000000001,0.06822333333333333,2225072,6675216,36415,78,1693635
1690,139135,68,pair_014_control,control,1,0,0,12.580000000000002,0.06810999999999998,2226160,6678480,36425,78,1694409
1691,139205,70,pair_005_control,control,1,0,0,12.560000000000002,0.06799333333333332,2227280,6681840,36443,78,1695217
1692,139275,70,pair_014_control,control,1,0,0,12.560000000000002,0.06787666666666667,2228400,6685200,36456,78,1696002
1693,139347,72,pair_007_control,control,1,0,0,12.540000000000003,0.06775666666666666,2229552,6688656,36479,78,1696845
1694,139417,70,pair_011_conflict,conflict,1,0,0,12.560000000000002,0.06763999999999998,2230672,6692016,36505,78,1697689
1695,139490,73,pair_001_conflict,conflict,1,0,0,12.530000000000001,0.06751833333333332,2231840,6695520,36528,78,1698595
1696,139558,68,pair_003_control,control,1,0,0,12.580000000000002,0.06740499999999999,2232928,6698784,36549,78,1699435
1697,139631,73,pair_012_control,control,1,0,0,12.530000000000001,0.06728333333333333,2234096,6702288,36566,78,1700284
1698,139711,80,pair_000_control,control,1,0,0,12.46,0.06714999999999999,2235376,6706128,36602,78,1701263
1699,139782,71,pair_009_conflict,conflict,1,0,0,12.55,0.06703166666666666,2236512,6709536,36620,78,1702101
1700,139856,74,pair_017_conflict,conflict,1,0,0,12.520000000000001,0.06690833333333332,2237696,6713088,36630,78,1702931
1701,139924,68,pair_006_conflict,conflict,1,0,0,12.580000000000002,0.066795,2238784,6716352,36651,78,1703757
1702,140002,78,pair_004_control,control,1,0,0,12.480000000000002,0.066665,2240032,6720096,36669,78,1704766
1703,140073,71,pair_004_conflict,conflict,1,0,0,12.55,0.06654666666666664,2241168,6723504,36686,78,1705600
1704,140145,72,pair_010_conflict,conflict,1,0,0,12.540000000000001,0.06642666666666666,2242320,6726960,36704,78,1706476
1705,140215,70,pair_013_control,control,1,0,0,12.560000000000002,0.06630999999999998,2243440,6730320,36727,78,1707314
1706,140283,68,pair_012_conflict,conflict,1,0,0,12.580000000000002,0.06619666666666665,2244528,6733584,36735,78,1708141
1707,140351,68,pair_011_control,control,1,0,0,12.580000000000002,0.06608333333333333,2245616,6736848,36761,78,1708951
1708,140419,68,pair_008_conflict,conflict,1,0,0,12.580000000000002,0.06597,2246704,6740112,36771,78,1709818
1709,140489,70,pair_005_conflict,conflict,1,0,0,12.560000000000002,0.06585333333333332,2247824,6743472,36792,78,1710669
1710,140560,71,pair_008_control,control,1,0,0,12.55,0.06573499999999999,2248960,6746880,36815,78,1711540
1711,140577,17,pair_003_conflict,conflict,0,1,0,-0.36,0.06570666666666666,2249232,6747696,36825,78,1711737
1712,140646,69,pair_006_control,control,1,0,0,12.570000000000002,0.06559166666666666,2250336,6751008,36844,78,1712566
1713,140715,69,pair_009_control,control,1,0,0,12.570000000000002,0.06547666666666666,2251440,6754320,36866,78,1713374
1714,140781,66,pair_007_conflict,conflict,1,0,0,12.600000000000001,0.06536666666666666,2252496,6757488,36885,78,1714155
1715,140853,72,pair_010_control,control,1,0,0,12.540000000000001,0.06524666666666665,2253648,6760944,36900,78,1715028
1716,140923,70,pair_015_conflict,conflict,1,0,0,12.560000000000002,0.06513,2254768,6764304,36920,78,1715886
1717,140990,67,pair_017_control,control,1,0,0,12.590000000000002,0.06501833333333332,2255840,6767520,36930,78,1716734
1718,141060,70,pair_001_control,control,1,0,0,12.560000000000002,0.06490166666666666,2256960,6770880,36942,78,1717589
1719,141130,70,pair_016_control,control,1,0,0,12.560000000000002,0.06478499999999998,2258080,6774240,36962,78,1718444
1720,141198,68,pair_002_control,control,1,0,0,12.580000000000002,0.06467166666666666,2259168,6777504,36977,78,1719309
1721,141268,70,pair_014_conflict,conflict,1,0,0,12.560000000000002,0.064555,2260288,6780864,36987,78,1720157
1722,141339,71,pair_002_conflict,conflict,1,0,0,12.55,0.06443666666666664,2261424,6784272,37002,79,1721025
1723,141408,69,pair_013_conflict,conflict,1,0,0,12.570000000000002,0.06432166666666667,2262528,6787584,37028,79,1721828
1724,141485,77,pair_005_control,control,1,0,0,12.490000000000002,0.06419333333333332,2263760,6791280,37048,79,1722766
1725,141552,67,pair_000_conflict,conflict,1,0,0,12.590000000000002,0.06408166666666665,2264832,6794496,37066,79,1723606
1726,141618,66,pair_015_control,control,1,0,0,12.600000000000001,0.06397166666666665,2265888,6797664,37076,79,1724455
1727,141692,74,pair_016_conflict,conflict,1,0,0,12.520000000000001,0.06384833333333331,2267072,6801216,37097,79,1725347
1728,141762,70,pair_008_conflict,conflict,1,0,0,12.560000000000002,0.06373166666666666,2268192,6804576,37119,79,1726180
1729,141834,72,pair_012_conflict,conflict,1,0,0,12.540000000000001,0.06361166666666665,2269344,6808032,37126,79,1727091
1730,141902,68,pair_001_conflict,conflict,1,0,0,12.580000000000002,0.06349833333333332,2270432,6811296,37137,79,1727880
1731,141974,72,pair_006_conflict,conflict,1,0,0,12.540000000000001,0.06337833333333331,2271584,6814752,37138,79,1728780
1732,142044,70,pair_007_control,control,1,0,0,12.560000000000002,0.06326166666666666,2272704,6818112,37154,79,1729632
1733,142113,69,pair_009_control,control,1,0,0,12.570000000000002,0.06314666666666666,2273808,6821424,37174,79,1730483
1734,142183,70,pair_004_conflict,conflict,1,0,0,12.560000000000002,0.06303,2274928,6824784,37189,79,1731392
1735,142253,70,pair_015_conflict,conflict,1,0,0,12.560000000000002,0.06291333333333332,2276048,6828144,37204,79,1732288
1736,142322,69,pair_003_control,control,1,0,0,12.570000000000002,0.06279833333333332,2277152,6831456,37221,79,1733136
1737,142393,71,pair_017_conflict,conflict,1,0,0,12.55,0.06267999999999999,2278288,6834864,37239,79,1734045
1738,142464,71,pair_013_control,control,1,0,0,12.55,0.06256166666666665,2279424,6838272,37262,79,1734919
1739,142536,72,pair_002_conflict,conflict,1,0,0,12.540000000000003,0.062441666666666645,2280576,6841728,37278,79,1735808
1740,142605,69,pair_010_conflict,conflict,1,0,0,12.570000000000002,0.06232666666666667,2281680,6845040,37291,79,1736665
1741,142675,70,pair_006_control,control,1,0,0,12.560000000000002,0.06220999999999999,2282800,6848400,37317,79,1737504
1742,142745,70,pair_014_control,control,1,0,0,12.560000000000002,0.062093333333333334,2283920,6851760,37348,79,1738357
1743,142816,71,pair_011_conflict,conflict,1,0,0,12.55,0.061975,2285056,6855168,37359,79,1739259
1744,142887,71,pair_002_control,control,1,0,0,12.55,0.06185666666666664,2286192,6858576,37376,79,1740163
1745,142958,71,pair_001_control,control,1,0,0,12.55,0.06173833333333331,2287328,6861984,37393,79,1741098
1746,143035,77,pair_000_conflict,conflict,1,0,0,12.490000000000002,0.06161,2288560,6865680,37414,79,1742050
1747,143104,69,pair_003_conflict,conflict,1,0,0,12.570000000000002,0.061494999999999994,2289664,6868992,37434,79,1742919
1748,143170,66,pair_015_control,control,1,0,0,12.600000000000001,0.061384999999999995,2290720,6872160,37444,79,1743714
1749,143239,69,pair_016_conflict,conflict,1,0,0,12.570000000000002,0.06126999999999999,2291824,6875472,37464,79,1744541
1750,143310,71,pair_005_conflict,conflict,1,0,0,12.55,0.06115166666666666,2292960,6878880,37489,79,1745431
1751,143378,68,pair_000_control,control,1,0,0,12.580000000000002,0.06103833333333333,2294048,6882144,37505,79,1746271
1752,143448,70,pair_017_control,control,1,0,0,12.560000000000002,0.06092166666666665,2295168,6885504,37524,79,1747181
1753,143517,69,pair_008_control,control,1,0,0,12.570000000000002,0.06080666666666665,2296272,6888816,37547,79,1748076
1754,143586,69,pair_009_conflict,conflict,1,0,0,12.570000000000002,0.060691666666666644,2297376,6892128,37565,79,1748973
1755,143655,69,pair_005_control,control,1,0,0,12.570000000000002,0.06057666666666667,2298480,6895440,37584,79,1749817
1756,143723,68,pair_007_conflict,conflict,1,0,0,12.580000000000002,0.06046333333333331,2299568,6898704,37595,79,1750666
1757,143793,70,pair_004_control,control,1,0,0,12.560000000000002,0.06034666666666666,2300688,6902064,37619,79,1751577
1758,143864,71,pair_016_control,control,1,0,0,12.55,0.06022833333333333,2301824,6905472,37641,79,1752434
1759,143940,76,pair_011_control,control,1,0,0,12.500000000000002,0.060101666666666664,2303040,6909120,37642,79,1753366
1760,144012,72,pair_014_conflict,conflict,1,0,0,12.540000000000001,0.059981666666666655,2304192,6912576,37665,79,1754280
1761,144080,68,pair_012_control,control,1,0,0,12.580000000000002,0.05986833333333333,2305280,6915840,37673,79,1755127
1762,144151,71,pair_010_control,control,1,0,0,12.55,0.05975,2306416,6919248,37677,79,1756011
1763,144221,70,pair_013_conflict,conflict,1,0,0,12.560000000000002,0.059633333333333316,2307536,6922608,37693,79,1756913
1764,144289,68,pair_006_control,control,1,0,0,12.580000000000002,0.05951999999999999,2308624,6925872,37721,79,1757780
1765,144368,79,pair_007_conflict,conflict,1,0,0,12.470000000000002,0.05938833333333332,2309888,6929664,37736,79,1758778
1766,144438,70,pair_016_conflict,conflict,1,0,0,12.560000000000002,0.05927166666666667,2311008,6933024,37757,79,1759657
1767,144506,68,pair_009_conflict,conflict,1,0,0,12.580000000000002,0.05915833333333331,2312096,6936288,37774,79,1760515
1768,144581,75,pair_000_conflict,conflict,1,0,0,12.510000000000002,0.05903333333333333,2313296,6939888,37800,79,1761444
1769,144648,67,pair_001_control,control,1,0,0,12.590000000000002,0.05892166666666665,2314368,6943104,37816,79,1762324
1770,144723,75,pair_003_control,control,1,0,0,12.510000000000002,0.058796666666666664,2315568,6946704,37839,79,1763287
1771,144792,69,pair_010_control,control,1,0,0,12.570000000000002,0.05868166666666666,2316672,6950016,37843,79,1764183
1772,144861,69,pair_000_control,control,1,0,0,12.570000000000002,0.058566666666666656,2317776,6953328,37866,79,1765043
1773,144931,70,pair_016_control,control,1,0,0,12.560000000000002,0.05845,2318896,6956688,37889,79,1765894
1774,145004,73,pair_017_conflict,conflict,1,0,0,12.530000000000001,0.058328333333333315,2320064,6960192,37905,79,1766760
1775,145077,73,pair_014_control,control,1,0,0,12.530000000000001,0.05820666666666666,2321232,6963696,37936,79,1767722
1776,145145,68,pair_011_control,control,1,0,0,12.580000000000002,0.05809333333333333,2322320,6966960,37956,79,1768568
1777,145216,71,pair_002_control,control,1,0,0,12.55,0.057975,2323456,6970368,37973,79,1769485
1778,145283,67,pair_013_conflict,conflict,1,0,0,12.590000000000002,0.05786333333333332,2324528,6973584,37995,79,1770307
1779,145351,68,pair_009_control,control,1,0,0,12.580000000000002,0.057749999999999996,2325616,6976848,38014,79,1771179
1780,145417,66,pair_012_control,control,1,0,0,12.600000000000001,0.05764,2326672,6980016,38026,79,1771968
1781,145490,73,pair_004_control,control,1,0,0,12.530000000000001,0.05751833333333331,2327840,6983520,38051,79,1772869
1782,145561,71,pair_002_conflict,conflict,1,0,0,12.55,0.05739999999999998,2328976,6986928,38069,79,1773753
1783,145631,70,pair_012_conflict,conflict,1,0,0,12.560000000000002,0.057283333333333325,2330096,6990288,38085,79,1774606
1784,145700,69,pair_004_conflict,conflict,1,0,0,12.570000000000002,0.05716833333333332,2331200,6993600,38107,79,1775487
1785,145773,73,pair_011_conflict,conflict,1,0,0,12.530000000000001,0.05704666666666666,2332368,6997104,38125,79,1776425
1786,145840,67,pair_010_conflict,conflict,1,0,0,12.590000000000002,0.056934999999999986,2333440,7000320,38147,79,1777261
1787,145911,71,pair_015_conflict,conflict,1,0,0,12.55,0.056816666666666654,2334576,7003728,38165,79,1778182
1788,145984,73,pair_015_control,control,1,0,0,12.530000000000001,0.056694999999999995,2335744,7007232,38183,79,1779081
1789,146055,71,pair_014_conflict,conflict,1,0,0,12.55,0.056576666666666664,2336880,7010640,38217,79,1779988
1790,146123,68,pair_013_control,control,1,0,0,12.580000000000002,0.05646333333333331,2337968,7013904,38243,79,1780881
1791,146191,68,pair_006_conflict,conflict,1,0,0,12.580000000000002,0.05634999999999998,2339056,7017168,38265,79,1781793
1792,146261,70,pair_005_conflict,conflict,1,0,0,12.560000000000002,0.05623333333333333,2340176,7020528,38284,79,1782723
1793,146330,69,pair_008_conflict,conflict,1,0,0,12.570000000000002,0.056118333333333326,2341280,7023840,38307,79,1783614
1794,146399,69,pair_008_control,control,1,0,0,12.570000000000002,0.05600333333333332,2342384,7027152,38326,79,1784526
1795,146470,71,pair_007_control,control,1,0,0,12.55,0.05588499999999999,2343520,7030560,38346,79,1785441
1796,146541,71,pair_001_conflict,conflict,1,0,0,12.55,0.05576666666666666,2344656,7033968,38368,79,1786354
1797,146614,73,pair_003_conflict,conflict,1,0,0,12.530000000000001,0.055645,2345824,7037472,38390,79,1787309
1798,146687,73,pair_017_control,control,1,0,0,12.530000000000001,0.05552333333333331,2346992,7040976,38410,79,1788228
1799,146757,70,pair_005_control,control,1,0,0,12.560000000000002,0.05540666666666666,2348112,7044336,38430,79,1789130
1800,146830,73,pair_006_control,control,1,0,0,12.530000000000001,0.055285,2349280,7047840,38459,79,1790066
1801,146896,66,pair_005_control,control,1,0,0,12.600000000000001,0.055175,2350336,7051008,38478,79,1790917
1802,146964,68,pair_010_conflict,conflict,1,0,0,12.580000000000002,0.05506166666666665,2351424,7054272,38498,79,1791735
1803,147032,68,pair_004_control,control,1,0,0,12.580000000000002,0.05494833333333332,2352512,7057536,38521,79,1792583
1804,147101,69,pair_017_conflict,conflict,1,0,0,12.570000000000002,0.05483333333333332,2353616,7060848,38538,79,1793477
1805,147169,68,pair_013_control,control,1,0,0,12.580000000000002,0.05471999999999999,2354704,7064112,38557,79,1794325
1806,147236,67,pair_008_control,control,1,0,0,12.590000000000002,0.054608333333333314,2355776,7067328,38579,79,1795183
1807,147305,69,pair_001_conflict,conflict,1,0,0,12.570000000000002,0.05449333333333331,2356880,7070640,38596,79,1796009
1808,147373,68,pair_002_conflict,conflict,1,0,0,12.580000000000002,0.054379999999999984,2357968,7073904,38616,79,1796854
1809,147443,70,pair_006_conflict,conflict,1,0,0,12.560000000000002,0.05426333333333333,2359088,7077264,38649,79,1797790
1810,147510,67,pair_002_control,control,1,0,0,12.590000000000002,0.054151666666666654,2360160,7080480,38668,79,1798618
1811,147586,76,pair_007_conflict,conflict,1,0,0,12.500000000000002,0.05402499999999999,2361376,7084128,38692,79,1799602
1812,147656,70,pair_014_conflict,conflict,1,0,0,12.560000000000002,0.053908333333333336,2362496,7087488,38721,79,1800441
1813,147722,66,pair_003_control,control,1,0,0,12.600000000000001,0.05379833333333331,2363552,7090656,38741,79,1801289
1814,147789,67,pair_009_conflict,conflict,1,0,0,12.590000000000002,0.05368666666666666,2364624,7093872,38766,79,1802165
1815,147861,72,pair_012_control,control,1,0,0,12.540000000000003,0.05356666666666665,2365776,7097328,38774,79,1803056
1816,147933,72,pair_003_conflict,conflict,1,0,0,12.540000000000001,0.05344666666666664,2366928,7100784,38799,79,1803997
1817,148005,72,pair_012_conflict,conflict,1,0,0,12.540000000000001,0.05332666666666666,2368080,7104240,38814,79,1804941
1818,148075,70,pair_004_conflict,conflict,1,0,0,12.560000000000002,0.05320999999999998,2369200,7107600,38834,79,1805842
1819,148144,69,pair_015_conflict,conflict,1,0,0,12.570000000000002,0.053094999999999976,2370304,7110912,38851,79,1806747
1820,148171,27,pair_008_conflict,conflict,0,1,0,-0.009999999999999676,0.053049999999999986,2370736,7112208,38860,79,1807098
1821,148243,72,pair_016_control,control,1,0,0,12.540000000000001,0.05292999999999998,2371888,7115664,38884,79,1807988
1822,148309,66,pair_010_control,control,1,0,0,12.600000000000001,0.05281999999999998,2372944,7118832,38895,79,1808834
1823,148380,71,pair_009_control,control,1,0,0,12.55,0.05270166666666665,2374080,7122240,38920,79,1809734
1824,148446,66,pair_011_control,control,1,0,0,12.600000000000001,0.05259166666666665,2375136,7125408,38938,79,1810561
1825,148521,75,pair_016_conflict,conflict,1,0,0,12.510000000000002,0.05246666666666666,2376336,7129008,38969,79,1811478
1826,148589,68,pair_015_control,control,1,0,0,12.580000000000002,0.052353333333333335,2377424,7132272,38984,79,1812354
1827,148657,68,pair_001_control,control,1,0,0,12.580000000000002,0.05223999999999998,2378512,7135536,39004,79,1813207
1828,148728,71,pair_007_control,control,1,0,0,12.55,0.05212166666666665,2379648,7138944,39028,79,1814120
1829,148796,68,pair_011_conflict,conflict,1,0,0,12.580000000000002,0.05200833333333332,2380736,7142208,39043,79,1815009
1830,148866,70,pair_000_conflict,conflict,1,0,0,12.560000000000002,0.05189166666666667,2381856,7145568,39067,79,1815897
1831,148937,71,pair_013_conflict,conflict,1,0,0,12.55,0.05177333333333331,2382992,7148976,39095,79,1816865
1832,149006,69,pair_017_control,control,1,0,0,12.570000000000002,0.051658333333333334,2384096,7152288,39114,79,1817790
1833,149075,69,pair_005_conflict,conflict,1,0,0,12.570000000000002,0.05154333333333333,2385200,7155600,39136,79,1818670
1834,149148,73,pair_014_control,control,1,0,0,12.530000000000001,0.05142166666666664,2386368,7159104,39158,79,1819634
1835,149219,71,pair_000_control,control,1,0,0,12.55,0.05130333333333331,2387504,7162512,39175,79,1820557
1836,149285,66,pair_014_conflict,conflict,1,0,0,12.600000000000001,0.05119333333333331,2388560,7165680,39198,79,1821459
1837,149353,68,pair_005_control,control,1,0,0,12.580000000000002,0.051079999999999987,2389648,7168944,39218,79,1822334
1838,149421,68,pair_000_control,control,1,0,0,12.580000000000002,0.05096666666666666,2390736,7172208,39235,79,1823226
1839,149495,74,pair_008_control,control,1,0,0,12.520000000000001,0.050843333333333324,2391920,7175760,39265,79,1824181
1840,149563,68,pair_006_conflict,conflict,1,0,0,12.580000000000002,0.05073,2393008,7179024,39271,79,1825104
1841,149631,68,pair_014_control,control,1,0,0,12.580000000000002,0.05061666666666664,2394096,7182288,39293,79,1826016
1842,149697,66,pair_015_control,control,1,0,0,12.600000000000001,0.050506666666666644,2395152,7185456,39308,79,1826915
1843,149767,70,pair_011_conflict,conflict,1,0,0,12.560000000000002,0.05038999999999999,2396272,7188816,39327,79,1827841
1844,149837,70,pair_003_conflict,conflict,1,0,0,12.560000000000002,0.05027333333333331,2397392,7192176,39350,79,1828754
1845,149908,71,pair_004_conflict,conflict,1,0,0,12.55,0.05015499999999998,2398528,7195584,39365,79,1829718
1846,149976,68,pair_012_conflict,conflict,1,0,0,12.580000000000002,0.05004166666666665,2399616,7198848,39379,79,1830611
1847,150046,70,pair_013_conflict,conflict,1,0,0,12.560000000000002,0.04999999999999999,2400736,7202208,39398,79,1831533
1848,150116,70,pair_004_control,control,1,0,0,12.560000000000002,0.04999999999999999,2401856,7205568,39420,79,1832477
1849,150186,70,pair_008_conflict,conflict,1,0,0,12.560000000000002,0.04999999999999999,2402976,7208928,39446,79,1833390
1850,150256,70,pair_010_control,control,1,0,0,12.560000000000002,0.04999999999999999,2404096,7212288,39469,79,1834371
1851,150324,68,pair_016_conflict,conflict,1,0,0,12.580000000000002,0.04999999999999999,2405184,7215552,39488,79,1835265
1852,150390,66,pair_000_conflict,conflict,1,0,0,12.600000000000001,0.04999999999999999,2406240,7218720,39514,79,1836147
1853,150460,70,pair_010_conflict,conflict,1,0,0,12.560000000000002,0.04999999999999999,2407360,7222080,39538,79,1837088
1854,150529,69,pair_011_control,control,1,0,0,12.570000000000002,0.04999999999999999,2408464,7225392,39561,79,1838044
1855,150603,74,pair_012_control,control,1,0,0,12.520000000000001,0.04999999999999999,2409648,7228944,39576,79,1839065
1856,150669,66,pair_005_conflict,conflict,1,0,0,12.600000000000001,0.04999999999999999,2410704,7232112,39595,79,1839993
1857,150736,67,pair_013_control,control,1,0,0,12.590000000000002,0.04999999999999999,2411776,7235328,39616,79,1840890
1858,150802,66,pair_001_control,control,1,0,0,12.600000000000001,0.04999999999999999,2412832,7238496,39636,79,1841793
1859,150870,68,pair_006_control,control,1,0,0,12.580000000000002,0.04999999999999999,2413920,7241760,39661,79,1842721
1860,150941,71,pair_017_control,control,1,0,0,12.55,0.04999999999999999,2415056,7245168,39680,79,1843676
1861,151016,75,pair_017_conflict,conflict,1,0,0,12.510000000000002,0.04999999999999999,2416256,7248768,39691,79,1844685
1862,151084,68,pair_007_control,control,1,0,0,12.580000000000002,0.04999999999999999,2417344,7252032,39710,79,1845604
1863,151155,71,pair_009_control,control,1,0,0,12.55,0.04999999999999999,2418480,7255440,39729,79,1846599
1864,151221,66,pair_016_control,control,1,0,0,12.600000000000001,0.04999999999999999,2419536,7258608,39749,79,1847507
1865,151291,70,pair_009_conflict,conflict,1,0,0,12.560000000000002,0.04999999999999999,2420656,7261968,39770,79,1848443
1866,151361,70,pair_003_control,control,1,0,0,12.560000000000002,0.04999999999999999,2421776,7265328,39790,79,1849444
1867,151433,72,pair_015_conflict,conflict,1,0,0,12.540000000000001,0.04999999999999999,2422928,7268784,39801,79,1850445
1868,151502,69,pair_001_conflict,conflict,1,0,0,12.570000000000002,0.04999999999999999,2424032,7272096,39819,79,1851394
1869,151571,69,pair_007_conflict,conflict,1,0,0,12.570000000000002,0.04999999999999999,2425136,7275408,39842,79,1852327
1870,151639,68,pair_002_conflict,conflict,1,0,0,12.580000000000002,0.04999999999999999,2426224,7278672,39860,79,1853252
1871,151712,73,pair_002_control,control,1,0,0,12.530000000000001,0.04999999999999999,2427392,7282176,39882,79,1854246
1872,151782,70,pair_002_conflict,conflict,1,0,0,12.560000000000002,0.04999999999999999,2428512,7285536,39899,79,1855212
1873,151850,68,pair_001_conflict,conflict,1,0,0,12.580000000000002,0.04999999999999999,2429600,7288800,39917,79,1856116
1874,151919,69,pair_016_conflict,conflict,1,0,0,12.570000000000002,0.04999999999999999,2430704,7292112,39941,79,1857036
1875,151988,69,pair_007_conflict,conflict,1,0,0,12.570000000000002,0.04999999999999999,2431808,7295424,39960,79,1858000
1876,152056,68,pair_003_conflict,conflict,1,0,0,12.580000000000002,0.04999999999999999,2432896,7298688,39981,79,1858964
1877,152133,77,pair_006_control,control,1,0,0,12.490000000000002,0.04999999999999999,2434128,7302384,39983,79,1859983
1878,152203,70,pair_004_control,control,1,0,0,12.560000000000002,0.04999999999999999,2435248,7305744,40006,79,1861010
1879,152277,74,pair_012_conflict,conflict,1,0,0,12.520000000000001,0.04999999999999999,2436432,7309296,40020,79,1862012
1880,152352,75,pair_000_conflict,conflict,1,0,0,12.510000000000002,0.04999999999999999,2437632,7312896,40049,79,1863084
1881,152422,70,pair_017_control,control,1,0,0,12.560000000000002,0.04999999999999999,2438752,7316256,40068,79,1864056
1882,152492,70,pair_000_control,control,1,0,0,12.560000000000002,0.04999999999999999,2439872,7319616,40091,79,1865015
1883,152565,73,pair_012_control,control,1,0,0,12.530000000000001,0.04999999999999999,2441040,7323120,40106,79,1866010
1884,152633,68,pair_005_conflict,conflict,1,0,0,12.580000000000002,0.04999999999999999,2442128,7326384,40125,79,1866931
1885,152704,71,pair_005_control,control,1,0,0,12.55,0.04999999999999999,2443264,7329792,40144,79,1867863
1886,152781,77,pair_014_conflict,conflict,1,0,0,12.490000000000002,0.04999999999999999,2444496,7333488,40177,79,1868922
1887,152856,75,pair_013_control,control,1,0,0,12.510000000000002,0.04999999999999999,2445696,7337088,40197,79,1869978
1888,152922,66,pair_001_control,control,1,0,0,12.600000000000001,0.04999999999999999,2446752,7340256,40217,79,1870899
1889,152990,68,pair_009_conflict,conflict,1,0,0,12.580000000000002,0.04999999999999999,2447840,7343520,40239,79,1871845
1890,153063,73,pair_010_control,control,1,0,0,12.530000000000001,0.04999999999999999,2449008,7347024,40242,79,1872850
1891,153131,68,pair_017_conflict,conflict,1,0,0,12.580000000000002,0.04999999999999999,2450096,7350288,40252,79,1873781
1892,153200,69,pair_011_control,control,1,0,0,12.570000000000002,0.04999999999999999,2451200,7353600,40253,79,1874760
1893,153274,74,pair_015_conflict,conflict,1,0,0,12.520000000000001,0.04999999999999999,2452384,7357152,40265,79,1875773
1894,153341,67,pair_010_conflict,conflict,1,0,0,12.590000000000002,0.04999999999999999,2453456,7360368,40268,79,1876694
1895,153409,68,pair_016_control,control,1,0,0,12.580000000000002,0.04999999999999999,2454544,7363632,40281,79,1877601
1896,153479,70,pair_006_conflict,conflict,1,0,0,12.560000000000002,0.04999999999999999,2455664,7366992,40283,79,1878531
1897,153550,71,pair_014_control,control,1,0,0,12.55,0.04999999999999999,2456800,7370400,40302,79,1879468
1898,153620,70,pair_002_control,control,1,0,0,12.560000000000002,0.04999999999999999,2457920,7373760,40322,79,1880434
1899,153689,69,pair_004_conflict,conflict,1,0,0,12.570000000000002,0.04999999999999999,2459024,7377072,40343,79,1881388
1900,153760,71,pair_008_conflict,conflict,1,0,0,12.55,0.04999999999999999,2460160,7380480,40350,79,1882354
1901,153833,73,pair_003_control,control,1,0,0,12.530000000000001,0.04999999999999999,2461328,7383984,40358,79,1883359
1902,153900,67,pair_013_conflict,conflict,1,0,0,12.590000000000002,0.04999999999999999,2462400,7387200,40375,79,1884214
1903,153968,68,pair_009_control,control,1,0,0,12.580000000000002,0.04999999999999999,2463488,7390464,40375,79,1885164
1904,154040,72,pair_015_control,control,1,0,0,12.540000000000001,0.04999999999999999,2464640,7393920,40387,79,1886110
1905,154107,67,pair_011_conflict,conflict,1,0,0,12.590000000000002,0.04999999999999999,2465712,7397136,40389,79,1887011
1906,154182,75,pair_008_control,control,1,0,0,12.510000000000002,0.04999999999999999,2466912,7400736,40395,79,1888017
1907,154253,71,pair_007_control,control,1,0,0,12.55,0.04999999999999999,2468048,7404144,40395,79,1888942
1908,154322,69,pair_004_conflict,conflict,1,0,0,12.570000000000002,0.04999999999999999,2469152,7407456,40416,79,1889812
1909,154392,70,pair_013_conflict,conflict,1,0,0,12.560000000000002,0.04999999999999999,2470272,7410816,40433,79,1890741
1910,154459,67,pair_006_control,control,1,0,0,12.590000000000002,0.04999999999999999,2471344,7414032,40448,79,1891582
1911,154526,67,pair_011_control,control,1,0,0,12.590000000000002,0.04999999999999999,2472416,7417248,40450,79,1892473
1912,154595,69,pair_012_conflict,conflict,1,0,0,12.570000000000002,0.04999999999999999,2473520,7420560,40457,79,1893383
1913,154661,66,pair_014_conflict,conflict,1,0,0,12.600000000000001,0.04999999999999999,2474576,7423728,40477,79,1894201
1914,154728,67,pair_008_conflict,conflict,1,0,0,12.590000000000002,0.04999999999999999,2475648,7426944,40483,79,1895025
1915,154796,68,pair_007_control,control,1,0,0,12.580000000000002,0.04999999999999999,2476736,7430208,40483,79,1895892
1916,154868,72,pair_016_control,control,1,0,0,12.540000000000001,0.04999999999999999,2477888,7433664,40496,79,1896844
1917,154936,68,pair_002_conflict,conflict,1,0,0,12.580000000000002,0.04999999999999999,2478976,7436928,40512,79,1897684
1918,155004,68,pair_017_conflict,conflict,1,0,0,12.580000000000002,0.04999999999999999,2480064,7440192,40525,79,1898542
1919,155072,68,pair_015_control,control,1,0,0,12.580000000000002,0.04999999999999999,2481152,7443456,40535,79,1899407
1920,155143,71,pair_004_control,control,1,0,0,12.55,0.04999999999999999,2482288,7446864,40558,79,1900244
1921,155211,68,pair_012_control,control,1,0,0,12.580000000000002,0.04999999999999999,2483376,7450128,40566,79,1901053
1922,155285,74,pair_001_control,control,1,0,0,12.520000000000001,0.04999999999999999,2484560,7453680,40566,79,1901959
1923,155355,70,pair_003_conflict,conflict,1,0,0,12.560000000000002,0.04999999999999999,2485680,7457040,40583,79,1902833
1924,155425,70,pair_000_conflict,conflict,1,0,0,12.560000000000002,0.04999999999999999,2486800,7460400,40611,79,1903660
1925,155491,66,pair_014_control,control,1,0,0,12.600000000000001,0.04999999999999999,2487856,7463568,40633,79,1904468
1926,155569,78,pair_000_control,control,1,0,0,12.48,0.04999999999999999,2489104,7467312,40654,79,1905461
1927,155639,70,pair_009_control,control,1,0,0,12.560000000000002,0.04999999999999999,2490224,7470672,40654,79,1906308
1928,155710,71,pair_006_conflict,conflict,1,0,0,12.55,0.04999999999999999,2491360,7474080,40655,79,1907172
1929,155779,69,pair_009_conflict,conflict,1,0,0,12.570000000000002,0.04999999999999999,2492464,7477392,40678,79,1907973
1930,155849,70,pair_017_control,control,1,0,0,12.560000000000002,0.04999999999999999,2493584,7480752,40697,79,1908781
1931,155918,69,pair_002_control,control,1,0,0,12.570000000000002,0.04999999999999999,2494688,7484064,40717,79,1909613
1932,155992,74,pair_005_control,control,1,0,0,12.520000000000001,0.04999999999999999,2495872,7487616,40738,79,1910456
1933,156063,71,pair_013_control,control,1,0,0,12.55,0.04999999999999999,2497008,7491024,40755,79,1911314
1934,156129,66,pair_003_control,control,1,0,0,12.600000000000001,0.04999999999999999,2498064,7494192,40774,79,1912100
1935,156200,71,pair_015_conflict,conflict,1,0,0,12.55,0.04999999999999999,2499200,7497600,40795,79,1912916
1936,156266,66,pair_010_conflict,conflict,1,0,0,12.600000000000001,0.04999999999999999,2500256,7500768,40799,79,1913709
1937,156336,70,pair_008_control,control,1,0,0,12.560000000000002,0.04999999999999999,2501376,7504128,40804,79,1914505
1938,156405,69,pair_010_control,control,1,0,0,12.570000000000002,0.04999999999999999,2502480,7507440,40817,79,1915314
1939,156473,68,pair_001_conflict,conflict,1,0,0,12.580000000000002,0.04999999999999999,2503568,7510704,40834,79,1916060
1940,156543,70,pair_016_conflict,conflict,1,0,0,12.560000000000002,0.04999999999999999,2504688,7514064,40847,79,1916850
1941,156611,68,pair_011_conflict,conflict,1,0,0,12.580000000000002,0.04999999999999999,2505776,7517328,40862,79,1917616
1942,156685,74,pair_007_conflict,conflict,1,0,0,12.520000000000001,0.04999999999999999,2506960,7520880,40873,79,1918475
1943,156754,69,pair_005_conflict,conflict,1,0,0,12.570000000000002,0.04999999999999999,2508064,7524192,40889,79,1919280
1944,156823,69,pair_003_conflict,conflict,1,0,0,12.570000000000002,0.04999999999999999,2509168,7527504,40913,79,1920056
1945,156899,76,pair_011_conflict,conflict,1,0,0,12.500000000000002,0.04999999999999999,2510384,7531152,40924,79,1920888
1946,156968,69,pair_010_conflict,conflict,1,0,0,12.570000000000002,0.04999999999999999,2511488,7534464,40934,79,1921676
1947,157042,74,pair_008_control,control,1,0,0,12.520000000000001,0.04999999999999999,2512672,7538016,40957,79,1922526
1948,157109,67,pair_009_conflict,conflict,1,0,0,12.590000000000002,0.04999999999999999,2513744,7541232,40958,79,1923254
1949,157181,72,pair_002_control,control,1,0,0,12.540000000000001,0.04999999999999999,2514896,7544688,40977,79,1924068
1950,157251,70,pair_017_conflict,conflict,1,0,0,12.560000000000002,0.04999999999999999,2516016,7548048,40994,79,1924848
1951,157318,67,pair_011_control,control,1,0,0,12.590000000000002,0.04999999999999999,2517088,7551264,41013,79,1925559
1952,157384,66,pair_013_conflict,conflict,1,0,0,12.600000000000001,0.04999999999999999,2518144,7554432,41042,79,1926302
1953,157452,68,pair_008_conflict,conflict,1,0,0,12.580000000000002,0.04999999999999999,2519232,7557696,41048,79,1927045
1954,157526,74,pair_009_control,control,1,0,0,12.520000000000001,0.04999999999999999,2520416,7561248,41073,79,1927875
1955,157598,72,pair_001_control,control,1,0,0,12.540000000000001,0.04999999999999999,2521568,7564704,41095,79,1928691
1956,157668,70,pair_012_control,control,1,0,0,12.560000000000002,0.04999999999999999,2522688,7568064,41109,79,1929481
1957,157740,72,pair_005_control,control,1,0,0,12.540000000000001,0.04999999999999999,2523840,7571520,41127,79,1930247
1958,157807,67,pair_016_control,control,1,0,0,12.590000000000002,0.04999999999999999,2524912,7574736,41147,79,1930985
1959,157875,68,pair_006_control,control,1,0,0,12.580000000000002,0.04999999999999999,2526000,7578000,41174,79,1931691
1960,157945,70,pair_001_conflict,conflict,1,0,0,12.560000000000002,0.04999999999999999,2527120,7581360,41199,80,1932501
1961,158013,68,pair_002_conflict,conflict,1,0,0,12.580000000000002,0.04999999999999999,2528208,7584624,41215,80,1933274
1962,158084,71,pair_000_control,control,1,0,0,12.55,0.04999999999999999,2529344,7588032,41244,80,1934071
1963,158154,70,pair_015_control,control,1,0,0,12.560000000000002,0.04999999999999999,2530464,7591392,41267,80,1934854
1964,158228,74,pair_006_conflict,conflict,1,0,0,12.520000000000001,0.04999999999999999,2531648,7594944,41287,80,1935669
1965,158297,69,pair_017_control,control,1,0,0,12.570000000000002,0.04999999999999999,2532752,7598256,41302,80,1936412
1966,158365,68,pair_013_control,control,1,0,0,12.580000000000002,0.04999999999999999,2533840,7601520,41326,80,1937172
1967,158433,68,pair_004_conflict,conflict,1,0,0,12.580000000000002,0.04999999999999999,2534928,7604784,41343,80,1937929
1968,158501,68,pair_012_conflict,conflict,1,0,0,12.580000000000002,0.04999999999999999,2536016,7608048,41358,80,1938671
1969,158570,69,pair_015_conflict,conflict,1,0,0,12.570000000000002,0.04999999999999999,2537120,7611360,41381,80,1939464
1970,158636,66,pair_010_control,control,1,0,0,12.600000000000001,0.04999999999999999,2538176,7614528,41410,80,1940173
1971,158709,73,pair_000_conflict,conflict,1,0,0,12.530000000000001,0.04999999999999999,2539344,7618032,41441,80,1941004
1972,158782,73,pair_016_conflict,conflict,1,0,0,12.530000000000001,0.04999999999999999,2540512,7621536,41465,80,1941827
1973,158848,66,pair_003_control,control,1,0,0,12.600000000000001,0.04999999999999999,2541568,7624704,41485,80,1942592
1974,158916,68,pair_014_control,control,1,0,0,12.580000000000002,0.04999999999999999,2542656,7627968,41490,80,1943354
1975,158984,68,pair_007_conflict,conflict,1,0,0,12.580000000000002,0.04999999999999999,2543744,7631232,41511,80,1944144
1976,159053,69,pair_004_control,control,1,0,0,12.570000000000002,0.04999999999999999,2544848,7634544,41533,80,1944916
1977,159125,72,pair_007_control,control,1,0,0,12.540000000000001,0.04999999999999999,2546000,7638000,41551,80,1945694
1978,159195,70,pair_005_conflict,conflict,1,0,0,12.560000000000002,0.04999999999999999,2547120,7641360,41567,80,1946450
1979,159268,73,pair_014_conflict,conflict,1,0,0,12.530000000000001,0.04999999999999999,2548288,7644864,41583,80,1947269
1980,159336,68,pair_011_control,control,1,0,0,12.580000000000002,0.04999999999999999,2549376,7648128,41606,80,1948040
1981,159403,67,pair_017_conflict,conflict,1,0,0,12.590000000000002,0.04999999999999999,2550448,7651344,41620,80,1948787
1982,159472,69,pair_005_conflict,conflict,1,0,0,12.570000000000002,0.04999999999999999,2551552,7654656,41638,80,1949581
1983,159541,69,pair_001_conflict,conflict,1,0,0,12.570000000000002,0.04999999999999999,2552656,7657968,41659,80,1950357
1984,159614,73,pair_011_conflict,conflict,1,0,0,12.530000000000001,0.04999999999999999,2553824,7661472,41680,80,1951145
1985,159681,67,pair_004_control,control,1,0,0,12.590000000000002,0.04999999999999999,2554896,7664688,41694,80,1951911
1986,159751,70,pair_006_conflict,conflict,1,0,0,12.560000000000002,0.04999999999999999,2556016,7668048,41712,80,1952694
1987,159823,72,pair_010_conflict,conflict,1,0,0,12.540000000000001,0.04999999999999999,2557168,7671504,41744,80,1953546
1988,159895,72,pair_016_conflict,conflict,1,0,0,12.540000000000001,0.04999999999999999,2558320,7674960,41768,80,1954351
1989,159962,67,pair_015_conflict,conflict,1,0,0,12.590000000000002,0.04999999999999999,2559392,7678176,41790,80,1955101
1990,160030,68,pair_013_control,control,1,0,0,12.580000000000002,0.04999999999999999,2560480,7681440,41812,80,1955838
1991,160099,69,pair_006_control,control,1,0,0,12.570000000000002,0.04999999999999999,2561584,7684752,41832,80,1956599
1992,160167,68,pair_008_conflict,conflict,1,0,0,12.580000000000002,0.04999999999999999,2562672,7688016,41863,80,1957391
1993,160235,68,pair_007_conflict,conflict,1,0,0,12.580000000000002,0.04999999999999999,2563760,7691280,41883,80,1958148
1994,160301,66,pair_008_control,control,1,0,0,12.600000000000001,0.04999999999999999,2564816,7694448,41901,80,1958907
1995,160371,70,pair_014_conflict,conflict,1,0,0,12.560000000000002,0.04999999999999999,2565936,7697808,41909,80,1959674
1996,160438,67,pair_014_control,control,1,0,0,12.590000000000002,0.04999999999999999,2567008,7701024,41915,80,1960393
1997,160506,68,pair_002_conflict,conflict,1,0,0,12.580000000000002,0.04999999999999999,2568096,7704288,41932,80,1961160
1998,160575,69,pair_004_conflict,conflict,1,0,0,12.570000000000002,0.04999999999999999,2569200,7707600,41948,80,1961942
1999,160647,72,pair_015_control,control,1,0,0,12.540000000000001,0.04999999999999999,2570352,7711056,41971,80,1962759
2000,160715,68,pair_007_control,control,1,0,0,12.580000000000002,0.04999999999999999,2571440,7714320,41993,80,1963531
2001,160783,68,pair_017_control,control,1,0,0,12.580000000000002,0.04999999999999999,2572528,7717584,42007,81,1964289
2002,160855,72,pair_016_control,control,1,0,0,12.540000000000001,0.04999999999999999,2573680,7721040,42033,81,1965105
2003,160924,69,pair_010_control,control,1,0,0,12.570000000000002,0.04999999999999999,2574784,7724352,42062,81,1965905
2004,160990,66,pair_012_conflict,conflict,1,0,0,12.600000000000001,0.04999999999999999,2575840,7727520,42074,81,1966664
2005,161058,68,pair_002_control,control,1,0,0,12.580000000000002,0.04999999999999999,2576928,7730784,42089,81,1967435
2006,161126,68,pair_003_conflict,conflict,1,0,0,12.580000000000002,0.04999999999999999,2578016,7734048,42095,81,1968227
2007,161199,73,pair_009_conflict,conflict,1,0,0,12.530000000000001,0.04999999999999999,2579184,7737552,42110,81,1969018
2008,161269,70,pair_000_control,control,1,0,0,12.560000000000002,0.04999999999999999,2580304,7740912,42129,81,1969823
2009,161343,74,pair_005_control,control,1,0,0,12.520000000000001,0.04999999999999999,2581488,7744464,42145,81,1970670
2010,161411,68,pair_000_conflict,conflict,1,0,0,12.580000000000002,0.04999999999999999,2582576,7747728,42173,81,1971412
2011,161482,71,pair_012_control,control,1,0,0,12.55,0.04999999999999999,2583712,7751136,42188,81,1972181
2012,161554,72,pair_009_control,control,1,0,0,12.540000000000003,0.04999999999999999,2584864,7754592,42200,81,1972956
2013,161622,68,pair_001_control,control,1,0,0,12.580000000000002,0.04999999999999999,2585952,7757856,42216,81,1973688
2014,161695,73,pair_013_conflict,conflict,1,0,0,12.530000000000001,0.04999999999999999,2587120,7761360,42238,81,1974460
2015,161766,71,pair_003_control,control,1,0,0,12.55,0.04999999999999999,2588256,7764768,42258,81,1975227
2016,161832,66,pair_016_control,control,1,0,0,12.600000000000001,0.04999999999999999,2589312,7767936,42279,81,1975956
2017,161900,68,pair_013_conflict,conflict,1,0,0,12.580000000000002,0.04999999999999999,2590400,7771200,42299,81,1976677
2018,161968,68,pair_002_conflict,conflict,1,0,0,12.580000000000002,0.04999999999999999,2591488,7774464,42315,81,1977430
2019,162036,68,pair_007_conflict,conflict,1,0,0,12.580000000000002,0.04999999999999999,2592576,7777728,42335,81,1978187
2020,162106,70,pair_000_control,control,1,0,0,12.560000000000002,0.04999999999999999,2593696,7781088,42354,81,1978994
2021,162175,69,pair_015_conflict,conflict,1,0,0,12.570000000000002,0.04999999999999999,2594800,7784400,42373,81,1979820
2022,162245,70,pair_009_control,control,1,0,0,12.560000000000002,0.04999999999999999,2595920,7787760,42393,81,1980669
2023,162316,71,pair_004_control,control,1,0,0,12.55,0.04999999999999999,2597056,7791168,42416,81,1981480
2024,162388,72,pair_012_control,control,1,0,0,12.540000000000001,0.04999999999999999,2598208,7794624,42429,81,1982294
2025,162459,71,pair_000_conflict,conflict,1,0,0,12.55,0.04999999999999999,2599344,7798032,42451,81,1983126
2026,162527,68,pair_017_conflict,conflict,1,0,0,12.580000000000002,0.04999999999999999,2600432,7801296,42465,81,1983931
2027,162596,69,pair_001_conflict,conflict,1,0,0,12.570000000000002,0.04999999999999999,2601536,7804608,42491,81,1984731
2028,162663,67,pair_011_conflict,conflict,1,0,0,12.590000000000002,0.04999999999999999,2602608,7807824,42510,81,1985515
2029,162729,66,pair_001_control,control,1,0,0,12.600000000000001,0.04999999999999999,2603664,7810992,42522,81,1986283
2030,162799,70,pair_003_conflict,conflict,1,0,0,12.560000000000002,0.04999999999999999,2604784,7814352,42529,81,1987154
2031,162872,73,pair_014_conflict,conflict,1,0,0,12.530000000000001,0.04999999999999999,2605952,7817856,42545,81,1988002
2032,162938,66,pair_009_conflict,conflict,1,0,0,12.600000000000001,0.04999999999999999,2607008,7821024,42559,81,1988746
2033,163006,68,pair_007_control,control,1,0,0,12.580000000000002,0.04999999999999999,2608096,7824288,42573,81,1989571
2034,163072,66,pair_008_control,control,1,0,0,12.600000000000001,0.04999999999999999,2609152,7827456,42576,81,1990348
2035,163140,68,pair_013_control,control,1,0,0,12.580000000000002,0.04999999999999999,2610240,7830720,42596,81,1991174
2036,163211,71,pair_003_control,control,1,0,0,12.55,0.04999999999999999,2611376,7834128,42605,81,1992078
2037,163278,67,pair_017_control,control,0,1,0,1.3900000000000015,0.04999999999999999,2612448,7837344,42616,81,1992859
2038,163346,68,pair_012_conflict,conflict,1,0,0,12.580000000000002,0.04999999999999999,2613536,7840608,42629,81,1993656
2039,163412,66,pair_005_control,control,1,0,0,12.600000000000001,0.04999999999999999,2614592,7843776,42649,81,1994415
2040,163483,71,pair_004_conflict,conflict,1,0,0,12.55,0.04999999999999999,2615728,7847184,42667,81,1995291
2041,163555,72,pair_006_control,control,1,0,0,12.540000000000003,0.04999999999999999,2616880,7850640,42682,81,1996135
2042,163562,7,pair_005_conflict,conflict,0,1,0,-0.76,0.04999999999999999,2616992,7850976,42689,82,1996222
2043,163633,71,pair_006_conflict,conflict,1,0,0,12.55,0.04999999999999999,2618128,7854384,42709,82,1997112
2044,163706,73,pair_014_control,control,1,0,0,12.530000000000001,0.04999999999999999,2619296,7857888,42716,82,1997994
2045,163774,68,pair_011_control,control,1,0,0,12.580000000000002,0.04999999999999999,2620384,7861152,42735,82,1998834
2046,163846,72,pair_016_conflict,conflict,1,0,0,12.540000000000001,0.04999999999999999,2621536,7864608,42755,82,1999704
2047,163914,68,pair_002_control,control,1,0,0,12.580000000000002,0.04999999999999999,2622624,7867872,42764,82,2000529
2048,163984,70,pair_010_control,control,1,0,0,12.560000000000002,0.04999999999999999,2623744,7871232,42777,82,2001394
2049,164054,70,pair_008_conflict,conflict,1,0,0,12.560000000000002,0.04999999999999999,2624864,7874592,42788,82,2002238
2050,164120,66,pair_010_conflict,conflict,1,0,0,12.600000000000001,0.04999999999999999,2625920,7877760,42810,82,2003051
2051,164187,67,pair_015_control,control,1,0,0,12.590000000000002,0.04999999999999999,2626992,7880976,42832,82,2003912
2052,164261,74,pair_010_control,control,1,0,0,12.520000000000001,0.04999999999999999,2628176,7884528,42855,82,2004820
2053,164329,68,pair_001_control,control,1,0,0,12.580000000000002,0.04999999999999999,2629264,7887792,42871,82,2005659
2054,164396,67,pair_013_conflict,conflict,1,0,0,12.590000000000002,0.04999999999999999,2630336,7891008,42894,82,2006481
2055,164465,69,pair_000_conflict,conflict,1,0,0,12.570000000000002,0.04999999999999999,2631440,7894320,42922,82,2007304
2056,164536,71,pair_014_control,control,1,0,0,12.55,0.04999999999999999,2632576,7897728,42928,82,2008201
2057,164604,68,pair_012_control,control,1,0,0,12.580000000000002,0.04999999999999999,2633664,7900992,42941,83,2009058
2058,164673,69,pair_006_control,control,1,0,0,12.570000000000002,0.04999999999999999,2634768,7904304,42958,83,2009911
2059,164844,171,pair_004_conflict,conflict,1,0,0,11.55000000000001,0.04999999999999999,2637504,7912512,42979,83,2012042
2060,164912,68,pair_005_control,control,1,0,0,12.580000000000002,0.04999999999999999,2638592,7915776,42990,83,2012901
2061,164985,73,pair_010_conflict,conflict,1,0,0,12.530000000000001,0.04999999999999999,2639760,7919280,43004,83,2013811
2062,165060,75,pair_005_conflict,conflict,1,0,0,12.510000000000002,0.04999999999999999,2640960,7922880,43015,83,2014777
2063,165126,66,pair_015_control,control,1,0,0,12.600000000000001,0.04999999999999999,2642016,7926048,43038,83,2015569
2064,165202,76,pair_012_conflict,conflict,1,0,0,12.500000000000002,0.04999999999999999,2643232,7929696,43053,83,2016520
2065,165268,66,pair_001_conflict,conflict,1,0,0,12.600000000000001,0.04999999999999999,2644288,7932864,43078,83,2017341
2066,165337,69,pair_017_control,control,1,0,0,12.570000000000002,0.04999999999999999,2645392,7936176,43094,83,2018180
2067,165403,66,pair_011_conflict,conflict,1,0,0,12.600000000000001,0.04999999999999999,2646448,7939344,43108,83,2019015
2068,165472,69,pair_007_control,control,1,0,0,12.570000000000002,0.04999999999999999,2647552,7942656,43127,83,2019862
2069,165541,69,pair_004_control,control,1,0,0,12.570000000000002,0.04999999999999999,2648656,7945968,43132,83,2020705
2070,165609,68,pair_016_control,control,1,0,0,12.580000000000002,0.04999999999999999,2649744,7949232,43154,83,2021542
2071,165679,70,pair_008_control,control,1,0,0,12.560000000000002,0.04999999999999999,2650864,7952592,43173,83,2022367
2072,165751,72,pair_002_control,control,1,0,0,12.540000000000001,0.04999999999999999,2652016,7956048,43186,83,2023280
2073,165820,69,pair_011_control,control,1,0,0,12.570000000000002,0.04999999999999999,2653120,7959360,43203,83,2024103
2074,165895,75,pair_014_conflict,conflict,1,0,0,12.510000000000002,0.04999999999999999,2654320,7962960,43206,83,2025031
2075,165964,69,pair_000_control,control,1,0,0,12.570000000000002,0.04999999999999999,2655424,7966272,43225,83,2025858
2076,166033,69,pair_009_control,control,1,0,0,12.570000000000002,0.04999999999999999,2656528,7969584,43239,83,2026675
2077,166104,71,pair_015_conflict,conflict,1,0,0,12.55,0.04999999999999999,2657664,7972992,43260,83,2027503
2078,166172,68,pair_003_control,control,1,0,0,12.580000000000002,0.04999999999999999,2658752,7976256,43281,83,2028368
2079,166243,71,pair_003_conflict,conflict,1,0,0,12.55,0.04999999999999999,2659888,7979664,43295,83,2029209
2080,166310,67,pair_013_control,control,1,0,0,12.590000000000002,0.04999999999999999,2660960,7982880,43320,83,2030034
2081,166379,69,pair_007_conflict,conflict,1,0,0,12.570000000000002,0.04999999999999999,2662064,7986192,43333,83,2030907
2082,166453,74,pair_006_conflict,conflict,1,0,0,12.520000000000001,0.04999999999999999,2663248,7989744,43356,83,2031812
2083,166527,74,pair_016_conflict,conflict,1,0,0,12.520000000000001,0.04999999999999999,2664432,7993296,43382,83,2032749
2084,166598,71,pair_008_conflict,conflict,1,0,0,12.55,0.04999999999999999,2665568,7996704,43389,83,2033624
2085,166667,69,pair_002_conflict,conflict,1,0,0,12.570000000000002,0.04999999999999999,2666672,8000016,43406,83,2034444
2086,166740,73,pair_017_conflict,conflict,1,0,0,12.530000000000001,0.04999999999999999,2667840,8003520,43421,83,2035345
2087,166808,68,pair_009_conflict,conflict,1,0,0,12.580000000000002,0.04999999999999999,2668928,8006784,43434,83,2036135
2088,166876,68,pair_008_conflict,conflict,1,0,0,12.580000000000002,0.04999999999999999,2670016,8010048,43437,83,2036894
2089,166952,76,pair_002_conflict,conflict,1,0,0,12.500000000000002,0.04999999999999999,2671232,8013696,43448,83,2037762
2090,167024,72,pair_015_control,control,1,0,0,12.540000000000003,0.04999999999999999,2672384,8017152,43472,83,2038599
2091,167137,113,pair_009_control,control,1,0,0,12.13,0.04999999999999999,2674192,8022576,43485,83,2039923
2092,167209,72,pair_003_control,control,1,0,0,12.540000000000001,0.04999999999999999,2675344,8026032,43501,83,2040763
2093,167280,71,pair_016_control,control,1,0,0,12.55,0.04999999999999999,2676480,8029440,43526,83,2041604
2094,167350,70,pair_006_conflict,conflict,1,0,0,12.560000000000002,0.04999999999999999,2677600,8032800,43551,83,2042426
2095,167422,72,pair_016_conflict,conflict,1,0,0,12.540000000000001,0.04999999999999999,2678752,8036256,43575,83,2043293
2096,167494,72,pair_004_conflict,conflict,1,0,0,12.540000000000001,0.04999999999999999,2679904,8039712,43579,83,2044155
2097,167562,68,pair_013_control,control,1,0,0,12.580000000000002,0.04999999999999999,2680992,8042976,43603,83,2044922
2098,167637,75,pair_014_conflict,conflict,1,0,0,12.510000000000002,0.04999999999999999,2682192,8046576,43612,83,2045808
2099,167707,70,pair_007_conflict,conflict,1,0,0,12.560000000000002,0.04999999999999999,2683312,8049936,43634,83,2046602
2100,167773,66,pair_014_control,control,1,0,0,12.600000000000001,0.04999999999999999,2684368,8053104,43648,83,2047388
2101,167845,72,pair_011_conflict,conflict,1,0,0,12.540000000000001,0.04999999999999999,2685520,8056560,43662,83,2048201
2102,167916,71,pair_001_conflict,conflict,1,0,0,12.55,0.04999999999999999,2686656,8059968,43685,83,2048977
2103,167986,70,pair_008_control,control,1,0,0,12.560000000000002,0.04999999999999999,2687776,8063328,43714,83,2049811
2104,168058,72,pair_010_control,control,1,0,0,12.540000000000001,0.04999999999999999,2688928,8066784,43729,83,2050677
2105,168127,69,pair_006_control,control,1,0,0,12.570000000000002,0.04999999999999999,2690032,8070096,43755,83,2051455
2106,168197,70,pair_001_control,control,1,0,0,12.560000000000002,0.04999999999999999,2691152,8073456,43777,83,2052262
2107,168263,66,pair_012_control,control,1,0,0,12.600000000000001,0.04999999999999999,2692208,8076624,43790,83,2053034
2108,168333,70,pair_017_conflict,conflict,1,0,0,12.560000000000002,0.04999999999999999,2693328,8079984,43810,83,2053871
2109,168401,68,pair_012_conflict,conflict,1,0,0,12.580000000000002,0.04999999999999999,2694416,8083248,43824,83,2054646
2110,168474,73,pair_005_conflict,conflict,1,0,0,12.530000000000001,0.04999999999999999,2695584,8086752,43840,83,2055467
2111,168544,70,pair_003_conflict,conflict,1,0,0,12.560000000000002,0.04999999999999999,2696704,8090112,43861,83,2056263
2112,168612,68,pair_013_conflict,conflict,1,0,0,12.580000000000002,0.04999999999999999,2697792,8093376,43886,83,2057084
2113,168683,71,pair_011_control,control,1,0,0,12.55,0.04999999999999999,2698928,8096784,43901,83,2057965
2114,168756,73,pair_000_conflict,conflict,1,0,0,12.530000000000001,0.04999999999999999,2700096,8100288,43925,83,2058785
2115,168829,73,pair_005_control,control,1,0,0,12.530000000000001,0.04999999999999999,2701264,8103792,43944,83,2059637
2116,168897,68,pair_000_control,control,1,0,0,12.580000000000002,0.04999999999999999,2702352,8107056,43971,83,2060417
2117,168965,68,pair_007_control,control,1,0,0,12.580000000000002,0.04999999999999999,2703440,8110320,43983,83,2061237
2118,169036,71,pair_004_control,control,1,0,0,12.55,0.04999999999999999,2704576,8113728,43999,83,2062052
2119,169102,66,pair_009_conflict,conflict,1,0,0,12.600000000000001,0.04999999999999999,2705632,8116896,44017,83,2062792
2120,169168,66,pair_017_control,control,1,0,0,12.600000000000001,0.04999999999999999,2706688,8120064,44034,83,2063539
2121,169235,67,pair_015_conflict,conflict,1,0,0,12.590000000000002,0.04999999999999999,2707760,8123280,44051,83,2064334
2122,169301,66,pair_002_control,control,1,0,0,12.600000000000001,0.04999999999999999,2708816,8126448,44068,83,2065152
2123,169371,70,pair_010_conflict,conflict,1,0,0,12.560000000000002,0.04999999999999999,2709936,8129808,44094,83,2065945
2124,169441,70,pair_002_control,control,1,0,0,12.560000000000002,0.04999999999999999,2711056,8133168,44106,83,2066747
2125,169514,73,pair_001_conflict,conflict,1,0,0,12.530000000000001,0.04999999999999999,2712224,8136672,44138,83,2067608
2126,169582,68,pair_009_control,control,1,0,0,12.580000000000002,0.04999999999999999,2713312,8139936,44162,83,2068385
2127,169641,59,pair_015_control,control,0,1,0,1.3200000000000012,0.04999999999999999,2714256,8142768,44177,83,2069062
2128,169708,67,pair_016_control,control,1,0,0,12.590000000000002,0.04999999999999999,2715328,8145984,44199,83,2069822
2129,169779,71,pair_012_control,control,1,0,0,12.550000000000002,0.04999999999999999,2716464,8149392,44215,83,2070683
2130,169847,68,pair_003_control,control,1,0,0,12.580000000000002,0.04999999999999999,2717552,8152656,44236,83,2071456
2131,169914,67,pair_005_conflict,conflict,1,0,0,12.590000000000002,0.04999999999999999,2718624,8155872,44252,83,2072240
2132,169985,71,pair_017_conflict,conflict,1,0,0,12.55,0.04999999999999999,2719760,8159280,44271,83,2073037
2133,170057,72,pair_006_conflict,conflict,1,0,0,12.540000000000001,0.04999999999999999,2720912,8162736,44301,83,2073887
2134,170125,68,pair_014_control,control,1,0,0,12.580000000000002,0.04999999999999999,2722000,8166000,44316,83,2074677
2135,170192,67,pair_000_conflict,conflict,1,0,0,12.590000000000002,0.04999999999999999,2723072,8169216,44341,83,2075470
2136,170266,74,pair_015_conflict,conflict,1,0,0,12.520000000000001,0.04999999999999999,2724256,8172768,44360,83,2076368
2137,170337,71,pair_016_conflict,conflict,1,0,0,12.55,0.04999999999999999,2725392,8176176,44385,83,2077197
2138,170407,70,pair_007_control,control,1,0,0,12.560000000000002,0.04999999999999999,2726512,8179536,44409,83,2078026
2139,170474,67,pair_000_control,control,1,0,0,12.590000000000002,0.04999999999999999,2727584,8182752,44429,83,2078805
2140,170546,72,pair_013_conflict,conflict,1,0,0,12.540000000000003,0.04999999999999999,2728736,8186208,44457,83,2079647
2141,170618,72,pair_008_conflict,conflict,1,0,0,12.540000000000001,0.04999999999999999,2729888,8189664,44474,83,2080509
2142,170690,72,pair_006_control,control,1,0,0,12.540000000000001,0.04999999999999999,2731040,8193120,44497,83,2081329
2143,170757,67,pair_005_control,control,1,0,0,12.590000000000002,0.04999999999999999,2732112,8196336,44513,83,2082149
2144,170828,71,pair_017_control,control,1,0,0,12.55,0.04999999999999999,2733248,8199744,44527,83,2083006
2145,170901,73,pair_008_control,control,1,0,0,12.530000000000001,0.04999999999999999,2734416,8203248,44543,83,2083887
2146,170971,70,pair_011_conflict,conflict,1,0,0,12.560000000000002,0.04999999999999999,2735536,8206608,44569,83,2084736
2147,171038,67,pair_012_conflict,conflict,1,0,0,12.590000000000002,0.04999999999999999,2736608,8209824,44585,83,2085548
2148,171112,74,pair_013_control,control,1,0,0,12.520000000000001,0.04999999999999999,2737792,8213376,44606,83,2086414
2149,171178,66,pair_010_conflict,conflict,1,0,0,12.600000000000001,0.04999999999999999,2738848,8216544,44636,83,2087223
2150,171247,69,pair_011_control,control,1,0,0,12.570000000000002,0.04999999999999999,2739952,8219856,44662,83,2088043
2151,171319,72,pair_009_conflict,conflict,1,0,0,12.540000000000001,0.04999999999999999,2741104,8223312,44685,83,2088861
2152,171392,73,pair_002_conflict,conflict,1,0,0,12.530000000000001,0.04999999999999999,2742272,8226816,44702,83,2089733
2153,171460,68,pair_014_conflict,conflict,1,0,0,12.580000000000002,0.04999999999999999,2743360,8230080,44715,83,2090527
2154,171529,69,pair_004_conflict,conflict,1,0,0,12.570000000000002,0.04999999999999999,2744464,8233392,44730,83,2091343
2155,171602,73,pair_001_control,control,1,0,0,12.530000000000001,0.04999999999999999,2745632,8236896,44753,83,2092200
2156,171681,79,pair_007_conflict,conflict,1,0,0,12.470000000000002,0.04999999999999999,2746896,8240688,44772,83,2093119
2157,171752,71,pair_004_control,control,1,0,0,12.55,0.04999999999999999,2748032,8244096,44789,83,2093989
2158,171824,72,pair_003_conflict,conflict,1,0,0,12.540000000000001,0.04999999999999999,2749184,8247552,44812,83,2094916
2159,171894,70,pair_010_control,control,1,0,0,12.560000000000002,0.04999999999999999,2750304,8250912,44841,83,2095748
2160,171967,73,pair_007_conflict,conflict,1,0,0,12.530000000000001,0.04999999999999999,2751472,8254416,44865,83,2096685
2161,172033,66,pair_002_control,control,1,0,0,12.600000000000001,0.04999999999999999,2752528,8257584,44874,83,2097542
2162,172102,69,pair_003_control,control,1,0,0,12.570000000000002,0.04999999999999999,2753632,8260896,44890,83,2098402
2163,172402,300,pair_017_control,control,0,0,0,-7.389922007661198e-16,0.04999999999999999,2758432,8275296,45131,83,2102218
2164,172469,67,pair_009_conflict,conflict,1,0,0,12.590000000000002,0.04999999999999999,2759504,8278512,45151,83,2103126
2165,172543,74,pair_012_control,control,1,0,0,12.520000000000001,0.04999999999999999,2760688,8282064,45166,83,2104099
2166,172611,68,pair_014_control,control,1,0,0,12.580000000000002,0.04999999999999999,2761776,8285328,45180,83,2105004
2167,172681,70,pair_000_control,control,1,0,0,12.560000000000002,0.04999999999999999,2762896,8288688,45196,83,2105971
2168,172749,68,pair_008_control,control,1,0,0,12.580000000000002,0.04999999999999999,2763984,8291952,45225,83,2106883
2169,172817,68,pair_013_conflict,conflict,1,0,0,12.580000000000002,0.04999999999999999,2765072,8295216,45249,83,2107781
2170,172885,68,pair_011_conflict,conflict,1,0,0,12.580000000000002,0.04999999999999999,2766160,8298480,45265,83,2108690
2171,172990,105,pair_012_conflict,conflict,1,0,0,12.21,0.04999999999999999,2767840,8303520,45315,83,2110118
2172,173057,67,pair_005_conflict,conflict,1,0,0,12.590000000000002,0.04999999999999999,2768912,8306736,45335,83,2110973
2173,173130,73,pair_009_control,control,1,0,0,12.530000000000001,0.04999999999999999,2770080,8310240,45364,83,2111929
2174,173199,69,pair_010_conflict,conflict,1,0,0,12.570000000000002,0.04999999999999999,2771184,8313552,45395,83,2112868
2175,173265,66,pair_008_conflict,conflict,1,0,0,12.600000000000001,0.04999999999999999,2772240,8316720,45413,83,2113788
2176,173336,71,pair_006_control,control,1,0,0,12.55,0.04999999999999999,2773376,8320128,45427,83,2114785
2177,173405,69,pair_015_conflict,conflict,1,0,0,12.570000000000002,0.04999999999999999,2774480,8323440,45445,83,2115735
2178,173474,69,pair_007_control,control,1,0,0,12.570000000000002,0.04999999999999999,2775584,8326752,45470,83,2116705
2179,173541,67,pair_000_conflict,conflict,1,0,0,12.590000000000002,0.04999999999999999,2776656,8329968,45487,83,2117629
2180,173607,66,pair_003_conflict,conflict,1,0,0,12.600000000000001,0.04999999999999999,2777712,8333136,45506,83,2118492
2181,173676,69,pair_013_control,control,1,0,0,12.570000000000002,0.04999999999999999,2778816,8336448,45534,83,2119440
2182,173742,66,pair_010_control,control,1,0,0,12.600000000000001,0.04999999999999999,2779872,8339616,45552,83,2120399
2183,173808,66,pair_015_control,control,1,0,0,12.600000000000001,0.04999999999999999,2780928,8342784,45562,83,2121320
2184,173875,67,pair_001_control,control,1,0,0,12.590000000000002,0.04999999999999999,2782000,8346000,45576,83,2122234
2185,173953,78,pair_016_control,control,1,0,0,12.48,0.04999999999999999,2783248,8349744,45600,83,2123280
2186,174022,69,pair_006_conflict,conflict,1,0,0,12.570000000000002,0.04999999999999999,2784352,8353056,45632,83,2124239
2187,174092,70,pair_002_conflict,conflict,1,0,0,12.560000000000002,0.04999999999999999,2785472,8356416,45649,83,2125196
2188,174158,66,pair_004_control,control,1,0,0,12.600000000000001,0.04999999999999999,2786528,8359584,45664,83,2126114
2189,174228,70,pair_004_conflict,conflict,1,0,0,12.560000000000002,0.04999999999999999,2787648,8362944,45684,83,2127086
2190,174250,22,pair_001_conflict,conflict,0,1,0,-0.1599999999999998,0.04999999999999999,2788000,8364000,45694,84,2127395
2191,174320,70,pair_017_conflict,conflict,1,0,0,12.560000000000002,0.04999999999999999,2789120,8367360,45705,84,2128361
2192,174390,70,pair_011_control,control,1,0,0,12.560000000000002,0.04999999999999999,2790240,8370720,45723,84,2129343
2193,174457,67,pair_005_control,control,1,0,0,12.590000000000002,0.04999999999999999,2791312,8373936,45735,84,2130297
2194,174527,70,pair_016_conflict,conflict,1,0,0,12.560000000000002,0.04999999999999999,2792432,8377296,45756,84,2131259
2195,174601,74,pair_014_conflict,conflict,1,0,0,12.520000000000001,0.04999999999999999,2793616,8380848,45789,84,2132302
2196,174670,69,pair_002_conflict,conflict,1,0,0,12.570000000000002,0.04999999999999999,2794720,8384160,45805,84,2133296
2197,174740,70,pair_016_conflict,conflict,1,0,0,12.560000000000002,0.04999999999999999,2795840,8387520,45827,84,2134279
2198,174811,71,pair_017_conflict,conflict,1,0,0,12.55,0.04999999999999999,2796976,8390928,45839,84,2135285
2199,174879,68,pair_016_control,control,1,0,0,12.580000000000002,0.04999999999999999,2798064,8394192,45861,84,2136243
2200,174949,70,pair_008_control,control,1,0,0,12.560000000000002,0.04999999999999999,2799184,8397552,45877,84,2137219
2201,175020,71,pair_003_control,control,1,0,0,12.55,0.04999999999999999,2800320,8400960,45896,84,2138224
2202,175088,68,pair_006_control,control,1,0,0,12.580000000000002,0.04999999999999999,2801408,8404224,45918,84,2139203
2203,175158,70,pair_013_conflict,conflict,1,0,0,12.560000000000002,0.04999999999999999,2802528,8407584,45945,84,2140216
2204,175233,75,pair_010_control,control,1,0,0,12.510000000000002,0.04999999999999999,2803728,8411184,45968,84,2141260
2205,175301,68,pair_011_conflict,conflict,1,0,0,12.580000000000002,0.04999999999999999,2804816,8414448,45978,84,2142239
2206,175375,74,pair_012_control,control,1,0,0,12.520000000000001,0.04999999999999999,2806000,8418000,45985,84,2143297
2207,175454,79,pair_015_control,control,1,0,0,12.470000000000002,0.04999999999999999,2807264,8421792,46002,84,2144446
2208,175524,70,pair_009_conflict,conflict,1,0,0,12.560000000000002,0.04999999999999999,2808384,8425152,46022,84,2145447
2209,175596,72,pair_007_conflict,conflict,1,0,0,12.540000000000001,0.04999999999999999,2809536,8428608,46039,84,2146494
2210,175664,68,pair_001_conflict,conflict,1,0,0,12.580000000000002,0.04999999999999999,2810624,8431872,46057,84,2147490
2211,175738,74,pair_011_control,control,1,0,0,12.520000000000001,0.04999999999999999,2811808,8435424,46066,84,2148540
2212,175807,69,pair_000_conflict,conflict,1,0,0,12.570000000000002,0.04999999999999999,2812912,8438736,46084,84,2149539
2213,175878,71,pair_008_conflict,conflict,1,0,0,12.55,0.04999999999999999,2814048,8442144,46100,84,2150556
2214,175947,69,pair_010_conflict,conflict,1,0,0,12.570000000000002,0.04999999999999999,2815152,8445456,46117,84,2151569
2215,176017,70,pair_001_control,control,1,0,0,12.560000000000002,0.04999999999999999,2816272,8448816,46143,84,2152570
2216,176083,66,pair_014_control,control,1,0,0,12.600000000000001,0.04999999999999999,2817328,8451984,46163,84,2153519
2217,176160,77,pair_004_conflict,conflict,1,0,0,12.490000000000002,0.04999999999999999,2818560,8455680,46188,84,2154643
2218,176226,66,pair_012_conflict,conflict,1,0,0,12.600000000000001,0.04999999999999999,2819616,8458848,46199,84,2155591
2219,176296,70,pair_017_control,control,1,0,0,12.560000000000002,0.04999999999999999,2820736,8462208,46216,84,2156566
2220,176362,66,pair_015_conflict,conflict,1,0,0,12.600000000000001,0.04999999999999999,2821792,8465376,46231,84,2157538
2221,176436,74,pair_002_control,control,1,0,0,12.520000000000001,0.04999999999999999,2822976,8468928,46248,84,2158601
2222,176508,72,pair_000_control,control,1,0,0,12.540000000000001,0.04999999999999999,2824128,8472384,46277,84,2159676
2223,176574,66,pair_013_control,control,1,0,0,12.600000000000001,0.04999999999999999,2825184,8475552,46299,84,2160606
2224,176644,70,pair_006_conflict,conflict,1,0,0,12.560000000000002,0.04999999999999999,2826304,8478912,46322,84,2161635
2225,176712,68,pair_007_control,control,1,0,0,12.580000000000002,0.04999999999999999,2827392,8482176,46340,84,2162589
2226,176778,66,pair_005_control,control,1,0,0,12.600000000000001,0.04999999999999999,2828448,8485344,46351,84,2163535
2227,176847,69,pair_004_control,control,1,0,0,12.570000000000002,0.04999999999999999,2829552,8488656,46369,84,2164525
2228,176915,68,pair_014_conflict,conflict,1,0,0,12.580000000000002,0.04999999999999999,2830640,8491920,46386,84,2165506
2229,176996,81,pair_005_conflict,conflict,1,0,0,12.450000000000003,0.04999999999999999,2831936,8495808,46399,84,2166682
2230,177069,73,pair_009_control,control,1,0,0,12.530000000000001,0.04999999999999999,2833104,8499312,46425,84,2167701
2231,177140,71,pair_003_conflict,conflict,1,0,0,12.55,0.04999999999999999,2834240,8502720,46447,84,2168723
2232,177209,69,pair_008_conflict,conflict,1,0,0,12.570000000000002,0.04999999999999999,2835344,8506032,46461,84,2169689
2233,177278,69,pair_006_control,control,1,0,0,12.570000000000002,0.04999999999999999,2836448,8509344,46482,84,2170665
2234,177352,74,pair_005_control,control,1,0,0,12.520000000000001,0.04999999999999999,2837632,8512896,46507,84,2171740
2235,177420,68,pair_017_conflict,conflict,1,0,0,12.580000000000002,0.04999999999999999,2838720,8516160,46522,84,2172679
2236,177495,75,pair_011_conflict,conflict,1,0,0,12.510000000000002,0.04999999999999999,2839920,8519760,46533,84,2173770
2237,177563,68,pair_010_conflict,conflict,1,0,0,12.580000000000002,0.04999999999999999,2841008,8523024,46558,84,2174728
2238,177632,69,pair_017_control,control,1,0,0,12.570000000000002,0.04999999999999999,2842112,8526336,46576,84,2175718
2239,177702,70,pair_011_control,control,1,0,0,12.560000000000002,0.04999999999999999,2843232,8529696,46606,84,2176707
2240,177773,71,pair_007_control,control,1,0,0,12.55,0.04999999999999999,2844368,8533104,46628,84,2177713
2241,177846,73,pair_015_control,control,1,0,0,12.530000000000001,0.04999999999999999,2845536,8536608,46652,84,2178793
2242,177919,73,pair_006_conflict,conflict,1,0,0,12.530000000000001,0.04999999999999999,2846704,8540112,46667,84,2179814
2243,177991,72,pair_016_control,control,1,0,0,12.540000000000003,0.04999999999999999,2847856,8543568,46691,84,2180831
2244,178060,69,pair_001_conflict,conflict,1,0,0,12.570000000000002,0.04999999999999999,2848960,8546880,46709,84,2181831
2245,178132,72,pair_004_conflict,conflict,1,0,0,12.540000000000001,0.04999999999999999,2850112,8550336,46729,84,2182876
2246,178198,66,pair_010_control,control,1,0,0,12.600000000000001,0.04999999999999999,2851168,8553504,46751,84,2183836
2247,178266,68,pair_014_control,control,1,0,0,12.580000000000002,0.04999999999999999,2852256,8556768,46771,84,2184793
2248,178336,70,pair_013_control,control,1,0,0,12.560000000000002,0.04999999999999999,2853376,8560128,46794,84,2185734
2249,178351,15,pair_004_control,control,0,1,0,-0.54,0.04999999999999999,2853616,8560848,46804,84,2185958
2250,178420,69,pair_005_conflict,conflict,1,0,0,12.570000000000002,0.04999999999999999,2854720,8564160,46827,84,2186941
2251,178487,67,pair_009_conflict,conflict,1,0,0,12.590000000000002,0.04999999999999999,2855792,8567376,46827,84,2187898
2252,178558,71,pair_000_control,control,1,0,0,12.55,0.04999999999999999,2856928,8570784,46845,84,2188886
2253,178626,68,pair_016_conflict,conflict,1,0,0,12.580000000000002,0.04999999999999999,2858016,8574048,46863,84,2189806
2254,178696,70,pair_003_conflict,conflict,1,0,0,12.560000000000002,0.04999999999999999,2859136,8577408,46889,84,2190845
2255,178766,70,pair_012_control,control,1,0,0,12.560000000000002,0.04999999999999999,2860256,8580768,46896,84,2191874
2256,178838,72,pair_002_control,control,1,0,0,12.540000000000001,0.04999999999999999,2861408,8584224,46916,84,2192917
2257,178905,67,pair_002_conflict,conflict,1,0,0,12.590000000000002,0.04999999999999999,2862480,8587440,46932,84,2193819
2258,178975,70,pair_003_control,control,1,0,0,12.560000000000002,0.04999999999999999,2863600,8590800,46951,84,2194868
2259,179047,72,pair_000_conflict,conflict,1,0,0,12.540000000000001,0.04999999999999999,2864752,8594256,46973,84,2195921
2260,179113,66,pair_001_control,control,1,0,0,12.600000000000001,0.04999999999999999,2865808,8597424,46997,84,2196834
2261,179185,72,pair_015_conflict,conflict,1,0,0,12.540000000000001,0.04999999999999999,2866960,8600880,47018,84,2197902
2262,179252,67,pair_008_control,control,1,0,0,12.590000000000002,0.04999999999999999,2868032,8604096,47032,84,2198931
2263,179320,68,pair_007_conflict,conflict,1,0,0,12.580000000000002,0.04999999999999999,2869120,8607360,47052,84,2199892
2264,179390,70,pair_012_conflict,conflict,1,0,0,12.560000000000002,0.04999999999999999,2870240,8610720,47066,84,2200907
2265,179463,73,pair_009_control,control,1,0,0,12.530000000000001,0.04999999999999999,2871408,8614224,47084,84,2201918
2266,179529,66,pair_014_conflict,conflict,1,0,0,12.600000000000001,0.04999999999999999,2872464,8617392,47094,84,2202869
2267,179598,69,pair_013_conflict,conflict,1,0,0,12.570000000000002,0.04999999999999999,2873568,8620704,47120,84,2203820
2268,179665,67,pair_011_control,control,1,0,0,12.590000000000002,0.04999999999999999,2874640,8623920,47132,84,2204742
2269,179736,71,pair_017_control,control,1,0,0,12.55,0.04999999999999999,2875776,8627328,47147,84,2205727
2270,179803,67,pair_004_conflict,conflict,1,0,0,12.590000000000002,0.04999999999999999,2876848,8630544,47174,84,2206630
2271,179870,67,pair_006_control,control,1,0,0,12.590000000000002,0.04999999999999999,2877920,8633760,47175,84,2207554
2272,179938,68,pair_010_conflict,conflict,1,0,0,12.580000000000002,0.04999999999999999,2879008,8637024,47197,84,2208516
2273,180009,71,pair_016_conflict,conflict,1,0,0,12.55,0.04999999999999999,2880144,8640432,47209,84,2209485
2274,180082,73,pair_005_conflict,conflict,1,0,0,12.530000000000001,0.04999999999999999,2881312,8643936,47222,84,2210516
2275,180150,68,pair_013_control,control,1,0,0,12.580000000000002,0.04999999999999999,2882400,8647200,47236,84,2211456
2276,180219,69,pair_014_conflict,conflict,1,0,0,12.570000000000002,0.04999999999999999,2883504,8650512,47237,84,2212425
2277,180292,73,pair_007_conflict,conflict,1,0,0,12.530000000000001,0.04999999999999999,2884672,8654016,47237,84,2213416
2278,180365,73,pair_003_conflict,conflict,1,0,0,12.530000000000001,0.04999999999999999,2885840,8657520,47258,84,2214460
2279,180433,68,pair_001_control,control,1,0,0,12.580000000000002,0.04999999999999999,2886928,8660784,47276,84,2215398
2280,180508,75,pair_000_control,control,1,0,0,12.510000000000002,0.04999999999999999,2888128,8664384,47300,84,2216449
2281,180578,70,pair_015_conflict,conflict,1,0,0,12.560000000000002,0.04999999999999999,2889248,8667744,47315,84,2217406
2282,180652,74,pair_005_control,control,1,0,0,12.520000000000001,0.04999999999999999,2890432,8671296,47334,84,2218428
2283,180723,71,pair_016_control,control,1,0,0,12.55,0.04999999999999999,2891568,8674704,47346,84,2219411
2284,180794,71,pair_004_control,control,1,0,0,12.55,0.04999999999999999,2892704,8678112,47367,84,2220367
2285,180862,68,pair_008_conflict,conflict,1,0,0,12.580000000000002,0.04999999999999999,2893792,8681376,47384,84,2221256
2286,180932,70,pair_008_control,control,1,0,0,12.560000000000002,0.04999999999999999,2894912,8684736,47398,84,2222221
2287,181006,74,pair_000_conflict,conflict,1,0,0,12.520000000000001,0.04999999999999999,2896096,8688288,47418,84,2223203
2288,181077,71,pair_013_conflict,conflict,1,0,0,12.55,0.04999999999999999,2897232,8691696,47446,84,2224193
2289,181146,69,pair_010_control,control,1,0,0,12.570000000000002,0.04999999999999999,2898336,8695008,47465,84,2225029
2290,181218,72,pair_009_control,control,1,0,0,12.540000000000001,0.04999999999999999,2899488,8698464,47480,84,2225943
2291,181292,74,pair_002_control,control,1,0,0,12.520000000000001,0.04999999999999999,2900672,8702016,47489,84,2226875
2292,181364,72,pair_017_conflict,conflict,1,0,0,12.540000000000003,0.04999999999999999,2901824,8705472,47500,84,2227833
2293,181439,75,pair_001_conflict,conflict,1,0,0,12.510000000000002,0.04999999999999999,2903024,8709072,47511,84,2228780
2294,181506,67,pair_012_control,control,1,0,0,12.590000000000002,0.04999999999999999,2904096,8712288,47518,84,2229618
2295,181574,68,pair_012_conflict,conflict,1,0,0,12.580000000000002,0.04999999999999999,2905184,8715552,47525,84,2230475
2296,181642,68,pair_015_control,control,1,0,0,12.580000000000002,0.04999999999999999,2906272,8718816,47549,84,2231331
2297,181715,73,pair_003_control,control,1,0,0,12.530000000000001,0.04999999999999999,2907440,8722320,47563,84,2232256
2298,181784,69,pair_007_control,control,1,0,0,12.570000000000002,0.04999999999999999,2908544,8725632,47583,84,2233123
2299,181855,71,pair_014_control,control,1,0,0,12.55,0.04999999999999999,2909680,8729040,47597,84,2233993
2300,181923,68,pair_006_conflict,conflict,1,0,0,12.580000000000002,0.04999999999999999,2910768,8732304,47621,84,2234858
2301,181994,71,pair_002_conflict,conflict,1,0,0,12.55,0.04999999999999999,2911904,8735712,47642,85,2235746
2302,182063,69,pair_011_conflict,conflict,1,0,0,12.570000000000002,0.04999999999999999,2913008,8739024,47656,85,2236600
2303,182136,73,pair_009_conflict,conflict,1,0,0,12.530000000000001,0.04999999999999999,2914176,8742528,47681,85,2237535
2304,182212,76,pair_012_control,control,1,0,0,12.500000000000002,0.04999999999999999,2915392,8746176,47701,86,2238407
2305,182284,72,pair_011_conflict,conflict,1,0,0,12.540000000000001,0.04999999999999999,2916544,8749632,47724,86,2239240
2306,182360,76,pair_009_conflict,conflict,1,0,0,12.500000000000002,0.04999999999999999,2917760,8753280,47730,86,2240126
2307,182428,68,pair_017_control,control,1,0,0,12.580000000000002,0.04999999999999999,2918848,8756544,47740,86,2240965
2308,182500,72,pair_007_control,control,1,0,0,12.540000000000001,0.04999999999999999,2920000,8760000,47764,86,2241860
2309,182566,66,pair_003_control,control,1,0,0,12.600000000000001,0.04999999999999999,2921056,8763168,47782,86,2242666
2310,182634,68,pair_004_conflict,conflict,1,0,0,12.580000000000002,0.04999999999999999,2922144,8766432,47809,86,2243480
2311,182705,71,pair_010_conflict,conflict,1,0,0,12.55,0.04999999999999999,2923280,8769840,47832,86,2244348
2312,182771,66,pair_013_conflict,conflict,1,0,0,12.600000000000001,0.04999999999999999,2924336,8773008,47846,86,2245142
2313,182839,68,pair_002_conflict,conflict,1,0,0,12.580000000000002,0.04999999999999999,2925424,8776272,47862,86,2245955
2314,182913,74,pair_001_conflict,conflict,1,0,0,12.520000000000001,0.04999999999999999,2926608,8779824,47882,86,2246903
2315,182984,71,pair_001_control,control,1,0,0,12.55,0.04999999999999999,2927744,8783232,47901,86,2247766
2316,183052,68,pair_002_control,control,1,0,0,12.580000000000002,0.04999999999999999,2928832,8786496,47918,86,2248605
2317,183118,66,pair_016_conflict,conflict,1,0,0,12.600000000000001,0.04999999999999999,2929888,8789664,47942,86,2249478
2318,183187,69,pair_008_conflict,conflict,1,0,0,12.570000000000002,0.04999999999999999,2930992,8792976,47956,86,2250323
2319,183259,72,pair_013_control,control,1,0,0,12.540000000000001,0.04999999999999999,2932144,8796432,47985,86,2251223
2320,183326,67,pair_000_conflict,conflict,1,0,0,12.590000000000002,0.04999999999999999,2933216,8799648,48003,86,2252033
2321,183397,71,pair_005_control,control,1,0,0,12.55,0.04999999999999999,2934352,8803056,48023,86,2252891
2322,183465,68,pair_014_control,control,1,0,0,12.580000000000002,0.04999999999999999,2935440,8806320,48035,86,2253732
2323,183536,71,pair_008_control,control,1,0,0,12.55,0.04999999999999999,2936576,8809728,48050,86,2254647
2324,183612,76,pair_007_conflict,conflict,1,0,0,12.500000000000002,0.04999999999999999,2937792,8813376,48073,86,2255575
2325,183687,75,pair_017_conflict,conflict,1,0,0,12.510000000000002,0.04999999999999999,2938992,8816976,48093,86,2256466
2326,183756,69,pair_012_conflict,conflict,1,0,0,12.570000000000002,0.04999999999999999,2940096,8820288,48103,86,2257281
2327,183824,68,pair_004_control,control,1,0,0,12.580000000000002,0.04999999999999999,2941184,8823552,48109,86,2258109
2328,183891,67,pair_011_control,control,1,0,0,12.590000000000002,0.04999999999999999,2942256,8826768,48126,86,2258903
2329,183959,68,pair_005_conflict,conflict,1,0,0,12.580000000000002,0.04999999999999999,2943344,8830032,48145,86,2259710
2330,184030,71,pair_000_control,control,1,0,0,12.55,0.04999999999999999,2944480,8833440,48164,86,2260543
2331,184096,66,pair_010_control,control,1,0,0,12.600000000000001,0.04999999999999999,2945536,8836608,48181,86,2261311
2332,184169,73,pair_016_control,control,1,0,0,12.530000000000001,0.04999999999999999,2946704,8840112,48197,86,2262165
2333,184239,70,pair_014_conflict,conflict,1,0,0,12.560000000000002,0.04999999999999999,2947824,8843472,48208,86,2263027
2334,184306,67,pair_006_control,control,1,0,0,12.590000000000002,0.04999999999999999,2948896,8846688,48226,86,2263788
2335,184379,73,pair_009_control,control,1,0,0,12.530000000000001,0.04999999999999999,2950064,8850192,48232,86,2264641
2336,184453,74,pair_015_control,control,1,0,0,12.520000000000001,0.04999999999999999,2951248,8853744,48255,86,2265536
2337,184526,73,pair_003_conflict,conflict,1,0,0,12.530000000000001,0.04999999999999999,2952416,8857248,48277,86,2266373
2338,184598,72,pair_015_conflict,conflict,1,0,0,12.540000000000001,0.04999999999999999,2953568,8860704,48301,86,2267209
2339,184672,74,pair_006_conflict,conflict,1,0,0,12.520000000000003,0.04999999999999999,2954752,8864256,48322,86,2268170
2340,184742,70,pair_015_conflict,conflict,1,0,0,12.560000000000002,0.04999999999999999,2955872,8867616,48342,86,2269030
2341,184812,70,pair_001_control,control,1,0,0,12.560000000000002,0.04999999999999999,2956992,8870976,48354,86,2269842
2342,184885,73,pair_017_conflict,conflict,1,0,0,12.530000000000001,0.04999999999999999,2958160,8874480,48370,86,2270708
2343,184951,66,pair_013_control,control,1,0,0,12.600000000000001,0.04999999999999999,2959216,8877648,48394,86,2271493
2344,185020,69,pair_016_conflict,conflict,1,0,0,12.570000000000002,0.04999999999999999,2960320,8880960,48416,86,2272369
2345,185090,70,pair_000_conflict,conflict,1,0,0,12.560000000000002,0.04999999999999999,2961440,8884320,48434,86,2273281
2346,185165,75,pair_017_control,control,1,0,0,12.510000000000002,0.04999999999999999,2962640,8887920,48455,86,2274160
2347,185233,68,pair_009_control,control,1,0,0,12.580000000000002,0.04999999999999999,2963728,8891184,48476,86,2274991
2348,185305,72,pair_014_control,control,1,0,0,12.540000000000001,0.04999999999999999,2964880,8894640,48488,86,2275829
2349,185374,69,pair_002_conflict,conflict,1,0,0,12.570000000000002,0.04999999999999999,2965984,8897952,48504,86,2276708
2350,185447,73,pair_007_control,control,1,0,0,12.530000000000001,0.04999999999999999,2967152,8901456,48527,86,2277601
2351,185515,68,pair_005_conflict,conflict,1,0,0,12.580000000000002,0.04999999999999999,2968240,8904720,48546,86,2278399
2352,185592,77,pair_006_conflict,conflict,1,0,0,12.490000000000002,0.04999999999999999,2969472,8908416,48575,86,2279334
2353,185664,72,pair_012_conflict,conflict,1,0,0,12.540000000000003,0.04999999999999999,2970624,8911872,48587,86,2280251
2354,185732,68,pair_012_control,control,1,0,0,12.580000000000002,0.04999999999999999,2971712,8915136,48594,86,2281063
2355,185802,70,pair_008_conflict,conflict,1,0,0,12.560000000000002,0.04999999999999999,2972832,8918496,48623,86,2281928
2356,185870,68,pair_003_control,control,1,0,0,12.580000000000002,0.04999999999999999,2973920,8921760,48642,86,2282763
2357,185937,67,pair_003_conflict,conflict,1,0,0,12.590000000000002,0.04999999999999999,2974992,8924976,48669,86,2283558
2358,186005,68,pair_010_control,control,1,0,0,12.580000000000002,0.04999999999999999,2976080,8928240,48695,86,2284409
2359,186072,67,pair_004_conflict,conflict,1,0,0,12.590000000000002,0.04999999999999999,2977152,8931456,48712,86,2285237
2360,186138,66,pair_009_conflict,conflict,1,0,0,12.600000000000001,0.04999999999999999,2978208,8934624,48714,86,2286070
2361,186209,71,pair_011_control,control,1,0,0,12.55,0.04999999999999999,2979344,8938032,48727,86,2286954
2362,186279,70,pair_000_control,control,1,0,0,12.560000000000002,0.04999999999999999,2980464,8941392,48747,86,2287835
2363,186345,66,pair_004_control,control,1,0,0,12.600000000000001,0.04999999999999999,2981520,8944560,48764,86,2288667
2364,186413,68,pair_007_conflict,conflict,1,0,0,12.580000000000002,0.04999999999999999,2982608,8947824,48785,86,2289543
2365,186480,67,pair_015_control,control,1,0,0,12.590000000000002,0.04999999999999999,2983680,8951040,48794,86,2290384
2366,186549,69,pair_008_control,control,1,0,0,12.570000000000002,0.04999999999999999,2984784,8954352,48799,86,2291264
2367,186619,70,pair_011_conflict,conflict,1,0,0,12.560000000000002,0.04999999999999999,2985904,8957712,48801,86,2292058
2368,186688,69,pair_006_control,control,1,0,0,12.570000000000002,0.04999999999999999,2987008,8961024,48801,86,2292883
2369,186759,71,pair_002_control,control,1,0,0,12.55,0.04999999999999999,2988144,8964432,48818,86,2293694
2370,186826,67,pair_010_conflict,conflict,1,0,0,12.590000000000002,0.04999999999999999,2989216,8967648,48835,86,2294477
2371,186895,69,pair_016_control,control,1,0,0,12.570000000000002,0.04999999999999999,2990320,8970960,48847,86,2295266
2372,186965,70,pair_001_conflict,conflict,1,0,0,12.560000000000002,0.04999999999999999,2991440,8974320,48865,86,2296092
2373,187032,67,pair_005_control,control,1,0,0,12.590000000000002,0.04999999999999999,2992512,8977536,48881,86,2296862
2374,187101,69,pair_014_conflict,conflict,1,0,0,12.570000000000002,0.04999999999999999,2993616,8980848,48905,86,2297678
2375,187171,70,pair_013_conflict,conflict,1,0,0,12.560000000000002,0.04999999999999999,2994736,8984208,48929,86,2298435
2376,187240,69,pair_005_conflict,conflict,1,0,0,12.570000000000002,0.04999999999999999,2995840,8987520,48945,86,2299292
2377,187312,72,pair_007_conflict,conflict,1,0,0,12.540000000000001,0.04999999999999999,2996992,8990976,48964,86,2300111
2378,187383,71,pair_013_control,control,1,0,0,12.55,0.04999999999999999,2998128,8994384,48980,86,2300925
2379,187453,70,pair_000_conflict,conflict,1,0,0,12.560000000000002,0.04999999999999999,2999248,8997744,49006,86,2301765
2380,187521,68,pair_004_control,control,1,0,0,12.580000000000002,0.04999999999999999,3000336,9001008,49027,86,2302559
2381,187588,67,pair_016_conflict,conflict,1,0,0,12.590000000000002,0.04999999999999999,3001408,9004224,49039,86,2303328
2382,187660,72,pair_011_conflict,conflict,1,0,0,12.540000000000001,0.04999999999999999,3002560,9007680,49041,86,2304129
2383,187728,68,pair_007_control,control,1,0,0,12.580000000000002,0.04999999999999999,3003648,9010944,49041,86,2304903
2384,187796,68,pair_014_conflict,conflict,1,0,0,12.580000000000002,0.04999999999999999,3004736,9014208,49057,86,2305644
2385,187867,71,pair_006_conflict,conflict,1,0,0,12.55,0.04999999999999999,3005872,9017616,49057,86,2306444
2386,187938,71,pair_016_control,control,1,0,0,12.55,0.04999999999999999,3007008,9021024,49069,86,2307248
2387,188008,70,pair_011_control,control,1,0,0,12.560000000000002,0.04999999999999999,3008128,9024384,49070,86,2307988
2388,188012,4,pair_002_conflict,conflict,0,1,0,-0.98,0.04999999999999999,3008192,9024576,49074,87,2308036
2389,188081,69,pair_017_control,control,1,0,0,12.570000000000002,0.04999999999999999,3009296,9027888,49086,87,2308780
2390,188151,70,pair_013_conflict,conflict,1,0,0,12.560000000000002,0.04999999999999999,3010416,9031248,49110,87,2309587
2391,188225,74,pair_001_control,control,1,0,0,12.520000000000001,0.04999999999999999,3011600,9034800,49117,87,2310430
2392,188294,69,pair_017_conflict,conflict,1,0,0,12.570000000000002,0.04999999999999999,3012704,9038112,49127,87,2311180
2393,188363,69,pair_000_control,control,1,0,0,12.570000000000002,0.04999999999999999,3013808,9041424,49146,87,2311943
2394,188435,72,pair_010_conflict,conflict,1,0,0,12.540000000000001,0.04999999999999999,3014960,9044880,49165,87,2312731
2395,188504,69,pair_009_conflict,conflict,1,0,0,12.570000000000002,0.04999999999999999,3016064,9048192,49165,87,2313473
2396,188576,72,pair_015_control,control,1,0,0,12.540000000000001,0.04999999999999999,3017216,9051648,49177,87,2314291
2397,188645,69,pair_012_conflict,conflict,1,0,0,12.570000000000002,0.04999999999999999,3018320,9054960,49184,87,2315082
2398,188714,69,pair_001_conflict,conflict,1,0,0,12.570000000000002,0.04999999999999999,3019424,9058272,49204,87,2315852
2399,188787,73,pair_014_control,control,1,0,0,12.530000000000001,0.04999999999999999,3020592,9061776,49216,87,2316661
2400,188860,73,pair_012_control,control,1,0,0,12.530000000000001,0.04999999999999999,3021760,9065280,49232,87,2317484
2401,188928,68,pair_009_control,control,1,0,0,12.580000000000002,0.04999999999999999,3022848,9068544,49232,87,2318230
2402,188997,69,pair_006_control,control,1,0,0,12.570000000000002,0.04999999999999999,3023952,9071856,49232,87,2319019
2403,189067,70,pair_003_conflict,conflict,1,0,0,12.560000000000002,0.04999999999999999,3025072,9075216,49251,87,2319751
2404,189135,68,pair_002_control,control,1,0,0,12.580000000000002,0.04999999999999999,3026160,9078480,49260,87,2320500
2405,189209,74,pair_010_control,control,1,0,0,12.520000000000001,0.04999999999999999,3027344,9082032,49263,87,2321331
2406,189283,74,pair_008_control,control,1,0,0,12.520000000000001,0.04999999999999999,3028528,9085584,49278,87,2322169
2407,189350,67,pair_004_conflict,conflict,1,0,0,12.590000000000002,0.04999999999999999,3029600,9088800,49296,87,2322897
2408,189424,74,pair_003_control,control,1,0,0,12.520000000000001,0.04999999999999999,3030784,9092352,49320,87,2323685
2409,189490,66,pair_015_conflict,conflict,1,0,0,12.600000000000001,0.04999999999999999,3031840,9095520,49337,87,2324416
2410,189563,73,pair_005_control,control,1,0,0,12.530000000000001,0.04999999999999999,3033008,9099024,49358,87,2325222
2411,189634,71,pair_008_conflict,conflict,1,0,0,12.55,0.04999999999999999,3034144,9102432,49371,87,2326026
2412,189700,66,pair_016_conflict,conflict,1,0,0,12.600000000000001,0.04999999999999999,3035200,9105600,49383,87,2326698
2413,189770,70,pair_013_conflict,conflict,1,0,0,12.560000000000002,0.04999999999999999,3036320,9108960,49399,87,2327432
2414,189843,73,pair_004_control,control,1,0,0,12.530000000000001,0.04999999999999999,3037488,9112464,49419,87,2328235
2415,189910,67,pair_013_control,control,1,0,0,12.590000000000002,0.04999999999999999,3038560,9115680,49440,87,2329004
2416,189976,66,pair_001_conflict,conflict,1,0,0,12.600000000000001,0.04999999999999999,3039616,9118848,49460,87,2329732
2417,190045,69,pair_002_control,control,1,0,0,12.570000000000002,0.04999999999999999,3040720,9122160,49477,87,2330535
2418,190117,72,pair_017_control,control,1,0,0,12.540000000000001,0.04999999999999999,3041872,9125616,49494,87,2331342
2419,190184,67,pair_002_conflict,conflict,1,0,0,12.590000000000002,0.04999999999999999,3042944,9128832,49510,87,2332044
2420,190252,68,pair_000_control,control,1,0,0,12.580000000000002,0.04999999999999999,3044032,9132096,49531,87,2332816
2421,190319,67,pair_012_control,control,1,0,0,12.590000000000002,0.04999999999999999,3045104,9135312,49543,87,2333541
2422,190385,66,pair_012_conflict,conflict,1,0,0,12.600000000000001,0.04999999999999999,3046160,9138480,49555,87,2334270
2423,190453,68,pair_010_control,control,1,0,0,12.580000000000002,0.04999999999999999,3047248,9141744,49581,87,2335021
2424,190521,68,pair_003_conflict,conflict,1,0,0,12.580000000000002,0.04999999999999999,3048336,9145008,49610,87,2335787
2425,190591,70,pair_000_conflict,conflict,1,0,0,12.560000000000002,0.04999999999999999,3049456,9148368,49635,87,2336580
2426,190661,70,pair_014_control,control,1,0,0,12.560000000000002,0.04999999999999999,3050576,9151728,49661,87,2337340
2427,190727,66,pair_014_conflict,conflict,1,0,0,12.600000000000001,0.04999999999999999,3051632,9154896,49685,87,2338110
2428,190795,68,pair_004_conflict,conflict,1,0,0,12.580000000000002,0.04999999999999999,3052720,9158160,49702,87,2338881
2429,190872,77,pair_016_control,control,1,0,0,12.490000000000002,0.04999999999999999,3053952,9161856,49733,87,2339712
2430,190944,72,pair_009_control,control,1,0,0,12.540000000000001,0.04999999999999999,3055104,9165312,49754,87,2340525
2431,191018,74,pair_011_control,control,1,0,0,12.520000000000001,0.04999999999999999,3056288,9168864,49779,87,2341409
2432,191089,71,pair_006_control,control,1,0,0,12.55,0.04999999999999999,3057424,9172272,49805,87,2342196
2433,191155,66,pair_009_conflict,conflict,1,0,0,12.600000000000001,0.04999999999999999,3058480,9175440,49826,87,2342946
2434,191227,72,pair_007_control,control,1,0,0,12.540000000000001,0.04999999999999999,3059632,9178896,49844,87,2343766
2435,191297,70,pair_017_conflict,conflict,1,0,0,12.560000000000002,0.04999999999999999,3060752,9182256,49862,87,2344550
2436,191367,70,pair_011_conflict,conflict,1,0,0,12.560000000000002,0.04999999999999999,3061872,9185616,49885,87,2345377
2437,191436,69,pair_005_control,control,1,0,0,12.570000000000002,0.04999999999999999,3062976,9188928,49902,87,2346135
2438,191506,70,pair_001_control,control,1,0,0,12.560000000000002,0.04999999999999999,3064096,9192288,49922,87,2346928
2439,191572,66,pair_015_control,control,1,0,0,12.600000000000001,0.04999999999999999,3065152,9195456,49938,87,2347720
2440,191638,66,pair_003_control,control,1,0,0,12.600000000000001,0.04999999999999999,3066208,9198624,49956,87,2348456
2441,191706,68,pair_015_conflict,conflict,1,0,0,12.580000000000002,0.04999999999999999,3067296,9201888,49973,87,2349234
2442,191776,70,pair_010_conflict,conflict,1,0,0,12.560000000000002,0.04999999999999999,3068416,9205248,50000,87,2350026
2443,191842,66,pair_005_conflict,conflict,1,0,0,12.600000000000001,0.04999999999999999,3069472,9208416,50019,87,2350777
2444,191912,70,pair_006_conflict,conflict,1,0,0,12.560000000000002,0.04999999999999999,3070592,9211776,50044,87,2351576
2445,191981,69,pair_007_conflict,conflict,1,0,0,12.570000000000002,0.04999999999999999,3071696,9215088,50064,87,2352369
2446,192055,74,pair_008_conflict,conflict,1,0,0,12.520000000000001,0.04999999999999999,3072880,9218640,50087,87,2353202
2447,192081,26,pair_008_control,control,0,1,0,2.220446049250313e-16,0.04999999999999999,3073296,9219888,50098,87,2353503
2448,192109,28,pair_008_conflict,conflict,0,1,0,-0.019999999999999685,0.04999999999999999,3073744,9221232,50112,87,2353769
2449,192175,66,pair_001_control,control,1,0,0,12.600000000000001,0.04999999999999999,3074800,9224400,50138,87,2354547
2450,192245,70,pair_004_control,control,1,0,0,12.560000000000002,0.04999999999999999,3075920,9227760,50155,87,2355367
2451,192315,70,pair_017_conflict,conflict,1,0,0,12.560000000000002,0.04999999999999999,3077040,9231120,50171,87,2356147
2452,192385,70,pair_011_conflict,conflict,1,0,0,12.560000000000002,0.04999999999999999,3078160,9234480,50184,87,2356972
2453,192452,67,pair_003_conflict,conflict,1,0,0,12.590000000000002,0.04999999999999999,3079232,9237696,50202,87,2357765
2454,192521,69,pair_015_conflict,conflict,1,0,0,12.570000000000002,0.04999999999999999,3080336,9241008,50216,87,2358527
2455,192591,70,pair_011_control,control,1,0,0,12.560000000000002,0.04999999999999999,3081456,9244368,50232,87,2359323
2456,192660,69,pair_002_conflict,conflict,1,0,0,12.570000000000002,0.04999999999999999,3082560,9247680,50249,87,2360084
2457,192729,69,pair_013_conflict,conflict,1,0,0,12.570000000000002,0.04999999999999999,3083664,9250992,50264,87,2360916
2458,192799,70,pair_003_control,control,1,0,0,12.560000000000002,0.04999999999999999,3084784,9254352,50285,87,2361717
2459,192870,71,pair_014_control,control,1,0,0,12.55,0.04999999999999999,3085920,9257760,50312,87,2362507
2460,192939,69,pair_009_conflict,conflict,1,0,0,12.570000000000002,0.04999999999999999,3087024,9261072,50330,87,2363256
2461,193005,66,pair_012_control,control,1,0,0,12.600000000000001,0.04999999999999999,3088080,9264240,50341,87,2364030
2462,193079,74,pair_007_control,control,1,0,0,12.520000000000001,0.04999999999999999,3089264,9267792,50362,87,2364892
2463,193145,66,pair_008_control,control,1,0,0,12.600000000000001,0.04999999999999999,3090320,9270960,50375,87,2365657
2464,193217,72,pair_002_control,control,1,0,0,12.540000000000003,0.04999999999999999,3091472,9274416,50392,87,2366512
2465,193287,70,pair_004_conflict,conflict,1,0,0,12.560000000000002,0.04999999999999999,3092592,9277776,50406,87,2367380
2466,193359,72,pair_013_control,control,1,0,0,12.540000000000001,0.04999999999999999,3093744,9281232,50425,87,2368246
2467,193429,70,pair_014_conflict,conflict,1,0,0,12.560000000000002,0.04999999999999999,3094864,9284592,50442,87,2369094
2468,193496,67,pair_006_conflict,conflict,1,0,0,12.590000000000002,0.04999999999999999,3095936,9287808,50442,87,2369899
2469,193568,72,pair_006_control,control,1,0,0,12.540000000000001,0.04999999999999999,3097088,9291264,50465,87,2370738
2470,193636,68,pair_005_conflict,conflict,1,0,0,12.580000000000002,0.04999999999999999,3098176,9294528,50487,87,2371514
2471,193704,68,pair_005_control,control,1,0,0,12.580000000000002,0.04999999999999999,3099264,9297792,50506,87,2372265
2472,193776,72,pair_000_control,control,1,0,0,12.540000000000001,0.04999999999999999,3100416,9301248,50532,87,2373102
2473,193855,79,pair_015_control,control,1,0,0,12.470000000000002,0.04999999999999999,3101680,9305040,50550,87,2374037
2474,193923,68,pair_000_conflict,conflict,1,0,0,12.580000000000002,0.04999999999999999,3102768,9308304,50578,87,2374803
2475,193991,68,pair_010_conflict,conflict,1,0,0,12.580000000000002,0.04999999999999999,3103856,9311568,50582,87,2375559
2476,194059,68,pair_016_control,control,1,0,0,12.580000000000002,0.04999999999999999,3104944,9314832,50594,87,2376314
2477,194126,67,pair_001_conflict,conflict,1,0,0,12.590000000000002,0.04999999999999999,3106016,9318048,50610,87,2377100
2478,194203,77,pair_017_control,control,1,0,0,12.490000000000002,0.04999999999999999,3107248,9321744,50623,87,2377946
2479,194274,71,pair_009_control,control,1,0,0,12.55,0.04999999999999999,3108384,9325152,50623,87,2378748
2480,194348,74,pair_016_conflict,conflict,1,0,0,12.520000000000001,0.04999999999999999,3109568,9328704,50646,87,2379590
2481,194416,68,pair_007_conflict,conflict,1,0,0,12.580000000000002,0.04999999999999999,3110656,9331968,50666,87,2380374
2482,194486,70,pair_012_conflict,conflict,1,0,0,12.560000000000002,0.04999999999999999,3111776,9335328,50673,87,2381152
2483,194555,69,pair_010_control,control,1,0,0,12.570000000000002,0.04999999999999999,3112880,9338640,50694,87,2381923
2484,194625,70,pair_015_conflict,conflict,1,0,0,12.560000000000002,0.04999999999999999,3114000,9342000,50704,87,2382705
2485,194693,68,pair_010_conflict,conflict,1,0,0,12.580000000000002,0.04999999999999999,3115088,9345264,50728,87,2383482
2486,194763,70,pair_005_conflict,conflict,1,0,0,12.560000000000002,0.04999999999999999,3116208,9348624,50746,87,2384257
2487,194834,71,pair_016_control,control,1,0,0,12.55,0.04999999999999999,3117344,9352032,50758,87,2385057
2488,194902,68,pair_006_control,control,1,0,0,12.580000000000002,0.04999999999999999,3118432,9355296,50779,87,2385846
2489,194972,70,pair_000_conflict,conflict,1,0,0,12.560000000000002,0.04999999999999999,3119552,9358656,50808,87,2386681
2490,195046,74,pair_016_conflict,conflict,1,0,0,12.520000000000001,0.04999999999999999,3120736,9362208,50830,87,2387505
2491,195112,66,pair_007_control,control,1,0,0,12.600000000000001,0.04999999999999999,3121792,9365376,50850,87,2388316
2492,195187,75,pair_013_conflict,conflict,1,0,0,12.510000000000002,0.04999999999999999,3122992,9368976,50870,87,2389107
2493,195260,73,pair_002_control,control,1,0,0,12.530000000000001,0.04999999999999999,3124160,9372480,50891,87,2389906
2494,195330,70,pair_008_control,control,1,0,0,12.560000000000002,0.04999999999999999,3125280,9375840,50922,87,2390736
2495,195397,67,pair_014_conflict,conflict,1,0,0,12.590000000000002,0.04999999999999999,3126352,9379056,50946,87,2391557
2496,195466,69,pair_012_control,control,1,0,0,12.570000000000002,0.04999999999999999,3127456,9382368,50955,87,2392348
2497,195536,70,pair_003_conflict,conflict,1,0,0,12.560000000000002,0.04999999999999999,3128576,9385728,50978,87,2393144
2498,195609,73,pair_000_control,control,1,0,0,12.530000000000001,0.04999999999999999,3129744,9389232,50995,87,2394042
2499,195676,67,pair_012_conflict,conflict,1,0,0,12.590000000000002,0.04999999999999999,3130816,9392448,51004,87,2394780
2500,195747,71,pair_001_control,control,1,0,0,12.55,0.04999999999999999,3131952,9395856,51011,87,2395618
2501,195815,68,pair_017_conflict,conflict,1,0,0,12.580000000000002,0.04999999999999999,3133040,9399120,51029,87,2396438
2502,195883,68,pair_011_control,control,1,0,0,12.580000000000002,0.04999999999999999,3134128,9402384,51032,87,2397222
2503,195960,77,pair_009_conflict,conflict,1,0,0,12.490000000000002,0.04999999999999999,3135360,9406080,51032,87,2398102
2504,196026,66,pair_006_conflict,conflict,1,0,0,12.600000000000001,0.04999999999999999,3136416,9409248,51049,87,2398845
2505,196092,66,pair_010_control,control,1,0,0,12.600000000000001,0.04999999999999999,3137472,9412416,51063,87,2399598
2506,196162,70,pair_003_control,control,1,0,0,12.560000000000002,0.04999999999999999,3138592,9415776,51083,87,2400407
2507,196229,67,pair_007_conflict,conflict,1,0,0,12.590000000000002,0.04999999999999999,3139664,9418992,51102,87,2401168
2508,196297,68,pair_004_control,control,1,0,0,12.580000000000002,0.04999999999999999,3140752,9422256,51123,87,2401980
2509,196368,71,pair_001_conflict,conflict,1,0,0,12.55,0.04999999999999999,3141888,9425664,51142,87,2402771
2510,196434,66,pair_002_conflict,conflict,1,0,0,12.600000000000001,0.04999999999999999,3142944,9428832,51158,87,2403543
2511,196502,68,pair_013_control,control,1,0,0,12.580000000000002,0.04999999999999999,3144032,9432096,51179,87,2404338
2512,196574,72,pair_011_conflict,conflict,1,0,0,12.540000000000001,0.04999999999999999,3145184,9435552,51201,87,2405166
2513,196642,68,pair_017_control,control,1,0,0,12.580000000000002,0.04999999999999999,3146272,9438816,51218,87,2405957
2514,196711,69,pair_009_control,control,1,0,0,12.570000000000002,0.04999999999999999,3147376,9442128,51243,87,2406830
2515,196777,66,pair_015_control,control,1,0,0,12.600000000000001,0.04999999999999999,3148432,9445296,51252,87,2407642
2516,196844,67,pair_008_conflict,conflict,1,0,0,12.590000000000002,0.04999999999999999,3149504,9448512,51269,87,2408450
2517,196913,69,pair_004_conflict,conflict,1,0,0,12.570000000000002,0.04999999999999999,3150608,9451824,51288,87,2409295
2518,196981,68,pair_014_control,control,1,0,0,12.580000000000002,0.04999999999999999,3151696,9455088,51316,87,2410107
2519,197047,66,pair_005_control,control,1,0,0,12.600000000000001,0.04999999999999999,3152752,9458256,51336,87,2410917
2520,197120,73,pair_011_control,control,1,0,0,12.530000000000001,0.04999999999999999,3153920,9461760,51353,87,2411774
2521,197190,70,pair_001_conflict,conflict,1,0,0,12.560000000000002,0.04999999999999999,3155040,9465120,51376,87,2412626
2522,197262,72,pair_009_control,control,1,0,0,12.540000000000001,0.04999999999999999,3156192,9468576,51378,87,2413521
2523,197330,68,pair_014_control,control,1,0,0,12.580000000000002,0.04999999999999999,3157280,9471840,51405,87,2414351
2524,197396,66,pair_002_conflict,conflict,1,0,0,12.600000000000001,0.04999999999999999,3158336,9475008,51421,87,2415137
2525,197469,73,pair_009_conflict,conflict,1,0,0,12.530000000000001,0.04999999999999999,3159504,9478512,51437,87,2416060
2526,197541,72,pair_016_control,control,1,0,0,12.540000000000001,0.04999999999999999,3160656,9481968,51451,87,2416920
2527,197609,68,pair_011_conflict,conflict,1,0,0,12.580000000000002,0.04999999999999999,3161744,9485232,51461,87,2417761
2528,197677,68,pair_004_control,control,1,0,0,12.580000000000002,0.04999999999999999,3162832,9488496,51480,87,2418599
2529,197743,66,pair_010_control,control,1,0,0,12.600000000000001,0.04999999999999999,3163888,9491664,51503,87,2419415
2530,197811,68,pair_007_control,control,1,0,0,12.580000000000002,0.04999999999999999,3164976,9494928,51514,87,2420295
2531,197879,68,pair_008_conflict,conflict,1,0,0,12.580000000000002,0.04999999999999999,3166064,9498192,51520,87,2421108
2532,197955,76,pair_005_control,control,1,0,0,12.500000000000002,0.04999999999999999,3167280,9501840,51538,87,2422042
2533,198026,71,pair_003_conflict,conflict,1,0,0,12.55,0.04999999999999999,3168416,9505248,51558,87,2422941
2534,198096,70,pair_004_conflict,conflict,1,0,0,12.560000000000002,0.04999999999999999,3169536,9508608,51587,87,2423815
2535,198166,70,pair_007_conflict,conflict,1,0,0,12.560000000000002,0.04999999999999999,3170656,9511968,51598,87,2424673
2536,198232,66,pair_000_conflict,conflict,1,0,0,12.600000000000001,0.04999999999999999,3171712,9515136,51624,87,2425482
2537,198304,72,pair_000_control,control,1,0,0,12.540000000000001,0.04999999999999999,3172864,9518592,51648,87,2426406
2538,198377,73,pair_015_control,control,1,0,0,12.530000000000001,0.04999999999999999,3174032,9522096,51663,87,2427330
2539,198443,66,pair_001_control,control,1,0,0,12.600000000000001,0.04999999999999999,3175088,9525264,51688,87,2428119
2540,198511,68,pair_013_control,control,1,0,0,12.580000000000002,0.04999999999999999,3176176,9528528,51713,87,2428992
2541,198582,71,pair_015_conflict,conflict,1,0,0,12.55,0.04999999999999999,3177312,9531936,51739,87,2429896
2542,198879,297,pair_012_conflict,conflict,1,0,0,10.29,0.04999999999999999,3182064,9546192,51983,88,2433739
2543,198949,70,pair_017_conflict,conflict,1,0,0,12.560000000000002,0.04999999999999999,3183184,9549552,52000,88,2434693
2544,199019,70,pair_003_control,control,1,0,0,12.560000000000002,0.04999999999999999,3184304,9552912,52025,88,2435640
2545,199088,69,pair_016_conflict,conflict,1,0,0,12.570000000000002,0.04999999999999999,3185408,9556224,52051,88,2436561
2546,199160,72,pair_006_control,control,1,0,0,12.540000000000001,0.04999999999999999,3186560,9559680,52081,88,2437533
2547,199226,66,pair_002_control,control,1,0,0,12.600000000000001,0.04999999999999999,3187616,9562848,52096,88,2438522
2548,199297,71,pair_008_control,control,1,0,0,12.55,0.04999999999999999,3188752,9566256,52122,88,2439522
2549,199365,68,pair_013_conflict,conflict,1,0,0,12.580000000000002,0.04999999999999999,3189840,9569520,52145,88,2440450
2550,199433,68,pair_014_conflict,conflict,1,0,0,12.580000000000002,0.04999999999999999,3190928,9572784,52157,88,2441380
2551,199506,73,pair_005_conflict,conflict,1,0,0,12.530000000000001,0.04999999999999999,3192096,9576288,52175,88,2442329
2552,199576,70,pair_006_conflict,conflict,1,0,0,12.560000000000002,0.04999999999999999,3193216,9579648,52198,88,2443296
2553,199642,66,pair_017_control,control,1,0,0,12.600000000000001,0.04999999999999999,3194272,9582816,52214,88,2444171
2554,199711,69,pair_010_conflict,conflict,1,0,0,12.570000000000002,0.04999999999999999,3195376,9586128,52236,88,2445061
2555,199785,74,pair_012_control,control,1,0,0,12.520000000000001,0.04999999999999999,3196560,9589680,52250,88,2446010
2556,199855,70,pair_000_conflict,conflict,1,0,0,12.560000000000002,0.04999999999999999,3197680,9593040,52277,88,2447015
2557,199925,70,pair_017_control,control,1,0,0,12.560000000000002,0.04999999999999999,3198800,9596400,52287,88,2447965
2558,199992,67,pair_012_conflict,conflict,1,0,0,12.590000000000002,0.04999999999999999,3199872,9599616,52298,88,2448856
2559,200000,8,pair_008_control,control,0,0,1,0.22000000000000003,0.04999999999999999,3200000,9600000,52298,88,2448973
