episode,environment_steps,episode_steps,scenario_id,condition,success,collision,budget_cutoff,return,epsilon,demo_samples_cumulative,online_samples_cumulative,visible_dynamic_steps_cumulative,reference_risk_steps_cumulative,sampled_visible_dynamic_cumulative,risk_samples_cumulative,risk_buffer_size,risk_coverage_count,handover_progress
0,3,3,pair_012_n3_012_control,control,0,1,0,-1.02,0.29999666666666663,0,192,3,0,0,0,0,0,0.0
1,114,111,pair_010_n3_010_control,control,1,0,0,12.150000000000002,0.29981166666666664,0,7296,27,0,5,0,0,0,0.0
2,203,89,pair_007_n5_007_control,control,1,0,0,12.370000000000001,0.29966333333333334,0,12992,85,0,40,0,0,0,0.0
3,206,3,pair_002_n5_002_control,control,0,1,0,-0.97,0.2996583333333333,0,13184,88,0,41,0,0,0,0.0
4,300,94,pair_008_n3_008_conflict,conflict,0,1,0,1.2200000000000015,0.29950166666666667,0,19200,125,0,102,0,0,0,0.0
5,400,100,pair_003_n3_003_conflict,conflict,0,1,0,1.2100000000000013,0.29933499999999996,0,25600,195,1,229,0,0,0,0.0
6,402,2,pair_016_n5_016_control,control,0,1,0,-0.96,0.29933166666666666,0,25728,197,1,231,0,0,0,0.0
7,404,2,pair_011_n5_011_control,control,0,1,0,-0.96,0.2993283333333333,0,25856,199,1,233,0,0,0,0.0
8,408,4,pair_016_n3_016_conflict,conflict,0,1,0,-0.98,0.29932166666666665,0,26112,203,1,245,0,0,0,0.0
9,410,2,pair_009_n5_009_conflict,conflict,0,1,0,-0.96,0.2993183333333333,0,26240,205,1,247,0,0,0,0.0
10,412,2,pair_011_n5_011_conflict,conflict,0,1,0,-0.96,0.299315,0,26368,207,1,249,0,0,0,0.0
11,499,87,pair_004_n5_004_control,control,0,1,0,0.5900000000000007,0.29917,0,31936,240,1,391,0,0,0,0.0
12,594,95,pair_012_n3_012_conflict,conflict,1,0,0,12.310000000000002,0.2990116666666667,0,38016,286,1,579,0,0,0,0.0
13,613,19,pair_005_n5_005_control,control,0,1,0,-0.5300000000000001,0.29897999999999997,0,39232,305,2,620,0,0,0,0.0
14,631,18,pair_014_n5_014_conflict,conflict,0,1,0,-0.72,0.29895,0,40384,323,3,656,0,0,0,0.0
15,665,34,pair_010_n5_010_conflict,conflict,0,1,0,-0.28,0.29889333333333334,0,42560,340,3,746,0,0,0,0.0
16,770,105,pair_017_n3_017_control,control,1,0,0,12.21,0.2987183333333333,0,49280,379,3,1026,0,0,0,0.0
17,860,90,pair_002_n5_002_conflict,conflict,1,0,0,12.360000000000001,0.2985683333333333,0,55040,417,4,1304,0,0,0,0.0
18,866,6,pair_013_n5_013_control,control,0,1,0,-0.8,0.2985583333333333,0,55424,423,4,1316,0,0,0,0.0
19,873,7,pair_012_n5_012_control,control,0,1,0,-0.86,0.2985466666666667,0,55872,430,5,1340,0,0,0,0.0
20,959,86,pair_017_n5_017_conflict,conflict,1,0,0,12.400000000000002,0.2984033333333333,0,61376,499,6,1610,0,0,0,0.0
21,1058,99,pair_010_n5_010_control,control,1,0,0,12.270000000000001,0.2982383333333333,0,67712,557,6,1986,0,0,0,0.0
22,1086,28,pair_017_n3_017_conflict,conflict,0,1,0,-0.72,0.29819166666666663,0,69504,585,6,2104,0,0,0,0.0
23,1180,94,pair_003_n5_003_control,control,1,0,0,12.32,0.298035,0,75520,626,6,2527,0,0,0,0.0
24,1191,11,pair_015_n3_015_conflict,conflict,0,1,0,-0.6000000000000001,0.29801666666666665,0,76224,637,6,2589,0,0,0,0.0
25,1279,88,pair_003_n5_003_conflict,conflict,1,0,0,12.380000000000003,0.29786999999999997,0,81856,704,6,3034,0,0,0,0.0
26,1284,5,pair_016_n5_016_conflict,conflict,0,1,0,-0.84,0.29786166666666664,0,82176,709,6,3057,0,0,0,0.0
27,1386,102,pair_001_n5_001_conflict,conflict,1,0,0,12.240000000000002,0.29769166666666663,0,88704,760,6,3615,0,0,0,0.0
28,1464,78,pair_002_n3_002_control,control,1,0,0,12.480000000000002,0.29756166666666667,0,93696,797,6,4063,0,0,0,0.0
29,1560,96,pair_005_n3_005_control,control,1,0,0,12.3,0.2974016666666667,0,99840,822,6,4657,0,0,0,0.0
30,1674,114,pair_010_n3_010_conflict,conflict,1,0,0,12.120000000000001,0.29721166666666665,0,107136,868,6,5334,0,0,0,0.0
31,1771,97,pair_004_n3_004_conflict,conflict,1,0,0,12.290000000000003,0.29705,0,113344,928,6,5992,0,0,0,0.0
32,1863,92,pair_006_n5_006_control,control,1,0,0,12.340000000000002,0.29689666666666664,0,119232,966,6,6635,0,0,0,0.0
33,1971,108,pair_007_n3_007_conflict,conflict,1,0,0,12.180000000000001,0.29671666666666663,0,126144,1011,6,7405,0,0,0,0.0
34,2082,111,pair_001_n3_001_control,control,0,1,0,1.1500000000000012,0.29653166666666664,0,133248,1024,6,8210,0,0,0,0.0
35,2164,82,pair_007_n5_007_conflict,conflict,0,1,0,1.390000000000001,0.29639499999999996,0,138496,1068,6,8867,0,0,0,0.0
36,2308,144,pair_006_n5_006_conflict,conflict,1,0,0,11.82,0.296155,0,147712,1129,6,10032,0,0,0,0.0
37,2403,95,pair_017_n5_017_control,control,1,0,0,12.310000000000002,0.29599666666666663,0,153792,1160,6,10816,0,0,0,0.0
38,2495,92,pair_000_n3_000_conflict,conflict,1,0,0,12.340000000000002,0.29584333333333335,0,159680,1193,6,11634,0,0,0,0.0
39,2601,106,pair_008_n5_008_control,control,1,0,0,12.200000000000001,0.29566666666666663,0,166464,1222,6,12608,0,0,0,0.0
40,2720,119,pair_002_n3_002_conflict,conflict,1,0,0,12.07,0.29546833333333333,0,174080,1251,6,13702,0,0,0,0.0
41,2828,108,pair_000_n5_000_control,control,1,0,0,12.180000000000001,0.2952883333333333,0,180992,1303,6,14763,0,0,0,0.0
42,2935,107,pair_008_n5_008_conflict,conflict,1,0,0,12.190000000000001,0.29511,0,187840,1347,6,15798,0,0,0,0.0
43,3036,101,pair_001_n3_001_conflict,conflict,1,0,0,12.250000000000002,0.29494166666666666,0,194304,1361,6,16854,0,0,0,0.0
44,3130,94,pair_012_n5_012_conflict,conflict,1,0,0,12.32,0.29478499999999996,0,200320,1399,6,17788,0,0,0,0.0
45,3229,99,pair_013_n5_013_conflict,conflict,1,0,0,12.270000000000001,0.29462,0,206656,1427,6,18833,0,0,0,0.0
46,3263,34,pair_011_n3_011_control,control,0,1,0,0.02000000000000024,0.29456333333333334,0,208832,1439,6,19210,0,0,0,0.0
47,3346,83,pair_013_n3_013_control,control,1,0,0,12.430000000000001,0.294425,0,214144,1462,6,20051,0,0,0,0.0
48,3460,114,pair_015_n5_015_control,control,1,0,0,12.120000000000001,0.29423499999999997,0,221440,1503,6,21287,0,0,0,0.0
49,3540,80,pair_008_n3_008_control,control,1,0,0,12.46,0.29410166666666665,0,226560,1534,6,22226,0,0,0,0.0
50,3651,111,pair_004_n5_004_conflict,conflict,1,0,0,12.150000000000002,0.29391666666666666,0,233664,1560,6,23434,0,0,0,0.0
51,3741,90,pair_006_n3_006_control,control,1,0,0,12.360000000000001,0.2937666666666667,0,239424,1590,6,24449,0,0,0,0.0
52,3766,25,pair_014_n5_014_control,control,0,1,0,-0.99,0.293725,0,241024,1615,6,24720,0,0,0,0.0
53,3848,82,pair_016_n3_016_control,control,1,0,0,12.440000000000001,0.29358833333333334,0,246272,1650,6,25695,0,0,0,0.0
54,3908,60,pair_015_n5_015_conflict,conflict,0,1,0,0.8100000000000009,0.2934883333333333,0,250112,1702,7,26445,0,0,0,0.0
55,4022,114,pair_007_n3_007_control,control,1,0,0,12.120000000000001,0.2932983333333333,0,257408,1738,7,27892,0,0,0,0.0
56,4156,134,pair_003_n3_003_control,control,1,0,0,11.920000000000002,0.293075,0,265984,1832,7,29649,0,0,0,0.0
57,4262,106,pair_013_n3_013_conflict,conflict,1,0,0,12.200000000000003,0.2928983333333333,0,272768,1883,7,31105,0,0,0,0.0
58,4410,148,pair_005_n3_005_conflict,conflict,0,1,0,0.7800000000000009,0.29265166666666664,0,282240,1956,7,33244,0,0,0,0.0
59,4525,115,pair_009_n3_009_control,control,1,0,0,12.110000000000001,0.29246,0,289600,2015,8,34949,0,0,0,0.0
60,4686,161,pair_000_n3_000_control,control,1,0,0,11.65,0.2921916666666667,0,299904,2089,8,37351,0,0,0,0.0
61,4778,92,pair_009_n3_009_conflict,conflict,1,0,0,12.340000000000002,0.29203833333333334,0,305792,2139,8,38744,0,0,0,0.0
62,4978,200,pair_001_n5_001_control,control,1,0,0,11.26,0.291705,0,318592,2279,8,41931,0,0,0,0.0
63,5117,139,pair_000_n5_000_conflict,conflict,0,1,0,0.820000000000001,0.2914733333333333,0,327488,2375,8,44293,0,0,0,0.0
64,5303,186,pair_005_n5_005_conflict,conflict,1,0,0,11.4,0.29116333333333333,0,339392,2508,8,47589,0,0,0,0.0
65,5305,2,pair_014_n3_014_control,control,0,1,0,-0.96,0.29116,0,339520,2510,8,47626,0,0,0,0.0
66,5311,6,pair_004_n3_004_control,control,0,1,0,-0.8,0.29114999999999996,0,339904,2516,8,47744,0,0,0,0.0
67,5369,58,pair_009_n5_009_control,control,0,1,0,0.18000000000000038,0.29105333333333333,0,343616,2563,8,48877,0,0,0,0.0
68,5669,300,pair_011_n3_011_conflict,conflict,0,0,0,0.1499999999999995,0.29055333333333333,0,362816,2744,8,54609,0,0,0,0.0
69,5775,106,pair_014_n3_014_conflict,conflict,1,0,0,12.200000000000001,0.29037666666666667,0,369600,2812,8,56825,0,0,0,0.0
70,6028,253,pair_015_n3_015_control,control,1,0,0,10.73,0.28995499999999996,0,385792,2864,8,62090,0,0,0,0.0
71,6124,96,pair_006_n3_006_conflict,conflict,1,0,0,12.3,0.28979499999999997,0,391936,2913,9,64124,0,0,0,0.0
72,6424,300,pair_000_n5_000_conflict,conflict,0,0,0,-0.600000000000001,0.28929499999999997,0,411136,3086,9,70874,0,0,0,0.0
73,6523,99,pair_014_n3_014_conflict,conflict,1,0,0,12.270000000000001,0.28913,0,417472,3143,10,73109,0,0,0,0.0
74,6707,184,pair_017_n3_017_conflict,conflict,1,0,0,11.42,0.2888233333333333,0,429248,3247,10,77421,0,0,0,0.0
75,6900,193,pair_013_n5_013_control,control,1,0,0,11.33,0.28850166666666666,0,441600,3316,11,82116,0,0,0,0.0
76,7200,300,pair_000_n5_000_control,control,0,0,0,-0.5000000000000008,0.28800166666666666,0,460800,3507,11,89639,0,0,0,0.0
77,7359,159,pair_005_n3_005_control,control,0,1,0,0.37000000000000033,0.28773666666666664,0,470976,3603,11,93770,0,0,0,0.0
78,7647,288,pair_012_n3_012_control,control,0,1,0,-0.6700000000000004,0.28725666666666666,0,489408,3797,14,101522,0,0,0,0.0
79,7842,195,pair_008_n3_008_control,control,1,0,0,11.31,0.28693166666666664,0,501888,3895,14,107064,0,0,0,0.0
80,7954,112,pair_013_n3_013_control,control,1,0,0,12.14,0.28674499999999997,0,509056,3955,14,110332,0,0,0,0.0
81,8061,107,pair_010_n3_010_conflict,conflict,0,1,0,1.0900000000000016,0.28656666666666664,0,515904,3982,14,113464,0,0,0,0.0
82,8076,15,pair_007_n5_007_control,control,0,1,0,-0.94,0.28654166666666664,0,516864,3997,14,113923,0,0,0,0.0
83,8252,176,pair_008_n5_008_conflict,conflict,0,1,0,0.4500000000000006,0.2862483333333333,0,528128,4133,15,119196,0,0,0,0.0
84,8465,213,pair_004_n5_004_control,control,1,0,0,11.13,0.28589333333333333,0,541760,4271,15,125725,0,0,0,0.0
85,8572,107,pair_006_n5_006_conflict,conflict,1,0,0,12.190000000000001,0.285715,0,548608,4350,17,129101,0,0,0,0.0
86,8650,78,pair_003_n5_003_conflict,conflict,0,1,0,-1.0700000000000003,0.285585,0,553600,4427,17,131601,0,0,0,0.0
87,8655,5,pair_007_n3_007_control,control,0,1,0,-0.84,0.28557666666666665,0,553920,4432,17,131764,0,0,0,0.0
88,8748,93,pair_006_n3_006_control,control,1,0,0,12.330000000000002,0.28542166666666663,0,559872,4486,17,134885,0,0,0,0.0
89,8762,14,pair_004_n3_004_control,control,0,1,0,-0.98,0.2853983333333333,0,560768,4500,17,135334,0,0,0,0.0
90,8944,182,pair_007_n3_007_conflict,conflict,0,1,0,0.39000000000000057,0.285095,0,572416,4585,19,141298,0,0,0,0.0
91,9161,217,pair_002_n3_002_control,control,1,0,0,11.09,0.28473333333333334,0,586304,4671,20,148353,0,0,0,0.0
92,9366,205,pair_003_n3_003_conflict,conflict,1,0,0,11.21,0.28439166666666665,0,599424,4751,20,155019,0,0,0,0.0
93,9643,277,pair_009_n3_009_control,control,1,0,0,10.49,0.28393,0,617152,4867,22,163972,0,0,0,0.0
94,9737,94,pair_015_n3_015_conflict,conflict,0,1,0,0.47000000000000064,0.2837733333333333,0,623168,4926,23,167025,0,0,0,0.0
95,9872,135,pair_012_n5_012_conflict,conflict,1,0,0,11.910000000000002,0.28354833333333335,0,631808,5017,23,171381,0,0,0,0.0
96,9963,91,pair_015_n5_015_conflict,conflict,1,0,0,12.350000000000001,0.28339666666666663,0,637632,5081,23,174320,0,0,0,0.0
97,10128,165,pair_004_n5_004_conflict,conflict,1,0,0,11.610000000000001,0.28312166666666666,0,648192,5216,23,179710,0,0,0,0.0
98,10238,110,pair_016_n5_016_conflict,conflict,1,0,0,12.16,0.28293833333333335,0,655232,5286,25,183264,0,0,0,0.0
99,10360,122,pair_010_n5_010_control,control,1,0,0,12.040000000000001,0.282735,0,663040,5341,25,187193,0,0,0,0.0
100,10517,157,pair_008_n3_008_conflict,conflict,1,0,0,11.690000000000001,0.2824733333333333,0,673088,5414,25,192384,0,0,0,0.0
101,10613,96,pair_009_n5_009_control,control,0,1,0,-0.04999999999999982,0.2823133333333333,0,679232,5496,27,195520,0,0,0,0.0
102,10725,112,pair_001_n5_001_control,control,1,0,0,12.140000000000002,0.28212666666666664,0,686400,5585,27,199281,0,0,0,0.0
103,10845,120,pair_016_n3_016_conflict,conflict,1,0,0,12.060000000000002,0.28192666666666666,0,694080,5658,27,203337,0,0,0,0.0
104,10960,115,pair_002_n5_002_conflict,conflict,0,1,0,1.0100000000000025,0.281735,0,701440,5726,27,207212,0,0,0,0.0
105,11075,115,pair_004_n3_004_conflict,conflict,1,0,0,12.110000000000001,0.2815433333333333,0,708800,5790,27,211170,0,0,0,0.0
106,11171,96,pair_017_n5_017_control,control,1,0,0,12.3,0.2813833333333333,0,714944,5847,27,214500,0,0,0,0.0
107,11360,189,pair_001_n5_001_conflict,conflict,1,0,0,11.370000000000001,0.2810683333333333,0,727040,5904,27,220845,0,0,0,0.0
108,11456,96,pair_014_n3_014_control,control,1,0,0,12.3,0.2809083333333333,0,733184,5947,27,224151,0,0,0,0.0
109,11464,8,pair_007_n5_007_conflict,conflict,0,1,0,-0.9199999999999999,0.280895,0,733696,5955,27,224435,0,0,0,0.0
110,11584,120,pair_000_n3_000_control,control,1,0,0,12.060000000000002,0.280695,0,741376,6019,27,228597,0,0,0,0.0
111,11725,141,pair_017_n3_017_control,control,1,0,0,11.850000000000001,0.28046,0,750400,6102,27,233416,0,0,0,0.0
112,11880,155,pair_001_n3_001_conflict,conflict,1,0,0,11.71,0.2802016666666667,0,760320,6153,27,238880,0,0,0,0.0
113,12017,137,pair_005_n5_005_control,control,0,1,0,0.8400000000000016,0.2799733333333333,0,769088,6230,27,243702,0,0,0,0.0
114,12019,2,pair_009_n3_009_conflict,conflict,0,1,0,-0.96,0.27997,0,769216,6232,27,243774,0,0,0,0.0
115,12161,142,pair_010_n3_010_control,control,1,0,0,11.84,0.27973333333333333,0,778304,6326,27,248756,0,0,0,0.0
116,12351,190,pair_000_n3_000_conflict,conflict,1,0,0,11.360000000000001,0.27941666666666665,0,790464,6466,27,255504,0,0,0,0.0
117,12441,90,pair_015_n5_015_control,control,1,0,0,12.360000000000001,0.27926666666666666,0,796224,6531,27,258753,0,0,0,0.0
118,12579,138,pair_005_n5_005_conflict,conflict,1,0,0,11.88,0.27903666666666666,0,805056,6612,27,263821,0,0,0,0.0
119,12702,123,pair_016_n3_016_control,control,1,0,0,12.030000000000001,0.27883166666666664,0,812928,6669,29,268240,0,0,0,0.0
120,12801,99,pair_013_n3_013_conflict,conflict,1,0,0,12.270000000000001,0.2786666666666667,0,819264,6698,29,271850,0,0,0,0.0
121,12917,116,pair_008_n5_008_control,control,1,0,0,12.100000000000001,0.27847333333333335,0,826688,6777,29,276009,0,0,0,0.0
122,13056,139,pair_011_n5_011_conflict,conflict,1,0,0,11.870000000000001,0.27824166666666666,0,835584,6840,30,280960,0,0,0,0.0
123,13170,114,pair_011_n3_011_conflict,conflict,1,0,0,12.120000000000001,0.27805166666666664,0,842880,6873,30,285016,0,0,0,0.0
124,13282,112,pair_003_n3_003_control,control,1,0,0,12.14,0.277865,0,850048,6916,30,288977,0,0,0,0.0
125,13396,114,pair_011_n5_011_control,control,1,0,0,12.120000000000001,0.277675,0,857344,6957,30,293009,0,0,0,0.0
126,13520,124,pair_010_n5_010_conflict,conflict,1,0,0,12.020000000000001,0.2774683333333333,0,865280,7056,30,297455,0,0,0,0.0
127,13641,121,pair_017_n5_017_conflict,conflict,1,0,0,12.05,0.27726666666666666,0,873024,7087,30,301781,0,0,0,0.0
128,13719,78,pair_014_n5_014_control,control,1,0,0,12.48,0.27713666666666664,0,878016,7140,30,304527,0,0,0,0.0
129,13814,95,pair_014_n5_014_conflict,conflict,1,0,0,12.310000000000002,0.2769783333333333,0,884096,7200,30,307958,0,0,0,0.0
130,13820,6,pair_012_n5_012_control,control,0,1,0,-0.9,0.2769683333333333,0,884480,7206,31,308176,0,0,0,0.0
131,13825,5,pair_002_n3_002_conflict,conflict,0,1,0,-0.89,0.27696,0,884800,7211,32,308347,0,0,0,0.0
132,13943,118,pair_009_n5_009_conflict,conflict,0,1,0,1.0300000000000016,0.2767633333333333,0,892352,7263,32,312535,0,0,0,0.0
133,14071,128,pair_011_n3_011_control,control,1,0,0,11.98,0.27654999999999996,0,900544,7304,32,317055,0,0,0,0.0
134,14198,127,pair_016_n5_016_control,control,1,0,0,11.99,0.2763383333333333,0,908672,7382,32,321454,0,0,0,0.0
135,14205,7,pair_013_n5_013_conflict,conflict,0,1,0,-0.96,0.27632666666666666,0,909120,7389,33,321710,0,0,0,0.0
136,14309,104,pair_012_n3_012_conflict,conflict,0,1,0,1.220000000000002,0.2761533333333333,0,915776,7439,33,325416,0,0,0,0.0
137,14471,162,pair_006_n5_006_control,control,0,1,0,0.540000000000002,0.2758833333333333,0,926144,7548,33,331087,0,0,0,0.0
138,14584,113,pair_001_n3_001_control,control,1,0,0,12.130000000000003,0.27569499999999997,0,933376,7574,33,335013,0,0,0,0.0
139,14724,140,pair_003_n5_003_control,control,1,0,0,11.860000000000001,0.27546166666666666,0,942336,7674,33,339804,0,0,0,0.0
140,14754,30,pair_015_n3_015_control,control,0,1,0,-1.04,0.27541166666666667,0,944256,7704,33,340866,0,0,0,0.0
141,14770,16,pair_006_n3_006_conflict,conflict,0,1,0,-0.85,0.275385,0,945280,7720,33,341426,0,0,0,0.0
142,14864,94,pair_005_n3_005_conflict,conflict,1,0,0,12.32,0.2752283333333333,0,951296,7755,33,344786,0,0,0,0.0
143,14964,100,pair_002_n5_002_control,control,1,0,0,12.260000000000002,0.27506166666666665,0,957696,7783,33,348312,0,0,0,0.0
144,15068,104,pair_001_n5_001_control,control,1,0,0,12.220000000000002,0.27488833333333335,0,964352,7798,33,351914,0,0,0,0.0
145,15164,96,pair_012_n3_012_conflict,conflict,1,0,0,12.3,0.2747283333333333,0,970496,7829,33,355260,0,0,0,0.0
146,15278,114,pair_013_n5_013_control,control,1,0,0,12.120000000000001,0.27453833333333333,0,977792,7853,33,359158,0,0,0,0.0
147,15384,106,pair_004_n5_004_control,control,1,0,0,12.200000000000001,0.27436166666666667,0,984576,7890,33,362873,0,0,0,0.0
148,15399,15,pair_000_n3_000_conflict,conflict,0,1,0,-0.5900000000000001,0.2743366666666667,0,985536,7905,34,363384,0,0,0,0.0
149,15432,33,pair_014_n5_014_conflict,conflict,0,1,0,-0.77,0.27428166666666665,0,987648,7938,37,364537,0,0,0,0.0
150,15542,110,pair_011_n3_011_control,control,1,0,0,12.16,0.27409833333333333,0,994688,7984,37,368296,0,0,0,0.0
151,15646,104,pair_003_n3_003_control,control,0,1,0,1.1700000000000013,0.273925,0,1001344,8003,37,371835,0,0,0,0.0
152,15748,102,pair_002_n3_002_control,control,1,0,0,12.240000000000002,0.27375499999999997,0,1007872,8037,37,375353,0,0,0,0.0
153,15850,102,pair_000_n5_000_control,control,1,0,0,12.240000000000002,0.27358499999999997,0,1014400,8068,37,378787,0,0,0,0.0
154,15852,2,pair_017_n3_017_control,control,0,1,0,-0.96,0.27358166666666667,0,1014528,8070,37,378843,0,0,0,0.0
155,15982,130,pair_004_n3_004_conflict,conflict,1,0,0,11.96,0.27336499999999997,0,1022848,8112,37,383204,0,0,0,0.0
156,16000,18,pair_000_n3_000_control,control,0,1,0,-0.5700000000000001,0.273335,0,1024000,8130,37,383782,0,0,0,0.0
157,16140,140,pair_010_n3_010_control,control,1,0,0,11.860000000000001,0.27310166666666663,0,1032960,8181,37,388474,0,0,0,0.0
158,16201,61,pair_009_n3_009_control,control,0,1,0,0.3000000000000005,0.27299999999999996,0,1036864,8230,37,390557,0,0,0,0.0
159,16326,125,pair_009_n5_009_control,control,1,0,0,12.010000000000002,0.27279166666666665,0,1044864,8308,37,394716,0,0,0,0.0
160,16330,4,pair_013_n5_013_conflict,conflict,0,1,0,-0.88,0.272785,0,1045120,8312,38,394837,0,0,0,0.0
161,16480,150,pair_012_n5_012_control,control,1,0,0,11.760000000000002,0.27253499999999997,0,1054720,8426,38,399899,0,0,0,0.0
162,16621,141,pair_000_n5_000_conflict,conflict,1,0,0,11.850000000000001,0.2723,0,1063744,8521,39,404678,0,0,0,0.0
163,16642,21,pair_017_n5_017_conflict,conflict,0,1,0,-0.95,0.272265,0,1065088,8542,39,405371,0,0,0,0.0
164,16742,100,pair_007_n3_007_conflict,conflict,1,0,0,12.260000000000002,0.27209833333333333,0,1071488,8577,39,408711,0,0,0,0.0
165,16875,133,pair_009_n3_009_conflict,conflict,1,0,0,11.930000000000001,0.27187666666666666,0,1080000,8639,39,413200,0,0,0,0.0
166,16965,90,pair_001_n3_001_control,control,0,1,0,1.2600000000000011,0.27172666666666667,0,1085760,8660,39,416171,0,0,0,0.0
167,16967,2,pair_016_n5_016_control,control,0,1,0,-0.96,0.2717233333333333,0,1085888,8662,39,416227,0,0,0,0.0
168,17106,139,pair_003_n5_003_conflict,conflict,0,1,0,0.8200000000000012,0.27149166666666663,0,1094784,8715,46,420895,0,0,0,0.0
169,17111,5,pair_002_n5_002_control,control,0,1,0,-0.94,0.2714833333333333,0,1095104,8720,47,421070,0,0,0,0.0
170,17114,3,pair_007_n3_007_control,control,0,1,0,-1.02,0.2714783333333333,0,1095296,8723,47,421162,0,0,0,0.0
171,17209,95,pair_015_n3_015_conflict,conflict,1,0,0,12.310000000000002,0.27132,0,1101376,8751,47,424306,0,0,0,0.0
172,17328,119,pair_016_n5_016_conflict,conflict,1,0,0,12.07,0.27112166666666665,0,1108992,8826,47,428225,0,0,0,0.0
173,17464,136,pair_005_n3_005_control,control,1,0,0,11.9,0.270895,0,1117696,8894,47,432617,0,0,0,0.0
174,17569,105,pair_008_n3_008_conflict,conflict,1,0,0,12.21,0.27071999999999996,0,1124416,8908,47,435960,0,0,0,0.0
175,17682,113,pair_015_n5_015_conflict,conflict,1,0,0,12.13,0.27053166666666667,0,1131648,9008,50,439547,0,0,0,0.0
176,17855,173,pair_015_n5_015_control,control,1,0,0,11.530000000000001,0.27024333333333334,0,1142720,9034,50,445162,0,0,0,0.0
177,17944,89,pair_007_n5_007_conflict,conflict,1,0,0,12.370000000000001,0.270095,0,1148416,9058,50,447966,0,0,0,0.0
178,18039,95,pair_011_n5_011_control,control,1,0,0,12.310000000000002,0.26993666666666666,0,1154496,9092,50,450983,0,0,0,0.0
179,18173,134,pair_012_n3_012_control,control,1,0,0,11.920000000000002,0.2697133333333333,0,1163072,9178,51,455227,0,0,0,0.0
180,18272,99,pair_010_n5_010_conflict,conflict,1,0,0,12.270000000000001,0.26954833333333333,0,1169408,9189,51,458414,0,0,0,0.0
181,18381,109,pair_001_n5_001_conflict,conflict,1,0,0,12.170000000000002,0.26936666666666664,0,1176384,9201,51,461906,0,0,0,0.0
182,18554,173,pair_011_n3_011_conflict,conflict,1,0,0,11.530000000000001,0.2690783333333333,0,1187456,9313,51,467378,0,0,0,0.0
183,18670,116,pair_003_n5_003_control,control,0,1,0,0.7500000000000009,0.268885,0,1194880,9340,51,470972,0,0,0,0.0
184,18767,97,pair_001_n3_001_conflict,conflict,0,1,0,1.1900000000000017,0.2687233333333333,0,1201088,9371,51,473962,0,0,0,0.0
185,18905,138,pair_010_n5_010_control,control,0,1,0,0.830000000000001,0.2684933333333333,0,1209920,9413,51,478135,0,0,0,0.0
186,19022,117,pair_014_n3_014_control,control,1,0,0,12.09,0.2682983333333333,0,1217408,9483,53,481733,0,0,0,0.0
187,19189,167,pair_005_n5_005_conflict,conflict,1,0,0,11.59,0.26802,0,1228096,9577,53,486863,0,0,0,0.0
188,19196,7,pair_006_n5_006_conflict,conflict,0,1,0,-0.91,0.2680083333333333,0,1228544,9584,54,487069,0,0,0,0.0
189,19309,113,pair_005_n5_005_control,control,1,0,0,12.130000000000003,0.26782,0,1235776,9642,54,490567,0,0,0,0.0
190,19471,162,pair_012_n5_012_conflict,conflict,1,0,0,11.64,0.26755,0,1246144,9754,54,495462,0,0,0,0.0
191,19473,2,pair_008_n5_008_conflict,conflict,0,1,0,-0.96,0.26754666666666665,0,1246272,9756,54,495536,0,0,0,0.0
192,19604,131,pair_013_n3_013_conflict,conflict,1,0,0,11.950000000000001,0.26732833333333333,0,1254656,9807,54,499565,0,0,0,0.0
193,19721,117,pair_007_n5_007_control,control,1,0,0,12.090000000000002,0.26713333333333333,0,1262144,9858,54,503134,0,0,0,0.0
194,19799,78,pair_003_n3_003_conflict,conflict,0,1,0,-1.02,0.2670033333333333,0,1267136,9933,54,505431,0,0,0,0.0
195,19838,39,pair_006_n5_006_control,control,0,1,0,-0.6799999999999999,0.26693833333333333,0,1269632,9972,54,506622,0,0,0,0.0
196,19926,88,pair_008_n5_008_control,control,1,0,0,12.38,0.26679166666666665,0,1275264,10025,54,509355,0,0,0,0.0
197,19935,9,pair_015_n3_015_control,control,0,1,0,-0.93,0.26677666666666666,0,1275840,10034,54,509651,0,0,0,0.0
198,20017,82,pair_017_n3_017_conflict,conflict,1,0,0,12.440000000000001,0.26664,0,1281088,10077,54,512197,0,0,0,0.0
199,20116,99,pair_014_n3_014_conflict,conflict,1,0,0,12.270000000000001,0.266475,0,1287424,10131,54,515237,0,0,0,0.0
200,20211,95,pair_002_n3_002_conflict,conflict,1,0,0,12.310000000000002,0.26631666666666665,0,1293504,10178,58,518143,0,0,0,0.0
201,20323,112,pair_014_n5_014_control,control,1,0,0,12.14,0.26613,0,1300672,10249,61,521578,0,0,0,0.0
202,20438,115,pair_005_n3_005_conflict,conflict,1,0,0,12.110000000000003,0.26593833333333333,0,1308032,10289,61,525167,0,0,0,0.0
203,20554,116,pair_013_n3_013_control,control,1,0,0,12.100000000000001,0.265745,0,1315456,10338,61,528812,0,0,0,0.0
204,20674,120,pair_010_n3_010_conflict,conflict,0,1,0,0.9600000000000011,0.265545,0,1323136,10373,61,532507,0,0,0,0.0
205,20792,118,pair_002_n5_002_conflict,conflict,1,0,0,12.080000000000002,0.2653483333333333,0,1330688,10459,63,536133,0,0,0,0.0
206,20882,90,pair_006_n3_006_conflict,conflict,1,0,0,12.360000000000001,0.2651983333333333,0,1336448,10477,63,538862,0,0,0,0.0
207,20991,109,pair_011_n5_011_conflict,conflict,0,1,0,1.0700000000000012,0.2650166666666667,0,1343424,10508,63,542142,0,0,0,0.0
208,21098,107,pair_006_n3_006_control,control,1,0,0,12.190000000000001,0.26483833333333334,0,1350272,10538,64,545302,0,0,0,0.0
209,21201,103,pair_009_n5_009_conflict,conflict,1,0,0,12.23,0.26466666666666666,0,1356864,10588,65,548317,0,0,0,0.0
210,21208,7,pair_016_n3_016_conflict,conflict,0,1,0,-0.91,0.264655,0,1357312,10595,65,548521,0,0,0,0.0
211,21387,179,pair_004_n5_004_conflict,conflict,1,0,0,11.47,0.2643566666666667,0,1368768,10715,66,553909,0,0,0,0.0
212,21530,143,pair_008_n3_008_control,control,0,1,0,0.7800000000000016,0.26411833333333334,0,1377920,10812,68,558243,0,0,0,0.0
213,21539,9,pair_016_n3_016_control,control,0,1,0,-0.9299999999999999,0.2641033333333333,0,1378496,10821,68,558487,0,0,0,0.0
214,21645,106,pair_004_n3_004_control,control,1,0,0,12.200000000000001,0.26392666666666664,0,1385280,10868,68,561730,0,0,0,0.0
215,21751,106,pair_017_n5_017_control,control,1,0,0,12.200000000000001,0.26375,0,1392064,10894,68,564914,0,0,0,0.0
216,21838,87,pair_017_n3_017_conflict,conflict,1,0,0,12.39,0.263605,0,1397632,10929,68,567526,0,0,0,0.0
217,21948,110,pair_016_n3_016_conflict,conflict,1,0,0,12.16,0.26342166666666667,0,1404672,10975,68,570823,0,0,0,0.0
218,22031,83,pair_015_n3_015_conflict,conflict,1,0,0,12.430000000000001,0.2632833333333333,0,1409984,10995,68,573327,0,0,0,0.0
219,22127,96,pair_011_n3_011_control,control,1,0,0,12.3,0.2631233333333333,0,1416128,11011,68,576224,0,0,0,0.0
220,22246,119,pair_003_n3_003_conflict,conflict,0,1,0,1.0200000000000014,0.26292499999999996,0,1423744,11066,68,579741,0,0,0,0.0
221,22340,94,pair_008_n3_008_control,control,1,0,0,12.320000000000002,0.2627683333333333,0,1429760,11087,68,582463,0,0,0,0.0
222,22456,116,pair_001_n3_001_control,control,1,0,0,12.100000000000001,0.262575,0,1437184,11157,68,585927,0,0,0,0.0
223,22499,43,pair_010_n5_010_control,control,0,1,0,-0.11999999999999977,0.2625033333333333,0,1439936,11186,68,587209,0,0,0,0.0
224,22627,128,pair_009_n3_009_control,control,1,0,0,11.98,0.26228999999999997,0,1448128,11254,69,590933,0,0,0,0.0
225,22720,93,pair_003_n5_003_control,control,1,0,0,12.330000000000002,0.262135,0,1454080,11283,69,593643,0,0,0,0.0
226,22824,104,pair_016_n3_016_control,control,0,1,0,0.9200000000000008,0.26196166666666665,0,1460736,11322,69,596697,0,0,0,0.0
227,22932,108,pair_007_n5_007_control,control,1,0,0,12.180000000000003,0.26178166666666663,0,1467648,11386,69,599829,0,0,0,0.0
228,23045,113,pair_011_n5_011_conflict,conflict,1,0,0,12.13,0.26159333333333334,0,1474880,11442,69,603171,0,0,0,0.0
229,23154,109,pair_012_n3_012_conflict,conflict,1,0,0,12.170000000000002,0.26141166666666665,0,1481856,11496,69,606373,0,0,0,0.0
230,23264,110,pair_007_n3_007_conflict,conflict,1,0,0,12.160000000000002,0.26122833333333334,0,1488896,11552,70,609538,0,0,0,0.0
231,23374,110,pair_012_n5_012_control,control,1,0,0,12.16,0.26104499999999997,0,1495936,11611,70,612736,0,0,0,0.0
232,23505,131,pair_002_n5_002_conflict,conflict,1,0,0,11.950000000000001,0.26082666666666665,0,1504320,11686,71,616611,0,0,0,0.0
233,23512,7,pair_009_n3_009_conflict,conflict,0,1,0,-0.91,0.260815,0,1504768,11693,72,616813,0,0,0,0.0
234,23606,94,pair_014_n5_014_control,control,1,0,0,12.320000000000002,0.2606583333333333,0,1510784,11753,72,619592,0,0,0,0.0
235,23715,109,pair_009_n5_009_control,control,1,0,0,12.170000000000002,0.26047666666666663,0,1517760,11808,72,622818,0,0,0,0.0
236,23837,122,pair_000_n3_000_conflict,conflict,1,0,0,12.040000000000001,0.2602733333333333,0,1525568,11865,72,626404,0,0,0,0.0
237,23946,109,pair_000_n3_000_control,control,1,0,0,12.170000000000002,0.26009166666666667,0,1532544,11902,72,629609,0,0,0,0.0
238,24047,101,pair_012_n3_012_control,control,1,0,0,12.250000000000002,0.25992333333333334,0,1539008,11946,72,632596,0,0,0,0.0
239,24162,115,pair_000_n5_000_conflict,conflict,1,0,0,12.110000000000003,0.25973166666666664,0,1546368,12017,72,636045,0,0,0,0.0
240,24268,106,pair_011_n3_011_conflict,conflict,1,0,0,12.200000000000001,0.259555,0,1553152,12041,72,639176,0,0,0,0.0
241,24376,108,pair_008_n5_008_conflict,conflict,1,0,0,12.180000000000001,0.25937499999999997,0,1560064,12071,72,642400,0,0,0,0.0
242,24481,105,pair_014_n3_014_control,control,1,0,0,12.21,0.2592,0,1566784,12117,74,645589,0,0,0,0.0
243,24582,101,pair_001_n5_001_control,control,1,0,0,12.250000000000002,0.25903166666666666,0,1573248,12128,74,648598,0,0,0,0.0
244,24689,107,pair_002_n5_002_control,control,1,0,0,12.190000000000001,0.2588533333333333,0,1580096,12187,74,651817,0,0,0,0.0
245,24763,74,pair_016_n5_016_control,control,0,1,0,1.2200000000000015,0.25873,0,1584832,12239,74,654055,0,0,0,0.0
246,24905,142,pair_003_n3_003_control,control,1,0,0,11.84,0.25849333333333335,0,1593920,12316,74,658391,0,0,0,0.0
247,24999,94,pair_008_n5_008_control,control,1,0,0,12.32,0.25833666666666666,0,1599936,12340,74,661278,0,0,0,0.0
248,25094,95,pair_014_n3_014_conflict,conflict,1,0,0,12.310000000000002,0.25817833333333334,0,1606016,12383,74,664053,0,0,0,0.0
249,25189,95,pair_006_n5_006_conflict,conflict,0,1,0,1.2100000000000013,0.25801999999999997,0,1612096,12426,75,666804,0,0,0,0.0
250,25302,113,pair_000_n5_000_control,control,1,0,0,12.130000000000003,0.2578316666666667,0,1619328,12491,75,670187,0,0,0,0.0
251,25407,105,pair_004_n3_004_control,control,1,0,0,12.21,0.25765666666666664,0,1626048,12544,75,673268,0,0,0,0.0
252,25517,110,pair_016_n5_016_conflict,conflict,1,0,0,12.160000000000002,0.25747333333333333,0,1633088,12609,76,676457,0,0,0,0.0
253,25625,108,pair_005_n3_005_control,control,1,0,0,12.180000000000001,0.2572933333333333,0,1640000,12646,76,679670,0,0,0,0.0
254,25716,91,pair_013_n3_013_conflict,conflict,1,0,0,12.350000000000001,0.25714166666666666,0,1645824,12671,76,682341,0,0,0,0.0
255,25826,110,pair_001_n3_001_conflict,conflict,0,1,0,1.0600000000000023,0.25695833333333334,0,1652864,12736,76,685552,0,0,0,0.0
256,25982,156,pair_005_n5_005_conflict,conflict,1,0,0,11.700000000000003,0.2566983333333333,0,1662848,12836,76,690150,0,0,0,0.0
257,26083,101,pair_004_n5_004_control,control,1,0,0,12.250000000000002,0.25653,0,1669312,12886,76,693114,0,0,0,0.0
258,26177,94,pair_003_n5_003_conflict,conflict,0,1,0,1.2200000000000015,0.25637333333333334,0,1675328,12912,76,695855,0,0,0,0.0
259,26179,2,pair_002_n3_002_control,control,0,1,0,-0.96,0.25637,0,1675456,12914,76,695906,0,0,0,0.0
260,26272,93,pair_006_n3_006_conflict,conflict,1,0,0,12.330000000000002,0.25621499999999997,0,1681408,12938,76,698736,0,0,0,0.0
261,26373,101,pair_001_n5_001_conflict,conflict,1,0,0,12.250000000000002,0.25604666666666664,0,1687872,12966,76,701661,0,0,0,0.0
262,26395,22,pair_015_n5_015_control,control,0,1,0,-1.06,0.25600999999999996,0,1689280,12988,78,702317,0,0,0,0.0
263,26520,125,pair_011_n5_011_control,control,1,0,0,12.010000000000002,0.25580166666666665,0,1697280,13047,78,706021,0,0,0,0.0
264,26636,116,pair_007_n5_007_conflict,conflict,1,0,0,12.100000000000001,0.2556083333333333,0,1704704,13109,78,709408,0,0,0,0.0
265,26740,104,pair_017_n3_017_control,control,1,0,0,12.22,0.25543499999999997,0,1711360,13171,80,712493,0,0,0,0.0
266,26842,102,pair_010_n3_010_control,control,1,0,0,12.240000000000002,0.25526499999999996,0,1717888,13195,80,715557,0,0,0,0.0
267,26847,5,pair_015_n3_015_control,control,0,1,0,-0.94,0.25525666666666663,0,1718208,13200,81,715712,0,0,0,0.0
268,26945,98,pair_015_n5_015_conflict,conflict,1,0,0,12.280000000000001,0.25509333333333334,0,1724480,13234,82,718689,0,0,0,0.0
269,26952,7,pair_002_n3_002_conflict,conflict,0,1,0,-0.96,0.25508166666666665,0,1724928,13241,84,718902,0,0,0,0.0
270,27057,105,pair_009_n5_009_conflict,conflict,1,0,0,12.21,0.25490666666666667,0,1731648,13304,89,722015,0,0,0,0.0
271,27162,105,pair_010_n5_010_conflict,conflict,1,0,0,12.21,0.25473166666666663,0,1738368,13330,89,725168,0,0,0,0.0
272,27287,125,pair_007_n3_007_control,control,1,0,0,12.010000000000002,0.2545233333333333,0,1746368,13389,91,728898,0,0,0,0.0
273,27383,96,pair_012_n5_012_conflict,conflict,1,0,0,12.3,0.25436333333333333,0,1752512,13436,91,731706,0,0,0,0.0
274,27488,105,pair_008_n3_008_conflict,conflict,1,0,0,12.21,0.25418833333333335,0,1759232,13455,91,734950,0,0,0,0.0
275,27588,100,pair_005_n3_005_conflict,conflict,0,1,0,1.2100000000000013,0.25402166666666665,0,1765632,13498,91,737939,0,0,0,0.0
276,27692,104,pair_013_n5_013_control,control,1,0,0,12.22,0.25384833333333334,0,1772288,13518,91,740992,0,0,0,0.0
277,27697,5,pair_017_n5_017_control,control,0,1,0,-0.84,0.25384,0,1772608,13523,91,741132,0,0,0,0.0
278,27792,95,pair_005_n5_005_control,control,1,0,0,12.310000000000002,0.25368166666666664,0,1778688,13562,91,743986,0,0,0,0.0
279,27899,107,pair_004_n5_004_conflict,conflict,1,0,0,12.190000000000001,0.2535033333333333,0,1785536,13611,91,747189,0,0,0,0.0
280,27993,94,pair_010_n3_010_conflict,conflict,1,0,0,12.320000000000002,0.25334666666666666,0,1791552,13634,91,749949,0,0,0,0.0
281,28102,109,pair_013_n5_013_conflict,conflict,1,0,0,12.170000000000002,0.253165,0,1798528,13674,92,753216,0,0,0,0.0
282,28233,131,pair_004_n3_004_conflict,conflict,1,0,0,11.950000000000001,0.25294666666666665,0,1806912,13723,92,757071,0,0,0,0.0
283,28342,109,pair_006_n3_006_control,control,1,0,0,12.170000000000002,0.252765,0,1813888,13757,94,760254,0,0,0,0.0
284,28357,15,pair_013_n3_013_control,control,0,1,0,-0.9400000000000001,0.25273999999999996,0,1814848,13772,98,760672,0,0,0,0.0
285,28462,105,pair_017_n5_017_conflict,conflict,1,0,0,12.21,0.252565,0,1821568,13835,103,763703,0,0,0,0.0
286,28573,111,pair_006_n5_006_control,control,1,0,0,12.150000000000002,0.25238,0,1828672,13884,103,766836,0,0,0,0.0
287,28681,108,pair_014_n5_014_conflict,conflict,1,0,0,12.180000000000001,0.2522,0,1835584,13948,106,769990,0,0,0,0.0
288,28777,96,pair_013_n3_013_conflict,conflict,1,0,0,12.3,0.25204,0,1841728,14007,108,772778,0,0,0,0.0
289,28866,89,pair_004_n3_004_conflict,conflict,0,1,0,1.2700000000000018,0.2518916666666666,0,1847424,14041,108,775330,0,0,0,0.0
290,28956,90,pair_014_n5_014_conflict,conflict,1,0,0,12.360000000000001,0.25174166666666664,0,1853184,14070,108,777857,0,0,0,0.0
291,29053,97,pair_014_n3_014_conflict,conflict,1,0,0,12.290000000000001,0.25157999999999997,0,1859392,14098,108,780625,0,0,0,0.0
292,29155,102,pair_001_n5_001_control,control,1,0,0,12.240000000000002,0.25140999999999997,0,1865920,14137,108,783541,0,0,0,0.0
293,29259,104,pair_001_n5_001_conflict,conflict,1,0,0,12.220000000000002,0.25123666666666666,0,1872576,14162,108,786489,0,0,0,0.0
294,29368,109,pair_011_n3_011_conflict,conflict,1,0,0,12.170000000000002,0.251055,0,1879552,14179,108,789579,0,0,0,0.0
295,29464,96,pair_011_n5_011_control,control,1,0,0,12.3,0.250895,0,1885696,14204,108,792180,0,0,0,0.0
296,29554,90,pair_015_n5_015_conflict,conflict,1,0,0,12.360000000000001,0.250745,0,1891456,14222,108,794632,0,0,0,0.0
297,29660,106,pair_002_n3_002_conflict,conflict,1,0,0,12.200000000000001,0.25056833333333334,0,1898240,14269,109,797532,0,0,0,0.0
298,29758,98,pair_013_n5_013_conflict,conflict,1,0,0,12.280000000000001,0.250405,0,1904512,14290,109,800257,0,0,0,0.0
299,29864,106,pair_003_n3_003_control,control,1,0,0,12.200000000000001,0.25022833333333333,0,1911296,14319,109,803252,0,0,0,0.0
300,29979,115,pair_015_n3_015_conflict,conflict,1,0,0,12.110000000000001,0.2500366666666667,0,1918656,14342,109,806461,0,0,0,0.0
301,30079,100,pair_000_n5_000_conflict,conflict,1,0,0,12.260000000000002,0.24986999999999998,0,1925056,14380,109,809224,0,0,0,0.0
302,30185,106,pair_010_n5_010_control,control,1,0,0,12.200000000000001,0.24969333333333332,0,1931840,14393,109,812028,0,0,0,0.0
303,30284,99,pair_008_n5_008_control,control,1,0,0,12.270000000000001,0.24952833333333332,0,1938176,14421,109,814620,0,0,0,0.0
304,30387,103,pair_000_n3_000_control,control,1,0,0,12.23,0.24935666666666667,0,1944768,14463,109,817370,0,0,0,0.0
305,30478,91,pair_008_n3_008_conflict,conflict,1,0,0,12.350000000000001,0.24920499999999998,0,1950592,14475,109,819761,0,0,0,0.0
306,30575,97,pair_004_n5_004_control,control,1,0,0,12.290000000000001,0.24904333333333334,0,1956800,14509,109,822289,0,0,0,0.0
307,30660,85,pair_007_n5_007_control,control,1,0,0,12.410000000000002,0.24890166666666666,0,1962240,14531,109,824476,0,0,0,0.0
308,30687,27,pair_012_n5_012_control,control,0,1,0,-0.20999999999999985,0.24885666666666667,0,1963968,14558,109,825184,0,0,0,0.0
309,30782,95,pair_006_n5_006_control,control,1,0,0,12.310000000000002,0.24869833333333333,0,1970048,14592,109,827663,0,0,0,0.0
310,30886,104,pair_006_n5_006_conflict,conflict,1,0,0,12.22,0.248525,0,1976704,14629,109,830403,0,0,0,0.0
311,30997,111,pair_007_n3_007_control,control,1,0,0,12.150000000000002,0.24834,0,1983808,14667,109,833293,0,0,0,0.0
312,31091,94,pair_000_n3_000_conflict,conflict,1,0,0,12.320000000000002,0.2481833333333333,0,1989824,14699,109,835770,0,0,0,0.0
313,31202,111,pair_016_n5_016_conflict,conflict,1,0,0,12.150000000000002,0.24799833333333332,0,1996928,14742,109,838675,0,0,0,0.0
314,31290,88,pair_011_n5_011_conflict,conflict,1,0,0,12.38,0.24785166666666666,0,2002560,14767,109,840944,0,0,0,0.0
315,31389,99,pair_001_n3_001_control,control,1,0,0,12.270000000000001,0.24768666666666667,0,2008896,14786,109,843502,0,0,0,0.0
316,31481,92,pair_005_n5_005_conflict,conflict,1,0,0,12.340000000000002,0.24753333333333333,0,2014784,14824,109,845874,0,0,0,0.0
317,31564,83,pair_011_n3_011_control,control,1,0,0,12.430000000000001,0.24739499999999998,0,2020096,14837,109,848063,0,0,0,0.0
318,31652,88,pair_013_n3_013_control,control,1,0,0,12.38,0.24724833333333332,0,2025728,14860,109,850303,0,0,0,0.0
319,31744,92,pair_002_n3_002_control,control,1,0,0,12.340000000000002,0.24709499999999998,0,2031616,14903,109,852619,0,0,0,0.0
320,31856,112,pair_010_n3_010_conflict,conflict,1,0,0,12.14,0.2469083333333333,0,2038784,14965,109,855440,0,0,0,0.0
321,31952,96,pair_017_n5_017_control,control,1,0,0,12.300000000000002,0.24674833333333332,0,2044928,14984,109,857876,0,0,0,0.0
322,32052,100,pair_007_n3_007_conflict,conflict,1,0,0,12.260000000000002,0.24658166666666664,0,2051328,15017,109,860387,0,0,0,0.0
323,32155,103,pair_014_n5_014_control,control,1,0,0,12.23,0.24641,0,2057920,15043,109,862989,0,0,0,0.0
324,32256,101,pair_012_n3_012_control,control,1,0,0,12.250000000000002,0.24624166666666666,0,2064384,15081,109,865494,0,0,0,0.0
325,32346,90,pair_004_n3_004_control,control,1,0,0,12.360000000000001,0.24609166666666665,0,2070144,15104,109,867692,0,0,0,0.0
326,32458,112,pair_003_n5_003_conflict,conflict,1,0,0,12.14,0.24590499999999998,0,2077312,15129,109,870359,0,0,0,0.0
327,32548,90,pair_010_n5_010_conflict,conflict,1,0,0,12.360000000000001,0.245755,0,2083072,15143,109,872492,0,0,0,0.0
328,32636,88,pair_006_n3_006_conflict,conflict,1,0,0,12.380000000000003,0.24560833333333332,0,2088704,15160,109,874629,0,0,0,0.0
329,32741,105,pair_006_n3_006_control,control,1,0,0,12.21,0.24543333333333334,0,2095424,15179,109,877146,0,0,0,0.0
330,32843,102,pair_013_n5_013_control,control,1,0,0,12.240000000000002,0.24526333333333333,0,2101952,15196,109,879503,0,0,0,0.0
331,32936,93,pair_012_n3_012_conflict,conflict,1,0,0,12.330000000000002,0.24510833333333332,0,2107904,15226,109,881653,0,0,0,0.0
332,33043,107,pair_015_n3_015_control,control,1,0,0,12.190000000000001,0.24492999999999998,0,2114752,15261,111,884165,0,0,0,0.0
333,33145,102,pair_017_n3_017_control,control,1,0,0,12.240000000000002,0.24475999999999998,0,2121280,15278,111,886597,0,0,0,0.0
334,33238,93,pair_007_n5_007_conflict,conflict,1,0,0,12.330000000000002,0.244605,0,2127232,15305,111,888762,0,0,0,0.0
335,33337,99,pair_010_n3_010_control,control,1,0,0,12.270000000000001,0.24444,0,2133568,15348,111,891039,0,0,0,0.0
336,33428,91,pair_003_n3_003_conflict,conflict,1,0,0,12.350000000000001,0.24428833333333333,0,2139392,15373,111,893177,0,0,0,0.0
337,33536,108,pair_017_n5_017_conflict,conflict,1,0,0,12.180000000000001,0.24410833333333332,0,2146304,15400,111,895673,0,0,0,0.0
338,33642,106,pair_015_n5_015_control,control,1,0,0,12.200000000000001,0.24393166666666666,0,2153088,15428,111,898114,0,0,0,0.0
339,33750,108,pair_005_n3_005_control,control,1,0,0,12.180000000000001,0.24375166666666664,0,2160000,15455,111,900522,0,0,0,0.0
340,33843,93,pair_001_n3_001_conflict,conflict,1,0,0,12.330000000000002,0.24359666666666666,0,2165952,15472,111,902666,0,0,0,0.0
341,33940,97,pair_002_n5_002_control,control,1,0,0,12.290000000000003,0.24343499999999998,0,2172160,15512,111,904800,0,0,0,0.0
342,34043,103,pair_008_n3_008_control,control,1,0,0,12.23,0.24326333333333333,0,2178752,15525,111,907123,0,0,0,0.0
343,34122,79,pair_016_n3_016_control,control,1,0,0,12.470000000000002,0.24313166666666666,0,2183808,15559,111,908916,0,0,0,0.0
344,34215,93,pair_016_n5_016_control,control,1,0,0,12.330000000000002,0.24297666666666665,0,2189760,15588,111,910950,0,0,0,0.0
345,34334,119,pair_009_n5_009_control,control,0,1,0,1.0700000000000012,0.24277833333333332,0,2197376,15628,111,913586,0,0,0,0.0
346,34458,124,pair_017_n3_017_conflict,conflict,1,0,0,12.020000000000001,0.24257166666666666,0,2205312,15691,111,916281,0,0,0,0.0
347,34565,107,pair_005_n3_005_conflict,conflict,1,0,0,12.190000000000001,0.24239333333333332,0,2212160,15730,111,918627,0,0,0,0.0
348,34663,98,pair_008_n5_008_conflict,conflict,1,0,0,12.280000000000001,0.24223,0,2218432,15757,111,920773,0,0,0,0.0
349,34903,240,pair_003_n5_003_control,control,1,0,0,10.86,0.24183,0,2233792,15941,111,926032,0,0,0,0.0
350,34987,84,pair_000_n5_000_control,control,1,0,0,12.420000000000002,0.24169,0,2239168,15971,111,927878,0,0,0,0.0
351,35082,95,pair_016_n3_016_conflict,conflict,1,0,0,12.310000000000002,0.24153166666666664,0,2245248,16006,111,929991,0,0,0,0.0
352,35173,91,pair_009_n3_009_conflict,conflict,1,0,0,12.350000000000001,0.24137999999999998,0,2251072,16033,111,931998,0,0,0,0.0
353,35295,122,pair_009_n3_009_control,control,1,0,0,12.040000000000001,0.24117666666666665,0,2258880,16064,111,934681,0,0,0,0.0
354,35397,102,pair_014_n3_014_control,control,1,0,0,12.240000000000002,0.24100666666666665,0,2265408,16093,111,936969,0,0,0,0.0
355,35495,98,pair_002_n5_002_conflict,conflict,1,0,0,12.280000000000001,0.24084333333333333,0,2271680,16119,111,939051,0,0,0,0.0
356,35588,93,pair_009_n5_009_conflict,conflict,1,0,0,12.330000000000002,0.24068833333333334,0,2277632,16149,111,941076,0,0,0,0.0
357,35722,134,pair_012_n5_012_conflict,conflict,0,1,0,0.9200000000000046,0.24046499999999998,0,2286208,16235,127,944049,0,0,0,0.0
358,35886,164,pair_005_n5_005_control,control,0,1,0,0.5700000000000005,0.24019166666666666,0,2296704,16381,129,947668,0,0,0,0.0
359,35999,113,pair_004_n5_004_conflict,conflict,1,0,0,12.13,0.24000333333333332,0,2303936,16428,131,950237,0,0,0,0.0
360,36097,98,pair_006_n3_006_control,control,1,0,0,12.280000000000001,0.23984,0,2310208,16450,131,952479,0,0,0,0.0
361,36188,91,pair_011_n5_011_conflict,conflict,1,0,0,12.350000000000001,0.23968833333333334,0,2316032,16493,132,954515,0,0,0,0.0
362,36284,96,pair_000_n3_000_control,control,1,0,0,12.3,0.23952833333333332,0,2322176,16529,132,956715,0,0,0,0.0
363,36370,86,pair_012_n5_012_control,control,1,0,0,12.400000000000002,0.239385,0,2327680,16598,133,958633,0,0,0,0.0
364,36458,88,pair_007_n3_007_conflict,conflict,1,0,0,12.380000000000003,0.23923833333333333,0,2333312,16655,133,960597,0,0,0,0.0
365,36552,94,pair_007_n5_007_control,control,1,0,0,12.32,0.23908166666666666,0,2339328,16680,133,962764,0,0,0,0.0
366,36663,111,pair_009_n5_009_control,control,1,0,0,12.150000000000002,0.23889666666666665,0,2346432,16731,133,965332,0,0,0,0.0
367,36769,106,pair_001_n3_001_conflict,conflict,1,0,0,12.200000000000001,0.23872,0,2353216,16744,133,967692,0,0,0,0.0
368,36873,104,pair_005_n3_005_conflict,conflict,1,0,0,12.22,0.23854666666666666,0,2359872,16778,133,970045,0,0,0,0.0
369,36977,104,pair_011_n3_011_control,control,1,0,0,12.220000000000002,0.23837333333333333,0,2366528,16798,133,972362,0,0,0,0.0
370,37068,91,pair_002_n5_002_conflict,conflict,1,0,0,12.350000000000001,0.23822166666666666,0,2372352,16822,133,974451,0,0,0,0.0
371,37160,92,pair_008_n3_008_control,control,0,1,0,1.3400000000000016,0.23806833333333333,0,2378240,16834,133,976455,0,0,0,0.0
372,37266,106,pair_006_n5_006_control,control,1,0,0,12.200000000000001,0.23789166666666667,0,2385024,16877,133,978877,0,0,0,0.0
373,37375,109,pair_009_n3_009_control,control,1,0,0,12.170000000000002,0.23770999999999998,0,2392000,16911,133,981276,0,0,0,0.0
374,37379,4,pair_007_n3_007_control,control,0,1,0,-0.88,0.23770333333333332,0,2392256,16915,133,981369,0,0,0,0.0
375,37482,103,pair_014_n3_014_conflict,conflict,1,0,0,12.23,0.23753166666666664,0,2398848,16956,134,983613,0,0,0,0.0
376,37577,95,pair_014_n3_014_control,control,1,0,0,12.310000000000002,0.23737333333333333,0,2404928,16997,135,985699,0,0,0,0.0
377,37687,110,pair_017_n3_017_control,control,1,0,0,12.160000000000002,0.23718999999999998,0,2411968,17053,135,988076,0,0,0,0.0
378,37775,88,pair_015_n5_015_conflict,conflict,1,0,0,12.38,0.23704333333333333,0,2417600,17086,136,990011,0,0,0,0.0
379,37878,103,pair_016_n3_016_control,control,1,0,0,12.23,0.23687166666666665,0,2424192,17142,137,992301,0,0,0,0.0
380,37980,102,pair_017_n5_017_control,control,1,0,0,12.240000000000002,0.23670166666666664,0,2430720,17199,138,994621,0,0,0,0.0
381,38065,85,pair_006_n5_006_conflict,conflict,1,0,0,12.410000000000002,0.23656,0,2436160,17230,138,996582,0,0,0,0.0
382,38163,98,pair_008_n5_008_control,control,1,0,0,12.280000000000001,0.23639666666666664,0,2442432,17257,138,998769,0,0,0,0.0
383,38257,94,pair_015_n5_015_control,control,1,0,0,12.320000000000002,0.23624,0,2448448,17277,138,1000823,0,0,0,0.0
384,38263,6,pair_013_n3_013_control,control,0,1,0,-0.9,0.23623,0,2448832,17283,139,1000989,0,0,0,0.0
385,38363,100,pair_003_n3_003_control,control,1,0,0,12.260000000000002,0.23606333333333332,0,2455232,17311,139,1003218,0,0,0,0.0
386,38453,90,pair_004_n5_004_conflict,conflict,1,0,0,12.360000000000001,0.2359133333333333,0,2460992,17337,139,1005198,0,0,0,0.0
387,38548,95,pair_000_n3_000_conflict,conflict,1,0,0,12.310000000000002,0.235755,0,2467072,17375,139,1007376,0,0,0,0.0
388,38634,86,pair_005_n5_005_conflict,conflict,1,0,0,12.400000000000002,0.23561166666666666,0,2472576,17401,139,1009294,0,0,0,0.0
389,38731,97,pair_010_n3_010_conflict,conflict,1,0,0,12.290000000000001,0.23545,0,2478784,17415,139,1011437,0,0,0,0.0
390,38830,99,pair_005_n5_005_control,control,1,0,0,12.270000000000001,0.235285,0,2485120,17454,139,1013682,0,0,0,0.0
391,38836,6,pair_011_n5_011_control,control,0,1,0,-0.8,0.23527499999999998,0,2485504,17460,139,1013802,0,0,0,0.0
392,38932,96,pair_001_n3_001_control,control,1,0,0,12.3,0.235115,0,2491648,17519,139,1015924,0,0,0,0.0
393,38935,3,pair_002_n3_002_conflict,conflict,0,1,0,-0.92,0.23510999999999999,0,2491840,17522,140,1015989,0,0,0,0.0
394,39052,117,pair_011_n3_011_conflict,conflict,1,0,0,12.090000000000002,0.23491499999999998,0,2499328,17548,140,1018585,0,0,0,0.0
395,39067,15,pair_012_n3_012_conflict,conflict,0,1,0,-0.9400000000000001,0.23489,0,2500288,17563,140,1018917,0,0,0,0.0
396,39182,115,pair_002_n5_002_control,control,1,0,0,12.110000000000001,0.23469833333333334,0,2507648,17625,141,1021635,0,0,0,0.0
397,39190,8,pair_002_n3_002_control,control,0,1,0,-0.9199999999999999,0.23468499999999998,0,2508160,17633,141,1021831,0,0,0,0.0
398,39282,92,pair_004_n5_004_control,control,1,0,0,12.340000000000002,0.23453166666666664,0,2514048,17673,141,1023923,0,0,0,0.0
399,39391,109,pair_001_n5_001_control,control,1,0,0,12.170000000000002,0.23435,0,2521024,17703,141,1026392,0,0,0,0.0
400,39397,6,pair_016_n3_016_conflict,conflict,0,1,0,-0.95,0.23434,0,2521408,17709,142,1026540,0,0,0,0.0
401,39493,96,pair_008_n3_008_conflict,conflict,1,0,0,12.3,0.23418,0,2527552,17738,142,1028806,0,0,0,0.0
402,39606,113,pair_010_n5_010_control,control,0,1,0,1.0800000000000014,0.23399166666666665,0,2534784,17762,142,1031449,0,0,0,0.0
403,39709,103,pair_013_n5_013_control,control,1,0,0,12.23,0.23381999999999997,0,2541376,17795,142,1033877,0,0,0,0.0
404,39829,120,pair_013_n3_013_conflict,conflict,1,0,0,12.06,0.23362,0,2549056,17889,145,1036727,0,0,0,0.0
405,39930,101,pair_012_n5_012_conflict,conflict,1,0,0,12.250000000000002,0.23345166666666667,0,2555520,17958,146,1039054,0,0,0,0.0
406,40023,93,pair_004_n3_004_conflict,conflict,1,0,0,12.330000000000002,0.23329666666666665,0,2561472,17992,146,1041233,0,0,0,0.0
407,40028,5,pair_006_n3_006_conflict,conflict,0,1,0,-0.84,0.23328833333333332,0,2561792,17997,146,1041349,0,0,0,0.0
408,40131,103,pair_017_n3_017_conflict,conflict,1,0,0,12.23,0.23311666666666664,0,2568384,18032,146,1043757,0,0,0,0.0
409,40226,95,pair_007_n5_007_conflict,conflict,1,0,0,12.310000000000002,0.23295833333333332,0,2574464,18089,146,1045988,0,0,0,0.0
410,40335,109,pair_005_n3_005_control,control,1,0,0,12.170000000000002,0.23277666666666666,0,2581440,18133,146,1048569,0,0,0,0.0
411,40341,6,pair_015_n3_015_conflict,conflict,0,1,0,-0.9,0.23276666666666665,0,2581824,18139,147,1048718,0,0,0,0.0
412,40430,89,pair_014_n5_014_control,control,1,0,0,12.370000000000001,0.23261833333333332,0,2587520,18195,148,1050937,0,0,0,0.0
413,40523,93,pair_015_n3_015_control,control,1,0,0,12.330000000000002,0.23246333333333333,0,2593472,18219,148,1053153,0,0,0,0.0
414,40618,95,pair_003_n5_003_control,control,1,0,0,12.310000000000002,0.23230499999999998,0,2599552,18292,148,1055489,0,0,0,0.0
415,40737,119,pair_012_n3_012_control,control,1,0,0,12.07,0.23210666666666666,0,2607168,18333,148,1058470,0,0,0,0.0
416,40829,92,pair_003_n5_003_conflict,conflict,1,0,0,12.340000000000002,0.23195333333333332,0,2613056,18349,148,1060698,0,0,0,0.0
417,40920,91,pair_013_n5_013_conflict,conflict,1,0,0,12.350000000000001,0.23180166666666666,0,2618880,18367,148,1062988,0,0,0,0.0
418,41030,110,pair_001_n5_001_conflict,conflict,1,0,0,12.16,0.23161833333333331,0,2625920,18389,148,1065681,0,0,0,0.0
419,41144,114,pair_000_n5_000_control,control,1,0,0,12.120000000000001,0.23142833333333332,0,2633216,18427,148,1068378,0,0,0,0.0
420,41241,97,pair_017_n5_017_conflict,conflict,1,0,0,12.290000000000001,0.23126666666666668,0,2639424,18481,148,1070760,0,0,0,0.0
421,41346,105,pair_010_n5_010_conflict,conflict,1,0,0,12.21,0.23109166666666664,0,2646144,18496,148,1073364,0,0,0,0.0
422,41393,47,pair_009_n5_009_conflict,conflict,0,1,0,0.39000000000000057,0.23101333333333332,0,2649152,18524,148,1074494,0,0,0,0.0
423,41487,94,pair_016_n5_016_conflict,conflict,1,0,0,12.320000000000002,0.23085666666666665,0,2655168,18582,149,1076832,0,0,0,0.0
424,41598,111,pair_000_n5_000_conflict,conflict,1,0,0,12.150000000000002,0.23067166666666666,0,2662272,18640,149,1079681,0,0,0,0.0
425,41712,114,pair_010_n3_010_control,control,1,0,0,12.120000000000003,0.23048166666666664,0,2669568,18691,149,1082537,0,0,0,0.0
426,41718,6,pair_014_n5_014_conflict,conflict,0,1,0,-0.9,0.23047166666666666,0,2669952,18697,150,1082674,0,0,0,0.0
427,41722,4,pair_016_n5_016_control,control,0,1,0,-0.88,0.23046499999999998,0,2670208,18701,150,1082769,0,0,0,0.0
428,41826,104,pair_008_n5_008_conflict,conflict,1,0,0,12.220000000000002,0.23029166666666667,0,2676864,18754,150,1085324,0,0,0,0.0
429,41829,3,pair_009_n3_009_conflict,conflict,0,1,0,-1.02,0.23028666666666664,0,2677056,18757,150,1085418,0,0,0,0.0
430,41838,9,pair_004_n3_004_control,control,0,1,0,-0.78,0.23027166666666665,0,2677632,18766,150,1085645,0,0,0,0.0
431,41945,107,pair_003_n3_003_conflict,conflict,1,0,0,12.190000000000001,0.23009333333333332,0,2684480,18784,150,1088354,0,0,0,0.0
432,42039,94,pair_014_n3_014_control,control,1,0,0,12.320000000000002,0.22993666666666665,0,2690496,18828,151,1090715,0,0,0,0.0
433,42130,91,pair_006_n3_006_conflict,conflict,1,0,0,12.350000000000001,0.229785,0,2696320,18881,152,1093091,0,0,0,0.0
434,42222,92,pair_016_n5_016_conflict,conflict,1,0,0,12.340000000000002,0.22963166666666665,0,2702208,18936,153,1095474,0,0,0,0.0
435,42229,7,pair_008_n5_008_conflict,conflict,0,1,0,-0.8099999999999999,0.22962,0,2702656,18943,153,1095642,0,0,0,0.0
436,42234,5,pair_008_n5_008_control,control,0,1,0,-0.89,0.22961166666666666,0,2702976,18948,153,1095775,0,0,0,0.0
437,42339,105,pair_008_n3_008_control,control,1,0,0,12.210000000000003,0.22943666666666665,0,2709696,18981,153,1098448,0,0,0,0.0
438,42428,89,pair_001_n5_001_control,control,1,0,0,12.370000000000001,0.22928833333333332,0,2715392,18999,153,1100814,0,0,0,0.0
439,42521,93,pair_009_n5_009_control,control,1,0,0,12.330000000000002,0.22913333333333333,0,2721344,19032,153,1103209,0,0,0,0.0
440,42614,93,pair_003_n3_003_control,control,1,0,0,12.330000000000002,0.22897833333333334,0,2727296,19056,153,1105585,0,0,0,0.0
441,42725,111,pair_002_n3_002_conflict,conflict,1,0,0,12.150000000000002,0.22879333333333332,0,2734400,19095,153,1108468,0,0,0,0.0
442,42819,94,pair_000_n3_000_control,control,0,1,0,1.2200000000000015,0.22863666666666665,0,2740416,19120,153,1110896,0,0,0,0.0
443,42917,98,pair_017_n3_017_control,control,1,0,0,12.280000000000001,0.2284733333333333,0,2746688,19167,154,1113376,0,0,0,0.0
444,43025,108,pair_001_n5_001_conflict,conflict,1,0,0,12.180000000000001,0.22829333333333332,0,2753600,19193,154,1116221,0,0,0,0.0
445,43121,96,pair_010_n5_010_control,control,1,0,0,12.3,0.22813333333333333,0,2759744,19207,154,1118711,0,0,0,0.0
446,43214,93,pair_009_n5_009_conflict,conflict,1,0,0,12.330000000000002,0.22797833333333334,0,2765696,19241,154,1121108,0,0,0,0.0
447,43324,110,pair_006_n3_006_control,control,1,0,0,12.160000000000002,0.22779499999999997,0,2772736,19277,155,1123956,0,0,0,0.0
448,43326,2,pair_009_n3_009_conflict,conflict,0,1,0,-0.96,0.22779166666666667,0,2772864,19279,155,1124017,0,0,0,0.0
449,43420,94,pair_015_n3_015_conflict,conflict,1,0,0,12.320000000000002,0.22763499999999998,0,2778880,19297,155,1126483,0,0,0,0.0
450,43545,125,pair_009_n3_009_control,control,1,0,0,12.010000000000002,0.22742666666666667,0,2786880,19346,155,1129729,0,0,0,0.0
451,43650,105,pair_015_n3_015_control,control,1,0,0,12.21,0.22725166666666666,0,2793600,19369,155,1132352,0,0,0,0.0
452,43655,5,pair_015_n5_015_conflict,conflict,0,1,0,-0.84,0.22724333333333332,0,2793920,19374,156,1132476,0,0,0,0.0
453,43758,103,pair_002_n3_002_control,control,1,0,0,12.23,0.22707166666666667,0,2800512,19422,156,1135054,0,0,0,0.0
454,43875,117,pair_010_n5_010_conflict,conflict,0,1,0,1.0400000000000014,0.22687666666666667,0,2808000,19511,156,1137924,0,0,0,0.0
455,43982,107,pair_004_n3_004_control,control,1,0,0,12.190000000000001,0.22669833333333334,0,2814848,19545,156,1140636,0,0,0,0.0
456,44000,18,pair_017_n5_017_control,control,0,1,0,-0.5700000000000001,0.2266683333333333,0,2816000,19563,157,1141098,0,0,0,0.0
457,44086,86,pair_011_n3_011_conflict,conflict,1,0,0,12.400000000000002,0.22652499999999998,0,2821504,19574,157,1143246,0,0,0,0.0
458,44205,119,pair_005_n5_005_conflict,conflict,1,0,0,12.07,0.22632666666666668,0,2829120,19604,157,1146250,0,0,0,0.0
459,44294,89,pair_015_n5_015_control,control,1,0,0,12.370000000000001,0.22617833333333331,0,2834816,19622,157,1148498,0,0,0,0.0
460,44397,103,pair_004_n5_004_control,control,0,1,0,1.180000000000002,0.22600666666666666,0,2841408,19656,157,1151102,0,0,0,0.0
461,44484,87,pair_012_n5_012_control,control,1,0,0,12.390000000000002,0.22586166666666666,0,2846976,19687,157,1153245,0,0,0,0.0
462,44581,97,pair_006_n5_006_control,control,1,0,0,12.290000000000003,0.22569999999999998,0,2853184,19724,157,1155676,0,0,0,0.0
463,44670,89,pair_013_n3_013_control,control,1,0,0,12.370000000000001,0.22555166666666665,0,2858880,19743,157,1157841,0,0,0,0.0
464,44778,108,pair_016_n5_016_control,control,1,0,0,12.180000000000001,0.22537166666666664,0,2865792,19778,157,1160538,0,0,0,0.0
465,44874,96,pair_005_n5_005_control,control,1,0,0,12.300000000000002,0.22521166666666664,0,2871936,19798,157,1162911,0,0,0,0.0
466,44968,94,pair_000_n5_000_conflict,conflict,1,0,0,12.32,0.225055,0,2877952,19838,157,1165231,0,0,0,0.0
467,45063,95,pair_007_n5_007_control,control,1,0,0,12.310000000000002,0.22489666666666666,0,2884032,19865,157,1167435,0,0,0,0.0
468,45151,88,pair_013_n5_013_conflict,conflict,1,0,0,12.380000000000003,0.22475,0,2889664,19885,157,1169489,0,0,0,0.0
469,45266,115,pair_010_n3_010_control,control,1,0,0,12.110000000000001,0.2245583333333333,0,2897024,19935,157,1172219,0,0,0,0.0
470,45353,87,pair_014_n5_014_control,control,1,0,0,12.390000000000002,0.22441333333333333,0,2902592,19972,157,1174273,0,0,0,0.0
471,45455,102,pair_001_n3_001_conflict,conflict,1,0,0,12.240000000000002,0.22424333333333332,0,2909120,19986,157,1176754,0,0,0,0.0
472,45547,92,pair_003_n5_003_control,control,0,1,0,1.3400000000000016,0.22408999999999998,0,2915008,20010,157,1178999,0,0,0,0.0
473,45644,97,pair_006_n5_006_conflict,conflict,1,0,0,12.290000000000001,0.22392833333333334,0,2921216,20041,157,1181249,0,0,0,0.0
474,45750,106,pair_007_n3_007_control,control,1,0,0,12.200000000000001,0.22375166666666665,0,2928000,20074,157,1183787,0,0,0,0.0
475,45851,101,pair_012_n3_012_control,control,1,0,0,12.250000000000002,0.22358333333333333,0,2934464,20100,157,1186231,0,0,0,0.0
476,45866,15,pair_002_n5_002_conflict,conflict,0,1,0,-0.99,0.2235583333333333,0,2935424,20115,158,1186594,0,0,0,0.0
477,45956,90,pair_004_n3_004_conflict,conflict,1,0,0,12.360000000000001,0.22340833333333332,0,2941184,20150,158,1188781,0,0,0,0.0
478,46047,91,pair_016_n3_016_control,control,1,0,0,12.350000000000001,0.22325666666666666,0,2947008,20198,159,1191072,0,0,0,0.0
479,46156,109,pair_014_n5_014_conflict,conflict,1,0,0,12.170000000000002,0.223075,0,2953984,20216,159,1193713,0,0,0,0.0
480,46242,86,pair_014_n3_014_conflict,conflict,1,0,0,12.400000000000002,0.22293166666666664,0,2959488,20238,159,1195734,0,0,0,0.0
481,46356,114,pair_017_n5_017_conflict,conflict,1,0,0,12.120000000000001,0.22274166666666667,0,2966784,20326,159,1198474,0,0,0,0.0
482,46455,99,pair_007_n5_007_conflict,conflict,1,0,0,12.270000000000001,0.22257666666666664,0,2973120,20354,159,1200859,0,0,0,0.0
483,46557,102,pair_003_n3_003_conflict,conflict,1,0,0,12.240000000000002,0.22240666666666664,0,2979648,20386,159,1203300,0,0,0,0.0
484,46669,112,pair_000_n3_000_conflict,conflict,1,0,0,12.14,0.22221999999999997,0,2986816,20415,159,1205909,0,0,0,0.0
485,46769,100,pair_010_n3_010_conflict,conflict,1,0,0,12.260000000000002,0.22205333333333332,0,2993216,20472,159,1208335,0,0,0,0.0
486,46902,133,pair_005_n3_005_control,control,1,0,0,11.930000000000001,0.22183166666666665,0,3001728,20563,160,1211534,0,0,0,0.0
487,47002,100,pair_004_n5_004_conflict,conflict,1,0,0,12.260000000000002,0.221665,0,3008128,20606,160,1214054,0,0,0,0.0
488,47089,87,pair_013_n3_013_conflict,conflict,1,0,0,12.39,0.22152,0,3013696,20631,160,1216147,0,0,0,0.0
489,47194,105,pair_008_n3_008_conflict,conflict,1,0,0,12.21,0.221345,0,3020416,20680,160,1218723,0,0,0,0.0
490,47297,103,pair_011_n5_011_control,control,1,0,0,12.230000000000002,0.22117333333333333,0,3027008,20750,160,1221281,0,0,0,0.0
491,47391,94,pair_012_n5_012_conflict,conflict,1,0,0,12.320000000000002,0.22101666666666664,0,3033024,20811,162,1223595,0,0,0,0.0
492,47487,96,pair_011_n5_011_conflict,conflict,1,0,0,12.3,0.22085666666666665,0,3039168,20861,162,1226046,0,0,0,0.0
493,47571,84,pair_013_n5_013_control,control,1,0,0,12.420000000000002,0.22071666666666667,0,3044544,20881,162,1228188,0,0,0,0.0
494,47677,106,pair_000_n5_000_control,control,0,1,0,1.1500000000000021,0.22053999999999999,0,3051328,20953,162,1230826,0,0,0,0.0
495,47767,90,pair_005_n3_005_conflict,conflict,0,1,0,1.3100000000000014,0.22038999999999997,0,3057088,20996,162,1233072,0,0,0,0.0
496,47885,118,pair_003_n5_003_conflict,conflict,1,0,0,12.080000000000002,0.22019333333333332,0,3064640,21046,162,1236026,0,0,0,0.0
497,47970,85,pair_016_n3_016_conflict,conflict,1,0,0,12.410000000000002,0.22005166666666665,0,3070080,21086,162,1238166,0,0,0,0.0
498,48067,97,pair_012_n3_012_conflict,conflict,1,0,0,12.290000000000001,0.21988999999999997,0,3076288,21133,162,1240654,0,0,0,0.0
499,48158,91,pair_002_n5_002_control,control,1,0,0,12.350000000000001,0.2197383333333333,0,3082112,21179,163,1242946,0,0,0,0.0
500,48252,94,pair_007_n3_007_conflict,conflict,1,0,0,12.320000000000002,0.21958166666666667,0,3088128,21205,163,1245331,0,0,0,0.0
501,48333,81,pair_001_n3_001_control,control,1,0,0,12.450000000000001,0.21944666666666665,0,3093312,21217,163,1247364,0,0,0,0.0
502,48431,98,pair_011_n3_011_control,control,1,0,0,12.280000000000001,0.21928333333333333,0,3099584,21228,163,1249905,0,0,0,0.0
503,48522,91,pair_017_n3_017_conflict,conflict,1,0,0,12.350000000000001,0.21913166666666667,0,3105408,21248,163,1252150,0,0,0,0.0
504,48621,99,pair_007_n5_007_conflict,conflict,1,0,0,12.270000000000001,0.21896666666666664,0,3111744,21270,163,1254583,0,0,0,0.0
505,48706,85,pair_013_n5_013_control,control,1,0,0,12.410000000000002,0.218825,0,3117184,21288,163,1256651,0,0,0,0.0
506,48817,111,pair_005_n3_005_conflict,conflict,1,0,0,12.150000000000002,0.21864,0,3124288,21354,163,1259318,0,0,0,0.0
507,48917,100,pair_001_n5_001_conflict,conflict,1,0,0,12.260000000000002,0.21847333333333332,0,3130688,21422,163,1261792,0,0,0,0.0
508,49019,102,pair_014_n3_014_control,control,1,0,0,12.240000000000002,0.21830333333333332,0,3137216,21450,163,1264236,0,0,0,0.0
509,49118,99,pair_001_n3_001_control,control,1,0,0,12.270000000000001,0.21813833333333332,0,3143552,21467,163,1266613,0,0,0,0.0
510,49120,2,pair_015_n5_015_conflict,conflict,0,1,0,-0.96,0.218135,0,3143680,21469,163,1266666,0,0,0,0.0
511,49220,100,pair_000_n3_000_conflict,conflict,1,0,0,12.260000000000002,0.21796833333333332,0,3150080,21491,163,1269077,0,0,0,0.0
512,49332,112,pair_003_n5_003_control,control,1,0,0,12.140000000000002,0.21778166666666665,0,3157248,21568,163,1271745,0,0,0,0.0
513,49434,102,pair_003_n3_003_control,control,0,1,0,1.1900000000000013,0.21761166666666665,0,3163776,21590,163,1274202,0,0,0,0.0
514,49512,78,pair_012_n3_012_conflict,conflict,1,0,0,12.480000000000002,0.21748166666666666,0,3168768,21626,163,1276078,0,0,0,0.0
515,49610,98,pair_016_n5_016_control,control,1,0,0,12.280000000000001,0.21731833333333334,0,3175040,21697,163,1278548,0,0,0,0.0
516,49711,101,pair_007_n5_007_control,control,1,0,0,12.25,0.21715,0,3181504,21732,163,1280997,0,0,0,0.0
517,49801,90,pair_013_n5_013_conflict,conflict,1,0,0,12.360000000000001,0.21699999999999997,0,3187264,21750,163,1283248,0,0,0,0.0
518,49881,80,pair_012_n5_012_control,control,1,0,0,12.46,0.21686666666666665,0,3192384,21781,163,1285268,0,0,0,0.0
519,49972,91,pair_016_n5_016_conflict,conflict,1,0,0,12.350000000000001,0.216715,0,3198208,21834,166,1287549,0,0,0,0.0
520,50052,80,pair_005_n5_005_control,control,1,0,0,12.46,0.21658166666666667,0,3203328,21864,166,1289546,0,0,0,0.0
521,50148,96,pair_008_n5_008_conflict,conflict,1,0,0,12.3,0.21642166666666665,0,3209472,21893,166,1291913,0,0,0,0.0
522,50245,97,pair_002_n5_002_conflict,conflict,1,0,0,12.290000000000001,0.21626,0,3215680,21924,167,1294292,0,0,0,0.0
523,50347,102,pair_001_n5_001_control,control,1,0,0,12.240000000000002,0.21609,0,3222208,21965,167,1296740,0,0,0,0.0
524,50438,91,pair_016_n3_016_control,control,1,0,0,12.350000000000001,0.21593833333333332,0,3228032,21992,167,1298994,0,0,0,0.0
525,50546,108,pair_011_n5_011_control,control,1,0,0,12.180000000000001,0.21575833333333333,0,3234944,22032,167,1301527,0,0,0,0.0
526,50655,109,pair_005_n5_005_conflict,conflict,1,0,0,12.170000000000002,0.21557666666666664,0,3241920,22078,167,1304164,0,0,0,0.0
527,50752,97,pair_004_n3_004_control,control,1,0,0,12.290000000000003,0.215415,0,3248128,22115,167,1306505,0,0,0,0.0
528,50848,96,pair_008_n3_008_conflict,conflict,1,0,0,12.3,0.21525499999999997,0,3254272,22132,167,1308724,0,0,0,0.0
529,50961,113,pair_016_n3_016_conflict,conflict,1,0,0,12.130000000000006,0.21506666666666666,0,3261504,22190,167,1311418,0,0,0,0.0
530,51046,85,pair_004_n5_004_control,control,1,0,0,12.410000000000002,0.21492499999999998,0,3266944,22254,167,1313452,0,0,0,0.0
531,51144,98,pair_002_n3_002_conflict,conflict,1,0,0,12.280000000000001,0.21476166666666666,0,3273216,22289,167,1315866,0,0,0,0.0
532,51253,109,pair_017_n3_017_conflict,conflict,1,0,0,12.170000000000002,0.21458,0,3280192,22342,167,1318465,0,0,0,0.0
533,51332,79,pair_012_n3_012_control,control,1,0,0,12.470000000000002,0.21444833333333332,0,3285248,22376,167,1320360,0,0,0,0.0
534,51424,92,pair_010_n5_010_conflict,conflict,1,0,0,12.340000000000002,0.21429499999999999,0,3291136,22391,167,1322642,0,0,0,0.0
535,51507,83,pair_005_n3_005_control,control,1,0,0,12.430000000000001,0.21415666666666666,0,3296448,22407,167,1324696,0,0,0,0.0
536,51595,88,pair_003_n3_003_conflict,conflict,1,0,0,12.380000000000003,0.21400999999999998,0,3302080,22450,167,1326840,0,0,0,0.0
537,51696,101,pair_008_n3_008_control,control,1,0,0,12.250000000000002,0.21384166666666665,0,3308544,22464,167,1329278,0,0,0,0.0
538,51805,109,pair_000_n5_000_conflict,conflict,1,0,0,12.170000000000002,0.21366,0,3315520,22504,167,1331870,0,0,0,0.0
539,51811,6,pair_011_n5_011_conflict,conflict,0,1,0,-0.8,0.21365,0,3315904,22510,167,1332017,0,0,0,0.0
540,51892,81,pair_014_n3_014_conflict,conflict,1,0,0,12.450000000000001,0.21351499999999998,0,3321088,22547,167,1333900,0,0,0,0.0
541,51985,93,pair_014_n5_014_conflict,conflict,1,0,0,12.330000000000002,0.21336,0,3327040,22586,167,1336131,0,0,0,0.0
542,52072,87,pair_004_n5_004_conflict,conflict,0,1,0,1.0900000000000012,0.213215,0,3332608,22632,167,1338312,0,0,0,0.0
543,52172,100,pair_007_n3_007_conflict,conflict,1,0,0,12.260000000000002,0.21304833333333334,0,3339008,22711,167,1340786,0,0,0,0.0
544,52263,91,pair_009_n3_009_control,control,1,0,0,12.350000000000001,0.21289666666666665,0,3344832,22756,167,1343069,0,0,0,0.0
545,52266,3,pair_013_n3_013_control,control,0,1,0,-1.02,0.21289166666666665,0,3345024,22759,167,1343139,0,0,0,0.0
546,52351,85,pair_001_n3_001_conflict,conflict,1,0,0,12.410000000000002,0.21275,0,3350464,22778,167,1345195,0,0,0,0.0
547,52444,93,pair_017_n5_017_control,control,1,0,0,12.330000000000002,0.21259499999999998,0,3356416,22799,167,1347530,0,0,0,0.0
548,52531,87,pair_010_n3_010_conflict,conflict,1,0,0,12.39,0.21244999999999997,0,3361984,22810,167,1349713,0,0,0,0.0
549,52625,94,pair_011_n3_011_control,control,1,0,0,12.320000000000002,0.21229333333333333,0,3368000,22822,167,1351934,0,0,0,0.0
550,52713,88,pair_003_n5_003_conflict,conflict,1,0,0,12.38,0.21214666666666665,0,3373632,22847,167,1354042,0,0,0,0.0
551,52815,102,pair_008_n5_008_control,control,1,0,0,12.240000000000002,0.21197666666666665,0,3380160,22879,167,1356522,0,0,0,0.0
552,52910,95,pair_007_n3_007_control,control,1,0,0,12.310000000000002,0.21181833333333333,0,3386240,22901,167,1358775,0,0,0,0.0
553,52995,85,pair_006_n3_006_conflict,conflict,1,0,0,12.410000000000002,0.21167666666666665,0,3391680,22935,170,1360889,0,0,0,0.0
554,53085,90,pair_006_n5_006_conflict,conflict,1,0,0,12.360000000000001,0.21152666666666664,0,3397440,22969,170,1363124,0,0,0,0.0
555,53105,20,pair_015_n3_015_control,control,0,1,0,-0.5400000000000001,0.2114933333333333,0,3398720,22989,170,1363601,0,0,0,0.0
556,53208,103,pair_012_n5_012_conflict,conflict,1,0,0,12.23,0.21132166666666666,0,3405312,23029,170,1366128,0,0,0,0.0
557,53301,93,pair_011_n3_011_conflict,conflict,1,0,0,12.330000000000002,0.21116666666666667,0,3411264,23040,170,1368405,0,0,0,0.0
558,53387,86,pair_009_n5_009_conflict,conflict,1,0,0,12.400000000000002,0.21102333333333334,0,3416768,23071,170,1370493,0,0,0,0.0
559,53477,90,pair_002_n5_002_control,control,1,0,0,12.360000000000001,0.2108733333333333,0,3422528,23132,170,1372723,0,0,0,0.0
560,53578,101,pair_017_n3_017_control,control,1,0,0,12.250000000000002,0.21070499999999998,0,3428992,23158,170,1375235,0,0,0,0.0
561,53659,81,pair_002_n3_002_control,control,1,0,0,12.450000000000001,0.21056999999999998,0,3434176,23196,171,1377261,0,0,0,0.0
562,53765,106,pair_017_n5_017_conflict,conflict,1,0,0,12.200000000000001,0.21039333333333332,0,3440960,23245,177,1379862,0,0,0,0.0
563,53864,99,pair_009_n3_009_conflict,conflict,1,0,0,12.270000000000001,0.21022833333333332,0,3447296,23267,177,1382357,0,0,0,0.0
564,53961,97,pair_015_n3_015_conflict,conflict,1,0,0,12.290000000000001,0.21006666666666665,0,3453504,23326,177,1384752,0,0,0,0.0
565,53969,8,pair_015_n5_015_control,control,0,1,0,-0.87,0.21005333333333331,0,3454016,23334,177,1384963,0,0,0,0.0
566,54060,91,pair_006_n5_006_control,control,1,0,0,12.350000000000001,0.20990166666666665,0,3459840,23362,177,1387280,0,0,0,0.0
567,54149,89,pair_010_n3_010_control,control,1,0,0,12.370000000000001,0.20975333333333332,0,3465536,23375,177,1389527,0,0,0,0.0
568,54237,88,pair_010_n5_010_control,control,1,0,0,12.38,0.20960666666666666,0,3471168,23389,177,1391717,0,0,0,0.0
569,54342,105,pair_013_n3_013_conflict,conflict,1,0,0,12.21,0.20943166666666665,0,3477888,23424,180,1394332,0,0,0,0.0
570,54450,108,pair_014_n5_014_control,control,1,0,0,12.180000000000001,0.20925166666666667,0,3484800,23448,180,1396993,0,0,0,0.0
571,54539,89,pair_009_n5_009_control,control,1,0,0,12.370000000000001,0.2091033333333333,0,3490496,23482,180,1399132,0,0,0,0.0
572,54554,15,pair_006_n3_006_control,control,0,1,0,-0.5900000000000001,0.2090783333333333,0,3491456,23497,181,1399503,0,0,0,0.0
573,54641,87,pair_000_n3_000_control,control,1,0,0,12.390000000000002,0.2089333333333333,0,3497024,23532,181,1401714,0,0,0,0.0
574,54743,102,pair_004_n3_004_conflict,conflict,1,0,0,12.240000000000002,0.20876333333333333,0,3503552,23565,181,1404168,0,0,0,0.0
575,54831,88,pair_000_n5_000_control,control,1,0,0,12.380000000000003,0.20861666666666667,0,3509184,23597,181,1406268,0,0,0,0.0
576,54941,110,pair_015_n3_015_conflict,conflict,1,0,0,12.16,0.2084333333333333,0,3516224,23621,181,1408981,0,0,0,0.0
577,54955,14,pair_015_n5_015_control,control,0,1,0,-0.4800000000000001,0.20840999999999998,0,3517120,23635,181,1409337,0,0,0,0.0
578,54979,24,pair_013_n5_013_conflict,conflict,0,1,0,-0.63,0.20837,0,3518656,23659,181,1409933,0,0,0,0.0
579,55078,99,pair_006_n3_006_control,control,1,0,0,12.270000000000001,0.20820499999999997,0,3524992,23705,182,1412400,0,0,0,0.0
580,55180,102,pair_016_n3_016_conflict,conflict,1,0,0,12.240000000000002,0.20803499999999997,0,3531520,23755,183,1414948,0,0,0,0.0
581,55185,5,pair_009_n3_009_conflict,conflict,0,1,0,-0.84,0.20802666666666664,0,3531840,23760,183,1415063,0,0,0,0.0
582,55274,89,pair_010_n3_010_control,control,0,1,0,1.2700000000000014,0.20787833333333333,0,3537536,23775,183,1417284,0,0,0,0.0
583,55376,102,pair_011_n5_011_conflict,conflict,1,0,0,12.240000000000002,0.20770833333333333,0,3544064,23836,184,1419868,0,0,0,0.0
584,55378,2,pair_008_n5_008_conflict,conflict,0,1,0,-0.96,0.20770499999999997,0,3544192,23838,184,1419920,0,0,0,0.0
585,55468,90,pair_017_n3_017_conflict,conflict,1,0,0,12.360000000000001,0.207555,0,3549952,23872,185,1422147,0,0,0,0.0
586,55561,93,pair_000_n3_000_control,control,1,0,0,12.330000000000002,0.20739999999999997,0,3555904,23926,186,1424485,0,0,0,0.0
587,55568,7,pair_004_n3_004_control,control,0,1,0,-0.76,0.20738833333333334,0,3556352,23933,186,1424645,0,0,0,0.0
588,55577,9,pair_009_n5_009_control,control,0,1,0,-0.88,0.20737333333333333,0,3556928,23942,186,1424855,0,0,0,0.0
589,55603,26,pair_013_n5_013_control,control,0,1,0,-0.19999999999999984,0.20733,0,3558592,23968,186,1425519,0,0,0,0.0
590,55707,104,pair_017_n3_017_control,control,1,0,0,12.220000000000002,0.20715666666666666,0,3565248,24002,186,1428156,0,0,0,0.0
591,55789,82,pair_015_n3_015_control,control,1,0,0,12.440000000000001,0.20701999999999998,0,3570496,24041,186,1430221,0,0,0,0.0
592,55888,99,pair_011_n3_011_conflict,conflict,1,0,0,12.270000000000001,0.20685499999999998,0,3576832,24061,186,1432739,0,0,0,0.0
593,55979,91,pair_017_n5_017_conflict,conflict,1,0,0,12.350000000000001,0.20670333333333332,0,3582656,24081,186,1435014,0,0,0,0.0
594,56060,81,pair_003_n5_003_conflict,conflict,1,0,0,12.450000000000001,0.20656833333333333,0,3587840,24095,186,1436958,0,0,0,0.0
595,56159,99,pair_005_n3_005_control,control,1,0,0,12.270000000000001,0.20640333333333333,0,3594176,24134,186,1439484,0,0,0,0.0
596,56249,90,pair_016_n3_016_control,control,1,0,0,12.360000000000001,0.20625333333333332,0,3599936,24180,186,1441724,0,0,0,0.0
597,56343,94,pair_003_n5_003_control,control,1,0,0,12.32,0.20609666666666665,0,3605952,24200,186,1444006,0,0,0,0.0
598,56429,86,pair_005_n5_005_control,control,1,0,0,12.400000000000002,0.20595333333333332,0,3611456,24229,186,1446053,0,0,0,0.0
599,56524,95,pair_012_n5_012_control,control,1,0,0,12.310000000000002,0.205795,0,3617536,24280,186,1448351,0,0,0,0.0
600,56617,93,pair_000_n5_000_conflict,conflict,1,0,0,12.330000000000002,0.20564,0,3623488,24313,186,1450627,0,0,0,0.0
601,56714,97,pair_001_n3_001_control,control,1,0,0,12.290000000000001,0.20547833333333332,0,3629696,24325,186,1452943,0,0,0,0.0
602,56810,96,pair_003_n3_003_control,control,1,0,0,12.3,0.20531833333333332,0,3635840,24345,186,1455120,0,0,0,0.0
603,56899,89,pair_001_n5_001_conflict,conflict,1,0,0,12.370000000000001,0.20517,0,3641536,24356,186,1457266,0,0,0,0.0
604,56993,94,pair_013_n3_013_conflict,conflict,1,0,0,12.320000000000002,0.20501333333333333,0,3647552,24375,186,1459424,0,0,0,0.0
605,57081,88,pair_002_n3_002_conflict,conflict,1,0,0,12.38,0.20486666666666664,0,3653184,24401,186,1461486,0,0,0,0.0
606,57175,94,pair_006_n5_006_conflict,conflict,1,0,0,12.320000000000002,0.20471,0,3659200,24438,186,1463703,0,0,0,0.0
607,57265,90,pair_011_n3_011_control,control,1,0,0,12.360000000000001,0.20456,0,3664960,24449,186,1465822,0,0,0,0.0
608,57357,92,pair_017_n5_017_control,control,1,0,0,12.340000000000002,0.20440666666666665,0,3670848,24467,186,1467940,0,0,0,0.0
609,57454,97,pair_004_n5_004_control,control,1,0,0,12.290000000000003,0.20424499999999998,0,3677056,24496,186,1470247,0,0,0,0.0
610,57578,124,pair_000_n3_000_conflict,conflict,1,0,0,12.020000000000001,0.20403833333333332,0,3684992,24576,191,1473172,0,0,0,0.0
611,57667,89,pair_003_n3_003_conflict,conflict,1,0,0,12.370000000000001,0.20389,0,3690688,24597,191,1475311,0,0,0,0.0
612,57765,98,pair_014_n5_014_control,control,1,0,0,12.280000000000001,0.20372666666666667,0,3696960,24618,191,1477582,0,0,0,0.0
613,57846,81,pair_007_n3_007_conflict,conflict,1,0,0,12.450000000000003,0.20359166666666667,0,3702144,24685,191,1479467,0,0,0,0.0
614,57945,99,pair_008_n3_008_control,control,1,0,0,12.270000000000001,0.20342666666666664,0,3708480,24718,191,1481728,0,0,0,0.0
615,58038,93,pair_002_n3_002_control,control,1,0,0,12.330000000000002,0.20327166666666666,0,3714432,24759,191,1483979,0,0,0,0.0
616,58127,89,pair_006_n3_006_conflict,conflict,1,0,0,12.370000000000001,0.20312333333333332,0,3720128,24780,191,1486011,0,0,0,0.0
617,58250,123,pair_007_n3_007_control,control,1,0,0,12.030000000000001,0.2029183333333333,0,3728000,24835,191,1488865,0,0,0,0.0
618,58349,99,pair_002_n5_002_control,control,1,0,0,12.270000000000003,0.20275333333333334,0,3734336,24883,191,1491122,0,0,0,0.0
619,58352,3,pair_016_n5_016_conflict,conflict,0,1,0,-0.92,0.2027483333333333,0,3734528,24886,192,1491195,0,0,0,0.0
620,58357,5,pair_009_n5_009_conflict,conflict,0,1,0,-0.84,0.20273999999999998,0,3734848,24891,193,1491326,0,0,0,0.0
621,58363,6,pair_004_n5_004_conflict,conflict,0,1,0,-0.8,0.20273,0,3735232,24897,194,1491469,0,0,0,0.0
622,58461,98,pair_010_n5_010_conflict,conflict,1,0,0,12.280000000000001,0.20256666666666667,0,3741504,24951,194,1493806,0,0,0,0.0
623,58551,90,pair_012_n3_012_conflict,conflict,1,0,0,12.360000000000001,0.20241666666666666,0,3747264,24993,194,1495980,0,0,0,0.0
624,58643,92,pair_014_n3_014_control,control,1,0,0,12.340000000000002,0.20226333333333332,0,3753152,25033,194,1498125,0,0,0,0.0
625,58739,96,pair_016_n5_016_control,control,1,0,0,12.3,0.2021033333333333,0,3759296,25098,194,1500403,0,0,0,0.0
626,58834,95,pair_006_n5_006_control,control,0,1,0,1.2100000000000013,0.20194499999999999,0,3765376,25136,194,1502669,0,0,0,0.0
627,58929,95,pair_000_n5_000_control,control,1,0,0,12.310000000000002,0.20178666666666667,0,3771456,25176,194,1504847,0,0,0,0.0
628,59027,98,pair_007_n5_007_conflict,conflict,1,0,0,12.280000000000001,0.20162333333333332,0,3777728,25257,194,1507176,0,0,0,0.0
629,59112,85,pair_012_n3_012_control,control,1,0,0,12.410000000000002,0.20148166666666667,0,3783168,25286,194,1509211,0,0,0,0.0
630,59192,80,pair_010_n5_010_control,control,0,1,0,1.3600000000000017,0.20134833333333332,0,3788288,25302,194,1511152,0,0,0,0.0
631,59310,118,pair_005_n3_005_conflict,conflict,0,1,0,1.0300000000000038,0.20115166666666667,0,3795840,25368,194,1514060,0,0,0,0.0
632,59411,101,pair_009_n3_009_control,control,1,0,0,12.250000000000002,0.20098333333333332,0,3802304,25405,194,1516537,0,0,0,0.0
633,59513,102,pair_014_n5_014_conflict,conflict,1,0,0,12.240000000000002,0.20081333333333332,0,3808832,25447,195,1518952,0,0,0,0.0
634,59613,100,pair_014_n3_014_conflict,conflict,1,0,0,12.260000000000002,0.20064666666666664,0,3815232,25505,197,1521369,0,0,0,0.0
635,59710,97,pair_015_n5_015_conflict,conflict,1,0,0,12.290000000000001,0.20048499999999997,0,3821440,25581,198,1523730,0,0,0,0.0
636,59813,103,pair_007_n5_007_control,control,1,0,0,12.23,0.20031333333333332,0,3828032,25608,198,1526277,0,0,0,0.0
637,59897,84,pair_001_n3_001_conflict,conflict,1,0,0,12.420000000000002,0.20017333333333331,0,3833408,25620,198,1528347,0,0,0,0.0
638,59993,96,pair_005_n5_005_conflict,conflict,1,0,0,12.3,0.20001333333333332,0,3839552,25668,198,1530689,0,0,0,0.0
639,60085,92,pair_001_n5_001_control,control,1,0,0,12.340000000000002,0.19985999999999998,0,3845440,25681,198,1532932,0,0,0,0.0
640,60186,101,pair_011_n5_011_control,control,1,0,0,12.250000000000002,0.19969166666666666,0,3851904,25737,198,1535433,0,0,0,0.0
641,60279,93,pair_013_n3_013_control,control,1,0,0,12.330000000000002,0.19953666666666664,0,3857856,25762,198,1537749,0,0,0,0.0
642,60284,5,pair_008_n5_008_control,control,0,1,0,-0.84,0.1995283333333333,0,3858176,25767,198,1537868,0,0,0,0.0
643,60427,143,pair_004_n3_004_conflict,conflict,0,1,0,0.7800000000000009,0.19929,0,3867328,25849,198,1541402,0,0,0,0.0
644,60518,91,pair_008_n3_008_conflict,conflict,0,1,0,1.2500000000000013,0.1991383333333333,0,3873152,25865,198,1543691,0,0,0,0.0
645,60627,109,pair_012_n5_012_conflict,conflict,0,1,0,1.1200000000000014,0.19895666666666667,0,3880128,25924,198,1546436,0,0,0,0.0
646,60738,111,pair_010_n3_010_conflict,conflict,1,0,0,12.150000000000002,0.19877166666666665,0,3887232,25957,198,1549280,0,0,0,0.0
647,60828,90,pair_002_n5_002_conflict,conflict,1,0,0,12.360000000000001,0.19862166666666664,0,3892992,25989,200,1551473,0,0,0,0.0
648,60919,91,pair_012_n5_012_conflict,conflict,1,0,0,12.350000000000001,0.19846999999999998,0,3898816,26035,202,1553651,0,0,0,0.0
649,61026,107,pair_010_n3_010_conflict,conflict,0,1,0,1.140000000000002,0.19829166666666664,0,3905664,26063,202,1556266,0,0,0,0.0
650,61124,98,pair_012_n3_012_conflict,conflict,1,0,0,12.280000000000001,0.19812833333333332,0,3911936,26094,204,1558668,0,0,0,0.0
651,61219,95,pair_002_n3_002_conflict,conflict,1,0,0,12.310000000000002,0.19796999999999998,0,3918016,26137,205,1560966,0,0,0,0.0
652,61307,88,pair_009_n3_009_conflict,conflict,1,0,0,12.380000000000003,0.19782333333333332,0,3923648,26163,205,1563158,0,0,0,0.0
653,61313,6,pair_013_n5_013_conflict,conflict,0,1,0,-0.9,0.19781333333333334,0,3924032,26169,205,1563307,0,0,0,0.0
654,61396,83,pair_008_n3_008_control,control,1,0,0,12.430000000000001,0.197675,0,3929344,26190,205,1565313,0,0,0,0.0
655,61507,111,pair_012_n3_012_control,control,1,0,0,12.150000000000002,0.19749,0,3936448,26247,206,1568029,0,0,0,0.0
656,61609,102,pair_005_n3_005_control,control,1,0,0,12.240000000000002,0.19732,0,3942976,26299,206,1570593,0,0,0,0.0
657,61710,101,pair_005_n5_005_control,control,1,0,0,12.250000000000002,0.19715166666666667,0,3949440,26358,209,1573096,0,0,0,0.0
658,61792,82,pair_017_n5_017_control,control,1,0,0,12.440000000000001,0.197015,0,3954688,26414,209,1575161,0,0,0,0.0
659,61882,90,pair_015_n5_015_conflict,conflict,1,0,0,12.360000000000001,0.19686499999999998,0,3960448,26431,209,1577426,0,0,0,0.0
660,61973,91,pair_001_n3_001_control,control,1,0,0,12.350000000000001,0.19671333333333332,0,3966272,26442,209,1579717,0,0,0,0.0
661,62065,92,pair_016_n3_016_conflict,conflict,1,0,0,12.340000000000002,0.19655999999999998,0,3972160,26476,209,1582078,0,0,0,0.0
662,62151,86,pair_006_n3_006_conflict,conflict,1,0,0,12.400000000000002,0.19641666666666666,0,3977664,26494,209,1584203,0,0,0,0.0
663,62247,96,pair_015_n3_015_control,control,1,0,0,12.3,0.19625666666666663,0,3983808,26517,209,1586617,0,0,0,0.0
664,62331,84,pair_013_n5_013_control,control,1,0,0,12.420000000000002,0.19611666666666666,0,3989184,26538,209,1588661,0,0,0,0.0
665,62445,114,pair_000_n5_000_control,control,1,0,0,12.120000000000001,0.19592666666666664,0,3996480,26577,209,1591441,0,0,0,0.0
666,62539,94,pair_011_n3_011_conflict,conflict,1,0,0,12.32,0.19577,0,4002496,26592,209,1593699,0,0,0,0.0
667,62648,109,pair_003_n3_003_control,control,0,1,0,1.1700000000000013,0.1955883333333333,0,4009472,26613,209,1596384,0,0,0,0.0
668,62731,83,pair_002_n5_002_control,control,1,0,0,12.430000000000001,0.19544999999999998,0,4014784,26635,209,1598354,0,0,0,0.0
669,62819,88,pair_014_n3_014_conflict,conflict,1,0,0,12.380000000000003,0.19530333333333333,0,4020416,26654,209,1600492,0,0,0,0.0
670,62907,88,pair_017_n3_017_conflict,conflict,1,0,0,12.38,0.19515666666666664,0,4026048,26670,209,1602591,0,0,0,0.0
671,62998,91,pair_002_n5_002_conflict,conflict,1,0,0,12.350000000000001,0.19500499999999998,0,4031872,26694,209,1604816,0,0,0,0.0
672,63086,88,pair_003_n5_003_conflict,conflict,1,0,0,12.38,0.19485833333333333,0,4037504,26707,209,1606918,0,0,0,0.0
673,63179,93,pair_017_n3_017_control,control,1,0,0,12.330000000000002,0.19470333333333334,0,4043456,26730,209,1609209,0,0,0,0.0
674,63277,98,pair_008_n3_008_conflict,conflict,1,0,0,12.280000000000001,0.19454,0,4049728,26769,209,1611596,0,0,0,0.0
675,63358,81,pair_009_n5_009_control,control,1,0,0,12.450000000000001,0.194405,0,4054912,26796,209,1613582,0,0,0,0.0
676,63448,90,pair_010_n5_010_control,control,1,0,0,12.360000000000001,0.19425499999999998,0,4060672,26809,209,1615785,0,0,0,0.0
677,63540,92,pair_005_n3_005_conflict,conflict,1,0,0,12.340000000000002,0.19410166666666667,0,4066560,26828,209,1618103,0,0,0,0.0
678,63628,88,pair_009_n3_009_control,control,1,0,0,12.38,0.193955,0,4072192,26847,209,1620209,0,0,0,0.0
679,63706,78,pair_014_n3_014_control,control,1,0,0,12.48,0.19382499999999997,0,4077184,26901,209,1622010,0,0,0,0.0
680,63804,98,pair_010_n5_010_conflict,conflict,1,0,0,12.280000000000001,0.19366166666666665,0,4083456,26917,209,1624307,0,0,0,0.0
681,63898,94,pair_011_n5_011_conflict,conflict,0,1,0,1.220000000000001,0.19350499999999998,0,4089472,26950,209,1626547,0,0,0,0.0
682,63985,87,pair_015_n5_015_control,control,1,0,0,12.39,0.19335999999999998,0,4095040,26996,210,1628602,0,0,0,0.0
683,64092,107,pair_016_n5_016_conflict,conflict,1,0,0,12.190000000000001,0.19318166666666664,0,4101888,27072,211,1631181,0,0,0,0.0
684,64177,85,pair_014_n5_014_control,control,1,0,0,12.410000000000002,0.19304,0,4107328,27122,211,1633149,0,0,0,0.0
685,64266,89,pair_000_n3_000_control,control,1,0,0,12.370000000000001,0.19289166666666666,0,4113024,27155,211,1635220,0,0,0,0.0
686,64354,88,pair_006_n3_006_control,control,1,0,0,12.38,0.192745,0,4118656,27184,211,1637287,0,0,0,0.0
687,64442,88,pair_013_n3_013_conflict,conflict,1,0,0,12.38,0.19259833333333332,0,4124288,27226,211,1639365,0,0,0,0.0
688,64550,108,pair_004_n5_004_conflict,conflict,1,0,0,12.180000000000001,0.1924183333333333,0,4131200,27289,211,1641874,0,0,0,0.0
689,64639,89,pair_006_n5_006_control,control,1,0,0,12.370000000000001,0.19227,0,4136896,27328,211,1644002,0,0,0,0.0
690,64732,93,pair_013_n3_013_control,control,1,0,0,12.330000000000002,0.19211499999999998,0,4142848,27347,211,1646288,0,0,0,0.0
691,64739,7,pair_012_n5_012_control,control,0,1,0,-0.86,0.19210333333333332,0,4143296,27354,212,1646483,0,0,0,0.0
692,64834,95,pair_007_n5_007_control,control,0,1,0,1.3100000000000014,0.19194499999999998,0,4149376,27396,212,1648833,0,0,0,0.0
693,64917,83,pair_010_n3_010_control,control,1,0,0,12.430000000000001,0.19180666666666665,0,4154688,27416,212,1650836,0,0,0,0.0
694,65011,94,pair_000_n3_000_conflict,conflict,1,0,0,12.32,0.19165,0,4160704,27437,212,1653130,0,0,0,0.0
695,65102,91,pair_008_n5_008_conflict,conflict,1,0,0,12.350000000000001,0.19149833333333333,0,4166528,27486,212,1655341,0,0,0,0.0
696,65204,102,pair_001_n5_001_conflict,conflict,1,0,0,12.240000000000002,0.19132833333333332,0,4173056,27520,212,1657782,0,0,0,0.0
697,65300,96,pair_007_n5_007_conflict,conflict,1,0,0,12.3,0.19116833333333333,0,4179200,27570,212,1660103,0,0,0,0.0
698,65383,83,pair_007_n3_007_conflict,conflict,1,0,0,12.430000000000001,0.19102999999999998,0,4184512,27606,212,1662110,0,0,0,0.0
699,65481,98,pair_014_n5_014_conflict,conflict,1,0,0,12.280000000000001,0.19086666666666666,0,4190784,27665,213,1664509,0,0,0,0.0
700,65576,95,pair_011_n3_011_control,control,0,1,0,1.2600000000000016,0.1907083333333333,0,4196864,27689,213,1666834,0,0,0,0.0
701,65677,101,pair_006_n5_006_conflict,conflict,1,0,0,12.250000000000002,0.19054,0,4203328,27727,213,1669321,0,0,0,0.0
702,65764,87,pair_002_n3_002_control,control,1,0,0,12.39,0.19039499999999998,0,4208896,27749,213,1671467,0,0,0,0.0
703,65853,89,pair_016_n5_016_control,control,1,0,0,12.370000000000001,0.19024666666666668,0,4214592,27795,213,1673643,0,0,0,0.0
704,65944,91,pair_005_n5_005_conflict,conflict,1,0,0,12.350000000000001,0.190095,0,4220416,27849,213,1675889,0,0,0,0.0
705,66036,92,pair_003_n3_003_conflict,conflict,1,0,0,12.340000000000002,0.18994166666666668,0,4226304,27863,213,1678250,0,0,0,0.0
706,66126,90,pair_003_n5_003_control,control,1,0,0,12.360000000000001,0.18979166666666664,0,4232064,27880,213,1680507,0,0,0,0.0
707,66207,81,pair_009_n5_009_conflict,conflict,1,0,0,12.450000000000001,0.18965666666666664,0,4237248,27908,213,1682454,0,0,0,0.0
708,66296,89,pair_001_n3_001_conflict,conflict,1,0,0,12.370000000000003,0.18950833333333333,0,4242944,27923,213,1684608,0,0,0,0.0
709,66385,89,pair_000_n5_000_conflict,conflict,1,0,0,12.370000000000001,0.18935999999999997,0,4248640,27958,213,1686837,0,0,0,0.0
710,66475,90,pair_017_n5_017_conflict,conflict,1,0,0,12.360000000000001,0.18921,0,4254400,27996,213,1689058,0,0,0,0.0
711,66568,93,pair_015_n3_015_conflict,conflict,1,0,0,12.330000000000002,0.18905499999999997,0,4260352,28025,213,1691368,0,0,0,0.0
712,66665,97,pair_004_n3_004_conflict,conflict,1,0,0,12.290000000000001,0.1888933333333333,0,4266560,28064,213,1693813,0,0,0,0.0
713,66752,87,pair_001_n5_001_control,control,1,0,0,12.39,0.18874833333333332,0,4272128,28079,213,1695913,0,0,0,0.0
714,66833,81,pair_008_n5_008_control,control,1,0,0,12.450000000000001,0.18861333333333333,0,4277312,28101,213,1697846,0,0,0,0.0
715,66855,22,pair_016_n3_016_control,control,0,1,0,-0.56,0.18857666666666667,0,4278720,28123,213,1698380,0,0,0,0.0
716,66942,87,pair_004_n5_004_control,control,1,0,0,12.39,0.18843166666666666,0,4284288,28147,213,1700511,0,0,0,0.0
717,67040,98,pair_011_n5_011_control,control,1,0,0,12.280000000000001,0.18826833333333332,0,4290560,28174,213,1702862,0,0,0,0.0
718,67129,89,pair_007_n3_007_control,control,1,0,0,12.370000000000001,0.18812,0,4296256,28195,213,1705039,0,0,0,0.0
719,67213,84,pair_004_n3_004_control,control,1,0,0,12.420000000000002,0.18797999999999998,0,4301632,28222,213,1707080,0,0,0,0.0
720,67294,81,pair_004_n3_004_control,control,1,0,0,12.450000000000003,0.18784499999999998,0,4306816,28247,213,1709043,0,0,0,0.0
721,67381,87,pair_001_n3_001_control,control,1,0,0,12.39,0.18769999999999998,0,4312384,28260,213,1711065,0,0,0,0.0
722,67396,15,pair_014_n5_014_conflict,conflict,0,1,0,-0.5900000000000001,0.18767499999999998,0,4313344,28275,214,1711428,0,0,0,0.0
723,67490,94,pair_005_n3_005_control,control,1,0,0,12.320000000000002,0.18751833333333334,0,4319360,28307,214,1713669,0,0,0,0.0
724,67587,97,pair_003_n5_003_conflict,conflict,1,0,0,12.290000000000001,0.18735666666666667,0,4325568,28335,214,1715949,0,0,0,0.0
725,67670,83,pair_010_n3_010_conflict,conflict,1,0,0,12.430000000000001,0.18721833333333332,0,4330880,28347,214,1717850,0,0,0,0.0
726,67756,86,pair_004_n3_004_conflict,conflict,1,0,0,12.400000000000002,0.187075,0,4336384,28375,214,1719766,0,0,0,0.0
727,67845,89,pair_010_n5_010_control,control,1,0,0,12.370000000000001,0.18692666666666666,0,4342080,28386,214,1721789,0,0,0,0.0
728,67932,87,pair_007_n3_007_conflict,conflict,1,0,0,12.39,0.18678166666666665,0,4347648,28411,214,1723756,0,0,0,0.0
729,68027,95,pair_011_n5_011_conflict,conflict,1,0,0,12.310000000000002,0.1866233333333333,0,4353728,28436,214,1725930,0,0,0,0.0
730,68107,80,pair_001_n3_001_conflict,conflict,1,0,0,12.46,0.18649,0,4358848,28453,214,1727745,0,0,0,0.0
731,68209,102,pair_016_n5_016_control,control,1,0,0,12.240000000000002,0.18631999999999999,0,4365376,28518,215,1730076,0,0,0,0.0
732,68301,92,pair_010_n5_010_conflict,conflict,1,0,0,12.340000000000002,0.18616666666666665,0,4371264,28528,215,1732139,0,0,0,0.0
733,68394,93,pair_014_n5_014_control,control,1,0,0,12.330000000000002,0.18601166666666666,0,4377216,28551,215,1734251,0,0,0,0.0
734,68490,96,pair_004_n5_004_control,control,1,0,0,12.3,0.18585166666666664,0,4383360,28578,215,1736354,0,0,0,0.0
735,68595,105,pair_006_n5_006_control,control,1,0,0,12.21,0.18567666666666666,0,4390080,28668,217,1738694,0,0,0,0.0
736,68673,78,pair_013_n5_013_control,control,1,0,0,12.48,0.18554666666666664,0,4395072,28712,217,1740420,0,0,0,0.0
737,68756,83,pair_000_n3_000_conflict,conflict,1,0,0,12.430000000000001,0.18540833333333334,0,4400384,28739,217,1742306,0,0,0,0.0
738,68849,93,pair_006_n5_006_conflict,conflict,1,0,0,12.330000000000002,0.18525333333333333,0,4406336,28775,217,1744458,0,0,0,0.0
739,68926,77,pair_011_n3_011_control,control,1,0,0,12.490000000000002,0.18512499999999998,0,4411264,28802,217,1746177,0,0,0,0.0
740,69019,93,pair_009_n3_009_conflict,conflict,1,0,0,12.330000000000002,0.18497,0,4417216,28845,218,1748262,0,0,0,0.0
741,69105,86,pair_015_n5_015_conflict,conflict,1,0,0,12.400000000000002,0.18482666666666664,0,4422720,28863,218,1750189,0,0,0,0.0
742,69110,5,pair_009_n3_009_control,control,0,1,0,-0.9400000000000001,0.1848183333333333,0,4423040,28868,219,1750310,0,0,0,0.0
743,69194,84,pair_013_n3_013_control,control,1,0,0,12.420000000000002,0.18467833333333333,0,4428416,28902,219,1752188,0,0,0,0.0
744,69279,85,pair_005_n5_005_conflict,conflict,1,0,0,12.410000000000002,0.18453666666666665,0,4433856,28940,219,1754036,0,0,0,0.0
745,69366,87,pair_003_n5_003_control,control,1,0,0,12.39,0.18439166666666668,0,4439424,28960,219,1755965,0,0,0,0.0
746,69478,112,pair_012_n3_012_control,control,1,0,0,12.14,0.184205,0,4446592,28996,219,1758435,0,0,0,0.0
747,69570,92,pair_016_n3_016_conflict,conflict,1,0,0,12.340000000000002,0.18405166666666667,0,4452480,29024,219,1760509,0,0,0,0.0
748,69665,95,pair_017_n3_017_conflict,conflict,1,0,0,12.31,0.18389333333333333,0,4458560,29074,219,1762592,0,0,0,0.0
749,69760,95,pair_009_n5_009_conflict,conflict,1,0,0,12.310000000000002,0.18373499999999998,0,4464640,29130,220,1764681,0,0,0,0.0
750,69871,111,pair_003_n3_003_control,control,1,0,0,12.150000000000002,0.18355,0,4471744,29146,220,1767136,0,0,0,0.0
751,69961,90,pair_017_n5_017_control,control,1,0,0,12.360000000000001,0.1834,0,4477504,29163,220,1769149,0,0,0,0.0
752,70063,102,pair_004_n5_004_conflict,conflict,1,0,0,12.240000000000002,0.18323,0,4484032,29207,221,1771440,0,0,0,0.0
753,70155,92,pair_007_n5_007_control,control,1,0,0,12.340000000000002,0.18307666666666667,0,4489920,29250,221,1773487,0,0,0,0.0
754,70250,95,pair_002_n3_002_conflict,conflict,1,0,0,12.310000000000002,0.18291833333333332,0,4496000,29278,221,1775610,0,0,0,0.0
755,70344,94,pair_008_n3_008_conflict,conflict,1,0,0,12.32,0.18276166666666666,0,4502016,29289,221,1777713,0,0,0,0.0
756,70432,88,pair_014_n3_014_control,control,1,0,0,12.38,0.18261499999999997,0,4507648,29312,222,1779589,0,0,0,0.0
757,70515,83,pair_013_n3_013_conflict,conflict,1,0,0,12.430000000000001,0.18247666666666668,0,4512960,29328,222,1781441,0,0,0,0.0
758,70602,87,pair_014_n3_014_conflict,conflict,1,0,0,12.390000000000002,0.18233166666666667,0,4518528,29347,222,1783292,0,0,0,0.0
759,70698,96,pair_012_n5_012_control,control,1,0,0,12.3,0.18217166666666668,0,4524672,29377,222,1785331,0,0,0,0.0
760,70771,73,pair_006_n3_006_conflict,conflict,1,0,0,12.530000000000001,0.18205,0,4529344,29426,222,1786934,0,0,0,0.0
761,70861,90,pair_013_n5_013_conflict,conflict,1,0,0,12.360000000000001,0.1819,0,4535104,29454,223,1788922,0,0,0,0.0
762,70954,93,pair_017_n5_017_conflict,conflict,1,0,0,12.330000000000002,0.181745,0,4541056,29508,223,1790920,0,0,0,0.0
763,71050,96,pair_001_n5_001_control,control,1,0,0,12.3,0.181585,0,4547200,29581,223,1793069,0,0,0,0.0
764,71136,86,pair_012_n5_012_conflict,conflict,1,0,0,12.400000000000002,0.18144166666666667,0,4552704,29612,223,1794948,0,0,0,0.0
765,71212,76,pair_011_n3_011_conflict,conflict,1,0,0,12.500000000000002,0.181315,0,4557568,29641,223,1796667,0,0,0,0.0
766,71301,89,pair_006_n3_006_control,control,1,0,0,12.370000000000001,0.18116666666666664,0,4563264,29697,224,1798728,0,0,0,0.0
767,71395,94,pair_017_n3_017_control,control,1,0,0,12.32,0.18101,0,4569280,29722,224,1800877,0,0,0,0.0
768,71490,95,pair_002_n5_002_conflict,conflict,1,0,0,12.310000000000002,0.18085166666666666,0,4575360,29743,224,1803032,0,0,0,0.0
769,71572,82,pair_015_n3_015_conflict,conflict,1,0,0,12.440000000000001,0.180715,0,4580608,29761,224,1804897,0,0,0,0.0
770,71663,91,pair_016_n5_016_conflict,conflict,1,0,0,12.350000000000001,0.18056333333333333,0,4586432,29795,226,1806955,0,0,0,0.0
771,71754,91,pair_008_n3_008_control,control,1,0,0,12.350000000000001,0.18041166666666664,0,4592256,29833,226,1809079,0,0,0,0.0
772,71844,90,pair_000_n5_000_control,control,1,0,0,12.360000000000001,0.18026166666666665,0,4598016,29863,226,1811193,0,0,0,0.0
773,71935,91,pair_015_n3_015_control,control,1,0,0,12.350000000000001,0.18011,0,4603840,29881,226,1813317,0,0,0,0.0
774,72037,102,pair_005_n5_005_control,control,1,0,0,12.240000000000002,0.17994,0,4610368,29905,226,1815657,0,0,0,0.0
775,72136,99,pair_002_n5_002_control,control,1,0,0,12.270000000000001,0.179775,0,4616704,29936,226,1817997,0,0,0,0.0
776,72250,114,pair_008_n5_008_control,control,1,0,0,12.120000000000001,0.179585,0,4624000,30012,226,1820637,0,0,0,0.0
777,72329,79,pair_010_n3_010_control,control,1,0,0,12.470000000000002,0.17945333333333333,0,4629056,30025,226,1822494,0,0,0,0.0
778,72422,93,pair_005_n3_005_conflict,conflict,1,0,0,12.330000000000002,0.17929833333333334,0,4635008,30057,226,1824647,0,0,0,0.0
779,72517,95,pair_001_n5_001_conflict,conflict,1,0,0,12.310000000000002,0.17914,0,4641088,30070,226,1826846,0,0,0,0.0
780,72598,81,pair_007_n5_007_conflict,conflict,1,0,0,12.450000000000001,0.17900499999999997,0,4646272,30091,226,1828727,0,0,0,0.0
781,72685,87,pair_011_n5_011_control,control,1,0,0,12.39,0.17886,0,4651840,30115,226,1830663,0,0,0,0.0
782,72772,87,pair_002_n3_002_control,control,1,0,0,12.39,0.17871499999999998,0,4657408,30143,226,1832675,0,0,0,0.0
783,72814,42,pair_007_n3_007_control,control,0,1,0,0.14000000000000035,0.178645,0,4660096,30185,227,1833657,0,0,0,0.0
784,72897,83,pair_012_n3_012_conflict,conflict,1,0,0,12.430000000000001,0.17850666666666665,0,4665408,30214,227,1835538,0,0,0,0.0
785,72981,84,pair_009_n5_009_control,control,1,0,0,12.420000000000002,0.17836666666666667,0,4670784,30244,227,1837425,0,0,0,0.0
786,73078,97,pair_016_n3_016_control,control,1,0,0,12.290000000000003,0.178205,0,4676992,30279,227,1839655,0,0,0,0.0
787,73156,78,pair_003_n3_003_conflict,conflict,1,0,0,12.48,0.17807499999999998,0,4681984,30321,227,1841417,0,0,0,0.0
788,73245,89,pair_000_n5_000_conflict,conflict,1,0,0,12.370000000000001,0.17792666666666665,0,4687680,30354,227,1843436,0,0,0,0.0
789,73332,87,pair_008_n5_008_conflict,conflict,1,0,0,12.39,0.17778166666666667,0,4693248,30381,227,1845397,0,0,0,0.0
790,73420,88,pair_015_n5_015_control,control,1,0,0,12.38,0.177635,0,4698880,30398,227,1847415,0,0,0,0.0
791,73502,82,pair_000_n3_000_control,control,1,0,0,12.440000000000001,0.1774983333333333,0,4704128,30427,227,1849250,0,0,0,0.0
792,73588,86,pair_011_n3_011_conflict,conflict,1,0,0,12.400000000000002,0.17735499999999998,0,4709632,30438,227,1851182,0,0,0,0.0
793,73678,90,pair_000_n5_000_conflict,conflict,1,0,0,12.360000000000001,0.177205,0,4715392,30472,227,1853140,0,0,0,0.0
794,73768,90,pair_001_n3_001_control,control,1,0,0,12.360000000000001,0.177055,0,4721152,30511,227,1855158,0,0,0,0.0
795,73845,77,pair_008_n3_008_conflict,conflict,1,0,0,12.490000000000002,0.17692666666666665,0,4726080,30522,227,1856880,0,0,0,0.0
796,73937,92,pair_000_n3_000_conflict,conflict,1,0,0,12.340000000000002,0.17677333333333334,0,4731968,30556,227,1858979,0,0,0,0.0
797,73943,6,pair_007_n3_007_control,control,0,1,0,-0.8,0.17676333333333333,0,4732352,30562,227,1859104,0,0,0,0.0
798,74035,92,pair_007_n5_007_control,control,1,0,0,12.340000000000002,0.17661,0,4738240,30589,227,1861114,0,0,0,0.0
799,74127,92,pair_000_n5_000_control,control,1,0,0,12.340000000000002,0.17645666666666665,0,4744128,30620,227,1863145,0,0,0,0.0
800,74206,79,pair_007_n5_007_conflict,conflict,1,0,0,12.470000000000002,0.176325,0,4749184,30670,227,1864801,0,0,0,0.0
801,74294,88,pair_011_n5_011_conflict,conflict,1,0,0,12.38,0.17617833333333333,0,4754816,30719,227,1866711,0,0,0,0.0
802,74393,99,pair_006_n3_006_control,control,1,0,0,12.270000000000001,0.17601333333333333,0,4761152,30758,228,1868836,0,0,0,0.0
803,74478,85,pair_012_n3_012_conflict,conflict,1,0,0,12.410000000000002,0.17587166666666665,0,4766592,30788,228,1870727,0,0,0,0.0
804,74571,93,pair_015_n3_015_control,control,1,0,0,12.330000000000002,0.17571666666666666,0,4772544,30806,228,1872759,0,0,0,0.0
805,74658,87,pair_013_n5_013_conflict,conflict,1,0,0,12.39,0.17557166666666665,0,4778112,30829,228,1874693,0,0,0,0.0
806,74738,80,pair_012_n5_012_conflict,conflict,1,0,0,12.46,0.1754383333333333,0,4783232,30859,228,1876426,0,0,0,0.0
807,74820,82,pair_010_n3_010_control,control,1,0,0,12.440000000000001,0.17530166666666666,0,4788480,30896,228,1878193,0,0,0,0.0
808,74910,90,pair_005_n5_005_conflict,conflict,1,0,0,12.360000000000001,0.17515166666666665,0,4794240,30937,228,1880120,0,0,0,0.0
809,74991,81,pair_016_n5_016_conflict,conflict,1,0,0,12.450000000000001,0.17501666666666665,0,4799424,30997,228,1881929,0,0,0,0.0
810,75081,90,pair_016_n5_016_control,control,1,0,0,12.360000000000001,0.17486666666666664,0,4805184,31044,229,1883963,0,0,0,0.0
811,75087,6,pair_015_n5_015_control,control,0,1,0,-0.8,0.17485666666666666,0,4805568,31050,229,1884094,0,0,0,0.0
812,75170,83,pair_001_n3_001_conflict,conflict,1,0,0,12.430000000000001,0.1747183333333333,0,4810880,31067,229,1885967,0,0,0,0.0
813,75257,87,pair_014_n5_014_conflict,conflict,1,0,0,12.390000000000002,0.17457333333333333,0,4816448,31103,229,1887925,0,0,0,0.0
814,75344,87,pair_007_n3_007_conflict,conflict,1,0,0,12.39,0.17442833333333332,0,4822016,31134,229,1889836,0,0,0,0.0
815,75439,95,pair_008_n3_008_control,control,1,0,0,12.310000000000002,0.17426999999999998,0,4828096,31147,229,1891964,0,0,0,0.0
816,75445,6,pair_017_n3_017_control,control,0,1,0,-0.8,0.17426,0,4828480,31153,229,1892095,0,0,0,0.0
817,75481,36,pair_014_n5_014_control,control,0,1,0,-0.1499999999999998,0.1742,0,4830784,31189,231,1892898,0,0,0,0.0
818,75564,83,pair_004_n5_004_control,control,1,0,0,12.430000000000001,0.17406166666666664,0,4836096,31210,231,1894839,0,0,0,0.0
819,75652,88,pair_005_n5_005_control,control,1,0,0,12.38,0.173915,0,4841728,31223,231,1896840,0,0,0,0.0
820,75743,91,pair_010_n5_010_conflict,conflict,1,0,0,12.350000000000001,0.17376333333333333,0,4847552,31235,231,1898808,0,0,0,0.0
821,75828,85,pair_002_n3_002_control,control,1,0,0,12.410000000000002,0.17362166666666665,0,4852992,31264,231,1900751,0,0,0,0.0
822,75935,107,pair_004_n3_004_control,control,1,0,0,12.190000000000001,0.1734433333333333,0,4859840,31294,231,1903192,0,0,0,0.0
823,76017,82,pair_003_n3_003_conflict,conflict,1,0,0,12.440000000000001,0.17330666666666666,0,4865088,31316,231,1905015,0,0,0,0.0
824,76110,93,pair_003_n5_003_control,control,1,0,0,12.330000000000002,0.17315166666666665,0,4871040,31337,231,1907089,0,0,0,0.0
825,76196,86,pair_011_n3_011_control,control,1,0,0,12.400000000000002,0.17300833333333332,0,4876544,31348,231,1908982,0,0,0,0.0
826,76276,80,pair_000_n3_000_control,control,1,0,0,12.46,0.172875,0,4881664,31376,231,1910821,0,0,0,0.0
827,76362,86,pair_006_n5_006_control,control,1,0,0,12.400000000000002,0.17273166666666664,0,4887168,31405,231,1912762,0,0,0,0.0
828,76451,89,pair_016_n3_016_conflict,conflict,1,0,0,12.370000000000001,0.1725833333333333,0,4892864,31433,231,1914736,0,0,0,0.0
829,76538,87,pair_004_n3_004_conflict,conflict,1,0,0,12.390000000000002,0.17243833333333333,0,4898432,31456,231,1916638,0,0,0,0.0
830,76632,94,pair_009_n5_009_control,control,1,0,0,12.32,0.17228166666666667,0,4904448,31494,231,1918772,0,0,0,0.0
831,76722,90,pair_008_n5_008_conflict,conflict,1,0,0,12.360000000000001,0.17213166666666666,0,4910208,31521,231,1920812,0,0,0,0.0
832,76808,86,pair_012_n5_012_control,control,1,0,0,12.400000000000002,0.17198833333333333,0,4915712,31554,231,1922843,0,0,0,0.0
833,76902,94,pair_005_n3_005_conflict,conflict,1,0,0,12.32,0.17183166666666666,0,4921728,31585,231,1924993,0,0,0,0.0
834,76996,94,pair_002_n3_002_conflict,conflict,1,0,0,12.320000000000002,0.171675,0,4927744,31612,232,1927122,0,0,0,0.0
835,77091,95,pair_016_n3_016_control,control,1,0,0,12.310000000000002,0.17151666666666665,0,4933824,31653,232,1929248,0,0,0,0.0
836,77179,88,pair_008_n5_008_control,control,1,0,0,12.38,0.17137,0,4939456,31675,232,1931286,0,0,0,0.0
837,77270,91,pair_002_n5_002_conflict,conflict,1,0,0,12.350000000000001,0.17121833333333333,0,4945280,31704,232,1933345,0,0,0,0.0
838,77396,126,pair_009_n3_009_conflict,conflict,1,0,0,12.000000000000004,0.17100833333333332,0,4953344,31771,232,1936094,0,0,0,0.0
839,77479,83,pair_015_n3_015_conflict,conflict,1,0,0,12.430000000000001,0.17087,0,4958656,31787,232,1937906,0,0,0,0.0
840,77567,88,pair_013_n5_013_control,control,1,0,0,12.38,0.1707233333333333,0,4964288,31805,232,1939856,0,0,0,0.0
841,77655,88,pair_003_n5_003_conflict,conflict,1,0,0,12.38,0.17057666666666665,0,4969920,31828,232,1941833,0,0,0,0.0
842,77746,91,pair_015_n5_015_conflict,conflict,1,0,0,12.350000000000001,0.170425,0,4975744,31845,232,1943820,0,0,0,0.0
843,77835,89,pair_017_n5_017_conflict,conflict,1,0,0,12.370000000000001,0.17027666666666666,0,4981440,31865,232,1945798,0,0,0,0.0
844,77921,86,pair_006_n5_006_conflict,conflict,1,0,0,12.400000000000002,0.17013333333333333,0,4986944,31901,232,1947770,0,0,0,0.0
845,78009,88,pair_010_n3_010_conflict,conflict,1,0,0,12.380000000000003,0.16998666666666665,0,4992576,31915,232,1949675,0,0,0,0.0
846,78099,90,pair_014_n3_014_control,control,1,0,0,12.360000000000001,0.16983666666666666,0,4998336,31938,232,1951695,0,0,0,0.0
847,78179,80,pair_013_n3_013_control,control,1,0,0,12.46,0.16970333333333332,0,5003456,31955,232,1953422,0,0,0,0.0
848,78272,93,pair_011_n5_011_control,control,1,0,0,12.330000000000002,0.16954833333333333,0,5009408,31987,232,1955376,0,0,0,0.0
849,78357,85,pair_006_n3_006_conflict,conflict,1,0,0,12.410000000000002,0.16940666666666665,0,5014848,32009,232,1957218,0,0,0,0.0
850,78440,83,pair_017_n5_017_control,control,1,0,0,12.430000000000001,0.16926833333333333,0,5020160,32034,232,1958955,0,0,0,0.0
851,78530,90,pair_002_n5_002_control,control,1,0,0,12.360000000000001,0.16911833333333331,0,5025920,32060,232,1960863,0,0,0,0.0
852,78623,93,pair_001_n5_001_control,control,1,0,0,12.330000000000002,0.16896333333333333,0,5031872,32076,232,1962780,0,0,0,0.0
853,78726,103,pair_009_n3_009_control,control,1,0,0,12.230000000000002,0.16879166666666665,0,5038464,32108,232,1965038,0,0,0,0.0
854,78813,87,pair_017_n3_017_conflict,conflict,1,0,0,12.39,0.16864666666666667,0,5044032,32128,232,1966877,0,0,0,0.0
855,78905,92,pair_010_n5_010_control,control,1,0,0,12.340000000000002,0.16849333333333333,0,5049920,32142,232,1968854,0,0,0,0.0
856,78928,23,pair_014_n3_014_conflict,conflict,0,1,0,-0.77,0.168455,0,5051392,32165,232,1969348,0,0,0,0.0
857,79018,90,pair_001_n5_001_conflict,conflict,1,0,0,12.360000000000001,0.16830499999999998,0,5057152,32216,232,1971313,0,0,0,0.0
858,79104,86,pair_004_n5_004_conflict,conflict,1,0,0,12.400000000000002,0.16816166666666665,0,5062656,32273,232,1973231,0,0,0,0.0
859,79207,103,pair_013_n3_013_conflict,conflict,1,0,0,12.23,0.16799,0,5069248,32302,233,1975487,0,0,0,0.0
860,79294,87,pair_012_n3_012_control,control,1,0,0,12.39,0.167845,0,5074816,32330,233,1977373,0,0,0,0.0
861,79369,75,pair_003_n3_003_control,control,1,0,0,12.510000000000002,0.16771999999999998,0,5079616,32367,233,1979042,0,0,0,0.0
862,79457,88,pair_009_n5_009_conflict,conflict,1,0,0,12.380000000000003,0.16757333333333332,0,5085248,32406,233,1980974,0,0,0,0.0
863,79534,77,pair_005_n3_005_control,control,1,0,0,12.490000000000002,0.16744499999999998,0,5090176,32436,233,1982625,0,0,0,0.0
864,79614,80,pair_004_n5_004_conflict,conflict,1,0,0,12.46,0.16731166666666666,0,5095296,32482,233,1984414,0,0,0,0.0
865,79709,95,pair_013_n3_013_control,control,1,0,0,12.310000000000002,0.16715333333333332,0,5101376,32514,234,1986484,0,0,0,0.0
866,79789,80,pair_000_n3_000_conflict,conflict,0,1,0,1.4600000000000017,0.16702,0,5106496,32549,234,1988204,0,0,0,0.0
867,79874,85,pair_009_n5_009_conflict,conflict,1,0,0,12.410000000000002,0.16687833333333332,0,5111936,32623,236,1990043,0,0,0,0.0
868,79961,87,pair_006_n5_006_control,control,1,0,0,12.39,0.16673333333333332,0,5117504,32657,236,1991881,0,0,0,0.0
869,80036,75,pair_003_n3_003_control,control,1,0,0,12.510000000000002,0.16660833333333333,0,5122304,32681,236,1993539,0,0,0,0.0
870,80131,95,pair_006_n5_006_conflict,conflict,1,0,0,12.31,0.16645,0,5128384,32727,237,1995644,0,0,0,0.0
871,80216,85,pair_009_n3_009_conflict,conflict,1,0,0,12.410000000000002,0.16630833333333334,0,5133824,32752,237,1997516,0,0,0,0.0
872,80222,6,pair_013_n3_013_conflict,conflict,0,1,0,-0.85,0.16629833333333333,0,5134208,32758,237,1997657,0,0,0,0.0
873,80301,79,pair_012_n3_012_conflict,conflict,0,1,0,1.3700000000000019,0.16616666666666666,0,5139264,32790,237,1999337,0,0,0,0.0
874,80384,83,pair_015_n5_015_control,control,1,0,0,12.430000000000001,0.16602833333333333,0,5144576,32825,237,2001153,0,0,0,0.0
875,80470,86,pair_003_n5_003_control,control,1,0,0,12.400000000000002,0.16588499999999998,0,5150080,32851,237,2003044,0,0,0,0.0
876,80567,97,pair_014_n5_014_control,control,1,0,0,12.290000000000001,0.16572333333333333,0,5156288,32910,238,2005083,0,0,0,0.0
877,80650,83,pair_008_n3_008_conflict,conflict,1,0,0,12.430000000000001,0.16558499999999998,0,5161600,32927,238,2006943,0,0,0,0.0
878,80733,83,pair_006_n3_006_control,control,1,0,0,12.430000000000001,0.16544666666666666,0,5166912,32947,238,2008827,0,0,0,0.0
879,80735,2,pair_016_n3_016_control,control,0,1,0,-0.96,0.16544333333333333,0,5167040,32949,238,2008875,0,0,0,0.0
880,80828,93,pair_004_n5_004_control,control,1,0,0,12.330000000000002,0.16528833333333331,0,5172992,32988,238,2010946,0,0,0,0.0
881,80923,95,pair_005_n3_005_conflict,conflict,1,0,0,12.310000000000002,0.16513,0,5179072,33027,238,2013006,0,0,0,0.0
882,81013,90,pair_005_n5_005_control,control,0,1,0,1.3100000000000014,0.16498,0,5184832,33059,238,2015012,0,0,0,0.0
883,81104,91,pair_012_n5_012_conflict,conflict,1,0,0,12.350000000000001,0.16482833333333333,0,5190656,33107,239,2017019,0,0,0,0.0
884,81199,95,pair_007_n3_007_conflict,conflict,1,0,0,12.310000000000002,0.16466999999999998,0,5196736,33141,240,2019146,0,0,0,0.0
885,81287,88,pair_013_n5_013_conflict,conflict,1,0,0,12.380000000000003,0.16452333333333333,0,5202368,33175,241,2021102,0,0,0,0.0
886,81376,89,pair_004_n3_004_conflict,conflict,1,0,0,12.370000000000001,0.164375,0,5208064,33217,241,2023102,0,0,0,0.0
887,81462,86,pair_017_n5_017_control,control,1,0,0,12.400000000000002,0.16423166666666666,0,5213568,33256,241,2025090,0,0,0,0.0
888,81467,5,pair_008_n5_008_control,control,0,1,0,-0.84,0.16422333333333333,0,5213888,33261,241,2025207,0,0,0,0.0
889,81562,95,pair_007_n5_007_control,control,0,1,0,1.2600000000000011,0.164065,0,5219968,33302,242,2027351,0,0,0,0.0
890,81649,87,pair_010_n5_010_control,control,1,0,0,12.39,0.16391999999999998,0,5225536,33353,242,2029342,0,0,0,0.0
891,81730,81,pair_001_n5_001_control,control,1,0,0,12.450000000000001,0.163785,0,5230720,33384,242,2031200,0,0,0,0.0
892,81813,83,pair_015_n5_015_conflict,conflict,1,0,0,12.430000000000001,0.16364666666666666,0,5236032,33404,242,2033103,0,0,0,0.0
893,81911,98,pair_010_n3_010_control,control,1,0,0,12.280000000000001,0.1634833333333333,0,5242304,33417,242,2035298,0,0,0,0.0
894,82005,94,pair_004_n3_004_control,control,1,0,0,12.320000000000002,0.16332666666666665,0,5248320,33445,242,2037409,0,0,0,0.0
895,82087,82,pair_003_n5_003_conflict,conflict,1,0,0,12.440000000000001,0.16319,0,5253568,33471,242,2039263,0,0,0,0.0
896,82184,97,pair_009_n3_009_control,control,1,0,0,12.290000000000001,0.16302833333333333,0,5259776,33499,242,2041471,0,0,0,0.0
897,82263,79,pair_014_n5_014_conflict,conflict,1,0,0,12.470000000000002,0.16289666666666666,0,5264832,33519,242,2043234,0,0,0,0.0
898,82348,85,pair_002_n3_002_control,control,1,0,0,12.410000000000002,0.16275499999999998,0,5270272,33540,242,2045200,0,0,0,0.0
899,82436,88,pair_008_n5_008_conflict,conflict,1,0,0,12.38,0.16260833333333333,0,5275904,33562,242,2047164,0,0,0,0.0
900,82515,79,pair_014_n3_014_control,control,1,0,0,12.470000000000002,0.16247666666666666,0,5280960,33605,242,2048904,0,0,0,0.0
901,82609,94,pair_015_n3_015_conflict,conflict,1,0,0,12.32,0.16232,0,5286976,33628,242,2051034,0,0,0,0.0
902,82707,98,pair_010_n5_010_conflict,conflict,0,1,0,1.280000000000003,0.16215666666666664,0,5293248,33666,242,2053233,0,0,0,0.0
903,82806,99,pair_000_n5_000_control,control,1,0,0,12.270000000000001,0.16199166666666664,0,5299584,33718,242,2055460,0,0,0,0.0
904,82895,89,pair_015_n3_015_control,control,1,0,0,12.370000000000001,0.1618433333333333,0,5305280,33746,244,2057440,0,0,0,0.0
905,82982,87,pair_017_n3_017_control,control,1,0,0,12.39,0.16169833333333333,0,5310848,33788,244,2059358,0,0,0,0.0
906,83077,95,pair_002_n3_002_conflict,conflict,1,0,0,12.310000000000002,0.16154,0,5316928,33832,244,2061428,0,0,0,0.0
907,83160,83,pair_003_n3_003_conflict,conflict,1,0,0,12.430000000000001,0.16140166666666667,0,5322240,33850,244,2063283,0,0,0,0.0
908,83254,94,pair_016_n3_016_conflict,conflict,1,0,0,12.32,0.161245,0,5328256,33879,244,2065468,0,0,0,0.0
909,83325,71,pair_011_n3_011_conflict,conflict,1,0,0,12.55,0.16112666666666667,0,5332800,33911,244,2067035,0,0,0,0.0
910,83420,95,pair_013_n5_013_control,control,1,0,0,12.31,0.16096833333333332,0,5338880,33995,247,2069205,0,0,0,0.0
911,83493,73,pair_011_n5_011_control,control,1,0,0,12.530000000000001,0.16084666666666667,0,5343552,34048,247,2070912,0,0,0,0.0
912,83567,74,pair_005_n5_005_conflict,conflict,1,0,0,12.520000000000003,0.16072333333333333,0,5348288,34088,247,2072615,0,0,0,0.0
913,83659,92,pair_014_n3_014_conflict,conflict,1,0,0,12.340000000000003,0.16057,0,5354176,34128,247,2074683,0,0,0,0.0
914,83749,90,pair_000_n3_000_control,control,1,0,0,12.360000000000001,0.16041999999999998,0,5359936,34173,247,2076819,0,0,0,0.0
915,83840,91,pair_011_n5_011_conflict,conflict,0,1,0,1.3500000000000023,0.16026833333333332,0,5365760,34219,248,2078870,0,0,0,0.0
916,83934,94,pair_017_n5_017_conflict,conflict,1,0,0,12.32,0.16011166666666665,0,5371776,34277,248,2081052,0,0,0,0.0
917,84029,95,pair_012_n3_012_control,control,1,0,0,12.310000000000002,0.1599533333333333,0,5377856,34312,248,2083269,0,0,0,0.0
918,84133,104,pair_016_n5_016_conflict,conflict,1,0,0,12.22,0.15977999999999998,0,5384512,34374,248,2085737,0,0,0,0.0
919,84213,80,pair_001_n5_001_conflict,conflict,1,0,0,12.46,0.15964666666666666,0,5389632,34419,248,2087623,0,0,0,0.0
920,84305,92,pair_009_n5_009_control,control,1,0,0,12.340000000000002,0.15949333333333332,0,5395520,34448,248,2089797,0,0,0,0.0
921,84387,82,pair_002_n5_002_conflict,conflict,1,0,0,12.440000000000001,0.15935666666666665,0,5400768,34470,248,2091761,0,0,0,0.0
922,84411,24,pair_000_n5_000_conflict,conflict,0,1,0,-0.6300000000000001,0.15931666666666666,0,5402304,34488,248,2092313,0,0,0,0.0
923,84512,101,pair_008_n3_008_control,control,1,0,0,12.250000000000002,0.15914833333333334,0,5408768,34517,248,2094713,0,0,0,0.0
924,84611,99,pair_011_n3_011_control,control,1,0,0,12.270000000000001,0.1589833333333333,0,5415104,34536,248,2097134,0,0,0,0.0
925,84712,101,pair_017_n3_017_conflict,conflict,1,0,0,12.250000000000002,0.15881499999999998,0,5421568,34565,248,2099560,0,0,0,0.0
926,84797,85,pair_002_n5_002_control,control,1,0,0,12.410000000000002,0.15867333333333333,0,5427008,34592,248,2101602,0,0,0,0.0
927,84889,92,pair_010_n3_010_conflict,conflict,1,0,0,12.340000000000002,0.15852,0,5432896,34611,248,2103763,0,0,0,0.0
928,84971,82,pair_005_n3_005_control,control,1,0,0,12.440000000000001,0.15838333333333332,0,5438144,34636,248,2105742,0,0,0,0.0
929,85067,96,pair_012_n5_012_control,control,1,0,0,12.3,0.15822333333333333,0,5444288,34666,248,2108051,0,0,0,0.0
930,85152,85,pair_007_n5_007_conflict,conflict,1,0,0,12.410000000000002,0.15808166666666665,0,5449728,34728,248,2110114,0,0,0,0.0
931,85240,88,pair_007_n3_007_control,control,1,0,0,12.380000000000003,0.157935,0,5455360,34760,248,2112298,0,0,0,0.0
932,85319,79,pair_001_n3_001_control,control,1,0,0,12.470000000000002,0.15780333333333332,0,5460416,34773,248,2114195,0,0,0,0.0
933,85399,80,pair_006_n3_006_conflict,conflict,1,0,0,12.46,0.15766999999999998,0,5465536,34795,248,2116101,0,0,0,0.0
934,85483,84,pair_016_n5_016_control,control,1,0,0,12.420000000000002,0.15752999999999998,0,5470912,34827,248,2118187,0,0,0,0.0
935,85567,84,pair_001_n3_001_conflict,conflict,1,0,0,12.420000000000002,0.15739,0,5476288,34839,248,2120252,0,0,0,0.0
936,85647,80,pair_013_n5_013_conflict,conflict,1,0,0,12.46,0.15725666666666666,0,5481408,34856,248,2122173,0,0,0,0.0
937,85727,80,pair_008_n3_008_conflict,conflict,1,0,0,12.46,0.1571233333333333,0,5486528,34867,248,2124055,0,0,0,0.0
938,85806,79,pair_000_n5_000_conflict,conflict,1,0,0,12.470000000000002,0.15699166666666667,0,5491584,34897,248,2125910,0,0,0,0.0
939,85889,83,pair_015_n3_015_control,control,1,0,0,12.430000000000001,0.15685333333333332,0,5496896,34918,248,2127909,0,0,0,0.0
940,85960,71,pair_010_n3_010_conflict,conflict,1,0,0,12.55,0.15673499999999999,0,5501440,34939,248,2129627,0,0,0,0.0
941,86037,77,pair_003_n5_003_control,control,1,0,0,12.490000000000002,0.15660666666666664,0,5506368,34986,248,2131432,0,0,0,0.0
942,86043,6,pair_007_n3_007_control,control,0,1,0,-0.85,0.15659666666666666,0,5506752,34992,248,2131574,0,0,0,0.0
943,86124,81,pair_005_n3_005_control,control,1,0,0,12.450000000000001,0.15646166666666667,0,5511936,35027,248,2133473,0,0,0,0.0
944,86210,86,pair_016_n3_016_conflict,conflict,1,0,0,12.400000000000002,0.1563183333333333,0,5517440,35067,248,2135524,0,0,0,0.0
945,86293,83,pair_010_n5_010_control,control,1,0,0,12.430000000000001,0.15617999999999999,0,5522752,35084,248,2137499,0,0,0,0.0
946,86385,92,pair_017_n3_017_conflict,conflict,1,0,0,12.340000000000002,0.15602666666666665,0,5528640,35117,248,2139736,0,0,0,0.0
947,86390,5,pair_013_n3_013_conflict,conflict,0,1,0,-0.99,0.15601833333333331,0,5528960,35122,248,2139847,0,0,0,0.0
948,86474,84,pair_005_n5_005_conflict,conflict,1,0,0,12.420000000000002,0.1558783333333333,0,5534336,35162,248,2141837,0,0,0,0.0
949,86555,81,pair_004_n5_004_control,control,1,0,0,12.450000000000001,0.15574333333333332,0,5539520,35199,249,2143821,0,0,0,0.0
950,86650,95,pair_014_n3_014_control,control,1,0,0,12.31,0.155585,0,5545600,35250,249,2146063,0,0,0,0.0
951,86751,101,pair_000_n3_000_conflict,conflict,1,0,0,12.250000000000002,0.15541666666666665,0,5552064,35294,249,2148530,0,0,0,0.0
952,86846,95,pair_009_n5_009_control,control,1,0,0,12.310000000000002,0.15525833333333333,0,5558144,35340,249,2150951,0,0,0,0.0
953,86939,93,pair_011_n3_011_control,control,1,0,0,12.330000000000002,0.15510333333333332,0,5564096,35363,249,2153227,0,0,0,0.0
954,87039,100,pair_002_n3_002_control,control,1,0,0,12.260000000000002,0.15493666666666667,0,5570496,35408,249,2155655,0,0,0,0.0
955,87116,77,pair_001_n5_001_control,control,1,0,0,12.490000000000002,0.15480833333333333,0,5575424,35445,249,2157576,0,0,0,0.0
956,87195,79,pair_002_n3_002_conflict,conflict,1,0,0,12.470000000000002,0.15467666666666666,0,5580480,35473,249,2159576,0,0,0,0.0
957,87280,85,pair_013_n3_013_control,control,1,0,0,12.410000000000002,0.15453499999999998,0,5585920,35510,250,2161696,0,0,0,0.0
958,87360,80,pair_009_n3_009_control,control,1,0,0,12.46,0.15440166666666666,0,5591040,35532,250,2163715,0,0,0,0.0
959,87456,96,pair_007_n5_007_control,control,1,0,0,12.3,0.15424166666666667,0,5597184,35570,250,2166135,0,0,0,0.0
960,87549,93,pair_002_n5_002_control,control,1,0,0,12.330000000000002,0.15408666666666665,0,5603136,35596,250,2168559,0,0,0,0.0
961,87643,94,pair_017_n5_017_conflict,conflict,1,0,0,12.32,0.15392999999999998,0,5609152,35624,250,2170933,0,0,0,0.0
962,87727,84,pair_000_n3_000_control,control,1,0,0,12.420000000000002,0.15378999999999998,0,5614528,35655,250,2173027,0,0,0,0.0
963,87816,89,pair_016_n5_016_control,control,1,0,0,12.370000000000001,0.15364166666666665,0,5620224,35690,250,2175252,0,0,0,0.0
964,87914,98,pair_008_n3_008_control,control,1,0,0,12.280000000000001,0.15347833333333333,0,5626496,35714,250,2177631,0,0,0,0.0
965,87937,23,pair_015_n5_015_conflict,conflict,0,1,0,-0.6200000000000001,0.15344,0,5627968,35737,250,2178200,0,0,0,0.0
966,88023,86,pair_008_n5_008_conflict,conflict,1,0,0,12.400000000000002,0.15329666666666666,0,5633472,35758,250,2180407,0,0,0,0.0
967,88105,82,pair_003_n3_003_conflict,conflict,1,0,0,12.440000000000001,0.15316,0,5638720,35778,250,2182436,0,0,0,0.0
968,88184,79,pair_016_n3_016_control,control,1,0,0,12.470000000000002,0.15302833333333332,0,5643776,35820,250,2184470,0,0,0,0.0
969,88270,86,pair_011_n3_011_conflict,conflict,1,0,0,12.400000000000002,0.152885,0,5649280,35836,250,2186678,0,0,0,0.0
970,88361,91,pair_015_n3_015_conflict,conflict,1,0,0,12.350000000000001,0.15273333333333333,0,5655104,35853,250,2188966,0,0,0,0.0
971,88442,81,pair_001_n3_001_conflict,conflict,0,1,0,1.4000000000000012,0.15259833333333334,0,5660288,35899,250,2190993,0,0,0,0.0
972,88529,87,pair_012_n5_012_control,control,1,0,0,12.39,0.15245333333333333,0,5665856,35945,250,2193173,0,0,0,0.0
973,88612,83,pair_006_n3_006_control,control,1,0,0,12.430000000000001,0.15231499999999998,0,5671168,35974,251,2195187,0,0,0,0.0
974,88697,85,pair_002_n5_002_conflict,conflict,1,0,0,12.410000000000002,0.15217333333333333,0,5676608,36016,252,2197301,0,0,0,0.0
975,88797,100,pair_004_n3_004_control,control,1,0,0,12.260000000000002,0.15200666666666665,0,5683008,36041,252,2199761,0,0,0,0.0
976,88879,82,pair_003_n3_003_control,control,1,0,0,12.440000000000001,0.15186999999999998,0,5688256,36058,252,2201785,0,0,0,0.0
977,88958,79,pair_010_n5_010_conflict,conflict,1,0,0,12.470000000000002,0.1517383333333333,0,5693312,36091,252,2203780,0,0,0,0.0
978,89048,90,pair_006_n5_006_control,control,1,0,0,12.360000000000001,0.15158833333333332,0,5699072,36124,252,2205983,0,0,0,0.0
979,89136,88,pair_011_n5_011_conflict,conflict,1,0,0,12.38,0.15144166666666667,0,5704704,36146,252,2208115,0,0,0,0.0
980,89221,85,pair_014_n3_014_conflict,conflict,1,0,0,12.410000000000002,0.1513,0,5710144,36166,252,2210157,0,0,0,0.0
981,89307,86,pair_013_n5_013_control,control,1,0,0,12.400000000000002,0.15115666666666666,0,5715648,36183,252,2212281,0,0,0,0.0
982,89393,86,pair_001_n5_001_conflict,conflict,0,1,0,1.4000000000000012,0.15101333333333333,0,5721152,36205,252,2214287,0,0,0,0.0
983,89488,95,pair_010_n3_010_control,control,1,0,0,12.310000000000002,0.150855,0,5727232,36221,252,2216594,0,0,0,0.0
984,89577,89,pair_017_n5_017_control,control,1,0,0,12.370000000000001,0.15070666666666666,0,5732928,36270,252,2218739,0,0,0,0.0
985,89684,107,pair_005_n3_005_conflict,conflict,1,0,0,12.190000000000001,0.15052833333333332,0,5739776,36309,252,2221354,0,0,0,0.0
986,89701,17,pair_015_n5_015_control,control,0,1,0,-0.56,0.1505,0,5740864,36326,252,2221761,0,0,0,0.0
987,89787,86,pair_012_n3_012_control,control,1,0,0,12.400000000000002,0.15035666666666667,0,5746368,36354,252,2223787,0,0,0,0.0
988,89878,91,pair_012_n3_012_conflict,conflict,1,0,0,12.350000000000001,0.15020499999999998,0,5752192,36387,252,2225974,0,0,0,0.0
989,89980,102,pair_006_n3_006_conflict,conflict,1,0,0,12.240000000000002,0.150035,0,5758720,36405,252,2228382,0,0,0,0.0
990,90058,78,pair_016_n5_016_conflict,conflict,1,0,0,12.480000000000002,0.14990499999999998,0,5763712,36435,252,2230251,0,0,0,0.0
991,90133,75,pair_014_n5_014_control,control,1,0,0,12.510000000000002,0.14978,0,5768512,36470,252,2231984,0,0,0,0.0
992,90219,86,pair_003_n5_003_conflict,conflict,1,0,0,12.400000000000002,0.14963666666666667,0,5774016,36522,252,2233995,0,0,0,0.0
993,90302,83,pair_009_n3_009_conflict,conflict,1,0,0,12.430000000000001,0.14949833333333332,0,5779328,36568,253,2235902,0,0,0,0.0
994,90370,68,pair_004_n3_004_conflict,conflict,1,0,0,12.580000000000002,0.149385,0,5783680,36598,253,2237466,0,0,0,0.0
995,90452,82,pair_000_n5_000_control,control,1,0,0,12.440000000000001,0.14924833333333332,0,5788928,36628,253,2239491,0,0,0,0.0
996,90532,80,pair_008_n5_008_control,control,1,0,0,12.46,0.149115,0,5794048,36652,253,2241406,0,0,0,0.0
997,90615,83,pair_007_n3_007_conflict,conflict,1,0,0,12.430000000000001,0.14897666666666665,0,5799360,36672,253,2243377,0,0,0,0.0
998,90701,86,pair_011_n5_011_control,control,1,0,0,12.400000000000002,0.14883333333333332,0,5804864,36695,253,2245444,0,0,0,0.0
999,90787,86,pair_006_n5_006_conflict,conflict,1,0,0,12.400000000000002,0.14869,0,5810368,36726,253,2247535,0,0,0,0.0
1000,90875,88,pair_005_n5_005_control,control,1,0,0,12.380000000000003,0.14854333333333333,0,5816000,36743,253,2249659,0,0,0,0.0
1001,90957,82,pair_007_n5_007_conflict,conflict,1,0,0,12.440000000000001,0.14840666666666666,0,5821248,36804,253,2251627,0,0,0,0.0
1002,91066,109,pair_014_n5_014_conflict,conflict,1,0,0,12.170000000000002,0.148225,0,5828224,36822,253,2254303,0,0,0,0.0
1003,91150,84,pair_004_n5_004_conflict,conflict,1,0,0,12.420000000000002,0.148085,0,5833600,36849,253,2256329,0,0,0,0.0
1004,91245,95,pair_012_n5_012_conflict,conflict,1,0,0,12.310000000000002,0.14792666666666665,0,5839680,36887,253,2258616,0,0,0,0.0
1005,91333,88,pair_009_n5_009_conflict,conflict,1,0,0,12.38,0.14778,0,5845312,36917,253,2260772,0,0,0,0.0
1006,91415,82,pair_017_n3_017_control,control,1,0,0,12.440000000000001,0.14764333333333332,0,5850560,36936,253,2262732,0,0,0,0.0
1007,91492,77,pair_001_n3_001_control,control,1,0,0,12.490000000000002,0.14751499999999998,0,5855488,36951,253,2264554,0,0,0,0.0
1008,91571,79,pair_004_n5_004_conflict,conflict,1,0,0,12.470000000000002,0.1473833333333333,0,5860544,36980,253,2266398,0,0,0,0.0
1009,91650,79,pair_007_n5_007_conflict,conflict,1,0,0,12.470000000000002,0.14725166666666664,0,5865600,37001,253,2268300,0,0,0,0.0
1010,91750,100,pair_017_n5_017_control,control,1,0,0,12.260000000000002,0.147085,0,5872000,37022,253,2270633,0,0,0,0.0
1011,91838,88,pair_002_n3_002_conflict,conflict,1,0,0,12.380000000000003,0.1469383333333333,0,5877632,37046,253,2272780,0,0,0,0.0
1012,91926,88,pair_003_n5_003_conflict,conflict,1,0,0,12.380000000000003,0.14679166666666665,0,5883264,37070,253,2274875,0,0,0,0.0
1013,92003,77,pair_004_n3_004_control,control,1,0,0,12.490000000000002,0.1466633333333333,0,5888192,37095,253,2276719,0,0,0,0.0
1014,92086,83,pair_014_n3_014_conflict,conflict,1,0,0,12.430000000000001,0.146525,0,5893504,37116,253,2278640,0,0,0,0.0
1015,92172,86,pair_007_n5_007_control,control,1,0,0,12.400000000000002,0.14638166666666666,0,5899008,37145,253,2280553,0,0,0,0.0
1016,92254,82,pair_006_n3_006_conflict,conflict,1,0,0,12.440000000000001,0.14624499999999999,0,5904256,37161,253,2282441,0,0,0,0.0
1017,92342,88,pair_003_n3_003_control,control,1,0,0,12.38,0.14609833333333333,0,5909888,37180,253,2284376,0,0,0,0.0
1018,92424,82,pair_013_n3_013_conflict,conflict,1,0,0,12.440000000000001,0.14596166666666666,0,5915136,37196,253,2286261,0,0,0,0.0
1019,92508,84,pair_001_n5_001_conflict,conflict,1,0,0,12.420000000000002,0.14582166666666665,0,5920512,37209,253,2288075,0,0,0,0.0
1020,92587,79,pair_015_n5_015_conflict,conflict,1,0,0,12.470000000000002,0.14569,0,5925568,37227,253,2289875,0,0,0,0.0
1021,92604,17,pair_016_n5_016_conflict,conflict,0,1,0,-0.56,0.14566166666666666,0,5926656,37244,254,2290238,0,0,0,0.0
1022,92680,76,pair_011_n5_011_control,control,1,0,0,12.500000000000002,0.145535,0,5931520,37265,254,2291914,0,0,0,0.0
1023,92762,82,pair_005_n3_005_conflict,conflict,1,0,0,12.440000000000001,0.14539833333333332,0,5936768,37306,254,2293693,0,0,0,0.0
1024,92850,88,pair_001_n5_001_control,control,1,0,0,12.38,0.14525166666666667,0,5942400,37325,254,2295612,0,0,0,0.0
1025,92931,81,pair_003_n5_003_control,control,1,0,0,12.450000000000001,0.14511666666666664,0,5947584,37339,254,2297379,0,0,0,0.0
1026,93010,79,pair_008_n5_008_control,control,1,0,0,12.470000000000002,0.144985,0,5952640,37361,254,2299124,0,0,0,0.0
1027,93091,81,pair_005_n5_005_conflict,conflict,1,0,0,12.450000000000001,0.14484999999999998,0,5957824,37389,254,2300808,0,0,0,0.0
1028,93176,85,pair_011_n5_011_conflict,conflict,1,0,0,12.41,0.14470833333333333,0,5963264,37467,254,2302694,0,0,0,0.0
1029,93257,81,pair_002_n3_002_control,control,1,0,0,12.450000000000001,0.14457333333333333,0,5968448,37489,254,2304491,0,0,0,0.0
1030,93346,89,pair_008_n3_008_control,control,1,0,0,12.370000000000001,0.144425,0,5974144,37504,254,2306456,0,0,0,0.0
1031,93424,78,pair_007_n3_007_conflict,conflict,1,0,0,12.48,0.14429499999999998,0,5979136,37526,254,2308155,0,0,0,0.0
1032,93519,95,pair_015_n5_015_control,control,1,0,0,12.31,0.14413666666666666,0,5985216,37577,254,2310279,0,0,0,0.0
1033,93616,97,pair_017_n3_017_conflict,conflict,1,0,0,12.290000000000001,0.143975,0,5991424,37618,254,2312400,0,0,0,0.0
1034,93723,107,pair_006_n5_006_conflict,conflict,1,0,0,12.190000000000001,0.14379666666666666,0,5998272,37671,255,2314754,0,0,0,0.0
1035,93813,90,pair_002_n5_002_conflict,conflict,1,0,0,12.360000000000001,0.14364666666666664,0,6004032,37722,257,2316719,0,0,0,0.0
1036,93892,79,pair_010_n3_010_control,control,1,0,0,12.470000000000002,0.14351499999999998,0,6009088,37742,257,2318438,0,0,0,0.0
1037,93979,87,pair_007_n3_007_control,control,1,0,0,12.39,0.14337,0,6014656,37775,257,2320271,0,0,0,0.0
1038,94080,101,pair_013_n3_013_control,control,1,0,0,12.250000000000002,0.14320166666666664,0,6021120,37808,257,2322529,0,0,0,0.0
1039,94085,5,pair_016_n3_016_control,control,0,1,0,-0.84,0.1431933333333333,0,6021440,37813,257,2322635,0,0,0,0.0
1040,94175,90,pair_012_n3_012_conflict,conflict,1,0,0,12.360000000000001,0.14304333333333333,0,6027200,37850,257,2324612,0,0,0,0.0
1041,94259,84,pair_010_n5_010_conflict,conflict,1,0,0,12.420000000000002,0.14290333333333333,0,6032576,37915,257,2326443,0,0,0,0.0
1042,94346,87,pair_001_n3_001_conflict,conflict,1,0,0,12.39,0.14275833333333332,0,6038144,37950,257,2328453,0,0,0,0.0
1043,94429,83,pair_014_n5_014_conflict,conflict,1,0,0,12.430000000000001,0.14262,0,6043456,37993,257,2330393,0,0,0,0.0
1044,94511,82,pair_016_n3_016_conflict,conflict,1,0,0,12.440000000000001,0.14248333333333332,0,6048704,38020,257,2332320,0,0,0,0.0
1045,94599,88,pair_000_n5_000_control,control,1,0,0,12.38,0.14233666666666667,0,6054336,38055,257,2334306,0,0,0,0.0
1046,94686,87,pair_000_n3_000_control,control,1,0,0,12.39,0.14219166666666666,0,6059904,38084,257,2336364,0,0,0,0.0
1047,94773,87,pair_009_n3_009_conflict,conflict,1,0,0,12.39,0.14204666666666665,0,6065472,38107,257,2338386,0,0,0,0.0
1048,94785,12,pair_000_n3_000_conflict,conflict,0,1,0,-0.56,0.14202666666666666,0,6066240,38119,258,2338675,0,0,0,0.0
1049,94871,86,pair_012_n5_012_conflict,conflict,1,0,0,12.400000000000002,0.14188333333333333,0,6071744,38178,259,2340656,0,0,0,0.0
1050,95033,162,pair_006_n5_006_control,control,1,0,0,11.64,0.1416133333333333,0,6082112,38209,259,2344431,0,0,0,0.0
1051,95115,82,pair_010_n3_010_conflict,conflict,0,1,0,1.3900000000000015,0.14147666666666667,0,6087360,38225,259,2346294,0,0,0,0.0
1052,95191,76,pair_013_n5_013_control,control,1,0,0,12.500000000000002,0.14134999999999998,0,6092224,38260,259,2348019,0,0,0,0.0
1053,95270,79,pair_013_n5_013_conflict,conflict,1,0,0,12.470000000000002,0.14121833333333333,0,6097280,38288,260,2349844,0,0,0,0.0
1054,95354,84,pair_016_n5_016_control,control,1,0,0,12.420000000000002,0.14107833333333333,0,6102656,38344,261,2351800,0,0,0,0.0
1055,95437,83,pair_004_n3_004_conflict,conflict,1,0,0,12.430000000000001,0.14093999999999998,0,6107968,38385,261,2353694,0,0,0,0.0
1056,95531,94,pair_003_n3_003_conflict,conflict,1,0,0,12.320000000000002,0.14078333333333332,0,6113984,38413,261,2355845,0,0,0,0.0
1057,95618,87,pair_005_n5_005_control,control,1,0,0,12.39,0.1406383333333333,0,6119552,38452,261,2357754,0,0,0,0.0
1058,95698,80,pair_017_n3_017_control,control,1,0,0,12.46,0.140505,0,6124672,38496,261,2359559,0,0,0,0.0
1059,95785,87,pair_009_n3_009_control,control,1,0,0,12.39,0.14035999999999998,0,6130240,38528,261,2361486,0,0,0,0.0
1060,95868,83,pair_008_n3_008_conflict,conflict,0,1,0,1.3300000000000014,0.14022166666666666,0,6135552,38545,261,2363367,0,0,0,0.0
1061,95953,85,pair_011_n3_011_control,control,1,0,0,12.410000000000002,0.14007999999999998,0,6140992,38563,261,2365347,0,0,0,0.0
1062,96036,83,pair_002_n5_002_control,control,0,1,0,1.3300000000000014,0.13994166666666666,0,6146304,38625,261,2367274,0,0,0,0.0
1063,96117,81,pair_017_n5_017_conflict,conflict,1,0,0,12.450000000000001,0.13980666666666666,0,6151488,38677,262,2369108,0,0,0,0.0
1064,96205,88,pair_005_n3_005_control,control,1,0,0,12.38,0.13965999999999998,0,6157120,38711,262,2371094,0,0,0,0.0
1065,96285,80,pair_008_n5_008_conflict,conflict,1,0,0,12.46,0.13952666666666666,0,6162240,38746,262,2372983,0,0,0,0.0
1066,96367,82,pair_004_n5_004_control,control,1,0,0,12.440000000000001,0.13939,0,6167488,38782,262,2374913,0,0,0,0.0
1067,96452,85,pair_014_n5_014_control,control,1,0,0,12.410000000000002,0.13924833333333334,0,6172928,38828,262,2376870,0,0,0,0.0
1068,96533,81,pair_001_n3_001_control,control,1,0,0,12.450000000000003,0.1391133333333333,0,6178112,38851,262,2378751,0,0,0,0.0
1069,96632,99,pair_010_n5_010_control,control,1,0,0,12.270000000000001,0.1389483333333333,0,6184448,38878,262,2381048,0,0,0,0.0
1070,96726,94,pair_009_n5_009_control,control,1,0,0,12.320000000000002,0.13879166666666665,0,6190464,38930,263,2383210,0,0,0,0.0
1071,96815,89,pair_011_n3_011_conflict,conflict,1,0,0,12.370000000000001,0.1386433333333333,0,6196160,38945,263,2385284,0,0,0,0.0
1072,96902,87,pair_015_n3_015_control,control,1,0,0,12.39,0.13849833333333333,0,6201728,38971,264,2387291,0,0,0,0.0
1073,96983,81,pair_000_n5_000_conflict,conflict,1,0,0,12.450000000000001,0.1383633333333333,0,6206912,38998,264,2389216,0,0,0,0.0
1074,97071,88,pair_014_n3_014_control,control,1,0,0,12.38,0.13821666666666665,0,6212544,39022,264,2391256,0,0,0,0.0
1075,97153,82,pair_006_n3_006_control,control,1,0,0,12.440000000000001,0.13807999999999998,0,6217792,39039,264,2393116,0,0,0,0.0
1076,97252,99,pair_009_n5_009_conflict,conflict,1,0,0,12.270000000000001,0.13791499999999998,0,6224128,39093,267,2395393,0,0,0,0.0
1077,97336,84,pair_015_n3_015_conflict,conflict,1,0,0,12.420000000000002,0.13777499999999998,0,6229504,39157,267,2397366,0,0,0,0.0
1078,97415,79,pair_012_n5_012_control,control,0,1,0,1.4200000000000013,0.1376433333333333,0,6234560,39217,267,2399276,0,0,0,0.0
1079,97516,101,pair_012_n3_012_control,control,1,0,0,12.250000000000002,0.13747499999999999,0,6241024,39263,267,2401715,0,0,0,0.0
1080,97604,88,pair_011_n3_011_control,control,1,0,0,12.38,0.13732833333333333,0,6246656,39281,267,2403821,0,0,0,0.0
1081,97681,77,pair_015_n3_015_conflict,conflict,1,0,0,12.490000000000002,0.1372,0,6251584,39319,267,2405645,0,0,0,0.0
1082,97764,83,pair_004_n5_004_conflict,conflict,1,0,0,12.430000000000001,0.13706166666666666,0,6256896,39361,267,2407577,0,0,0,0.0
1083,97778,14,pair_009_n5_009_conflict,conflict,0,1,0,-0.83,0.13703833333333332,0,6257792,39375,268,2407904,0,0,0,0.0
1084,97864,86,pair_013_n3_013_conflict,conflict,1,0,0,12.400000000000002,0.136895,0,6263296,39426,268,2410002,0,0,0,0.0
1085,97941,77,pair_015_n3_015_control,control,1,0,0,12.490000000000002,0.13676666666666665,0,6268224,39459,268,2411883,0,0,0,0.0
1086,98020,79,pair_004_n3_004_conflict,conflict,1,0,0,12.470000000000002,0.13663499999999998,0,6273280,39480,268,2413814,0,0,0,0.0
1087,98100,80,pair_005_n5_005_control,control,1,0,0,12.46,0.13650166666666666,0,6278400,39508,268,2415793,0,0,0,0.0
1088,98181,81,pair_012_n3_012_conflict,conflict,1,0,0,12.450000000000001,0.13636666666666666,0,6283584,39536,268,2417760,0,0,0,0.0
1089,98255,74,pair_014_n5_014_conflict,conflict,1,0,0,12.520000000000001,0.13624333333333333,0,6288320,39584,268,2419613,0,0,0,0.0
1090,98275,20,pair_015_n5_015_control,control,0,1,0,-0.4900000000000001,0.13621,0,6289600,39604,269,2420085,0,0,0,0.0
1091,98281,6,pair_007_n3_007_conflict,conflict,0,1,0,-0.8,0.1362,0,6289984,39610,269,2420230,0,0,0,0.0
1092,98369,88,pair_010_n3_010_conflict,conflict,1,0,0,12.38,0.13605333333333333,0,6295616,39663,269,2422377,0,0,0,0.0
1093,98453,84,pair_016_n3_016_control,control,1,0,0,12.420000000000002,0.13591333333333333,0,6300992,39703,269,2424401,0,0,0,0.0
1094,98460,7,pair_007_n5_007_conflict,conflict,0,1,0,-0.76,0.13590166666666664,0,6301440,39710,269,2424575,0,0,0,0.0
1095,98544,84,pair_001_n5_001_conflict,conflict,1,0,0,12.420000000000002,0.13576166666666667,0,6306816,39732,269,2426663,0,0,0,0.0
1096,98639,95,pair_004_n3_004_control,control,1,0,0,12.310000000000002,0.13560333333333333,0,6312896,39773,269,2429067,0,0,0,0.0
1097,98728,89,pair_010_n5_010_control,control,0,1,0,1.3700000000000023,0.135455,0,6318592,39803,269,2431287,0,0,0,0.0
1098,98816,88,pair_005_n3_005_conflict,conflict,1,0,0,12.38,0.13530833333333334,0,6324224,39838,269,2433468,0,0,0,0.0
1099,98901,85,pair_006_n5_006_conflict,conflict,1,0,0,12.410000000000002,0.13516666666666666,0,6329664,39897,273,2435677,0,0,0,0.0
1100,98985,84,pair_002_n5_002_control,control,1,0,0,12.420000000000002,0.13502666666666666,0,6335040,39952,273,2437731,0,0,0,0.0
1101,99068,83,pair_008_n3_008_control,control,1,0,0,12.430000000000001,0.13488833333333333,0,6340352,39969,273,2439830,0,0,0,0.0
1102,99161,93,pair_003_n5_003_control,control,1,0,0,12.330000000000002,0.13473333333333332,0,6346304,39999,273,2442098,0,0,0,0.0
1103,99250,89,pair_007_n5_007_control,control,1,0,0,12.370000000000001,0.13458499999999998,0,6352000,40052,274,2444347,0,0,0,0.0
1104,99326,76,pair_016_n5_016_conflict,conflict,1,0,0,12.500000000000002,0.13445833333333332,0,6356864,40105,274,2446229,0,0,0,0.0
1105,99410,84,pair_008_n5_008_conflict,conflict,1,0,0,12.420000000000002,0.13431833333333332,0,6362240,40157,274,2448335,0,0,0,0.0
1106,99497,87,pair_002_n3_002_control,control,1,0,0,12.39,0.1341733333333333,0,6367808,40200,274,2450601,0,0,0,0.0
1107,99588,91,pair_000_n5_000_conflict,conflict,1,0,0,12.350000000000001,0.13402166666666665,0,6373632,40242,274,2452924,0,0,0,0.0
1108,99674,86,pair_013_n5_013_conflict,conflict,1,0,0,12.400000000000002,0.13387833333333332,0,6379136,40284,274,2455158,0,0,0,0.0
1109,99761,87,pair_011_n5_011_conflict,conflict,1,0,0,12.390000000000002,0.13373333333333332,0,6384704,40312,274,2457332,0,0,0,0.0
1110,99848,87,pair_006_n5_006_control,control,1,0,0,12.39,0.1335883333333333,0,6390272,40344,274,2459557,0,0,0,0.0
1111,99936,88,pair_011_n3_011_conflict,conflict,1,0,0,12.38,0.13344166666666665,0,6395904,40381,274,2461839,0,0,0,0.0
1112,100024,88,pair_002_n3_002_conflict,conflict,1,0,0,12.380000000000003,0.133295,0,6401536,40410,275,2464162,0,0,0,0.0
1113,100108,84,pair_000_n3_000_conflict,conflict,1,0,0,12.420000000000002,0.133155,0,6406912,40448,275,2466320,0,0,0,0.0
1114,100190,82,pair_009_n3_009_control,control,1,0,0,12.440000000000001,0.13301833333333332,0,6412160,40493,275,2468486,0,0,0,0.0
1115,100271,81,pair_007_n3_007_control,control,1,0,0,12.450000000000001,0.13288333333333333,0,6417344,40514,275,2470559,0,0,0,0.0
1116,100351,80,pair_017_n5_017_control,control,1,0,0,12.46,0.13274999999999998,0,6422464,40549,275,2472663,0,0,0,0.0
1117,100431,80,pair_010_n5_010_conflict,conflict,1,0,0,12.46,0.13261666666666666,0,6427584,40560,275,2474696,0,0,0,0.0
1118,100524,93,pair_008_n3_008_conflict,conflict,1,0,0,12.330000000000002,0.13246166666666664,0,6433536,40575,275,2477157,0,0,0,0.0
1119,100611,87,pair_001_n3_001_control,control,1,0,0,12.390000000000002,0.13231666666666667,0,6439104,40590,275,2479402,0,0,0,0.0
1120,100694,83,pair_010_n3_010_control,control,1,0,0,12.430000000000001,0.13217833333333331,0,6444416,40607,275,2481526,0,0,0,0.0
1121,100775,81,pair_016_n5_016_control,control,1,0,0,12.450000000000003,0.13204333333333332,0,6449600,40666,275,2483620,0,0,0,0.0
1122,100845,70,pair_017_n5_017_conflict,conflict,1,0,0,12.560000000000002,0.13192666666666666,0,6454080,40712,275,2485491,0,0,0,0.0
1123,100927,82,pair_012_n3_012_control,control,1,0,0,12.440000000000001,0.13179,0,6459328,40741,275,2487699,0,0,0,0.0
1124,101016,89,pair_009_n3_009_conflict,conflict,1,0,0,12.370000000000001,0.13164166666666666,0,6465024,40772,275,2490071,0,0,0,0.0
1125,101094,78,pair_005_n5_005_conflict,conflict,1,0,0,12.480000000000002,0.13151166666666667,0,6470016,40815,275,2492123,0,0,0,0.0
1126,101173,79,pair_014_n5_014_control,control,1,0,0,12.470000000000002,0.13138,0,6475072,40837,275,2494187,0,0,0,0.0
1127,101179,6,pair_004_n5_004_control,control,0,1,0,-0.85,0.13137,0,6475456,40843,275,2494344,0,0,0,0.0
1128,101260,81,pair_011_n5_011_control,control,1,0,0,12.450000000000003,0.131235,0,6480640,40904,275,2496505,0,0,0,0.0
1129,101350,90,pair_012_n5_012_conflict,conflict,1,0,0,12.360000000000001,0.13108499999999998,0,6486400,40951,278,2498907,0,0,0,0.0
1130,101431,81,pair_003_n3_003_control,control,1,0,0,12.450000000000003,0.13094999999999998,0,6491584,40975,278,2501119,0,0,0,0.0
1131,101506,75,pair_006_n3_006_conflict,conflict,1,0,0,12.510000000000002,0.130825,0,6496384,41012,278,2503148,0,0,0,0.0
1132,101589,83,pair_001_n5_001_control,control,1,0,0,12.430000000000001,0.13068666666666665,0,6501696,41085,278,2505420,0,0,0,0.0
1133,101672,83,pair_013_n5_013_control,control,1,0,0,12.430000000000001,0.13054833333333332,0,6507008,41118,278,2507675,0,0,0,0.0
1134,101745,73,pair_003_n3_003_conflict,conflict,1,0,0,12.530000000000001,0.13042666666666666,0,6511680,41154,278,2509583,0,0,0,0.0
1135,101819,74,pair_014_n3_014_conflict,conflict,1,0,0,12.520000000000001,0.13030333333333333,0,6516416,41205,279,2511656,0,0,0,0.0
1136,101894,75,pair_016_n3_016_conflict,conflict,1,0,0,12.510000000000002,0.1301783333333333,0,6521216,41247,279,2513756,0,0,0,0.0
1137,102001,107,pair_000_n3_000_control,control,1,0,0,12.190000000000001,0.12999999999999998,0,6528064,41289,279,2516732,0,0,0,0.0
1138,102093,92,pair_006_n3_006_control,control,1,0,0,12.340000000000002,0.12984666666666667,0,6533952,41317,279,2519326,0,0,0,0.0
1139,102174,81,pair_017_n3_017_control,control,1,0,0,12.450000000000001,0.12971166666666664,0,6539136,41337,279,2521575,0,0,0,0.0
1140,102259,85,pair_012_n5_012_control,control,1,0,0,12.410000000000002,0.12957,0,6544576,41369,279,2523954,0,0,0,0.0
1141,102335,76,pair_013_n3_013_control,control,1,0,0,12.500000000000002,0.12944333333333333,0,6549440,41419,279,2526064,0,0,0,0.0
1142,102409,74,pair_003_n5_003_conflict,conflict,1,0,0,12.520000000000001,0.12932,0,6554176,41434,279,2528138,0,0,0,0.0
1143,102497,88,pair_008_n5_008_control,control,1,0,0,12.38,0.12917333333333333,0,6559808,41491,279,2530595,0,0,0,0.0
1144,102587,90,pair_002_n5_002_conflict,conflict,1,0,0,12.360000000000001,0.12902333333333332,0,6565568,41556,280,2533143,0,0,0,0.0
1145,102687,100,pair_000_n5_000_control,control,1,0,0,12.260000000000003,0.12885666666666665,0,6571968,41611,280,2535870,0,0,0,0.0
1146,102775,88,pair_009_n5_009_control,control,1,0,0,12.38,0.12871,0,6577600,41683,280,2538368,0,0,0,0.0
1147,102837,62,pair_017_n3_017_conflict,conflict,0,1,0,1.0900000000000012,0.12860666666666665,0,6581568,41715,280,2540072,0,0,0,0.0
1148,102918,81,pair_005_n3_005_control,control,1,0,0,12.450000000000001,0.12847166666666665,0,6586752,41763,280,2542338,0,0,0,0.0
1149,102989,71,pair_014_n3_014_control,control,1,0,0,12.55,0.12835333333333332,0,6591296,41802,280,2544414,0,0,0,0.0
1150,103070,81,pair_015_n5_015_conflict,conflict,1,0,0,12.450000000000001,0.12821833333333332,0,6596480,41873,281,2546721,0,0,0,0.0
1151,103153,83,pair_001_n3_001_conflict,conflict,1,0,0,12.430000000000001,0.12808,0,6601792,41910,281,2549195,0,0,0,0.0
1152,103237,84,pair_003_n5_003_control,control,0,1,0,1.3700000000000014,0.12794,0,6607168,41947,281,2551638,0,0,0,0.0
1153,103241,4,pair_016_n5_016_conflict,conflict,0,1,0,-0.88,0.12793333333333332,0,6607424,41951,282,2551745,0,0,0,0.0
1154,103324,83,pair_008_n3_008_control,control,1,0,0,12.430000000000001,0.127795,0,6612736,41970,282,2554133,0,0,0,0.0
1155,103407,83,pair_015_n3_015_conflict,conflict,1,0,0,12.430000000000001,0.12765666666666667,0,6618048,42027,282,2556522,0,0,0,0.0
1156,103465,58,pair_013_n3_013_conflict,conflict,0,1,0,0.830000000000001,0.12755999999999998,0,6621760,42065,283,2558237,0,0,0,0.0
1157,103546,81,pair_002_n3_002_conflict,conflict,1,0,0,12.450000000000003,0.12742499999999998,0,6626944,42099,284,2560557,0,0,0,0.0
1158,103627,81,pair_009_n3_009_conflict,conflict,1,0,0,12.450000000000001,0.12729,0,6632128,42152,284,2562930,0,0,0,0.0
1159,103722,95,pair_010_n3_010_conflict,conflict,0,1,0,1.3100000000000014,0.12713166666666664,0,6638208,42176,284,2565739,0,0,0,0.0
1160,103795,73,pair_010_n5_010_control,control,0,1,0,1.4300000000000015,0.12700999999999998,0,6642880,42199,284,2567848,0,0,0,0.0
1161,103873,78,pair_008_n5_008_conflict,conflict,1,0,0,12.480000000000002,0.12688,0,6647872,42254,285,2570148,0,0,0,0.0
1162,103960,87,pair_001_n5_001_control,control,1,0,0,12.390000000000002,0.126735,0,6653440,42324,285,2572733,0,0,0,0.0
1163,103966,6,pair_007_n5_007_conflict,conflict,0,1,0,-0.8,0.12672499999999998,0,6653824,42330,285,2572919,0,0,0,0.0
1164,104040,74,pair_010_n5_010_conflict,conflict,1,0,0,12.520000000000001,0.12660166666666667,0,6658560,42353,285,2575102,0,0,0,0.0
1165,104120,80,pair_004_n3_004_conflict,conflict,1,0,0,12.460000000000003,0.12646833333333332,0,6663680,42392,285,2577506,0,0,0,0.0
1166,104216,96,pair_002_n5_002_conflict,conflict,1,0,0,12.3,0.12630833333333333,0,6669824,42467,286,2580318,0,0,0,0.0
1167,104314,98,pair_017_n5_017_control,control,1,0,0,12.280000000000001,0.12614499999999998,0,6676096,42536,286,2583294,0,0,0,0.0
1168,104397,83,pair_001_n3_001_conflict,conflict,1,0,0,12.430000000000001,0.12600666666666666,0,6681408,42569,286,2585744,0,0,0,0.0
1169,104484,87,pair_009_n3_009_control,control,1,0,0,12.390000000000002,0.12586166666666665,0,6686976,42630,289,2588449,0,0,0,0.0
1170,104585,101,pair_013_n5_013_conflict,conflict,1,0,0,12.250000000000002,0.12569333333333332,0,6693440,42727,294,2591449,0,0,0,0.0
1171,104671,86,pair_014_n5_014_control,control,1,0,0,12.400000000000002,0.12555,0,6698944,42804,294,2594102,0,0,0,0.0
1172,104679,8,pair_016_n3_016_control,control,0,1,0,-0.9199999999999999,0.12553666666666666,0,6699456,42812,294,2594338,0,0,0,0.0
1173,104755,76,pair_014_n3_014_control,control,1,0,0,12.500000000000002,0.12541,0,6704320,42859,295,2596728,0,0,0,0.0
1174,104843,88,pair_004_n5_004_control,control,1,0,0,12.380000000000003,0.1252633333333333,0,6709952,42922,295,2599457,0,0,0,0.0
1175,104917,74,pair_012_n3_012_conflict,conflict,1,0,0,12.520000000000001,0.12514,0,6714688,42954,295,2601751,0,0,0,0.0
1176,105004,87,pair_017_n3_017_conflict,conflict,1,0,0,12.39,0.124995,0,6720256,42990,295,2604468,0,0,0,0.0
1177,105090,86,pair_011_n5_011_conflict,conflict,1,0,0,12.400000000000002,0.12485166666666667,0,6725760,43014,295,2607134,0,0,0,0.0
1178,105185,95,pair_003_n3_003_control,control,1,0,0,12.310000000000002,0.12469333333333332,0,6731840,43082,295,2610182,0,0,0,0.0
1179,105268,83,pair_003_n3_003_conflict,conflict,1,0,0,12.430000000000001,0.124555,0,6737152,43109,295,2612800,0,0,0,0.0
1180,105345,77,pair_004_n3_004_control,control,1,0,0,12.490000000000002,0.12442666666666666,0,6742080,43151,295,2615216,0,0,0,0.0
1181,105446,101,pair_007_n3_007_conflict,conflict,1,0,0,12.250000000000002,0.12425833333333333,0,6748544,43190,295,2618363,0,0,0,0.0
1182,105532,86,pair_011_n5_011_control,control,1,0,0,12.400000000000002,0.12411499999999998,0,6754048,43251,295,2621061,0,0,0,0.0
1183,105612,80,pair_014_n3_014_conflict,conflict,1,0,0,12.46,0.12398166666666666,0,6759168,43288,295,2623600,0,0,0,0.0
1184,105689,77,pair_008_n3_008_conflict,conflict,0,1,0,1.4900000000000015,0.12385333333333332,0,6764096,43303,295,2626012,0,0,0,0.0
1185,105767,78,pair_013_n3_013_control,control,1,0,0,12.48,0.12372333333333332,0,6769088,43361,295,2628454,0,0,0,0.0
1186,105848,81,pair_000_n3_000_control,control,1,0,0,12.450000000000001,0.12358833333333333,0,6774272,43393,295,2631048,0,0,0,0.0
1187,105926,78,pair_005_n5_005_conflict,conflict,1,0,0,12.48,0.12345833333333331,0,6779264,43438,295,2633533,0,0,0,0.0
1188,106009,83,pair_008_n5_008_control,control,1,0,0,12.430000000000001,0.12331999999999999,0,6784576,43505,295,2636245,0,0,0,0.0
1189,106088,79,pair_015_n3_015_control,control,1,0,0,12.470000000000002,0.12318833333333332,0,6789632,43559,295,2638816,0,0,0,0.0
1190,106168,80,pair_000_n5_000_conflict,conflict,1,0,0,12.46,0.123055,0,6794752,43605,295,2641353,0,0,0,0.0
1191,106234,66,pair_000_n5_000_control,control,0,1,0,0.9500000000000011,0.122945,0,6798976,43646,295,2643416,0,0,0,0.0
1192,106242,8,pair_017_n3_017_control,control,0,1,0,-0.9199999999999999,0.12293166666666666,0,6799488,43654,295,2643694,0,0,0,0.0
1193,106330,88,pair_013_n5_013_control,control,1,0,0,12.38,0.12278499999999998,0,6805120,43738,295,2646556,0,0,0,0.0
1194,106417,87,pair_002_n5_002_control,control,1,0,0,12.39,0.12264,0,6810688,43800,295,2649494,0,0,0,0.0
1195,106489,72,pair_003_n5_003_conflict,conflict,1,0,0,12.540000000000003,0.12251999999999999,0,6815296,43840,295,2651798,0,0,0,0.0
1196,106561,72,pair_006_n3_006_control,control,1,0,0,12.540000000000001,0.12239999999999998,0,6819904,43885,295,2654175,0,0,0,0.0
1197,106648,87,pair_007_n3_007_control,control,1,0,0,12.390000000000002,0.122255,0,6825472,43946,295,2657024,0,0,0,0.0
1198,106728,80,pair_012_n5_012_control,control,1,0,0,12.46,0.12212166666666666,0,6830592,44006,295,2659673,0,0,0,0.0
1199,106773,45,pair_009_n5_009_control,control,0,1,0,0.4100000000000006,0.12204666666666666,0,6833472,44042,295,2661135,0,0,0,0.0
1200,106857,84,pair_012_n5_012_conflict,conflict,1,0,0,12.420000000000002,0.12190666666666666,0,6838848,44100,296,2664019,0,0,0,0.0
1201,106936,79,pair_005_n5_005_control,control,1,0,0,12.470000000000002,0.121775,0,6843904,44171,298,2666678,0,0,0,0.0
1202,107013,77,pair_000_n3_000_conflict,conflict,1,0,0,12.490000000000002,0.12164666666666665,0,6848832,44208,298,2669267,0,0,0,0.0
1203,107021,8,pair_014_n5_014_conflict,conflict,0,1,0,-0.97,0.12163333333333332,0,6849344,44216,298,2669538,0,0,0,0.0
1204,107104,83,pair_009_n5_009_conflict,conflict,1,0,0,12.430000000000001,0.12149499999999999,0,6854656,44292,299,2672321,0,0,0,0.0
1205,107185,81,pair_007_n5_007_control,control,1,0,0,12.450000000000003,0.12136,0,6859840,44345,299,2675150,0,0,0,0.0
1206,107259,74,pair_015_n5_015_control,control,1,0,0,12.520000000000001,0.12123666666666666,0,6864576,44408,299,2677655,0,0,0,0.0
1207,107338,79,pair_016_n5_016_control,control,1,0,0,12.470000000000002,0.12110499999999999,0,6869632,44461,299,2680381,0,0,0,0.0
1208,107415,77,pair_011_n3_011_conflict,conflict,1,0,0,12.490000000000002,0.12097666666666665,0,6874560,44493,299,2683019,0,0,0,0.0
1209,107513,98,pair_004_n5_004_conflict,conflict,1,0,0,12.280000000000001,0.12081333333333333,0,6880832,44569,299,2686387,0,0,0,0.0
1210,107588,75,pair_010_n3_010_control,control,0,1,0,1.4100000000000015,0.12068833333333331,0,6885632,44600,299,2688981,0,0,0,0.0
1211,107671,83,pair_005_n3_005_control,control,0,1,0,1.4300000000000015,0.12054999999999999,0,6890944,44651,299,2691840,0,0,0,0.0
1212,107756,85,pair_001_n3_001_control,control,1,0,0,12.410000000000002,0.12040833333333331,0,6896384,44704,299,2694812,0,0,0,0.0
1213,107848,92,pair_006_n5_006_control,control,1,0,0,12.340000000000002,0.120255,0,6902272,44777,299,2698089,0,0,0,0.0
1214,107928,80,pair_006_n3_006_conflict,conflict,1,0,0,12.46,0.12012166666666665,0,6907392,44817,299,2700922,0,0,0,0.0
1215,108005,77,pair_011_n3_011_control,control,1,0,0,12.490000000000002,0.11999333333333331,0,6912320,44848,299,2703643,0,0,0,0.0
1216,108093,88,pair_015_n5_015_conflict,conflict,1,0,0,12.380000000000003,0.11984666666666666,0,6917952,44916,300,2706735,0,0,0,0.0
1217,108191,98,pair_001_n5_001_conflict,conflict,1,0,0,12.280000000000001,0.11968333333333334,0,6924224,45003,300,2710217,0,0,0,0.0
1218,108279,88,pair_005_n3_005_conflict,conflict,1,0,0,12.38,0.11953666666666665,0,6929856,45049,300,2713346,0,0,0,0.0
1219,108366,87,pair_017_n5_017_conflict,conflict,1,0,0,12.39,0.11939166666666665,0,6935424,45127,302,2716443,0,0,0,0.0
1220,108451,85,pair_016_n3_016_conflict,conflict,1,0,0,12.410000000000002,0.11925,0,6940864,45169,302,2719449,0,0,0,0.0
1221,108546,95,pair_006_n5_006_conflict,conflict,1,0,0,12.310000000000002,0.11909166666666665,0,6946944,45238,304,2722927,0,0,0,0.0
1222,108643,97,pair_012_n3_012_control,control,1,0,0,12.290000000000001,0.11892999999999998,0,6953152,45289,305,2726331,0,0,0,0.0
1223,108720,77,pair_002_n3_002_control,control,0,1,0,1.340000000000002,0.11880166666666667,0,6958080,45329,306,2729129,0,0,0,0.0
1224,108796,76,pair_017_n5_017_control,control,1,0,0,12.500000000000002,0.118675,0,6962944,45395,306,2731901,0,0,0,0.0
1225,108876,80,pair_017_n5_017_conflict,conflict,1,0,0,12.46,0.11854166666666666,0,6968064,45468,308,2734761,0,0,0,0.0
1226,108880,4,pair_017_n3_017_control,control,0,1,0,-0.88,0.118535,0,6968320,45472,308,2734916,0,0,0,0.0
1227,108889,9,pair_004_n3_004_control,control,0,1,0,-0.83,0.11851999999999999,0,6968896,45481,308,2735236,0,0,0,0.0
1228,108961,72,pair_014_n5_014_control,control,1,0,0,12.540000000000001,0.11839999999999998,0,6973504,45538,308,2737958,0,0,0,0.0
1229,109048,87,pair_012_n3_012_control,control,1,0,0,12.39,0.118255,0,6979072,45579,309,2741146,0,0,0,0.0
1230,109130,82,pair_006_n3_006_conflict,conflict,1,0,0,12.440000000000001,0.11811833333333333,0,6984320,45621,310,2744208,0,0,0,0.0
1231,109212,82,pair_011_n5_011_control,control,1,0,0,12.440000000000001,0.11798166666666665,0,6989568,45674,310,2747238,0,0,0,0.0
1232,109284,72,pair_013_n3_013_conflict,conflict,1,0,0,12.540000000000001,0.11786166666666664,0,6994176,45720,310,2749896,0,0,0,0.0
1233,109372,88,pair_005_n3_005_conflict,conflict,1,0,0,12.380000000000003,0.11771499999999999,0,6999808,45764,310,2753215,0,0,0,0.0
1234,109453,81,pair_001_n5_001_control,control,1,0,0,12.450000000000001,0.11757999999999999,0,7004992,45836,310,2756295,0,0,0,0.0
1235,109536,83,pair_010_n3_010_control,control,1,0,0,12.430000000000001,0.11744166666666667,0,7010304,45886,310,2759470,0,0,0,0.0
1236,109611,75,pair_015_n3_015_control,control,1,0,0,12.510000000000002,0.11731666666666665,0,7015104,45937,310,2762320,0,0,0,0.0
1237,109690,79,pair_012_n5_012_control,control,1,0,0,12.470000000000002,0.11718499999999998,0,7020160,45990,312,2765321,0,0,0,0.0
1238,109776,86,pair_003_n5_003_conflict,conflict,1,0,0,12.400000000000002,0.11704166666666665,0,7025664,46059,313,2768697,0,0,0,0.0
1239,109862,86,pair_005_n5_005_conflict,conflict,1,0,0,12.400000000000002,0.11689833333333333,0,7031168,46127,313,2772103,0,0,0,0.0
1240,109933,71,pair_003_n3_003_conflict,conflict,1,0,0,12.55,0.11678,0,7035712,46159,313,2774832,0,0,0,0.0
1241,110017,84,pair_006_n5_006_control,control,1,0,0,12.420000000000002,0.11664,0,7041088,46200,313,2778038,0,0,0,0.0
1242,110022,5,pair_002_n3_002_control,control,0,1,0,-0.84,0.11663166666666666,0,7041408,46205,313,2778245,0,0,0,0.0
1243,110103,81,pair_001_n3_001_conflict,conflict,1,0,0,12.450000000000001,0.11649666666666667,0,7046592,46257,313,2781382,0,0,0,0.0
1244,110184,81,pair_008_n5_008_control,control,1,0,0,12.450000000000001,0.11636166666666667,0,7051776,46300,313,2784507,0,0,0,0.0
1245,110267,83,pair_004_n3_004_conflict,conflict,1,0,0,12.430000000000001,0.11622333333333332,0,7057088,46326,313,2787733,0,0,0,0.0
1246,110348,81,pair_009_n5_009_control,control,1,0,0,12.450000000000001,0.11608833333333332,0,7062272,46358,313,2790810,0,0,0,0.0
1247,110435,87,pair_011_n5_011_conflict,conflict,1,0,0,12.39,0.11594333333333331,0,7067840,46381,313,2794183,0,0,0,0.0
1248,110507,72,pair_010_n5_010_conflict,conflict,1,0,0,12.540000000000003,0.11582333333333333,0,7072448,46411,313,2796944,0,0,0,0.0
1249,110588,81,pair_005_n5_005_control,control,1,0,0,12.450000000000001,0.11568833333333331,0,7077632,46441,313,2800004,0,0,0,0.0
1250,110683,95,pair_003_n3_003_control,control,1,0,0,12.310000000000002,0.11553,0,7083712,46483,313,2803609,0,0,0,0.0
1251,110770,87,pair_003_n5_003_control,control,1,0,0,12.39,0.11538499999999999,0,7089280,46497,313,2806874,0,0,0,0.0
1252,110857,87,pair_007_n3_007_conflict,conflict,1,0,0,12.39,0.11523999999999998,0,7094848,46519,313,2810155,0,0,0,0.0
1253,110930,73,pair_002_n5_002_control,control,1,0,0,12.530000000000001,0.11511833333333332,0,7099520,46545,313,2812983,0,0,0,0.0
1254,111014,84,pair_015_n3_015_conflict,conflict,1,0,0,12.420000000000002,0.11497833333333332,0,7104896,46563,313,2816186,0,0,0,0.0
1255,111093,79,pair_008_n3_008_control,control,1,0,0,12.470000000000002,0.11484666666666665,0,7109952,46612,313,2819173,0,0,0,0.0
1256,111170,77,pair_013_n5_013_conflict,conflict,1,0,0,12.490000000000002,0.11471833333333331,0,7114880,46631,313,2822077,0,0,0,0.0
1257,111246,76,pair_007_n5_007_control,control,1,0,0,12.500000000000002,0.11459166666666665,0,7119744,46671,313,2825010,0,0,0,0.0
1258,111319,73,pair_000_n5_000_conflict,conflict,1,0,0,12.530000000000001,0.11446999999999999,0,7124416,46705,313,2827713,0,0,0,0.0
1259,111398,79,pair_016_n5_016_control,control,1,0,0,12.470000000000002,0.11433833333333332,0,7129472,46733,313,2830681,0,0,0,0.0
1260,111473,75,pair_016_n3_016_control,control,1,0,0,12.510000000000002,0.11421333333333333,0,7134272,46768,314,2833585,0,0,0,0.0
1261,111554,81,pair_001_n5_001_conflict,conflict,1,0,0,12.450000000000001,0.11407833333333331,0,7139456,46822,314,2836633,0,0,0,0.0
1262,111626,72,pair_014_n3_014_conflict,conflict,1,0,0,12.540000000000001,0.11395833333333333,0,7144064,46858,314,2839325,0,0,0,0.0
1263,111714,88,pair_016_n5_016_conflict,conflict,1,0,0,12.380000000000003,0.11381166666666664,0,7149696,46920,314,2842605,0,0,0,0.0
1264,111787,73,pair_016_n3_016_conflict,conflict,1,0,0,12.530000000000001,0.11368999999999999,0,7154368,46955,314,2845333,0,0,0,0.0
1265,111861,74,pair_012_n3_012_conflict,conflict,1,0,0,12.520000000000001,0.11356666666666665,0,7159104,46982,314,2848139,0,0,0,0.0
1266,111943,82,pair_013_n5_013_control,control,1,0,0,12.440000000000001,0.11342999999999998,0,7164352,47044,314,2851211,0,0,0,0.0
1267,112032,89,pair_009_n3_009_conflict,conflict,1,0,0,12.370000000000001,0.11328166666666667,0,7170048,47086,314,2854551,0,0,0,0.0
1268,112120,88,pair_000_n3_000_conflict,conflict,1,0,0,12.380000000000003,0.11313499999999999,0,7175680,47133,314,2857842,0,0,0,0.0
1269,112214,94,pair_004_n5_004_control,control,1,0,0,12.32,0.11297833333333332,0,7181696,47206,314,2861380,0,0,0,0.0
1270,112256,42,pair_009_n3_009_control,control,0,1,0,0.49000000000000066,0.11290833333333333,0,7184384,47227,314,2862990,0,0,0,0.0
1271,112344,88,pair_002_n3_002_conflict,conflict,1,0,0,12.38,0.11276166666666665,0,7190016,47263,315,2866314,0,0,0,0.0
1272,112420,76,pair_005_n3_005_control,control,1,0,0,12.500000000000002,0.11263499999999999,0,7194880,47303,315,2869190,0,0,0,0.0
1273,112503,83,pair_008_n3_008_conflict,conflict,0,1,0,1.430000000000002,0.11249666666666666,0,7200192,47338,315,2872300,0,0,0,0.0
1274,112586,83,pair_011_n3_011_control,control,1,0,0,12.430000000000001,0.11235833333333331,0,7205504,47365,315,2875425,0,0,0,0.0
1275,112675,89,pair_017_n3_017_conflict,conflict,1,0,0,12.370000000000001,0.11220999999999998,0,7211200,47426,315,2878822,0,0,0,0.0
1276,112748,73,pair_012_n5_012_conflict,conflict,1,0,0,12.530000000000001,0.11208833333333332,0,7215872,47469,316,2881531,0,0,0,0.0
1277,112823,75,pair_007_n3_007_control,control,1,0,0,12.510000000000002,0.11196333333333333,0,7220672,47510,316,2884350,0,0,0,0.0
1278,112902,79,pair_002_n5_002_conflict,conflict,1,0,0,12.470000000000002,0.11183166666666666,0,7225728,47530,316,2887293,0,0,0,0.0
1279,112974,72,pair_008_n5_008_conflict,conflict,1,0,0,12.540000000000003,0.11171166666666665,0,7230336,47588,316,2889970,0,0,0,0.0
1280,113064,90,pair_004_n5_004_conflict,conflict,1,0,0,12.360000000000001,0.11156166666666664,0,7236096,47612,316,2893359,0,0,0,0.0
1281,113157,93,pair_006_n5_006_conflict,conflict,1,0,0,12.330000000000002,0.11140666666666665,0,7242048,47652,317,2896875,0,0,0,0.0
1282,113239,82,pair_007_n5_007_conflict,conflict,1,0,0,12.440000000000001,0.11126999999999998,0,7247296,47676,317,2899907,0,0,0,0.0
1283,113335,96,pair_014_n5_014_conflict,conflict,1,0,0,12.3,0.11110999999999999,0,7253440,47744,319,2903424,0,0,0,0.0
1284,113411,76,pair_015_n5_015_conflict,conflict,1,0,0,12.500000000000002,0.11098333333333332,0,7258304,47762,319,2906159,0,0,0,0.0
1285,113485,74,pair_000_n3_000_control,control,1,0,0,12.520000000000001,0.11085999999999999,0,7263040,47789,319,2908840,0,0,0,0.0
1286,113566,81,pair_013_n3_013_control,control,1,0,0,12.450000000000001,0.11072499999999999,0,7268224,47811,319,2911889,0,0,0,0.0
1287,113644,78,pair_006_n3_006_control,control,1,0,0,12.48,0.110595,0,7273216,47829,319,2914726,0,0,0,0.0
1288,113730,86,pair_015_n5_015_control,control,1,0,0,12.400000000000002,0.11045166666666664,0,7278720,47870,320,2917797,0,0,0,0.0
1289,113807,77,pair_001_n3_001_control,control,1,0,0,12.490000000000002,0.11032333333333333,0,7283648,47881,320,2920493,0,0,0,0.0
1290,113897,90,pair_014_n3_014_control,control,1,0,0,12.360000000000001,0.11017333333333332,0,7289408,47904,320,2923678,0,0,0,0.0
1291,113973,76,pair_011_n3_011_conflict,conflict,1,0,0,12.500000000000002,0.11004666666666665,0,7294272,47914,320,2926295,0,0,0,0.0
1292,114054,81,pair_000_n5_000_control,control,1,0,0,12.450000000000001,0.10991166666666666,0,7299456,47944,320,2929132,0,0,0,0.0
1293,114139,85,pair_010_n3_010_conflict,conflict,1,0,0,12.410000000000002,0.10976999999999998,0,7304896,47957,320,2932166,0,0,0,0.0
1294,114223,84,pair_009_n5_009_conflict,conflict,1,0,0,12.420000000000002,0.10962999999999998,0,7310272,47988,321,2935109,0,0,0,0.0
1295,114308,85,pair_010_n5_010_control,control,1,0,0,12.410000000000002,0.10948833333333333,0,7315712,48013,321,2938005,0,0,0,0.0
1296,114385,77,pair_000_n5_000_control,control,1,0,0,12.490000000000002,0.10935999999999998,0,7320640,48042,321,2940619,0,0,0,0.0
1297,114461,76,pair_000_n3_000_conflict,conflict,1,0,0,12.500000000000002,0.10923333333333332,0,7325504,48071,321,2943283,0,0,0,0.0
1298,114545,84,pair_005_n5_005_conflict,conflict,1,0,0,12.420000000000002,0.10909333333333332,0,7330880,48129,321,2946190,0,0,0,0.0
1299,114549,4,pair_014_n5_014_control,control,0,1,0,-0.98,0.10908666666666667,0,7331136,48133,321,2946337,0,0,0,0.0
1300,114629,80,pair_000_n5_000_conflict,conflict,1,0,0,12.460000000000003,0.10895333333333332,0,7336256,48199,323,2949156,0,0,0,0.0
1301,114711,82,pair_016_n3_016_control,control,1,0,0,12.440000000000001,0.10881666666666664,0,7341504,48239,323,2952032,0,0,0,0.0
1302,114792,81,pair_008_n5_008_control,control,1,0,0,12.450000000000001,0.10868166666666665,0,7346688,48296,323,2954824,0,0,0,0.0
1303,114797,5,pair_011_n5_011_conflict,conflict,0,1,0,-0.84,0.10867333333333332,0,7347008,48301,323,2955006,0,0,0,0.0
1304,114874,77,pair_010_n5_010_control,control,1,0,0,12.490000000000002,0.108545,0,7351936,48358,323,2957647,0,0,0,0.0
1305,114951,77,pair_015_n5_015_conflict,conflict,1,0,0,12.490000000000002,0.10841666666666666,0,7356864,48402,324,2960348,0,0,0,0.0
1306,115032,81,pair_011_n3_011_control,control,1,0,0,12.450000000000001,0.10828166666666666,0,7362048,48426,324,2963187,0,0,0,0.0
1307,115123,91,pair_010_n3_010_control,control,1,0,0,12.350000000000001,0.10812999999999998,0,7367872,48482,324,2966350,0,0,0,0.0
1308,115198,75,pair_016_n3_016_conflict,conflict,1,0,0,12.510000000000002,0.10800499999999999,0,7372672,48514,324,2968942,0,0,0,0.0
1309,115274,76,pair_011_n5_011_control,control,1,0,0,12.500000000000002,0.10787833333333333,0,7377536,48564,324,2971509,0,0,0,0.0
1310,115349,75,pair_008_n3_008_conflict,conflict,1,0,0,12.510000000000002,0.10775333333333331,0,7382336,48593,326,2974089,0,0,0,0.0
1311,115438,89,pair_007_n3_007_conflict,conflict,1,0,0,12.370000000000001,0.10760499999999998,0,7388032,48632,327,2977115,0,0,0,0.0
1312,115514,76,pair_003_n5_003_control,control,1,0,0,12.500000000000002,0.10747833333333331,0,7392896,48681,327,2979649,0,0,0,0.0
1313,115593,79,pair_002_n5_002_conflict,conflict,1,0,0,12.470000000000002,0.10734666666666665,0,7397952,48729,328,2982336,0,0,0,0.0
1314,115670,77,pair_001_n5_001_conflict,conflict,1,0,0,12.490000000000002,0.10721833333333333,0,7402880,48782,328,2984917,0,0,0,0.0
1315,115750,80,pair_006_n3_006_conflict,conflict,1,0,0,12.46,0.10708499999999999,0,7408000,48814,328,2987561,0,0,0,0.0
1316,115839,89,pair_004_n5_004_control,control,1,0,0,12.370000000000001,0.10693666666666665,0,7413696,48865,328,2990534,0,0,0,0.0
1317,115914,75,pair_013_n3_013_control,control,1,0,0,12.510000000000002,0.10681166666666667,0,7418496,48912,328,2992972,0,0,0,0.0
1318,115992,78,pair_015_n3_015_conflict,conflict,1,0,0,12.480000000000002,0.10668166666666665,0,7423488,48960,328,2995496,0,0,0,0.0
1319,116074,82,pair_005_n5_005_control,control,1,0,0,12.440000000000001,0.106545,0,7428736,49013,328,2998156,0,0,0,0.0
1320,116149,75,pair_003_n3_003_conflict,conflict,1,0,0,12.510000000000002,0.10641999999999999,0,7433536,49055,328,3000668,0,0,0,0.0
1321,116226,77,pair_009_n3_009_conflict,conflict,1,0,0,12.490000000000002,0.10629166666666665,0,7438464,49093,329,3003211,0,0,0,0.0
1322,116311,85,pair_014_n5_014_conflict,conflict,1,0,0,12.410000000000002,0.10615,0,7443904,49166,332,3006092,0,0,0,0.0
1323,116403,92,pair_012_n5_012_conflict,conflict,1,0,0,12.340000000000002,0.10599666666666666,0,7449792,49237,333,3009222,0,0,0,0.0
1324,116480,77,pair_006_n5_006_control,control,1,0,0,12.490000000000002,0.10586833333333331,0,7454720,49298,334,3011782,0,0,0,0.0
1325,116557,77,pair_003_n3_003_control,control,1,0,0,12.490000000000002,0.10574,0,7459648,49344,334,3014395,0,0,0,0.0
1326,116636,79,pair_007_n5_007_conflict,conflict,1,0,0,12.470000000000002,0.10560833333333333,0,7464704,49389,334,3017002,0,0,0,0.0
1327,116723,87,pair_009_n3_009_control,control,1,0,0,12.39,0.10546333333333333,0,7470272,49437,334,3019965,0,0,0,0.0
1328,116818,95,pair_009_n5_009_conflict,conflict,1,0,0,12.310000000000002,0.10530499999999998,0,7476352,49504,334,3023200,0,0,0,0.0
1329,116901,83,pair_017_n5_017_control,control,1,0,0,12.430000000000001,0.10516666666666666,0,7481664,49578,334,3025948,0,0,0,0.0
1330,116981,80,pair_004_n5_004_conflict,conflict,1,0,0,12.46,0.10503333333333331,0,7486784,49606,334,3028613,0,0,0,0.0
1331,117054,73,pair_008_n3_008_control,control,1,0,0,12.530000000000001,0.10491166666666665,0,7491456,49617,334,3031053,0,0,0,0.0
1332,117133,79,pair_015_n3_015_control,control,1,0,0,12.470000000000002,0.10477999999999998,0,7496512,49633,334,3033686,0,0,0,0.0
1333,117222,89,pair_007_n3_007_control,control,1,0,0,12.370000000000001,0.10463166666666665,0,7502208,49658,334,3036607,0,0,0,0.0
1334,117300,78,pair_010_n3_010_conflict,conflict,1,0,0,12.48,0.10450166666666666,0,7507200,49669,334,3039191,0,0,0,0.0
1335,117385,85,pair_015_n5_015_control,control,1,0,0,12.410000000000002,0.10435999999999998,0,7512640,49687,334,3041989,0,0,0,0.0
1336,117467,82,pair_012_n3_012_conflict,conflict,1,0,0,12.440000000000001,0.10422333333333333,0,7517888,49715,334,3044694,0,0,0,0.0
1337,117546,79,pair_017_n5_017_conflict,conflict,1,0,0,12.470000000000002,0.10409166666666667,0,7522944,49737,334,3047195,0,0,0,0.0
1338,117627,81,pair_012_n5_012_control,control,1,0,0,12.450000000000001,0.10395666666666667,0,7528128,49765,334,3049711,0,0,0,0.0
1339,117703,76,pair_003_n5_003_conflict,conflict,1,0,0,12.500000000000002,0.10382999999999998,0,7532992,49821,336,3052104,0,0,0,0.0
1340,117707,4,pair_004_n3_004_conflict,conflict,0,1,0,-0.88,0.10382333333333332,0,7533248,49825,336,3052230,0,0,0,0.0
1341,117761,54,pair_013_n5_013_control,control,0,1,0,1.020000000000001,0.10373333333333332,0,7536704,49878,336,3053930,0,0,0,0.0
1342,117831,70,pair_001_n3_001_conflict,conflict,0,1,0,1.3600000000000017,0.10361666666666666,0,7541184,49928,336,3056128,0,0,0,0.0
1343,117906,75,pair_002_n5_002_control,control,1,0,0,12.510000000000002,0.10349166666666665,0,7545984,49978,337,3058526,0,0,0,0.0
1344,117982,76,pair_000_n3_000_control,control,1,0,0,12.500000000000002,0.10336499999999998,0,7550848,50020,337,3060967,0,0,0,0.0
1345,118069,87,pair_009_n5_009_control,control,1,0,0,12.39,0.10321999999999998,0,7556416,50069,337,3063708,0,0,0,0.0
1346,118145,76,pair_001_n3_001_control,control,1,0,0,12.500000000000002,0.10309333333333331,0,7561280,50111,337,3066082,0,0,0,0.0
1347,118220,75,pair_006_n5_006_conflict,conflict,1,0,0,12.510000000000002,0.10296833333333333,0,7566080,50170,338,3068415,0,0,0,0.0
1348,118300,80,pair_004_n3_004_control,control,1,0,0,12.46,0.10283499999999998,0,7571200,50216,338,3070944,0,0,0,0.0
1349,118372,72,pair_013_n3_013_conflict,conflict,1,0,0,12.540000000000001,0.102715,0,7575808,50254,338,3073191,0,0,0,0.0
1350,118452,80,pair_014_n3_014_control,control,1,0,0,12.46,0.10258166666666665,0,7580928,50288,338,3075702,0,0,0,0.0
1351,118454,2,pair_006_n3_006_control,control,0,1,0,-0.96,0.10257833333333333,0,7581056,50290,338,3075766,0,0,0,0.0
1352,118529,75,pair_012_n3_012_control,control,1,0,0,12.510000000000002,0.10245333333333331,0,7585856,50320,338,3078084,0,0,0,0.0
1353,118609,80,pair_017_n3_017_conflict,conflict,1,0,0,12.46,0.10232,0,7590976,50374,339,3080541,0,0,0,0.0
1354,118685,76,pair_010_n5_010_conflict,conflict,1,0,0,12.500000000000002,0.10219333333333333,0,7595840,50422,339,3082919,0,0,0,0.0
1355,118765,80,pair_002_n3_002_control,control,1,0,0,12.46,0.10205999999999998,0,7600960,50446,339,3085457,0,0,0,0.0
1356,118848,83,pair_005_n3_005_control,control,1,0,0,12.430000000000001,0.10192166666666666,0,7606272,50464,339,3087994,0,0,0,0.0
1357,118925,77,pair_014_n3_014_conflict,conflict,1,0,0,12.490000000000002,0.10179333333333332,0,7611200,50492,339,3090335,0,0,0,0.0
1358,119003,78,pair_017_n3_017_control,control,1,0,0,12.48,0.10166333333333333,0,7616192,50513,339,3092772,0,0,0,0.0
1359,119084,81,pair_013_n5_013_conflict,conflict,1,0,0,12.450000000000001,0.10152833333333333,0,7621376,50531,339,3095215,0,0,0,0.0
1360,119163,79,pair_001_n5_001_control,control,1,0,0,12.470000000000002,0.10139666666666666,0,7626432,50601,342,3097691,0,0,0,0.0
1361,119240,77,pair_016_n5_016_conflict,conflict,1,0,0,12.490000000000002,0.10126833333333332,0,7631360,50649,343,3100098,0,0,0,0.0
1362,119315,75,pair_008_n5_008_conflict,conflict,1,0,0,12.510000000000002,0.10114333333333334,0,7636160,50702,343,3102379,0,0,0,0.0
1363,119395,80,pair_002_n3_002_conflict,conflict,1,0,0,12.46,0.10100999999999999,0,7641280,50745,343,3104913,0,0,0,0.0
1364,119472,77,pair_016_n5_016_control,control,1,0,0,12.490000000000002,0.10088166666666665,0,7646208,50803,343,3107360,0,0,0,0.0
1365,119545,73,pair_011_n3_011_conflict,conflict,1,0,0,12.530000000000001,0.10075999999999999,0,7650880,50826,343,3109636,0,0,0,0.0
1366,119618,73,pair_005_n3_005_conflict,conflict,1,0,0,12.530000000000001,0.10063833333333333,0,7655552,50863,343,3111884,0,0,0,0.0
1367,119695,77,pair_007_n5_007_control,control,1,0,0,12.490000000000002,0.10050999999999999,0,7660480,50913,344,3114399,0,0,0,0.0
1368,119779,84,pair_010_n5_010_conflict,conflict,1,0,0,12.420000000000002,0.10036999999999999,0,7665856,50968,344,3117065,0,0,0,0.0
1369,119865,86,pair_003_n5_003_conflict,conflict,1,0,0,12.400000000000002,0.10022666666666666,0,7671360,51043,345,3119836,0,0,0,0.0
1370,119936,71,pair_006_n3_006_control,control,1,0,0,12.55,0.10010833333333333,0,7675904,51079,345,3122130,0,0,0,0.0
1371,120021,85,pair_013_n5_013_conflict,conflict,1,0,0,12.410000000000002,0.09996666666666665,0,7681344,51141,346,3124913,0,0,0,0.0
1372,120096,75,pair_005_n5_005_control,control,1,0,0,12.510000000000002,0.09984166666666666,0,7686144,51199,348,3127427,0,0,0,0.0
1373,120169,73,pair_008_n3_008_control,control,1,0,0,12.530000000000001,0.09971999999999998,0,7690816,51230,348,3129832,0,0,0,0.0
1374,120247,78,pair_012_n5_012_conflict,conflict,1,0,0,12.48,0.09958999999999998,0,7695808,51289,350,3132359,0,0,0,0.0
1375,120328,81,pair_009_n5_009_control,control,1,0,0,12.450000000000003,0.09945499999999999,0,7700992,51350,351,3135025,0,0,0,0.0
1376,120393,65,pair_017_n5_017_control,control,0,1,0,1.2100000000000013,0.09934666666666667,0,7705152,51406,351,3137192,0,0,0,0.0
1377,120469,76,pair_010_n5_010_control,control,1,0,0,12.500000000000002,0.09922,0,7710016,51471,352,3139752,0,0,0,0.0
1378,120546,77,pair_002_n5_002_conflict,conflict,0,1,0,1.3400000000000016,0.09909166666666666,0,7714944,51524,356,3142330,0,0,0,0.0
1379,120631,85,pair_016_n5_016_conflict,conflict,1,0,0,12.410000000000002,0.09894999999999998,0,7720384,51594,357,3145152,0,0,0,0.0
1380,120709,78,pair_003_n3_003_conflict,conflict,1,0,0,12.48,0.09881999999999999,0,7725376,51643,357,3147763,0,0,0,0.0
1381,120782,73,pair_005_n3_005_conflict,conflict,1,0,0,12.530000000000001,0.09869833333333333,0,7730048,51686,357,3150170,0,0,0,0.0
1382,120858,76,pair_011_n3_011_conflict,conflict,1,0,0,12.500000000000002,0.09857166666666667,0,7734912,51703,357,3152730,0,0,0,0.0
1383,120940,82,pair_009_n5_009_conflict,conflict,1,0,0,12.440000000000001,0.098435,0,7740160,51768,358,3155444,0,0,0,0.0
1384,121015,75,pair_005_n3_005_control,control,1,0,0,12.510000000000002,0.09830999999999998,0,7744960,51814,358,3157985,0,0,0,0.0
1385,121094,79,pair_007_n3_007_conflict,conflict,0,1,0,1.4200000000000017,0.09817833333333331,0,7750016,51852,359,3160628,0,0,0,0.0
1386,121175,81,pair_002_n5_002_control,control,1,0,0,12.450000000000001,0.09804333333333332,0,7755200,51909,363,3163307,0,0,0,0.0
1387,121255,80,pair_015_n5_015_control,control,1,0,0,12.46,0.09791,0,7760320,51983,364,3166020,0,0,0,0.0
1388,121331,76,pair_000_n3_000_conflict,conflict,1,0,0,12.500000000000002,0.09778333333333333,0,7765184,52027,364,3168552,0,0,0,0.0
1389,121403,72,pair_006_n3_006_conflict,conflict,1,0,0,12.540000000000001,0.09766333333333332,0,7769792,52060,364,3170967,0,0,0,0.0
1390,121480,77,pair_012_n3_012_control,control,1,0,0,12.490000000000002,0.09753499999999998,0,7774720,52091,364,3173643,0,0,0,0.0
1391,121550,70,pair_014_n3_014_conflict,conflict,1,0,0,12.560000000000002,0.09741833333333333,0,7779200,52132,364,3175973,0,0,0,0.0
1392,121631,81,pair_004_n3_004_conflict,conflict,1,0,0,12.450000000000001,0.09728333333333333,0,7784384,52169,364,3178737,0,0,0,0.0
1393,121717,86,pair_016_n3_016_conflict,conflict,1,0,0,12.400000000000002,0.09713999999999998,0,7789888,52223,364,3181659,0,0,0,0.0
1394,121792,75,pair_001_n3_001_control,control,1,0,0,12.510000000000002,0.09701499999999999,0,7794688,52250,364,3184250,0,0,0,0.0
1395,121883,91,pair_017_n3_017_control,control,1,0,0,12.350000000000001,0.09686333333333333,0,7800512,52283,365,3187356,0,0,0,0.0
1396,121968,85,pair_007_n5_007_conflict,conflict,1,0,0,12.410000000000002,0.09672166666666665,0,7805952,52328,365,3190253,0,0,0,0.0
1397,122044,76,pair_009_n3_009_control,control,1,0,0,12.500000000000002,0.09659499999999999,0,7810816,52379,365,3192819,0,0,0,0.0
1398,122124,80,pair_015_n3_015_conflict,conflict,1,0,0,12.46,0.09646166666666667,0,7815936,52431,365,3195512,0,0,0,0.0
1399,122205,81,pair_007_n3_007_control,control,1,0,0,12.450000000000001,0.09632666666666664,0,7821120,52467,365,3198302,0,0,0,0.0
1400,122279,74,pair_001_n3_001_conflict,conflict,1,0,0,12.520000000000001,0.09620333333333334,0,7825856,52518,366,3200867,0,0,0,0.0
1401,122353,74,pair_000_n3_000_control,control,1,0,0,12.520000000000001,0.09608,0,7830592,52558,367,3203400,0,0,0,0.0
1402,122429,76,pair_006_n5_006_conflict,conflict,0,1,0,1.4000000000000012,0.09595333333333333,0,7835456,52616,367,3206033,0,0,0,0.0
1403,122433,4,pair_011_n5_011_conflict,conflict,0,1,0,-0.88,0.09594666666666665,0,7835712,52620,367,3206172,0,0,0,0.0
1404,122436,3,pair_002_n3_002_conflict,conflict,0,1,0,-0.92,0.09594166666666665,0,7835904,52623,368,3206282,0,0,0,0.0
1405,122518,82,pair_010_n3_010_conflict,conflict,1,0,0,12.440000000000001,0.095805,0,7841152,52674,368,3209132,0,0,0,0.0
1406,122585,67,pair_007_n5_007_control,control,1,0,0,12.590000000000002,0.09569333333333332,0,7845440,52719,368,3211462,0,0,0,0.0
1407,122667,82,pair_014_n5_014_conflict,conflict,1,0,0,12.440000000000001,0.09555666666666665,0,7850688,52782,369,3214395,0,0,0,0.0
1408,122738,71,pair_003_n3_003_control,control,1,0,0,12.55,0.09543833333333332,0,7855232,52815,370,3216931,0,0,0,0.0
1409,122832,94,pair_017_n3_017_conflict,conflict,1,0,0,12.32,0.09528166666666665,0,7861248,52881,371,3220332,0,0,0,0.0
1410,122908,76,pair_011_n5_011_control,control,1,0,0,12.500000000000002,0.09515499999999999,0,7866112,52934,372,3223030,0,0,0,0.0
1411,122998,90,pair_016_n5_016_control,control,1,0,0,12.360000000000001,0.09500499999999998,0,7871872,53008,374,3226342,0,0,0,0.0
1412,123084,86,pair_012_n3_012_conflict,conflict,1,0,0,12.400000000000002,0.09486166666666665,0,7877376,53048,374,3229492,0,0,0,0.0
1413,123159,75,pair_008_n5_008_control,control,1,0,0,12.510000000000002,0.09473666666666666,0,7882176,53104,375,3232241,0,0,0,0.0
1414,123238,79,pair_000_n5_000_conflict,conflict,1,0,0,12.470000000000002,0.094605,0,7887232,53163,375,3235113,0,0,0,0.0
1415,123316,78,pair_014_n5_014_control,control,1,0,0,12.48,0.09447499999999998,0,7892224,53225,375,3237973,0,0,0,0.0
1416,123393,77,pair_012_n5_012_control,control,1,0,0,12.490000000000002,0.09434666666666666,0,7897152,53282,376,3240795,0,0,0,0.0
1417,123461,68,pair_008_n5_008_conflict,conflict,1,0,0,12.580000000000002,0.09423333333333334,0,7901504,53327,377,3243278,0,0,0,0.0
1418,123533,72,pair_011_n3_011_control,control,1,0,0,12.540000000000001,0.09411333333333333,0,7906112,53355,377,3246000,0,0,0,0.0
1419,123613,80,pair_005_n5_005_conflict,conflict,1,0,0,12.46,0.09397999999999998,0,7911232,53414,380,3248949,0,0,0,0.0
1420,123615,2,pair_009_n3_009_conflict,conflict,0,1,0,-0.96,0.09397666666666665,0,7911360,53416,380,3249024,0,0,0,0.0
1421,123703,88,pair_015_n5_015_conflict,conflict,1,0,0,12.38,0.09383,0,7916992,53493,380,3252281,0,0,0,0.0
1422,123785,82,pair_004_n5_004_control,control,1,0,0,12.440000000000001,0.09369333333333332,0,7922240,53533,380,3255347,0,0,0,0.0
1423,123871,86,pair_013_n5_013_control,control,1,0,0,12.400000000000002,0.09355,0,7927744,53614,382,3258625,0,0,0,0.0
1424,123951,80,pair_001_n5_001_conflict,conflict,1,0,0,12.46,0.09341666666666665,0,7932864,53664,384,3261629,0,0,0,0.0
1425,124023,72,pair_006_n5_006_control,control,1,0,0,12.540000000000001,0.09329666666666667,0,7937472,53716,384,3264358,0,0,0,0.0
1426,124103,80,pair_010_n3_010_control,control,1,0,0,12.46,0.09316333333333332,0,7942592,53734,384,3267405,0,0,0,0.0
1427,124187,84,pair_014_n3_014_control,control,1,0,0,12.420000000000002,0.09302333333333332,0,7947968,53772,384,3270633,0,0,0,0.0
1428,124268,81,pair_017_n5_017_conflict,conflict,1,0,0,12.450000000000001,0.09288833333333332,0,7953152,53830,385,3273688,0,0,0,0.0
1429,124273,5,pair_015_n3_015_control,control,0,1,0,-0.84,0.09287999999999999,0,7953472,53835,385,3273871,0,0,0,0.0
1430,124347,74,pair_001_n5_001_control,control,1,0,0,12.520000000000001,0.09275666666666665,0,7958208,53899,386,3276648,0,0,0,0.0
1431,124413,66,pair_008_n3_008_conflict,conflict,0,1,0,1.3000000000000012,0.09264666666666665,0,7962432,53928,386,3279124,0,0,0,0.0
1432,124495,82,pair_000_n5_000_control,control,1,0,0,12.440000000000001,0.09250999999999998,0,7967680,53990,386,3282198,0,0,0,0.0
1433,124572,77,pair_013_n3_013_control,control,1,0,0,12.490000000000002,0.09238166666666667,0,7972608,54045,387,3285100,0,0,0,0.0
1434,124646,74,pair_002_n3_002_control,control,1,0,0,12.520000000000001,0.09225833333333333,0,7977344,54080,387,3287911,0,0,0,0.0
1435,124726,80,pair_004_n5_004_conflict,conflict,1,0,0,12.46,0.09212499999999998,0,7982464,54136,388,3290975,0,0,0,0.0
1436,124802,76,pair_003_n5_003_control,control,1,0,0,12.500000000000002,0.09199833333333332,0,7987328,54190,389,3293878,0,0,0,0.0
1437,124872,70,pair_016_n3_016_control,control,1,0,0,12.560000000000002,0.09188166666666667,0,7991808,54230,389,3296554,0,0,0,0.0
1438,124947,75,pair_004_n3_004_control,control,1,0,0,12.510000000000002,0.09175666666666665,0,7996608,54274,389,3299423,0,0,0,0.0
1439,125017,70,pair_013_n3_013_conflict,conflict,1,0,0,12.560000000000002,0.09164,0,8001088,54320,389,3302081,0,0,0,0.0
1440,125092,75,pair_017_n5_017_control,control,1,0,0,12.510000000000002,0.09151499999999999,0,8005888,54386,389,3304936,0,0,0,0.0
1441,125164,72,pair_010_n5_010_conflict,conflict,1,0,0,12.540000000000001,0.09139499999999998,0,8010496,54444,389,3307679,0,0,0,0.0
1442,125172,8,pair_004_n3_004_control,control,0,1,0,-0.92,0.09138166666666667,0,8011008,54452,389,3307992,0,0,0,0.0
1443,125242,70,pair_013_n5_013_control,control,1,0,0,12.560000000000002,0.09126499999999999,0,8015488,54518,389,3310620,0,0,0,0.0
1444,125323,81,pair_012_n5_012_control,control,1,0,0,12.450000000000001,0.09112999999999999,0,8020672,54580,389,3313666,0,0,0,0.0
1445,125404,81,pair_017_n3_017_control,control,1,0,0,12.450000000000001,0.09099499999999999,0,8025856,54623,389,3316799,0,0,0,0.0
1446,125479,75,pair_011_n3_011_conflict,conflict,1,0,0,12.510000000000002,0.09086999999999998,0,8030656,54654,389,3319640,0,0,0,0.0
1447,125547,68,pair_008_n5_008_control,control,1,0,0,12.580000000000002,0.09075666666666665,0,8035008,54699,390,3322253,0,0,0,0.0
1448,125630,83,pair_014_n5_014_conflict,conflict,1,0,0,12.430000000000001,0.09061833333333333,0,8040320,54769,392,3325373,0,0,0,0.0
1449,125697,67,pair_014_n5_014_control,control,1,0,0,12.590000000000002,0.09050666666666665,0,8044608,54825,392,3327929,0,0,0,0.0
1450,125783,86,pair_005_n5_005_conflict,conflict,1,0,0,12.400000000000002,0.09036333333333332,0,8050112,54881,392,3331237,0,0,0,0.0
1451,125857,74,pair_006_n3_006_conflict,conflict,1,0,0,12.520000000000001,0.09023999999999999,0,8054848,54912,392,3334105,0,0,0,0.0
1452,125936,79,pair_006_n3_006_control,control,1,0,0,12.470000000000002,0.09010833333333332,0,8059904,54953,392,3337215,0,0,0,0.0
1453,126007,71,pair_002_n3_002_control,control,1,0,0,12.55,0.08998999999999999,0,8064448,54989,392,3340039,0,0,0,0.0
1454,126080,73,pair_010_n5_010_control,control,1,0,0,12.530000000000001,0.08986833333333333,0,8069120,55050,393,3342889,0,0,0,0.0
1455,126150,70,pair_011_n5_011_conflict,conflict,1,0,0,12.560000000000002,0.08975166666666665,0,8073600,55100,394,3345610,0,0,0,0.0
1456,126220,70,pair_006_n5_006_control,control,1,0,0,12.560000000000002,0.08963499999999999,0,8078080,55154,394,3348391,0,0,0,0.0
1457,126290,70,pair_014_n3_014_control,control,1,0,0,12.560000000000002,0.08951833333333331,0,8082560,55195,396,3351172,0,0,0,0.0
1458,126374,84,pair_000_n5_000_conflict,conflict,1,0,0,12.420000000000002,0.08937833333333331,0,8087936,55245,396,3354456,0,0,0,0.0
1459,126447,73,pair_000_n3_000_conflict,conflict,1,0,0,12.530000000000001,0.08925666666666665,0,8092608,55286,396,3357422,0,0,0,0.0
1460,126451,4,pair_006_n5_006_conflict,conflict,0,1,0,-0.88,0.08925,0,8092864,55290,397,3357577,0,0,0,0.0
1461,126527,76,pair_001_n3_001_conflict,conflict,1,0,0,12.500000000000002,0.08912333333333333,0,8097728,55339,397,3360546,0,0,0,0.0
1462,126598,71,pair_009_n3_009_conflict,conflict,1,0,0,12.55,0.089005,0,8102272,55382,398,3363410,0,0,0,0.0
1463,126669,71,pair_013_n3_013_conflict,conflict,1,0,0,12.55,0.08888666666666667,0,8106816,55433,398,3366233,0,0,0,0.0
1464,126743,74,pair_012_n3_012_control,control,1,0,0,12.520000000000001,0.08876333333333333,0,8111552,55466,398,3369221,0,0,0,0.0
1465,126812,69,pair_014_n3_014_conflict,conflict,1,0,0,12.570000000000002,0.08864833333333333,0,8115968,55507,399,3371990,0,0,0,0.0
1466,126885,73,pair_007_n5_007_control,control,1,0,0,12.530000000000001,0.08852666666666664,0,8120640,55558,400,3374987,0,0,0,0.0
1467,126960,75,pair_016_n3_016_control,control,1,0,0,12.510000000000002,0.08840166666666666,0,8125440,55602,400,3378006,0,0,0,0.0
1468,127030,70,pair_004_n5_004_conflict,conflict,1,0,0,12.560000000000002,0.088285,0,8129920,55652,401,3380758,0,0,0,0.0
1469,127101,71,pair_003_n5_003_control,control,1,0,0,12.55,0.08816666666666664,0,8134464,55695,401,3383630,0,0,0,0.0
1470,127163,62,pair_002_n5_002_control,control,0,1,0,1.3900000000000015,0.08806333333333333,0,8138432,55736,401,3386134,0,0,0,0.0
1471,127211,48,pair_015_n5_015_control,control,0,1,0,0.880000000000001,0.08798333333333333,0,8141504,55783,401,3388015,0,0,0,0.0
1472,127284,73,pair_008_n3_008_conflict,conflict,1,0,0,12.530000000000001,0.08786166666666664,0,8146176,55815,402,3390857,0,0,0,0.0
1473,127339,55,pair_015_n3_015_control,control,0,1,0,0.8100000000000009,0.08776999999999999,0,8149696,55848,402,3393025,0,0,0,0.0
1474,127394,55,pair_003_n5_003_conflict,conflict,0,1,0,0.9600000000000011,0.08767833333333333,0,8153216,55878,403,3395195,0,0,0,0.0
1475,127477,83,pair_005_n5_005_control,control,1,0,0,12.430000000000001,0.08753999999999998,0,8158528,55931,403,3398532,0,0,0,0.0
1476,127559,82,pair_002_n5_002_conflict,conflict,1,0,0,12.440000000000001,0.08740333333333333,0,8163776,55967,403,3401826,0,0,0,0.0
1477,127639,80,pair_017_n3_017_conflict,conflict,1,0,0,12.46,0.08726999999999999,0,8168896,55986,403,3405053,0,0,0,0.0
1478,127716,77,pair_017_n5_017_conflict,conflict,1,0,0,12.490000000000002,0.08714166666666665,0,8173824,56008,403,3408173,0,0,0,0.0
1479,127801,85,pair_007_n3_007_control,control,1,0,0,12.410000000000002,0.087,0,8179264,56032,403,3411565,0,0,0,0.0
1480,127879,78,pair_012_n3_012_conflict,conflict,1,0,0,12.480000000000002,0.08687,0,8184256,56060,403,3414678,0,0,0,0.0
1481,127970,91,pair_011_n5_011_control,control,1,0,0,12.350000000000001,0.08671833333333331,0,8190080,56087,403,3418221,0,0,0,0.0
1482,128048,78,pair_013_n3_013_control,control,1,0,0,12.48,0.08658833333333332,0,8195072,56106,403,3421262,0,0,0,0.0
1483,128129,81,pair_009_n5_009_control,control,1,0,0,12.450000000000001,0.08645333333333333,0,8200256,56136,403,3424475,0,0,0,0.0
1484,128213,84,pair_002_n3_002_conflict,conflict,1,0,0,12.420000000000002,0.08631333333333333,0,8205632,56159,403,3427808,0,0,0,0.0
1485,128294,81,pair_003_n3_003_control,control,1,0,0,12.450000000000001,0.08617833333333333,0,8210816,56175,403,3431051,0,0,0,0.0
1486,128375,81,pair_009_n3_009_control,control,1,0,0,12.450000000000001,0.08604333333333333,0,8216000,56200,403,3434216,0,0,0,0.0
1487,128454,79,pair_015_n5_015_conflict,conflict,1,0,0,12.470000000000002,0.08591166666666666,0,8221056,56263,403,3437380,0,0,0,0.0
1488,128529,75,pair_001_n5_001_control,control,1,0,0,12.510000000000002,0.08578666666666665,0,8225856,56326,405,3440324,0,0,0,0.0
1489,128600,71,pair_005_n3_005_control,control,1,0,0,12.550000000000002,0.08566833333333332,0,8230400,56367,405,3443014,0,0,0,0.0
1490,128605,5,pair_008_n5_008_conflict,conflict,0,1,0,-0.9400000000000001,0.08565999999999999,0,8230720,56372,406,3443208,0,0,0,0.0
1491,128616,11,pair_009_n5_009_conflict,conflict,0,1,0,-0.9,0.08564166666666664,0,8231424,56383,406,3443653,0,0,0,0.0
1492,128689,73,pair_010_n3_010_conflict,conflict,1,0,0,12.530000000000001,0.08551999999999998,0,8236096,56429,406,3446499,0,0,0,0.0
1493,128767,78,pair_007_n5_007_conflict,conflict,1,0,0,12.48,0.08539,0,8241088,56479,407,3449538,0,0,0,0.0
1494,128844,77,pair_000_n3_000_control,control,1,0,0,12.490000000000002,0.08526166666666665,0,8246016,56515,407,3452554,0,0,0,0.0
1495,128925,81,pair_000_n5_000_control,control,1,0,0,12.450000000000001,0.08512666666666666,0,8251200,56574,408,3455716,0,0,0,0.0
1496,128995,70,pair_016_n5_016_control,control,1,0,0,12.560000000000002,0.08501,0,8255680,56628,408,3458469,0,0,0,0.0
1497,129067,72,pair_005_n3_005_conflict,conflict,1,0,0,12.540000000000001,0.08489,0,8260288,56666,408,3461285,0,0,0,0.0
1498,129205,138,pair_013_n5_013_conflict,conflict,1,0,0,11.88,0.08465999999999999,0,8269120,56799,410,3466643,0,0,0,0.0
1499,129280,75,pair_016_n3_016_conflict,conflict,1,0,0,12.510000000000002,0.084535,0,8273920,56840,410,3469592,0,0,0,0.0
1500,129361,81,pair_010_n3_010_control,control,1,0,0,12.450000000000003,0.08439999999999998,0,8279104,56895,410,3472733,0,0,0,0.0
1501,129436,75,pair_003_n3_003_conflict,conflict,1,0,0,12.510000000000002,0.08427499999999999,0,8283904,56931,410,3475637,0,0,0,0.0
1502,129509,73,pair_001_n3_001_control,control,1,0,0,12.530000000000001,0.08415333333333333,0,8288576,56977,410,3478564,0,0,0,0.0
1503,129585,76,pair_015_n3_015_conflict,conflict,1,0,0,12.500000000000002,0.08402666666666667,0,8293440,57028,410,3481501,0,0,0,0.0
1504,129665,80,pair_012_n5_012_conflict,conflict,1,0,0,12.46,0.08389333333333332,0,8298560,57086,412,3484615,0,0,0,0.0
1505,129749,84,pair_004_n5_004_control,control,1,0,0,12.420000000000002,0.08375333333333332,0,8303936,57150,417,3487902,0,0,0,0.0
1506,129826,77,pair_001_n5_001_conflict,conflict,1,0,0,12.490000000000002,0.08362499999999998,0,8308864,57212,417,3490879,0,0,0,0.0
1507,129901,75,pair_016_n5_016_conflict,conflict,1,0,0,12.510000000000002,0.08349999999999999,0,8313664,57271,417,3493785,0,0,0,0.0
1508,129982,81,pair_007_n3_007_conflict,conflict,1,0,0,12.450000000000003,0.083365,0,8318848,57312,417,3496952,0,0,0,0.0
1509,130057,75,pair_008_n3_008_control,control,1,0,0,12.510000000000002,0.08323999999999998,0,8323648,57342,417,3499928,0,0,0,0.0
1510,130125,68,pair_004_n3_004_conflict,conflict,1,0,0,12.580000000000002,0.08312666666666665,0,8328000,57379,417,3502550,0,0,0,0.0
1511,130204,79,pair_011_n3_011_control,control,1,0,0,12.470000000000002,0.08299499999999999,0,8333056,57410,418,3505647,0,0,0,0.0
1512,130280,76,pair_013_n5_013_control,control,1,0,0,12.500000000000002,0.08286833333333332,0,8337920,57479,420,3508630,0,0,0,0.0
1513,130352,72,pair_004_n5_004_conflict,conflict,1,0,0,12.540000000000003,0.08274833333333331,0,8342528,57531,423,3511450,0,0,0,0.0
1514,130427,75,pair_009_n3_009_control,control,1,0,0,12.510000000000002,0.08262333333333333,0,8347328,57576,423,3514358,0,0,0,0.0
1515,130504,77,pair_006_n5_006_conflict,conflict,1,0,0,12.490000000000002,0.08249499999999999,0,8352256,57636,425,3517420,0,0,0,0.0
1516,130577,73,pair_007_n5_007_control,control,1,0,0,12.530000000000001,0.08237333333333333,0,8356928,57685,426,3520309,0,0,0,0.0
1517,130646,69,pair_002_n5_002_control,control,1,0,0,12.570000000000002,0.08225833333333332,0,8361344,57731,427,3523013,0,0,0,0.0
1518,130718,72,pair_014_n3_014_control,control,1,0,0,12.540000000000003,0.08213833333333331,0,8365952,57776,427,3525928,0,0,0,0.0
1519,130790,72,pair_010_n5_010_conflict,conflict,1,0,0,12.540000000000003,0.08201833333333333,0,8370560,57833,431,3528806,0,0,0,0.0
1520,130858,68,pair_016_n5_016_control,control,1,0,0,12.580000000000002,0.08190499999999998,0,8374912,57887,431,3531513,0,0,0,0.0
1521,130949,91,pair_002_n5_002_conflict,conflict,1,0,0,12.350000000000001,0.08175333333333332,0,8380736,57949,432,3535135,0,0,0,0.0
1522,131017,68,pair_015_n3_015_conflict,conflict,1,0,0,12.580000000000002,0.08163999999999999,0,8385088,57989,432,3537890,0,0,0,0.0
1523,131095,78,pair_017_n5_017_conflict,conflict,1,0,0,12.48,0.08151,0,8390080,58055,433,3541016,0,0,0,0.0
1524,131172,77,pair_015_n3_015_control,control,1,0,0,12.490000000000002,0.08138166666666666,0,8395008,58107,433,3544047,0,0,0,0.0
1525,131242,70,pair_017_n3_017_conflict,conflict,1,0,0,12.560000000000002,0.08126499999999998,0,8399488,58150,433,3546836,0,0,0,0.0
1526,131317,75,pair_004_n3_004_conflict,conflict,1,0,0,12.510000000000002,0.08113999999999999,0,8404288,58193,434,3549900,0,0,0,0.0
1527,131385,68,pair_004_n5_004_control,control,1,0,0,12.580000000000002,0.08102666666666666,0,8408640,58242,434,3552700,0,0,0,0.0
1528,131462,77,pair_007_n3_007_control,control,1,0,0,12.490000000000002,0.08089833333333332,0,8413568,58286,435,3555739,0,0,0,0.0
1529,131536,74,pair_011_n3_011_control,control,1,0,0,12.520000000000001,0.08077499999999999,0,8418304,58314,435,3558695,0,0,0,0.0
1530,131609,73,pair_011_n3_011_conflict,conflict,1,0,0,12.530000000000001,0.08065333333333333,0,8422976,58341,437,3561671,0,0,0,0.0
1531,131682,73,pair_008_n3_008_control,control,1,0,0,12.530000000000001,0.08053166666666667,0,8427648,58375,439,3564560,0,0,0,0.0
1532,131756,74,pair_009_n5_009_conflict,conflict,1,0,0,12.520000000000001,0.08040833333333333,0,8432384,58428,440,3567546,0,0,0,0.0
1533,131829,73,pair_016_n3_016_conflict,conflict,1,0,0,12.530000000000001,0.08028666666666665,0,8437056,58469,440,3570477,0,0,0,0.0
1534,131900,71,pair_012_n3_012_control,control,1,0,0,12.55,0.08016833333333331,0,8441600,58501,441,3573287,0,0,0,0.0
1535,131976,76,pair_014_n5_014_control,control,1,0,0,12.500000000000002,0.08004166666666665,0,8446464,58555,441,3576351,0,0,0,0.0
1536,132058,82,pair_001_n3_001_conflict,conflict,1,0,0,12.440000000000001,0.07990499999999998,0,8451712,58607,442,3579584,0,0,0,0.0
1537,132136,78,pair_000_n5_000_conflict,conflict,1,0,0,12.480000000000002,0.07977499999999998,0,8456704,58665,445,3582647,0,0,0,0.0
1538,132210,74,pair_002_n3_002_conflict,conflict,1,0,0,12.520000000000001,0.07965166666666665,0,8461440,58702,446,3585619,0,0,0,0.0
1539,132280,70,pair_002_n3_002_control,control,1,0,0,12.560000000000002,0.079535,0,8465920,58736,446,3588426,0,0,0,0.0
1540,132349,69,pair_000_n5_000_control,control,1,0,0,12.570000000000002,0.07941999999999999,0,8470336,58784,447,3591136,0,0,0,0.0
1541,132426,77,pair_003_n3_003_control,control,1,0,0,12.490000000000002,0.07929166666666665,0,8475264,58820,447,3594136,0,0,0,0.0
1542,132506,80,pair_001_n5_001_control,control,1,0,0,12.46,0.07915833333333333,0,8480384,58890,448,3597307,0,0,0,0.0
1543,132581,75,pair_000_n3_000_control,control,1,0,0,12.510000000000002,0.07903333333333332,0,8485184,58934,448,3600279,0,0,0,0.0
1544,132646,65,pair_011_n5_011_conflict,conflict,0,1,0,1.2600000000000016,0.078925,0,8489344,58972,448,3602853,0,0,0,0.0
1545,132720,74,pair_005_n3_005_control,control,1,0,0,12.520000000000001,0.07880166666666666,0,8494080,59014,448,3605693,0,0,0,0.0
1546,132794,74,pair_015_n5_015_conflict,conflict,1,0,0,12.520000000000001,0.07867833333333332,0,8498816,59078,449,3608546,0,0,0,0.0
1547,132861,67,pair_003_n5_003_conflict,conflict,1,0,0,12.590000000000002,0.07856666666666665,0,8503104,59126,449,3611170,0,0,0,0.0
1548,132944,83,pair_007_n3_007_conflict,conflict,1,0,0,12.430000000000001,0.07842833333333332,0,8508416,59165,449,3614468,0,0,0,0.0
1549,133028,84,pair_008_n5_008_conflict,conflict,1,0,0,12.420000000000002,0.07828833333333332,0,8513792,59216,449,3617760,0,0,0,0.0
1550,133109,81,pair_017_n5_017_control,control,1,0,0,12.450000000000001,0.07815333333333332,0,8518976,59287,449,3620923,0,0,0,0.0
1551,133169,60,pair_003_n5_003_control,control,0,1,0,1.0100000000000011,0.07805333333333334,0,8522816,59312,449,3623279,0,0,0,0.0
1552,133242,73,pair_001_n5_001_conflict,conflict,1,0,0,12.530000000000001,0.07793166666666665,0,8527488,59344,449,3626113,0,0,0,0.0
1553,133312,70,pair_010_n3_010_control,control,1,0,0,12.560000000000002,0.077815,0,8531968,59371,449,3628897,0,0,0,0.0
1554,133318,6,pair_007_n5_007_conflict,conflict,0,1,0,-0.8,0.07780499999999999,0,8532352,59377,449,3629144,0,0,0,0.0
1555,133391,73,pair_016_n5_016_conflict,conflict,1,0,0,12.530000000000001,0.07768333333333333,0,8537024,59436,449,3632060,0,0,0,0.0
1556,133459,68,pair_014_n3_014_conflict,conflict,1,0,0,12.580000000000002,0.07757,0,8541376,59476,450,3634711,0,0,0,0.0
1557,133542,83,pair_004_n3_004_control,control,1,0,0,12.430000000000001,0.07743166666666665,0,8546688,59519,450,3638007,0,0,0,0.0
1558,133621,79,pair_005_n5_005_conflict,conflict,1,0,0,12.470000000000002,0.07729999999999998,0,8551744,59567,450,3641097,0,0,0,0.0
1559,133695,74,pair_013_n3_013_control,control,1,0,0,12.520000000000001,0.07717666666666664,0,8556480,59617,451,3644062,0,0,0,0.0
1560,133779,84,pair_016_n3_016_control,control,1,0,0,12.420000000000002,0.07703666666666664,0,8561856,59658,451,3647343,0,0,0,0.0
1561,133857,78,pair_015_n5_015_control,control,1,0,0,12.48,0.07690666666666665,0,8566848,59730,451,3650346,0,0,0,0.0
1562,133937,80,pair_012_n5_012_conflict,conflict,1,0,0,12.46,0.07677333333333333,0,8571968,59782,452,3653388,0,0,0,0.0
1563,134009,72,pair_017_n3_017_control,control,1,0,0,12.540000000000001,0.07665333333333332,0,8576576,59825,452,3656205,0,0,0,0.0
1564,134084,75,pair_009_n3_009_conflict,conflict,1,0,0,12.510000000000002,0.07652833333333331,0,8581376,59873,452,3659112,0,0,0,0.0
1565,134154,70,pair_011_n5_011_control,control,1,0,0,12.560000000000002,0.07641166666666666,0,8585856,59916,453,3661806,0,0,0,0.0
1566,134235,81,pair_005_n3_005_conflict,conflict,1,0,0,12.450000000000003,0.07627666666666666,0,8591040,59952,453,3664975,0,0,0,0.0
1567,134313,78,pair_006_n3_006_control,control,1,0,0,12.48,0.07614666666666667,0,8596032,59969,453,3667950,0,0,0,0.0
1568,134389,76,pair_000_n3_000_conflict,conflict,1,0,0,12.500000000000002,0.07601999999999998,0,8600896,59995,453,3670865,0,0,0,0.0
1569,134468,79,pair_001_n3_001_control,control,1,0,0,12.470000000000002,0.07588833333333334,0,8605952,60008,453,3673834,0,0,0,0.0
1570,134555,87,pair_009_n5_009_control,control,1,0,0,12.39,0.07574333333333333,0,8611520,60038,453,3677118,0,0,0,0.0
1571,134632,77,pair_010_n5_010_control,control,1,0,0,12.490000000000002,0.07561499999999999,0,8616448,60049,453,3680032,0,0,0,0.0
1572,134706,74,pair_006_n3_006_conflict,conflict,1,0,0,12.520000000000001,0.07549166666666665,0,8621184,60065,453,3682839,0,0,0,0.0
1573,134778,72,pair_008_n3_008_conflict,conflict,1,0,0,12.540000000000001,0.07537166666666664,0,8625792,60076,453,3685478,0,0,0,0.0
1574,134852,74,pair_005_n5_005_control,control,1,0,0,12.520000000000001,0.07524833333333333,0,8630528,60103,453,3688159,0,0,0,0.0
1575,134930,78,pair_010_n3_010_conflict,conflict,1,0,0,12.48,0.07511833333333331,0,8635520,60115,453,3691057,0,0,0,0.0
1576,135007,77,pair_008_n5_008_control,control,1,0,0,12.490000000000002,0.07499,0,8640448,60136,453,3693870,0,0,0,0.0
1577,135085,78,pair_012_n5_012_control,control,1,0,0,12.480000000000002,0.07485999999999998,0,8645440,60164,453,3696753,0,0,0,0.0
1578,135161,76,pair_012_n3_012_conflict,conflict,1,0,0,12.500000000000002,0.07473333333333332,0,8650304,60192,453,3699546,0,0,0,0.0
1579,135243,82,pair_003_n3_003_conflict,conflict,1,0,0,12.440000000000001,0.07459666666666664,0,8655552,60211,453,3702441,0,0,0,0.0
1580,135317,74,pair_013_n5_013_conflict,conflict,1,0,0,12.520000000000001,0.07447333333333334,0,8660288,60229,453,3705098,0,0,0,0.0
1581,135393,76,pair_006_n5_006_control,control,1,0,0,12.500000000000002,0.07434666666666664,0,8665152,60254,453,3707777,0,0,0,0.0
1582,135399,6,pair_013_n3_013_conflict,conflict,0,1,0,-0.8,0.07433666666666666,0,8665536,60260,453,3707988,0,0,0,0.0
1583,135475,76,pair_014_n5_014_conflict,conflict,1,0,0,12.500000000000002,0.07421,0,8670400,60283,453,3710693,0,0,0,0.0
1584,135555,80,pair_001_n5_001_conflict,conflict,1,0,0,12.46,0.07407666666666665,0,8675520,60296,453,3713531,0,0,0,0.0
1585,135635,80,pair_009_n3_009_conflict,conflict,1,0,0,12.46,0.07394333333333333,0,8680640,60319,453,3716306,0,0,0,0.0
1586,135711,76,pair_017_n5_017_control,control,1,0,0,12.500000000000002,0.07381666666666667,0,8685504,60339,453,3718950,0,0,0,0.0
1587,135793,82,pair_005_n3_005_control,control,1,0,0,12.440000000000001,0.07368,0,8690752,60372,453,3721766,0,0,0,0.0
1588,135871,78,pair_003_n3_003_control,control,1,0,0,12.48,0.07354999999999998,0,8695744,60393,453,3724449,0,0,0,0.0
1589,135947,76,pair_014_n5_014_conflict,conflict,1,0,0,12.500000000000002,0.07342333333333331,0,8700608,60411,453,3727009,0,0,0,0.0
1590,136024,77,pair_006_n5_006_control,control,1,0,0,12.490000000000002,0.073295,0,8705536,60437,453,3729558,0,0,0,0.0
1591,136096,72,pair_017_n3_017_control,control,1,0,0,12.540000000000001,0.07317499999999999,0,8710144,60454,453,3732040,0,0,0,0.0
1592,136171,75,pair_007_n5_007_control,control,1,0,0,12.510000000000002,0.07304999999999998,0,8714944,60498,453,3734555,0,0,0,0.0
1593,136241,70,pair_008_n3_008_conflict,conflict,1,0,0,12.560000000000002,0.07293333333333332,0,8719424,60526,453,3736833,0,0,0,0.0
1594,136315,74,pair_004_n3_004_conflict,conflict,1,0,0,12.520000000000001,0.07280999999999999,0,8724160,60559,453,3739311,0,0,0,0.0
1595,136396,81,pair_005_n5_005_control,control,1,0,0,12.450000000000003,0.07267499999999999,0,8729344,60610,453,3742097,0,0,0,0.0
1596,136467,71,pair_011_n3_011_control,control,1,0,0,12.55,0.07255666666666666,0,8733888,60631,453,3744529,0,0,0,0.0
1597,136537,70,pair_003_n5_003_conflict,conflict,1,0,0,12.560000000000002,0.07243999999999998,0,8738368,60677,455,3746932,0,0,0,0.0
1598,136620,83,pair_004_n5_004_control,control,1,0,0,12.430000000000001,0.07230166666666665,0,8743680,60733,455,3749712,0,0,0,0.0
1599,136698,78,pair_011_n5_011_conflict,conflict,1,0,0,12.480000000000002,0.07217166666666666,0,8748672,60777,458,3752485,0,0,0,0.0
1600,136771,73,pair_006_n3_006_conflict,conflict,1,0,0,12.530000000000001,0.07204999999999998,0,8753344,60809,458,3754993,0,0,0,0.0
1601,136839,68,pair_000_n5_000_control,control,1,0,0,12.580000000000002,0.07193666666666665,0,8757696,60856,460,3757325,0,0,0,0.0
1602,136914,75,pair_009_n5_009_control,control,1,0,0,12.510000000000002,0.07181166666666666,0,8762496,60913,460,3759919,0,0,0,0.0
1603,136986,72,pair_017_n5_017_conflict,conflict,1,0,0,12.540000000000001,0.07169166666666665,0,8767104,60973,462,3762421,0,0,0,0.0
1604,137063,77,pair_013_n3_013_control,control,1,0,0,12.490000000000002,0.07156333333333331,0,8772032,61023,463,3765122,0,0,0,0.0
1605,137140,77,pair_013_n3_013_conflict,conflict,1,0,0,12.490000000000002,0.071435,0,8776960,61075,464,3767871,0,0,0,0.0
1606,137207,67,pair_014_n5_014_control,control,1,0,0,12.590000000000002,0.07132333333333332,0,8781248,61129,465,3770273,0,0,0,0.0
1607,137282,75,pair_006_n5_006_conflict,conflict,1,0,0,12.510000000000002,0.07119833333333334,0,8786048,61181,466,3772936,0,0,0,0.0
1608,137357,75,pair_011_n3_011_conflict,conflict,1,0,0,12.510000000000002,0.07107333333333332,0,8790848,61208,467,3775610,0,0,0,0.0
1609,137430,73,pair_015_n5_015_control,control,1,0,0,12.530000000000001,0.07095166666666666,0,8795520,61264,467,3778194,0,0,0,0.0
1610,137506,76,pair_016_n3_016_control,control,1,0,0,12.500000000000002,0.070825,0,8800384,61306,467,3780918,0,0,0,0.0
1611,137587,81,pair_007_n3_007_control,control,1,0,0,12.450000000000001,0.07068999999999998,0,8805568,61353,470,3783750,0,0,0,0.0
1612,137661,74,pair_012_n3_012_control,control,1,0,0,12.520000000000001,0.07056666666666667,0,8810304,61388,470,3786305,0,0,0,0.0
1613,137731,70,pair_005_n5_005_conflict,conflict,1,0,0,12.560000000000002,0.07044999999999998,0,8814784,61440,471,3788786,0,0,0,0.0
1614,137805,74,pair_009_n5_009_conflict,conflict,1,0,0,12.520000000000001,0.07032666666666665,0,8819520,61493,472,3791435,0,0,0,0.0
1615,137873,68,pair_004_n3_004_control,control,1,0,0,12.580000000000002,0.07021333333333332,0,8823872,61527,472,3793809,0,0,0,0.0
1616,137944,71,pair_007_n5_007_conflict,conflict,1,0,0,12.55,0.07009499999999999,0,8828416,61569,473,3796276,0,0,0,0.0
1617,138018,74,pair_016_n5_016_control,control,1,0,0,12.520000000000001,0.06997166666666665,0,8833152,61627,473,3798867,0,0,0,0.0
1618,138072,54,pair_010_n5_010_conflict,conflict,0,1,0,1.020000000000001,0.06988166666666665,0,8836608,61656,473,3800732,0,0,0,0.0
1619,138139,67,pair_001_n3_001_control,control,1,0,0,12.590000000000002,0.06977,0,8840896,61699,473,3803078,0,0,0,0.0
1620,138208,69,pair_001_n3_001_conflict,conflict,1,0,0,12.570000000000002,0.069655,0,8845312,61745,473,3805498,0,0,0,0.0
1621,138280,72,pair_000_n3_000_conflict,conflict,1,0,0,12.540000000000001,0.06953499999999999,0,8849920,61778,474,3808074,0,0,0,0.0
1622,138350,70,pair_007_n3_007_conflict,conflict,1,0,0,12.560000000000002,0.06941833333333333,0,8854400,61813,475,3810532,0,0,0,0.0
1623,138429,79,pair_012_n3_012_conflict,conflict,1,0,0,12.470000000000002,0.06928666666666666,0,8859456,61845,475,3813286,0,0,0,0.0
1624,138505,76,pair_017_n3_017_conflict,conflict,1,0,0,12.500000000000002,0.06916,0,8864320,61885,475,3815882,0,0,0,0.0
1625,138576,71,pair_016_n3_016_conflict,conflict,1,0,0,12.55,0.06904166666666667,0,8868864,61925,475,3818319,0,0,0,0.0
1626,138647,71,pair_005_n3_005_conflict,conflict,1,0,0,12.55,0.06892333333333331,0,8873408,61963,476,3820805,0,0,0,0.0
1627,138719,72,pair_003_n3_003_conflict,conflict,1,0,0,12.540000000000001,0.06880333333333333,0,8878016,61997,477,3823262,0,0,0,0.0
1628,138789,70,pair_012_n5_012_conflict,conflict,1,0,0,12.560000000000002,0.06868666666666665,0,8882496,62048,478,3825710,0,0,0,0.0
1629,138858,69,pair_009_n3_009_control,control,1,0,0,12.570000000000002,0.06857166666666664,0,8886912,62089,478,3828086,0,0,0,0.0
1630,138931,73,pair_010_n3_010_control,control,1,0,0,12.530000000000001,0.06844999999999998,0,8891584,62133,479,3830636,0,0,0,0.0
1631,139000,69,pair_004_n5_004_conflict,conflict,1,0,0,12.570000000000002,0.06833499999999998,0,8896000,62180,480,3832975,0,0,0,0.0
1632,139073,73,pair_014_n3_014_conflict,conflict,1,0,0,12.530000000000001,0.06821333333333332,0,8900672,62224,481,3835491,0,0,0,0.0
1633,139154,81,pair_015_n5_015_conflict,conflict,1,0,0,12.450000000000001,0.06807833333333332,0,8905856,62297,482,3838251,0,0,0,0.0
1634,139156,2,pair_015_n3_015_conflict,conflict,0,1,0,-0.96,0.068075,0,8905984,62299,482,3838323,0,0,0,0.0
1635,139227,71,pair_001_n5_001_control,control,1,0,0,12.55,0.06795666666666667,0,8910528,62355,483,3840790,0,0,0,0.0
1636,139310,83,pair_002_n3_002_conflict,conflict,1,0,0,12.430000000000001,0.06781833333333331,0,8915840,62399,485,3843695,0,0,0,0.0
1637,139379,69,pair_002_n5_002_conflict,conflict,1,0,0,12.570000000000002,0.06770333333333331,0,8920256,62445,488,3846089,0,0,0,0.0
1638,139445,66,pair_006_n3_006_control,control,1,0,0,12.600000000000001,0.06759333333333331,0,8924480,62481,488,3848387,0,0,0,0.0
1639,139512,67,pair_015_n3_015_control,control,1,0,0,12.590000000000002,0.06748166666666666,0,8928768,62526,488,3850684,0,0,0,0.0
1640,139587,75,pair_008_n5_008_conflict,conflict,1,0,0,12.510000000000002,0.06735666666666665,0,8933568,62579,490,3853249,0,0,0,0.0
1641,139655,68,pair_000_n3_000_control,control,0,1,0,1.5300000000000016,0.06724333333333332,0,8937920,62609,490,3855548,0,0,0,0.0
1642,139725,70,pair_010_n5_010_control,control,1,0,0,12.560000000000002,0.06712666666666667,0,8942400,62654,492,3857949,0,0,0,0.0
1643,139800,75,pair_003_n5_003_control,control,1,0,0,12.510000000000002,0.06700166666666665,0,8947200,62694,492,3860509,0,0,0,0.0
1644,139877,77,pair_012_n5_012_control,control,1,0,0,12.490000000000002,0.06687333333333331,0,8952128,62747,492,3863127,0,0,0,0.0
1645,139947,70,pair_011_n5_011_control,control,1,0,0,12.560000000000002,0.06675666666666666,0,8956608,62790,493,3865537,0,0,0,0.0
1646,140016,69,pair_002_n5_002_control,control,1,0,0,12.570000000000002,0.06664166666666665,0,8961024,62836,495,3867898,0,0,0,0.0
1647,140088,72,pair_016_n5_016_conflict,conflict,1,0,0,12.540000000000001,0.06652166666666665,0,8965632,62894,496,3870294,0,0,0,0.0
1648,140155,67,pair_010_n3_010_conflict,conflict,1,0,0,12.590000000000002,0.06641,0,8969920,62934,496,3872573,0,0,0,0.0
1649,140228,73,pair_014_n3_014_control,control,1,0,0,12.530000000000001,0.06628833333333331,0,8974592,62974,496,3875038,0,0,0,0.0
1650,140302,74,pair_008_n5_008_control,control,0,1,0,1.4200000000000013,0.066165,0,8979328,63027,499,3877545,0,0,0,0.0
1651,140370,68,pair_002_n3_002_control,control,0,1,0,1.4800000000000013,0.06605166666666665,0,8983680,63060,499,3879850,0,0,0,0.0
1652,140439,69,pair_000_n5_000_conflict,conflict,1,0,0,12.570000000000002,0.06593666666666664,0,8988096,63106,500,3882231,0,0,0,0.0
1653,140511,72,pair_013_n5_013_conflict,conflict,1,0,0,12.540000000000001,0.06581666666666666,0,8992704,63172,502,3884641,0,0,0,0.0
1654,140515,4,pair_013_n5_013_control,control,0,1,0,-0.88,0.06580999999999998,0,8992960,63176,502,3884783,0,0,0,0.0
1655,140583,68,pair_008_n3_008_control,control,1,0,0,12.580000000000002,0.06569666666666665,0,8997312,63203,503,3887143,0,0,0,0.0
1656,140657,74,pair_000_n5_000_conflict,conflict,1,0,0,12.520000000000001,0.06557333333333332,0,9002048,63250,505,3889755,0,0,0,0.0
1657,140730,73,pair_010_n3_010_control,control,1,0,0,12.530000000000001,0.06545166666666666,0,9006720,63279,505,3892262,0,0,0,0.0
1658,140797,67,pair_017_n3_017_control,control,1,0,0,12.590000000000002,0.06533999999999998,0,9011008,63319,505,3894531,0,0,0,0.0
1659,140868,71,pair_013_n3_013_control,control,1,0,0,12.55,0.06522166666666665,0,9015552,63367,506,3897047,0,0,0,0.0
1660,140941,73,pair_016_n3_016_control,control,1,0,0,12.530000000000001,0.06509999999999999,0,9020224,63404,506,3899586,0,0,0,0.0
1661,141007,66,pair_006_n3_006_control,control,1,0,0,12.600000000000001,0.06498999999999999,0,9024448,63436,506,3901909,0,0,0,0.0
1662,141073,66,pair_007_n3_007_control,control,1,0,0,12.600000000000001,0.06488,0,9028672,63467,506,3904128,0,0,0,0.0
1663,141147,74,pair_016_n5_016_conflict,conflict,1,0,0,12.520000000000001,0.06475666666666666,0,9033408,63524,508,3906661,0,0,0,0.0
1664,141215,68,pair_011_n5_011_control,control,1,0,0,12.580000000000002,0.06464333333333333,0,9037760,63565,510,3908933,0,0,0,0.0
1665,141283,68,pair_004_n3_004_conflict,conflict,1,0,0,12.580000000000002,0.06452999999999998,0,9042112,63594,511,3911286,0,0,0,0.0
1666,141354,71,pair_004_n3_004_control,control,1,0,0,12.55,0.06441166666666664,0,9046656,63627,511,3913673,0,0,0,0.0
1667,141424,70,pair_000_n5_000_control,control,1,0,0,12.560000000000002,0.06429499999999999,0,9051136,63671,513,3916058,0,0,0,0.0
1668,141494,70,pair_012_n5_012_control,control,1,0,0,12.560000000000002,0.06417833333333331,0,9055616,63720,513,3918411,0,0,0,0.0
1669,141564,70,pair_004_n5_004_conflict,conflict,1,0,0,12.560000000000002,0.06406166666666666,0,9060096,63763,515,3920772,0,0,0,0.0
1670,141633,69,pair_003_n5_003_control,control,1,0,0,12.570000000000002,0.06394666666666665,0,9064512,63801,517,3923104,0,0,0,0.0
1671,141709,76,pair_008_n3_008_control,control,1,0,0,12.500000000000002,0.06381999999999999,0,9069376,63815,517,3925718,0,0,0,0.0
1672,141779,70,pair_017_n3_017_conflict,conflict,1,0,0,12.560000000000002,0.06370333333333333,0,9073856,63859,518,3928102,0,0,0,0.0
1673,141853,74,pair_002_n5_002_conflict,conflict,0,1,0,1.5200000000000014,0.06358,0,9078592,63910,521,3930641,0,0,0,0.0
1674,141924,71,pair_000_n3_000_conflict,conflict,1,0,0,12.55,0.06346166666666667,0,9083136,63947,522,3933043,0,0,0,0.0
1675,142008,84,pair_012_n5_012_conflict,conflict,1,0,0,12.420000000000002,0.06332166666666666,0,9088512,64003,525,3935900,0,0,0,0.0
1676,142077,69,pair_008_n5_008_conflict,conflict,1,0,0,12.570000000000002,0.06320666666666666,0,9092928,64047,526,3938251,0,0,0,0.0
1677,142158,81,pair_003_n3_003_control,control,1,0,0,12.450000000000001,0.06307166666666666,0,9098112,64071,526,3940988,0,0,0,0.0
1678,142233,75,pair_000_n3_000_control,control,0,1,0,1.4600000000000013,0.06294666666666665,0,9102912,64086,526,3943540,0,0,0,0.0
1679,142299,66,pair_015_n3_015_conflict,conflict,1,0,0,12.600000000000001,0.06283666666666665,0,9107136,64126,526,3945742,0,0,0,0.0
1680,142360,61,pair_004_n5_004_control,control,0,1,0,1.2500000000000013,0.06273499999999999,0,9111040,64164,528,3947809,0,0,0,0.0
1681,142430,70,pair_015_n3_015_control,control,1,0,0,12.560000000000002,0.06261833333333333,0,9115520,64211,528,3950201,0,0,0,0.0
1682,142503,73,pair_002_n3_002_conflict,conflict,1,0,0,12.530000000000001,0.062496666666666645,0,9120192,64246,529,3952684,0,0,0,0.0
1683,142573,70,pair_011_n5_011_conflict,conflict,1,0,0,12.560000000000002,0.06237999999999999,0,9124672,64289,530,3955054,0,0,0,0.0
1684,142645,72,pair_007_n3_007_conflict,conflict,1,0,0,12.540000000000001,0.06225999999999998,0,9129280,64322,530,3957484,0,0,0,0.0
1685,142647,2,pair_017_n5_017_conflict,conflict,0,1,0,-0.96,0.062256666666666655,0,9129408,64324,530,3957554,0,0,0,0.0
1686,142722,75,pair_002_n5_002_control,control,1,0,0,12.510000000000002,0.06213166666666667,0,9134208,64366,530,3960063,0,0,0,0.0
1687,142790,68,pair_015_n5_015_control,control,1,0,0,12.580000000000002,0.062018333333333314,0,9138560,64413,530,3962406,0,0,0,0.0
1688,142868,78,pair_014_n3_014_control,control,1,0,0,12.48,0.06188833333333332,0,9143552,64456,530,3964999,0,0,0,0.0
1689,142936,68,pair_010_n3_010_conflict,conflict,1,0,0,12.580000000000002,0.061775,0,9147904,64498,530,3967273,0,0,0,0.0
1690,143008,72,pair_014_n5_014_control,control,1,0,0,12.540000000000003,0.06165499999999999,0,9152512,64555,530,3969682,0,0,0,0.0
1691,143079,71,pair_009_n5_009_control,control,1,0,0,12.55,0.061536666666666656,0,9157056,64604,531,3972104,0,0,0,0.0
1692,143155,76,pair_013_n5_013_conflict,conflict,1,0,0,12.500000000000002,0.06140999999999999,0,9161920,64672,532,3974694,0,0,0,0.0
1693,143235,80,pair_003_n5_003_conflict,conflict,1,0,0,12.46,0.061276666666666646,0,9167040,64720,532,3977444,0,0,0,0.0
1694,143318,83,pair_011_n3_011_conflict,conflict,1,0,0,12.430000000000001,0.06113833333333332,0,9172352,64749,532,3980297,0,0,0,0.0
1695,143385,67,pair_012_n3_012_conflict,conflict,1,0,0,12.590000000000002,0.061026666666666646,0,9176640,64779,532,3982612,0,0,0,0.0
1696,143451,66,pair_007_n5_007_conflict,conflict,1,0,0,12.600000000000001,0.06091666666666665,0,9180864,64819,532,3984934,0,0,0,0.0
1697,143522,71,pair_005_n5_005_conflict,conflict,1,0,0,12.55,0.060798333333333315,0,9185408,64867,533,3987460,0,0,0,0.0
1698,143585,63,pair_008_n5_008_control,control,0,1,0,1.4300000000000015,0.06069333333333332,0,9189440,64908,533,3989740,0,0,0,0.0
1699,143655,70,pair_001_n5_001_control,control,1,0,0,12.560000000000002,0.06057666666666667,0,9193920,64952,535,3992210,0,0,0,0.0
1700,143718,63,pair_001_n3_001_control,control,0,1,0,1.3800000000000012,0.060471666666666646,0,9197952,64976,536,3994500,0,0,0,0.0
1701,143791,73,pair_016_n3_016_conflict,conflict,1,0,0,12.530000000000001,0.06034999999999999,0,9202624,65010,537,3997056,0,0,0,0.0
1702,143862,71,pair_005_n3_005_control,control,1,0,0,12.55,0.060231666666666656,0,9207168,65049,538,3999573,0,0,0,0.0
1703,143928,66,pair_008_n3_008_conflict,conflict,1,0,0,12.600000000000001,0.06012166666666666,0,9211392,65075,538,4001945,0,0,0,0.0
1704,143998,70,pair_005_n5_005_control,control,1,0,0,12.560000000000002,0.060004999999999975,0,9215872,65128,540,4004485,0,0,0,0.0
1705,144066,68,pair_014_n3_014_conflict,conflict,1,0,0,12.580000000000002,0.05989166666666665,0,9220224,65170,541,4006939,0,0,0,0.0
1706,144135,69,pair_001_n5_001_conflict,conflict,1,0,0,12.570000000000002,0.059776666666666645,0,9224640,65223,542,4009468,0,0,0,0.0
1707,144210,75,pair_001_n3_001_conflict,conflict,1,0,0,12.510000000000002,0.05965166666666666,0,9229440,65256,543,4012147,0,0,0,0.0
1708,144277,67,pair_007_n5_007_control,control,1,0,0,12.590000000000002,0.05953999999999998,0,9233728,65295,544,4014601,0,0,0,0.0
1709,144349,72,pair_006_n5_006_control,control,1,0,0,12.540000000000001,0.05942,0,9238336,65347,544,4017274,0,0,0,0.0
1710,144417,68,pair_009_n5_009_conflict,conflict,1,0,0,12.580000000000002,0.059306666666666646,0,9242688,65395,546,4019842,0,0,0,0.0
1711,144497,80,pair_015_n5_015_conflict,conflict,1,0,0,12.46,0.05917333333333333,0,9247808,65457,547,4022832,0,0,0,0.0
1712,144574,77,pair_009_n3_009_control,control,1,0,0,12.490000000000002,0.059044999999999986,0,9252736,65478,547,4025710,0,0,0,0.0
1713,144652,78,pair_013_n3_013_conflict,conflict,1,0,0,12.48,0.058914999999999995,0,9257728,65495,547,4028667,0,0,0,0.0
1714,144733,81,pair_016_n5_016_control,control,1,0,0,12.450000000000001,0.05878,0,9262912,65524,547,4031703,0,0,0,0.0
1715,144809,76,pair_010_n5_010_control,control,1,0,0,12.500000000000002,0.058653333333333335,0,9267776,65534,547,4034566,0,0,0,0.0
1716,144884,75,pair_017_n5_017_control,control,1,0,0,12.510000000000002,0.05852833333333332,0,9272576,65551,547,4037370,0,0,0,0.0
1717,144962,78,pair_011_n3_011_control,control,1,0,0,12.48,0.05839833333333333,0,9277568,65576,547,4040237,0,0,0,0.0
1718,145043,81,pair_003_n3_003_conflict,conflict,1,0,0,12.450000000000001,0.058263333333333334,0,9282752,65589,547,4043240,0,0,0,0.0
1719,145116,73,pair_002_n3_002_control,control,1,0,0,12.530000000000001,0.05814166666666665,0,9287424,65610,547,4045929,0,0,0,0.0
1720,145193,77,pair_013_n5_013_control,control,1,0,0,12.490000000000002,0.05801333333333333,0,9292352,65628,547,4048768,0,0,0,0.0
1721,145195,2,pair_009_n3_009_conflict,conflict,0,1,0,-0.96,0.05800999999999998,0,9292480,65630,547,4048833,0,0,0,0.0
1722,145271,76,pair_014_n5_014_conflict,conflict,1,0,0,12.500000000000002,0.057883333333333314,0,9297344,65663,548,4051594,0,0,0,0.0
1723,145349,78,pair_005_n3_005_conflict,conflict,1,0,0,12.48,0.05775333333333332,0,9302336,65690,548,4054430,0,0,0,0.0
1724,145425,76,pair_006_n3_006_conflict,conflict,1,0,0,12.500000000000002,0.05762666666666666,0,9307200,65707,548,4057164,0,0,0,0.0
1725,145499,74,pair_010_n5_010_conflict,conflict,1,0,0,12.520000000000001,0.05750333333333332,0,9311936,65763,550,4059849,0,0,0,0.0
1726,145580,81,pair_006_n5_006_conflict,conflict,1,0,0,12.450000000000001,0.05736833333333333,0,9317120,65792,550,4062768,0,0,0,0.0
1727,145653,73,pair_012_n3_012_control,control,1,0,0,12.530000000000001,0.05724666666666667,0,9321792,65828,551,4065398,0,0,0,0.0
1728,145719,66,pair_010_n3_010_conflict,conflict,1,0,0,12.600000000000001,0.05713666666666667,0,9326016,65868,551,4067714,0,0,0,0.0
1729,145805,86,pair_007_n5_007_conflict,conflict,1,0,0,12.400000000000002,0.05699333333333331,0,9331520,65920,551,4070832,0,0,0,0.0
1730,145880,75,pair_001_n5_001_conflict,conflict,1,0,0,12.510000000000002,0.056868333333333326,0,9336320,65968,553,4073467,0,0,0,0.0
1731,145948,68,pair_005_n3_005_conflict,conflict,1,0,0,12.580000000000002,0.056755,0,9340672,66005,554,4075896,0,0,0,0.0
1732,146018,70,pair_017_n3_017_conflict,conflict,1,0,0,12.560000000000002,0.05663833333333332,0,9345152,66046,554,4078342,0,0,0,0.0
1733,146088,70,pair_012_n3_012_control,control,1,0,0,12.560000000000002,0.056521666666666665,0,9349632,66078,554,4080869,0,0,0,0.0
1734,146159,71,pair_016_n3_016_control,control,1,0,0,12.55,0.05640333333333333,0,9354176,66115,554,4083417,0,0,0,0.0
1735,146228,69,pair_000_n5_000_conflict,conflict,1,0,0,12.570000000000002,0.05628833333333333,0,9358592,66164,556,4085792,0,0,0,0.0
1736,146297,69,pair_015_n3_015_conflict,conflict,1,0,0,12.570000000000002,0.056173333333333325,0,9363008,66209,556,4088267,0,0,0,0.0
1737,146301,4,pair_014_n3_014_conflict,conflict,0,1,0,-0.88,0.05616666666666664,0,9363264,66213,556,4088403,0,0,0,0.0
1738,146307,6,pair_011_n5_011_conflict,conflict,0,1,0,-0.85,0.05615666666666666,0,9363648,66219,556,4088615,0,0,0,0.0
1739,146373,66,pair_003_n3_003_control,control,1,0,0,12.600000000000001,0.05604666666666666,0,9367872,66252,556,4090958,0,0,0,0.0
1740,146443,70,pair_010_n5_010_control,control,1,0,0,12.560000000000002,0.05592999999999998,0,9372352,66311,558,4093448,0,0,0,0.0
1741,146518,75,pair_011_n3_011_conflict,conflict,1,0,0,12.510000000000002,0.055804999999999993,0,9377152,66336,559,4096065,0,0,0,0.0
1742,146542,24,pair_017_n5_017_control,control,0,1,0,-0.12999999999999978,0.05576499999999998,0,9378688,66360,559,4096917,0,0,0,0.0
1743,146623,81,pair_005_n5_005_control,control,1,0,0,12.450000000000001,0.055629999999999985,0,9383872,66405,560,4099823,0,0,0,0.0
1744,146693,70,pair_002_n3_002_conflict,conflict,1,0,0,12.560000000000002,0.05551333333333333,0,9388352,66441,561,4102326,0,0,0,0.0
1745,146767,74,pair_004_n3_004_control,control,1,0,0,12.520000000000001,0.055389999999999995,0,9393088,66480,561,4104906,0,0,0,0.0
1746,146837,70,pair_000_n3_000_conflict,conflict,1,0,0,12.560000000000002,0.05527333333333331,0,9397568,66517,561,4107378,0,0,0,0.0
1747,146909,72,pair_015_n3_015_control,control,1,0,0,12.540000000000001,0.05515333333333333,0,9402176,66561,561,4109911,0,0,0,0.0
1748,146975,66,pair_008_n3_008_conflict,conflict,1,0,0,12.600000000000001,0.05504333333333333,0,9406400,66587,561,4112235,0,0,0,0.0
1749,147045,70,pair_001_n3_001_conflict,conflict,1,0,0,12.560000000000002,0.05492666666666665,0,9410880,66633,562,4114741,0,0,0,0.0
1750,147120,75,pair_009_n3_009_conflict,conflict,1,0,0,12.510000000000002,0.054801666666666665,0,9415680,66672,562,4117444,0,0,0,0.0
1751,147189,69,pair_011_n5_011_control,control,1,0,0,12.570000000000002,0.05468666666666666,0,9420096,66716,563,4119888,0,0,0,0.0
1752,147263,74,pair_003_n3_003_conflict,conflict,1,0,0,12.520000000000001,0.054563333333333325,0,9424832,66752,563,4122498,0,0,0,0.0
1753,147333,70,pair_012_n5_012_conflict,conflict,1,0,0,12.560000000000002,0.05444666666666664,0,9429312,66798,564,4124932,0,0,0,0.0
1754,147411,78,pair_013_n5_013_conflict,conflict,1,0,0,12.48,0.05431666666666665,0,9434304,66868,565,4127662,0,0,0,0.0
1755,147481,70,pair_016_n5_016_conflict,conflict,1,0,0,12.560000000000002,0.0542,0,9438784,66920,567,4130132,0,0,0,0.0
1756,147565,84,pair_008_n5_008_conflict,conflict,1,0,0,12.420000000000002,0.05406,0,9444160,66980,568,4133187,0,0,0,0.0
1757,147658,93,pair_004_n3_004_conflict,conflict,1,0,0,12.330000000000002,0.05390499999999998,0,9450112,67006,568,4136524,0,0,0,0.0
1758,147726,68,pair_005_n3_005_control,control,1,0,0,12.580000000000002,0.053791666666666654,0,9454464,67045,569,4139018,0,0,0,0.0
1759,147809,83,pair_006_n5_006_conflict,conflict,1,0,0,12.430000000000001,0.05365333333333333,0,9459776,67108,570,4141975,0,0,0,0.0
1760,147882,73,pair_017_n3_017_control,control,1,0,0,12.530000000000001,0.053531666666666644,0,9464448,67153,571,4144544,0,0,0,0.0
1761,147886,4,pair_016_n5_016_control,control,0,1,0,-0.88,0.05352499999999999,0,9464704,67157,571,4144681,0,0,0,0.0
1762,147956,70,pair_015_n5_015_control,control,1,0,0,12.560000000000002,0.053408333333333335,0,9469184,67210,571,4147238,0,0,0,0.0
1763,148024,68,pair_014_n3_014_control,control,1,0,0,12.580000000000002,0.05329499999999998,0,9473536,67249,572,4149631,0,0,0,0.0
1764,148094,70,pair_017_n5_017_conflict,conflict,1,0,0,12.560000000000002,0.05317833333333333,0,9478016,67307,573,4152091,0,0,0,0.0
1765,148163,69,pair_006_n3_006_conflict,conflict,1,0,0,12.570000000000002,0.053063333333333323,0,9482432,67343,573,4154573,0,0,0,0.0
1766,148235,72,pair_012_n3_012_conflict,conflict,1,0,0,12.540000000000003,0.052943333333333314,0,9487040,67379,573,4157106,0,0,0,0.0
1767,148305,70,pair_004_n5_004_conflict,conflict,1,0,0,12.560000000000002,0.05282666666666666,0,9491520,67423,574,4159644,0,0,0,0.0
1768,148375,70,pair_008_n3_008_control,control,1,0,0,12.560000000000002,0.05270999999999998,0,9496000,67450,575,4162171,0,0,0,0.0
1769,148446,71,pair_009_n3_009_control,control,1,0,0,12.55,0.05259166666666665,0,9500544,67490,576,4164719,0,0,0,0.0
1770,148521,75,pair_000_n5_000_control,control,1,0,0,12.510000000000002,0.05246666666666666,0,9505344,67529,576,4167378,0,0,0,0.0
1771,148591,70,pair_002_n3_002_control,control,1,0,0,12.560000000000002,0.05234999999999998,0,9509824,67562,576,4169867,0,0,0,0.0
1772,148660,69,pair_013_n3_013_control,control,1,0,0,12.570000000000002,0.052234999999999976,0,9514240,67610,576,4172318,0,0,0,0.0
1773,148733,73,pair_010_n5_010_conflict,conflict,1,0,0,12.530000000000001,0.05211333333333332,0,9518912,67665,578,4174923,0,0,0,0.0
1774,148809,76,pair_008_n5_008_control,control,1,0,0,12.500000000000002,0.05198666666666665,0,9523776,67709,580,4177578,0,0,0,0.0
1775,148881,72,pair_010_n3_010_control,control,1,0,0,12.540000000000003,0.051866666666666644,0,9528384,67741,581,4180119,0,0,0,0.0
1776,148961,80,pair_016_n3_016_conflict,conflict,1,0,0,12.46,0.051733333333333326,0,9533504,67777,581,4182995,0,0,0,0.0
1777,149033,72,pair_002_n5_002_conflict,conflict,1,0,0,12.540000000000001,0.05161333333333332,0,9538112,67826,584,4185593,0,0,0,0.0
1778,149103,70,pair_001_n3_001_control,control,1,0,0,12.560000000000002,0.05149666666666666,0,9542592,67854,584,4188026,0,0,0,0.0
1779,149172,69,pair_005_n5_005_conflict,conflict,1,0,0,12.570000000000002,0.05138166666666666,0,9547008,67898,586,4190433,0,0,0,0.0
1780,149240,68,pair_007_n5_007_control,control,1,0,0,12.580000000000002,0.05126833333333333,0,9551360,67938,588,4192812,0,0,0,0.0
1781,149257,17,pair_015_n5_015_conflict,conflict,0,1,0,-0.56,0.05123999999999998,0,9552448,67955,588,4193437,0,0,0,0.0
1782,149327,70,pair_011_n3_011_control,control,1,0,0,12.560000000000002,0.051123333333333326,0,9556928,67979,589,4195877,0,0,0,0.0
1783,149334,7,pair_014_n5_014_conflict,conflict,0,1,0,-0.91,0.051111666666666666,0,9557376,67986,590,4196106,0,0,0,0.0
1784,149406,72,pair_007_n3_007_conflict,conflict,1,0,0,12.540000000000001,0.05099166666666666,0,9561984,68023,590,4198609,0,0,0,0.0
1785,149476,70,pair_006_n5_006_control,control,1,0,0,12.560000000000002,0.050874999999999976,0,9566464,68069,590,4201048,0,0,0,0.0
1786,149542,66,pair_007_n3_007_control,control,1,0,0,12.600000000000001,0.05076499999999998,0,9570688,68100,590,4203370,0,0,0,0.0
1787,149608,66,pair_013_n5_013_control,control,1,0,0,12.600000000000001,0.05065499999999998,0,9574912,68159,590,4205774,0,0,0,0.0
1788,149683,75,pair_012_n5_012_control,control,1,0,0,12.510000000000002,0.05052999999999999,0,9579712,68211,590,4208473,0,0,0,0.0
1789,149752,69,pair_003_n5_003_control,control,1,0,0,12.570000000000002,0.05041499999999999,0,9584128,68247,591,4210930,0,0,0,0.0
1790,149826,74,pair_013_n3_013_conflict,conflict,1,0,0,12.520000000000001,0.05029166666666665,0,9588864,68296,591,4213545,0,0,0,0.0
1791,149909,83,pair_009_n5_009_conflict,conflict,1,0,0,12.430000000000001,0.05015333333333333,0,9594176,68346,592,4216442,0,0,0,0.0
1792,149971,62,pair_000_n3_000_control,control,0,1,0,1.4400000000000013,0.05004999999999998,0,9598144,68374,592,4218662,0,0,0,0.0
1793,150039,68,pair_014_n5_014_control,control,1,0,0,12.580000000000002,0.04999999999999999,0,9602496,68428,593,4221023,0,0,0,0.0
1794,150111,72,pair_001_n5_001_control,control,1,0,0,12.540000000000001,0.04999999999999999,0,9607104,68472,594,4223562,0,0,0,0.0
1795,150189,78,pair_003_n5_003_conflict,conflict,1,0,0,12.480000000000002,0.04999999999999999,0,9612096,68508,600,4226315,0,0,0,0.0
1796,150259,70,pair_004_n5_004_control,control,1,0,0,12.560000000000002,0.04999999999999999,0,9616576,68556,602,4228772,0,0,0,0.0
1797,150328,69,pair_006_n3_006_control,control,1,0,0,12.570000000000002,0.04999999999999999,0,9620992,68591,602,4231217,0,0,0,0.0
1798,150398,70,pair_002_n5_002_control,control,1,0,0,12.560000000000002,0.04999999999999999,0,9625472,68635,604,4233678,0,0,0,0.0
1799,150464,66,pair_009_n5_009_control,control,1,0,0,12.600000000000001,0.04999999999999999,0,9629696,68683,604,4236051,0,0,0,0.0
1800,150534,70,pair_006_n3_006_control,control,1,0,0,12.560000000000002,0.04999999999999999,0,9634176,68714,604,4238551,0,0,0,0.0
1801,150606,72,pair_004_n5_004_conflict,conflict,1,0,0,12.540000000000003,0.04999999999999999,0,9638784,68758,607,4241109,0,0,0,0.0
1802,150687,81,pair_004_n3_004_conflict,conflict,1,0,0,12.450000000000003,0.04999999999999999,0,9643968,68796,607,4244032,0,0,0,0.0
1803,150756,69,pair_015_n5_015_control,control,1,0,0,12.570000000000002,0.04999999999999999,0,9648384,68852,607,4246483,0,0,0,0.0
1804,150832,76,pair_008_n5_008_control,control,1,0,0,12.500000000000002,0.04999999999999999,0,9653248,68901,610,4249232,0,0,0,0.0
1805,150904,72,pair_008_n5_008_conflict,conflict,1,0,0,12.540000000000003,0.04999999999999999,0,9657856,68948,611,4251776,0,0,0,0.0
1806,150972,68,pair_016_n3_016_conflict,conflict,1,0,0,12.580000000000002,0.04999999999999999,0,9662208,68985,612,4254163,0,0,0,0.0
1807,151038,66,pair_012_n3_012_control,control,1,0,0,12.600000000000001,0.04999999999999999,0,9666432,69015,612,4256537,0,0,0,0.0
1808,151113,75,pair_015_n3_015_conflict,conflict,1,0,0,12.510000000000002,0.04999999999999999,0,9671232,69063,612,4259215,0,0,0,0.0
1809,151181,68,pair_009_n5_009_control,control,1,0,0,12.580000000000002,0.04999999999999999,0,9675584,69108,613,4261632,0,0,0,0.0
1810,151252,71,pair_011_n3_011_conflict,conflict,1,0,0,12.55,0.04999999999999999,0,9680128,69131,614,4264188,0,0,0,0.0
1811,151323,71,pair_010_n5_010_control,control,1,0,0,12.55,0.04999999999999999,0,9684672,69170,616,4266760,0,0,0,0.0
1812,151392,69,pair_000_n5_000_conflict,conflict,1,0,0,12.570000000000002,0.04999999999999999,0,9689088,69214,617,4269241,0,0,0,0.0
1813,151467,75,pair_005_n3_005_control,control,1,0,0,12.510000000000002,0.04999999999999999,0,9693888,69250,617,4271896,0,0,0,0.0
1814,151534,67,pair_014_n5_014_control,control,1,0,0,12.590000000000002,0.04999999999999999,0,9698176,69303,618,4274247,0,0,0,0.0
1815,151606,72,pair_007_n5_007_conflict,conflict,1,0,0,12.540000000000001,0.04999999999999999,0,9702784,69348,620,4276901,0,0,0,0.0
1816,151683,77,pair_012_n5_012_control,control,1,0,0,12.490000000000002,0.04999999999999999,0,9707712,69404,621,4279699,0,0,0,0.0
1817,151755,72,pair_000_n3_000_control,control,1,0,0,12.540000000000001,0.04999999999999999,0,9712320,69438,621,4282282,0,0,0,0.0
1818,151823,68,pair_008_n3_008_conflict,conflict,1,0,0,12.580000000000002,0.04999999999999999,0,9716672,69466,622,4284730,0,0,0,0.0
1819,151890,67,pair_014_n3_014_control,control,1,0,0,12.590000000000002,0.04999999999999999,0,9720960,69506,623,4287094,0,0,0,0.0
1820,151963,73,pair_005_n3_005_conflict,conflict,1,0,0,12.530000000000001,0.04999999999999999,0,9725632,69537,623,4289655,0,0,0,0.0
1821,152035,72,pair_009_n5_009_conflict,conflict,1,0,0,12.540000000000001,0.04999999999999999,0,9730240,69587,625,4292251,0,0,0,0.0
1822,152111,76,pair_012_n3_012_conflict,conflict,1,0,0,12.500000000000002,0.04999999999999999,0,9735104,69627,627,4294899,0,0,0,0.0
1823,152178,67,pair_011_n5_011_control,control,1,0,0,12.590000000000002,0.04999999999999999,0,9739392,69669,628,4297237,0,0,0,0.0
1824,152248,70,pair_017_n3_017_conflict,conflict,1,0,0,12.560000000000002,0.04999999999999999,0,9743872,69710,628,4299689,0,0,0,0.0
1825,152316,68,pair_000_n3_000_conflict,conflict,1,0,0,12.580000000000002,0.04999999999999999,0,9748224,69742,629,4302102,0,0,0,0.0
1826,152391,75,pair_007_n5_007_control,control,1,0,0,12.510000000000002,0.04999999999999999,0,9753024,69782,630,4304771,0,0,0,0.0
1827,152469,78,pair_011_n5_011_conflict,conflict,1,0,0,12.48,0.04999999999999999,0,9758016,69821,630,4307531,0,0,0,0.0
1828,152544,75,pair_015_n5_015_conflict,conflict,1,0,0,12.510000000000002,0.04999999999999999,0,9762816,69887,631,4310191,0,0,0,0.0
1829,152613,69,pair_001_n5_001_conflict,conflict,1,0,0,12.570000000000002,0.04999999999999999,0,9767232,69928,633,4312620,0,0,0,0.0
1830,152679,66,pair_005_n5_005_conflict,conflict,1,0,0,12.600000000000001,0.04999999999999999,0,9771456,69971,633,4314952,0,0,0,0.0
1831,152685,6,pair_016_n3_016_control,control,0,1,0,-0.8,0.04999999999999999,0,9771840,69977,633,4315165,0,0,0,0.0
1832,152756,71,pair_013_n5_013_conflict,conflict,1,0,0,12.55,0.04999999999999999,0,9776384,70043,635,4317714,0,0,0,0.0
1833,152833,77,pair_007_n3_007_conflict,conflict,1,0,0,12.490000000000002,0.04999999999999999,0,9781312,70080,635,4320444,0,0,0,0.0
1834,152902,69,pair_010_n3_010_conflict,conflict,1,0,0,12.570000000000002,0.04999999999999999,0,9785728,70107,636,4322855,0,0,0,0.0
1835,152970,68,pair_014_n3_014_conflict,conflict,1,0,0,12.580000000000002,0.04999999999999999,0,9790080,70149,637,4325289,0,0,0,0.0
1836,153051,81,pair_003_n3_003_conflict,conflict,1,0,0,12.450000000000001,0.04999999999999999,0,9795264,70171,637,4328166,0,0,0,0.0
1837,153120,69,pair_005_n5_005_control,control,1,0,0,12.570000000000002,0.04999999999999999,0,9799680,70222,639,4330666,0,0,0,0.0
1838,153124,4,pair_016_n5_016_control,control,0,1,0,-0.88,0.04999999999999999,0,9799936,70226,639,4330817,0,0,0,0.0
1839,153193,69,pair_017_n3_017_control,control,1,0,0,12.570000000000002,0.04999999999999999,0,9804352,70269,641,4333279,0,0,0,0.0
1840,153270,77,pair_006_n5_006_conflict,conflict,1,0,0,12.490000000000002,0.04999999999999999,0,9809280,70314,642,4336044,0,0,0,0.0
1841,153340,70,pair_006_n3_006_conflict,conflict,1,0,0,12.560000000000002,0.04999999999999999,0,9813760,70347,642,4338498,0,0,0,0.0
1842,153415,75,pair_004_n5_004_control,control,1,0,0,12.510000000000002,0.04999999999999999,0,9818560,70399,643,4341176,0,0,0,0.0
1843,153488,73,pair_017_n5_017_conflict,conflict,1,0,0,12.530000000000001,0.04999999999999999,0,9823232,70461,644,4343772,0,0,0,0.0
1844,153558,70,pair_010_n3_010_control,control,1,0,0,12.560000000000002,0.04999999999999999,0,9827712,70485,644,4346253,0,0,0,0.0
1845,153636,78,pair_009_n3_009_control,control,1,0,0,12.48,0.04999999999999999,0,9832704,70529,644,4349085,0,0,0,0.0
1846,153708,72,pair_013_n5_013_control,control,1,0,0,12.540000000000003,0.04999999999999999,0,9837312,70592,645,4351745,0,0,0,0.0
1847,153777,69,pair_002_n5_002_control,control,1,0,0,12.570000000000002,0.04999999999999999,0,9841728,70637,647,4354291,0,0,0,0.0
1848,153844,67,pair_006_n5_006_control,control,1,0,0,12.590000000000002,0.04999999999999999,0,9846016,70684,647,4356758,0,0,0,0.0
1849,153915,71,pair_002_n3_002_control,control,1,0,0,12.55,0.04999999999999999,0,9850560,70716,647,4359415,0,0,0,0.0
1850,153984,69,pair_003_n5_003_conflict,conflict,1,0,0,12.570000000000002,0.04999999999999999,0,9854976,70752,649,4361985,0,0,0,0.0
1851,154052,68,pair_008_n3_008_control,control,1,0,0,12.580000000000002,0.04999999999999999,0,9859328,70776,650,4364481,0,0,0,0.0
1852,154122,70,pair_001_n3_001_conflict,conflict,1,0,0,12.560000000000002,0.04999999999999999,0,9863808,70808,651,4367089,0,0,0,0.0
1853,154198,76,pair_016_n5_016_conflict,conflict,1,0,0,12.500000000000002,0.04999999999999999,0,9868672,70869,653,4369970,0,0,0,0.0
1854,154272,74,pair_000_n5_000_control,control,1,0,0,12.520000000000001,0.04999999999999999,0,9873408,70915,654,4372709,0,0,0,0.0
1855,154338,66,pair_003_n3_003_control,control,1,0,0,12.600000000000001,0.04999999999999999,0,9877632,70938,654,4375191,0,0,0,0.0
1856,154410,72,pair_002_n3_002_conflict,conflict,1,0,0,12.540000000000001,0.04999999999999999,0,9882240,70972,656,4377897,0,0,0,0.0
1857,154478,68,pair_004_n3_004_control,control,1,0,0,12.580000000000002,0.04999999999999999,0,9886592,71006,657,4380415,0,0,0,0.0
1858,154548,70,pair_011_n3_011_control,control,1,0,0,12.560000000000002,0.04999999999999999,0,9891072,71025,657,4383096,0,0,0,0.0
1859,154618,70,pair_002_n5_002_conflict,conflict,1,0,0,12.560000000000002,0.04999999999999999,0,9895552,71070,660,4385631,0,0,0,0.0
1860,154692,74,pair_013_n3_013_conflict,conflict,1,0,0,12.520000000000001,0.04999999999999999,0,9900288,71104,660,4388394,0,0,0,0.0
1861,154765,73,pair_014_n5_014_conflict,conflict,1,0,0,12.530000000000001,0.04999999999999999,0,9904960,71121,660,4391137,0,0,0,0.0
1862,154838,73,pair_009_n3_009_conflict,conflict,1,0,0,12.530000000000001,0.04999999999999999,0,9909632,71163,661,4393830,0,0,0,0.0
1863,154907,69,pair_003_n5_003_control,control,1,0,0,12.570000000000002,0.04999999999999999,0,9914048,71192,662,4396367,0,0,0,0.0
1864,154976,69,pair_001_n5_001_control,control,1,0,0,12.570000000000002,0.04999999999999999,0,9918464,71246,664,4398920,0,0,0,0.0
1865,155029,53,pair_013_n3_013_control,control,0,1,0,1.0300000000000011,0.04999999999999999,0,9921856,71278,664,4400950,0,0,0,0.0
1866,155101,72,pair_015_n3_015_control,control,1,0,0,12.540000000000001,0.04999999999999999,0,9926464,71318,664,4403657,0,0,0,0.0
1867,155165,64,pair_017_n5_017_control,control,0,1,0,1.3700000000000014,0.04999999999999999,0,9930560,71369,665,4406035,0,0,0,0.0
1868,155235,70,pair_001_n3_001_control,control,1,0,0,12.560000000000002,0.04999999999999999,0,9935040,71399,665,4408630,0,0,0,0.0
1869,155305,70,pair_007_n3_007_control,control,1,0,0,12.560000000000002,0.04999999999999999,0,9939520,71432,665,4411237,0,0,0,0.0
1870,155374,69,pair_010_n5_010_conflict,conflict,1,0,0,12.570000000000002,0.04999999999999999,0,9943936,71473,666,4413787,0,0,0,0.0
1871,155445,71,pair_012_n5_012_conflict,conflict,1,0,0,12.55,0.04999999999999999,0,9948480,71522,667,4416451,0,0,0,0.0
1872,155518,73,pair_007_n3_007_conflict,conflict,1,0,0,12.530000000000001,0.04999999999999999,0,9953152,71559,667,4419196,0,0,0,0.0
1873,155603,85,pair_004_n3_004_conflict,conflict,1,0,0,12.410000000000002,0.04999999999999999,0,9958592,71595,670,4422384,0,0,0,0.0
1874,155678,75,pair_005_n3_005_conflict,conflict,1,0,0,12.510000000000002,0.04999999999999999,0,9963392,71623,670,4425194,0,0,0,0.0
1875,155753,75,pair_014_n5_014_conflict,conflict,1,0,0,12.510000000000002,0.04999999999999999,0,9968192,71641,670,4427876,0,0,0,0.0
1876,155833,80,pair_008_n3_008_control,control,1,0,0,12.46,0.04999999999999999,0,9973312,71653,670,4430857,0,0,0,0.0
1877,155906,73,pair_009_n5_009_conflict,conflict,1,0,0,12.530000000000001,0.04999999999999999,0,9977984,71712,670,4433481,0,0,0,0.0
1878,155986,80,pair_017_n5_017_control,control,1,0,0,12.460000000000003,0.04999999999999999,0,9983104,71770,670,4436414,0,0,0,0.0
1879,156066,80,pair_002_n5_002_control,control,1,0,0,12.460000000000003,0.04999999999999999,0,9988224,71822,673,4439346,0,0,0,0.0
1880,156145,79,pair_016_n3_016_control,control,1,0,0,12.470000000000002,0.04999999999999999,0,9993280,71855,673,4442174,0,0,0,0.0
1881,156218,73,pair_016_n5_016_control,control,1,0,0,12.530000000000001,0.04999999999999999,0,9997952,71896,674,4444807,0,0,0,0.0
1882,156286,68,pair_003_n3_003_conflict,conflict,1,0,0,12.580000000000002,0.04999999999999999,0,10002304,71919,675,4447366,0,0,0,0.0
1883,156356,70,pair_009_n3_009_control,control,1,0,0,12.560000000000002,0.04999999999999999,0,10006784,71959,675,4449906,0,0,0,0.0
1884,156423,67,pair_010_n5_010_control,control,1,0,0,12.590000000000002,0.04999999999999999,0,10011072,71997,676,4452358,0,0,0,0.0
1885,156492,69,pair_003_n5_003_control,control,1,0,0,12.570000000000002,0.04999999999999999,0,10015488,72032,678,4454840,0,0,0,0.0
1886,156570,78,pair_007_n5_007_conflict,conflict,1,0,0,12.48,0.04999999999999999,0,10020480,72073,678,4457677,0,0,0,0.0
1887,156636,66,pair_013_n3_013_conflict,conflict,1,0,0,12.600000000000001,0.04999999999999999,0,10024704,72116,679,4460057,0,0,0,0.0
1888,156707,71,pair_011_n3_011_conflict,conflict,1,0,0,12.55,0.04999999999999999,0,10029248,72138,680,4462495,0,0,0,0.0
1889,156773,66,pair_013_n3_013_control,control,1,0,0,12.600000000000001,0.04999999999999999,0,10033472,72182,680,4464835,0,0,0,0.0
1890,156844,71,pair_009_n5_009_control,control,1,0,0,12.55,0.04999999999999999,0,10038016,72228,681,4467400,0,0,0,0.0
1891,156851,7,pair_004_n5_004_control,control,0,1,0,-0.86,0.04999999999999999,0,10038464,72235,681,4467649,0,0,0,0.0
1892,156921,70,pair_012_n3_012_conflict,conflict,1,0,0,12.560000000000002,0.04999999999999999,0,10042944,72267,682,4470188,0,0,0,0.0
1893,156990,69,pair_006_n3_006_conflict,conflict,1,0,0,12.570000000000002,0.04999999999999999,0,10047360,72299,682,4472634,0,0,0,0.0
1894,157060,70,pair_008_n3_008_conflict,conflict,1,0,0,12.560000000000002,0.04999999999999999,0,10051840,72323,682,4475156,0,0,0,0.0
1895,157130,70,pair_006_n5_006_conflict,conflict,1,0,0,12.560000000000002,0.04999999999999999,0,10056320,72372,683,4477690,0,0,0,0.0
1896,157196,66,pair_011_n5_011_conflict,conflict,1,0,0,12.600000000000001,0.04999999999999999,0,10060544,72411,683,4480033,0,0,0,0.0
1897,157269,73,pair_001_n5_001_conflict,conflict,1,0,0,12.530000000000001,0.04999999999999999,0,10065216,72468,684,4482670,0,0,0,0.0
1898,157347,78,pair_015_n5_015_control,control,1,0,0,12.48,0.04999999999999999,0,10070208,72498,684,4485577,0,0,0,0.0
1899,157415,68,pair_014_n3_014_conflict,conflict,1,0,0,12.580000000000002,0.04999999999999999,0,10074560,72538,685,4488063,0,0,0,0.0
1900,157484,69,pair_000_n3_000_control,control,1,0,0,12.570000000000002,0.04999999999999999,0,10078976,72569,685,4490556,0,0,0,0.0
1901,157556,72,pair_008_n5_008_conflict,conflict,1,0,0,12.540000000000001,0.04999999999999999,0,10083584,72617,686,4493143,0,0,0,0.0
1902,157631,75,pair_000_n3_000_conflict,conflict,1,0,0,12.510000000000002,0.04999999999999999,0,10088384,72653,686,4495830,0,0,0,0.0
1903,157705,74,pair_005_n5_005_conflict,conflict,1,0,0,12.520000000000001,0.04999999999999999,0,10093120,72710,686,4498470,0,0,0,0.0
1904,157776,71,pair_002_n3_002_control,control,1,0,0,12.55,0.04999999999999999,0,10097664,72746,687,4501024,0,0,0,0.0
1905,157851,75,pair_010_n3_010_conflict,conflict,1,0,0,12.510000000000002,0.04999999999999999,0,10102464,72767,687,4503721,0,0,0,0.0
1906,157917,66,pair_008_n5_008_control,control,1,0,0,12.600000000000001,0.04999999999999999,0,10106688,72810,687,4506135,0,0,0,0.0
1907,157996,79,pair_012_n5_012_control,control,1,0,0,12.470000000000002,0.04999999999999999,0,10111744,72864,688,4508922,0,0,0,0.0
1908,158065,69,pair_003_n3_003_control,control,1,0,0,12.570000000000002,0.04999999999999999,0,10116160,72889,688,4511327,0,0,0,0.0
1909,158142,77,pair_016_n5_016_conflict,conflict,1,0,0,12.490000000000002,0.04999999999999999,0,10121088,72945,689,4514071,0,0,0,0.0
1910,158208,66,pair_014_n5_014_control,control,1,0,0,12.600000000000001,0.04999999999999999,0,10125312,72999,689,4516403,0,0,0,0.0
1911,158288,80,pair_007_n5_007_control,control,1,0,0,12.46,0.04999999999999999,0,10130432,73046,691,4519286,0,0,0,0.0
1912,158353,65,pair_004_n5_004_conflict,conflict,0,1,0,1.3100000000000014,0.04999999999999999,0,10134592,73083,691,4521613,0,0,0,0.0
1913,158426,73,pair_017_n3_017_conflict,conflict,1,0,0,12.530000000000001,0.04999999999999999,0,10139264,73129,691,4524242,0,0,0,0.0
1914,158498,72,pair_002_n3_002_conflict,conflict,1,0,0,12.540000000000001,0.04999999999999999,0,10143872,73167,692,4526865,0,0,0,0.0
1915,158566,68,pair_001_n3_001_control,control,1,0,0,12.580000000000002,0.04999999999999999,0,10148224,73210,693,4529313,0,0,0,0.0
1916,158638,72,pair_010_n5_010_conflict,conflict,1,0,0,12.540000000000001,0.04999999999999999,0,10152832,73250,693,4531889,0,0,0,0.0
1917,158715,77,pair_015_n3_015_conflict,conflict,1,0,0,12.490000000000002,0.04999999999999999,0,10157760,73300,695,4534668,0,0,0,0.0
1918,158787,72,pair_001_n5_001_control,control,1,0,0,12.540000000000001,0.04999999999999999,0,10162368,73346,696,4537297,0,0,0,0.0
1919,158870,83,pair_006_n5_006_control,control,1,0,0,12.430000000000001,0.04999999999999999,0,10167680,73409,698,4540261,0,0,0,0.0
1920,158943,73,pair_000_n5_000_control,control,1,0,0,12.530000000000001,0.04999999999999999,0,10172352,73456,700,4542874,0,0,0,0.0
1921,159022,79,pair_015_n5_015_conflict,conflict,1,0,0,12.470000000000002,0.04999999999999999,0,10177408,73523,701,4545729,0,0,0,0.0
1922,159092,70,pair_007_n3_007_control,control,1,0,0,12.560000000000002,0.04999999999999999,0,10181888,73554,701,4548316,0,0,0,0.0
1923,159160,68,pair_012_n3_012_control,control,1,0,0,12.580000000000002,0.04999999999999999,0,10186240,73587,701,4550815,0,0,0,0.0
1924,159238,78,pair_013_n5_013_conflict,conflict,1,0,0,12.48,0.04999999999999999,0,10191232,73657,702,4553666,0,0,0,0.0
1925,159306,68,pair_001_n3_001_conflict,conflict,1,0,0,12.580000000000002,0.04999999999999999,0,10195584,73686,703,4556144,0,0,0,0.0
1926,159378,72,pair_003_n5_003_conflict,conflict,1,0,0,12.540000000000003,0.04999999999999999,0,10200192,73714,703,4558753,0,0,0,0.0
1927,159453,75,pair_017_n5_017_conflict,conflict,1,0,0,12.510000000000002,0.04999999999999999,0,10204992,73731,703,4561423,0,0,0,0.0
1928,159531,78,pair_005_n3_005_control,control,1,0,0,12.48,0.04999999999999999,0,10209984,73763,703,4564176,0,0,0,0.0
1929,159603,72,pair_012_n5_012_conflict,conflict,1,0,0,12.540000000000001,0.04999999999999999,0,10214592,73791,703,4566699,0,0,0,0.0
1930,159677,74,pair_011_n5_011_control,control,1,0,0,12.520000000000001,0.04999999999999999,0,10219328,73812,703,4569338,0,0,0,0.0
1931,159754,77,pair_011_n3_011_control,control,1,0,0,12.490000000000002,0.04999999999999999,0,10224256,73823,703,4572100,0,0,0,0.0
1932,159832,78,pair_013_n5_013_control,control,1,0,0,12.48,0.04999999999999999,0,10229248,73839,703,4574829,0,0,0,0.0
1933,159899,67,pair_017_n3_017_control,control,1,0,0,12.590000000000002,0.04999999999999999,0,10233536,73876,703,4577160,0,0,0,0.0
1934,159970,71,pair_015_n3_015_control,control,1,0,0,12.55,0.04999999999999999,0,10238080,73923,703,4579638,0,0,0,0.0
1935,160045,75,pair_005_n5_005_control,control,1,0,0,12.510000000000002,0.04999999999999999,0,10242880,73981,703,4582323,0,0,0,0.0
1936,160121,76,pair_002_n5_002_conflict,conflict,1,0,0,12.500000000000002,0.04999999999999999,0,10247744,74034,705,4585025,0,0,0,0.0
1937,160192,71,pair_000_n5_000_conflict,conflict,1,0,0,12.55,0.04999999999999999,0,10252288,74082,706,4587567,0,0,0,0.0
1938,160259,67,pair_009_n3_009_conflict,conflict,1,0,0,12.590000000000002,0.04999999999999999,0,10256576,74119,706,4589914,0,0,0,0.0
1939,160333,74,pair_006_n3_006_control,control,1,0,0,12.520000000000001,0.04999999999999999,0,10261312,74137,706,4592509,0,0,0,0.0
1940,160407,74,pair_004_n3_004_control,control,1,0,0,12.520000000000001,0.04999999999999999,0,10266048,74170,706,4595073,0,0,0,0.0
1941,160474,67,pair_014_n3_014_control,control,1,0,0,12.590000000000002,0.04999999999999999,0,10270336,74208,707,4597423,0,0,0,0.0
1942,160547,73,pair_016_n3_016_conflict,conflict,1,0,0,12.530000000000001,0.04999999999999999,0,10275008,74246,707,4599959,0,0,0,0.0
1943,160613,66,pair_010_n3_010_control,control,1,0,0,12.600000000000001,0.04999999999999999,0,10279232,74273,707,4602290,0,0,0,0.0
1944,160687,74,pair_009_n3_009_conflict,conflict,1,0,0,12.520000000000001,0.04999999999999999,0,10283968,74313,707,4604965,0,0,0,0.0
1945,160756,69,pair_011_n3_011_control,control,1,0,0,12.570000000000002,0.04999999999999999,0,10288384,74336,707,4607383,0,0,0,0.0
1946,160835,79,pair_007_n3_007_conflict,conflict,1,0,0,12.470000000000002,0.04999999999999999,0,10293440,74376,709,4610123,0,0,0,0.0
1947,160906,71,pair_003_n5_003_conflict,conflict,1,0,0,12.55,0.04999999999999999,0,10297984,74405,710,4612605,0,0,0,0.0
1948,160978,72,pair_000_n5_000_control,control,1,0,0,12.540000000000001,0.04999999999999999,0,10302592,74454,711,4615132,0,0,0,0.0
1949,161049,71,pair_006_n3_006_conflict,conflict,1,0,0,12.550000000000002,0.04999999999999999,0,10307136,74489,711,4617640,0,0,0,0.0
1950,161123,74,pair_011_n3_011_conflict,conflict,1,0,0,12.520000000000001,0.04999999999999999,0,10311872,74517,711,4620176,0,0,0,0.0
1951,161191,68,pair_000_n3_000_conflict,conflict,1,0,0,12.580000000000002,0.04999999999999999,0,10316224,74549,712,4622557,0,0,0,0.0
1952,161257,66,pair_003_n3_003_conflict,conflict,1,0,0,12.600000000000001,0.04999999999999999,0,10320448,74573,712,4624896,0,0,0,0.0
1953,161325,68,pair_009_n5_009_conflict,conflict,1,0,0,12.580000000000002,0.04999999999999999,0,10324800,74621,714,4627235,0,0,0,0.0
1954,161402,77,pair_006_n5_006_conflict,conflict,1,0,0,12.490000000000002,0.04999999999999999,0,10329728,74678,715,4629895,0,0,0,0.0
1955,161476,74,pair_008_n5_008_conflict,conflict,1,0,0,12.520000000000001,0.04999999999999999,0,10334464,74724,717,4632429,0,0,0,0.0
1956,161531,55,pair_004_n5_004_control,control,0,1,0,1.0100000000000011,0.04999999999999999,0,10337984,74758,718,4634397,0,0,0,0.0
1957,161600,69,pair_008_n5_008_control,control,1,0,0,12.570000000000002,0.04999999999999999,0,10342400,74804,720,4636822,0,0,0,0.0
1958,161668,68,pair_002_n3_002_control,control,1,0,0,12.580000000000002,0.04999999999999999,0,10346752,74836,721,4639183,0,0,0,0.0
1959,161740,72,pair_017_n5_017_control,control,1,0,0,12.540000000000001,0.04999999999999999,0,10351360,74880,721,4641689,0,0,0,0.0
1960,161808,68,pair_005_n3_005_control,control,1,0,0,12.580000000000002,0.04999999999999999,0,10355712,74912,722,4644071,0,0,0,0.0
1961,161886,78,pair_010_n5_010_conflict,conflict,1,0,0,12.480000000000002,0.04999999999999999,0,10360704,74951,722,4646682,0,0,0,0.0
1962,161955,69,pair_012_n3_012_conflict,conflict,1,0,0,12.570000000000002,0.04999999999999999,0,10365120,74983,722,4649037,0,0,0,0.0
1963,162023,68,pair_003_n3_003_control,control,1,0,0,12.580000000000002,0.04999999999999999,0,10369472,75008,722,4651384,0,0,0,0.0
1964,162097,74,pair_001_n3_001_conflict,conflict,1,0,0,12.520000000000001,0.04999999999999999,0,10374208,75044,723,4653974,0,0,0,0.0
1965,162171,74,pair_010_n5_010_control,control,1,0,0,12.520000000000001,0.04999999999999999,0,10378944,75091,724,4656444,0,0,0,0.0
1966,162242,71,pair_012_n5_012_conflict,conflict,1,0,0,12.55,0.04999999999999999,0,10383488,75137,725,4658877,0,0,0,0.0
1967,162314,72,pair_013_n5_013_conflict,conflict,1,0,0,12.540000000000001,0.04999999999999999,0,10388096,75202,726,4661328,0,0,0,0.0
1968,162385,71,pair_011_n5_011_conflict,conflict,1,0,0,12.55,0.04999999999999999,0,10392640,75247,727,4663761,0,0,0,0.0
1969,162454,69,pair_007_n3_007_control,control,1,0,0,12.570000000000002,0.04999999999999999,0,10397056,75281,727,4666159,0,0,0,0.0
1970,162521,67,pair_001_n3_001_control,control,1,0,0,12.590000000000002,0.04999999999999999,0,10401344,75311,727,4668454,0,0,0,0.0
1971,162591,70,pair_014_n5_014_conflict,conflict,1,0,0,12.560000000000002,0.04999999999999999,0,10405824,75368,728,4670844,0,0,0,0.0
1972,162663,72,pair_005_n5_005_conflict,conflict,1,0,0,12.540000000000003,0.04999999999999999,0,10410432,75417,732,4673317,0,0,0,0.0
1973,162739,76,pair_016_n5_016_conflict,conflict,1,0,0,12.500000000000002,0.04999999999999999,0,10415296,75478,733,4675945,0,0,0,0.0
1974,162807,68,pair_011_n5_011_control,control,1,0,0,12.580000000000002,0.04999999999999999,0,10419648,75519,735,4678296,0,0,0,0.0
1975,162878,71,pair_003_n5_003_control,control,1,0,0,12.55,0.04999999999999999,0,10424192,75555,736,4680779,0,0,0,0.0
1976,162945,67,pair_005_n3_005_conflict,conflict,1,0,0,12.590000000000002,0.04999999999999999,0,10428480,75589,736,4683110,0,0,0,0.0
1977,163014,69,pair_015_n3_015_control,control,1,0,0,12.570000000000002,0.04999999999999999,0,10432896,75635,736,4685481,0,0,0,0.0
1978,163090,76,pair_015_n5_015_conflict,conflict,1,0,0,12.500000000000002,0.04999999999999999,0,10437760,75696,737,4688148,0,0,0,0.0
1979,163159,69,pair_009_n5_009_control,control,1,0,0,12.570000000000002,0.04999999999999999,0,10442176,75746,737,4690548,0,0,0,0.0
1980,163232,73,pair_002_n3_002_conflict,conflict,1,0,0,12.530000000000001,0.04999999999999999,0,10446848,75783,738,4693118,0,0,0,0.0
1981,163302,70,pair_015_n5_015_control,control,1,0,0,12.560000000000002,0.04999999999999999,0,10451328,75842,738,4695556,0,0,0,0.0
1982,163374,72,pair_016_n5_016_control,control,1,0,0,12.540000000000001,0.04999999999999999,0,10455936,75894,738,4698100,0,0,0,0.0
1983,163440,66,pair_004_n3_004_conflict,conflict,1,0,0,12.600000000000001,0.04999999999999999,0,10460160,75924,738,4700409,0,0,0,0.0
1984,163518,78,pair_012_n5_012_control,control,1,0,0,12.48,0.04999999999999999,0,10465152,75976,739,4703166,0,0,0,0.0
1985,163588,70,pair_016_n3_016_conflict,conflict,1,0,0,12.560000000000002,0.04999999999999999,0,10469632,76014,739,4705669,0,0,0,0.0
1986,163658,70,pair_014_n5_014_control,control,1,0,0,12.560000000000002,0.04999999999999999,0,10474112,76070,740,4708185,0,0,0,0.0
1987,163734,76,pair_014_n3_014_conflict,conflict,1,0,0,12.500000000000002,0.04999999999999999,0,10478976,76115,740,4710840,0,0,0,0.0
1988,163801,67,pair_014_n3_014_control,control,1,0,0,12.590000000000002,0.04999999999999999,0,10483264,76153,741,4713200,0,0,0,0.0
1989,163877,76,pair_010_n3_010_conflict,conflict,1,0,0,12.500000000000002,0.04999999999999999,0,10488128,76191,742,4715908,0,0,0,0.0
1990,163944,67,pair_015_n3_015_conflict,conflict,1,0,0,12.590000000000002,0.04999999999999999,0,10492416,76235,742,4718307,0,0,0,0.0
1991,164022,78,pair_004_n5_004_conflict,conflict,1,0,0,12.480000000000002,0.04999999999999999,0,10497408,76272,742,4721054,0,0,0,0.0
1992,164092,70,pair_008_n3_008_control,control,1,0,0,12.560000000000002,0.04999999999999999,0,10501888,76298,742,4723543,0,0,0,0.0
1993,164096,4,pair_013_n5_013_control,control,0,1,0,-0.98,0.04999999999999999,0,10502144,76302,742,4723693,0,0,0,0.0
1994,164167,71,pair_002_n5_002_conflict,conflict,1,0,0,12.55,0.04999999999999999,0,10506688,76346,744,4726241,0,0,0,0.0
1995,164234,67,pair_006_n5_006_control,control,1,0,0,12.590000000000002,0.04999999999999999,0,10510976,76393,744,4728579,0,0,0,0.0
1996,164305,71,pair_001_n5_001_control,control,1,0,0,12.55,0.04999999999999999,0,10515520,76438,747,4731119,0,0,0,0.0
1997,164376,71,pair_016_n3_016_control,control,1,0,0,12.55,0.04999999999999999,0,10520064,76475,747,4733582,0,0,0,0.0
1998,164434,58,pair_017_n3_017_control,control,0,1,0,1.180000000000001,0.04999999999999999,0,10523776,76505,748,4735619,0,0,0,0.0
1999,164503,69,pair_012_n3_012_control,control,1,0,0,12.570000000000002,0.04999999999999999,0,10528192,76535,748,4738102,0,0,0,0.0
2000,164580,77,pair_001_n5_001_conflict,conflict,1,0,0,12.490000000000002,0.04999999999999999,0,10533120,76585,749,4740864,0,0,0,0.0
2001,164648,68,pair_010_n3_010_control,control,1,0,0,12.580000000000002,0.04999999999999999,0,10537472,76613,750,4743370,0,0,0,0.0
2002,164720,72,pair_005_n5_005_control,control,1,0,0,12.540000000000001,0.04999999999999999,0,10542080,76661,751,4745953,0,0,0,0.0
2003,164791,71,pair_013_n3_013_control,control,1,0,0,12.55,0.04999999999999999,0,10546624,76710,751,4748482,0,0,0,0.0
2004,164859,68,pair_007_n5_007_control,control,1,0,0,12.580000000000002,0.04999999999999999,0,10550976,76751,753,4750914,0,0,0,0.0
2005,164931,72,pair_004_n3_004_control,control,1,0,0,12.540000000000001,0.04999999999999999,0,10555584,76787,754,4753430,0,0,0,0.0
2006,164999,68,pair_000_n3_000_control,control,1,0,0,12.580000000000002,0.04999999999999999,0,10559936,76821,755,4755835,0,0,0,0.0
2007,165073,74,pair_002_n5_002_control,control,1,0,0,12.520000000000001,0.04999999999999999,0,10564672,76869,756,4758483,0,0,0,0.0
2008,165153,80,pair_000_n5_000_conflict,conflict,1,0,0,12.46,0.04999999999999999,0,10569792,76904,758,4761360,0,0,0,0.0
2009,165228,75,pair_007_n5_007_conflict,conflict,1,0,0,12.510000000000002,0.04999999999999999,0,10574592,76949,758,4764027,0,0,0,0.0
2010,165301,73,pair_009_n3_009_control,control,1,0,0,12.530000000000001,0.04999999999999999,0,10579264,76991,758,4766675,0,0,0,0.0
2011,165376,75,pair_008_n3_008_conflict,conflict,1,0,0,12.510000000000002,0.04999999999999999,0,10584064,77019,758,4769409,0,0,0,0.0
2012,165446,70,pair_013_n3_013_conflict,conflict,1,0,0,12.560000000000002,0.04999999999999999,0,10588544,77064,759,4771894,0,0,0,0.0
2013,165501,55,pair_017_n3_017_conflict,conflict,0,1,0,1.160000000000001,0.04999999999999999,0,10592064,77093,759,4773882,0,0,0,0.0
2014,165575,74,pair_017_n5_017_conflict,conflict,1,0,0,12.520000000000001,0.04999999999999999,0,10596800,77156,762,4776490,0,0,0,0.0
2015,165643,68,pair_006_n3_006_control,control,1,0,0,12.580000000000002,0.04999999999999999,0,10601152,77188,762,4778914,0,0,0,0.0
2016,165711,68,pair_009_n5_009_control,control,1,0,0,12.580000000000002,0.04999999999999999,0,10605504,77237,763,4781396,0,0,0,0.0
2017,165781,70,pair_015_n5_015_control,control,1,0,0,12.560000000000002,0.04999999999999999,0,10609984,77293,763,4783932,0,0,0,0.0
2018,165855,74,pair_012_n3_012_conflict,conflict,1,0,0,12.520000000000001,0.04999999999999999,0,10614720,77323,763,4786569,0,0,0,0.0
2019,165924,69,pair_001_n3_001_conflict,conflict,1,0,0,12.570000000000002,0.04999999999999999,0,10619136,77354,763,4789026,0,0,0,0.0
2020,165991,67,pair_005_n5_005_control,control,0,1,0,1.3900000000000015,0.04999999999999999,0,10623424,77404,763,4791430,0,0,0,0.0
2021,166061,70,pair_013_n5_013_control,control,1,0,0,12.560000000000002,0.04999999999999999,0,10627904,77468,763,4793966,0,0,0,0.0
2022,166131,70,pair_006_n5_006_conflict,conflict,1,0,0,12.560000000000002,0.04999999999999999,0,10632384,77519,764,4796477,0,0,0,0.0
2023,166202,71,pair_005_n3_005_conflict,conflict,1,0,0,12.55,0.04999999999999999,0,10636928,77548,765,4799099,0,0,0,0.0
2024,166276,74,pair_014_n3_014_control,control,1,0,0,12.520000000000001,0.04999999999999999,0,10641664,77582,765,4801783,0,0,0,0.0
2025,166348,72,pair_016_n5_016_control,control,1,0,0,12.540000000000001,0.04999999999999999,0,10646272,77638,766,4804323,0,0,0,0.0
2026,166422,74,pair_015_n5_015_conflict,conflict,1,0,0,12.520000000000001,0.04999999999999999,0,10651008,77700,767,4806988,0,0,0,0.0
2027,166494,72,pair_000_n3_000_control,control,1,0,0,12.540000000000003,0.04999999999999999,0,10655616,77741,767,4809626,0,0,0,0.0
2028,166503,9,pair_008_n5_008_conflict,conflict,0,1,0,-0.9299999999999999,0.04999999999999999,0,10656192,77750,767,4809971,0,0,0,0.0
2029,166573,70,pair_006_n3_006_control,control,1,0,0,12.560000000000002,0.04999999999999999,0,10660672,77783,767,4812540,0,0,0,0.0
2030,166642,69,pair_009_n5_009_conflict,conflict,1,0,0,12.570000000000002,0.04999999999999999,0,10665088,77833,768,4815080,0,0,0,0.0
2031,166717,75,pair_011_n3_011_control,control,1,0,0,12.510000000000002,0.04999999999999999,0,10669888,77857,769,4817790,0,0,0,0.0
2032,166783,66,pair_003_n5_003_conflict,conflict,1,0,0,12.600000000000001,0.04999999999999999,0,10674112,77891,769,4820200,0,0,0,0.0
2033,166853,70,pair_011_n5_011_control,control,1,0,0,12.560000000000002,0.04999999999999999,0,10678592,77934,770,4822777,0,0,0,0.0
2034,166936,83,pair_010_n5_010_conflict,conflict,1,0,0,12.430000000000001,0.04999999999999999,0,10683904,77985,771,4825769,0,0,0,0.0
2035,167017,81,pair_007_n3_007_control,control,1,0,0,12.450000000000003,0.04999999999999999,0,10689088,78027,773,4828795,0,0,0,0.0
2036,167085,68,pair_005_n3_005_control,control,1,0,0,12.580000000000002,0.04999999999999999,0,10693440,78059,774,4831297,0,0,0,0.0
2037,167153,68,pair_016_n3_016_control,control,1,0,0,12.580000000000002,0.04999999999999999,0,10697792,78096,775,4833783,0,0,0,0.0
2038,167225,72,pair_017_n5_017_conflict,conflict,1,0,0,12.540000000000001,0.04999999999999999,0,10702400,78157,777,4836426,0,0,0,0.0
2039,167295,70,pair_007_n5_007_conflict,conflict,1,0,0,12.560000000000002,0.04999999999999999,0,10706880,78203,779,4839000,0,0,0,0.0
2040,167349,54,pair_003_n5_003_control,control,0,1,0,1.020000000000001,0.04999999999999999,0,10710336,78224,779,4840960,0,0,0,0.0
2041,167419,70,pair_011_n5_011_conflict,conflict,1,0,0,12.560000000000002,0.04999999999999999,0,10714816,78268,781,4843559,0,0,0,0.0
2042,167486,67,pair_016_n3_016_conflict,conflict,1,0,0,12.590000000000002,0.04999999999999999,0,10719104,78303,781,4846018,0,0,0,0.0
2043,167557,71,pair_008_n3_008_conflict,conflict,1,0,0,12.55,0.04999999999999999,0,10723648,78326,782,4848571,0,0,0,0.0
2044,167609,52,pair_000_n5_000_control,control,0,1,0,0.9900000000000011,0.04999999999999999,0,10726976,78354,782,4850479,0,0,0,0.0
2045,167619,10,pair_004_n3_004_conflict,conflict,0,1,0,-0.79,0.04999999999999999,0,10727616,78364,782,4850828,0,0,0,0.0
2046,167686,67,pair_011_n3_011_conflict,conflict,0,1,0,1.490000000000002,0.04999999999999999,0,10731904,78387,783,4853240,0,0,0,0.0
2047,167753,67,pair_017_n3_017_control,control,0,1,0,1.0900000000000012,0.04999999999999999,0,10736192,78424,784,4855669,0,0,0,0.0
2048,167822,69,pair_009_n3_009_control,control,1,0,0,12.570000000000002,0.04999999999999999,0,10740608,78464,784,4858136,0,0,0,0.0
2049,167889,67,pair_010_n3_010_control,control,1,0,0,12.590000000000002,0.04999999999999999,0,10744896,78492,784,4860560,0,0,0,0.0
2050,167951,62,pair_008_n5_008_control,control,0,1,0,1.240000000000001,0.04999999999999999,0,10748864,78528,785,4862774,0,0,0,0.0
2051,168022,71,pair_005_n5_005_conflict,conflict,1,0,0,12.55,0.04999999999999999,0,10753408,78575,785,4865301,0,0,0,0.0
2052,168093,71,pair_002_n5_002_control,control,1,0,0,12.55,0.04999999999999999,0,10757952,78620,786,4867855,0,0,0,0.0
2053,168166,73,pair_006_n5_006_control,control,1,0,0,12.530000000000003,0.04999999999999999,0,10762624,78673,786,4870510,0,0,0,0.0
2054,168239,73,pair_013_n5_013_conflict,conflict,1,0,0,12.530000000000001,0.04999999999999999,0,10767296,78738,787,4873175,0,0,0,0.0
2055,168320,81,pair_013_n3_013_conflict,conflict,1,0,0,12.450000000000001,0.04999999999999999,0,10772480,78792,788,4876161,0,0,0,0.0
2056,168409,89,pair_000_n3_000_conflict,conflict,1,0,0,12.370000000000001,0.04999999999999999,0,10778176,78827,789,4879438,0,0,0,0.0
2057,168486,77,pair_003_n3_003_conflict,conflict,1,0,0,12.490000000000002,0.04999999999999999,0,10783104,78843,789,4882243,0,0,0,0.0
2058,168559,73,pair_012_n5_012_control,control,1,0,0,12.530000000000003,0.04999999999999999,0,10787776,78893,789,4884985,0,0,0,0.0
2059,168629,70,pair_001_n5_001_control,control,1,0,0,12.560000000000002,0.04999999999999999,0,10792256,78934,792,4887547,0,0,0,0.0
2060,168699,70,pair_013_n3_013_control,control,1,0,0,12.560000000000002,0.04999999999999999,0,10796736,78983,792,4890137,0,0,0,0.0
2061,168704,5,pair_002_n3_002_control,control,0,1,0,-0.84,0.04999999999999999,0,10797056,78988,792,4890324,0,0,0,0.0
2062,168774,70,pair_002_n3_002_conflict,conflict,1,0,0,12.560000000000002,0.04999999999999999,0,10801536,79021,793,4892944,0,0,0,0.0
2063,168845,71,pair_003_n3_003_control,control,1,0,0,12.55,0.04999999999999999,0,10806080,79048,794,4895513,0,0,0,0.0
2064,168932,87,pair_006_n3_006_conflict,conflict,1,0,0,12.390000000000006,0.04999999999999999,0,10811648,79080,794,4898720,0,0,0,0.0
2065,169004,72,pair_000_n5_000_conflict,conflict,1,0,0,12.540000000000003,0.04999999999999999,0,10816256,79127,796,4901380,0,0,0,0.0
2066,169081,77,pair_014_n5_014_conflict,conflict,1,0,0,12.490000000000002,0.04999999999999999,0,10821184,79181,797,4904224,0,0,0,0.0
2067,169164,83,pair_001_n3_001_control,control,1,0,0,12.430000000000001,0.04999999999999999,0,10826496,79215,799,4907274,0,0,0,0.0
2068,169245,81,pair_004_n5_004_control,control,1,0,0,12.450000000000001,0.04999999999999999,0,10831680,79266,799,4910224,0,0,0,0.0
2069,169247,2,pair_002_n5_002_conflict,conflict,0,1,0,-0.96,0.04999999999999999,0,10831808,79268,799,4910299,0,0,0,0.0
2070,169323,76,pair_014_n3_014_conflict,conflict,1,0,0,12.500000000000002,0.04999999999999999,0,10836672,79316,800,4913162,0,0,0,0.0
2071,169390,67,pair_008_n3_008_control,control,0,1,0,1.4900000000000015,0.04999999999999999,0,10840960,79341,800,4915608,0,0,0,0.0
2072,169458,68,pair_015_n3_015_conflict,conflict,1,0,0,12.580000000000002,0.04999999999999999,0,10845312,79382,800,4918085,0,0,0,0.0
2073,169525,67,pair_007_n3_007_conflict,conflict,1,0,0,12.590000000000002,0.04999999999999999,0,10849600,79413,800,4920597,0,0,0,0.0
2074,169597,72,pair_007_n5_007_control,control,1,0,0,12.540000000000003,0.04999999999999999,0,10854208,79461,802,4923264,0,0,0,0.0
2075,169670,73,pair_010_n5_010_control,control,1,0,0,12.530000000000001,0.04999999999999999,0,10858880,79505,804,4925991,0,0,0,0.0
2076,169741,71,pair_017_n5_017_control,control,1,0,0,12.550000000000002,0.04999999999999999,0,10863424,79565,804,4928629,0,0,0,0.0
2077,169811,70,pair_016_n5_016_conflict,conflict,1,0,0,12.560000000000002,0.04999999999999999,0,10867904,79617,806,4931214,0,0,0,0.0
2078,169881,70,pair_004_n3_004_control,control,1,0,0,12.560000000000002,0.04999999999999999,0,10872384,79653,806,4933751,0,0,0,0.0
2079,169956,75,pair_015_n3_015_control,control,1,0,0,12.510000000000002,0.04999999999999999,0,10877184,79702,806,4936550,0,0,0,0.0
2080,170031,75,pair_012_n3_012_control,control,1,0,0,12.510000000000002,0.04999999999999999,0,10881984,79742,806,4939382,0,0,0,0.0
2081,170109,78,pair_017_n3_017_conflict,conflict,1,0,0,12.48,0.04999999999999999,0,10886976,79792,807,4942310,0,0,0,0.0
2082,170177,68,pair_010_n3_010_conflict,conflict,1,0,0,12.580000000000002,0.04999999999999999,0,10891328,79818,808,4944857,0,0,0,0.0
2083,170247,70,pair_009_n3_009_conflict,conflict,1,0,0,12.560000000000002,0.04999999999999999,0,10895808,79858,808,4947465,0,0,0,0.0
2084,170318,71,pair_004_n5_004_conflict,conflict,1,0,0,12.55,0.04999999999999999,0,10900352,79902,809,4950108,0,0,0,0.0
2085,170384,66,pair_014_n5_014_control,control,1,0,0,12.600000000000001,0.04999999999999999,0,10904576,79956,809,4952556,0,0,0,0.0
2086,170455,71,pair_012_n5_012_conflict,conflict,1,0,0,12.55,0.04999999999999999,0,10909120,80004,810,4955239,0,0,0,0.0
2087,170530,75,pair_001_n5_001_conflict,conflict,1,0,0,12.510000000000002,0.04999999999999999,0,10913920,80050,812,4958068,0,0,0,0.0
2088,170600,70,pair_004_n3_004_conflict,conflict,1,0,0,12.560000000000002,0.04999999999999999,0,10918400,80087,812,4960762,0,0,0,0.0
2089,170673,73,pair_002_n3_002_control,control,1,0,0,12.530000000000001,0.04999999999999999,0,10923072,80122,812,4963468,0,0,0,0.0
2090,170748,75,pair_003_n3_003_conflict,conflict,1,0,0,12.510000000000002,0.04999999999999999,0,10927872,80146,812,4966380,0,0,0,0.0
2091,170817,69,pair_015_n3_015_control,control,1,0,0,12.570000000000002,0.04999999999999999,0,10932288,80189,812,4968988,0,0,0,0.0
2092,170890,73,pair_003_n5_003_conflict,conflict,1,0,0,12.530000000000001,0.04999999999999999,0,10936960,80230,812,4971853,0,0,0,0.0
2093,170961,71,pair_005_n3_005_control,control,1,0,0,12.55,0.04999999999999999,0,10941504,80268,813,4974577,0,0,0,0.0
2094,171039,78,pair_009_n3_009_control,control,1,0,0,12.480000000000002,0.04999999999999999,0,10946496,80317,814,4977498,0,0,0,0.0
2095,171114,75,pair_001_n3_001_control,control,1,0,0,12.510000000000002,0.04999999999999999,0,10951296,80336,814,4980267,0,0,0,0.0
2096,171172,58,pair_013_n5_013_conflict,conflict,0,1,0,0.880000000000001,0.04999999999999999,0,10955008,80387,815,4982453,0,0,0,0.0
2097,171247,75,pair_009_n3_009_conflict,conflict,1,0,0,12.510000000000002,0.04999999999999999,0,10959808,80435,816,4985241,0,0,0,0.0
2098,171316,69,pair_000_n3_000_control,control,1,0,0,12.570000000000002,0.04999999999999999,0,10964224,80469,816,4987776,0,0,0,0.0
2099,171394,78,pair_017_n5_017_conflict,conflict,1,0,0,12.48,0.04999999999999999,0,10969216,80536,817,4990741,0,0,0,0.0
2100,171469,75,pair_017_n5_017_control,control,1,0,0,12.510000000000002,0.04999999999999999,0,10974016,80599,820,4993538,0,0,0,0.0
2101,171537,68,pair_014_n3_014_control,control,1,0,0,12.580000000000002,0.04999999999999999,0,10978368,80641,821,4996168,0,0,0,0.0
2102,171609,72,pair_017_n3_017_conflict,conflict,1,0,0,12.540000000000001,0.04999999999999999,0,10982976,80686,822,4998865,0,0,0,0.0
2103,171678,69,pair_000_n5_000_control,control,1,0,0,12.570000000000002,0.04999999999999999,0,10987392,80732,824,5001489,0,0,0,0.0
2104,171748,70,pair_014_n5_014_conflict,conflict,1,0,0,12.560000000000002,0.04999999999999999,0,10991872,80790,825,5004121,0,0,0,0.0
2105,171750,2,pair_013_n3_013_control,control,0,1,0,-0.96,0.04999999999999999,0,10992000,80792,825,5004211,0,0,0,0.0
2106,171817,67,pair_007_n3_007_conflict,conflict,1,0,0,12.590000000000002,0.04999999999999999,0,10996288,80824,825,5006767,0,0,0,0.0
2107,171886,69,pair_011_n3_011_control,control,1,0,0,12.570000000000002,0.04999999999999999,0,11000704,80851,825,5009366,0,0,0,0.0
2108,171955,69,pair_004_n3_004_control,control,1,0,0,12.570000000000002,0.04999999999999999,0,11005120,80885,825,5011927,0,0,0,0.0
2109,172028,73,pair_009_n5_009_control,control,1,0,0,12.530000000000001,0.04999999999999999,0,11009792,80934,825,5014634,0,0,0,0.0
2110,172101,73,pair_005_n5_005_control,control,1,0,0,12.530000000000001,0.04999999999999999,0,11014464,80989,826,5017311,0,0,0,0.0
2111,172176,75,pair_002_n5_002_control,control,1,0,0,12.510000000000002,0.04999999999999999,0,11019264,81025,826,5020090,0,0,0,0.0
2112,172251,75,pair_012_n3_012_conflict,conflict,1,0,0,12.510000000000002,0.04999999999999999,0,11024064,81062,826,5022873,0,0,0,0.0
2113,172323,72,pair_003_n3_003_control,control,1,0,0,12.540000000000001,0.04999999999999999,0,11028672,81096,826,5025522,0,0,0,0.0
2114,172399,76,pair_001_n5_001_control,control,1,0,0,12.500000000000002,0.04999999999999999,0,11033536,81126,826,5028378,0,0,0,0.0
2115,172473,74,pair_015_n5_015_conflict,conflict,1,0,0,12.520000000000001,0.04999999999999999,0,11038272,81183,827,5031127,0,0,0,0.0
2116,172544,71,pair_005_n5_005_conflict,conflict,1,0,0,12.55,0.04999999999999999,0,11042816,81233,828,5033819,0,0,0,0.0
2117,172616,72,pair_016_n3_016_control,control,1,0,0,12.540000000000001,0.04999999999999999,0,11047424,81270,829,5036494,0,0,0,0.0
2118,172688,72,pair_006_n3_006_conflict,conflict,1,0,0,12.540000000000001,0.04999999999999999,0,11052032,81306,829,5039175,0,0,0,0.0
2119,172758,70,pair_013_n5_013_control,control,1,0,0,12.560000000000002,0.04999999999999999,0,11056512,81369,829,5041799,0,0,0,0.0
2120,172830,72,pair_010_n3_010_control,control,1,0,0,12.540000000000001,0.04999999999999999,0,11061120,81412,830,5044552,0,0,0,0.0
2121,172902,72,pair_010_n3_010_conflict,conflict,1,0,0,12.540000000000001,0.04999999999999999,0,11065728,81456,831,5047241,0,0,0,0.0
2122,172972,70,pair_010_n5_010_control,control,1,0,0,12.560000000000002,0.04999999999999999,0,11070208,81509,832,5049856,0,0,0,0.0
2123,173032,60,pair_008_n5_008_conflict,conflict,0,1,0,1.2600000000000016,0.04999999999999999,0,11074048,81547,832,5052091,0,0,0,0.0
2124,173099,67,pair_012_n3_012_control,control,1,0,0,12.590000000000002,0.04999999999999999,0,11078336,81577,832,5054614,0,0,0,0.0
2125,173179,80,pair_002_n5_002_conflict,conflict,1,0,0,12.46,0.04999999999999999,0,11083456,81623,833,5057658,0,0,0,0.0
2126,173250,71,pair_011_n3_011_conflict,conflict,1,0,0,12.55,0.04999999999999999,0,11088000,81645,834,5060289,0,0,0,0.0
2127,173314,64,pair_014_n3_014_conflict,conflict,0,1,0,1.1700000000000013,0.04999999999999999,0,11092096,81681,835,5062703,0,0,0,0.0
2128,173384,70,pair_006_n5_006_conflict,conflict,1,0,0,12.560000000000002,0.04999999999999999,0,11096576,81732,836,5065302,0,0,0,0.0
2129,173455,71,pair_006_n3_006_control,control,1,0,0,12.55,0.04999999999999999,0,11101120,81771,836,5067994,0,0,0,0.0
2130,173525,70,pair_016_n3_016_conflict,conflict,1,0,0,12.560000000000002,0.04999999999999999,0,11105600,81809,837,5070599,0,0,0,0.0
2131,173600,75,pair_007_n3_007_control,control,1,0,0,12.510000000000002,0.04999999999999999,0,11110400,81856,837,5073389,0,0,0,0.0
2132,173673,73,pair_004_n5_004_conflict,conflict,1,0,0,12.530000000000001,0.04999999999999999,0,11115072,81903,839,5076086,0,0,0,0.0
2133,173741,68,pair_007_n5_007_conflict,conflict,1,0,0,12.580000000000002,0.04999999999999999,0,11119424,81960,841,5078653,0,0,0,0.0
2134,173821,80,pair_007_n5_007_control,control,1,0,0,12.46,0.04999999999999999,0,11124544,82014,844,5081659,0,0,0,0.0
2135,173890,69,pair_015_n5_015_control,control,1,0,0,12.570000000000002,0.04999999999999999,0,11128960,82051,844,5084278,0,0,0,0.0
2136,173958,68,pair_000_n3_000_conflict,conflict,1,0,0,12.580000000000002,0.04999999999999999,0,11133312,82086,844,5086860,0,0,0,0.0
2137,174024,66,pair_000_n5_000_conflict,conflict,0,1,0,1.6000000000000014,0.04999999999999999,0,11137536,82129,844,5089327,0,0,0,0.0
2138,174092,68,pair_003_n5_003_control,control,1,0,0,12.580000000000002,0.04999999999999999,0,11141888,82165,845,5091869,0,0,0,0.0
2139,174098,6,pair_011_n5_011_conflict,conflict,0,1,0,-0.8,0.04999999999999999,0,11142272,82171,845,5092079,0,0,0,0.0
2140,174170,72,pair_008_n3_008_control,control,1,0,0,12.540000000000001,0.04999999999999999,0,11146880,82196,846,5094816,0,0,0,0.0
2141,174240,70,pair_006_n5_006_control,control,1,0,0,12.560000000000002,0.04999999999999999,0,11151360,82244,846,5097455,0,0,0,0.0
2142,174311,71,pair_016_n5_016_conflict,conflict,1,0,0,12.55,0.04999999999999999,0,11155904,82300,848,5100092,0,0,0,0.0
2143,174379,68,pair_012_n5_012_control,control,1,0,0,12.580000000000002,0.04999999999999999,0,11160256,82345,848,5102671,0,0,0,0.0
2144,174445,66,pair_014_n5_014_control,control,1,0,0,12.600000000000001,0.04999999999999999,0,11164480,82399,848,5105192,0,0,0,0.0
2145,174514,69,pair_012_n5_012_conflict,conflict,1,0,0,12.570000000000002,0.04999999999999999,0,11168896,82448,851,5107779,0,0,0,0.0
2146,174588,74,pair_010_n5_010_conflict,conflict,1,0,0,12.520000000000001,0.04999999999999999,0,11173632,82494,853,5110550,0,0,0,0.0
2147,174658,70,pair_001_n5_001_conflict,conflict,1,0,0,12.560000000000002,0.04999999999999999,0,11178112,82536,854,5113137,0,0,0,0.0
2148,174739,81,pair_011_n5_011_control,control,1,0,0,12.450000000000001,0.04999999999999999,0,11183296,82583,854,5116211,0,0,0,0.0
2149,174816,77,pair_017_n3_017_control,control,1,0,0,12.490000000000002,0.04999999999999999,0,11188224,82637,854,5119135,0,0,0,0.0
2150,174916,100,pair_002_n3_002_conflict,conflict,1,0,0,12.260000000000002,0.04999999999999999,0,11194624,82656,854,5122905,0,0,0,0.0
2151,174991,75,pair_015_n3_015_conflict,conflict,1,0,0,12.510000000000002,0.04999999999999999,0,11199424,82672,854,5125700,0,0,0,0.0
2152,175065,74,pair_009_n5_009_conflict,conflict,1,0,0,12.520000000000001,0.04999999999999999,0,11204160,82699,854,5128429,0,0,0,0.0
2153,175144,79,pair_008_n5_008_control,control,1,0,0,12.470000000000002,0.04999999999999999,0,11209216,82723,854,5131255,0,0,0,0.0
2154,175223,79,pair_016_n5_016_control,control,1,0,0,12.470000000000002,0.04999999999999999,0,11214272,82754,854,5134120,0,0,0,0.0
2155,175293,70,pair_008_n3_008_conflict,conflict,1,0,0,12.560000000000002,0.04999999999999999,0,11218752,82778,854,5136696,0,0,0,0.0
2156,175369,76,pair_005_n3_005_conflict,conflict,1,0,0,12.500000000000002,0.04999999999999999,0,11223616,82802,854,5139525,0,0,0,0.0
2157,175438,69,pair_001_n3_001_conflict,conflict,1,0,0,12.570000000000002,0.04999999999999999,0,11228032,82836,854,5142111,0,0,0,0.0
2158,175520,82,pair_004_n5_004_control,control,1,0,0,12.440000000000001,0.04999999999999999,0,11233280,82860,854,5145039,0,0,0,0.0
2159,175596,76,pair_013_n3_013_conflict,conflict,1,0,0,12.500000000000002,0.04999999999999999,0,11238144,82876,854,5147775,0,0,0,0.0
2160,175672,76,pair_015_n3_015_conflict,conflict,1,0,0,12.500000000000002,0.04999999999999999,0,11243008,82893,854,5150531,0,0,0,0.0
2161,175746,74,pair_003_n5_003_control,control,1,0,0,12.520000000000001,0.04999999999999999,0,11247744,82910,854,5153130,0,0,0,0.0
2162,175820,74,pair_011_n5_011_conflict,conflict,1,0,0,12.520000000000001,0.04999999999999999,0,11252480,82957,854,5155742,0,0,0,0.0
2163,175904,84,pair_007_n3_007_conflict,conflict,1,0,0,12.420000000000002,0.04999999999999999,0,11257856,82995,854,5158786,0,0,0,0.0
2164,175979,75,pair_004_n3_004_control,control,1,0,0,12.510000000000002,0.04999999999999999,0,11262656,83033,854,5161478,0,0,0,0.0
2165,176054,75,pair_002_n3_002_control,control,1,0,0,12.510000000000002,0.04999999999999999,0,11267456,83066,854,5164135,0,0,0,0.0
2166,176129,75,pair_000_n5_000_conflict,conflict,1,0,0,12.510000000000002,0.04999999999999999,0,11272256,83122,855,5166793,0,0,0,0.0
2167,176201,72,pair_017_n3_017_conflict,conflict,1,0,0,12.540000000000003,0.04999999999999999,0,11276864,83165,857,5169377,0,0,0,0.0
2168,176273,72,pair_016_n5_016_control,control,1,0,0,12.540000000000001,0.04999999999999999,0,11281472,83220,857,5171899,0,0,0,0.0
2169,176342,69,pair_015_n3_015_control,control,1,0,0,12.570000000000002,0.04999999999999999,0,11285888,83263,857,5174379,0,0,0,0.0
2170,176409,67,pair_008_n5_008_control,control,1,0,0,12.590000000000002,0.04999999999999999,0,11290176,83307,857,5176743,0,0,0,0.0
2171,176483,74,pair_008_n3_008_conflict,conflict,1,0,0,12.520000000000001,0.04999999999999999,0,11294912,83338,858,5179384,0,0,0,0.0
2172,176552,69,pair_015_n5_015_control,control,1,0,0,12.570000000000002,0.04999999999999999,0,11299328,83394,858,5181876,0,0,0,0.0
2173,176619,67,pair_014_n5_014_control,control,1,0,0,12.590000000000002,0.04999999999999999,0,11303616,83449,859,5184368,0,0,0,0.0
2174,176689,70,pair_013_n3_013_conflict,conflict,1,0,0,12.560000000000002,0.04999999999999999,0,11308096,83493,859,5186961,0,0,0,0.0
2175,176760,71,pair_013_n5_013_conflict,conflict,1,0,0,12.55,0.04999999999999999,0,11312640,83557,861,5189530,0,0,0,0.0
2176,176835,75,pair_016_n3_016_conflict,conflict,1,0,0,12.510000000000002,0.04999999999999999,0,11317440,83601,862,5192243,0,0,0,0.0
2177,176916,81,pair_017_n5_017_conflict,conflict,1,0,0,12.450000000000003,0.04999999999999999,0,11322624,83671,865,5195233,0,0,0,0.0
2178,176988,72,pair_003_n3_003_conflict,conflict,1,0,0,12.540000000000001,0.04999999999999999,0,11327232,83695,866,5197822,0,0,0,0.0
2179,177060,72,pair_003_n3_003_control,control,1,0,0,12.540000000000001,0.04999999999999999,0,11331840,83733,867,5200407,0,0,0,0.0
2180,177135,75,pair_005_n3_005_conflict,conflict,1,0,0,12.510000000000002,0.04999999999999999,0,11336640,83777,867,5203185,0,0,0,0.0
2181,177202,67,pair_007_n3_007_control,control,1,0,0,12.590000000000002,0.04999999999999999,0,11340928,83809,867,5205565,0,0,0,0.0
2182,177272,70,pair_008_n3_008_control,control,1,0,0,12.560000000000002,0.04999999999999999,0,11345408,83835,867,5208099,0,0,0,0.0
2183,177345,73,pair_012_n5_012_control,control,1,0,0,12.530000000000001,0.04999999999999999,0,11350080,83884,867,5210813,0,0,0,0.0
2184,177420,75,pair_009_n3_009_control,control,1,0,0,12.510000000000002,0.04999999999999999,0,11354880,83932,868,5213505,0,0,0,0.0
2185,177489,69,pair_007_n5_007_control,control,1,0,0,12.570000000000002,0.04999999999999999,0,11359296,83976,869,5216001,0,0,0,0.0
2186,177559,70,pair_014_n5_014_conflict,conflict,1,0,0,12.560000000000002,0.04999999999999999,0,11363776,84034,870,5218559,0,0,0,0.0
2187,177637,78,pair_003_n5_003_conflict,conflict,1,0,0,12.48,0.04999999999999999,0,11368768,84091,872,5221442,0,0,0,0.0
2188,177705,68,pair_006_n3_006_control,control,1,0,0,12.580000000000002,0.04999999999999999,0,11373120,84123,872,5223908,0,0,0,0.0
2189,177778,73,pair_016_n3_016_control,control,1,0,0,12.530000000000001,0.04999999999999999,0,11377792,84164,874,5226480,0,0,0,0.0
2190,177847,69,pair_011_n3_011_conflict,conflict,1,0,0,12.570000000000002,0.04999999999999999,0,11382208,84189,874,5229026,0,0,0,0.0
2191,177967,120,pair_014_n3_014_control,control,1,0,0,12.06,0.04999999999999999,0,11389888,84225,874,5233390,0,0,0,0.0
2192,178041,74,pair_010_n3_010_control,control,1,0,0,12.520000000000001,0.04999999999999999,0,11394624,84270,874,5236122,0,0,0,0.0
2193,178047,6,pair_015_n5_015_conflict,conflict,0,1,0,-0.9,0.04999999999999999,0,11395008,84276,875,5236359,0,0,0,0.0
2194,178116,69,pair_013_n5_013_control,control,1,0,0,12.570000000000002,0.04999999999999999,0,11399424,84338,875,5238927,0,0,0,0.0
2195,178186,70,pair_014_n3_014_conflict,conflict,1,0,0,12.560000000000002,0.04999999999999999,0,11403904,84377,875,5241551,0,0,0,0.0
2196,178255,69,pair_000_n5_000_control,control,1,0,0,12.570000000000002,0.04999999999999999,0,11408320,84426,877,5244054,0,0,0,0.0
2197,178327,72,pair_010_n5_010_control,control,1,0,0,12.540000000000003,0.04999999999999999,0,11412928,84480,879,5246632,0,0,0,0.0
2198,178395,68,pair_004_n3_004_conflict,conflict,1,0,0,12.580000000000002,0.04999999999999999,0,11417280,84516,880,5249129,0,0,0,0.0
2199,178467,72,pair_007_n5_007_conflict,conflict,1,0,0,12.540000000000003,0.04999999999999999,0,11421888,84563,881,5251698,0,0,0,0.0
2200,178534,67,pair_004_n5_004_control,control,1,0,0,12.590000000000002,0.04999999999999999,0,11426176,84609,882,5254192,0,0,0,0.0
2201,178607,73,pair_006_n5_006_control,control,1,0,0,12.530000000000001,0.04999999999999999,0,11430848,84658,882,5256878,0,0,0,0.0
2202,178678,71,pair_005_n5_005_conflict,conflict,1,0,0,12.55,0.04999999999999999,0,11435392,84707,884,5259442,0,0,0,0.0
2203,178753,75,pair_000_n3_000_conflict,conflict,1,0,0,12.510000000000002,0.04999999999999999,0,11440192,84745,884,5262221,0,0,0,0.0
2204,178823,70,pair_017_n3_017_control,control,1,0,0,12.560000000000002,0.04999999999999999,0,11444672,84789,884,5264728,0,0,0,0.0
2205,178904,81,pair_002_n5_002_conflict,conflict,1,0,0,12.450000000000001,0.04999999999999999,0,11449856,84846,885,5267693,0,0,0,0.0
2206,178984,80,pair_010_n5_010_conflict,conflict,1,0,0,12.46,0.04999999999999999,0,11454976,84876,885,5270637,0,0,0,0.0
2207,178986,2,pair_012_n5_012_conflict,conflict,0,1,0,-0.96,0.04999999999999999,0,11455104,84878,885,5270717,0,0,0,0.0
2208,179055,69,pair_009_n3_009_conflict,conflict,1,0,0,12.570000000000002,0.04999999999999999,0,11459520,84919,885,5273213,0,0,0,0.0
2209,179124,69,pair_006_n3_006_conflict,conflict,1,0,0,12.570000000000002,0.04999999999999999,0,11463936,84950,885,5275759,0,0,0,0.0
2210,179192,68,pair_012_n3_012_control,control,1,0,0,12.580000000000002,0.04999999999999999,0,11468288,84982,885,5278257,0,0,0,0.0
2211,179263,71,pair_012_n3_012_conflict,conflict,1,0,0,12.55,0.04999999999999999,0,11472832,85012,885,5280814,0,0,0,0.0
2212,179332,69,pair_001_n5_001_conflict,conflict,1,0,0,12.570000000000002,0.04999999999999999,0,11477248,85054,886,5283321,0,0,0,0.0
2213,179402,70,pair_005_n3_005_control,control,1,0,0,12.560000000000002,0.04999999999999999,0,11481728,85090,886,5285903,0,0,0,0.0
2214,179474,72,pair_002_n5_002_control,control,1,0,0,12.540000000000003,0.04999999999999999,0,11486336,85139,889,5288509,0,0,0,0.0
2215,179545,71,pair_013_n3_013_control,control,1,0,0,12.55,0.04999999999999999,0,11490880,85187,889,5291130,0,0,0,0.0
2216,179616,71,pair_011_n3_011_control,control,1,0,0,12.55,0.04999999999999999,0,11495424,85212,890,5293720,0,0,0,0.0
2217,179682,66,pair_010_n3_010_conflict,conflict,1,0,0,12.600000000000001,0.04999999999999999,0,11499648,85240,890,5296122,0,0,0,0.0
2218,179761,79,pair_001_n3_001_control,control,1,0,0,12.470000000000002,0.04999999999999999,0,11504704,85291,890,5299068,0,0,0,0.0
2219,179832,71,pair_011_n5_011_control,control,1,0,0,12.55,0.04999999999999999,0,11509248,85336,892,5301705,0,0,0,0.0
2220,179902,70,pair_001_n3_001_conflict,conflict,1,0,0,12.560000000000002,0.04999999999999999,0,11513728,85381,892,5304262,0,0,0,0.0
2221,179977,75,pair_005_n5_005_control,control,1,0,0,12.510000000000002,0.04999999999999999,0,11518528,85438,894,5307029,0,0,0,0.0
2222,180059,82,pair_016_n5_016_conflict,conflict,1,0,0,12.440000000000001,0.04999999999999999,0,11523776,85498,896,5310041,0,0,0,0.0
2223,180127,68,pair_009_n5_009_conflict,conflict,1,0,0,12.580000000000002,0.04999999999999999,0,11528128,85548,898,5312537,0,0,0,0.0
2224,180196,69,pair_004_n5_004_conflict,conflict,1,0,0,12.570000000000002,0.04999999999999999,0,11532544,85598,900,5315111,0,0,0,0.0
2225,180266,70,pair_006_n5_006_conflict,conflict,1,0,0,12.560000000000002,0.04999999999999999,0,11537024,85649,901,5317684,0,0,0,0.0
2226,180336,70,pair_000_n3_000_control,control,1,0,0,12.560000000000002,0.04999999999999999,0,11541504,85686,902,5320242,0,0,0,0.0
2227,180407,71,pair_009_n5_009_control,control,1,0,0,12.55,0.04999999999999999,0,11546048,85737,903,5322835,0,0,0,0.0
2228,180475,68,pair_017_n5_017_control,control,1,0,0,12.580000000000002,0.04999999999999999,0,11550400,85794,903,5325370,0,0,0,0.0
2229,180551,76,pair_008_n5_008_conflict,conflict,1,0,0,12.500000000000002,0.04999999999999999,0,11555264,85847,906,5328153,0,0,0,0.0
2230,180621,70,pair_001_n5_001_control,control,1,0,0,12.560000000000002,0.04999999999999999,0,11559744,85903,907,5330679,0,0,0,0.0
2231,180702,81,pair_002_n3_002_conflict,conflict,1,0,0,12.450000000000001,0.04999999999999999,0,11564928,85944,909,5333647,0,0,0,0.0
2232,180772,70,pair_002_n5_002_control,control,1,0,0,12.560000000000002,0.04999999999999999,0,11569408,85991,910,5336220,0,0,0,0.0
2233,180780,8,pair_012_n3_012_control,control,0,1,0,-0.87,0.04999999999999999,0,11569920,85999,910,5336519,0,0,0,0.0
2234,180851,71,pair_000_n5_000_conflict,conflict,1,0,0,12.55,0.04999999999999999,0,11574464,86050,911,5339175,0,0,0,0.0
2235,180920,69,pair_006_n5_006_conflict,conflict,1,0,0,12.570000000000002,0.04999999999999999,0,11578880,86098,912,5341711,0,0,0,0.0
2236,181002,82,pair_003_n5_003_control,control,1,0,0,12.440000000000001,0.04999999999999999,0,11584128,86157,913,5344798,0,0,0,0.0
2237,181071,69,pair_015_n3_015_control,control,1,0,0,12.570000000000002,0.04999999999999999,0,11588544,86197,913,5347414,0,0,0,0.0
2238,181143,72,pair_016_n5_016_control,control,1,0,0,12.540000000000003,0.04999999999999999,0,11593152,86251,913,5350044,0,0,0,0.0
2239,181212,69,pair_003_n3_003_control,control,0,1,0,1.5200000000000014,0.04999999999999999,0,11597568,86285,913,5352581,0,0,0,0.0
2240,181289,77,pair_011_n3_011_control,control,1,0,0,12.490000000000002,0.04999999999999999,0,11602496,86315,914,5355472,0,0,0,0.0
2241,181360,71,pair_013_n3_013_control,control,1,0,0,12.55,0.04999999999999999,0,11607040,86364,914,5358113,0,0,0,0.0
2242,181426,66,pair_014_n3_014_control,control,1,0,0,12.600000000000001,0.04999999999999999,0,11611264,86403,914,5360529,0,0,0,0.0
2243,181507,81,pair_008_n5_008_conflict,conflict,1,0,0,12.450000000000001,0.04999999999999999,0,11616448,86459,914,5363535,0,0,0,0.0
2244,181578,71,pair_002_n3_002_control,control,1,0,0,12.55,0.04999999999999999,0,11620992,86493,915,5366229,0,0,0,0.0
2245,181647,69,pair_002_n3_002_conflict,conflict,1,0,0,12.570000000000002,0.04999999999999999,0,11625408,86528,916,5368758,0,0,0,0.0
2246,181713,66,pair_000_n5_000_control,control,1,0,0,12.600000000000001,0.04999999999999999,0,11629632,86570,916,5371191,0,0,0,0.0
2247,181782,69,pair_015_n5_015_control,control,1,0,0,12.570000000000002,0.04999999999999999,0,11634048,86621,916,5373723,0,0,0,0.0
2248,181865,83,pair_005_n3_005_control,control,1,0,0,12.430000000000001,0.04999999999999999,0,11639360,86651,916,5376793,0,0,0,0.0
2249,181933,68,pair_000_n3_000_conflict,conflict,1,0,0,12.580000000000002,0.04999999999999999,0,11643712,86685,917,5379294,0,0,0,0.0
2250,182017,84,pair_001_n3_001_conflict,conflict,1,0,0,12.420000000000002,0.04999999999999999,0,11649088,86724,917,5382440,0,0,0,0.0
2251,182073,56,pair_004_n5_004_control,control,0,1,0,0.9500000000000011,0.04999999999999999,0,11652672,86759,917,5384490,0,0,0,0.0
2252,182079,6,pair_007_n3_007_control,control,0,1,0,-0.8,0.04999999999999999,0,11653056,86765,917,5384696,0,0,0,0.0
2253,182160,81,pair_008_n5_008_control,control,1,0,0,12.450000000000003,0.04999999999999999,0,11658240,86820,919,5387663,0,0,0,0.0
2254,182231,71,pair_010_n5_010_control,control,1,0,0,12.55,0.04999999999999999,0,11662784,86861,921,5390240,0,0,0,0.0
2255,182297,66,pair_009_n3_009_conflict,conflict,1,0,0,12.600000000000001,0.04999999999999999,0,11667008,86898,921,5392682,0,0,0,0.0
2256,182371,74,pair_014_n5_014_control,control,1,0,0,12.520000000000003,0.04999999999999999,0,11671744,86958,922,5395371,0,0,0,0.0
2257,182437,66,pair_016_n3_016_conflict,conflict,1,0,0,12.600000000000001,0.04999999999999999,0,11675968,86993,923,5397774,0,0,0,0.0
2258,182514,77,pair_010_n3_010_control,control,0,1,0,1.490000000000002,0.04999999999999999,0,11680896,87039,923,5400634,0,0,0,0.0
2259,182582,68,pair_015_n5_015_conflict,conflict,1,0,0,12.580000000000002,0.04999999999999999,0,11685248,87095,924,5403161,0,0,0,0.0
2260,182659,77,pair_012_n5_012_control,control,1,0,0,12.490000000000002,0.04999999999999999,0,11690176,87149,925,5406000,0,0,0,0.0
2261,182725,66,pair_001_n3_001_control,control,1,0,0,12.600000000000001,0.04999999999999999,0,11694400,87192,925,5408464,0,0,0,0.0
2262,182797,72,pair_004_n3_004_conflict,conflict,1,0,0,12.540000000000003,0.04999999999999999,0,11699008,87231,926,5411154,0,0,0,0.0
2263,182866,69,pair_001_n5_001_control,control,1,0,0,12.570000000000002,0.04999999999999999,0,11703424,87285,928,5413770,0,0,0,0.0
2264,182941,75,pair_009_n3_009_control,control,1,0,0,12.510000000000002,0.04999999999999999,0,11708224,87331,929,5416565,0,0,0,0.0
2265,183008,67,pair_007_n5_007_control,control,1,0,0,12.590000000000002,0.04999999999999999,0,11712512,87372,930,5419122,0,0,0,0.0
2266,183081,73,pair_004_n3_004_control,control,1,0,0,12.530000000000001,0.04999999999999999,0,11717184,87409,930,5421847,0,0,0,0.0
2267,183159,78,pair_015_n3_015_conflict,conflict,1,0,0,12.48,0.04999999999999999,0,11722176,87456,930,5424713,0,0,0,0.0
2268,183229,70,pair_011_n5_011_control,control,1,0,0,12.560000000000002,0.04999999999999999,0,11726656,87498,931,5427239,0,0,0,0.0
2269,183297,68,pair_014_n3_014_conflict,conflict,1,0,0,12.580000000000002,0.04999999999999999,0,11731008,87538,932,5429802,0,0,0,0.0
2270,183375,78,pair_003_n5_003_conflict,conflict,1,0,0,12.480000000000002,0.04999999999999999,0,11736000,87576,932,5432735,0,0,0,0.0
2271,183442,67,pair_011_n3_011_conflict,conflict,1,0,0,12.590000000000002,0.04999999999999999,0,11740288,87598,932,5435199,0,0,0,0.0
2272,183514,72,pair_007_n5_007_conflict,conflict,1,0,0,12.540000000000003,0.04999999999999999,0,11744896,87650,933,5437803,0,0,0,0.0
2273,183584,70,pair_013_n5_013_conflict,conflict,1,0,0,12.560000000000002,0.04999999999999999,0,11749376,87714,936,5440418,0,0,0,0.0
2274,183656,72,pair_017_n5_017_conflict,conflict,1,0,0,12.540000000000003,0.04999999999999999,0,11753984,87775,940,5443090,0,0,0,0.0
2275,183729,73,pair_013_n3_013_conflict,conflict,1,0,0,12.530000000000001,0.04999999999999999,0,11758656,87823,942,5445827,0,0,0,0.0
2276,183801,72,pair_016_n3_016_control,control,1,0,0,12.540000000000003,0.04999999999999999,0,11763264,87862,942,5448564,0,0,0,0.0
2277,183873,72,pair_006_n5_006_control,control,1,0,0,12.540000000000001,0.04999999999999999,0,11767872,87925,942,5451308,0,0,0,0.0
2278,183943,70,pair_010_n5_010_conflict,conflict,1,0,0,12.560000000000002,0.04999999999999999,0,11772352,87981,944,5454026,0,0,0,0.0
2279,184015,72,pair_005_n5_005_conflict,conflict,1,0,0,12.540000000000001,0.04999999999999999,0,11776960,88032,945,5456850,0,0,0,0.0
2280,184082,67,pair_010_n3_010_conflict,conflict,1,0,0,12.590000000000002,0.04999999999999999,0,11781248,88073,946,5459509,0,0,0,0.0
2281,184155,73,pair_007_n3_007_conflict,conflict,1,0,0,12.530000000000001,0.04999999999999999,0,11785920,88111,946,5462378,0,0,0,0.0
2282,184222,67,pair_017_n5_017_control,control,1,0,0,12.590000000000002,0.04999999999999999,0,11790208,88166,946,5464981,0,0,0,0.0
2283,184292,70,pair_003_n3_003_conflict,conflict,1,0,0,12.560000000000002,0.04999999999999999,0,11794688,88205,947,5467746,0,0,0,0.0
2284,184359,67,pair_008_n3_008_control,control,1,0,0,12.590000000000002,0.04999999999999999,0,11798976,88231,948,5470333,0,0,0,0.0
2285,184428,69,pair_005_n3_005_conflict,conflict,1,0,0,12.570000000000002,0.04999999999999999,0,11803392,88268,948,5473022,0,0,0,0.0
2286,184497,69,pair_001_n5_001_conflict,conflict,1,0,0,12.570000000000002,0.04999999999999999,0,11807808,88323,949,5475798,0,0,0,0.0
2287,184499,2,pair_012_n3_012_conflict,conflict,0,1,0,-0.96,0.04999999999999999,0,11807936,88325,949,5475882,0,0,0,0.0
2288,184577,78,pair_014_n5_014_conflict,conflict,1,0,0,12.48,0.04999999999999999,0,11812928,88380,950,5479004,0,0,0,0.0
2289,184644,67,pair_011_n5_011_conflict,conflict,1,0,0,12.590000000000002,0.04999999999999999,0,11817216,88419,951,5481700,0,0,0,0.0
2290,184716,72,pair_006_n3_006_control,control,1,0,0,12.540000000000001,0.04999999999999999,0,11821824,88454,951,5484571,0,0,0,0.0
2291,184718,2,pair_013_n5_013_control,control,0,1,0,-0.96,0.04999999999999999,0,11821952,88456,951,5484652,0,0,0,0.0
2292,184795,77,pair_002_n5_002_conflict,conflict,1,0,0,12.490000000000002,0.04999999999999999,0,11826880,88504,953,5487704,0,0,0,0.0
2293,184862,67,pair_000_n3_000_control,control,1,0,0,12.590000000000002,0.04999999999999999,0,11831168,88540,954,5490357,0,0,0,0.0
2294,184933,71,pair_009_n5_009_conflict,conflict,1,0,0,12.55,0.04999999999999999,0,11835712,88591,956,5493194,0,0,0,0.0
2295,185006,73,pair_012_n5_012_conflict,conflict,1,0,0,12.530000000000001,0.04999999999999999,0,11840384,88640,957,5496166,0,0,0,0.0
2296,185075,69,pair_009_n5_009_control,control,1,0,0,12.570000000000002,0.04999999999999999,0,11844800,88689,957,5498880,0,0,0,0.0
2297,185144,69,pair_005_n5_005_control,control,1,0,0,12.570000000000002,0.04999999999999999,0,11849216,88740,959,5501641,0,0,0,0.0
2298,185212,68,pair_004_n5_004_conflict,conflict,0,1,0,1.4300000000000015,0.04999999999999999,0,11853568,88788,961,5504313,0,0,0,0.0
2299,185282,70,pair_017_n3_017_conflict,conflict,1,0,0,12.560000000000002,0.04999999999999999,0,11858048,88830,961,5507146,0,0,0,0.0
2300,185369,87,pair_008_n3_008_conflict,conflict,1,0,0,12.39,0.04999999999999999,0,11863616,88863,961,5510598,0,0,0,0.0
2301,185441,72,pair_016_n5_016_conflict,conflict,1,0,0,12.540000000000001,0.04999999999999999,0,11868224,88918,962,5513380,0,0,0,0.0
2302,185516,75,pair_017_n3_017_control,control,1,0,0,12.510000000000002,0.04999999999999999,0,11873024,88964,962,5516297,0,0,0,0.0
2303,185588,72,pair_006_n3_006_conflict,conflict,1,0,0,12.540000000000001,0.04999999999999999,0,11877632,88996,963,5519142,0,0,0,0.0
2304,185660,72,pair_013_n3_013_control,control,1,0,0,12.540000000000003,0.04999999999999999,0,11882240,89014,963,5521986,0,0,0,0.0
2305,185739,79,pair_013_n5_013_conflict,conflict,1,0,0,12.470000000000002,0.04999999999999999,0,11887296,89031,963,5525078,0,0,0,0.0
2306,185812,73,pair_017_n5_017_control,control,1,0,0,12.530000000000001,0.04999999999999999,0,11891968,89093,963,5527919,0,0,0,0.0
2307,185884,72,pair_012_n5_012_conflict,conflict,1,0,0,12.540000000000001,0.04999999999999999,0,11896576,89143,964,5530761,0,0,0,0.0
2308,185960,76,pair_007_n5_007_conflict,conflict,1,0,0,12.500000000000002,0.04999999999999999,0,11901440,89194,965,5533763,0,0,0,0.0
2309,186031,71,pair_008_n3_008_conflict,conflict,1,0,0,12.55,0.04999999999999999,0,11905984,89223,966,5536605,0,0,0,0.0
2310,186104,73,pair_008_n3_008_control,control,1,0,0,12.530000000000001,0.04999999999999999,0,11910656,89263,966,5539479,0,0,0,0.0
2311,186173,69,pair_014_n3_014_control,control,1,0,0,12.570000000000002,0.04999999999999999,0,11915072,89302,967,5542153,0,0,0,0.0
2312,186248,75,pair_012_n3_012_conflict,conflict,1,0,0,12.510000000000002,0.04999999999999999,0,11919872,89329,967,5545143,0,0,0,0.0
2313,186317,69,pair_004_n5_004_control,control,1,0,0,12.570000000000002,0.04999999999999999,0,11924288,89365,968,5547857,0,0,0,0.0
2314,186394,77,pair_007_n5_007_control,control,1,0,0,12.490000000000002,0.04999999999999999,0,11929216,89391,968,5550794,0,0,0,0.0
2315,186467,73,pair_015_n3_015_control,control,1,0,0,12.530000000000001,0.04999999999999999,0,11933888,89438,968,5553671,0,0,0,0.0
2316,186542,75,pair_013_n5_013_control,control,1,0,0,12.510000000000002,0.04999999999999999,0,11938688,89506,969,5556602,0,0,0,0.0
2317,186614,72,pair_002_n3_002_control,control,1,0,0,12.540000000000001,0.04999999999999999,0,11943296,89543,969,5559406,0,0,0,0.0
2318,186695,81,pair_001_n5_001_conflict,conflict,1,0,0,12.450000000000001,0.04999999999999999,0,11948480,89560,969,5562642,0,0,0,0.0
2319,186765,70,pair_010_n3_010_conflict,conflict,1,0,0,12.560000000000002,0.04999999999999999,0,11952960,89598,969,5565391,0,0,0,0.0
2320,186767,2,pair_016_n3_016_control,control,0,1,0,-0.96,0.04999999999999999,0,11953088,89600,969,5565473,0,0,0,0.0
2321,186835,68,pair_016_n5_016_control,control,1,0,0,12.580000000000002,0.04999999999999999,0,11957440,89652,969,5568092,0,0,0,0.0
2322,186905,70,pair_009_n3_009_conflict,conflict,1,0,0,12.560000000000002,0.04999999999999999,0,11961920,89693,969,5570838,0,0,0,0.0
2323,186973,68,pair_011_n5_011_conflict,conflict,1,0,0,12.580000000000002,0.04999999999999999,0,11966272,89735,970,5573457,0,0,0,0.0
2324,187045,72,pair_017_n5_017_conflict,conflict,1,0,0,12.540000000000003,0.04999999999999999,0,11970880,89796,973,5576327,0,0,0,0.0
2325,187114,69,pair_003_n3_003_control,control,1,0,0,12.570000000000002,0.04999999999999999,0,11975296,89820,973,5578993,0,0,0,0.0
2326,187185,71,pair_009_n3_009_control,control,1,0,0,12.55,0.04999999999999999,0,11979840,89864,975,5581770,0,0,0,0.0
2327,187258,73,pair_007_n3_007_conflict,conflict,1,0,0,12.530000000000001,0.04999999999999999,0,11984512,89900,975,5584580,0,0,0,0.0
2328,187331,73,pair_012_n5_012_control,control,1,0,0,12.530000000000001,0.04999999999999999,0,11989184,89949,975,5587423,0,0,0,0.0
2329,187401,70,pair_016_n5_016_conflict,conflict,1,0,0,12.560000000000002,0.04999999999999999,0,11993664,90001,977,5590193,0,0,0,0.0
2330,187474,73,pair_011_n3_011_conflict,conflict,1,0,0,12.530000000000001,0.04999999999999999,0,11998336,90032,977,5593002,0,0,0,0.0
2331,187544,70,pair_006_n3_006_control,control,1,0,0,12.560000000000002,0.04999999999999999,0,12002816,90065,977,5595746,0,0,0,0.0
2332,187622,78,pair_014_n5_014_conflict,conflict,1,0,0,12.480000000000002,0.04999999999999999,0,12007808,90130,978,5598753,0,0,0,0.0
2333,187696,74,pair_009_n5_009_conflict,conflict,1,0,0,12.520000000000001,0.04999999999999999,0,12012544,90186,979,5601644,0,0,0,0.0
2334,187764,68,pair_013_n3_013_conflict,conflict,1,0,0,12.580000000000002,0.04999999999999999,0,12016896,90230,979,5604286,0,0,0,0.0
2335,187832,68,pair_017_n3_017_conflict,conflict,1,0,0,12.580000000000002,0.04999999999999999,0,12021248,90272,979,5606955,0,0,0,0.0
2336,187904,72,pair_014_n5_014_control,control,1,0,0,12.540000000000003,0.04999999999999999,0,12025856,90333,979,5609804,0,0,0,0.0
2337,187971,67,pair_001_n3_001_control,control,1,0,0,12.590000000000002,0.04999999999999999,0,12030144,90375,980,5612464,0,0,0,0.0
2338,188043,72,pair_010_n5_010_conflict,conflict,1,0,0,12.540000000000003,0.04999999999999999,0,12034752,90417,983,5615268,0,0,0,0.0
2339,188112,69,pair_008_n5_008_control,control,1,0,0,12.570000000000002,0.04999999999999999,0,12039168,90468,984,5618007,0,0,0,0.0
2340,188185,73,pair_015_n5_015_control,control,1,0,0,12.530000000000001,0.04999999999999999,0,12043840,90530,985,5620858,0,0,0,0.0
2341,188258,73,pair_007_n3_007_control,control,1,0,0,12.530000000000001,0.04999999999999999,0,12048512,90571,985,5623759,0,0,0,0.0
2342,188327,69,pair_000_n5_000_conflict,conflict,1,0,0,12.570000000000002,0.04999999999999999,0,12052928,90617,986,5626470,0,0,0,0.0
2343,188393,66,pair_001_n5_001_control,control,1,0,0,12.600000000000001,0.04999999999999999,0,12057152,90657,986,5629085,0,0,0,0.0
2344,188461,68,pair_006_n3_006_conflict,conflict,1,0,0,12.580000000000002,0.04999999999999999,0,12061504,90689,986,5631804,0,0,0,0.0
2345,188528,67,pair_003_n3_003_conflict,conflict,1,0,0,12.590000000000002,0.04999999999999999,0,12065792,90724,987,5634461,0,0,0,0.0
2346,188609,81,pair_006_n5_006_control,control,1,0,0,12.450000000000001,0.04999999999999999,0,12070976,90781,988,5637692,0,0,0,0.0
2347,188676,67,pair_004_n3_004_conflict,conflict,1,0,0,12.590000000000002,0.04999999999999999,0,12075264,90817,989,5640368,0,0,0,0.0
2348,188748,72,pair_015_n5_015_conflict,conflict,1,0,0,12.540000000000001,0.04999999999999999,0,12079872,90875,990,5643179,0,0,0,0.0
2349,188815,67,pair_000_n3_000_control,control,1,0,0,12.590000000000002,0.04999999999999999,0,12084160,90913,990,5645758,0,0,0,0.0
2350,188882,67,pair_005_n3_005_conflict,conflict,1,0,0,12.590000000000002,0.04999999999999999,0,12088448,90947,991,5648418,0,0,0,0.0
2351,188895,13,pair_015_n3_015_conflict,conflict,0,1,0,-0.52,0.04999999999999999,0,12089280,90960,991,5648927,0,0,0,0.0
2352,188965,70,pair_011_n5_011_control,control,1,0,0,12.560000000000002,0.04999999999999999,0,12093760,91002,993,5651612,0,0,0,0.0
2353,189036,71,pair_002_n5_002_control,control,1,0,0,12.55,0.04999999999999999,0,12098304,91046,994,5654429,0,0,0,0.0
2354,189103,67,pair_008_n5_008_conflict,conflict,1,0,0,12.590000000000002,0.04999999999999999,0,12102592,91089,995,5657032,0,0,0,0.0
2355,189171,68,pair_005_n3_005_control,control,1,0,0,12.580000000000002,0.04999999999999999,0,12106944,91123,996,5659710,0,0,0,0.0
2356,189241,70,pair_006_n5_006_conflict,conflict,1,0,0,12.560000000000002,0.04999999999999999,0,12111424,91174,997,5662451,0,0,0,0.0
2357,189308,67,pair_001_n3_001_conflict,conflict,1,0,0,12.590000000000002,0.04999999999999999,0,12115712,91202,998,5665045,0,0,0,0.0
2358,189377,69,pair_005_n5_005_conflict,conflict,1,0,0,12.570000000000002,0.04999999999999999,0,12120128,91240,999,5667752,0,0,0,0.0
2359,189382,5,pair_009_n5_009_control,control,0,1,0,-0.94,0.04999999999999999,0,12120448,91245,1000,5667952,0,0,0,0.0
2360,189388,6,pair_002_n3_002_conflict,conflict,0,1,0,-0.85,0.04999999999999999,0,12120832,91251,1001,5668185,0,0,0,0.0
2361,189456,68,pair_014_n3_014_conflict,conflict,1,0,0,12.580000000000002,0.04999999999999999,0,12125184,91291,1002,5670832,0,0,0,0.0
2362,189525,69,pair_003_n5_003_control,control,1,0,0,12.570000000000002,0.04999999999999999,0,12129600,91341,1003,5673509,0,0,0,0.0
2363,189596,71,pair_004_n5_004_conflict,conflict,1,0,0,12.55,0.04999999999999999,0,12134144,91391,1004,5676309,0,0,0,0.0
2364,189666,70,pair_000_n3_000_conflict,conflict,1,0,0,12.560000000000002,0.04999999999999999,0,12138624,91427,1005,5679047,0,0,0,0.0
2365,189733,67,pair_010_n5_010_control,control,1,0,0,12.590000000000002,0.04999999999999999,0,12142912,91477,1007,5681632,0,0,0,0.0
2366,189806,73,pair_016_n3_016_conflict,conflict,1,0,0,12.530000000000001,0.04999999999999999,0,12147584,91518,1008,5684450,0,0,0,0.0
2367,189879,73,pair_000_n5_000_control,control,1,0,0,12.530000000000001,0.04999999999999999,0,12152256,91571,1010,5687313,0,0,0,0.0
2368,189947,68,pair_010_n3_010_control,control,1,0,0,12.580000000000002,0.04999999999999999,0,12156608,91599,1011,5689973,0,0,0,0.0
2369,190026,79,pair_003_n5_003_conflict,conflict,1,0,0,12.470000000000002,0.04999999999999999,0,12161664,91649,1011,5693059,0,0,0,0.0
2370,190095,69,pair_002_n5_002_conflict,conflict,1,0,0,12.570000000000002,0.04999999999999999,0,12166080,91695,1014,5695742,0,0,0,0.0
2371,190166,71,pair_011_n3_011_control,control,1,0,0,12.55,0.04999999999999999,0,12170624,91720,1014,5698541,0,0,0,0.0
2372,190235,69,pair_004_n3_004_control,control,1,0,0,12.570000000000002,0.04999999999999999,0,12175040,91757,1014,5701224,0,0,0,0.0
2373,190310,75,pair_012_n3_012_control,control,1,0,0,12.510000000000002,0.04999999999999999,0,12179840,91792,1014,5704171,0,0,0,0.0
2374,190317,7,pair_017_n3_017_control,control,0,1,0,-0.76,0.04999999999999999,0,12180288,91799,1014,5704444,0,0,0,0.0
2375,190386,69,pair_005_n5_005_control,control,1,0,0,12.570000000000002,0.04999999999999999,0,12184704,91831,1014,5707139,0,0,0,0.0
2376,190456,70,pair_013_n3_013_conflict,conflict,1,0,0,12.560000000000002,0.04999999999999999,0,12189184,91877,1014,5709847,0,0,0,0.0
2377,190522,66,pair_000_n5_000_conflict,conflict,1,0,0,12.600000000000001,0.04999999999999999,0,12193408,91922,1014,5712382,0,0,0,0.0
2378,190593,71,pair_009_n3_009_control,control,1,0,0,12.55,0.04999999999999999,0,12197952,91967,1014,5715203,0,0,0,0.0
2379,190668,75,pair_004_n3_004_conflict,conflict,1,0,0,12.510000000000002,0.04999999999999999,0,12202752,92008,1014,5718127,0,0,0,0.0
2380,190738,70,pair_009_n3_009_conflict,conflict,1,0,0,12.560000000000002,0.04999999999999999,0,12207232,92048,1014,5720862,0,0,0,0.0
2381,190805,67,pair_017_n5_017_control,control,1,0,0,12.590000000000002,0.04999999999999999,0,12211520,92104,1014,5723466,0,0,0,0.0
2382,190871,66,pair_001_n5_001_conflict,conflict,1,0,0,12.600000000000001,0.04999999999999999,0,12215744,92155,1014,5726141,0,0,0,0.0
2383,190943,72,pair_016_n3_016_control,control,1,0,0,12.540000000000001,0.04999999999999999,0,12220352,92197,1014,5729004,0,0,0,0.0
2384,191013,70,pair_002_n3_002_control,control,1,0,0,12.560000000000002,0.04999999999999999,0,12224832,92229,1014,5731781,0,0,0,0.0
2385,191079,66,pair_007_n5_007_control,control,1,0,0,12.600000000000001,0.04999999999999999,0,12229056,92268,1014,5734386,0,0,0,0.0
2386,191161,82,pair_017_n5_017_conflict,conflict,1,0,0,12.440000000000001,0.04999999999999999,0,12234304,92309,1018,5737593,0,0,0,0.0
2387,191231,70,pair_013_n3_013_control,control,1,0,0,12.560000000000002,0.04999999999999999,0,12238784,92355,1018,5740315,0,0,0,0.0
2388,191300,69,pair_004_n5_004_conflict,conflict,1,0,0,12.570000000000002,0.04999999999999999,0,12243200,92403,1020,5743007,0,0,0,0.0
2389,191302,2,pair_012_n3_012_conflict,conflict,0,1,0,-0.96,0.04999999999999999,0,12243328,92405,1020,5743093,0,0,0,0.0
2390,191372,70,pair_011_n3_011_conflict,conflict,1,0,0,12.560000000000002,0.04999999999999999,0,12247808,92426,1020,5745805,0,0,0,0.0
2391,191443,71,pair_010_n5_010_control,control,1,0,0,12.55,0.04999999999999999,0,12252352,92479,1022,5748461,0,0,0,0.0
2392,191510,67,pair_010_n3_010_control,control,1,0,0,12.590000000000002,0.04999999999999999,0,12256640,92518,1023,5750985,0,0,0,0.0
2393,191580,70,pair_001_n3_001_conflict,conflict,1,0,0,12.560000000000002,0.04999999999999999,0,12261120,92560,1023,5753725,0,0,0,0.0
2394,191649,69,pair_001_n5_001_control,control,1,0,0,12.570000000000002,0.04999999999999999,0,12265536,92614,1024,5756355,0,0,0,0.0
2395,191719,70,pair_010_n3_010_conflict,conflict,1,0,0,12.560000000000002,0.04999999999999999,0,12270016,92655,1024,5759123,0,0,0,0.0
2396,191789,70,pair_012_n5_012_conflict,conflict,1,0,0,12.560000000000002,0.04999999999999999,0,12274496,92701,1025,5761861,0,0,0,0.0
2397,191858,69,pair_015_n3_015_control,control,1,0,0,12.570000000000002,0.04999999999999999,0,12278912,92743,1025,5764585,0,0,0,0.0
2398,191925,67,pair_006_n3_006_control,control,1,0,0,12.590000000000002,0.04999999999999999,0,12283200,92775,1025,5767241,0,0,0,0.0
2399,191992,67,pair_014_n3_014_control,control,1,0,0,12.590000000000002,0.04999999999999999,0,12287488,92812,1026,5769917,0,0,0,0.0
2400,192062,70,pair_002_n3_002_conflict,conflict,1,0,0,12.560000000000002,0.04999999999999999,0,12291968,92845,1027,5772716,0,0,0,0.0
2401,192139,77,pair_017_n3_017_conflict,conflict,1,0,0,12.490000000000002,0.04999999999999999,0,12296896,92883,1027,5775756,0,0,0,0.0
2402,192214,75,pair_007_n3_007_conflict,conflict,1,0,0,12.510000000000002,0.04999999999999999,0,12301696,92922,1027,5778685,0,0,0,0.0
2403,192282,68,pair_007_n3_007_control,control,1,0,0,12.580000000000002,0.04999999999999999,0,12306048,92953,1027,5781276,0,0,0,0.0
2404,192352,70,pair_011_n5_011_conflict,conflict,1,0,0,12.560000000000002,0.04999999999999999,0,12310528,92996,1028,5783972,0,0,0,0.0
2405,192423,71,pair_010_n5_010_conflict,conflict,1,0,0,12.55,0.04999999999999999,0,12315072,93046,1029,5786657,0,0,0,0.0
2406,192491,68,pair_000_n3_000_conflict,conflict,1,0,0,12.580000000000002,0.04999999999999999,0,12319424,93083,1030,5789279,0,0,0,0.0
2407,192566,75,pair_008_n5_008_control,control,1,0,0,12.510000000000002,0.04999999999999999,0,12324224,93105,1030,5792151,0,0,0,0.0
2408,192639,73,pair_008_n3_008_conflict,conflict,1,0,0,12.530000000000001,0.04999999999999999,0,12328896,93116,1030,5794888,0,0,0,0.0
2409,192718,79,pair_012_n5_012_control,control,1,0,0,12.470000000000002,0.04999999999999999,0,12333952,93156,1030,5797874,0,0,0,0.0
2410,192725,7,pair_009_n5_009_control,control,0,1,0,-0.86,0.04999999999999999,0,12334400,93163,1031,5798143,0,0,0,0.0
2411,192793,68,pair_014_n3_014_conflict,conflict,1,0,0,12.580000000000002,0.04999999999999999,0,12338752,93203,1032,5800719,0,0,0,0.0
2412,192860,67,pair_015_n5_015_control,control,1,0,0,12.590000000000002,0.04999999999999999,0,12343040,93260,1032,5803233,0,0,0,0.0
2413,192930,70,pair_016_n5_016_conflict,conflict,1,0,0,12.560000000000002,0.04999999999999999,0,12347520,93312,1034,5805831,0,0,0,0.0
2414,193002,72,pair_005_n3_005_conflict,conflict,1,0,0,12.540000000000001,0.04999999999999999,0,12352128,93350,1035,5808596,0,0,0,0.0
2415,193068,66,pair_016_n3_016_conflict,conflict,1,0,0,12.600000000000001,0.04999999999999999,0,12356352,93385,1036,5811145,0,0,0,0.0
2416,193138,70,pair_006_n5_006_conflict,conflict,1,0,0,12.560000000000002,0.04999999999999999,0,12360832,93434,1037,5813802,0,0,0,0.0
2417,193205,67,pair_002_n5_002_control,control,1,0,0,12.590000000000002,0.04999999999999999,0,12365120,93478,1037,5816351,0,0,0,0.0
2418,193276,71,pair_000_n3_000_control,control,1,0,0,12.55,0.04999999999999999,0,12369664,93512,1038,5819062,0,0,0,0.0
2419,193345,69,pair_017_n3_017_control,control,1,0,0,12.570000000000002,0.04999999999999999,0,12374080,93554,1038,5821671,0,0,0,0.0
2420,193405,60,pair_011_n5_011_control,control,0,1,0,1.2600000000000011,0.04999999999999999,0,12377920,93588,1039,5823936,0,0,0,0.0
2421,193479,74,pair_005_n5_005_control,control,1,0,0,12.520000000000001,0.04999999999999999,0,12382656,93645,1040,5826728,0,0,0,0.0
2422,193548,69,pair_009_n5_009_conflict,conflict,1,0,0,12.570000000000002,0.04999999999999999,0,12387072,93695,1041,5829315,0,0,0,0.0
2423,193620,72,pair_008_n3_008_control,control,1,0,0,12.540000000000001,0.04999999999999999,0,12391680,93719,1042,5832062,0,0,0,0.0
2424,193695,75,pair_013_n5_013_conflict,conflict,1,0,0,12.510000000000002,0.04999999999999999,0,12396480,93788,1043,5834946,0,0,0,0.0
2425,193763,68,pair_015_n3_015_conflict,conflict,1,0,0,12.580000000000002,0.04999999999999999,0,12400832,93830,1043,5837569,0,0,0,0.0
2426,193830,67,pair_003_n5_003_control,control,1,0,0,12.590000000000002,0.04999999999999999,0,12405120,93874,1045,5840102,0,0,0,0.0
2427,193900,70,pair_005_n3_005_control,control,1,0,0,12.560000000000002,0.04999999999999999,0,12409600,93917,1045,5842741,0,0,0,0.0
2428,193970,70,pair_003_n3_003_conflict,conflict,1,0,0,12.560000000000002,0.04999999999999999,0,12414080,93959,1045,5845354,0,0,0,0.0
2429,194043,73,pair_006_n5_006_control,control,1,0,0,12.530000000000001,0.04999999999999999,0,12418752,94009,1045,5848106,0,0,0,0.0
2430,194112,69,pair_006_n3_006_conflict,conflict,1,0,0,12.570000000000002,0.04999999999999999,0,12423168,94040,1045,5850760,0,0,0,0.0
2431,194118,6,pair_002_n5_002_conflict,conflict,0,1,0,-0.9,0.04999999999999999,0,12423552,94046,1046,5850970,0,0,0,0.0
2432,194185,67,pair_014_n5_014_control,control,1,0,0,12.590000000000002,0.04999999999999999,0,12427840,94100,1046,5853506,0,0,0,0.0
2433,194253,68,pair_016_n5_016_control,control,1,0,0,12.580000000000002,0.04999999999999999,0,12432192,94152,1048,5856094,0,0,0,0.0
2434,194323,70,pair_014_n5_014_conflict,conflict,1,0,0,12.560000000000002,0.04999999999999999,0,12436672,94209,1049,5858800,0,0,0,0.0
2435,194375,52,pair_015_n5_015_conflict,conflict,0,1,0,0.9400000000000011,0.04999999999999999,0,12440000,94255,1050,5860797,0,0,0,0.0
2436,194446,71,pair_011_n3_011_control,control,1,0,0,12.55,0.04999999999999999,0,12444544,94283,1050,5863482,0,0,0,0.0
2437,194518,72,pair_001_n3_001_control,control,1,0,0,12.540000000000001,0.04999999999999999,0,12449152,94325,1051,5866281,0,0,0,0.0
2438,194593,75,pair_004_n5_004_control,control,1,0,0,12.510000000000002,0.04999999999999999,0,12453952,94374,1051,5869127,0,0,0,0.0
2439,194661,68,pair_004_n3_004_control,control,1,0,0,12.580000000000002,0.04999999999999999,0,12458304,94408,1052,5871758,0,0,0,0.0
2440,194712,51,pair_003_n5_003_conflict,conflict,0,1,0,0.900000000000001,0.04999999999999999,0,12461568,94441,1052,5873734,0,0,0,0.0
2441,194783,71,pair_000_n5_000_control,control,1,0,0,12.55,0.04999999999999999,0,12466112,94486,1053,5876482,0,0,0,0.0
2442,194850,67,pair_012_n3_012_control,control,1,0,0,12.590000000000002,0.04999999999999999,0,12470400,94517,1053,5879035,0,0,0,0.0
2443,194919,69,pair_013_n5_013_control,control,1,0,0,12.570000000000002,0.04999999999999999,0,12474816,94579,1053,5881672,0,0,0,0.0
2444,194985,66,pair_005_n5_005_conflict,conflict,1,0,0,12.600000000000001,0.04999999999999999,0,12479040,94625,1053,5884292,0,0,0,0.0
2445,195057,72,pair_007_n5_007_conflict,conflict,1,0,0,12.540000000000003,0.04999999999999999,0,12483648,94670,1054,5887122,0,0,0,0.0
2446,195132,75,pair_008_n5_008_conflict,conflict,1,0,0,12.510000000000002,0.04999999999999999,0,12488448,94721,1056,5890054,0,0,0,0.0
2447,195202,70,pair_003_n3_003_control,control,1,0,0,12.560000000000002,0.04999999999999999,0,12492928,94754,1056,5892805,0,0,0,0.0
2448,195272,70,pair_006_n5_006_control,control,1,0,0,12.560000000000002,0.04999999999999999,0,12497408,94806,1056,5895524,0,0,0,0.0
2449,195344,72,pair_014_n5_014_control,control,1,0,0,12.540000000000001,0.04999999999999999,0,12502016,94863,1058,5898324,0,0,0,0.0
2450,195418,74,pair_010_n3_010_conflict,conflict,1,0,0,12.520000000000001,0.04999999999999999,0,12506752,94891,1058,5901263,0,0,0,0.0
2451,195489,71,pair_010_n5_010_conflict,conflict,1,0,0,12.55,0.04999999999999999,0,12511296,94933,1059,5904002,0,0,0,0.0
2452,195563,74,pair_012_n3_012_control,control,1,0,0,12.520000000000001,0.04999999999999999,0,12516032,94967,1059,5906916,0,0,0,0.0
2453,195632,69,pair_006_n3_006_control,control,1,0,0,12.570000000000002,0.04999999999999999,0,12520448,94999,1059,5909636,0,0,0,0.0
2454,195706,74,pair_011_n3_011_control,control,1,0,0,12.520000000000001,0.04999999999999999,0,12525184,95024,1059,5912526,0,0,0,0.0
2455,195774,68,pair_007_n5_007_control,control,1,0,0,12.580000000000002,0.04999999999999999,0,12529536,95065,1061,5915175,0,0,0,0.0
2456,195847,73,pair_017_n5_017_control,control,1,0,0,12.530000000000001,0.04999999999999999,0,12534208,95127,1064,5917982,0,0,0,0.0
2457,195921,74,pair_005_n3_005_control,control,1,0,0,12.520000000000001,0.04999999999999999,0,12538944,95168,1065,5920815,0,0,0,0.0
2458,195925,4,pair_007_n5_007_conflict,conflict,0,1,0,-0.88,0.04999999999999999,0,12539200,95172,1065,5920959,0,0,0,0.0
2459,195996,71,pair_014_n3_014_conflict,conflict,1,0,0,12.55,0.04999999999999999,0,12543744,95215,1065,5923682,0,0,0,0.0
2460,196066,70,pair_016_n5_016_conflict,conflict,1,0,0,12.560000000000002,0.04999999999999999,0,12548224,95269,1066,5926390,0,0,0,0.0
2461,196139,73,pair_002_n5_002_control,control,1,0,0,12.530000000000001,0.04999999999999999,0,12552896,95319,1067,5929247,0,0,0,0.0
2462,196212,73,pair_005_n5_005_control,control,1,0,0,12.530000000000001,0.04999999999999999,0,12557568,95367,1068,5932142,0,0,0,0.0
2463,196286,74,pair_004_n5_004_conflict,conflict,1,0,0,12.520000000000001,0.04999999999999999,0,12562304,95418,1069,5935009,0,0,0,0.0
2464,196355,69,pair_013_n3_013_conflict,conflict,1,0,0,12.570000000000002,0.04999999999999999,0,12566720,95462,1069,5937705,0,0,0,0.0
2465,196430,75,pair_011_n5_011_conflict,conflict,1,0,0,12.510000000000002,0.04999999999999999,0,12571520,95506,1070,5940698,0,0,0,0.0
2466,196507,77,pair_010_n3_010_control,control,1,0,0,12.490000000000002,0.04999999999999999,0,12576448,95522,1070,5943607,0,0,0,0.0
2467,196573,66,pair_010_n5_010_control,control,1,0,0,12.600000000000001,0.04999999999999999,0,12580672,95559,1070,5946158,0,0,0,0.0
2468,196639,66,pair_009_n3_009_control,control,1,0,0,12.600000000000001,0.04999999999999999,0,12584896,95598,1070,5948676,0,0,0,0.0
2469,196705,66,pair_004_n5_004_control,control,1,0,0,12.600000000000001,0.04999999999999999,0,12589120,95643,1070,5951189,0,0,0,0.0
2470,196775,70,pair_002_n3_002_control,control,1,0,0,12.560000000000002,0.04999999999999999,0,12593600,95678,1070,5953913,0,0,0,0.0
2471,196848,73,pair_013_n3_013_control,control,1,0,0,12.530000000000001,0.04999999999999999,0,12598272,95724,1071,5956711,0,0,0,0.0
2472,196919,71,pair_003_n3_003_control,control,1,0,0,12.55,0.04999999999999999,0,12602816,95752,1072,5959509,0,0,0,0.0
2473,196991,72,pair_014_n5_014_conflict,conflict,1,0,0,12.540000000000001,0.04999999999999999,0,12607424,95811,1075,5962300,0,0,0,0.0
2474,197069,78,pair_012_n5_012_conflict,conflict,1,0,0,12.480000000000002,0.04999999999999999,0,12612416,95860,1078,5965268,0,0,0,0.0
2475,197138,69,pair_017_n3_017_conflict,conflict,1,0,0,12.570000000000002,0.04999999999999999,0,12616832,95900,1078,5967908,0,0,0,0.0
2476,197208,70,pair_016_n3_016_control,control,1,0,0,12.560000000000002,0.04999999999999999,0,12621312,95937,1078,5970572,0,0,0,0.0
2477,197275,67,pair_003_n5_003_conflict,conflict,1,0,0,12.590000000000002,0.04999999999999999,0,12625600,95972,1079,5973186,0,0,0,0.0
2478,197345,70,pair_013_n5_013_conflict,conflict,1,0,0,12.560000000000002,0.04999999999999999,0,12630080,96036,1081,5975857,0,0,0,0.0
2479,197412,67,pair_001_n5_001_conflict,conflict,1,0,0,12.590000000000002,0.04999999999999999,0,12634368,96076,1082,5978426,0,0,0,0.0
2480,197420,8,pair_006_n3_006_conflict,conflict,0,1,0,-0.77,0.04999999999999999,0,12634880,96084,1082,5978741,0,0,0,0.0
2481,197490,70,pair_006_n5_006_conflict,conflict,1,0,0,12.560000000000002,0.04999999999999999,0,12639360,96134,1083,5981400,0,0,0,0.0
2482,197558,68,pair_017_n5_017_conflict,conflict,1,0,0,12.580000000000002,0.04999999999999999,0,12643712,96190,1083,5984024,0,0,0,0.0
2483,197624,66,pair_008_n5_008_conflict,conflict,1,0,0,12.600000000000001,0.04999999999999999,0,12647936,96233,1083,5986521,0,0,0,0.0
2484,197701,77,pair_008_n5_008_control,control,1,0,0,12.490000000000002,0.04999999999999999,0,12652864,96279,1083,5989478,0,0,0,0.0
2485,197769,68,pair_008_n3_008_control,control,1,0,0,12.580000000000002,0.04999999999999999,0,12657216,96303,1084,5992119,0,0,0,0.0
2486,197837,68,pair_009_n5_009_control,control,0,1,0,1.5300000000000016,0.04999999999999999,0,12661568,96353,1086,5994720,0,0,0,0.0
2487,197904,67,pair_016_n5_016_control,control,1,0,0,12.590000000000002,0.04999999999999999,0,12665856,96404,1087,5997345,0,0,0,0.0
2488,197980,76,pair_012_n5_012_control,control,1,0,0,12.500000000000002,0.04999999999999999,0,12670720,96453,1088,6000221,0,0,0,0.0
2489,198055,75,pair_013_n5_013_control,control,1,0,0,12.510000000000002,0.04999999999999999,0,12675520,96521,1091,6003162,0,0,0,0.0
2490,198125,70,pair_000_n5_000_conflict,conflict,1,0,0,12.560000000000002,0.04999999999999999,0,12680000,96572,1092,6005899,0,0,0,0.0
2491,198204,79,pair_012_n3_012_conflict,conflict,1,0,0,12.470000000000002,0.04999999999999999,0,12685056,96607,1093,6008973,0,0,0,0.0
2492,198275,71,pair_004_n3_004_conflict,conflict,1,0,0,12.55,0.04999999999999999,0,12689600,96643,1094,6011653,0,0,0,0.0
2493,198344,69,pair_004_n3_004_control,control,1,0,0,12.570000000000002,0.04999999999999999,0,12694016,96677,1094,6014263,0,0,0,0.0
2494,198411,67,pair_001_n3_001_control,control,1,0,0,12.590000000000002,0.04999999999999999,0,12698304,96714,1094,6016855,0,0,0,0.0
2495,198483,72,pair_009_n5_009_conflict,conflict,1,0,0,12.540000000000003,0.04999999999999999,0,12702912,96764,1096,6019644,0,0,0,0.0
2496,198548,65,pair_002_n5_002_conflict,conflict,0,1,0,1.3100000000000014,0.04999999999999999,0,12707072,96803,1097,6022145,0,0,0,0.0
2497,198616,68,pair_011_n3_011_conflict,conflict,1,0,0,12.580000000000002,0.04999999999999999,0,12711424,96825,1098,6024770,0,0,0,0.0
2498,198684,68,pair_005_n3_005_conflict,conflict,1,0,0,12.580000000000002,0.04999999999999999,0,12715776,96860,1099,6027390,0,0,0,0.0
2499,198759,75,pair_015_n3_015_conflict,conflict,1,0,0,12.510000000000002,0.04999999999999999,0,12720576,96910,1100,6030218,0,0,0,0.0
2500,198838,79,pair_016_n3_016_conflict,conflict,1,0,0,12.470000000000002,0.04999999999999999,0,12725632,96954,1101,6033272,0,0,0,0.0
2501,198909,71,pair_002_n3_002_conflict,conflict,1,0,0,12.55,0.04999999999999999,0,12730176,96990,1104,6036016,0,0,0,0.0
2502,198978,69,pair_017_n3_017_control,control,1,0,0,12.570000000000002,0.04999999999999999,0,12734592,97034,1105,6038639,0,0,0,0.0
2503,199048,70,pair_000_n3_000_conflict,conflict,1,0,0,12.560000000000002,0.04999999999999999,0,12739072,97066,1105,6041319,0,0,0,0.0
2504,199129,81,pair_001_n5_001_control,control,1,0,0,12.450000000000003,0.04999999999999999,0,12744256,97125,1105,6044432,0,0,0,0.0
2505,199221,92,pair_008_n3_008_conflict,conflict,1,0,0,12.340000000000002,0.04999999999999999,0,12750144,97147,1105,6047970,0,0,0,0.0
2506,199288,67,pair_011_n5_011_control,control,1,0,0,12.590000000000002,0.04999999999999999,0,12754432,97188,1106,6050550,0,0,0,0.0
2507,199359,71,pair_015_n5_015_control,control,1,0,0,12.55,0.04999999999999999,0,12758976,97246,1106,6053319,0,0,0,0.0
2508,199428,69,pair_015_n3_015_control,control,1,0,0,12.570000000000002,0.04999999999999999,0,12763392,97287,1106,6056003,0,0,0,0.0
2509,199498,70,pair_014_n3_014_control,control,1,0,0,12.560000000000002,0.04999999999999999,0,12767872,97327,1107,6058700,0,0,0,0.0
2510,199603,105,pair_001_n3_001_conflict,conflict,1,0,0,12.21,0.04999999999999999,0,12774592,97346,1107,6062693,0,0,0,0.0
2511,199671,68,pair_003_n3_003_conflict,conflict,1,0,0,12.580000000000002,0.04999999999999999,0,12778944,97363,1108,6065298,0,0,0,0.0
2512,199748,77,pair_009_n3_009_conflict,conflict,1,0,0,12.490000000000002,0.04999999999999999,0,12783872,97409,1108,6068229,0,0,0,0.0
2513,199823,75,pair_000_n3_000_control,control,1,0,0,12.510000000000002,0.04999999999999999,0,12788672,97440,1108,6071048,0,0,0,0.0
2514,199901,78,pair_015_n5_015_conflict,conflict,1,0,0,12.480000000000002,0.04999999999999999,0,12793664,97504,1109,6074024,0,0,0,0.0
2515,199980,79,pair_007_n3_007_control,control,0,1,0,1.470000000000002,0.04999999999999999,0,12798720,97538,1109,6077084,0,0,0,0.0
2516,200000,20,pair_003_n5_003_control,control,0,0,1,0.7000000000000001,0.04999999999999999,0,12800000,97538,1109,6077855,0,0,0,0.0
